2000
30	2
1007	29.12
29	27	28	29	28	30	30	28	27	28	28	27	28	30	29	28	30	28	28	27	30	28	28	30	30	28	29	27	29	30	27	27	27	27	28	28	29	29	30	28	28	27	28	27	27	29	29	30	28	28	30	27	29	28	29	30	30	30	29	29	27	30	29	28	28	29	30	29	30	27	27	30	29	30	29	30	29	27	30	30	30	30	27	30	30	29	30	28	28	27	27	27	29	30	29	29	29	29	28	29	30	30	30	28	28	28	29	27	27	29	29	27	27	30	28	27	29	30	29	27	28	30	30	28	28	27	28	27	30	30	30	27	27	30	28	28	30	29	29	28	28	30	29	27	30	27	30	27	28	28	30	30	29	28	29	29	27	29	29	30	27	28	28	27	29	27	29	29	29	30	30	29	30	28	28	28	27	27	29	27	28	29	29	28	27	30	30	28	29	30	29	29	27	29	28	28	29	28	27	27	28	29	28	27	27	28	29	27	30	27	28	29	29	28	28	27	30	28	27	27	27	29	27	30	30	28	28	28	30	29	27	28	30	28	27	29	30	28	29	27	28	29	28	28	28	27	28	29	28	29	28	28	29	27	29	29	30	29	29	28	29	27	30	29	30	28	28	27	28	30	30	29	30	28	28	28	28	27	29	30	29	27	27	29	27	30	30	27	30	29	29	27	30	28	29	29	30	28	27	30	27	27	29	27	30	29	28	29	27	29	27	29	29	30	28	27	30	30	29	27	29	29	29	29	30	28	27	28	28	28	27	27	29	28	27	27	30	28	28	27	28	28	28	29	29	29	29	28	30	28	30	27	27	27	28	29	29	29	30	29	28	30	27	29	27	29	30	29	30	30	30	27	28	30	28	30	28	29	28	27	27	27	30	30	29	30	30	27	27	30	30	28	29	29	28	27	30	29	30	29	27	29	27	27	29	27	30	30	27	29	30	30	27	30	30	29	27	27	30	27	30	29	28	29	30	29	29	28	27	27	29	28	28	28	29	29	30	29	30	27	29	30	30	27	30	27	27	29	30	27	27	27	30	28	30	29	28	27	27	28	29	27	27	29	30	28	28	30	29	28	28	28	30	30	27	28	29	28	30	29	29	29	29	29	30	29	30	28	28	30	27	27	28	27	28	29	27	29	27	27	29	27	29	29	29	27	29	29	28	28	27	29	27	30	27	30	30	29	27	30	28	29	29	27	27	29	29	29	29	28	30	30	27	29	27	30	30	27	28	29	29	27	30	29	30	29	29	30	29	28	28	28	30	30	29	28	28	28	30	28	30	30	28	28	27	30	30	27	29	30	30	29	30	30	28	29	28	30	30	27	27	27	28	29	27	29	27	29	27	27	28	27	27	29	29	27	28	27	30	30	29	29	29	30	30	30	29	27	29	30	30	30	30	27	30	29	30	29	27	27	27	28	28	27	27	29	27	29	30	30	29	27	28	27	30	29	29	30	30	30	30	29	28	29	30	28	27	27	29	27	27	28	29	28	29	30	30	28	27	27	29	28	30	27	30	29	28	30	30	27	29	29	30	27	28	29	29	30	30	29	27	28	29	30	29	30	29	28	28	28	27	29	30	28	29	27	29	29	29	28	27	30	30	30	29	27	28	30	30	29	29	28	27	27	27	27	28	29	29	27	28	30	28	27	27	30	28	30	30	27	30	30	29	30	30	27	27	29	29	30	30	29	27	29	29	27	30	30	28	30	29	28	28	27	28	30	28	29	28	29	30	27	27	27	27	30	29	30	28	27	30	29	30	29	28	29	28	28	29	28	27	29	30	29	30	27	28	28	27	29	30	30	28	29	28	27	29	30	30	28	27	28	30	27	27	30	29	30	27	29	30	30	29	27	27	27	30	27	30	29	30	27	29	29	28	29	28	27	28	29	30	29	27	29	29	27	29	27	27	29	27	27	30	30	27	29	28	30	30	27	28	27	27	27	27	30	27	27	28	27	30	30	28	29	29	30	29	28	29	29	28	28	30	27	29	27	29	27	28	28	29	27	29	30	28	30	30	27	28	28	30	29	28	29	29	30	29	29	28	29	27	27	28	27	28	27	28	30	29	30	30	30	28	28	27	30	29	28	30	27	27	27	28	30	30	30	27	29	27	28	29	30	30	27	27	29	28	28	30	30	27	27	28	28	27	27	30	30	29	29	27	29	29	28	30	29	30	29	30	28	28	28	27	29	29	29	28	28	30	27	30	27	28	28	28	27	29	27	28	29	27	30	29	29	28	28	30	30	28	27	27	27	27	28	29	29	30	28	29	28	29	30	28	30	30	30	30	29	27	27	30	30	30	30	27	27	28	29	29	28	27	30	27	28	27	29	30	30	28	29	28	30	29	29	28	28	28	28	29	30	29	28	29	27	30	29	27	29	30	30	29	30	29	28	29	28	28	27	29	29	28	30	30	28	30	27	29	29	29	29	29	30	29	28	27	28	27	30	30	30	29	30	27	27	28	29	29	30	30	30	28	28	30	27	28	28	28	30	29	29	27	28	28	30	28	30	27	29	30	27	28	30	30	30	27	27	27	28	29	27	30	30	30	28	30	29	29	29	29	28	27	28	27	28	28	30	27	28	27	30	30	27	29	29	30	29	29	30	28	28	30	27	27	29	27	30	28	27	29	29	29	30	27	30	28	27	27	28	30	30	27	28	29	27	27	29	29	30	28	29	27	28	28	27	28	30	27	27	28	28	27	29	28	27	27	30	28	30	29	29	28	28	28	28	27	28	30	29	28	27	29	28	28	28	30	28	29	29	30	27	27	28	29	29	30	28	27	27	28	30	30	27	30	27	29	28	30	29	27	28	28	29	27	28	29	27	29	28	30	28	30	29	28	29	28	27	29	28	28	27	27	29	29	29	27	27	28	28	29	28	30	27	30	29	30	30	30	27	27	27	29	29	27	28	28	28	29	29	27	27	30	29	28	30	28	28	30	29	29	27	30	29	28	29	28	30	30	28	30	28	28	30	28	29	30	27	30	29	28	27	27	29	30	28	27	27	27	27	28	29	27	27	27	28	28	29	28	30	28	30	27	27	30	30	29	28	29	27	27	29	30	28	27	27	27	28	30	28	29	30	28	30	28	28	30	27	29	28	29	30	27	27	27	28	29	27	28	27	30	30	28	30	27	30	29	29	28	29	30	28	28	29	29	29	30	30	29	29	30	29	29	28	30	27	30	30	28	28	29	29	30	27	27	28	28	27	29	27	27	29	30	29	28	28	29	28	27	27	30	29	27	28	29	29	28	29	30	30	29	28	30	28	29	28	28	27	28	30	27	27	28	30	30	30	27	28	27	28	30	30	29	27	27	30	30	27	30	27	30	27	27	27	30	29	29	27	29	29	28	29	30	30	27	29	30	29	27	28	30	30	28	29	30	29	28	28	29	27	30	30	28	29	29	30	27	28	27	28	28	28	27	30	30	28	29	29	27	27	28	29	27	27	28	28	29	30	28	28	29	29	27	27	27	30	27	27	30	27	30	27	27	29	29	29	28	28	28	30	29	29	29	27	29	30	30	29	28	27	29	28	28	27	28	28	27	28	29	29	28	28	30	30	27	27	28	30	29	27	27	29	29	28	27	30	27	28	28	29	29	30	29	30	29	27	29	28	28	30	27	28	27	27	29	27	27	29	30	30	30	27	27	27	29	27	28	30	30	29	29	27	30	28	30	29	27	27	28	28	29	30	30	27	30	30	29	30	27	27	28	30	30	27	27	30	30	29	30	28	27	30	27	27	27	27	30	27	29	29	28	28	27	30	30	29	27	27	30	28	29	28	30	28	27	28	29	29	28	27	30	29	30	30	29	28	30	30	30	27	28	28	29	29	29	27	29	29	28	27	28	28	27	28	28	29	30	30	28	29	27	29	30	29	29	28	27	29	27	30	27	30	27	29	30	29	28	30	30	27	27	28	27	28	30	30	27	29	27	29	28	29	27	28	28	28	28	27	29	27	28	29	30	30	29	28	28	30	29	27	30	28	30	27	28	29	27	30	28	29	30	27	27	30	30	30	28	29	30	30	28	27	30	28	27	30	28	30	28	30	27	30	29	30	28	30	30	28	29	30	28	27	27	29	29	30	27	29	28	27	30	29	30	30	27	27	30	30	29	29	28	30	27	27	27	30	29	29	30	28	27	30	29	27	29	30	30	28	30	27	30	28	28	30	29	30	27	27	30	27	29	29	28	27	27	29	27	29	29	30	30	30	29	29	29	27	27	30	27	28	30	27	29	27	28	30	28	30	28	28	27	27	30	27	29	30	27	28	28	30	27	29	27	30	28	29	29	28	30	29	30	30	29	30	27	29	29	30	27	27	29	29	27	30	28	30	30	28	27	27	28	30	28	30	27	27	27	27	27	27	29	29	29	30	29	29	29	29	27	30	29	28	27	28	30	30	29	27	29	30	30	28	28	29	29	28	29	27	29	28	29	28	28	28	27	28	27	27	27	27	27	30	27	29	28	28	30	28	27	30	29	29	30	27	28	28	30	27	30	29	29	29	29	27	29	27	28	27	28	30	30	30	
0	1	2	3	4	5	6	7	8	9	10	11	12	13	14	15	16	17	18	19	20	21	22	24	25	26	27	28	29	
0	1	2	3	5	6	7	8	9	10	11	12	13	14	15	16	17	18	19	20	21	23	25	26	27	28	29	
0	1	2	4	5	6	7	8	9	10	11	12	13	14	15	16	17	18	19	20	21	22	24	25	26	27	28	29	
0	2	3	4	5	6	7	8	9	10	11	12	13	14	15	16	17	18	19	20	21	22	23	24	25	26	27	28	29	
0	1	2	3	4	5	6	7	8	9	10	11	12	13	14	15	17	18	20	21	22	23	24	25	26	27	28	29	
0	1	2	3	4	5	6	7	8	9	10	11	12	13	14	15	16	17	18	19	20	21	22	23	24	25	26	27	28	29	
0	1	2	3	4	5	6	7	8	9	10	11	12	13	14	15	16	17	18	19	20	21	22	23	24	25	26	27	28	29	
0	1	2	3	4	5	6	7	8	10	11	12	13	14	15	16	17	18	19	20	21	22	23	24	25	26	27	28	
0	1	2	3	4	5	6	7	8	9	10	11	13	14	15	16	17	18	20	21	22	23	25	26	27	28	29	
0	1	2	3	4	5	6	7	8	9	10	11	12	13	14	15	16	17	18	20	21	22	23	24	25	26	27	29	
0	1	2	3	4	5	6	7	8	10	11	12	13	14	15	16	17	18	19	21	22	23	24	25	26	27	28	29	
0	1	2	3	4	5	7	8	10	11	12	13	14	16	17	18	19	20	21	22	23	24	25	26	27	28	29	
0	2	3	4	5	6	7	8	9	10	11	12	13	14	15	16	17	18	19	20	21	22	24	25	26	27	28	29	
0	1	2	3	4	5	6	7	8	9	10	11	12	13	14	15	16	17	18	19	20	21	22	23	24	25	26	27	28	29	
0	1	2	3	4	5	6	7	8	9	10	11	12	13	14	15	16	17	18	19	20	21	22	24	25	26	27	28	29	
0	1	2	3	4	5	6	7	8	9	10	11	12	13	14	15	16	17	18	19	20	21	22	23	25	26	28	29	
0	1	2	3	4	5	6	7	8	9	10	11	12	13	14	15	16	17	18	19	20	21	22	23	24	25	26	27	28	29	
0	1	3	4	5	7	8	9	10	11	12	13	14	15	16	17	18	19	20	21	22	23	24	25	26	27	28	29	
0	1	2	3	4	7	8	9	10	11	12	13	14	15	16	17	18	19	20	21	22	23	24	25	26	27	28	29	
0	1	2	3	4	5	6	7	8	9	10	12	13	14	16	17	18	19	20	21	23	24	25	26	27	28	29	
0	1	2	3	4	5	6	7	8	9	10	11	12	13	14	15	16	17	18	19	20	21	22	23	24	25	26	27	28	29	
0	1	2	3	4	6	8	9	10	11	12	13	14	15	16	17	18	19	20	21	22	23	24	25	26	27	28	29	
0	1	2	3	5	6	7	8	9	10	11	12	13	14	15	16	17	18	19	20	22	23	24	25	26	27	28	29	
0	1	2	3	4	5	6	7	8	9	10	11	12	13	14	15	16	17	18	19	20	21	22	23	24	25	26	27	28	29	
0	1	2	3	4	5	6	7	8	9	10	11	12	13	14	15	16	17	18	19	20	21	22	23	24	25	26	27	28	29	
0	1	2	3	4	5	6	7	8	10	12	13	14	15	16	17	18	19	20	21	22	23	24	25	26	27	28	29	
0	1	2	3	5	6	7	8	9	10	11	12	13	14	15	16	17	18	19	20	21	22	23	24	25	26	27	28	29	
1	2	3	4	5	6	7	8	10	11	12	13	14	15	16	17	18	19	20	21	23	24	25	26	27	28	29	
0	1	2	3	4	5	6	7	8	9	10	11	12	13	14	15	16	17	18	19	20	22	23	24	25	26	27	28	29	
0	1	2	3	4	5	6	7	8	9	10	11	12	13	14	15	16	17	18	19	20	21	22	23	24	25	26	27	28	29	
0	1	2	3	4	5	6	7	8	9	10	11	13	14	15	16	17	18	19	21	22	23	24	25	26	28	29	
0	1	2	3	4	5	6	7	8	9	11	12	13	14	15	16	17	18	19	20	23	24	25	26	27	28	29	
0	1	2	3	4	5	6	8	9	10	11	12	13	14	15	16	17	18	19	20	21	22	24	25	26	27	28	
0	1	2	3	4	5	6	7	8	9	10	11	12	13	14	17	18	19	20	21	22	23	24	25	26	27	29	
0	1	2	3	4	5	7	8	9	10	11	12	13	14	15	16	17	18	19	20	21	22	23	25	26	27	28	29	
1	2	3	4	5	6	7	8	9	10	11	12	13	15	16	17	18	19	20	21	22	23	24	25	26	27	28	29	
0	1	2	3	4	5	6	7	8	9	10	11	12	13	15	16	17	18	19	20	21	22	23	24	25	26	27	28	29	
0	1	2	3	4	5	6	7	8	9	10	11	12	13	14	15	16	17	18	19	21	22	23	24	25	26	27	28	29	
0	1	2	3	4	5	6	7	8	9	10	11	12	13	14	15	16	17	18	19	20	21	22	23	24	25	26	27	28	29	
0	1	3	4	5	6	7	8	9	10	11	12	13	14	15	16	17	18	19	20	21	22	23	24	25	26	27	28	
0	1	2	3	4	5	6	7	8	9	11	13	14	15	16	17	18	19	20	21	22	23	24	25	26	27	28	29	
0	2	3	4	5	6	7	8	9	10	11	12	13	14	15	16	17	18	19	20	21	22	23	24	27	28	29	
0	1	3	4	5	7	8	9	10	11	12	13	14	15	16	17	18	19	20	21	22	23	24	25	26	27	28	29	
0	1	2	3	4	5	6	7	8	9	10	12	13	14	15	16	17	18	19	22	23	24	25	26	27	28	29	
0	1	2	3	5	6	7	8	9	10	11	12	13	14	15	17	18	19	20	21	22	23	25	26	27	28	29	
0	1	3	4	5	6	7	8	9	10	11	12	13	14	15	16	17	18	19	20	21	22	23	24	25	26	27	28	29	
0	2	3	4	5	6	7	8	9	10	11	12	13	14	15	16	17	18	19	20	21	22	23	24	25	26	27	28	29	
0	1	2	3	4	5	6	7	8	9	10	11	12	13	14	15	16	17	18	19	20	21	22	23	24	25	26	27	28	29	
0	1	2	3	4	5	6	7	8	9	10	11	12	13	14	15	16	17	19	20	21	22	23	25	26	27	28	29	
0	1	2	3	4	5	7	8	9	10	11	12	13	14	15	17	18	19	20	21	22	23	24	25	26	27	28	29	
0	1	2	3	4	5	6	7	8	9	10	11	12	13	14	15	16	17	18	19	20	21	22	23	24	25	26	27	28	29	
0	1	2	3	4	6	7	8	9	10	11	12	14	15	16	18	19	20	21	22	23	24	25	26	27	28	29	
0	1	2	3	4	5	6	7	8	9	10	11	12	13	14	16	17	18	19	20	21	22	23	24	25	26	27	28	29	
0	1	2	3	4	7	8	9	10	11	12	13	14	15	16	17	18	19	20	21	22	23	24	25	26	27	28	29	
0	1	2	3	4	5	6	7	8	9	10	11	12	13	14	15	16	17	18	19	20	21	22	23	24	25	26	27	29	
0	1	2	3	4	5	6	7	8	9	10	11	12	13	14	15	16	17	18	19	20	21	22	23	24	25	26	27	28	29	
0	1	2	3	4	5	6	7	8	9	10	11	12	13	14	15	16	17	18	19	20	21	22	23	24	25	26	27	28	29	
0	1	2	3	4	5	6	7	8	9	10	11	12	13	14	15	16	17	18	19	20	21	22	23	24	25	26	27	28	29	
1	2	3	4	5	6	7	8	9	10	11	12	13	14	15	16	17	18	19	20	21	22	23	24	25	26	27	28	29	
0	1	2	3	4	5	6	7	8	9	10	11	12	13	14	15	16	17	18	19	20	21	22	23	24	26	27	28	29	
0	1	2	3	4	5	6	7	8	9	10	11	12	13	14	17	18	20	21	22	23	24	25	26	27	28	29	
0	1	2	3	4	5	6	7	8	9	10	11	12	13	14	15	16	17	18	19	20	21	22	23	24	25	26	27	28	29	
0	1	2	3	4	5	6	7	8	9	10	11	12	13	14	15	16	17	18	19	20	21	22	23	24	25	26	27	29	
0	1	2	3	4	5	6	7	8	9	10	11	12	14	15	16	17	18	19	20	21	23	24	25	26	27	28	29	
0	1	2	3	4	5	6	7	8	9	10	11	12	13	14	15	16	17	18	19	20	21	22	23	25	26	27	29	
0	1	2	3	4	5	6	7	8	9	10	11	12	14	15	16	17	18	19	20	21	22	23	24	25	26	27	28	29	
0	1	2	3	4	5	6	7	8	9	10	11	12	13	14	15	16	17	18	19	20	21	22	23	24	25	26	27	28	29	
0	1	3	4	5	6	7	8	9	10	11	12	13	14	15	16	17	18	19	20	21	22	23	24	25	26	27	28	29	
0	1	2	3	4	5	6	7	8	9	10	11	12	13	14	15	16	17	18	19	20	21	22	23	24	25	26	27	28	29	
0	1	2	3	4	5	6	7	8	9	10	13	15	16	17	18	19	20	21	22	23	24	25	26	27	28	29	
0	2	3	4	5	6	7	8	9	10	11	12	13	14	15	16	17	18	19	22	23	24	25	26	27	28	29	
0	1	2	3	4	5	6	7	8	9	10	11	12	13	14	15	16	17	18	19	20	21	22	23	24	25	26	27	28	29	
0	1	3	4	5	6	7	8	9	10	11	12	13	14	15	16	17	18	19	20	21	22	23	24	25	26	27	28	29	
0	1	2	3	4	5	6	7	8	9	10	11	12	13	14	15	16	17	18	19	20	21	22	23	24	25	26	27	28	29	
0	1	2	3	4	5	6	7	8	9	10	11	12	13	14	15	16	17	18	19	20	21	22	23	24	26	27	28	29	
0	1	2	3	4	5	6	7	8	9	10	11	12	13	14	15	16	17	18	19	20	21	22	23	24	25	26	27	28	29	
0	1	2	3	4	5	6	7	8	9	10	11	12	13	14	15	16	17	18	19	21	22	23	24	25	26	27	28	29	
1	2	3	4	5	6	7	8	9	10	11	12	13	14	15	16	17	18	21	22	23	24	25	26	27	28	29	
0	1	2	3	4	5	6	7	8	9	10	11	12	13	14	15	16	17	18	19	20	21	22	23	24	25	26	27	28	29	
0	1	2	3	4	5	6	7	8	9	10	11	12	13	14	15	16	17	18	19	20	21	22	23	24	25	26	27	28	29	
0	1	2	3	4	5	6	7	8	9	10	11	12	13	14	15	16	17	18	19	20	21	22	23	24	25	26	27	28	29	
0	1	2	3	4	5	6	7	8	9	10	11	12	13	14	15	16	17	18	19	20	21	22	23	24	25	26	27	28	29	
0	1	2	5	6	7	8	9	10	11	13	14	15	16	17	18	19	20	21	22	23	24	25	26	27	28	29	
0	1	2	3	4	5	6	7	8	9	10	11	12	13	14	15	16	17	18	19	20	21	22	23	24	25	26	27	28	29	
0	1	2	3	4	5	6	7	8	9	10	11	12	13	14	15	16	17	18	19	20	21	22	23	24	25	26	27	28	29	
0	1	2	3	4	5	6	7	8	9	10	11	12	13	14	15	16	17	18	19	20	21	22	23	24	25	27	28	29	
0	1	2	3	4	5	6	7	8	9	10	11	12	13	14	15	16	17	18	19	20	21	22	23	24	25	26	27	28	29	
0	1	2	3	4	5	6	7	8	9	10	11	12	13	14	15	16	18	19	21	22	23	24	25	26	27	28	29	
0	1	2	3	4	5	6	7	8	9	11	12	13	14	15	16	17	18	19	20	21	22	23	24	25	26	27	29	
0	1	2	3	4	5	6	7	8	9	10	11	12	14	15	16	17	18	21	22	23	24	25	26	27	28	29	
0	1	2	3	4	5	6	7	9	11	12	13	15	16	17	18	19	20	21	22	23	24	25	26	27	28	29	
0	1	2	3	4	5	6	7	8	9	10	11	13	14	16	17	18	20	21	22	23	24	25	26	27	28	29	
0	2	3	4	5	6	7	8	9	10	11	12	13	14	15	16	17	18	19	20	21	22	23	24	25	26	27	28	29	
0	1	2	3	4	5	6	7	8	9	10	11	12	13	14	15	16	17	18	19	20	21	22	23	24	25	26	27	28	29	
0	1	2	3	4	5	6	7	8	9	10	11	12	13	14	15	16	17	18	19	20	22	23	24	25	26	27	28	29	
0	1	2	3	4	5	6	7	8	9	10	11	12	13	14	15	16	17	18	19	20	22	23	24	25	26	27	28	29	
0	1	2	3	4	5	6	8	9	10	11	12	13	14	15	16	17	18	19	20	21	22	23	24	25	26	27	28	29	
0	1	2	3	4	5	6	7	8	9	11	12	13	14	15	16	17	18	19	20	21	22	23	24	25	26	27	28	29	
0	1	2	3	4	6	7	8	9	10	11	12	13	14	15	16	17	18	19	20	21	22	23	24	25	27	28	29	
0	2	3	4	5	6	7	8	9	10	11	12	13	14	15	16	17	18	19	20	21	22	23	24	25	26	27	28	29	
0	1	2	3	4	5	6	7	8	9	10	11	12	13	14	15	16	17	18	19	20	21	22	23	24	25	26	27	28	29	
0	1	2	3	4	5	6	7	8	9	10	11	12	13	14	15	16	17	18	19	20	21	22	23	24	25	26	27	28	29	
0	1	2	3	4	5	6	7	8	9	10	11	12	13	14	15	16	17	18	19	20	21	22	23	24	25	26	27	28	29	
0	1	2	4	5	6	7	8	9	10	11	12	13	14	15	16	17	18	20	21	22	23	24	25	26	27	28	29	
0	2	3	4	5	6	7	8	9	10	11	12	13	14	15	16	17	19	20	21	22	23	24	25	26	27	28	29	
0	1	3	4	5	6	7	8	9	10	11	12	13	14	15	16	17	18	19	20	21	22	23	25	26	27	28	29	
0	1	2	3	4	5	6	7	8	9	10	11	12	14	15	16	17	18	19	20	21	22	23	24	25	26	27	28	29	
0	1	3	4	5	6	7	8	9	10	11	12	14	15	16	17	18	19	20	22	23	24	25	26	27	28	29	
0	1	2	3	4	5	6	7	8	9	10	11	12	13	15	16	17	18	19	21	22	23	24	25	27	28	29	
0	1	2	3	4	5	6	8	9	10	11	12	13	14	15	16	17	18	19	20	21	22	23	24	25	26	27	28	29	
0	1	2	3	4	5	6	7	8	9	10	11	12	13	14	15	16	17	18	19	20	21	22	24	25	26	27	28	29	
0	1	2	3	6	7	8	9	10	11	12	13	14	15	16	17	18	19	20	21	22	23	24	25	26	28	29	
0	1	2	3	4	5	6	7	8	9	10	11	12	13	14	15	16	17	18	20	22	23	24	26	27	28	29	
0	1	2	3	4	5	6	7	8	9	10	11	12	13	14	15	16	17	18	19	20	21	22	23	24	25	26	27	28	29	
0	1	2	3	4	5	6	7	8	9	10	11	12	13	14	17	18	19	20	21	22	23	24	25	26	27	28	29	
0	1	2	3	4	5	6	7	8	9	10	11	12	13	14	16	17	18	19	20	22	23	24	26	27	28	29	
0	1	2	3	4	5	6	7	8	9	10	11	12	13	14	15	16	18	19	20	21	22	23	24	25	26	27	28	29	
0	1	2	3	4	5	6	7	8	9	10	11	12	13	14	15	16	17	18	19	20	21	22	23	24	25	26	27	28	29	
0	1	2	3	4	5	6	7	8	9	10	11	12	13	14	15	16	17	19	20	21	22	23	24	25	26	27	28	29	
0	1	2	3	4	5	6	8	9	10	11	12	13	14	15	16	17	19	20	21	22	23	24	25	26	27	29	
0	1	2	3	4	5	6	8	9	10	11	12	13	14	15	16	17	18	19	20	21	22	24	25	26	27	28	29	
0	1	2	3	4	5	6	7	8	9	10	11	12	13	14	15	16	17	18	19	20	21	22	23	24	25	26	27	28	29	
0	1	2	3	4	5	6	7	8	9	10	11	12	13	14	15	16	17	18	19	20	21	22	23	24	25	26	27	28	29	
0	1	2	4	5	6	7	8	9	10	11	12	13	14	15	16	17	18	19	20	21	22	23	24	25	26	28	29	
0	1	2	3	5	6	7	8	9	10	11	12	13	14	15	16	17	18	19	20	21	22	23	24	25	27	28	29	
0	1	2	3	4	5	6	7	8	9	11	12	13	14	15	16	17	18	19	20	21	22	24	25	26	27	29	
0	1	2	3	4	5	6	7	8	10	11	12	13	14	15	16	17	18	20	21	22	23	24	25	26	27	28	29	
0	2	3	4	5	6	7	8	10	11	12	13	14	15	16	18	19	20	21	22	23	24	25	26	27	28	29	
0	1	2	3	4	5	6	7	8	9	10	11	12	13	14	15	16	17	18	19	20	21	22	23	24	25	26	27	28	29	
0	1	2	3	4	5	6	7	8	9	10	11	12	13	14	15	16	17	18	19	20	21	22	23	24	25	26	27	28	29	
0	1	2	3	4	5	6	7	8	9	10	11	12	13	14	15	16	17	18	19	20	21	22	23	24	25	26	27	28	29	
0	1	2	3	4	5	6	7	8	9	10	11	12	13	14	15	16	17	19	21	22	23	24	26	27	28	29	
0	1	2	3	4	5	6	8	9	10	12	13	14	15	16	17	18	19	20	21	22	23	25	26	27	28	29	
0	1	2	3	4	5	6	7	8	9	10	11	12	13	14	15	16	17	18	19	20	21	22	23	24	25	26	27	28	29	
0	1	2	3	4	6	7	8	9	11	12	13	14	15	16	17	18	19	20	21	22	23	24	25	26	27	28	29	
0	1	2	3	4	5	6	7	8	9	10	11	12	13	14	15	16	18	19	20	21	22	23	24	25	26	28	29	
0	1	2	3	4	5	6	7	8	9	10	11	12	13	14	15	16	17	18	19	20	21	22	23	24	25	26	27	28	29	
0	1	2	3	4	5	7	8	9	10	11	12	13	14	15	16	17	18	19	20	21	22	23	24	25	26	27	28	29	
0	1	2	3	4	5	6	7	8	9	10	11	12	14	15	16	17	18	19	20	21	22	23	24	25	26	27	28	29	
0	1	2	3	4	5	6	7	10	11	12	13	14	15	16	17	18	19	20	21	22	23	24	25	26	27	28	29	
0	1	2	3	4	5	6	7	8	9	10	11	12	13	15	16	17	18	19	21	22	23	24	25	26	27	28	29	
0	1	2	3	4	5	6	7	8	9	10	11	12	13	14	15	16	17	18	19	20	21	22	23	24	25	26	27	28	29	
0	1	2	3	4	5	6	7	8	9	10	11	12	13	14	15	16	17	18	19	20	21	22	23	24	25	26	28	29	
0	1	2	3	4	5	6	7	8	10	11	12	13	14	15	17	19	20	21	22	23	24	25	26	27	28	29	
0	1	2	3	4	5	6	7	8	9	10	11	12	13	14	15	16	17	18	19	20	21	22	23	24	25	26	27	28	29	
0	1	3	4	5	6	7	8	9	10	11	12	13	14	15	16	17	18	19	20	23	24	25	26	27	28	29	
0	1	2	3	4	5	6	7	8	9	10	11	12	13	14	15	16	17	18	19	20	21	22	23	24	25	26	27	28	29	
0	2	3	4	5	6	7	9	10	11	12	13	14	15	16	17	19	20	21	22	23	24	25	26	27	28	29	
0	1	2	3	4	5	6	7	8	9	10	11	12	15	16	17	18	19	20	21	22	23	24	25	26	27	28	29	
0	1	2	3	4	5	6	7	8	10	11	12	13	14	15	16	17	18	19	20	21	22	24	25	26	27	28	29	
0	1	2	3	4	5	6	7	8	9	10	11	12	13	14	15	16	17	18	19	20	21	22	23	24	25	26	27	28	29	
0	1	2	3	4	5	6	7	8	9	10	11	12	13	14	15	16	17	18	19	20	21	22	23	24	25	26	27	28	29	
0	1	2	3	4	5	6	7	8	9	10	11	12	13	14	15	16	17	18	20	21	22	23	24	25	26	27	28	29	
0	1	2	3	4	6	7	8	9	10	11	12	13	14	15	16	17	18	19	20	22	23	24	25	26	27	28	29	
0	1	2	3	4	6	7	8	9	10	11	12	13	14	15	16	17	18	19	20	21	22	23	24	25	26	27	28	29	
0	2	3	4	5	6	7	8	9	10	11	12	13	14	15	16	17	18	19	20	21	22	23	24	25	26	27	28	29	
0	1	2	3	4	5	6	7	9	10	11	12	13	14	16	18	19	20	21	22	23	24	25	26	27	28	29	
0	1	2	3	4	5	6	7	8	9	10	11	12	13	14	15	16	17	18	19	20	21	22	24	25	26	27	28	29	
0	1	2	3	4	5	6	7	8	9	10	11	12	13	14	15	16	17	18	19	20	21	22	23	24	25	26	27	28	
0	1	2	3	4	5	6	7	8	9	10	11	12	13	14	15	16	17	18	19	20	21	22	23	24	25	26	27	28	29	
0	1	2	3	4	5	7	8	9	10	11	12	13	14	15	16	18	19	20	21	22	23	24	25	27	28	29	
0	1	2	3	4	5	6	8	9	10	11	12	13	14	15	16	17	18	19	20	21	22	23	24	25	27	28	29	
0	1	2	3	4	5	6	7	8	9	10	11	12	13	15	16	17	18	19	20	21	22	23	25	26	27	28	29	
0	1	2	3	4	5	6	7	8	9	10	11	12	13	14	15	16	17	18	20	21	22	23	24	26	27	28	
0	2	3	4	5	6	7	8	9	10	11	12	13	14	15	16	17	18	19	20	21	22	23	24	25	26	27	28	29	
0	1	2	3	4	5	6	7	8	10	11	12	13	14	15	16	17	18	19	20	21	22	23	26	27	28	29	
0	1	2	3	4	5	6	7	8	9	10	11	12	13	14	15	16	17	18	19	20	21	23	24	25	26	27	28	29	
0	1	2	3	4	5	6	7	8	9	10	11	12	13	14	15	16	17	18	19	20	21	22	23	24	26	27	28	29	
0	1	2	3	4	5	6	7	8	9	10	11	12	13	14	15	17	18	19	20	21	22	23	24	25	26	27	28	29	
0	1	2	3	4	5	6	7	8	9	10	11	12	13	14	15	16	17	18	19	20	21	22	23	24	25	26	27	28	29	
0	1	2	3	4	5	6	7	8	9	10	11	12	13	14	15	16	17	18	19	20	21	22	23	24	25	26	27	28	29	
0	1	2	3	4	5	6	7	8	9	10	11	12	13	14	15	16	17	18	19	20	21	22	23	25	26	27	28	29	
0	1	2	3	4	5	6	7	8	9	10	11	12	13	14	15	16	17	18	19	20	21	22	23	24	25	26	27	28	29	
0	2	3	4	5	6	7	8	9	10	11	12	13	14	15	16	17	18	19	20	21	22	23	24	25	26	28	29	
0	1	2	3	4	6	7	8	9	10	11	12	13	14	15	16	17	18	19	20	21	22	23	25	26	27	28	29	
0	1	2	3	4	5	6	7	9	10	11	12	13	14	15	16	17	18	20	21	22	23	24	25	26	27	28	29	
1	2	3	4	5	6	7	8	9	10	11	12	14	15	16	18	19	20	21	22	23	24	25	26	27	28	29	
0	1	2	3	4	5	6	7	10	12	13	14	15	16	17	18	19	20	21	22	23	24	25	26	27	28	29	
0	1	2	3	4	5	6	7	8	9	10	11	12	13	14	15	16	17	18	19	20	21	22	23	25	26	27	28	29	
0	1	2	3	4	5	6	7	8	9	10	11	12	13	14	16	17	19	20	21	22	24	25	26	27	28	29	
0	1	2	3	4	5	6	7	8	9	10	11	13	14	15	16	17	18	19	20	21	22	23	24	25	27	28	29	
0	1	2	3	4	5	6	7	8	9	10	11	12	13	14	15	16	17	18	19	20	21	22	24	25	26	27	28	29	
0	1	2	3	4	5	6	7	8	9	10	11	12	13	14	15	16	17	18	19	20	22	23	24	25	26	27	28	29	
0	1	2	3	4	5	6	7	8	9	10	11	12	13	14	15	16	18	19	20	21	22	23	24	25	26	27	29	
0	1	3	4	5	6	7	8	9	10	11	12	13	14	15	16	17	18	19	20	21	23	24	25	26	27	29	
0	1	2	3	4	5	6	7	8	9	10	11	12	13	14	15	16	17	18	19	20	21	22	23	24	25	26	27	28	29	
0	1	2	3	4	5	6	7	8	9	10	11	12	13	14	15	16	17	18	19	20	21	22	23	24	25	26	27	28	29	
0	1	2	3	4	5	6	7	8	9	10	11	13	14	15	16	17	18	19	20	21	22	23	24	25	26	27	28	
0	1	2	3	4	5	6	7	8	9	10	11	12	13	14	15	16	17	18	20	21	22	23	24	25	26	27	28	29	
0	1	2	3	4	5	6	7	8	9	10	11	12	13	14	15	16	17	18	19	20	21	22	23	24	25	26	27	28	29	
0	1	2	3	4	5	6	7	8	9	11	12	13	14	15	16	17	18	19	20	21	22	23	24	25	26	27	28	29	
0	1	2	3	4	5	6	7	8	9	10	11	12	13	14	15	17	18	19	20	21	22	23	24	25	26	27	28	29	
0	1	2	3	4	5	6	7	8	9	10	11	12	15	16	17	18	19	20	22	23	24	25	26	27	28	29	
0	1	2	3	4	5	6	7	8	9	10	11	12	13	14	15	16	17	18	19	20	21	22	24	25	26	27	28	29	
0	1	2	4	5	6	7	8	9	10	11	12	13	14	16	17	18	19	20	21	22	23	24	25	26	27	28	29	
0	1	2	3	4	5	7	8	10	11	12	13	14	15	16	17	18	19	20	21	22	23	24	25	26	27	28	29	
0	1	2	3	4	5	6	7	8	9	10	11	12	13	14	15	16	17	18	19	20	21	22	23	24	25	27	28	29	
0	1	2	3	4	5	6	7	8	9	10	11	12	13	14	15	16	17	18	20	21	22	23	24	25	26	27	28	
0	2	3	4	6	7	8	9	10	12	13	14	15	16	17	18	19	20	21	22	23	24	25	26	27	28	29	
0	1	2	3	4	5	6	8	9	10	11	12	13	14	15	16	17	18	19	21	22	24	25	26	27	28	29	
0	1	2	3	4	5	6	8	9	10	11	12	13	14	16	17	18	19	20	21	22	23	24	25	26	27	28	29	
0	1	2	3	4	5	6	7	8	9	10	11	12	13	14	15	16	17	18	20	21	22	23	24	25	26	27	28	29	
0	1	2	3	4	5	6	7	8	9	11	12	13	14	15	16	17	18	19	20	21	22	23	24	25	26	27	29	
0	1	2	3	4	5	6	7	8	9	10	11	12	13	14	16	17	18	19	20	21	22	24	25	26	28	29	
0	1	3	4	5	6	7	8	9	10	11	12	13	14	15	16	17	18	19	20	21	22	25	26	27	28	29	
0	1	3	4	5	6	7	8	9	10	11	13	14	15	16	17	18	19	20	21	22	23	24	25	26	27	28	29	
0	1	2	3	4	5	6	7	8	9	10	11	12	13	14	15	16	17	18	19	20	21	22	23	24	25	26	27	28	
0	1	2	3	4	5	6	7	8	9	10	11	13	14	15	16	17	18	19	20	22	23	24	25	26	27	28	
0	1	2	3	4	5	6	7	8	9	10	11	12	13	14	15	16	17	18	19	20	21	22	23	24	25	26	27	28	29	
0	1	2	3	4	5	6	7	8	9	10	11	12	13	14	15	17	18	19	20	21	22	25	26	27	28	29	
0	1	2	3	4	6	7	8	9	11	12	13	14	15	16	17	18	19	20	21	22	23	24	25	26	27	28	29	
0	1	2	3	4	5	6	7	8	9	10	11	13	14	15	16	17	18	19	20	21	22	23	24	25	26	27	28	29	
0	1	2	3	4	5	6	7	8	9	10	11	12	13	14	15	16	17	18	19	20	21	22	24	25	26	27	28	29	
0	1	2	3	4	5	6	7	8	9	10	11	12	14	15	16	17	18	19	21	22	23	24	25	26	27	28	29	
0	1	2	3	4	5	6	7	8	9	10	11	12	13	14	15	16	17	18	20	21	22	23	24	25	26	27	28	
0	1	2	3	4	5	6	7	8	9	10	11	12	13	15	17	18	19	20	21	23	24	25	26	27	28	29	
0	1	2	3	4	5	6	7	8	9	10	11	12	13	14	15	16	17	18	19	20	21	22	23	24	25	26	27	28	29	
0	1	2	4	5	6	8	9	10	11	12	13	14	15	16	17	18	19	20	21	22	23	24	25	26	27	28	29	
0	1	2	3	4	5	7	8	9	10	11	12	13	14	15	16	17	18	19	20	21	22	24	25	27	28	29	
0	1	2	3	5	6	7	8	9	10	11	12	13	14	15	16	17	19	21	22	23	24	25	26	27	28	29	
0	1	3	4	5	6	7	8	9	10	11	12	13	14	15	16	17	18	19	20	22	23	24	25	26	27	28	
0	1	2	3	4	5	6	7	8	9	10	11	12	13	14	16	17	18	19	20	21	22	23	24	25	26	27	28	29	
0	1	2	3	4	5	6	7	9	11	12	13	14	15	16	17	18	19	20	21	22	24	25	26	27	28	29	
0	1	2	3	4	5	6	7	8	9	10	11	12	13	14	15	16	17	18	19	20	21	22	23	24	25	26	27	28	29	
0	1	2	3	4	5	6	7	8	9	10	11	12	13	14	15	16	17	18	19	20	21	22	23	24	25	26	27	28	29	
0	1	2	3	5	6	7	8	9	10	11	12	14	15	16	17	18	19	20	21	22	23	24	25	26	27	28	29	
0	2	3	4	5	6	7	8	9	10	11	12	13	14	15	16	17	18	19	20	21	22	23	25	26	27	28	29	
0	1	2	3	4	5	7	8	9	10	11	12	13	14	15	16	17	18	19	20	21	22	23	24	25	27	28	29	
0	1	2	3	4	5	6	7	8	9	10	11	12	13	14	15	16	17	18	19	20	21	22	23	24	25	26	27	28	29	
0	1	2	3	4	6	7	8	9	10	11	12	13	14	15	16	17	18	19	20	21	22	23	24	25	26	27	28	29	
0	1	2	4	5	6	7	8	9	10	12	13	14	15	16	17	18	19	21	22	23	24	25	26	27	28	29	
0	1	2	3	4	6	7	8	9	10	11	12	13	14	15	16	17	18	19	20	21	23	24	25	26	27	28	29	
0	1	2	3	4	5	6	7	8	9	10	11	12	13	14	15	16	17	18	19	20	21	22	23	24	25	26	27	28	29	
0	1	2	3	4	5	6	7	8	9	10	11	12	13	14	15	16	17	18	19	21	22	23	24	25	26	27	28	
0	1	2	3	4	5	7	8	10	11	13	14	15	16	17	18	19	20	21	22	23	24	25	26	27	28	29	
0	1	2	3	4	5	6	7	8	10	11	12	13	14	15	16	17	18	19	20	21	22	23	24	25	26	27	28	29	
0	1	2	3	4	5	6	7	8	9	10	11	12	13	14	15	16	17	18	19	20	21	22	23	24	25	26	27	28	29	
0	1	2	3	4	5	6	7	8	9	10	11	12	13	14	15	16	17	18	19	20	21	22	24	25	26	28	29	
0	1	2	3	4	5	6	7	8	9	10	11	12	14	15	16	17	18	19	20	21	22	23	24	25	26	27	28	29	
1	2	3	4	5	6	8	9	10	11	12	13	14	15	16	17	18	19	20	21	23	24	25	26	27	28	29	
0	1	2	3	4	5	6	7	8	9	10	11	13	14	15	16	17	18	19	21	22	23	24	25	26	27	28	29	
0	1	2	3	4	5	6	8	9	10	11	12	13	14	15	16	17	18	19	20	21	22	23	24	25	26	27	28	29	
0	1	2	3	4	5	6	7	8	9	10	11	12	13	14	15	16	17	18	20	21	22	23	24	25	26	27	29	
0	1	2	3	4	5	6	7	8	9	10	11	12	14	15	16	17	18	19	20	21	22	23	24	25	27	28	29	
0	1	2	3	4	5	6	7	8	9	10	11	12	13	14	17	18	19	20	21	22	23	24	25	26	27	28	29	
0	1	2	3	4	5	6	7	8	9	10	12	13	14	15	16	18	19	20	21	22	23	24	26	27	28	29	
0	1	3	4	5	6	7	8	9	10	11	12	13	14	16	17	18	19	20	21	22	23	24	25	26	27	28	29	
0	1	2	3	4	5	6	7	8	9	10	11	12	13	14	15	16	17	18	19	20	22	23	24	25	26	27	28	29	
0	1	2	3	4	5	6	7	8	9	10	11	12	13	14	15	16	17	18	19	20	21	23	24	26	27	28	29	
0	1	2	3	4	5	7	8	9	10	11	12	13	14	15	16	17	18	19	20	21	22	23	24	25	26	27	28	29	
0	1	2	3	4	5	6	7	8	10	11	12	13	14	15	16	17	18	19	20	21	22	24	25	26	27	28	29	
0	1	2	3	4	5	6	8	9	10	11	12	13	14	15	16	17	18	19	20	21	23	24	25	26	27	28	29	
0	1	2	3	4	5	6	7	8	9	10	11	12	13	14	15	16	17	18	19	20	21	22	23	24	25	26	27	29	
0	1	2	3	4	7	8	9	10	11	12	13	14	15	16	17	18	19	20	21	22	23	24	25	26	27	28	
0	1	2	3	4	5	6	7	8	9	10	12	13	14	15	16	17	18	19	20	21	22	23	24	25	26	27	28	29	
0	1	2	3	5	6	7	8	9	10	11	12	13	14	15	16	17	18	19	20	21	22	23	24	25	26	27	28	29	
0	1	2	3	4	5	6	7	8	9	10	11	12	13	14	15	16	17	18	19	20	21	22	23	24	25	26	27	28	29	
0	1	2	3	4	5	6	7	8	9	10	11	12	13	14	15	16	17	18	19	20	22	23	24	25	26	27	28	29	
0	1	2	3	4	5	6	7	8	9	10	11	12	13	14	15	16	17	18	19	20	21	23	24	25	26	27	28	29	
0	1	2	4	5	6	7	8	9	10	11	12	13	14	15	16	17	18	19	20	21	22	23	24	25	26	27	28	
0	1	2	3	4	5	6	7	8	9	10	11	12	13	14	15	16	17	18	19	20	21	23	24	25	26	27	28	29	
0	1	2	3	4	5	6	7	9	10	11	12	13	14	15	17	18	19	20	22	23	24	25	26	27	28	29	
0	1	2	3	4	5	6	7	8	9	10	11	12	13	14	15	16	17	18	19	20	21	22	23	24	25	26	27	28	29	
0	2	3	4	5	6	7	8	9	10	11	12	13	14	15	16	17	18	19	20	21	22	23	24	25	26	27	28	29	
0	1	2	3	4	5	6	7	8	9	10	11	12	13	14	15	16	17	18	19	20	21	22	23	24	25	26	27	28	29	
0	1	2	4	5	6	7	8	9	11	12	13	14	15	16	17	18	19	20	21	22	23	24	25	26	27	28	29	
0	1	2	3	4	5	6	7	8	9	10	11	12	13	14	15	16	17	18	19	21	22	23	24	25	26	27	29	
0	2	3	4	5	6	7	8	9	10	11	13	14	15	16	17	18	19	20	21	22	23	24	25	26	27	28	
0	1	2	3	5	6	7	8	9	10	11	12	13	14	15	16	17	18	19	20	21	22	23	24	26	27	28	29	
0	1	2	3	4	5	6	7	8	9	10	11	12	13	14	15	16	17	18	19	20	21	22	23	24	25	26	27	28	29	
0	1	2	3	4	5	6	7	8	9	10	11	12	13	14	15	16	17	18	19	20	21	22	23	24	25	26	27	28	29	
0	1	2	3	4	5	6	7	8	9	10	11	12	13	15	16	17	18	19	20	21	22	23	24	25	26	27	28	29	
0	1	2	3	4	5	6	7	8	9	10	11	12	13	14	15	16	17	18	19	20	21	22	23	24	25	26	27	28	29	
0	1	2	3	5	6	7	8	9	10	11	12	13	14	15	16	17	18	19	20	21	22	23	24	25	27	28	29	
1	2	3	4	5	6	7	8	10	11	12	13	14	15	16	17	18	19	20	21	22	23	24	25	26	27	28	29	
0	1	2	3	4	5	6	7	8	9	10	11	12	13	14	15	17	19	20	21	22	23	24	25	26	27	28	29	
0	1	2	3	4	5	6	7	8	9	10	11	13	14	15	16	17	19	20	21	22	23	24	25	26	27	28	29	
0	1	2	3	4	5	6	7	9	10	11	13	14	15	16	17	19	20	21	22	23	24	25	26	27	28	29	
0	1	2	3	4	6	7	8	9	10	11	12	13	14	15	16	17	18	19	20	21	22	23	24	25	26	27	28	29	
0	1	2	3	4	5	6	7	8	9	10	11	12	13	14	15	16	17	18	19	20	21	22	23	24	25	26	27	28	29	
0	1	2	4	5	6	7	8	9	10	11	12	13	14	15	16	17	18	19	20	21	22	23	24	25	26	27	28	29	
0	1	2	3	4	5	7	8	9	11	12	13	14	15	16	17	18	20	21	22	23	24	25	26	27	28	29	
0	2	3	4	5	6	7	8	10	11	12	13	14	15	16	17	18	19	20	22	23	24	25	26	27	28	29	
0	1	2	3	4	5	6	7	8	9	10	11	12	13	14	15	16	17	18	19	20	21	22	23	24	25	27	28	29	
0	1	2	3	5	6	7	8	10	11	12	13	14	15	16	17	18	19	21	22	23	24	25	26	27	28	29	
0	1	2	3	4	5	6	7	8	9	10	11	12	13	14	15	16	17	18	19	20	21	22	23	24	25	26	27	28	29	
0	1	2	3	4	5	6	7	8	9	10	11	12	13	14	15	16	17	18	19	20	21	22	23	24	25	26	27	28	29	
0	1	2	3	5	6	7	8	9	10	11	12	13	14	15	16	18	19	20	21	22	23	24	25	26	27	29	
0	1	2	3	4	5	6	7	8	9	10	11	12	13	14	15	16	17	18	19	20	21	22	23	24	25	26	27	28	29	
0	1	2	3	4	5	6	7	8	9	10	11	13	14	15	16	17	18	19	20	21	22	23	24	25	26	27	28	29	
0	1	2	3	4	5	7	8	9	10	11	12	13	14	15	16	17	18	19	20	21	22	23	24	25	26	27	28	29	
0	1	2	3	4	5	7	8	9	11	12	13	14	15	16	17	18	19	21	22	23	24	25	26	27	28	29	
0	1	2	3	4	5	6	7	8	9	10	11	12	13	14	15	16	17	18	19	20	21	22	23	24	25	26	27	28	29	
1	2	3	4	5	6	7	8	9	10	11	12	13	14	15	16	17	18	19	20	21	22	23	25	26	27	28	29	
0	1	2	3	4	5	6	7	8	9	10	11	12	13	14	15	16	17	18	19	21	22	23	24	25	26	27	28	29	
0	1	2	3	4	5	6	7	8	9	10	11	12	13	14	16	17	18	19	20	21	22	23	24	25	26	27	28	29	
0	1	2	3	4	5	6	7	8	9	10	11	12	13	14	15	16	17	18	19	20	21	22	23	24	25	26	27	28	29	
0	1	2	3	4	5	6	7	8	9	10	11	12	14	15	16	17	19	20	21	22	23	24	25	26	27	28	29	
1	2	3	4	5	6	7	8	9	11	12	14	15	16	17	18	19	20	21	22	23	24	25	26	27	28	29	
0	1	2	3	4	5	6	7	8	9	10	11	12	13	14	15	16	17	18	19	20	21	22	23	24	25	26	27	28	29	
1	2	3	4	5	6	7	8	9	10	11	12	13	14	15	16	18	19	20	22	23	24	25	26	27	28	29	
0	1	2	3	4	5	6	7	8	9	10	11	12	13	14	15	16	17	18	19	20	21	23	25	26	27	29	
0	1	2	3	4	5	6	7	8	10	11	12	13	14	15	16	17	18	19	20	21	22	23	24	25	26	27	28	29	
0	1	2	4	5	6	7	9	11	12	13	14	15	16	17	18	19	20	21	22	23	24	25	26	27	28	29	
0	1	2	3	4	5	6	7	8	9	10	11	12	13	14	15	16	17	18	19	20	21	22	23	24	25	26	27	28	29	
0	1	2	3	5	6	7	8	9	10	11	12	13	14	15	16	17	18	19	20	21	22	23	24	25	26	27	28	29	
0	2	3	4	5	6	7	8	9	10	11	12	13	14	16	17	18	19	20	21	22	23	24	25	26	27	28	29	
0	1	2	3	4	5	6	7	8	9	11	12	13	14	15	16	17	18	19	20	21	22	23	24	25	26	27	28	29	
0	1	2	4	5	6	7	8	9	11	12	13	14	15	16	17	18	19	20	21	22	23	24	25	27	28	29	
0	1	2	3	4	5	6	7	8	9	10	11	12	13	14	15	16	17	18	20	21	22	23	24	25	26	27	28	29	
1	2	3	4	5	7	8	9	10	11	12	13	14	15	16	17	18	19	20	21	22	24	25	26	27	28	29	
0	1	2	3	4	5	6	7	8	9	10	11	12	13	14	15	16	17	18	19	20	21	22	23	24	25	26	27	28	
0	1	2	3	4	5	6	7	8	9	10	11	12	13	14	15	16	17	19	20	21	22	23	24	25	26	27	28	29	
0	1	2	3	4	5	6	7	8	9	10	11	12	13	14	15	16	17	18	19	20	21	22	23	24	25	26	27	28	29	
0	1	2	3	4	5	6	7	8	9	10	11	12	15	16	17	18	19	20	21	22	23	24	25	26	27	28	29	
0	1	2	3	4	5	6	8	9	10	11	12	13	14	15	16	17	18	19	20	23	24	25	26	27	28	29	
0	1	2	3	4	5	6	7	8	9	10	11	12	13	14	15	16	17	18	19	20	21	22	23	24	25	26	27	28	29	
0	1	2	3	4	5	6	7	8	9	10	11	12	13	14	15	16	17	18	19	20	21	22	23	24	25	26	27	28	29	
0	1	2	3	4	5	6	7	8	9	11	12	13	14	15	16	17	18	19	20	21	22	23	24	25	26	27	28	29	
0	1	3	4	6	7	8	9	10	11	12	14	15	16	17	18	19	20	21	22	23	24	25	26	27	28	29	
0	1	2	3	5	6	7	8	9	10	11	12	13	14	15	16	17	18	19	20	21	22	23	24	25	26	27	28	29	
0	1	2	3	4	5	6	7	8	9	10	11	12	13	14	15	16	18	19	20	21	22	23	24	25	26	27	28	29	
1	2	3	4	5	6	7	8	9	10	11	12	13	14	15	16	17	18	19	20	21	22	23	24	25	26	27	28	29	
0	1	2	3	4	6	7	8	9	10	11	12	13	14	15	16	17	18	19	20	21	22	23	24	25	26	27	28	29	
0	1	2	3	4	5	6	7	8	9	10	11	12	13	14	15	16	17	18	19	20	21	22	23	24	25	26	27	28	29	
0	1	3	4	5	6	7	8	9	10	11	12	13	14	15	16	17	18	19	20	22	23	24	25	26	27	28	29	
0	1	3	5	7	8	9	10	11	12	13	14	15	16	17	18	19	20	21	22	23	24	25	26	27	28	29	
0	1	2	3	4	5	6	7	8	10	11	12	14	15	16	17	18	19	20	21	22	23	24	25	26	27	28	29	
0	1	2	3	4	5	6	7	8	9	10	11	12	13	15	16	17	18	20	21	22	23	24	25	26	27	28	29	
0	1	2	3	4	5	6	7	8	9	10	11	12	13	14	15	16	18	19	20	22	23	24	25	26	27	28	29	
0	1	2	3	4	5	6	8	9	10	11	12	13	15	16	17	18	19	20	22	23	24	25	26	27	28	29	
0	2	3	4	5	6	7	8	9	10	11	12	13	14	15	16	17	18	19	21	22	23	24	26	27	28	29	
0	1	2	3	4	5	6	7	8	9	10	11	12	13	14	15	16	17	18	19	20	21	22	23	24	25	26	28	29	
0	1	2	3	4	5	6	7	9	11	12	13	14	15	16	17	18	19	20	21	22	23	24	25	26	27	28	29	
0	2	3	4	5	6	7	8	9	10	11	12	13	14	15	16	17	18	19	20	21	22	23	25	27	28	29	
0	1	2	3	5	6	7	9	10	12	13	14	15	16	17	18	19	20	21	22	23	24	25	26	27	28	29	
0	1	2	3	4	5	6	7	8	9	10	11	12	13	14	15	16	17	18	19	20	21	22	23	24	25	26	27	28	29	
0	1	2	3	4	5	6	7	8	9	10	11	12	13	14	15	16	17	18	19	20	21	22	23	25	27	28	29	
0	1	2	3	4	5	6	7	8	9	10	11	12	13	14	15	16	17	18	21	22	23	24	25	26	27	28	29	
0	1	2	3	4	5	6	7	8	9	10	11	12	13	14	15	16	17	18	20	21	22	23	24	25	27	29	
0	1	2	4	5	6	7	8	9	10	11	12	13	14	15	16	17	18	19	20	21	22	23	24	25	26	27	29	
0	1	2	3	4	5	6	7	9	10	11	12	14	15	16	17	18	19	20	21	22	23	24	25	26	27	28	29	
0	1	2	3	4	5	6	7	8	9	10	11	12	15	16	17	18	19	20	21	22	23	24	25	26	27	28	29	
0	1	2	3	4	5	6	7	8	9	10	11	12	13	14	15	16	17	18	19	20	21	22	23	24	26	27	28	29	
0	1	2	3	4	5	6	7	8	9	10	11	12	13	15	16	17	18	19	20	21	22	23	24	25	26	27	28	29	
0	1	2	3	4	5	6	7	8	9	10	11	12	13	15	16	17	18	19	20	21	22	23	24	25	26	27	28	29	
0	1	2	3	4	5	6	7	8	9	10	11	12	13	14	15	16	17	18	19	20	22	23	24	25	26	27	28	29	
0	1	2	3	4	5	6	7	8	9	10	11	13	14	15	16	17	18	19	20	21	22	24	25	26	27	28	29	
0	1	2	3	4	5	6	7	8	9	10	11	12	13	14	15	16	17	18	19	20	21	22	23	24	25	26	27	28	29	
0	1	2	3	4	5	6	8	10	11	12	13	14	15	16	17	18	19	20	21	22	23	24	25	26	27	28	29	
0	1	2	3	4	5	6	7	8	9	10	11	12	13	14	15	16	17	18	19	20	21	22	23	24	25	26	27	28	29	
0	1	2	4	5	6	7	8	9	11	12	13	14	15	16	17	18	19	20	21	23	24	25	26	27	28	29	
0	1	2	3	4	6	7	8	9	10	11	12	13	14	15	16	17	18	19	20	22	23	25	26	27	28	29	
0	1	2	3	4	5	7	8	10	11	13	14	15	16	17	18	19	20	21	22	23	24	25	26	27	28	29	
0	1	2	3	5	6	7	8	9	10	11	12	13	15	16	17	18	19	20	21	22	23	24	25	26	27	28	29	
0	1	2	3	4	5	6	7	8	9	10	11	12	13	14	15	16	17	18	19	21	22	23	24	25	26	27	28	29	
0	1	2	3	4	5	6	7	8	9	11	12	13	14	15	16	17	18	19	20	21	22	23	24	25	26	27	28	29	
0	1	2	3	4	5	6	7	8	9	10	11	12	13	14	15	16	17	18	19	21	22	23	24	25	26	27	28	29	
0	1	2	3	4	5	6	7	8	9	10	11	12	13	14	15	16	17	18	19	20	21	22	23	24	25	26	27	28	29	
0	1	2	3	4	5	6	7	8	9	10	11	12	13	14	15	16	18	19	20	21	22	23	24	25	26	27	28	29	
0	1	2	3	4	5	6	7	8	9	10	11	12	13	14	15	17	18	19	20	21	22	23	24	25	26	28	29	
0	1	2	3	4	5	6	7	8	9	10	11	12	13	14	15	16	17	18	19	20	21	22	23	24	25	26	27	28	29	
0	1	2	3	4	5	6	7	8	9	10	12	13	14	16	18	19	20	21	22	23	24	25	26	27	28	29	
0	1	2	3	4	5	6	7	9	10	11	12	13	14	15	16	17	18	19	20	21	22	23	24	25	26	27	28	29	
0	1	2	3	4	5	6	7	8	9	11	12	13	14	15	16	17	18	19	20	22	23	24	25	26	27	29	
0	1	2	3	4	5	6	7	8	9	10	11	12	13	14	15	16	17	18	19	20	21	22	23	24	26	27	28	29	
0	1	2	3	4	5	6	7	8	9	10	11	12	13	14	15	16	17	18	19	20	21	22	23	24	25	26	27	28	29	
0	1	2	3	4	5	6	7	8	9	10	11	12	13	15	16	17	18	19	20	21	22	23	24	25	26	27	28	29	
0	1	2	3	4	5	6	7	8	9	10	11	12	13	14	15	16	17	18	19	20	21	22	23	24	25	26	27	28	29	
0	1	2	3	4	5	6	7	8	9	10	11	12	13	14	15	16	17	18	19	20	21	22	23	24	25	26	27	28	29	
0	1	2	3	4	5	6	7	8	9	10	11	12	13	14	15	16	17	18	19	20	21	22	23	24	25	26	27	28	29	
0	1	2	3	4	5	7	8	9	10	11	12	13	14	15	16	17	18	19	20	21	23	24	26	27	28	29	
0	1	2	3	4	5	6	7	8	9	10	11	12	13	14	16	17	18	19	21	22	23	24	25	26	27	28	29	
0	1	2	3	4	5	6	7	8	9	10	11	12	13	14	15	16	17	18	19	20	21	22	23	24	25	26	27	28	29	
0	1	2	3	4	5	6	7	8	9	10	11	12	13	14	15	16	17	18	20	21	22	24	25	26	27	28	29	
0	1	2	3	4	5	6	7	8	9	10	11	12	13	14	15	16	17	18	19	20	21	22	23	24	25	26	27	28	29	
0	1	2	3	4	5	6	7	8	9	11	12	13	14	15	16	17	18	19	20	21	22	23	24	25	26	27	28	
0	1	2	3	4	5	6	7	8	9	10	11	12	13	14	15	16	17	19	20	21	22	23	24	25	26	27	28	29	
0	1	3	4	5	6	7	8	9	10	11	12	13	14	15	16	17	18	19	20	21	22	24	25	26	27	28	29	
0	1	2	3	5	6	7	8	9	10	11	12	13	14	15	16	17	18	19	20	22	24	25	26	27	28	29	
0	2	3	4	5	6	7	8	9	10	11	12	13	14	16	17	18	19	21	22	23	24	25	26	27	28	29	
0	1	2	3	4	5	6	7	8	9	10	11	12	13	14	15	16	17	18	21	22	24	25	26	27	28	29	
0	1	2	3	4	5	6	7	8	9	10	11	12	13	14	15	16	17	18	19	20	21	22	23	24	25	26	27	28	29	
0	1	2	3	4	5	6	7	8	9	10	11	12	13	14	15	16	17	18	19	20	21	22	23	24	25	26	27	28	29	
0	1	2	3	4	5	6	7	8	9	10	11	12	13	14	15	16	17	18	19	20	21	22	23	25	26	27	28	29	
0	1	2	3	4	5	6	7	8	9	10	11	12	13	14	15	16	17	18	19	20	21	22	23	24	25	26	27	28	29	
0	1	2	3	4	5	6	7	8	9	10	11	12	13	14	15	16	17	18	19	20	21	22	23	24	25	26	27	28	29	
0	1	2	4	5	6	7	8	9	10	11	12	13	14	15	16	17	18	19	20	21	22	24	25	26	28	29	
0	1	2	3	4	5	7	8	9	10	11	12	13	14	15	16	17	18	20	21	22	23	24	25	27	28	29	
0	1	2	3	4	5	6	7	8	9	10	11	12	13	14	15	16	17	18	19	20	21	22	23	24	25	26	27	28	29	
0	1	2	3	4	5	6	7	8	9	10	11	12	13	14	15	16	17	18	19	20	21	22	23	24	25	26	27	28	29	
0	1	2	3	4	5	6	7	8	9	10	11	13	14	15	16	17	18	20	21	22	23	24	25	26	27	28	29	
0	1	2	3	4	5	6	7	8	9	10	11	12	13	14	15	16	17	18	19	20	21	22	24	25	26	27	28	29	
0	1	2	3	4	5	6	7	8	9	10	11	12	13	15	16	17	18	19	20	21	22	23	24	25	26	27	28	29	
0	1	2	3	5	6	7	8	9	10	11	12	13	14	15	16	17	18	19	21	22	23	24	25	26	27	28	29	
0	1	2	3	4	5	6	7	8	10	11	13	14	15	16	17	18	20	21	22	23	24	25	26	27	28	29	
0	1	2	3	4	5	6	7	8	9	10	11	12	13	14	15	16	17	18	19	20	21	22	23	24	25	26	27	28	29	
0	1	3	4	5	6	7	8	9	10	11	12	13	14	15	16	17	18	19	20	21	22	23	24	25	26	27	28	29	
0	1	2	3	4	5	6	7	8	9	10	11	12	13	14	15	16	17	18	19	20	21	22	23	24	25	26	27	28	29	
1	2	3	4	5	6	7	8	9	10	11	12	13	14	15	16	17	18	19	20	21	22	23	24	25	26	27	28	29	
2	3	4	5	6	7	8	9	10	11	12	13	14	15	16	17	18	19	21	22	23	24	25	26	27	28	29	
0	1	2	3	4	5	6	7	8	9	10	12	13	14	15	16	17	18	19	20	21	22	23	24	25	26	27	28	29	
0	2	3	4	5	6	7	8	9	11	12	13	14	15	16	17	19	20	21	22	23	24	25	26	27	28	29	
0	1	2	3	5	6	7	8	10	11	12	13	14	15	16	18	19	20	21	22	23	24	25	26	27	28	29	
0	2	3	4	5	6	7	8	9	10	11	12	13	14	15	16	17	18	19	20	21	22	23	24	25	26	27	28	29	
0	1	2	3	4	5	6	7	8	9	10	11	12	13	14	15	17	18	19	20	21	22	24	25	26	28	29	
0	1	2	3	4	5	6	7	8	9	10	11	12	13	14	15	16	17	18	19	20	21	22	23	24	25	26	27	28	29	
0	1	2	3	4	5	6	7	8	9	10	11	12	13	14	15	16	17	18	19	20	21	22	23	24	25	26	27	28	29	
0	1	2	3	4	5	7	8	10	11	12	13	14	15	16	17	18	19	20	21	22	23	24	25	26	27	29	
0	1	2	3	4	5	7	8	9	10	11	12	13	14	15	16	17	18	19	20	21	22	23	24	25	26	27	28	29	
0	1	2	3	4	5	6	7	8	9	10	11	12	13	14	15	16	17	18	19	20	21	22	23	24	25	26	27	28	29	
0	1	2	3	4	5	6	7	8	9	10	11	12	13	14	15	16	17	18	19	20	21	22	23	24	25	26	27	28	29	
0	1	2	3	5	6	7	8	9	10	11	12	14	15	16	17	18	19	20	21	22	23	25	26	27	28	29	
0	1	2	3	4	5	6	7	8	9	10	11	12	13	14	15	16	17	18	19	20	21	22	23	24	25	26	27	28	29	
0	1	2	3	4	5	6	7	8	9	10	11	12	13	14	15	16	17	18	19	20	21	22	23	24	25	26	27	28	29	
0	1	2	3	4	5	6	7	8	10	11	12	13	14	15	16	17	18	19	20	21	22	23	24	25	26	27	28	29	
0	1	2	4	5	6	7	8	9	10	11	12	13	14	15	16	17	18	19	20	22	24	25	26	27	28	29	
1	2	3	4	5	6	7	8	9	10	11	13	14	15	16	18	19	20	21	22	23	24	25	26	27	28	29	
0	1	2	3	4	5	6	7	8	9	10	11	12	13	14	15	16	17	18	19	20	21	22	23	24	25	26	27	28	29	
0	1	2	3	4	5	6	7	9	10	12	14	15	16	17	18	19	20	21	22	23	24	25	26	27	28	29	
0	1	2	3	4	5	6	7	8	9	10	11	12	13	14	15	16	17	18	19	20	21	22	23	24	25	26	27	28	29	
1	2	3	4	5	6	7	8	9	10	11	12	13	14	15	16	17	18	19	20	21	22	23	24	25	26	27	28	29	
0	1	2	3	4	5	6	7	8	9	11	12	14	15	16	17	18	19	20	21	22	23	24	25	26	27	28	29	
0	1	2	3	4	5	6	7	8	9	10	11	12	13	14	16	17	18	19	20	21	22	23	24	25	26	27	28	29	
0	1	2	3	4	5	6	7	8	9	10	11	12	13	14	15	16	17	18	19	20	21	22	23	24	25	26	27	28	29	
0	1	2	3	4	5	6	7	8	9	10	11	12	13	14	15	16	17	18	19	20	21	22	23	24	25	26	27	28	
0	1	2	3	4	5	7	8	9	10	11	12	13	14	15	16	17	18	19	20	21	22	23	24	25	26	27	28	29	
0	1	2	3	4	6	7	8	9	10	11	12	13	14	15	17	18	19	20	21	22	23	24	25	26	27	28	29	
0	1	2	3	4	5	6	7	8	10	12	13	14	15	16	17	18	19	20	21	22	23	24	25	27	28	29	
0	1	3	4	5	6	7	8	9	10	11	12	13	14	15	16	17	18	19	21	22	23	25	26	27	28	29	
0	1	3	4	5	6	7	8	9	10	11	12	13	14	15	16	17	18	19	20	21	22	23	24	25	26	27	28	29	
0	1	2	3	5	6	7	8	9	10	11	12	13	14	16	17	18	19	20	21	22	23	24	25	26	27	28	29	
0	1	2	3	5	6	7	8	9	10	11	13	14	15	16	17	18	19	20	21	22	23	24	25	26	27	28	29	
0	1	2	3	4	5	6	7	8	9	10	11	12	13	14	15	16	17	18	19	20	22	23	24	25	26	28	29	
0	1	2	3	4	5	6	7	8	9	10	11	12	13	14	15	16	17	19	20	21	22	23	24	25	26	27	28	29	
0	1	2	3	4	5	6	7	8	9	10	11	12	13	14	15	16	17	18	19	20	21	22	23	24	25	27	28	29	
0	1	2	3	4	5	6	7	8	9	10	11	12	13	14	15	16	17	18	19	20	21	22	23	24	25	26	27	28	29	
0	1	2	3	4	5	6	7	8	9	10	11	12	13	15	16	17	18	19	20	21	22	23	24	25	26	27	28	29	
0	1	2	3	4	5	6	7	8	9	10	11	12	13	14	15	16	17	18	19	20	21	22	23	24	25	26	27	28	29	
0	1	2	3	4	5	6	7	8	9	10	11	14	15	16	17	18	19	20	21	22	23	24	25	26	27	28	
0	1	2	3	4	5	6	7	8	9	10	11	12	13	14	15	16	17	18	19	20	21	22	23	24	25	26	27	29	
0	1	2	3	4	5	6	7	8	9	10	11	12	13	14	15	16	17	18	19	20	21	22	23	24	25	26	27	28	29	
0	1	2	3	4	5	6	7	8	9	10	11	12	13	14	15	16	17	18	19	20	21	22	23	24	25	26	27	28	29	
0	1	2	3	4	5	6	7	8	9	11	12	13	14	16	17	18	19	20	21	22	23	24	25	27	28	29	
0	1	2	3	4	5	6	7	8	9	10	11	12	13	14	15	16	17	18	19	20	21	22	23	24	25	26	27	28	29	
1	2	3	4	5	6	7	8	9	10	11	12	13	14	15	16	17	18	20	21	22	23	25	26	27	28	29	
0	1	2	3	4	7	8	9	10	11	12	13	14	15	16	17	18	19	20	21	22	23	24	26	27	28	29	
0	1	2	3	4	5	6	7	8	9	10	11	12	13	14	15	16	17	19	20	21	22	23	24	25	26	27	28	29	
0	1	2	3	4	5	6	7	8	9	10	11	12	13	14	15	16	17	18	19	20	21	22	23	24	25	26	27	28	29	
0	1	2	4	5	6	7	8	9	10	11	12	13	14	15	16	17	18	19	21	22	23	24	26	27	28	29	
0	1	2	3	4	5	6	7	8	9	10	11	12	13	14	15	17	18	20	21	22	23	24	25	26	27	29	
0	1	2	3	4	5	6	7	8	9	10	11	12	14	15	16	17	18	19	20	21	22	24	25	26	27	29	
0	1	2	3	4	5	6	7	8	9	10	11	12	13	14	15	16	17	18	19	20	21	22	23	24	25	26	27	28	29	
0	1	2	3	4	6	7	8	9	10	11	12	13	14	15	16	17	18	20	21	22	23	24	25	26	27	28	29	
0	1	2	3	4	5	6	7	8	9	10	11	12	13	14	15	16	17	18	19	20	21	22	23	24	25	26	27	28	29	
0	1	2	3	4	5	7	8	9	10	11	12	13	14	15	16	17	18	19	20	21	22	23	24	25	26	27	28	29	
0	1	2	3	4	5	6	8	9	10	11	12	14	15	16	17	18	19	20	21	22	23	24	25	26	27	28	29	
0	1	2	3	4	5	6	7	9	10	11	12	13	14	16	17	18	19	21	22	23	24	25	26	27	28	29	
0	1	2	3	4	5	6	7	8	10	11	12	13	14	15	16	17	18	19	20	21	22	24	25	26	28	29	
0	1	2	3	4	5	7	8	9	10	11	12	13	14	15	17	18	19	20	21	22	23	24	25	26	27	28	29	
0	1	2	3	4	5	6	7	8	9	10	11	12	13	14	15	16	17	18	19	20	21	22	23	24	25	26	27	29	
0	1	2	3	4	5	6	7	9	10	11	12	13	14	15	16	17	18	20	22	23	24	25	26	27	28	29	
0	1	2	3	4	5	7	8	9	10	11	12	13	14	15	16	17	18	19	20	21	22	23	24	26	28	29	
0	1	2	3	4	5	6	7	8	9	10	11	12	13	14	15	16	17	18	19	20	21	22	23	25	26	27	28	29	
0	1	2	3	4	5	6	7	8	9	10	11	12	13	14	15	16	17	18	19	20	21	22	23	24	25	26	27	28	29	
0	1	2	3	4	5	6	7	8	9	10	11	12	13	14	15	17	19	20	21	22	23	24	25	26	27	28	29	
0	1	2	3	4	6	7	8	9	10	11	12	13	14	16	17	18	19	20	21	22	23	24	25	26	27	28	29	
0	1	2	3	4	5	6	7	8	9	10	11	12	13	14	15	16	17	18	19	20	21	22	23	24	25	26	27	28	29	
0	1	2	3	4	5	6	7	8	9	10	11	12	13	14	15	16	17	18	19	20	22	23	24	25	26	27	28	29	
0	1	2	3	4	6	7	8	9	10	11	12	13	14	15	16	17	18	19	20	22	23	24	25	26	27	28	29	
0	1	2	3	4	5	6	7	8	9	10	11	12	13	14	15	16	17	18	20	21	23	24	25	26	27	28	29	
0	1	2	3	4	5	7	9	10	11	12	13	14	15	16	17	18	19	20	21	22	23	24	25	26	27	28	29	
0	1	2	3	4	5	6	7	8	9	10	11	12	13	14	15	16	17	18	19	20	21	22	23	24	25	26	27	28	29	
0	1	2	3	4	5	6	7	8	9	10	11	12	13	14	15	16	17	18	19	20	21	22	23	24	25	26	27	28	29	
0	1	2	3	4	5	6	7	8	9	10	11	12	13	14	15	16	17	18	19	20	21	23	24	25	26	29	
0	1	2	3	4	5	6	8	10	11	12	13	14	15	16	17	18	19	20	21	22	23	24	25	26	27	28	29	
0	2	3	4	5	6	7	8	9	10	11	12	13	14	15	16	17	18	19	20	21	22	23	24	25	26	27	28	29	
0	1	2	3	4	5	6	7	8	9	10	11	12	13	14	15	16	17	18	20	21	22	23	24	25	27	28	29	
0	1	2	3	4	5	6	7	8	9	10	11	12	13	14	15	16	17	18	19	20	21	22	23	24	25	26	27	28	29	
0	1	2	3	4	5	7	8	9	10	11	12	13	14	15	16	17	18	19	20	21	22	23	24	25	26	27	28	29	
0	1	2	3	4	5	6	7	8	9	10	11	12	13	14	16	17	18	19	20	21	22	23	24	25	26	27	28	29	
0	1	2	3	4	5	6	7	8	9	10	11	12	13	14	15	16	17	18	19	20	21	23	24	25	26	27	28	29	
0	1	2	3	4	5	6	7	8	9	10	11	12	13	14	16	17	18	19	20	21	22	23	24	25	26	27	28	29	
0	1	2	3	4	6	7	8	9	10	11	12	13	14	15	16	17	18	19	20	21	22	23	24	25	26	27	28	29	
0	1	2	3	4	5	6	7	8	9	10	11	12	13	14	15	16	17	18	19	20	21	22	23	24	25	26	27	28	29	
0	1	2	3	4	5	6	7	8	9	10	11	12	13	14	15	16	17	18	20	21	22	23	24	25	26	27	28	29	
0	1	2	3	4	5	6	7	8	9	10	11	12	13	14	15	16	17	18	19	20	21	22	23	24	25	26	27	28	29	
0	1	2	3	4	5	6	7	8	9	11	12	13	14	15	16	17	18	19	20	21	22	23	25	26	27	28	29	
0	1	2	4	5	6	7	9	10	11	12	13	14	15	16	17	18	19	20	21	22	23	24	25	26	27	28	29	
0	1	2	3	4	5	6	7	8	9	10	11	12	13	14	15	16	17	18	19	20	21	22	23	24	25	26	27	28	29	
0	1	2	3	4	5	6	7	8	9	10	11	12	13	14	15	16	17	18	19	20	24	25	26	27	28	29	
0	1	2	3	4	5	6	7	8	10	11	12	13	14	15	16	17	19	20	21	22	23	24	25	26	27	29	
0	1	2	3	4	5	6	7	8	9	10	11	12	13	15	16	17	18	19	21	22	23	24	25	26	27	28	29	
0	2	3	4	5	7	8	9	10	11	12	13	14	15	16	17	18	19	20	21	22	23	25	26	27	28	29	
0	1	2	3	4	5	6	8	9	10	11	12	13	14	15	16	17	18	19	20	21	22	23	24	26	27	28	29	
0	1	2	3	4	5	6	7	8	9	10	11	12	13	14	15	16	17	18	19	20	21	22	23	24	26	27	28	29	
0	2	3	4	6	8	9	10	11	12	13	14	15	16	17	18	19	20	21	22	23	24	25	26	27	28	29	
0	1	2	3	4	5	6	7	8	9	10	11	12	13	14	15	16	17	18	19	20	21	22	23	25	26	27	28	29	
0	1	2	3	4	5	6	7	8	9	10	12	13	14	15	16	17	18	19	20	21	22	23	26	27	28	29	
0	1	2	3	4	5	7	8	9	10	11	12	14	15	16	17	18	19	20	21	22	23	24	25	26	27	28	
0	1	2	3	4	5	6	7	8	9	10	11	12	13	14	15	16	17	18	19	21	22	23	24	25	26	27	28	29	
0	1	2	3	4	5	6	7	8	9	10	11	12	13	14	15	16	18	19	20	21	22	23	24	25	26	27	
0	1	2	3	4	5	6	7	8	9	10	11	12	13	14	16	17	18	19	20	21	22	23	24	25	26	27	28	29	
0	1	2	3	4	5	6	7	8	9	11	12	13	14	15	16	17	18	19	20	21	22	23	24	25	26	27	28	29	
0	1	2	3	4	5	6	7	8	9	10	11	12	13	14	15	16	17	18	19	20	21	22	23	24	25	27	28	29	
1	2	4	5	6	7	8	10	11	12	13	14	15	16	17	18	19	20	21	22	23	24	25	26	27	28	29	
0	1	2	3	5	6	7	8	9	10	11	12	13	14	15	16	17	18	19	20	21	22	23	24	25	26	27	28	29	
0	1	2	3	4	5	6	7	8	9	10	11	12	13	14	15	16	17	18	19	20	21	22	23	24	25	26	27	29	
0	1	2	3	4	5	6	7	8	9	10	11	12	13	14	15	16	17	18	19	21	22	23	24	25	26	27	28	
0	1	2	3	4	5	7	8	9	10	11	12	13	14	15	16	17	18	20	21	22	23	24	25	26	27	28	29	
0	1	2	3	4	5	6	7	9	10	11	12	13	14	15	16	17	18	19	20	21	22	23	25	27	28	29	
0	1	2	3	4	5	6	7	8	9	10	11	12	14	15	16	17	18	19	20	21	22	23	24	25	26	27	28	29	
0	1	2	3	4	5	6	7	8	9	10	11	12	13	15	17	18	19	20	21	22	23	24	25	26	28	29	
0	1	2	3	4	5	6	7	8	9	10	11	12	13	14	15	16	17	18	19	20	21	22	23	24	25	26	27	28	29	
1	2	3	4	5	6	7	8	10	11	12	13	14	15	16	18	19	20	21	22	23	24	25	26	27	28	29	
0	1	2	3	4	5	6	7	8	9	10	11	12	13	14	15	16	17	18	19	20	21	22	23	24	25	26	27	28	29	
0	1	2	3	4	5	6	7	8	9	10	11	12	13	14	15	16	17	18	19	20	21	22	23	24	25	26	27	28	29	
0	1	2	3	4	5	6	7	8	9	10	11	12	13	14	16	17	18	19	20	21	22	23	24	25	26	27	28	29	
0	1	2	3	5	6	7	8	9	10	12	13	14	15	16	17	18	19	20	21	22	23	25	26	27	28	29	
0	1	2	3	4	5	6	7	8	9	10	11	12	13	14	15	16	17	18	19	20	21	22	23	24	25	26	27	28	29	
0	1	2	3	4	5	6	7	8	9	10	12	13	14	15	16	17	18	19	20	21	22	23	24	25	26	27	29	
0	1	2	3	4	5	6	7	8	9	10	11	12	13	14	15	16	17	18	19	20	21	22	23	24	25	26	28	29	
0	1	2	3	4	5	6	7	8	9	10	11	12	13	14	16	17	18	19	20	21	22	23	24	25	26	27	28	29	
0	2	3	4	5	6	7	8	9	10	11	12	13	14	15	16	17	18	20	21	23	24	25	26	27	28	29	
0	1	2	3	4	5	6	7	8	11	12	13	14	15	16	17	18	19	20	21	22	23	25	26	27	28	29	
0	1	2	3	4	6	7	8	9	10	11	12	13	14	15	16	17	18	19	20	21	22	23	24	25	26	27	28	29	
0	1	2	3	4	5	7	8	9	10	11	12	13	14	15	16	17	18	19	20	21	22	23	24	25	26	27	28	29	
0	1	2	3	4	5	6	7	8	9	10	11	12	13	14	15	16	17	18	19	20	21	22	23	24	25	26	28	29	
0	1	2	3	4	5	6	7	9	10	11	12	13	14	15	16	17	18	19	20	21	22	23	24	25	26	27	28	29	
0	1	2	3	4	5	6	7	8	9	10	12	13	14	16	17	18	19	20	21	22	23	24	25	26	27	28	29	
0	1	2	3	4	5	6	7	8	9	10	11	12	13	14	15	16	17	18	19	20	21	22	23	24	25	26	27	28	29	
0	1	2	3	4	5	6	7	8	9	10	11	12	13	14	15	16	17	18	19	20	21	22	23	24	25	26	27	28	29	
0	1	2	3	5	7	8	9	10	11	12	13	14	15	16	17	18	20	21	22	23	24	25	26	27	28	29	
0	1	3	4	5	6	7	8	9	10	11	12	13	14	15	16	17	18	19	20	21	22	23	24	25	26	27	28	29	
0	1	2	5	6	7	8	9	10	11	12	13	14	15	16	17	18	19	20	21	22	23	24	26	27	28	29	
0	1	2	3	4	5	6	7	8	9	10	11	12	13	14	15	16	17	18	19	20	21	22	23	24	25	26	27	28	29	
0	1	2	3	4	5	6	7	8	9	10	11	12	13	14	15	16	17	18	19	20	21	22	23	24	25	26	27	28	29	
1	2	3	4	5	6	7	8	9	10	11	12	13	14	15	16	17	18	20	21	22	23	24	25	26	27	28	
0	1	2	3	4	5	6	7	8	9	10	11	13	14	15	16	17	18	19	20	21	22	23	24	25	26	28	29	
0	1	2	3	4	5	6	7	8	9	10	11	12	13	15	16	17	18	19	20	21	22	23	24	25	26	27	28	29	
0	1	2	3	4	5	6	7	8	9	10	11	12	14	15	16	17	18	19	20	21	22	23	24	25	26	27	28	29	
0	1	2	3	4	5	6	7	8	9	10	11	12	13	14	15	16	17	19	20	21	23	24	25	26	27	29	
0	1	2	3	4	5	6	7	8	9	10	11	12	13	14	15	16	17	18	19	20	21	22	23	24	25	26	27	28	29	
0	1	2	3	4	5	6	7	8	9	10	11	12	13	15	16	17	18	19	20	21	22	23	24	25	26	27	28	29	
0	1	2	3	4	5	6	7	8	9	10	11	12	13	14	15	16	17	18	19	20	21	22	23	24	25	26	27	28	29	
0	1	2	3	4	5	6	8	9	10	11	12	13	14	15	16	17	18	19	20	21	22	23	24	25	26	27	28	29	
0	1	2	3	4	5	6	7	8	9	10	11	12	13	14	15	16	17	19	20	21	22	23	24	25	26	27	28	29	
0	1	2	3	4	5	6	7	8	9	10	11	12	13	14	15	16	17	18	19	20	21	22	23	24	25	26	27	28	29	
0	1	2	3	4	5	6	7	8	9	10	11	12	14	15	16	17	18	19	20	21	22	23	24	25	26	27	28	29	
0	1	2	3	4	5	6	7	8	9	10	11	12	13	14	15	17	18	19	20	21	22	23	24	25	26	27	29	
0	1	2	3	4	5	6	7	8	9	10	11	13	14	15	16	17	18	19	21	22	23	24	25	26	27	28	29	
0	1	2	3	4	5	6	7	8	9	10	11	12	13	14	17	18	19	20	21	22	23	24	25	26	27	28	29	
0	1	2	3	4	5	6	7	8	9	10	11	12	13	14	15	16	17	18	19	20	21	22	23	24	25	26	27	28	29	
0	1	2	3	4	5	6	7	8	9	10	11	12	13	14	15	16	17	18	19	20	21	22	23	24	25	26	27	28	29	
0	1	2	4	5	6	7	8	9	10	11	12	13	14	15	16	17	18	19	20	21	22	23	24	25	26	27	28	29	
0	1	2	3	4	5	8	9	10	11	12	13	14	15	16	17	18	19	20	21	22	23	24	25	26	27	28	29	
0	1	2	3	4	5	6	7	8	9	10	11	12	13	14	16	18	19	20	21	22	23	24	25	26	27	28	29	
0	1	2	3	4	5	6	7	8	9	10	11	12	14	16	17	18	19	20	21	22	23	24	25	26	27	28	29	
0	1	2	3	4	5	6	7	8	9	10	11	12	13	14	15	16	17	18	19	20	21	22	23	24	25	26	27	28	29	
0	2	3	4	5	6	7	8	9	10	11	12	13	14	15	16	17	18	19	20	21	23	24	25	26	27	28	29	
0	1	2	3	4	5	6	7	8	9	10	11	12	13	14	15	16	17	18	19	20	21	22	23	24	25	26	27	28	29	
0	1	2	3	4	5	6	7	8	9	10	11	12	13	14	15	16	17	18	19	20	21	22	23	24	25	26	27	28	29	
0	1	2	3	4	5	6	7	8	9	10	11	12	13	15	16	17	18	19	20	21	22	23	24	25	27	28	29	
0	1	3	4	5	6	7	8	9	10	11	12	13	14	15	17	18	19	20	21	22	23	24	25	26	27	28	29	
0	1	2	3	4	5	6	7	8	9	10	11	12	13	14	15	16	17	18	19	20	22	23	24	26	28	29	
0	1	2	3	4	5	6	7	8	9	10	11	12	13	14	15	16	17	18	19	20	21	22	23	24	25	26	27	28	29	
0	1	2	3	4	5	6	7	8	9	10	11	12	13	14	15	16	17	18	19	20	21	22	23	24	25	26	27	28	29	
0	1	2	4	5	6	7	8	9	10	11	12	13	14	15	16	17	18	19	21	22	24	25	26	27	28	29	
0	1	2	3	4	5	6	7	8	9	10	11	12	13	14	15	16	17	18	19	20	21	22	23	24	26	27	28	29	
0	1	2	3	4	5	6	7	8	9	10	11	12	13	14	15	16	17	18	19	20	21	22	23	24	25	26	27	28	29	
0	1	2	3	4	5	6	7	8	9	10	11	12	13	14	15	16	17	18	19	20	21	22	23	24	25	26	27	28	29	
0	1	2	3	4	5	6	7	9	10	11	12	13	14	15	16	17	18	19	20	21	22	23	24	25	26	27	28	29	
0	1	2	3	4	5	6	7	8	9	10	11	12	13	14	15	16	17	18	19	20	21	22	23	24	25	26	27	28	29	
0	1	2	3	4	5	6	7	8	9	10	11	12	13	14	15	16	17	18	19	20	21	22	23	24	25	26	27	28	29	
0	1	2	3	4	5	6	7	8	9	10	11	13	14	15	16	17	18	20	21	22	23	24	25	26	27	28	29	
1	2	3	4	5	6	7	8	9	10	11	12	13	14	15	16	17	18	19	20	21	22	23	24	25	26	27	28	29	
0	1	2	3	4	5	6	7	8	9	10	11	12	13	14	15	16	17	19	20	21	23	24	25	26	27	28	29	
0	1	2	3	4	5	6	7	8	9	10	11	12	13	14	15	16	17	18	19	20	21	22	23	24	25	26	27	28	29	
0	1	2	3	4	5	6	7	8	9	10	11	12	13	14	15	16	17	18	19	20	21	22	23	24	25	26	27	28	29	
0	1	2	3	4	5	6	7	9	10	11	12	14	15	16	17	18	19	20	21	22	23	25	26	27	28	29	
2	3	4	5	6	7	8	9	10	11	12	13	14	15	16	17	18	19	20	21	22	23	25	26	27	28	29	
0	1	2	3	4	6	7	8	9	12	13	14	15	16	17	18	19	20	21	22	23	24	25	26	27	28	29	
1	2	3	4	5	6	7	9	10	11	12	13	14	15	16	17	18	19	20	21	22	23	24	25	26	27	28	29	
0	1	2	3	4	5	6	7	8	10	11	12	13	14	15	16	17	18	19	20	21	22	23	24	25	26	27	28	29	
0	2	3	4	6	7	8	9	10	11	12	13	14	15	16	17	18	19	21	22	23	24	25	26	27	28	29	
0	1	2	3	4	5	6	7	8	9	10	11	12	13	14	15	16	17	18	19	20	22	23	24	25	26	27	28	29	
0	1	2	3	4	6	7	8	9	10	11	12	14	15	16	17	18	19	20	21	22	23	24	25	26	28	29	
0	1	2	3	4	6	7	8	9	10	11	12	13	14	15	16	17	18	19	20	21	22	23	24	25	26	27	28	29	
0	1	2	3	4	5	6	7	9	10	12	13	14	15	16	17	18	19	20	21	22	23	24	25	26	27	29	
0	1	2	3	4	5	6	7	8	9	11	12	13	14	15	16	17	18	19	20	21	22	23	24	25	26	28	
0	1	2	3	4	5	6	7	8	9	10	11	12	13	15	16	17	18	19	20	21	22	24	25	26	27	28	29	
0	1	2	3	4	5	6	7	8	9	10	11	13	14	15	16	17	18	19	20	21	22	25	26	27	28	29	
0	1	2	3	5	6	7	8	9	10	11	12	13	14	15	16	17	18	19	21	22	23	24	25	26	27	29	
0	1	2	3	4	6	7	8	9	10	11	12	13	14	15	16	17	18	19	20	21	22	23	24	25	26	27	28	29	
0	1	2	3	4	5	6	7	8	9	10	11	12	13	14	15	16	17	18	19	20	21	22	23	24	25	27	28	29	
0	1	3	4	5	6	7	8	9	10	11	12	13	14	15	16	18	19	20	21	22	23	24	25	27	28	29	
0	1	2	3	4	5	6	7	8	9	10	11	12	13	14	15	16	17	19	21	22	23	24	25	26	27	28	29	
0	1	2	3	4	5	6	7	8	9	11	12	13	14	15	16	17	18	20	21	22	23	24	25	27	28	29	
0	1	2	3	4	5	6	7	8	9	10	11	12	13	14	15	16	17	18	19	20	21	22	23	24	25	26	27	28	29	
0	1	2	3	4	5	6	7	8	9	10	11	12	13	14	15	16	17	18	19	20	21	22	23	24	25	26	27	28	29	
0	1	2	3	4	5	6	7	8	9	10	11	12	13	14	15	16	17	18	19	20	21	22	23	24	26	27	28	29	
0	1	2	3	4	5	6	7	8	9	10	11	12	13	14	15	16	17	18	19	20	21	22	23	25	26	27	28	29	
0	1	2	3	4	5	7	8	9	10	11	12	13	14	15	16	17	18	19	20	21	22	23	24	25	26	27	28	29	
0	1	2	3	4	5	6	7	8	9	10	11	12	13	14	15	16	17	18	19	20	21	22	23	24	25	26	27	28	29	
0	1	2	3	4	5	6	7	8	9	10	11	12	13	14	15	16	17	18	19	20	21	22	23	24	25	26	27	28	29	
0	1	2	3	4	5	6	7	8	9	10	11	12	13	14	15	16	17	18	19	20	21	22	23	24	25	26	27	28	29	
0	1	2	3	4	5	6	7	8	9	10	11	12	13	14	15	16	17	18	19	20	21	22	24	25	26	27	28	29	
0	1	2	3	4	5	6	7	8	9	10	11	12	13	14	15	16	17	21	22	23	24	25	26	27	28	29	
0	1	3	4	5	6	7	8	9	10	11	12	13	14	15	16	17	18	19	20	21	22	23	24	25	26	27	28	29	
0	1	2	3	4	5	6	7	8	9	10	11	12	13	14	15	16	17	18	19	20	21	22	23	24	25	26	27	28	29	
0	1	2	3	4	5	6	7	8	9	10	11	12	13	14	15	16	17	18	19	20	21	22	23	24	25	26	27	28	29	
0	1	2	3	4	5	6	7	8	9	10	11	12	13	14	15	16	17	18	19	20	21	22	23	24	25	26	27	28	29	
0	1	2	3	4	5	6	7	8	9	10	11	12	13	14	15	16	17	18	19	20	21	22	23	24	25	26	27	28	29	
2	3	4	5	6	7	9	10	11	12	13	14	15	16	17	18	19	20	21	22	23	24	25	26	27	28	29	
0	1	2	3	4	5	6	7	8	9	10	11	12	13	14	15	16	17	18	19	20	21	22	23	24	25	26	27	28	29	
0	1	2	3	4	5	6	7	8	9	10	11	12	13	14	15	16	17	18	19	20	21	23	24	25	26	27	28	29	
0	1	2	3	4	5	6	7	8	9	10	11	12	13	14	15	16	17	18	19	20	21	22	23	24	25	26	27	28	29	
0	1	2	3	4	5	6	7	9	10	11	12	13	14	15	16	17	18	19	20	21	22	23	24	25	26	27	28	29	
0	1	2	3	5	6	8	9	10	11	12	13	14	15	16	17	18	19	20	21	22	24	25	26	27	28	29	
0	1	2	3	4	5	6	7	8	9	10	11	12	16	17	18	19	20	21	22	23	24	25	26	27	28	29	
1	2	3	4	5	7	8	9	10	11	12	13	14	15	16	17	18	19	20	21	22	23	24	25	26	28	29	
0	1	2	3	4	5	6	7	8	9	10	11	12	13	14	15	16	17	18	20	21	22	23	25	26	27	28	29	
0	1	2	3	4	5	6	7	8	9	10	11	12	13	14	16	17	18	19	20	22	23	24	25	26	27	28	29	
0	1	3	4	5	6	7	8	9	10	11	12	13	14	16	17	18	19	20	21	22	23	24	26	27	28	29	
0	1	2	3	5	6	7	8	9	10	11	12	13	14	15	17	18	19	21	22	23	24	25	26	27	28	29	
0	1	3	4	5	6	7	8	9	10	11	12	13	14	15	16	17	18	19	20	21	22	23	24	25	26	27	28	29	
0	1	3	4	5	7	8	9	11	12	13	14	15	16	17	18	19	20	21	22	23	24	25	26	27	28	29	
0	1	2	3	4	5	6	7	8	9	10	11	12	13	14	15	16	18	19	20	21	22	23	24	25	26	27	28	29	
0	1	2	3	4	5	6	7	8	9	10	11	12	13	14	15	16	17	18	19	20	21	22	23	24	25	26	27	28	29	
0	1	2	3	4	5	6	7	8	9	10	11	12	13	14	15	16	17	18	19	20	21	22	23	24	25	26	27	28	29	
0	1	2	3	4	5	6	7	8	9	10	11	12	13	15	16	17	18	19	20	21	22	23	24	25	26	27	28	29	
0	2	3	4	5	6	7	8	9	10	11	12	13	14	15	16	17	19	20	21	22	23	24	25	26	27	29	
0	1	2	3	4	5	6	7	9	10	12	13	14	15	16	17	18	19	20	21	22	23	24	25	26	27	28	29	
0	1	2	3	4	5	6	7	8	9	10	11	12	13	15	16	17	18	21	22	23	24	25	26	27	28	29	
0	1	2	3	4	5	6	7	8	9	10	11	12	13	14	15	16	17	18	19	20	21	22	23	24	25	26	27	28	29	
0	1	2	3	4	5	6	7	8	9	10	11	12	13	14	15	16	17	18	19	20	21	22	23	24	26	27	28	29	
0	1	2	3	4	5	6	7	8	9	10	11	12	13	14	15	16	17	18	19	20	21	23	24	25	26	27	28	29	
0	1	2	3	4	5	6	7	8	9	10	11	12	13	14	15	16	17	18	19	20	21	22	23	24	25	26	27	28	29	
0	1	2	3	4	5	6	7	8	9	10	11	12	13	14	15	16	17	18	19	20	21	22	23	24	25	26	27	28	29	
0	1	2	3	4	5	6	7	8	9	10	11	12	13	14	15	16	17	18	19	20	21	22	23	24	25	26	27	28	29	
0	1	2	3	4	5	6	7	8	9	10	11	12	13	14	15	16	17	18	19	20	21	22	23	24	25	26	27	28	29	
0	1	2	3	4	5	6	7	8	9	10	11	12	13	14	15	16	18	19	20	21	22	23	24	25	26	27	28	29	
0	1	2	3	4	5	6	7	9	10	11	12	13	14	15	17	18	19	20	21	22	23	24	25	26	27	28	29	
0	1	2	3	4	5	7	8	9	10	11	12	13	14	15	16	17	18	19	20	21	22	23	24	25	26	27	28	29	
0	1	2	3	4	5	6	7	8	9	10	11	12	13	14	15	16	17	18	19	20	21	22	23	24	25	26	27	28	29	
0	1	2	3	4	6	7	8	9	10	11	12	13	14	15	17	18	19	20	21	22	23	24	25	26	27	28	29	
0	1	3	4	5	6	7	8	9	10	12	13	14	15	16	17	18	19	20	21	22	23	25	26	27	28	29	
0	1	2	3	4	5	6	7	9	10	11	12	13	14	16	17	18	19	20	21	22	23	24	26	27	28	29	
0	2	3	4	5	6	7	8	9	10	11	12	13	14	15	16	17	18	19	20	21	22	23	24	25	26	27	28	29	
0	1	3	4	5	6	7	8	9	10	11	12	13	14	15	16	18	19	20	22	23	24	25	26	27	28	29	
0	1	2	3	4	5	7	8	9	10	11	12	13	14	15	16	17	18	20	21	23	24	25	26	27	28	29	
0	1	2	3	4	5	6	7	8	9	10	11	12	13	14	15	16	17	18	21	22	23	24	25	26	27	28	29	
0	1	2	3	4	5	6	7	8	9	10	11	12	14	15	16	17	18	19	20	21	22	23	24	25	26	27	28	29	
0	1	2	3	4	5	6	7	8	9	10	12	13	14	15	16	17	19	20	21	22	23	24	25	26	27	28	29	
0	1	3	4	5	6	7	8	9	10	11	12	13	14	15	16	17	18	19	20	21	22	23	24	25	26	27	28	29	
0	1	2	3	4	5	6	7	8	9	10	11	12	13	14	15	16	17	18	19	20	21	22	23	24	25	26	27	28	29	
0	1	2	3	4	5	6	7	8	9	10	11	12	13	14	15	16	17	18	19	20	21	22	23	24	25	26	27	28	29	
1	2	3	4	5	6	7	8	9	10	11	12	13	14	15	16	17	19	20	21	22	23	24	25	26	27	28	29	
0	2	3	5	6	7	8	9	10	11	12	13	14	15	16	17	18	19	20	21	22	23	24	25	26	28	29	
0	1	2	3	4	5	6	7	8	9	10	11	13	14	16	18	19	20	21	22	23	24	25	26	27	28	29	
0	1	2	3	4	5	7	8	9	10	11	12	13	14	15	16	17	18	19	20	21	22	23	24	25	26	27	28	29	
0	1	2	3	4	5	6	7	8	9	11	12	13	14	15	16	17	18	19	20	22	23	24	25	26	27	28	29	
0	1	2	3	4	5	6	7	8	9	10	11	12	13	14	15	16	17	18	19	20	21	22	23	24	25	26	27	28	29	
0	1	2	3	4	5	6	7	9	10	11	12	13	14	15	16	17	18	19	20	21	22	23	24	25	28	29	
0	1	2	3	4	5	6	7	8	9	10	11	12	13	14	15	16	17	18	19	20	21	22	23	24	25	26	27	28	29	
0	1	2	3	5	6	7	8	9	10	11	12	13	14	15	16	17	18	19	20	21	22	23	24	25	26	27	28	29	
0	1	2	3	4	5	7	8	9	11	12	13	14	15	16	17	18	19	20	21	22	23	24	25	26	27	28	29	
0	1	2	3	4	5	6	7	8	9	10	11	12	13	14	15	16	17	18	19	20	21	22	23	24	25	26	27	28	29	
0	1	2	3	4	5	6	7	8	9	10	11	12	13	14	15	16	17	18	19	20	21	22	23	24	25	26	27	28	29	
0	1	2	3	4	5	6	8	9	10	11	12	13	14	15	16	17	19	20	21	22	23	25	26	27	28	29	
0	1	2	3	5	6	7	8	9	10	11	12	13	14	15	16	17	18	19	20	21	22	23	24	25	26	27	28	29	
0	2	3	4	5	6	7	8	9	10	11	12	13	14	15	16	17	18	19	20	21	22	23	24	25	26	27	28	29	
0	1	2	3	4	5	6	7	8	9	10	11	12	13	14	15	16	17	18	19	20	21	22	23	24	25	26	27	28	29	
1	2	3	4	6	7	8	9	10	11	12	13	14	15	16	17	18	19	20	22	23	24	25	26	27	28	29	
0	1	2	3	4	5	6	7	8	9	10	11	12	13	14	15	16	17	18	19	21	22	24	25	26	27	28	29	
0	1	2	3	4	5	6	7	8	9	10	11	12	13	15	16	17	18	19	20	21	22	23	24	25	26	27	28	29	
0	1	2	3	4	5	6	7	8	9	10	11	12	13	14	16	17	18	19	20	21	22	23	24	25	26	27	28	29	
0	1	2	3	4	5	6	7	8	9	10	11	12	13	14	15	16	17	18	19	20	21	22	23	24	25	26	27	28	29	
0	1	2	3	4	5	6	7	8	9	10	11	12	13	14	15	16	17	18	19	20	21	22	23	24	25	26	27	28	29	
0	1	2	3	4	5	6	7	8	9	11	12	13	14	15	16	17	18	19	20	21	22	23	24	25	26	27	28	29	
0	2	3	4	5	6	7	8	9	10	11	12	13	15	16	17	18	19	20	21	23	24	25	26	27	28	29	
0	2	3	4	5	6	7	8	9	10	11	12	13	14	15	16	17	18	19	20	21	23	24	25	26	27	28	29	
0	1	2	3	4	5	6	7	8	9	10	11	12	13	14	15	16	18	19	20	21	22	23	24	25	26	27	28	29	
0	1	2	3	4	5	6	7	8	9	10	11	12	13	14	15	16	17	18	19	20	21	22	23	24	25	26	27	28	29	
0	1	2	4	5	6	7	8	9	10	11	12	13	14	15	16	17	18	19	20	21	22	23	24	25	26	27	28	29	
0	1	2	3	4	5	6	7	8	9	10	11	12	13	14	15	16	17	18	19	20	21	22	23	24	25	26	27	28	29	
0	1	2	3	4	5	6	7	8	9	10	11	12	13	14	15	16	17	18	19	20	21	22	23	25	26	27	28	29	
0	1	2	3	4	5	6	7	8	9	10	11	12	13	14	15	16	17	18	19	20	21	22	24	25	26	27	29	
0	1	2	3	4	6	7	8	9	10	11	12	13	14	15	16	17	18	19	20	22	23	24	25	26	27	28	29	
0	1	2	3	4	5	6	7	8	9	10	12	13	14	15	16	17	18	19	20	21	22	24	25	26	27	28	29	
0	2	3	4	5	6	7	8	9	10	11	12	13	14	15	16	17	18	19	20	21	22	23	24	25	26	27	
0	1	2	3	4	5	6	7	8	10	11	12	13	14	15	16	17	18	19	20	21	22	23	24	25	26	27	28	29	
0	1	2	3	4	5	6	7	8	9	10	11	12	13	14	15	16	17	18	19	20	21	22	23	24	25	26	27	28	29	
0	1	2	3	4	5	6	7	8	10	11	12	13	14	15	16	17	19	20	21	22	23	24	25	26	27	28	29	
0	1	2	3	4	5	6	7	8	9	10	11	12	13	14	15	16	17	18	19	20	21	22	24	25	26	27	28	29	
0	1	2	3	4	5	7	8	9	10	11	12	13	14	15	16	18	19	20	21	22	23	25	26	27	28	29	
0	1	2	4	5	6	7	8	9	10	11	12	13	14	15	16	17	18	19	20	21	22	23	24	25	26	27	28	29	
0	1	2	3	4	5	6	7	8	9	10	11	12	13	14	15	16	17	18	19	20	21	22	23	24	25	26	27	28	
0	1	2	3	4	5	7	8	9	10	11	12	13	14	15	16	17	18	19	20	21	22	23	24	25	26	27	28	29	
0	1	2	3	4	5	6	7	8	9	10	11	12	13	14	15	16	17	18	19	21	22	23	24	25	27	28	29	
0	1	2	3	4	5	6	7	8	9	10	11	12	13	14	15	16	17	20	21	22	23	24	25	26	28	29	
0	1	2	3	4	5	6	7	8	9	10	11	12	13	14	15	16	17	18	19	20	21	22	23	24	25	26	27	28	29	
0	1	2	3	4	5	6	7	8	9	10	11	12	13	14	15	16	17	18	19	20	21	22	23	24	25	26	27	28	29	
0	1	2	3	4	5	6	7	8	9	10	11	12	13	14	15	16	17	18	19	20	21	22	23	24	25	26	27	28	29	
0	1	3	4	5	6	7	8	9	10	11	12	13	14	15	16	17	18	19	20	21	22	23	24	25	26	27	28	29	
0	1	3	5	6	7	9	10	11	12	13	14	15	16	17	18	19	20	21	22	23	24	25	26	27	28	29	
0	1	2	3	4	5	6	7	8	9	10	11	12	13	14	15	16	17	18	19	20	21	22	24	26	27	28	29	
0	1	2	3	4	5	6	7	8	9	10	11	12	13	14	15	16	17	18	19	20	21	22	23	24	25	26	27	28	29	
0	1	2	3	4	5	6	7	8	9	10	11	12	13	14	15	16	17	18	19	20	21	22	23	24	25	26	27	28	29	
0	1	3	4	5	6	7	8	9	10	11	12	13	14	15	16	17	18	19	20	21	22	23	24	25	26	27	28	29	
0	1	2	3	4	5	6	7	8	9	10	11	12	13	14	15	16	17	18	19	20	21	22	23	24	25	27	28	29	
0	1	2	3	4	5	6	7	8	9	10	11	12	13	14	15	17	18	19	21	22	23	24	25	26	27	28	29	
0	1	2	4	5	6	7	8	9	10	11	12	13	14	16	17	18	19	20	21	22	24	25	26	27	28	29	
0	1	2	3	4	5	6	7	9	11	12	13	14	15	16	17	18	19	20	21	22	23	24	25	26	27	29	
0	1	2	3	4	5	7	8	9	10	11	12	14	15	16	17	18	19	20	22	23	24	25	26	27	28	29	
0	1	2	3	4	5	6	7	9	10	11	12	13	14	15	16	17	18	19	20	21	24	25	26	27	28	29	
0	1	2	3	4	5	7	8	10	11	12	13	14	15	16	17	18	19	20	21	22	23	24	25	26	27	28	29	
0	1	2	3	4	5	6	7	8	9	10	11	12	13	14	16	17	18	19	20	21	22	23	24	25	26	27	28	29	
0	1	3	4	5	6	7	8	9	10	11	12	13	14	15	16	17	18	19	20	21	22	23	24	25	26	27	28	29	
0	1	2	3	4	5	6	7	8	10	11	12	13	15	16	17	18	19	20	21	22	23	24	26	27	28	29	
0	1	2	3	4	5	6	7	9	10	11	13	14	15	16	17	18	19	20	21	22	23	24	25	26	27	28	29	
0	1	2	3	4	5	6	7	8	9	10	11	12	13	14	15	16	17	18	19	20	21	22	23	24	25	26	27	28	29	
0	1	2	3	4	5	6	8	9	10	11	12	13	14	16	17	18	19	20	21	22	23	24	25	26	27	28	29	
0	1	3	4	5	6	7	8	9	10	11	12	13	14	15	16	17	18	19	20	22	23	24	25	27	28	29	
0	1	2	3	4	5	6	7	9	10	11	12	13	14	15	16	17	18	19	20	21	23	25	26	27	28	29	
0	1	2	3	4	5	6	7	8	9	10	11	12	13	14	15	16	17	18	19	20	21	22	23	24	25	26	27	28	29	
0	2	3	4	5	6	7	8	9	10	11	12	14	15	16	17	18	19	20	21	22	23	24	25	26	27	28	29	
0	1	2	3	4	5	6	7	8	9	10	11	12	13	14	15	16	17	18	19	20	21	22	23	24	25	26	27	28	29	
0	1	2	3	4	5	6	7	8	9	10	11	12	13	14	15	16	17	18	19	20	21	22	23	24	25	26	27	28	29	
0	1	2	3	4	6	7	8	9	11	12	13	14	15	16	17	18	20	21	22	23	24	25	26	27	28	29	
0	1	2	3	4	5	6	7	8	9	10	11	12	13	14	15	16	17	18	19	20	21	22	23	24	25	26	27	28	29	
0	1	2	3	4	5	6	7	8	9	10	11	12	13	14	15	16	17	18	19	20	21	22	23	24	25	26	27	28	29	
0	1	2	3	4	5	6	7	8	9	10	11	12	13	14	15	16	17	18	20	21	22	23	24	25	26	27	28	29	
0	1	2	3	4	5	6	7	8	9	10	11	12	13	14	15	16	17	18	19	20	21	22	23	24	25	26	27	28	29	
0	1	2	3	4	5	6	7	8	9	10	11	12	13	14	15	16	17	18	19	20	21	22	23	24	25	26	27	28	29	
0	1	2	3	4	6	7	8	9	11	13	14	15	16	17	18	19	20	21	22	23	24	25	26	27	28	29	
0	1	2	3	4	5	6	7	8	9	10	11	13	14	15	18	19	20	21	22	23	24	25	26	27	28	29	
0	1	2	3	4	5	6	7	8	9	10	11	12	13	14	15	16	17	18	19	20	21	22	23	24	25	26	27	28	
0	1	2	3	4	5	6	7	8	9	10	11	12	13	14	15	16	17	19	20	21	22	23	24	25	26	27	28	29	
0	1	2	3	4	5	6	7	8	9	10	11	12	13	14	15	16	17	18	19	20	21	22	23	24	25	26	27	28	29	
0	1	2	3	4	5	6	7	8	9	10	11	12	13	14	15	16	17	18	19	20	21	22	23	24	25	26	27	28	29	
0	1	2	3	4	5	6	7	8	9	10	11	12	13	14	15	16	17	18	19	20	21	23	24	25	26	27	28	29	
0	1	2	3	4	5	8	9	10	11	12	13	14	15	17	18	19	20	21	22	23	24	25	26	27	28	29	
0	1	2	3	4	5	6	7	8	9	10	11	12	13	15	16	17	18	19	20	21	22	23	24	25	26	27	28	29	
0	1	2	3	4	5	6	7	8	9	10	11	12	13	14	15	16	17	18	19	20	21	22	24	25	26	27	28	29	
0	1	3	4	5	6	8	9	10	11	12	13	14	15	16	17	19	20	21	22	23	24	25	26	27	28	29	
0	1	2	3	4	5	6	7	8	9	10	11	12	13	14	15	16	17	18	19	20	21	22	23	24	25	26	27	28	29	
0	1	2	3	4	5	6	7	8	9	10	11	12	13	14	15	16	17	18	19	20	21	22	23	24	25	26	27	28	29	
0	1	2	3	4	5	6	7	8	9	10	11	12	13	14	15	16	17	18	19	21	22	23	24	25	26	27	29	
0	1	2	3	4	5	6	7	8	9	10	11	12	13	14	15	16	17	18	19	20	21	22	23	24	25	26	27	28	29	
0	1	2	3	4	5	6	7	8	9	10	12	13	14	15	16	17	18	19	20	21	22	23	24	25	26	27	28	29	
0	1	2	3	4	5	6	7	8	11	12	13	14	15	16	17	18	19	20	21	22	23	24	25	26	27	28	29	
0	1	2	3	4	5	6	7	8	9	10	11	12	13	14	15	16	17	18	19	20	21	22	25	26	27	28	29	
0	1	3	5	7	8	9	10	11	12	13	14	15	16	17	18	19	20	21	22	23	24	25	26	27	28	29	
0	1	2	3	5	6	7	8	9	10	12	13	14	15	16	17	18	19	20	21	22	23	24	25	26	27	28	29	
0	1	2	3	4	5	6	7	8	9	10	11	12	13	14	15	16	17	18	19	20	21	22	23	24	25	26	27	28	29	
0	1	2	4	5	6	8	9	10	11	12	13	14	15	16	17	18	19	20	21	22	23	24	25	26	27	28	29	
0	1	2	3	4	5	6	7	8	9	10	12	13	14	15	16	17	18	19	20	21	22	23	24	25	26	27	28	29	
2	3	4	5	6	7	8	9	10	11	12	13	14	15	16	17	18	19	20	21	22	23	24	25	26	27	28	29	
0	1	2	3	4	5	6	8	9	10	11	12	13	14	15	16	17	18	19	20	21	22	23	24	25	26	27	28	29	
0	1	2	3	4	5	6	7	8	9	10	11	12	13	14	15	16	17	18	19	20	21	22	23	24	25	26	27	28	29	
0	1	3	4	5	6	7	8	9	10	11	12	13	14	15	16	17	18	19	20	21	23	24	25	26	27	28	
0	1	2	3	4	5	6	7	8	9	10	13	14	15	16	17	18	19	20	22	23	24	25	26	27	28	29	
0	1	2	5	6	7	8	9	10	11	12	13	14	15	16	17	18	19	20	21	22	23	25	26	27	28	29	
0	1	2	3	4	5	6	7	8	9	10	11	12	13	14	15	16	17	18	19	20	21	23	24	25	28	29	
0	1	2	3	4	5	6	7	8	9	10	11	12	13	14	15	16	17	18	19	20	21	22	23	24	25	26	27	28	29	
0	1	2	3	4	5	6	7	8	9	10	11	12	13	14	15	16	17	18	19	21	22	23	24	25	26	27	28	29	
0	1	2	3	4	5	6	7	8	9	10	11	12	13	14	15	16	17	18	19	20	21	22	23	24	25	26	27	28	29	
0	1	2	4	5	6	7	8	9	10	11	12	13	14	15	17	18	19	20	21	22	23	24	25	26	27	28	29	
0	1	2	3	4	5	6	8	9	10	11	12	13	14	15	16	17	19	20	21	22	23	24	25	27	28	29	
0	1	2	3	4	5	6	7	8	9	10	11	12	13	14	15	16	17	18	19	20	21	22	23	24	25	26	27	28	29	
0	1	2	3	5	6	7	8	9	10	11	12	13	14	15	16	17	18	19	20	21	22	23	24	25	26	27	28	29	
0	1	2	3	4	5	6	7	8	9	10	11	12	13	14	15	16	17	18	19	20	21	22	23	24	25	26	27	28	29	
0	1	2	3	4	5	6	7	8	9	10	11	12	14	15	16	17	18	19	20	21	22	23	24	25	26	27	28	29	
0	1	2	3	4	5	6	7	8	9	10	11	12	14	15	16	17	18	19	20	21	22	23	24	26	27	28	29	
0	1	2	3	4	5	6	7	8	9	10	11	12	13	14	15	16	17	18	19	21	22	23	24	25	26	27	28	29	
1	2	3	4	5	6	7	8	9	10	11	12	13	14	15	16	17	18	19	20	21	23	24	25	26	27	28	29	
0	1	2	3	4	5	6	7	8	9	10	11	12	13	14	15	17	18	19	20	21	22	24	25	26	27	28	29	
0	1	2	3	4	5	6	7	8	9	10	11	12	13	14	15	16	17	18	19	20	21	22	23	24	26	27	28	29	
0	1	2	3	4	5	6	7	10	11	12	13	14	15	16	17	18	19	20	21	22	23	24	25	26	27	28	29	
0	1	2	3	4	5	6	8	9	10	11	12	13	14	15	16	17	19	20	21	22	24	25	26	27	28	29	
0	1	2	3	4	5	6	7	8	9	10	11	12	13	14	15	16	17	18	19	20	21	22	23	24	25	27	28	29	
0	1	2	3	4	5	6	7	8	9	10	11	12	13	14	15	16	17	18	19	20	21	22	23	24	25	26	27	28	29	
0	1	2	3	4	5	6	7	9	10	11	12	13	14	15	16	17	18	19	20	21	22	23	24	25	26	27	28	29	
0	1	2	3	4	5	6	7	8	9	10	11	12	13	14	15	16	17	18	19	20	21	22	23	24	25	26	27	28	29	
0	1	2	3	4	5	6	8	9	10	11	12	13	14	16	17	18	19	20	22	23	24	25	26	27	28	29	
0	1	2	3	4	5	6	7	8	9	10	11	12	13	14	15	16	18	19	20	21	23	24	25	26	27	28	29	
0	1	2	3	4	5	6	8	10	11	12	13	14	15	16	17	18	19	20	21	22	23	24	25	26	27	28	29	
0	1	2	3	4	5	7	8	9	10	12	13	14	16	17	18	19	20	21	22	23	24	25	26	27	28	29	
0	1	2	3	4	5	6	8	9	10	11	12	13	14	15	16	17	18	19	20	21	22	23	24	25	26	27	28	29	
0	1	2	3	4	5	6	7	8	9	10	11	12	13	14	15	16	17	18	19	20	21	22	23	24	25	26	27	28	29	
0	1	2	3	4	5	6	7	8	9	10	11	12	13	14	15	16	17	18	19	20	21	22	23	24	25	26	27	28	29	
0	1	2	3	4	5	6	7	8	9	10	11	13	14	15	16	17	18	19	20	21	22	23	24	26	27	28	29	
0	1	2	3	4	5	6	7	8	10	11	12	13	14	15	16	17	18	19	20	21	22	23	24	25	26	27	28	29	
0	1	2	3	4	5	6	7	8	9	10	11	12	13	14	15	16	17	18	19	20	22	23	24	25	26	28	29	
0	1	2	3	4	5	6	7	8	9	10	11	13	14	15	16	17	18	20	21	22	23	25	26	27	28	29	
0	1	2	3	4	5	6	7	8	9	10	11	12	13	14	15	16	17	18	19	20	22	23	24	25	26	27	28	29	
0	1	2	3	4	5	6	7	8	9	10	11	12	13	14	15	16	17	18	19	20	21	22	23	24	25	26	27	28	29	
0	1	2	3	4	5	6	7	8	9	10	11	12	13	14	15	16	17	18	19	20	21	22	23	24	25	26	27	28	29	
0	1	2	3	4	5	6	7	8	9	10	12	13	14	15	16	17	18	19	20	21	22	23	24	25	26	28	29	
0	2	3	4	5	6	7	8	9	11	12	14	15	16	17	18	19	20	21	22	23	24	25	26	27	28	29	
0	1	2	3	4	5	6	7	8	9	10	11	12	13	14	15	16	17	18	20	22	23	24	25	26	27	28	29	
0	1	2	3	4	5	6	7	8	9	10	11	12	13	14	15	16	17	18	19	20	21	22	23	24	25	26	27	28	29	
0	1	2	4	5	7	8	9	10	11	12	13	14	15	16	17	18	19	20	21	23	24	25	26	27	28	29	
0	1	2	3	4	5	6	7	8	9	10	11	12	13	14	15	17	18	19	21	22	23	24	25	26	28	29	
0	1	2	3	4	5	6	7	8	9	10	11	12	13	14	15	16	17	18	19	20	21	22	23	24	25	26	27	28	29	
0	1	2	3	4	5	6	7	8	9	10	11	12	13	14	15	16	17	18	19	20	21	22	23	24	25	26	28	29	
0	1	2	3	4	5	6	7	8	9	10	11	12	13	14	15	16	17	18	19	20	21	22	23	24	25	26	27	28	29	
0	1	2	3	4	5	7	8	9	10	11	12	14	15	16	17	18	19	20	21	22	23	25	26	27	28	29	
0	1	2	3	4	5	6	7	8	9	10	11	12	13	14	15	16	17	18	19	21	22	23	24	25	26	27	28	29	
0	1	2	3	4	5	6	7	8	9	10	11	12	13	14	15	16	17	18	19	20	21	22	23	24	25	26	27	28	29	
0	1	2	3	4	5	6	7	8	9	10	11	12	13	14	15	16	17	18	19	20	21	22	23	24	25	26	27	28	29	
0	1	2	3	4	5	6	7	8	9	10	11	12	13	14	15	17	18	19	20	21	22	23	24	25	26	27	28	29	
0	1	2	3	4	5	6	7	8	9	10	11	12	13	15	17	18	19	20	21	23	24	25	26	27	28	29	
1	2	3	4	5	6	7	9	11	12	13	14	15	16	17	18	19	20	21	22	23	24	25	26	27	28	29	
0	1	2	3	4	5	6	7	9	10	12	13	14	15	16	17	18	19	20	21	22	23	24	25	26	27	29	
0	1	2	3	4	5	6	7	8	9	10	11	12	13	14	15	16	17	18	19	20	21	22	23	24	25	26	27	28	29	
0	1	2	3	4	5	6	8	9	10	11	12	13	14	15	17	18	19	20	21	22	23	24	25	26	27	29	
0	1	2	3	4	5	6	7	8	9	10	11	12	13	14	15	16	17	18	19	20	21	22	23	24	25	26	27	28	29	
0	1	2	3	4	5	6	7	8	9	10	11	12	13	14	15	16	17	18	19	20	21	22	23	24	25	27	28	29	
0	1	2	3	4	5	6	7	8	9	10	11	12	13	14	15	16	17	18	19	20	21	22	23	24	25	26	27	28	29	
0	1	2	3	4	5	6	7	8	10	12	13	14	16	17	18	19	20	21	22	23	24	25	26	27	28	29	
0	1	2	3	4	5	6	7	8	9	10	11	12	13	14	15	17	18	19	20	21	22	23	24	25	26	27	28	29	
0	2	3	4	5	6	7	8	9	10	11	12	13	14	15	16	17	18	19	20	21	22	23	24	25	26	27	28	29	
0	1	2	3	4	5	6	7	8	9	10	11	12	13	16	17	18	19	20	21	22	23	24	25	26	27	28	29	
0	1	2	3	4	5	6	7	8	10	11	12	13	14	15	16	17	18	19	20	21	22	23	24	25	26	27	28	29	
0	1	3	4	5	6	7	8	9	10	11	12	13	14	15	16	17	18	19	20	21	22	24	25	26	27	28	29	
0	1	2	3	4	5	6	7	8	9	10	11	13	14	15	16	17	18	20	21	22	23	24	26	27	28	29	
0	1	2	3	4	5	6	7	8	9	10	11	12	13	14	15	16	18	19	20	21	22	23	24	25	27	28	29	
0	1	2	3	4	5	6	7	8	9	10	11	12	13	14	15	16	17	18	19	20	21	22	23	25	26	27	28	29	
0	1	2	3	4	5	6	7	8	9	10	11	12	13	14	15	16	17	18	19	20	21	22	23	24	25	26	27	28	29	
0	1	2	3	4	5	6	7	8	9	10	11	12	13	14	15	16	17	18	19	20	21	22	23	24	25	26	28	29	
0	1	3	4	5	7	8	9	10	11	12	13	14	15	16	17	18	19	20	21	22	23	24	26	27	28	29	
0	1	2	3	4	5	6	7	8	9	10	11	12	13	15	16	17	18	19	20	21	22	23	24	25	26	27	28	29	
0	1	2	3	4	5	6	7	8	9	10	11	13	14	15	16	17	18	19	20	21	22	23	24	25	26	27	28	29	
0	1	2	3	5	6	7	8	9	10	11	12	13	15	16	17	18	19	20	21	22	24	25	26	27	28	29	
1	2	3	4	5	6	7	8	9	10	11	12	13	14	15	16	17	18	19	20	21	22	23	24	25	26	27	28	29	
0	1	2	3	4	5	7	8	9	10	11	12	13	14	15	16	17	18	19	20	21	22	23	25	27	28	29	
1	2	3	5	6	7	8	9	10	11	13	14	15	16	17	18	19	20	21	22	23	24	25	26	27	28	29	
0	1	2	4	5	6	7	8	9	10	11	12	13	14	15	16	17	18	19	20	21	22	23	24	25	26	27	28	29	
0	1	2	3	4	5	8	9	10	11	12	13	14	15	16	17	18	19	20	21	22	24	25	26	27	28	29	
0	1	2	3	4	5	6	7	8	9	10	11	13	14	15	16	17	18	19	20	21	23	24	26	27	28	29	
0	1	2	3	4	5	6	7	8	9	10	11	12	13	14	15	16	17	18	19	20	21	22	23	24	25	26	27	28	29	
0	1	2	3	4	5	6	7	8	9	10	11	12	13	14	15	16	17	18	19	20	21	22	23	24	25	26	27	28	29	
0	1	2	3	4	5	6	7	9	10	11	12	13	14	15	16	18	19	20	21	22	24	25	26	27	28	29	
0	1	2	3	4	5	6	7	8	10	11	12	13	14	15	16	17	18	19	20	21	22	23	24	25	26	27	28	29	
0	1	2	3	4	5	7	8	9	10	11	12	13	14	15	17	18	19	20	21	22	23	24	25	26	27	28	29	
0	1	2	3	4	5	6	7	8	9	10	11	12	13	14	15	16	17	18	19	20	21	22	23	24	25	26	27	28	29	
0	1	2	3	4	5	6	7	8	9	10	11	12	13	14	15	16	17	18	19	20	21	22	23	24	25	26	27	28	29	
0	1	2	3	4	5	6	7	8	9	10	11	12	13	14	15	16	18	19	21	22	23	24	26	27	28	29	
0	1	2	3	4	5	6	7	8	9	10	13	14	15	16	17	18	19	20	21	22	23	24	25	26	27	28	29	
0	1	2	3	5	6	7	8	9	10	12	13	14	15	16	17	18	19	20	21	22	23	25	26	27	28	29	
0	1	2	3	4	5	7	8	9	10	11	12	13	14	15	16	17	18	20	21	22	23	24	25	27	28	29	
0	1	3	4	5	6	7	8	10	11	12	13	14	15	16	17	18	19	20	21	22	23	24	26	27	28	29	
0	1	2	3	4	5	6	7	8	9	10	12	13	14	16	17	18	19	21	22	23	24	25	26	27	28	29	
0	1	2	3	4	5	6	7	8	9	10	11	12	13	14	15	16	17	18	19	20	21	22	23	24	25	26	27	28	29	
0	1	2	3	4	5	6	7	8	9	10	11	12	13	14	16	17	18	19	20	21	23	24	26	27	28	29	
0	1	2	3	5	6	7	8	10	11	12	14	15	16	17	18	19	20	21	22	23	24	25	26	27	28	29	
0	1	3	5	6	7	8	9	10	11	12	13	14	15	16	17	18	19	20	21	22	23	24	25	26	27	28	29	
0	1	2	3	4	5	6	7	8	9	10	12	13	14	15	16	17	18	20	21	22	23	24	25	27	28	29	
0	1	2	3	4	5	6	7	8	9	10	11	12	13	14	15	16	17	18	19	20	21	22	23	24	25	26	27	28	29	
0	1	2	3	4	5	6	7	8	9	10	11	12	13	14	15	16	17	18	19	20	21	22	23	24	25	26	27	28	29	
0	1	2	3	4	5	6	7	8	9	10	11	12	14	15	17	18	19	20	21	22	23	24	25	26	27	28	29	
0	1	2	3	4	5	6	7	8	9	10	11	12	13	15	16	17	18	19	20	21	22	23	24	25	26	27	28	29	
0	2	3	4	5	6	7	8	9	10	11	12	13	14	15	16	17	18	19	20	21	22	23	24	25	26	27	28	29	
0	1	2	3	4	5	6	7	8	9	10	11	12	13	14	15	16	17	18	19	20	21	22	23	24	25	26	27	28	29	
0	1	2	3	4	5	6	7	8	9	10	11	12	13	14	15	17	18	19	20	21	22	23	24	25	26	27	28	29	
0	1	2	3	4	5	7	8	9	10	11	12	13	14	15	16	17	18	19	20	21	22	23	24	26	27	28	29	
0	2	3	4	5	6	7	8	9	10	11	12	13	14	15	16	17	18	19	20	21	22	23	24	25	26	27	28	29	
0	1	2	3	4	5	6	7	8	10	11	12	13	14	15	16	17	18	19	20	21	22	23	24	25	26	27	28	29	
0	1	3	4	5	6	7	8	9	10	11	12	13	14	15	16	17	18	19	20	22	23	24	25	26	27	28	29	
0	1	2	3	4	5	6	7	8	9	10	13	14	15	16	17	18	19	20	21	22	23	24	25	26	27	28	29	
0	1	2	3	4	5	6	7	8	9	10	11	12	13	14	15	16	17	18	19	20	21	22	23	24	25	26	27	28	29	
0	2	3	4	5	6	7	8	9	10	11	13	14	15	16	18	19	20	21	22	23	24	25	26	27	28	29	
0	1	2	3	4	5	6	7	8	9	10	11	12	13	14	16	17	18	19	20	21	22	23	24	25	26	27	28	29	
0	1	2	3	4	5	6	7	8	9	10	13	14	15	16	17	18	19	20	21	22	24	25	26	27	28	29	
0	1	2	3	4	5	7	8	9	10	11	12	13	14	15	16	17	18	19	20	21	22	23	24	25	26	27	28	29	
0	1	2	3	4	5	6	8	9	10	11	12	13	14	15	16	17	18	19	21	22	23	24	25	27	28	29	
0	1	2	3	4	6	7	8	9	10	11	12	13	14	15	16	17	18	19	20	21	22	23	24	25	26	28	29	
0	1	2	3	4	6	7	8	9	10	11	12	13	15	16	17	18	19	20	21	22	23	24	25	26	27	28	29	
0	1	2	3	4	5	6	7	8	9	10	11	13	14	15	16	17	18	19	20	21	22	23	24	25	26	27	28	29	
0	1	2	3	4	5	6	7	8	9	12	13	14	15	16	17	18	19	21	22	23	24	25	26	27	28	29	
0	1	2	3	4	5	6	7	8	9	10	11	12	13	14	15	16	17	18	19	20	21	22	23	25	26	27	28	29	
0	1	2	3	4	5	6	7	8	9	10	11	12	13	14	15	16	17	18	19	20	21	22	23	24	25	26	27	28	29	
0	1	2	3	4	6	7	8	9	10	11	12	13	14	15	16	17	18	19	20	21	22	23	24	25	27	28	29	
0	1	2	3	4	5	6	7	8	9	10	11	12	13	14	15	16	17	18	19	20	21	22	23	24	25	26	27	28	29	
0	1	2	3	4	5	6	7	8	9	10	11	12	13	14	15	16	17	18	19	20	21	22	23	24	25	26	27	28	29	
0	1	2	3	5	7	8	10	11	12	13	14	15	16	17	18	19	20	21	22	23	24	25	26	27	28	29	
0	1	2	3	4	5	6	7	8	9	10	11	12	13	15	16	17	18	19	20	21	23	24	25	26	27	28	29	
0	1	2	3	4	5	6	7	8	9	10	11	12	13	14	15	16	18	19	20	22	23	24	25	26	27	28	29	
0	1	2	3	4	5	6	7	8	9	10	11	12	13	14	15	16	17	18	19	20	21	22	23	24	25	26	27	28	29	
0	1	2	3	4	5	6	7	8	9	10	11	12	13	14	15	16	18	19	20	21	22	23	24	25	26	27	28	29	
0	1	2	3	4	5	6	7	8	9	10	11	13	14	15	16	17	18	19	20	22	23	24	25	26	27	28	29	
0	1	2	3	4	5	6	7	8	9	10	11	12	13	14	15	16	17	19	20	21	22	23	24	25	26	27	28	29	
0	1	2	3	4	5	6	7	8	9	10	11	12	13	14	15	16	17	18	19	20	21	22	23	24	25	26	28	29	
0	1	2	3	4	5	6	7	8	9	10	11	12	13	14	15	16	17	18	19	20	21	22	23	24	25	26	27	28	29	
0	1	2	3	4	5	6	7	8	9	10	11	12	13	14	15	16	17	18	19	20	21	22	23	24	25	26	27	28	
0	1	2	3	4	5	6	7	8	9	10	11	12	13	14	15	16	17	18	19	20	21	22	23	25	26	27	28	29	
0	2	3	4	5	7	8	9	10	11	12	13	14	15	16	17	18	19	20	21	22	23	24	25	26	27	28	29	
0	1	2	3	4	5	7	8	9	10	11	12	13	14	15	16	17	18	19	20	21	22	23	24	25	26	27	28	29	
0	2	3	4	5	6	7	8	9	10	11	13	15	16	17	18	19	20	21	22	23	24	25	26	27	28	29	
0	1	3	4	5	6	7	8	9	10	11	12	13	14	15	16	17	19	20	21	22	23	24	26	27	28	29	
0	1	2	3	4	5	6	7	8	9	10	11	12	13	14	16	17	19	20	21	22	23	24	25	26	27	28	29	
0	1	2	4	5	6	7	8	9	10	11	12	14	15	16	17	18	19	20	21	22	23	24	25	27	28	29	
0	1	3	4	5	6	7	8	10	11	12	13	14	15	16	17	18	19	20	21	22	23	24	25	26	27	28	29	
0	1	2	3	4	5	6	7	8	9	10	12	13	14	15	16	17	19	20	21	22	23	24	25	26	28	29	
0	1	2	3	4	5	6	7	8	9	10	11	12	13	15	16	17	18	19	20	21	22	23	24	25	26	27	29	
0	1	2	3	4	5	6	7	8	9	10	11	12	13	14	15	16	17	18	19	20	21	22	23	24	25	26	27	28	29	
0	1	2	3	4	5	6	7	8	9	10	11	12	13	14	15	16	17	18	19	21	22	23	24	25	26	27	28	29	
0	1	2	3	4	5	6	7	8	9	10	11	12	13	14	15	16	17	18	19	20	21	22	23	24	25	26	27	28	29	
0	1	2	3	4	5	6	7	8	9	10	11	12	13	14	15	16	17	18	19	20	21	22	23	24	25	26	27	28	29	
0	1	2	3	4	5	6	7	8	9	10	11	12	13	14	15	16	17	18	19	20	21	22	23	24	25	26	27	28	29	
0	1	2	3	4	5	7	8	9	10	11	12	13	14	15	16	17	18	19	20	22	23	24	25	26	27	28	29	
0	1	2	3	4	5	6	7	9	10	11	12	13	14	15	17	18	19	20	21	22	23	24	25	26	27	28	29	
0	2	3	5	6	7	8	9	10	11	12	13	14	16	17	18	19	20	21	22	23	24	25	26	27	28	29	
0	1	2	3	4	5	6	7	8	9	10	11	12	13	14	15	16	17	18	19	20	21	22	23	24	25	26	27	28	29	
0	1	2	3	4	5	6	7	8	9	10	11	12	13	14	15	16	17	18	19	20	21	22	23	24	26	27	28	29	
0	1	2	3	4	5	6	7	8	9	10	11	12	13	14	15	16	17	19	20	21	22	23	24	25	26	27	29	
0	1	2	3	4	5	6	7	8	9	10	11	12	13	14	15	16	17	18	19	20	21	22	23	24	25	26	27	28	29	
0	1	2	3	4	5	6	7	9	10	11	12	13	14	15	16	18	19	20	21	22	23	24	26	27	28	29	
0	1	2	3	4	5	6	7	8	9	10	12	13	15	17	18	19	20	21	22	23	24	25	26	27	28	29	
0	1	2	3	4	6	7	8	10	11	12	13	15	16	17	18	19	20	21	22	23	24	25	26	27	28	29	
0	2	4	5	6	7	8	9	10	11	12	13	14	15	16	17	18	19	20	21	22	23	24	25	26	27	28	29	
0	1	2	3	4	5	6	7	8	9	10	11	12	13	14	15	16	17	18	19	20	21	22	23	24	25	26	27	28	29	
0	1	2	3	4	5	6	7	8	9	10	11	12	13	14	15	16	17	18	19	20	21	22	23	24	25	26	27	28	29	
0	1	2	3	4	5	6	7	8	9	10	11	12	13	14	15	16	17	18	19	20	21	22	23	24	25	26	27	28	29	
0	1	2	3	4	5	6	7	9	10	11	12	13	14	15	17	18	19	20	21	22	23	24	25	26	27	29	
0	1	2	4	5	6	7	8	9	10	11	12	13	14	15	16	17	18	19	20	21	22	23	24	25	26	27	28	29	
1	2	3	4	5	6	7	8	9	10	12	13	14	15	16	17	18	20	21	22	23	24	25	26	27	28	29	
1	2	3	4	5	6	7	8	9	10	11	12	13	14	15	16	17	18	19	20	21	22	24	25	26	27	28	29	
0	1	2	3	4	5	6	7	8	9	10	11	12	13	14	15	16	17	19	20	21	22	23	24	25	26	27	28	29	
0	1	2	3	4	5	6	7	8	9	10	11	12	13	14	15	16	17	18	19	20	21	22	23	24	25	26	27	28	29	
0	1	2	3	4	5	6	7	8	9	10	11	12	13	14	15	16	17	18	19	20	21	22	23	24	25	26	27	28	29	
0	1	2	3	4	5	6	7	8	9	11	13	15	16	17	18	19	20	21	22	23	24	25	26	27	28	29	
0	1	2	3	4	5	6	7	8	10	12	13	14	15	16	17	18	19	20	22	23	24	25	26	27	28	29	
0	1	2	4	5	6	7	8	9	10	11	12	13	14	15	16	17	18	19	20	21	22	23	24	25	26	27	28	29	
0	1	2	3	4	5	6	7	9	10	11	12	13	14	15	16	18	19	20	21	22	23	24	25	26	27	28	29	
2	3	4	5	6	7	8	9	10	11	12	13	14	15	16	17	18	19	20	21	22	23	24	25	26	27	28	29	
0	1	2	3	4	5	6	7	8	9	10	11	12	13	14	15	16	17	18	19	20	21	22	23	24	25	26	27	28	29	
0	1	2	3	4	5	6	7	8	9	10	11	12	13	14	15	16	17	18	19	20	21	22	23	24	25	26	27	28	29	
1	2	3	4	5	6	7	9	10	11	12	13	14	15	16	17	18	19	20	21	22	23	24	25	26	27	29	
0	1	2	3	4	6	7	8	9	10	12	13	14	15	16	18	19	20	21	22	23	24	25	26	27	28	29	
0	1	2	3	4	5	6	7	8	10	11	12	13	14	15	16	17	18	19	20	21	22	23	24	25	26	27	28	
0	1	2	3	4	6	7	8	9	10	11	12	13	14	15	16	17	18	19	20	21	22	23	24	26	27	28	29	
0	1	2	3	4	5	7	9	10	11	12	13	14	15	16	17	18	19	20	21	22	23	24	26	27	28	29	
0	1	3	4	5	6	7	8	9	11	12	13	14	15	16	17	18	19	21	22	23	24	25	26	27	28	29	
0	1	2	3	4	5	6	7	8	9	10	11	12	13	14	15	16	17	18	19	20	21	22	23	24	25	26	27	28	29	
0	1	2	3	4	5	6	7	8	9	10	11	12	13	14	15	16	17	18	19	20	21	22	23	24	25	26	27	28	29	
0	1	2	3	4	5	6	7	8	9	10	11	12	13	14	15	16	17	18	19	21	22	23	24	25	26	27	28	29	
0	1	2	3	4	5	6	7	8	9	10	11	12	13	14	15	16	17	18	19	20	21	22	23	24	25	26	27	28	
0	1	2	3	4	5	6	7	8	9	10	12	13	14	15	16	17	18	20	21	22	23	24	25	26	27	28	
0	1	2	3	4	5	6	7	8	9	10	11	12	13	14	15	16	17	18	19	20	21	22	23	24	26	27	28	29	
0	1	2	3	4	5	6	7	8	9	10	11	12	13	14	15	16	17	18	19	20	21	22	23	24	25	26	27	29	
0	1	2	3	4	5	7	8	9	10	11	12	13	14	15	16	17	18	19	20	22	23	24	25	26	27	28	29	
0	1	2	3	4	5	6	7	8	9	10	11	12	13	14	15	16	17	18	19	20	21	22	23	24	25	26	27	28	29	
0	1	2	3	4	5	6	7	8	9	10	11	12	13	15	16	17	18	19	20	21	22	23	24	25	26	27	28	29	
0	1	2	3	4	5	6	7	8	9	10	11	12	13	14	15	16	17	18	19	20	21	22	23	24	25	26	27	28	29	
0	1	2	3	4	5	6	7	8	9	10	11	12	13	14	15	16	17	18	19	21	22	23	24	25	26	27	28	29	
0	1	2	3	4	5	6	7	8	9	10	11	12	13	14	15	16	17	18	19	20	21	22	23	24	25	26	27	28	29	
0	1	2	3	4	5	6	7	8	10	11	12	13	14	15	16	17	18	19	20	21	22	23	24	25	26	27	29	
1	2	3	4	5	6	7	8	9	10	11	12	13	14	15	16	17	18	19	20	21	22	24	25	26	27	28	29	
0	1	2	3	4	5	6	7	8	9	11	12	13	14	15	16	17	18	19	20	22	23	24	25	26	27	28	29	
1	2	3	4	5	6	7	8	9	10	11	12	13	14	16	18	19	20	21	22	23	24	25	26	27	28	29	
0	1	2	3	4	5	6	7	8	9	10	11	12	13	15	16	17	18	19	20	21	22	23	24	25	26	27	28	29	
0	1	2	3	4	5	6	7	8	9	10	11	12	13	14	15	16	17	18	19	20	21	22	23	25	26	27	28	29	
0	1	2	3	4	5	6	8	9	10	11	12	13	14	15	16	17	18	19	20	21	22	23	24	25	26	27	28	29	
0	1	3	4	5	6	7	8	9	10	11	12	13	14	15	17	18	19	20	21	22	23	24	25	26	27	28	29	
0	1	2	3	4	5	6	7	8	9	10	11	12	13	14	15	16	18	19	20	21	22	23	24	25	26	27	29	
0	1	2	3	4	5	6	7	8	9	10	11	12	13	14	15	16	17	18	19	20	21	22	23	24	25	26	27	28	29	
0	1	2	3	4	5	6	7	9	10	11	12	13	14	15	16	17	18	19	20	21	22	25	26	27	28	29	
0	1	2	3	4	5	6	7	8	9	10	11	12	13	14	15	16	17	18	19	20	21	22	23	24	25	26	27	28	29	
0	1	2	3	4	5	6	7	8	9	10	11	12	13	14	15	16	17	20	21	22	23	25	26	27	28	29	
0	1	2	3	4	5	6	8	9	10	11	12	13	14	15	16	17	18	19	20	21	22	23	24	25	26	27	28	
0	2	3	4	5	6	7	8	9	10	11	12	13	14	15	16	17	18	19	20	21	22	23	24	25	26	27	29	
0	1	2	3	4	5	7	8	10	11	12	13	14	15	16	17	18	19	20	21	22	23	24	25	26	27	28	29	
0	1	2	3	4	5	8	9	10	11	12	14	15	16	17	18	19	20	21	22	23	24	25	26	27	28	29	
0	1	2	3	4	5	7	8	9	10	11	12	13	14	15	16	17	18	19	20	21	22	23	24	25	26	27	28	29	
1	2	3	4	5	6	7	8	9	10	11	12	13	14	15	16	18	19	20	21	22	23	24	25	26	27	29	
0	1	2	3	4	5	6	7	8	9	10	11	12	13	14	15	17	18	19	20	21	22	23	24	26	27	28	29	
0	1	2	3	4	5	7	8	9	10	11	12	13	14	15	16	17	18	19	20	21	22	23	24	25	26	27	28	29	
0	1	2	3	4	5	6	7	8	9	11	12	13	14	15	16	17	19	21	22	23	24	25	26	27	28	29	
0	1	2	3	4	5	6	7	8	9	10	11	12	13	14	15	16	17	18	19	20	21	22	23	24	25	26	27	28	29	
0	1	2	3	4	5	7	8	9	10	11	12	13	14	15	16	17	18	19	20	21	22	23	24	25	26	27	28	29	
0	1	2	3	4	5	6	7	8	9	10	11	12	13	14	15	16	17	18	19	20	21	22	23	24	26	27	28	29	
0	1	2	3	4	5	6	7	8	9	10	11	12	13	14	15	16	17	18	21	22	23	24	25	26	27	28	29	
0	1	2	3	4	5	6	7	8	9	10	11	12	13	14	16	17	18	19	20	21	22	23	24	25	26	28	29	
0	1	2	3	4	5	6	7	8	9	10	11	12	13	14	15	16	17	18	19	20	21	22	23	24	25	26	27	28	29	
0	1	2	3	4	5	6	7	8	9	10	11	12	13	14	15	16	17	18	19	20	21	22	23	24	25	26	27	28	29	
0	1	2	3	4	5	6	7	9	10	11	12	13	14	15	17	18	19	20	21	22	23	24	25	26	27	28	29	
0	1	2	3	4	5	6	7	8	9	10	11	12	13	14	15	16	17	18	19	21	22	24	26	27	28	29	
0	1	2	3	4	5	6	8	9	10	12	13	14	15	16	17	18	19	20	21	22	24	25	26	27	28	29	
1	2	3	4	5	6	7	9	10	11	12	13	14	15	16	17	18	19	20	22	23	24	25	26	27	28	29	
0	1	3	4	5	6	7	8	9	10	11	12	13	14	15	16	17	19	20	22	23	24	25	26	27	28	29	
0	1	2	3	4	5	6	7	8	9	10	11	12	13	14	15	16	17	19	20	21	22	23	24	25	26	28	29	
0	1	2	3	4	5	6	7	8	9	10	11	12	14	15	16	17	18	19	20	21	22	23	24	25	26	27	28	29	
0	1	2	3	4	5	6	7	8	9	10	11	12	13	14	15	16	17	19	20	21	22	23	24	25	26	27	28	29	
0	1	2	3	4	5	6	7	8	9	10	11	12	13	14	15	16	17	18	19	20	21	22	23	24	25	26	27	28	29	
1	2	3	4	5	6	7	8	9	10	11	12	13	14	16	17	18	19	20	21	22	23	24	25	26	27	28	29	
0	1	2	3	4	6	7	8	9	10	11	12	13	14	15	16	17	18	19	20	21	22	23	24	25	26	27	28	29	
0	1	2	3	4	5	7	8	9	10	12	13	14	15	16	17	18	19	20	21	22	23	24	25	26	27	28	29	
0	1	3	4	5	6	7	8	9	10	11	12	13	14	15	16	17	18	19	20	21	22	23	24	25	26	27	28	29	
0	1	2	3	4	5	6	7	8	9	10	11	12	13	14	15	16	17	18	19	20	21	22	23	24	25	26	27	28	29	
0	2	3	4	5	6	7	8	9	10	11	12	13	15	16	17	18	19	20	21	22	23	24	25	26	27	28	29	
0	1	2	3	4	5	6	7	8	9	10	11	12	13	14	15	16	17	18	19	20	21	22	23	24	25	26	27	28	29	
0	1	2	3	4	5	6	7	8	9	10	11	12	13	14	15	16	17	18	19	20	21	22	23	24	25	26	27	28	29	
0	1	2	3	4	5	6	7	8	9	10	11	12	13	14	15	16	17	18	19	20	21	22	23	24	25	26	27	28	29	
0	1	2	3	4	5	6	7	8	9	10	11	12	13	14	15	16	17	18	19	20	21	22	23	24	25	26	27	28	29	
0	1	2	3	4	5	6	7	8	9	10	11	12	13	14	15	17	18	19	20	21	22	23	24	25	26	27	28	29	
1	2	3	4	5	6	7	8	10	11	12	13	14	15	16	17	18	19	20	21	22	23	24	25	27	28	29	
0	1	2	3	4	5	6	7	8	9	10	12	13	14	15	16	17	18	19	21	22	23	24	26	27	28	29	
0	1	2	3	4	5	6	7	8	9	10	11	12	13	14	15	16	17	18	19	20	21	22	23	24	25	26	27	28	29	
0	1	2	3	4	5	6	7	8	9	10	11	12	13	14	15	16	17	18	19	20	21	22	23	24	25	26	27	28	29	
0	1	2	3	4	5	6	7	8	9	10	11	12	13	14	15	16	17	18	19	20	21	22	23	24	25	26	27	28	29	
0	1	2	3	4	5	6	7	8	9	10	11	12	13	14	15	16	17	18	19	20	21	22	23	24	25	26	27	28	29	
0	1	2	3	4	5	6	7	8	10	11	12	13	14	16	17	18	19	20	21	22	23	25	26	27	28	29	
1	2	3	4	5	6	7	8	9	10	11	12	13	14	15	16	17	18	19	20	21	22	23	26	27	28	29	
0	1	2	3	4	5	6	7	8	9	10	11	12	13	14	15	16	17	18	19	20	22	23	25	26	27	28	29	
0	1	2	3	4	5	7	8	9	10	11	12	13	14	15	16	17	18	19	20	21	22	23	24	25	26	27	28	29	
0	1	2	3	4	5	6	7	8	9	10	11	12	13	14	15	16	17	18	19	20	21	22	24	25	26	27	28	29	
0	1	2	4	6	7	8	9	10	11	12	13	14	15	16	17	18	19	20	21	22	23	24	25	26	27	28	29	
0	1	2	3	4	5	6	7	9	10	11	12	13	14	16	17	18	20	21	22	23	24	25	26	27	28	29	
0	1	2	3	4	5	6	7	8	9	10	11	12	13	14	15	16	17	18	19	20	21	22	23	24	25	26	27	28	29	
0	1	2	3	4	5	6	8	9	10	11	12	13	14	15	16	17	18	19	20	21	22	23	24	25	26	29	
0	1	2	4	5	6	7	8	9	10	11	12	13	14	15	16	17	18	19	20	21	22	23	24	25	26	27	29	
0	1	2	3	4	5	6	7	8	9	11	12	13	14	15	16	17	18	21	22	23	24	25	26	27	28	29	
0	1	2	3	4	5	6	7	8	9	10	11	12	13	14	15	16	17	18	19	20	21	22	23	24	25	27	28	29	
0	1	2	3	4	5	6	7	8	9	10	11	12	13	14	15	16	17	18	19	20	21	22	23	24	25	26	27	28	29	
0	1	2	3	4	5	6	7	8	9	10	11	12	13	14	15	16	17	18	19	20	21	22	23	24	25	26	27	28	29	
0	1	2	4	5	6	7	8	9	10	11	12	13	14	15	16	17	18	20	21	22	23	24	25	26	27	28	29	
0	1	2	3	4	5	7	8	9	10	11	12	13	14	15	16	17	18	19	20	21	22	23	24	25	26	27	28	29	
0	1	2	4	5	6	7	8	9	11	12	13	14	15	16	17	18	19	20	21	22	23	24	25	26	27	28	29	
0	1	2	3	4	5	6	7	8	9	10	11	12	13	14	15	16	17	18	19	20	21	22	23	24	25	26	27	28	29	
0	1	2	3	4	6	7	8	9	10	11	12	13	14	15	16	17	18	19	20	21	22	23	24	25	26	27	28	29	
0	1	2	3	4	5	6	7	8	9	10	11	12	13	14	15	16	17	18	19	20	21	23	24	25	26	27	28	29	
0	1	2	3	4	5	6	7	8	9	10	11	12	13	14	16	17	18	19	20	21	22	24	25	26	27	28	29	
0	1	2	3	4	5	6	7	8	9	10	11	12	14	15	16	17	18	19	20	22	23	24	25	26	27	28	29	
0	2	3	4	5	6	7	8	9	10	11	12	13	14	15	16	17	18	19	20	21	22	24	25	26	27	28	29	
0	1	2	3	4	5	6	7	8	9	10	12	13	14	15	16	17	18	19	20	21	22	23	25	26	27	28	29	
0	1	2	3	4	5	6	7	8	9	10	11	12	13	14	15	17	18	19	20	21	22	23	24	25	26	27	28	29	
0	1	2	3	4	5	6	7	8	9	10	11	12	13	14	15	16	17	18	19	20	21	22	23	24	25	26	27	28	29	
0	1	2	3	4	5	6	7	8	9	10	11	12	13	14	15	16	17	18	19	20	21	22	24	25	26	27	28	29	
0	1	2	3	4	5	6	7	8	9	10	11	12	13	14	15	16	17	18	19	20	21	22	23	24	25	26	27	
0	1	2	3	4	5	6	7	8	9	10	11	12	13	14	15	16	18	19	20	21	22	23	24	25	26	27	28	29	
0	1	2	3	4	6	7	8	9	12	13	14	15	16	17	18	19	20	21	22	23	24	25	26	27	28	29	
0	1	2	3	4	5	6	7	8	9	10	11	12	13	14	15	16	17	18	19	20	21	22	23	24	25	26	27	28	29	
0	1	2	3	4	5	6	7	8	9	11	12	13	14	15	16	17	18	19	20	21	22	23	24	25	26	27	28	29	
0	1	2	3	4	5	6	7	8	9	10	11	12	13	14	15	17	18	19	20	21	22	23	24	26	27	29	
0	1	3	4	5	6	7	8	9	10	11	12	13	14	15	16	17	18	19	20	21	22	23	24	25	26	27	28	29	
0	1	2	3	4	5	6	7	8	9	10	11	12	13	14	15	16	17	18	19	20	21	22	23	24	25	26	27	28	29	
0	1	2	3	4	5	6	7	8	9	10	11	12	13	14	15	16	17	18	19	20	21	22	23	24	25	26	27	28	29	
0	1	2	3	4	5	6	7	8	9	10	11	12	13	14	15	16	17	18	19	20	21	23	24	25	26	27	28	29	
0	1	2	3	4	5	6	7	8	9	10	11	12	13	14	15	16	17	18	19	20	21	22	23	24	25	26	27	28	29	
0	1	2	3	4	5	6	7	8	9	10	11	12	13	14	16	17	18	19	20	21	22	23	24	25	26	27	28	29	
0	1	2	3	4	5	6	7	9	10	11	12	13	14	15	16	17	18	19	20	21	22	23	24	25	27	28	29	
0	1	2	3	4	5	6	7	8	9	10	11	12	13	14	15	16	17	18	19	21	22	23	24	25	26	27	28	29	
0	1	2	4	5	6	7	8	9	10	11	12	13	14	15	16	17	18	19	21	22	23	24	25	26	27	28	29	
0	1	3	4	5	6	7	8	9	10	11	12	13	14	15	16	18	19	20	21	22	23	24	25	26	27	28	29	
0	1	3	4	5	6	7	8	9	10	11	12	13	16	17	18	19	20	21	22	23	24	25	26	27	28	29	
0	1	2	3	4	5	6	7	8	9	10	11	12	13	14	15	16	17	18	19	20	21	22	24	25	26	27	28	29	
0	1	2	3	4	5	6	7	8	9	10	11	12	13	14	15	16	17	18	19	20	21	22	23	24	25	26	28	29	
0	1	2	3	4	5	7	8	9	10	11	12	13	14	15	16	17	18	19	20	21	22	23	24	26	27	28	29	
0	1	2	3	4	5	6	7	8	9	10	11	12	13	14	15	16	17	18	19	20	21	22	23	24	25	26	27	28	29	
0	1	2	3	4	5	6	7	8	9	10	11	12	13	14	15	16	17	18	19	20	21	22	23	24	25	26	27	28	29	
0	1	2	3	4	5	7	8	9	10	11	12	13	14	16	17	18	19	20	21	22	23	24	25	26	27	28	29	
0	1	2	3	4	5	6	7	8	9	10	11	12	13	14	15	16	17	18	19	20	21	22	23	24	25	26	27	28	29	
0	1	2	3	4	5	6	7	9	10	11	12	13	15	16	17	18	19	20	21	22	24	25	26	27	28	29	
0	1	2	3	4	5	6	7	8	9	10	11	12	14	15	16	17	18	19	20	21	22	23	24	25	26	27	28	29	
0	1	2	3	4	5	6	7	8	9	10	11	12	13	14	15	16	17	18	19	20	21	22	23	24	25	26	27	29	
0	1	2	3	4	5	6	7	8	9	10	11	12	13	14	15	16	17	18	19	20	21	22	23	24	25	26	27	29	
0	1	2	4	5	6	7	8	9	10	11	12	13	14	15	16	17	18	19	20	21	22	23	24	25	26	27	28	29	
0	1	2	3	4	5	6	7	8	9	11	12	13	14	15	16	17	18	19	20	21	22	23	24	25	26	27	28	29	
0	1	2	3	4	5	6	7	8	9	10	11	12	13	14	15	16	17	18	19	20	21	22	23	24	25	26	27	28	29	
0	1	2	3	4	5	6	7	8	9	10	11	12	13	14	15	16	17	18	19	20	21	22	23	25	26	27	28	29	
0	1	2	3	4	5	6	7	8	9	10	11	12	13	14	15	16	17	20	21	22	23	24	25	26	27	28	29	
0	2	3	4	5	6	7	8	9	10	11	12	15	16	17	18	19	20	21	22	23	24	25	26	27	28	29	
0	1	2	3	4	5	6	7	8	9	10	11	12	13	14	16	17	18	19	20	21	22	23	24	25	26	27	28	
0	1	2	3	4	5	6	7	8	9	10	12	13	14	15	16	17	18	19	20	21	23	24	25	27	28	29	
0	1	2	3	4	5	6	7	8	9	10	11	12	13	14	15	16	17	18	19	20	21	22	23	24	25	26	27	28	29	
0	1	2	3	4	5	6	7	8	9	10	11	12	13	14	15	16	17	18	19	20	21	22	23	24	25	26	27	28	29	
0	1	2	3	4	5	6	7	8	9	10	11	12	13	14	15	16	17	18	19	20	21	22	23	24	25	26	27	28	29	
0	1	2	3	4	5	6	7	8	9	10	11	12	13	14	15	16	17	18	19	20	21	23	24	25	26	27	28	29	
0	1	2	3	4	5	6	7	8	9	10	11	12	13	14	15	16	17	18	19	20	21	22	23	24	25	26	27	28	29	
0	1	2	3	4	6	8	9	10	11	12	13	14	15	16	17	19	20	21	22	23	24	25	26	27	28	29	
0	1	2	3	5	6	7	8	9	10	12	13	14	15	16	17	18	19	20	22	23	24	25	26	27	28	29	
1	2	3	4	5	6	7	8	9	10	11	12	13	14	15	16	17	18	19	20	22	23	24	25	26	27	28	29	
0	1	2	3	5	6	7	8	9	10	11	12	13	14	15	16	17	18	19	20	21	22	23	24	25	26	27	28	29	
0	1	2	3	4	5	6	7	9	10	11	12	13	14	15	16	17	18	19	20	21	22	23	24	25	26	27	28	29	
0	1	2	3	4	5	6	7	8	9	10	11	12	13	14	15	16	17	18	19	20	21	22	23	24	25	26	27	28	29	
0	1	2	3	4	5	6	7	8	9	10	11	12	13	14	15	16	17	18	19	20	21	22	23	24	25	26	27	28	29	
0	1	2	3	4	5	6	7	8	9	10	11	12	13	14	15	16	17	18	19	20	21	22	23	24	25	26	27	28	29	
0	1	2	3	4	5	6	7	8	10	11	12	13	14	15	16	17	18	19	20	22	23	24	25	26	27	28	29	
0	1	3	4	5	6	7	9	10	11	12	13	14	15	16	17	18	19	20	21	22	23	24	25	26	27	28	29	
0	1	2	3	4	5	6	7	8	9	10	11	12	13	14	15	16	17	18	19	20	21	22	23	24	25	26	27	28	29	
0	2	3	4	5	6	7	8	9	10	11	12	13	15	17	18	19	20	21	22	23	24	25	26	27	28	29	
0	1	2	3	4	5	6	7	8	9	10	11	12	13	14	15	16	17	18	19	20	21	22	25	26	27	28	29	
0	1	2	4	5	6	7	8	9	10	11	12	13	14	15	16	17	18	19	20	21	22	23	24	25	26	28	29	
0	1	2	3	4	5	6	7	8	9	10	12	13	14	15	16	17	18	19	21	22	23	24	25	26	27	28	29	
0	1	2	3	4	5	6	7	8	9	10	11	12	13	14	15	16	17	18	19	20	21	22	23	24	25	26	27	28	29	
0	2	3	4	5	6	7	8	9	10	11	12	13	14	15	16	17	18	19	20	21	22	23	24	25	26	27	28	29	
0	1	2	3	4	5	6	7	8	9	10	11	12	13	14	16	17	18	19	20	21	22	23	24	25	26	27	28	29	
0	1	2	3	4	5	7	8	9	10	12	14	15	16	17	18	19	20	21	22	23	24	25	26	27	28	29	
0	1	2	3	4	5	6	7	8	9	10	11	12	13	14	15	16	17	18	19	20	21	23	24	25	26	28	29	
0	1	2	3	5	6	7	8	9	10	11	12	13	14	15	16	17	18	19	20	21	22	23	24	25	26	28	29	
0	1	2	3	4	5	6	7	8	9	10	11	12	13	14	15	16	17	18	19	20	21	22	23	24	25	26	27	28	29	
1	2	3	4	5	6	7	8	9	10	11	12	13	14	15	16	17	18	19	20	21	23	24	25	26	27	28	29	
0	1	2	3	4	5	6	7	8	9	10	11	12	13	14	15	16	17	18	19	20	21	22	23	24	25	26	27	28	29	
0	1	4	5	6	7	8	9	10	11	13	14	15	16	17	18	19	20	21	22	23	24	25	26	27	28	29	
0	1	2	3	4	5	6	7	8	9	10	11	12	13	14	15	16	17	18	19	20	22	23	24	25	26	27	28	29	
0	1	2	3	4	5	6	7	8	9	10	11	12	13	14	15	16	17	18	19	20	21	22	23	24	25	26	27	28	29	
0	1	2	3	4	6	7	8	9	10	11	12	14	15	16	17	18	19	20	21	22	23	24	26	27	28	29	
0	1	2	3	4	5	6	7	8	9	10	12	13	15	16	17	18	19	20	21	22	23	24	25	26	27	28	29	
0	1	2	3	4	5	6	7	8	9	10	11	12	13	14	15	16	17	18	19	20	21	22	23	24	25	26	27	28	29	
0	1	2	3	4	5	6	7	8	9	10	11	12	13	14	15	16	17	18	19	20	21	22	23	24	25	26	27	28	29	
0	1	2	3	4	5	6	7	8	9	10	11	12	13	14	15	16	17	18	19	20	21	22	23	24	25	26	27	28	29	
0	1	2	4	5	6	7	8	9	10	11	12	13	14	15	16	17	18	19	20	21	22	23	25	27	28	29	
0	1	3	4	5	6	7	8	9	10	11	12	13	14	16	17	18	19	20	21	22	23	24	25	26	28	29	
0	1	2	3	4	5	6	7	8	9	10	11	13	14	15	16	17	18	20	22	23	24	25	26	27	28	29	
0	1	2	3	4	5	6	7	8	9	10	11	12	13	15	16	17	18	19	20	21	22	23	24	25	26	27	29	
0	1	2	3	4	5	6	7	8	9	10	11	12	13	14	15	16	17	18	19	21	22	23	24	25	26	27	28	29	
0	1	2	3	4	5	6	7	9	10	12	13	14	15	16	17	18	20	21	22	23	24	25	26	27	28	29	
0	1	2	3	4	5	6	7	8	9	10	11	12	13	14	15	16	17	18	19	20	21	22	23	24	25	26	27	28	29	
0	1	2	3	4	5	6	7	8	9	10	11	12	13	14	15	16	17	18	19	20	21	22	23	24	25	26	27	28	29	
0	1	2	3	4	5	6	7	8	9	10	11	12	13	14	15	16	17	18	19	20	21	22	23	24	25	26	27	28	29	
0	1	2	3	4	5	6	7	8	9	10	11	13	14	15	16	17	18	19	20	21	22	23	24	25	26	27	29	
0	1	2	3	4	5	6	7	8	9	10	11	12	13	14	15	16	17	18	19	20	21	22	23	24	25	26	27	28	29	
0	1	3	4	5	6	7	8	9	10	11	12	13	14	15	16	17	18	19	20	21	22	23	24	25	26	27	28	29	
0	1	2	3	4	5	6	7	8	9	10	11	12	13	14	15	16	17	19	20	21	22	23	24	25	26	27	28	29	
0	1	2	3	4	5	6	7	8	9	10	11	12	13	14	15	16	17	18	19	20	21	23	24	25	26	27	28	29	
0	1	2	3	4	5	6	8	9	10	11	12	13	14	15	16	17	18	19	20	21	22	23	24	25	26	27	28	29	
0	1	2	3	4	5	6	7	8	9	11	12	13	14	15	16	17	19	20	21	22	23	24	25	26	27	28	29	
0	1	2	3	4	6	7	8	9	10	11	13	14	15	16	17	18	19	21	22	23	24	25	26	27	28	29	
0	1	3	4	5	6	7	8	10	11	12	13	14	15	16	17	18	19	20	21	22	23	24	25	26	27	28	29	
0	1	2	3	4	5	6	8	9	10	11	12	13	14	16	17	18	19	20	21	22	24	25	26	27	28	29	
0	1	2	3	4	5	6	7	9	10	11	12	13	14	15	16	17	18	19	20	21	22	23	25	26	27	28	29	
0	1	2	3	4	5	6	7	8	9	10	11	12	13	14	15	16	17	19	20	21	22	23	24	25	26	28	29	
0	1	2	3	4	5	6	7	8	9	10	11	12	13	14	15	16	17	18	19	20	21	22	23	24	25	26	27	28	29	
0	1	2	4	5	6	7	8	9	10	11	12	13	14	15	16	17	18	21	22	23	24	25	26	27	28	29	
1	2	3	4	5	6	7	8	9	10	11	12	13	14	15	16	18	19	20	21	22	23	24	25	26	27	28	29	
0	1	2	3	4	5	6	7	8	9	10	11	12	13	14	16	17	18	19	20	21	22	23	24	26	28	29	
0	1	2	3	4	5	6	7	8	9	10	11	12	13	14	15	16	17	18	19	20	21	22	23	24	25	26	27	28	29	
0	1	2	3	4	5	6	7	8	9	10	11	12	13	14	15	16	17	18	19	20	21	22	23	24	25	26	27	28	29	
0	1	2	3	4	5	6	7	8	9	10	11	12	14	15	16	17	18	19	20	21	23	24	25	26	27	29	
0	1	2	3	4	5	6	7	8	9	10	11	12	13	14	15	16	17	18	19	20	21	22	23	24	25	27	28	29	
0	1	2	3	4	5	6	7	8	9	10	11	12	13	14	15	16	17	18	19	20	21	22	23	24	26	27	28	29	
0	1	2	3	4	5	6	7	8	9	10	11	12	13	14	15	16	17	18	19	20	21	22	23	24	25	26	27	28	29	
0	1	2	3	4	5	6	7	8	9	10	11	12	13	14	15	16	17	18	19	20	21	22	24	25	26	27	28	29	
0	2	3	4	5	6	7	8	9	10	11	12	13	14	15	16	17	18	19	20	21	22	23	24	25	26	27	28	29	
0	1	2	3	4	5	6	7	8	9	10	11	12	13	14	15	16	17	18	19	20	21	22	23	24	25	26	27	28	29	
0	2	3	4	5	6	7	8	9	10	11	12	13	14	15	16	17	18	19	20	21	22	24	25	26	27	28	29	
0	1	2	3	4	5	6	7	8	9	10	11	12	13	14	15	16	17	18	20	21	22	23	24	25	27	28	29	
0	1	2	3	4	5	6	7	8	9	10	11	12	13	14	15	16	17	18	19	20	21	22	23	24	25	26	27	28	29	
0	1	2	3	4	5	6	7	8	11	12	14	15	16	17	18	19	20	21	22	23	24	25	26	27	28	29	
0	1	3	4	5	6	7	8	9	10	11	12	13	15	17	18	19	20	21	22	23	24	25	26	27	28	29	
0	1	2	3	4	5	6	7	8	9	11	12	13	14	15	16	17	18	19	20	21	22	23	24	25	26	27	28	29	
0	1	2	3	4	5	6	7	8	9	10	11	12	15	16	17	18	19	20	21	22	23	24	26	27	28	29	
0	1	2	3	4	5	6	7	8	9	10	11	12	13	14	15	16	17	18	19	20	21	22	23	24	25	26	27	28	29	
0	2	3	4	5	6	7	8	9	10	11	12	13	14	15	16	17	18	19	20	21	22	23	24	25	27	28	29	
0	1	2	3	4	5	6	8	9	10	12	13	14	15	16	17	18	19	20	21	22	23	24	25	26	27	28	
0	1	2	3	4	5	6	7	8	9	10	11	12	13	14	15	16	17	18	19	20	21	22	23	24	25	26	27	29	
0	1	2	3	4	5	6	7	8	9	10	12	13	14	15	16	17	18	19	20	21	22	23	24	25	26	27	28	29	
0	1	2	3	4	5	6	7	8	9	10	11	12	13	14	15	16	17	18	19	20	21	22	23	24	25	26	27	28	
0	1	2	3	4	5	6	7	8	9	10	11	12	13	14	15	16	17	18	19	20	21	22	23	24	25	26	27	28	29	
0	1	2	3	4	5	6	8	9	10	11	12	13	14	15	17	18	20	21	22	23	24	25	26	27	28	29	
0	1	2	3	4	5	6	7	8	9	10	11	12	13	14	15	16	17	18	19	20	21	22	23	24	25	26	27	28	29	
0	1	2	3	4	5	6	7	8	9	11	12	13	14	15	16	17	19	20	21	22	23	24	25	26	27	28	29	
0	1	2	3	4	5	6	7	8	9	10	11	13	14	15	16	17	18	19	20	21	22	23	24	26	27	28	
0	1	2	3	4	5	6	7	8	9	11	12	13	14	15	16	17	18	19	20	21	22	23	25	27	28	29	
0	1	2	3	4	5	6	7	9	10	11	12	13	14	15	16	17	18	19	20	21	23	24	25	26	27	28	29	
0	1	2	3	4	5	6	7	8	9	10	11	12	13	14	15	16	17	18	19	20	21	22	23	24	25	26	27	28	29	
0	1	2	3	4	5	6	7	8	9	10	11	12	13	14	15	16	17	18	19	20	21	22	23	24	25	26	27	28	29	
0	1	2	3	5	6	7	8	9	10	11	12	13	14	15	16	17	18	19	20	21	22	23	24	25	26	29	
0	2	3	4	5	6	8	9	10	11	12	13	14	15	16	17	18	19	20	21	22	23	24	25	26	27	28	29	
0	1	3	4	5	6	7	8	9	10	11	12	13	14	15	16	17	18	19	20	21	22	23	24	25	26	27	28	29	
0	1	2	3	4	5	6	7	9	10	11	13	14	15	16	17	18	19	20	21	23	24	25	26	27	28	29	
0	1	2	3	4	6	7	9	10	11	12	13	14	15	16	17	18	19	21	22	23	24	25	26	27	28	29	
0	1	2	3	4	5	6	7	8	9	10	11	12	13	14	15	16	17	18	19	20	21	23	24	25	26	27	28	29	
0	1	2	3	4	5	6	7	8	9	10	11	12	13	14	15	16	17	18	19	20	21	22	23	24	26	27	28	29	
0	1	2	3	4	5	6	7	8	9	10	11	12	13	14	15	16	17	18	19	20	21	22	23	24	25	26	27	28	29	
0	1	4	5	6	7	8	9	10	11	12	13	14	15	16	17	18	19	20	21	22	23	24	25	26	27	28	29	
0	1	2	3	4	5	6	7	8	9	10	11	12	14	15	16	17	18	19	20	21	22	23	24	25	26	27	28	29	
0	1	2	3	4	5	6	7	8	9	10	11	12	13	14	15	17	18	21	22	23	24	25	26	27	28	29	
0	1	2	3	4	5	6	7	9	10	11	12	13	14	15	17	18	19	20	21	22	23	24	25	26	27	28	29	
0	1	2	3	4	5	7	8	9	10	11	13	14	15	16	17	18	19	20	21	22	23	24	25	26	27	28	29	
0	1	2	4	5	6	7	8	9	10	11	12	13	14	15	16	17	18	19	20	22	24	25	26	27	28	29	
0	1	2	3	4	5	6	7	8	10	11	12	13	14	15	16	17	19	20	21	22	23	24	25	26	27	28	29	
0	1	2	3	4	5	6	7	8	9	10	11	12	13	14	15	16	17	18	19	20	21	22	23	24	25	26	27	28	29	
0	1	2	3	4	5	6	7	8	10	11	12	13	14	15	16	17	18	19	20	21	22	23	24	26	27	29	
0	1	2	3	4	5	6	7	8	9	10	11	13	14	15	16	17	18	19	21	22	23	25	26	27	28	29	
0	1	2	3	4	5	6	7	8	9	10	11	12	13	14	15	16	17	18	19	20	21	22	25	26	27	28	29	
0	1	2	3	4	5	6	7	8	10	11	12	13	14	15	16	17	18	19	21	22	23	24	25	26	27	28	29	
0	1	2	3	5	6	7	8	9	10	11	12	13	14	15	16	17	18	19	20	22	23	24	25	26	28	29	
0	1	2	3	4	5	6	7	8	9	10	11	12	13	14	15	16	17	18	19	20	21	22	23	24	25	26	27	28	
0	1	2	3	4	5	6	8	9	11	12	13	14	15	16	17	18	19	20	21	22	23	24	25	26	27	28	29	
0	1	2	3	4	5	6	7	8	9	12	14	15	16	17	18	19	20	21	22	23	24	25	26	27	28	29	
0	1	2	3	4	5	7	8	9	10	11	12	13	14	15	16	18	19	20	21	22	23	24	25	26	28	29	
0	1	2	3	4	5	6	7	8	9	10	11	12	13	14	15	16	17	18	19	20	21	22	23	24	25	26	27	28	29	
0	1	3	4	5	6	7	8	9	10	11	12	13	14	16	17	18	19	20	21	22	23	24	25	26	27	28	29	
0	1	2	3	4	5	6	7	8	9	10	11	12	13	14	15	16	17	18	19	20	21	22	23	24	25	26	27	28	29	
0	1	3	4	5	6	7	8	9	10	11	12	13	14	15	16	17	18	19	20	21	22	23	24	25	26	27	28	29	
0	1	2	3	4	5	6	7	8	9	10	12	13	14	15	16	17	18	19	20	21	22	23	24	25	26	27	28	29	
0	1	2	3	4	5	6	7	8	9	10	11	12	13	14	15	16	17	19	20	21	22	23	24	25	26	28	29	
0	1	2	3	4	5	6	7	8	9	11	12	13	15	16	17	18	19	20	21	22	23	24	25	26	27	28	29	
1	2	3	4	5	6	7	8	9	10	11	12	13	14	16	17	18	19	20	21	22	23	24	25	26	27	28	29	
0	1	2	3	4	5	6	7	8	9	10	11	12	13	14	15	16	17	18	19	21	22	23	25	26	27	28	29	
0	1	2	3	4	5	6	7	8	9	10	11	12	13	14	15	16	17	18	19	20	21	22	23	27	28	29	
0	1	2	3	4	5	6	7	8	10	11	12	13	15	16	17	18	19	20	21	22	23	24	25	26	27	28	29	
0	1	2	3	4	5	6	7	8	9	10	11	12	13	14	15	16	17	18	19	20	21	22	23	24	25	26	27	28	29	
0	1	2	3	4	5	6	7	8	9	10	12	13	14	15	16	17	18	19	20	21	22	23	24	25	26	27	28	29	
0	1	2	3	4	5	6	7	8	9	10	11	12	13	14	15	16	17	18	20	21	22	23	25	26	27	28	29	
0	2	3	4	5	6	7	8	10	11	12	13	14	15	16	17	18	19	20	21	22	24	25	26	27	28	29	
0	1	2	3	4	5	6	7	8	9	10	11	12	13	14	15	16	17	18	19	20	21	23	24	25	26	27	28	29	
0	1	2	3	4	5	6	7	8	9	10	11	12	13	14	16	17	18	19	20	21	22	23	25	26	27	28	29	
0	1	3	5	6	7	8	9	10	11	12	13	14	15	16	17	18	19	20	21	22	23	24	25	26	27	28	29	
0	1	2	3	4	5	6	7	8	9	11	12	13	14	15	16	17	19	20	21	22	23	24	25	26	27	28	29	
0	1	2	3	4	5	6	7	8	9	10	11	12	13	14	15	16	17	18	19	20	21	22	23	24	25	26	27	28	29	
0	1	2	3	4	5	6	7	8	9	10	11	12	13	14	15	16	17	18	19	20	21	23	25	26	27	28	29	
0	1	2	3	4	5	6	7	8	9	10	11	12	13	15	16	17	18	19	20	21	22	23	24	25	26	27	28	29	
0	1	2	3	4	5	6	7	8	9	10	11	12	13	14	15	16	17	18	19	20	21	22	23	24	25	26	27	28	
0	1	2	3	4	5	6	7	8	9	10	11	12	13	14	15	16	17	18	19	20	21	22	23	24	25	26	27	28	29	
0	1	2	3	4	5	6	8	9	11	12	13	15	16	17	18	19	20	21	22	23	24	25	26	27	28	29	
0	2	4	5	6	7	8	9	10	11	12	13	14	15	16	17	18	19	20	22	23	24	25	26	27	28	29	
0	1	2	3	4	5	6	7	8	9	11	12	13	14	15	16	17	18	19	20	21	22	23	24	25	26	27	28	
0	1	2	3	4	5	6	7	8	9	10	11	12	13	14	15	16	17	18	19	20	21	22	23	24	25	27	28	29	
0	1	2	3	4	5	7	8	9	10	11	12	13	14	15	16	17	18	19	20	21	22	23	24	25	26	27	28	29	
0	1	2	3	4	5	6	7	8	9	10	11	12	13	14	15	16	17	18	19	20	21	22	23	24	25	26	27	28	29	
0	1	2	3	4	5	6	7	8	10	11	12	13	14	16	17	18	19	20	21	22	23	24	25	26	27	28	29	
0	1	2	3	4	5	6	7	8	9	10	11	12	14	16	17	18	19	21	22	23	24	25	26	27	28	29	
0	1	2	3	5	6	7	8	9	10	11	12	13	15	16	18	19	20	21	22	23	24	25	26	27	28	29	
0	1	2	3	4	5	6	7	8	9	10	11	12	13	14	15	16	17	18	19	20	21	22	24	25	27	28	29	
0	1	2	3	4	5	6	7	8	9	10	11	12	13	14	15	16	17	18	19	20	21	22	23	24	25	26	27	28	29	
0	1	2	3	4	5	6	7	8	9	10	11	12	13	14	15	16	17	18	19	20	21	22	23	24	25	26	27	28	29	
0	1	3	4	5	7	8	9	10	12	13	14	15	16	17	18	19	20	21	22	23	24	25	26	27	28	29	
0	1	2	3	4	5	6	7	8	9	10	11	12	13	14	15	16	17	18	19	20	21	22	23	24	25	26	27	28	29	
0	2	3	5	6	7	8	9	10	11	12	13	14	15	16	17	19	20	21	22	23	24	25	26	27	28	29	
0	1	2	3	4	5	6	7	8	10	11	12	13	14	15	16	17	18	19	20	21	22	23	24	25	26	27	28	29	
0	1	2	3	4	5	6	8	9	10	11	12	13	14	15	17	18	19	20	21	22	23	24	25	26	27	28	29	
0	1	2	3	4	5	6	7	8	9	10	11	12	13	14	15	16	17	18	19	20	21	22	23	24	25	26	27	28	29	
0	1	2	3	4	5	6	7	8	9	10	11	12	13	14	15	16	17	19	20	21	22	23	24	25	26	27	28	29	
0	1	2	3	4	5	6	7	8	9	10	11	12	13	15	17	18	19	20	21	22	24	25	26	27	28	29	
0	1	2	3	4	5	6	7	8	9	11	12	13	14	15	16	17	18	19	20	21	22	23	24	26	27	28	29	
0	1	2	3	4	5	6	7	8	9	10	12	13	14	15	16	17	18	19	21	22	23	24	25	26	27	28	29	
0	1	3	4	5	6	7	8	9	10	11	12	13	14	15	16	17	18	19	20	21	22	23	24	25	26	27	28	29	
0	1	3	4	5	6	7	8	9	10	11	12	13	16	17	18	19	20	21	22	23	24	25	26	27	28	29	
0	1	2	3	4	5	6	7	8	9	10	11	12	13	14	15	16	17	18	19	20	21	22	23	24	26	27	28	
0	1	2	3	4	5	6	7	8	9	10	11	12	13	14	15	16	17	18	19	20	21	22	23	24	26	27	28	29	
0	1	2	3	4	5	6	8	9	10	11	12	13	15	16	17	18	19	20	21	22	23	24	25	26	27	29	
0	1	2	3	4	5	6	8	9	10	11	12	13	14	15	16	17	18	19	20	21	22	23	24	25	26	27	28	29	
0	1	2	3	5	6	7	9	10	11	12	13	14	15	16	17	18	19	20	21	22	23	24	25	26	27	28	29	
0	1	2	3	4	5	6	7	8	9	10	11	12	13	14	15	16	17	18	19	20	21	22	23	24	25	26	27	28	29	
1	2	3	4	5	6	7	8	9	10	11	12	13	14	15	16	17	18	19	20	22	23	24	25	26	27	28	29	
0	1	2	3	4	5	6	7	8	9	10	11	12	13	14	15	16	17	18	19	20	21	22	23	24	25	26	27	28	29	
0	1	2	3	4	5	6	7	8	9	10	11	12	14	15	16	17	18	19	20	21	22	23	24	25	26	27	28	29	
0	1	2	3	4	5	6	7	8	9	10	11	12	13	14	15	16	17	18	19	20	22	23	24	25	26	27	28	
0	1	2	3	4	5	6	7	8	9	10	11	12	13	14	15	17	18	19	20	21	22	23	24	25	26	27	28	29	
0	1	2	3	4	5	6	7	9	10	11	12	13	14	15	16	17	18	19	20	21	22	23	24	25	26	27	29	
1	2	3	4	5	6	7	8	9	10	11	12	14	15	16	17	18	19	20	21	22	23	24	25	27	28	29	
0	1	2	3	4	5	6	7	9	10	11	12	13	14	15	16	17	18	19	20	21	22	23	24	25	26	27	28	29	
0	1	2	4	5	6	7	8	9	10	11	12	13	14	15	16	17	18	19	20	21	22	23	24	25	26	28	29	
1	2	3	4	5	7	8	9	10	11	12	13	14	15	16	17	18	19	20	21	22	23	24	25	26	27	28	29	
0	2	3	5	6	7	8	9	10	11	12	13	14	15	16	17	18	19	20	22	23	24	25	26	27	28	29	
0	1	2	3	4	5	7	8	9	10	11	13	14	15	16	17	19	20	21	22	23	24	25	26	27	28	29	
0	1	2	3	4	5	6	7	8	9	10	11	12	13	14	15	16	17	18	19	20	21	22	23	25	26	27	28	29	
0	1	2	3	4	5	6	7	8	9	10	11	12	13	14	15	16	17	18	19	20	21	22	23	24	25	26	27	29	
0	1	2	3	4	5	6	7	8	9	10	11	12	13	14	15	16	17	18	19	20	22	23	24	25	26	27	28	29	
0	1	3	4	5	6	7	8	9	10	11	12	13	14	15	16	17	18	20	22	23	24	25	26	27	28	29	
1	2	3	4	5	6	7	8	9	10	11	12	13	14	15	16	17	20	21	22	23	24	25	26	27	28	29	
0	1	2	4	5	6	7	8	10	11	12	13	14	15	16	17	18	19	20	21	22	23	24	25	26	27	28	29	
0	1	2	3	4	6	7	8	9	10	11	12	13	14	15	16	17	18	19	20	21	22	23	24	25	26	27	29	
0	1	2	3	4	5	6	7	8	9	10	11	12	13	15	16	17	18	19	20	21	22	23	24	25	26	27	28	29	
0	1	2	3	4	5	6	7	8	9	10	11	12	13	14	15	16	17	18	19	20	21	22	24	25	27	28	29	
0	1	2	3	4	5	6	7	8	9	10	11	12	13	14	15	16	17	18	19	20	21	22	23	24	25	26	27	28	29	
0	1	2	3	4	5	6	7	8	9	12	13	14	15	16	17	18	20	21	22	23	24	25	26	27	28	29	
0	1	2	3	4	5	6	7	8	9	10	11	12	13	14	15	16	17	18	19	20	21	22	23	24	25	26	27	28	29	
0	1	2	3	4	5	6	7	8	9	10	12	13	14	15	16	17	18	19	20	21	22	23	24	25	26	27	28	29	
0	1	2	3	4	5	6	7	8	9	10	11	12	13	14	15	16	17	18	19	20	21	22	23	24	25	26	27	28	29	
0	1	2	3	4	5	6	7	8	9	10	11	12	13	14	15	16	17	18	19	20	21	22	23	24	25	26	27	28	29	
0	1	2	3	4	5	6	7	8	9	10	11	12	13	14	15	16	17	18	19	20	21	22	23	24	25	26	27	28	29	
0	1	2	3	4	5	6	7	8	9	10	13	14	15	16	17	18	19	20	21	22	23	24	25	26	27	28	
0	1	2	4	5	6	7	8	9	10	12	13	14	15	17	18	19	20	21	22	23	24	25	26	27	28	29	
0	1	2	3	4	5	6	7	8	9	10	11	12	13	14	15	17	18	19	22	23	24	25	26	27	28	29	
0	1	2	3	4	5	6	7	8	9	10	11	12	13	14	15	16	17	18	19	20	21	22	23	25	26	27	28	29	
0	1	2	3	4	5	6	7	8	9	10	11	12	13	15	16	17	18	19	20	21	22	23	24	25	26	27	28	29	
0	1	2	3	4	5	6	7	8	9	10	11	12	13	14	17	18	19	20	21	22	23	25	26	27	28	29	
0	1	2	3	4	5	6	7	8	9	10	11	12	13	14	16	17	19	20	21	22	23	24	25	26	27	28	29	
0	1	2	3	4	5	6	7	8	10	11	12	13	14	15	16	17	18	19	20	21	22	23	24	25	26	27	29	
0	1	2	3	4	5	6	7	8	9	10	11	12	13	14	15	16	17	18	20	21	22	24	25	26	27	28	29	
0	1	2	3	4	5	6	7	8	9	10	11	12	13	14	15	16	17	18	19	21	22	23	24	25	26	27	28	29	
0	1	2	3	4	5	6	7	8	9	10	11	12	13	14	15	16	17	18	19	20	21	22	23	24	25	26	27	28	
0	1	2	4	5	6	7	9	10	11	12	13	14	15	16	18	19	20	21	22	23	24	25	26	27	28	29	
0	2	3	4	5	6	7	8	9	10	11	12	14	15	16	17	18	19	20	22	23	24	25	26	27	28	29	
0	1	2	3	4	5	6	7	8	9	10	11	12	13	14	15	16	17	18	19	20	21	22	23	24	25	26	27	28	29	
0	1	2	3	4	5	6	7	8	9	10	11	12	13	14	15	16	17	18	19	20	21	22	23	24	25	26	27	28	
0	1	2	3	4	5	6	7	8	9	12	13	14	15	16	17	18	19	20	21	22	23	24	25	26	27	28	29	
0	1	2	3	4	5	6	7	8	9	10	11	12	13	14	15	16	17	18	19	20	21	22	23	24	25	26	27	28	29	
0	1	2	3	4	5	6	7	9	10	11	12	13	14	15	16	17	19	20	21	22	23	24	25	26	27	28	29	
0	1	2	4	5	6	7	8	9	10	11	12	13	14	15	16	17	18	19	21	22	23	24	25	26	27	28	29	
0	1	2	3	4	5	6	7	8	9	10	11	12	13	14	15	16	17	18	19	20	21	22	23	24	25	26	27	28	29	
0	2	3	4	5	6	7	8	9	10	11	12	13	14	15	16	17	18	19	20	21	22	23	24	25	26	27	28	29	
0	1	2	3	4	5	6	7	8	9	10	11	12	13	14	15	16	17	18	19	20	21	22	23	24	25	26	27	29	
0	1	2	5	6	7	8	9	10	11	12	13	14	15	16	17	18	19	21	22	23	24	25	26	27	28	29	
0	1	2	3	4	5	6	7	8	9	10	11	12	13	14	15	16	17	18	19	20	21	22	23	24	25	26	27	28	29	
0	1	2	3	4	5	6	7	9	10	11	12	13	14	15	16	17	18	19	20	21	22	23	24	25	26	27	28	29	
0	2	3	4	6	7	8	9	10	11	12	13	14	15	16	17	18	19	20	21	22	23	24	25	26	27	28	29	
0	1	2	3	4	5	6	7	8	9	10	11	12	13	14	15	16	17	18	19	20	21	22	23	24	25	26	28	29	
0	1	2	3	4	6	7	8	9	10	11	12	13	14	15	16	17	19	20	21	22	23	24	25	26	27	28	29	
0	1	2	3	4	5	6	7	8	9	10	11	12	13	14	15	16	17	18	19	20	21	22	23	24	25	26	27	28	29	
0	1	2	3	4	5	6	7	8	9	10	11	12	13	14	15	16	17	18	19	20	21	22	23	24	25	26	27	28	29	
0	1	2	3	4	5	6	7	8	9	10	11	12	13	14	15	16	17	18	19	21	22	23	25	26	27	28	29	
0	1	2	3	4	5	6	7	8	9	10	11	12	13	14	15	16	17	18	19	20	21	22	23	24	25	26	27	28	29	
0	1	2	3	4	5	6	7	8	9	10	11	12	13	14	15	16	18	19	20	21	22	23	24	26	27	28	29	
0	1	2	3	5	6	7	8	9	10	12	13	14	15	16	17	18	19	20	21	22	23	24	25	26	27	28	29	
0	1	2	3	4	5	6	7	8	9	10	11	12	13	14	15	16	17	18	19	20	21	22	23	24	25	26	27	28	29	
0	1	2	3	4	5	6	8	9	10	11	12	13	14	15	16	17	18	19	20	21	22	23	24	25	27	28	29	
0	1	2	3	4	5	6	7	8	9	10	11	12	13	14	15	16	17	19	20	21	22	23	24	25	26	27	28	29	
0	1	2	3	4	5	6	7	8	9	10	11	12	13	14	15	16	17	18	19	20	21	22	23	24	25	26	27	28	29	
0	1	2	3	5	6	7	8	9	10	11	12	13	15	16	17	18	19	20	21	22	23	25	26	27	28	29	
0	1	2	3	4	5	6	7	8	9	10	11	12	13	14	15	16	17	18	19	20	21	22	23	24	25	26	27	28	29	
0	1	2	3	4	5	6	7	8	9	10	11	12	13	14	15	16	17	18	20	21	22	23	24	25	26	27	28	29	
0	1	2	4	5	6	7	8	9	10	11	12	13	14	15	16	17	18	19	20	21	22	23	24	26	27	28	29	
0	1	2	3	4	6	7	9	10	11	12	13	14	15	16	17	18	19	20	21	22	23	25	26	27	28	29	
0	1	3	4	5	6	7	8	9	10	11	12	13	14	15	16	17	18	19	20	21	22	23	24	25	26	27	
1	2	3	4	5	6	7	8	9	10	11	12	13	14	15	16	17	18	19	20	21	22	23	24	25	26	27	28	29	
0	1	2	3	4	5	6	7	8	9	10	11	12	13	14	15	16	17	18	19	20	21	22	23	24	25	26	27	28	29	
0	1	2	3	4	5	6	7	8	9	10	11	12	13	14	16	17	18	19	20	21	22	24	25	26	27	28	29	
0	1	2	4	5	6	7	8	9	10	12	13	14	15	16	17	18	19	20	21	22	23	25	26	27	28	29	
2	3	4	5	6	7	8	9	10	11	12	13	14	15	16	17	18	19	20	21	22	23	24	26	27	28	29	
0	1	2	3	4	5	6	7	10	11	12	14	15	16	17	18	19	20	21	22	23	24	25	26	27	28	29	
0	1	2	3	4	5	6	7	8	10	11	12	13	14	15	18	19	20	21	22	23	24	25	26	27	28	29	
1	2	3	4	5	6	7	8	9	10	11	12	13	14	16	17	18	19	20	21	22	23	24	25	26	27	28	29	
0	1	2	3	4	5	6	7	8	10	11	12	13	14	15	16	17	18	19	20	21	22	23	24	25	26	27	28	29	
0	1	2	3	5	6	7	8	9	10	11	12	13	15	16	17	18	19	20	21	22	23	24	25	27	28	29	
0	1	2	3	4	5	6	7	8	9	10	11	12	13	14	15	16	17	20	21	22	23	24	25	26	27	28	
0	1	2	3	4	5	6	7	8	9	10	11	12	13	14	15	17	18	19	20	23	24	25	26	27	28	29	
0	1	2	3	4	6	7	8	9	10	11	12	13	14	15	16	17	18	19	20	21	22	23	24	25	26	27	28	
0	1	2	3	4	5	6	7	8	9	10	11	12	14	15	16	17	18	19	20	21	22	23	24	25	26	28	29	
0	1	2	3	5	6	7	8	9	10	11	12	13	14	15	16	17	18	19	20	21	22	23	24	25	26	27	28	29	
0	1	2	3	4	5	6	7	8	9	10	11	12	13	14	15	16	17	18	19	20	22	23	24	25	26	28	29	
0	1	2	3	4	5	6	7	8	9	10	11	12	13	14	15	16	17	18	19	20	21	22	23	24	25	26	27	28	29	
0	1	2	4	5	6	7	8	9	10	11	12	13	14	16	17	18	19	20	21	22	23	24	25	26	27	28	29	
0	1	2	3	4	5	6	7	8	9	10	11	12	13	14	15	16	17	18	19	20	21	22	23	24	25	26	27	28	29	
0	1	2	4	5	6	7	8	9	10	11	12	13	14	16	17	18	19	21	22	23	24	25	26	27	28	29	
0	1	2	3	4	5	6	7	9	10	11	12	13	14	15	16	17	18	19	20	21	22	23	24	26	27	28	
0	1	2	3	4	5	6	7	8	9	10	11	12	13	14	15	16	17	18	19	20	21	22	23	24	25	26	27	28	29	
0	1	2	3	4	5	6	7	8	9	10	11	12	13	14	15	16	17	18	19	20	21	22	23	24	25	26	27	28	29	
0	2	3	4	5	6	7	8	9	10	11	12	13	14	15	16	17	18	19	20	21	22	23	24	25	26	27	28	29	
0	1	2	3	4	5	6	7	9	10	11	12	14	15	16	17	18	19	20	21	22	23	24	25	26	27	28	29	
0	1	2	3	4	5	6	7	8	9	10	11	12	13	14	15	16	17	18	20	21	22	23	24	25	26	27	28	29	
1	2	3	4	5	6	7	8	9	10	11	12	14	15	16	17	18	19	21	22	23	24	25	26	27	28	29	
0	1	3	4	5	6	7	8	9	10	11	13	14	15	16	17	18	19	20	22	23	24	25	26	27	28	29	
0	1	2	3	4	5	6	7	8	9	10	11	12	13	14	15	16	17	18	19	20	21	22	23	24	25	26	27	29	
0	1	2	3	4	5	6	7	8	9	10	11	12	13	14	15	16	17	18	19	20	21	22	23	24	25	26	27	28	29	
0	1	2	3	4	5	6	7	8	9	10	11	12	13	14	15	16	18	20	21	22	23	24	25	26	27	28	29	
0	2	3	4	5	6	7	8	10	11	12	13	14	15	16	17	18	19	20	21	22	24	25	26	27	28	29	
0	1	2	3	4	5	6	7	9	10	11	12	13	14	15	16	17	18	20	21	22	23	24	25	27	28	29	
0	1	2	3	5	6	7	8	9	10	11	12	13	14	16	17	18	19	20	21	22	23	24	25	26	27	28	
0	1	2	3	5	6	7	8	9	10	12	13	14	15	16	17	18	19	20	21	22	23	24	25	26	27	28	29	
0	1	2	3	4	5	6	7	8	9	10	11	12	13	14	15	16	17	18	19	20	21	22	23	24	25	26	27	28	29	
0	1	2	3	4	5	6	7	8	9	10	11	12	13	14	15	17	18	19	20	21	22	24	25	26	27	28	29	
0	1	2	3	4	5	6	7	8	9	10	11	12	13	14	15	16	18	19	20	21	22	23	24	25	26	27	28	29	
0	1	2	3	4	5	6	7	8	9	10	11	12	13	14	15	16	17	18	19	20	21	22	23	24	25	26	27	28	29	
0	1	3	4	5	6	7	9	10	11	12	13	14	15	16	17	18	19	20	21	22	23	24	25	26	27	28	29	
0	1	2	3	4	5	6	7	8	9	10	11	12	13	14	15	16	17	18	19	20	21	22	23	24	25	26	27	28	29	
0	1	2	3	4	6	7	8	9	10	11	12	13	14	15	16	17	18	19	20	21	23	24	25	26	27	28	29	
1	2	3	4	5	6	7	8	9	10	11	12	13	15	16	17	18	19	20	21	22	23	24	25	26	27	28	29	
0	1	2	3	4	5	6	7	8	9	10	11	12	13	14	15	16	17	18	19	20	21	22	23	24	25	26	27	28	29	
0	2	3	4	6	7	8	9	10	11	12	13	14	15	16	18	19	20	21	22	23	24	25	26	27	28	29	
0	2	3	4	5	6	7	8	9	10	11	12	13	14	15	16	17	18	19	20	21	22	23	24	25	26	27	28	29	
0	2	3	4	5	6	7	8	9	10	11	12	13	14	15	16	17	18	19	21	22	23	24	25	26	27	28	29	
0	1	2	3	4	5	6	7	8	9	11	12	13	14	15	16	17	18	19	20	21	22	23	24	25	26	27	28	29	
0	1	2	3	4	5	6	7	8	9	10	11	12	13	14	15	16	17	18	19	20	21	22	23	24	25	26	27	28	29	
0	1	2	3	5	6	7	8	9	11	12	13	14	15	16	17	18	19	20	21	23	24	25	26	27	28	29	
0	2	4	5	6	7	8	9	10	11	12	13	14	15	16	17	18	19	20	21	22	23	24	25	26	27	28	
0	1	2	3	5	6	7	8	9	10	12	13	14	15	16	17	18	19	20	21	22	23	24	25	27	28	29	
0	1	2	3	4	5	6	7	8	9	10	11	12	14	15	16	17	18	19	20	21	22	24	25	26	27	28	29	
0	1	2	3	4	5	6	7	8	9	10	11	12	13	14	15	16	18	19	20	21	22	23	24	25	26	27	28	29	
0	1	2	3	6	7	8	9	11	12	13	14	15	16	17	18	19	20	21	22	23	24	25	26	27	28	29	
0	2	3	4	5	6	7	9	10	11	12	13	14	15	16	17	18	19	20	21	22	23	24	25	26	27	28	29	
0	1	3	4	5	6	7	8	9	10	11	12	13	14	16	17	18	19	20	22	23	24	25	26	27	28	29	
0	1	2	3	4	5	6	7	8	9	10	11	12	13	14	15	16	17	18	19	20	21	22	23	24	25	26	27	28	29	
0	1	2	3	4	5	6	7	8	9	10	11	12	13	14	15	16	17	18	19	20	21	22	23	24	25	26	27	28	29	
1	2	3	4	5	6	7	8	9	10	11	12	13	14	15	16	17	19	20	21	22	23	24	25	26	27	28	29	
0	1	2	3	4	5	6	7	8	9	10	11	12	13	14	15	16	17	18	19	20	21	22	23	24	25	26	27	28	29	
0	1	2	3	4	6	7	8	9	10	11	12	14	15	16	17	18	19	20	22	23	24	25	26	27	28	29	
0	1	2	3	4	5	6	7	8	9	10	11	12	13	14	15	16	17	18	19	20	21	22	23	24	25	26	27	28	29	
0	1	2	3	4	5	6	7	8	9	10	11	12	13	14	15	16	17	19	20	21	22	23	24	25	26	27	28	29	
0	1	2	3	4	5	6	7	8	9	10	11	12	13	14	15	16	17	18	19	20	21	22	23	24	26	27	28	29	
0	1	2	3	4	5	6	7	8	9	10	12	13	14	15	17	18	19	20	21	22	23	24	25	26	27	28	29	
0	1	2	3	4	5	6	7	8	9	10	11	12	13	14	16	17	18	19	20	21	22	23	24	25	26	27	28	29	
0	1	2	3	4	5	6	7	8	9	10	11	12	13	14	15	16	17	18	19	20	21	22	23	24	25	26	27	28	29	
0	2	3	4	5	6	7	8	9	10	11	12	13	14	15	17	18	19	20	21	22	23	24	25	26	27	28	29	
0	1	2	3	4	5	6	7	8	9	10	11	12	13	14	15	17	18	19	20	21	22	23	25	26	27	28	29	
0	1	3	4	5	6	7	8	9	10	11	12	13	14	15	16	17	18	19	20	21	22	23	24	25	26	27	28	29	
0	1	2	3	4	5	6	7	8	9	10	11	12	13	14	15	16	17	18	20	21	22	23	24	25	26	27	28	29	
0	1	2	3	5	6	7	8	9	10	11	12	13	14	15	16	17	18	19	20	21	22	23	24	25	26	27	28	29	
0	1	2	3	4	5	6	7	8	9	10	11	12	13	14	15	16	17	18	19	20	21	22	23	24	25	26	27	28	29	
0	1	2	3	4	5	6	7	8	9	10	11	12	13	14	15	16	17	18	19	20	21	22	23	24	25	26	27	28	29	
0	1	2	3	4	5	6	7	8	9	10	11	12	13	14	15	17	18	19	20	21	22	23	24	25	26	27	28	29	
0	1	2	3	5	6	7	8	9	10	11	12	13	14	15	16	17	18	19	20	21	22	23	24	25	26	27	28	29	
0	1	2	3	4	5	6	7	8	9	10	11	12	13	14	15	16	17	18	19	20	21	22	23	24	25	26	27	28	29	
0	1	2	3	4	5	6	7	8	9	10	11	12	13	14	15	16	17	18	19	20	21	22	23	24	25	26	28	29	
0	1	2	3	4	5	6	7	8	9	10	11	13	14	15	16	17	18	19	20	21	22	23	24	25	26	27	28	29	
0	1	2	3	4	5	6	7	8	9	10	11	12	13	14	15	16	17	19	20	21	22	23	24	25	27	28	29	
0	1	2	3	4	5	6	7	8	9	10	11	12	13	14	15	16	17	18	19	20	21	22	23	24	25	26	27	28	29	
0	1	2	3	4	5	7	8	9	12	13	14	15	16	17	18	19	20	21	22	23	24	25	26	27	28	29	
0	1	2	3	4	5	6	7	8	9	10	11	12	13	14	15	16	17	18	19	20	21	22	23	24	25	26	27	28	29	
0	1	2	3	4	5	6	7	8	9	10	11	12	13	14	15	16	17	18	19	20	21	22	23	24	25	26	27	28	29	
0	1	2	4	5	6	7	8	9	10	11	12	13	14	15	16	18	19	20	21	22	23	24	25	26	27	28	29	
0	1	2	3	4	5	6	7	8	10	11	13	14	15	16	17	18	19	20	21	22	23	24	25	26	27	28	29	
0	1	2	3	4	5	6	7	8	9	11	12	13	14	15	16	17	18	19	20	21	22	23	24	25	26	27	28	29	
0	1	2	4	5	6	7	8	9	10	11	12	13	14	15	16	17	18	19	20	21	22	23	24	25	26	27	28	29	
0	1	2	3	4	5	6	7	8	9	10	11	12	13	14	15	16	17	18	19	20	21	22	23	24	25	26	27	28	29	
0	1	2	3	4	5	6	7	8	9	12	13	14	16	17	18	19	20	21	22	23	24	25	26	27	28	29	
0	1	4	5	6	7	8	9	10	11	12	13	14	15	16	17	18	19	20	21	22	23	24	25	27	28	29	
0	1	2	3	4	5	7	8	9	10	11	12	13	14	15	16	17	18	19	20	21	22	23	24	25	26	28	29	
0	1	2	3	4	5	6	8	9	10	11	12	13	14	15	17	18	19	20	21	22	23	24	25	26	27	28	29	
0	1	2	3	4	5	6	7	8	9	11	12	13	15	16	17	18	19	21	22	23	24	25	26	27	28	29	
0	1	2	3	4	5	6	7	8	9	10	11	12	13	14	15	16	17	18	19	20	21	22	23	24	25	26	28	29	
0	1	2	3	4	5	6	7	8	9	10	12	13	14	15	17	18	19	20	21	23	24	25	26	27	28	29	
0	1	2	3	4	5	6	7	8	9	10	11	12	13	15	16	17	18	19	20	21	22	24	25	27	28	29	
0	1	2	3	4	5	6	7	8	9	10	11	12	13	14	15	16	17	18	20	21	22	23	24	25	26	27	28	29	
0	1	2	3	4	5	6	7	8	9	10	11	12	13	14	15	16	17	18	19	20	21	22	23	24	25	26	27	28	29	
0	1	2	3	4	5	6	7	8	9	10	11	13	14	15	16	17	18	19	20	21	22	23	24	25	26	27	28	29	
1	2	3	4	6	7	8	9	10	11	12	13	14	15	16	17	18	19	20	21	22	23	24	25	26	27	28	29	
0	1	2	3	4	5	6	7	9	10	11	12	13	14	15	16	17	18	19	20	21	22	23	24	26	27	28	29	
0	1	3	4	5	6	7	8	9	10	11	12	13	14	15	16	17	18	19	20	21	22	23	24	25	26	27	28	29	
0	2	3	4	5	6	7	8	9	11	12	13	14	15	16	17	18	19	20	21	22	23	24	25	26	27	28	29	
0	1	2	3	4	5	8	9	10	11	12	13	14	15	16	17	18	19	20	21	22	24	25	26	27	28	29	
0	1	2	3	4	5	6	7	8	9	10	11	12	13	14	16	18	19	20	21	22	23	24	25	26	27	28	
0	1	2	3	4	5	6	7	8	9	10	11	12	13	14	15	16	17	18	19	20	21	22	23	24	25	26	27	28	29	
0	1	2	3	4	5	6	7	8	9	10	11	12	13	14	15	16	17	18	19	20	21	22	23	24	25	26	27	29	
0	1	2	3	4	5	6	7	9	10	11	12	13	14	15	16	17	19	20	21	22	23	24	26	27	28	29	
0	1	2	3	4	5	6	7	8	9	10	11	13	14	15	16	17	18	19	20	21	22	23	24	25	27	28	29	
0	1	2	3	4	6	7	8	9	10	11	12	13	14	15	16	17	18	19	20	21	22	23	24	25	26	27	28	29	
0	1	2	3	4	5	6	7	8	9	10	11	13	14	15	16	17	18	19	20	21	22	23	24	25	26	27	28	29	
0	1	3	4	5	6	7	8	9	10	11	12	13	14	15	16	17	18	19	20	21	22	23	24	25	26	28	29	
0	1	2	3	4	5	6	7	8	9	10	11	12	13	14	15	16	17	19	20	21	22	23	24	25	26	27	28	29	
0	1	2	3	4	5	6	7	8	9	10	11	12	13	14	15	16	17	18	19	20	21	22	23	24	25	26	27	28	29	
0	1	2	3	4	5	6	7	8	9	10	11	12	13	14	15	16	17	18	19	20	21	22	23	24	25	26	27	28	29	
0	1	2	3	4	5	6	7	8	9	10	11	12	13	14	15	16	17	18	19	20	21	22	24	25	26	27	28	29	
0	1	2	3	4	5	6	7	8	9	10	11	12	13	14	15	16	17	18	19	20	23	24	25	26	27	28	29	
0	1	2	3	4	5	6	7	8	9	10	11	12	13	14	15	16	17	18	19	20	21	22	23	24	25	26	27	28	29	
0	1	2	3	4	5	6	7	8	9	10	11	12	13	14	15	18	19	20	21	22	23	24	25	26	27	28	29	
0	1	2	3	4	5	6	7	8	9	10	11	12	13	14	15	16	17	18	19	20	21	22	23	25	26	27	28	29	
0	1	2	4	5	6	7	8	9	10	11	12	14	15	16	17	18	19	20	21	22	23	24	25	26	27	28	29	
0	1	3	4	5	6	7	8	9	10	11	12	13	15	16	17	18	19	20	21	22	23	24	25	26	27	28	29	
0	1	2	3	4	5	6	7	8	9	10	11	12	14	15	16	18	19	20	22	23	24	25	26	27	28	29	
0	1	2	3	4	5	6	7	8	9	11	13	14	15	16	17	18	19	20	21	22	23	24	25	26	27	28	29	
0	1	2	3	4	5	6	7	8	9	10	11	12	13	14	15	16	17	18	19	20	21	22	23	24	25	26	27	28	29	
0	1	3	4	5	6	7	8	9	10	11	12	14	15	16	17	18	19	20	21	23	24	25	26	27	28	29	
0	1	2	3	4	5	6	7	9	11	12	13	14	15	16	17	18	19	20	21	22	23	24	26	27	28	29	
0	2	3	4	5	6	7	8	9	10	12	13	14	15	16	17	18	19	20	21	22	23	24	25	26	27	28	29	
0	1	2	3	4	5	6	7	8	9	10	11	12	13	14	15	16	17	18	19	20	21	22	23	24	25	26	27	28	29	
0	1	2	3	4	5	6	7	8	9	10	11	12	13	14	15	16	17	18	19	20	21	22	23	24	25	26	27	28	29	
0	1	2	3	4	5	6	7	8	9	10	11	12	13	14	15	16	17	18	19	20	21	22	23	24	25	26	27	28	29	
0	1	2	4	5	6	7	8	9	10	11	12	13	14	15	16	17	19	20	21	22	23	24	25	26	28	29	
0	1	2	3	4	5	6	7	8	9	11	12	13	14	15	16	17	18	19	20	21	22	23	24	25	26	27	29	
0	1	2	3	4	5	6	7	8	9	10	11	12	13	14	15	16	17	18	19	21	22	23	25	27	28	29	
0	1	2	3	4	5	6	7	8	9	10	11	12	13	14	15	16	18	19	20	21	22	23	24	25	26	27	28	
0	1	2	3	4	5	6	7	8	9	10	11	12	13	14	15	16	17	18	19	20	21	22	23	24	25	26	27	28	29	
0	1	2	3	4	5	6	7	8	9	10	11	12	13	14	15	16	17	18	19	20	21	22	23	24	25	26	27	28	29	
0	1	2	3	4	5	6	7	8	9	10	11	13	14	15	16	17	18	19	20	21	22	23	24	25	26	27	28	29	
0	1	2	3	4	5	6	7	8	9	10	12	13	14	15	16	17	18	19	20	21	22	23	25	26	28	29	
0	1	2	4	5	6	7	8	9	10	11	12	13	14	15	16	17	18	19	20	21	22	24	25	27	28	29	
0	1	2	3	4	5	6	7	8	9	10	11	12	13	14	15	16	17	18	19	20	21	22	23	24	25	26	27	28	29	
0	1	2	3	4	5	6	7	8	9	10	11	12	13	14	15	16	17	18	19	20	21	22	23	24	25	26	27	28	29	
0	1	2	3	4	6	7	8	9	10	11	12	13	15	17	18	19	20	21	22	23	24	25	26	27	28	29	
0	1	2	3	4	5	6	7	8	9	10	11	12	13	14	15	16	17	18	19	20	21	22	23	24	25	26	27	28	29	
0	1	2	4	5	6	7	8	9	10	12	13	14	15	16	17	18	19	20	22	23	24	25	26	27	28	29	
0	1	2	3	4	5	6	7	8	9	10	11	12	13	14	15	16	17	18	19	20	21	22	23	24	25	26	27	28	29	
0	1	2	3	5	6	8	9	10	11	12	14	15	16	17	18	19	20	21	22	23	24	25	26	27	28	29	
0	1	2	3	4	5	8	9	10	11	12	13	14	15	16	17	18	20	21	22	23	24	25	26	27	28	29	
0	1	2	3	4	5	6	7	8	9	10	11	12	13	14	15	17	18	19	20	21	22	24	25	27	28	29	
0	1	2	3	4	5	6	7	8	9	10	11	12	13	14	15	16	17	18	19	20	21	22	23	24	25	26	27	28	29	
0	1	2	3	4	5	7	8	9	10	11	12	13	14	15	16	17	18	19	20	21	22	23	24	25	26	27	28	29	
0	1	2	3	5	6	7	8	9	10	11	12	13	14	15	16	17	18	19	20	21	22	23	24	25	26	27	28	29	
0	1	2	3	4	6	7	8	9	10	11	12	13	14	15	16	17	18	19	20	21	22	24	25	26	28	29	
0	1	2	3	4	5	6	7	8	9	10	12	13	14	15	16	17	18	19	20	21	22	23	24	25	26	27	28	29	
0	1	2	3	4	5	7	8	9	10	11	12	13	14	15	16	17	18	19	20	21	22	23	24	25	26	27	28	29	
1	2	3	4	5	6	7	8	9	10	11	12	13	14	15	16	17	18	19	21	22	23	24	25	26	27	28	29	
0	1	2	3	4	5	6	7	8	9	11	12	13	14	15	16	17	18	19	20	21	22	23	24	25	26	27	28	29	
0	1	2	3	4	5	6	7	8	9	10	11	12	13	14	15	16	17	18	19	20	21	22	23	24	25	26	27	28	29	
0	1	2	3	4	5	6	7	8	9	10	11	12	13	14	15	16	17	18	19	20	21	22	23	24	25	26	27	28	29	
0	1	2	3	4	5	6	7	8	9	10	12	13	14	15	16	17	18	19	20	22	23	24	25	27	28	29	
0	1	2	3	4	5	6	7	8	9	10	11	12	13	14	15	16	17	18	19	20	22	23	24	25	26	27	28	29	
0	1	2	3	4	5	6	7	8	9	10	11	12	13	14	15	16	17	18	19	20	21	22	23	24	25	26	27	28	29	
0	1	2	3	4	5	7	8	9	10	11	12	13	14	15	16	17	18	19	20	21	22	23	24	25	26	27	28	29	
0	1	2	4	5	6	7	8	9	10	11	12	13	14	15	16	18	20	21	22	23	24	25	26	27	28	29	
0	1	2	3	4	6	7	8	9	10	11	12	14	15	16	17	18	19	20	21	22	23	24	25	26	27	28	29	
0	1	2	3	4	5	6	7	8	9	10	11	12	13	14	15	16	17	18	19	20	21	22	23	24	25	26	27	28	29	
0	1	2	3	4	5	6	7	8	9	10	11	12	13	14	15	16	17	18	19	20	21	22	23	24	25	26	27	28	29	
0	1	2	3	4	5	6	7	8	9	10	11	12	13	15	16	17	18	19	20	21	22	24	25	26	27	28	29	
0	2	3	4	5	6	7	8	9	10	11	12	13	14	15	16	17	18	19	20	21	22	23	24	25	26	27	28	29	
0	1	2	3	4	5	6	7	8	9	10	11	12	13	14	15	16	17	18	19	20	21	22	23	24	25	26	27	28	29	
0	1	2	3	4	5	6	7	8	9	10	11	12	13	14	15	16	17	18	20	21	22	23	24	25	26	27	28	29	
0	1	3	4	5	6	7	8	9	10	11	12	14	15	16	17	18	19	20	21	22	23	24	25	26	27	28	29	
0	1	2	4	5	6	7	8	9	10	11	12	13	14	15	16	17	18	19	21	22	23	24	25	26	27	28	29	
0	1	2	3	4	5	6	7	8	9	10	11	12	13	14	15	16	17	18	19	20	21	22	23	25	26	27	28	29	
0	1	2	3	4	5	6	7	8	9	10	11	12	13	14	15	16	17	19	20	21	22	23	24	26	27	29	
0	1	2	3	4	5	6	7	8	9	10	11	12	13	14	15	16	17	18	19	20	21	22	23	24	25	26	27	28	29	
0	1	2	3	4	5	6	7	8	9	10	11	12	13	14	15	16	17	18	19	20	21	22	23	24	25	26	27	28	29	
0	1	2	3	4	5	7	8	9	10	11	12	13	14	15	16	17	18	19	20	21	22	23	24	25	26	27	28	
0	1	2	3	4	5	6	7	9	10	11	12	13	14	15	16	17	18	19	20	21	22	23	24	25	26	27	28	29	
0	1	2	3	4	5	7	8	9	10	11	12	13	14	15	16	17	18	19	20	21	22	23	24	25	26	27	28	29	
0	1	2	3	4	5	6	7	8	9	10	11	12	13	14	15	16	17	18	19	20	21	22	23	24	25	26	27	28	29	
0	1	2	3	4	5	6	7	8	9	10	11	12	13	14	15	16	18	19	20	21	22	23	24	25	26	27	
1	2	3	4	5	6	7	8	9	10	11	12	13	14	15	16	17	18	19	20	21	22	23	25	26	27	28	29	
0	1	2	3	4	5	6	7	8	9	10	11	12	13	14	15	16	17	18	19	20	22	23	24	26	27	29	
0	1	2	3	4	5	7	8	9	10	11	12	13	14	15	16	17	18	19	20	21	22	23	24	25	26	28	29	
0	1	2	3	4	5	6	8	9	10	11	12	13	14	15	16	17	18	19	20	21	22	23	24	25	26	27	29	
0	1	2	3	4	5	7	8	9	10	11	12	13	14	16	17	18	19	20	21	22	23	24	25	26	27	28	29	
0	1	3	4	5	6	7	8	9	10	11	12	13	14	15	16	17	19	20	21	23	24	25	26	27	28	29	
0	1	2	3	4	5	6	7	8	9	10	11	12	13	14	15	16	17	18	19	20	21	22	23	24	25	26	27	28	29	
0	1	2	3	4	5	6	7	8	9	10	11	12	13	14	15	16	17	18	19	20	21	22	23	24	25	26	27	28	29	
0	1	2	3	4	5	6	7	9	10	11	12	13	14	15	16	17	18	19	20	21	22	23	25	26	27	28	29	
0	1	2	4	5	6	7	8	9	10	11	12	13	14	15	16	17	18	19	20	21	22	23	24	25	26	27	28	29	
0	1	2	3	4	6	7	8	9	10	11	12	13	14	15	16	17	18	19	20	21	22	23	24	25	26	27	28	29	
0	1	2	3	4	5	6	7	8	9	10	11	12	13	15	16	17	18	19	20	21	23	24	26	27	28	29	
0	1	2	3	4	6	7	8	10	11	12	13	14	15	16	17	18	19	20	21	22	23	24	25	26	28	29	
0	1	2	3	4	5	6	7	8	9	10	11	12	13	14	15	16	17	18	19	20	21	24	25	26	27	28	29	
0	1	2	3	4	5	6	7	8	9	10	11	12	13	14	16	17	18	19	20	21	22	23	24	25	26	27	28	29	
0	1	2	3	4	5	6	8	9	11	12	13	14	15	16	17	18	19	20	21	22	23	24	25	27	28	29	
0	1	2	3	4	5	6	8	10	11	12	13	14	15	16	18	19	20	21	22	23	24	25	26	27	28	29	
0	1	2	3	4	5	6	8	9	10	11	12	14	15	16	17	18	19	20	21	22	23	24	25	26	27	28	29	
0	1	2	3	4	5	7	8	9	10	11	12	13	14	15	16	18	19	20	21	22	23	24	25	26	27	28	29	
0	1	2	3	4	5	6	7	8	9	10	11	12	13	14	15	16	17	19	20	21	22	23	24	25	26	27	28	29	
0	1	2	3	4	5	6	7	8	9	10	11	12	13	14	15	16	17	18	19	20	21	22	23	24	25	26	27	28	29	
0	1	3	4	5	6	7	9	10	11	12	13	14	15	16	17	18	19	20	21	22	23	24	25	26	27	28	29	
0	1	2	3	4	5	6	7	8	9	10	11	12	13	15	16	18	19	20	21	22	23	24	25	26	27	28	29	
0	1	2	3	4	6	7	8	9	10	11	12	13	14	15	16	17	18	19	20	21	22	23	24	25	26	27	28	29	
0	1	2	3	4	5	6	7	8	9	10	11	12	13	14	15	16	17	18	19	20	21	22	23	24	26	27	28	29	
0	1	2	3	4	5	6	7	8	10	11	12	13	14	15	16	17	18	19	20	22	24	25	26	27	28	29	
0	1	2	3	4	6	7	8	9	10	11	12	13	14	15	17	19	20	21	22	23	24	25	26	27	28	29	
0	2	3	4	5	6	7	8	9	10	11	14	15	16	17	18	19	20	21	22	23	24	25	26	27	28	29	
0	1	2	3	4	5	6	7	8	9	10	11	12	13	14	15	16	17	18	19	20	21	22	23	24	25	26	27	28	29	
0	1	3	4	5	6	7	8	9	10	11	12	13	14	16	17	18	19	20	21	22	23	24	26	27	28	29	
0	1	2	3	4	5	6	7	8	9	10	11	12	13	16	17	18	19	20	21	22	23	24	26	27	28	29	
0	1	2	3	4	5	6	7	8	9	10	11	12	13	14	15	16	17	18	19	20	21	22	23	24	25	26	27	28	29	
0	1	2	3	5	6	7	8	9	10	11	12	13	14	15	16	17	18	19	20	21	22	23	24	25	26	29	
0	1	2	3	4	5	6	7	8	9	10	11	12	13	14	15	16	17	18	19	20	21	22	23	24	25	26	27	28	29	
0	1	2	3	4	5	6	7	8	9	10	12	13	14	15	16	17	18	21	22	23	24	25	26	27	28	29	
0	1	2	3	4	5	6	7	8	9	10	13	14	15	16	17	18	19	20	21	22	23	24	25	26	27	29	
0	1	2	3	4	5	6	7	8	9	10	11	12	13	14	15	16	17	18	19	20	21	23	24	25	26	27	28	29	
0	1	2	3	4	5	6	7	8	9	10	11	12	13	14	15	16	17	18	19	20	21	22	24	25	26	27	28	29	
1	2	3	4	5	6	7	8	9	10	11	12	13	14	15	16	17	18	19	20	21	22	23	24	25	26	27	28	29	
0	1	2	3	4	5	6	7	8	9	10	12	13	14	15	16	17	18	19	20	21	23	24	25	26	27	28	29	
0	1	2	3	4	5	6	7	8	9	10	12	13	14	15	16	17	18	19	20	22	23	24	25	26	27	28	29	
0	1	2	3	4	5	6	7	8	9	10	11	12	13	14	15	16	17	18	19	20	21	22	23	24	27	28	29	
0	1	2	3	4	5	6	7	8	9	10	11	12	13	14	15	16	17	18	19	20	21	22	23	24	25	26	27	28	29	
0	1	2	3	5	6	7	8	9	10	11	12	13	14	15	16	17	18	19	20	21	22	23	24	25	26	27	28	29	
0	1	2	3	5	6	7	8	9	10	11	12	13	14	15	16	17	18	19	20	21	22	23	24	25	26	27	28	29	
0	1	2	4	5	6	7	8	9	10	11	12	13	14	15	16	17	18	19	20	21	22	23	24	25	26	27	28	29	
0	1	2	3	4	5	6	8	9	10	11	12	13	14	15	16	17	18	19	20	22	23	24	26	27	28	29	
0	1	2	4	5	6	7	8	9	10	11	12	13	14	15	16	17	18	19	20	21	22	23	24	25	26	27	28	29	
0	1	2	3	4	5	6	7	8	9	10	11	12	13	14	15	16	17	18	19	20	21	22	23	24	25	26	27	28	29	
0	1	2	3	4	5	6	7	8	9	10	11	12	13	14	15	16	17	18	19	20	21	22	23	24	25	26	27	28	29	
0	1	2	3	4	5	6	7	8	9	10	11	12	13	14	15	16	17	18	19	20	22	23	24	25	26	27	28	29	
0	1	3	5	6	7	8	9	10	11	12	13	14	15	16	17	18	19	20	21	22	23	24	25	26	27	28	29	
0	1	2	4	5	7	9	10	11	12	13	14	15	16	17	18	19	20	21	22	23	24	25	26	27	28	29	
0	1	2	3	4	5	7	8	9	10	11	12	13	14	15	16	17	18	19	20	21	22	23	24	25	26	27	28	29	
0	1	2	4	5	6	7	8	9	10	11	12	13	14	15	16	17	18	20	21	22	23	24	25	26	27	28	29	
0	1	2	4	5	6	7	8	9	10	11	12	13	14	15	16	17	18	19	20	21	22	23	24	25	26	28	29	
0	1	2	3	4	5	6	7	8	9	10	11	12	13	14	17	18	19	20	21	22	23	24	25	26	27	29	
0	1	2	4	5	6	7	8	9	11	12	13	14	15	16	17	18	19	20	21	22	23	24	25	26	27	28	29	
0	1	2	3	4	5	6	7	8	9	10	11	12	13	14	16	17	19	20	21	22	23	24	25	26	27	28	29	
0	1	2	4	5	6	7	8	9	10	11	12	14	15	16	17	18	19	20	21	22	23	24	25	26	28	29	
0	1	2	3	5	6	7	8	9	10	11	12	13	14	15	16	17	18	19	20	21	22	23	24	26	27	28	29	
0	1	2	3	4	5	6	7	8	9	10	11	12	13	14	15	16	17	18	19	20	21	22	23	24	25	26	27	28	
0	2	3	4	5	6	7	8	9	10	11	12	13	14	15	16	17	18	19	20	21	22	23	24	25	26	27	28	29	
0	1	2	3	4	5	6	7	8	10	11	12	13	14	15	16	17	18	19	20	21	22	23	24	25	26	27	29	
0	1	2	3	4	5	6	7	9	10	11	12	13	14	15	16	17	18	19	20	21	22	23	24	25	26	27	28	
0	1	2	3	4	5	6	7	8	9	10	11	12	13	14	15	16	17	18	19	20	21	22	23	24	25	26	27	28	29	
0	1	2	3	4	5	6	7	8	9	10	11	12	13	14	15	16	17	18	19	20	21	22	23	24	25	26	27	28	29	
0	1	2	3	5	6	8	9	10	12	13	14	15	16	17	18	19	20	21	22	23	24	25	26	27	28	29	
0	2	3	5	6	7	9	10	11	12	13	14	15	16	17	18	19	20	21	22	23	24	25	26	27	28	29	
0	1	2	3	4	5	6	7	8	9	10	11	12	13	14	16	17	18	19	20	22	23	24	25	26	27	28	29	
0	1	2	3	4	5	6	7	8	9	10	11	12	13	14	15	16	17	18	19	20	21	22	23	24	25	26	27	28	29	
1	2	3	4	5	6	7	8	9	10	11	12	13	14	15	16	17	18	19	20	21	22	23	24	25	26	27	28	29	
0	1	2	3	4	7	8	9	10	11	12	13	14	15	16	17	18	19	20	21	22	23	24	26	27	28	29	
2	3	4	5	6	7	8	9	10	11	12	14	15	16	17	18	19	20	21	22	23	24	25	26	27	28	29	
0	1	2	3	4	5	6	7	8	9	10	11	12	13	14	15	16	18	19	20	21	22	23	24	25	26	27	28	29	
0	1	2	3	4	5	6	7	8	9	10	11	13	14	15	16	17	18	19	20	21	22	23	24	25	26	27	28	29	
0	1	2	3	4	6	7	8	9	10	11	12	13	14	15	16	17	19	20	21	22	23	24	25	26	27	28	29	
0	1	2	3	5	6	8	9	10	11	12	13	14	16	17	18	19	20	21	22	23	24	25	26	27	28	29	
0	1	2	3	4	5	6	7	8	9	10	11	12	13	14	15	16	17	18	19	20	21	22	23	24	25	26	27	28	29	
0	1	2	3	4	5	6	7	9	10	11	12	13	14	15	16	18	19	20	21	22	23	25	26	27	28	29	
0	1	2	3	4	6	7	8	9	10	11	12	13	14	15	16	17	18	19	20	21	22	23	24	25	26	27	28	
0	1	2	3	4	5	6	8	9	10	11	12	13	14	15	17	18	19	20	21	22	23	24	25	26	27	28	29	
0	1	2	3	4	5	6	7	8	9	10	11	12	13	14	15	17	18	19	20	21	22	23	24	25	26	27	28	29	
0	1	2	3	4	5	6	7	8	9	10	11	12	13	15	16	17	18	19	20	21	22	23	24	25	26	27	28	29	
0	1	2	3	4	5	6	7	8	9	10	11	12	13	14	15	16	17	18	19	20	21	22	23	24	25	26	27	28	29	
0	1	2	3	4	5	6	7	8	9	10	11	12	13	14	15	17	18	19	20	21	22	23	24	25	26	27	28	29	
0	1	2	3	4	5	6	7	8	9	10	11	12	13	14	15	16	17	18	19	20	21	22	23	24	25	26	27	28	29	
0	1	2	3	4	5	6	7	8	9	10	11	12	13	14	15	16	17	18	19	21	22	23	24	25	26	27	28	29	
1	2	3	4	5	6	7	8	9	10	11	12	14	15	16	17	18	19	20	21	22	23	24	25	26	27	29	
0	1	2	3	4	5	6	7	8	9	10	11	12	13	14	15	16	17	18	19	20	21	22	23	25	26	27	28	29	
0	1	2	3	4	5	6	7	8	9	10	11	12	14	15	16	17	18	19	20	21	22	23	24	26	27	28	29	
0	1	2	3	4	5	6	8	9	10	11	12	13	14	15	16	17	18	19	20	21	22	23	24	25	26	27	29	
0	1	2	3	4	5	6	7	8	9	10	11	12	13	14	15	16	17	18	19	20	21	22	23	24	25	26	27	28	29	
0	1	2	3	5	6	8	9	10	11	12	13	14	15	16	17	18	19	20	21	22	23	24	26	27	28	29	
0	1	2	3	4	5	6	7	8	9	10	11	12	13	14	17	18	19	20	21	22	23	24	25	26	27	28	29	
0	1	2	3	5	6	7	8	9	10	11	12	13	14	15	16	17	18	19	20	21	22	25	26	27	28	29	
0	1	2	4	5	6	7	8	9	11	12	13	14	15	16	17	18	19	20	21	22	23	24	25	27	28	29	
0	1	2	3	4	5	6	7	8	9	10	11	12	13	14	15	16	17	18	19	20	21	22	24	25	26	27	28	29	
0	1	2	3	4	5	6	7	9	10	11	12	13	14	15	16	17	18	19	20	22	23	25	26	27	28	29	
0	1	2	4	5	6	8	9	11	12	13	14	15	16	17	18	19	20	21	22	23	24	25	26	27	28	29	
0	1	2	3	4	5	7	8	9	10	11	12	13	14	15	16	17	18	19	20	21	22	23	24	25	26	27	28	29	
0	1	2	3	4	5	6	7	8	9	10	11	12	13	14	15	16	17	18	19	20	21	22	23	24	25	26	27	28	29	
0	1	2	3	4	5	6	7	8	9	10	11	12	13	14	15	16	17	18	19	20	21	22	23	24	25	26	27	28	29	
0	1	2	3	4	5	6	7	8	9	10	11	12	13	14	15	16	17	18	19	20	21	22	23	24	25	26	27	28	29	
0	1	2	3	4	5	6	7	9	10	11	12	13	14	15	16	17	18	20	22	23	24	25	26	27	28	29	
0	1	2	3	4	5	6	7	8	9	10	13	14	15	16	17	18	19	20	21	23	24	25	26	27	28	29	
0	1	2	3	4	5	6	7	8	9	10	11	12	15	16	17	19	20	21	22	23	24	25	26	27	28	29	
0	1	2	3	4	5	6	7	8	9	10	11	12	13	15	16	17	18	19	20	21	22	23	24	25	26	27	28	29	
0	1	2	3	4	5	6	7	8	9	10	11	12	13	14	15	16	17	18	20	22	23	24	25	27	28	29	
0	1	2	3	4	5	6	7	8	9	10	11	12	14	15	16	17	18	19	20	21	22	23	24	25	26	27	29	
0	1	2	3	4	5	6	7	8	9	10	11	12	13	14	15	16	17	18	19	20	21	22	23	24	25	26	27	28	29	
0	1	2	3	4	5	6	7	8	9	10	11	12	13	14	15	16	17	18	19	20	21	22	23	24	25	26	27	28	29	
0	1	2	3	4	5	6	7	8	9	10	11	13	14	15	16	17	18	19	20	21	22	23	24	25	26	27	28	29	
0	1	2	3	4	5	6	7	8	9	10	11	12	13	14	15	16	17	18	20	21	22	23	24	25	26	27	28	29	
0	1	2	3	4	5	6	7	8	9	11	12	13	14	15	16	17	18	19	20	21	22	23	25	26	27	29	
0	1	2	3	4	5	6	7	8	9	10	11	12	13	14	15	16	17	18	19	20	21	22	23	24	25	26	27	28	29	
0	1	2	3	4	5	6	7	8	9	10	11	12	13	14	15	16	17	19	20	21	22	23	25	26	27	28	29	
0	1	2	3	4	5	6	7	8	9	10	11	12	13	14	15	16	17	18	19	20	21	22	23	24	25	26	27	28	29	
0	1	2	3	4	5	6	7	8	9	10	11	12	13	14	15	16	17	18	19	20	21	22	23	24	26	27	28	29	
0	1	2	3	4	5	6	8	9	10	11	12	13	14	16	17	18	19	20	21	22	23	24	25	27	28	29	
1	3	4	5	6	7	8	9	10	11	12	13	14	15	16	17	18	19	20	22	23	24	25	26	27	28	29	
0	1	2	3	4	5	6	7	8	9	10	12	13	14	15	17	18	19	20	21	22	23	24	25	26	27	28	29	
0	1	2	3	4	5	6	7	8	9	10	11	12	13	14	15	16	19	20	21	22	23	24	25	26	27	28	29	
0	1	2	3	4	5	6	7	8	9	10	11	12	13	14	15	16	17	18	19	20	21	22	23	24	25	26	28	29	
0	1	2	3	4	5	6	7	8	9	10	11	12	13	14	15	16	17	18	19	20	21	22	23	24	25	26	27	28	29	
0	1	2	3	4	5	6	7	8	9	10	11	12	13	14	15	16	17	18	19	20	21	22	23	24	25	26	27	28	29	
0	1	2	3	4	5	6	7	8	9	10	11	12	13	14	15	16	17	18	19	20	21	22	23	25	26	29	
0	1	2	3	4	5	6	7	8	9	10	11	12	13	14	15	16	17	18	19	20	21	22	23	24	25	26	27	28	29	
0	1	2	3	4	5	6	7	8	9	10	11	12	13	14	15	16	17	18	19	20	21	22	23	24	25	26	27	28	29	
0	1	2	3	4	5	6	7	8	9	10	11	12	13	14	15	16	17	18	19	21	22	23	24	25	26	27	28	29	
0	1	2	3	4	5	6	7	8	9	10	11	12	13	14	15	16	17	18	19	20	21	22	23	24	25	26	27	28	29	
0	2	3	4	5	6	7	8	9	11	12	13	15	16	17	18	19	20	21	22	23	24	25	26	27	28	29	
0	1	2	3	4	5	6	7	9	10	11	12	14	15	16	17	18	19	20	21	22	23	24	25	26	28	29	
0	2	3	4	5	6	7	8	10	11	12	13	14	15	16	17	18	19	20	21	22	23	24	25	26	27	28	29	
0	1	2	3	4	5	6	7	8	9	10	11	12	13	14	15	16	17	18	19	20	21	22	23	24	25	26	27	28	29	
0	1	2	3	4	5	6	7	8	9	10	11	12	13	14	15	16	17	18	19	20	21	22	23	24	25	26	27	28	29	
0	1	2	3	5	6	7	8	9	10	12	13	14	15	16	17	18	19	20	21	22	23	25	26	27	28	29	
0	1	3	4	5	6	7	8	9	10	11	12	13	15	16	17	18	19	20	21	22	23	24	25	27	28	29	
0	1	2	3	4	5	6	7	8	9	10	11	12	13	14	15	16	17	18	19	20	21	22	23	24	25	26	27	28	29	
0	1	2	3	4	5	6	7	8	9	10	11	12	13	14	15	16	17	18	19	20	21	22	23	24	25	26	27	28	29	
0	1	2	3	4	5	6	7	9	10	11	12	13	14	15	16	17	18	19	20	21	22	23	24	25	26	27	28	29	
0	1	2	3	4	5	6	7	8	9	10	11	12	13	14	15	16	17	18	19	20	21	22	23	24	25	26	27	28	29	
1	2	3	4	5	6	7	8	9	10	11	12	13	14	15	16	17	18	19	20	21	23	24	25	26	27	28	29	
0	1	2	3	4	5	6	7	8	10	11	12	13	14	15	16	17	18	19	20	22	23	25	26	27	28	29	
0	1	2	3	4	5	6	7	8	9	10	11	12	13	14	15	16	17	18	19	20	21	22	23	24	25	26	27	28	29	
1	2	3	4	5	6	7	8	9	11	12	13	14	15	16	18	19	20	21	22	23	24	25	26	27	28	29	
0	2	3	4	5	6	7	8	9	10	11	12	13	14	15	16	17	18	19	20	21	22	23	24	25	26	28	
1	2	3	4	5	6	7	9	10	11	12	13	14	15	16	17	18	19	20	21	22	23	24	25	26	27	29	
0	2	3	4	5	6	7	9	10	11	12	13	14	15	16	17	18	19	20	21	23	24	25	26	27	28	29	
0	1	2	3	4	5	6	7	8	9	10	11	12	13	14	15	16	17	18	19	20	21	22	23	24	25	26	27	28	29	
0	1	2	4	5	6	7	9	10	11	12	13	14	15	16	18	19	20	21	22	23	24	25	26	27	28	29	
0	1	2	3	4	5	6	7	8	9	10	11	12	13	15	16	17	18	19	20	21	22	23	24	25	26	27	28	29	
0	1	2	3	4	5	6	7	8	9	10	11	13	14	15	16	17	18	19	20	21	22	23	24	25	26	27	28	29	
0	1	2	5	6	7	8	9	10	11	12	13	14	15	16	17	18	19	20	21	22	23	24	25	26	27	28	29	
0	1	2	3	4	5	6	7	8	9	10	11	12	13	15	16	17	18	19	20	21	22	23	24	26	27	28	29	
0	2	3	4	5	6	7	8	9	10	11	12	13	14	15	16	18	19	20	21	23	24	25	26	27	28	29	
0	1	2	3	4	5	6	7	8	9	10	11	12	13	14	15	16	17	18	19	20	21	22	23	24	25	26	27	28	29	
0	1	2	3	4	5	6	7	8	9	10	11	12	13	14	15	16	17	18	19	20	21	22	23	24	25	26	27	28	29	
0	1	2	3	4	5	6	7	8	10	11	12	13	14	15	16	17	18	19	20	21	22	23	24	25	26	27	28	29	
0	1	2	3	4	5	6	8	9	10	11	12	13	14	15	16	17	18	19	20	21	22	23	25	26	28	29	
0	1	2	3	5	6	7	8	10	11	12	13	14	16	17	18	19	20	21	22	23	24	25	26	27	28	29	
0	1	2	3	4	5	6	7	8	9	10	11	12	13	14	15	16	17	18	19	20	21	22	23	24	25	26	27	28	29	
0	1	2	3	4	5	6	8	9	10	11	13	14	15	16	17	18	19	20	21	22	23	24	25	26	27	28	29	
0	1	2	3	4	5	6	7	8	9	10	11	12	13	14	15	16	17	18	19	20	22	23	24	25	26	27	28	29	
1	2	3	4	5	6	7	8	9	10	11	12	13	14	15	16	17	18	19	20	21	22	23	24	25	27	28	29	
0	1	2	3	4	5	6	7	8	9	10	11	12	13	14	15	16	17	18	19	20	21	22	23	24	25	26	27	28	29	
0	2	3	4	5	6	7	8	9	10	11	12	13	14	15	16	17	18	19	20	21	22	23	24	26	27	28	29	
0	1	2	3	4	5	6	7	8	9	12	13	14	16	17	18	19	20	21	22	23	24	25	26	27	28	29	
0	1	2	3	4	5	6	7	8	9	10	11	12	13	14	16	17	18	19	20	21	22	23	25	26	27	28	29	
0	1	2	3	4	5	6	7	8	9	10	11	12	13	14	15	16	17	18	19	20	21	22	24	25	26	27	28	29	
0	1	2	3	4	5	6	7	8	9	10	11	12	13	14	15	16	18	19	20	21	22	23	24	25	26	27	28	29	
0	1	2	3	4	5	6	7	8	9	10	11	12	13	14	15	16	17	18	20	21	22	23	24	25	26	28	29	
0	1	2	3	4	5	6	8	9	10	11	12	13	14	16	17	18	19	20	21	22	23	24	25	27	28	29	
0	1	2	3	4	5	6	7	8	9	10	11	12	13	14	15	16	17	18	19	20	21	22	23	24	25	26	27	28	29	
0	1	2	3	4	5	6	7	8	10	11	12	13	14	15	16	17	18	19	20	21	22	23	24	25	26	27	28	29	
0	1	2	3	4	5	6	7	8	9	10	11	12	13	14	15	16	17	18	19	20	21	22	23	24	25	26	27	28	29	
0	1	2	3	4	5	6	7	8	9	10	11	12	13	14	15	16	17	18	19	20	21	22	23	24	25	26	27	28	29	
1	2	3	4	5	6	7	8	9	10	11	12	13	14	15	16	17	18	19	20	21	22	23	24	25	26	27	28	29	
0	1	3	4	5	6	7	8	9	10	11	12	13	14	15	16	17	18	19	20	21	22	23	24	25	27	28	29	
0	1	2	3	4	5	6	7	8	9	10	11	12	13	14	15	16	17	18	19	20	21	22	23	24	25	26	27	28	29	
0	1	2	3	4	5	6	7	8	9	10	11	12	13	14	15	16	17	18	19	20	21	22	23	24	25	26	27	28	29	
0	1	2	3	4	5	6	7	8	9	10	11	12	13	14	15	16	17	18	19	20	21	22	23	24	25	26	27	28	29	
0	1	3	4	5	6	7	8	9	10	11	12	13	15	16	17	18	19	20	21	22	23	24	25	26	28	29	
0	1	3	4	5	7	8	9	10	11	12	13	14	15	16	17	18	19	20	21	22	23	24	25	26	27	28	29	
0	1	2	3	4	5	6	7	8	9	10	11	12	13	14	15	16	17	18	19	20	22	23	25	26	27	28	29	
0	1	2	3	4	5	6	7	8	9	10	11	12	13	14	15	16	17	18	19	20	21	22	23	24	25	26	28	29	
0	1	2	3	4	5	6	7	8	9	10	11	12	13	14	15	16	17	18	19	21	22	23	24	25	26	27	28	29	
0	1	2	3	4	5	6	7	8	9	10	11	12	13	14	15	16	18	19	20	21	22	23	24	25	26	27	28	29	
0	1	2	3	4	5	6	7	8	9	10	11	12	15	16	18	19	20	21	22	23	24	25	26	27	28	29	
0	1	2	3	4	5	6	7	8	9	10	11	12	13	14	15	16	17	18	19	20	21	22	23	24	25	26	28	29	
0	1	2	3	4	5	6	7	8	9	10	11	12	13	14	15	17	18	19	20	21	22	23	24	25	26	27	28	29	
0	1	2	3	5	6	7	8	9	10	11	12	13	14	15	16	17	18	19	20	21	22	23	24	25	26	28	29	
0	1	2	3	5	6	7	8	9	10	12	13	14	16	17	18	19	20	21	22	23	24	25	26	27	28	29	
0	1	2	3	4	5	7	8	9	10	11	12	13	14	15	16	17	18	19	20	21	22	23	25	26	27	28	29	
0	1	2	3	4	5	6	7	8	9	10	11	12	13	15	16	17	18	19	20	21	22	23	24	25	26	27	28	
1	2	3	4	5	6	7	8	9	10	11	12	13	14	15	16	17	18	19	20	22	23	24	26	27	28	29	
0	1	2	3	4	5	6	7	8	9	10	11	12	13	14	15	16	17	19	20	21	22	23	24	25	26	27	28	
0	1	2	3	4	5	6	7	9	10	11	12	13	14	15	16	17	18	19	20	21	23	24	25	26	27	28	29	
0	1	2	3	4	6	7	8	9	10	11	12	13	14	15	16	17	18	19	20	21	22	23	24	25	26	27	28	29	
0	1	2	3	4	5	6	7	8	9	10	11	12	13	14	15	16	17	18	19	20	21	22	23	24	25	26	27	28	29	
0	1	2	3	4	5	6	7	8	9	10	11	12	13	14	15	16	17	18	19	20	21	22	23	24	25	26	27	28	29	
0	2	3	4	5	6	7	8	9	10	11	13	14	15	16	17	18	19	20	21	22	23	24	25	26	27	28	29	
0	1	2	3	4	5	6	7	8	9	10	11	12	13	14	15	16	17	18	19	20	21	22	23	24	25	26	27	29	
0	3	4	5	6	7	8	9	10	11	12	13	14	16	17	18	19	20	21	22	23	24	25	26	27	28	29	
0	1	2	3	4	5	6	7	8	9	10	11	12	13	14	15	16	17	18	19	20	21	22	23	24	25	27	28	29	
0	1	2	3	4	5	6	7	8	9	10	11	12	13	14	15	16	17	18	19	20	21	22	23	24	25	26	27	28	29	
0	1	2	3	4	5	6	7	8	9	10	11	13	14	15	16	17	18	19	20	21	22	23	24	25	26	27	28	29	
0	1	2	3	4	5	6	7	8	9	10	11	12	13	14	15	16	17	18	19	21	22	23	24	25	26	27	28	29	
0	1	2	3	4	5	6	8	9	10	11	13	14	15	16	17	18	19	20	21	22	23	24	25	26	27	28	29	
0	1	2	3	4	7	8	10	11	12	13	14	15	16	17	18	19	20	21	22	23	24	25	26	27	28	29	
0	1	2	3	4	5	6	7	8	9	10	11	12	13	14	15	16	17	19	20	21	22	23	24	25	26	27	28	29	
0	1	2	3	4	5	6	7	8	9	10	11	12	13	15	16	17	18	19	20	21	22	23	25	26	27	28	
0	1	2	3	4	5	6	7	8	9	10	11	12	13	14	15	16	17	18	19	20	21	22	23	24	25	26	27	28	29	
0	1	2	3	5	6	7	8	9	10	11	12	13	14	15	16	17	18	20	21	23	24	25	26	27	28	29	
0	1	2	3	4	5	6	7	8	9	10	11	12	13	14	15	16	17	18	19	20	21	22	23	24	25	26	27	28	29	
0	2	3	4	5	6	7	8	9	10	11	12	13	15	16	17	18	19	21	22	23	24	25	26	27	28	29	
0	1	2	3	4	5	6	8	9	10	11	12	13	14	15	16	17	18	19	20	21	22	23	24	25	26	27	28	29	
0	1	2	3	4	5	6	7	8	9	10	11	12	13	14	15	16	17	18	19	20	21	22	23	24	25	26	27	28	29	
0	1	2	3	4	5	6	7	8	9	10	11	13	14	15	16	17	18	19	20	21	22	23	24	25	26	27	28	29	
0	1	2	3	4	5	6	8	9	10	11	12	13	14	15	16	17	19	20	21	22	23	24	25	26	27	28	29	
0	1	2	3	4	5	6	7	8	9	10	11	12	13	14	15	16	17	18	19	20	21	22	23	24	25	26	27	28	29	
0	1	2	3	4	5	6	7	8	9	10	11	12	13	14	15	16	17	18	19	20	21	22	23	24	25	26	27	28	29	
0	1	2	3	4	5	6	7	8	10	11	12	14	15	16	17	18	19	20	21	22	23	24	25	27	28	29	
0	1	2	4	5	6	7	8	9	10	11	12	13	14	15	17	18	19	20	21	22	23	24	25	27	28	29	
0	1	2	3	4	5	6	7	8	9	11	12	13	14	15	16	17	18	19	20	21	22	23	24	25	26	27	28	
0	2	3	4	5	6	7	8	9	10	11	12	13	14	15	16	18	19	20	21	22	23	24	25	27	28	29	
0	1	2	3	4	5	6	7	8	9	11	12	13	14	15	16	17	18	19	20	21	22	23	24	25	27	28	29	
0	1	2	3	4	5	6	7	8	9	10	11	12	13	14	15	16	17	18	19	20	21	22	23	24	25	26	27	28	29	
0	1	2	3	4	5	6	7	8	9	10	11	12	13	14	15	16	17	18	19	20	21	22	23	24	25	26	27	28	29	
0	2	3	4	5	7	8	9	10	11	12	13	14	15	16	17	18	19	20	21	22	24	25	26	27	28	29	
0	1	2	3	4	5	6	7	8	9	10	11	12	13	14	15	16	17	18	19	20	21	23	24	25	26	27	28	29	
1	3	4	5	6	7	8	9	10	11	12	13	14	15	16	17	18	20	21	22	23	24	25	26	27	28	29	
0	1	2	3	4	5	6	7	8	9	10	11	13	14	15	16	17	18	19	20	21	22	23	24	25	26	27	28	29	
0	1	2	3	4	5	6	7	8	9	10	11	12	13	15	16	17	18	19	20	21	22	23	24	26	27	28	29	
0	1	2	3	4	5	6	7	8	9	10	11	12	14	15	16	17	18	19	20	21	22	23	24	25	26	27	28	29	
0	1	2	5	6	7	8	9	10	11	12	13	14	15	16	18	19	20	21	22	23	24	25	26	27	28	29	
0	1	2	3	4	5	6	7	8	9	10	11	12	13	14	15	16	18	19	20	21	22	23	25	26	27	28	29	
0	1	2	3	5	6	7	8	9	10	11	12	13	14	15	16	17	18	19	20	21	23	24	25	26	27	28	29	
0	1	2	3	4	5	6	7	8	9	10	11	12	13	14	15	16	17	18	19	20	22	23	24	25	26	28	29	
0	1	2	3	4	5	6	7	8	9	10	11	12	13	14	16	17	18	19	20	21	22	23	24	25	26	27	29	
0	1	2	4	5	7	8	9	10	11	12	13	14	15	16	18	19	20	21	22	23	24	25	26	27	28	29	
0	1	2	3	4	5	6	7	8	9	10	11	13	14	15	16	17	18	19	20	21	22	23	24	25	26	27	28	29	
0	1	2	3	4	5	6	7	8	9	10	12	13	14	15	16	17	18	19	20	21	23	24	25	26	28	29	
0	1	2	3	4	5	6	7	8	9	10	11	12	13	14	15	16	17	18	19	20	21	23	24	25	26	28	29	
0	1	2	3	4	5	6	7	8	9	10	11	12	13	14	15	16	17	19	20	21	22	23	24	25	26	27	28	29	
0	1	2	3	4	5	6	7	8	9	10	11	12	13	14	15	16	17	18	19	20	21	22	23	24	25	26	27	28	29	
0	1	2	3	4	5	6	7	8	9	10	11	12	13	14	15	16	17	18	19	20	21	22	23	24	25	26	27	28	29	
0	1	3	4	5	6	7	8	9	10	11	12	13	14	15	16	17	18	19	20	21	22	23	24	25	26	27	28	29	
0	1	2	3	4	5	6	7	8	9	10	11	12	13	14	15	16	17	18	19	20	21	23	24	25	26	27	29	
0	1	2	3	4	5	6	7	8	9	10	11	12	13	14	15	16	17	19	20	21	22	23	24	26	27	28	29	
0	1	2	3	4	5	6	7	8	9	10	11	12	13	14	15	16	17	18	19	20	21	22	23	24	25	26	27	28	29	
0	1	2	3	4	5	6	7	8	9	10	12	13	14	15	16	17	18	19	20	21	22	23	24	25	26	27	28	29	
0	1	2	3	4	5	7	8	9	11	12	13	14	15	16	17	18	19	20	21	22	23	24	25	26	27	28	
0	1	2	3	4	5	6	7	8	9	10	11	12	13	14	15	16	17	18	19	20	21	22	23	24	25	26	27	28	29	
0	1	3	4	5	6	7	8	9	10	11	12	13	14	15	16	17	18	19	20	21	22	23	24	25	26	28	29	
0	1	2	3	4	5	6	7	8	9	10	11	12	13	14	15	16	17	18	19	20	21	22	23	24	25	26	27	28	29	
0	1	2	3	4	5	7	8	9	10	11	12	13	14	15	16	17	18	19	20	21	23	24	25	26	27	29	
0	1	2	3	4	5	6	7	8	9	10	11	12	13	14	15	17	18	19	20	21	22	23	24	25	26	27	28	
0	1	2	3	4	5	6	7	8	9	10	12	13	14	15	16	17	18	19	20	21	22	23	24	25	26	27	28	29	
0	1	2	3	4	7	8	9	10	11	12	13	14	15	16	17	18	19	20	21	22	24	25	26	27	28	29	
0	1	2	3	4	5	6	7	8	9	10	11	12	13	14	15	16	17	18	19	20	21	22	23	24	25	26	27	28	29	
0	1	2	3	4	5	6	7	8	9	10	11	12	13	14	15	16	17	18	19	20	21	22	24	25	26	27	29	
0	1	2	3	4	5	6	7	8	9	10	12	13	14	15	16	17	18	19	20	21	22	23	24	25	26	27	28	29	
0	1	2	3	4	5	6	7	8	9	10	11	12	13	14	15	16	17	18	19	20	21	22	23	24	25	26	27	28	29	
0	1	2	4	5	6	7	8	9	10	11	12	13	14	15	16	17	19	20	21	22	23	24	25	26	28	29	
0	1	2	3	4	5	6	7	8	9	10	11	12	13	14	16	17	18	19	21	22	23	24	25	26	27	29	
0	1	2	3	4	5	6	7	8	9	10	11	12	13	14	15	16	17	18	19	20	21	22	23	24	25	26	27	28	29	
0	1	2	3	4	5	6	7	8	9	10	11	12	13	14	15	16	17	18	19	20	21	22	23	24	25	26	27	28	29	
0	1	2	3	4	5	6	7	8	9	10	11	12	13	14	15	16	17	18	19	20	21	22	23	24	25	26	27	28	29	
0	1	2	4	5	6	7	8	9	10	11	12	13	14	15	16	18	19	20	21	22	23	24	25	26	27	28	29	
0	1	3	4	5	6	7	8	9	10	11	12	13	14	15	16	17	18	19	20	21	22	23	24	25	26	27	28	29	
0	1	2	3	4	5	6	7	8	9	10	11	12	13	14	15	16	17	18	19	20	21	22	23	24	25	26	27	28	29	
0	1	2	3	4	5	6	7	8	9	10	11	12	13	14	15	16	17	18	19	20	21	22	23	24	25	26	27	28	29	
0	1	2	3	4	5	6	8	9	10	11	12	13	14	15	16	17	18	19	20	22	23	24	25	26	27	28	29	
0	1	2	3	4	5	7	9	10	11	13	14	15	16	17	18	19	20	21	22	23	24	25	26	27	28	29	
0	1	2	3	4	5	6	7	8	9	10	11	12	13	14	15	16	17	18	19	20	21	22	23	24	25	26	27	28	29	
0	1	2	3	4	5	6	7	8	9	10	11	12	13	14	15	16	19	20	21	22	23	24	25	26	27	28	29	
0	1	2	3	5	6	7	8	9	10	12	13	14	15	16	17	18	19	20	21	22	23	24	25	26	27	29	
0	1	2	3	4	5	6	7	8	9	10	11	12	13	14	15	16	17	18	19	20	21	22	23	24	25	26	27	28	29	
0	1	3	4	5	6	7	8	9	10	11	12	13	14	15	16	17	18	20	21	22	23	24	25	26	27	28	29	
0	1	2	3	4	5	6	7	8	9	10	11	12	13	14	15	16	17	18	19	20	21	22	23	24	25	26	27	28	29	
0	2	3	5	6	7	8	9	10	11	12	13	14	15	16	17	18	19	20	21	22	23	24	25	26	27	28	29	
0	1	2	3	4	5	6	7	8	9	10	11	12	13	14	15	16	17	18	19	20	21	22	23	24	25	26	27	28	29	
0	1	3	4	5	6	7	8	9	10	11	12	13	14	15	16	17	18	19	20	21	22	24	25	26	28	29	
0	1	2	3	4	5	6	7	8	9	10	11	12	13	14	15	16	17	18	19	20	21	22	23	24	25	26	27	28	29	
0	1	2	3	4	5	6	7	8	9	10	11	12	13	14	15	16	17	18	20	21	22	23	24	25	26	27	28	29	
0	1	2	3	4	5	6	7	8	9	10	11	12	13	14	15	16	17	18	19	20	21	22	23	24	25	26	27	28	29	
0	1	2	3	4	5	6	7	8	9	10	11	12	13	14	15	16	17	19	20	21	22	23	24	25	26	28	29	
0	1	2	3	4	5	6	7	8	9	10	11	12	13	14	15	16	17	18	19	20	21	22	23	24	25	26	27	28	29	
0	1	2	3	4	5	6	7	8	9	10	11	12	13	14	15	16	17	18	19	20	21	22	23	24	25	26	27	28	29	
0	1	3	4	5	6	7	8	9	10	11	12	13	14	15	16	17	18	19	20	21	22	23	25	26	27	28	29	
0	1	2	3	4	5	6	7	8	9	10	11	12	13	14	15	16	17	18	19	20	21	22	23	25	26	27	28	29	
0	1	2	3	4	5	6	7	8	9	10	11	12	13	14	15	16	17	18	19	20	21	22	23	24	25	26	27	28	29	
0	1	2	3	4	5	7	8	9	11	12	13	14	15	16	17	18	19	20	21	22	23	24	25	26	27	28	29	
0	1	2	3	5	6	7	8	9	10	11	12	13	15	16	17	18	19	20	21	22	23	25	26	27	28	29	
0	1	2	3	4	5	7	8	9	10	11	12	13	14	15	16	17	19	20	21	22	23	24	25	26	27	28	
0	1	2	3	4	5	6	7	8	9	10	11	12	13	14	15	16	17	18	19	20	21	22	24	25	26	27	28	29	
0	2	3	4	5	6	7	8	9	10	11	12	13	14	15	16	17	18	19	20	21	22	23	24	25	26	27	28	29	
0	1	2	3	4	5	6	7	8	9	10	11	12	13	14	15	16	17	18	19	20	21	22	23	24	25	26	27	28	29	
0	1	2	3	5	6	7	8	9	10	11	12	13	15	16	17	18	19	20	21	22	24	25	26	27	28	29	
0	1	2	4	5	6	7	8	9	10	11	12	13	14	15	16	17	18	19	20	21	22	23	24	25	26	27	28	29	
0	1	2	3	4	5	6	8	9	10	11	12	13	14	15	16	18	19	20	21	22	23	24	25	26	27	28	29	
0	1	2	3	4	7	8	9	10	11	12	13	14	15	16	17	18	19	20	21	22	23	25	26	27	28	29	
0	1	2	3	4	5	6	7	8	9	10	11	12	13	14	15	16	17	18	19	20	21	22	23	24	25	26	27	28	29	
0	1	2	3	4	5	6	7	8	9	10	12	13	14	15	16	17	18	19	20	21	22	23	24	25	26	27	28	29	
0	1	2	3	4	5	6	7	8	9	10	11	12	13	14	15	16	17	18	19	20	21	22	23	24	25	26	27	28	29	
0	1	2	3	4	5	6	7	8	9	10	11	12	13	14	15	16	17	18	19	20	21	22	23	24	25	26	27	28	29	
0	2	3	4	5	6	7	8	9	10	11	13	14	15	16	17	19	20	21	22	23	24	25	26	27	28	29	
0	1	2	3	4	6	7	8	9	11	12	13	14	15	16	17	18	19	20	22	23	24	25	26	27	28	29	
0	1	2	3	4	5	6	7	8	9	10	11	12	13	14	15	16	17	18	19	20	21	22	23	24	25	26	27	28	29	
0	1	2	3	4	5	6	7	8	9	10	11	12	13	14	15	16	17	18	19	20	21	22	23	24	25	26	27	28	29	
0	1	2	3	4	5	6	7	8	9	10	11	12	13	14	15	16	17	18	19	20	21	23	24	25	26	27	28	29	
0	1	3	4	5	6	7	8	9	10	11	12	13	14	15	16	17	18	19	20	21	22	23	24	25	26	27	28	29	
0	1	2	3	4	5	6	7	8	9	10	11	12	13	14	15	16	17	18	19	20	21	22	23	24	25	26	29	
0	1	2	3	4	5	6	7	8	9	10	11	12	13	14	15	16	17	18	19	20	21	22	23	24	25	26	27	28	29	
0	1	2	3	4	5	7	8	9	10	11	12	14	15	16	17	18	19	20	21	22	24	25	26	27	28	29	
0	1	2	3	4	5	6	7	8	10	11	12	13	14	15	16	17	19	20	21	22	23	25	26	27	28	29	
0	1	2	3	4	5	6	7	8	9	10	11	12	15	16	17	18	19	20	21	22	23	24	25	26	28	29	
0	1	2	3	4	5	6	7	8	9	10	11	12	13	14	15	16	17	18	19	20	21	22	23	24	25	26	27	28	29	
0	1	2	3	4	5	6	7	8	9	10	11	12	13	14	15	17	18	19	20	21	22	23	24	25	26	27	28	29	
1	2	3	4	5	6	7	8	9	10	11	12	13	14	15	16	17	18	19	20	21	22	23	24	25	26	27	28	29	
0	1	2	3	4	5	6	7	8	9	10	11	12	13	14	15	16	17	18	19	20	21	22	23	24	25	26	27	28	29	
1	2	3	4	5	6	7	8	9	10	11	12	13	14	15	16	17	19	20	21	22	23	24	25	26	27	28	29	
0	1	2	3	4	5	6	7	9	10	11	12	13	14	15	16	17	18	19	21	22	23	24	25	27	28	29	
0	1	2	3	4	5	6	7	8	9	10	11	12	13	14	15	16	17	18	19	20	21	22	23	24	25	26	27	28	29	
0	1	2	3	4	5	6	7	8	9	10	11	12	13	14	15	16	17	19	20	21	22	23	24	25	26	27	28	29	
0	2	3	4	6	7	8	9	10	11	12	13	14	15	16	17	18	19	20	21	22	23	24	26	27	28	29	
0	1	2	3	4	5	6	8	9	10	11	12	13	14	15	16	17	18	19	20	21	22	23	24	25	26	27	28	29	
0	1	2	3	4	5	6	7	8	9	10	11	12	13	14	15	16	17	18	19	20	21	22	23	24	25	26	27	28	29	
0	1	2	3	4	5	6	7	8	9	10	11	12	13	14	15	16	17	18	19	20	21	22	23	24	25	26	27	28	29	
0	1	2	3	4	6	7	8	9	10	11	12	13	14	15	16	17	18	19	20	21	22	23	24	25	27	28	29	
0	1	2	3	4	5	6	7	8	9	10	11	12	13	14	15	16	17	18	19	20	21	22	23	24	25	26	27	28	29	
0	1	2	3	4	5	6	7	8	9	10	12	13	14	15	16	17	18	19	20	21	22	23	24	25	28	29	
0	1	2	3	4	5	6	7	8	9	10	11	12	13	14	15	16	17	18	19	20	21	22	23	24	25	26	27	28	29	
0	1	2	3	4	5	6	7	9	10	11	12	14	15	16	17	18	19	20	21	22	23	24	25	26	27	28	29	
0	1	2	3	4	5	6	7	8	9	10	11	12	13	14	16	17	18	19	20	21	22	23	25	26	27	28	29	
0	1	2	3	4	5	6	7	8	9	10	11	12	13	14	15	16	17	18	19	20	21	22	23	24	25	26	27	28	29	
0	1	2	3	4	5	6	7	8	9	10	11	12	13	14	15	16	18	19	20	21	22	23	24	25	26	27	28	29	
0	1	2	3	4	5	6	7	8	9	10	11	12	13	14	15	16	17	18	19	20	21	22	23	24	25	26	27	28	29	
1	2	3	4	5	6	7	8	9	10	11	12	13	14	15	16	17	18	19	20	21	22	24	26	27	28	29	
0	1	2	4	5	6	7	8	9	10	12	13	14	15	16	17	18	19	20	22	23	24	25	26	27	28	29	
0	1	2	3	4	5	6	7	8	9	10	11	12	13	14	15	16	17	18	19	20	21	22	23	24	25	26	27	28	29	
0	1	2	3	4	5	6	7	8	9	11	12	13	14	15	16	17	18	19	20	21	22	24	25	27	28	29	
1	2	3	4	5	6	7	8	9	10	11	12	13	14	15	16	17	18	19	20	21	22	23	24	25	26	27	28	29	
0	1	2	3	4	5	6	7	8	9	10	11	12	13	14	16	17	18	19	20	21	22	23	24	25	26	27	28	29	
0	2	4	5	6	7	8	9	10	11	12	13	14	15	16	17	18	19	20	21	22	23	24	25	26	27	28	29	
0	1	2	3	4	5	6	7	8	9	11	12	13	14	15	16	17	18	19	21	22	23	24	25	26	27	29	
0	1	2	3	4	5	6	7	8	9	10	12	14	15	16	17	18	19	20	21	22	23	24	26	27	28	29	
0	1	2	3	4	5	6	7	8	9	10	11	12	13	14	15	16	17	18	19	20	21	22	23	24	25	26	27	29	
0	1	2	3	4	5	6	7	9	10	11	12	13	14	15	16	19	20	21	22	23	24	25	26	27	28	29	
0	1	2	3	4	5	6	7	8	9	10	11	12	13	14	15	16	17	18	20	21	22	23	24	25	26	27	28	29	
0	1	2	3	4	5	6	7	8	9	10	11	12	13	14	15	16	17	18	19	20	21	22	23	25	26	27	28	29	
0	1	2	3	4	5	6	7	8	9	10	11	12	13	14	15	16	17	18	19	20	21	22	23	24	25	26	27	28	29	
0	1	2	3	4	5	6	7	8	9	10	11	12	13	14	15	16	17	18	19	20	21	22	23	24	25	26	27	28	29	
0	1	2	3	4	5	6	7	8	9	10	11	12	13	14	15	16	17	18	19	20	21	22	23	24	25	26	27	28	29	
0	1	2	3	4	5	6	7	8	9	10	11	12	13	14	15	16	17	18	19	20	21	22	23	24	25	26	28	29	
0	1	2	3	4	5	6	7	8	9	10	11	12	13	14	15	17	18	19	20	21	22	23	24	25	26	27	28	29	
0	1	2	3	4	5	6	7	8	9	10	11	12	13	14	15	16	17	18	19	20	21	22	23	24	25	26	28	29	
0	2	3	4	5	6	7	8	9	10	11	13	14	15	16	17	18	19	20	21	23	24	25	26	27	28	29	
0	1	2	3	4	5	6	7	8	9	10	11	12	13	14	15	19	20	21	22	23	24	25	26	27	28	29	
0	1	2	3	4	5	6	7	8	9	10	11	12	13	14	15	16	17	18	19	20	21	22	23	24	25	26	27	28	29	
0	1	2	3	4	6	7	8	9	10	11	12	13	14	15	16	17	18	19	20	21	22	24	25	27	28	29	
0	1	2	3	4	5	6	7	8	9	10	11	12	13	14	15	16	17	18	19	20	22	23	24	26	27	28	29	
0	1	2	3	4	5	6	7	8	9	10	11	12	13	14	15	16	17	18	19	20	21	22	23	24	25	26	27	28	29	
0	1	2	4	5	6	7	8	9	10	11	12	13	15	16	17	18	20	21	22	23	24	25	26	27	28	29	
0	1	2	3	4	5	6	7	8	9	10	11	12	13	14	15	16	17	19	20	21	22	23	24	25	26	27	28	29	
0	1	2	3	4	5	7	9	10	11	12	13	14	15	16	17	19	20	21	22	23	24	25	26	27	28	29	
0	1	2	3	4	5	6	7	8	9	11	12	13	14	15	16	17	18	19	20	21	22	24	25	26	27	28	29	
0	1	2	3	4	5	6	7	8	9	10	11	12	13	14	15	16	17	18	19	20	21	22	23	24	25	26	27	28	29	
0	1	2	3	4	5	6	7	8	9	10	11	12	13	14	15	16	17	18	19	20	21	22	23	25	26	27	29	
0	1	2	3	4	5	6	7	8	9	10	11	12	13	14	15	16	17	18	19	20	21	22	23	24	25	26	27	28	29	
0	1	2	3	4	5	6	7	8	9	10	11	13	14	15	16	17	19	20	21	22	23	24	25	26	27	28	29	
0	1	2	3	4	5	6	7	8	10	11	12	13	14	15	16	17	18	19	20	21	22	23	24	26	27	28	29	
1	2	3	4	5	6	7	8	9	10	11	12	13	14	15	16	17	18	19	20	21	22	23	25	26	27	29	
0	2	3	4	5	6	7	8	9	11	13	14	15	16	17	18	19	20	21	22	23	24	25	26	27	28	29	
0	1	2	3	4	5	6	7	8	9	10	11	12	13	14	15	16	17	18	19	20	21	22	23	24	25	26	27	28	29	
0	1	2	3	4	5	6	7	8	9	10	11	12	13	14	15	16	17	18	19	20	21	22	26	27	28	29	
0	1	2	3	4	5	6	8	9	10	11	12	13	14	15	16	17	18	19	20	21	22	23	24	25	26	27	28	29	
0	1	2	3	4	5	6	7	8	9	10	11	12	13	14	15	16	17	18	19	20	21	22	23	24	25	26	27	28	29	
0	1	2	6	7	8	9	10	11	12	13	14	15	16	17	18	19	20	21	22	23	24	25	26	27	28	29	
0	1	2	3	4	5	6	7	8	9	10	11	12	13	15	16	17	18	19	20	21	22	23	24	25	26	27	29	
0	2	3	5	6	7	8	9	10	11	12	13	14	15	16	17	18	19	20	21	22	23	24	25	26	27	28	29	
0	1	2	3	4	5	6	7	8	9	10	11	12	13	14	15	16	17	18	19	20	21	22	23	24	25	26	27	28	29	
0	1	2	4	5	6	7	8	10	11	12	13	14	15	16	17	18	19	20	21	22	23	24	26	27	28	29	
0	1	2	3	4	5	6	7	8	9	10	11	13	14	15	16	17	18	19	20	21	22	23	24	25	26	27	28	29	
0	2	3	4	5	6	7	8	9	10	11	12	13	14	15	16	17	18	19	20	22	24	25	26	27	28	29	
0	1	2	3	4	5	6	7	8	9	10	11	12	13	14	15	16	17	18	19	20	21	22	23	24	25	26	27	28	29	
0	1	2	4	5	6	7	8	9	10	11	12	13	14	16	17	18	19	20	21	22	23	24	25	26	27	28	29	
0	1	2	3	4	5	6	7	8	10	11	12	13	14	15	16	17	18	19	20	21	22	23	24	25	26	27	28	29	
0	1	2	3	4	5	6	7	8	9	10	11	12	13	14	15	16	17	18	19	20	21	23	24	25	26	27	28	29	
0	1	2	3	4	5	6	7	8	9	10	11	12	13	14	15	16	18	19	20	22	23	24	25	26	27	28	29	
0	1	2	3	4	5	6	7	8	9	10	11	12	13	14	15	16	17	18	19	20	21	22	23	24	25	26	27	28	29	
0	1	2	3	4	5	6	7	8	9	10	11	12	13	14	15	17	18	19	20	21	22	23	24	25	26	27	28	29	
0	1	2	3	4	5	6	7	8	9	10	11	12	13	14	15	16	17	18	19	20	21	22	23	24	25	26	27	28	29	
0	1	2	3	4	5	6	7	8	9	10	11	12	13	14	15	16	17	18	19	20	21	22	23	24	25	26	27	28	29	
0	1	2	3	4	5	6	7	8	9	10	11	12	13	14	15	16	17	18	20	21	22	23	24	25	26	27	28	29	
0	1	2	3	4	5	6	7	8	9	10	11	12	13	14	15	16	17	18	19	20	21	22	23	24	25	26	27	28	29	
0	1	2	3	4	5	6	7	8	9	12	13	14	16	17	18	19	20	21	22	23	24	25	26	27	28	29	
0	1	2	3	4	5	6	7	8	9	11	12	13	14	15	16	17	18	19	20	21	22	23	24	25	26	27	28	29	
0	1	2	3	5	6	7	8	9	10	11	12	13	14	15	16	17	18	19	20	21	22	23	24	25	26	27	28	29	
0	1	2	3	4	5	6	7	8	9	10	11	12	13	14	15	16	17	18	19	20	21	22	23	24	25	26	27	28	29	
0	1	2	3	4	5	6	7	8	9	10	11	12	13	14	15	16	17	20	21	22	23	24	26	27	28	29	
0	3	4	5	6	7	8	9	10	11	12	13	14	15	16	17	18	19	20	21	22	23	24	26	27	28	29	
1	2	3	4	5	6	7	8	9	10	11	12	13	14	15	16	17	18	19	20	21	22	23	24	25	26	27	28	29	
0	1	2	3	4	5	6	7	8	9	10	11	12	13	14	16	17	18	19	20	21	22	23	24	25	26	27	28	29	
0	1	2	3	4	5	6	7	8	9	11	12	14	15	16	17	19	20	21	22	23	24	25	26	27	28	29	
0	1	2	3	4	5	6	7	8	9	10	11	12	13	14	15	16	17	18	19	20	21	22	23	24	25	26	27	28	29	
0	1	3	4	5	6	7	8	9	10	11	12	13	14	15	16	17	18	20	21	22	23	24	25	26	27	28	29	
0	1	2	3	4	5	6	7	8	9	10	11	12	13	14	15	16	17	18	19	20	21	22	23	24	25	26	27	28	29	
0	1	2	3	4	5	6	7	8	9	10	11	12	13	14	15	16	17	18	19	20	21	22	23	24	25	26	27	28	29	
0	1	2	4	5	6	7	8	9	10	11	12	13	14	15	16	17	18	19	20	21	22	23	24	25	26	27	28	
1	2	3	4	5	6	7	8	9	10	11	12	13	14	15	17	18	19	20	21	22	23	24	25	26	27	29	
0	1	2	3	4	5	7	8	9	10	11	12	13	14	15	17	18	19	20	21	22	23	24	25	26	28	29	
0	1	2	3	4	5	6	7	8	9	10	11	12	13	15	16	17	18	19	20	21	22	23	24	25	26	27	28	
0	1	2	3	4	5	6	7	8	9	10	11	12	13	14	15	16	17	18	19	20	21	22	23	24	25	26	27	28	29	
0	1	2	3	4	6	7	8	9	10	11	12	13	15	16	17	18	19	20	21	22	23	24	25	26	27	28	29	
0	1	2	3	4	5	6	7	8	9	10	11	12	13	14	15	16	17	18	19	20	21	22	23	24	25	26	27	28	29	
0	1	2	3	4	5	6	7	8	10	11	12	13	14	15	16	18	19	20	21	22	23	24	25	26	27	28	
1	2	3	4	6	7	9	10	11	12	13	14	15	16	17	18	19	20	21	22	23	24	25	26	27	28	29	
0	1	4	5	6	7	8	9	10	11	12	14	15	16	17	18	19	20	21	22	23	24	25	26	27	28	29	
0	1	3	5	6	7	8	9	10	11	12	13	14	15	16	17	18	19	20	21	22	23	25	26	27	28	29	
0	1	2	4	5	6	7	8	9	10	11	12	13	14	15	16	17	18	19	20	21	22	25	26	27	28	29	
0	1	2	3	4	5	7	8	10	12	13	14	15	16	17	18	19	20	21	22	23	24	25	26	27	28	29	
0	2	3	4	5	6	7	8	9	10	11	12	13	14	15	16	17	18	19	20	21	22	23	24	25	26	27	28	29	
0	1	2	3	4	5	6	7	9	10	11	12	13	14	15	16	17	18	19	20	21	22	23	24	25	26	27	28	29	
0	1	2	3	4	5	6	7	8	9	10	11	12	13	14	15	16	17	18	19	21	22	23	24	25	26	27	28	29	
0	1	2	3	4	5	6	7	8	9	10	11	12	13	14	15	16	17	18	19	20	21	22	23	24	25	26	27	28	29	
0	1	2	3	4	5	6	7	8	9	10	11	12	13	14	15	16	17	18	19	20	21	22	24	25	26	27	28	29	
0	1	2	3	4	5	6	7	8	9	10	11	12	13	14	15	16	17	18	19	20	21	22	23	24	25	26	28	29	
0	1	2	3	5	6	7	8	9	10	11	12	13	14	15	16	17	18	19	20	21	22	23	24	25	26	27	28	29	
0	1	2	3	4	5	6	7	8	10	11	12	13	14	15	16	17	18	19	20	21	22	23	24	25	26	27	28	29	
0	1	2	3	4	5	6	7	8	9	10	11	12	13	14	15	16	17	18	19	22	23	24	25	26	27	29	
0	1	2	3	4	5	6	7	8	9	10	11	12	13	14	15	16	17	18	19	20	21	22	23	24	25	26	27	28	29	
0	1	2	3	4	5	6	7	8	10	11	12	13	14	15	16	17	18	19	20	21	22	23	24	25	26	27	28	29	
0	1	2	4	5	6	7	8	9	10	12	13	14	15	16	17	18	19	20	21	22	23	24	25	26	27	28	29	
0	1	3	4	5	6	7	9	10	11	12	13	14	15	16	17	18	19	20	21	23	24	25	26	27	28	29	
0	1	2	3	5	6	7	8	9	10	11	12	13	14	15	16	17	18	19	20	21	23	24	25	26	27	28	29	
0	1	2	3	4	5	6	7	8	9	10	11	12	13	14	15	16	17	18	19	20	21	22	23	24	25	26	27	28	29	
0	1	2	3	4	5	6	7	8	9	10	11	12	13	14	15	16	17	18	19	20	21	22	23	24	25	26	27	28	29	
1	2	3	4	5	6	7	8	9	10	11	12	13	14	15	16	17	18	19	20	21	22	23	24	25	26	27	28	29	
1	2	3	4	5	6	7	8	9	10	11	12	13	14	15	16	17	18	19	20	21	23	24	25	26	28	29	
0	1	2	3	4	5	6	7	8	9	11	12	13	14	15	16	17	18	19	20	21	22	23	24	25	26	27	28	29	
0	1	2	3	4	5	6	7	8	9	10	11	12	13	14	15	16	17	18	19	20	21	22	23	24	25	26	27	28	29	
0	1	2	3	4	5	6	7	8	9	10	11	12	13	14	15	16	17	18	19	20	21	22	23	24	25	26	27	28	29	
0	1	2	3	4	5	6	7	8	9	10	11	12	14	15	16	18	19	20	21	22	23	24	25	26	27	28	29	
0	1	2	3	4	5	6	7	8	10	11	12	13	14	16	17	18	19	20	21	22	23	24	25	26	27	28	29	
0	1	2	3	4	5	6	7	8	9	11	12	13	14	15	16	17	18	19	20	21	22	23	24	25	26	27	28	29	
0	1	2	3	4	5	6	8	9	10	11	12	13	14	15	16	17	18	19	20	21	22	23	24	25	26	27	28	29	
0	2	3	4	5	6	7	8	9	10	11	12	13	14	15	16	17	18	19	20	21	22	23	25	26	27	28	29	
0	1	2	3	4	5	6	8	9	10	11	12	13	14	15	16	17	18	19	20	21	22	23	24	25	26	27	28	29	
0	1	2	3	4	5	6	7	8	9	11	12	13	15	16	17	18	19	20	21	22	23	24	25	26	28	29	
0	1	2	3	4	5	6	7	8	9	10	11	12	13	14	15	16	17	18	19	20	22	23	24	25	26	27	28	29	
0	1	2	3	5	6	7	8	9	10	11	12	13	14	15	16	17	18	19	20	22	23	24	25	26	27	28	29	
0	2	3	4	5	6	7	8	9	10	11	12	13	14	15	16	17	18	19	20	21	22	23	24	25	26	27	28	29	
0	1	2	3	4	5	6	7	8	9	10	11	12	13	14	15	16	17	19	20	21	22	23	24	26	27	28	29	
0	1	2	3	4	6	7	8	10	11	12	13	14	15	16	17	18	19	20	21	22	23	24	25	26	27	28	29	
0	1	2	3	4	5	6	7	8	9	10	11	12	13	14	15	16	17	18	19	20	21	23	25	26	27	28	29	
0	1	2	3	4	5	6	7	8	10	11	12	13	14	15	16	17	18	19	20	22	23	24	25	26	28	29	
0	1	2	3	4	5	6	7	8	9	10	11	12	13	14	15	16	18	19	20	21	22	23	24	26	27	28	29	
1	2	3	4	5	6	8	9	10	11	12	13	14	15	16	17	18	19	20	21	22	23	25	26	27	28	29	
0	1	2	3	4	5	6	7	8	9	11	12	14	15	16	17	18	19	20	22	23	24	25	26	27	28	29	
0	1	2	3	4	5	6	7	8	9	10	11	13	14	15	16	18	19	20	21	22	23	24	25	27	28	29	
0	1	2	3	4	5	6	7	8	9	10	11	13	14	15	16	17	19	20	21	22	23	25	26	27	28	29	
0	1	2	3	4	5	6	7	9	10	11	12	13	14	15	16	18	19	20	21	23	24	25	26	27	28	29	
0	1	2	3	4	5	6	7	8	9	10	11	12	13	14	15	16	17	18	19	20	21	22	23	24	25	26	27	28	29	
0	1	3	4	5	6	7	8	9	11	12	13	14	15	16	17	18	19	20	21	22	24	25	26	27	28	29	
0	1	2	3	5	6	7	8	9	10	11	12	13	14	15	16	17	18	19	20	21	22	23	24	25	26	27	28	29	
0	2	3	4	5	6	7	8	9	10	11	12	13	14	15	16	17	18	19	20	21	22	23	25	26	27	28	29	
0	1	2	3	4	5	8	9	10	11	12	13	14	15	16	17	18	19	20	21	22	23	24	25	26	27	28	29	
0	1	2	3	4	5	6	7	8	9	10	11	12	13	14	15	16	17	18	19	20	21	22	23	24	25	26	27	28	29	
0	1	2	3	4	5	6	7	8	9	10	12	13	14	15	16	17	18	19	20	21	23	24	25	26	27	28	29	
0	1	2	3	4	5	6	7	8	9	10	11	12	13	14	15	16	19	20	21	22	23	24	25	27	28	29	
0	1	2	3	4	5	6	7	8	9	10	11	12	13	14	15	16	17	18	19	20	21	22	23	24	25	26	27	28	29	
0	1	2	3	4	5	7	8	9	10	11	12	13	14	15	16	17	18	19	20	21	22	23	24	25	26	27	28	29	
0	1	2	3	4	5	6	7	8	9	10	11	12	13	14	15	16	17	18	19	20	21	23	24	25	26	27	28	29	
0	1	2	3	4	5	6	7	8	9	10	11	12	13	14	15	16	17	18	19	20	21	22	23	24	25	26	27	28	29	
0	1	2	3	4	6	7	8	10	11	12	13	14	15	16	17	18	19	20	21	22	23	24	25	26	28	29	
0	1	2	3	4	5	6	8	9	10	11	12	13	14	15	16	17	18	19	20	21	22	23	24	25	27	28	29	
0	1	2	3	4	5	7	8	9	10	11	13	14	15	16	17	18	19	20	21	22	23	24	25	26	27	28	29	
0	1	2	3	4	5	6	7	8	9	10	11	12	13	14	15	16	17	18	19	20	21	22	23	24	25	26	27	28	29	
0	1	2	3	4	5	6	7	8	9	10	11	12	14	15	17	18	19	20	21	22	24	25	26	27	28	29	
0	1	2	3	4	5	6	7	8	9	10	11	12	13	14	15	16	17	18	19	20	21	22	23	24	25	26	27	28	29	
0	1	2	3	5	6	7	8	9	10	11	12	13	14	15	16	17	18	19	20	21	22	23	24	25	26	27	28	29	
0	1	2	3	4	5	6	7	8	9	10	11	12	13	14	15	16	17	18	19	20	21	22	23	24	25	26	27	28	
0	1	2	3	4	5	6	7	8	9	10	11	12	13	14	15	16	18	19	20	21	22	23	24	25	26	27	28	29	
0	1	2	3	4	5	7	8	9	10	11	12	13	14	15	16	17	18	19	20	21	22	23	24	25	26	27	28	29	
0	1	2	3	4	5	6	7	8	9	10	11	12	14	16	17	18	19	20	21	22	24	25	26	27	28	29	
0	1	2	3	4	5	6	7	8	9	10	11	12	13	14	15	16	18	19	20	21	22	23	24	25	26	27	28	29	
0	1	2	3	4	5	6	9	10	11	12	13	14	15	16	17	18	19	20	21	22	23	24	25	27	28	29	
0	1	2	3	4	5	7	8	9	10	11	12	13	14	15	16	17	18	19	20	21	22	23	24	25	26	27	29	
0	1	2	3	5	6	8	9	10	11	12	13	14	15	16	17	18	19	21	22	23	24	25	26	27	28	29	
0	1	2	3	4	6	7	8	9	10	11	12	13	14	15	16	17	18	20	21	22	23	24	25	26	27	28	29	
0	1	2	3	4	5	6	7	8	9	10	11	12	13	14	15	16	17	18	19	20	21	22	23	24	25	26	27	28	29	
0	1	2	3	4	5	6	7	8	9	10	11	12	13	14	15	16	17	18	19	20	21	22	23	24	25	26	27	28	29	
0	1	2	3	4	5	6	7	8	9	10	11	12	13	14	15	16	17	18	19	20	21	22	23	24	25	26	27	28	29	
101.00	97.02	93.09	89.26	85.49	81.75	78.06	74.49	71.02	67.67	64.43	61.44	58.51	55.63	52.79	50.25	47.77	45.29	43.00	41.04	39.09	37.47	36.02	34.60	33.74	33.03	32.63	32.24	32.00	
112.00	106.13	100.33	94.69	89.09	83.63	78.40	73.70	69.54	65.55	61.58	57.77	54.19	50.87	47.68	44.82	42.19	39.90	38.19	36.62	35.37	34.66	34.04	33.53	33.25	33.08	33.00	
107.00	101.52	96.25	91.20	86.69	82.38	78.18	74.22	70.57	66.98	63.46	59.99	56.55	53.17	49.80	46.45	43.38	40.84	38.49	36.24	34.59	32.97	31.43	29.97	28.86	28.43	28.01	28.00	
113.00	107.81	102.73	97.91	93.43	89.06	85.08	81.10	77.37	73.64	69.98	66.31	62.84	59.55	56.58	53.62	50.70	47.82	45.07	42.61	40.27	37.98	35.89	34.08	32.54	31.34	30.18	29.29	29.00	
106.00	101.20	96.62	92.09	87.66	83.51	79.49	75.69	71.96	68.27	64.69	61.17	57.75	54.47	51.63	48.85	46.37	44.15	41.94	39.93	37.96	36.11	34.37	33.31	32.63	32.23	32.07	32.00	
102.00	97.67	93.45	89.35	85.31	81.44	77.62	73.86	70.22	66.68	63.16	59.70	56.33	52.97	49.96	47.12	44.32	41.60	39.45	37.68	35.96	34.34	33.06	32.21	31.41	30.69	30.03	29.37	29.04	29.00	
113.00	106.86	101.57	96.48	91.53	86.66	82.04	77.52	73.15	69.10	65.24	61.99	58.81	55.86	53.11	50.70	48.35	46.03	43.84	41.73	40.08	38.61	37.29	36.09	35.16	34.45	33.76	33.31	33.09	33.00	
116.00	109.29	102.67	96.77	90.88	85.51	80.52	75.63	70.95	66.51	62.09	58.06	54.48	51.91	49.37	46.89	44.44	42.05	40.06	38.08	36.24	34.45	32.76	31.08	30.11	29.21	28.44	28.00	
104.00	99.20	94.52	89.87	85.29	80.95	76.85	72.79	69.01	65.31	61.79	58.48	55.40	52.36	49.41	46.68	44.28	41.90	39.82	37.86	36.21	34.60	33.10	31.75	31.18	31.05	31.00	
117.00	111.07	105.21	99.46	93.89	88.52	83.67	78.85	74.43	70.15	65.89	61.66	57.44	53.41	49.88	46.60	43.41	40.23	37.88	35.91	34.26	32.89	31.56	30.41	29.43	28.76	28.28	28.00	
108.00	102.54	97.12	91.89	86.80	81.76	76.80	71.90	67.59	63.32	59.67	56.05	52.76	49.52	46.56	43.73	41.15	39.02	37.00	35.27	33.99	32.73	31.57	30.58	29.63	28.92	28.22	28.00	
112.00	105.91	100.22	95.28	90.71	86.33	81.97	77.78	73.72	69.86	66.08	62.29	58.74	55.29	51.96	48.66	45.72	42.85	40.29	37.80	35.35	33.52	31.94	30.39	29.14	28.23	28.00	
106.00	101.54	97.16	92.98	88.83	84.87	80.99	77.15	73.39	69.70	66.02	62.44	59.02	56.06	53.14	50.46	47.81	45.21	42.87	40.60	38.38	36.31	35.04	34.13	33.26	32.58	32.11	32.00	
106.00	99.84	93.89	88.25	82.81	77.40	72.73	68.68	64.67	60.98	57.53	54.46	51.42	48.70	46.23	44.21	42.45	40.74	39.22	37.82	36.53	35.30	34.12	33.12	32.16	31.47	30.80	30.37	30.07	30.00	
108.00	102.35	96.76	91.21	86.27	81.39	76.51	71.77	67.23	63.65	60.16	57.02	54.07	51.17	48.94	46.77	44.89	43.23	41.58	40.14	38.72	37.38	36.10	34.88	33.87	32.94	32.00	31.19	31.00	
123.00	116.37	109.85	103.47	97.25	91.67	86.37	81.61	76.88	72.18	67.65	63.31	59.05	55.10	51.89	48.76	46.20	43.82	41.63	39.52	37.46	35.57	34.12	32.92	31.78	30.72	30.20	30.00	
113.00	107.05	101.16	95.47	89.88	84.81	80.46	76.37	72.33	68.36	64.46	60.61	57.03	54.17	51.42	48.72	46.34	44.01	41.72	39.67	37.69	35.83	34.24	32.80	31.47	30.74	30.11	29.59	29.08	29.00	
116.00	110.09	104.29	98.52	93.56	88.91	84.47	80.20	76.32	72.44	68.76	65.41	62.11	58.83	55.65	52.52	49.73	47.34	45.21	43.12	41.17	39.58	38.04	36.53	35.09	33.68	32.54	32.00	
101.00	95.75	90.99	86.31	81.76	77.29	72.91	68.55	64.34	60.30	56.32	52.38	48.65	45.68	42.72	39.93	37.54	35.43	33.79	32.48	31.47	30.98	30.53	30.36	30.25	30.13	30.05	30.00	
111.00	104.86	99.05	93.30	87.86	82.45	77.58	72.99	68.61	64.37	60.19	56.11	52.17	48.64	45.18	41.82	39.52	37.24	35.12	33.48	31.98	30.54	29.32	28.86	28.47	28.23	28.00	
117.00	111.91	106.86	101.87	96.97	92.34	87.78	83.29	79.11	75.14	71.34	67.62	63.96	60.49	57.21	54.25	51.34	48.51	45.84	43.30	40.88	38.47	36.49	34.78	33.19	31.97	30.88	29.87	29.36	29.00	
117.00	111.43	106.10	100.94	95.78	90.63	85.56	80.84	76.56	72.28	68.16	64.41	60.73	57.10	53.71	50.60	47.61	44.96	42.89	40.93	39.09	37.32	35.67	34.38	33.17	32.35	31.63	31.00	
110.00	104.92	99.89	94.90	90.03	85.16	80.37	75.78	71.31	67.05	62.98	58.93	54.91	50.95	47.14	43.69	41.30	38.96	36.87	34.93	33.15	31.81	30.58	29.42	28.85	28.42	28.02	28.00	
106.00	100.08	95.05	90.07	85.32	80.74	76.29	72.11	68.18	64.43	60.81	57.27	53.90	50.55	47.62	44.97	42.32	40.37	39.16	37.99	36.89	35.86	35.02	34.18	33.42	32.74	32.40	32.12	32.01	32.00	
108.00	103.85	99.77	95.75	91.75	87.78	83.89	80.02	76.40	72.83	69.30	65.81	62.91	60.10	57.37	54.69	52.05	49.46	47.13	44.84	42.65	40.98	39.33	37.71	36.32	34.99	34.15	33.49	33.01	33.00	
121.00	115.15	109.40	103.76	98.24	92.82	87.51	82.32	77.40	72.76	68.65	64.70	61.13	57.92	54.99	52.12	49.49	46.94	44.46	41.99	39.83	37.72	35.79	34.05	32.91	32.16	31.50	31.00	
105.00	100.08	95.18	90.36	85.66	80.98	76.31	72.11	67.94	63.91	60.47	57.34	54.29	51.36	48.46	46.17	44.37	42.67	41.00	39.44	37.93	36.58	35.62	34.83	34.08	33.33	33.04	33.01	33.00	
116.00	110.14	104.45	99.05	93.86	88.88	84.02	79.29	74.66	70.08	65.89	61.72	57.59	53.73	49.98	46.80	43.70	40.82	38.12	35.48	34.09	32.86	31.64	30.44	29.56	29.23	29.00	
116.00	110.26	104.58	98.95	93.43	87.97	82.79	77.73	72.78	67.92	63.44	59.31	55.30	51.98	48.69	46.11	43.55	41.03	38.79	36.80	35.28	33.94	32.87	31.89	30.98	30.13	29.28	28.46	28.00	
113.00	107.70	102.65	97.66	93.05	88.50	84.11	79.87	75.63	71.50	67.46	63.55	59.71	56.78	54.03	51.48	48.94	46.56	44.31	42.17	40.10	38.43	36.85	35.61	34.56	33.91	33.33	32.76	32.34	32.00	
118.00	111.79	105.65	99.57	93.55	87.81	82.24	76.99	71.86	67.23	62.82	58.84	54.97	51.48	48.07	45.27	42.76	40.50	38.48	36.60	34.80	33.42	32.46	31.82	31.31	31.05	31.00	
108.00	101.49	95.38	89.30	83.47	77.71	72.66	68.84	65.06	61.31	57.63	54.05	50.48	47.14	44.46	42.39	40.65	38.93	37.29	35.75	34.22	32.97	31.73	30.53	29.60	28.74	28.00	
115.00	108.99	103.03	97.15	91.29	85.80	80.43	75.21	70.48	65.83	61.19	57.29	54.11	51.10	48.11	45.23	42.80	40.42	38.14	35.90	34.40	33.07	32.04	31.22	30.65	30.20	30.00	
105.00	99.43	93.90	88.42	83.39	78.50	73.62	68.96	64.73	60.52	56.99	53.81	50.92	48.08	45.41	43.06	40.85	38.77	36.97	35.47	34.02	32.88	32.10	31.53	31.21	31.02	31.00	
108.00	102.74	97.49	92.48	87.76	83.23	79.34	75.50	72.25	69.24	66.28	63.45	60.67	57.90	55.16	52.46	49.95	47.47	45.08	42.72	40.48	38.37	36.31	34.46	32.72	31.45	31.17	31.00	
117.00	110.72	104.61	98.55	92.86	87.25	81.92	76.71	71.62	67.04	62.59	58.16	53.96	50.68	47.58	44.68	41.83	39.25	37.06	35.00	33.94	32.89	31.87	30.96	30.61	30.36	30.16	30.00	
102.00	97.24	92.85	88.67	84.51	80.67	76.91	73.20	69.57	66.02	62.71	59.53	56.41	53.41	50.91	48.50	46.20	44.02	41.90	39.98	38.21	36.63	35.07	33.91	32.76	31.81	30.95	30.31	30.00	
105.00	99.49	94.39	89.50	84.65	80.19	75.74	71.36	67.31	63.51	59.96	56.78	53.66	50.63	48.02	45.44	42.88	40.41	38.37	36.52	34.98	33.90	32.99	32.09	31.26	30.53	29.88	29.31	29.00	
113.00	108.05	103.13	98.25	93.81	89.54	85.38	81.42	77.48	73.70	70.00	66.63	63.44	60.27	57.12	54.26	51.70	49.18	46.67	44.39	42.16	40.17	38.58	37.10	35.69	34.33	33.43	32.76	32.12	32.00	
105.00	100.30	95.64	90.99	86.35	81.79	77.30	73.02	68.95	65.11	61.62	58.32	55.15	52.14	49.30	46.59	43.97	41.38	39.40	37.52	35.86	34.27	33.12	32.45	31.84	31.39	31.04	31.00	
122.00	115.49	109.43	103.44	97.85	92.28	87.06	81.87	76.88	72.15	68.06	64.16	60.28	56.42	53.33	50.30	47.49	44.76	42.17	39.98	37.90	35.96	34.06	32.70	31.57	30.59	30.01	30.00	
104.00	99.10	94.21	89.57	84.98	80.48	76.01	71.80	67.79	63.84	59.91	56.19	52.51	48.94	45.78	43.12	40.66	38.77	37.27	35.84	34.45	33.32	32.42	31.58	30.92	30.43	30.00	
108.00	101.55	95.83	90.39	84.96	79.68	74.71	70.36	66.18	62.11	58.04	54.19	50.47	47.21	44.41	41.80	39.37	37.55	35.82	34.48	33.21	32.53	31.96	31.47	31.21	31.08	31.04	31.00	
120.00	113.05	107.19	101.66	96.26	91.00	85.85	80.79	76.01	71.60	67.32	63.23	59.31	55.60	51.93	48.30	45.42	42.76	40.11	38.43	36.88	35.37	34.29	33.23	32.29	31.45	31.00	
102.00	96.99	92.08	87.23	82.93	78.63	74.39	70.46	66.60	62.77	59.16	55.89	53.06	50.70	48.37	46.10	44.04	42.07	40.35	38.71	37.10	35.55	34.30	33.28	32.64	32.19	32.00	
102.00	96.75	91.63	86.55	81.86	77.43	73.48	69.64	66.03	62.52	59.47	56.54	53.80	51.19	48.86	46.60	44.55	42.57	40.80	39.03	37.50	36.21	34.95	34.02	33.13	32.29	31.74	31.28	31.00	
109.00	103.13	97.85	92.80	87.93	83.06	78.54	74.28	70.11	65.95	61.80	57.69	53.92	50.29	47.32	44.46	41.77	39.25	37.00	35.43	33.96	32.52	31.24	30.18	29.25	28.66	28.32	28.07	28.00	
107.00	101.65	96.91	92.23	87.63	83.37	79.19	75.03	70.96	66.96	63.04	59.28	56.01	52.73	49.76	46.91	44.33	41.86	39.43	37.36	35.75	34.15	33.33	32.57	31.82	31.17	30.52	29.88	29.32	29.00	
112.00	104.96	98.14	91.62	86.03	80.80	75.92	71.28	66.89	62.58	58.51	54.77	51.04	47.63	44.73	41.93	39.49	37.76	36.14	34.87	33.62	32.40	31.29	30.46	30.18	30.11	30.06	30.00	
102.00	97.92	94.00	90.16	86.42	82.79	79.18	75.63	72.41	69.27	66.25	63.30	60.69	58.24	55.85	53.54	51.24	48.97	46.85	44.75	42.89	41.06	39.49	37.96	36.58	35.31	34.15	33.00	
104.00	98.54	93.27	88.06	83.15	78.42	73.76	69.27	65.39	61.57	57.77	54.36	50.94	47.55	44.44	41.55	39.18	36.91	34.78	32.94	31.29	29.98	29.23	28.59	28.33	28.19	28.10	28.04	28.01	28.00	
119.00	111.30	103.70	96.79	91.31	86.45	81.99	77.76	73.66	69.90	66.35	62.81	59.50	56.25	53.32	50.63	48.02	45.62	43.24	41.13	39.22	37.36	35.65	34.33	33.42	33.03	33.00	
116.00	109.28	102.88	97.18	91.63	86.30	81.23	76.47	71.83	68.09	64.51	60.97	57.99	55.03	52.29	49.65	47.02	44.44	42.11	39.89	38.18	36.63	35.08	33.79	32.60	31.59	30.59	29.73	29.00	
118.00	111.66	105.82	100.05	94.32	89.01	84.06	79.31	74.81	70.35	65.95	61.56	57.74	54.33	50.93	48.18	45.48	42.88	40.41	37.96	35.80	33.89	32.28	30.71	30.43	30.18	30.05	30.00	
113.00	107.66	102.89	98.16	93.45	88.73	84.03	79.66	75.37	71.31	67.31	63.49	59.97	56.51	53.12	50.09	47.27	44.62	42.30	40.37	38.66	37.01	35.38	34.17	33.43	32.84	32.55	32.27	32.00	
101.00	96.79	92.69	88.81	84.95	81.32	77.72	74.13	70.67	67.42	64.39	61.43	58.49	55.65	52.86	50.12	47.47	44.86	42.32	40.14	38.28	36.45	34.69	33.55	32.64	31.79	31.34	31.20	31.08	31.00	
114.00	108.51	103.51	98.69	93.97	89.31	84.70	80.21	75.82	72.04	68.35	64.82	61.51	58.23	55.05	52.14	49.45	46.78	44.23	41.85	39.74	37.67	35.83	34.16	32.82	32.05	31.71	31.36	31.02	31.00	
105.00	99.99	95.08	90.76	86.51	82.28	78.27	74.38	70.56	66.90	63.23	59.68	56.15	52.65	49.56	46.73	44.42	42.21	40.14	38.22	36.57	35.01	33.81	32.63	31.47	30.74	30.05	29.48	29.14	29.00	
122.00	115.95	109.93	104.21	98.75	93.39	88.14	83.31	78.65	74.07	69.53	65.35	61.28	57.33	53.40	49.54	46.94	44.66	42.49	40.40	38.63	37.11	35.61	34.17	32.77	32.04	31.45	31.14	31.00	
115.00	107.59	100.36	93.40	87.61	81.82	76.05	70.60	65.37	60.22	55.85	51.70	48.11	45.07	42.47	40.47	38.72	37.05	35.55	34.09	33.03	32.12	31.39	30.67	30.07	29.62	29.26	29.09	29.00	
123.00	116.41	110.24	104.20	98.22	92.36	86.59	80.91	75.28	69.66	64.05	58.99	54.59	50.29	46.29	42.43	38.99	36.68	34.38	32.65	30.97	29.83	29.00	28.63	28.34	28.13	28.00	
114.00	108.12	102.56	97.52	92.53	87.58	82.89	78.86	75.03	71.24	67.66	64.15	60.78	57.42	54.09	50.84	47.74	44.91	42.29	39.86	37.95	36.65	35.48	34.48	33.51	32.57	31.81	31.30	31.07	31.00	
102.00	96.38	90.82	85.58	80.63	75.82	71.18	66.98	62.90	58.90	55.06	51.64	48.32	45.15	42.15	39.55	37.04	34.95	33.02	31.11	30.25	29.73	29.29	28.96	28.63	28.33	28.07	28.03	28.00	
117.00	108.95	101.21	93.58	86.84	80.61	75.01	69.70	65.21	60.73	57.37	54.17	51.18	48.19	45.40	42.94	40.54	38.25	36.57	35.13	34.15	33.57	33.02	32.46	32.24	32.02	32.01	32.00	
119.00	112.85	106.72	100.83	95.04	89.29	83.60	79.46	75.42	71.46	67.56	63.78	60.01	56.26	52.58	48.94	45.35	42.35	39.59	37.34	35.25	33.28	31.88	30.85	30.18	29.59	29.09	29.00	
103.00	98.09	93.41	88.80	84.27	79.96	75.65	71.37	67.17	63.36	60.06	56.79	53.82	50.90	48.11	45.44	43.39	41.46	39.62	37.88	36.14	34.63	33.43	32.43	31.57	30.98	30.44	30.13	30.00	
112.00	106.24	100.79	95.35	90.00	85.13	80.47	76.23	72.01	67.94	64.20	60.47	57.09	53.86	50.70	47.68	44.67	42.14	39.88	37.63	35.64	33.66	32.18	31.57	30.97	30.45	29.94	29.43	29.13	29.00	
105.00	99.59	94.18	88.96	83.82	78.92	74.40	70.05	65.79	61.88	58.04	55.19	52.36	49.59	46.89	44.23	41.91	39.74	37.96	36.48	35.05	33.85	32.75	31.72	30.70	29.81	29.44	29.17	29.00	
121.00	115.22	109.46	103.74	98.19	92.98	87.94	82.95	78.54	74.17	70.19	66.25	62.90	59.71	56.56	53.67	51.34	49.24	47.17	45.16	43.42	41.76	40.10	38.55	37.01	35.49	34.38	33.55	33.16	33.00	
115.00	109.88	104.79	99.76	94.84	89.98	85.14	80.42	75.74	71.31	67.23	63.38	59.56	55.78	52.03	48.37	44.78	42.03	40.04	38.24	36.62	35.57	34.53	33.72	33.02	32.39	32.00	
112.00	105.85	99.79	94.03	88.36	83.01	77.68	72.67	67.80	63.02	58.44	53.88	50.39	47.34	44.40	41.68	39.29	36.91	35.03	33.30	32.13	31.02	29.96	29.09	28.55	28.01	28.00	
115.00	108.07	101.43	95.14	89.18	83.90	78.70	73.68	69.55	65.46	61.46	57.47	54.30	51.16	48.12	45.23	42.69	40.18	38.16	36.21	34.31	32.76	31.42	30.16	29.35	28.74	28.33	28.05	28.01	28.00	
113.00	106.39	99.85	93.41	87.33	81.37	76.12	70.95	65.84	60.92	56.96	53.41	49.98	46.87	44.30	42.24	40.26	38.42	37.21	36.08	35.11	34.17	33.72	33.31	32.97	32.63	32.32	32.05	32.00	
111.00	106.30	101.74	97.21	92.79	88.52	84.32	80.20	76.15	72.46	68.86	65.43	62.07	58.75	55.64	52.55	49.51	46.71	44.20	41.84	39.59	37.96	36.52	35.28	34.45	33.80	33.20	32.69	32.24	32.00	
122.00	115.68	109.67	103.95	98.45	93.05	87.85	82.80	77.96	73.86	69.85	65.91	62.18	58.50	54.94	51.48	48.20	45.04	42.05	39.59	37.51	35.44	33.82	32.49	31.38	30.59	30.31	30.05	30.00	
107.00	101.46	95.96	91.10	86.37	82.20	78.08	74.13	70.60	67.19	63.98	60.84	57.72	54.64	51.70	48.83	46.57	44.35	42.27	40.32	38.73	37.22	35.70	34.19	33.09	32.16	31.36	30.59	30.15	30.00	
118.00	111.65	105.49	99.95	94.61	89.37	84.31	79.32	74.38	69.67	65.79	61.94	58.39	54.87	51.45	48.21	45.17	42.15	39.62	37.39	35.65	34.19	32.88	31.71	30.73	30.22	29.71	29.24	29.00	
109.00	103.12	97.31	91.90	86.55	81.68	76.81	72.51	68.34	64.45	60.66	57.09	53.63	50.35	47.65	44.98	42.34	39.75	37.40	35.07	33.07	31.64	30.47	29.32	28.57	28.01	28.00	
107.00	102.00	97.10	92.45	87.98	83.57	79.20	75.32	71.93	68.66	65.53	62.46	59.44	56.64	53.85	51.10	48.39	45.70	43.24	41.15	39.19	37.25	35.33	33.57	32.43	31.65	30.95	30.49	30.16	30.00	
108.00	102.37	96.80	91.47	86.43	81.84	77.96	74.32	70.80	67.35	64.06	61.00	57.98	54.99	52.45	50.01	47.73	45.52	43.93	42.40	40.99	39.68	38.43	37.19	35.98	34.93	33.90	32.99	32.34	32.00	
122.00	115.30	108.73	102.61	97.32	92.14	87.26	82.44	77.64	72.90	68.81	65.00	61.25	57.51	53.79	50.26	47.02	43.89	40.91	38.91	37.53	36.23	35.29	34.40	33.71	33.13	32.73	32.35	32.07	32.00	
111.00	105.08	99.22	93.84	88.62	83.48	79.23	75.04	70.84	67.40	64.08	61.10	58.25	55.76	53.59	51.43	49.30	47.30	45.30	43.32	41.35	39.46	37.59	36.32	35.21	34.24	33.68	33.32	33.03	33.00	
117.00	110.48	104.33	98.40	93.02	87.76	82.73	78.31	74.40	70.64	66.90	63.38	60.10	56.94	53.86	51.20	48.56	46.07	43.67	41.33	39.13	37.00	35.18	33.91	32.85	32.31	32.00	
116.00	110.56	105.33	100.13	94.99	89.89	85.09	80.37	75.75	71.43	67.15	62.99	59.10	55.62	52.35	49.28	46.38	43.59	41.17	39.22	37.44	35.73	34.16	33.00	32.22	31.64	31.08	30.56	30.22	30.00	
102.00	97.11	92.64	88.18	84.11	80.24	76.40	72.85	69.35	65.89	62.80	59.84	56.93	54.02	51.33	48.78	46.42	44.23	42.05	40.12	38.22	36.35	35.50	34.83	34.21	33.66	33.22	33.06	33.02	33.00	
117.00	111.21	105.55	100.18	94.82	89.52	84.52	79.73	74.98	70.39	66.01	62.71	59.44	56.25	53.17	50.28	47.50	44.97	43.05	41.16	39.28	37.57	36.31	35.21	34.16	33.25	32.77	32.31	32.00	
102.00	96.88	91.89	87.17	82.48	78.30	74.19	70.10	66.12	62.14	58.48	55.44	52.41	49.81	47.37	45.08	42.83	40.62	38.76	37.01	35.28	33.85	32.55	31.63	30.98	30.40	29.87	29.40	29.11	29.00	
105.00	100.39	96.01	91.78	87.62	83.50	79.37	75.90	72.43	68.98	65.61	62.35	59.28	56.25	53.22	50.68	48.39	46.12	43.95	41.84	39.82	37.83	35.89	34.44	33.18	31.97	31.44	31.00	
118.00	112.06	106.12	100.60	95.18	89.82	85.42	81.14	76.91	72.79	68.70	64.71	61.20	58.00	54.89	51.83	48.86	46.04	43.33	41.15	39.00	37.30	35.90	34.55	33.50	32.59	32.22	32.00	
101.00	95.07	89.73	84.41	80.37	76.44	72.54	68.68	65.23	61.80	58.40	55.07	51.96	49.52	47.21	44.96	42.77	40.97	39.24	37.67	36.54	35.63	34.73	33.96	33.21	32.50	32.00	
105.00	98.70	92.76	88.11	83.79	79.82	76.06	72.49	68.96	65.55	62.41	59.33	56.26	53.21	50.25	47.39	44.66	42.05	39.64	37.38	35.59	34.20	33.58	33.06	32.59	32.18	32.00	
120.00	113.67	107.51	101.62	96.14	90.97	85.87	80.82	76.08	71.48	67.19	62.92	58.88	55.37	52.39	49.47	46.70	44.00	41.46	39.16	37.31	35.52	33.97	32.94	32.51	32.25	32.00	
119.00	112.53	106.24	100.13	94.37	88.91	83.48	78.12	72.89	68.40	64.06	60.72	57.57	54.73	52.10	49.57	47.15	44.92	42.73	40.73	38.86	37.00	35.33	34.19	33.16	32.29	31.68	31.22	31.00	
118.00	112.26	106.86	101.47	96.10	90.85	85.73	80.88	76.54	72.22	68.21	64.25	60.62	57.06	53.68	50.61	47.69	45.32	43.45	41.97	40.50	39.09	37.73	36.51	35.46	34.52	33.81	33.31	33.08	33.00	
120.00	114.43	109.03	103.89	99.37	94.87	90.39	86.16	82.07	78.16	74.41	70.71	67.30	64.05	60.80	57.59	54.60	51.76	48.94	46.32	44.05	41.78	39.55	38.03	36.55	35.46	34.38	33.66	33.00	
105.00	100.22	95.46	90.72	86.03	81.58	77.21	72.91	68.65	64.47	60.62	57.08	54.52	52.00	49.52	47.26	45.24	43.28	41.33	39.47	37.91	36.55	35.23	34.04	33.09	32.21	31.61	31.10	31.00	
103.00	97.78	92.68	87.58	82.68	78.02	73.50	69.00	65.05	61.11	57.52	54.36	51.54	48.75	46.07	43.59	41.80	40.01	38.41	36.93	35.46	34.24	33.06	32.03	31.20	30.38	29.59	29.26	29.00	
113.00	107.65	102.42	97.35	92.63	88.04	83.64	79.38	75.21	71.10	67.02	63.49	60.17	57.19	54.23	51.28	48.58	45.94	43.34	40.84	38.65	36.65	34.72	33.24	31.89	30.69	30.02	29.49	29.00	
117.00	111.45	106.06	101.01	95.98	91.52	87.12	82.74	78.49	74.25	70.07	66.09	62.55	59.10	55.73	52.48	49.28	46.14	43.02	40.48	38.25	36.07	34.77	33.72	32.69	31.77	31.14	31.00	
107.00	102.75	98.51	94.31	90.17	86.06	82.04	78.46	75.05	71.75	68.78	65.91	63.04	60.17	57.31	54.49	51.78	49.29	46.97	44.81	42.77	40.73	38.74	36.88	35.13	33.57	32.22	31.12	31.00	
117.00	112.14	107.45	102.81	98.23	93.67	89.22	84.78	80.40	76.03	71.77	67.67	63.62	59.77	56.41	53.28	50.45	47.77	45.27	42.76	40.40	38.07	35.84	33.99	32.40	30.83	29.85	28.99	28.16	28.00	
108.00	103.19	98.49	93.82	89.17	84.77	80.66	76.65	72.65	69.08	65.57	62.12	58.81	55.53	52.26	49.75	47.33	44.97	42.96	41.32	39.70	38.10	36.63	35.23	34.49	33.89	33.47	33.11	33.03	33.00	
117.00	110.57	104.37	98.76	93.20	88.16	83.50	79.09	75.02	70.96	67.13	63.37	59.99	56.72	53.81	51.20	48.72	46.28	43.89	41.51	39.17	37.36	35.68	34.39	33.21	32.08	31.68	31.43	31.21	31.00	
107.00	101.43	96.08	90.81	85.65	80.60	76.36	72.18	68.00	64.08	60.23	56.59	53.24	50.38	47.80	45.36	43.30	41.31	39.34	37.44	35.63	33.88	32.42	31.14	29.87	29.19	29.09	29.00	
101.00	95.71	91.35	87.19	83.03	78.91	74.86	70.81	67.28	63.96	60.77	57.76	54.83	52.35	49.87	47.49	45.14	42.89	40.83	38.91	37.12	35.36	33.64	32.35	31.10	30.17	29.29	29.00	
114.00	108.81	103.69	98.60	93.64	88.71	83.84	79.05	74.31	69.78	65.36	61.04	57.69	54.37	51.24	48.76	46.48	44.20	42.14	40.32	38.50	36.81	35.27	33.80	32.45	31.86	31.36	31.00	
120.00	114.26	108.71	103.22	97.73	92.56	87.59	82.69	78.00	73.40	69.01	65.19	61.40	58.06	54.82	51.63	48.54	45.62	42.71	40.46	38.33	36.57	35.23	34.03	32.93	31.90	31.06	30.26	30.00	
114.00	107.94	101.94	96.18	90.71	85.43	80.25	75.22	70.42	65.80	61.32	57.67	54.07	51.30	48.54	46.02	43.58	41.24	39.21	37.43	35.66	33.96	32.46	31.81	31.45	31.21	31.00	
111.00	103.96	97.42	90.94	85.04	79.25	73.69	68.54	63.40	59.58	55.85	52.54	49.92	47.52	45.12	42.77	40.44	38.54	36.68	34.99	33.73	32.67	31.91	31.27	30.70	30.15	30.00	
113.00	107.75	102.54	97.35	92.51	87.75	83.26	78.82	74.48	70.47	66.85	63.24	59.88	56.74	53.70	51.00	48.41	46.11	43.85	41.61	39.70	37.96	36.57	35.21	33.87	32.94	32.49	32.09	32.00	
121.00	114.32	107.64	101.32	95.27	90.14	85.64	81.17	76.84	72.55	68.33	64.13	60.08	56.16	52.49	49.03	45.58	43.04	40.62	38.33	36.40	34.56	33.22	32.37	31.54	30.74	30.45	30.16	30.00	
118.00	110.97	104.04	98.23	93.10	88.15	83.22	78.47	73.97	69.82	65.99	62.31	58.78	55.49	52.43	49.93	47.75	45.57	43.40	41.24	39.11	37.11	35.20	33.79	33.42	33.13	33.00	
123.00	114.97	107.10	99.67	92.46	85.49	78.94	73.33	68.52	63.85	59.96	56.20	52.45	48.71	45.60	42.53	40.43	38.52	36.68	34.89	33.18	31.59	30.64	29.89	29.52	29.25	29.00	
122.00	116.14	110.39	105.02	99.89	94.81	89.79	84.80	80.15	75.90	71.71	67.61	63.72	60.19	56.79	53.59	50.65	47.85	45.18	42.59	40.02	37.63	35.49	33.45	32.12	30.98	30.42	30.09	30.01	30.00	
121.00	112.63	104.31	97.21	90.21	83.90	77.82	71.83	65.84	61.82	58.19	54.68	51.75	49.19	46.83	44.48	42.12	40.05	38.08	36.12	34.22	32.43	30.81	29.96	29.54	29.26	29.03	29.00	
122.00	115.42	109.16	102.92	96.90	90.94	85.31	79.80	74.62	69.48	64.98	60.53	56.47	52.55	49.11	45.96	42.95	40.93	39.03	37.21	35.49	34.03	33.34	32.70	32.18	32.05	32.00	
123.00	116.96	111.03	105.32	99.94	94.65	89.40	84.34	79.52	74.73	70.10	65.79	61.83	58.10	54.73	51.77	48.89	46.04	43.27	40.57	38.05	35.71	34.21	32.94	32.03	31.38	31.23	31.10	31.00	
106.00	101.14	96.37	91.79	87.24	82.88	78.61	74.71	70.93	67.24	63.82	60.54	57.27	54.12	51.10	48.47	45.89	43.46	41.78	40.16	38.65	37.22	35.87	34.85	33.88	33.24	32.69	32.37	32.14	32.00	
111.00	106.39	101.79	97.37	93.07	88.82	84.62	80.55	76.60	72.64	68.72	65.03	61.45	58.02	54.70	51.56	48.49	45.59	42.87	40.77	39.27	37.81	36.65	35.54	34.44	33.43	32.60	32.12	32.00	
107.00	101.28	95.79	90.34	84.90	79.54	74.32	69.12	64.60	60.34	56.31	52.33	48.57	45.25	42.54	40.14	38.28	36.82	35.49	34.34	33.20	32.27	31.40	30.63	30.31	30.02	30.00	
104.00	96.45	89.01	81.69	75.92	70.73	66.07	62.35	58.66	55.10	51.86	48.68	45.80	43.20	40.68	38.30	36.02	34.18	33.10	32.19	31.29	30.43	29.76	29.50	29.30	29.15	29.06	29.00	
107.00	102.76	98.57	94.75	91.07	87.40	83.76	80.22	76.73	73.26	69.81	66.43	63.09	59.80	56.75	53.75	50.85	48.31	45.95	43.64	41.44	39.38	37.83	36.36	34.92	33.48	32.14	30.83	30.38	30.00	
115.00	109.05	103.45	98.11	92.77	87.51	82.83	78.50	74.41	70.75	67.23	63.91	60.80	57.84	54.96	52.14	49.34	46.54	43.90	41.38	38.99	36.86	35.09	33.63	32.56	31.55	30.64	30.00	29.41	29.00	
106.00	100.95	96.13	91.51	87.04	82.60	78.24	74.03	69.93	65.83	61.77	57.87	54.22	50.93	47.71	44.49	41.35	38.34	35.97	34.28	32.82	31.61	30.52	29.68	28.98	28.44	28.17	28.00	
111.00	105.24	99.81	94.46	89.18	84.49	80.25	76.15	72.52	68.99	65.51	62.28	59.21	56.30	53.52	50.87	48.23	45.62	43.06	40.62	38.33	36.15	34.04	32.11	31.00	29.92	29.33	29.00	
106.00	99.96	94.09	88.26	82.69	77.96	73.74	69.52	65.34	61.56	58.22	55.10	51.99	48.89	45.80	42.74	40.03	37.52	35.56	34.25	33.11	32.04	31.01	30.09	29.18	28.43	28.00	
119.00	113.05	107.38	101.93	96.79	91.78	86.84	81.96	77.33	73.11	69.26	65.44	61.81	58.42	55.14	51.96	48.80	45.73	42.82	40.49	38.25	36.11	33.98	32.23	31.27	30.78	30.36	30.00	
116.00	110.04	104.10	98.20	92.45	87.16	82.04	77.42	72.91	68.53	64.31	60.43	56.65	53.08	49.57	46.74	44.00	41.42	39.07	36.75	34.43	32.81	31.51	30.54	29.66	29.06	29.00	
114.00	107.15	100.66	94.40	88.17	82.16	77.00	71.88	67.13	62.56	59.20	55.92	53.02	50.25	47.53	44.84	42.65	40.81	39.19	37.71	36.43	35.25	34.06	33.13	32.40	31.67	31.10	30.59	30.18	30.00	
122.00	113.95	107.94	102.28	96.64	91.29	86.16	81.37	76.72	72.67	68.74	64.96	61.23	57.55	54.19	50.99	48.27	45.56	42.89	40.29	38.13	36.31	35.15	34.10	33.14	32.22	31.49	30.84	30.28	30.00	
109.00	104.17	99.40	94.66	90.00	85.40	80.94	76.68	72.49	68.31	64.37	60.55	56.83	53.12	50.04	47.10	45.05	43.10	41.24	39.43	37.78	36.35	35.17	34.05	33.06	32.27	31.73	31.41	31.18	31.00	
111.00	103.43	95.98	88.61	82.28	75.99	70.56	66.44	62.33	58.39	54.88	51.98	49.47	46.97	44.50	42.24	40.02	37.87	35.77	33.74	32.19	30.78	29.63	28.82	28.51	28.20	28.00	
116.00	109.27	102.96	96.76	90.58	84.48	78.56	72.96	67.74	63.44	59.17	54.91	51.07	47.89	44.95	42.51	40.54	38.60	36.73	35.11	33.50	32.48	31.95	31.50	31.21	31.01	31.00	
115.00	108.15	101.54	95.09	88.75	83.05	77.74	72.75	67.76	63.40	59.20	55.52	52.08	48.83	45.71	42.61	40.89	39.36	38.08	36.98	35.92	34.92	33.96	33.03	32.19	31.38	30.70	30.25	30.06	30.00	
110.00	104.06	98.34	92.90	87.82	83.21	78.64	74.37	70.53	66.71	63.13	59.57	56.05	53.17	50.41	47.75	45.28	42.93	41.09	39.32	37.57	35.95	34.53	33.56	32.80	32.19	32.09	32.00	
118.00	110.81	104.16	97.77	91.42	85.42	79.47	73.95	68.50	63.30	59.20	55.25	52.02	48.81	46.02	43.35	40.99	38.87	37.30	35.81	34.78	33.94	33.13	32.46	31.84	31.41	31.09	31.00	
110.00	103.87	97.83	91.94	86.14	80.52	75.46	70.80	66.46	62.21	57.99	53.85	50.33	47.48	44.70	41.99	40.09	38.27	36.70	35.32	33.97	32.88	31.88	31.09	30.50	29.93	29.43	29.22	29.01	29.00	
111.00	104.82	99.28	94.07	89.16	84.31	79.59	75.12	70.73	66.79	63.26	59.88	56.61	53.36	50.12	47.15	44.42	41.85	39.36	37.04	35.38	34.12	32.90	31.68	31.20	30.84	30.51	30.19	30.00	
106.00	100.54	95.27	90.39	85.57	80.75	76.31	72.17	68.16	64.50	61.01	57.81	54.69	51.82	49.25	46.71	44.28	42.08	39.91	37.98	36.54	35.27	34.12	33.05	32.04	31.20	30.45	30.02	30.00	
115.00	109.53	104.07	98.68	93.35	88.57	83.94	79.54	75.49	71.44	67.74	64.11	60.71	57.54	54.47	51.55	48.72	46.11	43.60	41.09	38.89	37.27	36.13	35.25	34.47	33.70	33.13	33.00	
113.00	107.76	102.69	97.76	92.85	88.07	83.63	79.33	75.25	71.43	67.69	64.23	60.77	57.37	54.09	50.83	47.73	44.66	41.72	38.86	36.11	33.96	32.89	31.91	30.95	30.04	29.14	29.00	
101.00	95.51	90.59	86.11	81.86	77.62	73.40	69.30	65.73	62.29	59.18	56.11	53.22	50.43	47.69	45.24	43.08	40.98	38.89	36.90	35.44	34.14	32.89	31.84	31.43	31.07	30.78	30.49	30.24	30.00	
120.00	113.55	107.32	101.33	95.46	89.77	84.16	78.85	73.74	68.93	64.14	59.98	56.69	53.61	50.96	48.44	46.00	43.69	41.61	39.69	37.92	36.16	34.80	33.49	32.27	31.12	30.04	29.06	29.00	
101.00	95.10	89.40	83.74	78.93	74.36	70.23	66.31	62.66	59.08	55.70	52.42	49.39	46.37	43.86	41.36	38.97	37.00	35.18	33.46	31.96	30.90	29.97	29.37	29.20	29.07	29.00	
116.00	110.58	105.22	100.02	94.83	89.92	85.16	80.84	76.80	72.83	68.98	65.31	61.83	58.46	55.54	52.88	50.24	47.80	45.60	43.56	41.57	39.71	37.91	36.24	34.59	33.03	31.94	30.94	30.03	30.00	
106.00	100.66	95.35	90.10	84.95	80.17	75.43	71.19	67.20	63.26	59.34	55.48	51.71	48.07	45.06	42.11	39.29	37.06	35.18	33.40	31.70	30.22	28.97	28.34	28.16	28.01	28.00	
118.00	112.19	106.52	100.97	95.62	90.44	85.35	80.48	76.08	72.20	68.34	64.57	60.96	57.68	54.54	51.42	48.68	46.16	44.02	41.88	39.95	38.07	36.46	35.23	33.99	32.78	31.64	30.70	30.22	30.00	
105.00	99.26	93.59	87.98	82.71	77.98	73.59	69.21	65.02	61.02	57.17	53.75	50.69	47.81	44.98	42.37	40.00	37.70	35.65	34.01	32.40	30.93	30.19	29.57	28.97	28.48	28.00	
106.00	101.04	96.30	91.79	87.39	83.26	79.43	75.62	71.98	68.42	64.89	61.92	59.05	56.19	53.73	51.30	48.96	46.66	44.64	42.64	40.73	38.92	37.16	35.45	33.83	33.10	33.01	33.00	
117.00	108.97	101.70	95.69	89.87	84.31	79.00	74.70	70.57	66.72	63.00	59.40	55.91	52.62	49.73	47.02	44.53	42.15	40.02	38.01	36.12	35.04	34.40	33.85	33.39	33.11	33.02	33.00	
113.00	107.42	101.97	96.54	91.13	85.80	80.53	75.99	71.73	67.49	63.33	59.70	56.13	52.70	49.33	46.47	43.75	41.15	38.95	36.88	34.97	33.14	31.66	30.74	29.84	29.29	28.76	28.40	28.06	28.00	
108.00	102.99	98.05	93.35	88.80	84.38	80.15	75.94	71.97	68.17	64.58	61.15	58.13	55.43	53.02	50.74	48.64	46.56	44.61	42.66	40.93	39.32	37.76	36.35	35.04	33.90	32.92	32.42	32.21	32.00	
119.00	112.51	106.12	100.63	95.20	89.77	84.35	79.21	74.27	69.49	64.81	60.17	55.67	51.31	48.09	44.89	42.71	40.66	38.73	37.41	36.11	34.87	33.63	32.53	31.48	30.62	29.98	29.34	29.00	
104.00	98.48	93.06	87.71	82.64	78.06	73.71	69.44	65.57	61.83	58.51	55.32	52.28	49.51	46.77	44.43	42.28	40.16	38.26	36.90	35.60	34.62	34.21	33.88	33.60	33.39	33.17	33.00	
103.00	98.80	94.67	90.71	86.81	82.95	79.20	75.46	71.77	68.17	64.89	61.64	58.63	55.64	52.88	50.18	47.59	45.07	42.58	40.24	38.29	36.46	34.74	33.13	32.22	31.36	30.55	30.10	30.00	
116.00	109.60	103.65	98.23	92.95	87.76	83.34	78.96	74.71	70.57	66.53	62.50	58.82	55.18	51.95	48.93	45.93	43.17	40.43	38.50	37.00	35.66	34.65	33.77	33.04	32.40	31.78	31.38	31.00	
112.00	107.32	102.76	98.46	94.22	90.01	85.95	82.04	78.26	74.56	70.90	67.27	63.65	60.25	56.88	53.66	50.60	47.88	45.20	42.59	40.16	37.83	35.71	34.05	32.82	31.81	31.00	
120.00	114.49	109.18	103.88	98.81	94.28	89.94	85.71	81.52	77.40	73.32	69.41	65.71	62.07	58.73	55.44	52.21	49.02	46.08	43.19	40.69	38.32	36.68	35.21	33.84	32.61	32.14	32.02	32.00	
103.00	98.11	93.57	89.10	84.78	80.49	76.37	72.43	68.50	64.62	61.07	57.66	54.31	51.08	48.16	45.77	43.55	41.40	39.31	37.43	35.95	34.70	33.47	32.36	31.80	31.28	31.14	31.03	31.00	
120.00	113.51	107.06	100.83	95.29	90.09	85.00	80.28	76.00	71.82	68.00	64.20	60.65	57.15	54.08	51.17	48.32	45.49	42.67	40.31	37.98	35.77	33.95	32.29	30.82	29.99	29.24	28.58	28.04	28.00	
111.00	104.53	98.21	92.14	86.20	80.37	74.66	69.19	64.15	59.43	54.78	50.61	46.85	43.84	41.77	39.77	37.91	36.34	34.93	33.77	32.92	32.24	31.79	31.47	31.25	31.05	31.00	
120.00	112.69	105.81	99.20	92.63	86.82	81.64	77.09	72.61	68.34	64.17	60.18	56.54	53.00	49.68	46.85	44.17	41.54	39.23	37.09	35.21	33.43	31.80	30.31	29.25	28.62	28.09	28.00	
119.00	112.19	105.42	98.84	92.43	86.66	81.22	75.83	70.54	65.63	60.98	57.02	54.43	52.01	49.64	47.27	45.04	42.94	41.10	39.28	37.54	36.02	35.11	34.30	33.60	33.33	33.13	33.00	
103.00	97.99	93.16	88.44	83.82	79.91	76.11	72.48	69.13	65.94	62.76	59.69	56.71	53.80	51.04	48.29	45.65	43.29	41.32	39.60	38.02	36.69	35.55	34.43	33.73	33.28	33.00	
108.00	102.53	97.11	92.02	86.93	82.36	78.15	74.00	69.95	66.33	62.89	59.54	56.30	53.18	50.43	47.70	45.10	42.75	40.43	38.12	36.66	35.20	33.74	32.36	31.25	30.55	30.13	30.04	30.00	
117.00	111.31	105.70	100.18	94.71	89.50	84.28	79.08	74.23	69.55	65.00	61.36	57.98	54.84	51.80	48.77	45.88	43.15	40.64	38.15	35.90	34.18	32.63	31.23	30.58	30.13	30.00	
107.00	102.47	98.10	93.75	89.55	85.40	81.25	77.18	73.43	69.68	66.35	63.05	59.83	56.68	53.72	50.99	48.40	46.14	44.03	41.97	40.08	38.32	36.88	35.46	34.19	32.98	31.89	31.12	31.00	
111.00	105.22	99.71	94.55	89.64	84.83	80.23	75.63	71.13	66.81	62.75	58.80	55.66	52.58	49.75	46.97	44.49	42.30	40.14	38.10	36.08	34.80	33.56	32.40	31.43	30.67	29.98	29.32	29.00	
103.00	97.41	92.01	86.93	82.10	77.35	73.09	68.95	65.03	61.13	57.25	53.52	50.23	47.33	44.75	42.30	40.06	37.84	36.24	34.95	33.84	32.93	32.13	31.59	31.06	30.63	30.24	30.05	30.00	
120.00	114.01	108.16	102.48	96.95	91.66	86.74	81.84	77.12	72.57	68.24	64.23	60.48	56.76	53.05	50.15	47.41	44.97	42.75	40.79	38.92	37.20	36.03	34.92	33.90	33.05	32.72	32.40	32.14	32.00	
120.00	114.85	109.70	104.88	100.11	95.43	90.93	86.68	82.52	78.41	74.59	70.82	67.17	63.71	60.38	57.16	54.05	50.93	48.35	45.81	43.37	41.14	38.91	36.72	34.54	32.61	30.97	29.60	28.58	28.00	
111.00	105.12	99.36	93.69	88.68	83.71	78.77	73.98	69.24	64.87	61.31	57.79	54.65	51.65	48.69	45.97	43.60	41.40	39.35	37.32	35.30	33.78	32.57	31.84	31.18	30.54	29.91	29.34	29.00	
122.00	116.60	111.45	106.56	101.74	97.01	92.34	87.89	83.47	79.16	74.90	71.06	67.30	63.75	60.22	56.89	53.70	50.77	48.02	45.63	43.24	41.16	39.10	37.39	35.86	34.43	33.24	32.21	31.31	31.00	
119.00	112.48	106.16	100.27	94.48	88.70	83.38	78.50	74.07	70.19	66.31	62.47	58.74	55.47	52.57	49.68	46.87	44.33	41.98	39.64	37.73	36.27	34.86	33.84	33.50	33.22	33.09	33.00	
101.00	96.91	92.86	88.95	85.18	81.47	77.81	74.16	70.57	67.01	63.47	60.02	56.60	53.37	50.46	47.76	45.10	42.53	40.24	38.17	36.83	35.80	34.94	34.18	33.67	33.31	33.05	33.00	
123.00	114.72	106.53	98.66	91.73	84.99	78.66	73.61	68.95	65.39	61.91	58.65	55.38	52.17	49.20	46.25	43.36	40.49	38.39	36.34	34.35	32.60	31.08	29.75	28.89	28.41	28.18	28.00	
101.00	95.92	90.94	85.98	81.06	76.38	71.73	67.30	62.96	58.66	54.87	51.23	48.11	45.59	43.15	40.82	38.59	37.20	35.86	34.74	33.71	32.83	32.36	32.18	32.06	32.01	32.00	
111.00	104.61	98.81	93.40	88.35	83.70	79.32	74.99	70.81	66.88	63.05	59.33	55.78	52.50	49.24	46.46	43.71	41.18	38.84	36.84	35.04	33.89	33.08	32.28	31.77	31.38	31.00	
112.00	106.73	101.61	96.78	92.21	87.66	83.21	78.97	74.93	71.12	67.42	64.02	60.70	57.45	54.38	51.47	48.62	45.98	43.66	41.41	39.28	37.49	35.71	33.95	32.41	31.42	30.75	30.37	30.00	
109.00	102.68	97.17	91.90	86.74	81.83	76.93	72.15	67.42	63.42	59.99	56.58	53.16	49.98	46.90	43.98	41.19	38.87	37.14	35.46	33.87	32.47	31.12	30.17	29.52	29.16	29.00	
102.00	96.55	91.56	86.83	82.34	78.05	73.77	70.01	66.36	62.87	59.40	56.10	52.86	49.70	46.58	43.74	41.52	39.47	37.46	35.96	34.48	33.23	32.12	31.35	30.70	30.22	30.02	30.00	
120.00	112.41	105.39	98.61	92.07	85.64	79.69	74.17	69.12	64.86	60.71	57.12	53.94	51.07	48.24	45.68	43.18	40.83	38.66	36.68	34.70	33.35	32.17	31.39	30.66	29.93	29.40	29.16	29.00	
109.00	103.13	97.33	91.60	86.11	81.10	76.16	71.84	67.97	64.40	61.50	58.78	56.09	53.58	51.27	49.15	47.04	44.98	42.98	41.17	39.63	38.22	37.12	36.07	35.04	34.03	33.33	33.10	33.00	
106.00	100.09	94.58	89.09	83.90	78.80	73.74	68.97	64.25	59.59	55.22	51.37	48.32	45.27	43.30	41.73	40.24	38.79	37.64	36.73	35.81	34.96	34.17	33.39	32.79	32.33	32.12	32.00	
116.00	109.30	102.73	96.73	91.55	86.88	82.56	78.32	74.17	70.03	65.91	62.21	58.75	55.30	52.13	48.99	45.87	42.99	40.36	38.26	36.19	34.23	33.54	32.88	32.48	32.18	32.00	
115.00	108.42	102.36	96.58	90.95	85.69	80.72	76.02	71.82	67.63	63.64	59.81	56.08	52.59	49.34	46.37	44.00	41.93	39.88	37.85	36.23	34.93	33.76	32.61	31.55	30.67	29.82	29.01	28.50	28.00	
111.00	105.59	100.25	95.00	90.43	85.86	81.34	76.94	72.79	68.77	64.78	60.94	57.31	53.79	50.68	47.81	45.24	43.36	41.51	40.26	39.16	38.07	37.02	36.05	35.11	34.29	33.71	33.26	33.04	33.00	
105.00	99.39	93.81	88.54	83.47	78.73	74.22	70.30	66.68	63.32	60.23	57.20	54.26	51.33	48.43	45.67	43.07	40.55	38.34	36.36	34.45	33.41	32.47	31.71	30.99	30.41	30.19	30.00	
103.00	97.47	92.14	87.42	82.75	78.18	73.77	69.70	65.74	61.82	58.13	54.54	51.03	47.85	45.18	43.22	41.32	39.67	38.19	36.86	35.62	34.46	33.83	33.23	32.78	32.36	32.19	32.08	32.00	
109.00	103.94	99.02	94.20	89.47	85.04	80.69	76.70	72.87	69.48	66.23	63.24	60.26	57.43	54.70	52.14	49.67	47.35	45.09	43.15	41.25	39.36	37.64	36.06	34.56	33.84	33.45	33.10	33.04	33.00	
107.00	102.21	97.46	92.93	88.46	84.26	80.21	76.17	72.24	68.41	64.59	61.05	57.61	54.31	51.32	48.33	45.42	42.59	39.93	37.71	35.55	34.08	32.79	31.61	30.86	30.46	30.18	30.07	30.00	
110.00	105.48	100.99	96.57	92.16	87.91	83.88	80.08	76.34	72.63	68.96	65.35	61.80	58.56	55.47	52.38	49.54	46.78	44.30	41.90	39.53	37.17	35.82	34.66	33.75	32.91	32.24	31.60	31.00	
107.00	101.67	96.59	91.73	87.09	82.57	78.29	74.19	70.41	66.79	63.39	60.12	57.06	54.10	51.31	48.89	46.53	44.24	41.98	39.74	37.74	36.01	34.30	33.14	32.06	31.01	30.00	
123.00	116.56	110.63	104.76	99.15	93.61	88.76	83.96	79.22	74.60	70.18	65.82	61.96	58.64	55.60	52.76	50.06	47.41	44.91	42.70	40.93	39.24	37.64	36.09	34.66	33.58	32.77	32.10	32.00	
122.00	115.96	110.03	104.52	99.38	94.35	89.37	84.45	79.57	75.02	70.50	66.04	61.64	57.57	54.06	50.78	48.31	45.99	43.67	41.60	39.66	37.79	35.97	34.26	32.64	31.26	30.05	29.00	
111.00	105.10	99.39	93.84	88.79	84.12	79.54	75.33	71.15	67.16	63.35	59.92	56.62	53.40	50.73	48.26	45.83	43.64	41.65	39.68	37.93	36.38	34.88	33.95	33.20	32.64	32.11	32.00	
104.00	98.13	92.37	86.62	80.89	75.69	70.91	66.26	61.67	57.99	54.73	51.85	49.03	46.53	44.17	42.51	40.90	39.43	37.98	36.58	35.22	33.91	32.63	31.92	31.27	30.70	30.40	30.18	30.00	
121.00	113.89	106.96	100.81	95.72	90.90	86.22	81.83	77.50	73.27	69.24	65.37	61.61	57.93	54.33	50.72	47.71	44.88	42.50	40.43	38.50	36.58	35.53	34.56	33.84	33.44	33.13	33.00	
123.00	115.69	108.45	101.24	94.18	88.31	82.79	77.63	72.78	68.11	63.53	59.07	54.67	50.47	46.47	43.17	40.33	38.21	36.23	34.72	33.25	32.92	32.63	32.39	32.23	32.09	32.00	
116.00	108.27	100.81	94.80	89.13	84.00	79.13	74.39	69.67	65.06	60.47	56.02	51.69	48.47	45.51	42.56	39.65	36.81	34.97	33.26	31.81	30.46	29.65	28.89	28.58	28.29	28.00	
108.00	101.48	95.42	89.52	84.70	80.10	75.57	71.14	66.87	62.97	59.25	55.62	52.45	49.77	47.14	44.60	42.20	39.92	37.71	35.49	33.40	31.96	30.83	29.80	28.79	28.39	28.07	28.00	
123.00	117.28	111.77	106.32	100.94	95.95	91.45	86.95	82.62	78.37	74.44	70.59	66.77	63.08	59.42	56.05	52.89	49.90	47.03	44.77	42.64	40.90	39.29	37.85	36.41	34.99	34.10	33.50	33.00	
121.00	114.24	107.64	101.77	96.04	90.51	85.12	79.83	74.81	69.92	65.54	61.65	58.20	55.03	51.97	49.00	46.09	43.31	40.63	38.07	36.22	34.67	33.31	31.99	30.77	29.75	29.08	29.00	
111.00	103.97	97.24	90.88	84.53	78.78	73.45	68.98	64.53	60.09	55.78	52.35	49.03	46.02	43.07	40.88	38.72	37.31	36.12	35.14	34.30	33.78	33.28	32.80	32.43	32.08	32.00	
117.00	111.39	105.84	100.35	95.05	90.17	85.35	80.55	75.83	71.40	67.06	62.82	59.03	55.62	52.31	49.29	46.45	43.68	40.95	38.58	36.89	35.24	33.63	32.06	31.17	30.33	30.00	
116.00	109.42	103.11	96.84	90.86	85.69	80.57	75.47	70.81	66.32	62.06	58.19	54.75	51.31	48.10	45.04	42.62	40.67	38.76	36.94	35.16	33.58	32.35	31.50	30.74	30.00	29.29	29.00	
115.00	109.10	103.93	98.94	93.96	89.15	84.56	79.99	75.84	71.68	67.63	63.61	59.98	56.46	53.01	49.96	47.04	44.26	41.51	39.00	37.05	35.20	33.44	32.00	30.76	29.61	28.65	28.31	28.00	
123.00	115.64	108.53	101.63	95.12	88.65	82.48	76.91	71.83	66.82	62.97	59.21	55.72	52.38	49.25	46.18	43.55	41.12	38.70	36.48	35.26	34.19	33.48	32.83	32.24	32.05	32.00	
111.00	106.23	101.69	97.28	93.14	89.20	85.29	81.41	77.67	73.98	70.58	67.26	64.05	60.86	57.81	54.79	52.08	49.48	46.93	44.53	42.21	40.05	38.29	36.71	35.25	33.96	32.90	32.10	31.41	31.00	
107.00	100.22	94.32	88.51	83.09	77.84	72.62	68.18	63.83	59.88	56.31	52.84	49.39	46.73	44.10	42.33	40.62	39.25	38.10	36.99	35.99	35.03	34.14	33.30	32.49	32.09	32.00	
115.00	109.45	104.09	99.10	94.54	90.14	85.90	82.02	78.19	74.37	70.77	67.19	63.68	60.36	57.48	54.62	51.88	49.20	46.65	44.52	42.41	40.30	38.26	36.26	34.63	33.15	31.92	31.00	
110.00	105.35	100.71	96.09	91.70	87.46	83.29	79.12	75.09	71.21	67.34	63.55	59.78	56.45	53.17	50.51	47.88	45.25	42.72	40.48	38.47	36.62	34.78	33.39	32.03	30.83	29.72	29.35	29.00	
111.00	105.81	100.64	95.50	90.49	85.53	80.99	76.80	72.93	69.12	65.34	61.67	58.01	54.91	51.84	48.87	46.18	43.69	41.59	39.63	38.09	36.72	35.79	35.00	34.22	33.59	33.31	33.12	33.00	
117.00	111.33	105.72	100.13	94.70	89.39	84.21	79.53	74.90	70.38	66.09	62.28	58.79	55.44	52.32	49.38	46.54	43.79	41.16	39.19	37.49	35.87	34.30	32.83	31.51	31.13	31.01	31.00	
108.00	102.68	97.48	92.31	87.33	82.36	78.20	74.24	70.51	66.84	63.30	60.00	56.83	53.92	51.03	48.24	45.56	42.94	40.65	38.43	36.35	34.38	32.97	32.01	31.27	30.67	30.22	30.00	
110.00	105.28	100.61	96.12	91.86	87.60	83.36	79.20	75.12	71.08	67.27	63.56	59.91	56.38	52.93	50.05	47.35	44.90	42.78	40.90	39.05	37.24	35.82	34.71	33.80	33.20	33.00	
113.00	107.26	101.55	95.86	90.40	85.54	80.67	76.34	72.16	68.68	65.21	61.93	58.83	56.05	53.29	50.56	47.87	45.25	43.08	41.02	39.02	37.44	36.05	35.04	34.11	33.20	32.38	31.77	31.23	31.00	
110.00	104.21	98.92	93.85	88.91	84.12	79.56	75.50	71.64	67.77	63.91	60.15	56.55	52.97	49.55	46.22	43.03	40.60	38.33	36.40	34.61	32.83	31.31	30.16	29.09	28.60	28.24	28.00	
112.00	105.86	99.78	93.93	88.33	82.89	77.67	72.54	67.46	62.57	57.97	53.96	50.32	46.80	43.52	41.03	38.64	37.04	35.45	34.65	34.02	33.40	32.93	32.50	32.24	32.01	32.00	
119.00	112.52	106.34	100.33	94.47	88.81	83.20	78.00	73.10	68.21	63.71	59.22	54.86	50.94	47.19	43.73	40.58	37.85	36.15	34.68	33.31	32.47	31.64	31.36	31.22	31.09	31.00	
106.00	101.32	96.68	92.10	87.68	83.47	79.39	75.31	71.26	67.29	63.71	60.40	57.14	54.38	51.63	49.05	46.49	44.08	41.76	39.84	38.25	36.67	35.29	34.31	33.38	33.17	33.00	
102.00	97.03	92.09	87.19	82.49	77.97	73.48	69.14	64.87	60.62	57.23	53.91	50.90	48.19	45.54	43.06	40.60	38.63	36.82	35.53	34.31	33.40	32.58	31.78	31.03	30.50	30.06	30.01	30.00	
110.00	104.37	99.08	93.83	88.65	83.71	79.05	74.41	69.80	65.42	61.08	57.10	53.17	49.52	46.47	43.47	40.52	37.95	35.58	34.21	33.21	32.22	31.29	30.47	29.90	29.41	29.00	
102.00	96.18	90.46	85.03	80.19	75.52	71.14	66.90	63.66	60.70	57.94	55.22	52.50	49.82	47.42	45.07	43.17	41.61	40.08	38.77	37.48	36.23	35.12	34.33	33.61	33.00	32.70	32.40	32.16	32.00	
105.00	99.56	94.23	88.99	83.92	78.95	74.29	70.10	65.97	62.41	58.91	55.65	52.62	49.84	47.38	45.35	43.38	41.41	39.57	37.77	36.10	34.52	33.11	32.05	31.02	30.06	29.11	28.22	28.06	28.00	
117.00	111.10	105.34	99.82	94.49	89.40	84.32	79.42	74.59	69.80	65.03	60.99	57.50	54.43	51.46	48.60	45.79	43.09	40.52	38.06	35.59	33.15	31.21	29.62	28.88	28.30	28.08	28.00	
105.00	99.90	94.89	90.28	85.68	81.41	77.34	73.41	69.58	66.26	63.03	59.96	57.00	54.43	51.88	49.44	47.18	44.96	42.74	41.07	39.41	37.78	36.18	34.64	33.38	32.17	32.06	32.00	
101.00	96.49	92.04	87.67	83.30	79.25	75.36	71.52	67.68	63.85	60.28	56.91	53.84	50.88	48.31	45.90	43.60	41.33	39.12	37.00	34.98	33.07	31.38	30.24	29.65	29.37	29.11	29.00	
115.00	109.72	104.52	99.35	94.26	89.47	84.86	80.44	76.23	72.12	68.07	64.08	60.31	56.95	53.64	50.56	47.79	45.29	42.83	40.44	38.17	36.36	34.83	33.41	32.02	31.12	30.31	29.61	29.03	29.00	
113.00	107.72	102.45	97.26	92.08	86.99	81.98	77.52	73.24	68.98	64.87	60.77	56.88	53.55	50.24	47.26	44.39	41.89	39.74	37.66	35.59	34.30	33.50	32.89	32.62	32.36	32.17	32.04	32.00	
116.00	109.92	103.93	98.40	92.94	87.63	82.32	77.24	72.22	67.24	62.28	58.04	54.21	50.57	47.01	43.80	41.00	38.26	35.78	33.35	31.51	29.83	29.11	28.56	28.22	28.01	28.00	
103.00	97.41	92.43	87.62	82.92	78.51	74.78	71.18	67.66	64.25	61.08	58.02	55.03	52.06	49.13	46.32	43.62	41.05	38.77	36.51	34.98	33.62	32.47	31.48	30.59	29.82	29.26	29.00	
107.00	102.23	97.49	92.87	88.25	84.46	80.69	76.93	73.36	69.85	66.64	63.56	60.55	57.84	55.25	52.71	50.20	47.71	45.33	42.96	41.08	39.24	37.55	35.90	34.46	33.23	32.29	31.50	31.16	31.00	
113.00	107.48	102.08	97.02	92.16	87.33	82.60	78.42	74.45	70.58	66.73	63.01	59.64	56.56	53.86	51.23	48.70	46.20	43.92	41.99	40.07	38.42	36.89	35.51	34.52	33.62	33.06	33.00	
116.00	109.39	102.97	96.70	90.91	85.15	79.79	74.42	69.48	64.62	60.12	56.09	52.46	49.03	45.65	42.72	40.26	38.25	36.39	35.04	34.05	33.15	32.34	31.57	30.86	30.40	30.00	
112.00	106.11	100.41	94.98	90.26	85.70	81.43	77.80	74.19	70.66	67.20	63.88	60.57	57.34	54.13	50.98	47.91	45.31	42.74	40.26	37.96	36.66	35.52	34.59	33.87	33.25	32.67	32.31	32.00	
115.00	109.26	103.64	98.07	92.63	87.29	81.98	76.94	72.19	67.84	63.75	59.84	56.25	52.82	49.60	46.69	44.00	41.61	39.37	37.27	35.50	33.81	32.35	31.09	30.15	29.22	28.70	28.30	28.08	28.00	
106.00	100.17	94.81	89.63	84.67	80.21	76.66	73.18	69.83	66.57	63.48	60.59	57.77	54.96	52.30	50.17	48.31	46.56	44.82	43.12	41.42	39.90	38.47	37.14	35.88	34.88	33.92	33.00	
119.00	111.87	104.80	98.51	92.51	86.96	81.99	77.16	72.50	67.91	63.61	60.04	56.56	53.10	50.00	47.03	44.43	42.08	40.11	38.23	36.48	34.77	33.69	32.75	31.82	31.19	30.58	30.21	30.00	
104.00	98.71	93.53	88.62	83.74	79.18	74.69	70.32	66.02	61.90	58.11	54.56	51.56	48.74	46.03	43.38	41.10	39.00	37.08	35.37	34.06	33.16	32.29	31.64	31.23	31.01	31.00	
120.00	113.44	106.91	100.51	94.70	89.12	83.57	78.31	73.81	69.36	64.99	60.80	56.83	53.55	50.34	47.65	45.15	42.94	40.73	38.58	37.05	35.69	34.35	33.21	32.60	32.26	32.01	32.00	
104.00	98.71	93.74	88.79	84.07	79.39	74.86	70.42	66.10	61.83	57.97	54.69	51.48	48.46	45.50	42.99	40.84	38.94	37.35	35.90	34.58	33.41	32.35	31.42	31.02	30.66	30.32	30.02	30.00	
107.00	100.81	94.87	88.97	83.67	79.07	74.67	70.35	66.13	62.06	58.28	54.81	51.79	48.87	46.13	44.15	42.20	40.49	38.79	37.50	36.26	35.39	34.59	34.13	33.67	33.31	33.02	33.00	
106.00	101.08	96.17	91.42	86.72	82.12	77.55	73.10	68.68	64.29	59.99	55.96	52.13	49.03	46.60	44.50	42.43	40.43	38.55	36.77	35.17	33.57	32.20	30.84	29.57	29.22	29.06	29.00	
107.00	101.23	95.47	89.82	84.44	79.43	75.24	71.11	67.06	63.19	59.67	56.16	52.76	49.38	46.80	44.64	42.51	40.40	38.39	36.53	34.92	33.37	32.23	31.19	30.62	30.33	30.16	30.00	
114.00	107.30	101.20	95.37	90.10	84.95	79.81	74.82	69.94	65.24	61.31	57.91	54.52	51.32	48.33	45.83	43.60	41.45	39.69	38.01	36.51	35.40	34.29	33.18	32.19	31.22	31.00	
104.00	98.39	92.83	87.42	82.23	77.43	72.63	67.87	63.53	59.67	55.83	52.16	48.52	45.58	42.73	41.02	39.40	38.37	37.43	36.52	35.73	34.95	34.50	34.06	33.66	33.36	33.10	33.00	
106.00	101.10	96.51	92.21	88.11	84.25	80.44	76.66	72.95	69.50	66.11	62.77	59.51	56.57	53.95	51.38	48.81	46.32	43.84	41.72	39.61	37.66	35.74	33.87	32.06	30.47	29.09	28.36	28.00	
123.00	117.29	111.65	106.09	100.64	95.27	89.91	84.59	79.69	74.82	70.55	66.93	63.37	59.86	56.71	53.94	51.21	48.50	45.93	43.59	41.43	39.57	37.83	36.24	34.91	33.81	32.85	32.00	
120.00	113.33	106.90	101.38	95.90	90.64	85.41	80.42	75.82	71.68	67.77	64.24	60.86	57.66	54.49	51.44	48.80	46.22	43.84	41.94	40.14	38.43	36.91	35.48	34.63	33.82	33.42	33.04	33.00	
122.00	113.61	105.79	98.11	92.00	86.06	80.88	75.72	70.74	65.77	61.78	58.18	54.72	51.71	48.73	46.01	43.76	41.63	39.88	38.26	36.80	35.40	34.51	33.74	33.21	32.76	32.31	32.00	
119.00	113.51	108.43	103.39	98.41	93.58	89.10	84.66	80.34	76.22	72.19	68.29	64.48	60.71	57.00	53.66	50.49	47.42	44.49	41.60	38.88	36.82	34.95	33.27	32.49	31.74	31.18	31.00	
114.00	109.28	104.69	100.16	95.67	91.22	86.82	82.45	78.12	74.13	70.23	66.39	62.78	59.18	55.60	52.16	48.82	45.66	42.68	40.54	38.52	37.13	35.79	34.58	33.50	32.56	31.62	31.17	31.00	
123.00	116.03	109.55	103.31	97.21	91.38	86.09	80.99	75.96	71.37	66.80	62.26	57.90	53.75	50.34	47.09	43.98	41.86	39.77	37.90	36.06	34.47	33.00	32.56	32.24	32.10	32.00	
122.00	116.84	111.69	106.63	101.67	96.74	92.20	87.76	83.46	79.22	75.05	71.03	67.11	63.60	60.21	56.84	53.73	51.11	48.59	46.15	43.89	41.68	39.49	37.32	35.19	34.07	33.07	32.21	32.00	
114.00	107.87	102.24	96.92	91.82	86.91	82.06	77.41	72.95	68.91	65.02	61.29	57.59	54.08	51.30	48.72	46.32	44.05	41.80	39.58	37.53	35.86	34.28	33.47	32.86	32.48	32.19	32.04	32.00	
101.00	96.69	92.51	88.38	84.34	80.38	76.65	72.97	69.32	65.83	62.39	59.06	55.75	52.48	49.62	46.92	44.55	42.62	40.75	38.90	37.07	35.52	34.12	32.76	31.40	30.13	29.28	28.47	28.10	28.00	
122.00	116.40	111.23	106.11	101.13	96.31	91.56	86.85	82.26	77.95	73.66	69.44	65.30	61.57	57.84	54.27	50.71	47.28	43.98	41.09	38.75	36.44	34.69	33.21	31.96	30.85	29.90	29.05	29.00	
114.00	109.34	104.72	100.18	95.65	91.33	87.02	83.00	79.09	75.22	71.43	67.81	64.25	61.26	58.27	55.37	52.57	49.85	47.14	44.54	42.07	39.88	37.90	35.94	34.24	32.63	31.52	30.44	30.00	
108.00	103.37	98.84	94.48	90.15	86.04	81.99	78.00	74.22	70.47	66.80	63.15	59.55	56.04	52.78	49.82	46.99	44.30	41.77	39.48	37.32	35.33	33.61	32.07	30.86	29.97	29.18	29.00	
111.00	104.49	98.19	92.15	86.52	81.19	75.90	71.27	67.13	63.04	59.13	55.38	51.81	48.61	45.58	42.80	40.03	37.77	35.51	33.39	32.07	31.05	30.05	29.40	28.81	28.47	28.23	28.02	28.00	
115.00	109.50	104.25	99.10	93.97	89.17	84.42	79.71	75.25	70.94	66.85	62.87	58.91	55.18	51.73	48.29	44.89	42.22	39.66	37.21	34.83	32.67	30.90	30.24	29.75	29.30	29.00	
119.00	113.34	107.72	102.10	96.58	91.55	86.95	82.51	78.10	74.06	70.39	66.79	63.27	60.00	56.74	53.51	50.43	47.38	44.44	41.56	39.48	37.48	35.57	34.16	32.77	31.51	30.34	29.26	28.54	28.00	
117.00	110.93	105.25	99.61	94.02	88.96	83.89	79.37	74.98	70.63	66.51	62.90	59.32	56.45	53.65	50.94	48.74	46.67	44.69	42.79	41.02	39.25	37.69	36.27	35.06	34.32	33.62	33.05	33.00	
114.00	108.37	103.00	97.98	93.17	88.67	84.31	79.97	75.81	72.04	68.33	64.72	61.30	57.89	54.79	51.70	48.71	46.13	43.88	42.23	40.66	39.12	37.67	36.43	35.22	34.30	33.53	32.77	32.09	32.00	
107.00	101.26	96.19	91.22	86.32	81.51	77.20	73.08	69.01	65.06	61.28	57.55	53.85	50.28	47.52	45.13	42.97	41.09	39.27	37.84	36.41	35.36	34.44	33.56	32.75	31.94	31.47	31.00	
122.00	114.55	107.33	100.70	94.15	88.70	83.51	78.61	73.92	70.06	66.39	62.78	59.29	56.04	52.82	49.95	47.17	44.39	41.64	39.04	36.81	34.61	32.74	31.00	29.50	28.16	28.08	28.00	
115.00	108.24	101.61	95.25	89.36	83.53	78.12	72.89	67.89	63.64	59.40	55.24	51.57	48.31	45.20	42.39	39.63	37.23	35.15	33.10	32.10	31.22	30.44	29.91	29.46	29.03	29.00	
114.00	107.77	101.75	95.74	90.31	85.16	80.47	76.03	71.89	67.92	63.99	60.57	57.35	54.23	51.13	48.28	45.88	43.73	41.78	39.99	38.21	36.54	35.04	33.76	32.54	31.85	31.24	31.00	
111.00	105.63	100.32	95.31	90.39	86.06	81.79	77.61	73.50	70.20	67.04	63.96	61.08	58.35	55.61	53.39	51.20	49.17	47.20	45.25	43.37	41.53	39.86	38.23	36.69	35.51	34.36	33.45	33.06	33.00	
115.00	109.61	104.25	98.95	93.79	88.79	84.19	79.70	75.50	71.36	67.42	63.85	60.31	56.79	53.34	50.04	47.07	44.22	41.62	39.12	36.97	34.93	33.11	31.85	31.16	30.59	30.06	29.59	29.17	29.00	
121.00	115.16	109.49	103.90	98.64	93.48	88.38	83.41	78.63	73.95	69.71	65.66	61.83	58.15	54.61	51.69	48.88	46.55	44.22	42.04	40.08	38.22	36.70	35.35	34.05	32.91	31.91	31.36	31.00	
113.00	107.87	102.98	98.26	93.70	89.16	84.67	80.42	76.18	72.16	68.16	64.46	60.91	57.64	54.44	51.29	48.24	45.37	42.84	40.36	38.12	36.32	34.62	32.97	31.34	30.01	29.04	28.63	28.30	28.00	
101.00	95.78	90.83	85.98	81.29	76.83	72.42	68.02	64.02	60.27	57.01	53.93	50.89	48.32	45.81	43.34	41.22	39.13	37.13	35.70	34.55	33.55	32.71	32.02	31.35	30.75	30.16	30.00	
110.00	103.07	96.59	90.22	84.14	78.42	73.08	68.15	63.51	58.92	55.58	52.40	49.46	46.63	44.76	43.00	41.25	39.56	37.88	36.27	34.73	33.32	31.97	31.33	30.87	30.42	30.03	30.00	
119.00	111.25	103.99	98.09	92.31	86.97	81.66	76.52	72.08	67.67	64.07	60.59	57.29	54.08	51.16	48.25	45.37	42.56	40.46	38.38	36.57	34.94	33.41	31.87	30.76	29.66	29.05	29.00	
108.00	102.51	97.15	92.17	87.20	82.34	77.74	73.21	68.75	64.59	60.67	57.11	53.89	50.74	48.39	46.25	44.19	42.15	40.21	38.36	36.59	35.00	33.53	32.08	31.11	30.40	30.12	30.00	
111.00	103.56	96.43	90.42	84.76	79.37	74.69	70.23	66.01	61.95	58.33	54.84	51.54	48.39	45.47	42.70	40.41	38.30	36.49	34.70	33.10	31.52	30.31	29.31	28.64	28.26	28.00	
119.00	112.82	106.77	100.95	95.27	89.80	84.46	79.82	75.34	71.05	66.85	62.77	58.76	55.30	52.04	48.97	46.74	44.79	43.11	41.46	39.93	38.47	37.03	35.65	34.31	33.06	31.83	30.83	30.00	
121.00	113.95	107.58	101.43	95.66	90.01	84.81	79.63	74.99	70.51	66.32	62.32	58.60	54.95	51.31	48.41	45.66	43.44	41.24	39.07	37.01	35.18	34.02	32.96	32.43	31.96	31.60	31.29	31.02	31.00	
115.00	110.27	105.55	101.09	96.70	92.77	88.87	85.01	81.18	77.39	73.78	70.43	67.20	64.11	61.02	57.95	55.15	52.48	49.97	47.49	45.05	42.81	40.67	38.86	37.05	35.31	33.63	32.04	32.00	
104.00	99.18	94.53	90.18	85.90	81.69	77.72	74.11	70.55	67.04	63.58	60.19	56.89	54.20	51.54	48.90	46.30	44.04	41.79	39.58	37.66	35.75	33.95	32.71	32.06	32.01	32.00	
107.00	101.78	96.60	91.42	86.66	81.96	77.41	73.81	70.40	67.14	63.89	60.65	57.46	54.28	51.45	48.73	46.05	43.64	41.31	39.03	37.38	35.96	34.61	33.50	32.72	32.25	32.00	
122.00	115.62	109.38	103.22	97.25	91.32	85.63	79.96	74.74	70.13	65.70	61.59	57.65	53.78	50.11	46.53	43.29	40.68	38.39	36.16	34.61	33.25	31.94	30.83	29.86	29.15	28.59	28.20	28.00	
104.00	96.87	89.97	83.10	76.76	71.06	65.63	61.12	57.55	54.39	51.32	48.51	45.91	43.98	42.32	40.72	39.18	37.68	36.25	35.35	34.74	34.13	33.56	33.10	32.66	32.22	32.00	
113.00	107.12	101.50	96.30	91.42	86.63	82.09	77.68	73.50	69.77	66.04	62.56	59.44	56.33	53.23	50.46	47.79	45.60	43.58	41.65	39.76	38.29	36.87	35.59	34.39	33.19	32.32	31.68	31.07	31.00	
122.00	116.30	110.78	105.32	99.88	94.48	89.27	84.31	79.76	75.37	71.05	67.04	63.53	60.17	56.84	53.89	51.07	48.30	45.64	43.04	40.50	38.03	35.65	33.56	31.65	29.81	29.04	28.49	28.24	28.00	
112.00	105.94	99.99	94.23	88.90	83.88	78.94	74.57	70.26	65.99	62.45	59.26	56.24	53.23	50.25	47.33	44.58	41.89	39.29	37.29	35.57	34.02	32.48	31.17	30.02	29.41	29.00	
111.00	105.02	99.16	93.52	88.16	82.91	77.75	73.38	69.00	64.86	60.82	57.21	53.86	50.68	47.84	45.49	43.28	41.16	39.52	37.89	36.31	35.04	33.82	32.60	31.51	31.03	30.60	30.35	30.13	30.00	
102.00	97.32	92.98	88.65	84.54	80.82	77.11	73.52	69.99	66.92	63.90	61.06	58.28	55.67	53.24	51.08	48.93	47.01	45.20	43.53	41.88	40.31	38.80	37.38	36.00	34.65	33.61	33.06	33.00	
110.00	104.61	99.42	94.72	90.44	86.27	82.25	78.28	74.43	70.78	67.16	63.76	60.37	57.42	54.47	51.82	49.26	46.76	44.42	42.17	40.11	38.31	36.67	35.29	33.91	32.66	31.64	31.21	31.00	
112.00	105.88	99.91	94.08	88.28	82.72	77.46	72.46	68.30	64.33	61.02	57.79	54.71	51.67	48.68	45.71	42.79	40.34	38.48	36.66	35.00	33.35	32.02	31.52	31.08	31.03	31.00	
106.00	99.50	93.40	87.62	82.03	77.79	73.58	69.71	65.87	62.51	59.51	56.52	53.81	51.35	48.96	46.59	44.39	42.42	40.66	39.15	37.73	36.34	34.97	33.65	32.58	31.69	30.95	30.36	30.16	30.00	
106.00	100.15	94.56	88.98	83.50	78.77	74.29	70.45	66.62	63.10	59.97	56.92	54.14	51.42	49.09	46.77	44.57	42.40	40.35	38.36	36.58	35.14	33.76	32.77	31.92	31.40	31.12	31.00	
105.00	99.61	94.48	89.51	84.62	79.82	75.11	70.63	66.51	62.52	59.07	55.87	53.47	51.09	48.91	46.75	44.80	42.86	40.98	39.15	37.75	36.44	35.37	34.34	33.34	32.42	31.74	31.30	31.00	
122.00	116.56	111.16	105.77	100.41	95.16	89.97	84.84	80.51	76.36	72.34	68.61	64.92	61.24	57.59	53.95	50.37	46.99	44.05	41.88	39.75	37.68	35.80	34.48	33.63	32.92	32.32	32.12	32.00	
108.00	102.94	97.92	93.38	88.87	84.42	79.99	76.07	72.22	68.40	64.58	61.00	57.54	54.39	51.27	48.30	45.51	42.95	40.62	38.31	36.73	35.44	34.29	33.17	32.13	31.29	30.81	30.32	30.15	30.00	
122.00	116.69	111.63	106.59	101.60	96.69	91.81	87.01	82.57	78.45	74.42	70.39	66.92	63.48	60.13	56.81	53.52	50.23	47.00	44.55	42.19	40.06	38.03	36.25	34.66	33.30	32.60	32.00	
103.00	97.37	91.99	87.32	82.75	78.29	74.03	70.12	66.63	63.19	59.80	56.54	53.56	50.88	48.23	45.82	43.49	41.17	39.00	37.16	35.34	33.78	32.40	31.87	31.43	31.03	31.00	
120.00	115.15	110.32	105.52	100.95	96.39	92.03	87.71	83.46	79.22	75.00	70.89	66.88	63.08	59.35	55.82	52.60	49.99	47.43	45.33	43.24	41.32	39.41	37.90	36.43	35.31	34.33	33.60	33.23	33.00	
113.00	106.70	100.44	94.48	88.97	84.04	79.12	74.26	70.01	65.88	61.78	57.85	53.92	50.20	46.92	43.71	40.58	37.92	35.28	33.03	31.45	30.62	29.79	29.05	28.35	28.01	28.00	
121.00	113.68	107.62	101.55	95.91	90.51	85.74	81.07	76.50	72.11	67.78	63.75	59.90	56.23	52.65	49.30	46.03	43.72	41.41	39.31	37.39	35.50	33.94	33.02	32.64	32.30	32.00	
122.00	115.22	108.52	101.92	96.15	90.57	85.51	80.94	76.37	71.80	67.47	63.25	59.41	55.65	52.08	49.11	46.26	43.51	40.83	38.42	36.07	34.37	33.07	31.97	31.01	30.39	29.88	29.39	29.00	
115.00	109.24	103.49	98.07	92.79	87.54	82.37	77.25	72.80	68.71	64.88	61.20	57.59	54.01	50.44	47.18	44.21	41.79	39.40	37.14	35.42	34.27	33.13	32.59	32.37	32.16	32.00	
114.00	108.33	103.02	97.90	92.92	88.33	83.97	79.90	76.16	72.46	68.83	65.36	61.99	59.00	56.06	53.34	50.73	48.17	45.60	43.10	40.60	38.15	35.87	33.96	32.06	30.87	29.80	29.09	28.44	28.00	
111.00	106.08	101.17	96.30	91.47	87.13	82.89	79.07	75.31	71.64	68.05	64.56	61.23	58.23	55.24	52.65	50.08	47.71	45.40	43.10	41.02	38.95	37.07	35.51	34.20	33.47	32.85	32.24	32.00	
110.00	104.24	98.76	93.42	88.27	83.58	79.08	74.62	70.44	66.74	63.12	59.60	56.14	52.90	49.78	46.94	44.40	42.08	39.86	38.14	36.53	35.00	33.50	32.26	31.19	30.46	30.12	30.00	
119.00	113.67	108.38	103.27	98.17	93.39	88.94	84.62	80.32	76.50	72.73	69.07	65.42	61.87	58.58	55.68	52.98	50.46	48.00	45.64	43.37	41.50	39.77	38.16	36.60	35.40	34.31	33.63	33.00	
123.00	114.61	106.33	98.19	90.27	83.64	78.52	73.91	69.29	64.86	60.43	56.26	52.36	48.93	45.62	43.04	40.81	38.84	36.88	35.15	33.48	31.82	30.50	29.76	29.06	28.43	28.00	
117.00	111.83	106.83	102.11	97.50	93.17	89.03	85.06	81.27	77.56	73.90	70.24	66.61	63.05	59.96	56.95	54.16	51.46	48.88	46.40	44.06	41.84	39.77	38.09	36.55	35.16	34.10	33.08	33.00	
123.00	114.04	105.66	97.73	90.01	83.49	77.83	72.26	67.41	62.87	59.07	55.54	52.26	49.01	46.30	43.87	41.71	40.01	38.48	37.00	35.78	34.68	33.63	32.76	31.96	31.22	31.00	
115.00	109.40	103.88	98.72	93.62	88.57	83.58	79.13	74.84	70.65	66.77	62.96	59.28	55.64	52.08	48.84	45.71	42.68	40.58	38.51	36.45	34.75	33.32	31.95	30.89	30.21	29.61	29.26	29.00	
106.00	101.27	96.62	91.97	87.37	83.08	79.04	75.04	71.16	67.35	63.60	60.00	56.63	53.39	50.15	46.96	43.96	40.99	38.04	35.66	33.67	32.06	30.91	30.00	29.19	28.59	28.23	28.08	28.00	
119.00	112.88	106.81	101.06	95.56	90.08	85.14	80.50	75.97	71.85	68.16	64.96	61.76	58.70	55.84	53.01	50.19	47.39	44.62	42.31	40.26	38.22	36.42	34.81	33.63	32.62	31.86	31.27	31.01	31.00	
111.00	105.21	99.66	94.17	88.74	83.34	78.09	73.53	69.07	65.16	61.49	58.26	55.37	52.86	50.46	48.10	45.76	43.52	41.39	39.47	37.69	36.15	34.62	33.40	32.34	31.33	30.52	30.00	
114.00	107.01	100.03	93.10	86.57	80.77	75.09	69.79	65.33	61.61	58.08	54.79	51.57	48.71	46.20	43.99	41.88	40.04	38.47	36.91	35.65	34.69	34.06	33.69	33.36	33.09	33.00	
102.00	97.83	93.76	89.81	85.93	82.39	78.87	75.43	72.11	68.85	65.61	62.47	59.34	56.40	53.49	50.68	48.00	45.36	43.51	41.77	40.17	38.62	37.18	35.84	34.52	33.41	32.34	31.39	31.15	31.00	
101.00	96.27	91.64	87.04	82.81	78.60	74.45	70.32	66.42	62.63	59.08	55.88	53.21	50.61	48.15	45.78	43.48	41.39	39.42	37.65	36.10	34.55	33.06	31.86	30.90	30.13	29.67	29.20	29.01	29.00	
112.00	106.26	100.55	94.96	89.51	84.48	79.57	74.86	70.65	66.80	63.22	59.85	56.49	53.24	50.01	46.86	44.03	41.20	38.48	36.11	34.65	33.37	32.51	31.84	31.28	30.75	30.24	30.03	30.00	
122.00	115.41	108.95	103.11	97.73	92.46	87.24	82.41	77.72	73.32	69.10	65.78	62.54	59.52	56.55	53.76	51.07	48.38	45.70	43.11	40.57	38.24	36.16	34.97	33.86	33.11	33.00	
104.00	99.02	94.17	89.44	84.82	80.21	75.68	71.89	68.26	64.76	61.34	58.07	54.96	51.99	49.20	46.50	43.91	42.04	40.30	38.56	37.13	35.75	34.98	34.52	34.06	33.68	33.34	33.05	33.00	
108.00	102.73	97.62	92.55	87.79	83.07	78.88	74.70	70.83	66.98	63.12	59.65	56.91	54.30	51.85	49.51	47.50	45.50	43.51	41.61	40.07	38.71	37.60	36.52	35.55	34.75	34.03	33.41	33.00	
102.00	96.71	91.48	86.59	81.73	77.17	73.47	69.84	66.30	62.89	59.54	56.60	53.89	51.20	48.97	46.93	44.90	43.03	41.28	39.64	38.35	37.28	36.25	35.23	34.32	33.67	33.37	33.11	33.00	
103.00	96.81	91.76	87.13	82.58	78.13	73.76	69.40	65.98	62.56	59.16	55.84	52.68	49.65	47.10	44.56	42.12	39.93	37.88	35.89	34.19	32.82	31.88	31.10	30.49	29.90	29.58	29.26	29.00	
118.00	112.68	107.37	102.18	97.04	92.36	87.87	83.83	79.86	75.91	72.01	68.11	64.79	61.55	58.38	55.49	52.62	49.79	46.96	44.23	41.52	39.49	37.65	36.29	34.98	33.73	33.06	32.54	32.14	32.00	
114.00	108.31	102.64	97.21	91.91	86.90	81.97	77.28	72.83	68.47	64.23	61.06	58.04	55.14	52.37	49.61	46.91	44.35	42.31	40.29	38.48	36.72	35.01	33.49	32.35	31.29	30.55	30.00	
106.00	100.77	96.03	91.30	86.83	82.44	78.18	74.15	70.27	66.45	62.68	59.49	56.44	53.58	51.14	48.71	46.28	44.18	42.23	40.49	38.75	37.31	35.87	34.76	33.98	33.34	33.00	
115.00	108.92	103.05	97.48	91.96	86.44	81.11	76.05	71.33	66.72	62.47	58.29	54.37	50.93	47.80	45.07	42.83	40.59	38.62	36.90	35.18	33.73	32.31	31.21	30.13	29.51	29.16	29.00	
103.00	98.32	93.65	89.06	84.48	80.09	76.02	72.06	68.27	64.50	60.78	57.44	54.19	51.27	48.53	46.08	43.75	41.45	39.17	37.42	35.69	33.96	32.34	30.99	30.57	30.34	30.14	30.00	
120.00	114.06	108.19	102.38	96.78	91.31	86.07	80.94	75.91	71.06	66.55	62.38	58.22	54.26	50.40	46.86	44.00	41.82	39.80	37.82	36.17	34.55	33.39	32.37	31.48	30.79	30.24	30.00	
117.00	110.65	104.51	98.38	92.39	86.74	81.42	76.21	71.10	66.04	61.39	56.86	52.54	49.07	45.97	43.70	41.45	39.52	37.62	35.81	34.24	32.85	31.74	30.86	30.53	30.22	30.00	
105.00	100.09	95.28	90.53	85.89	81.30	76.96	72.84	68.77	64.81	61.35	57.96	54.80	51.86	49.09	46.47	43.97	41.78	39.81	37.94	36.37	35.52	34.66	33.95	33.37	33.16	33.00	
121.00	114.76	108.75	102.80	96.85	91.37	85.94	80.56	75.22	70.16	65.37	60.64	57.29	54.00	50.92	48.14	45.55	43.29	41.42	39.72	38.37	37.06	35.96	35.02	34.14	33.64	33.20	33.03	33.00	
101.00	96.25	91.69	87.31	83.02	78.93	74.93	70.98	67.11	63.65	60.42	57.55	54.70	51.87	49.22	46.70	44.19	41.71	39.33	37.04	34.90	33.39	32.26	31.16	30.38	29.64	29.11	29.00	
122.00	114.55	107.73	101.23	94.96	89.20	83.94	78.90	74.03	69.36	65.08	61.05	57.03	53.34	49.99	46.67	43.43	40.42	37.72	35.68	33.87	32.42	31.60	30.95	30.44	30.08	30.00	
111.00	104.96	98.99	93.10	87.32	81.75	76.46	72.17	67.90	64.08	60.47	56.89	53.55	50.83	48.21	45.61	43.07	40.70	38.54	37.06	35.63	34.28	32.94	31.69	30.78	30.37	30.00	
102.00	97.54	93.17	88.88	84.70	80.95	77.33	73.73	70.23	66.75	63.42	60.32	57.33	54.46	51.80	49.20	46.88	44.77	42.85	41.07	39.32	37.62	36.06	34.72	33.44	32.83	32.23	31.65	31.14	31.00	
110.00	103.39	98.00	92.89	87.85	82.82	78.38	74.12	70.04	66.23	62.47	59.09	55.75	52.71	49.69	46.99	44.31	41.80	39.75	37.80	35.91	34.21	32.59	31.06	29.64	28.41	28.11	28.00	
105.00	99.66	94.52	89.70	84.99	80.35	75.95	71.67	67.49	63.33	59.61	56.33	53.11	50.46	47.81	45.18	42.87	40.94	39.15	37.55	36.30	35.11	34.03	33.27	32.65	32.21	32.02	32.00	
102.00	95.68	89.65	83.67	78.01	72.47	67.34	62.63	58.23	54.66	51.65	49.04	46.47	44.17	42.16	40.35	38.79	37.45	36.28	35.48	34.77	34.18	33.84	33.52	33.32	33.15	33.00	
123.00	117.42	111.89	106.44	101.06	95.71	90.52	85.87	81.25	76.85	72.99	69.30	65.72	62.20	58.84	55.68	52.60	49.60	46.85	44.19	41.77	39.46	37.25	35.87	34.54	33.25	32.53	32.00	
103.00	97.45	91.95	86.84	81.97	77.10	72.40	68.24	64.37	60.98	57.63	54.37	51.57	48.95	46.55	44.36	42.18	40.26	38.35	36.54	34.75	33.64	32.69	31.90	31.16	31.04	31.01	31.00	
101.00	95.57	90.19	84.98	80.32	75.96	71.84	67.76	64.24	60.77	57.50	54.41	51.38	48.53	45.69	43.17	40.91	38.73	36.89	35.89	34.92	34.12	33.65	33.18	32.74	32.38	32.12	32.00	
116.00	109.34	102.97	96.84	91.71	87.12	82.54	78.00	73.59	69.42	65.35	61.63	57.98	54.45	50.97	47.53	44.35	41.73	39.32	37.18	35.13	33.72	32.60	31.48	30.51	29.57	29.34	29.14	29.00	
109.00	103.42	97.97	92.71	87.98	83.49	79.01	74.77	70.67	66.80	63.25	59.96	57.09	54.26	51.58	49.03	46.56	44.13	42.08	40.07	38.18	36.38	35.02	33.78	32.55	31.58	30.68	30.25	30.00	
104.00	99.10	94.39	89.76	85.17	80.91	76.69	72.55	68.49	64.77	61.17	57.63	54.24	51.57	49.18	46.82	44.48	42.24	40.10	38.13	36.44	34.85	33.32	32.02	30.76	29.80	29.23	29.11	29.00	
120.00	113.25	107.02	101.48	96.05	90.66	85.36	80.13	75.15	70.55	66.08	61.89	57.91	54.64	51.69	48.75	46.09	43.55	41.37	39.32	37.29	35.31	33.87	32.75	31.65	30.76	29.92	29.33	29.00	
118.00	111.66	105.52	99.42	94.60	89.92	85.80	81.79	77.88	74.11	70.52	66.93	63.37	60.06	56.76	53.65	50.55	47.52	44.53	42.02	39.87	38.08	36.71	35.35	34.18	33.30	32.45	32.00	
115.00	109.30	103.83	98.53	93.31	88.58	83.92	79.33	74.78	70.25	65.97	61.92	57.90	54.44	51.65	48.93	46.79	44.82	42.92	41.18	39.53	38.11	36.69	35.31	34.40	33.51	32.74	32.00	31.38	31.00	
112.00	105.05	98.25	91.50	85.23	79.33	74.07	69.31	64.94	60.81	56.78	52.79	49.67	46.77	44.06	41.50	39.43	37.48	35.77	34.18	32.94	31.88	30.82	29.92	29.07	28.38	28.08	28.00	
104.00	98.74	93.78	89.35	84.91	80.75	76.71	72.71	69.36	66.03	62.73	59.68	56.65	54.30	52.02	49.77	47.56	45.64	43.78	42.00	40.24	38.91	37.62	36.46	35.31	34.29	33.62	33.26	33.02	33.00	
121.00	114.08	107.73	101.50	95.40	89.38	83.54	78.03	72.66	67.49	62.51	58.42	54.54	50.84	47.25	44.18	41.15	38.91	37.16	35.52	34.05	32.78	31.96	31.23	30.55	30.08	30.00	
101.00	96.65	92.44	88.23	84.15	80.30	76.48	72.70	69.03	65.39	61.77	58.49	55.35	52.23	49.72	47.25	44.85	42.47	40.21	38.26	36.54	34.88	33.43	32.15	30.93	30.08	30.00	
112.00	106.33	100.81	95.78	90.94	86.23	81.56	77.02	72.83	69.01	65.27	61.71	58.41	55.30	52.31	49.38	46.53	43.71	41.18	39.10	37.28	35.93	35.06	34.47	33.91	33.35	33.00	
111.00	104.94	98.98	93.17	87.72	82.58	77.56	72.61	67.75	63.33	59.24	55.41	51.74	48.14	44.88	41.78	38.86	36.79	34.99	33.28	32.08	31.23	30.71	30.26	29.85	29.47	29.14	29.00	
110.00	103.41	96.92	90.88	85.12	80.16	75.23	70.33	65.68	61.06	56.60	52.35	48.49	44.75	42.61	40.51	38.45	36.55	34.69	33.12	31.78	30.62	29.50	28.91	28.45	28.12	28.04	28.01	28.00	
117.00	109.88	102.81	95.90	89.30	84.12	79.00	74.23	69.49	64.99	60.50	56.85	53.76	50.93	48.22	46.23	44.27	42.50	40.96	39.47	38.26	37.16	36.24	35.44	34.72	34.02	33.51	33.01	33.00	
121.00	113.83	106.85	100.43	94.07	88.12	82.53	77.15	71.79	66.85	62.03	57.63	53.69	49.80	46.23	44.04	41.95	40.00	38.21	36.45	34.83	33.34	32.04	30.89	30.25	29.66	29.33	29.06	29.00	
112.00	107.20	102.40	97.73	93.23	88.79	84.44	80.19	75.95	71.85	67.78	64.00	60.33	57.03	53.76	50.71	47.76	45.47	43.18	40.91	39.00	37.17	35.74	34.73	33.84	33.03	32.25	31.62	31.03	31.00	
121.00	114.17	107.84	102.09	96.38	90.74	86.02	81.35	76.77	72.28	67.99	64.28	60.61	57.15	53.81	50.74	47.69	44.75	41.96	39.23	37.44	35.78	34.73	33.92	33.16	32.41	31.88	31.43	31.00	
102.00	96.69	91.48	86.33	81.90	77.70	73.67	69.67	65.84	62.03	58.25	54.47	50.99	47.58	44.18	40.95	39.28	37.72	36.32	35.14	34.04	33.12	32.29	31.59	30.99	30.44	30.03	30.00	
112.00	105.02	98.41	91.99	85.89	80.13	74.84	69.73	65.69	61.86	58.23	54.86	51.59	48.40	45.42	42.57	39.91	37.57	35.90	34.89	34.02	33.14	32.35	31.59	31.00	30.47	30.03	29.60	29.20	29.00	
121.00	113.82	106.69	100.17	93.79	87.61	81.52	75.83	70.84	66.20	61.65	57.87	54.29	51.19	48.26	45.64	43.35	41.45	39.58	37.86	36.42	35.05	33.92	33.17	32.45	32.09	32.00	
106.00	100.96	96.45	92.08	87.87	83.74	79.68	75.69	71.96	68.61	65.28	62.10	59.15	56.37	53.61	50.89	48.28	45.76	43.37	41.12	38.88	37.03	35.44	34.11	32.82	31.58	30.84	30.17	30.00	
121.00	113.74	107.20	100.88	94.57	88.61	82.95	77.53	72.45	67.99	64.06	60.27	56.58	53.38	50.23	47.19	44.29	41.53	38.89	36.27	34.04	32.21	30.40	28.92	28.39	28.16	28.00	
101.00	96.18	91.41	86.79	82.22	77.81	73.42	69.27	65.66	62.13	58.64	55.60	52.86	50.29	47.89	45.58	43.46	41.76	40.07	38.43	36.84	35.34	34.02	32.86	31.79	30.94	30.19	30.02	30.00	
114.00	108.33	102.76	97.34	92.57	87.85	83.15	78.79	74.78	70.88	67.15	63.46	59.85	56.46	53.52	50.61	48.06	45.61	43.18	40.81	38.66	36.87	35.15	34.16	33.30	32.61	31.94	31.39	31.16	31.00	
112.00	106.17	100.62	95.09	90.38	85.75	81.21	76.70	72.47	68.45	64.58	60.81	57.06	53.33	49.96	46.58	43.40	41.21	39.12	37.87	36.62	35.44	34.29	33.25	32.23	31.45	30.74	30.32	30.00	
103.00	97.85	92.89	88.49	84.13	80.04	75.97	71.95	67.97	64.06	60.62	57.31	54.20	51.10	48.47	46.13	43.80	41.67	39.62	37.72	36.45	35.38	34.33	33.57	32.93	32.34	31.99	31.64	31.29	31.00	
103.00	98.30	93.61	88.92	84.24	79.72	75.70	72.09	68.51	65.28	62.10	58.99	56.12	53.53	51.00	48.48	46.24	44.07	42.11	40.35	38.71	37.23	35.83	34.88	34.23	33.78	33.53	33.34	33.16	33.00	
101.00	96.25	91.63	87.07	82.77	78.61	74.49	70.47	66.86	63.28	60.25	57.24	54.38	51.73	49.13	46.60	44.08	41.65	39.26	37.12	35.36	33.94	32.85	31.87	30.92	30.10	29.49	28.91	28.39	28.00	
110.00	104.38	99.14	94.23	89.40	84.58	79.94	75.33	70.79	66.29	62.26	58.39	54.62	51.07	47.94	45.21	42.72	40.32	38.20	36.09	34.45	33.18	32.03	31.07	30.43	30.14	30.00	
102.00	97.30	92.63	88.25	84.15	80.18	76.29	72.53	68.98	65.46	62.27	59.10	55.96	52.85	50.12	47.40	44.91	42.53	40.27	38.21	36.48	34.99	33.68	32.89	32.26	31.81	31.37	31.00	
101.00	96.76	92.53	88.55	84.59	80.67	76.82	73.11	69.53	66.05	62.80	59.63	56.47	53.42	50.40	47.96	45.64	43.80	42.15	40.51	39.26	38.05	36.91	35.89	35.01	34.26	33.82	33.41	33.14	33.00	
120.00	113.15	106.90	101.01	95.28	89.56	84.91	80.32	75.94	71.93	68.03	64.14	60.43	57.15	53.93	50.77	47.91	45.16	42.85	40.60	38.63	36.68	35.04	33.41	31.88	31.08	30.44	30.00	
117.00	111.27	105.55	99.96	94.56	89.45	84.57	79.94	75.41	71.31	67.66	64.17	60.68	57.40	54.25	51.35	49.03	46.72	44.67	42.68	40.92	39.20	37.60	36.12	34.70	34.18	33.75	33.37	33.06	33.00	
103.00	97.65	92.46	87.55	82.77	78.09	73.41	68.91	64.60	60.74	57.24	53.75	51.06	48.42	45.81	43.53	41.61	39.91	38.28	36.78	35.30	33.83	32.46	31.17	29.91	28.73	28.17	28.00	
110.00	104.32	98.99	93.94	89.03	84.17	79.87	75.67	71.50	67.54	63.62	59.85	56.23	52.62	49.03	45.72	43.00	41.19	39.50	37.85	36.30	35.09	33.91	32.95	32.03	31.39	30.77	30.33	30.00	
122.00	113.89	106.20	98.65	91.71	84.85	79.00	73.38	68.02	62.74	58.53	55.05	51.72	48.45	45.81	43.22	40.90	38.86	37.02	35.23	33.68	32.20	31.30	30.41	29.72	29.22	29.04	29.00	
117.00	110.94	104.88	99.02	93.54	88.12	82.73	77.41	72.93	68.63	64.42	60.22	56.15	52.12	48.43	45.01	41.70	39.14	37.18	35.23	33.47	31.73	30.62	29.57	28.97	28.48	28.00	
117.00	109.31	101.64	95.33	89.44	83.67	77.94	72.46	67.12	62.24	57.58	53.06	48.77	44.79	41.35	39.54	37.79	36.13	34.56	33.33	32.23	31.19	30.23	29.32	28.56	28.25	28.00	
122.00	114.87	107.93	102.10	96.97	91.92	87.01	82.10	77.26	72.57	68.31	64.27	60.22	56.50	53.09	49.97	46.93	44.23	41.81	39.46	37.14	35.35	33.95	32.79	31.87	31.06	31.00	
106.00	101.91	97.99	94.08	90.19	86.30	82.43	78.73	75.05	71.42	67.80	64.27	61.14	58.20	55.28	52.42	49.72	47.33	45.16	43.02	41.02	39.60	38.29	37.08	36.12	35.22	34.34	33.72	33.14	33.00	
112.00	106.84	101.81	97.00	92.43	87.99	83.79	79.69	75.78	71.94	68.16	64.54	60.93	57.36	53.93	50.51	47.32	44.44	42.19	40.32	38.47	36.73	35.04	33.42	32.20	31.50	31.27	31.14	31.03	31.00	
123.00	117.04	111.25	105.48	99.70	93.97	88.27	82.68	77.73	72.89	68.15	63.62	59.13	54.88	50.81	47.05	43.41	40.73	38.25	35.83	33.94	32.22	30.76	29.82	28.99	28.67	28.38	28.15	28.00	
112.00	106.58	101.20	95.91	91.07	86.35	82.01	77.98	73.99	70.51	67.24	64.21	61.25	58.36	55.54	52.78	50.05	47.45	45.11	42.84	40.62	38.54	36.48	34.82	33.43	32.44	31.44	30.51	30.14	30.00	
122.00	116.14	110.42	105.07	99.81	94.76	89.77	84.98	80.50	76.18	71.96	68.23	64.78	61.43	58.13	54.99	51.92	48.91	46.44	43.97	41.77	39.94	38.28	36.65	35.15	34.14	33.29	32.68	32.16	32.00	
114.00	107.85	101.88	96.07	90.70	85.50	80.46	75.47	70.93	66.41	62.24	58.77	55.35	51.99	49.37	47.34	45.38	43.61	41.89	40.19	38.56	36.99	35.55	34.60	33.89	33.23	33.00	
121.00	113.74	106.50	99.28	92.44	86.80	81.95	77.13	72.46	67.99	63.79	59.75	55.77	51.80	48.47	45.37	42.45	40.58	38.76	37.03	35.33	33.85	32.57	31.48	30.77	30.17	30.00	
120.00	114.34	108.71	103.32	98.78	94.45	90.15	85.98	81.82	77.98	74.31	70.64	67.08	63.60	60.64	57.82	55.09	52.42	49.82	47.25	44.75	42.37	40.03	37.74	35.56	33.57	31.93	30.66	29.62	29.00	
119.00	112.72	106.48	100.37	94.99	89.78	84.68	79.69	75.40	71.30	67.34	63.37	59.45	55.88	52.48	49.43	46.73	44.10	41.74	39.51	37.40	35.46	33.85	32.45	31.18	30.01	28.85	28.41	28.15	28.00	
119.00	112.03	105.16	98.39	91.64	85.48	79.37	73.83	68.40	64.30	60.27	56.28	52.45	48.84	45.55	42.29	39.04	37.02	35.55	34.38	33.30	32.39	31.51	30.71	30.01	29.49	29.15	29.00	
109.00	103.72	98.57	93.73	89.14	84.71	80.41	76.64	72.88	69.26	65.84	62.57	59.34	56.26	53.29	50.59	48.02	45.60	43.79	42.10	40.43	38.88	37.45	36.15	34.95	33.80	32.71	32.01	32.00	
117.00	110.80	104.60	98.78	93.80	88.97	84.49	80.08	75.77	71.65	67.61	63.59	59.95	56.51	53.06	49.86	46.98	44.61	42.35	40.16	38.18	36.31	34.90	33.55	32.42	31.50	30.61	30.15	30.00	
104.00	98.46	93.02	87.59	82.42	77.36	72.45	67.62	63.69	60.05	57.10	54.15	51.21	48.41	45.89	43.38	41.24	39.12	37.14	35.56	34.17	33.13	32.10	31.41	30.86	30.46	30.08	30.00	
123.00	116.62	110.38	104.15	98.09	92.23	86.86	81.49	76.50	71.87	67.35	63.11	58.92	54.98	51.07	47.67	44.51	41.94	39.73	37.98	36.35	34.74	33.15	31.62	30.26	29.04	29.00	
116.00	110.81	105.87	101.18	96.54	92.04	87.80	83.81	79.85	75.90	72.14	68.41	64.71	61.04	57.76	54.72	51.70	48.89	46.49	44.59	42.73	40.88	39.12	37.39	36.02	34.97	34.18	33.39	33.13	33.00	
119.00	113.53	108.07	102.89	97.82	92.93	88.09	83.70	79.32	74.97	70.66	66.36	62.34	59.01	55.89	52.92	50.16	47.42	44.90	42.74	40.65	38.58	37.07	35.63	34.22	33.00	32.16	31.39	31.00	
113.00	107.29	101.66	96.05	91.62	87.29	83.27	79.36	75.50	71.75	68.51	65.33	62.20	59.08	56.61	54.16	51.94	49.74	47.62	45.58	43.56	41.64	39.72	37.92	36.20	34.70	33.64	32.61	32.25	32.00	
123.00	116.46	110.07	103.75	97.49	91.57	86.35	81.58	76.83	72.20	67.71	63.47	59.25	55.59	52.04	48.50	45.58	42.77	40.22	37.96	35.89	34.26	32.91	31.87	30.84	30.01	29.45	29.07	29.00	
102.00	96.96	92.15	87.82	83.53	79.26	75.13	71.18	67.42	63.70	60.06	56.49	53.47	50.50	47.62	44.80	42.33	40.13	38.04	36.16	35.02	34.34	33.67	33.38	33.18	33.07	33.00	
108.00	103.07	98.23	93.57	89.38	85.35	81.39	77.50	73.74	70.04	66.50	62.95	59.49	56.05	52.67	49.50	47.10	44.90	42.73	40.77	38.92	37.38	35.97	34.66	33.93	33.48	33.13	33.02	33.00	
109.00	102.84	96.80	91.39	86.01	80.87	75.75	71.01	66.69	62.38	58.14	54.18	50.23	46.62	43.34	40.95	38.64	36.60	34.93	33.30	31.86	30.86	29.87	29.18	28.63	28.15	28.00	
102.00	96.62	91.34	86.08	81.20	76.73	72.26	68.36	64.49	60.78	57.33	54.08	50.87	47.96	45.08	42.26	39.60	37.43	35.72	34.09	33.15	32.44	31.78	31.26	31.14	31.05	31.00	
111.00	105.68	100.36	95.22	90.42	85.67	81.15	76.88	72.94	69.01	65.37	61.85	58.49	55.20	52.42	49.96	47.61	45.31	43.22	41.17	39.16	37.32	35.65	34.31	33.33	32.66	32.10	32.02	32.00	
103.00	98.11	93.48	88.91	84.37	80.23	76.18	72.18	68.37	64.65	61.22	57.82	54.42	51.05	47.75	44.47	42.33	40.22	38.20	36.27	34.57	33.36	32.34	31.95	31.58	31.23	31.00	
109.00	103.32	97.73	92.85	88.19	83.84	79.63	75.69	71.93	68.19	64.71	61.23	57.88	54.54	51.42	48.48	45.80	43.32	40.95	38.97	37.04	35.28	33.62	32.34	31.64	30.95	30.31	29.68	29.08	29.00	
118.00	112.02	106.10	100.20	94.39	88.82	83.30	79.01	74.96	70.91	66.96	63.18	59.49	56.24	53.00	49.91	46.86	44.00	41.38	38.83	36.40	34.72	33.13	31.60	30.55	29.57	29.04	28.59	28.16	28.00	
114.00	108.47	103.28	98.19	93.27	88.59	83.94	79.34	74.78	70.22	65.86	61.51	57.20	53.00	49.25	46.44	43.74	41.35	39.25	37.32	35.48	33.90	32.56	31.37	30.29	29.25	29.00	
104.00	99.17	94.37	89.58	85.01	80.48	75.97	71.46	67.21	63.35	59.71	56.70	53.81	50.97	48.30	45.63	43.14	40.88	38.95	37.24	35.63	34.21	33.01	32.36	31.89	31.57	31.25	31.08	31.00	
109.00	104.44	99.87	95.65	91.53	87.52	83.57	79.64	75.71	71.79	67.97	64.19	60.47	56.95	53.63	50.52	47.40	44.89	42.46	40.24	38.25	36.73	35.28	34.03	33.06	32.10	31.18	30.55	30.08	30.00	
102.00	96.83	91.69	86.90	82.29	78.36	74.84	71.36	67.95	64.78	61.76	58.94	56.36	53.80	51.27	48.84	46.60	44.47	42.63	40.84	39.12	37.40	36.28	35.19	34.44	34.01	33.65	33.33	33.05	33.00	
109.00	103.13	97.54	91.98	87.02	82.11	77.46	72.86	68.43	64.06	59.70	55.45	51.40	47.46	43.55	40.96	38.82	36.82	35.32	34.30	33.57	32.98	32.40	31.96	31.53	31.13	31.00	
123.00	117.33	111.94	106.62	101.35	96.15	91.18	86.36	81.57	77.00	72.44	67.98	63.69	59.90	56.16	52.50	48.87	45.65	42.61	39.85	37.64	35.82	34.21	32.94	32.08	31.42	30.84	30.30	30.14	30.00	
102.00	97.24	92.88	88.89	84.96	81.10	77.33	73.67	70.07	66.50	62.94	59.42	56.31	53.33	50.64	48.06	45.85	43.91	41.99	40.19	38.43	36.67	34.92	33.47	32.20	31.05	29.93	29.47	29.22	29.00	
111.00	105.74	100.51	95.59	90.81	86.42	82.09	77.86	73.70	69.60	65.68	61.81	58.44	55.29	52.29	49.49	47.39	45.30	43.22	41.20	39.23	37.74	36.39	35.36	34.35	33.66	33.04	32.49	32.00	
116.00	109.30	102.82	96.77	91.21	85.67	80.23	74.85	69.91	65.97	62.56	59.19	55.83	52.70	49.62	46.64	43.70	41.28	38.91	37.40	36.04	35.00	34.13	33.69	33.45	33.20	33.00	
110.00	103.96	98.37	92.83	87.43	82.29	77.26	72.55	68.09	63.83	60.01	56.40	52.84	49.45	46.54	43.88	41.26	39.43	37.71	36.04	34.69	33.36	32.21	31.16	30.67	30.30	30.00	
115.00	109.83	104.69	99.57	94.63	90.02	85.79	81.67	77.55	73.92	70.29	66.66	63.07	59.90	56.80	53.73	50.67	47.66	45.08	42.87	40.77	39.06	37.96	36.88	35.85	35.09	34.44	33.86	33.30	33.00	
115.00	108.64	102.37	96.14	90.05	84.28	79.09	74.39	69.81	65.33	61.55	58.02	54.56	51.21	48.45	45.83	43.35	41.16	39.10	37.18	35.30	33.95	32.78	31.64	30.75	30.31	30.00	
108.00	103.36	98.81	94.42	90.06	85.76	81.58	77.49	73.45	70.24	67.37	64.52	61.68	59.16	56.71	54.28	52.09	49.92	47.78	45.67	43.88	42.19	40.64	39.23	37.91	36.75	35.62	34.53	33.72	33.00	
101.00	96.68	92.41	88.27	84.16	80.18	76.20	72.26	68.56	64.92	61.50	58.25	55.37	52.51	49.70	47.07	44.80	42.53	40.29	38.07	35.92	34.45	33.00	31.57	30.34	29.23	28.21	28.08	28.00	
116.00	110.77	105.63	100.77	95.95	91.18	86.63	82.21	77.88	73.85	69.86	65.92	62.51	59.27	56.14	53.32	50.76	48.22	45.83	43.46	41.19	39.04	36.93	34.95	33.14	31.42	30.10	30.00	
103.00	97.08	91.33	85.85	80.38	75.18	70.15	65.92	61.95	58.10	54.26	50.51	46.96	43.77	40.70	38.66	36.94	35.53	34.22	33.28	32.38	31.57	31.24	30.99	30.74	30.50	30.28	30.06	30.00	
101.00	96.44	91.96	87.62	83.46	79.61	75.89	72.37	68.91	65.45	62.40	59.45	56.52	53.86	51.25	48.79	46.46	44.24	42.29	40.44	38.87	37.39	36.12	34.86	33.79	32.94	32.09	31.49	31.01	31.00	
112.00	107.13	102.35	97.61	92.91	88.30	83.74	79.48	75.22	71.12	67.26	63.57	59.88	56.45	53.22	50.03	46.86	44.06	41.88	40.11	38.39	36.76	35.60	34.51	33.42	32.53	31.66	31.19	31.00	
122.00	115.04	108.19	101.65	95.43	90.03	84.64	79.32	74.03	69.00	64.15	59.57	55.30	51.71	48.57	45.61	42.72	40.12	37.65	35.24	32.83	30.87	30.10	29.46	29.11	28.77	28.45	28.13	28.00	
107.00	101.10	95.24	89.54	84.14	78.75	73.58	69.24	64.95	60.83	56.92	53.12	50.17	47.34	44.93	42.97	41.22	39.53	38.08	36.73	35.41	34.28	33.32	32.43	31.84	31.40	31.16	31.00	
107.00	100.48	94.42	88.55	82.80	77.68	73.33	69.88	66.67	63.63	60.68	57.73	54.81	51.91	49.03	46.18	43.32	40.51	37.80	35.19	33.18	31.63	31.14	30.70	30.37	30.16	30.00	
123.00	115.56	109.07	102.81	96.55	90.76	85.32	79.89	74.95	70.21	65.98	61.95	58.04	54.56	51.79	49.07	46.46	43.94	41.47	39.10	36.95	35.29	33.76	32.28	31.33	31.08	31.00	
122.00	115.44	108.96	103.13	97.47	91.91	87.14	82.38	77.95	73.81	69.89	66.21	62.76	59.34	56.11	53.06	50.25	47.69	45.21	42.88	40.68	38.75	36.85	35.21	33.81	32.88	32.14	31.48	31.00	
122.00	116.16	110.49	104.86	99.68	94.54	89.77	85.02	80.53	76.40	72.30	68.46	64.83	61.25	57.68	54.19	50.87	47.63	44.45	41.48	38.69	36.47	34.71	33.09	31.53	30.04	29.47	29.00	
111.00	105.18	99.59	94.12	88.80	83.69	79.18	74.76	70.43	66.62	62.82	59.08	55.50	52.01	49.24	46.53	43.85	41.84	39.88	38.36	36.93	35.64	34.46	33.30	32.22	31.50	31.18	31.00	
122.00	115.99	110.18	104.48	98.87	93.43	88.44	83.45	78.55	74.20	70.22	66.28	62.46	58.78	55.27	51.85	48.62	45.43	42.82	40.23	38.58	37.14	35.72	34.79	33.91	33.52	33.22	33.00	
102.00	96.95	92.04	87.38	83.18	78.98	74.94	71.13	67.35	63.90	60.71	57.68	54.70	51.97	49.33	46.78	44.25	42.07	40.49	39.10	37.78	36.52	35.31	34.20	33.49	32.93	32.42	32.15	32.00	
116.00	109.81	103.74	97.71	91.86	86.53	81.33	76.57	72.05	67.54	63.43	59.36	55.45	51.90	48.68	45.55	42.66	39.88	37.59	35.31	33.57	32.31	31.22	30.25	29.31	28.66	28.24	28.08	28.00	
119.00	113.14	107.31	101.62	96.19	91.13	86.12	81.23	76.40	71.65	67.17	62.93	58.99	55.05	51.16	47.53	45.06	42.65	40.63	39.06	37.76	36.52	35.31	34.23	33.16	32.12	31.33	30.75	30.24	30.00	
122.00	114.51	107.21	100.40	94.24	88.30	83.79	79.49	75.26	71.07	66.90	63.35	60.09	57.07	54.10	51.16	48.22	45.30	42.54	40.31	38.20	36.18	34.38	32.79	31.25	30.07	29.24	28.56	28.00	
105.00	98.91	93.22	87.86	83.20	78.61	74.34	70.23	66.16	62.09	58.34	54.66	51.79	49.20	46.89	44.69	42.49	40.39	38.54	36.74	35.42	34.19	33.02	31.88	31.17	30.52	29.96	29.59	29.29	29.00	
121.00	114.85	108.71	102.66	96.60	90.64	84.93	79.79	75.05	70.59	66.24	62.51	59.01	55.84	52.85	50.25	47.69	45.21	42.90	40.93	39.05	37.40	35.84	34.70	33.77	33.03	33.00	
113.00	107.79	102.63	97.73	92.96	88.23	83.51	79.16	74.85	70.67	66.54	62.48	59.08	55.83	53.10	50.58	48.14	45.73	43.58	41.79	40.00	38.33	36.87	35.60	34.35	33.27	32.66	32.09	32.00	
111.00	105.80	100.78	95.92	91.85	87.95	84.11	80.47	76.90	73.38	70.19	67.12	64.09	61.11	58.16	55.26	52.44	49.67	46.99	44.47	41.99	39.62	37.28	35.26	33.27	31.57	30.72	30.20	30.02	30.00	
104.00	99.32	94.64	90.11	85.59	81.39	77.46	73.58	69.96	66.74	63.54	60.37	57.23	54.58	52.01	49.77	47.54	45.32	43.26	41.24	39.62	38.12	36.68	35.49	34.33	33.18	32.42	31.83	31.28	31.00	
113.00	106.18	99.67	93.75	87.84	82.21	76.62	71.07	66.73	62.91	59.25	55.84	52.48	49.48	46.85	44.29	42.09	40.40	38.77	37.22	35.88	34.88	33.94	33.04	32.54	32.24	32.00	
119.00	113.31	107.90	102.66	97.50	92.43	87.64	82.91	78.38	74.18	70.22	66.55	62.96	59.46	56.09	52.81	49.86	46.99	44.15	41.34	38.84	36.59	34.86	33.21	31.80	30.68	29.62	28.83	28.22	28.00	
123.00	114.79	106.66	98.78	91.07	83.98	76.91	71.08	65.75	61.00	56.95	53.20	49.82	46.75	44.30	41.96	39.62	37.60	35.98	34.62	33.45	32.54	31.69	30.89	30.35	30.04	30.00	
103.00	97.67	92.34	87.58	83.04	78.55	74.15	69.93	66.14	62.74	59.43	56.18	52.93	49.71	46.55	43.55	41.31	39.32	37.42	35.80	34.91	34.24	33.72	33.33	33.10	33.04	33.00	
113.00	107.37	101.94	96.86	91.90	87.01	82.23	77.51	72.85	68.21	63.84	59.90	55.97	52.09	48.83	45.67	42.82	40.03	37.31	34.77	32.39	31.22	30.39	29.68	29.12	28.58	28.26	28.10	28.00	
102.00	97.56	93.11	88.93	84.76	80.59	76.76	73.22	69.93	66.82	63.77	60.76	58.21	55.85	53.51	51.25	49.12	47.13	45.16	43.27	41.38	39.57	37.83	36.33	35.00	33.69	32.73	31.81	31.21	31.00	
101.00	95.57	90.47	85.52	80.82	76.24	71.69	67.19	62.92	58.88	54.87	51.16	47.77	44.88	42.06	39.50	37.56	35.93	34.78	33.67	32.65	31.79	31.21	30.69	30.32	30.05	30.00	
116.00	109.38	102.93	96.97	91.32	85.75	80.65	75.63	70.73	66.25	62.19	58.28	54.52	51.02	47.57	44.20	41.11	38.47	35.83	33.30	31.87	30.68	29.69	28.94	28.32	28.16	28.00	
107.00	100.53	94.19	88.38	82.65	77.38	72.44	68.00	63.72	59.51	55.33	51.64	48.67	45.82	43.47	41.32	39.33	37.62	36.18	34.75	33.49	32.38	31.28	30.22	29.28	29.12	29.00	
103.00	98.39	93.85	89.48	85.47	81.56	77.67	73.81	70.12	66.51	63.48	60.47	57.47	54.72	52.10	49.80	47.66	45.54	43.72	42.00	40.43	39.05	37.75	36.54	35.39	34.62	33.91	33.26	32.62	32.00	
116.00	111.21	106.48	101.81	97.31	92.86	88.53	84.32	80.38	76.45	72.65	68.96	65.41	61.92	58.98	56.08	53.23	50.43	47.81	45.32	42.95	40.60	38.36	36.30	35.13	34.13	33.18	33.00	
102.00	96.93	91.90	86.91	82.41	77.97	73.54	69.38	65.61	62.43	59.35	56.41	53.49	51.06	48.66	46.31	44.01	41.93	39.89	38.40	37.05	35.71	34.60	33.91	33.25	32.60	31.95	31.48	31.11	31.00	
115.00	108.54	102.24	96.23	90.65	85.22	80.58	76.50	72.73	69.06	65.42	61.81	58.30	55.12	52.17	49.27	46.39	43.61	41.32	39.49	37.81	36.14	34.69	33.31	32.13	31.30	30.60	30.11	30.00	
108.00	101.60	95.46	89.59	83.77	78.04	72.59	67.92	63.56	59.49	55.59	51.92	48.94	46.00	43.56	41.29	39.17	37.48	36.05	34.66	33.28	31.98	30.68	29.47	28.67	28.40	28.18	28.00	
118.00	111.95	106.26	101.15	96.05	91.07	86.19	81.56	76.99	72.55	68.37	64.30	60.33	56.83	53.64	50.89	48.46	46.11	43.81	41.65	39.59	37.85	36.61	35.51	34.45	33.66	33.00	
104.00	98.76	93.55	88.70	83.92	79.17	74.47	69.90	65.67	61.94	58.50	55.16	52.16	49.23	46.37	44.10	41.90	39.72	37.56	35.47	33.63	32.30	31.30	30.41	29.62	29.04	29.00	
122.00	113.91	106.09	98.39	91.01	84.47	78.06	72.43	68.01	63.79	60.25	56.87	53.62	50.53	47.50	44.66	42.06	40.05	38.10	36.26	34.53	34.12	33.84	33.58	33.35	33.16	33.02	33.00	
108.00	102.46	97.23	92.39	87.75	83.31	78.98	74.76	70.82	66.90	63.00	59.13	55.42	52.34	49.45	46.81	44.35	42.09	39.89	37.71	35.91	34.34	33.03	31.79	30.68	29.75	28.85	28.08	28.00	
118.00	112.34	106.97	101.64	96.40	91.45	86.65	81.97	77.31	72.88	68.68	64.50	60.32	56.20	52.31	48.56	45.21	42.69	40.47	38.39	36.91	35.45	34.57	33.78	32.99	32.39	32.00	
114.00	106.99	100.02	93.62	87.86	82.52	77.38	72.97	68.82	64.90	61.12	57.50	54.27	51.12	48.24	45.41	42.62	39.84	37.68	35.53	33.80	32.58	31.62	31.00	30.46	30.22	30.00	
116.00	110.02	104.22	98.70	93.21	88.00	83.05	78.25	73.68	69.11	64.94	60.94	57.23	53.55	50.20	47.29	44.37	41.55	39.01	37.28	35.63	34.26	33.42	32.83	32.38	32.15	32.07	32.02	32.00	
119.00	113.37	107.89	103.08	98.28	93.48	88.83	84.25	79.92	76.02	72.20	68.53	65.14	61.82	58.76	55.81	52.93	50.09	47.53	45.23	43.11	41.02	38.94	36.93	35.06	33.28	31.51	30.20	28.92	28.00	
118.00	112.94	107.94	103.05	98.19	93.48	88.86	84.26	79.71	75.21	70.72	66.71	62.80	58.99	55.26	51.76	48.93	46.23	43.85	41.92	40.12	38.35	36.62	34.88	33.83	32.91	32.20	32.00	
103.00	98.11	93.53	89.04	84.76	80.57	76.40	72.68	68.97	65.36	61.91	58.80	55.82	53.05	50.52	48.21	45.94	43.96	42.00	40.13	38.34	36.86	35.68	35.02	34.39	33.80	33.37	33.00	
122.00	115.96	109.93	103.94	98.98	94.11	89.24	84.53	79.84	75.34	71.02	66.72	63.09	59.77	56.57	53.45	50.83	48.24	45.71	43.40	41.55	39.99	38.60	37.21	35.85	34.81	33.78	33.26	33.08	33.00	
111.00	105.98	101.03	96.37	91.73	87.12	82.57	78.19	73.96	69.88	66.20	62.61	59.06	55.82	52.76	49.75	46.99	44.74	42.49	40.33	38.55	36.83	35.28	34.14	33.25	32.60	32.01	31.49	31.00	
101.00	95.20	89.76	84.40	79.21	75.19	71.29	67.53	64.00	60.55	57.19	53.88	50.81	48.04	45.29	42.83	40.51	38.62	36.99	35.94	34.95	34.07	33.25	32.78	32.40	32.16	32.05	32.00	
116.00	110.67	105.47	100.33	95.22	90.19	85.18	80.27	75.62	71.07	66.88	62.69	58.56	54.57	51.19	48.05	45.13	42.26	39.53	36.81	34.36	32.92	32.09	31.28	30.49	29.85	29.32	29.00	
107.00	100.41	94.04	87.89	82.12	76.47	71.20	66.24	62.34	58.64	55.04	51.70	48.70	45.73	43.16	40.80	38.86	36.98	35.15	33.56	32.39	31.33	30.42	29.72	29.15	28.71	28.33	28.00	
118.00	112.85	107.81	102.79	97.87	93.02	88.36	83.93	79.70	75.58	71.48	67.41	63.38	59.36	55.54	51.99	48.47	45.70	43.13	40.81	38.93	37.13	35.45	33.88	32.37	31.51	30.65	30.06	29.53	29.00	
104.00	98.68	94.04	89.52	85.17	80.97	76.86	73.13	69.82	66.79	63.80	60.96	58.15	55.36	52.61	49.95	48.03	46.12	44.25	42.41	40.71	39.08	37.54	36.35	35.42	34.57	33.82	33.36	33.02	33.00	
105.00	99.37	93.77	89.28	84.94	80.64	76.54	72.48	68.53	64.71	61.02	57.41	54.19	51.20	48.33	45.56	42.93	40.81	39.01	37.32	35.93	34.66	33.44	32.43	31.85	31.37	31.00	
102.00	95.97	90.26	84.90	80.11	75.33	70.96	66.80	62.66	59.58	56.67	53.83	51.00	48.20	45.69	43.23	40.81	38.49	36.53	34.56	33.68	32.90	32.15	31.75	31.50	31.30	31.11	31.00	
103.00	98.04	93.60	89.25	84.92	80.67	76.84	73.05	69.33	65.66	62.02	58.46	54.98	52.12	49.31	46.55	44.03	41.81	40.22	38.68	37.34	36.03	34.76	33.69	33.08	32.62	32.30	32.07	32.00	
101.00	95.23	90.01	84.85	79.71	75.20	70.95	66.89	62.88	59.08	55.49	52.28	49.26	46.45	43.81	41.23	38.91	36.89	34.90	33.48	32.31	31.24	30.29	29.62	29.00	28.53	28.09	28.00	
114.00	107.37	101.20	95.15	89.30	83.66	78.74	74.07	69.89	65.95	62.53	59.16	55.79	52.64	49.67	47.29	44.91	42.75	40.73	38.88	37.11	35.64	34.22	33.09	32.16	31.48	30.82	30.43	30.10	30.00	
102.00	97.10	92.70	88.41	84.15	80.07	76.00	71.99	68.07	64.24	60.43	56.76	53.48	50.43	47.56	44.93	42.43	40.18	38.00	36.20	34.71	33.38	32.35	31.37	30.63	29.91	29.53	29.19	29.00	
111.00	104.99	99.26	94.35	90.04	85.78	81.55	77.61	73.67	69.76	66.28	62.87	59.48	56.20	53.20	50.44	47.79	45.36	43.07	40.91	38.93	37.24	35.72	34.36	33.07	32.38	32.24	32.11	32.00	
109.00	103.11	97.61	92.33	87.05	82.06	77.63	73.49	69.54	65.73	61.94	58.23	54.75	51.64	48.58	45.61	42.72	39.88	37.62	35.57	34.16	32.97	31.89	31.30	30.94	30.67	30.41	30.17	30.00	
101.00	96.91	92.85	88.82	84.87	81.13	77.43	73.94	70.47	67.05	63.66	60.35	57.05	54.09	51.29	48.56	45.98	43.56	41.26	39.05	36.95	35.36	34.13	32.92	31.88	31.02	30.54	30.20	30.00	
101.00	96.46	92.15	87.85	83.59	79.42	75.33	71.40	67.79	64.45	61.35	58.33	55.47	52.70	50.21	48.09	46.01	43.97	42.08	40.32	38.58	37.05	35.79	34.70	33.62	32.94	32.52	32.12	32.00	
101.00	96.32	91.79	87.30	82.83	78.55	74.28	70.67	67.33	64.11	61.14	58.18	55.34	52.52	49.84	47.33	44.85	42.41	40.21	38.01	36.04	34.48	32.99	31.58	30.64	29.72	28.83	28.22	28.07	28.00	
110.00	103.51	97.45	91.41	86.26	81.40	76.86	72.32	67.94	63.98	60.39	57.08	53.90	50.79	47.81	45.33	42.87	40.44	38.16	36.15	34.21	32.71	31.81	30.94	30.14	29.62	29.40	29.19	29.00	
107.00	101.58	96.26	91.61	86.97	82.47	78.19	74.13	70.14	66.29	62.65	59.09	56.10	53.28	50.76	48.31	45.87	43.45	41.07	39.04	37.31	35.58	33.97	32.40	31.13	30.11	29.18	28.53	28.21	28.00	
101.00	96.02	91.19	86.37	81.62	77.16	72.69	68.44	64.83	61.24	57.72	54.32	51.07	48.10	45.13	42.36	39.99	37.72	36.14	34.65	33.30	31.98	30.69	29.99	29.34	28.82	28.31	28.00	
107.00	101.42	95.94	90.68	85.69	80.96	76.66	72.51	68.44	64.40	60.39	56.57	52.83	49.39	46.05	43.43	40.85	38.35	36.43	34.59	32.78	31.80	31.39	30.98	30.64	30.33	30.14	30.00	
112.00	106.39	101.12	95.99	90.88	86.21	81.64	77.52	73.40	69.43	65.52	62.07	58.79	55.58	52.45	49.98	47.52	45.45	43.41	41.45	39.55	37.80	36.24	34.77	34.21	33.77	33.52	33.31	33.14	33.00	
116.00	109.50	103.25	97.22	91.49	86.15	81.35	76.64	72.02	67.52	63.30	59.10	55.31	51.63	48.27	45.43	42.86	40.75	38.77	37.30	36.11	35.28	34.57	33.90	33.40	33.13	33.00	
117.00	111.17	105.50	99.84	94.33	89.06	84.05	79.28	75.03	71.06	67.28	63.50	59.82	56.46	53.26	50.13	47.04	44.61	42.28	40.14	38.18	36.22	34.32	33.00	31.68	30.40	30.00	
102.00	96.28	91.14	86.04	81.17	76.90	72.73	68.73	64.93	61.58	58.33	55.39	52.65	50.12	47.92	45.87	43.86	42.15	40.59	39.19	37.82	36.57	35.33	34.17	33.09	32.30	32.13	32.00	
120.00	113.00	106.24	99.55	93.26	87.01	81.08	75.27	69.55	64.58	60.14	56.11	52.10	48.54	45.27	42.50	39.83	37.39	35.33	34.13	33.04	31.99	30.95	29.96	29.27	28.60	28.00	
104.00	98.08	92.50	87.03	82.26	77.60	73.04	68.77	65.20	61.95	58.81	55.69	52.63	49.93	47.31	44.76	42.22	39.92	38.43	37.08	35.78	34.67	34.08	33.79	33.51	33.25	33.01	33.00	
112.00	106.53	101.09	95.96	91.04	86.77	82.60	78.57	74.71	71.00	67.40	64.30	61.24	58.23	55.40	52.61	49.95	47.33	44.73	42.28	39.96	37.83	36.03	34.28	32.69	31.23	29.83	28.60	28.00	
120.00	114.05	108.29	102.68	97.10	91.52	86.14	80.91	76.04	71.39	66.78	62.42	58.26	54.30	50.48	47.22	44.12	41.29	38.48	35.97	34.21	32.71	31.41	30.15	29.27	28.53	28.00	
120.00	114.09	108.21	102.61	97.17	92.50	87.88	83.39	79.06	74.82	70.63	66.68	62.73	59.14	56.06	53.02	50.02	47.31	44.61	42.36	40.15	38.15	36.46	34.90	33.67	32.88	32.54	32.27	32.00	
101.00	94.31	88.20	82.64	77.18	71.97	66.77	61.58	56.96	53.47	50.23	47.74	45.33	43.38	41.47	39.68	38.30	36.95	35.62	34.68	33.80	33.11	32.57	32.26	32.10	32.01	32.00	
102.00	96.53	91.36	86.23	81.25	76.36	71.63	67.15	62.72	58.58	54.65	51.03	47.50	44.64	41.80	39.19	37.33	35.61	34.03	32.67	31.57	30.87	30.59	30.31	30.18	30.09	30.00	
122.00	116.09	110.25	104.42	98.60	92.95	87.51	82.49	77.64	72.83	68.24	63.87	59.56	56.19	53.06	49.95	46.93	44.10	41.70	39.66	37.95	36.37	34.82	33.42	32.24	31.06	30.26	29.49	29.00	
109.00	103.21	97.48	91.87	86.26	80.88	75.72	70.77	67.17	63.62	60.16	56.84	53.74	50.91	48.25	45.60	43.33	41.60	39.98	38.36	37.05	35.93	35.01	34.20	33.71	33.31	33.00	
101.00	95.93	90.96	86.42	81.91	77.48	73.23	69.25	65.47	62.11	58.97	55.89	53.14	50.46	47.93	45.41	43.32	41.27	39.72	38.25	36.89	35.56	34.48	33.89	33.31	32.84	32.45	32.10	32.00	
103.00	97.43	91.91	87.02	82.29	78.02	73.81	69.67	65.86	62.52	59.24	56.00	52.84	49.68	47.14	44.64	42.44	40.30	38.19	36.66	35.16	33.73	32.34	31.26	30.82	30.53	30.29	30.07	30.00	
107.00	100.93	95.06	90.11	85.53	81.00	76.51	72.04	67.65	63.59	59.54	55.93	52.83	49.90	47.09	44.56	42.28	40.41	38.62	36.89	35.34	33.92	33.24	32.58	32.00	31.51	31.21	31.09	31.00	
106.00	100.16	94.56	89.18	83.99	78.85	73.83	69.01	64.67	60.76	57.18	53.68	50.31	47.68	45.17	42.70	40.53	38.51	36.57	34.65	33.39	32.13	30.94	30.24	29.62	29.12	29.00	
120.00	112.67	105.35	98.54	91.73	86.04	80.75	75.52	71.19	66.92	62.82	58.73	55.06	51.45	47.98	45.12	42.62	40.17	38.44	36.70	35.36	34.15	33.20	32.51	31.90	31.31	31.07	31.02	31.00	
107.00	100.25	94.21	88.52	82.99	78.21	73.44	69.08	65.63	62.27	58.97	55.75	52.62	50.09	47.57	45.21	43.00	40.97	39.02	37.16	35.50	33.89	32.43	31.00	29.76	28.92	28.26	28.11	28.00	
106.00	100.75	95.75	90.80	86.39	82.13	78.14	74.40	70.92	67.58	64.30	61.05	57.83	54.86	52.32	49.86	47.54	45.23	43.01	40.82	38.81	37.38	35.95	34.61	33.39	32.37	31.52	31.00	
123.00	113.85	105.52	98.06	90.62	83.28	76.31	70.93	65.58	60.98	56.57	52.30	48.15	45.02	42.35	40.01	38.17	36.33	34.65	33.04	31.84	31.13	30.54	30.04	29.65	29.30	29.09	29.00	
115.00	108.38	102.12	95.91	90.33	84.85	79.66	74.47	69.97	65.90	61.96	58.15	54.54	51.06	47.67	44.69	42.15	39.62	37.46	35.74	34.07	32.44	30.93	29.84	29.18	29.07	29.00	
119.00	112.12	105.80	99.60	93.77	88.00	82.35	76.82	71.65	66.63	62.41	58.31	54.25	51.10	48.03	45.06	42.24	39.48	37.19	35.72	34.61	33.55	32.61	31.83	31.09	30.62	30.18	30.01	30.00	
116.00	107.36	100.43	94.69	89.25	83.90	78.84	73.96	69.15	65.13	61.42	57.93	54.52	51.25	48.00	45.05	42.09	39.35	36.97	35.53	34.23	33.00	31.93	30.97	30.43	30.08	30.00	
118.00	111.45	105.78	100.11	94.53	89.23	84.04	78.96	73.89	69.06	64.37	59.86	55.65	51.46	48.28	45.90	43.98	42.13	40.62	39.14	38.14	37.14	36.19	35.36	34.56	33.95	33.59	33.28	33.05	33.00	
123.00	115.19	107.51	100.41	93.53	86.75	80.12	74.45	69.50	64.78	60.20	56.55	53.27	50.08	46.94	44.03	41.53	39.37	37.21	35.10	33.54	32.19	31.39	30.60	29.84	29.17	29.00	
123.00	116.44	109.91	103.68	97.88	92.16	86.51	81.09	75.74	70.46	65.76	61.15	57.18	53.80	50.49	47.63	45.24	42.86	40.73	38.96	37.21	35.79	34.41	33.25	32.14	31.06	30.06	29.08	28.45	28.00	
114.00	108.12	102.25	96.40	90.64	85.24	79.95	75.61	71.39	67.67	64.19	60.92	58.16	55.40	52.72	50.05	47.42	44.93	42.49	40.82	39.49	38.19	36.92	35.73	34.71	33.69	32.98	32.37	32.16	32.00	
113.00	108.06	103.19	98.54	93.99	89.56	85.15	80.89	76.63	72.49	68.55	64.66	60.94	57.33	53.97	50.71	47.54	44.61	41.94	39.36	37.16	35.00	33.03	31.15	30.22	29.36	28.82	28.41	28.00	
104.00	97.88	92.44	87.32	82.21	78.16	74.19	70.24	66.54	63.17	60.01	56.91	53.96	51.13	48.42	45.73	43.14	40.76	38.51	36.86	35.34	33.85	32.39	31.00	29.64	28.34	28.00	
110.00	104.96	99.97	95.08	90.21	85.60	81.05	76.58	72.35	68.25	64.38	60.51	56.98	53.95	51.58	49.22	47.29	45.42	43.68	41.99	40.45	39.05	37.73	36.54	35.37	34.52	33.92	33.45	33.09	33.00	
116.00	108.28	100.87	94.02	88.17	82.60	77.81	73.08	68.43	64.02	59.72	55.86	52.14	48.93	46.41	44.16	42.66	41.23	39.79	38.48	37.20	36.21	35.22	34.33	33.52	32.81	32.28	32.00	
106.00	100.94	96.01	91.23	86.64	82.06	77.81	73.59	69.66	65.86	62.08	58.30	54.59	51.31	48.27	45.86	43.46	41.71	40.07	38.45	37.04	35.68	34.59	33.50	32.66	32.01	31.54	31.11	31.00	
121.00	115.36	109.84	104.33	98.84	93.51	88.36	83.21	78.28	73.42	68.66	63.96	59.29	54.87	51.38	47.95	44.86	42.30	40.52	38.96	37.69	36.58	35.49	34.57	33.67	32.83	32.40	32.12	32.00	
109.00	102.73	96.95	91.33	86.14	81.02	76.17	71.51	66.93	62.60	58.43	55.21	52.37	49.67	46.98	44.45	42.20	39.99	37.79	35.69	34.47	33.33	32.21	31.15	30.53	30.15	30.00	
102.00	95.75	89.77	83.87	78.47	73.30	68.35	63.47	59.13	54.98	50.92	48.11	45.71	43.39	41.16	39.19	37.25	35.46	33.85	32.73	31.79	30.86	30.11	29.41	28.86	28.33	28.00	
105.00	99.24	93.83	88.70	83.88	79.09	75.26	71.63	68.45	65.30	62.26	59.39	56.58	53.82	51.18	48.93	46.88	44.94	43.06	41.24	39.74	38.30	36.92	35.61	34.50	33.76	33.04	32.33	32.00	
120.00	113.91	108.21	102.60	97.25	92.59	88.20	83.82	79.53	75.46	71.52	67.59	63.68	60.05	56.46	53.15	50.28	47.42	44.58	41.99	39.76	37.69	35.73	34.52	33.34	32.51	31.74	31.34	31.00	
111.00	106.18	101.36	96.61	92.29	87.99	83.74	79.52	75.32	71.12	66.94	62.90	58.91	55.28	51.74	48.20	45.08	41.99	39.82	38.15	36.74	35.50	34.54	33.76	33.01	32.37	31.75	31.18	31.00	
101.00	96.24	91.55	87.19	82.87	78.71	74.57	70.72	67.17	63.78	60.56	57.44	54.66	51.89	49.14	46.41	43.72	41.05	39.02	37.15	35.66	34.24	33.16	32.12	31.13	30.17	29.28	28.46	28.00	
101.00	95.97	91.06	86.26	81.59	77.01	72.77	68.69	64.69	61.02	57.67	54.48	51.41	48.37	45.66	43.02	40.53	38.48	36.51	34.70	33.27	32.18	31.27	30.47	29.85	29.32	29.01	29.00	
120.00	113.64	107.34	101.26	95.71	90.33	85.20	80.35	76.04	71.85	67.93	64.07	60.39	56.73	53.37	50.19	47.30	44.42	42.29	40.44	38.62	36.98	35.35	34.32	33.38	32.50	31.64	30.83	30.40	30.00	
117.00	111.15	105.59	100.10	94.66	89.22	84.22	79.30	74.49	69.80	65.21	61.04	57.19	53.80	50.50	47.33	44.42	41.56	38.92	36.72	35.09	33.50	32.69	31.92	31.32	30.82	30.50	30.22	30.08	30.00	
101.00	94.85	88.80	83.27	77.83	72.44	67.65	63.17	58.85	54.95	51.95	49.21	46.56	44.54	42.54	40.78	39.14	37.68	36.57	35.54	34.52	33.60	32.78	32.36	32.21	32.10	32.00	
122.00	114.58	107.20	100.63	94.55	88.51	82.97	77.62	72.40	67.78	63.75	60.04	56.56	53.25	50.24	47.55	45.06	42.74	40.93	39.66	38.41	37.23	36.07	35.02	34.02	33.10	32.69	32.34	32.00	
114.00	108.54	103.22	98.19	93.42	88.66	84.09	79.56	75.43	71.41	67.54	63.68	60.19	57.12	54.26	51.44	48.69	45.94	43.29	40.73	38.21	35.77	34.19	32.74	32.24	32.08	32.00	
120.00	114.25	108.71	103.21	97.89	92.64	87.40	82.32	77.38	72.64	68.38	64.89	61.51	58.25	55.06	52.18	49.40	46.76	44.35	42.08	40.04	38.27	36.79	35.59	34.60	33.85	33.47	33.21	33.02	33.00	
107.00	101.71	96.42	91.57	86.83	82.42	78.16	74.17	70.63	67.26	63.94	60.67	57.57	54.75	52.23	49.75	47.87	46.01	44.18	42.54	40.95	39.49	38.28	37.06	35.91	34.81	34.13	33.67	33.33	33.00	
107.00	100.33	94.63	89.03	84.44	79.99	76.14	72.57	69.06	65.79	62.55	59.46	56.41	53.39	50.47	48.27	46.23	44.31	42.48	40.71	39.00	37.30	35.83	34.40	33.01	31.95	31.00	
113.00	107.58	102.17	96.93	92.01	87.12	82.35	77.60	73.02	68.63	64.66	60.75	56.83	53.04	49.44	45.97	43.17	40.81	38.95	37.28	35.71	34.15	32.76	31.63	30.77	30.13	29.56	29.00	
113.00	107.45	101.96	96.54	91.17	85.97	81.25	76.61	72.09	68.00	63.92	60.26	56.81	53.51	50.26	47.23	44.77	42.38	40.02	37.81	36.69	35.58	34.60	33.65	32.72	31.82	31.01	30.36	30.00	
102.00	97.40	93.16	89.07	85.14	81.39	77.71	74.08	70.49	67.01	63.57	60.14	56.78	53.58	50.55	47.66	45.25	42.88	40.53	38.31	36.40	34.64	32.88	31.43	30.44	29.92	29.59	29.27	29.00	
114.00	106.23	98.52	91.12	83.75	77.60	71.68	66.67	62.58	58.55	55.07	51.59	48.11	44.69	41.50	39.30	37.38	36.06	34.80	33.82	32.96	32.46	32.02	31.61	31.31	31.11	31.00	
101.00	96.05	91.17	86.73	82.39	78.12	73.86	70.03	66.29	62.78	59.59	56.55	53.61	50.71	47.93	45.34	42.91	40.82	38.75	36.96	35.26	33.57	32.03	30.85	29.83	28.83	28.20	28.08	28.03	28.00	
113.00	107.34	101.85	96.49	91.30	86.41	81.70	77.23	73.11	69.27	65.52	61.78	58.18	54.90	51.67	48.70	46.08	43.51	41.17	39.33	37.86	36.55	35.37	34.48	33.65	32.86	32.08	31.51	31.00	
122.00	115.07	108.57	102.19	96.53	91.42	86.79	82.29	77.83	73.57	69.62	65.80	62.00	58.40	54.91	51.78	48.69	45.72	42.77	40.09	37.69	35.59	34.20	32.92	32.30	31.91	31.57	31.34	31.15	31.00	
118.00	112.77	107.87	103.04	98.44	93.85	89.33	84.94	80.75	76.72	72.72	69.00	65.34	61.83	58.66	55.60	52.76	49.94	47.20	45.11	43.23	41.52	39.99	38.47	37.08	35.84	34.65	33.55	33.00	
122.00	116.85	111.85	106.84	101.91	97.22	92.54	87.94	83.40	79.14	74.97	70.99	67.20	63.51	59.88	56.25	52.79	49.54	46.78	44.11	41.51	39.31	37.37	36.09	34.98	33.90	32.81	32.28	32.00	
102.00	96.36	90.76	85.72	80.70	75.93	71.32	67.13	63.31	59.55	55.97	52.41	49.55	46.77	44.04	42.15	40.30	38.50	36.76	35.09	33.52	32.00	31.04	30.33	29.79	29.30	28.85	28.43	28.05	28.00	
109.00	102.35	95.83	89.67	84.21	78.94	73.91	70.03	66.34	62.83	59.33	55.94	52.67	49.66	46.91	44.24	41.63	39.38	37.63	35.94	34.55	33.19	32.20	31.24	30.32	29.59	29.00	28.48	28.00	
119.00	112.45	106.03	100.83	95.74	90.71	85.78	80.99	77.09	73.27	69.49	65.89	62.31	58.78	55.43	52.43	49.46	47.05	45.22	43.40	41.64	39.96	38.44	36.97	35.52	34.11	33.16	33.00	
106.00	101.02	96.11	91.39	86.74	82.15	77.73	73.77	69.99	66.46	63.07	59.95	56.85	53.79	51.20	48.67	46.14	43.62	41.39	39.24	37.24	35.45	33.70	32.65	32.09	31.61	31.27	31.00	
119.00	113.08	107.19	101.87	96.61	91.66	86.84	82.21	77.59	73.11	68.92	64.81	60.91	57.49	54.20	51.30	48.54	45.87	43.25	41.12	39.01	37.02	35.29	33.84	32.45	31.08	30.39	30.00	
105.00	100.90	96.95	93.05	89.20	85.56	82.05	78.64	75.42	72.27	69.15	66.19	63.32	60.48	57.77	55.06	52.68	50.33	48.07	45.84	43.65	41.50	39.49	37.96	36.67	35.39	34.28	33.31	33.14	33.00	
108.00	102.98	98.04	93.15	88.27	83.87	80.17	76.49	72.97	69.59	66.24	62.99	59.75	56.53	53.46	50.45	47.53	45.02	42.76	40.80	38.88	37.45	36.31	35.39	34.48	33.64	32.83	32.04	31.32	31.00	
102.00	95.68	90.05	84.65	79.32	74.49	70.20	65.94	61.78	58.47	55.26	52.07	49.51	47.06	44.76	42.47	40.36	38.34	36.40	34.88	33.45	32.26	31.23	30.21	29.46	28.93	28.42	28.17	28.00	
119.00	113.00	107.09	101.62	96.32	91.28	86.33	81.71	77.19	72.85	68.59	64.43	60.38	56.88	53.67	50.76	47.96	45.43	43.16	40.96	38.93	37.12	35.41	33.85	32.92	32.12	31.42	31.00	
101.00	95.78	91.00	86.35	81.72	77.17	72.75	68.55	64.72	61.00	57.48	54.21	51.06	48.12	45.61	43.56	41.75	39.98	38.33	36.83	35.85	35.07	34.40	33.93	33.62	33.36	33.15	33.00	
118.00	111.77	105.60	99.58	93.96	88.39	82.87	77.74	73.53	69.38	65.27	61.69	58.23	54.79	51.41	48.13	45.06	42.67	40.56	38.56	36.59	35.82	35.17	34.54	33.90	33.46	33.15	33.00	
105.00	100.00	95.04	90.46	85.95	81.91	78.17	74.88	71.64	68.41	65.42	62.50	59.72	56.98	54.36	51.79	49.27	46.75	44.46	42.27	40.68	39.28	37.96	36.73	35.64	34.67	33.76	33.39	33.13	33.00	
116.00	108.36	101.12	94.49	88.62	83.12	77.98	73.14	68.56	64.29	60.31	56.50	52.76	49.21	46.12	43.36	40.93	38.52	36.86	35.38	34.11	33.32	32.59	32.03	31.54	31.07	31.01	31.00	
103.00	97.76	92.64	87.59	82.63	78.12	73.98	70.03	66.34	62.76	59.43	56.54	53.68	50.93	48.36	45.94	43.62	41.47	39.61	38.24	36.89	35.56	34.33	33.50	32.73	31.97	31.53	31.28	31.06	31.00	
121.00	114.13	107.43	101.38	95.57	89.99	84.48	80.10	75.79	71.60	67.70	63.87	60.26	56.84	53.43	50.32	47.35	44.78	42.39	40.11	38.15	36.28	34.44	32.63	31.12	30.19	29.77	29.35	29.08	29.00	
105.00	99.72	94.54	89.52	84.73	80.05	75.56	71.16	66.97	63.60	60.33	57.29	54.26	51.23	48.41	45.92	43.77	41.63	39.50	37.88	36.27	34.68	33.22	32.12	31.02	30.47	30.04	30.00	
106.00	99.43	93.26	87.49	82.14	77.27	72.43	67.73	63.43	59.15	55.50	51.90	48.84	46.40	44.32	42.40	40.64	38.99	37.37	35.86	34.62	33.49	32.39	31.31	30.35	29.52	28.71	28.00	
106.00	100.90	95.97	91.16	86.43	81.77	77.17	72.62	68.26	64.38	60.65	57.05	53.92	50.91	48.57	46.41	44.36	42.44	40.62	38.87	37.16	35.54	34.25	33.00	31.99	31.07	31.00	
110.00	105.02	100.44	95.94	91.49	87.13	82.78	78.59	74.51	70.56	66.68	63.06	59.52	56.39	53.38	50.38	47.74	45.14	42.64	40.27	38.30	36.39	34.58	32.89	31.26	30.27	29.81	29.38	29.04	29.00	
121.00	114.87	109.08	103.58	98.24	93.01	88.07	83.38	78.86	74.45	70.18	66.29	62.56	58.90	55.26	51.83	48.46	45.72	43.05	40.55	38.13	36.53	35.00	33.73	32.60	31.54	31.26	31.10	31.01	31.00	
109.00	103.70	98.43	93.32	88.22	83.14	78.34	73.55	68.84	64.36	60.06	56.07	52.46	50.05	47.65	45.32	43.10	41.03	39.01	37.21	35.93	34.67	33.42	32.35	31.70	31.22	31.00	
115.00	108.80	103.35	97.98	93.05	88.52	84.43	80.46	76.74	73.24	70.00	66.85	63.73	60.72	57.75	54.84	52.00	49.22	46.52	44.37	42.24	40.30	38.76	37.29	36.15	35.03	34.15	33.26	33.00	
105.00	99.91	94.91	90.02	85.17	80.48	75.79	71.44	67.11	62.80	58.50	54.59	51.11	47.84	45.50	43.43	41.36	39.33	37.63	36.36	35.24	34.24	33.26	32.39	31.56	30.78	30.17	29.57	29.12	29.00	
106.00	101.21	96.59	92.05	87.54	83.38	79.32	75.32	71.41	67.54	63.71	60.02	56.73	53.61	50.62	48.11	45.60	43.11	40.89	38.70	37.18	35.73	34.29	33.46	32.70	31.99	31.30	30.71	30.29	30.00	
103.00	97.78	92.81	88.30	83.87	79.53	75.41	71.33	67.33	63.48	59.67	56.68	53.74	51.20	48.71	46.25	43.83	41.59	39.46	37.43	35.88	34.43	33.04	31.82	31.15	30.49	29.96	29.48	29.00	
121.00	114.79	108.68	103.10	97.53	92.33	87.36	82.52	77.72	73.21	68.82	64.71	60.77	56.85	53.16	50.07	47.07	44.15	41.48	38.88	36.65	34.55	32.64	31.37	30.51	29.66	28.97	28.51	28.11	28.00	
101.00	96.31	91.86	87.62	83.53	79.45	75.40	71.50	67.69	64.29	60.97	57.79	54.64	51.59	48.71	45.93	43.35	41.26	39.35	37.57	36.56	35.64	34.80	34.22	33.91	33.62	33.41	33.22	33.06	33.00	
120.00	111.36	103.90	98.13	92.45	87.37	82.33	77.36	72.47	67.80	63.52	59.45	55.41	51.81	48.41	45.18	43.09	41.08	39.09	37.23	35.36	33.82	32.57	31.37	30.41	29.67	29.01	29.00	
111.00	103.37	95.94	89.21	83.58	78.26	73.45	69.50	65.66	61.94	58.29	55.03	52.18	49.42	46.92	44.94	43.06	41.35	39.73	38.20	36.75	35.39	34.16	32.97	31.96	31.58	31.22	31.06	31.00	
119.00	111.50	105.22	99.40	93.66	87.92	82.40	77.15	72.18	68.10	64.05	60.03	56.40	53.43	50.66	47.96	45.39	43.09	40.80	38.73	37.13	36.06	34.99	34.32	33.85	33.42	33.19	33.00	
121.00	114.25	107.66	101.11	94.89	88.87	83.06	77.41	72.18	67.71	63.25	59.05	54.87	50.98	47.09	44.28	41.95	39.64	38.11	36.76	35.58	34.48	33.70	33.05	32.48	31.94	31.46	31.10	31.02	31.00	
116.00	111.20	106.43	101.70	97.02	92.39	87.96	83.66	79.39	75.19	71.00	66.92	63.23	59.74	56.27	52.95	49.69	46.57	43.73	41.28	39.13	37.03	34.99	33.81	32.72	32.13	31.56	31.31	31.08	31.00	
107.00	101.53	96.38	91.22	86.42	81.81	77.40	73.73	70.10	66.86	63.74	60.66	57.74	54.95	52.27	49.75	47.40	45.21	43.10	41.13	39.23	37.48	35.75	34.10	32.46	30.95	30.00	
118.00	111.43	104.86	98.68	92.53	86.62	80.95	75.56	71.02	67.65	64.38	61.30	58.26	55.23	52.32	49.49	47.01	44.58	42.26	40.00	37.78	35.81	34.47	33.26	32.71	32.25	32.00	
121.00	115.36	109.88	104.42	99.04	93.70	88.42	83.44	78.72	74.07	69.61	65.16	61.40	57.79	54.58	51.39	48.25	45.25	42.71	40.23	37.97	35.87	33.90	32.09	30.53	29.24	29.00	
102.00	96.71	91.46	86.23	81.25	76.57	72.14	68.12	64.14	60.26	56.72	53.33	50.14	47.48	45.14	42.95	40.88	38.83	36.83	34.99	33.37	31.87	30.91	30.18	29.64	29.33	29.13	29.00	
106.00	101.45	96.95	92.66	88.47	84.40	80.46	76.64	72.87	69.10	65.49	61.94	58.72	55.92	53.22	50.68	48.23	45.87	43.57	41.47	39.71	37.99	36.30	34.69	33.35	32.27	31.53	31.01	31.00	
105.00	99.87	94.87	89.91	85.02	80.62	76.33	72.24	68.16	64.18	60.36	56.62	53.27	50.01	47.02	44.53	42.43	40.44	38.86	37.59	36.56	35.73	34.92	34.14	33.41	33.09	33.00	
112.00	106.77	101.57	96.45	91.93	87.43	82.97	78.77	74.62	70.48	66.59	62.76	59.16	55.61	52.48	49.35	46.28	43.40	40.60	38.41	36.76	35.13	33.92	32.95	32.12	31.32	30.65	30.23	30.00	
110.00	102.87	96.31	90.03	83.89	77.79	72.20	67.90	63.61	59.38	55.80	52.31	48.81	45.48	42.46	39.85	38.15	36.47	34.80	33.18	31.69	30.47	29.46	28.97	28.48	28.19	28.00	
114.00	106.88	99.92	93.74	88.15	83.03	77.90	73.39	68.94	65.30	61.87	58.58	55.30	52.17	49.12	46.15	43.83	41.55	39.39	37.35	35.85	34.39	33.32	32.36	31.40	30.56	30.09	30.02	30.00	
111.00	104.66	98.37	92.85	87.66	82.59	77.61	72.97	69.14	65.40	61.76	58.27	54.91	51.63	48.37	45.13	42.00	39.18	37.16	35.48	33.89	32.30	31.24	30.42	29.73	29.31	29.00	
107.00	99.75	92.92	86.40	80.07	74.64	70.02	65.59	61.62	57.81	54.50	51.31	48.80	46.33	43.96	41.67	39.44	37.25	35.22	33.70	32.35	31.25	30.32	29.40	28.57	28.18	28.00	
112.00	105.43	99.32	93.24	87.23	81.57	76.01	70.84	65.83	61.01	56.66	52.55	48.53	45.28	42.91	40.88	38.93	37.46	36.29	35.16	34.27	33.46	32.84	32.36	32.22	32.14	32.06	32.00	
114.00	108.86	103.97	99.31	94.74	90.16	85.65	81.21	76.91	72.63	68.48	64.64	60.88	57.22	53.58	50.01	46.45	43.62	40.87	38.21	36.02	33.83	33.01	32.38	31.75	31.29	31.00	
101.00	96.41	91.84	87.35	82.95	78.57	74.35	70.15	66.03	62.57	59.21	56.15	53.23	50.52	47.86	45.20	42.68	40.36	38.18	36.21	34.64	33.39	32.21	31.24	30.39	30.05	30.00	
108.00	102.96	98.02	93.51	89.09	84.70	80.40	76.36	72.46	68.75	65.04	61.71	58.43	55.23	52.20	49.45	46.79	44.26	42.10	40.39	38.99	37.65	36.32	35.03	33.95	33.04	32.18	31.59	31.00	
108.00	101.98	96.26	91.21	86.20	81.21	76.23	71.38	67.04	62.87	58.88	55.18	51.76	48.73	45.72	43.27	41.20	39.33	37.53	35.73	34.33	33.34	32.57	31.81	31.12	30.65	30.30	30.15	30.00	
118.00	110.65	103.38	96.14	89.40	83.46	77.99	72.83	67.79	63.01	58.83	54.83	50.90	47.55	44.54	41.95	40.06	38.33	36.92	35.64	34.43	33.33	32.49	31.83	31.50	31.19	31.00	
118.00	110.59	103.33	96.81	90.72	84.82	80.64	76.58	72.54	68.55	64.67	61.28	58.16	55.35	52.59	49.86	47.29	44.78	42.28	40.15	38.45	36.82	35.21	33.68	32.29	30.97	30.48	30.00	
123.00	113.29	103.83	95.21	87.50	80.26	74.16	68.38	62.64	57.92	53.71	49.53	46.10	42.94	40.64	38.46	36.47	34.65	32.96	31.39	30.32	29.56	29.02	28.54	28.13	28.06	28.00	
109.00	103.14	97.33	91.80	86.72	81.70	76.95	72.58	68.36	64.35	60.79	57.29	54.23	51.19	48.53	45.88	43.46	41.33	39.21	37.38	35.65	33.95	32.44	31.36	30.33	29.56	28.95	28.48	28.04	28.00	
119.00	112.61	106.38	100.38	94.48	89.60	85.20	80.83	76.56	72.29	68.17	64.13	60.50	56.93	53.60	50.30	47.28	44.42	41.85	39.47	37.21	35.26	33.36	32.09	31.00	30.13	29.58	29.31	29.12	29.00	
117.00	110.12	103.52	98.36	93.24	88.17	83.17	78.20	73.42	68.96	64.92	61.65	58.43	55.40	52.62	49.86	47.33	44.98	42.80	40.73	38.99	37.38	35.96	35.07	34.44	33.90	33.53	33.25	33.00	
109.00	103.20	97.69	92.33	87.08	82.00	77.02	72.48	68.02	63.56	59.48	55.78	52.48	50.03	47.62	45.38	43.17	40.99	38.87	37.20	35.68	34.89	34.12	33.44	32.98	32.65	32.34	32.15	32.00	
117.00	110.61	104.49	98.49	92.59	86.93	81.28	75.97	70.70	65.53	61.07	57.16	53.35	50.03	47.22	45.05	43.02	41.21	39.45	37.92	36.53	35.20	33.93	32.72	31.61	30.97	30.47	30.03	30.00	
123.00	115.39	108.07	101.78	95.62	89.59	83.92	78.58	74.10	69.76	65.45	61.17	57.19	53.24	50.22	47.35	44.74	42.67	40.64	38.64	36.73	34.99	33.57	32.42	31.51	30.78	30.10	29.61	29.28	29.00	
123.00	116.95	110.91	104.94	99.13	93.44	87.79	82.42	77.31	72.30	67.28	62.98	58.84	54.80	51.51	48.62	45.93	43.44	40.96	38.94	37.29	36.11	34.94	34.14	33.51	32.87	32.46	32.23	32.01	32.00	
118.00	111.27	104.83	98.73	92.75	86.95	81.25	75.88	70.71	66.43	62.40	58.86	55.43	52.09	48.87	45.85	43.10	40.44	37.96	35.74	34.05	32.63	31.36	30.34	29.63	28.96	28.47	28.07	28.02	28.00	
118.00	111.79	105.80	99.86	94.08	88.47	82.87	77.35	72.77	68.31	64.14	60.40	56.81	53.31	49.99	46.74	43.62	40.72	38.01	35.86	34.10	32.61	31.20	30.15	29.45	28.97	28.57	28.23	28.00	
109.00	103.58	98.17	93.21	88.33	83.49	78.83	74.25	69.80	65.41	61.34	57.41	53.57	49.76	46.21	43.62	41.08	38.69	36.58	34.52	32.77	31.29	29.97	28.81	28.22	28.05	28.00	
110.00	105.05	100.15	95.27	90.40	85.62	81.46	77.44	73.63	69.90	66.28	62.71	59.47	56.29	53.27	50.41	47.63	44.86	42.09	39.47	37.15	35.01	33.30	31.65	30.42	29.68	28.99	28.37	28.00	
112.00	106.52	101.22	96.09	90.99	86.81	82.71	78.65	74.68	70.75	66.90	63.16	60.03	57.18	54.37	51.55	48.79	46.26	44.27	42.38	40.52	38.81	37.18	35.74	34.84	34.03	33.25	32.72	32.31	32.00	
107.00	102.20	97.47	92.78	88.15	83.52	79.34	75.19	71.20	68.18	65.26	62.42	59.65	56.93	54.29	51.72	49.39	47.14	44.99	43.09	41.63	40.22	38.82	37.45	36.31	35.22	34.13	33.68	33.33	33.00	
101.00	95.76	90.56	85.38	80.77	76.20	71.77	67.50	63.37	59.38	55.43	51.64	48.63	46.16	44.04	42.46	40.97	39.50	38.06	36.65	35.25	34.25	33.27	32.30	31.35	30.45	29.57	29.29	29.13	29.00	
102.00	97.77	93.60	89.49	85.44	81.46	77.52	73.80	70.15	66.54	63.01	59.50	56.37	53.40	50.58	48.00	45.98	44.12	42.30	40.54	38.96	37.47	36.20	35.08	34.03	32.99	31.98	31.10	31.02	31.00	
122.00	115.74	109.61	103.56	97.55	91.66	85.78	80.01	74.43	69.95	65.91	61.91	57.95	54.11	50.47	47.10	44.16	41.22	38.83	36.69	35.51	34.49	33.61	33.28	33.09	33.03	33.00	
117.00	110.74	104.51	98.39	92.74	87.38	82.28	77.38	72.51	67.73	63.57	59.48	55.65	52.31	49.38	46.54	43.82	41.41	39.25	37.11	35.17	33.30	31.84	31.06	30.38	29.72	29.39	29.21	29.07	29.00	
118.00	111.47	104.96	98.47	92.06	86.14	80.91	75.80	70.76	65.86	61.52	57.81	54.22	51.11	48.21	45.33	42.56	39.82	37.84	36.01	34.34	32.99	31.75	30.61	29.87	29.23	28.59	28.05	28.00	
123.00	116.03	109.08	103.11	97.29	91.81	86.60	81.54	76.51	72.04	67.98	64.22	60.81	57.47	54.19	50.97	47.83	45.03	42.51	40.51	38.54	36.95	35.38	34.09	32.83	31.59	30.77	29.98	29.20	29.00	
110.00	104.09	98.35	92.63	86.98	81.67	76.39	71.45	66.53	62.50	58.55	54.89	51.56	48.25	45.19	43.18	41.19	39.31	37.74	36.23	34.89	33.63	32.73	31.88	31.28	30.73	30.35	30.08	30.00	
113.00	106.72	101.46	96.24	91.16	86.21	81.29	76.43	71.61	66.91	62.83	58.85	55.27	51.79	48.55	45.91	43.29	41.03	38.97	37.05	35.27	33.80	32.34	31.27	30.22	30.09	30.00	
102.00	94.89	88.29	82.32	77.09	72.86	68.90	64.95	61.19	57.50	54.76	52.01	49.33	46.91	45.03	43.24	41.47	39.71	38.10	36.63	35.38	34.22	33.15	32.33	31.70	31.16	31.00	
120.00	114.21	108.47	103.00	97.61	92.59	87.62	82.77	77.93	73.40	69.06	64.94	61.01	57.87	54.77	51.79	48.89	46.33	43.82	41.38	38.98	37.30	35.85	34.64	33.89	33.35	33.00	
101.00	96.65	92.35	88.23	84.29	80.36	76.52	72.82	69.24	65.83	62.49	59.31	56.23	53.44	50.71	48.26	45.85	43.68	41.59	39.70	37.90	36.64	35.41	34.31	33.38	32.69	32.14	32.00	
120.00	113.35	106.80	100.43	94.08	88.00	81.92	76.89	72.56	68.54	64.73	60.98	57.64	54.35	51.33	48.47	45.77	43.49	41.22	39.17	37.31	35.59	34.53	33.76	33.11	32.58	32.24	32.00	
115.00	108.21	101.82	95.61	89.90	84.23	78.66	73.57	68.65	64.32	60.63	57.07	53.53	50.21	47.59	45.38	43.39	41.63	40.15	38.67	37.40	36.17	35.09	34.06	33.27	32.62	32.00	
107.00	101.71	96.67	91.68	86.83	82.02	77.25	72.91	68.62	64.44	60.34	56.92	53.56	50.28	47.31	44.52	42.26	39.99	37.93	36.24	34.71	33.35	32.10	31.00	30.02	29.37	29.00	
120.00	113.58	107.44	101.32	95.26	89.53	84.05	78.91	74.07	69.56	65.23	60.93	56.85	52.98	49.19	45.79	42.59	40.24	38.24	36.59	35.13	33.75	32.80	31.93	31.61	31.32	31.11	31.03	31.00	
118.00	110.54	103.40	96.38	89.49	83.27	77.62	72.06	67.49	63.06	58.91	55.37	52.42	49.91	47.46	45.00	42.60	40.51	38.61	36.90	35.37	34.23	33.44	32.80	32.41	32.03	32.00	
109.00	103.04	98.05	93.14	88.32	83.53	78.81	74.27	70.28	66.51	63.02	59.75	56.76	53.87	51.22	48.60	46.09	43.73	41.66	39.61	38.05	36.58	35.36	34.57	33.81	33.13	32.50	32.10	32.00	
109.00	104.27	99.64	95.19	90.77	86.36	82.08	77.90	73.82	70.09	66.51	63.15	59.81	56.91	54.47	52.04	49.67	47.36	45.42	43.53	41.70	40.04	38.83	37.62	36.47	35.50	34.69	33.88	33.37	33.00	
117.00	110.73	104.62	98.67	93.01	88.04	83.68	79.36	75.14	71.00	67.03	63.13	59.37	55.85	52.58	49.39	47.06	44.94	43.22	41.50	39.79	38.25	36.92	36.08	35.28	34.59	33.94	33.45	33.09	33.00	
116.00	111.46	106.99	102.58	98.23	93.91	89.71	85.61	81.55	77.52	73.50	69.82	66.13	62.55	59.09	55.77	52.82	49.91	47.30	45.02	42.74	40.57	38.42	36.28	34.44	33.13	32.59	32.05	32.00	
105.00	99.93	94.95	90.04	85.15	80.41	75.73	71.17	67.14	63.12	59.42	56.08	52.84	49.62	46.79	44.27	42.48	40.74	39.07	37.44	35.82	34.61	33.57	32.80	32.09	31.43	31.00	
103.00	97.51	92.09	86.82	81.98	77.41	73.10	69.13	65.32	61.50	57.87	54.27	50.81	47.42	44.11	41.47	39.28	37.83	36.47	35.23	34.39	33.73	33.11	32.56	32.10	31.65	31.28	31.00	
113.00	106.07	99.20	92.65	86.88	81.16	75.48	70.21	65.00	60.33	55.90	52.72	49.57	46.68	44.00	41.35	38.81	36.77	35.03	33.49	32.14	30.86	29.80	28.97	28.43	28.05	28.00	
110.00	104.37	99.37	94.39	89.46	84.78	80.12	75.74	71.57	67.41	63.26	59.47	55.83	52.57	49.86	47.34	44.86	42.92	41.15	39.50	37.91	36.37	35.11	33.96	32.84	31.99	31.49	31.17	31.05	31.00	
101.00	96.64	92.32	88.04	83.77	79.60	75.60	71.69	67.86	64.31	60.89	57.56	54.54	51.55	48.84	46.24	43.71	41.36	39.41	37.57	36.29	35.02	33.79	32.86	31.96	31.21	30.67	30.17	30.00	
116.00	109.71	103.54	97.41	91.72	86.83	82.06	77.32	72.59	68.17	63.82	59.50	55.28	51.24	47.37	44.12	41.10	38.59	36.33	34.23	32.98	32.01	31.19	30.56	30.03	29.64	29.32	29.14	29.00	
109.00	102.69	96.72	91.10	85.54	80.06	75.87	71.86	67.87	64.04	60.60	57.24	54.36	51.50	49.03	46.57	44.30	42.05	40.22	38.41	36.72	35.72	34.90	34.07	33.27	32.61	31.98	31.57	31.26	31.00	
105.00	100.16	95.49	90.82	86.24	81.71	77.53	73.73	70.03	66.39	62.89	59.79	56.80	53.83	50.97	48.74	46.66	44.61	42.57	40.61	38.86	37.33	35.99	35.28	34.60	33.92	33.55	33.24	33.04	33.00	
109.00	104.13	99.36	94.74	90.15	85.98	81.81	77.81	73.84	69.93	66.06	62.18	59.33	56.62	53.95	51.45	49.08	46.72	44.66	42.68	40.72	38.88	37.16	35.60	34.23	33.05	32.15	31.58	31.05	31.00	
104.00	98.52	93.14	87.82	82.93	78.47	74.03	69.84	66.02	62.24	59.53	56.85	54.27	51.72	49.20	46.84	44.60	42.37	40.28	38.27	36.41	34.60	33.06	31.75	30.59	29.90	29.45	29.22	29.02	29.00	
117.00	111.18	105.60	100.22	95.07	89.97	84.94	79.99	75.12	70.42	65.94	61.70	57.90	54.58	51.33	48.16	45.18	42.38	39.96	38.02	36.10	34.20	32.63	31.26	30.46	29.80	29.42	29.14	29.00	
109.00	103.18	97.66	92.30	87.36	82.43	77.56	72.99	68.59	64.44	60.43	56.50	52.63	49.48	46.54	43.92	41.48	39.62	38.34	37.07	36.20	35.53	34.91	34.29	33.81	33.37	33.14	33.00	
122.00	115.51	109.11	102.94	97.57	92.32	87.27	82.36	78.17	74.11	70.11	66.14	62.18	58.28	54.46	50.83	47.33	44.16	41.58	39.08	36.98	35.59	34.24	32.93	31.63	30.39	29.37	28.68	28.00	
112.00	106.49	100.99	95.52	90.85	86.25	81.75	77.26	72.83	68.41	64.41	60.72	57.16	53.61	50.48	47.36	44.70	42.18	39.68	37.53	35.46	33.49	32.16	31.02	30.01	29.17	28.80	28.47	28.19	28.00	
123.00	116.67	110.36	104.09	98.46	93.48	88.80	84.17	79.74	75.44	71.20	67.03	62.86	59.32	55.98	52.74	49.64	46.62	43.97	41.44	39.40	37.38	35.50	33.62	32.72	31.85	31.19	31.00	
111.00	105.47	99.95	94.51	89.32	84.13	79.66	75.50	71.64	67.94	64.29	60.66	57.17	53.88	50.68	47.53	44.65	41.81	39.19	37.20	35.32	33.57	32.17	31.14	30.24	30.10	30.00	
102.00	96.65	91.48	86.45	81.45	76.46	71.83	67.42	63.48	59.83	56.30	53.01	49.80	46.81	44.59	42.52	40.63	39.14	37.69	36.48	35.26	34.42	33.57	32.98	32.53	32.19	32.00	
116.00	109.37	103.13	97.21	91.47	86.14	80.97	76.54	72.26	68.07	64.01	60.51	57.20	54.16	51.36	48.59	46.04	43.50	41.29	39.37	37.79	36.23	34.87	33.51	32.50	31.64	31.34	31.13	31.00	
104.00	97.59	91.21	85.56	80.49	76.21	72.08	68.19	64.34	60.70	57.19	53.76	50.50	47.43	45.62	43.85	42.12	40.44	38.86	37.68	36.51	35.35	34.35	33.82	33.44	33.16	33.00	
119.00	112.85	106.93	101.03	95.19	89.88	84.95	80.41	76.61	72.84	69.08	65.33	61.67	58.16	54.85	51.55	48.41	45.54	42.93	40.46	38.26	36.40	34.60	32.88	31.20	30.30	30.00	
115.00	109.85	104.74	99.73	94.90	90.35	85.90	81.58	77.37	73.16	68.98	64.97	61.22	57.47	54.03	50.86	48.03	45.26	42.79	40.73	38.98	37.43	35.98	34.55	33.33	32.13	31.18	31.00	
111.00	104.63	99.05	93.49	88.00	82.98	78.00	73.17	68.38	63.60	59.08	54.97	51.33	48.60	46.07	44.21	42.45	40.86	39.31	38.05	36.91	36.04	35.26	34.66	34.20	33.75	33.41	33.20	33.00	
107.00	101.12	95.31	89.73	84.56	79.67	74.91	70.50	66.33	62.28	58.43	54.66	51.02	47.47	44.55	41.83	39.48	37.75	36.18	34.62	33.25	32.29	31.41	30.64	30.08	29.56	29.24	29.00	
104.00	98.58	93.21	88.05	82.91	78.01	73.42	68.90	64.48	60.39	56.56	52.84	49.25	45.79	43.49	41.71	39.95	38.37	36.85	35.44	34.16	33.09	32.39	31.75	31.17	30.61	30.37	30.19	30.00	
111.00	105.41	99.86	94.33	89.31	84.53	79.96	75.76	71.72	67.87	64.17	60.66	57.19	54.13	51.23	48.56	46.21	43.89	41.67	39.55	37.90	36.25	34.63	33.19	32.35	31.56	30.94	30.33	30.09	30.00	
106.00	101.20	96.56	91.97	87.78	83.64	79.50	75.40	71.39	67.50	64.03	60.61	57.23	54.21	51.40	48.60	46.11	43.70	41.35	39.31	37.47	35.76	34.07	32.65	31.49	30.37	29.26	28.77	28.30	28.00	
106.00	100.76	95.68	90.63	85.63	80.70	75.84	71.09	66.68	62.30	58.05	54.41	51.88	49.37	46.92	44.67	42.64	40.66	38.73	36.99	35.33	33.84	32.85	32.23	31.62	31.11	31.01	31.00	
108.00	101.74	95.72	90.47	85.42	80.78	76.17	71.95	67.91	64.22	60.67	57.17	54.09	51.02	48.70	46.46	44.22	42.26	40.38	38.65	37.07	35.93	34.83	33.84	32.96	32.19	32.00	
106.00	99.82	93.65	88.18	82.88	78.18	73.60	69.55	65.77	62.17	58.61	55.27	52.01	49.57	47.25	44.93	42.84	40.81	38.87	37.08	35.30	33.64	32.33	31.41	30.67	30.09	30.00	
110.00	104.90	99.94	95.44	90.95	86.53	82.42	78.31	74.27	70.31	66.41	62.87	59.48	56.15	52.99	50.11	47.49	44.87	42.32	39.88	37.71	36.16	35.09	34.27	33.55	32.93	32.49	32.05	32.00	
115.00	109.49	104.12	98.81	93.50	88.79	84.45	80.18	75.99	72.07	68.21	64.35	60.52	56.82	53.26	49.79	46.34	43.01	39.89	37.62	35.68	33.95	32.76	32.07	31.40	30.84	30.36	30.00	
103.00	97.61	92.35	87.39	82.52	77.80	73.38	68.99	64.91	61.19	57.59	54.69	51.82	49.08	46.48	44.32	43.06	41.86	40.76	39.73	38.72	37.76	36.82	36.04	35.28	34.57	33.88	33.23	33.09	33.00	
113.00	106.46	100.22	94.22	88.37	82.77	77.44	72.35	67.79	63.65	59.57	55.87	52.73	50.08	47.48	44.90	42.43	40.17	37.98	36.03	34.64	33.79	33.03	32.45	32.08	32.02	32.00	
106.00	101.26	96.73	92.22	87.86	83.65	79.58	75.87	72.16	68.49	65.05	61.92	58.92	55.99	53.08	50.63	48.40	46.28	44.30	42.53	41.02	39.60	38.43	37.31	36.38	35.47	34.59	33.78	33.13	33.00	
107.00	101.65	96.77	92.13	87.61	83.35	79.51	75.69	71.88	68.27	64.74	61.30	58.11	55.06	52.03	49.37	46.88	44.79	42.74	40.91	39.43	38.05	36.70	35.44	34.20	33.14	32.34	31.60	31.00	
123.00	115.93	108.98	102.18	95.43	88.81	82.35	76.26	70.51	65.39	61.56	57.87	54.36	51.20	48.06	45.00	42.00	39.07	36.58	34.93	33.51	32.17	30.99	30.05	29.21	28.41	28.11	28.00	
114.00	108.27	103.07	97.96	92.96	88.05	83.58	79.22	74.88	70.83	66.86	62.91	59.01	55.25	51.61	48.30	45.85	43.76	41.66	39.74	38.49	37.29	36.34	35.46	34.69	33.95	33.29	32.72	32.15	32.00	
122.00	116.33	110.70	105.28	99.87	94.70	89.56	84.50	79.56	74.92	70.65	66.41	62.34	58.50	54.93	51.40	48.43	45.53	43.21	40.99	38.83	36.86	35.04	33.38	31.87	30.52	29.36	28.58	28.26	28.00	
119.00	112.62	106.26	100.34	94.45	88.58	82.80	77.29	72.13	67.13	62.16	57.36	52.63	48.41	44.55	41.75	38.99	36.52	34.35	32.32	30.78	29.97	29.35	28.84	28.36	28.07	28.00	
108.00	102.55	97.14	92.44	87.88	83.52	79.17	74.95	70.82	66.78	63.06	59.66	56.42	53.52	51.02	48.74	46.71	44.79	43.16	41.58	40.10	38.76	37.66	36.71	35.83	34.96	34.20	33.47	33.00	
122.00	115.03	108.13	101.39	94.71	88.49	82.42	76.65	71.33	66.20	61.46	57.12	53.00	49.02	45.96	43.07	40.43	38.05	36.31	34.69	33.15	31.86	30.70	29.84	29.11	28.60	28.28	28.13	28.00	
115.00	109.58	104.38	99.23	94.49	89.79	85.26	80.87	76.63	72.46	68.52	64.65	60.78	57.32	54.14	51.23	48.53	45.84	43.40	41.49	39.64	38.01	36.48	35.01	33.78	32.67	31.58	30.55	30.17	30.00	
113.00	106.99	101.15	95.76	90.61	85.72	80.94	76.31	71.90	67.94	64.27	60.68	57.43	54.37	51.53	48.75	46.10	43.88	41.68	39.51	37.47	35.46	33.57	31.94	30.83	30.31	30.00	
105.00	99.73	94.73	89.94	85.34	80.81	76.47	72.29	68.33	64.38	60.59	57.11	53.81	50.53	47.69	44.92	42.43	40.25	38.52	36.82	35.65	34.52	33.62	32.86	32.52	32.21	32.01	32.00	
105.00	100.01	95.21	90.65	86.10	81.73	77.36	73.16	69.46	65.78	62.17	58.95	55.78	53.05	50.46	47.97	45.51	43.26	41.13	39.10	37.09	35.27	33.74	32.27	31.32	30.43	29.64	29.03	29.00	
109.00	104.07	99.30	94.76	90.23	85.85	81.54	77.55	73.73	69.97	66.38	62.87	59.36	55.93	52.70	49.71	46.74	43.98	41.49	39.26	37.06	35.02	33.92	32.89	32.10	31.55	31.27	31.12	31.00	
121.00	115.08	109.19	103.42	97.74	92.20	87.01	82.02	77.23	72.45	67.97	63.61	60.20	57.17	54.15	51.25	48.91	46.60	44.37	42.35	40.35	38.54	36.76	35.03	33.66	32.36	31.28	30.55	30.19	30.00	
104.00	99.38	94.86	90.56	86.35	82.49	78.66	74.85	71.26	68.17	65.17	62.27	59.44	56.74	54.29	51.89	49.73	47.67	45.66	43.73	41.82	40.01	38.28	37.05	35.87	34.84	34.16	33.61	33.23	33.00	
120.00	113.54	107.61	102.01	96.92	92.09	87.40	82.76	78.16	73.61	69.37	65.16	61.74	58.34	55.27	52.32	49.80	47.54	45.46	43.38	41.39	39.51	37.68	36.24	35.04	33.88	33.20	32.59	32.00	
106.00	100.34	94.74	89.44	84.17	79.11	74.33	69.71	65.25	60.98	57.37	54.38	51.74	49.16	46.80	44.53	42.30	40.22	38.41	36.62	35.20	34.37	33.67	33.09	32.67	32.29	32.00	
118.00	111.60	105.26	99.02	93.08	87.38	82.30	77.27	72.35	68.25	64.18	60.20	56.31	53.05	50.31	47.68	45.05	42.75	40.63	38.60	36.62	34.68	33.08	31.72	30.50	29.50	29.01	29.00	
106.00	100.33	94.68	89.16	83.76	78.83	74.06	69.92	65.94	62.12	58.33	54.78	51.64	48.95	46.79	44.66	42.75	41.18	39.61	38.12	36.71	35.32	34.18	33.09	32.24	31.49	30.85	30.26	30.00	
113.00	107.35	101.76	96.26	90.76	85.49	80.44	75.85	71.70	67.66	64.04	60.62	57.37	54.65	51.97	49.30	46.86	44.87	42.95	41.24	39.54	37.87	36.72	35.59	34.76	34.09	33.52	33.22	33.07	33.00	
117.00	110.84	105.16	99.59	94.35	89.61	85.01	80.62	76.34	72.12	68.63	65.25	62.10	58.96	55.97	53.38	50.84	48.37	45.99	43.62	41.39	39.48	37.68	35.89	34.12	33.54	33.11	33.04	33.00	
103.00	98.57	94.22	89.95	85.76	81.87	78.02	74.37	70.75	67.31	63.94	60.84	57.87	54.92	52.08	49.39	46.95	44.75	42.72	40.72	38.82	37.03	35.32	33.73	32.18	30.81	29.59	28.71	28.18	28.00	
114.00	107.42	101.15	95.52	90.05	84.74	79.57	74.43	69.57	65.64	61.82	58.15	54.48	50.89	47.80	45.28	42.87	40.49	38.58	37.02	35.47	34.05	33.04	32.07	31.16	30.26	29.38	29.13	29.00	
121.00	114.61	108.54	102.98	97.92	93.38	88.87	84.73	80.86	77.05	73.41	69.90	66.42	62.98	59.54	56.33	53.20	50.11	47.04	44.25	42.11	39.98	38.00	36.15	34.50	33.12	31.88	31.00	
103.00	97.64	92.53	87.67	82.95	78.83	74.78	70.81	66.85	63.37	60.00	56.66	53.52	51.02	48.54	46.12	44.05	42.22	40.59	39.07	37.77	36.47	35.38	34.55	34.06	33.62	33.24	33.00	
115.00	108.00	101.38	94.86	88.36	82.08	76.11	70.55	65.82	61.74	58.23	55.01	51.81	48.86	46.19	43.64	41.18	39.07	37.23	35.55	34.06	33.20	32.71	32.47	32.31	32.18	32.06	32.00	
118.00	111.85	106.40	100.98	95.93	90.94	86.07	81.29	76.60	72.06	67.93	63.95	60.17	56.54	53.24	49.99	46.97	44.11	41.84	39.79	37.98	36.17	34.54	33.25	32.15	31.49	31.00	
120.00	112.75	105.84	99.14	93.94	89.28	84.76	80.43	76.30	72.17	68.32	64.58	60.89	57.40	54.03	50.73	47.57	44.42	41.44	38.58	35.77	33.27	31.95	31.05	30.47	29.92	29.44	29.03	29.00	
112.00	106.35	100.76	95.64	90.59	85.57	80.63	76.03	71.46	67.00	62.59	58.24	54.16	51.15	48.19	45.82	43.76	41.70	39.72	37.79	35.93	34.12	32.39	31.49	30.94	30.40	30.26	30.14	30.07	30.00	
101.00	96.16	91.58	87.08	82.82	78.69	74.60	70.55	66.78	63.18	59.65	56.26	52.95	49.86	46.96	44.12	41.53	38.99	36.73	34.90	33.64	32.69	31.87	31.18	30.55	30.23	30.07	30.00	
102.00	97.25	92.56	88.26	84.03	79.88	75.86	71.92	68.23	64.55	61.20	58.00	54.88	51.95	49.07	46.78	44.75	43.02	41.31	39.75	38.27	36.80	35.50	34.53	33.58	33.06	32.61	32.23	32.00	
123.00	115.61	108.48	101.72	94.97	89.04	84.04	79.26	74.77	70.36	66.42	62.73	59.32	55.94	52.65	49.42	46.28	43.63	41.11	38.73	37.00	35.73	34.73	33.85	33.35	33.12	33.00	
103.00	98.19	93.54	88.94	84.55	80.20	76.17	72.28	68.51	64.96	61.72	58.52	55.41	52.48	49.98	47.77	45.92	44.08	42.25	40.52	38.83	37.17	35.76	34.45	33.51	32.64	32.04	31.46	31.00	
107.00	101.54	96.16	90.92	85.92	81.08	76.36	72.05	67.76	63.59	60.05	56.73	53.71	51.27	49.12	47.13	45.27	43.49	41.73	39.99	38.67	37.38	36.21	35.14	34.26	33.47	33.23	33.02	33.00	
113.00	107.34	102.29	97.56	92.92	88.33	83.77	79.30	75.18	71.24	67.47	63.78	60.29	56.81	53.34	50.73	48.14	45.58	43.05	40.60	38.26	36.22	34.45	32.69	30.96	29.46	29.13	29.03	29.00	
116.00	109.53	103.45	98.02	92.77	87.73	82.73	77.74	72.89	68.26	63.70	59.16	54.89	50.86	47.08	43.35	40.11	37.37	34.81	32.69	31.34	30.06	29.47	28.93	28.51	28.19	28.07	28.00	
115.00	109.41	103.83	98.48	93.54	88.69	83.94	79.19	74.68	70.17	65.85	61.75	57.83	53.99	50.19	46.51	43.33	40.52	38.37	36.42	34.95	33.50	32.38	31.33	30.32	29.50	29.00	
122.00	115.98	110.37	104.78	99.24	93.86	88.64	83.64	78.70	73.84	69.48	65.44	61.56	58.11	54.96	51.82	48.83	45.84	43.22	41.00	38.80	36.95	35.14	33.93	32.91	32.29	31.78	31.42	31.07	31.00	
115.00	108.56	102.33	97.21	92.90	88.72	84.63	80.65	76.91	73.23	69.77	66.62	63.57	60.57	57.62	54.80	51.99	49.20	46.47	43.80	41.33	38.86	36.44	34.28	32.23	30.72	29.43	28.14	28.03	28.00	
115.00	109.64	104.50	99.54	94.61	89.72	84.98	80.43	76.03	71.70	67.48	63.47	59.64	55.90	52.20	48.57	45.14	41.74	38.84	36.51	34.66	32.90	31.43	30.08	29.42	28.89	28.56	28.28	28.05	28.00	
123.00	116.77	110.65	104.90	99.37	94.32	89.60	85.29	81.06	76.91	72.81	68.71	64.86	61.04	57.25	53.58	50.39	47.56	44.92	42.33	40.16	38.00	35.97	34.14	32.81	32.02	31.46	31.01	31.00	
108.00	102.67	97.44	92.38	87.84	83.38	79.17	74.97	70.81	66.83	62.93	59.14	55.39	52.08	49.01	46.15	43.38	40.68	38.17	36.12	34.21	32.92	31.64	30.52	29.77	29.11	29.00	
112.00	105.44	98.98	92.69	87.06	81.46	76.38	71.41	66.60	62.24	58.08	54.04	50.48	47.26	44.18	41.31	38.78	36.50	35.36	34.29	33.26	32.42	31.57	30.94	30.45	30.22	30.08	30.00	
114.00	107.81	102.24	96.73	91.53	86.65	82.06	77.50	73.12	68.89	64.83	60.90	57.33	53.83	50.46	47.22	44.33	41.86	39.96	38.14	36.68	35.42	34.22	33.10	32.09	31.29	30.80	30.35	30.16	30.00	
118.00	112.93	107.87	102.93	98.09	93.39	88.72	84.32	80.01	75.75	71.56	67.66	63.92	60.80	57.74	54.87	52.13	49.51	46.97	44.65	42.36	40.26	38.42	36.76	35.15	33.56	32.07	31.61	31.22	31.00	
106.00	100.58	95.18	90.52	85.88	81.34	77.27	73.30	69.38	65.76	62.19	58.68	55.29	52.00	48.85	46.03	44.18	42.38	40.65	39.22	38.03	36.88	35.79	35.08	34.42	33.79	33.19	33.09	33.00	
116.00	109.85	104.44	99.22	94.18	89.20	84.36	79.76	75.64	71.68	67.82	63.99	60.50	57.07	54.14	51.23	48.39	46.01	44.03	42.25	40.57	38.95	37.53	36.12	34.84	33.59	32.78	32.29	32.00	
107.00	101.65	96.42	91.78	87.16	82.56	77.97	73.81	70.25	66.93	63.71	60.62	57.61	54.62	51.89	49.18	46.56	43.96	41.44	39.06	36.89	34.74	32.80	31.21	30.09	29.22	28.40	28.00	
105.00	99.46	93.93	88.90	83.92	79.90	75.92	72.08	68.32	64.58	61.18	57.82	54.47	51.19	48.02	45.03	42.39	39.75	37.15	35.02	33.10	31.68	30.74	30.12	29.50	29.24	29.00	
108.00	102.52	97.59	92.92	88.39	83.87	79.48	75.19	71.22	67.62	64.04	60.79	57.60	54.50	51.57	48.86	46.15	43.47	41.16	39.05	37.40	36.14	35.08	34.45	33.82	33.40	33.00	
103.00	97.28	91.79	86.45	81.21	75.98	71.40	66.85	62.38	58.28	54.41	50.95	48.05	45.78	43.54	41.43	39.51	37.70	35.92	34.40	32.90	31.54	30.36	29.26	28.45	28.14	28.00	
107.00	100.39	93.96	87.65	81.93	76.27	71.04	66.18	61.46	57.38	54.15	50.96	47.79	45.00	42.68	40.48	38.45	36.50	34.74	33.13	31.85	30.64	29.59	28.97	28.60	28.25	28.00	
111.00	105.20	99.40	94.14	88.91	83.73	78.70	73.72	68.74	64.45	60.34	56.49	53.12	49.82	47.11	44.74	42.70	40.94	39.62	38.33	37.15	35.98	34.96	34.01	33.10	32.65	32.31	32.00	
116.00	109.17	102.56	96.38	90.32	85.09	80.16	75.48	71.46	67.51	64.10	60.68	57.49	54.30	51.32	49.11	47.22	45.37	43.53	41.70	39.88	38.18	36.48	34.95	33.45	32.60	31.88	31.31	31.00	
114.00	108.18	103.00	98.05	93.18	88.34	84.13	80.04	75.96	71.95	68.22	64.56	61.11	57.80	54.63	51.65	48.66	45.75	42.91	40.29	38.11	36.05	34.28	33.16	32.16	31.25	30.54	30.04	30.00	
121.00	114.60	108.22	102.12	96.08	90.63	85.32	80.20	75.25	70.57	66.04	61.58	57.61	53.68	49.99	46.54	43.20	40.30	37.52	35.21	33.36	32.49	31.71	31.18	30.69	30.24	30.00	
122.00	115.99	110.05	104.16	98.28	93.10	87.99	82.92	78.02	73.15	68.66	64.47	60.54	56.83	53.21	50.28	47.46	44.76	42.37	40.51	38.69	36.89	35.37	34.53	33.74	32.96	32.33	32.00	
117.00	112.10	107.32	102.58	97.92	93.44	89.09	84.84	80.83	76.82	72.94	69.27	65.84	62.50	59.29	56.42	53.56	50.74	48.15	45.82	43.50	41.27	39.35	37.56	35.85	34.59	33.35	32.30	31.54	31.00	
113.00	107.65	102.44	97.24	92.08	86.99	82.11	77.52	73.11	68.70	64.30	60.16	56.66	53.63	50.60	47.59	45.00	42.59	40.39	38.28	36.48	34.73	33.69	32.97	32.46	32.18	32.04	32.00	
107.00	100.30	93.83	87.80	82.43	77.11	71.85	66.61	61.48	56.81	53.34	50.42	47.53	44.89	42.29	39.87	37.87	36.00	34.53	33.31	32.25	31.23	30.24	29.34	28.49	28.08	28.00	
114.00	108.16	102.47	96.87	91.71	86.74	81.83	77.35	73.42	69.71	66.16	62.68	59.23	55.89	52.93	50.05	47.22	44.54	42.09	39.76	37.79	35.93	34.73	33.77	32.85	32.15	32.00	
105.00	100.16	95.32	90.62	85.95	81.58	77.47	73.50	69.69	65.97	62.51	59.24	56.06	53.02	50.02	47.47	44.93	43.15	41.75	40.35	39.02	37.90	36.86	36.04	35.23	34.60	33.98	33.50	33.08	33.00	
117.00	111.54	106.10	100.75	95.52	90.37	85.51	80.73	76.14	71.63	67.41	63.46	59.56	55.73	52.07	49.02	46.33	43.75	41.29	38.88	36.51	34.33	32.43	31.01	29.77	29.31	29.05	29.00	
123.00	117.91	112.91	108.06	103.28	98.51	93.77	89.08	84.49	80.11	75.74	71.41	67.30	63.45	59.64	55.91	52.21	49.06	45.92	42.88	40.47	38.18	36.36	34.94	33.52	32.22	31.52	30.85	30.33	30.00	
106.00	100.36	94.79	89.62	84.81	80.38	76.54	72.86	69.21	65.60	62.32	59.22	56.16	53.50	50.92	48.36	45.96	43.72	41.91	40.21	38.57	37.01	35.56	34.36	33.35	32.37	31.44	30.53	30.11	30.00	
109.00	103.48	98.03	92.84	87.73	82.66	77.81	72.95	68.27	63.62	59.71	55.85	52.22	48.85	45.64	42.50	40.66	38.91	37.44	36.17	34.92	33.79	32.93	32.09	31.47	31.21	31.00	
113.00	107.46	101.93	96.57	91.27	86.56	81.92	77.46	73.15	68.95	65.36	61.85	58.39	54.97	51.69	48.65	45.67	42.96	40.76	39.04	37.36	35.79	34.23	32.81	31.44	30.33	29.48	28.81	28.26	28.00	
113.00	107.50	102.03	96.82	91.85	87.00	82.31	78.04	73.95	69.88	66.13	62.66	59.28	55.99	52.72	49.95	47.22	44.71	42.67	40.72	38.85	37.21	35.60	34.27	33.02	32.20	31.49	30.81	30.19	30.00	
119.00	113.15	107.36	101.60	96.04	90.67	85.68	80.78	75.89	71.05	66.73	63.01	59.54	56.15	52.79	49.74	46.81	44.00	41.76	39.95	38.30	36.83	35.43	34.06	32.90	31.94	31.55	31.21	31.00	
108.00	101.49	95.87	90.59	86.14	81.74	77.87	74.08	70.52	67.11	63.70	60.44	57.52	54.74	52.09	49.47	46.96	44.61	42.31	40.19	38.50	36.89	35.44	34.19	32.96	31.77	30.78	29.83	29.13	29.00	
116.00	109.89	104.02	98.61	93.21	88.09	83.00	78.12	73.27	68.48	64.10	59.96	55.98	52.13	48.45	45.17	42.41	39.81	37.90	36.08	34.65	33.63	32.62	31.70	30.83	30.07	29.56	29.15	29.07	29.00	
112.00	105.85	99.91	94.31	88.82	84.08	79.55	75.37	71.29	67.38	63.60	59.92	56.24	52.79	49.43	46.33	43.29	41.19	39.16	37.23	35.66	34.38	33.36	32.51	31.87	31.27	31.00	
109.00	102.92	97.08	91.67	86.45	81.29	76.32	71.46	67.31	63.36	59.78	56.88	53.99	51.09	48.53	46.07	43.67	41.40	39.14	36.95	34.97	33.08	31.79	30.78	30.34	30.07	30.00	
107.00	102.43	97.87	93.48	89.25	85.03	80.89	76.79	72.98	69.23	65.54	61.97	58.40	54.94	51.60	48.40	45.50	42.68	40.13	37.60	35.54	33.90	32.37	30.92	29.78	29.13	28.52	28.08	28.00	
101.00	95.70	90.94	86.25	81.58	77.02	72.63	68.37	64.27	60.28	56.35	52.59	49.15	46.77	44.54	42.47	40.41	38.39	36.54	35.01	33.51	32.03	30.61	29.36	28.36	28.17	28.10	28.02	28.00	
113.00	108.01	103.05	98.15	93.27	88.42	83.89	79.45	75.18	71.11	67.07	63.22	59.49	56.02	52.69	49.40	46.32	43.86	41.94	40.07	38.22	36.80	35.52	34.34	33.70	33.25	32.83	32.42	32.05	32.00	
120.00	113.74	107.84	102.38	97.46	92.65	88.14	83.70	79.42	75.20	71.01	66.99	63.15	59.63	56.12	53.36	50.71	48.10	45.54	43.21	41.15	39.59	38.10	36.75	35.42	34.50	33.73	33.38	33.10	33.00	
105.00	99.46	94.13	89.27	84.64	80.18	75.88	71.78	68.00	64.33	60.69	57.13	53.67	50.41	47.17	44.18	41.78	39.61	37.58	35.84	34.18	32.79	31.62	30.47	29.78	29.10	28.43	28.02	28.00	
110.00	103.83	97.82	92.01	86.52	81.13	76.82	72.60	68.89	65.61	62.38	59.30	56.26	53.39	50.68	47.97	45.66	43.49	41.33	39.32	37.53	35.93	34.67	33.75	32.96	32.38	32.00	
116.00	111.22	106.63	102.19	97.93	93.73	89.73	85.99	82.25	78.76	75.34	71.97	68.66	65.45	62.28	59.12	56.29	53.50	50.72	48.10	45.63	43.29	41.08	38.97	36.90	34.83	32.81	31.90	31.00	
118.00	112.39	106.84	101.52	96.56	91.66	86.87	82.12	77.86	73.62	69.49	65.44	61.51	57.59	53.71	49.88	46.24	43.10	40.36	38.09	36.53	35.00	33.83	32.91	32.01	31.35	31.12	31.04	31.00	
117.00	110.31	103.95	97.79	91.86	86.02	80.78	75.94	71.29	66.76	62.23	57.74	53.92	50.59	47.36	44.34	41.83	39.48	37.37	35.91	34.99	34.13	33.47	33.26	33.11	33.03	33.00	
105.00	100.90	96.82	92.79	88.78	85.04	81.37	77.79	74.56	71.34	68.24	65.20	62.17	59.19	56.31	53.57	51.19	48.85	46.83	45.04	43.29	41.73	40.22	38.97	37.77	36.64	35.52	34.47	33.69	33.00	
107.00	101.97	97.32	92.74	88.35	83.97	79.64	75.44	71.27	67.18	63.35	59.68	56.24	53.02	50.09	47.22	44.67	42.23	39.95	38.07	36.34	34.78	33.24	32.06	31.24	30.49	30.28	30.15	30.05	30.00	
114.00	107.21	100.50	94.57	88.85	83.24	77.78	72.49	67.39	62.45	57.76	54.25	50.81	47.77	45.23	42.90	41.07	39.40	37.75	36.50	35.50	34.59	33.94	33.44	32.94	32.45	32.05	32.00	
116.00	109.20	102.42	95.89	89.55	83.76	78.14	72.97	68.71	65.08	61.75	58.44	55.32	52.31	49.33	46.37	43.70	41.56	39.51	37.90	36.30	34.74	33.27	31.94	30.70	29.50	28.51	28.21	28.10	28.00	
120.00	114.19	108.39	102.63	97.17	92.24	87.34	82.48	77.91	73.43	69.07	65.07	61.39	57.96	54.56	51.24	48.02	44.83	41.93	39.17	36.96	34.87	33.53	32.43	31.35	30.31	29.51	29.21	29.00	
114.00	108.87	103.77	98.94	94.28	89.74	85.32	81.01	77.00	73.08	69.19	65.31	61.55	57.88	54.38	51.26	48.16	45.18	42.48	39.93	37.50	35.41	33.60	32.17	31.11	30.05	29.05	29.00	
103.00	97.27	91.84	86.55	81.36	76.26	71.31	66.36	61.66	57.14	53.93	50.89	48.12	45.53	42.94	40.64	38.78	37.14	35.58	34.16	32.76	31.59	30.61	29.84	29.11	28.56	28.26	28.00	
108.00	101.09	94.45	87.97	81.98	76.10	71.07	66.37	62.26	58.51	54.79	51.40	48.18	45.28	42.43	40.45	38.58	36.71	35.01	33.33	31.78	30.73	29.95	29.49	29.12	29.05	29.00	
111.00	105.99	101.01	96.06	91.17	86.29	81.70	77.58	73.53	69.52	65.52	61.53	57.56	53.76	50.05	46.50	43.18	40.34	38.08	35.83	34.27	32.88	31.53	30.47	29.66	29.35	29.16	29.00	
116.00	110.08	104.63	99.24	93.96	89.09	84.26	80.01	75.93	72.11	68.35	64.60	60.86	57.28	53.71	50.26	47.50	44.82	42.90	41.00	39.44	37.95	36.68	35.45	34.32	33.22	32.50	32.28	32.10	32.00	
106.00	100.56	95.21	90.00	85.17	80.44	75.74	71.43	67.20	63.16	59.71	56.32	53.12	49.92	47.23	44.58	41.98	39.62	37.75	36.46	35.28	34.50	33.74	33.22	32.76	32.42	32.19	32.00	
112.00	106.69	101.46	96.25	91.26	86.51	82.08	77.79	73.72	69.81	66.49	63.27	60.06	57.28	54.53	51.82	49.12	46.51	44.13	41.90	39.94	38.17	36.74	35.71	34.70	33.94	33.20	33.07	33.00	
106.00	100.73	95.50	90.35	85.24	80.15	75.13	70.46	65.89	61.65	58.45	55.40	52.73	50.29	47.95	45.97	44.08	42.20	40.37	38.84	37.37	35.96	34.69	33.44	32.32	31.28	31.03	31.00	
123.00	116.86	110.73	104.93	99.76	94.66	90.23	85.82	81.42	77.18	73.26	69.54	65.89	62.30	58.90	55.71	52.58	49.60	47.12	44.67	42.30	39.94	37.96	36.08	34.35	33.31	32.38	31.66	31.00	
101.00	96.82	92.66	88.62	84.64	80.81	77.11	73.44	69.86	66.40	63.13	59.93	56.90	53.90	51.19	48.78	46.42	44.25	42.22	40.37	38.71	37.16	35.65	34.26	33.20	32.20	31.24	30.74	30.34	30.00	
104.00	99.20	94.49	89.85	85.41	81.43	77.51	73.63	69.86	66.38	63.15	60.23	57.32	54.42	51.70	49.07	46.45	44.03	41.66	39.43	37.24	35.30	33.90	32.60	31.44	31.07	31.00	
110.00	103.91	98.35	93.00	87.66	82.36	77.63	73.23	68.98	64.80	60.73	57.21	53.76	50.68	47.60	44.84	42.37	40.32	38.52	36.96	35.41	34.25	33.50	32.82	32.53	32.24	32.00	
121.00	113.88	107.51	101.24	95.59	90.06	84.82	79.62	74.67	69.95	65.54	61.47	57.51	53.77	50.21	46.69	43.64	40.93	38.25	35.73	33.53	31.66	30.20	28.91	28.48	28.13	28.00	
123.00	116.82	110.89	105.03	99.44	94.03	88.70	83.57	78.93	74.35	70.04	65.96	61.96	58.19	54.58	51.06	47.74	44.97	42.62	40.47	38.74	37.04	35.47	34.06	32.71	31.65	31.00	
122.00	115.88	109.76	104.14	98.65	93.22	87.98	82.81	77.76	73.30	69.08	65.59	62.33	59.18	56.23	53.60	51.07	48.72	46.48	44.29	42.14	40.17	38.21	36.40	34.72	33.17	31.88	30.85	30.23	30.00	
121.00	113.96	107.42	101.00	94.82	88.91	83.02	77.26	71.59	67.01	62.51	58.43	54.36	50.70	47.28	44.35	41.68	39.43	37.39	35.59	33.98	32.74	31.62	31.03	30.49	29.98	29.55	29.23	29.00	
111.00	105.94	101.01	96.14	91.47	86.92	82.36	77.99	73.66	69.36	65.62	62.06	58.53	55.01	51.67	49.00	46.61	44.34	42.26	40.23	38.42	36.93	35.57	34.27	33.03	31.83	30.67	29.79	29.02	29.00	
104.00	98.75	93.58	88.43	83.37	78.79	74.39	70.24	66.60	63.13	59.81	56.82	53.85	50.94	48.36	45.92	43.55	41.56	39.59	37.73	35.98	34.55	33.20	32.11	31.13	30.34	30.03	30.00	
118.00	111.50	105.69	100.04	94.49	89.05	83.88	78.86	73.98	69.13	64.57	60.09	56.32	52.87	49.71	47.28	44.87	42.62	40.89	39.21	37.56	35.96	34.46	33.37	32.46	32.01	32.00	
113.00	107.64	102.57	97.68	92.91	88.37	83.83	79.47	75.16	71.08	67.01	63.04	59.22	55.66	52.29	49.24	46.39	43.71	41.33	39.48	37.65	36.13	34.79	33.65	32.60	31.78	31.08	30.65	30.23	30.00	
101.00	95.54	90.24	85.10	80.01	75.05	70.70	66.98	63.63	60.49	57.51	54.63	51.81	49.05	46.62	44.53	42.57	40.89	39.23	37.89	36.57	35.39	34.24	33.43	32.96	32.54	32.21	32.06	32.00	
102.00	97.77	93.66	89.62	85.67	81.74	77.83	74.14	70.54	67.34	64.22	61.23	58.37	55.63	52.90	50.31	48.04	45.76	43.67	41.64	39.66	37.72	36.04	34.40	32.90	31.62	30.71	30.12	30.01	30.00	
107.00	101.35	95.72	90.26	85.30	80.63	76.15	71.76	67.50	63.98	60.68	57.76	54.99	52.26	49.73	47.29	45.07	43.26	41.49	39.83	38.21	36.72	35.38	34.18	33.24	32.32	31.70	31.18	31.00	
116.00	109.92	104.20	98.85	93.70	88.62	83.78	79.03	74.32	69.63	65.63	61.69	58.17	54.67	51.17	48.05	45.02	42.04	39.25	36.84	34.59	32.62	31.20	30.00	29.05	28.33	28.05	28.00	
104.00	98.51	93.37	88.77	84.55	80.35	76.31	72.29	68.30	64.46	60.94	57.96	55.08	52.41	50.04	47.93	45.86	43.90	41.98	40.19	38.61	37.10	35.84	34.74	33.72	32.79	32.18	31.57	31.00	
114.00	106.43	98.93	92.34	86.42	81.56	76.89	72.28	67.83	63.54	59.93	56.37	52.94	49.92	47.08	44.57	42.12	39.96	38.17	36.67	35.42	34.25	33.20	32.36	31.83	31.52	31.23	31.00	
114.00	108.72	103.45	98.17	93.20	88.44	83.68	78.94	74.54	70.19	65.84	61.63	57.81	54.31	50.95	47.60	44.34	41.21	38.21	35.59	33.53	31.55	30.78	30.18	29.81	29.43	29.14	29.00	
102.00	97.20	92.67	88.44	84.33	80.54	76.83	73.15	69.60	66.07	62.80	59.66	56.85	54.38	51.96	49.72	47.60	45.60	43.70	41.80	40.10	38.54	37.03	35.65	34.35	33.05	32.41	32.06	32.00	
118.00	111.97	106.00	100.63	95.56	90.85	86.19	81.57	77.16	72.79	68.71	64.79	61.23	57.90	54.92	52.01	49.15	46.48	44.41	42.53	40.67	39.14	37.61	36.23	35.37	34.55	33.72	33.00	
121.00	113.33	105.89	99.06	92.53	86.56	80.62	74.90	70.05	65.85	61.67	57.63	53.64	50.01	46.68	43.82	41.12	38.89	36.67	34.46	32.42	31.14	30.01	29.12	28.53	28.22	28.00	
121.00	114.94	108.94	103.25	97.65	92.18	87.03	81.89	76.94	72.02	67.22	63.07	59.42	56.09	52.87	49.82	46.94	44.30	42.20	40.14	38.14	36.54	35.21	33.97	32.85	31.88	31.33	31.07	31.00	
117.00	111.04	105.09	99.63	94.34	89.10	84.00	79.33	74.87	70.62	66.58	62.65	58.72	55.09	51.47	48.16	45.69	43.37	41.28	39.59	38.21	36.93	35.74	34.61	33.47	32.48	31.93	31.50	31.25	31.00	
114.00	108.24	102.88	97.68	92.56	87.58	82.72	78.04	73.83	69.66	65.87	62.19	58.69	55.25	52.48	50.01	47.71	45.64	43.81	42.01	40.27	38.53	36.88	35.45	34.13	32.89	31.96	31.14	31.00	
108.00	101.59	95.33	89.20	83.41	78.28	73.55	68.86	64.51	60.45	56.69	53.54	50.85	48.38	45.94	43.58	41.25	39.20	37.79	36.63	35.61	34.65	33.74	32.85	31.97	31.20	30.72	30.24	30.03	30.00	
108.00	102.90	97.83	92.80	88.10	83.54	79.04	74.76	70.57	66.64	62.82	59.24	55.74	52.24	49.04	46.30	43.76	41.42	39.53	37.73	35.99	34.42	33.12	32.08	31.42	31.20	31.00	
114.00	108.22	102.54	97.34	92.17	87.21	82.39	77.65	72.95	68.34	64.08	60.01	56.17	52.36	49.28	46.25	43.33	40.49	38.13	36.19	34.61	33.25	32.03	30.80	29.58	29.35	29.17	29.00	
120.00	113.92	107.94	101.96	96.12	90.29	84.83	79.47	74.63	70.36	66.11	62.01	57.91	53.97	50.15	47.40	44.75	42.38	40.01	37.89	35.77	34.05	32.56	31.31	30.50	30.06	30.02	30.00	
123.00	117.19	111.44	105.77	100.45	95.27	90.22	85.21	80.23	75.26	70.54	66.05	61.66	57.32	53.02	49.14	46.22	43.33	40.79	38.69	36.61	34.67	32.79	31.66	31.22	31.04	31.00	
114.00	108.34	102.78	97.66	92.55	87.49	83.10	78.88	74.69	70.53	66.47	62.48	59.24	56.40	53.95	51.58	49.40	47.29	45.41	43.61	41.93	40.36	38.93	37.60	36.39	35.25	34.16	33.15	33.00	
101.00	97.30	93.70	90.13	86.65	83.21	79.82	76.56	73.42	70.42	67.44	64.49	61.76	59.05	56.39	53.77	51.17	48.92	46.71	44.65	42.71	41.01	39.45	37.93	36.49	35.26	34.16	33.19	33.05	33.00	
105.00	99.29	93.65	88.07	83.27	78.58	74.64	71.33	68.22	65.15	62.14	59.26	56.68	54.12	51.56	49.39	47.30	45.22	43.19	41.24	39.31	37.81	36.34	35.06	34.05	33.23	32.61	32.30	32.15	32.00	
110.00	104.21	98.94	93.98	89.06	84.25	79.50	74.81	70.35	66.09	61.93	58.14	54.53	50.98	48.22	45.53	43.04	40.61	38.47	36.66	34.88	33.34	32.13	30.96	30.01	29.50	29.08	29.00	
118.00	112.83	107.86	102.94	98.13	93.36	88.64	83.99	79.55	75.45	71.48	68.02	64.57	61.19	58.07	55.15	52.55	50.18	47.83	45.55	43.29	41.04	39.25	37.57	35.97	34.49	33.28	32.60	32.00	
107.00	101.05	95.48	89.93	84.47	79.29	74.47	69.65	64.98	60.75	56.68	53.57	50.49	48.00	45.73	43.56	41.39	39.58	37.92	36.34	34.90	33.47	32.22	31.02	30.01	29.52	29.18	29.00	
113.00	106.11	99.45	93.28	87.99	82.77	77.70	73.08	68.58	64.26	60.23	56.34	53.00	49.69	46.83	44.10	41.57	39.20	37.14	35.18	33.57	32.13	31.13	30.45	30.13	30.06	30.00	
104.00	98.58	93.39	88.23	83.25	78.67	74.15	69.92	66.09	62.40	58.87	55.70	53.08	50.74	48.45	46.29	44.31	42.70	41.14	39.63	38.19	36.84	35.52	34.51	33.69	32.96	32.45	32.03	32.00	
112.00	105.95	100.11	94.31	88.68	83.87	79.37	74.89	70.47	66.27	62.51	59.12	55.99	52.87	49.96	47.50	45.53	43.60	41.81	40.27	38.79	37.47	36.17	35.32	34.54	33.83	33.23	32.76	32.32	32.00	
107.00	101.22	95.67	90.18	85.10	80.11	75.28	70.49	66.00	61.58	57.33	54.30	51.27	48.39	45.59	43.20	40.84	38.51	36.60	35.08	33.75	32.47	31.30	30.19	29.36	28.75	28.33	28.11	28.05	28.00	
103.00	96.45	90.10	83.99	78.54	73.62	69.55	65.70	62.06	58.47	55.35	52.39	49.49	46.78	44.08	41.68	39.40	37.41	35.85	34.32	33.06	31.96	30.98	30.04	29.53	29.28	29.04	29.00	
107.00	101.58	96.19	91.33	86.84	82.38	78.15	74.13	70.23	66.34	62.46	58.82	55.52	52.39	49.36	46.37	43.61	40.94	38.58	36.34	34.36	32.63	31.42	30.62	30.28	30.07	30.00	
101.00	95.68	90.41	85.43	80.45	75.87	71.45	67.70	64.24	60.82	57.68	54.55	51.53	48.53	45.95	43.42	40.95	38.82	37.30	35.93	34.71	33.57	32.44	31.42	30.95	30.50	30.05	30.00	
116.00	108.93	102.72	96.97	91.69	86.49	81.54	76.79	72.43	68.07	63.81	60.49	57.64	54.82	52.03	49.50	47.15	44.97	42.81	40.67	38.53	36.50	34.99	34.00	33.23	32.52	32.01	31.57	31.20	31.00	
107.00	102.40	97.95	93.55	89.22	85.18	81.29	77.56	73.86	70.30	66.79	63.38	59.98	56.58	53.24	49.94	46.95	44.25	41.66	39.25	36.96	34.70	32.68	31.39	30.69	30.25	30.00	
121.00	114.15	107.82	101.52	95.82	90.37	85.19	80.74	76.56	72.54	68.57	64.68	60.99	57.37	53.94	50.51	47.10	43.92	41.53	39.28	37.10	34.96	32.89	31.33	30.61	30.21	30.00	
120.00	113.90	107.89	102.11	96.52	91.09	85.71	80.61	75.58	70.92	66.47	62.26	58.06	54.62	51.32	48.13	45.06	42.87	40.81	39.13	37.59	36.16	34.84	34.37	33.95	33.57	33.31	33.11	33.03	33.00	
109.00	103.37	98.08	93.19	88.46	83.93	79.49	75.08	70.83	66.84	63.10	59.64	56.17	52.83	49.56	46.40	43.40	40.84	38.43	36.52	34.77	33.29	31.94	30.71	29.70	28.90	28.38	28.03	28.00	
120.00	114.17	108.66	103.25	97.97	92.85	87.73	82.89	78.45	74.11	69.79	66.03	62.52	59.44	56.48	53.58	50.76	48.19	45.74	43.30	40.95	38.83	37.32	36.21	35.16	34.40	33.67	33.15	33.01	33.00	
120.00	113.40	106.87	100.40	94.05	87.83	81.88	76.21	70.84	65.86	61.07	56.33	52.31	48.90	45.80	43.13	40.72	38.32	36.21	34.50	33.11	31.81	30.97	30.35	30.20	30.06	30.00	
112.00	106.94	102.00	97.18	92.60	88.05	83.56	79.13	74.87	71.02	67.40	63.89	60.50	57.33	54.22	51.14	48.09	45.15	42.49	39.87	37.32	35.22	33.41	31.76	30.29	29.61	29.27	29.13	29.00	
116.00	110.59	105.27	100.88	96.51	92.28	88.10	83.95	79.82	75.74	72.00	68.43	64.96	61.74	58.84	55.99	53.22	50.54	47.89	45.25	42.94	41.53	40.14	38.78	37.49	36.31	35.27	34.29	33.46	33.00	
115.00	110.06	105.16	100.27	95.45	90.78	86.13	81.58	77.09	72.63	68.51	64.52	60.56	56.83	53.29	50.26	47.28	45.09	43.25	41.59	39.93	38.50	37.17	36.07	35.34	34.68	34.14	33.65	33.30	33.00	
106.00	101.27	96.58	92.26	88.03	84.03	80.04	76.10	72.31	68.97	65.66	62.41	59.36	56.43	53.53	50.65	47.88	45.12	42.39	39.73	37.10	34.58	32.58	31.91	31.32	30.74	30.31	30.04	30.00	
115.00	108.19	101.81	95.48	89.79	84.35	79.03	74.55	70.29	66.31	62.38	58.77	55.53	52.61	49.72	47.44	45.41	43.50	41.61	40.06	38.52	37.08	35.69	34.40	33.38	32.62	32.00	
117.00	110.58	104.45	98.47	92.85	87.32	82.07	77.27	72.98	68.80	64.87	61.18	57.53	53.92	50.65	47.40	44.74	42.12	39.62	37.38	35.89	34.53	33.21	31.96	30.84	29.73	29.00	
106.00	100.58	95.23	90.03	85.06	81.09	77.17	73.26	69.52	65.81	62.11	58.47	54.88	51.34	47.91	44.84	41.97	39.12	37.05	35.26	33.92	32.65	31.40	30.29	29.20	28.14	28.00	
108.00	102.51	97.15	91.97	86.96	82.77	78.70	74.66	71.19	67.83	64.59	61.40	58.44	55.66	52.99	50.36	47.88	45.48	43.17	40.91	38.70	36.71	35.08	33.89	32.86	32.25	31.64	31.42	31.20	31.00	
101.00	95.70	90.45	85.20	80.09	74.98	69.91	65.23	60.93	56.75	52.75	48.80	45.34	42.11	39.87	37.76	36.11	34.76	33.60	32.46	31.65	30.88	30.12	29.39	28.71	28.18	28.00	
110.00	104.60	99.35	94.12	89.18	84.39	80.32	76.77	73.26	69.76	66.29	62.89	59.52	56.22	53.14	50.07	47.06	44.18	41.67	39.39	37.13	34.95	33.38	31.86	30.57	29.56	28.71	28.16	28.03	28.00	
116.00	109.24	103.31	97.41	91.74	86.55	81.67	76.83	72.14	68.03	64.06	60.55	57.15	53.78	50.58	47.39	44.63	41.98	39.45	37.18	35.44	33.84	32.30	30.96	29.65	29.01	28.49	28.12	28.00	
113.00	107.26	101.67	96.18	90.75	85.84	80.96	76.14	71.58	67.37	63.39	59.54	56.27	53.37	50.71	48.12	45.79	43.84	41.91	40.09	38.28	36.51	34.87	33.28	32.09	31.19	30.29	29.38	29.18	29.00	
106.00	99.46	93.30	87.62	82.91	78.75	74.62	70.66	66.80	62.96	59.27	55.75	52.66	49.71	46.78	43.98	41.53	39.27	37.59	35.98	34.79	33.65	32.61	31.62	30.75	30.32	30.00	
109.00	103.49	98.18	93.64	89.17	84.72	80.34	76.08	71.97	67.88	64.04	60.34	56.93	53.88	50.86	47.93	45.19	42.72	40.45	38.71	36.99	35.26	33.86	33.06	32.34	31.71	31.09	31.02	31.00	
109.00	102.63	96.43	90.68	85.03	79.50	74.71	70.50	66.59	62.96	59.61	56.33	53.19	50.41	47.78	45.36	43.07	41.25	39.59	38.27	37.00	35.80	34.70	33.61	32.77	32.10	31.49	31.10	31.00	
116.00	110.68	105.46	100.35	95.38	90.56	85.74	81.23	76.84	72.57	68.50	64.67	61.37	58.26	55.19	52.34	49.78	47.66	45.64	43.62	41.66	39.92	38.20	36.67	35.20	34.09	33.40	33.00	
102.00	96.45	91.31	86.58	82.08	77.59	73.74	69.98	66.28	62.98	59.78	56.62	53.76	51.36	49.08	46.85	44.72	42.73	40.84	39.40	38.36	37.40	36.59	35.85	35.12	34.44	33.82	33.36	33.00	
101.00	95.19	89.79	84.91	80.32	75.88	71.61	67.35	63.22	59.10	55.24	51.66	48.31	45.43	42.98	40.70	38.78	36.96	35.22	33.65	32.16	30.97	29.95	29.34	28.91	28.52	28.14	28.00	
115.00	109.06	103.29	97.64	92.20	87.02	82.15	77.79	73.51	69.27	65.07	60.87	57.53	54.31	51.16	48.24	45.86	43.72	41.83	39.94	38.16	36.38	34.69	33.58	32.74	32.12	32.00	
106.00	100.15	94.91	89.86	85.12	80.46	76.00	71.55	68.12	64.85	61.62	58.83	56.06	53.35	50.75	48.25	45.95	43.75	41.77	39.99	38.52	37.15	35.83	34.68	33.71	33.39	33.16	33.00	
103.00	98.32	93.73	89.15	84.81	80.47	76.26	72.12	68.09	64.09	60.47	56.90	53.41	49.99	46.71	43.46	40.70	38.35	36.45	34.80	33.22	32.16	31.16	30.24	29.84	29.56	29.30	29.08	29.00	
116.00	110.44	105.15	100.26	95.42	90.59	85.80	81.20	76.68	72.62	68.64	64.69	60.76	57.54	54.63	51.84	49.11	46.53	44.04	41.63	39.31	37.06	35.35	33.83	32.53	31.53	31.07	30.66	30.30	30.00	
119.00	112.93	106.89	101.33	95.90	90.58	85.35	80.39	75.49	70.97	66.45	62.12	57.88	53.97	50.28	46.93	43.99	41.17	39.25	37.68	36.13	34.65	33.51	32.53	31.58	30.81	30.40	30.13	30.00	
122.00	115.66	109.44	103.32	97.65	92.37	87.60	82.84	78.15	73.54	69.02	64.62	60.25	56.27	52.30	48.82	45.80	42.98	40.39	38.03	35.76	34.56	33.50	32.79	32.43	32.18	32.00	
113.00	107.63	102.83	98.08	93.73	89.43	85.22	81.03	76.85	73.02	69.28	65.75	62.35	59.02	55.98	53.08	50.22	47.45	45.00	43.08	41.22	39.38	37.60	35.94	34.63	33.34	32.17	31.05	30.00	
122.00	115.33	109.18	103.31	97.50	91.89	86.91	82.18	77.49	73.10	68.78	64.67	60.89	57.77	54.65	51.88	49.13	46.46	43.94	41.45	39.15	36.87	34.81	32.77	31.14	29.72	28.47	28.05	28.00	
116.00	110.75	105.73	100.83	96.03	91.28	86.73	82.27	77.85	73.50	69.17	65.10	61.09	57.35	53.87	50.40	46.94	43.69	40.97	38.42	36.30	34.29	32.64	31.39	30.26	29.45	29.00	
109.00	103.51	98.22	92.92	88.20	83.66	79.16	74.83	70.60	66.51	62.55	59.41	56.30	53.20	50.19	47.19	44.98	43.00	41.21	39.47	38.18	36.91	35.72	34.68	33.68	32.80	32.04	31.47	31.00	
113.00	107.52	102.17	96.89	91.97	87.14	82.47	78.10	73.75	69.40	65.15	61.01	57.36	54.50	51.83	49.20	46.75	44.30	42.15	40.16	38.28	36.68	35.41	34.23	33.48	33.17	33.00	
101.00	95.90	90.92	86.19	81.86	77.97	74.15	70.33	66.56	62.97	59.67	56.39	53.62	51.05	48.84	46.73	44.69	42.75	40.92	39.30	37.82	36.39	35.08	33.93	33.33	33.05	33.00	
114.00	108.59	103.21	97.86	92.66	87.59	82.65	77.89	73.19	68.83	64.60	60.83	57.10	53.74	50.63	47.60	45.14	42.68	40.46	38.57	36.72	35.03	33.54	32.33	31.60	30.93	30.28	30.04	30.00	
113.00	108.16	103.35	98.66	93.99	89.37	84.91	80.49	76.30	72.31	68.67	65.06	61.51	58.10	55.20	52.34	49.61	46.87	44.49	42.27	40.20	38.25	36.38	35.01	34.26	33.52	33.00	
114.00	107.43	100.93	94.86	89.46	84.31	79.33	74.75	70.41	66.24	62.31	58.45	54.81	51.23	47.94	44.87	42.05	39.54	37.38	35.68	34.33	33.52	32.72	32.11	31.60	31.09	31.00	
104.00	99.21	94.41	89.89	85.49	81.12	76.93	72.79	69.16	65.74	62.54	59.49	56.78	54.23	51.93	49.69	47.53	45.44	43.48	41.60	39.83	38.05	36.37	34.75	33.51	32.91	32.50	32.23	32.09	32.00	
115.00	109.11	103.35	97.78	93.00	88.24	83.49	78.74	74.10	69.82	65.93	62.33	58.87	55.66	52.47	49.73	47.12	44.51	41.99	39.63	37.48	35.43	33.47	31.82	30.19	29.41	28.65	28.25	28.09	28.00	
112.00	105.23	99.17	93.49	88.33	83.40	78.55	73.85	69.61	65.63	61.70	57.87	54.04	50.30	46.80	44.09	41.72	39.88	38.26	36.74	35.39	34.07	32.75	31.52	30.98	30.48	30.00	
104.00	99.42	94.90	90.79	86.78	82.95	79.13	75.32	71.69	68.15	64.66	61.22	57.82	54.55	51.46	48.55	45.67	43.06	40.49	37.97	35.71	33.49	31.59	30.64	29.81	29.24	28.70	28.27	28.00	
115.00	106.54	98.72	92.16	86.25	80.44	74.62	68.95	63.49	58.77	54.17	49.81	46.84	43.92	41.00	38.18	35.54	32.99	31.37	30.47	29.85	29.41	29.12	28.83	28.55	28.28	28.03	28.00	
116.00	110.77	105.66	100.59	95.62	90.76	85.97	82.01	78.18	74.37	70.74	67.23	63.74	60.26	56.84	53.69	50.79	47.94	45.22	42.58	40.35	38.29	36.23	34.61	33.36	32.26	31.34	31.17	31.03	31.00	
102.00	96.45	91.07	86.11	81.60	77.20	73.16	69.26	65.64	62.04	58.49	55.07	51.76	48.90	46.66	44.52	42.66	40.83	39.02	37.67	36.37	35.10	33.98	32.92	31.94	31.00	30.17	29.44	29.07	29.00	
113.00	106.77	100.55	94.49	89.01	83.70	78.55	73.59	69.23	64.90	61.48	58.15	54.86	51.60	48.47	45.46	42.54	39.63	37.54	35.70	33.87	32.66	31.48	30.36	29.57	29.10	29.00	
102.00	96.58	91.67	86.92	82.35	77.90	73.50	69.49	65.80	62.57	59.35	56.30	53.29	50.58	48.10	45.91	43.83	41.84	40.00	38.42	36.87	35.62	34.42	33.30	32.51	31.80	31.37	31.00	
110.00	103.10	96.30	89.51	82.78	77.36	72.36	67.51	63.05	59.41	55.93	52.72	49.70	46.88	44.11	41.46	39.05	36.82	34.66	32.60	31.35	30.35	29.61	29.12	28.72	28.33	28.00	
109.00	103.71	98.46	93.28	88.30	83.37	78.47	73.84	69.38	65.40	61.51	57.62	54.17	51.23	48.59	46.45	44.62	42.81	41.19	39.57	38.17	36.89	35.71	34.63	33.64	33.06	33.00	
119.00	112.56	106.14	100.09	95.17	90.38	85.68	81.01	76.52	72.21	67.93	64.29	60.73	57.43	54.26	51.10	48.10	45.11	42.28	39.62	37.21	35.00	33.42	31.89	30.78	30.23	30.00	
119.00	111.24	104.12	97.00	90.52	84.15	77.97	71.94	66.87	61.93	57.17	52.90	49.35	46.19	43.82	41.60	39.40	37.85	36.34	35.02	34.04	33.24	32.66	32.08	31.56	31.10	31.00	
108.00	102.68	97.40	92.22	87.19	82.47	77.83	73.29	69.19	65.40	61.64	58.16	54.98	52.01	49.29	46.72	44.32	41.93	39.79	37.85	36.08	34.39	33.03	32.09	31.25	30.55	29.89	29.42	29.14	29.00	
123.00	115.93	109.30	102.67	96.41	90.15	85.02	80.19	75.50	71.53	67.60	63.74	59.93	56.26	53.57	50.90	48.29	45.69	43.14	40.79	38.57	36.65	34.74	32.91	31.91	31.14	31.00	
122.00	116.40	111.02	105.74	100.51	95.50	90.51	85.71	80.98	76.62	72.63	68.65	64.73	60.82	56.98	53.34	50.02	46.98	44.00	41.23	38.66	36.58	34.83	33.62	32.45	31.41	31.00	
107.00	101.34	95.80	90.40	85.13	80.06	75.17	70.60	66.07	61.96	58.18	54.46	50.76	47.25	44.01	40.80	38.90	37.03	35.51	34.10	32.78	31.53	30.43	29.76	29.40	29.18	29.02	29.00	
107.00	100.67	94.54	89.41	84.32	79.24	74.51	70.06	65.80	61.67	57.98	54.32	50.69	47.50	44.76	42.12	39.93	38.68	37.45	36.38	35.35	34.35	33.70	33.10	32.55	32.18	32.00	
106.00	98.76	93.31	88.10	83.27	78.64	74.13	69.63	65.16	61.26	57.75	54.79	52.28	49.79	47.38	45.39	43.49	41.67	40.03	38.45	36.90	35.38	34.14	33.05	31.96	31.28	30.83	30.42	30.12	30.00	
117.00	110.72	104.67	98.76	93.03	87.45	82.37	77.44	73.18	68.98	65.08	61.55	58.02	54.50	51.63	48.77	45.96	43.74	41.72	40.01	38.39	37.08	36.14	35.28	34.48	33.87	33.29	32.71	32.23	32.00	
120.00	113.18	106.37	100.13	94.30	88.74	83.53	78.35	73.47	68.86	64.26	59.99	56.11	52.52	48.95	46.17	43.60	41.25	38.92	36.75	34.81	33.04	31.42	30.53	29.71	29.07	28.49	28.00	
105.00	98.91	93.48	88.31	83.17	78.55	74.22	70.49	67.08	63.67	60.36	57.14	53.98	50.92	48.12	45.43	42.90	40.40	38.87	37.56	36.48	35.54	34.64	33.79	33.03	32.40	32.10	32.02	32.00	
119.00	113.58	108.65	103.83	99.01	94.37	89.92	85.54	81.20	77.14	73.09	69.06	65.26	61.48	57.86	54.31	50.90	47.68	44.51	41.40	38.73	36.28	33.90	32.78	31.70	30.64	29.78	29.06	29.00	
111.00	106.36	101.85	97.34	92.89	88.48	84.14	79.81	75.51	71.26	67.03	63.02	59.32	55.63	52.09	49.03	46.12	43.40	41.05	38.94	37.03	35.11	33.52	32.02	30.54	29.88	29.25	28.64	28.08	28.00	
120.00	114.29	108.73	103.22	97.82	93.06	88.48	83.99	79.62	75.34	71.10	66.89	62.88	59.26	55.84	52.48	49.15	45.98	43.00	40.27	38.46	36.69	35.37	34.22	33.49	33.02	32.61	32.29	32.00	
108.00	101.47	95.58	89.91	84.42	79.03	74.33	69.69	65.31	61.01	56.73	52.78	49.37	46.26	43.60	41.44	39.56	37.70	36.52	35.41	34.58	33.76	33.03	32.48	32.05	31.64	31.26	31.00	
103.00	98.10	93.31	88.52	83.76	79.10	74.70	70.45	66.83	63.30	60.32	57.42	54.70	52.15	49.79	47.49	45.25	43.18	41.27	39.53	38.09	36.68	35.30	34.18	33.56	33.28	33.12	33.04	33.00	
118.00	110.42	103.04	96.15	90.46	85.05	79.71	74.64	69.78	64.96	60.24	55.57	51.51	47.97	44.60	41.48	39.16	37.27	35.73	34.47	33.76	33.22	32.68	32.24	31.86	31.51	31.29	31.08	31.00	
117.00	110.49	104.05	97.66	91.29	84.98	79.45	74.61	69.91	66.23	62.70	59.22	56.07	52.93	49.85	46.83	44.01	41.58	39.22	37.68	36.23	34.84	33.52	32.38	31.44	30.69	30.33	30.00	
118.00	112.05	106.39	100.75	95.41	90.16	85.10	80.56	76.13	72.02	68.70	65.43	62.29	59.19	56.22	53.36	50.58	47.90	45.38	42.86	40.43	38.06	35.78	33.83	32.02	30.25	28.49	28.00	
115.00	108.49	102.87	97.95	93.36	88.79	84.35	79.96	75.92	72.01	68.14	64.35	60.77	57.55	54.67	51.83	49.10	46.43	44.28	42.16	40.36	38.61	37.01	35.74	34.57	33.50	32.65	31.83	31.34	31.00	
121.00	112.91	104.89	97.66	91.12	85.15	79.71	74.73	69.80	65.64	62.07	58.83	55.78	52.86	50.11	47.44	44.87	42.50	40.30	38.23	36.23	34.92	33.62	32.54	31.52	31.25	31.00	
105.00	99.24	93.54	88.02	82.95	78.07	73.37	68.72	64.19	60.01	56.20	52.48	49.16	46.09	43.80	41.85	39.90	38.23	36.78	35.61	34.47	33.44	32.51	31.59	30.89	30.26	29.82	29.37	29.00	
122.00	116.01	110.14	104.27	98.61	92.99	87.43	82.08	77.18	72.52	67.91	63.38	59.05	55.25	51.77	48.36	44.98	42.14	39.67	37.62	35.59	33.89	32.24	31.00	30.56	30.16	30.00	
110.00	104.45	98.92	93.61	88.58	83.66	79.10	74.55	70.11	65.68	61.30	56.98	53.27	49.76	46.41	43.63	41.29	39.01	37.31	35.78	34.30	33.18	32.07	31.09	30.34	29.69	29.28	29.08	29.00	
109.00	103.29	97.62	92.46	87.39	82.44	77.55	72.98	68.54	64.13	60.48	56.86	53.52	50.21	46.98	43.85	41.04	38.38	35.88	34.73	33.64	32.56	31.50	30.82	30.39	30.02	30.00	
120.00	113.93	107.96	102.06	96.42	91.24	86.25	81.33	76.53	71.75	67.11	62.70	58.31	54.00	49.93	46.51	43.75	41.24	39.33	37.45	35.57	33.76	32.19	30.84	29.88	28.98	28.17	28.00	
105.00	98.71	92.71	87.09	81.60	76.26	71.47	66.75	62.60	58.88	55.35	51.92	48.72	46.76	44.94	43.26	41.81	40.38	39.05	37.85	36.66	35.62	34.62	33.70	32.80	31.93	31.28	31.00	
115.00	109.74	104.54	99.46	94.50	89.56	84.69	79.83	75.02	70.76	66.85	62.95	59.06	55.25	51.75	48.53	45.51	42.75	40.03	37.67	35.42	33.37	31.46	29.98	29.41	28.90	28.47	28.07	28.00	
102.00	96.32	90.69	85.45	81.08	77.01	72.98	69.21	65.63	62.26	59.08	56.03	53.00	50.04	47.55	45.11	42.74	40.43	38.33	36.37	34.49	32.72	30.99	30.03	29.42	29.05	29.00	
122.00	115.81	109.76	103.96	98.16	92.47	87.00	82.60	78.28	74.13	70.03	66.26	62.56	58.86	55.37	52.08	49.33	46.66	44.07	41.70	39.95	38.21	36.52	35.41	34.70	34.11	33.66	33.28	33.00	
118.00	112.95	108.02	103.15	98.34	93.55	89.20	84.93	80.66	76.39	72.24	68.25	64.34	60.58	56.86	53.24	49.72	46.39	43.44	40.99	38.58	36.27	34.21	32.22	30.89	30.00	29.19	28.63	28.15	28.00	
118.00	110.84	103.96	97.18	90.99	84.86	78.78	73.11	67.68	62.50	57.59	52.81	48.15	43.82	40.85	38.91	37.01	35.31	33.72	32.21	31.15	30.20	29.39	28.88	28.39	28.09	28.02	28.00	
116.00	110.90	105.82	101.01	96.66	92.39	88.27	84.20	80.17	76.31	72.50	68.74	65.28	62.06	58.90	55.88	53.11	50.36	47.64	45.00	42.53	40.21	38.10	36.58	35.19	34.29	33.63	33.15	33.01	33.00	
114.00	108.32	102.77	97.30	91.92	86.55	81.55	76.56	71.97	67.83	63.98	60.28	56.66	53.45	50.43	47.67	45.17	43.16	41.16	39.47	37.93	36.43	35.16	33.98	32.93	32.31	31.92	31.55	31.24	31.00	
116.00	110.30	104.73	99.18	93.77	88.67	83.79	79.03	74.35	70.14	66.02	62.08	58.35	54.63	51.40	48.28	45.18	42.31	40.17	38.39	36.76	35.38	34.22	33.52	33.19	33.05	33.00	
113.00	106.96	101.11	95.97	91.08	86.21	81.45	76.93	72.54	68.15	64.04	60.38	56.81	53.33	50.03	47.09	44.66	42.54	40.44	38.60	37.16	35.86	34.67	33.63	32.70	31.77	31.09	31.00	
105.00	99.90	95.11	90.41	86.07	81.81	77.74	73.70	69.86	66.12	62.55	59.39	56.41	53.54	50.72	48.15	45.66	43.50	41.37	39.40	37.43	35.53	33.66	32.29	31.07	30.33	29.65	29.00	
122.00	113.95	106.22	99.42	92.84	86.39	80.50	74.63	68.91	64.92	61.16	57.61	54.69	51.90	49.22	46.56	43.90	41.45	39.53	37.62	35.84	34.06	32.32	30.78	29.68	28.71	28.37	28.14	28.03	28.00	
123.00	115.60	108.54	102.26	96.81	91.53	86.62	81.97	77.56	73.16	68.81	64.73	61.02	57.68	54.52	51.45	48.77	46.14	43.76	41.63	39.78	38.14	36.81	35.88	34.98	34.21	33.49	33.21	33.00	
116.00	110.45	104.90	99.40	94.29	89.22	84.78	80.39	76.06	71.74	67.68	63.81	59.98	56.75	53.59	50.47	47.36	44.48	41.88	39.80	37.92	36.26	35.39	34.73	34.09	33.58	33.07	33.00	
122.00	115.56	109.11	102.90	96.70	90.87	85.18	79.55	74.28	69.07	64.38	60.12	56.76	53.56	50.51	47.48	44.78	42.15	39.76	37.51	35.44	33.69	31.96	30.34	29.32	28.58	28.34	28.13	28.00	
114.00	108.51	103.24	98.09	93.24	88.54	83.97	79.54	75.21	71.27	67.48	64.15	60.88	57.70	54.68	51.75	49.23	46.93	44.66	42.62	40.76	38.92	37.13	35.63	34.55	34.05	33.61	33.18	33.00	
110.00	103.84	97.88	92.45	87.18	82.16	77.31	72.49	67.82	63.79	60.10	56.80	53.52	50.30	47.33	44.39	41.55	39.03	37.10	35.38	33.97	32.67	31.67	30.75	30.04	29.37	28.85	28.35	28.04	28.00	
123.00	116.26	110.78	105.53	100.62	95.76	91.17	86.60	82.22	78.00	73.83	69.81	65.99	62.17	58.84	55.68	52.64	49.67	46.74	44.06	41.46	39.00	36.71	35.04	33.85	32.74	31.63	31.12	31.00	
108.00	102.43	97.38	92.86	88.40	83.99	80.02	76.22	72.48	68.79	65.16	61.55	58.79	56.08	53.45	51.08	48.89	46.71	44.63	42.69	40.79	38.96	37.15	35.39	33.68	32.20	30.98	29.85	29.00	
111.00	105.22	99.78	94.99	90.33	85.72	81.17	76.81	72.51	68.52	64.73	61.09	57.68	54.77	51.99	49.47	46.99	44.68	42.44	40.41	38.59	36.91	35.33	33.97	32.75	32.33	32.10	32.00	
110.00	104.79	99.92	95.27	90.68	86.19	81.84	77.51	73.53	70.14	66.78	63.64	60.51	57.43	54.35	51.46	48.63	46.10	43.72	41.46	39.24	37.10	35.27	33.76	32.35	31.20	30.44	29.70	29.00	
103.00	97.84	92.70	87.66	82.65	77.69	72.81	68.33	64.36	60.39	56.48	52.66	49.33	46.13	43.02	40.79	38.59	36.43	34.43	32.50	31.35	30.46	29.78	29.15	28.66	28.27	28.00	
113.00	105.93	99.21	93.08	87.17	81.82	77.05	72.37	68.03	63.98	60.11	56.46	52.97	49.66	46.69	43.89	41.10	39.23	37.41	35.66	34.02	32.57	31.27	30.28	29.76	29.29	29.00	
119.00	112.12	105.48	99.50	93.82	88.43	83.44	78.45	73.53	68.85	64.54	60.25	55.99	51.77	48.67	46.40	44.50	42.65	41.08	39.57	38.20	36.87	35.72	34.67	33.97	33.42	33.17	33.00	
112.00	106.03	100.06	94.12	88.74	83.54	78.56	73.74	69.08	64.64	60.37	56.30	52.27	48.56	45.61	43.10	40.72	38.56	36.68	34.83	33.39	32.24	31.78	31.40	31.24	31.10	31.00	
122.00	115.08	108.40	101.77	95.20	88.70	83.44	78.68	74.01	69.56	65.28	61.17	57.30	53.63	50.32	47.43	44.78	42.31	40.18	38.42	36.78	35.17	34.05	32.96	31.95	31.38	31.12	31.00	
113.00	106.19	99.42	92.90	86.44	81.67	76.92	72.43	68.00	63.62	59.35	55.36	51.50	48.10	45.60	43.13	40.98	39.14	37.45	35.87	34.39	32.96	31.78	31.08	30.62	30.23	30.00	
111.00	105.76	100.52	95.35	90.32	85.41	80.71	76.06	71.75	67.98	64.22	60.74	57.57	54.44	51.34	49.03	46.89	44.81	42.75	40.79	38.85	37.01	35.60	34.46	33.37	32.86	32.35	32.00	
107.00	101.93	97.12	92.35	87.79	83.47	79.32	75.34	71.45	68.03	64.65	61.32	58.12	54.98	52.21	49.67	47.26	44.98	42.77	40.61	38.59	36.58	35.15	33.99	32.92	32.05	31.22	30.57	30.07	30.00	
115.00	109.03	103.62	98.73	93.87	89.03	84.48	79.99	75.55	71.18	67.08	63.05	59.08	55.13	51.31	47.77	45.65	43.68	41.98	40.43	38.90	37.56	36.77	36.01	35.28	34.67	34.09	33.54	33.00	
106.00	100.76	95.77	90.93	86.25	81.76	77.33	72.99	68.66	64.59	61.13	58.06	55.18	52.58	50.14	47.71	45.46	43.35	41.37	39.63	38.22	36.84	35.62	34.53	33.62	32.83	32.47	32.22	32.09	32.00	
105.00	100.66	96.61	92.70	88.85	85.25	81.67	78.11	74.56	71.01	67.63	64.28	60.93	57.67	54.83	52.02	49.29	46.72	44.23	42.18	40.24	38.35	36.47	34.95	33.62	32.45	31.36	30.53	30.02	30.00	
101.00	96.18	91.56	86.97	82.51	78.35	74.30	70.33	66.54	63.06	59.90	56.83	53.85	51.05	48.41	45.96	43.53	41.88	40.37	38.90	37.70	36.54	35.39	34.44	33.54	32.87	32.23	31.64	31.28	31.00	
103.00	97.44	91.91	86.66	81.48	76.34	71.33	66.45	62.72	59.02	55.69	52.57	50.24	48.01	45.79	43.65	41.59	39.71	38.23	36.79	35.66	34.69	33.84	33.00	32.20	32.09	32.03	32.00	
113.00	107.10	101.32	95.63	90.07	84.65	79.29	74.15	69.22	64.63	60.04	55.47	51.40	47.43	44.31	41.37	38.92	37.15	35.59	34.32	33.32	32.33	31.38	30.75	30.17	29.70	29.27	29.00	
121.00	112.71	105.15	97.89	91.01	84.72	78.60	73.08	67.62	62.56	58.75	55.19	52.32	49.62	47.09	44.85	42.89	41.00	39.37	37.75	36.49	35.28	34.21	33.28	32.66	32.16	32.00	
121.00	115.65	110.40	105.24	100.10	95.62	91.21	86.91	82.68	78.49	74.57	70.74	67.19	63.70	60.22	56.92	53.74	50.64	47.60	44.62	41.68	39.06	36.57	34.24	32.28	31.12	30.13	29.21	28.36	28.00	
108.00	101.62	95.86	90.14	85.01	80.56	76.20	71.92	67.98	64.27	60.58	56.92	53.50	50.09	47.63	45.38	43.19	41.35	39.53	37.77	36.09	34.48	33.36	32.48	31.63	30.82	30.33	30.03	30.00	
104.00	98.79	93.93	89.09	84.41	79.92	75.48	71.10	67.47	63.94	60.71	57.63	54.63	51.88	49.21	46.65	44.50	42.36	40.61	38.88	37.41	36.19	35.32	34.45	33.70	33.38	33.06	33.00	
113.00	107.04	101.11	95.25	89.87	85.43	81.06	76.75	72.53	68.42	64.60	61.21	57.91	54.97	52.08	49.34	46.65	44.09	41.74	39.81	37.95	36.14	34.35	33.06	32.12	31.41	30.85	30.36	30.10	30.00	
123.00	115.75	109.40	103.13	97.23	91.55	85.89	80.41	75.22	70.17	65.15	61.09	57.24	53.88	50.65	47.50	44.66	42.09	39.91	37.93	36.02	34.72	33.60	32.69	31.87	31.25	31.00	
105.00	99.76	94.71	89.68	84.82	80.02	75.49	71.02	66.66	62.31	59.02	55.80	52.88	50.17	47.71	45.37	43.36	41.71	40.11	38.60	37.11	35.67	34.63	33.84	33.44	33.13	33.00	
120.00	114.27	108.83	103.61	98.45	93.51	88.66	84.06	79.50	75.04	70.58	66.63	62.74	59.16	55.63	52.44	49.33	46.40	43.94	41.77	39.75	37.75	36.19	34.77	33.80	33.26	33.00	
115.00	108.71	102.54	96.63	90.83	85.07	80.46	76.05	71.78	67.58	63.57	59.59	55.88	52.43	49.14	46.15	43.64	41.14	38.79	36.47	34.30	32.83	31.42	30.42	29.55	28.77	28.20	28.00	
101.00	95.83	90.93	86.64	82.45	78.32	74.31	70.97	67.80	64.76	61.74	58.80	56.05	53.44	50.86	48.27	45.78	43.49	41.27	39.32	37.86	36.41	35.04	33.95	33.00	32.16	31.52	31.17	31.04	31.00	
123.00	116.21	109.77	103.52	97.43	92.04	87.23	82.51	77.80	73.17	68.83	64.94	61.35	58.03	54.99	51.97	49.34	46.74	44.52	42.44	40.41	38.80	37.34	36.03	34.79	33.56	32.62	31.94	31.31	31.00	
107.00	101.42	96.75	92.18	87.67	83.42	79.27	75.33	71.45	67.58	63.73	60.37	57.25	54.17	51.31	48.54	45.97	43.71	41.69	39.87	38.11	36.38	34.73	33.11	31.60	30.74	30.35	30.08	30.01	30.00	
109.00	103.48	98.11	92.95	87.81	82.69	77.60	72.64	67.87	63.17	58.60	54.30	50.37	46.72	43.69	40.91	39.01	37.17	35.35	33.79	32.33	31.14	30.26	29.73	29.40	29.16	29.00	
123.00	117.04	111.12	105.27	99.70	94.26	89.24	84.28	79.33	74.62	70.18	65.88	61.60	57.34	53.26	49.48	45.82	42.84	40.04	38.03	36.15	34.30	33.01	31.89	30.98	30.16	29.49	29.05	29.00	
114.00	107.95	102.44	96.94	91.52	86.27	81.17	76.62	72.14	67.68	63.32	59.12	55.07	51.53	48.24	45.24	42.58	40.76	39.05	37.40	35.85	34.36	33.38	32.57	31.94	31.37	31.00	
112.00	106.52	101.08	95.67	90.40	85.33	80.34	75.38	70.61	66.04	61.70	57.65	53.62	49.76	46.56	44.06	41.64	39.54	37.59	35.66	34.09	32.57	31.56	30.64	30.35	30.20	30.06	30.00	
116.00	110.40	104.88	99.41	93.97	88.72	83.54	78.92	74.33	69.84	65.52	61.52	57.55	53.72	49.91	46.16	42.45	39.98	37.97	36.23	34.61	33.19	32.52	31.89	31.68	31.46	31.25	31.10	31.00	
107.00	101.91	97.00	92.29	87.61	83.08	78.62	74.58	70.70	66.81	62.96	59.26	55.67	52.22	49.36	47.01	44.69	42.44	40.48	38.77	37.13	35.57	34.10	32.80	31.66	30.60	29.91	29.24	29.03	29.00	
112.00	106.65	101.34	96.06	90.83	86.02	81.63	77.24	73.69	70.16	66.83	63.65	60.51	57.56	54.80	52.07	49.52	47.01	44.57	42.47	40.52	38.91	37.36	35.85	34.41	33.01	31.97	30.97	30.47	30.00	
115.00	109.50	104.21	99.07	94.07	89.10	84.62	80.36	76.16	71.98	67.91	63.86	59.87	56.41	53.01	49.67	46.56	43.96	41.44	38.94	37.12	35.56	34.52	33.52	32.53	32.02	32.00	
103.00	97.87	92.96	88.25	83.64	79.05	74.91	70.82	67.14	63.53	60.02	56.53	53.21	50.25	47.54	44.86	42.36	40.35	38.65	37.49	36.48	35.66	34.93	34.25	33.80	33.37	33.00	
104.00	98.92	93.95	89.44	85.01	80.59	76.60	72.66	68.86	65.15	61.48	57.84	54.27	50.83	47.43	44.12	41.93	39.84	38.05	36.44	34.89	33.67	32.47	31.30	30.32	29.66	29.03	28.51	28.00	
123.00	116.41	109.98	103.76	97.75	91.76	85.80	80.36	75.08	70.25	65.44	60.65	56.05	52.41	48.77	46.18	43.62	41.20	38.84	36.77	34.74	32.76	30.92	29.97	29.38	28.86	28.38	28.00	
108.00	101.80	96.25	90.93	85.84	81.37	76.97	73.17	69.57	66.00	62.53	59.10	55.71	52.36	49.05	45.79	42.94	40.10	37.32	35.21	33.32	31.79	30.69	29.80	29.18	28.68	28.19	28.00	
104.00	99.02	94.19	89.39	84.98	80.83	76.95	73.12	69.42	65.92	62.74	59.57	56.58	53.80	51.14	48.65	46.21	43.87	41.67	39.69	38.22	36.79	35.63	34.46	33.33	32.54	31.88	31.48	31.13	31.00	
115.00	109.98	105.00	100.44	96.11	91.83	87.75	83.95	80.20	76.60	73.08	69.73	66.57	63.55	60.66	57.83	55.04	52.40	49.82	47.28	44.93	42.72	40.56	38.83	37.21	35.67	34.22	33.01	32.05	32.00	
110.00	104.31	98.74	93.57	88.45	83.49	78.67	74.19	69.90	65.79	61.88	58.12	54.79	51.51	48.26	45.28	42.51	39.84	37.60	35.60	34.24	32.93	32.10	31.33	30.63	30.08	30.00	
123.00	114.82	106.80	98.97	91.87	85.58	80.37	75.28	70.36	66.14	62.14	58.24	54.43	50.69	47.22	44.35	41.92	39.54	37.48	35.80	34.32	33.39	32.52	31.67	31.43	31.20	31.00	
112.00	106.26	100.53	94.91	89.32	84.30	79.33	74.37	69.85	65.39	61.10	56.84	53.10	49.54	46.65	43.82	41.16	38.77	36.79	34.96	33.19	31.48	29.91	29.33	28.78	28.30	28.06	28.00	
107.00	102.61	98.30	94.14	90.08	86.02	81.96	78.04	74.54	71.05	67.59	64.27	61.02	57.98	55.06	52.60	50.25	47.92	45.68	43.46	41.45	39.48	37.57	36.00	34.62	33.50	33.14	33.00	
105.00	99.33	93.72	88.37	83.52	79.13	75.02	70.92	66.85	62.80	58.75	55.18	52.24	49.67	47.19	44.81	42.55	40.30	38.18	36.51	34.92	33.58	32.33	31.53	30.79	30.11	30.00	
104.00	97.43	91.07	84.76	79.18	74.40	69.88	65.62	61.93	58.65	55.47	52.35	49.36	46.79	44.23	42.07	40.17	38.54	37.32	36.20	35.40	34.74	34.16	33.60	33.26	33.03	33.00	
123.00	116.08	109.31	102.59	96.21	90.07	84.42	78.80	73.26	68.29	63.51	59.55	56.00	52.62	49.68	47.02	44.74	42.48	40.29	38.30	36.41	34.64	32.88	31.51	30.24	29.67	29.10	28.57	28.04	28.00	
118.00	111.56	105.29	99.36	93.72	89.01	84.33	79.78	75.35	71.10	67.18	63.70	60.24	56.95	53.80	50.73	47.70	44.71	41.98	39.65	37.67	35.97	34.36	32.76	31.54	30.53	29.70	28.96	28.36	28.00	
118.00	111.31	105.22	99.25	93.29	87.90	82.66	77.85	73.56	69.76	66.05	62.58	59.55	56.70	53.87	51.23	48.69	46.50	44.35	42.23	40.19	38.25	36.56	35.19	34.01	32.87	31.96	31.32	31.00	
105.00	98.66	92.95	88.05	83.16	78.33	73.53	69.45	65.40	61.51	57.65	53.81	50.39	47.56	44.84	42.21	39.65	38.02	36.47	35.02	33.58	32.21	30.84	29.77	29.15	28.75	28.35	28.16	28.00	
110.00	103.33	96.80	90.41	84.12	78.86	73.73	68.85	64.23	60.15	56.21	53.02	50.08	47.61	45.17	42.77	40.66	38.73	36.96	35.34	34.09	32.93	31.80	30.67	29.69	29.24	29.00	
107.00	101.62	96.63	91.77	87.08	82.62	78.50	74.56	70.61	66.68	62.90	59.19	55.78	52.67	49.70	46.84	44.22	42.02	40.03	38.05	36.37	35.06	33.87	32.69	31.67	30.89	30.48	30.22	30.00	
117.00	111.43	105.97	100.62	95.34	90.18	85.02	79.93	75.32	70.95	66.82	63.23	59.81	56.47	53.31	50.20	47.12	44.56	42.27	40.14	38.52	36.98	35.45	34.04	32.80	31.73	30.90	30.20	30.00	
121.00	115.41	109.84	104.28	98.90	93.68	88.62	83.58	78.56	73.68	68.89	64.51	60.18	55.96	51.84	48.13	44.51	41.15	38.89	36.74	34.83	32.97	31.68	30.59	29.61	28.79	28.38	28.00	
110.00	105.22	100.50	96.03	91.77	87.58	83.77	80.01	76.38	72.86	69.55	66.47	63.51	60.56	57.80	55.04	52.45	49.98	47.55	45.17	42.90	40.90	39.29	37.69	36.16	34.76	33.84	33.01	32.33	32.00	
103.00	98.94	94.91	90.92	86.95	82.99	79.04	75.38	71.74	68.17	64.92	61.96	59.26	56.58	54.17	51.76	49.35	46.99	44.68	42.56	40.44	38.49	36.61	34.83	33.61	32.50	31.54	31.00	31.00	
110.00	104.27	98.98	94.13	89.37	84.64	79.92	75.27	70.87	66.48	62.68	59.06	55.52	52.02	48.54	46.28	44.20	42.18	40.48	38.85	37.40	35.95	34.73	33.53	32.44	31.38	30.34	29.49	29.06	29.00	
112.00	106.58	101.16	95.78	90.47	85.30	80.22	75.60	71.27	67.08	63.03	59.03	55.18	51.39	48.05	44.96	42.22	39.48	37.52	35.66	33.87	32.44	31.17	30.39	29.85	29.53	29.25	29.08	29.00	
103.00	98.16	93.38	88.63	84.00	79.48	75.06	70.79	66.71	62.68	58.96	55.51	52.15	48.81	45.74	42.87	40.21	38.11	36.16	34.61	33.42	32.25	31.26	30.68	30.22	29.79	29.48	29.32	29.16	29.00	
118.00	112.30	106.85	101.98	97.17	92.49	87.94	83.46	79.04	74.67	70.42	66.44	63.01	59.61	56.35	53.43	50.80	48.25	45.74	43.44	41.16	38.94	36.77	35.09	33.55	32.03	31.19	31.00	
107.00	101.04	95.72	90.77	86.02	81.35	76.74	72.64	68.58	64.74	61.41	58.33	55.43	52.87	50.43	48.02	45.64	43.68	41.75	40.05	38.50	37.08	35.89	35.00	34.43	33.92	33.45	33.00	
106.00	100.50	95.07	89.75	84.78	79.85	75.01	70.39	65.99	61.90	58.08	54.41	50.76	47.16	43.82	40.50	38.08	35.83	33.84	32.11	30.77	29.97	29.25	28.65	28.25	28.12	28.02	28.00	
122.00	115.98	110.01	104.05	98.51	93.02	87.54	82.25	77.05	71.96	66.88	62.52	58.61	54.89	51.59	48.34	45.41	42.50	39.64	37.75	36.15	34.94	33.79	32.89	32.52	32.25	32.00	
114.00	106.56	99.64	92.86	86.42	80.77	75.38	70.33	65.34	60.55	56.18	52.66	49.63	47.06	44.75	42.63	40.71	38.81	37.19	35.59	34.09	32.61	31.35	30.11	29.01	28.29	28.14	28.05	28.00	
117.00	110.20	103.69	97.90	92.36	87.01	81.75	76.69	71.64	66.86	62.69	58.55	54.65	50.96	47.65	44.36	41.32	39.25	37.38	36.18	34.99	33.90	32.96	32.28	31.62	30.98	30.50	30.24	30.00	
113.00	108.14	103.38	98.98	94.66	90.53	86.48	82.47	78.49	74.51	70.72	67.16	64.05	61.10	58.17	55.48	52.79	50.14	47.87	45.60	43.40	41.21	39.08	36.95	34.86	32.83	30.88	29.38	29.00	
102.00	97.14	92.28	87.45	82.68	77.95	73.44	69.03	64.76	60.55	56.59	52.69	48.91	45.79	43.05	40.46	38.10	36.18	34.52	33.06	31.76	30.63	29.90	29.28	28.73	28.34	28.04	28.00	
118.00	111.75	105.87	100.06	94.68	89.69	85.14	80.79	76.48	72.25	68.61	65.11	61.76	58.51	55.32	52.16	49.13	46.38	43.73	41.78	39.88	38.21	36.61	35.32	34.26	33.47	33.05	33.00	
116.00	110.79	105.67	100.56	95.74	91.00	86.28	81.64	77.03	72.63	68.23	63.98	59.81	55.66	51.58	48.44	45.45	42.58	39.82	37.33	35.77	34.35	32.94	31.69	30.64	29.72	29.45	29.18	29.01	29.00	
114.00	108.52	103.06	98.19	93.41	88.64	84.15	79.72	75.42	71.52	67.67	63.87	60.43	57.03	53.70	50.41	47.39	44.90	42.71	40.52	38.42	36.33	34.26	32.26	30.29	29.32	29.00	
115.00	108.94	102.88	97.09	91.46	86.00	80.76	75.63	70.74	66.13	61.54	57.51	54.20	50.90	48.00	45.19	42.51	39.96	37.61	35.39	33.46	31.83	30.91	30.08	29.34	28.65	28.24	28.07	28.01	28.00	
123.00	115.86	108.97	102.11	95.28	88.52	82.54	76.66	71.13	65.67	60.56	55.84	51.37	46.96	42.83	38.81	35.90	33.79	32.35	30.94	29.95	29.05	28.59	28.30	28.10	28.05	28.00	
120.00	111.62	104.88	98.62	93.30	88.39	83.51	78.62	73.80	69.09	64.68	60.28	56.26	52.26	48.88	45.61	42.65	40.13	37.96	35.83	33.83	32.35	31.40	30.50	29.82	29.50	29.24	29.00	
121.00	114.72	108.49	102.62	97.01	91.41	85.96	80.63	75.47	70.37	65.45	60.68	56.65	52.85	49.41	45.98	42.64	39.44	37.10	35.45	34.01	32.83	31.72	30.88	30.26	29.69	29.32	29.00	
118.00	110.56	103.83	97.56	91.74	86.34	81.33	76.83	72.50	68.36	64.22	60.39	56.62	53.13	50.07	47.16	44.81	42.69	40.60	38.79	37.08	35.86	34.85	33.92	33.00	32.26	32.01	32.00	
105.00	98.37	92.14	86.33	81.61	76.93	72.30	67.77	63.32	59.49	55.72	52.05	49.05	46.19	43.44	41.02	39.18	37.36	35.84	34.69	33.60	32.70	31.93	31.19	30.45	30.21	30.00	
112.00	106.71	101.58	96.60	91.66	86.93	82.25	77.90	73.68	69.62	65.59	61.75	58.12	54.72	51.51	48.38	45.43	42.54	40.24	38.00	35.98	34.28	32.73	31.22	30.16	29.53	29.10	29.02	29.00	
109.00	101.99	95.68	89.38	83.46	77.79	72.28	67.10	62.07	57.07	52.22	48.62	45.35	42.17	39.87	37.69	36.12	34.55	33.20	32.19	31.26	30.36	29.53	28.96	28.45	28.11	28.00	
120.00	112.93	106.07	99.52	93.14	87.49	82.41	77.53	72.83	68.23	63.80	59.38	55.14	51.09	47.19	43.86	40.52	37.98	36.15	34.61	33.21	32.03	31.01	30.14	29.62	29.35	29.09	29.00	
115.00	108.57	102.32	96.52	90.90	86.15	81.50	77.06	72.99	69.03	65.20	61.62	58.06	54.61	51.75	48.98	46.24	43.84	41.71	39.96	38.58	37.26	36.20	35.38	34.70	34.15	33.66	33.26	33.00	
110.00	104.51	99.18	93.95	88.88	83.95	79.05	74.38	70.29	66.57	62.87	59.46	56.30	53.47	50.83	48.22	45.62	43.13	40.67	38.47	36.74	35.02	33.69	32.35	31.24	30.27	30.00	
114.00	108.61	103.55	98.57	93.66	89.24	84.81	80.71	76.73	72.76	68.81	64.94	61.40	57.87	54.44	51.03	48.29	45.79	43.30	41.06	38.88	37.08	35.40	33.75	32.36	30.99	30.28	29.75	29.27	29.00	
119.00	114.21	109.51	104.99	100.51	96.11	91.76	87.44	83.44	79.56	75.73	71.93	68.15	64.45	60.87	57.32	53.85	50.40	47.26	44.29	41.66	39.67	37.87	36.33	34.89	33.66	32.65	32.04	32.00	
104.00	99.19	94.39	89.68	85.05	80.62	76.26	72.49	68.77	65.20	61.79	58.56	55.52	52.87	50.41	47.96	45.75	43.62	41.68	39.93	38.42	37.02	35.75	34.56	33.41	32.56	32.17	32.07	32.00	
107.00	100.66	94.52	88.51	82.56	77.10	72.18	67.62	63.89	60.51	57.29	54.19	51.27	48.46	45.86	43.54	41.31	39.26	37.41	35.63	33.95	32.45	31.05	30.06	29.40	29.11	29.05	29.00	
121.00	113.93	107.27	100.84	95.37	90.06	85.05	80.47	75.94	71.48	67.50	63.74	60.10	56.68	53.41	50.16	47.19	44.64	42.30	39.96	37.63	35.65	33.78	32.16	30.55	29.44	28.52	28.00	
119.00	113.57	108.23	103.06	97.90	93.38	89.10	84.89	80.77	76.67	72.64	68.63	64.67	60.76	57.06	53.83	50.84	47.86	44.88	42.00	39.30	36.94	35.46	33.98	32.73	31.50	30.77	30.06	30.01	30.00	
122.00	115.79	109.71	103.65	97.70	92.32	87.53	82.97	78.48	74.01	69.54	65.27	61.21	57.69	54.23	50.98	48.09	45.22	42.59	39.96	38.05	36.23	34.44	32.87	31.54	30.40	29.46	28.82	28.40	28.00	
108.00	102.06	96.42	90.91	85.85	80.99	76.19	71.48	67.25	63.64	60.04	56.62	53.34	50.68	48.20	46.05	43.93	41.88	39.89	38.37	36.88	35.47	34.54	33.83	33.22	32.65	32.23	32.00	
114.00	107.48	101.04	94.84	88.97	83.34	78.35	73.39	68.67	64.19	60.44	56.86	53.35	50.50	48.22	45.97	44.13	42.36	40.61	38.95	37.35	35.91	34.98	34.25	33.68	33.16	33.00	
111.00	104.37	97.94	92.53	87.20	82.59	78.02	73.58	69.33	65.11	61.09	57.24	53.57	49.98	46.41	43.12	40.69	38.31	36.12	34.45	32.91	32.04	31.23	30.43	30.15	30.03	30.00	
115.00	108.24	101.51	94.78	88.54	82.47	76.44	70.69	66.20	61.74	57.31	53.39	49.87	46.55	43.85	42.10	40.35	39.29	38.24	37.29	36.36	35.46	34.70	34.07	33.45	33.05	33.00	
108.00	101.28	94.63	88.93	83.26	77.90	73.04	68.54	64.36	60.46	56.82	53.79	50.86	48.04	45.37	42.99	40.89	39.06	37.45	35.89	34.46	33.29	32.23	31.28	30.39	30.10	30.00	
101.00	96.13	91.55	87.04	82.86	79.03	75.21	71.52	67.95	64.39	60.85	57.43	54.17	51.04	48.29	45.66	43.15	40.86	38.99	37.13	35.35	33.81	32.34	31.22	30.24	29.43	28.66	28.00	
110.00	104.76	99.54	94.42	89.37	84.32	79.53	74.89	70.25	65.65	61.43	57.37	53.98	50.86	47.89	45.26	42.79	41.07	39.34	37.95	36.80	35.81	35.15	34.54	33.99	33.54	33.26	33.07	33.00	
119.00	113.51	108.28	103.14	98.68	94.24	89.84	85.50	81.43	77.40	73.75	70.14	66.57	63.17	59.81	56.66	53.51	50.39	47.33	44.42	41.66	39.31	37.66	36.13	34.91	34.22	33.54	33.06	33.00	
107.00	102.22	97.50	93.20	88.92	84.79	80.67	76.71	72.98	69.60	66.24	63.05	60.08	57.13	54.23	51.36	48.64	46.41	44.18	41.96	39.84	38.21	36.70	35.44	34.32	33.78	33.37	33.09	33.01	33.00	
103.00	97.32	91.74	86.24	81.54	77.07	72.65	68.32	64.60	60.99	57.41	54.02	50.91	48.53	46.19	43.94	41.68	39.58	37.51	35.48	33.68	32.12	30.88	29.85	28.96	28.36	28.09	28.00	
105.00	99.99	95.24	90.71	86.28	82.35	78.47	74.83	71.30	67.84	64.46	61.15	58.19	55.24	52.29	49.36	46.65	44.13	42.03	40.04	38.18	36.47	34.79	33.30	32.28	31.59	30.99	30.44	30.00	
111.00	105.21	99.52	93.99	88.69	83.62	79.02	74.45	70.17	65.94	61.73	57.80	53.90	50.29	47.07	43.99	41.31	38.69	36.12	34.24	32.57	31.37	30.25	29.53	28.89	28.47	28.14	28.00	
101.00	95.70	90.61	85.56	80.86	76.41	72.06	67.90	63.97	60.26	56.79	53.95	51.40	49.31	47.22	45.21	43.23	41.26	39.39	37.60	36.07	34.73	33.46	32.18	31.09	30.30	29.67	29.11	29.00	
113.00	106.51	100.11	94.23	88.66	83.64	78.89	74.30	70.37	66.50	62.65	58.93	55.28	51.64	48.24	45.16	42.32	39.97	38.08	36.37	34.98	33.80	32.62	31.47	30.55	29.77	29.42	29.24	29.10	29.00	
103.00	98.44	93.91	89.40	84.90	80.40	76.09	72.14	68.29	64.53	60.92	57.40	54.31	51.26	48.54	46.49	44.53	42.62	40.72	38.99	37.47	35.99	34.88	34.03	33.56	33.20	33.05	33.00	
119.00	113.54	108.15	102.89	97.79	92.84	88.08	83.48	78.90	74.58	70.55	66.67	62.96	59.28	56.22	53.22	50.45	47.90	45.39	42.99	41.03	39.15	37.35	35.79	34.29	32.81	31.64	30.79	30.15	30.00	
106.00	100.15	94.63	89.35	84.66	80.36	76.19	72.17	68.22	64.63	61.65	58.69	55.78	52.90	50.10	47.38	44.68	42.08	39.95	37.90	35.86	34.61	33.59	32.67	31.93	31.50	31.34	31.20	31.08	31.00	
111.00	105.55	100.16	94.95	89.76	84.65	79.54	75.04	70.59	66.37	62.27	58.70	55.50	52.41	49.71	47.16	44.64	42.31	39.98	37.95	36.02	34.24	32.93	31.68	30.63	29.91	29.31	28.76	28.25	28.00	
113.00	107.66	102.74	97.99	93.41	88.97	84.99	81.02	77.11	73.44	69.86	66.33	62.93	59.54	56.19	52.88	50.51	48.31	46.19	44.07	42.23	40.44	38.66	36.98	35.60	34.83	34.09	33.38	33.14	33.00	
122.00	115.94	109.94	103.97	98.03	92.39	87.23	82.22	77.37	72.73	68.41	64.26	60.17	56.45	52.75	49.08	45.67	42.44	39.45	37.54	35.73	34.33	33.24	32.38	31.53	30.72	30.40	30.11	30.00	
120.00	113.59	107.25	101.47	95.83	90.98	86.23	81.51	77.14	72.88	68.71	64.64	60.71	57.13	53.71	50.73	47.97	45.58	43.30	41.06	38.83	36.60	34.42	32.60	31.09	29.72	29.00	
106.00	99.45	93.07	86.94	81.29	76.20	71.37	66.85	62.33	58.28	54.39	50.59	47.33	44.34	41.94	39.83	37.86	36.01	34.48	33.40	32.34	31.31	30.43	29.89	29.37	29.19	29.00	
115.00	108.94	102.91	97.34	92.17	87.11	82.33	77.69	73.20	69.22	65.26	61.34	57.81	54.47	51.14	48.27	45.53	42.95	40.45	38.42	36.72	35.15	33.89	32.67	31.46	30.35	29.42	29.21	29.06	29.00	
105.00	100.20	95.39	90.93	86.47	82.26	78.08	74.00	70.28	66.76	63.35	59.97	56.80	53.83	50.92	48.38	45.95	44.25	42.61	41.09	39.75	38.69	37.66	36.78	35.94	35.27	34.60	33.98	33.41	33.00	
101.00	96.33	91.67	87.04	82.76	78.48	74.27	70.39	66.58	62.96	59.72	56.52	53.46	50.40	47.48	44.68	42.34	40.01	38.27	36.76	35.35	33.99	32.91	31.83	30.79	29.89	29.06	28.53	28.21	28.00	
107.00	101.34	96.02	90.82	86.33	81.98	77.65	73.37	69.13	65.58	62.30	59.07	56.05	53.04	50.51	48.14	45.77	43.58	41.52	39.48	37.50	35.56	33.65	32.38	31.43	30.63	29.87	29.40	29.17	29.00	
109.00	103.67	98.36	93.18	88.01	83.42	79.03	74.74	70.64	66.66	62.81	59.58	56.39	53.20	50.35	47.72	45.16	42.61	40.64	38.83	37.39	36.01	34.98	34.34	33.77	33.25	33.00	
103.00	97.07	91.22	85.84	80.67	75.83	71.20	66.94	62.71	58.98	55.38	51.91	48.68	45.80	43.28	40.91	38.63	36.36	34.25	32.64	31.65	30.77	30.14	29.72	29.38	29.10	29.00	
101.00	95.79	90.60	86.46	82.32	78.41	74.58	70.76	67.15	63.83	60.55	57.33	54.26	51.22	48.37	46.00	43.82	41.69	39.67	37.81	36.02	34.76	33.74	32.76	32.04	31.43	31.21	31.00	
117.00	110.26	103.55	97.35	91.34	85.37	79.40	74.17	69.73	65.35	61.13	57.10	53.33	49.91	47.09	44.54	42.09	39.78	38.03	36.39	34.89	33.57	32.94	32.31	31.78	31.47	31.19	31.03	31.00	
103.00	98.13	93.28	88.44	83.66	78.89	74.46	70.08	66.56	63.11	59.67	56.59	53.90	51.52	49.21	46.95	44.79	42.82	41.38	39.97	38.71	37.47	36.43	35.43	34.57	33.78	33.35	33.03	33.00	
114.00	107.97	102.28	96.71	91.23	86.18	81.32	76.47	71.71	66.97	62.45	57.97	53.79	49.99	46.95	43.92	40.97	39.36	37.77	36.38	35.21	34.11	33.11	32.34	31.57	30.85	30.39	30.00	
116.00	109.82	103.98	98.18	92.39	86.90	81.56	76.43	71.49	66.87	62.51	58.23	54.08	50.56	47.06	44.46	41.95	39.89	38.05	36.39	34.83	33.32	31.82	30.82	30.07	29.40	29.00	
113.00	106.57	100.30	94.47	88.68	83.47	78.46	73.86	69.47	65.13	61.07	57.15	53.68	50.28	47.15	44.17	41.69	39.48	37.50	35.62	33.84	32.59	31.37	30.89	30.42	29.97	29.58	29.32	29.10	29.00	
120.00	113.96	107.99	102.06	96.23	90.69	85.54	81.07	76.67	72.29	67.94	63.62	59.43	55.40	51.52	48.19	45.44	42.96	40.56	38.20	36.07	34.49	33.29	32.34	31.41	31.01	31.00	
108.00	103.01	98.08	93.17	88.30	83.58	79.01	74.59	70.18	66.45	62.80	59.26	55.80	52.44	49.16	46.24	43.37	40.99	38.99	37.00	35.72	34.54	33.49	32.79	32.27	31.76	31.27	31.00	
106.00	100.27	94.75	89.24	83.92	78.69	73.64	68.94	64.26	60.19	56.18	52.23	48.66	45.35	42.25	39.54	37.59	35.89	34.57	33.33	32.30	31.29	30.54	29.85	29.34	29.12	29.00	
111.00	104.73	98.60	92.79	87.61	82.44	77.63	73.23	69.57	66.10	62.67	59.23	55.89	52.94	50.03	47.23	44.59	42.10	39.81	37.62	35.70	34.54	33.49	32.63	31.85	31.24	30.70	30.28	30.00	
104.00	99.42	95.04	90.66	86.33	82.02	77.71	73.52	69.59	65.68	61.93	58.43	55.21	52.11	49.46	47.20	45.00	42.87	40.79	39.06	37.35	35.84	34.34	32.89	31.53	30.47	29.49	28.54	28.01	28.00	
123.00	115.89	108.79	102.44	96.34	90.46	84.89	79.49	74.33	70.38	66.58	62.81	59.08	55.42	52.32	49.42	46.58	43.79	41.36	39.30	37.72	36.18	34.73	33.80	33.13	32.48	31.88	31.50	31.13	31.00	
103.00	98.27	93.59	88.93	84.57	80.30	76.44	72.80	69.26	65.75	62.36	59.04	55.82	52.62	49.53	46.45	43.41	40.47	37.66	35.18	33.79	32.41	31.56	30.90	30.24	29.76	29.27	29.00	
117.00	111.70	106.68	101.69	96.82	92.04	87.29	82.67	78.40	74.21	70.04	66.15	62.56	59.30	56.10	53.05	50.10	47.63	45.29	42.97	41.15	39.80	38.45	37.21	36.06	34.95	33.87	33.35	33.00	
103.00	96.83	91.11	86.09	81.15	76.65	72.36	68.14	64.00	60.32	56.86	53.42	49.98	46.78	43.92	41.29	38.86	37.01	35.85	34.68	33.70	32.74	31.91	31.08	30.26	29.46	28.68	28.00	
108.00	102.87	98.15	93.57	89.13	84.71	80.31	76.11	71.98	67.94	63.98	60.06	56.62	53.43	50.33	47.43	44.56	41.89	39.43	37.13	35.01	33.50	32.12	30.76	29.86	29.06	28.59	28.11	28.05	28.00	
105.00	100.24	95.53	90.82	86.66	82.65	78.92	75.32	71.79	68.31	64.98	61.89	58.97	56.19	53.45	50.79	48.23	45.73	43.49	41.70	39.91	38.53	37.22	36.05	35.11	34.27	33.74	33.27	33.00	
121.00	114.84	109.28	104.03	98.99	93.94	88.94	84.40	80.22	76.27	72.38	68.75	65.31	61.88	58.57	55.64	52.70	49.87	47.18	44.96	42.79	40.71	38.63	36.84	35.46	34.21	33.18	32.57	32.00	
101.00	96.66	92.37	88.20	84.13	80.17	76.41	73.00	69.77	66.63	63.59	60.64	57.72	55.13	52.57	50.15	47.79	45.69	43.62	41.56	39.75	37.99	36.31	34.88	34.19	33.60	33.25	33.00	
108.00	102.48	96.97	91.55	86.25	81.23	76.44	71.76	67.68	63.74	59.89	56.13	52.63	49.16	45.97	42.96	40.38	37.81	35.47	33.22	31.52	30.48	29.78	29.16	28.78	28.45	28.13	28.00	
115.00	109.12	103.63	98.25	93.00	87.76	82.83	77.95	73.21	68.87	64.61	60.72	56.99	53.58	50.29	47.01	43.76	40.67	37.96	35.97	34.52	33.25	32.05	30.95	29.93	29.21	28.55	28.00	
113.00	106.92	100.91	95.07	89.49	84.13	78.77	73.67	68.72	64.05	59.99	56.45	52.96	49.71	46.78	44.35	42.05	40.34	38.63	36.97	35.49	34.17	33.28	32.52	31.82	31.26	31.01	31.00	
103.00	98.45	93.93	89.49	85.14	81.21	77.30	73.67	70.04	66.42	63.05	59.81	56.61	53.59	50.68	47.90	45.23	42.95	40.87	39.03	37.23	35.61	34.01	32.71	32.04	31.54	31.27	31.11	31.00	
106.00	101.02	96.22	91.66	87.18	83.09	79.02	75.12	71.48	68.15	64.87	61.67	58.47	55.34	52.22	49.23	46.72	44.40	42.17	39.95	37.93	35.92	34.59	33.74	33.06	32.42	31.80	31.27	31.01	31.00	
104.00	98.83	93.75	88.76	84.12	79.65	75.22	71.21	67.25	63.50	59.81	56.18	52.95	49.75	46.65	43.76	40.93	38.55	36.44	35.00	33.65	32.41	31.25	30.42	30.00	29.65	29.38	29.12	29.00	
105.00	99.27	93.59	88.09	82.73	77.46	72.34	67.77	63.76	59.98	56.51	53.24	50.32	47.42	44.78	42.57	40.43	38.38	36.59	35.06	33.55	32.28	31.10	30.01	28.96	28.29	28.06	28.00	
118.00	111.49	105.12	99.12	93.20	87.39	81.98	76.77	72.85	69.27	65.95	62.76	59.77	56.86	53.95	51.09	48.36	46.02	43.73	41.55	39.45	37.76	36.56	35.40	34.45	33.52	32.79	32.23	32.00	
114.00	107.68	101.93	96.20	90.49	85.10	80.20	75.48	70.97	66.51	62.10	58.17	54.51	51.01	47.56	44.89	42.62	40.66	38.73	36.96	35.60	34.26	33.06	31.90	30.79	30.10	30.00	
120.00	114.25	108.52	102.96	97.80	92.76	87.79	82.96	78.27	73.79	69.53	65.36	61.60	58.18	54.86	51.65	48.63	45.62	42.96	40.41	38.55	36.72	35.17	33.72	32.51	31.37	30.72	30.16	30.01	30.00	
107.00	101.71	96.49	91.51	86.55	81.67	76.90	72.65	68.69	64.85	61.14	57.46	54.02	50.84	47.88	45.16	42.49	40.30	38.12	36.43	34.79	33.22	32.10	31.07	30.13	29.38	29.22	29.10	29.00	
115.00	108.36	102.03	96.36	90.80	85.51	80.77	76.17	71.69	67.36	63.53	59.94	56.61	53.41	50.45	47.60	44.86	42.75	40.90	39.06	37.22	35.54	34.90	34.33	33.77	33.28	33.00	
104.00	98.12	92.44	87.07	81.82	76.90	72.01	68.05	64.09	60.22	56.69	53.33	50.09	47.28	44.66	42.08	39.73	37.81	35.91	34.20	33.21	32.31	31.57	30.95	30.49	30.33	30.18	30.06	30.00	
104.00	99.29	94.74	90.20	85.71	81.24	77.29	73.49	69.79	66.10	62.44	58.85	55.69	53.07	50.49	47.93	45.60	43.58	41.70	39.82	38.02	36.67	35.38	34.34	33.45	32.56	31.70	30.85	30.01	30.00	
102.00	97.14	92.49	87.98	83.49	79.34	75.21	71.18	67.39	64.07	61.21	58.53	55.98	53.67	51.38	49.24	47.15	45.20	43.27	41.35	39.48	37.62	36.02	34.56	33.13	31.93	30.77	30.37	30.10	30.00	
116.00	110.02	104.10	98.38	92.90	87.94	83.05	78.47	74.02	69.70	65.40	61.74	58.13	54.87	51.77	48.75	45.82	43.45	41.57	39.72	37.87	36.54	35.35	34.24	33.14	32.46	32.11	32.02	32.00	
110.00	104.47	98.97	93.60	88.49	83.50	78.50	73.55	69.01	64.66	60.69	57.19	54.39	51.69	49.01	46.41	44.05	41.73	39.73	37.82	36.13	34.61	33.12	32.02	31.01	30.19	29.39	28.63	28.19	28.00	
114.00	108.05	102.27	96.55	90.96	85.44	80.22	75.62	71.28	66.99	63.07	59.30	55.83	52.69	49.94	47.43	45.30	43.20	41.10	39.09	37.23	35.37	33.85	32.43	31.07	30.07	29.57	29.10	29.00	
103.00	97.93	92.95	88.31	84.05	79.82	75.61	71.68	67.90	64.15	60.41	56.83	53.25	49.81	46.99	44.54	42.45	40.46	38.54	36.85	35.31	33.82	32.58	31.44	30.49	29.70	29.20	29.00	
103.00	98.41	94.01	89.72	85.43	81.16	77.09	73.36	69.64	66.01	62.49	59.00	55.90	52.89	49.95	47.03	44.65	42.56	40.65	38.81	37.10	35.58	34.28	33.03	31.94	30.89	29.95	29.23	29.00	
111.00	105.46	100.45	95.52	90.78	86.06	81.76	77.69	73.75	69.95	66.18	62.79	59.43	56.09	53.04	50.18	47.37	44.64	42.19	39.81	38.00	36.48	35.31	34.15	33.40	33.17	33.04	33.00	
104.00	98.79	93.80	89.09	84.45	80.23	76.39	72.89	69.47	66.06	62.71	59.40	56.18	53.29	50.54	47.86	45.36	43.11	41.21	39.41	37.73	36.33	35.04	33.77	32.63	31.80	31.31	31.00	
115.00	109.29	103.62	98.16	93.19	88.23	83.42	78.73	74.28	69.91	65.55	61.50	57.51	54.01	50.58	47.88	45.44	43.02	40.63	38.81	37.05	35.31	33.81	33.17	32.53	32.05	32.00	
117.00	111.27	105.89	100.63	95.59	90.67	85.79	80.96	76.14	71.51	66.95	62.45	58.03	53.90	49.91	47.20	44.78	42.57	40.37	38.24	36.35	34.77	33.48	32.36	31.40	30.51	30.22	30.04	30.00	
120.00	113.34	106.72	100.99	95.42	90.33	85.87	81.55	77.37	73.25	69.45	65.71	62.14	58.79	55.51	52.28	49.09	46.26	44.25	42.27	40.37	38.61	37.05	35.58	34.44	33.32	32.59	32.09	32.00	
107.00	101.17	95.50	90.23	85.30	80.50	75.88	71.40	67.44	63.73	60.08	56.79	53.66	50.89	48.55	46.26	44.28	42.47	40.73	39.22	37.71	36.41	35.13	34.00	33.07	32.16	31.25	31.00	
105.00	99.94	95.54	91.23	87.28	83.43	79.62	75.92	72.34	68.84	65.35	62.04	58.96	56.03	53.22	50.51	47.90	45.38	43.09	41.26	39.51	37.84	36.28	34.95	33.62	32.31	31.02	30.30	29.59	29.00	
109.00	103.93	98.94	94.03	89.41	84.95	80.73	76.55	72.54	68.66	64.92	61.39	58.11	55.26	52.50	49.78	47.21	44.67	42.16	39.78	37.55	35.80	34.37	33.14	32.16	31.29	30.62	29.96	29.42	29.00	
120.00	113.86	107.84	101.95	96.11	90.52	84.97	79.55	74.24	69.08	64.22	59.48	55.26	51.37	47.94	45.40	43.16	40.93	38.71	36.56	34.78	33.05	31.66	30.59	29.68	28.81	28.10	28.00	
112.00	105.94	100.14	94.50	89.04	83.76	78.89	74.69	70.50	66.47	62.63	59.05	55.60	52.42	49.55	46.73	44.15	41.62	39.51	37.57	35.83	34.20	32.77	31.45	30.29	29.23	28.54	28.32	28.09	28.00	
118.00	110.86	104.30	97.91	91.95	86.06	80.25	75.06	69.94	65.00	60.38	56.22	52.93	49.66	47.14	44.80	42.60	40.50	38.41	36.46	35.58	34.76	33.96	33.25	32.68	32.23	32.00	
121.00	115.79	110.88	105.99	101.17	96.46	92.04	87.68	83.34	79.51	75.83	72.24	68.67	65.13	61.59	58.38	55.21	52.13	49.15	46.32	43.88	41.58	39.58	37.59	35.99	34.48	33.08	31.79	31.00	
112.00	106.72	101.50	96.51	91.81	87.14	82.52	78.03	73.75	69.89	66.09	62.38	58.68	55.47	52.37	49.67	47.04	44.46	41.92	39.45	37.24	35.57	34.14	32.90	31.67	30.76	30.27	30.11	30.00	
121.00	115.06	109.44	104.20	98.97	93.76	88.61	83.53	79.19	74.86	70.62	66.48	62.46	58.70	54.98	51.62	48.29	45.19	42.13	39.48	36.94	34.79	32.81	31.35	30.01	29.04	28.54	28.06	28.00	
113.00	106.91	100.99	95.30	89.96	84.70	79.76	74.86	70.09	65.65	61.24	56.97	53.82	50.71	48.09	45.56	43.15	41.28	39.48	37.76	36.13	34.78	33.68	33.02	32.42	32.26	32.13	32.06	32.00	
113.00	107.63	102.28	96.95	91.77	86.65	81.54	77.39	73.50	69.68	66.12	62.56	59.03	55.54	52.23	49.14	46.10	43.35	40.79	38.67	36.64	34.99	33.34	31.87	30.73	29.81	29.23	29.04	29.00	
106.00	101.16	96.43	91.84	87.28	82.93	78.85	75.08	71.34	67.87	64.67	61.49	58.34	55.25	52.40	49.59	46.85	44.21	41.90	39.78	37.76	35.73	33.92	32.19	30.55	29.39	28.86	28.36	28.05	28.00	
109.00	103.98	99.08	94.25	89.45	85.26	81.09	77.04	73.27	69.64	66.03	62.59	59.15	56.43	53.73	51.43	49.13	46.88	44.78	42.83	40.94	39.13	37.37	35.93	34.89	33.99	33.23	33.11	33.00	
116.00	110.30	104.69	99.11	93.81	88.72	83.71	78.76	74.22	69.74	65.60	62.27	59.25	56.25	53.34	50.61	47.95	45.39	42.83	40.52	38.65	37.04	35.61	34.49	33.79	33.24	33.05	33.00	
119.00	111.18	103.78	96.59	89.82	83.55	77.91	72.41	68.07	64.29	60.66	57.11	53.71	50.66	47.61	44.62	41.94	39.57	37.52	35.82	34.31	32.87	31.87	30.96	30.10	29.35	29.00	
120.00	113.33	106.99	100.98	95.20	89.50	83.84	78.51	73.25	68.52	64.11	59.93	55.84	52.00	48.65	45.88	43.15	40.64	38.42	36.53	34.85	33.49	32.68	31.96	31.60	31.24	31.07	31.00	
114.00	108.37	102.77	97.69	92.65	87.83	83.13	78.73	74.50	70.35	66.31	62.77	59.28	55.92	52.82	49.75	46.93	44.46	42.39	40.32	38.26	36.29	34.59	33.38	32.22	31.30	31.00	
107.00	102.16	97.89	93.63	89.69	86.08	82.50	79.27	76.05	72.96	69.97	67.11	64.35	61.63	59.05	56.51	54.09	51.73	49.39	47.14	45.01	43.06	41.12	39.23	37.66	36.24	34.97	33.88	33.32	33.00	
104.00	99.54	95.17	91.02	87.11	83.28	79.56	75.89	72.28	68.84	65.55	62.35	59.22	56.13	53.30	50.85	48.42	46.02	43.70	41.39	39.54	38.09	36.74	35.50	34.32	33.33	32.42	32.18	32.05	32.00	
116.00	109.05	102.16	95.84	90.45	85.51	80.83	76.40	72.04	67.77	63.88	60.52	57.27	54.08	51.33	48.62	46.21	43.87	41.73	39.67	37.98	36.33	34.78	33.41	32.29	31.22	30.17	29.16	28.44	28.00	
123.00	115.89	109.29	102.75	96.44	90.60	84.89	79.24	73.60	68.22	62.89	58.16	53.65	49.55	46.20	43.54	41.13	38.82	36.57	34.68	33.03	32.17	31.32	30.65	30.12	29.67	29.33	29.16	29.00	
110.00	105.72	101.47	97.32	93.31	89.32	85.35	81.53	77.79	74.08	70.39	66.76	63.13	59.99	56.99	54.13	51.45	48.87	46.31	44.03	41.77	39.91	38.10	36.52	34.97	33.57	32.88	32.35	32.06	32.00	
110.00	101.94	93.94	87.97	83.12	78.56	74.18	70.19	66.31	62.83	59.73	56.73	53.94	51.31	48.77	46.34	44.09	41.85	39.67	37.88	36.79	35.71	34.94	34.24	33.72	33.33	33.00	
115.00	109.39	103.81	98.37	93.28	88.76	84.40	80.06	75.75	71.55	67.81	64.09	60.58	57.60	54.70	51.88	49.09	46.43	43.79	41.27	39.06	37.13	35.39	34.23	33.13	32.06	32.00	
120.00	112.23	104.66	97.52	91.03	85.49	80.30	75.40	70.81	66.27	62.49	59.01	55.61	52.24	49.75	47.48	45.37	43.47	41.71	40.02	38.43	36.94	35.83	34.93	34.21	33.57	33.18	33.00	
112.00	105.81	99.80	94.04	88.67	83.52	78.52	73.54	68.86	64.19	60.54	56.90	53.29	50.18	47.37	44.77	42.32	40.01	37.71	35.45	33.28	31.50	30.21	29.45	28.99	28.65	28.34	28.04	28.00	
107.00	101.67	96.93	92.28	87.83	83.84	79.87	76.26	72.70	69.28	65.90	62.62	59.52	56.66	53.81	50.97	48.36	45.93	43.66	41.72	40.18	38.70	37.47	36.36	35.41	34.55	33.75	33.18	33.00	
107.00	102.13	97.38	92.74	88.11	83.58	79.32	75.34	71.36	67.59	64.17	60.86	57.67	54.51	51.36	48.41	45.47	43.07	40.78	38.54	36.58	35.70	34.90	34.14	33.46	32.82	32.18	31.58	31.17	31.00	
114.00	107.41	100.85	94.73	88.69	82.77	77.59	73.06	68.70	64.37	60.80	57.35	54.46	52.25	50.17	48.11	46.12	44.26	42.56	40.86	39.22	37.59	36.16	34.87	33.62	32.38	31.38	30.58	30.17	30.00	
115.00	108.67	102.59	96.55	90.74	85.02	79.90	75.21	71.42	67.73	64.34	61.20	58.20	55.19	52.39	50.01	47.71	45.50	43.34	41.62	40.02	38.46	37.21	36.03	35.07	34.15	33.32	33.05	33.01	33.00	
122.00	115.13	108.37	101.62	94.94	88.60	82.95	77.43	72.44	67.63	63.39	59.49	55.63	51.78	47.99	44.79	41.62	39.04	36.83	34.89	33.58	32.86	32.23	31.71	31.40	31.19	31.03	31.00	
118.00	111.24	105.12	99.10	93.36	87.63	82.14	76.86	71.68	67.35	63.03	58.81	54.59	50.89	47.28	44.25	41.69	39.47	37.93	36.57	35.33	34.29	33.30	32.32	31.39	30.60	30.13	30.00	
122.00	115.90	110.02	104.25	98.93	94.05	89.20	84.41	79.72	75.32	71.13	66.94	62.80	58.82	55.17	52.45	49.79	47.21	44.86	42.81	40.77	38.74	36.70	34.94	33.67	32.45	31.85	31.52	31.22	31.00	
102.00	96.90	91.92	87.55	83.36	79.25	75.30	71.65	68.13	64.65	61.20	57.93	54.92	51.95	49.03	46.35	43.75	41.52	39.34	37.17	35.34	33.91	33.31	32.83	32.41	32.19	32.00	
107.00	102.25	97.56	92.95	88.49	84.18	79.89	75.63	71.43	67.34	63.47	59.69	56.53	53.40	50.34	47.43	44.72	42.15	39.75	37.71	35.70	33.97	32.36	30.95	29.88	29.35	29.10	29.00	
109.00	103.17	97.73	92.56	87.97	83.44	79.72	76.02	72.38	68.92	65.54	62.29	59.10	55.96	52.90	50.07	47.25	44.44	41.99	39.57	37.17	34.80	32.67	31.07	29.72	28.45	28.14	28.00	
122.00	115.77	109.78	104.05	98.80	93.68	88.84	84.39	80.06	75.86	71.87	68.08	64.33	60.94	57.66	54.53	51.58	48.86	46.45	44.33	42.23	40.24	38.30	36.86	35.45	34.19	33.39	33.00	
119.00	112.57	106.37	100.40	94.67	89.18	83.95	79.15	74.53	70.45	66.39	62.51	58.71	55.35	52.38	49.47	47.09	44.81	42.72	40.90	39.12	37.49	36.09	34.72	33.45	32.31	31.32	30.55	30.10	30.00	
110.00	104.30	98.79	93.52	88.85	84.30	79.82	75.50	71.44	67.42	63.42	59.80	56.20	53.03	49.85	46.83	44.24	41.88	39.77	37.70	35.64	34.09	32.79	31.52	30.36	29.39	28.71	28.33	28.00	
114.00	108.74	103.58	98.57	93.63	88.75	84.06	79.56	75.40	71.38	67.77	64.17	60.59	57.07	53.65	50.25	46.94	44.07	41.70	39.44	37.35	35.37	33.77	32.40	31.10	30.01	29.00	28.16	28.00	
119.00	112.65	106.44	100.70	95.24	89.98	85.12	80.27	75.51	70.77	66.22	62.07	57.92	54.07	50.85	47.66	44.58	41.83	39.14	36.93	35.36	33.94	32.52	31.36	30.20	29.09	28.00	
117.00	110.66	104.68	98.78	93.00	87.26	81.80	76.45	71.35	66.61	62.11	57.89	54.51	51.28	48.14	45.22	42.44	39.71	37.60	35.52	33.85	32.26	31.11	30.14	29.29	28.69	28.31	28.00	
101.00	95.48	90.02	84.60	79.33	74.45	70.09	65.93	61.86	57.82	54.11	51.18	48.40	45.64	43.41	41.40	39.39	37.87	36.38	35.09	33.95	32.95	31.96	31.18	30.71	30.35	30.12	30.00	
120.00	113.50	107.19	101.30	95.70	90.42	85.27	80.18	75.47	70.84	66.48	62.27	58.11	54.98	51.90	49.12	46.53	44.26	42.32	40.51	38.72	37.19	35.89	34.84	34.02	33.45	32.91	32.46	32.20	32.00	
120.00	114.03	108.21	102.40	96.66	91.73	86.80	82.35	77.91	73.65	69.69	65.75	61.93	58.38	55.36	52.48	49.71	46.96	44.70	42.43	40.43	38.56	36.95	35.41	34.21	33.21	32.28	32.00	
105.00	99.96	94.97	90.22	85.66	81.31	77.00	73.06	69.44	66.55	63.68	60.87	58.08	55.37	52.67	49.97	47.29	44.81	42.47	40.60	38.75	36.98	35.22	33.94	32.71	31.77	30.94	30.20	30.03	30.00	
115.00	108.34	102.04	96.12	90.31	84.94	79.96	75.30	70.68	66.63	62.70	59.07	56.00	52.94	50.29	47.72	45.17	42.63	40.38	38.20	36.07	34.49	32.98	31.80	31.09	30.49	30.00	
108.00	101.52	95.57	90.49	85.48	80.55	75.87	71.88	68.34	64.85	61.39	58.14	55.01	51.93	49.05	46.21	43.53	40.98	38.88	36.86	34.99	33.33	31.83	30.74	29.90	29.11	28.67	28.30	28.00	
107.00	102.00	97.15	92.34	88.00	83.82	80.19	76.62	73.11	69.85	66.64	63.45	60.54	57.65	55.17	52.71	50.34	48.04	45.74	43.55	41.38	39.33	37.41	35.79	34.20	32.97	31.94	31.10	30.29	30.00	
104.00	99.00	94.08	89.30	84.58	80.05	75.91	72.23	68.69	65.18	62.00	58.92	56.05	53.53	51.08	48.69	46.47	44.39	42.49	40.64	38.82	37.07	35.43	33.88	32.68	31.81	31.00	
121.00	114.38	108.12	102.13	96.14	90.22	84.80	79.50	74.48	70.06	65.71	61.40	57.16	53.41	50.20	47.39	44.66	42.30	39.97	37.64	35.42	33.24	31.62	30.69	29.88	29.40	29.08	29.00	
108.00	102.94	98.11	93.43	88.96	84.53	80.22	76.03	72.28	68.77	65.27	61.80	58.53	55.41	52.31	49.31	46.32	44.09	42.34	40.62	39.32	38.03	36.97	35.92	34.96	34.10	33.72	33.40	33.11	33.00	
113.00	107.68	102.42	97.21	92.09	87.03	82.29	77.61	73.11	68.66	64.36	60.26	56.48	52.71	49.91	47.35	44.94	42.54	40.43	38.44	36.75	35.18	33.68	32.22	31.24	30.35	29.64	29.02	28.43	28.00	
104.00	98.43	92.90	87.52	82.23	76.98	71.79	67.58	64.02	60.55	57.21	54.04	50.92	47.86	45.58	43.59	41.71	39.85	38.02	36.20	34.73	33.80	33.22	32.69	32.24	31.85	31.51	31.18	31.09	31.00	
108.00	101.95	96.06	90.33	84.76	80.08	75.53	71.03	66.79	62.58	58.44	55.08	51.73	48.42	45.43	42.45	39.56	36.75	34.96	33.27	31.80	30.63	29.80	29.07	28.53	28.14	28.00	
118.00	111.91	106.31	100.78	95.34	90.13	85.21	80.50	75.86	71.22	67.08	62.97	58.90	55.08	51.66	48.41	45.36	42.91	40.51	38.26	36.41	34.79	33.39	32.33	31.38	30.46	30.00	
110.00	104.12	98.37	93.27	88.24	83.30	78.42	73.62	69.05	64.61	60.43	56.39	52.89	49.43	46.27	43.51	41.02	38.56	36.60	35.00	33.90	32.84	32.27	31.77	31.40	31.11	31.00	
104.00	99.03	94.13	89.25	84.62	80.04	75.77	71.55	67.36	63.26	59.28	55.63	52.19	49.11	46.06	43.08	40.74	38.54	36.52	34.82	33.27	31.91	30.65	29.76	29.07	28.62	28.17	28.00	
116.00	110.19	104.60	99.04	93.49	88.05	83.14	78.41	73.88	69.41	65.38	61.49	57.88	54.35	51.03	47.80	45.00	42.56	40.17	37.91	35.68	33.79	32.15	31.09	30.15	29.37	28.71	28.22	28.00	
103.00	97.36	91.79	86.87	82.19	77.54	73.21	69.02	64.87	61.18	57.67	54.22	50.87	47.96	45.14	42.64	40.36	38.57	36.83	35.14	33.55	32.20	30.90	29.68	29.32	29.05	29.00	
110.00	105.06	100.17	95.38	90.66	86.07	81.61	77.24	73.21	69.65	66.10	62.73	59.61	56.82	54.06	51.42	48.93	46.50	44.22	42.12	40.15	38.19	36.61	35.22	33.87	32.55	31.35	30.40	29.54	29.00	
123.00	117.13	111.45	105.87	100.54	95.27	90.07	85.11	80.16	75.36	70.86	66.43	62.25	58.11	54.65	51.32	48.29	45.35	42.54	39.79	37.64	36.09	34.90	33.73	32.57	31.51	30.58	29.76	29.29	29.00	
112.00	106.15	100.39	94.68	89.42	84.20	79.08	74.06	69.82	65.69	61.69	57.92	54.32	51.35	48.72	46.24	44.33	42.50	40.92	39.39	37.94	36.68	35.79	34.94	34.38	33.83	33.49	33.21	33.09	33.00	
108.00	102.47	97.25	92.37	87.69	83.21	79.02	75.11	71.45	67.89	64.49	61.20	58.06	54.98	52.09	49.28	46.46	43.65	41.00	38.59	36.64	35.72	34.98	34.26	33.63	33.25	33.05	33.00	
103.00	98.87	94.74	90.76	86.85	82.96	79.18	75.44	71.83	68.51	65.35	62.24	59.26	56.29	53.35	50.59	47.98	45.51	43.29	41.44	39.82	38.24	36.83	35.82	35.02	34.54	34.08	33.66	33.29	33.00	
116.00	110.41	105.06	99.77	94.91	90.06	85.40	81.12	76.91	72.71	68.56	64.84	61.28	57.74	54.20	50.67	47.55	44.51	42.11	40.07	38.06	36.43	34.84	33.29	31.91	30.71	29.85	29.15	29.00	
107.00	102.20	97.47	92.88	88.41	83.98	79.71	75.44	71.20	67.24	63.53	60.00	56.58	53.47	50.49	47.60	44.73	42.52	40.70	38.96	37.22	35.56	33.96	33.00	32.05	31.34	30.74	30.32	30.00	
101.00	96.19	91.45	86.81	82.34	77.92	73.64	69.37	65.15	61.03	56.98	53.27	50.20	47.31	44.66	42.01	39.84	37.91	35.99	34.92	33.98	33.08	32.31	31.58	30.99	30.61	30.30	30.07	30.00	
102.00	97.26	92.79	88.37	83.96	79.83	75.92	72.06	68.26	64.55	60.98	57.62	54.33	51.16	48.05	45.43	42.98	40.67	38.39	36.13	34.06	32.40	31.09	30.20	29.40	28.76	28.13	28.06	28.00	
102.00	96.59	91.25	86.17	81.35	77.02	72.71	68.80	65.01	61.29	57.57	53.91	50.77	47.85	44.99	42.63	40.33	38.11	36.31	34.80	33.30	32.24	31.61	31.17	30.75	30.35	30.04	30.00	
110.00	104.85	99.73	94.62	89.62	84.90	80.31	75.82	71.36	67.17	63.14	59.11	55.18	51.53	48.07	44.76	42.33	40.03	37.94	36.16	34.43	32.94	32.05	31.16	30.41	30.02	30.00	
105.00	100.17	95.54	91.06	86.59	82.29	78.05	73.98	70.28	66.64	63.20	59.91	56.76	53.67	50.62	47.96	45.44	43.02	40.91	38.87	36.88	35.26	33.73	32.63	31.54	30.66	30.16	30.00	
117.00	109.97	103.01	96.38	90.15	84.38	78.68	72.99	67.97	63.02	58.83	55.12	52.05	48.98	46.30	44.08	42.01	40.01	38.03	36.09	34.43	32.83	31.53	30.40	29.37	28.44	28.00	
110.00	104.84	99.77	94.96	90.70	86.50	82.37	78.42	74.70	71.24	67.87	64.63	61.53	58.57	55.71	52.99	50.44	48.04	45.64	43.36	41.22	39.13	37.07	35.14	33.90	32.94	32.27	32.00	
104.00	98.45	93.92	89.54	85.21	81.19	77.62	74.14	70.66	67.22	63.83	60.46	57.24	54.09	51.03	48.05	45.14	42.70	40.31	37.94	35.78	33.94	32.70	31.80	31.08	30.39	30.09	30.00	
103.00	98.28	93.95	89.73	85.57	81.43	77.53	73.65	70.01	66.49	63.28	60.14	57.08	54.11	51.71	49.32	47.01	44.88	43.17	41.49	39.89	38.62	37.38	36.30	35.26	34.26	33.36	32.71	32.07	32.00	
119.00	112.90	107.00	101.33	95.66	90.08	84.86	79.91	75.02	70.20	65.79	61.39	57.28	53.63	50.42	47.37	44.67	42.28	40.05	37.97	35.91	34.05	32.57	31.34	30.21	29.10	28.00	
109.00	103.13	97.83	92.79	88.11	83.64	79.52	75.62	71.75	68.13	64.74	61.41	58.09	55.00	52.02	49.38	46.78	44.56	42.76	41.18	39.65	38.18	36.91	35.65	34.68	33.73	33.01	33.00	
111.00	104.93	99.24	93.82	88.62	83.72	78.94	74.33	69.85	65.79	61.78	57.88	54.23	50.62	47.22	43.88	40.92	38.01	36.05	34.31	32.61	31.22	30.04	29.03	28.19	28.09	28.00	
110.00	104.74	99.50	94.34	89.95	85.61	81.31	77.05	72.92	68.83	64.94	61.80	58.82	55.96	53.19	50.47	47.86	45.40	43.19	41.38	39.73	38.09	36.65	35.23	33.91	33.03	32.44	32.18	32.08	32.00	
111.00	105.00	99.01	93.50	88.13	83.22	78.32	73.79	69.28	64.87	60.99	57.56	54.52	51.53	49.04	46.56	44.18	41.97	39.95	38.26	36.60	35.23	34.12	33.06	32.03	31.58	31.33	31.15	31.06	31.00	
107.00	101.18	95.36	89.57	83.98	78.47	73.56	69.16	64.87	61.11	57.75	54.60	51.60	48.62	45.78	43.56	41.72	39.88	38.24	36.84	35.44	34.15	33.08	32.05	31.12	30.55	30.00	
101.00	96.55	92.19	88.00	83.98	79.98	76.04	72.23	68.58	65.05	61.57	58.33	55.24	52.40	49.63	46.87	44.15	41.81	39.69	37.86	36.19	34.63	33.08	31.61	30.43	29.29	28.53	28.16	28.00	
102.00	96.24	90.51	85.14	79.80	74.71	69.87	65.05	61.27	57.76	54.29	51.00	47.97	45.31	42.74	40.55	39.24	37.98	36.72	35.48	34.43	33.74	33.16	32.61	32.07	31.57	31.20	31.10	31.00	
103.00	98.33	93.69	89.07	84.81	80.88	76.96	73.22	69.51	65.84	62.43	59.44	56.90	54.40	52.00	49.62	47.30	45.03	42.89	40.84	38.84	36.96	35.48	34.05	32.73	32.22	31.74	31.30	31.05	31.00	
115.00	108.72	102.71	96.74	90.85	85.28	80.74	76.43	72.20	68.43	64.66	61.21	57.89	54.87	51.97	49.20	46.54	44.32	42.21	40.29	38.44	37.13	35.98	35.02	34.29	33.86	33.44	33.08	33.00	
113.00	107.06	101.22	95.45	89.92	84.49	79.19	74.89	70.69	66.70	63.39	60.48	57.56	54.66	51.79	49.17	46.71	44.37	42.17	40.25	38.35	36.56	34.88	33.44	32.11	31.28	30.57	30.22	30.00	
101.00	96.17	91.38	86.92	82.74	78.56	74.54	70.62	66.92	63.28	59.81	56.53	53.44	50.54	47.92	45.47	43.04	40.81	39.29	37.97	36.87	35.96	35.05	34.19	33.37	32.65	31.93	31.49	31.25	31.00	
101.00	95.52	90.32	85.50	80.76	76.49	72.27	68.12	63.99	60.05	56.12	52.35	49.25	46.73	44.31	42.06	39.84	38.31	36.83	35.36	34.43	33.57	32.72	31.92	31.26	30.71	30.25	30.00	
122.00	116.34	110.85	105.63	100.89	96.19	91.68	87.28	83.03	78.80	74.72	70.79	66.96	63.21	59.63	56.12	52.62	49.34	46.09	43.44	40.88	38.87	36.96	35.22	34.11	33.01	32.35	32.00	
112.00	107.16	102.36	97.57	92.93	88.58	84.30	80.14	75.97	71.90	67.93	64.20	60.75	57.45	54.18	51.18	48.28	45.70	43.21	41.37	39.71	38.20	36.70	35.28	33.96	33.29	32.78	32.28	32.03	32.00	
111.00	105.30	99.65	94.86	90.28	85.78	81.55	77.34	73.15	69.04	64.98	61.55	58.27	55.05	51.85	49.05	46.29	43.85	41.62	39.53	37.46	35.41	33.71	32.62	31.84	31.22	31.00	
107.00	101.91	96.88	91.98	87.15	82.48	78.15	74.00	69.97	66.07	62.57	59.20	55.86	52.67	49.75	47.08	44.52	42.08	39.66	37.41	35.44	33.95	32.61	31.86	31.13	31.03	31.00	
115.00	108.53	102.09	95.83	89.71	83.74	77.94	73.24	68.62	64.03	60.01	56.16	52.45	48.79	46.47	44.29	42.20	40.23	38.76	37.30	35.99	34.69	33.68	32.82	32.08	31.56	31.19	31.06	31.00	
116.00	109.49	103.98	98.57	93.28	88.03	82.99	77.99	73.59	69.33	65.49	61.85	58.28	54.88	51.81	48.83	45.95	43.17	40.73	38.36	36.07	33.83	31.69	30.04	29.40	29.05	29.00	
103.00	98.86	94.73	90.67	86.94	83.31	79.68	76.16	72.71	69.48	66.60	63.73	61.00	58.37	55.83	53.29	50.92	48.81	46.70	44.79	42.93	41.09	39.32	37.64	36.21	35.08	34.03	33.02	32.21	32.00	
118.00	112.11	106.51	100.92	95.53	90.19	84.93	79.72	74.76	70.48	66.72	63.03	59.36	55.79	52.52	49.32	46.45	43.59	41.14	39.13	37.27	35.55	33.92	32.35	31.03	29.97	29.08	29.00	
108.00	102.87	97.79	93.05	88.52	84.05	79.74	75.43	71.34	67.33	63.42	59.73	56.06	52.80	49.74	46.76	43.98	41.31	38.64	36.64	34.85	33.17	32.12	31.17	30.35	29.57	29.00	
115.00	109.07	103.80	98.62	93.58	88.81	84.39	80.14	76.03	72.03	68.08	64.20	61.00	57.89	54.92	52.06	49.28	46.61	44.18	42.15	40.13	38.37	36.93	35.57	34.20	32.92	31.70	31.06	31.00	
108.00	102.21	96.45	90.70	85.19	79.77	74.53	69.35	64.42	60.47	56.95	53.71	50.93	48.36	45.80	43.85	42.01	40.19	38.65	37.31	36.22	35.15	34.29	33.49	32.78	32.15	31.68	31.27	31.00	
119.00	113.95	109.14	104.53	100.25	96.12	92.17	88.35	84.57	80.86	77.16	73.49	69.85	66.21	62.78	59.41	56.13	52.95	50.03	47.42	44.88	42.43	40.02	37.84	35.74	33.76	32.51	31.30	31.00	
118.00	111.77	106.78	101.81	96.84	92.02	87.32	82.61	78.08	73.80	70.05	66.89	63.73	60.67	57.90	55.28	52.68	50.32	48.17	46.03	44.11	42.26	40.45	38.66	36.89	35.71	34.59	33.97	33.36	33.00	
112.00	105.41	98.91	93.07	87.30	81.62	76.06	70.75	66.38	62.08	58.37	55.40	53.03	50.69	48.58	46.49	44.42	42.44	40.87	39.37	37.88	36.49	35.45	34.45	33.95	33.47	33.00	
109.00	103.20	97.85	92.92	88.18	83.70	79.58	75.63	72.05	68.55	65.10	61.88	58.72	55.69	53.07	50.78	48.51	46.33	44.46	42.61	40.78	39.09	37.57	36.16	34.80	33.45	32.33	31.50	31.22	31.00	
102.00	96.16	90.90	85.65	80.96	76.50	72.24	68.01	63.80	60.04	56.35	53.21	50.19	47.64	45.33	43.09	41.41	39.78	38.33	36.95	35.97	35.07	34.18	33.46	32.79	32.17	32.04	32.00	
105.00	99.35	93.81	88.38	83.20	78.31	74.03	69.97	66.17	62.53	59.07	55.65	52.25	49.88	48.01	46.22	44.44	42.86	41.29	39.78	38.27	37.08	36.03	35.05	34.09	33.21	33.00	
101.00	96.05	91.18	86.44	81.81	77.34	73.57	70.07	66.83	63.72	60.75	57.86	54.99	52.14	49.36	46.82	44.31	42.07	40.03	38.03	36.11	34.34	32.71	31.22	30.30	30.09	30.00	
101.00	95.77	90.83	85.92	81.57	77.36	73.16	69.08	65.33	61.60	58.21	55.01	52.02	49.36	46.77	44.23	41.84	39.46	37.43	35.43	33.84	32.29	30.82	29.98	29.27	28.67	28.16	28.00	
115.00	109.89	104.79	99.86	95.07	90.36	85.82	81.55	77.59	73.87	70.16	66.57	63.06	59.72	56.52	53.51	50.60	48.02	45.82	43.88	42.31	40.90	39.55	38.29	37.05	35.89	34.76	33.81	33.35	33.00	
104.00	98.87	93.75	88.63	84.06	79.58	75.59	71.92	68.39	65.11	61.86	58.66	55.52	52.39	49.37	46.82	44.32	42.45	40.64	38.87	37.16	35.80	34.54	33.43	32.42	31.53	30.74	29.95	29.22	29.00	
118.00	112.15	106.80	101.62	96.45	91.54	86.67	81.85	77.23	72.91	68.75	64.59	60.56	56.65	52.77	48.99	45.66	42.88	40.13	37.66	35.92	34.47	33.17	32.01	31.10	30.33	30.00	
103.00	97.30	91.85	86.78	81.90	77.03	72.32	68.01	64.57	61.47	58.65	55.93	53.26	50.97	48.77	46.76	44.79	42.83	40.94	39.09	37.33	35.86	34.67	33.54	32.44	31.39	31.12	31.00	
119.00	112.89	106.86	101.11	95.75	90.62	85.67	80.76	76.05	72.01	68.23	64.55	60.87	57.34	53.81	50.42	47.35	44.43	41.97	39.57	37.84	36.34	35.10	34.12	33.26	32.44	31.68	31.07	31.00	
122.00	115.52	109.06	103.03	97.02	91.50	86.19	80.93	75.81	71.08	66.75	62.65	58.78	55.45	52.14	49.49	47.14	44.90	42.88	40.87	38.87	37.07	35.34	33.74	33.25	33.02	33.00	
118.00	111.59	105.41	99.36	93.36	87.40	81.64	76.00	70.46	65.17	60.42	56.09	52.18	48.96	46.12	43.28	40.83	38.92	37.07	35.35	33.66	32.21	30.77	29.56	28.47	28.13	28.00	
110.00	105.74	101.52	97.34	93.24	89.16	85.54	81.96	78.39	74.86	71.35	67.94	64.86	61.91	59.03	56.20	53.51	50.84	48.39	45.97	43.62	41.33	39.22	37.12	35.29	33.78	32.61	31.76	31.00	
107.00	100.97	95.06	89.30	83.79	78.73	74.10	69.63	65.32	61.36	57.92	55.00	52.13	49.81	47.62	45.51	43.42	41.38	39.45	37.55	36.07	34.67	33.28	31.90	30.70	29.57	28.90	28.28	28.00	
101.00	95.97	91.18	86.55	82.48	78.49	74.76	71.06	67.48	63.92	60.43	57.07	54.33	51.71	49.30	46.95	44.61	42.31	40.10	37.93	36.06	34.25	32.68	31.80	30.97	30.34	29.77	29.29	29.06	29.00	
120.00	113.74	107.73	101.89	96.46	91.04	85.68	80.40	75.22	70.10	65.39	60.92	56.49	52.43	48.62	45.15	42.10	39.93	38.10	36.46	34.85	33.87	32.94	32.11	31.61	31.15	31.07	31.00	
107.00	100.95	95.04	89.30	83.57	77.94	72.44	67.56	63.22	59.18	55.87	52.74	49.72	47.07	44.47	42.51	40.64	38.87	37.12	35.41	33.75	32.25	31.13	30.18	29.50	28.88	28.33	28.12	28.00	
122.00	115.49	109.12	103.19	97.28	91.44	86.62	82.01	77.49	73.31	69.31	65.40	61.63	57.93	54.30	50.84	47.41	44.27	41.37	39.00	37.20	35.46	34.09	32.73	31.44	30.38	30.00	
104.00	98.98	94.00	89.21	84.67	80.25	75.99	71.76	67.58	63.62	60.09	56.67	53.68	50.81	48.05	45.49	43.42	41.40	39.60	37.81	36.09	34.60	33.23	32.03	31.05	30.19	29.35	29.00	
106.00	100.93	95.91	90.96	86.47	82.29	78.12	74.11	70.17	66.25	62.65	59.22	55.90	53.27	50.68	48.22	45.79	43.39	41.33	39.32	37.49	35.73	34.09	32.82	31.95	31.45	31.08	31.00	
105.00	99.04	93.15	87.70	82.27	76.93	71.64	66.71	62.56	58.47	55.26	52.34	49.63	46.94	44.39	41.87	39.51	37.18	34.99	33.22	31.77	30.71	29.69	29.08	28.54	28.12	28.00	
112.00	106.03	100.49	95.01	89.59	84.33	79.11	74.04	69.05	64.57	60.14	56.43	53.09	50.50	47.93	45.56	43.35	41.19	39.35	37.60	36.02	34.45	32.88	31.44	30.14	30.08	30.03	30.00	
119.00	112.72	106.54	100.82	95.18	89.72	85.13	80.58	76.07	71.76	67.58	63.72	60.09	56.71	53.95	51.27	48.59	46.25	43.95	41.68	39.57	37.75	36.29	34.93	34.12	33.37	32.71	32.43	32.15	32.00	
103.00	96.77	90.65	85.62	80.78	76.15	71.71	67.29	63.53	59.79	56.07	52.41	48.89	45.50	42.30	39.27	36.94	34.87	33.24	32.10	31.02	30.24	29.48	28.74	28.19	28.07	28.00	
112.00	106.47	101.10	95.83	90.87	86.07	81.29	76.60	71.96	67.58	63.43	59.44	56.13	52.90	49.72	46.97	44.38	41.90	39.69	38.05	36.47	35.02	33.68	32.73	32.01	31.31	31.00	
119.00	112.28	105.79	100.02	94.49	89.04	83.64	78.49	73.50	68.65	63.91	59.82	56.19	52.69	49.54	46.54	43.74	41.13	38.83	36.82	34.95	33.29	31.85	30.45	29.12	28.45	28.19	28.00	
120.00	114.24	108.51	102.81	97.23	91.70	86.30	81.03	76.55	72.26	68.29	64.52	60.79	57.06	53.72	50.39	47.19	44.13	41.25	38.46	35.68	33.65	32.42	31.27	30.26	29.69	29.11	29.00	
111.00	104.61	98.27	92.29	86.59	81.21	76.27	71.78	67.58	63.78	60.22	57.12	54.03	50.95	48.61	46.47	44.67	42.87	41.15	39.62	38.10	36.92	35.76	34.68	33.82	33.29	33.00	
113.00	107.51	102.40	97.51	92.69	88.03	83.62	79.33	75.34	71.53	67.73	63.93	60.20	56.50	53.22	50.33	47.61	45.08	42.58	40.19	38.01	36.42	34.89	33.81	32.82	31.82	30.89	30.33	30.00	
122.00	114.28	107.16	100.38	94.61	88.91	83.56	78.45	73.57	68.94	64.51	60.18	55.90	52.25	48.70	45.55	42.84	40.68	38.63	36.63	35.02	33.53	32.10	31.13	30.20	29.31	28.42	28.00	
114.00	107.43	101.58	96.15	90.97	86.34	81.77	77.24	72.84	68.69	65.10	61.56	58.12	54.70	51.39	48.34	45.39	42.55	40.20	38.19	36.25	34.56	32.89	31.23	29.60	28.22	28.00	
109.00	104.10	99.27	94.62	89.98	85.48	81.28	77.25	73.29	69.50	65.83	62.32	58.87	55.54	52.45	49.45	46.59	44.09	41.67	39.52	37.39	35.64	34.28	33.14	32.32	32.13	32.00	
104.00	99.35	94.85	90.44	86.08	81.89	77.95	74.09	70.33	66.58	63.55	60.80	58.06	55.35	52.79	50.25	47.80	45.41	43.26	41.23	39.48	37.78	36.20	34.94	33.75	32.57	31.50	30.69	30.26	30.00	
115.00	106.72	98.86	91.67	85.06	78.45	73.69	69.39	65.39	61.71	58.12	54.68	51.32	48.78	46.27	43.93	41.96	40.11	38.27	36.52	34.99	33.51	32.30	31.09	30.18	29.29	28.42	28.00	
113.00	107.34	101.76	96.24	90.77	85.32	80.20	75.58	71.28	67.19	63.23	59.32	55.53	51.81	48.80	45.95	43.23	40.53	39.02	37.56	36.14	34.79	33.69	32.77	31.99	31.23	30.61	30.29	30.12	30.00	
114.00	107.91	102.05	96.48	91.00	85.92	80.89	76.06	71.25	66.59	62.03	57.97	54.64	51.32	48.06	44.79	41.75	39.24	36.80	34.74	33.53	32.61	31.90	31.50	31.10	30.73	30.41	30.09	30.00	
109.00	104.41	99.86	95.42	91.10	86.93	82.84	78.85	74.91	71.00	67.26	63.72	60.41	57.57	54.79	52.02	49.29	46.59	44.09	41.59	39.79	38.04	36.63	35.68	34.75	33.96	33.44	33.12	33.00	
108.00	102.20	96.43	91.81	87.33	83.01	78.72	74.48	70.67	67.26	64.07	61.24	58.42	55.60	52.80	50.03	47.55	45.24	42.98	40.85	38.97	37.57	36.35	35.26	34.28	33.65	33.07	33.00	
106.00	101.30	96.84	92.54	88.31	84.46	80.64	76.85	73.08	69.41	65.85	62.31	59.00	55.85	52.91	50.19	47.58	45.48	43.41	41.37	39.44	37.64	35.90	34.54	33.58	32.72	32.09	32.00	
107.00	101.80	96.75	91.76	87.08	82.56	78.25	74.29	70.41	66.67	62.95	59.33	56.05	52.80	49.58	46.71	44.57	42.45	40.38	38.33	36.33	34.48	32.85	31.77	31.05	30.35	30.17	30.00	
113.00	107.55	102.28	97.17	92.11	87.17	82.71	78.31	74.45	70.80	67.15	63.57	60.17	57.19	54.39	51.63	48.95	46.56	44.23	42.13	40.04	38.08	36.55	35.18	33.93	32.92	32.44	32.00	
113.00	107.47	102.40	97.34	92.29	87.32	82.44	77.84	73.51	70.15	67.09	64.05	61.03	58.04	55.28	52.52	49.85	47.26	44.89	42.54	40.33	38.40	36.64	35.30	34.10	32.98	32.00	
111.00	105.24	99.52	93.81	88.37	83.28	78.56	73.92	69.42	64.93	60.58	56.25	52.12	48.05	44.69	42.37	40.06	37.96	36.06	34.19	32.90	31.93	31.04	30.29	29.64	29.31	29.12	29.00	
117.00	110.43	104.30	98.97	94.02	89.25	84.74	80.23	76.01	71.79	67.59	64.14	60.77	57.43	54.19	51.50	48.92	46.46	44.12	41.78	39.57	37.49	35.44	33.59	31.90	30.49	29.37	28.45	28.16	28.00	
116.00	109.19	102.55	96.59	91.03	85.47	80.09	74.87	70.01	65.25	60.85	57.50	54.60	51.70	49.15	47.18	45.47	43.76	42.07	40.38	38.74	37.18	35.82	34.65	33.56	32.57	32.17	32.07	32.00	
120.00	114.45	109.11	103.77	98.69	93.64	88.69	84.08	79.57	75.16	71.08	67.22	63.79	60.70	57.72	55.00	52.33	49.67	47.17	44.71	42.37	40.04	38.23	36.45	35.21	34.02	33.01	33.00	
105.00	100.17	95.41	90.80	86.20	81.61	77.11	72.82	68.62	64.69	60.82	57.04	53.28	49.53	45.86	42.61	39.79	37.33	35.48	33.72	32.12	30.89	29.90	28.91	28.22	28.01	28.00	
113.00	107.81	102.79	98.25	93.74	89.34	85.00	80.77	76.55	72.50	68.58	64.67	60.96	57.26	53.65	50.08	46.74	43.62	40.65	37.74	34.98	32.81	31.24	30.24	29.41	28.74	28.33	28.11	28.00	
113.00	107.56	102.26	97.19	92.25	87.47	82.76	78.04	73.49	69.31	65.42	61.79	58.45	55.28	52.17	49.15	46.16	43.33	41.11	39.01	37.27	35.66	34.65	33.69	32.83	32.40	32.14	32.00	
104.00	98.59	93.48	88.41	83.46	78.57	73.84	69.15	65.05	61.14	57.26	53.60	49.93	46.35	43.42	40.92	38.52	36.26	34.52	33.09	31.83	30.59	29.36	28.61	28.33	28.17	28.02	28.00	
102.00	97.16	92.59	88.04	83.84	80.04	76.38	72.74	69.28	65.86	62.61	59.47	56.44	53.46	50.91	48.51	46.20	44.28	42.53	40.96	39.41	37.87	36.35	34.89	33.50	32.37	31.68	31.00	
120.00	114.12	108.87	103.72	98.66	93.71	88.83	84.10	79.74	75.51	71.36	67.45	63.75	60.13	56.84	53.75	50.76	48.11	45.80	43.59	41.50	39.46	37.62	35.79	34.18	32.69	32.09	31.56	31.22	31.00	
123.00	116.39	109.79	103.93	98.08	92.27	86.59	80.90	75.37	70.27	65.65	61.56	57.53	54.23	50.98	47.93	45.31	42.72	40.23	37.94	35.71	33.64	31.98	30.52	29.49	28.81	28.28	28.00	
115.00	109.49	103.98	98.90	93.86	88.86	84.02	79.30	74.88	70.82	66.80	63.12	59.60	56.35	53.30	50.41	47.68	45.01	42.51	40.49	38.60	36.75	34.96	33.42	32.38	31.79	31.40	31.09	31.00	
122.00	115.15	108.34	102.37	96.69	91.19	86.58	82.04	77.54	73.06	68.60	64.61	60.90	57.48	54.09	50.98	47.90	44.95	42.09	39.37	37.21	35.13	33.11	31.35	29.69	29.09	28.51	28.14	28.00	
110.00	105.28	100.79	96.55	92.45	88.47	84.52	80.67	76.84	73.09	69.39	65.71	62.14	58.65	55.23	51.85	49.26	46.79	44.42	42.30	40.27	38.55	36.93	35.32	33.77	32.72	31.70	30.83	30.14	30.00	
117.00	111.15	105.38	99.76	94.16	88.63	83.43	78.27	73.61	69.06	64.73	61.07	57.43	53.85	50.48	47.18	43.93	40.88	38.13	35.41	32.77	30.62	29.88	29.30	28.74	28.31	28.00	
119.00	112.76	106.68	100.66	94.76	88.95	83.17	78.07	73.12	68.96	64.87	60.91	57.00	53.53	50.20	46.89	43.96	41.83	39.74	37.72	36.02	34.74	33.58	33.02	32.54	32.14	32.00	
120.00	113.06	106.14	99.59	93.35	87.23	81.23	75.57	71.06	66.98	62.92	59.18	55.62	52.29	49.61	47.27	44.98	42.87	40.81	38.94	37.24	35.58	33.94	33.06	32.60	32.26	32.12	32.00	
113.00	107.60	102.41	97.50	92.61	87.96	83.42	78.96	74.66	70.70	66.96	63.36	59.78	56.20	53.34	50.56	47.87	45.25	42.88	40.75	38.67	36.60	34.57	32.61	30.76	29.46	28.59	28.27	28.00	
121.00	114.56	108.20	102.33	96.65	91.10	85.84	80.90	76.04	71.29	66.78	62.56	58.73	54.95	51.50	48.42	45.45	42.59	40.04	37.82	36.12	34.65	33.29	32.22	31.38	30.77	30.41	30.17	30.00	
111.00	105.73	100.52	95.34	90.26	85.34	80.70	76.44	72.48	68.54	64.74	61.30	58.19	55.20	52.31	49.53	46.75	44.55	42.59	40.63	38.74	37.07	35.55	34.17	32.93	31.89	31.30	30.72	30.17	30.00	
112.00	105.39	98.80	92.46	86.66	81.16	75.80	70.87	65.98	61.36	56.89	52.63	48.88	45.25	42.40	39.59	36.96	34.70	32.98	31.58	30.24	29.34	28.85	28.46	28.30	28.16	28.05	28.00	
109.00	102.95	96.90	91.27	85.68	80.42	75.20	70.18	65.17	60.43	55.70	51.09	47.12	43.31	40.69	38.23	36.17	34.49	33.03	31.83	30.73	30.25	29.79	29.40	29.20	29.09	29.00	
122.00	115.28	108.61	102.25	96.25	90.28	84.65	79.05	73.71	68.59	63.76	58.98	54.26	49.64	45.12	41.38	39.54	37.74	36.15	34.60	33.17	31.89	30.67	29.49	28.74	28.13	28.00	
117.00	111.35	105.93	100.52	95.15	90.11	85.18	80.77	76.46	72.17	67.89	63.83	59.97	56.13	52.54	49.00	45.58	42.51	40.05	38.10	36.42	34.82	33.27	31.76	30.41	29.36	28.50	28.00	
116.00	109.37	102.87	96.43	90.10	83.86	78.77	73.85	69.31	65.29	61.29	57.54	54.34	51.47	48.69	46.08	44.15	42.58	41.06	39.72	38.48	37.34	36.25	35.45	34.71	34.01	33.50	33.21	33.05	33.00	
119.00	111.79	104.58	98.30	92.09	85.89	80.00	74.43	69.12	64.13	59.79	55.80	52.26	49.43	47.14	45.07	43.03	41.09	39.28	37.57	36.01	34.70	33.46	32.35	31.61	31.17	30.74	30.37	30.13	30.00	
104.00	98.92	93.98	89.20	84.44	79.71	75.52	71.62	67.96	64.45	61.16	57.95	54.78	51.67	48.85	46.33	43.96	41.72	39.60	37.53	35.46	34.05	32.79	31.60	30.50	29.41	29.00	
107.00	101.55	96.42	91.55	86.79	82.43	78.11	74.01	69.92	65.87	61.83	57.98	54.35	50.75	47.70	45.40	43.20	41.26	39.36	37.64	36.08	35.04	34.19	33.35	32.58	31.95	31.33	31.11	31.02	31.00	
103.00	98.51	94.03	89.62	85.31	81.18	77.18	73.23	69.53	66.14	62.85	59.62	56.44	53.36	50.32	47.76	45.28	42.89	40.50	38.36	36.27	34.22	32.71	31.21	30.12	29.36	29.00	
107.00	101.97	97.00	92.09	87.34	82.69	78.41	74.23	70.23	66.29	62.79	59.56	56.50	53.62	50.93	48.50	46.44	44.39	42.49	40.72	39.09	37.49	36.06	34.80	34.06	33.53	33.27	33.13	33.00	
108.00	103.08	98.34	93.75	89.27	84.93	80.71	76.50	72.55	68.64	64.88	61.38	58.19	55.43	52.70	50.33	47.98	45.64	43.37	41.36	39.54	38.10	36.76	35.45	34.23	33.25	33.10	33.00	
107.00	101.56	96.24	91.07	86.15	81.29	76.76	72.59	68.54	65.02	61.92	58.86	55.96	53.33	50.72	48.30	46.03	43.91	41.91	39.96	38.09	36.69	35.35	34.43	33.66	33.07	32.57	32.15	32.02	32.00	
103.00	97.45	92.19	87.24	82.50	78.28	74.17	70.27	66.39	62.62	59.16	55.75	52.70	49.98	48.11	46.34	44.71	43.10	41.64	40.20	38.80	37.43	36.46	35.62	34.89	34.26	33.77	33.28	33.00	
107.00	101.21	95.67	90.42	85.40	80.46	75.54	70.95	66.70	62.50	58.69	54.91	51.67	48.85	46.42	44.09	41.82	39.67	37.60	35.61	34.25	33.24	32.37	31.61	31.31	31.12	31.00	
102.00	96.91	91.98	87.17	83.18	79.29	75.41	71.69	68.02	64.53	61.07	57.68	54.66	51.78	49.03	46.52	44.23	41.96	39.83	37.89	36.01	34.35	32.94	31.74	31.09	30.66	30.31	30.00	
116.00	110.04	104.19	98.52	92.85	87.25	81.69	76.43	71.80	67.29	62.77	58.29	54.04	50.26	46.71	43.96	41.45	39.01	36.76	35.06	33.53	32.21	30.93	30.37	29.88	29.46	29.21	29.00	
123.00	117.19	111.57	105.97	100.41	95.12	89.92	84.93	80.03	75.38	70.75	66.77	63.01	59.42	56.03	52.67	49.36	46.56	44.10	41.74	39.52	37.50	35.50	33.85	32.52	31.53	31.18	31.07	31.00	
105.00	100.00	95.46	91.11	86.81	82.58	78.40	74.22	70.34	66.50	62.96	59.47	56.00	52.61	49.40	46.37	43.90	41.45	39.05	37.04	35.04	33.22	31.74	30.38	29.61	29.29	29.00	
121.00	115.50	110.08	104.93	99.82	94.91	90.05	85.55	81.06	76.60	72.17	67.83	63.79	59.83	56.15	52.66	49.18	45.77	42.46	39.34	37.04	35.02	33.42	32.58	31.74	30.95	30.37	30.00	
101.00	95.73	90.47	85.63	81.10	77.04	73.27	69.60	65.94	62.52	59.44	56.43	54.09	51.85	49.62	47.47	45.50	43.66	41.81	40.24	38.76	37.33	36.02	34.81	33.76	32.87	32.50	32.16	32.00	
123.00	115.56	108.36	101.27	94.33	87.70	81.89	76.15	70.57	65.08	59.85	55.74	51.72	47.72	44.59	41.60	38.63	36.28	34.50	33.18	32.04	31.03	30.23	29.70	29.35	29.02	29.00	
112.00	107.19	102.54	97.97	93.44	89.01	84.57	80.22	75.89	71.67	67.50	63.43	59.97	56.87	53.85	50.86	47.87	45.07	42.38	40.06	38.36	36.76	35.30	34.02	33.20	32.68	32.17	32.04	32.00	
119.00	112.08	105.33	98.71	92.21	86.86	81.56	76.65	71.78	66.98	62.74	58.72	55.25	52.02	48.85	45.71	42.94	40.19	38.39	36.91	36.06	35.30	34.57	33.87	33.36	33.14	33.02	33.00	
110.00	104.85	100.14	95.47	90.88	86.46	82.07	77.73	73.46	69.80	66.19	62.67	59.25	56.25	53.46	50.68	48.12	45.79	43.72	41.72	39.84	38.15	36.56	35.01	33.50	32.40	31.46	31.16	31.01	31.00	
109.00	103.52	98.08	92.71	87.48	82.34	77.37	72.48	68.38	64.72	61.24	57.89	54.63	52.08	49.58	47.10	44.81	42.53	40.43	38.69	36.96	35.25	34.00	33.26	32.73	32.30	32.03	32.00	
104.00	99.31	94.64	90.26	86.15	82.09	78.07	74.08	70.23	66.49	62.79	59.62	56.65	53.75	50.88	48.01	45.13	42.65	40.56	38.57	36.68	35.12	33.58	32.44	31.49	30.58	30.33	30.18	30.08	30.00	
111.00	104.76	99.43	94.13	89.16	84.33	79.84	75.87	72.02	68.18	64.71	61.37	58.08	54.82	51.98	49.15	46.44	43.88	41.54	39.72	37.99	36.62	35.24	34.07	32.91	31.94	31.45	31.15	31.00	
110.00	104.09	98.25	92.76	87.32	82.29	77.53	73.01	68.95	64.98	61.16	57.79	54.46	51.89	49.31	46.86	44.41	41.97	39.78	37.60	35.61	33.78	32.59	31.60	31.03	30.59	30.18	30.00	
103.00	97.41	91.95	87.23	82.54	78.34	74.30	70.29	66.33	62.42	58.51	55.16	52.23	49.55	47.15	44.81	42.47	40.15	38.01	36.34	34.77	33.25	31.90	30.63	29.68	28.90	28.39	28.05	28.00	
115.00	109.87	104.80	99.96	95.20	90.56	85.99	81.52	77.28	73.13	69.15	65.20	61.54	57.92	54.97	52.21	49.69	47.18	44.98	42.86	40.78	38.90	37.49	36.23	35.15	34.17	33.21	33.00	
112.00	106.41	100.87	95.36	89.88	84.70	79.54	75.11	70.87	67.09	63.56	60.20	56.94	54.01	51.40	48.82	46.44	44.10	41.99	39.89	38.00	36.58	35.36	34.26	33.24	32.53	32.00	
112.00	106.31	100.69	95.18	89.78	84.91	80.66	76.56	72.60	68.93	65.38	61.90	58.74	55.87	53.10	50.37	47.93	45.52	43.36	41.32	39.95	38.67	37.49	36.32	35.25	34.22	33.47	33.14	33.00	
115.00	109.26	103.59	97.94	92.45	87.04	81.81	76.76	71.98	67.59	63.77	59.97	56.42	53.29	50.30	47.51	45.09	42.81	40.98	39.48	38.02	36.64	35.41	34.28	33.40	32.91	32.44	32.00	
108.00	102.23	96.47	90.81	85.28	80.07	74.90	70.76	66.72	62.71	59.00	55.53	52.08	49.31	46.60	43.91	41.30	38.92	36.83	35.36	34.09	32.88	32.32	31.93	31.62	31.35	31.12	31.00	
107.00	100.69	94.64	88.89	83.19	77.67	72.38	68.62	64.86	61.37	58.18	55.08	52.36	49.65	46.96	44.43	41.94	39.49	37.35	35.61	33.89	32.61	31.38	30.35	29.37	28.43	28.00	
104.00	98.94	93.91	89.23	84.55	80.12	75.72	71.60	67.64	63.72	60.01	56.41	53.34	50.36	47.65	45.19	42.83	40.65	38.49	36.57	34.68	33.04	31.48	30.09	28.76	28.11	28.00	
102.00	97.28	92.56	88.05	83.85	79.73	75.85	72.16	68.81	65.52	62.50	59.64	56.84	54.07	51.52	48.99	46.49	44.30	42.13	40.22	38.53	37.09	35.76	34.54	33.53	32.83	32.21	32.09	32.00	
123.00	115.84	108.73	102.23	95.78	89.49	83.26	77.68	72.79	68.26	64.16	60.25	56.40	52.72	49.05	45.91	43.42	41.07	38.78	36.69	34.95	33.26	31.90	30.77	29.92	29.36	29.21	29.07	29.00	
103.00	98.02	93.06	88.58	84.14	79.74	75.48	71.35	67.43	63.76	60.55	57.44	54.39	51.50	48.93	46.52	44.27	42.11	40.09	38.59	37.10	36.04	35.12	34.26	33.44	32.65	32.29	32.02	32.00	
119.00	111.20	104.49	97.97	92.07	86.39	80.82	75.43	70.26	65.14	60.95	56.79	53.04	49.57	46.23	42.91	39.95	37.05	35.19	33.69	32.43	31.35	30.53	29.91	29.45	29.18	29.00	
120.00	111.79	103.62	96.94	90.82	84.87	79.96	75.14	70.44	65.97	61.76	57.84	54.09	50.67	47.30	44.00	41.19	39.01	37.08	35.23	33.90	32.77	31.96	31.26	30.62	30.24	30.00	
119.00	113.33	107.67	102.57	97.73	93.11	88.54	83.98	79.53	75.14	70.95	66.86	62.96	59.22	56.00	52.83	50.05	47.64	45.24	42.93	40.67	38.67	36.95	35.58	34.52	33.58	33.01	33.00	
107.00	101.28	95.90	90.66	85.79	81.00	76.29	71.75	67.61	63.59	59.69	55.89	52.12	48.65	45.71	43.49	41.48	39.54	37.77	36.09	34.72	33.52	32.37	31.48	30.80	30.17	29.54	29.00	
114.00	108.66	103.34	98.25	93.42	88.62	83.91	79.64	75.44	71.27	67.14	63.12	59.38	55.95	52.60	49.26	46.50	43.79	41.09	38.52	36.43	34.45	32.94	31.79	30.89	30.28	30.14	30.01	30.00	
112.00	105.90	100.02	94.18	88.47	82.78	77.12	71.62	66.44	61.43	56.54	52.36	48.50	45.42	42.61	40.01	37.90	36.17	34.75	33.65	32.70	31.81	31.14	30.50	29.99	29.49	29.24	29.00	
110.00	104.61	99.42	94.25	89.35	84.71	80.41	76.15	71.91	67.78	63.91	60.12	56.55	53.09	50.20	47.37	44.58	42.63	40.72	38.99	37.28	35.76	34.32	33.07	31.99	31.10	30.24	29.69	29.27	29.00	
122.00	114.84	108.25	101.75	96.08	90.70	85.36	80.82	76.34	71.85	67.62	63.57	59.77	56.38	53.17	50.13	47.44	44.80	42.29	39.79	37.42	35.11	33.10	31.44	29.90	28.37	28.00	
113.00	107.97	103.06	98.35	93.81	89.51	85.28	81.23	77.22	73.21	69.33	65.86	62.58	59.50	56.43	53.41	50.61	48.13	45.83	43.70	41.80	39.94	38.36	36.97	35.93	34.92	33.93	32.97	32.03	32.00	
114.00	108.83	103.85	99.03	94.23	89.46	84.71	80.03	75.74	71.51	67.40	63.59	59.99	56.59	53.21	49.96	47.26	44.81	42.49	40.38	38.58	37.29	36.02	34.78	33.63	32.64	31.89	31.33	31.00	
117.00	110.43	103.93	97.44	91.01	84.84	78.69	73.04	67.50	62.14	58.07	54.70	51.49	48.95	46.80	45.00	43.70	42.47	41.25	40.02	38.81	37.71	36.64	35.60	34.57	33.62	32.92	32.49	32.19	32.00	
121.00	114.92	108.91	102.98	97.08	91.85	86.63	81.43	77.09	73.20	69.54	65.92	62.47	59.17	56.04	52.95	49.87	46.96	44.35	42.26	40.34	38.63	36.95	35.47	34.01	32.61	31.23	30.53	30.01	30.00	
114.00	108.74	103.48	98.25	93.24	88.50	84.29	80.45	76.82	73.26	69.97	66.76	63.57	60.41	57.28	54.80	52.46	50.22	48.04	45.91	43.79	42.11	40.43	39.14	37.89	36.77	35.70	34.70	33.81	33.00	
117.00	110.48	104.24	98.09	92.07	86.50	80.94	76.01	71.20	66.64	62.10	58.66	55.56	52.49	49.50	46.52	44.09	41.88	39.89	38.09	36.84	35.68	34.60	33.65	32.93	32.36	32.00	
106.00	100.32	94.68	89.30	84.05	78.88	73.80	68.73	63.66	58.71	54.43	50.55	47.32	44.13	41.39	39.40	37.71	36.10	34.71	33.61	32.52	31.53	30.65	29.76	29.02	28.41	28.00	
101.00	96.15	91.61	87.43	83.42	79.53	75.99	72.48	69.01	65.55	62.26	59.05	55.87	52.75	49.89	47.44	45.09	42.90	41.19	39.52	37.87	36.56	35.25	34.28	33.39	33.16	33.00	
107.00	100.95	95.00	89.19	83.42	78.13	73.09	68.99	65.25	61.98	58.84	55.77	52.82	50.14	47.65	45.34	43.33	41.58	40.13	38.73	37.52	36.43	35.58	34.89	34.21	33.61	33.28	33.07	33.00	
115.00	107.75	101.10	94.64	88.88	83.58	78.69	73.94	69.86	65.83	61.96	58.62	55.69	52.93	50.32	47.71	45.15	42.81	40.61	38.45	36.32	34.65	33.63	32.89	32.35	31.84	31.34	31.07	31.00	
123.00	114.73	106.57	99.40	92.28	85.39	79.70	74.26	69.38	64.62	60.48	56.52	52.76	49.43	46.24	43.39	40.64	38.24	35.90	33.61	32.00	30.88	29.93	29.32	28.82	28.40	28.00	
101.00	96.58	92.34	88.12	84.01	80.09	76.22	72.49	68.78	65.37	62.00	58.73	55.61	52.69	50.08	47.47	45.12	43.09	41.29	39.51	37.78	36.16	34.72	33.28	32.71	32.23	32.08	32.00	
110.00	104.40	99.00	93.73	88.60	84.08	79.57	75.14	70.84	66.62	62.45	58.40	54.39	50.52	47.09	44.43	41.99	39.83	37.77	35.83	33.98	32.19	30.50	29.41	28.81	28.28	28.07	28.00	
117.00	111.73	106.58	101.48	96.59	91.98	87.38	82.99	78.81	74.83	71.12	67.54	64.21	61.13	58.05	55.07	52.11	49.27	46.47	43.67	41.19	38.86	36.87	35.13	33.62	32.36	31.14	31.00	
104.00	98.19	93.14	88.09	83.08	78.28	73.87	69.67	65.91	62.29	58.88	55.88	52.95	50.09	47.34	44.64	42.41	40.50	38.72	37.00	35.32	33.94	32.69	31.57	30.50	29.94	29.47	29.13	29.00	
101.00	96.73	92.50	88.34	84.43	80.54	76.82	73.43	70.08	66.78	63.57	60.53	57.93	55.33	52.81	50.46	48.13	46.11	44.21	42.36	40.60	39.04	37.58	36.35	35.14	34.20	33.34	33.00	33.00	
122.00	114.68	107.57	100.95	94.98	89.53	84.25	79.30	74.60	69.97	65.61	61.42	57.81	54.57	51.44	48.35	45.48	42.77	40.59	38.49	36.62	35.60	34.75	34.00	33.59	33.23	33.00	
102.00	97.37	92.84	88.67	84.88	81.29	77.72	74.17	70.70	67.26	63.91	60.68	57.48	54.47	51.51	48.68	45.87	43.34	40.87	38.94	37.23	35.63	34.03	32.57	31.39	30.43	30.00	
119.00	113.74	108.50	103.30	98.14	93.11	88.28	83.51	79.12	74.91	70.76	66.67	63.11	59.59	56.54	53.82	51.51	49.46	47.41	45.63	43.88	42.24	40.61	39.06	37.57	36.09	34.70	33.70	33.33	33.00	
122.00	115.79	110.31	104.83	99.65	94.52	89.52	84.59	79.81	75.39	71.45	67.86	64.30	60.84	57.45	54.58	51.73	49.44	47.26	45.22	43.21	41.31	39.41	37.70	36.01	35.00	34.09	33.31	33.00	
115.00	109.17	103.36	97.58	92.46	87.43	82.60	77.92	73.48	69.05	65.05	61.06	57.18	53.50	50.44	47.70	45.03	42.48	40.05	37.63	35.45	33.65	31.89	30.45	29.82	29.34	29.13	29.00	
105.00	99.36	93.85	88.41	83.30	78.42	73.78	69.45	65.25	61.14	57.62	54.39	51.27	48.23	45.77	43.49	41.26	39.13	37.24	35.41	33.81	32.66	32.06	31.50	31.01	30.53	30.22	30.08	30.01	30.00	
108.00	101.68	95.68	89.72	83.76	77.83	72.34	67.04	62.48	58.19	54.60	51.30	48.04	45.00	42.21	39.59	37.19	35.58	34.28	33.05	32.14	31.26	30.44	29.82	29.30	29.15	29.03	29.00	
116.00	108.73	101.60	94.59	88.37	82.16	76.21	70.92	65.76	60.91	56.32	51.73	47.54	43.49	40.67	38.29	36.00	34.49	33.03	31.83	30.86	30.11	29.52	29.03	28.67	28.42	28.19	28.00	
120.00	113.43	106.95	100.69	94.86	89.68	84.59	79.65	74.79	70.32	65.86	62.01	58.24	54.56	51.30	48.03	45.78	43.62	41.71	39.84	38.07	36.49	34.95	33.46	32.29	31.43	30.67	29.94	29.23	29.00	
116.00	110.02	104.06	98.33	92.89	87.50	82.25	77.48	72.84	68.25	64.06	60.56	57.09	53.87	50.74	47.65	44.60	41.82	39.31	36.98	35.43	34.06	33.06	32.16	31.57	31.04	30.53	30.26	30.00	
105.00	99.43	93.88	88.73	83.62	79.43	75.47	71.55	68.39	65.35	62.54	59.83	57.22	54.63	52.19	49.76	47.57	45.45	43.45	41.61	39.80	38.04	36.50	35.05	33.94	33.12	32.35	31.60	31.00	
116.00	108.23	100.47	93.29	87.58	81.96	76.80	71.69	66.92	62.51	58.21	53.92	49.83	46.23	42.71	39.60	36.96	34.47	33.07	31.79	30.99	30.33	29.67	29.06	28.53	28.06	28.00	
106.00	101.68	97.48	93.35	89.27	85.22	81.29	77.37	73.46	69.77	66.23	62.72	59.57	56.51	53.68	51.06	48.44	45.94	43.48	41.21	39.15	37.32	35.57	34.22	32.93	31.64	30.49	29.45	28.58	28.00	
120.00	113.83	108.15	102.48	96.92	91.58	86.26	81.10	75.98	70.97	66.56	62.31	58.07	54.10	50.86	47.64	44.71	42.24	40.10	37.97	36.02	34.40	32.78	31.18	30.22	29.30	28.59	28.13	28.00	
120.00	113.55	107.40	101.63	95.87	90.38	85.25	80.15	75.15	70.93	66.75	62.77	59.17	55.58	52.00	49.30	46.64	44.02	41.85	39.81	38.08	36.65	35.31	34.18	33.14	32.22	31.30	31.00	
123.00	116.39	109.87	103.59	97.72	92.09	86.54	81.08	75.88	71.00	66.89	63.24	60.09	56.95	54.04	51.46	48.98	46.60	44.24	41.95	39.76	37.73	35.75	34.14	32.57	31.06	29.77	28.78	28.00	
115.00	109.34	104.41	99.51	94.84	90.53	86.25	81.99	77.86	73.83	69.98	66.22	62.61	59.49	56.46	53.54	50.74	48.02	45.35	43.21	41.42	39.76	38.15	36.65	35.27	34.14	33.40	33.00	
117.00	111.17	105.54	99.97	94.85	89.93	85.04	80.52	76.04	71.56	67.09	62.65	58.41	54.91	51.52	48.64	45.88	43.18	40.54	38.04	36.45	34.98	34.16	33.37	32.61	32.01	31.61	31.32	31.05	31.00	
120.00	113.22	107.10	101.07	95.17	90.25	85.46	81.07	76.85	72.63	68.43	64.50	60.69	57.25	54.00	50.83	47.81	44.84	42.23	39.76	37.56	36.07	34.61	33.57	32.83	32.10	31.41	30.79	30.30	30.00	
112.00	106.59	101.28	95.99	90.73	85.87	81.07	76.49	72.02	67.72	63.58	59.56	55.99	53.20	50.56	48.20	45.89	43.68	41.52	39.50	37.63	35.85	34.43	33.23	32.27	31.40	30.64	30.00	
109.00	102.95	96.91	91.39	86.30	81.48	77.60	73.87	70.60	67.34	64.14	61.06	58.16	55.37	52.63	49.90	47.31	44.80	43.02	41.31	39.66	38.17	36.73	35.56	34.38	33.34	32.36	32.16	32.04	32.00	
106.00	99.98	94.07	88.52	83.19	78.15	73.50	68.90	64.47	60.30	56.53	53.20	50.19	47.24	44.63	42.61	40.79	39.28	37.83	36.40	35.07	33.75	32.44	31.29	30.28	29.51	29.19	29.00	
109.00	103.32	97.65	92.21	87.35	82.67	78.05	73.78	69.53	65.39	61.44	57.54	54.15	50.79	48.36	46.39	44.53	42.80	41.24	39.71	38.20	36.78	35.89	35.12	34.44	33.85	33.32	33.00	
115.00	109.82	104.75	99.69	95.40	91.21	87.29	83.39	79.71	76.31	73.04	69.83	66.73	63.64	60.62	57.66	54.82	52.24	49.75	47.26	44.80	42.34	39.96	37.69	35.69	33.71	31.96	30.61	29.30	28.00	
112.00	105.71	99.73	94.21	88.95	84.36	79.95	75.67	71.48	67.78	64.17	60.70	57.60	54.53	51.71	48.97	46.42	44.13	41.88	39.99	38.24	36.76	35.56	34.42	33.60	32.90	32.31	32.00	
111.00	104.79	98.77	94.13	89.80	85.81	81.92	78.03	74.17	70.46	66.91	63.42	59.95	56.51	53.12	50.12	47.13	44.53	41.95	39.60	37.51	36.21	35.34	34.66	34.15	33.76	33.42	33.14	33.00	
117.00	110.21	103.74	97.59	91.85	86.31	80.87	75.47	70.33	65.91	61.67	57.53	54.04	50.64	47.92	45.75	43.80	41.95	40.24	38.95	37.81	36.95	36.18	35.51	34.89	34.28	33.82	33.47	33.18	33.00	
103.00	97.20	91.54	85.91	80.52	75.28	70.19	65.70	61.22	57.25	53.33	49.46	46.06	43.57	41.11	39.11	37.23	35.64	34.36	33.10	31.95	30.82	29.84	29.20	28.66	28.13	28.00	
107.00	102.27	97.63	93.17	88.85	84.80	80.79	76.78	72.96	69.29	65.92	62.88	59.95	57.19	54.47	51.88	49.34	46.83	44.74	42.73	40.93	39.48	38.07	36.76	35.66	34.77	34.07	33.50	33.08	33.00	
118.00	111.90	105.98	100.10	94.49	89.16	83.91	78.72	73.83	69.21	65.04	61.31	57.63	54.35	51.14	48.38	45.98	43.62	41.38	39.18	37.03	35.08	33.29	31.75	30.35	29.80	29.35	29.04	29.00	
107.00	101.81	96.66	91.96	87.26	82.66	78.14	73.72	69.41	65.23	61.11	57.08	53.46	50.34	47.29	44.34	41.39	38.62	36.22	34.86	34.08	33.31	32.63	32.10	31.67	31.30	31.02	31.00	
116.00	109.47	103.46	98.12	92.82	87.66	82.57	77.54	72.64	67.93	63.53	59.44	55.66	52.00	48.72	45.56	42.59	40.25	38.80	37.48	36.28	35.33	34.48	33.79	33.42	33.07	33.00	
107.00	101.57	96.21	91.06	85.94	81.07	76.88	72.87	68.92	65.01	61.12	57.48	54.12	51.36	48.84	46.46	44.21	42.34	40.68	39.14	37.75	36.55	35.38	34.30	33.64	33.30	33.00	
106.00	100.82	95.73	90.65	85.75	81.73	77.72	73.79	69.89	65.99	62.13	58.37	55.08	51.85	49.00	46.50	44.10	41.75	39.63	37.52	35.64	34.24	33.40	32.61	31.93	31.27	30.76	30.34	30.00	
102.00	97.10	92.30	87.85	83.81	79.84	75.89	72.35	68.86	65.59	62.36	59.21	56.40	53.68	51.19	48.90	46.78	44.74	42.75	40.78	39.02	37.48	36.21	34.96	34.13	33.46	32.91	32.48	32.17	32.00	
107.00	101.61	96.32	91.14	86.00	81.50	77.17	72.97	68.88	64.82	60.83	57.21	53.68	50.35	47.62	45.27	42.95	41.12	39.57	38.10	36.73	35.59	34.51	33.58	32.74	32.08	31.53	31.00	
104.00	98.28	92.60	86.93	81.79	77.03	72.30	67.66	63.41	59.51	55.65	52.24	48.93	46.17	43.66	41.28	39.04	37.25	35.66	34.45	33.45	32.83	32.47	32.20	32.05	32.02	32.00	
102.00	96.68	91.76	86.93	82.26	77.75	73.60	69.51	66.08	62.79	59.62	56.45	53.41	50.57	47.74	44.91	42.10	39.78	37.65	35.68	34.22	32.85	31.60	30.41	29.88	29.44	29.00	
103.00	97.68	92.86	88.09	83.39	79.14	74.94	70.79	66.70	62.68	59.05	55.71	52.45	49.44	46.49	43.88	41.31	39.11	36.92	34.88	33.06	31.71	30.42	29.14	28.49	28.03	28.00	
110.00	104.26	99.07	93.89	88.99	84.18	79.49	74.82	70.27	65.77	61.81	58.14	54.89	52.00	49.20	46.45	43.74	41.08	38.95	37.03	35.14	33.36	31.60	30.10	29.13	29.03	29.00	
102.00	97.21	92.85	88.63	84.43	80.59	76.77	73.00	69.24	65.52	61.94	58.45	55.00	51.55	48.10	45.09	42.20	39.46	37.36	35.63	34.19	32.96	31.90	31.07	30.41	29.88	29.38	29.00	
113.00	106.82	101.09	95.57	90.24	85.15	80.11	75.24	70.70	66.33	62.12	58.40	55.15	52.24	49.36	46.59	44.39	42.20	40.02	37.95	35.93	34.06	32.22	30.69	29.29	28.73	28.31	28.09	28.00	
107.00	101.98	96.99	92.15	87.31	82.52	78.42	74.33	70.38	66.74	63.34	59.94	56.59	53.52	50.92	48.34	45.76	43.60	41.51	39.45	37.64	35.84	34.32	32.82	31.75	30.87	30.00	
106.00	100.53	95.08	89.76	84.77	79.86	75.13	71.23	67.34	63.57	60.04	56.73	53.59	51.03	48.49	45.99	43.60	41.23	39.09	37.11	35.19	33.36	31.89	30.62	29.51	28.69	28.00	
103.00	97.30	91.91	87.27	82.66	78.09	73.99	69.89	65.88	62.02	58.46	55.29	52.65	50.44	48.27	46.15	44.11	42.07	40.05	38.22	36.44	34.82	33.43	32.52	31.75	31.24	31.00	
115.00	109.85	104.81	99.78	94.76	89.77	84.85	80.15	75.54	71.04	66.58	62.17	58.35	54.79	51.49	48.68	46.29	43.96	41.72	39.85	38.04	36.55	35.06	33.65	32.89	32.52	32.17	32.00	
117.00	110.99	105.00	99.20	93.68	88.21	82.93	77.86	72.84	67.84	63.06	58.33	53.70	50.80	48.29	45.82	43.59	41.39	39.32	37.50	36.25	35.34	34.62	34.01	33.63	33.29	33.04	33.00	
102.00	96.65	91.34	86.07	81.80	77.71	73.66	69.66	65.69	61.94	58.20	54.64	51.17	47.70	44.32	41.19	38.93	36.73	34.62	32.86	31.35	30.27	29.35	28.92	28.59	28.27	28.08	28.01	28.00	
113.00	107.07	101.21	95.55	89.93	84.99	80.69	76.66	72.80	69.03	65.61	62.18	58.95	55.83	52.96	50.33	47.92	45.70	43.98	42.33	40.76	39.32	38.02	36.75	35.61	34.52	33.69	33.00	
102.00	97.15	92.42	87.88	83.43	79.09	74.77	70.62	66.97	63.41	59.86	56.55	53.46	50.66	48.01	45.40	42.88	40.84	39.20	37.58	36.17	35.06	33.97	32.95	32.00	31.20	30.49	29.93	29.41	29.00	
121.00	115.88	110.86	105.85	101.01	96.17	91.57	87.33	83.20	79.07	75.15	71.30	67.49	63.76	60.20	56.79	53.49	50.33	47.23	44.14	41.36	38.71	36.27	33.98	31.84	30.32	29.37	29.00	
102.00	96.89	91.79	86.78	82.13	77.77	73.53	69.41	65.42	61.48	57.81	54.39	51.02	47.79	44.85	42.29	39.84	37.78	35.91	34.79	33.81	33.19	32.64	32.12	31.63	31.29	31.19	31.11	31.05	31.00	
104.00	98.96	94.00	89.23	84.54	79.88	75.42	71.15	67.28	63.79	60.55	57.57	54.70	51.90	49.26	46.65	44.32	42.38	40.57	38.91	37.30	35.73	34.17	32.61	31.24	30.20	30.00	
103.00	96.48	90.13	83.86	77.67	72.90	68.20	63.90	59.81	55.87	52.35	48.91	45.91	43.26	40.96	39.00	37.35	35.86	34.95	34.08	33.24	32.61	32.04	31.61	31.30	31.12	31.00	
123.00	115.43	108.89	103.03	97.87	93.06	88.27	84.06	79.95	75.94	72.04	68.23	64.52	60.93	57.34	53.90	50.94	47.99	45.75	43.65	41.62	39.63	37.66	36.02	34.63	33.27	32.00	31.55	31.25	31.00	
103.00	98.21	93.64	89.34	85.32	81.32	77.52	73.80	70.11	66.49	62.94	59.63	56.84	54.40	51.98	49.59	47.25	44.92	42.65	40.41	38.25	36.14	34.69	33.39	32.30	31.29	30.60	30.31	30.13	30.00	
110.00	103.48	97.54	92.10	86.80	81.63	77.14	73.03	69.24	65.62	62.02	58.56	55.14	51.75	48.53	45.69	43.02	40.41	38.35	36.84	35.62	34.53	33.62	32.99	32.38	31.93	31.57	31.28	31.00	
106.00	100.61	95.31	90.16	85.09	80.14	75.56	71.07	66.63	62.37	58.93	55.50	52.09	48.98	46.03	43.19	40.36	37.77	35.27	33.88	32.71	31.70	30.88	30.11	29.55	29.30	29.15	29.00	
113.00	107.51	102.07	96.80	91.97	87.38	82.83	78.34	73.92	69.94	66.19	62.56	58.97	55.58	52.29	49.10	45.94	42.85	40.06	37.54	35.27	33.04	31.68	30.63	29.69	29.19	28.71	28.29	28.00	
106.00	100.66	95.53	90.49	85.53	80.59	75.64	71.52	67.46	63.48	59.98	56.50	53.02	49.79	46.72	43.73	40.99	38.70	36.48	34.46	32.71	31.21	30.12	29.25	28.63	28.25	28.00	
105.00	99.80	95.06	90.39	85.76	81.21	76.70	72.45	68.25	64.10	60.08	56.49	52.93	49.94	47.29	44.67	42.54	40.54	38.63	36.86	35.35	34.02	32.79	31.60	30.59	29.68	29.00	
118.00	112.18	106.79	101.64	96.83	92.24	87.73	83.42	79.21	75.00	70.79	66.68	62.63	58.70	54.99	51.52	48.23	45.15	42.66	40.60	38.91	37.23	36.17	35.13	34.13	33.15	32.37	32.14	32.00	
111.00	105.87	101.16	96.46	91.76	87.15	82.71	78.33	74.05	70.21	66.73	63.39	60.20	57.06	53.97	51.08	48.44	45.85	43.28	41.09	39.01	37.68	36.46	35.25	34.46	34.04	33.62	33.36	33.10	33.00	
103.00	96.72	90.49	84.31	78.16	73.04	67.96	62.95	58.79	55.28	52.07	49.40	47.40	45.49	43.59	41.72	39.89	38.33	36.81	35.33	33.92	32.60	31.74	30.96	30.20	29.50	29.02	29.00	
108.00	103.08	98.54	94.12	89.80	85.59	81.46	77.38	73.32	69.48	65.85	62.30	58.80	55.57	52.53	49.71	47.00	44.52	42.36	40.56	39.17	37.83	36.51	35.23	34.01	32.85	32.00	
104.00	97.71	91.55	86.03	80.56	76.00	71.74	67.65	63.60	59.86	56.93	54.02	51.11	48.22	45.47	42.95	40.69	38.53	36.66	34.88	33.12	31.94	31.19	30.52	30.22	30.02	30.00	
116.00	109.10	102.24	95.39	89.91	84.72	79.90	75.26	70.68	66.34	62.02	57.83	53.98	50.53	47.66	44.89	42.15	39.79	38.03	36.39	34.95	33.58	32.22	31.02	29.83	28.68	28.00	
109.00	103.26	97.80	92.34	87.08	82.01	77.15	72.45	67.81	63.76	60.23	56.73	53.79	50.87	48.34	45.84	43.51	41.71	40.21	38.90	37.59	36.40	35.22	34.10	33.45	33.23	33.04	33.00	
114.00	109.54	105.15	100.87	96.84	92.83	88.83	85.03	81.22	77.45	73.82	70.27	66.86	63.46	60.17	56.98	53.91	51.03	48.29	45.66	43.22	40.78	38.50	36.48	34.99	33.53	33.24	33.13	33.06	33.00	
103.00	97.57	92.42	87.42	82.43	77.60	73.30	69.10	64.91	61.14	57.45	54.36	51.57	48.99	46.42	43.87	41.74	39.66	38.42	37.18	36.08	35.20	34.51	33.92	33.47	33.25	33.04	33.00	
118.00	111.38	104.77	98.23	92.71	87.28	82.09	77.13	72.26	67.64	63.21	59.10	55.01	52.15	49.43	46.85	44.90	43.09	41.31	39.72	38.41	37.14	35.95	35.17	34.45	33.78	33.47	33.19	33.00	
107.00	101.44	95.94	90.56	85.47	80.52	75.67	70.84	66.22	62.11	58.15	54.30	51.00	48.58	46.25	44.08	41.91	39.75	37.98	36.28	34.68	33.31	32.10	30.90	29.95	29.08	28.65	28.38	28.16	28.00	
102.00	97.81	93.73	89.66	85.69	81.96	78.26	74.57	70.91	67.32	63.79	60.46	57.17	54.27	51.42	48.77	46.16	43.70	41.35	39.73	38.43	37.23	36.27	35.38	34.59	34.02	33.47	33.00	
101.00	95.34	89.80	84.38	79.68	75.12	70.72	66.48	62.43	59.07	56.14	53.29	50.49	47.84	45.20	42.63	40.65	38.75	36.96	35.88	34.91	34.02	33.14	32.38	31.80	31.51	31.25	31.13	31.06	31.00	
106.00	100.86	95.77	90.76	85.85	81.00	76.24	71.80	67.42	63.40	59.42	55.62	51.93	48.32	44.78	42.00	39.33	37.18	35.61	34.27	33.10	32.20	31.31	30.42	29.71	29.24	29.03	29.00	
101.00	96.08	91.47	87.20	82.97	78.82	74.95	71.12	67.34	63.57	60.11	56.74	53.48	50.45	47.45	44.51	42.29	40.24	38.43	36.65	35.05	33.46	31.88	30.92	30.15	29.61	29.25	29.00	
103.00	96.86	91.61	86.53	81.50	76.87	72.52	68.70	65.02	61.63	58.39	55.44	52.55	49.98	47.69	45.55	43.58	41.87	40.30	38.75	37.83	37.02	36.25	35.56	34.87	34.33	33.78	33.38	33.06	33.00	
118.00	110.07	102.49	94.98	88.13	81.72	75.51	69.70	64.49	59.44	54.91	50.87	47.04	44.55	42.72	41.02	39.43	37.88	36.56	35.24	34.01	33.17	32.43	31.80	31.34	31.06	31.00	
112.00	105.94	100.23	94.62	89.28	84.07	78.94	73.92	69.17	64.43	59.93	55.86	51.83	48.16	44.85	42.35	40.04	37.77	36.28	34.81	33.45	32.39	31.53	30.69	30.03	29.39	28.86	28.34	28.00	
106.00	100.74	95.49	90.43	85.38	80.62	76.06	71.65	67.33	63.05	58.96	55.75	52.62	49.64	46.96	44.67	42.42	40.28	38.30	36.58	35.17	34.14	33.14	32.39	31.66	31.28	31.01	31.00	
123.00	117.26	111.58	106.07	100.78	95.68	90.58	85.53	80.81	76.30	71.83	67.39	63.22	59.11	55.29	51.85	48.76	45.99	43.39	40.99	38.66	36.84	35.04	33.36	31.75	30.35	29.28	28.59	28.00	
115.00	109.22	103.54	97.91	92.70	87.69	82.70	78.11	73.61	69.26	65.10	61.52	57.98	54.69	51.49	48.89	46.74	44.61	42.82	41.10	39.46	37.86	36.32	34.98	34.27	33.58	33.02	32.51	32.23	32.00	
111.00	105.16	100.02	95.13	90.31	85.60	81.02	76.45	72.26	68.11	64.02	60.22	56.57	53.17	49.97	47.42	44.89	42.51	40.77	39.30	37.97	36.65	35.44	34.35	33.63	33.06	33.00	
104.00	98.73	93.50	88.52	83.66	79.01	74.37	69.96	65.69	61.57	57.46	53.46	50.34	47.46	44.60	41.76	38.97	36.84	34.83	33.01	31.43	30.31	29.58	29.30	29.14	29.01	29.00	
121.00	113.40	106.05	98.92	91.80	85.28	78.90	73.01	68.28	64.26	61.00	57.87	54.75	51.75	48.75	46.25	43.77	41.62	39.49	37.45	35.57	33.92	32.54	31.40	30.28	29.40	29.00	
107.00	101.05	95.35	89.75	84.41	79.15	74.47	69.81	65.27	60.88	56.84	53.14	49.51	46.24	43.55	40.89	38.31	35.89	33.59	31.82	30.81	29.95	29.31	28.85	28.47	28.28	28.09	28.00	
101.00	96.90	93.02	89.38	85.82	82.26	78.89	75.58	72.34	69.11	65.98	62.89	59.98	57.11	54.26	51.44	48.70	45.97	43.26	40.77	38.46	36.39	34.89	33.41	32.26	31.64	31.35	31.18	31.00	
103.00	97.95	93.20	88.59	83.99	79.56	75.41	71.29	67.23	63.63	60.18	56.77	53.63	50.57	47.51	44.83	42.16	39.60	37.30	35.01	32.80	31.00	30.15	29.68	29.32	29.16	29.00	
122.00	115.30	109.11	103.12	97.16	91.78	86.41	81.05	75.71	71.17	66.91	62.67	58.92	55.39	52.25	49.13	46.16	43.23	41.62	40.03	38.58	37.16	36.02	35.15	34.33	33.55	33.03	33.00	
111.00	104.19	97.69	91.90	86.13	80.82	75.73	71.11	66.68	62.28	58.02	54.43	51.07	47.74	44.64	42.11	40.28	38.58	36.99	35.63	34.48	33.51	32.65	31.92	31.49	31.19	31.00	
109.00	104.05	99.15	94.42	89.70	85.02	80.34	75.93	71.53	67.65	63.87	60.20	57.01	54.04	51.11	48.26	45.42	42.93	40.98	39.16	37.36	35.58	34.15	33.01	32.02	31.32	30.95	30.61	30.29	30.00	
113.00	107.40	101.89	96.48	91.22	86.25	81.42	77.06	72.75	68.48	64.56	60.72	57.21	53.83	50.65	48.26	45.94	43.99	42.10	40.27	38.53	36.84	35.89	35.18	34.47	34.00	33.56	33.24	33.03	33.00	
119.00	113.61	108.51	103.44	98.37	93.40	88.60	83.91	79.30	74.92	70.63	66.39	62.28	58.38	54.76	51.42	48.52	45.63	42.84	40.68	38.67	36.66	35.08	33.69	32.73	31.87	31.08	31.00	
105.00	100.35	95.70	91.09	86.53	82.13	77.78	73.89	70.23	66.67	63.24	60.10	57.05	54.02	51.38	48.88	46.49	44.15	41.93	39.89	37.84	35.81	34.39	33.42	32.64	32.01	31.41	30.82	30.26	30.00	
120.00	110.76	102.58	95.95	89.35	82.92	76.52	70.73	65.63	60.96	56.90	53.39	50.32	47.63	44.95	42.27	39.73	37.55	35.51	33.47	32.34	31.55	30.78	30.47	30.19	30.06	30.00	
111.00	106.09	101.40	96.72	92.17	87.73	83.33	79.13	75.03	71.15	67.28	63.46	60.21	57.12	54.11	51.21	48.33	45.88	43.62	41.73	40.01	38.52	37.05	35.65	34.29	32.96	32.08	31.56	31.14	31.00	
120.00	113.10	106.47	100.49	94.53	88.61	83.22	78.58	74.17	69.79	65.63	61.48	57.52	53.72	50.23	46.78	43.87	41.47	39.13	37.05	35.38	34.04	32.84	31.90	30.97	30.58	30.19	30.06	30.00	
110.00	104.97	100.01	95.16	90.35	85.70	81.06	76.79	72.67	68.60	64.88	61.64	58.57	55.62	52.70	49.84	47.47	45.13	42.96	40.90	39.20	37.57	35.99	34.45	32.99	31.79	30.80	30.18	30.00	
115.00	109.18	103.48	97.87	92.32	87.39	82.59	77.94	73.36	68.95	64.69	60.54	56.45	52.48	49.03	45.69	42.49	39.96	37.90	36.23	34.89	33.84	33.25	32.68	32.13	31.61	31.19	31.00	
112.00	106.70	101.60	96.61	92.25	87.91	83.60	79.33	75.22	71.37	67.56	63.78	60.32	56.93	54.22	51.68	49.33	47.31	45.35	43.42	41.57	39.76	38.07	36.65	35.33	34.46	33.78	33.35	33.00	
115.00	108.04	101.34	94.91	88.66	82.91	77.34	72.21	67.09	63.11	59.14	55.24	52.08	48.98	46.50	44.06	41.76	39.74	38.08	36.76	35.56	34.50	33.62	32.81	32.06	31.49	30.99	30.51	30.15	30.00	
122.00	113.62	105.43	98.00	90.93	84.46	78.15	72.24	66.73	62.09	57.82	54.13	51.16	48.22	45.28	42.95	40.74	38.77	36.91	35.14	33.74	32.43	31.27	30.23	29.44	28.77	28.22	28.00	
118.00	111.96	105.95	100.23	94.71	89.70	85.05	80.92	77.09	73.46	69.90	66.51	63.17	60.01	56.98	54.19	51.40	48.83	46.51	44.30	42.30	40.32	38.37	36.49	34.72	33.36	32.14	31.00	
117.00	110.68	104.97	99.28	93.67	88.43	83.67	78.96	74.47	70.13	66.19	62.38	59.30	56.33	53.40	50.64	48.19	45.93	43.85	41.97	40.11	38.44	36.91	35.43	34.17	33.02	31.92	31.09	31.00	
121.00	115.19	109.57	104.07	98.82	93.88	89.10	84.48	79.89	75.51	71.34	67.21	63.56	59.95	56.35	52.89	49.48	46.26	43.13	40.45	38.41	37.15	36.15	35.16	34.31	33.59	33.17	33.05	33.00	
110.00	105.07	100.31	95.87	91.45	87.06	82.72	78.39	74.16	70.09	66.27	62.47	58.83	55.37	52.11	49.25	46.41	43.72	41.52	39.44	37.49	35.77	34.32	33.08	31.90	30.94	30.27	30.11	30.00	
112.00	105.97	99.97	94.32	88.77	83.24	77.98	72.93	68.98	65.12	61.44	57.95	54.58	51.25	47.97	45.10	42.75	40.45	38.52	36.72	35.00	33.39	32.09	30.87	29.80	28.93	28.35	28.07	28.01	28.00	
123.00	115.19	107.64	100.36	94.20	88.19	82.29	76.82	71.59	66.38	63.01	59.97	57.03	54.28	51.56	49.25	46.97	45.12	43.37	41.89	40.45	39.05	37.78	36.75	35.74	34.90	34.14	33.49	33.19	33.00	
123.00	116.44	109.97	104.25	98.67	93.22	87.87	82.83	77.93	73.47	69.11	64.94	61.14	57.34	53.58	49.86	46.58	43.32	40.18	37.52	35.16	32.90	30.96	30.04	29.19	28.42	28.19	28.01	28.00	
113.00	106.91	100.96	95.16	89.40	83.68	78.05	72.70	67.61	62.56	57.66	54.22	51.09	48.02	45.18	42.36	39.75	37.90	36.12	34.41	33.06	31.81	30.81	29.86	29.26	28.77	28.42	28.13	28.00	
123.00	115.47	107.95	100.92	93.93	87.47	81.72	76.49	72.00	67.64	63.30	59.50	56.75	54.03	51.37	48.89	46.68	44.51	42.48	40.62	38.99	37.46	35.98	34.51	33.37	32.42	31.62	31.22	31.11	31.00	
101.00	96.78	92.65	88.54	84.49	80.70	76.99	73.47	70.33	67.29	64.30	61.31	58.53	55.81	53.48	51.21	49.00	46.98	45.00	43.03	41.25	39.55	37.90	36.37	35.40	34.48	33.68	33.16	33.00	
110.00	105.32	100.64	96.02	91.40	87.22	83.06	79.21	75.37	71.63	67.91	64.23	60.64	57.10	53.79	50.57	48.00	45.54	43.42	41.40	39.78	38.22	36.67	35.47	34.37	33.84	33.36	33.07	33.00	
103.00	98.44	93.89	89.38	84.98	80.77	76.57	72.74	69.13	65.53	62.06	58.73	55.60	52.49	49.45	46.67	43.93	41.49	39.19	37.07	34.96	33.21	31.55	30.95	30.52	30.30	30.15	30.00	
122.00	115.49	109.27	103.21	97.29	91.43	86.06	80.86	75.87	71.40	67.08	62.81	58.60	54.84	51.21	48.03	44.94	42.34	39.78	37.59	35.63	33.91	32.46	31.25	30.45	29.75	29.08	28.68	28.29	28.00	
120.00	113.55	107.57	101.63	95.87	90.11	84.65	79.58	74.73	70.30	65.91	61.72	57.61	53.72	49.89	46.30	43.29	40.59	38.08	35.74	34.04	32.73	31.51	30.56	29.95	29.43	29.00	
123.00	116.82	110.85	105.52	100.36	95.61	91.01	86.71	82.53	78.48	74.43	70.50	66.63	62.82	59.41	56.15	53.13	50.31	47.55	44.81	42.24	40.07	38.29	36.65	35.08	33.65	32.44	31.52	30.75	30.00	
107.00	102.23	97.48	93.12	88.83	84.60	80.53	76.82	73.12	69.51	65.91	62.51	59.15	55.87	52.98	50.19	47.48	44.82	42.19	39.94	37.89	36.18	34.57	33.08	31.68	30.35	29.13	28.18	28.08	28.00	
111.00	106.25	101.59	96.96	92.36	87.90	83.52	79.15	74.82	70.59	66.43	62.41	58.92	55.78	52.68	49.68	46.70	44.14	41.72	39.55	37.76	36.42	35.51	34.75	34.07	33.50	33.11	33.00	
104.00	97.66	91.87	86.12	80.46	75.34	70.22	65.29	60.79	57.49	54.54	52.29	50.07	47.91	45.77	43.65	41.57	39.72	37.91	36.11	34.81	33.65	32.51	31.41	30.49	29.59	28.72	28.00	
102.00	96.60	91.34	86.19	81.43	77.09	72.84	68.79	64.80	61.27	57.91	54.58	51.88	49.58	47.31	45.13	43.21	41.78	40.49	39.24	38.09	36.95	35.84	34.76	33.79	32.91	32.43	32.02	32.00	
112.00	106.85	101.83	96.92	92.07	87.23	82.50	77.88	73.27	68.81	64.54	60.81	57.10	53.41	49.74	46.80	44.26	41.84	39.62	37.71	35.96	34.98	34.04	33.11	32.24	31.71	31.30	31.13	31.00	
121.00	115.59	110.35	105.27	100.23	95.27	90.75	86.47	82.44	78.52	74.81	71.18	67.59	64.28	61.07	58.00	54.98	52.18	49.61	47.14	44.78	42.75	40.80	38.97	37.34	35.76	34.39	33.48	32.63	32.00	
116.00	110.18	104.40	98.65	93.20	88.50	84.08	79.71	75.46	71.31	67.17	63.30	59.53	55.87	52.45	49.03	46.02	43.15	40.51	38.00	35.54	34.08	32.63	31.37	30.19	29.42	29.00	
118.00	110.83	103.87	97.73	91.61	85.67	79.79	74.68	69.85	65.23	60.65	56.63	52.87	49.28	46.47	43.75	41.13	38.84	36.91	35.01	33.41	31.89	30.60	29.64	28.76	28.25	28.00	
122.00	114.60	107.21	99.95	92.89	86.66	80.61	75.23	69.95	65.73	61.73	57.79	54.27	51.22	48.52	45.89	43.57	41.26	38.95	37.31	35.75	34.21	32.77	31.56	30.81	30.21	30.06	30.00	
113.00	106.57	100.87	95.17	90.64	86.19	81.88	77.66	73.51	69.59	65.70	61.84	58.04	54.45	51.16	47.97	44.87	42.06	39.44	36.99	34.58	32.19	30.00	29.36	28.72	28.22	28.02	28.00	
114.00	108.28	103.12	98.11	93.22	88.38	83.85	79.59	75.54	71.53	67.65	63.80	60.28	56.92	53.62	50.34	47.14	44.06	41.58	39.39	37.25	35.78	34.70	33.97	33.53	33.22	33.00	
114.00	108.13	102.57	97.23	91.98	86.91	81.87	76.90	72.24	67.66	63.24	59.02	55.05	51.23	47.70	44.23	41.60	39.23	37.31	35.44	33.89	32.51	31.40	30.46	29.60	28.94	28.48	28.23	28.00	
107.00	101.63	96.55	91.58	86.70	82.00	77.45	73.38	69.34	65.46	62.14	59.03	56.01	53.25	50.55	47.95	45.35	42.87	40.44	38.33	36.59	35.19	33.88	32.90	32.04	31.22	31.00	
105.00	99.78	94.71	89.79	84.90	80.39	76.16	72.07	68.14	64.58	61.17	57.77	54.50	51.59	49.37	47.17	45.03	42.98	40.94	38.95	37.35	35.82	34.63	33.68	33.35	33.17	33.00	
119.00	112.67	106.72	100.80	94.89	89.47	84.04	78.86	74.33	70.05	66.28	62.70	59.16	55.61	52.90	50.26	47.73	45.44	43.66	42.11	40.67	39.31	38.00	36.74	35.60	34.52	33.79	33.27	33.00	
112.00	106.67	101.33	96.04	90.81	85.64	80.73	75.94	71.20	66.61	62.35	58.09	54.24	50.59	47.41	44.68	41.95	39.38	37.50	35.89	34.60	33.32	32.11	30.97	29.95	29.15	28.47	28.19	28.04	28.00	
111.00	104.88	98.85	93.12	87.52	82.30	77.09	71.88	66.80	63.03	59.34	55.71	52.38	49.27	46.36	43.53	41.31	39.79	38.34	37.10	35.93	34.94	33.98	33.45	33.04	32.66	32.39	32.17	32.00	
122.00	115.27	108.83	102.73	97.13	91.70	86.54	81.44	76.42	71.46	66.51	61.73	57.29	53.24	49.53	46.17	43.22	40.78	38.43	36.14	34.25	32.40	30.76	29.64	28.76	28.37	28.11	28.00	
108.00	100.64	93.65	87.79	82.38	77.00	71.80	67.22	62.86	58.94	55.31	52.27	49.32	46.61	43.99	41.71	39.54	37.51	36.05	34.69	33.35	32.05	31.12	30.24	29.42	28.82	28.31	28.00	
121.00	115.46	109.95	104.65	99.37	94.37	89.41	84.73	80.53	76.45	72.40	68.37	64.60	61.05	57.54	54.08	50.65	47.28	43.96	40.67	38.11	35.83	34.25	32.84	31.71	30.87	30.06	29.28	29.00	
105.00	98.81	93.05	87.29	82.28	77.45	73.02	68.82	64.70	60.76	57.25	53.77	50.34	47.08	44.44	42.39	40.46	38.81	37.16	35.52	34.36	33.30	32.34	31.72	31.22	30.74	30.28	30.00	
104.00	98.08	92.19	86.61	81.46	77.18	72.99	68.85	65.08	61.51	58.00	54.77	51.71	48.89	46.48	44.16	41.87	39.64	37.64	35.72	33.87	32.58	31.48	30.54	29.68	29.29	29.00	
105.00	98.67	92.52	86.41	80.66	75.04	69.42	64.47	60.84	57.58	54.39	51.73	49.08	46.43	43.88	41.77	39.70	37.99	36.77	35.64	34.53	33.57	32.65	31.83	31.15	30.54	30.00	
114.00	107.41	101.31	95.57	90.47	85.63	80.94	76.47	72.51	68.73	65.22	61.75	58.56	55.59	52.82	50.25	47.89	45.60	43.62	41.65	39.79	38.11	36.90	35.89	34.94	34.17	33.41	32.70	32.35	32.00	
120.00	113.64	107.31	101.02	95.23	89.62	84.40	79.39	74.68	70.11	65.55	61.21	56.91	52.63	48.44	44.94	42.67	40.65	38.63	36.86	35.28	33.78	32.59	31.50	30.73	30.00	29.56	29.12	29.00	
121.00	115.18	109.43	103.80	98.43	93.06	87.76	82.50	77.55	72.68	67.99	63.33	58.71	54.18	49.86	46.47	44.15	41.86	39.76	37.87	36.06	34.29	33.05	32.39	31.75	31.32	31.00	
107.00	101.71	96.44	91.41	86.67	81.98	77.36	73.13	68.91	65.03	61.20	57.85	54.57	51.72	49.04	46.67	44.70	42.80	41.00	39.45	38.16	36.97	35.86	34.85	33.91	33.23	32.57	32.00	
121.00	114.62	108.32	102.06	96.55	91.57	86.66	81.75	76.89	72.20	67.57	62.99	58.63	54.30	50.49	46.89	44.31	42.07	40.10	38.12	36.48	35.28	34.25	33.33	32.55	31.80	31.41	31.08	31.00	
111.00	105.08	99.37	94.28	89.28	84.51	79.81	75.37	71.08	67.36	63.78	60.24	56.83	53.52	50.37	47.36	44.78	42.64	40.84	39.18	37.68	36.26	35.31	34.65	34.06	33.67	33.36	33.12	33.00	
120.00	113.49	107.19	100.89	94.61	88.65	83.33	78.85	74.47	70.27	66.26	62.40	58.75	55.21	51.83	48.45	45.08	42.21	39.47	36.94	34.90	33.20	31.53	29.91	28.99	28.39	28.06	28.00	
111.00	105.95	101.03	96.21	91.59	87.02	82.66	78.39	74.21	70.38	66.75	63.38	60.26	57.30	54.36	51.48	48.73	46.03	43.39	40.76	38.60	36.56	35.13	33.86	32.66	31.71	31.00	30.38	30.00	
121.00	115.79	111.00	106.26	101.73	97.19	92.66	88.47	84.31	80.47	76.77	73.13	69.51	66.00	62.59	59.24	55.98	52.82	49.86	47.20	44.55	42.24	40.16	38.09	36.04	34.49	33.13	32.06	31.04	31.00	
104.00	98.93	94.45	90.15	86.15	82.27	78.42	74.66	71.02	67.55	64.22	61.10	58.07	55.06	52.07	49.26	46.62	44.14	41.70	39.28	37.76	36.26	34.89	33.64	32.67	31.93	31.41	31.16	31.03	31.00	
123.00	115.76	108.53	101.48	94.63	88.33	82.09	75.90	70.01	65.05	60.11	55.78	52.05	48.33	45.68	43.16	40.71	38.52	36.38	34.91	33.54	32.19	30.92	30.21	29.56	28.93	28.54	28.18	28.00	
112.00	106.97	102.06	97.41	92.82	88.35	83.90	79.85	76.04	72.34	68.69	65.21	61.85	58.60	55.54	52.69	49.87	47.40	45.06	42.88	40.79	38.94	37.34	35.90	34.77	33.70	33.15	33.00	
122.00	115.46	109.49	103.84	98.45	93.36	88.38	83.62	78.96	74.92	71.38	67.93	64.69	61.62	58.90	56.19	53.50	50.84	48.32	46.12	43.95	41.80	39.65	37.55	35.54	33.76	32.43	31.49	30.73	30.00	
121.00	114.87	108.88	103.19	97.68	92.22	86.85	81.91	77.13	72.38	67.77	63.37	59.13	55.27	51.48	47.96	44.66	41.59	39.02	37.08	35.18	33.66	32.17	30.83	29.51	28.90	28.42	28.00	
105.00	99.16	93.33	88.25	83.58	79.17	74.75	70.59	66.43	62.55	58.78	55.91	53.28	50.71	48.28	45.98	43.72	41.59	39.58	37.64	35.71	34.14	33.26	32.40	31.66	31.11	30.61	30.25	30.00	
108.00	102.33	97.21	92.33	87.58	83.00	78.68	74.38	70.22	66.63	63.10	59.66	56.24	52.87	49.50	46.85	44.48	42.45	40.63	39.02	37.42	35.83	34.46	33.09	31.77	30.45	29.13	29.00	
122.00	116.14	110.29	104.67	99.33	94.20	89.15	84.13	79.64	75.16	70.85	66.83	63.16	59.83	56.54	53.28	50.17	47.42	44.78	42.43	40.09	37.89	35.76	34.16	33.42	32.68	32.30	32.00	
103.00	96.59	90.27	84.66	79.83	75.69	71.76	67.85	63.99	60.29	56.63	52.98	49.67	46.60	44.13	42.03	40.02	38.56	37.13	35.78	34.78	33.91	33.05	32.19	31.39	30.66	30.00	
112.00	106.24	100.60	95.11	89.68	84.52	79.47	75.01	71.06	67.17	63.47	59.85	56.43	53.13	50.20	47.62	45.19	42.85	40.88	39.18	37.49	35.90	35.00	34.13	33.63	33.23	33.01	33.00	
104.00	98.65	93.49	88.69	84.37	80.08	75.88	71.91	68.14	64.46	61.01	57.89	54.81	51.76	49.21	46.73	44.31	42.16	40.14	38.22	36.78	35.43	34.49	34.14	33.83	33.56	33.32	33.17	33.05	33.00	
113.00	106.19	99.84	93.56	87.73	82.29	76.85	71.59	67.40	63.27	59.69	56.19	52.76	49.41	46.16	43.47	40.97	38.59	36.88	35.33	33.98	33.00	32.59	32.27	32.10	32.03	32.00	
104.00	99.11	94.36	89.67	85.11	80.77	76.44	72.17	67.94	64.24	60.61	57.05	53.69	50.51	47.62	45.15	42.71	40.33	38.60	36.99	35.70	34.53	33.63	32.93	32.56	32.27	32.00	
112.00	106.22	100.60	95.09	89.97	84.99	80.01	75.29	70.74	66.59	62.64	58.97	55.42	52.04	48.70	45.51	42.81	40.83	39.10	37.45	35.88	34.58	33.30	32.17	31.06	30.47	30.22	30.00	
119.00	113.88	108.89	104.06	99.54	95.22	90.92	86.68	82.55	78.48	74.49	70.51	66.78	63.14	59.67	56.46	53.35	50.29	47.26	44.49	41.98	39.71	37.55	35.60	34.31	33.06	31.98	31.33	31.11	31.00	
114.00	108.25	102.64	97.08	92.13	87.29	82.46	77.67	73.50	69.33	65.27	61.47	57.81	54.25	51.62	49.19	46.96	44.76	42.61	40.55	38.56	36.59	35.03	33.51	32.44	31.61	31.04	30.54	30.15	30.00	
111.00	105.69	100.41	95.15	90.01	84.98	80.40	75.81	71.38	67.42	63.72	60.37	57.22	54.19	51.19	48.38	46.08	43.95	41.91	39.95	38.02	36.21	34.55	33.29	32.27	31.56	30.97	30.54	30.12	30.00	
117.00	110.66	104.63	98.62	93.11	87.87	82.66	77.84	73.15	68.64	64.49	60.39	56.46	52.69	49.01	45.48	42.69	40.16	37.74	35.46	33.70	32.24	30.85	29.72	28.67	28.01	28.00	
104.00	97.90	91.81	85.91	81.39	77.04	72.89	68.89	64.91	61.07	57.86	54.74	51.76	49.33	47.13	45.04	43.21	41.47	39.88	38.32	36.88	35.68	34.66	34.12	33.61	33.13	33.02	33.00	
108.00	102.27	96.58	91.16	85.95	81.11	76.60	72.11	67.77	63.72	59.99	56.69	53.40	50.12	47.48	44.88	42.34	39.99	38.11	36.38	34.93	34.23	33.65	33.39	33.17	33.06	33.00	
104.00	98.77	93.69	88.93	84.77	80.64	77.04	73.57	70.14	66.77	63.42	60.21	57.19	54.17	51.21	48.42	45.66	42.99	40.34	37.72	36.08	34.64	33.33	32.24	31.31	30.71	30.34	30.00	
122.00	115.59	109.46	103.43	97.69	91.97	86.30	80.71	75.86	71.32	66.91	62.82	58.83	55.68	52.81	50.08	47.54	45.06	42.84	40.65	38.64	36.94	35.31	33.97	32.64	31.90	31.22	30.59	30.29	30.00	
111.00	105.16	99.47	93.83	88.22	82.78	77.60	72.64	67.68	63.45	59.50	56.06	52.65	49.38	46.23	43.43	40.97	38.51	36.29	34.16	32.31	30.49	29.66	29.15	28.64	28.47	28.31	28.18	28.05	28.00	
119.00	112.76	107.11	101.48	95.97	90.75	85.91	81.08	76.40	71.81	67.68	63.64	59.87	56.16	52.99	50.22	47.79	45.44	43.11	40.98	39.17	37.40	35.72	34.53	33.64	32.80	32.12	31.48	31.00	
115.00	108.49	102.43	96.48	90.84	85.60	80.49	75.64	70.96	66.65	62.43	58.50	55.07	51.72	48.44	45.35	42.55	40.29	38.38	36.71	35.10	34.30	33.53	32.82	32.42	32.04	32.00	
121.00	114.12	107.26	100.62	94.10	88.97	84.13	79.37	74.96	70.69	66.69	62.89	59.54	56.22	53.09	50.13	47.28	44.43	42.03	39.63	37.35	35.16	33.17	31.55	30.35	29.39	29.00	
119.00	113.55	108.30	103.08	97.98	93.00	88.22	83.50	79.17	75.10	71.16	67.23	63.44	59.71	56.27	52.93	49.74	46.77	43.86	41.18	39.17	37.27	35.61	34.13	32.70	31.26	30.21	29.20	28.49	28.00	
118.00	112.15	106.47	100.89	95.79	90.70	85.83	81.36	76.90	72.54	68.96	65.58	62.36	59.21	56.15	53.32	50.62	47.94	45.34	43.09	41.12	39.50	38.34	37.24	36.26	35.37	34.49	33.83	33.33	33.00	
101.00	95.09	89.46	84.12	78.89	74.15	69.67	65.66	61.77	57.95	54.50	51.58	48.87	46.44	44.17	41.93	39.72	37.66	35.86	34.30	32.98	32.32	31.93	31.53	31.28	31.04	31.00	
114.00	107.63	101.47	95.63	89.93	84.46	79.20	74.50	70.13	65.87	61.86	57.94	54.08	50.27	47.26	44.36	42.43	40.59	38.97	37.48	36.01	34.56	33.12	31.82	30.66	29.87	29.21	28.60	28.21	28.00	
123.00	116.53	110.36	104.20	98.50	93.18	87.85	82.57	77.61	72.99	68.82	64.75	60.76	57.19	53.82	50.70	47.73	44.77	42.42	40.08	37.92	35.81	34.08	33.04	32.43	32.19	32.00	
112.00	106.34	100.83	95.34	89.94	84.98	80.27	75.58	71.07	66.75	62.59	58.74	55.40	52.46	49.70	47.21	45.05	43.03	41.13	39.25	37.80	36.43	35.10	33.90	32.81	32.19	31.60	31.36	31.15	31.00	
105.00	99.58	94.24	88.92	83.63	78.68	73.77	69.69	66.11	62.64	59.22	55.85	52.52	49.29	46.11	42.95	40.15	37.70	35.50	33.45	32.02	30.60	29.21	28.35	28.15	28.01	28.00	
105.00	99.68	94.63	89.69	85.42	81.21	77.02	73.34	69.71	66.23	62.81	59.55	56.31	53.13	49.99	47.12	44.31	41.82	39.40	37.18	35.45	34.09	32.85	31.82	30.81	29.85	29.00	
108.00	103.12	98.35	93.64	88.97	84.43	79.91	75.47	71.12	67.05	63.07	59.15	55.79	52.47	49.52	46.59	43.80	41.35	39.26	37.28	35.76	34.78	34.18	33.76	33.37	33.11	33.00	
114.00	108.96	103.95	99.33	94.92	90.54	86.49	82.58	78.87	75.35	71.94	68.52	65.13	61.98	58.94	55.94	53.13	50.47	48.07	45.72	43.45	41.23	39.21	37.41	35.96	34.72	33.80	32.96	32.32	32.00	
113.00	107.51	102.32	97.19	92.10	87.04	81.99	77.02	72.24	68.33	64.60	60.95	57.71	54.76	51.85	49.07	46.29	43.66	41.27	38.88	36.65	34.93	33.46	32.04	31.04	30.36	29.81	29.28	29.00	
107.00	102.23	97.94	93.71	89.53	85.35	81.43	77.61	73.96	70.55	67.19	63.92	60.76	57.76	54.99	52.23	49.58	47.18	44.80	42.59	40.44	38.35	36.70	35.22	34.27	33.38	32.58	32.01	32.00	
107.00	101.26	95.63	90.04	84.88	80.09	75.36	71.45	67.65	64.18	60.81	57.47	54.16	50.92	48.05	45.22	42.60	40.01	37.54	35.64	33.82	32.42	31.20	30.49	29.89	29.36	29.00	
118.00	111.17	105.24	99.47	93.88	88.48	83.37	78.46	73.65	69.23	64.84	60.84	57.00	53.23	49.69	46.15	42.71	39.37	36.99	34.87	32.77	31.52	30.52	29.84	29.52	29.31	29.16	29.06	29.00	
107.00	102.28	97.74	93.27	88.86	84.51	80.17	75.95	72.05	68.40	65.01	61.68	58.48	55.65	52.83	50.08	47.44	44.87	42.43	40.08	37.82	35.70	34.11	32.95	32.05	31.22	30.59	30.24	30.00	
114.00	108.74	103.59	98.80	94.15	89.57	85.04	80.52	76.15	72.27	68.49	64.74	61.18	57.69	54.20	51.14	48.37	45.75	43.23	40.75	38.38	36.14	34.64	33.21	32.19	31.27	30.59	30.00	
112.00	106.42	101.17	95.98	90.92	85.89	80.93	76.07	71.20	66.61	62.41	58.44	54.84	51.39	48.33	45.57	42.96	40.92	39.05	37.37	36.20	35.07	33.96	33.11	32.49	31.89	31.47	31.09	31.00	
103.00	97.85	92.82	88.12	83.59	79.67	75.79	71.93	68.41	65.18	62.13	59.26	56.55	53.94	51.36	48.82	46.68	44.69	42.88	41.13	39.49	38.04	36.80	35.70	34.89	34.35	33.91	33.59	33.26	33.00	
109.00	103.48	98.28	93.27	88.27	83.41	78.57	73.84	69.14	64.82	60.86	57.05	53.33	49.62	46.45	43.59	40.90	38.72	36.72	35.09	33.80	32.52	31.28	30.32	29.40	28.76	28.15	28.10	28.05	28.00	
112.00	105.70	100.65	95.64	90.78	86.18	81.66	77.34	73.46	69.62	65.93	62.29	58.77	55.30	51.92	48.70	45.78	43.35	41.32	39.42	37.71	36.22	34.75	33.53	32.35	31.66	31.00	
115.00	109.79	104.68	100.10	95.64	91.36	87.13	82.92	78.95	75.02	71.18	67.36	63.65	60.14	56.62	53.13	49.92	46.75	43.87	41.21	38.63	36.11	33.76	31.69	30.89	30.33	30.16	30.08	30.00	
102.00	96.69	92.14	87.85	83.63	79.54	75.73	72.03	68.34	64.73	61.15	57.78	54.45	51.19	47.94	44.68	42.24	39.91	38.15	36.45	34.79	33.22	31.71	30.67	29.76	29.08	28.69	28.38	28.19	28.00	
104.00	98.21	92.73	87.55	82.43	77.46	72.74	68.07	63.99	59.99	56.38	53.55	50.82	48.14	45.63	43.40	41.24	39.10	37.30	35.68	34.19	32.76	31.57	30.40	29.57	28.84	28.42	28.03	28.00	
102.00	97.91	93.96	90.04	86.13	82.41	78.77	75.22	71.68	68.25	65.03	61.85	58.72	55.65	52.67	49.85	47.15	44.71	42.36	40.16	38.07	36.20	35.40	34.60	33.86	33.40	33.00	
102.00	96.27	91.28	86.48	81.94	77.62	73.42	69.33	65.36	61.40	57.50	53.98	50.58	47.45	44.43	41.80	39.84	38.02	36.47	34.95	33.60	32.47	31.51	30.74	29.97	29.34	29.10	29.00	
101.00	94.18	87.42	81.76	76.57	71.76	67.25	62.97	59.63	56.45	53.47	50.95	48.43	46.12	43.86	41.61	39.45	37.82	36.26	34.89	33.81	32.86	31.91	31.01	30.12	29.30	28.66	28.37	28.18	28.00	
107.00	100.79	94.68	89.22	83.79	78.59	73.49	68.40	63.33	58.38	54.96	51.67	48.45	45.34	42.91	40.57	38.44	36.56	35.07	33.63	32.25	31.21	30.18	29.46	28.87	28.56	28.27	28.08	28.03	28.00	
109.00	103.03	97.23	92.22	87.30	82.54	77.88	73.34	69.14	65.17	61.35	58.05	54.85	51.68	48.58	45.71	42.94	40.42	38.07	36.20	34.43	32.99	32.05	31.28	30.77	30.39	30.16	30.00	
112.00	106.88	102.02	97.23	92.50	87.93	83.72	79.69	75.78	71.91	68.07	64.25	60.52	56.81	53.53	50.43	47.59	44.79	42.21	39.73	37.28	35.11	33.52	32.26	31.25	30.69	30.15	30.04	30.00	
115.00	109.46	104.10	99.00	94.34	89.71	85.12	80.74	76.74	72.80	68.98	65.27	61.70	58.47	55.29	52.29	49.41	46.85	44.31	41.88	39.46	37.20	35.00	32.92	31.25	30.03	29.22	28.50	28.25	28.00	
105.00	99.23	93.47	88.14	82.97	77.88	73.29	68.76	64.32	59.99	56.10	52.36	49.21	46.32	43.61	41.50	39.87	38.36	37.05	35.85	34.70	33.55	32.50	31.47	30.67	30.04	29.59	29.22	29.00	
105.00	99.94	95.23	90.77	86.52	82.36	78.22	74.16	70.42	66.73	63.26	59.91	56.60	53.30	50.11	46.92	43.96	41.02	38.54	36.12	34.36	32.70	31.46	30.60	29.77	29.29	29.01	29.00	
111.00	105.20	99.41	94.00	88.64	83.34	78.10	73.20	68.87	64.78	60.81	57.58	54.39	51.47	49.10	46.76	44.46	42.29	40.36	38.67	37.32	36.29	35.25	34.26	33.31	32.56	32.09	32.00	
105.00	100.21	95.61	91.16	86.76	82.74	78.82	74.97	71.33	67.74	64.23	60.90	57.66	54.81	52.01	49.21	46.98	44.82	42.94	41.34	39.98	38.63	37.30	36.14	35.01	33.90	33.28	33.03	33.00	
101.00	94.25	87.72	82.12	77.73	73.52	69.37	65.73	62.17	58.69	55.27	51.99	48.95	46.27	43.64	41.14	39.29	37.44	35.81	34.40	33.45	32.52	31.75	31.08	30.52	30.01	30.00	
105.00	100.31	95.65	91.28	87.24	83.23	79.37	76.21	73.08	69.96	66.91	63.87	61.00	58.13	55.43	52.75	50.13	47.66	45.33	43.15	41.02	38.94	37.28	35.69	34.17	32.96	31.86	31.19	30.53	30.00	
102.00	97.06	92.14	87.55	83.20	79.35	75.51	71.76	68.31	65.04	61.85	58.74	55.74	52.83	50.04	47.39	45.19	43.05	40.98	39.22	37.55	36.16	34.82	33.81	32.94	32.18	31.43	30.81	30.25	30.00	
110.00	104.52	99.04	93.97	89.06	84.18	79.32	74.57	69.84	65.47	61.32	57.39	53.91	50.67	48.05	45.64	43.33	41.49	39.69	38.04	36.53	35.03	33.71	32.54	31.69	31.42	31.18	31.00	
101.00	95.42	90.39	85.50	80.65	75.88	71.64	67.42	63.83	60.33	56.93	53.84	50.78	47.77	44.76	42.25	40.15	38.09	36.22	34.59	33.48	32.60	31.98	31.37	30.77	30.55	30.35	30.15	30.00	
116.00	111.05	106.29	101.69	97.11	92.57	88.13	83.74	79.56	75.39	71.22	67.08	62.99	59.27	55.73	52.50	49.91	47.36	44.84	42.84	40.88	39.14	37.44	35.80	34.52	33.37	32.43	31.57	31.00	
109.00	102.90	97.04	91.22	85.49	80.37	75.29	70.58	66.02	62.33	58.68	55.26	51.91	48.85	45.91	43.27	41.43	39.99	38.60	37.46	36.47	35.59	34.74	34.25	33.79	33.34	32.91	32.53	32.20	32.00	
111.00	103.85	96.77	90.61	84.96	79.61	74.35	69.81	65.30	61.07	56.98	52.92	49.57	46.36	43.40	40.49	37.81	35.77	34.10	32.59	31.19	30.40	29.85	29.45	29.22	29.11	29.00	
104.00	98.48	93.55	88.76	84.08	79.79	75.61	71.47	67.42	63.40	60.18	57.16	54.16	51.16	48.22	45.40	42.58	39.76	37.11	35.37	34.33	33.33	32.46	31.86	31.61	31.36	31.11	31.00	
115.00	109.96	104.94	99.95	95.21	90.74	86.38	82.07	77.75	73.54	69.35	65.23	61.13	57.09	53.70	50.53	47.42	44.39	41.68	39.22	37.37	35.81	34.26	32.72	31.49	30.36	30.00	
113.00	108.28	103.72	99.20	94.71	90.58	86.52	82.50	78.68	74.99	71.37	67.80	64.24	60.98	58.00	55.06	52.13	49.27	46.56	43.93	41.32	38.77	36.71	34.95	33.31	31.69	31.27	31.00	
122.00	115.97	109.97	104.07	98.35	92.75	87.89	83.11	78.42	73.99	69.62	65.90	62.31	58.74	55.24	52.17	49.17	46.29	43.78	41.27	39.29	37.45	35.72	34.12	33.01	32.14	31.34	31.00	
103.00	97.07	91.57	86.52	81.79	77.06	72.46	68.08	63.99	60.14	56.42	53.14	49.93	46.80	43.75	40.89	38.30	36.00	34.37	33.09	31.94	31.08	30.49	29.93	29.61	29.33	29.10	29.00	
101.00	95.43	89.88	84.49	79.58	74.76	70.39	66.02	62.08	58.94	55.83	52.90	50.12	47.49	44.98	42.79	40.62	38.72	36.83	35.19	33.84	32.70	31.92	31.22	30.64	30.10	30.00	
106.00	101.56	97.18	92.84	88.53	84.26	80.20	76.18	72.31	68.47	64.66	61.15	57.64	54.14	51.11	48.41	45.78	43.30	40.99	38.83	37.67	36.55	35.48	34.43	33.43	32.56	31.99	31.50	31.04	31.00	
108.00	103.55	99.22	94.94	90.75	86.61	82.50	78.53	74.66	70.84	67.18	63.89	60.66	57.47	54.52	51.59	48.81	46.26	43.72	41.72	39.99	38.58	37.18	35.81	34.67	33.57	32.52	31.56	30.66	30.00	
119.00	113.12	107.35	101.70	96.33	91.03	85.76	80.55	75.39	70.80	66.41	62.55	58.73	55.01	51.42	48.51	45.71	43.16	40.90	38.74	36.82	34.96	33.94	33.40	32.89	32.47	32.16	32.00	
107.00	100.89	95.01	89.54	85.11	80.80	76.52	72.29	68.21	64.19	60.60	57.19	53.93	50.86	47.80	44.91	42.73	40.78	38.96	37.17	35.39	33.87	32.43	31.45	30.49	29.70	29.36	29.04	29.00	
111.00	105.21	99.60	94.02	88.79	83.67	78.61	73.56	68.63	64.01	59.44	55.27	51.20	47.75	44.31	41.88	40.01	38.58	37.61	36.68	35.95	35.27	34.64	34.11	33.58	33.39	33.21	33.07	33.00	
119.00	112.01	105.53	99.06	92.67	86.29	79.93	74.31	68.74	63.97	59.65	55.73	52.12	48.75	46.12	43.57	41.10	38.77	36.47	34.18	32.89	32.00	31.18	30.74	30.39	30.06	30.00	
103.00	97.84	92.88	88.11	83.58	79.12	74.75	70.56	66.45	62.57	58.71	55.34	52.26	49.40	46.81	44.33	42.30	40.50	38.74	37.37	36.08	35.03	34.14	33.60	33.19	33.07	33.00	
103.00	97.84	92.80	87.89	83.07	78.53	74.23	70.00	65.84	61.71	57.85	54.39	51.11	48.22	45.45	42.99	40.57	38.54	36.60	34.69	33.78	32.94	32.13	31.41	30.85	30.32	30.01	30.00	
121.00	114.78	108.64	103.29	98.18	93.08	88.24	83.41	78.92	74.62	70.65	66.68	63.14	59.86	56.72	53.67	50.84	48.19	45.62	43.18	40.91	38.66	36.70	34.91	33.55	32.30	31.59	31.21	31.00	
104.00	98.36	92.80	87.37	82.11	77.15	72.23	67.46	63.07	59.36	55.79	52.43	49.45	46.99	44.58	42.26	40.04	38.50	37.08	35.91	34.83	33.98	33.35	32.94	32.55	32.22	32.00	
106.00	100.62	95.27	90.12	85.65	81.21	77.27	73.58	70.29	67.11	63.99	61.02	58.08	55.13	52.27	49.71	47.18	44.66	42.28	40.07	37.97	35.98	34.52	33.07	31.66	30.65	30.00	
109.00	101.28	94.00	86.73	80.15	73.60	67.60	61.79	56.68	52.64	49.12	45.68	42.54	40.68	39.18	37.80	36.53	35.26	34.02	32.87	32.17	31.57	31.00	30.59	30.18	30.04	30.02	30.00	
105.00	98.40	91.95	85.96	79.98	74.23	69.97	66.22	62.63	59.04	56.22	53.40	50.62	47.87	45.28	42.76	40.51	38.26	36.54	34.98	33.54	32.17	31.24	30.38	29.52	29.21	29.08	29.00	
104.00	98.54	93.12	87.93	82.81	77.69	72.92	68.22	64.71	61.21	58.07	55.16	52.31	49.48	47.50	45.56	43.76	42.12	40.71	39.34	38.02	36.85	35.70	34.76	33.87	33.00	32.51	32.05	32.00	
115.00	109.34	104.14	98.93	93.88	89.48	85.49	81.75	78.15	74.56	71.05	67.70	64.35	61.01	57.88	54.94	52.08	49.28	46.66	44.17	41.87	39.77	37.68	35.68	33.70	32.17	30.78	29.50	29.03	29.00	
110.00	103.69	97.40	91.13	85.88	81.10	76.50	72.11	68.24	64.40	60.84	57.64	54.67	51.73	48.86	46.10	43.43	40.91	38.62	36.50	34.85	33.36	32.22	31.09	30.10	29.27	28.53	28.00	
102.00	96.81	91.68	86.64	81.74	76.86	72.11	67.83	64.13	60.75	57.42	54.37	51.53	48.72	46.00	43.56	41.47	39.56	37.65	36.21	34.83	33.67	32.58	32.00	31.41	31.11	31.03	31.00	
109.00	103.35	97.75	92.37	87.15	82.29	77.66	73.44	69.24	65.73	62.37	59.02	55.87	52.86	50.34	48.04	45.76	43.66	41.65	39.85	38.24	36.65	35.24	34.25	33.36	32.65	32.33	32.04	32.00	
115.00	109.21	103.63	98.27	93.40	88.65	84.14	79.71	75.34	71.07	66.81	62.72	58.86	55.00	51.22	48.54	45.98	43.74	41.53	39.40	37.41	35.82	34.43	33.41	32.48	31.65	30.85	30.08	30.00	
111.00	105.59	100.17	94.87	89.96	85.13	80.58	76.23	72.06	68.08	64.22	60.39	57.06	53.74	50.60	47.69	45.01	42.65	40.68	38.72	36.79	34.92	33.32	32.32	31.37	30.55	30.00	
119.00	112.41	105.88	99.52	93.42	87.72	82.10	76.64	71.26	65.99	61.65	57.37	53.27	49.67	46.51	43.95	41.45	39.15	37.24	36.03	34.87	33.95	33.14	32.35	31.58	31.01	31.00	
106.00	99.55	93.12	86.85	81.50	76.52	71.58	66.81	62.28	57.99	54.33	50.71	47.61	44.53	41.47	38.79	36.23	33.89	32.50	31.25	30.07	29.37	28.79	28.46	28.18	28.04	28.00	
112.00	106.32	101.02	95.85	90.92	86.21	81.51	76.95	72.78	68.79	65.05	61.54	58.37	55.23	52.13	49.16	46.27	43.84	41.82	39.91	38.57	37.41	36.27	35.21	34.16	33.54	33.06	32.60	32.25	32.00	
115.00	109.60	104.20	98.81	93.52	88.42	83.48	78.68	74.02	69.37	64.78	60.49	56.40	52.58	49.01	45.45	43.30	41.26	39.35	37.49	35.87	34.39	33.09	31.88	30.75	29.70	29.00	
115.00	108.66	102.41	97.20	92.00	87.01	82.14	77.63	73.39	69.16	64.97	60.78	56.86	53.14	49.73	47.06	44.40	41.77	39.52	37.47	35.90	34.69	34.08	33.57	33.23	33.08	33.00	
106.00	100.78	95.67	90.59	85.55	80.75	76.35	72.09	67.84	63.60	59.58	55.81	52.11	49.32	46.54	43.84	41.40	39.16	37.02	35.30	33.94	32.65	31.71	30.79	30.07	29.40	28.79	28.23	28.09	28.00	
113.00	106.27	99.68	93.18	86.88	81.77	77.11	72.50	68.17	64.03	60.22	56.49	52.80	49.43	46.14	43.09	40.84	38.77	37.04	35.44	33.99	32.55	31.37	30.40	29.85	29.40	29.00	
108.00	101.80	95.82	90.35	85.19	80.14	75.42	70.86	66.66	62.60	58.66	54.72	51.59	48.68	46.31	43.95	42.00	40.13	38.50	37.02	35.61	34.31	33.57	32.94	32.31	31.77	31.45	31.18	31.06	31.00	
117.00	108.34	100.58	93.55	87.01	80.96	75.61	70.45	65.40	60.55	56.33	52.86	49.57	46.33	43.64	41.38	39.20	37.13	35.47	34.12	32.88	31.66	30.88	30.17	30.09	30.05	30.00	
105.00	99.48	94.01	88.89	83.99	79.17	74.55	69.97	65.73	61.81	58.43	55.08	51.74	48.44	45.30	42.55	39.80	37.51	35.60	34.22	33.07	31.97	30.90	30.07	29.57	29.13	29.00	
113.00	106.45	99.92	93.71	88.30	83.12	77.99	73.21	68.90	64.89	60.95	57.17	53.48	49.90	46.56	43.43	41.69	39.99	38.37	36.96	35.69	34.62	33.60	32.60	31.62	30.83	30.29	30.02	30.00	
122.00	114.87	107.96	101.35	94.84	89.19	83.81	78.54	73.39	68.41	63.99	59.99	56.14	52.82	49.83	46.92	44.48	42.07	39.76	37.60	35.45	34.27	33.18	32.21	31.54	31.22	31.07	31.03	31.00	
120.00	114.70	109.54	104.40	99.40	94.48	89.95	85.45	80.97	76.54	72.21	67.90	63.68	59.78	56.37	53.19	50.01	46.88	43.91	41.02	38.45	35.93	33.89	32.03	30.27	28.91	28.53	28.25	28.00	
106.00	100.30	94.76	89.60	84.69	79.83	74.99	70.56	66.49	63.03	59.94	56.93	53.99	51.37	48.82	46.39	43.98	41.67	39.55	37.64	36.30	34.98	33.75	32.61	32.08	31.57	31.28	31.00	
107.00	101.78	96.62	91.63	87.10	82.68	78.42	74.58	70.80	67.08	63.62	60.40	57.39	54.43	51.53	48.67	46.13	43.60	41.83	40.14	38.54	37.05	35.60	34.17	32.81	32.05	31.41	31.00	
113.00	106.13	99.41	93.33	87.98	82.92	77.93	73.07	68.64	64.29	60.19	56.14	52.93	50.10	47.54	45.09	42.78	40.58	38.71	36.93	35.35	33.81	32.32	31.00	30.02	29.22	29.03	29.00	
114.00	108.24	102.52	96.97	91.96	87.03	82.22	77.54	73.21	69.18	65.23	61.61	58.24	54.90	51.62	49.11	46.70	44.35	42.17	40.01	37.91	36.19	34.53	33.23	31.97	30.93	30.26	29.75	29.36	29.00	
115.00	108.81	102.63	96.52	90.42	85.01	79.65	74.38	70.24	66.48	63.05	59.67	56.80	53.99	51.50	49.11	46.72	44.73	42.76	40.89	39.09	37.68	36.34	35.02	34.16	33.37	32.61	32.03	32.00	
110.00	104.76	99.54	94.44	89.71	85.06	80.48	75.98	72.02	68.10	64.30	60.67	57.14	53.66	50.61	47.73	45.09	42.87	40.69	38.71	36.94	35.25	33.92	32.81	32.00	31.27	30.67	30.22	30.00	
121.00	115.69	110.72	105.87	101.25	96.70	92.26	88.03	83.86	79.70	75.61	71.84	68.07	64.40	60.80	57.27	53.77	50.41	47.72	45.24	42.75	40.30	37.96	35.64	33.44	31.35	29.69	29.11	29.00	
110.00	102.78	96.99	91.63	86.43	81.55	76.88	72.62	68.41	64.38	60.37	56.40	52.49	48.89	45.58	42.98	40.43	38.71	37.09	35.62	34.58	33.55	32.57	32.02	31.49	31.07	31.00	
108.00	102.59	97.33	92.24	87.30	82.60	77.92	73.30	68.79	64.33	60.03	56.12	52.25	49.07	46.04	43.40	40.85	38.83	37.35	35.86	34.80	33.88	33.14	32.55	32.03	31.56	31.29	31.14	31.00	
103.00	98.59	94.22	89.86	85.70	81.71	77.94	74.32	70.89	67.52	64.16	60.87	57.67	54.57	51.53	48.74	46.00	43.60	41.43	39.25	37.65	36.35	35.46	34.58	33.72	32.97	32.51	32.16	32.03	32.00	
109.00	103.56	98.13	92.94	88.25	84.00	79.88	75.84	71.96	68.08	64.28	61.11	57.98	54.89	51.87	48.88	46.26	44.05	41.86	39.82	37.97	36.18	34.58	33.10	31.81	30.71	29.81	29.03	28.46	28.00	
120.00	114.54	109.10	103.68	98.37	93.23	88.32	83.65	79.09	74.80	70.68	66.60	62.58	58.87	55.42	52.32	49.29	46.39	43.77	41.26	38.87	36.69	34.66	32.95	31.27	30.77	30.38	30.17	30.00	
109.00	103.46	98.18	92.97	87.91	82.95	78.06	73.60	69.43	65.44	61.52	58.19	54.88	51.91	49.06	46.34	43.77	41.24	39.12	37.37	35.64	34.02	32.57	31.57	30.94	30.45	30.17	30.00	
117.00	109.94	102.97	97.49	92.22	87.43	82.74	78.14	73.61	69.26	65.18	61.33	57.82	54.44	51.33	48.66	46.02	44.08	42.22	40.40	38.68	37.04	35.54	34.34	33.17	32.06	31.00	
104.00	98.39	92.78	87.46	82.39	77.47	73.38	69.36	65.35	61.40	57.55	53.99	50.79	48.07	45.56	43.48	41.42	39.53	37.84	36.15	34.50	32.94	31.74	30.58	29.45	28.68	28.40	28.14	28.00	
118.00	111.01	104.67	98.77	93.36	88.54	83.75	78.99	74.34	69.95	65.78	61.63	57.66	54.03	51.09	48.25	45.54	43.10	40.74	38.40	36.18	34.35	33.07	31.79	30.84	30.45	30.08	30.00	
115.00	109.50	104.23	99.23	94.28	89.32	84.39	79.65	75.31	71.28	67.63	64.22	60.81	57.57	54.40	51.39	48.52	45.68	42.90	40.57	38.42	36.38	34.40	32.95	31.58	30.33	29.11	28.00	
121.00	114.54	108.10	102.36	97.36	92.79	88.32	84.05	79.81	75.57	71.42	67.39	63.46	59.82	56.42	53.07	49.82	46.58	43.82	41.76	39.80	37.87	36.14	34.43	32.76	31.55	31.00	
121.00	114.29	108.58	103.09	97.77	92.51	87.46	82.58	77.77	73.03	68.39	64.06	59.88	56.13	52.38	48.64	45.04	41.55	39.17	37.04	35.12	33.62	32.16	31.19	30.65	30.30	30.09	30.00	
108.00	100.97	93.99	87.40	81.27	75.50	70.24	65.19	60.71	56.24	52.34	48.79	45.50	42.65	40.21	38.30	36.57	35.30	34.17	33.08	32.22	31.38	30.62	29.87	29.19	28.61	28.17	28.00	
114.00	108.81	103.96	99.35	94.76	90.17	85.60	81.17	76.77	72.62	68.52	64.74	61.15	57.62	54.70	51.84	49.03	46.43	43.85	41.45	39.08	37.16	35.26	33.40	31.74	31.34	31.00	
119.00	112.17	105.39	99.18	93.53	88.01	82.58	77.31	72.09	67.63	63.44	59.41	55.55	52.05	49.15	46.36	44.48	42.64	40.85	39.25	37.69	36.19	34.78	34.17	33.63	33.19	33.07	33.00	
105.00	99.67	94.48	89.67	85.18	80.76	76.36	72.24	68.68	65.29	62.01	58.87	55.88	52.97	50.60	48.23	45.93	43.83	41.83	40.43	39.14	37.85	36.77	35.83	34.95	34.22	33.59	33.29	33.00	
122.00	114.51	107.65	100.92	94.59	89.57	84.70	80.08	75.68	71.29	66.95	63.44	60.10	56.78	53.58	50.52	47.63	45.20	42.99	41.01	39.35	37.87	36.41	35.13	33.99	33.12	32.33	32.13	32.00	
113.00	107.25	101.77	97.05	92.46	87.89	83.31	78.74	74.57	70.44	66.44	62.70	59.06	55.80	52.78	49.79	46.92	44.53	42.41	40.40	38.40	36.91	35.58	34.61	33.65	32.98	32.40	32.00	
102.00	97.16	92.68	88.22	84.05	79.96	75.93	72.12	68.32	64.62	61.02	57.45	53.91	50.73	47.56	44.66	41.83	39.51	37.49	35.85	34.51	33.50	32.67	32.00	31.36	31.09	31.04	31.00	
117.00	111.72	106.65	101.74	96.90	92.17	87.59	83.18	78.94	74.80	70.67	66.75	62.90	59.06	55.55	52.10	49.08	46.09	43.19	40.52	37.90	35.46	33.70	32.76	31.84	31.10	30.47	30.26	30.08	30.00	
110.00	103.24	96.89	90.87	84.92	79.01	74.33	69.69	65.66	62.05	58.75	55.70	52.81	50.25	47.71	45.50	43.42	41.96	40.66	39.36	38.32	37.30	36.30	35.49	34.73	33.99	33.34	32.75	32.31	32.00	
110.00	104.13	98.58	93.05	87.74	82.46	77.33	73.00	68.87	64.76	60.84	57.07	53.77	50.80	47.89	45.31	42.86	40.47	38.08	35.77	33.91	32.65	31.49	30.45	29.64	29.05	29.00	
109.00	103.56	98.64	93.77	89.09	84.54	80.13	75.88	71.65	67.57	63.73	60.05	56.46	53.03	50.09	47.51	44.95	42.43	39.92	38.44	37.03	35.94	34.92	34.01	33.34	33.10	33.00	
108.00	102.64	97.49	92.57	87.88	83.44	79.23	75.24	71.33	67.47	64.09	60.91	57.84	54.78	51.77	49.09	46.57	44.49	42.44	40.50	38.67	37.05	35.59	34.25	33.81	33.42	33.12	33.00	
106.00	100.93	95.88	91.11	86.40	81.81	77.56	73.60	69.69	65.81	62.07	58.59	55.28	52.02	49.07	46.18	43.80	41.95	40.17	38.91	37.65	36.52	35.49	34.74	34.06	33.40	32.75	32.31	32.03	32.00	
104.00	98.54	93.25	88.14	83.33	78.56	73.87	69.35	64.91	60.59	56.62	52.67	49.12	45.62	42.21	39.56	36.92	34.86	33.06	31.56	30.30	29.34	28.93	28.58	28.31	28.13	28.03	28.01	28.00	
112.00	106.10	100.42	95.18	90.00	85.38	80.87	76.50	72.24	68.27	64.60	60.94	57.58	54.68	51.80	49.01	46.70	44.57	42.46	40.62	38.90	37.21	35.95	34.70	33.64	32.59	32.00	
106.00	101.03	96.39	92.01	87.90	83.82	79.83	75.99	72.36	68.85	65.45	62.07	58.71	55.66	52.82	50.03	47.45	45.08	42.85	40.75	38.83	37.04	35.35	34.33	33.50	33.09	33.00	
114.00	108.74	103.54	98.57	93.87	89.39	85.07	80.80	76.57	72.64	68.75	65.13	61.60	58.14	54.70	51.30	48.08	44.94	42.36	40.11	37.90	35.80	33.91	32.25	31.19	30.36	29.60	29.21	29.00	
106.00	100.72	95.73	90.76	85.94	81.78	77.75	74.12	70.52	66.95	63.39	59.82	56.56	53.58	50.68	47.91	45.26	42.80	40.50	38.27	36.27	34.35	33.01	31.78	30.77	30.01	29.26	28.55	28.00	
109.00	102.86	96.92	91.16	85.54	80.58	75.63	70.74	66.10	61.47	57.42	53.60	50.33	47.52	44.92	42.53	40.55	38.82	37.23	35.73	34.45	33.65	33.21	32.84	32.50	32.28	32.13	32.00	
108.00	102.76	97.53	92.33	87.38	82.91	78.58	74.28	70.48	66.80	63.30	59.80	56.35	52.91	49.50	46.37	43.31	40.51	37.93	35.70	33.63	32.02	30.77	29.58	28.59	28.24	28.00	
108.00	103.21	98.45	93.72	89.28	84.97	80.74	76.60	72.52	68.63	64.87	61.36	58.01	54.84	51.91	49.02	46.20	43.68	41.51	39.63	37.99	36.65	35.39	34.45	33.63	33.02	32.59	32.32	32.06	32.00	
112.00	105.65	99.38	93.17	87.03	80.96	75.33	70.34	65.85	61.83	57.98	54.47	51.51	48.82	46.33	43.85	41.86	40.08	38.41	36.93	35.62	34.56	33.81	33.42	33.24	33.11	33.00	
109.00	103.58	98.41	93.43	88.52	84.07	79.74	75.78	72.18	68.65	65.21	61.98	58.76	55.63	52.93	50.24	47.61	45.08	42.79	40.68	38.86	37.50	36.32	35.36	34.44	33.55	32.72	32.00	
104.00	98.15	92.32	86.51	80.96	75.52	70.35	65.22	60.46	55.87	51.84	47.94	44.44	41.14	38.47	36.45	34.90	33.40	32.30	31.38	30.60	29.91	29.30	28.74	28.24	28.05	28.02	28.00	
105.00	99.69	94.97	90.28	85.74	81.52	77.39	73.28	69.31	65.37	61.66	57.96	54.47	51.44	48.86	46.40	44.17	41.95	39.90	37.86	36.20	34.67	33.27	32.08	30.91	30.10	29.59	29.12	29.00	
107.00	101.82	96.70	91.65	87.15	83.06	78.97	74.97	71.00	67.08	63.24	59.42	55.79	52.47	49.26	46.18	43.22	40.32	38.13	36.06	34.44	33.13	32.01	30.97	30.27	29.64	29.40	29.19	29.00	
123.00	115.43	108.15	101.27	94.82	88.94	83.19	78.19	73.34	68.95	65.05	61.43	58.00	55.25	52.68	50.15	47.93	45.84	43.87	41.97	40.08	38.44	36.86	35.43	34.19	33.33	32.60	31.91	31.25	31.00	
111.00	106.02	101.04	96.25	91.56	86.89	82.56	78.26	74.03	70.15	66.85	63.58	60.39	57.28	54.18	51.18	48.27	45.37	42.55	39.83	37.22	34.66	33.13	32.03	30.94	29.88	29.00	28.30	28.00	
121.00	114.37	108.28	102.30	96.37	90.55	84.78	79.23	74.45	69.70	65.09	61.03	57.50	54.22	50.99	48.08	45.44	42.83	40.29	38.15	36.22	34.35	32.83	31.60	30.69	29.88	29.13	28.42	28.12	28.00	
112.00	107.15	102.32	97.50	92.68	87.90	83.52	79.20	75.06	71.04	67.14	63.62	60.15	56.80	53.56	50.50	47.61	44.78	42.32	40.33	38.35	36.60	35.06	33.83	33.01	32.21	31.50	31.23	31.00	
109.00	103.98	98.96	94.07	89.19	84.41	79.63	75.06	70.84	66.61	62.93	59.29	55.91	52.59	49.89	47.51	45.19	42.88	40.68	38.55	36.75	35.06	33.61	32.36	31.63	31.13	31.00	
112.00	106.44	101.20	96.29	91.50	86.87	82.45	78.15	73.90	69.98	66.12	62.31	58.92	56.14	53.56	50.99	48.54	46.11	44.10	42.33	40.62	39.00	37.46	35.93	34.74	33.56	32.83	32.16	32.00	
102.00	94.66	88.98	84.16	79.39	74.98	70.67	66.38	62.26	58.70	55.25	51.95	48.91	46.45	44.03	41.87	39.95	38.10	37.19	36.31	35.52	34.73	33.95	33.24	32.81	32.39	32.03	32.00	
118.00	111.94	106.16	100.55	95.22	89.91	84.70	79.55	74.58	70.11	65.89	61.84	58.32	55.00	51.69	48.66	45.78	43.01	40.53	38.10	36.13	34.42	32.84	31.32	30.12	29.41	28.70	28.00	
120.00	114.23	108.52	103.08	97.93	92.89	87.88	83.12	78.39	74.13	70.25	66.42	62.70	59.05	55.91	52.86	49.91	47.11	44.33	41.60	39.51	37.80	36.20	35.17	34.41	33.65	33.01	32.55	32.26	32.00	
121.00	114.20	107.75	101.43	95.73	90.10	84.69	79.72	75.08	70.69	66.50	62.35	58.26	54.25	50.55	47.11	44.30	41.58	39.05	37.11	35.21	33.78	32.46	31.18	30.02	29.45	29.00	
110.00	103.87	97.81	92.32	86.95	81.78	76.76	71.83	67.15	62.49	57.99	54.29	50.78	47.37	44.65	42.41	40.53	38.91	37.33	35.77	34.29	32.82	31.69	30.75	30.07	29.58	29.29	29.00	
104.00	99.03	94.31	89.69	85.23	81.11	77.03	73.21	69.76	66.52	63.31	60.12	57.02	54.04	51.25	48.48	46.36	44.26	42.20	40.20	38.67	37.23	35.98	34.87	34.07	33.45	33.00	
113.00	107.12	101.43	95.96	90.55	85.24	79.96	74.84	70.10	66.16	62.35	58.63	55.02	51.96	48.98	46.18	43.76	41.79	39.87	38.01	36.28	34.77	33.47	32.30	31.66	31.25	31.00	
101.00	95.41	89.97	84.72	79.71	74.73	69.86	65.45	62.05	58.79	55.74	52.90	50.30	47.82	45.42	43.07	40.74	38.52	36.32	34.55	33.08	32.02	30.97	30.25	29.66	29.09	28.68	28.28	28.00	
116.00	109.93	103.93	98.62	93.42	88.63	83.85	79.21	74.90	70.77	66.66	62.62	59.03	55.53	52.06	48.98	45.93	43.29	40.94	38.63	36.80	35.15	33.67	32.34	32.13	32.01	32.00	
102.00	96.18	90.59	85.01	79.72	74.63	70.06	65.53	61.14	56.82	53.64	50.73	48.19	45.93	43.83	41.95	40.17	38.75	37.44	36.34	35.50	34.72	33.94	33.32	33.04	33.02	33.00	
102.00	97.61	93.22	88.92	84.68	80.43	76.19	72.06	68.16	64.27	60.44	56.83	53.47	50.20	47.08	44.03	41.46	39.13	37.17	35.45	34.14	33.17	32.25	31.37	30.65	30.24	30.11	30.03	30.00	
113.00	106.59	100.74	94.90	89.25	83.78	78.57	73.47	68.61	63.82	59.87	56.32	53.16	50.55	48.00	45.44	42.90	40.59	38.59	36.70	34.91	33.13	32.05	31.14	30.26	29.53	29.25	29.12	29.02	29.00	
120.00	114.44	108.95	103.59	98.29	93.05	87.96	82.89	77.95	73.18	68.50	64.35	60.57	57.02	53.74	51.07	48.50	46.31	44.16	42.15	40.19	38.24	36.32	34.73	33.20	31.70	30.51	29.51	28.73	28.00	
116.00	110.39	104.81	99.41	94.07	88.82	83.58	78.37	73.17	68.16	63.82	59.82	56.15	52.48	49.35	46.74	44.50	42.37	40.25	38.41	37.05	35.71	34.44	33.38	32.39	31.51	30.70	30.28	30.12	30.00	
111.00	105.05	99.26	93.47	88.00	82.98	78.05	73.38	69.18	64.98	61.02	57.67	54.62	51.71	49.09	46.58	44.25	42.06	39.89	37.99	36.27	34.84	33.53	32.47	31.41	30.45	30.00	
123.00	114.82	106.87	99.17	91.51	84.41	78.52	72.65	67.42	63.24	59.38	55.72	52.16	49.01	46.39	43.91	41.53	39.56	37.73	36.20	34.76	33.32	32.06	31.10	30.27	29.51	29.00	
109.00	101.77	94.62	87.80	82.09	76.72	71.77	67.33	63.54	60.08	56.69	53.32	50.38	47.69	45.06	42.89	40.89	39.09	37.33	36.07	34.90	33.75	32.72	31.92	31.15	30.45	30.00	
111.00	106.04	101.39	96.81	92.26	87.80	83.45	79.18	75.05	70.93	67.27	64.14	61.08	58.04	55.09	52.15	49.29	46.79	44.31	42.00	39.72	37.62	36.02	34.61	33.25	32.32	31.52	31.22	31.00	
104.00	98.45	92.97	87.93	82.94	78.41	73.92	70.15	66.75	63.38	60.07	56.82	53.74	50.86	47.99	45.43	42.94	41.14	39.48	37.86	36.49	35.26	34.10	33.05	32.07	31.24	31.00	
111.00	104.82	98.68	92.71	87.32	81.95	76.99	72.54	68.21	63.91	60.28	56.79	53.39	50.39	47.40	44.54	42.17	40.14	38.35	36.78	35.24	33.72	32.53	31.64	30.84	30.45	30.18	30.00	
123.00	117.49	112.11	106.88	101.91	97.25	92.66	88.13	83.75	79.44	75.41	71.48	67.61	63.97	60.43	57.47	54.74	52.03	49.51	47.04	44.57	42.16	39.79	37.76	35.77	33.78	32.41	31.09	31.04	31.00	
117.00	111.51	106.03	100.72	95.54	90.45	85.44	80.57	76.29	72.07	68.41	64.81	61.35	58.09	54.91	51.81	48.73	46.10	43.51	41.35	39.25	37.68	36.85	36.04	35.24	34.50	33.92	33.39	33.17	33.00	
119.00	113.29	107.89	102.72	97.57	92.81	88.27	83.77	79.34	75.22	71.23	67.34	63.60	59.89	56.50	53.44	50.62	48.00	45.38	42.91	41.00	39.11	37.57	36.10	35.00	34.00	33.26	32.60	32.00	
123.00	116.62	110.42	104.35	98.47	92.82	87.64	82.70	77.88	73.25	69.14	65.06	61.22	57.64	54.65	51.87	49.10	46.47	44.01	42.09	40.23	38.62	37.42	36.22	35.32	34.44	33.65	33.29	33.00	
110.00	104.31	98.98	93.71	88.61	83.53	78.96	74.63	70.30	66.08	62.36	58.64	55.10	51.85	48.71	45.77	42.96	40.40	38.01	35.96	34.23	32.58	31.06	29.59	28.80	28.23	28.00	
105.00	101.10	97.22	93.35	89.70	86.09	82.49	78.94	75.45	71.99	68.55	65.18	61.85	58.69	55.55	52.82	50.26	47.81	45.39	43.14	41.09	39.11	37.34	35.60	34.06	32.82	31.70	31.35	31.13	31.00	
109.00	102.45	96.83	91.42	86.27	81.19	76.25	71.68	67.81	64.09	60.43	56.91	53.58	50.42	47.51	44.95	42.68	40.45	38.28	36.48	34.93	33.41	32.14	30.97	30.20	29.70	29.29	29.00	
112.00	105.88	100.12	94.52	89.18	83.92	78.69	74.02	69.44	65.07	61.11	57.28	53.83	50.65	48.13	45.74	43.55	41.60	39.73	37.86	36.26	34.82	33.82	32.94	32.09	31.62	31.28	31.09	31.03	31.00	
106.00	100.37	94.81	89.33	83.99	78.96	74.01	69.40	64.80	60.41	56.25	52.14	49.16	46.27	43.57	41.28	39.23	37.36	35.51	33.90	32.91	32.27	31.68	31.11	30.57	30.12	29.71	29.30	29.00	
122.00	114.26	106.64	99.21	91.90	85.32	79.19	73.37	67.90	62.88	58.45	54.66	51.38	48.11	45.00	41.97	39.46	37.31	36.19	35.13	34.33	33.54	32.80	32.12	31.61	31.14	31.00	
103.00	97.61	92.23	86.88	81.73	76.59	71.53	66.72	62.47	58.25	54.21	50.86	47.60	44.67	42.04	39.56	37.36	35.66	34.12	32.81	31.99	31.52	31.07	30.72	30.39	30.19	30.00	
120.00	112.95	106.16	99.65	93.36	87.81	82.27	76.76	71.89	67.57	63.44	59.76	56.57	53.71	50.94	48.56	46.36	44.28	42.22	40.24	38.48	36.72	35.31	34.02	32.78	32.34	32.05	32.00	
117.00	109.80	102.99	96.19	89.68	84.14	78.77	73.79	69.00	64.88	61.24	57.76	54.30	50.95	48.06	45.31	42.58	40.08	38.08	36.47	34.95	33.60	32.25	31.04	30.54	30.10	30.04	30.00	
123.00	115.73	108.77	101.81	95.53	89.35	83.52	78.20	73.48	68.88	64.80	60.96	57.72	54.86	52.02	49.21	46.42	43.68	40.94	38.53	36.27	34.15	32.05	29.98	29.44	28.92	28.39	28.07	28.00	
113.00	107.07	101.22	95.58	90.08	85.07	80.28	75.72	71.67	67.87	64.12	60.59	57.14	54.05	50.97	48.22	45.61	43.11	40.75	38.40	36.07	34.12	32.40	30.82	29.98	29.38	29.24	29.13	29.04	29.00	
116.00	110.67	105.59	100.55	95.58	90.81	86.04	81.64	77.50	73.54	69.62	65.70	62.42	59.31	56.22	53.23	50.78	48.36	46.04	43.77	41.55	39.68	38.27	37.00	35.88	34.86	33.94	33.48	33.18	33.00	
117.00	110.46	104.19	98.20	92.45	86.83	81.82	77.31	72.90	68.57	64.27	60.09	56.18	52.59	49.22	46.11	43.15	40.84	39.09	37.57	36.05	34.63	33.78	32.95	32.14	32.06	32.00	
112.00	106.06	100.12	94.63	89.45	84.44	79.77	75.38	70.98	66.87	62.88	58.98	55.82	52.79	49.91	47.19	44.69	42.21	39.93	37.98	36.14	34.65	33.22	31.87	30.68	29.80	28.95	28.48	28.05	28.00	
123.00	117.29	111.75	106.36	101.27	96.23	91.20	86.37	81.84	77.47	73.21	68.98	65.01	61.28	57.60	53.94	50.29	46.75	43.95	41.69	39.44	37.27	35.18	34.02	33.07	32.24	31.60	31.29	31.05	31.00	
112.00	106.30	100.78	95.61	90.45	85.44	80.53	75.93	71.38	67.11	62.98	59.19	55.73	52.88	50.28	47.95	45.62	43.35	41.42	39.66	37.91	36.21	34.71	33.31	32.28	31.49	30.82	30.28	30.00	
103.00	98.14	93.34	88.57	83.95	79.38	74.86	70.75	66.70	62.68	58.92	55.21	52.13	49.58	47.33	45.35	43.43	41.71	40.04	38.47	37.02	35.61	34.23	33.02	31.93	30.87	29.91	29.29	29.08	29.00	
119.00	112.27	106.19	100.11	94.26	88.61	83.12	77.73	72.51	67.54	62.59	58.12	54.32	50.71	47.44	44.23	41.20	39.01	36.88	34.81	33.04	31.93	30.97	30.01	29.52	29.03	29.00	
105.00	99.38	93.95	88.54	83.79	79.07	74.44	70.06	66.02	62.36	59.12	55.89	52.81	49.78	46.84	44.16	41.67	39.27	36.94	35.12	33.31	31.91	30.92	30.14	29.37	29.11	29.00	
118.00	112.13	106.45	100.89	95.61	90.38	85.31	80.40	75.68	71.62	67.64	63.78	60.26	56.76	53.72	50.89	48.36	46.00	43.73	41.50	39.55	37.63	35.91	34.54	33.36	32.27	31.51	31.00	
110.00	104.51	99.16	94.06	89.04	84.12	79.31	75.25	71.49	68.24	64.99	61.75	58.63	55.57	52.85	50.15	47.98	45.89	43.97	42.33	40.71	39.23	37.91	36.69	35.50	34.40	33.43	32.46	31.56	31.00	
115.00	109.06	103.25	97.74	92.43	87.19	82.06	77.05	72.05	67.17	62.89	59.10	55.44	51.83	49.20	46.77	44.50	42.27	40.38	38.51	36.83	35.33	33.89	32.75	31.66	30.79	29.93	29.23	28.56	28.00	
111.00	105.92	101.00	96.12	91.60	87.44	83.33	79.35	75.48	71.71	68.03	64.37	60.79	57.23	53.92	50.82	47.90	45.02	42.19	39.58	36.99	34.70	32.93	31.18	29.90	28.67	28.00	
101.00	95.23	89.84	84.83	79.86	74.89	70.10	65.60	61.12	56.81	52.65	49.40	47.09	44.94	43.02	41.33	39.78	38.24	36.72	35.39	34.16	33.03	31.99	31.23	30.50	30.24	30.00	
109.00	103.55	98.32	93.13	88.04	83.11	78.53	74.49	70.58	66.76	63.32	60.12	57.00	54.12	51.55	49.09	46.65	44.22	42.13	40.06	38.31	36.57	34.88	33.55	32.34	31.26	30.60	30.02	30.01	30.00	
103.00	98.45	94.23	90.25	86.36	82.47	78.63	74.88	71.43	68.02	64.66	61.32	58.12	55.09	52.30	49.57	47.01	44.58	42.28	40.21	38.60	37.05	35.56	34.22	33.07	32.05	31.05	30.29	30.15	30.00	
118.00	112.96	107.98	103.13	98.53	94.12	89.71	85.34	81.13	77.08	73.13	69.42	66.08	62.75	59.48	56.21	53.10	50.32	47.79	45.38	43.02	40.83	38.63	36.58	34.65	34.13	33.73	33.34	33.00	
111.00	105.66	100.44	95.42	90.60	85.98	81.63	77.36	73.12	69.42	65.75	62.28	58.97	56.03	53.12	50.47	47.82	45.43	43.21	41.13	39.13	37.21	35.54	33.91	33.14	32.52	31.99	31.66	31.33	31.00	
111.00	105.85	100.78	95.79	90.87	86.18	81.68	77.41	73.51	69.62	65.83	62.06	58.31	54.73	51.42	48.13	45.39	42.70	40.25	37.93	36.07	34.38	32.77	31.38	30.31	29.39	29.08	29.00	
117.00	109.89	102.82	95.94	89.20	82.51	76.08	70.25	65.02	59.91	55.32	50.85	47.51	44.38	41.41	38.72	36.64	35.24	33.88	32.52	31.74	30.99	30.34	29.71	29.11	29.01	29.00	
107.00	101.41	96.00	90.82	85.92	81.34	77.12	72.99	69.02	65.09	61.43	57.80	54.33	50.98	47.75	45.61	43.73	41.89	40.34	38.90	37.61	36.61	35.62	34.66	33.77	33.19	32.74	32.39	32.10	32.00	
123.00	115.82	108.76	101.98	95.42	88.88	82.79	77.07	71.37	66.59	61.89	57.22	53.63	50.49	47.53	45.30	43.39	41.48	39.59	38.38	37.18	36.08	35.31	34.53	33.76	33.25	33.00	
109.00	102.80	96.90	91.94	87.26	82.78	78.38	74.29	70.27	66.28	62.31	58.34	54.38	50.48	47.81	45.34	43.14	41.09	39.13	37.64	36.60	35.64	34.98	34.34	33.74	33.19	33.00	
113.00	105.73	98.82	92.11	85.79	80.61	75.69	70.77	65.91	61.39	57.21	53.03	49.02	45.37	41.92	39.09	36.61	34.50	32.80	31.44	30.16	29.31	28.60	28.41	28.24	28.08	28.00	
109.00	103.44	98.33	93.26	88.45	83.72	79.08	74.46	69.89	65.64	61.52	57.68	53.85	50.33	47.06	44.52	42.35	40.23	38.84	37.57	36.30	35.22	34.35	33.82	33.31	33.06	33.00	
109.00	103.81	98.69	93.59	88.93	84.34	80.16	76.11	72.08	68.20	64.54	60.91	57.87	55.20	52.70	50.25	48.03	45.95	43.97	42.14	40.53	39.06	37.65	36.43	35.31	34.21	33.27	32.77	32.34	32.00	
107.00	101.44	96.23	91.23	86.50	81.86	77.45	73.23	69.08	65.44	61.93	58.60	55.32	52.25	49.24	46.67	44.20	41.81	40.07	38.41	36.81	35.26	33.79	32.80	31.86	31.25	31.00	
113.00	105.71	98.66	93.16	88.42	83.84	79.47	75.15	70.90	67.14	63.44	59.76	56.29	52.87	49.62	46.58	43.59	40.67	38.50	36.36	34.43	32.84	31.24	29.92	29.25	28.61	28.29	28.14	28.00	
120.00	113.96	108.45	103.37	98.58	93.82	89.19	84.76	80.57	76.54	72.53	68.54	64.65	60.85	57.57	54.42	51.50	48.61	45.99	43.43	41.16	38.89	36.69	34.85	33.06	31.61	30.40	29.45	29.00	
110.00	103.55	97.39	91.46	85.73	80.56	76.19	71.87	67.73	63.99	60.37	56.83	53.77	50.94	48.47	46.07	43.96	42.08	40.25	38.90	37.57	36.42	35.31	34.23	33.50	32.85	32.32	32.00	
116.00	109.03	102.28	95.93	89.82	83.78	77.77	72.34	67.34	63.12	59.00	55.05	51.42	47.99	45.04	42.48	40.18	37.94	36.07	34.39	32.90	31.52	30.27	29.09	28.70	28.41	28.13	28.00	
116.00	110.24	104.58	99.06	93.57	88.22	83.28	78.58	74.08	69.70	65.33	61.57	57.85	54.83	51.99	49.24	46.52	43.90	41.43	39.02	37.21	35.45	33.78	32.16	30.91	30.07	30.00	
103.00	98.23	93.64	89.22	84.99	81.02	77.13	73.39	70.28	67.44	64.60	61.85	59.10	56.46	53.82	51.19	48.82	46.61	44.48	42.45	40.51	38.65	36.96	35.41	34.51	33.66	32.90	32.47	32.06	32.00	
110.00	103.53	97.12	90.99	86.42	81.91	77.41	72.95	68.61	64.29	60.00	55.70	52.18	48.85	46.07	43.88	41.98	40.45	39.07	37.81	36.70	35.76	34.97	34.37	33.83	33.32	32.88	32.50	32.24	32.00	
104.00	98.56	93.12	87.78	82.48	77.69	73.76	69.96	66.45	63.12	59.95	56.97	54.09	51.23	48.45	46.16	43.88	41.96	40.19	38.50	37.19	36.00	34.90	33.87	32.86	31.85	31.04	30.26	30.00	
112.00	106.96	102.13	97.35	92.57	87.99	83.52	79.38	75.36	71.63	67.94	64.64	61.37	58.22	55.17	52.14	49.48	46.96	44.66	42.39	40.28	38.54	37.13	35.76	34.46	33.51	33.00	
114.00	106.11	98.93	92.04	85.50	79.47	74.46	70.30	66.60	62.93	59.36	55.81	52.43	49.13	45.93	43.00	40.67	38.35	36.13	34.08	32.08	30.51	29.13	28.67	28.27	28.09	28.00	
118.00	112.60	107.51	102.59	98.02	93.48	88.97	84.71	80.53	76.88	73.23	69.61	65.99	62.39	58.86	55.54	52.39	49.30	46.40	43.69	41.20	38.82	36.66	34.64	32.70	31.07	29.87	28.88	28.19	28.00	
120.00	113.54	107.12	100.88	95.06	89.41	84.28	79.69	75.19	70.84	66.85	62.89	59.46	56.08	53.18	50.30	47.43	44.61	41.96	39.34	36.91	34.93	33.67	32.85	32.13	31.51	31.21	31.00	
107.00	101.57	96.13	90.82	86.01	81.69	77.39	73.16	68.94	65.00	61.13	57.39	54.07	50.86	47.77	45.00	42.41	39.93	37.77	35.66	34.60	33.63	32.82	32.12	31.68	31.47	31.28	31.13	31.00	
108.00	102.70	97.41	92.20	87.26	82.48	77.88	73.49	69.58	65.85	62.13	58.62	55.24	52.09	48.96	46.02	43.19	40.93	38.71	36.50	34.69	33.74	32.87	32.07	31.28	30.60	30.19	30.00	
118.00	112.40	107.00	101.73	96.47	91.29	86.33	81.58	76.89	72.26	67.70	63.19	58.71	54.31	50.02	45.82	42.59	39.61	37.63	35.67	33.92	32.45	31.50	30.71	30.25	29.84	29.46	29.26	29.10	29.00	
116.00	109.91	103.99	98.12	92.49	87.66	82.85	78.15	73.83	69.73	65.65	61.59	57.75	54.02	50.62	47.63	45.12	42.69	40.55	38.62	36.88	35.17	34.12	33.28	32.89	32.50	32.19	32.00	
113.00	106.72	100.57	94.82	90.11	85.42	80.79	76.51	72.41	68.51	64.87	61.43	58.01	54.79	51.64	48.64	46.09	43.74	41.58	39.60	37.63	35.93	34.26	32.75	32.05	31.38	31.00	
104.00	98.85	94.03	89.73	85.45	81.40	77.45	73.51	69.62	65.88	62.22	58.65	55.14	52.17	49.32	46.56	44.04	42.06	40.12	38.28	36.77	35.39	34.51	33.71	33.05	32.48	32.18	32.00	
112.00	106.45	101.01	95.57	90.21	84.93	79.71	74.95	70.24	65.70	61.49	57.72	54.15	51.01	47.87	45.10	42.57	40.06	37.75	35.54	33.42	32.00	30.79	29.82	29.13	28.70	28.35	28.09	28.00	
108.00	103.07	98.23	93.61	89.33	85.06	80.87	76.73	72.70	68.80	65.18	61.61	58.11	54.89	51.70	48.53	45.58	43.07	40.91	39.14	37.87	36.76	35.84	35.01	34.30	33.62	33.04	32.51	32.00	
102.00	97.63	93.25	89.32	85.50	81.69	77.97	74.35	70.77	67.36	63.98	60.79	57.74	54.70	51.68	48.67	45.74	43.09	40.56	38.16	36.18	34.62	33.06	31.53	30.37	29.45	29.07	29.00	
119.00	112.30	105.98	99.75	93.73	87.99	82.83	77.84	73.08	68.52	64.08	60.15	56.54	53.28	50.07	46.92	43.86	41.04	38.52	37.07	35.70	34.61	33.83	33.25	32.82	32.38	32.00	
121.00	114.50	108.11	101.74	95.41	89.36	84.07	78.81	74.25	69.97	65.97	62.00	58.48	55.18	52.10	49.27	46.62	44.41	42.21	40.44	38.73	37.06	35.59	34.28	33.09	32.03	31.13	30.30	29.57	29.00	
121.00	112.79	104.74	96.85	89.71	83.44	78.72	74.10	69.57	65.40	61.49	57.86	54.31	51.48	48.69	45.92	43.36	41.18	39.15	37.36	36.03	34.85	33.76	32.78	31.83	30.88	30.41	30.02	30.00	
122.00	113.90	105.84	97.86	90.05	84.00	77.99	72.21	67.41	63.23	59.72	56.25	53.36	50.48	47.75	45.34	43.12	40.90	38.68	36.63	34.66	32.78	31.14	30.51	29.95	29.63	29.38	29.18	29.03	29.00	
123.00	115.84	108.71	101.90	95.23	89.28	83.52	77.81	72.72	68.17	63.86	59.69	55.62	51.74	48.21	45.47	43.03	40.67	38.49	36.64	35.06	33.71	32.74	31.82	31.11	30.59	30.19	30.09	30.01	30.00	
118.00	111.67	105.59	100.25	95.54	90.88	86.48	82.19	77.96	73.91	69.95	66.10	62.43	58.76	55.40	52.44	49.56	47.04	44.64	42.38	40.26	38.16	36.06	34.66	33.30	32.41	31.54	31.17	31.00	
118.00	112.04	106.26	100.71	95.27	90.39	85.66	81.13	76.66	72.30	68.09	63.91	59.78	56.05	52.59	49.34	46.09	43.31	41.27	39.33	37.41	36.06	34.81	33.70	32.63	31.79	31.29	31.00	
123.00	114.77	106.59	99.16	92.66	86.41	80.48	75.25	70.10	64.97	60.12	56.05	51.99	49.19	46.89	44.71	42.68	41.08	39.61	38.21	36.85	35.52	34.47	33.49	32.53	31.74	31.01	30.32	30.04	30.00	
101.00	96.66	92.45	88.34	84.35	80.37	76.89	73.62	70.37	67.16	64.07	60.97	58.13	55.31	52.50	49.80	47.22	44.83	42.73	40.64	38.93	37.34	35.86	34.47	33.11	32.29	31.83	31.44	31.08	31.00	
111.00	105.77	100.59	95.75	90.97	86.59	82.33	78.09	73.87	69.70	65.54	61.51	57.67	53.92	50.25	47.01	43.85	40.89	38.14	35.79	33.56	31.53	29.63	28.83	28.60	28.38	28.19	28.09	28.03	28.00	
110.00	104.73	99.73	95.00	90.33	85.69	81.05	76.47	72.20	68.13	64.11	60.51	57.14	53.88	50.74	47.67	44.63	42.26	40.35	38.56	37.01	35.68	34.35	33.47	32.62	31.77	31.00	
116.00	109.49	103.52	97.81	92.42	87.15	82.33	77.80	73.27	68.99	64.74	60.66	56.69	52.91	49.16	45.97	43.34	40.79	38.42	36.17	33.98	32.10	30.87	30.00	29.62	29.25	29.07	29.00	
106.00	100.87	95.82	90.87	86.03	81.45	76.91	72.62	68.88	65.17	62.01	59.38	56.76	54.25	51.75	49.39	47.04	44.75	42.48	40.57	38.77	37.12	35.86	34.79	33.75	33.44	33.20	33.00	
105.00	100.13	95.59	91.13	86.78	82.44	78.13	73.83	69.98	66.14	62.71	59.34	56.22	53.15	50.26	47.78	45.45	43.71	41.98	40.27	38.75	37.24	36.01	34.86	33.89	33.02	32.17	31.46	31.00	
122.00	115.44	109.03	102.66	96.65	91.22	86.68	82.32	78.12	74.34	70.63	67.01	63.43	59.93	56.63	53.62	50.80	47.98	45.75	43.67	41.59	39.75	38.18	36.84	35.51	34.56	33.77	33.15	33.00	
118.00	110.34	103.04	95.77	89.27	83.65	78.49	73.89	69.35	64.93	60.59	56.72	53.46	50.45	47.54	44.83	43.00	41.20	39.69	38.35	37.22	36.40	35.61	34.89	34.46	34.08	33.70	33.34	33.00	
106.00	101.79	97.62	93.48	89.39	85.34	81.30	77.26	73.37	69.51	65.93	62.36	58.98	56.10	53.25	50.41	47.68	45.00	42.57	40.25	38.34	36.56	34.86	33.46	32.22	32.08	32.00	
123.00	116.58	110.49	104.59	98.92	93.54	88.39	83.26	78.15	73.58	69.19	64.94	60.71	56.51	52.60	49.54	46.81	44.16	41.99	39.87	37.90	36.63	35.42	34.23	33.21	32.30	31.65	31.12	31.00	
107.00	100.93	95.11	89.30	83.69	78.19	72.81	68.15	63.69	59.30	55.85	52.62	49.55	46.92	44.33	41.83	39.58	37.51	35.76	34.41	33.09	31.89	30.96	30.30	29.68	29.41	29.18	29.05	29.00	
103.00	98.13	93.43	88.78	84.24	79.79	75.59	71.47	68.08	64.79	61.50	58.55	55.67	52.94	50.28	47.63	45.11	42.61	40.11	37.68	35.41	33.26	31.35	30.23	29.43	28.66	28.01	28.00	
109.00	103.05	97.33	91.72	86.22	81.17	76.23	72.12	68.33	64.63	60.94	57.39	53.93	50.52	47.78	45.14	42.65	40.28	38.45	36.90	35.85	34.81	33.85	32.90	32.18	31.49	31.00	
121.00	114.27	107.72	101.24	95.11	89.36	83.68	78.25	73.11	68.18	63.80	59.56	55.67	52.17	48.84	45.67	43.23	40.90	39.07	37.55	36.38	35.34	34.53	33.73	33.08	32.48	32.24	32.00	
123.00	117.04	111.25	105.66	100.08	94.58	89.34	84.40	79.60	75.07	70.72	66.50	62.65	58.85	55.05	51.45	47.87	44.32	41.32	38.57	35.82	33.58	31.49	30.81	30.17	29.74	29.32	29.00	
120.00	113.97	108.03	102.31	96.63	90.99	85.44	79.90	74.48	69.47	64.57	59.85	55.82	52.00	48.29	45.50	42.92	40.71	38.80	37.07	35.53	34.16	32.99	32.22	31.65	31.30	31.00	
104.00	98.78	93.64	88.51	83.54	78.64	73.97	69.40	65.38	61.55	57.89	54.26	51.64	49.36	47.10	44.92	42.77	41.00	39.29	37.62	36.27	35.29	34.35	33.86	33.48	33.20	33.01	33.00	
110.00	105.27	100.66	96.20	91.76	87.47	83.23	79.02	74.83	70.65	66.62	62.61	58.71	54.81	50.94	47.08	44.40	41.72	39.25	37.83	36.68	35.75	34.82	33.92	33.13	32.53	32.08	32.00	
102.00	97.59	93.32	89.12	84.92	80.79	76.71	72.90	69.16	65.46	61.84	58.34	55.63	52.94	50.46	48.04	45.84	43.76	42.01	40.53	39.19	37.92	36.71	35.68	34.84	34.02	33.26	32.53	32.00	
112.00	107.18	102.61	98.13	93.86	89.60	85.38	81.34	77.38	73.57	69.76	66.30	63.16	60.13	57.31	54.50	51.99	49.49	47.10	44.76	42.59	40.43	38.35	36.39	34.83	33.55	32.40	31.47	31.14	31.00	
120.00	115.35	110.77	106.23	101.69	97.28	92.93	88.90	85.19	81.49	77.87	74.38	70.94	67.62	64.40	61.19	58.06	55.09	52.23	49.42	46.75	44.36	42.14	39.98	38.32	36.67	35.33	34.24	33.54	33.00	
116.00	110.42	104.87	99.48	94.21	89.34	84.72	80.23	75.74	71.45	67.16	63.04	59.11	55.22	51.54	48.51	45.90	43.30	41.19	39.13	37.22	35.59	34.67	33.79	33.00	32.60	32.30	32.00	
103.00	95.75	90.50	85.49	80.54	75.62	71.04	67.10	63.29	59.56	55.94	52.68	49.90	47.73	45.55	43.48	41.47	39.51	37.75	36.06	34.87	33.88	33.04	32.23	31.60	31.01	30.53	30.07	30.00	
111.00	105.42	100.25	95.10	89.98	85.06	80.26	75.52	71.02	66.60	62.77	59.33	56.44	53.93	51.44	49.02	46.70	44.48	42.34	40.28	38.21	36.68	35.32	34.22	33.42	33.10	33.00	
106.00	100.62	95.31	90.34	85.66	81.34	77.26	73.47	69.81	66.22	63.03	59.90	56.96	54.25	51.62	49.42	47.26	45.17	43.23	41.31	39.41	37.77	36.15	34.69	33.24	31.80	30.61	30.11	30.00	
110.00	104.63	99.29	93.97	89.16	84.40	79.85	75.31	70.98	66.77	62.93	59.62	56.45	53.55	50.81	48.10	45.44	42.81	40.38	38.13	36.75	35.38	34.01	32.79	31.59	30.88	30.24	29.63	29.30	29.00	
114.00	108.50	103.20	98.02	92.95	87.88	83.08	78.53	74.00	69.84	65.69	61.81	58.17	54.85	51.85	48.93	46.22	43.93	41.65	39.39	37.14	35.12	33.40	31.86	30.99	30.58	30.20	30.02	30.00	
117.00	111.14	105.37	99.84	94.49	89.32	84.30	79.43	75.09	70.80	66.78	62.81	58.90	55.28	51.73	48.92	46.27	43.63	41.49	39.49	37.52	35.99	34.61	33.40	32.45	31.63	30.96	30.35	30.00	
114.00	107.61	102.06	96.52	91.14	86.42	81.72	77.14	72.78	68.64	64.67	61.01	57.95	54.89	52.04	49.21	46.44	43.69	41.07	38.87	36.87	35.07	33.70	32.99	32.40	32.14	32.01	32.00	
103.00	97.99	93.02	88.09	83.32	78.69	74.54	70.88	67.37	63.90	60.47	57.50	54.79	52.11	49.59	47.21	44.86	42.78	40.77	38.85	36.98	35.32	33.90	33.46	33.16	33.06	33.00	
123.00	117.22	111.49	105.93	100.72	95.66	90.76	86.03	81.44	76.86	72.80	68.95	65.16	61.49	57.86	54.35	51.15	48.46	45.97	43.60	41.32	39.17	37.65	36.14	34.91	33.73	32.90	32.12	32.00	
121.00	115.08	109.16	103.28	97.42	91.91	86.81	81.82	77.28	72.97	69.22	65.64	62.14	58.70	55.33	52.22	49.25	46.42	43.91	41.64	39.44	37.89	36.35	34.89	33.93	33.34	33.00	
119.00	113.11	107.23	101.45	96.45	91.70	87.02	82.36	77.77	73.40	69.16	65.01	61.01	57.37	54.55	51.92	49.42	46.95	44.58	42.42	40.63	38.91	37.31	36.05	34.82	33.70	32.61	31.78	31.16	31.00	
103.00	96.53	90.54	85.19	80.25	75.69	71.19	66.82	62.78	58.85	54.93	51.70	48.54	45.50	42.67	40.73	38.82	37.35	35.93	34.73	33.62	32.78	32.14	31.74	31.38	31.02	31.00	
123.00	116.65	110.51	104.46	98.46	92.78	87.37	82.30	77.25	72.20	67.46	62.97	58.80	54.70	50.62	46.75	43.54	41.66	40.04	38.89	37.86	36.97	36.10	35.37	34.78	34.23	33.70	33.38	33.19	33.00	
104.00	99.13	94.41	89.72	85.13	80.67	76.26	72.35	68.53	64.84	61.36	57.95	54.83	51.81	48.83	45.90	43.38	40.98	38.87	37.63	36.43	35.26	34.41	33.75	33.44	33.14	33.00	
118.00	112.98	108.32	103.67	99.08	94.61	90.23	85.98	81.84	77.70	73.79	69.91	66.07	62.30	58.63	55.27	52.27	49.67	47.24	45.03	42.93	40.86	38.78	36.82	35.08	34.35	33.75	33.27	33.00	
116.00	110.78	105.74	100.82	96.11	91.93	87.78	83.64	79.71	76.18	72.74	69.34	65.97	62.71	59.55	56.53	53.52	50.70	47.91	45.34	42.81	40.55	38.87	37.27	35.85	34.62	33.59	32.56	32.15	32.00	
114.00	108.09	102.25	96.53	90.94	85.46	80.52	75.83	71.35	67.37	63.59	59.86	56.28	52.74	49.50	46.79	44.41	42.19	40.05	37.98	35.98	34.12	32.46	30.89	29.80	29.03	28.46	28.20	28.00	
103.00	97.05	91.32	85.71	80.10	75.41	70.74	66.31	62.22	58.24	54.49	50.96	47.91	45.26	42.71	40.78	38.87	37.02	35.59	34.67	34.04	33.44	32.98	32.63	32.31	32.14	32.01	32.00	
117.00	111.05	105.17	100.11	95.18	90.46	85.86	81.34	76.99	72.65	68.40	64.53	60.69	56.96	53.52	50.44	47.58	44.87	42.21	39.86	37.69	36.19	34.84	33.76	32.72	31.95	31.25	30.65	30.09	30.00	
104.00	98.92	93.88	88.88	84.27	79.84	75.44	71.11	66.87	62.85	58.90	55.01	52.19	49.65	47.19	44.96	43.02	41.11	39.48	38.05	36.77	35.61	34.50	33.57	32.72	32.00	31.66	31.37	31.10	31.00	
105.00	98.43	92.42	86.80	81.47	76.43	71.63	66.99	62.60	59.02	55.83	52.65	49.50	46.78	44.19	41.71	39.24	37.00	35.19	33.51	32.42	31.49	30.57	29.72	28.99	28.38	28.00	
101.00	95.75	90.50	85.53	80.67	76.13	71.91	67.83	63.83	59.93	56.33	53.20	50.38	47.86	45.68	43.59	41.53	39.54	37.91	36.43	35.06	33.83	33.01	32.35	32.20	32.09	32.00	
105.00	99.41	93.91	88.48	83.41	78.49	73.62	69.89	66.25	62.84	59.46	56.47	53.76	51.11	48.48	45.85	43.38	40.99	39.29	37.67	36.11	34.59	33.30	32.30	31.47	31.15	31.04	31.00	
109.00	103.99	99.10	94.25	89.43	84.71	80.10	75.59	71.25	67.42	63.69	60.01	56.38	52.95	49.54	46.14	43.41	41.19	39.23	37.31	35.46	33.82	32.43	31.35	30.50	29.68	29.00	
104.00	98.21	92.80	87.53	82.96	78.40	74.02	70.09	66.47	63.00	59.55	56.17	52.88	49.70	46.61	43.79	41.48	39.26	37.25	36.03	34.92	33.87	32.87	32.07	31.70	31.35	31.15	31.00	
104.00	99.77	95.58	91.54	87.69	84.14	80.68	77.41	74.20	70.99	67.85	64.74	61.72	58.86	56.05	53.38	50.81	48.47	46.14	43.85	41.67	39.49	37.46	35.70	34.37	33.51	32.70	32.01	31.40	31.00	
121.00	115.52	110.20	104.99	99.90	94.84	89.92	85.18	80.51	75.91	71.56	67.45	63.41	59.50	55.71	51.96	48.41	45.78	43.27	41.00	38.74	36.50	34.29	33.16	32.09	31.20	30.56	30.23	30.11	30.00	
123.00	116.37	110.29	104.30	98.52	92.74	87.25	81.78	76.73	71.96	67.27	62.63	58.02	53.78	50.12	46.86	43.71	40.66	38.57	36.58	34.64	32.97	32.03	31.38	31.21	31.06	31.00	
102.00	96.83	91.72	86.87	82.09	77.43	72.83	68.30	63.82	59.37	55.27	51.20	47.56	44.75	42.09	39.86	37.77	36.30	34.91	33.61	32.50	31.52	30.65	29.84	29.08	28.45	28.12	28.06	28.00	
115.00	108.41	102.31	96.63	91.43	86.74	82.06	77.52	73.34	69.26	65.23	61.25	57.45	53.71	50.14	46.77	43.59	40.63	38.07	35.85	33.71	31.58	30.63	29.73	29.28	29.10	29.00	
114.00	107.67	101.44	95.35	89.45	84.00	78.95	74.07	69.58	65.18	60.85	56.85	53.22	49.70	46.28	42.89	40.53	38.28	36.07	34.34	32.76	31.89	31.06	30.48	29.93	29.60	29.31	29.14	29.00	
105.00	98.47	91.96	86.13	80.53	75.03	70.12	65.67	61.38	57.26	53.40	49.89	46.69	43.56	40.90	38.83	37.16	35.76	34.78	34.06	33.46	32.92	32.40	31.95	31.50	31.09	31.03	31.00	
104.00	97.86	91.98	86.16	80.61	75.77	71.03	66.92	63.11	59.31	56.34	53.70	51.21	48.84	46.54	44.33	42.16	40.11	38.16	36.28	34.45	32.79	31.21	29.97	29.44	28.93	28.50	28.16	28.00	
104.00	98.77	93.66	88.78	84.09	79.42	74.84	70.40	66.07	61.83	57.83	54.70	51.81	49.03	46.34	44.02	41.85	40.19	38.62	37.38	36.34	35.33	34.55	33.88	33.39	33.06	33.00	
114.00	108.08	102.49	96.96	91.59	86.49	81.62	77.35	73.65	70.31	66.99	63.79	60.84	57.93	55.04	52.14	49.60	47.07	44.71	42.51	40.37	38.53	37.17	36.02	35.02	34.14	33.28	33.00	
119.00	110.99	103.03	95.27	88.02	81.55	75.77	70.21	65.26	60.57	56.40	52.63	49.34	46.18	43.19	40.25	37.42	34.75	33.26	31.88	30.62	29.48	28.66	28.39	28.22	28.06	28.02	28.00	
102.00	96.47	91.21	86.07	81.02	76.06	71.36	66.87	62.44	58.08	54.63	51.80	49.45	47.16	44.89	42.65	40.56	38.73	37.00	35.80	34.71	33.63	32.67	32.09	31.68	31.33	31.15	31.00	
110.00	104.44	98.88	94.06	89.39	84.86	80.47	76.27	72.13	68.43	64.78	61.29	57.81	54.43	51.33	48.26	45.26	42.45	40.42	38.63	36.96	35.33	33.93	32.67	31.60	30.65	30.29	30.00	
119.00	112.70	106.80	100.99	95.32	89.81	84.43	79.08	74.22	69.68	65.68	61.97	58.90	55.86	52.85	49.97	47.21	44.57	42.22	40.01	37.90	36.10	34.79	33.52	32.59	32.06	32.00	
120.00	113.04	106.31	99.79	94.21	88.71	83.29	78.10	73.16	69.02	64.98	61.12	57.59	54.34	51.16	47.99	45.05	42.37	39.92	37.58	35.25	33.33	32.21	31.15	30.15	29.51	29.22	29.01	29.00	
116.00	110.00	104.07	98.24	92.49	87.11	81.80	76.74	72.17	67.68	63.26	59.02	55.30	51.78	48.95	46.15	43.37	40.67	37.97	35.40	33.07	31.43	30.15	29.15	28.43	28.08	28.00	
113.00	106.33	99.84	93.50	87.87	82.31	76.82	72.08	67.79	63.55	59.80	56.21	53.05	49.93	47.43	44.97	42.82	41.11	39.45	37.99	37.02	36.12	35.27	34.53	33.93	33.50	33.18	33.00	
102.00	96.96	92.06	87.29	82.54	78.15	73.83	69.53	65.62	61.79	58.43	55.12	52.36	49.85	47.50	45.32	43.19	41.16	39.34	37.76	36.28	34.94	33.61	32.31	31.23	30.57	29.92	29.34	29.00	
120.00	114.11	108.28	102.48	96.96	91.76	86.71	81.69	76.73	71.86	67.03	63.07	59.53	56.16	52.93	50.05	47.25	45.04	42.93	41.14	39.36	37.66	36.05	34.75	33.51	32.95	32.44	32.16	32.04	32.00	
118.00	112.18	106.41	100.99	95.79	90.66	85.76	81.32	77.13	72.98	68.87	64.91	61.58	58.49	55.47	52.55	49.86	47.27	44.72	42.37	40.15	38.06	35.98	34.28	32.81	31.39	30.83	30.35	30.06	30.00	
118.00	111.82	105.98	100.19	94.74	89.80	85.20	80.65	76.31	72.00	67.82	64.08	60.54	57.04	53.72	50.41	48.08	45.83	43.93	42.06	40.27	38.57	36.87	35.24	33.71	32.40	31.47	30.64	30.00	
101.00	96.26	91.54	86.85	82.19	78.38	74.78	71.36	68.14	65.06	61.98	58.97	56.07	53.21	50.49	48.31	46.22	44.16	42.15	40.39	38.84	37.34	35.93	34.74	33.85	33.05	32.27	32.00	
106.00	100.20	94.62	89.66	85.04	80.69	76.40	72.16	68.02	63.97	59.92	56.20	52.95	49.90	47.46	45.36	43.50	42.07	40.64	39.25	37.93	36.76	35.89	35.04	34.20	33.45	33.10	33.00	
116.00	110.70	105.57	100.50	95.50	90.63	85.86	81.20	76.90	72.75	68.77	65.02	61.52	58.32	55.52	52.81	50.11	47.66	45.32	43.30	41.29	39.34	37.81	36.31	34.96	33.65	32.60	31.73	31.32	31.00	
120.00	113.79	107.62	101.73	96.07	90.58	85.81	81.69	77.74	74.01	70.41	67.16	63.94	60.77	57.68	54.59	51.77	49.00	46.24	43.65	41.10	38.58	36.46	34.66	33.20	32.40	31.71	31.28	31.00	
123.00	115.04	107.49	100.10	92.75	86.30	80.40	74.61	69.50	64.40	60.36	56.35	52.88	49.50	46.29	43.48	41.10	39.00	36.94	35.05	33.48	32.07	31.48	30.97	30.53	30.25	30.00	
110.00	104.60	99.41	94.29	89.64	84.99	80.34	75.97	71.74	67.54	63.97	60.40	56.90	53.82	51.02	48.48	45.94	43.57	41.22	39.22	37.34	35.62	34.10	33.05	32.16	31.38	30.85	30.48	30.15	30.00	
108.00	102.40	97.09	91.91	86.74	81.59	76.55	71.77	67.31	62.89	58.60	54.43	50.42	47.90	45.57	43.26	41.04	38.81	36.60	34.45	32.77	31.47	30.36	29.41	28.55	28.12	28.03	28.00	
106.00	100.77	95.72	90.70	85.69	81.04	76.72	72.40	68.12	63.94	60.03	56.13	52.92	49.71	47.07	44.79	42.56	40.46	38.37	36.67	35.22	34.02	32.91	32.10	31.40	30.76	30.44	30.23	30.07	30.00	
113.00	107.67	102.41	97.26	92.16	87.07	82.07	77.37	72.84	68.56	64.35	60.17	56.26	52.37	49.18	46.39	43.64	41.02	38.76	36.52	34.41	32.41	31.49	30.66	29.98	29.39	29.00	
102.00	97.23	92.64	88.16	83.69	79.28	74.87	70.85	66.89	63.13	59.63	56.42	53.74	51.10	48.57	46.11	43.85	41.77	39.75	37.73	35.82	34.18	32.55	31.00	29.91	29.11	28.43	28.00	
114.00	107.90	101.81	95.84	90.48	85.25	80.20	75.24	70.41	66.26	62.37	58.53	55.06	51.63	48.67	45.92	43.49	41.35	39.67	38.11	37.02	35.99	35.18	34.51	34.00	33.63	33.26	33.09	33.00	
101.00	96.25	91.70	87.25	83.21	79.21	75.27	71.35	67.57	64.01	60.49	57.11	53.76	50.64	47.59	44.72	42.22	39.78	37.80	36.09	34.68	33.87	33.19	32.51	31.90	31.34	31.00	
101.00	96.38	91.78	87.29	82.88	78.50	74.31	70.42	66.94	63.50	60.29	57.48	54.90	52.34	49.88	47.63	45.61	43.71	41.91	40.12	38.41	36.76	35.17	33.68	32.51	31.62	31.03	30.47	30.07	30.00	
115.00	108.44	101.98	95.63	89.90	84.54	79.52	74.68	70.11	65.79	61.65	57.79	53.96	50.30	46.91	43.70	40.85	38.84	37.36	36.29	35.31	34.53	33.76	33.09	32.72	32.39	32.14	32.00	
119.00	113.13	107.47	101.92	96.87	92.04	87.42	82.82	78.59	74.52	70.50	66.47	62.69	58.99	55.47	52.07	48.96	45.94	43.17	41.05	39.06	37.25	35.59	33.95	32.71	31.62	30.70	30.10	30.00	
123.00	116.43	109.90	103.58	97.91	92.62	87.55	82.74	78.02	73.69	69.53	65.48	61.59	58.08	55.04	52.12	49.26	46.41	43.62	40.97	38.71	36.68	34.73	33.08	31.74	30.78	30.44	30.16	30.01	30.00	
122.00	115.77	109.66	103.59	98.11	92.68	87.29	81.98	77.01	72.13	67.87	63.84	60.17	57.09	54.26	51.48	48.75	46.27	43.79	41.54	39.46	37.75	36.06	34.54	33.59	33.20	33.00	
107.00	101.50	96.20	91.01	85.84	80.69	75.79	71.21	67.04	62.91	59.17	55.94	52.78	49.87	46.98	44.29	41.77	39.37	37.30	35.27	33.90	33.00	32.34	31.80	31.31	31.13	31.00	
118.00	111.99	106.19	100.50	94.85	89.72	85.36	81.14	76.95	72.87	68.83	64.80	60.96	57.26	53.83	50.48	47.27	44.23	41.26	38.61	36.08	33.60	32.17	31.07	30.24	29.83	29.44	29.20	29.10	29.00	
106.00	100.80	95.66	90.88	86.25	81.89	77.86	73.88	69.95	66.09	62.24	58.97	55.79	52.64	49.67	47.17	45.10	43.32	41.59	39.94	38.42	37.20	36.03	34.93	33.94	33.04	32.53	32.25	32.06	32.00	
116.00	110.78	105.68	100.60	95.83	91.08	86.44	81.89	77.58	73.44	69.53	65.74	61.96	58.57	55.25	52.14	49.22	46.61	44.47	42.36	40.31	38.80	37.44	36.36	35.39	34.45	33.68	33.38	33.10	33.00	
104.00	98.60	93.41	88.24	83.28	78.45	73.70	69.16	64.69	60.77	57.25	53.84	50.61	47.89	45.28	42.80	41.19	39.63	38.12	36.94	35.85	34.82	33.97	33.45	33.22	33.12	33.04	33.00	
111.00	105.74	100.50	95.44	90.66	85.91	81.50	77.15	73.42	69.77	66.15	62.61	59.76	56.93	54.27	51.80	49.55	47.58	45.69	43.87	42.24	40.65	39.07	37.57	36.21	34.95	33.85	32.92	32.00	
106.00	100.47	95.01	89.57	84.50	79.69	74.93	71.00	67.11	63.81	60.69	57.75	54.95	52.16	49.38	46.69	44.61	42.65	40.87	39.26	37.71	36.23	34.76	33.58	32.50	31.69	31.08	30.55	30.05	30.00	
116.00	109.66	103.43	97.36	91.82	86.30	81.05	76.48	72.04	67.82	63.75	59.92	56.17	52.48	49.00	45.53	42.09	39.27	36.78	34.90	33.71	32.56	31.75	30.95	30.39	29.97	29.67	29.43	29.20	29.00	
108.00	102.03	96.18	90.66	85.17	80.44	75.74	71.68	67.63	63.73	60.02	56.31	52.71	49.15	45.86	42.77	40.54	38.67	37.18	35.73	34.36	33.46	32.57	31.69	30.99	30.52	30.25	30.00	
116.00	110.33	104.90	99.57	94.49	89.52	84.69	79.88	75.06	70.27	65.55	60.98	56.74	52.73	48.80	45.20	41.63	39.61	37.64	36.02	34.53	33.04	31.72	30.43	29.47	28.73	28.00	
109.00	103.15	97.86	93.06	88.40	83.90	79.57	75.28	71.35	67.47	63.70	60.02	56.44	52.90	49.81	46.91	44.22	41.97	39.77	37.61	35.89	34.78	33.82	32.96	32.27	31.68	31.13	30.67	30.26	30.00	
121.00	113.82	106.80	100.56	94.53	88.84	83.64	78.56	73.65	68.75	64.00	59.52	55.17	52.15	49.42	46.72	44.28	42.00	39.98	38.14	36.33	34.66	33.23	32.12	31.08	30.09	29.13	29.00	
108.00	102.67	97.47	92.34	87.48	82.63	78.12	73.63	69.35	65.11	61.41	57.75	54.16	50.61	47.62	44.73	42.04	40.22	38.72	37.23	36.03	34.98	33.96	32.96	32.54	32.13	32.00	
121.00	115.22	109.83	104.54	99.42	94.35	89.30	84.41	79.62	75.11	70.60	66.35	62.33	58.94	55.72	52.53	49.75	47.12	44.53	42.03	39.65	37.35	35.31	33.33	31.53	29.98	28.51	28.17	28.06	28.00	
122.00	115.32	109.33	103.51	98.26	93.03	87.95	82.88	78.19	73.59	69.13	64.72	61.04	57.39	53.93	50.50	47.69	44.91	42.22	39.78	37.58	35.70	33.86	32.14	30.71	29.84	29.26	29.00	
116.00	110.04	104.14	98.35	92.59	87.16	81.89	77.14	73.13	69.22	65.47	61.75	58.36	55.36	52.48	49.66	47.08	45.11	43.33	41.55	39.81	38.23	36.69	35.19	33.90	32.95	32.08	31.28	30.59	30.00	
115.00	108.78	102.71	96.97	91.32	85.81	80.69	75.58	70.60	66.26	62.37	58.64	55.07	52.20	49.35	46.79	44.35	42.03	39.75	37.53	35.38	33.41	31.62	30.29	29.32	28.57	28.11	28.00	
119.00	112.88	107.10	101.79	96.74	91.94	87.17	82.91	78.78	74.72	70.93	67.23	64.09	61.04	58.06	55.24	52.49	49.76	47.20	44.66	42.37	40.17	38.15	36.26	35.03	33.82	32.70	31.65	31.30	31.00	
114.00	108.03	102.11	96.19	90.67	85.64	80.81	76.10	71.41	66.97	62.68	58.62	54.87	51.48	48.14	45.02	41.93	39.59	37.33	35.17	33.36	32.39	31.44	30.67	30.24	30.10	30.00	
101.00	95.80	90.90	86.18	81.88	77.84	73.82	70.35	66.96	63.62	60.47	57.42	54.42	51.49	48.79	46.11	43.54	41.32	39.20	37.15	35.51	34.00	32.53	31.12	30.15	29.35	28.61	28.26	28.04	28.00	
108.00	102.59	97.39	92.35	87.32	82.37	77.78	73.30	68.99	64.90	61.38	57.94	54.52	51.15	48.22	45.98	43.75	41.66	40.06	38.68	37.31	36.07	34.88	33.88	32.94	32.01	31.19	30.44	30.00	
104.00	98.86	93.89	89.18	84.64	80.24	75.88	71.61	67.54	63.57	59.65	55.82	52.02	48.68	46.11	43.64	41.22	38.81	36.68	35.21	34.11	33.05	32.09	31.15	30.42	30.08	29.78	29.49	29.24	29.00	
108.00	102.41	96.86	91.59	86.67	81.97	77.38	72.87	68.56	64.41	60.38	56.44	52.64	49.39	46.56	43.77	41.26	39.12	37.16	35.32	33.54	32.24	31.26	30.31	29.53	29.11	29.04	29.00	
117.00	110.41	104.22	98.23	92.53	87.08	83.02	78.99	75.00	71.36	67.75	64.17	60.60	57.06	53.53	50.49	47.45	44.42	41.76	39.29	37.33	35.56	34.40	33.32	32.25	31.21	30.19	29.31	29.01	29.00	
103.00	98.41	94.15	90.05	86.28	82.54	78.85	75.34	71.90	68.52	65.15	61.80	58.47	55.62	52.80	50.27	47.80	45.63	43.62	42.12	40.62	39.18	37.86	36.57	35.51	34.64	33.79	33.27	33.13	33.00	
117.00	111.47	105.97	100.75	95.54	90.51	85.68	81.07	76.81	72.87	69.12	65.71	62.50	59.42	56.36	53.31	50.29	47.64	44.98	42.76	40.72	39.03	37.36	36.02	34.81	33.72	33.33	33.00	
104.00	99.59	95.26	90.98	86.97	83.05	79.13	75.55	71.99	68.54	65.31	62.11	58.94	55.99	53.19	50.45	48.05	45.78	43.66	41.57	39.96	38.34	37.07	35.87	34.83	33.82	33.15	33.05	33.00	
104.00	98.45	93.09	87.76	82.69	77.76	72.88	68.11	63.68	60.35	57.39	54.95	52.62	50.35	48.09	45.91	43.75	42.24	40.78	39.60	38.43	37.30	36.21	35.24	34.29	33.47	32.67	32.00	31.36	31.00	
114.00	107.76	101.72	95.72	89.88	84.05	78.45	73.01	67.89	62.99	58.34	54.04	50.51	47.26	44.05	41.41	39.22	38.15	37.19	36.35	35.67	35.02	34.40	33.81	33.41	33.17	33.01	33.00	
120.00	113.56	107.17	100.92	94.99	89.16	83.51	77.90	72.71	67.69	63.37	59.20	55.66	52.13	49.02	46.43	43.97	41.83	40.11	38.82	37.55	36.30	35.42	34.60	33.95	33.39	33.00	
106.00	100.86	95.81	90.95	86.14	81.39	76.91	72.53	68.28	64.29	60.36	56.71	53.11	49.77	46.50	44.01	41.78	39.60	37.87	36.23	34.62	33.22	32.07	31.62	31.36	31.16	31.00	
104.00	98.77	93.54	88.32	83.11	78.62	74.31	70.10	65.90	62.08	58.59	55.58	53.08	50.68	48.40	46.17	44.11	42.37	40.74	39.11	37.59	36.25	35.39	34.57	33.98	33.41	33.22	33.06	33.00	
112.00	106.07	100.64	95.25	89.94	84.91	80.10	75.43	70.89	66.53	62.51	58.58	54.64	50.98	47.87	45.09	42.53	40.84	39.28	38.09	36.96	35.97	35.12	34.28	33.53	32.85	32.20	32.04	32.00	
116.00	110.20	104.57	99.10	93.85	88.75	83.83	79.03	74.54	70.49	66.90	63.35	59.80	56.48	53.48	50.51	47.97	45.55	43.41	41.29	39.21	37.33	35.56	33.79	32.71	31.96	31.45	31.24	31.07	31.00	
105.00	99.74	94.54	89.65	84.84	80.44	76.30	72.35	68.42	64.57	60.82	57.18	53.71	50.37	47.04	44.06	41.33	38.76	36.68	34.62	32.81	31.49	30.33	29.72	29.38	29.12	29.00	
110.00	105.57	101.48	97.50	93.53	89.81	86.12	82.44	78.90	75.45	72.04	68.65	65.59	62.63	59.76	56.89	54.10	51.39	48.94	46.64	44.48	42.37	40.35	38.52	36.91	35.39	34.09	32.99	32.00	
106.00	100.28	94.72	89.95	85.40	80.96	76.54	72.36	68.48	65.06	62.32	59.58	56.85	54.17	51.62	49.17	46.98	44.83	42.76	40.72	38.71	36.94	35.44	34.29	33.33	32.53	32.16	32.00	
112.00	105.89	100.44	95.57	90.78	86.12	81.59	77.13	72.68	68.32	64.17	60.56	57.12	54.10	51.10	48.21	45.45	42.74	40.40	38.86	37.33	36.28	35.31	34.55	33.82	33.25	33.00	
106.00	100.92	95.92	91.12	86.37	81.68	77.12	72.64	68.42	64.33	60.80	57.45	54.13	51.19	48.46	45.76	43.39	41.02	38.71	36.66	35.18	33.78	32.51	31.48	30.84	30.24	29.67	29.22	29.09	29.00	
116.00	110.32	104.90	99.49	94.27	89.39	84.66	80.06	75.56	71.28	67.03	63.05	59.08	56.53	54.01	51.51	49.08	46.77	44.75	43.06	41.37	39.69	38.34	37.17	36.11	35.07	34.28	33.58	33.00	
112.00	106.39	101.20	96.25	91.50	86.90	82.39	78.19	74.17	70.74	67.34	64.02	60.84	57.70	54.63	51.65	48.72	45.92	43.30	40.87	38.58	36.68	34.93	33.19	31.49	30.21	29.35	29.16	29.01	29.00	
121.00	114.94	109.39	103.94	98.58	93.57	88.61	83.88	79.29	74.72	70.51	66.35	62.25	58.35	54.67	51.33	48.06	44.92	42.62	40.35	38.31	36.64	35.03	33.56	32.09	30.71	29.33	28.75	28.28	28.00	
112.00	106.12	100.32	95.14	90.37	85.64	80.93	76.21	71.82	67.50	63.29	59.11	56.04	53.11	50.33	47.80	45.34	42.89	40.49	38.14	35.90	33.81	31.83	30.40	29.87	29.35	29.00	
113.00	107.63	102.33	97.06	91.94	86.87	81.92	76.98	72.48	68.00	63.68	59.73	55.94	52.50	49.08	45.78	42.53	39.60	36.82	34.64	32.52	30.88	29.83	29.51	29.25	29.06	29.00	
104.00	98.97	94.13	89.46	85.07	80.73	76.44	72.20	68.20	64.23	60.32	56.52	52.94	49.43	46.07	43.14	40.46	37.86	35.52	34.40	33.44	32.77	32.11	31.65	31.23	30.81	30.50	30.22	30.05	30.00	
105.00	99.67	94.88	90.12	85.52	81.70	77.90	74.26	70.76	67.29	63.87	60.70	57.99	55.41	52.89	50.77	48.66	46.66	44.83	43.08	41.45	39.83	38.25	36.86	35.54	34.41	33.36	32.35	31.37	31.00	
105.00	99.33	93.85	88.48	83.79	79.15	74.72	70.58	66.64	62.72	59.17	55.73	52.40	49.11	46.25	43.57	41.74	39.96	38.28	36.76	35.32	34.14	33.16	32.38	31.63	30.95	30.32	30.15	30.00	
114.00	108.72	103.52	98.53	93.62	88.81	84.25	79.76	75.45	71.59	67.73	63.90	60.16	56.43	53.22	50.34	47.72	45.52	43.36	41.30	39.29	37.32	35.56	34.20	33.17	32.21	31.28	31.05	31.00	
116.00	109.99	104.26	98.56	92.90	87.37	81.87	76.52	71.38	66.47	62.14	58.22	54.31	51.41	48.52	46.24	44.30	42.38	40.52	38.79	37.21	36.01	34.81	33.80	32.92	32.12	31.33	31.00	
113.00	107.69	102.44	97.91	93.40	89.45	85.52	81.68	77.89	74.13	70.67	67.22	63.84	60.46	57.24	54.37	51.53	48.81	46.12	43.73	41.41	39.39	37.38	35.84	34.37	33.09	32.12	31.60	31.14	31.00	
121.00	114.73	108.47	102.43	96.57	90.81	85.37	80.04	74.98	70.14	66.10	62.14	58.80	55.48	52.20	48.95	46.21	43.51	41.24	39.18	37.77	36.58	35.58	34.60	33.69	33.04	33.00	
102.00	97.15	92.31	87.52	83.13	78.87	74.85	70.85	66.86	63.25	60.03	57.20	54.48	51.84	49.32	46.80	44.35	42.46	40.67	38.96	37.62	36.32	35.05	34.00	33.43	33.01	33.00	
110.00	104.87	99.87	95.04	90.59	86.18	81.87	77.92	73.98	70.07	66.37	62.78	59.25	55.89	52.95	50.21	47.64	45.16	42.74	40.41	38.17	36.24	34.34	33.04	32.02	31.37	31.00	
114.00	107.82	101.76	96.07	90.55	85.36	80.17	75.10	71.01	67.03	63.23	59.55	56.38	53.32	50.30	47.44	44.83	42.36	40.38	38.42	36.48	34.57	33.18	31.89	30.79	29.93	29.26	28.62	28.26	28.00	
116.00	109.47	103.31	97.66	92.47	87.29	82.12	77.39	73.39	69.41	65.45	62.24	59.14	56.04	52.97	50.13	47.34	44.58	42.28	40.18	38.77	37.68	36.66	35.76	34.95	34.25	33.61	33.12	33.00	
104.00	99.19	94.48	89.87	85.28	80.74	76.38	72.51	69.02	65.68	62.35	59.10	55.95	52.95	50.10	47.57	45.11	42.78	40.60	38.42	36.51	35.41	34.47	33.66	33.00	32.60	32.30	32.14	32.00	
122.00	116.23	110.90	105.61	100.53	95.62	91.02	86.52	82.21	78.06	73.96	70.30	66.78	63.38	60.27	57.16	54.56	51.97	49.71	47.51	45.36	43.39	41.47	39.70	37.93	36.32	34.90	33.74	33.20	33.00	
115.00	109.67	104.38	99.14	93.92	88.78	83.71	78.72	73.90	69.56	65.29	61.16	57.15	53.97	51.15	48.42	45.74	43.16	40.64	38.21	36.01	34.03	32.36	30.96	30.27	29.60	29.19	29.00	
108.00	102.15	96.37	90.64	85.88	81.24	77.09	73.01	69.03	65.28	61.72	58.47	55.69	53.00	50.46	47.91	45.42	42.99	40.57	38.76	37.20	35.91	34.69	33.81	33.24	33.12	33.00	
117.00	111.07	105.20	99.44	93.96	88.53	83.56	78.61	74.05	69.83	65.61	61.75	58.37	55.11	51.91	49.02	46.20	44.36	42.71	41.10	39.53	38.10	36.78	35.60	34.53	33.65	32.93	32.41	32.13	32.00	
108.00	102.27	96.65	91.04	85.66	80.74	76.20	71.67	67.71	63.98	60.29	57.15	54.47	51.79	49.16	47.02	44.90	42.82	41.20	39.80	38.58	37.36	36.21	35.16	34.47	33.82	33.40	33.07	33.00	
116.00	108.17	101.01	93.97	87.68	82.10	76.90	71.89	67.54	63.98	60.58	57.26	54.18	51.26	48.41	45.97	43.68	41.49	39.32	37.25	35.25	33.85	32.83	31.87	31.31	31.06	31.00	
109.00	103.77	98.64	93.60	88.57	83.81	79.25	74.77	70.38	66.45	63.02	59.86	56.83	54.01	51.38	48.76	46.27	43.81	41.65	39.74	38.08	36.45	34.86	33.28	32.01	30.88	30.17	29.50	29.00	
120.00	114.94	109.89	104.92	100.04	95.48	90.95	86.56	82.19	77.86	73.55	69.40	65.60	61.96	58.74	55.62	52.58	49.69	46.93	44.71	42.61	40.53	38.47	36.83	35.40	34.50	33.95	33.47	33.04	33.00	
109.00	103.73	98.52	93.38	88.25	83.43	78.61	74.33	70.09	66.06	62.32	59.24	56.20	53.38	50.56	47.92	45.31	42.85	40.84	38.99	37.15	35.37	33.60	32.42	31.95	31.69	31.44	31.19	31.01	31.00	
115.00	106.58	98.19	91.85	85.57	79.42	73.30	67.84	62.69	58.12	54.50	51.25	48.06	45.27	42.99	40.83	38.94	37.15	35.50	34.04	33.09	32.21	31.41	30.61	30.39	30.18	30.07	30.00	
109.00	103.98	99.16	94.36	90.06	85.90	81.81	77.85	73.98	70.18	66.46	62.98	59.80	56.65	53.81	51.10	48.81	46.71	44.69	42.69	40.79	39.08	37.42	36.02	34.64	33.91	33.21	32.67	32.32	32.00	
103.00	98.06	93.15	88.25	83.43	78.75	74.21	69.83	65.71	61.80	58.24	54.68	51.45	48.80	46.32	44.16	42.06	40.59	39.11	37.65	36.28	35.05	33.89	32.94	32.21	31.54	31.00	
114.00	109.16	104.41	99.69	94.99	90.35	85.78	81.34	77.10	73.01	68.99	65.30	61.65	58.23	54.86	51.85	49.14	46.50	44.34	42.49	40.84	39.23	37.69	36.35	35.11	34.09	33.35	32.72	32.36	32.00	
116.00	109.88	103.83	98.01	92.23	86.81	82.26	77.72	73.68	69.97	66.42	63.00	59.62	56.40	53.29	50.20	47.27	44.88	42.59	40.55	38.59	36.90	35.34	34.50	33.86	33.30	33.09	33.00	
109.00	103.36	97.77	92.64	87.56	82.49	77.69	73.01	68.39	64.25	60.56	57.04	53.84	51.29	48.78	46.53	44.49	42.54	40.63	38.92	37.35	35.80	34.41	33.33	32.41	31.69	31.07	31.00	
123.00	117.77	112.84	108.07	103.45	98.97	94.51	90.29	86.15	82.12	78.24	74.51	70.83	67.29	63.83	60.37	57.20	54.03	50.97	48.01	45.10	42.26	39.60	37.44	35.66	33.89	32.77	31.97	31.32	31.00	
104.00	99.17	94.36	89.61	85.17	80.91	76.84	72.79	69.13	66.18	63.44	60.72	58.09	55.59	53.19	50.90	48.64	46.55	44.54	42.71	40.88	39.22	37.62	36.31	35.10	33.98	33.21	32.55	32.00	
122.00	115.74	109.51	103.36	97.52	91.72	86.13	80.81	76.07	71.51	67.04	62.90	58.85	54.82	51.67	48.69	45.92	43.47	41.13	39.01	37.33	35.66	34.34	33.03	31.74	30.50	29.50	28.82	28.25	28.00	
119.00	113.10	107.33	101.80	96.39	91.11	85.93	81.06	76.28	71.65	67.27	63.12	59.72	56.42	53.27	50.51	47.76	45.21	42.68	40.73	38.81	37.12	35.70	34.48	33.83	33.29	33.00	
118.00	112.12	106.28	100.69	95.30	89.97	84.74	79.76	74.95	70.16	65.58	61.11	57.29	54.24	51.19	48.44	45.76	43.19	40.89	39.33	37.95	36.57	35.29	34.34	33.70	33.10	33.00	
106.00	101.70	97.43	93.30	89.39	85.59	81.81	78.04	74.33	70.71	67.13	63.61	60.21	56.91	53.93	51.17	48.55	45.98	43.61	41.54	39.76	38.21	36.85	35.87	34.89	34.03	33.29	32.54	32.12	32.00	
104.00	97.58	91.74	86.08	80.77	75.65	70.62	65.93	61.28	57.64	54.11	50.98	48.41	46.12	44.06	42.04	40.11	38.28	36.56	34.86	33.18	31.62	30.71	30.09	29.49	29.02	29.00	
112.00	106.69	101.39	96.43	91.56	86.82	82.17	77.58	73.26	69.10	65.14	61.42	57.97	54.56	51.20	48.02	44.85	41.79	39.06	37.08	35.18	33.31	32.07	31.28	30.51	29.89	29.40	29.13	29.00	
114.00	107.91	101.82	95.76	90.04	84.34	78.70	73.43	68.26	63.35	58.92	55.08	51.40	48.29	45.36	42.64	40.24	37.97	36.34	34.90	33.67	32.62	31.66	30.95	30.27	29.76	29.28	29.14	29.00	
103.00	98.05	93.15	88.40	83.65	79.04	74.53	70.13	65.87	61.70	57.57	53.52	50.22	46.97	44.11	41.56	39.22	37.52	35.96	34.48	33.28	32.13	31.01	30.08	29.15	28.49	28.22	28.00	
119.00	110.88	102.99	95.73	88.62	81.89	75.76	70.94	66.69	62.60	59.16	55.77	52.89	50.10	47.44	44.93	42.58	40.42	38.39	37.22	36.15	35.08	34.20	33.52	33.28	33.11	33.00	
121.00	113.28	106.07	99.91	93.96	88.06	82.32	76.69	71.74	66.80	62.01	57.58	53.82	50.40	47.12	44.29	41.72	39.20	36.84	35.08	34.04	33.12	32.61	32.34	32.15	32.04	32.00	
101.00	96.29	91.64	87.08	82.57	78.38	74.27	70.30	66.57	62.99	59.43	55.99	52.56	49.20	46.09	43.11	40.32	38.11	36.06	34.05	32.35	30.75	30.05	29.47	29.01	28.59	28.31	28.08	28.00	
104.00	98.10	92.60	87.27	82.36	77.45	73.11	68.78	64.69	60.65	57.05	53.76	50.54	47.52	45.14	42.82	40.52	38.42	36.53	34.77	33.47	32.27	31.10	29.95	29.21	28.48	28.00	
110.00	104.32	99.01	93.88	88.76	83.93	79.36	74.91	70.51	66.14	62.06	58.02	54.74	51.62	48.68	45.94	43.35	40.81	38.48	36.96	35.66	34.38	33.18	32.18	31.21	30.43	29.70	29.35	29.00	
108.00	102.12	96.29	90.50	85.43	80.50	75.58	70.79	66.30	62.65	59.29	56.11	53.16	50.59	48.16	45.73	43.41	41.39	39.49	37.72	36.09	34.50	33.13	31.88	30.83	29.78	29.09	28.45	28.00	
107.00	101.62	96.28	91.34	86.89	82.55	78.34	74.18	70.38	66.69	63.44	60.22	57.04	53.89	50.98	48.79	46.65	44.71	42.88	41.07	39.42	37.78	36.33	34.89	33.61	32.43	31.65	31.27	31.02	31.00	
115.00	109.05	103.23	97.74	92.57	87.53	82.59	77.83	73.34	69.20	65.10	61.58	58.22	54.92	51.66	48.88	46.20	43.56	40.98	38.55	36.66	35.00	33.65	32.29	31.29	30.30	29.36	28.47	28.15	28.00	
117.00	110.70	104.77	98.85	92.94	87.47	82.08	77.05	72.52	68.09	63.75	59.79	55.91	52.41	49.01	45.96	42.95	40.03	37.74	35.65	33.75	31.98	30.85	29.93	29.30	28.87	28.52	28.31	28.15	28.00	
122.00	113.82	106.35	99.62	93.29	86.97	80.70	74.51	68.58	62.73	57.95	53.61	49.37	45.58	42.90	41.29	39.70	38.20	36.76	35.32	33.91	32.61	31.47	30.80	30.23	29.83	29.49	29.19	29.00	
111.00	106.44	101.90	97.52	93.52	89.68	85.96	82.25	78.60	74.96	71.39	67.85	64.34	60.83	57.46	54.29	51.25	48.23	45.83	43.70	41.58	39.60	37.76	36.57	35.65	34.84	34.18	33.58	33.00	
102.00	96.64	91.62	86.72	82.01	77.39	72.85	68.34	63.96	59.60	56.29	53.04	49.80	46.82	43.91	41.00	38.68	37.00	35.37	33.96	32.55	31.99	31.52	31.06	30.61	30.16	30.08	30.02	30.00	
114.00	107.77	101.85	96.71	91.70	86.71	81.81	77.10	72.41	68.04	63.72	59.91	56.20	52.54	49.06	45.65	42.58	39.54	37.01	34.84	33.05	31.41	29.77	29.02	28.41	28.16	28.00	
118.00	112.44	106.92	101.51	96.11	90.71	85.38	80.61	75.84	71.58	67.49	63.71	60.01	56.33	52.92	49.79	47.03	44.39	42.00	39.82	37.66	35.65	34.67	33.91	33.39	33.13	33.00	
118.00	111.67	105.35	99.39	93.47	87.62	81.83	76.27	71.09	66.16	61.42	57.39	53.77	51.00	48.51	46.05	43.58	41.51	39.43	37.37	35.63	34.33	33.25	32.22	31.41	30.71	30.14	29.62	29.25	29.00	
108.00	101.33	94.67	88.43	82.33	76.70	71.34	66.12	61.59	57.34	53.22	49.55	46.15	42.98	40.90	38.92	36.98	35.12	33.44	31.87	30.46	29.98	29.65	29.36	29.16	29.05	29.00	
101.00	96.59	92.23	87.90	83.62	79.55	75.51	71.56	67.69	63.94	60.36	56.79	53.95	51.16	48.45	45.79	43.14	41.07	39.29	37.57	36.16	35.04	34.09	33.55	33.02	32.57	32.17	32.00	
123.00	115.17	107.84	101.15	94.47	88.01	82.18	76.56	71.53	66.68	62.23	58.46	54.83	51.40	48.72	46.09	43.47	41.11	39.04	37.13	35.78	34.53	33.60	32.72	32.02	31.39	30.83	30.34	30.06	30.00	
114.00	107.88	101.78	95.78	89.94	84.41	78.96	74.06	69.23	64.89	60.91	56.96	53.51	50.23	47.68	45.17	42.69	40.67	38.84	37.37	35.92	34.49	33.16	31.88	31.20	30.59	30.00	
120.00	112.49	105.18	98.61	92.32	86.36	80.78	75.26	69.96	64.74	59.56	54.70	50.23	46.03	42.03	39.25	36.66	34.86	33.40	32.41	31.54	30.70	30.00	29.33	28.80	28.49	28.26	28.10	28.00	
101.00	95.72	90.59	85.94	81.31	76.82	72.84	68.89	65.03	61.24	58.02	54.87	51.89	49.24	47.06	45.13	43.34	41.61	40.00	38.40	36.90	35.60	34.29	33.28	32.49	32.05	32.00	
108.00	101.81	95.70	89.90	84.88	80.19	75.64	71.30	67.05	62.96	58.94	55.40	51.93	49.03	46.42	44.01	41.92	39.84	37.85	35.97	34.43	33.01	31.65	30.40	29.36	28.46	28.01	28.00	
122.00	116.54	111.10	105.71	100.41	95.21	90.09	85.08	80.24	75.52	70.88	66.59	62.98	59.47	56.02	52.64	49.32	46.05	42.99	40.01	37.84	35.68	33.92	32.19	31.66	31.42	31.26	31.14	31.06	31.00	
101.00	95.90	91.07	86.34	82.25	78.33	74.53	70.98	67.55	64.46	61.63	58.88	56.30	53.73	51.24	49.23	47.29	45.40	43.58	41.94	40.41	38.93	37.57	36.29	35.24	34.22	33.45	33.00	
117.00	111.61	106.37	101.13	96.42	91.77	87.29	82.94	78.59	74.26	69.95	65.74	61.66	57.68	53.79	50.74	47.71	44.95	42.31	40.09	37.90	36.15	34.84	33.67	32.86	32.17	31.51	31.23	31.11	31.00	
119.00	113.32	107.93	102.67	97.46	92.35	87.42	82.60	77.80	73.56	69.83	66.20	62.67	59.18	56.13	53.19	50.45	47.84	45.34	42.87	40.69	38.72	36.79	35.10	34.01	33.05	32.44	32.00	
103.00	97.94	92.89	87.90	82.92	78.10	73.29	69.06	64.98	61.03	57.47	53.98	50.54	47.33	44.82	42.55	40.86	39.23	37.91	36.64	35.44	34.41	33.44	32.57	31.96	31.57	31.27	31.00	
117.00	111.34	106.03	100.73	95.76	90.82	86.14	81.53	77.12	72.77	68.78	64.89	61.17	57.64	54.12	50.93	47.97	45.24	42.55	39.89	37.59	35.78	34.22	32.80	31.40	30.09	29.00	
116.00	109.88	104.10	98.36	92.64	87.57	82.71	78.00	73.30	68.62	64.14	60.29	56.50	52.81	49.28	46.04	43.02	40.30	37.77	35.37	33.30	31.39	30.49	29.83	29.28	29.05	29.00	
112.00	106.14	100.30	94.48	88.87	83.54	78.61	74.01	69.58	65.55	61.79	58.27	54.82	51.62	48.51	45.74	43.70	42.08	40.46	39.04	37.74	36.65	35.69	34.81	34.35	33.95	33.57	33.21	33.05	33.00	
116.00	110.17	104.38	98.72	93.06	87.51	82.14	77.45	73.00	68.84	64.68	60.58	56.66	52.99	49.73	46.99	44.39	41.93	39.68	37.44	35.90	34.72	33.67	32.64	31.83	31.34	31.00	
120.00	113.25	107.46	101.71	96.08	90.71	85.55	80.39	75.31	70.67	66.23	61.98	57.77	53.83	50.12	46.75	43.66	40.92	38.26	36.07	34.58	33.35	32.17	31.03	30.03	29.55	29.28	29.12	29.00	
101.00	95.45	90.73	86.29	82.04	77.85	73.87	70.00	66.27	62.69	59.75	56.90	54.12	51.34	48.98	46.66	44.48	42.31	40.48	38.81	37.31	35.82	34.40	33.25	32.34	31.76	31.30	31.08	31.03	31.00	
101.00	95.98	91.05	86.18	81.46	76.94	72.45	68.01	64.00	60.17	56.34	52.59	49.11	46.45	43.91	41.42	39.09	37.94	36.97	36.13	35.33	34.61	33.91	33.51	33.17	33.01	33.00	
116.00	109.66	103.55	97.46	91.91	86.44	82.01	77.75	73.53	69.49	65.71	62.09	58.53	55.24	52.05	48.85	45.77	43.05	40.80	39.04	37.35	35.68	34.61	33.78	33.08	32.54	32.09	32.00	
112.00	107.55	103.29	99.08	94.97	90.90	86.91	83.02	79.15	75.41	71.82	68.27	64.91	61.59	58.28	54.99	51.74	48.53	45.47	42.79	40.15	38.16	36.34	34.78	33.91	33.17	32.45	32.00	
120.00	113.97	107.98	102.14	96.81	91.48	86.25	81.07	76.25	71.66	67.29	63.07	59.04	55.14	51.74	48.63	45.95	43.27	40.59	38.36	36.57	35.12	33.82	32.53	31.40	30.34	29.77	29.34	29.12	29.00	
111.00	105.01	99.05	93.22	87.47	82.22	77.22	72.41	67.63	63.64	59.76	56.53	53.41	50.53	47.66	45.22	43.06	41.18	39.47	37.89	36.69	35.50	34.38	33.35	32.78	32.26	32.00	
114.00	108.80	103.61	98.67	93.86	89.11	84.85	80.81	76.96	73.27	69.71	66.55	63.44	60.35	57.37	54.47	51.60	48.73	46.03	43.56	41.25	38.98	36.80	34.69	33.82	33.01	32.31	31.65	31.00	
121.00	114.38	108.44	102.83	97.38	91.97	86.65	81.34	76.28	71.37	66.63	62.06	57.75	54.13	50.94	47.85	45.00	42.26	39.57	37.04	34.62	32.53	30.55	29.83	29.20	28.60	28.00	
116.00	110.25	104.78	99.42	94.48	89.55	84.92	80.55	76.77	73.11	69.54	66.04	62.58	59.22	55.99	52.90	49.95	47.22	44.54	41.94	39.78	37.81	35.95	34.43	33.37	32.40	31.74	31.31	31.15	31.00	
120.00	112.99	106.05	99.32	93.19	87.25	81.65	76.43	71.31	66.67	62.41	58.91	55.50	52.59	49.68	46.86	44.55	42.72	40.88	39.14	37.41	35.90	34.45	33.21	32.10	31.21	31.06	31.00	
119.00	113.73	108.67	104.04	99.62	95.30	91.03	86.83	82.74	78.66	74.91	71.34	67.85	64.62	61.45	58.29	55.28	52.29	49.36	46.66	44.10	41.67	39.26	37.12	35.14	33.37	32.49	32.15	32.00	
122.00	115.02	109.09	103.49	98.11	93.04	88.07	83.12	78.30	74.25	70.37	66.65	62.95	59.29	55.69	52.27	49.08	45.98	43.28	40.94	39.07	37.39	35.90	34.52	33.56	32.60	32.23	32.04	32.00	
117.00	111.16	105.36	99.63	94.23	89.35	84.65	80.03	75.43	71.13	66.83	62.70	58.94	55.46	52.29	49.87	47.58	45.39	43.32	41.44	39.63	38.08	36.54	35.28	34.08	33.37	33.18	33.00	
116.00	110.90	106.16	101.43	96.71	92.36	88.15	83.95	79.79	75.62	71.74	67.99	64.34	61.00	57.74	54.60	51.74	49.12	46.53	44.09	41.79	39.52	37.63	36.30	35.47	34.70	33.99	33.39	33.16	33.00	
113.00	107.09	101.28	96.10	90.92	85.90	80.98	77.08	73.56	70.07	66.58	63.13	59.69	56.48	53.41	50.61	47.93	45.46	43.02	40.72	39.14	37.87	36.77	35.73	34.76	33.87	33.53	33.26	33.00	
110.00	104.04	98.31	92.69	87.07	81.55	76.41	71.52	66.94	62.81	58.87	54.96	51.16	48.17	45.53	42.97	40.66	39.10	37.69	36.29	34.93	33.70	32.52	31.51	30.58	29.77	29.06	28.46	28.06	28.00	
105.00	98.95	94.05	89.28	84.62	80.07	75.55	71.39	67.59	64.32	61.10	58.36	55.70	53.27	51.03	48.89	46.75	44.71	42.69	40.82	39.10	37.69	36.43	35.63	34.82	34.06	33.37	32.79	32.34	32.00	
121.00	114.29	107.84	101.66	95.56	89.59	84.27	79.23	74.34	69.50	65.46	61.68	58.05	54.79	51.57	48.53	45.60	43.13	40.83	38.71	37.05	35.45	33.92	32.42	31.07	30.05	29.33	29.02	29.00	
118.00	112.44	106.96	101.64	96.42	91.51	86.75	82.18	77.66	73.66	69.89	66.31	62.75	59.24	55.83	52.58	49.63	46.88	44.16	41.99	40.04	38.17	36.39	35.10	34.21	33.39	32.84	32.40	32.09	32.00	
110.00	103.07	96.45	90.16	84.06	78.26	73.32	68.88	64.53	60.89	57.40	54.14	51.18	48.32	45.54	43.09	40.81	39.00	37.45	35.90	34.38	33.34	32.72	32.11	31.63	31.24	31.00	
104.00	98.20	92.74	87.50	82.63	78.03	73.76	69.92	66.34	62.83	59.38	56.13	52.97	49.87	47.05	44.30	41.95	39.71	37.73	36.03	34.35	33.00	32.15	31.48	30.96	30.62	30.36	30.13	30.00	
109.00	103.92	98.88	94.20	89.62	85.14	80.68	76.75	72.93	69.24	65.59	62.02	58.66	55.31	52.29	49.50	46.75	44.08	41.73	39.69	38.07	36.65	35.35	34.15	33.05	32.03	31.47	31.18	31.00	
115.00	109.59	104.69	100.36	96.12	91.89	87.69	83.53	79.57	75.94	72.40	68.89	65.48	62.31	59.22	56.31	53.47	50.79	48.40	46.05	43.80	41.70	39.79	38.00	36.21	34.62	33.16	31.76	30.82	30.00	
123.00	115.09	107.49	100.21	93.02	86.56	80.64	74.91	69.93	65.46	61.03	57.56	54.52	51.81	49.30	46.86	44.67	42.98	41.36	39.78	38.30	36.85	35.75	34.91	34.23	33.59	33.00	
115.00	109.74	104.58	99.49	94.52	89.81	85.54	81.38	77.29	73.30	69.33	65.58	62.26	59.01	55.89	53.00	50.15	47.61	45.17	42.84	40.69	38.54	36.79	35.24	33.72	33.19	33.00	
111.00	105.27	99.55	94.02	88.72	83.55	78.40	73.29	68.50	64.54	60.77	57.03	53.67	50.32	47.54	45.49	43.50	41.52	39.59	38.01	36.95	35.99	35.21	34.47	34.05	33.70	33.40	33.13	33.00	
103.00	97.97	92.98	88.16	83.42	78.96	75.25	71.67	68.48	65.29	62.25	59.27	56.40	53.60	50.95	48.32	45.70	43.44	41.23	39.52	38.15	36.80	35.70	34.69	33.75	33.39	33.10	33.04	33.00	
108.00	101.91	95.88	90.13	84.80	80.06	75.56	71.17	67.12	63.16	59.55	56.08	52.62	49.34	46.07	43.05	40.11	37.29	35.74	34.38	33.18	32.15	31.27	30.69	30.17	30.03	30.00	
104.00	98.52	93.05	87.62	82.30	77.02	71.93	67.33	63.04	59.33	55.85	53.02	50.27	47.63	45.08	42.59	40.69	39.35	38.19	37.04	35.91	34.87	34.01	33.18	32.49	31.87	31.30	30.75	30.27	30.00	
112.00	106.06	100.16	94.44	89.50	84.82	80.93	77.06	73.23	69.59	66.34	63.19	60.30	57.57	54.92	52.53	50.21	47.92	45.68	43.50	41.41	39.36	37.38	35.51	33.95	32.92	32.09	32.00	
106.00	99.82	93.94	88.26	82.73	78.38	74.05	70.48	67.13	63.96	60.88	57.85	54.93	52.05	49.24	46.45	43.96	41.48	39.27	37.17	35.23	33.46	32.09	31.18	30.35	29.63	29.03	28.54	28.23	28.00	
116.00	109.99	104.37	99.04	93.75	88.85	84.06	79.67	75.49	71.40	67.31	63.33	59.39	55.60	52.05	48.58	45.21	43.03	41.20	39.76	38.37	37.07	35.81	34.61	33.68	32.96	32.46	32.24	32.06	32.00	
112.00	105.63	99.54	93.48	88.36	83.45	78.68	74.07	69.92	66.17	62.59	59.02	55.65	52.86	50.15	47.45	45.36	43.29	41.31	39.44	37.71	36.12	34.73	33.45	32.42	31.40	30.67	30.00	
117.00	111.81	106.98	102.22	97.51	92.97	88.54	84.12	79.93	75.81	71.70	67.67	63.90	60.26	56.72	53.20	50.26	47.34	44.57	42.36	40.28	38.22	36.39	35.03	34.16	33.44	33.00	
122.00	114.82	108.05	101.87	95.91	89.99	85.67	81.40	77.15	73.13	69.23	65.34	61.45	57.75	54.15	50.56	47.03	43.60	40.30	37.39	34.67	33.11	31.61	30.16	29.12	28.53	28.00	
118.00	111.92	105.92	100.10	94.82	89.69	84.59	79.67	74.80	70.05	65.87	61.85	58.45	55.21	52.52	49.87	47.37	45.08	42.94	40.89	38.87	37.26	35.70	34.23	33.31	32.46	32.16	32.00	
114.00	108.34	102.85	97.40	91.95	86.52	81.09	75.79	70.78	66.18	62.32	58.73	55.24	52.07	49.16	46.41	43.81	41.25	38.88	36.58	35.23	34.27	33.48	32.80	32.27	31.75	31.29	31.07	31.01	31.00	
112.00	105.88	100.36	94.92	89.86	84.84	80.15	75.77	71.41	67.07	62.78	58.52	54.62	51.23	48.29	45.75	43.29	40.93	38.65	36.95	35.28	33.73	32.40	31.39	30.61	29.84	29.07	29.00	
118.00	112.44	107.10	102.07	97.12	92.33	87.61	83.01	78.42	74.04	70.12	66.33	62.76	59.24	55.73	52.46	49.32	46.45	43.65	41.51	39.64	37.98	36.57	35.21	33.95	33.26	32.64	32.28	32.13	32.00	
112.00	105.67	99.44	93.48	87.96	82.63	77.61	73.14	68.76	64.57	60.45	56.42	52.81	49.30	45.90	42.97	40.43	38.03	36.17	34.41	33.15	32.06	31.14	30.52	30.08	30.03	30.00	
122.00	115.54	109.30	103.25	97.75	92.45	87.40	82.42	77.61	73.28	69.12	65.03	61.17	57.40	53.87	50.51	47.28	44.40	41.61	38.91	36.71	34.56	32.46	31.00	29.92	29.26	29.00	
104.00	98.65	93.34	88.10	83.23	78.54	74.02	69.72	65.81	62.05	59.10	56.15	53.24	50.41	47.73	45.06	42.73	40.44	38.65	37.24	36.08	34.97	34.28	33.62	33.23	33.03	33.00	
117.00	110.79	104.92	99.17	93.81	89.20	84.77	80.59	76.43	72.43	68.75	65.19	61.72	58.29	55.28	52.32	49.45	46.74	44.16	41.82	39.68	38.04	36.58	35.14	33.81	33.09	33.00	
119.00	113.20	107.43	101.82	96.76	91.76	86.79	81.98	77.33	72.84	68.54	64.47	60.57	56.81	53.17	50.18	47.33	44.79	42.43	40.21	38.22	36.36	34.86	34.06	33.66	33.31	33.00	
120.00	113.04	106.10	99.29	92.82	86.51	80.26	74.34	68.87	64.28	60.22	56.35	52.49	49.25	46.02	43.00	40.06	37.83	36.28	34.79	33.33	32.55	31.80	31.16	30.58	30.29	30.00	
115.00	106.57	99.85	93.46	88.49	83.56	78.86	74.22	69.87	66.14	62.64	59.27	55.91	52.57	49.81	47.14	44.55	42.36	40.27	38.20	36.71	35.52	34.49	33.63	32.83	32.03	31.27	30.53	30.00	
115.00	109.04	103.41	97.95	92.85	87.79	82.76	77.78	73.09	68.45	64.71	61.09	57.73	54.59	51.60	48.83	46.07	43.40	40.80	38.45	36.35	34.64	32.93	31.66	30.55	29.61	28.73	28.22	28.00	
106.00	100.63	95.58	90.88	86.48	82.26	78.08	73.94	69.83	65.76	61.74	58.23	54.88	52.16	49.64	47.16	44.71	42.31	40.16	38.39	36.64	35.02	34.17	33.35	32.82	32.42	32.23	32.09	32.00	
102.00	96.80	92.06	87.55	83.08	78.65	74.66	70.70	66.75	62.92	59.55	56.39	53.54	50.89	48.28	46.14	44.41	42.68	41.29	40.03	38.86	37.75	36.75	35.92	35.18	34.66	34.18	33.70	33.26	33.00	
107.00	102.15	97.57	93.13	89.11	85.10	81.46	78.12	74.80	71.52	68.34	65.18	62.05	58.97	56.08	53.36	51.02	48.81	46.65	44.61	42.58	40.59	38.69	36.89	35.55	34.77	34.12	33.53	33.00	
117.00	110.03	103.37	96.75	90.88	85.51	80.30	75.92	71.83	67.91	64.20	60.53	57.04	53.59	50.63	47.92	45.27	43.10	41.02	38.94	36.86	34.93	33.04	31.34	29.87	28.92	28.20	28.05	28.00	
119.00	113.52	108.10	102.72	97.59	92.55	87.57	83.24	79.49	75.91	72.58	69.27	65.97	62.72	59.56	56.55	53.57	50.67	48.32	46.19	44.08	42.15	40.41	38.69	37.11	35.55	34.04	33.38	33.00	
106.00	101.30	96.83	92.39	87.97	83.62	79.33	75.22	71.30	67.80	64.31	60.83	57.47	54.34	51.22	48.71	46.29	43.88	41.64	39.47	37.30	35.27	33.44	32.09	30.98	29.91	28.87	28.32	28.00	
113.00	105.95	99.35	92.93	87.01	81.34	76.32	71.31	66.45	62.05	59.00	55.95	53.08	50.45	48.27	46.20	44.16	42.18	40.20	38.23	36.57	35.25	34.37	33.56	33.18	33.05	33.00	
108.00	102.02	96.77	91.95	87.16	82.45	77.94	73.55	69.80	66.13	62.72	59.55	56.42	53.42	50.57	47.76	45.08	42.43	40.07	37.79	36.01	34.29	32.69	31.33	29.99	29.41	28.83	28.26	28.13	28.00	
121.00	114.43	108.09	102.16	96.67	91.36	86.29	81.24	76.28	71.89	67.88	63.90	60.83	57.80	55.02	52.26	49.65	47.42	45.28	43.25	41.46	39.75	38.39	37.32	36.30	35.29	34.31	33.53	33.00	
108.00	102.59	97.27	92.10	87.01	82.27	77.59	72.93	68.30	63.67	59.45	55.34	51.49	48.11	45.09	42.40	39.98	37.69	35.44	34.10	32.83	31.67	30.80	29.95	29.14	28.47	28.11	28.00	
116.00	109.83	103.71	97.88	92.38	86.95	81.67	76.43	71.39	66.36	61.63	57.00	52.58	48.59	45.08	42.53	40.77	39.00	37.50	36.47	35.58	34.69	33.99	33.36	32.74	32.24	32.00	
118.00	112.36	106.81	101.28	95.89	90.53	85.29	80.78	76.41	72.06	67.82	63.89	60.11	56.38	52.72	49.34	46.00	42.70	39.94	37.34	35.14	33.13	32.29	31.46	30.85	30.36	30.08	30.00	
106.00	100.90	95.80	91.18	86.56	82.16	77.95	73.85	69.97	66.32	63.30	60.35	57.58	54.83	52.18	49.83	47.62	45.57	43.65	41.73	39.92	38.12	36.40	34.69	33.02	31.77	30.80	29.94	29.18	29.00	
109.00	103.32	97.94	92.77	87.64	82.76	77.99	73.58	69.29	65.13	61.32	57.88	54.53	51.26	48.09	45.09	42.29	40.04	38.01	36.29	35.10	33.98	32.93	31.87	30.91	30.13	29.39	28.87	28.38	28.00	
110.00	103.73	97.66	91.98	86.44	81.18	75.94	71.21	66.93	62.96	59.00	55.30	51.75	49.00	46.28	43.70	41.17	39.32	37.61	35.98	34.48	33.09	32.39	31.71	31.07	30.62	30.28	30.08	30.00	
119.00	113.57	108.19	103.19	98.43	93.85	89.33	84.91	80.65	76.59	72.54	68.58	64.77	61.27	58.14	55.09	52.07	49.07	46.10	43.60	41.14	38.71	36.30	33.90	32.11	30.79	30.00	
101.00	95.71	90.65	85.95	81.28	76.62	72.65	68.70	65.07	61.61	58.18	54.95	51.73	49.01	46.59	44.50	42.60	40.73	38.95	37.29	35.65	34.20	32.78	31.55	30.58	29.78	29.34	29.15	29.00	
118.00	111.23	105.31	99.58	94.31	89.06	83.90	78.94	74.66	70.39	66.33	62.52	58.72	55.45	52.29	49.18	46.27	44.04	41.82	39.62	37.43	35.31	33.36	31.97	30.76	29.56	29.04	28.55	28.27	28.00	
123.00	117.73	112.52	107.34	102.18	97.05	92.35	87.66	83.13	78.77	74.42	70.10	65.93	61.95	58.00	54.37	50.85	47.34	44.15	40.96	38.49	36.21	34.54	33.08	31.81	30.95	30.21	29.65	29.30	29.00	
106.00	101.07	96.15	91.88	87.68	83.54	79.51	75.51	71.55	67.63	63.73	59.89	56.37	52.92	49.74	47.41	45.19	43.06	40.93	38.83	36.85	34.90	33.84	32.80	31.80	30.86	30.02	30.00	
119.00	111.66	104.71	97.78	91.63	86.94	82.34	77.81	73.31	68.89	64.68	61.30	57.92	54.71	51.88	49.14	46.41	44.05	41.95	39.92	38.14	36.36	34.64	32.92	31.82	31.21	31.05	31.00	
111.00	106.15	101.66	97.23	92.87	88.63	84.55	80.74	77.02	73.46	69.95	66.51	63.14	59.78	56.73	53.87	51.02	48.36	45.71	43.08	40.56	38.59	36.70	34.93	33.50	32.24	31.08	30.01	30.00	
109.00	103.39	97.80	92.35	87.31	82.66	78.10	73.65	69.29	65.00	60.76	56.52	53.19	50.13	47.45	44.84	42.27	39.80	37.50	35.46	33.68	32.69	31.94	31.30	30.83	30.53	30.29	30.12	30.00	
110.00	104.54	99.43	94.35	89.46	84.65	79.86	75.12	70.38	66.31	62.72	59.93	57.27	54.76	52.28	49.90	47.58	45.38	43.31	41.31	39.51	37.75	36.03	34.43	33.68	33.26	33.02	33.00	
111.00	105.01	99.15	93.65	88.51	83.50	79.07	74.95	71.00	67.06	63.40	59.81	56.33	52.87	49.43	46.19	43.60	41.02	38.99	37.26	35.95	34.69	33.52	32.38	31.35	30.51	30.21	30.08	30.00	
121.00	114.55	108.48	102.57	96.98	91.43	85.90	80.86	75.83	70.83	66.84	63.05	59.70	56.37	53.10	50.01	46.92	44.11	41.40	38.82	36.52	34.66	32.99	31.50	30.04	29.26	29.00	
122.00	115.58	109.26	103.04	96.89	91.05	85.54	80.31	75.08	70.01	65.05	60.24	55.98	52.03	48.19	45.02	42.63	40.45	38.39	36.41	34.79	33.53	32.30	31.29	30.37	29.62	29.29	29.12	29.00	
121.00	114.42	108.17	101.99	95.86	90.14	84.55	79.42	74.49	69.62	64.81	60.12	55.62	51.29	48.13	45.01	42.31	40.25	38.23	36.29	34.36	32.45	30.74	29.29	28.45	28.10	28.02	28.00	
119.00	112.95	107.06	101.34	95.83	90.73	85.84	81.06	76.29	71.92	67.72	63.72	59.74	56.22	53.37	50.77	48.24	45.94	43.80	42.01	40.23	38.48	36.77	35.11	33.55	32.04	30.70	30.24	30.00	
101.00	96.62	92.26	88.13	84.31	80.52	76.81	73.11	69.55	66.23	63.10	59.98	56.91	54.02	51.59	49.25	47.05	45.04	43.05	41.10	39.22	37.46	35.93	35.01	34.10	33.59	33.15	33.00	
109.00	103.59	98.22	92.87	87.78	82.89	78.03	73.32	68.71	64.73	60.80	57.14	53.51	50.23	47.20	44.36	42.14	39.95	37.83	35.78	33.98	33.02	32.09	31.30	30.66	30.23	30.10	30.00	
119.00	112.82	107.04	101.78	96.55	91.34	86.33	81.38	76.46	71.58	66.72	62.23	58.03	53.96	50.29	46.81	43.83	41.58	39.85	38.16	36.77	35.54	34.34	33.32	32.39	31.74	31.33	31.00	
110.00	104.07	98.27	92.64	87.06	81.61	76.37	71.25	66.23	61.32	57.21	53.20	49.85	46.63	43.65	40.77	38.61	36.50	34.89	33.35	32.14	31.14	30.25	29.67	29.32	29.15	29.00	
116.00	110.36	104.79	99.30	94.80	90.37	86.12	82.41	78.85	75.43	72.07	68.80	65.72	62.72	59.82	56.96	54.14	51.48	48.84	46.27	43.76	41.27	38.98	36.74	34.92	33.18	31.80	31.00	
107.00	102.38	97.76	93.23	88.71	84.19	79.74	75.67	71.82	68.11	64.61	61.17	57.91	54.93	52.19	49.55	46.99	44.43	42.02	39.78	37.57	35.52	33.65	32.16	30.82	30.36	30.00	
119.00	112.06	105.29	98.63	92.18	85.79	79.75	73.76	68.31	63.05	59.11	55.34	51.81	48.67	45.54	42.98	40.68	38.52	36.56	34.79	33.54	32.98	32.47	31.95	31.56	31.20	31.00	
120.00	112.30	106.01	99.72	93.80	88.13	82.65	77.43	72.59	68.44	64.59	60.90	57.34	54.14	50.96	47.96	45.00	42.15	39.32	37.51	35.70	33.90	32.35	30.90	30.10	29.47	29.00	
112.00	106.34	100.82	95.53	90.40	85.46	80.64	75.84	71.23	66.72	62.38	58.25	54.58	51.08	47.94	45.16	42.44	40.43	38.53	36.85	35.86	35.11	34.37	33.72	33.46	33.22	33.00	
121.00	115.59	110.24	104.98	99.72	94.69	90.04	85.63	81.36	77.29	73.43	69.62	65.82	62.14	58.88	55.75	52.70	49.71	46.85	44.19	41.70	39.41	37.77	36.32	34.90	33.49	33.00	
122.00	117.01	112.09	107.43	102.82	98.29	93.96	89.71	85.57	81.55	77.97	74.47	71.00	67.65	64.45	61.25	58.17	55.15	52.22	49.37	46.58	44.08	41.67	39.35	37.40	35.52	33.96	32.43	31.18	31.00	
114.00	107.52	101.57	95.74	89.95	84.39	78.91	74.14	69.83	65.89	61.97	58.14	54.40	51.49	48.63	45.90	43.27	40.75	38.37	36.04	34.35	32.72	31.12	29.98	28.85	28.09	28.00	
119.00	112.36	105.97	99.60	93.24	86.99	81.69	76.64	71.90	67.29	63.81	60.37	57.18	54.03	51.20	48.96	46.76	44.73	42.73	40.82	38.98	37.39	35.90	34.49	33.64	32.95	32.39	32.07	32.00	
116.00	110.77	105.61	100.58	95.60	90.75	86.44	82.41	78.46	74.60	70.77	66.95	63.32	59.77	56.65	53.57	50.77	47.96	45.22	42.51	39.92	37.82	35.91	34.27	33.06	32.02	31.41	31.00	
114.00	107.07	100.43	93.83	87.36	81.70	76.12	71.84	67.57	63.97	60.56	57.21	54.01	51.16	48.52	46.01	43.96	41.96	39.97	38.30	36.66	35.09	33.60	32.51	31.97	31.51	31.20	31.00	
118.00	112.58	107.17	102.00	96.90	92.00	87.15	82.59	78.15	73.78	69.47	65.29	61.15	58.02	54.91	51.85	49.14	46.49	43.87	41.46	39.41	37.47	35.97	34.51	33.16	32.05	30.96	30.01	29.15	29.00	
106.00	100.73	95.71	90.71	85.75	80.98	76.24	71.60	67.10	62.61	59.29	56.09	52.95	49.85	46.87	44.02	41.47	39.32	37.25	35.44	33.73	32.37	31.41	30.57	30.03	29.51	29.11	29.00	
112.00	105.03	98.73	92.74	87.14	81.75	76.81	72.40	68.46	64.55	60.66	56.88	53.27	49.78	46.55	43.38	40.81	38.36	36.13	34.22	32.41	31.42	30.49	29.64	28.91	28.32	28.00	
106.00	101.62	97.26	92.93	88.71	84.69	80.74	77.03	73.36	69.83	66.40	63.30	60.29	57.38	54.48	51.76	49.06	46.37	43.69	41.42	39.52	37.94	36.45	35.00	33.86	32.98	32.14	31.34	30.58	30.00	
121.00	114.03	107.34	101.71	96.26	91.34	86.55	81.78	77.01	72.59	68.53	64.91	61.41	58.00	54.63	51.45	48.51	45.72	43.69	41.89	40.29	38.69	37.40	36.18	34.98	33.85	32.82	31.79	31.00	
105.00	99.69	94.59	89.83	85.63	81.49	77.34	73.21	69.11	65.30	61.62	58.19	54.81	51.52	48.36	45.64	43.35	41.21	39.11	37.25	35.49	34.31	33.14	32.25	31.42	30.79	30.21	30.02	30.00	
120.00	113.59	107.53	101.67	96.30	91.27	86.38	81.50	77.03	72.59	68.37	64.27	60.31	56.66	53.07	49.81	46.58	43.36	40.29	37.99	35.92	33.91	32.40	31.35	30.68	30.14	29.65	29.37	29.10	29.00	
103.00	97.16	91.51	85.87	80.80	76.48	72.26	68.26	64.42	60.65	56.96	54.19	51.68	49.18	46.89	44.72	42.57	40.51	38.70	36.97	35.49	34.02	32.60	31.18	30.26	29.53	29.00	
117.00	110.80	104.63	98.70	92.99	87.47	82.06	77.31	72.74	68.39	64.23	60.18	56.46	53.16	50.04	47.00	44.22	42.04	39.87	37.91	36.14	34.54	33.18	31.84	31.19	30.61	30.16	30.00	
104.00	99.49	95.18	90.91	86.77	82.66	78.56	74.50	70.61	66.75	62.93	59.28	55.92	52.66	49.61	46.76	44.21	41.68	39.26	37.01	34.94	33.34	32.19	31.14	30.27	29.58	29.05	29.00	
119.00	111.01	103.78	97.46	91.47	85.96	80.50	75.81	71.35	66.94	62.59	58.25	53.98	49.71	45.58	42.36	39.71	38.03	36.52	35.15	34.02	33.16	32.61	32.06	31.66	31.43	31.29	31.18	31.09	31.00	
121.00	115.33	109.84	104.64	99.49	94.36	89.25	84.18	79.12	74.11	69.16	64.24	59.36	54.60	49.88	46.57	44.26	41.95	39.69	37.84	36.13	34.59	33.63	32.86	32.14	31.46	31.00	
108.00	101.94	96.15	90.43	85.03	80.42	76.06	72.34	68.65	65.00	61.53	58.12	55.20	52.37	49.86	47.41	45.10	42.91	40.89	39.07	37.40	36.13	35.11	34.27	33.64	33.19	32.83	32.50	32.17	32.00	
121.00	115.16	109.32	103.55	98.09	92.84	87.88	83.44	79.18	75.36	71.60	67.85	64.31	60.87	57.44	54.19	51.04	47.96	45.15	42.56	40.22	37.95	36.14	34.55	32.99	31.60	30.31	29.31	29.00	
110.00	105.34	100.82	96.36	92.06	87.87	83.87	79.92	76.00	72.31	68.70	65.17	62.06	59.05	56.09	53.18	50.26	47.49	45.02	42.60	40.41	38.27	36.25	34.45	33.30	32.47	31.87	31.38	31.00	
104.00	98.98	94.01	89.37	84.84	80.44	76.05	72.22	68.52	65.01	61.65	58.48	55.39	52.37	49.36	46.69	44.20	42.05	40.09	38.35	36.76	35.30	33.98	32.79	32.09	31.57	31.23	31.11	31.00	
106.00	100.96	95.94	90.98	86.27	81.98	77.94	73.98	70.04	66.32	62.83	59.35	56.23	53.14	50.27	47.57	44.90	42.43	40.24	38.48	36.78	35.17	33.87	32.93	32.01	31.58	31.18	31.06	31.00	
114.00	108.34	102.74	97.22	91.72	86.23	81.22	76.25	71.46	66.97	62.74	58.69	54.64	50.81	47.50	44.47	41.79	39.41	37.15	35.09	33.81	32.80	31.83	30.87	30.32	30.01	30.00	
121.00	113.81	107.92	102.27	96.79	91.52	86.35	81.22	76.11	71.10	67.05	63.09	59.13	55.29	51.62	48.29	45.10	42.15	39.30	36.57	33.96	32.40	31.20	30.27	29.64	29.09	28.59	28.29	28.00	
118.00	110.98	104.58	98.57	93.19	87.93	82.78	77.84	73.01	68.42	64.04	60.14	56.29	52.69	49.30	46.16	43.15	41.07	39.25	37.57	35.92	34.45	33.67	33.43	33.24	33.08	33.00	
101.00	96.21	91.55	87.18	82.96	78.82	74.70	70.71	66.83	63.17	59.87	56.69	53.65	50.75	48.18	45.69	43.37	41.34	39.91	38.54	37.18	36.02	35.04	34.11	33.52	33.24	33.02	33.00	
121.00	114.80	108.78	102.95	97.22	91.57	85.95	80.78	75.76	70.89	66.21	61.54	57.02	52.78	48.92	45.17	41.44	38.17	35.84	34.55	33.41	32.39	31.39	30.71	30.27	30.03	30.00	
107.00	101.63	96.39	91.29	86.25	81.49	76.90	72.88	68.99	65.12	61.52	57.97	54.62	51.49	48.61	45.76	43.02	40.69	38.45	36.55	34.66	33.45	32.35	31.48	30.97	30.51	30.17	30.00	
113.00	107.74	102.55	97.39	92.64	88.01	83.48	79.38	75.38	71.65	68.04	64.68	61.59	58.53	55.55	52.71	50.12	47.64	45.35	43.40	41.48	39.69	38.42	37.19	36.02	34.94	33.91	33.42	33.06	33.00	
115.00	110.47	105.94	101.44	97.17	93.09	89.04	85.10	81.25	77.46	74.01	70.59	67.22	64.10	61.04	58.10	55.35	52.82	50.39	47.99	45.64	43.34	41.09	38.98	37.49	36.23	35.05	34.15	33.48	33.00	
119.00	112.18	106.11	100.20	94.29	88.43	82.70	77.72	72.81	68.06	63.38	59.70	56.25	53.20	50.78	48.43	46.13	43.88	41.68	39.75	38.10	36.53	35.24	33.95	32.77	31.60	30.51	29.89	29.28	29.00	
19.04	11.20	25.76	23.52	11.20	33.60	19.04	33.60	14.56	29.12	14.56	31.36	12.32	26.88	31.36	14.56	13.44	23.52	21.28	25.76	26.88	26.88	11.20	11.20	22.40	29.12	20.16	21.28	29.12	30.24	13.44	16.80	31.36	19.04	24.64	31.36	24.64	26.88	32.48	12.32	12.32	20.16	12.32	33.60	17.92	12.32	33.60	21.28	23.52	14.56	13.44	26.88	16.80	30.24	11.20	13.44	33.60	22.40	23.52	14.56	28.00	16.80	28.00	28.00	21.28	11.20	30.24	24.64	12.32	13.44	23.52	20.16	30.24	23.52	21.28	11.20	31.36	22.40	26.88	32.48	15.68	11.20	11.20	24.64	16.80	29.12	16.80	21.28	22.40	14.56	31.36	31.36	24.64	21.28	23.52	11.20	13.44	30.24	29.12	26.88	21.28	12.32	14.56	19.04	24.64	13.44	12.32	15.68	24.64	21.28	31.36	29.12	17.92	12.32	29.12	14.56	11.20	33.60	19.04	13.44	33.60	29.12	17.92	30.24	17.92	31.36	14.56	21.28	26.88	30.24	13.44	17.92	25.76	31.36	14.56	17.92	11.20	21.28	22.40	19.04	13.44	21.28	30.24	21.28	29.12	23.52	19.04	23.52	22.40	32.48	17.92	19.04	33.60	33.60	33.60	12.32	24.64	21.28	12.32	17.92	31.36	31.36	14.56	12.32	12.32	30.24	14.56	16.80	25.76	26.88	12.32	21.28	22.40	26.88	14.56	13.44	25.76	12.32	31.36	20.16	33.60	25.76	31.36	23.52	28.00	26.88	31.36	29.12	11.20	13.44	20.16	16.80	17.92	31.36	21.28	17.92	12.32	11.20	29.12	24.64	24.64	21.28	21.28	31.36	20.16	14.56	23.52	31.36	30.24	30.24	24.64	19.04	14.56	13.44	29.12	16.80	29.12	30.24	33.60	25.76	32.48	12.32	31.36	13.44	28.00	28.00	25.76	16.80	29.12	33.60	21.28	16.80	19.04	25.76	14.56	28.00	33.60	30.24	20.16	17.92	15.68	17.92	26.88	29.12	33.60	26.88	28.00	32.48	12.32	14.56	11.20	22.40	22.40	14.56	25.76	33.60	22.40	31.36	28.00	23.52	17.92	23.52	17.92	17.92	19.04	17.92	13.44	15.68	31.36	28.00	14.56	23.52	22.40	33.60	23.52	19.04	30.24	11.20	29.12	23.52	15.68	16.80	23.52	22.40	28.00	25.76	33.60	33.60	29.12	17.92	17.92	29.12	14.56	24.64	32.48	24.64	25.76	22.40	29.12	15.68	25.76	20.16	22.40	28.00	19.04	26.88	32.48	23.52	29.12	16.80	28.00	15.68	32.48	31.36	23.52	30.24	17.92	19.04	29.12	23.52	21.28	22.40	21.28	13.44	17.92	29.12	32.48	17.92	23.52	29.12	31.36	15.68	28.00	13.44	32.48	15.68	12.32	16.80	21.28	13.44	22.40	29.12	11.20	14.56	16.80	24.64	21.28	29.12	20.16	31.36	19.04	23.52	19.04	22.40	32.48	13.44	26.88	25.76	32.48	16.80	28.00	15.68	33.60	20.16	24.64	33.60	20.16	28.00	21.28	29.12	16.80	11.20	29.12	22.40	32.48	17.92	20.16	11.20	13.44	30.24	11.20	25.76	32.48	21.28	21.28	24.64	17.92	29.12	33.60	14.56	12.32	20.16	19.04	28.00	17.92	30.24	24.64	33.60	24.64	29.12	23.52	32.48	13.44	24.64	24.64	33.60	19.04	28.00	12.32	13.44	23.52	11.20	26.88	32.48	16.80	29.12	12.32	14.56	13.44	24.64	16.80	15.68	20.16	16.80	31.36	26.88	20.16	25.76	12.32	11.20	19.04	28.00	25.76	22.40	16.80	28.00	23.52	28.00	23.52	13.44	22.40	25.76	20.16	30.24	30.24	14.56	11.20	26.88	26.88	28.00	21.28	15.68	14.56	32.48	14.56	26.88	25.76	14.56	30.24	22.40	21.28	13.44	23.52	17.92	33.60	21.28	25.76	14.56	24.64	28.00	22.40	12.32	12.32	23.52	11.20	15.68	33.60	13.44	19.04	19.04	23.52	13.44	12.32	17.92	19.04	14.56	15.68	19.04	23.52	17.92	11.20	19.04	11.20	28.00	16.80	32.48	17.92	23.52	13.44	33.60	23.52	28.00	25.76	14.56	23.52	12.32	28.00	19.04	24.64	25.76	20.16	15.68	29.12	12.32	32.48	15.68	28.00	24.64	29.12	32.48	19.04	29.12	15.68	26.88	15.68	23.52	26.88	13.44	31.36	17.92	12.32	12.32	17.92	22.40	29.12	29.12	19.04	19.04	32.48	20.16	25.76	26.88	25.76	20.16	21.28	23.52	22.40	24.64	20.16	29.12	17.92	25.76	32.48	13.44	30.24	11.20	29.12	28.00	32.48	25.76	16.80	14.56	19.04	14.56	19.04	21.28	29.12	17.92	29.12	11.20	14.56	28.00	23.52	28.00	30.24	17.92	29.12	26.88	11.20	16.80	13.44	17.92	28.00	28.00	28.00	17.92	28.00	31.36	12.32	20.16	14.56	15.68	14.56	29.12	11.20	12.32	14.56	16.80	20.16	14.56	14.56	28.00	17.92	26.88	29.12	21.28	31.36	13.44	32.48	25.76	13.44	23.52	14.56	13.44	31.36	25.76	22.40	19.04	26.88	30.24	20.16	21.28	16.80	28.00	22.40	23.52	16.80	11.20	17.92	26.88	11.20	12.32	31.36	23.52	29.12	28.00	21.28	15.68	11.20	25.76	28.00	17.92	15.68	24.64	17.92	17.92	15.68	19.04	14.56	25.76	13.44	24.64	33.60	32.48	26.88	19.04	16.80	31.36	16.80	12.32	28.00	32.48	29.12	12.32	21.28	12.32	21.28	16.80	16.80	12.32	33.60	14.56	19.04	15.68	26.88	16.80	24.64	23.52	28.00	24.64	33.60	13.44	30.24	26.88	31.36	16.80	24.64	23.52	16.80	15.68	17.92	16.80	12.32	24.64	30.24	28.00	22.40	28.00	21.28	12.32	24.64	17.92	23.52	20.16	11.20	29.12	24.64	32.48	26.88	29.12	21.28	20.16	28.00	11.20	16.80	30.24	28.00	16.80	28.00	24.64	33.60	31.36	13.44	14.56	13.44	23.52	26.88	33.60	23.52	11.20	24.64	31.36	21.28	33.60	13.44	13.44	32.48	20.16	30.24	12.32	11.20	32.48	21.28	19.04	15.68	24.64	29.12	29.12	23.52	20.16	16.80	33.60	30.24	17.92	16.80	29.12	29.12	15.68	30.24	31.36	29.12	29.12	13.44	12.32	15.68	23.52	28.00	21.28	11.20	22.40	11.20	29.12	26.88	26.88	22.40	31.36	26.88	14.56	29.12	23.52	23.52	17.92	30.24	11.20	24.64	25.76	16.80	17.92	11.20	21.28	19.04	12.32	28.00	25.76	33.60	33.60	28.00	16.80	26.88	13.44	13.44	15.68	24.64	26.88	22.40	16.80	20.16	23.52	14.56	30.24	28.00	26.88	20.16	32.48	17.92	13.44	13.44	28.00	19.04	28.00	29.12	26.88	19.04	17.92	30.24	29.12	14.56	15.68	29.12	29.12	28.00	31.36	32.48	15.68	25.76	12.32	13.44	24.64	13.44	20.16	17.92	23.52	21.28	16.80	24.64	20.16	19.04	23.52	23.52	11.20	14.56	20.16	17.92	13.44	33.60	28.00	20.16	11.20	17.92	17.92	11.20	25.76	22.40	26.88	32.48	16.80	15.68	17.92	13.44	32.48	12.32	33.60	28.00	21.28	28.00	28.00	11.20	21.28	26.88	32.48	28.00	33.60	29.12	20.16	22.40	20.16	26.88	30.24	31.36	22.40	29.12	16.80	25.76	21.28	24.64	28.00	14.56	32.48	19.04	26.88	32.48	21.28	25.76	16.80	24.64	25.76	32.48	28.00	33.60	14.56	21.28	20.16	12.32	29.12	29.12	25.76	14.56	20.16	22.40	19.04	12.32	12.32	29.12	20.16	13.44	23.52	15.68	23.52	11.20	26.88	21.28	23.52	14.56	28.00	15.68	13.44	24.64	19.04	24.64	28.00	29.12	13.44	30.24	30.24	11.20	22.40	30.24	25.76	29.12	22.40	11.20	13.44	33.60	31.36	32.48	13.44	12.32	32.48	26.88	17.92	29.12	19.04	19.04	31.36	20.16	17.92	23.52	32.48	14.56	33.60	24.64	29.12	32.48	14.56	28.00	11.20	19.04	11.20	22.40	14.56	26.88	23.52	17.92	14.56	20.16	16.80	29.12	13.44	23.52	22.40	13.44	31.36	12.32	21.28	16.80	14.56	20.16	11.20	23.52	11.20	26.88	22.40	24.64	29.12	33.60	30.24	33.60	20.16	21.28	15.68	33.60	19.04	31.36	20.16	19.04	31.36	23.52	32.48	24.64	25.76	26.88	30.24	24.64	12.32	13.44	30.24	17.92	20.16	32.48	16.80	32.48	12.32	19.04	16.80	33.60	24.64	28.00	22.40	29.12	26.88	11.20	33.60	15.68	30.24	26.88	21.28	30.24	30.24	11.20	24.64	15.68	13.44	25.76	24.64	17.92	24.64	19.04	14.56	29.12	32.48	23.52	15.68	33.60	29.12	23.52	23.52	19.04	19.04	19.04	12.32	24.64	22.40	23.52	16.80	23.52	30.24	33.60	30.24	33.60	23.52	16.80	19.04	29.12	15.68	16.80	30.24	28.00	17.92	16.80	17.92	30.24	29.12	32.48	26.88	12.32	12.32	16.80	24.64	15.68	30.24	22.40	17.92	26.88	19.04	28.00	19.04	21.28	24.64	11.20	21.28	25.76	19.04	25.76	23.52	26.88	16.80	12.32	32.48	30.24	29.12	32.48	19.04	11.20	21.28	22.40	19.04	16.80	24.64	11.20	22.40	19.04	19.04	30.24	14.56	11.20	33.60	13.44	20.16	20.16	33.60	17.92	12.32	22.40	15.68	17.92	11.20	22.40	23.52	26.88	32.48	29.12	15.68	28.00	21.28	24.64	11.20	32.48	12.32	19.04	28.00	19.04	21.28	11.20	31.36	33.60	20.16	17.92	33.60	21.28	31.36	15.68	25.76	24.64	23.52	22.40	30.24	22.40	17.92	16.80	16.80	33.60	24.64	19.04	13.44	25.76	15.68	13.44	29.12	29.12	14.56	11.20	21.28	20.16	30.24	21.28	14.56	23.52	19.04	31.36	24.64	30.24	26.88	22.40	11.20	12.32	12.32	26.88	24.64	22.40	30.24	29.12	17.92	23.52	30.24	33.60	11.20	14.56	19.04	32.48	13.44	29.12	26.88	33.60	15.68	26.88	33.60	30.24	14.56	25.76	30.24	29.12	24.64	24.64	31.36	26.88	31.36	19.04	32.48	20.16	16.80	28.00	30.24	31.36	19.04	20.16	14.56	26.88	22.40	24.64	22.40	12.32	11.20	13.44	17.92	17.92	16.80	32.48	31.36	30.24	14.56	16.80	11.20	31.36	30.24	12.32	22.40	24.64	12.32	24.64	26.88	12.32	30.24	24.64	22.40	19.04	24.64	12.32	32.48	20.16	11.20	28.00	12.32	26.88	26.88	15.68	32.48	33.60	19.04	17.92	19.04	12.32	19.04	29.12	33.60	11.20	20.16	15.68	15.68	25.76	32.48	25.76	12.32	11.20	13.44	14.56	13.44	25.76	30.24	22.40	22.40	11.20	15.68	22.40	28.00	28.00	12.32	31.36	17.92	22.40	12.32	29.12	14.56	25.76	22.40	11.20	22.40	32.48	28.00	28.00	29.12	16.80	12.32	12.32	19.04	20.16	22.40	22.40	29.12	28.00	14.56	32.48	19.04	12.32	24.64	11.20	25.76	33.60	24.64	19.04	28.00	14.56	12.32	14.56	20.16	19.04	16.80	16.80	25.76	20.16	20.16	23.52	19.04	32.48	15.68	20.16	12.32	20.16	20.16	15.68	19.04	15.68	14.56	28.00	16.80	28.00	13.44	19.04	21.28	25.76	13.44	29.12	22.40	17.92	17.92	25.76	12.32	15.68	21.28	32.48	29.12	24.64	24.64	32.48	31.36	16.80	15.68	21.28	17.92	28.00	12.32	19.04	24.64	24.64	31.36	20.16	20.16	29.12	28.00	24.64	23.52	19.04	25.76	19.04	23.52	12.32	13.44	32.48	19.04	25.76	15.68	30.24	21.28	29.12	14.56	29.12	20.16	32.48	21.28	16.80	11.20	24.64	19.04	33.60	29.12	31.36	21.28	16.80	32.48	20.16	19.04	25.76	17.92	19.04	31.36	30.24	14.56	15.68	25.76	22.40	28.00	16.80	17.92	21.28	28.00	29.12	24.64	14.56	14.56	23.52	15.68	17.92	30.24	22.40	25.76	28.00	26.88	17.92	29.12	19.04	19.04	31.36	29.12	16.80	29.12	13.44	13.44	19.04	17.92	11.20	12.32	30.24	19.04	20.16	15.68	23.52	23.52	17.92	11.20	13.44	15.68	28.00	30.24	32.48	13.44	29.12	14.56	15.68	33.60	26.88	33.60	14.56	11.20	28.00	13.44	26.88	12.32	20.16	14.56	20.16	19.04	11.20	25.76	19.04	32.48	14.56	21.28	16.80	30.24	33.60	22.40	28.00	23.52	17.92	26.88	11.20	16.80	30.24	15.68	22.40	12.32	25.76	28.00	22.40	20.16	24.64	15.68	25.76	13.44	12.32	26.88	21.28	23.52	16.80	16.80	31.36	16.80	26.88	20.16	28.00	11.20	15.68	19.04	25.76	19.04	15.68	21.28	31.36	26.88	14.56	20.16	11.20	30.24	24.64	11.20	28.00	33.60	16.80	16.80	33.60	22.40	12.32	14.56	15.68	19.04	14.56	28.00	29.12	13.44	25.76	15.68	17.92	19.04	17.92	28.00	17.92	20.16	16.80	25.76	30.24	15.68	22.40	33.60	20.16	29.12	21.28	15.68	17.92	28.00	15.68	29.12	32.48	13.44	29.12	23.52	30.24	25.76	30.24	13.44	31.36	17.92	14.56	26.88	24.64	30.24	28.00	30.24	30.24	13.44	21.28	16.80	19.04	20.16	14.56	22.40	31.36	30.24	23.52	19.04	19.04	26.88	16.80	11.20	28.00	30.24	19.04	24.64	14.56	31.36	19.04	32.48	21.28	33.60	28.00	30.24	12.32	29.12	19.04	19.04	19.04	33.60	29.12	11.20	19.04	28.00	22.40	15.68	25.76	26.88	23.52	28.00	25.76	20.16	11.20	21.28	29.12	16.80	14.56	29.12	32.48	30.24	28.00	29.12	33.60	19.04	25.76	30.24	11.20	32.48	13.44	30.24	20.16	20.16	11.20	14.56	25.76	22.40	26.88	19.04	17.92	14.56	23.52	13.44	23.52	26.88	24.64	25.76	20.16	17.92	25.76	33.60	23.52	30.24	11.20	24.64	12.32	21.28	29.12	31.36	31.36	23.52	16.80	19.04	22.40	13.44	26.88	15.68	15.68	32.48	31.36	28.00	31.36	30.24	21.28	15.68	30.24	15.68	23.52	11.20	25.76	21.28	17.92	17.92	28.00	25.76	20.16	25.76	13.44	30.24	17.92	14.56	24.64	15.68	20.16	25.76	14.56	20.16	16.80	11.20	15.68	23.52	12.32	16.80	16.80	13.44	26.88	29.12	31.36	31.36	14.56	17.92	17.92	20.16	13.44	13.44	12.32	11.20	26.88	29.12	23.52	15.68	31.36	28.00	26.88	25.76	11.20	12.32	17.92	19.04	13.44	29.12	24.64	28.00	22.40	24.64	11.20	28.00	11.20	26.88	28.00	22.40	12.32	24.64	21.28	14.56	28.00	30.24	20.16	23.52	12.32	32.48	11.20	14.56	20.16	17.92	14.56	32.48	25.76	16.80	15.68	24.64	24.64	20.16	30.24	21.28	17.92	29.12	16.80	13.44	29.12	22.40	31.36	20.16	28.00	33.60	17.92	28.00	31.36	19.04	26.88	12.32	13.44	16.80	15.68	28.00	11.20	11.20	11.20	32.48	23.52	15.68	23.52	28.00	33.60	11.20	29.12	20.16	22.40	14.56	32.48	28.00	29.12	15.68	13.44	22.40	20.16	23.52	33.60	14.56	12.32	28.00	33.60	21.28	26.88	11.20	26.88	21.28	31.36	23.52	22.40	28.00	19.04	21.28	17.92	13.44	29.12	31.36	12.32	16.80	33.60	31.36	32.48	23.52	28.00	16.80	19.04	17.92	23.52	12.32	33.60	16.80	28.00	22.40	24.64	12.32	24.64	13.44	25.76	23.52	22.40	26.88	33.60	20.16	32.48	26.88	26.88	31.36	17.92	22.40	20.16	11.20	28.00	30.24	29.12	22.40	22.40	29.12	11.20	12.32	31.36	20.16	16.80	25.76	30.24	13.44	31.36	22.40	19.04	14.56	13.44	33.60	15.68	25.76	17.92	21.28	13.44	13.44	26.88	29.12	20.16	11.20	13.44	24.64	31.36	24.64	25.76	16.80	19.04	11.20	11.20	19.04	16.80	23.52	33.60	31.36	29.12	26.88	20.16	11.20	17.92	15.68	20.16	20.16	15.68	22.40	13.44	26.88	33.60	33.60	29.12	29.12	15.68	15.68	16.80	32.48	19.04	22.40	15.68	22.40	30.24	33.60	31.36	33.60	20.16	21.28	14.56	26.88	15.68	13.44	13.44	13.44	12.32	31.36	17.92	14.56	17.92	23.52	33.60	25.76	31.36	22.40	
12.32	32.48	32.48	26.88	26.88	21.28	29.12	11.20	22.40	24.64	21.28	14.56	15.68	16.80	14.56	17.92	15.68	33.60	24.64	23.52	22.40	21.28	28.00	11.20	16.80	15.68	21.28	24.64	16.80	31.36	17.92	20.16	33.60	15.68	24.64	33.60	31.36	16.80	11.20	15.68	30.24	24.64	14.56	31.36	24.64	15.68	17.92	16.80	17.92	32.48	16.80	25.76	23.52	26.88	26.88	20.16	21.28	15.68	33.60	25.76	17.92	16.80	15.68	26.88	17.92	20.16	33.60	17.92	31.36	13.44	21.28	31.36	21.28	29.12	32.48	12.32	30.24	19.04	12.32	12.32	19.04	15.68	30.24	20.16	28.00	11.20	31.36	32.48	15.68	25.76	13.44	30.24	12.32	17.92	31.36	21.28	14.56	12.32	26.88	11.20	22.40	21.28	22.40	30.24	11.20	21.28	30.24	17.92	22.40	25.76	28.00	33.60	20.16	32.48	15.68	23.52	32.48	20.16	22.40	12.32	22.40	13.44	21.28	33.60	11.20	13.44	33.60	32.48	20.16	12.32	22.40	22.40	32.48	24.64	21.28	13.44	22.40	17.92	21.28	13.44	16.80	16.80	22.40	32.48	11.20	26.88	32.48	14.56	12.32	31.36	14.56	16.80	16.80	31.36	11.20	19.04	28.00	30.24	21.28	15.68	26.88	16.80	14.56	25.76	25.76	25.76	13.44	24.64	32.48	11.20	25.76	24.64	16.80	22.40	24.64	11.20	11.20	15.68	30.24	17.92	21.28	14.56	23.52	30.24	17.92	29.12	14.56	28.00	21.28	22.40	26.88	25.76	21.28	22.40	29.12	23.52	26.88	12.32	26.88	23.52	30.24	26.88	28.00	28.00	24.64	29.12	28.00	23.52	15.68	15.68	19.04	13.44	26.88	22.40	29.12	16.80	26.88	24.64	11.20	26.88	19.04	11.20	31.36	26.88	16.80	30.24	21.28	12.32	29.12	20.16	29.12	32.48	16.80	26.88	24.64	33.60	16.80	32.48	16.80	11.20	25.76	25.76	26.88	28.00	16.80	25.76	12.32	21.28	23.52	11.20	20.16	15.68	30.24	21.28	28.00	24.64	11.20	28.00	22.40	17.92	29.12	26.88	31.36	29.12	20.16	33.60	20.16	15.68	25.76	13.44	32.48	16.80	26.88	11.20	22.40	22.40	14.56	16.80	15.68	12.32	24.64	12.32	31.36	14.56	26.88	25.76	16.80	19.04	11.20	11.20	15.68	17.92	19.04	30.24	26.88	21.28	12.32	33.60	21.28	33.60	12.32	30.24	30.24	23.52	19.04	12.32	17.92	21.28	15.68	28.00	14.56	22.40	13.44	31.36	30.24	23.52	15.68	29.12	19.04	25.76	23.52	13.44	11.20	28.00	21.28	31.36	17.92	12.32	30.24	23.52	15.68	31.36	12.32	29.12	31.36	21.28	30.24	32.48	17.92	15.68	23.52	16.80	28.00	17.92	21.28	28.00	26.88	19.04	33.60	12.32	11.20	22.40	15.68	20.16	15.68	16.80	26.88	24.64	23.52	24.64	24.64	15.68	30.24	13.44	23.52	13.44	16.80	17.92	11.20	15.68	25.76	20.16	28.00	24.64	22.40	15.68	16.80	15.68	16.80	29.12	31.36	30.24	20.16	31.36	28.00	28.00	30.24	31.36	25.76	32.48	15.68	31.36	25.76	20.16	31.36	32.48	22.40	26.88	23.52	14.56	16.80	32.48	23.52	23.52	12.32	14.56	32.48	32.48	24.64	16.80	24.64	31.36	11.20	11.20	25.76	19.04	17.92	20.16	13.44	17.92	23.52	22.40	29.12	15.68	24.64	20.16	19.04	29.12	19.04	24.64	25.76	29.12	19.04	32.48	11.20	21.28	14.56	16.80	28.00	26.88	32.48	25.76	20.16	16.80	20.16	31.36	31.36	12.32	23.52	30.24	25.76	12.32	15.68	24.64	20.16	14.56	33.60	33.60	20.16	30.24	32.48	30.24	25.76	28.00	30.24	20.16	25.76	19.04	20.16	22.40	19.04	20.16	25.76	26.88	33.60	30.24	14.56	15.68	32.48	20.16	17.92	12.32	24.64	21.28	20.16	33.60	11.20	21.28	12.32	24.64	29.12	33.60	17.92	17.92	22.40	25.76	32.48	22.40	12.32	15.68	17.92	21.28	30.24	33.60	22.40	14.56	24.64	12.32	21.28	31.36	13.44	16.80	16.80	13.44	31.36	28.00	12.32	26.88	23.52	26.88	15.68	14.56	19.04	28.00	32.48	30.24	11.20	31.36	30.24	14.56	12.32	28.00	11.20	33.60	29.12	22.40	11.20	21.28	21.28	20.16	19.04	16.80	19.04	14.56	21.28	23.52	24.64	15.68	29.12	25.76	21.28	24.64	24.64	24.64	22.40	21.28	28.00	23.52	31.36	23.52	28.00	29.12	32.48	23.52	19.04	12.32	12.32	26.88	25.76	25.76	11.20	17.92	32.48	14.56	32.48	12.32	16.80	14.56	21.28	29.12	11.20	24.64	24.64	25.76	16.80	14.56	29.12	14.56	29.12	13.44	28.00	20.16	12.32	19.04	29.12	21.28	17.92	20.16	12.32	11.20	16.80	22.40	23.52	11.20	14.56	32.48	29.12	33.60	23.52	26.88	33.60	16.80	23.52	21.28	31.36	22.40	33.60	32.48	25.76	26.88	15.68	13.44	15.68	20.16	14.56	24.64	13.44	32.48	21.28	19.04	25.76	33.60	28.00	13.44	23.52	17.92	17.92	33.60	13.44	20.16	15.68	30.24	12.32	26.88	19.04	19.04	12.32	19.04	25.76	24.64	24.64	22.40	28.00	23.52	23.52	19.04	20.16	28.00	16.80	12.32	20.16	15.68	21.28	30.24	17.92	29.12	12.32	25.76	23.52	17.92	11.20	23.52	11.20	32.48	32.48	14.56	20.16	17.92	11.20	25.76	30.24	25.76	12.32	31.36	28.00	12.32	13.44	15.68	28.00	20.16	14.56	11.20	28.00	23.52	30.24	30.24	29.12	17.92	28.00	11.20	20.16	12.32	20.16	28.00	16.80	32.48	11.20	33.60	33.60	29.12	22.40	11.20	33.60	13.44	25.76	25.76	20.16	13.44	30.24	19.04	30.24	12.32	25.76	30.24	22.40	23.52	11.20	23.52	12.32	32.48	25.76	13.44	29.12	29.12	21.28	19.04	28.00	22.40	28.00	20.16	16.80	23.52	15.68	26.88	22.40	28.00	26.88	23.52	28.00	29.12	24.64	26.88	26.88	19.04	22.40	26.88	23.52	33.60	25.76	31.36	23.52	23.52	14.56	11.20	15.68	26.88	25.76	26.88	15.68	15.68	21.28	30.24	24.64	29.12	14.56	28.00	21.28	26.88	26.88	15.68	12.32	30.24	12.32	17.92	21.28	24.64	17.92	13.44	19.04	14.56	31.36	16.80	19.04	28.00	15.68	16.80	29.12	30.24	20.16	15.68	21.28	29.12	32.48	23.52	19.04	26.88	15.68	12.32	21.28	26.88	20.16	15.68	21.28	22.40	33.60	13.44	14.56	33.60	31.36	31.36	31.36	17.92	33.60	32.48	33.60	17.92	28.00	22.40	12.32	25.76	23.52	22.40	23.52	31.36	14.56	22.40	26.88	26.88	20.16	23.52	16.80	28.00	31.36	21.28	17.92	32.48	31.36	28.00	21.28	29.12	14.56	19.04	32.48	16.80	11.20	29.12	15.68	20.16	32.48	17.92	13.44	25.76	15.68	19.04	14.56	13.44	23.52	22.40	11.20	30.24	15.68	24.64	29.12	32.48	19.04	33.60	28.00	16.80	28.00	23.52	29.12	11.20	17.92	19.04	12.32	14.56	17.92	25.76	25.76	23.52	13.44	22.40	11.20	11.20	25.76	28.00	16.80	30.24	12.32	29.12	31.36	15.68	28.00	26.88	33.60	22.40	17.92	24.64	20.16	23.52	11.20	22.40	26.88	13.44	25.76	31.36	33.60	22.40	22.40	30.24	14.56	24.64	13.44	15.68	31.36	11.20	16.80	33.60	26.88	28.00	24.64	14.56	23.52	16.80	24.64	11.20	14.56	22.40	19.04	19.04	29.12	22.40	19.04	20.16	21.28	30.24	23.52	30.24	17.92	21.28	21.28	14.56	29.12	28.00	13.44	17.92	19.04	21.28	33.60	26.88	28.00	21.28	15.68	15.68	15.68	14.56	31.36	12.32	14.56	15.68	29.12	25.76	28.00	33.60	17.92	31.36	15.68	21.28	12.32	30.24	12.32	22.40	20.16	31.36	11.20	32.48	21.28	20.16	31.36	29.12	12.32	28.00	30.24	11.20	21.28	13.44	28.00	17.92	33.60	25.76	14.56	26.88	13.44	31.36	23.52	24.64	21.28	21.28	20.16	20.16	19.04	15.68	13.44	15.68	26.88	25.76	25.76	13.44	15.68	25.76	22.40	30.24	31.36	16.80	16.80	31.36	32.48	25.76	19.04	23.52	25.76	22.40	32.48	31.36	26.88	17.92	15.68	23.52	12.32	32.48	20.16	26.88	22.40	29.12	33.60	20.16	31.36	32.48	13.44	21.28	31.36	12.32	31.36	14.56	25.76	15.68	12.32	30.24	29.12	23.52	19.04	12.32	20.16	15.68	26.88	21.28	20.16	22.40	22.40	30.24	23.52	31.36	16.80	22.40	32.48	21.28	22.40	26.88	12.32	31.36	20.16	11.20	13.44	29.12	25.76	29.12	23.52	19.04	15.68	30.24	20.16	11.20	24.64	14.56	30.24	16.80	14.56	22.40	13.44	13.44	33.60	16.80	22.40	31.36	24.64	17.92	22.40	12.32	22.40	31.36	19.04	12.32	16.80	14.56	17.92	30.24	31.36	19.04	23.52	30.24	21.28	24.64	31.36	30.24	33.60	29.12	15.68	32.48	33.60	11.20	20.16	17.92	29.12	25.76	20.16	30.24	33.60	32.48	20.16	29.12	29.12	22.40	28.00	19.04	30.24	20.16	21.28	14.56	30.24	33.60	28.00	16.80	17.92	29.12	15.68	32.48	24.64	13.44	32.48	15.68	30.24	23.52	26.88	28.00	32.48	31.36	19.04	12.32	21.28	25.76	15.68	29.12	31.36	32.48	21.28	19.04	21.28	20.16	30.24	19.04	16.80	30.24	13.44	29.12	33.60	29.12	24.64	29.12	33.60	32.48	24.64	28.00	25.76	21.28	11.20	13.44	16.80	17.92	26.88	15.68	26.88	17.92	16.80	33.60	14.56	15.68	15.68	22.40	17.92	11.20	22.40	20.16	26.88	20.16	21.28	16.80	15.68	20.16	15.68	22.40	23.52	23.52	32.48	11.20	11.20	19.04	28.00	15.68	33.60	33.60	12.32	29.12	20.16	14.56	12.32	23.52	33.60	14.56	24.64	33.60	33.60	16.80	28.00	33.60	29.12	14.56	15.68	29.12	29.12	24.64	15.68	24.64	24.64	16.80	20.16	12.32	20.16	14.56	26.88	29.12	28.00	24.64	11.20	31.36	22.40	20.16	28.00	30.24	30.24	28.00	22.40	17.92	30.24	17.92	13.44	24.64	14.56	32.48	32.48	30.24	29.12	19.04	22.40	24.64	33.60	32.48	28.00	31.36	21.28	17.92	21.28	26.88	19.04	28.00	25.76	16.80	32.48	16.80	15.68	20.16	25.76	28.00	15.68	28.00	13.44	29.12	29.12	31.36	11.20	31.36	22.40	28.00	28.00	29.12	21.28	20.16	28.00	30.24	32.48	15.68	20.16	20.16	12.32	22.40	15.68	30.24	13.44	26.88	32.48	19.04	32.48	32.48	11.20	29.12	24.64	22.40	25.76	26.88	29.12	26.88	28.00	17.92	31.36	24.64	21.28	26.88	24.64	26.88	29.12	29.12	23.52	19.04	19.04	17.92	33.60	15.68	33.60	30.24	22.40	25.76	23.52	15.68	12.32	13.44	30.24	15.68	26.88	30.24	30.24	26.88	20.16	26.88	23.52	13.44	33.60	32.48	29.12	28.00	13.44	29.12	31.36	26.88	15.68	11.20	31.36	17.92	11.20	24.64	11.20	33.60	16.80	21.28	26.88	16.80	31.36	15.68	26.88	31.36	13.44	14.56	24.64	15.68	26.88	32.48	12.32	11.20	25.76	11.20	29.12	21.28	16.80	29.12	15.68	29.12	15.68	25.76	12.32	20.16	24.64	32.48	16.80	30.24	17.92	19.04	30.24	22.40	31.36	13.44	31.36	31.36	23.52	26.88	23.52	17.92	17.92	19.04	19.04	28.00	23.52	13.44	21.28	13.44	21.28	33.60	21.28	29.12	31.36	29.12	22.40	19.04	24.64	23.52	32.48	11.20	11.20	17.92	28.00	16.80	26.88	20.16	12.32	11.20	21.28	29.12	28.00	30.24	14.56	14.56	20.16	23.52	19.04	12.32	20.16	15.68	20.16	13.44	12.32	12.32	25.76	13.44	33.60	26.88	28.00	30.24	15.68	29.12	16.80	21.28	12.32	23.52	17.92	15.68	14.56	12.32	19.04	29.12	26.88	32.48	24.64	32.48	24.64	30.24	26.88	16.80	28.00	21.28	23.52	28.00	20.16	28.00	26.88	32.48	28.00	13.44	17.92	28.00	17.92	24.64	17.92	13.44	30.24	23.52	21.28	13.44	33.60	32.48	26.88	33.60	29.12	12.32	23.52	33.60	30.24	23.52	33.60	30.24	24.64	32.48	28.00	26.88	24.64	14.56	23.52	16.80	21.28	29.12	11.20	31.36	30.24	26.88	29.12	28.00	13.44	30.24	16.80	22.40	17.92	24.64	12.32	30.24	16.80	19.04	15.68	13.44	13.44	17.92	13.44	13.44	17.92	33.60	30.24	30.24	23.52	17.92	11.20	20.16	31.36	20.16	19.04	22.40	25.76	20.16	11.20	21.28	26.88	11.20	14.56	25.76	24.64	29.12	20.16	13.44	15.68	32.48	15.68	31.36	21.28	22.40	14.56	24.64	17.92	13.44	13.44	20.16	13.44	22.40	22.40	22.40	16.80	26.88	14.56	29.12	32.48	25.76	32.48	31.36	29.12	31.36	29.12	33.60	14.56	17.92	32.48	25.76	21.28	26.88	31.36	21.28	19.04	13.44	13.44	31.36	12.32	20.16	30.24	12.32	19.04	32.48	20.16	31.36	20.16	30.24	15.68	21.28	29.12	32.48	25.76	12.32	15.68	30.24	17.92	23.52	30.24	11.20	24.64	33.60	32.48	12.32	11.20	21.28	29.12	13.44	25.76	29.12	14.56	15.68	16.80	22.40	16.80	28.00	19.04	14.56	28.00	19.04	21.28	31.36	29.12	33.60	17.92	26.88	16.80	17.92	31.36	23.52	26.88	17.92	25.76	15.68	28.00	23.52	32.48	33.60	15.68	14.56	30.24	28.00	16.80	21.28	14.56	16.80	19.04	29.12	20.16	21.28	12.32	23.52	31.36	20.16	21.28	31.36	26.88	30.24	15.68	31.36	15.68	11.20	12.32	11.20	19.04	22.40	17.92	30.24	17.92	30.24	22.40	19.04	30.24	20.16	17.92	28.00	25.76	21.28	28.00	16.80	14.56	30.24	13.44	12.32	20.16	12.32	12.32	31.36	29.12	22.40	20.16	22.40	29.12	25.76	22.40	13.44	22.40	31.36	24.64	15.68	31.36	13.44	30.24	32.48	22.40	21.28	32.48	32.48	26.88	33.60	19.04	30.24	24.64	25.76	28.00	12.32	23.52	29.12	16.80	29.12	22.40	30.24	23.52	15.68	19.04	32.48	33.60	15.68	29.12	13.44	29.12	17.92	25.76	20.16	11.20	28.00	23.52	19.04	31.36	12.32	29.12	25.76	19.04	29.12	24.64	26.88	11.20	21.28	31.36	30.24	31.36	24.64	21.28	31.36	32.48	33.60	16.80	25.76	29.12	11.20	11.20	14.56	33.60	14.56	15.68	15.68	15.68	19.04	24.64	31.36	30.24	32.48	17.92	32.48	20.16	14.56	33.60	33.60	29.12	17.92	16.80	13.44	25.76	25.76	29.12	20.16	24.64	20.16	21.28	14.56	16.80	29.12	23.52	16.80	23.52	15.68	29.12	16.80	16.80	16.80	31.36	31.36	19.04	17.92	15.68	15.68	29.12	20.16	21.28	13.44	14.56	31.36	12.32	29.12	29.12	11.20	31.36	26.88	11.20	17.92	20.16	12.32	12.32	15.68	11.20	21.28	29.12	25.76	32.48	26.88	24.64	28.00	26.88	19.04	14.56	11.20	14.56	29.12	31.36	16.80	12.32	19.04	13.44	30.24	17.92	12.32	29.12	32.48	21.28	32.48	20.16	32.48	17.92	17.92	26.88	16.80	26.88	12.32	33.60	31.36	20.16	11.20	24.64	11.20	25.76	15.68	11.20	33.60	32.48	14.56	30.24	20.16	30.24	20.16	14.56	12.32	15.68	28.00	29.12	20.16	12.32	11.20	25.76	19.04	13.44	25.76	21.28	25.76	24.64	23.52	31.36	19.04	33.60	20.16	32.48	14.56	33.60	29.12	26.88	25.76	17.92	11.20	11.20	19.04	31.36	24.64	30.24	26.88	32.48	11.20	15.68	14.56	17.92	29.12	22.40	32.48	28.00	23.52	24.64	15.68	21.28	31.36	11.20	22.40	32.48	15.68	20.16	19.04	21.28	12.32	33.60	15.68	11.20	19.04	14.56	32.48	19.04	28.00	32.48	33.60	23.52	17.92	15.68	20.16	12.32	11.20	
14.56	20.16	26.88	16.80	12.32	25.76	17.92	33.60	13.44	22.40	30.24	15.68	29.12	23.52	12.32	12.32	30.24	23.52	13.44	33.60	26.88	11.20	33.60	33.60	11.20	19.04	25.76	11.20	19.04	32.48	
20	12	14	20	19	19	14	10	10	14	16	15	10	14	14	12	20	11	14	15	20	14	10	12	17	12	14	13	17	12	10	17	11	11	13	12	11	15	13	12	14	11	19	20	10	19	14	10	15	12	17	13	11	20	16	15	13	19	15	20	16	19	10	13	10	15	12	11	14	12	18	19	15	12	14	11	11	18	18	19	13	10	18	15	16	11	11	12	17	11	11	18	20	10	11	13	14	13	16	13	13	18	16	13	19	11	14	17	13	18	14	16	12	10	19	11	12	12	14	17	13	15	18	11	10	12	14	16	11	13	18	14	20	15	18	14	10	10	20	15	18	19	10	10	20	20	10	10	10	10	12	20	19	18	15	11	12	17	11	16	16	20	19	14	19	13	14	20	13	10	15	13	16	18	14	13	11	11	17	14	14	15	14	11	11	19	14	19	14	10	13	16	15	11	15	16	20	11	20	14	18	20	13	10	12	19	20	14	18	11	15	15	15	14	16	12	13	17	11	10	16	17	16	19	14	19	13	16	14	16	10	19	15	10	12	14	13	20	10	19	17	11	20	14	19	14	15	19	15	19	17	16	20	16	13	16	19	12	12	13	15	19	12	20	13	16	10	16	17	19	10	15	12	18	19	12	10	11	16	17	18	14	12	13	16	15	14	16	10	11	11	15	10	15	10	12	18	15	18	18	16	17	16	17	11	10	14	15	10	18	10	18	14	14	12	19	18	12	13	11	10	12	12	17	20	14	19	15	12	19	15	18	10	17	11	15	12	19	13	11	13	20	12	14	20	13	17	11	19	11	12	12	13	11	18	10	19	13	10	11	20	18	19	11	19	18	14	19	18	20	20	14	20	18	10	15	16	15	15	19	18	13	16	20	18	11	14	16	18	11	11	12	14	15	17	17	10	16	11	10	20	20	17	15	19	12	17	12	18	16	10	14	11	16	17	16	18	18	10	15	15	13	11	13	15	17	17	20	15	17	10	15	17	17	15	17	12	20	11	17	13	14	13	10	20	10	17	16	11	20	19	20	11	15	16	10	10	11	14	11	19	19	20	17	15	16	20	13	16	13	16	17	12	19	14	10	10	14	12	20	19	11	16	16	15	13	10	14	20	11	13	19	20	10	10	18	12	20	20	14	15	16	16	12	14	20	13	11	18	20	18	12	19	14	14	13	18	20	17	14	13	14	16	12	10	20	11	17	17	12	10	12	11	14	14	16	20	19	15	17	20	19	19	16	11	18	14	16	20	11	16	16	16	15	13	16	12	15	10	15	16	16	12	14	10	19	20	15	16	11	18	20	15	16	18	14	15	13	13	12	19	15	15	15	12	15	20	16	15	12	13	19	20	11	18	14	20	20	11	17	20	20	18	12	11	17	17	15	14	17	19	10	17	12	19	10	20	15	11	16	15	10	17	12	20	15	11	13	20	12	13	16	18	17	12	19	16	11	18	11	12	11	18	15	16	14	10	13	12	14	14	16	20	17	11	18	12	19	16	15	11	16	10	13	20	11	20	14	19	17	11	13	13	10	20	11	17	11	19	14	16	14	13	19	17	18	18	12	13	11	17	17	16	19	17	20	16	18	19	18	19	16	20	15	18	16	12	19	18	17	11	11	12	14	14	11	16	11	14	10	16	18	10	17	20	13	15	10	15	20	14	13	19	16	17	18	10	16	12	17	13	15	19	19	17	15	17	11	12	13	19	15	19	15	16	13	18	15	11	16	11	15	14	14	17	10	12	10	11	13	12	19	13	15	11	12	14	18	17	18	14	12	19	10	17	18	13	10	12	19	12	19	16	17	19	15	17	13	14	19	14	19	14	19	14	17	12	11	13	19	12	12	11	15	20	13	11	19	15	12	10	20	10	18	13	17	11	13	15	14	11	11	13	14	19	10	13	10	16	19	15	12	13	19	19	19	10	18	10	17	19	16	11	11	12	15	13	13	18	19	13	19	18	16	12	19	14	10	17	14	14	11	15	19	16	20	16	10	10	11	19	14	10	14	19	10	18	17	19	14	14	20	15	16	14	14	11	12	20	13	14	15	20	10	13	16	15	17	14	17	14	10	13	14	15	11	12	12	14	12	10	10	13	15	12	15	17	17	15	19	10	20	13	15	15	11	14	14	19	14	20	13	10	11	15	13	14	17	16	13	11	12	15	10	17	15	10	12	15	10	16	18	12	15	15	10	17	13	12	20	16	18	18	11	10	16	10	19	15	17	10	11	18	13	14	16	13	12	10	15	18	10	14	18	12	13	18	18	12	13	18	20	17	17	17	10	15	20	13	18	15	20	12	15	17	12	15	17	14	19	15	20	20	17	10	15	13	18	15	16	12	15	14	12	16	12	16	14	18	13	12	19	13	20	15	10	19	15	20	13	17	11	14	19	18	18	17	13	15	15	16	13	20	13	12	16	11	16	20	11	11	13	15	11	10	10	17	16	16	18	19	11	20	13	10	20	17	17	12	13	15	13	19	14	15	15	20	16	18	15	11	20	20	20	16	14	19	18	11	13	17	14	14	15	18	18	20	20	13	10	13	11	11	19	16	12	19	18	15	10	11	11	17	11	16	17	14	13	14	13	12	18	10	17	16	19	15	15	12	19	12	13	16	15	11	18	14	17	16	12	10	10	12	14	17	12	16	15	10	17	18	18	19	14	18	16	14	19	16	17	14	19	19	14	15	12	20	12	15	13	10	12	19	12	19	14	19	13	11	11	13	15	14	19	17	12	11	19	10	16	19	20	10	12	10	16	13	11	19	19	13	18	12	15	14	11	11	11	11	14	15	12	12	20	10	18	10	14	11	12	17	19	14	18	11	19	18	10	20	19	11	19	12	16	14	11	20	13	19	15	15	16	17	15	19	20	10	19	20	10	15	20	18	20	18	12	15	12	20	13	18	12	15	12	14	19	11	10	16	15	15	18	15	16	12	16	15	13	20	12	12	15	10	10	14	12	19	17	19	14	12	13	18	11	10	19	10	19	12	11	20	10	10	14	14	18	11	12	19	10	16	18	13	19	10	10	20	11	20	10	14	20	14	20	11	14	15	19	12	15	11	14	15	15	10	18	17	15	20	16	20	12	16	20	19	20	19	14	15	14	16	16	19	12	17	14	10	11	19	12	14	17	20	10	12	16	20	10	20	19	10	13	19	19	17	11	18	13	11	10	15	10	14	10	16	20	17	14	19	15	18	12	10	12	13	18	19	15	12	16	14	10	16	11	14	20	20	11	13	15	11	13	20	14	13	10	11	18	20	13	12	11	19	13	13	13	10	18	17	20	13	12	17	13	14	12	19	16	19	13	13	17	10	13	12	13	11	15	16	15	19	18	16	14	14	11	18	11	12	13	20	19	12	17	17	18	18	14	16	11	12	11	11	20	10	14	19	19	13	18	17	19	15	11	14	16	16	18	20	10	12	20	16	15	15	19	14	16	12	18	20	18	18	20	14	11	13	11	11	19	15	16	17	11	12	15	13	10	18	17	18	15	10	20	13	18	14	10	18	15	10	13	18	18	19	17	19	19	11	10	15	11	20	10	17	13	14	10	10	17	16	17	14	12	16	16	17	11	14	20	10	15	14	16	10	19	18	11	12	15	14	19	15	19	15	14	15	15	14	13	16	13	15	20	19	18	14	15	19	17	12	17	11	14	16	16	20	11	17	19	14	13	16	13	15	18	10	12	16	12	10	13	10	10	11	17	11	20	11	14	16	16	10	19	19	10	14	17	11	15	11	10	15	20	18	14	14	19	20	15	13	13	16	10	10	10	19	19	17	11	13	12	16	13	10	19	17	10	12	13	19	19	17	10	15	18	18	20	10	18	15	13	20	10	14	13	10	19	13	11	16	15	13	18	19	12	10	13	17	18	10	16	11	16	17	14	15	19	20	13	10	20	18	12	12	11	11	15	13	15	14	18	11	12	20	12	10	10	19	19	18	11	10	11	13	14	14	18	20	17	10	18	17	10	11	19	15	20	19	16	12	14	10	14	16	17	18	18	10	14	19	15	17	14	12	17	14	16	13	13	19	10	10	19	17	14	16	19	16	14	10	19	15	18	12	19	15	16	14	12	11	16	15	15	12	13	20	18	20	14	20	14	13	13	20	12	17	18	19	19	18	11	11	16	17	19	18	16	20	12	15	11	13	16	15	10	19	18	10	15	11	16	16	11	13	13	18	12	20	16	12	13	17	18	18	14	19	15	15	16	15	15	10	11	16	14	19	20	17	17	18	11	13	16	11	12	17	20	12	18	13	15	15	14	17	19	12	20	11	12	13	18	12	16	17	11	19	20	20	11	17	17	11	19	17	19	10	14	12	14	14	20	19	17	18	13	10	16	17	17	13	12	14	15	17	12	18	10	19	11	20	11	14	12	18	17	10	11	10	15	17	12	15	12	14	19	18	12	18	15	18	11	15	13	12	12	19	12	20	13	10	15	17	15	10	13	19	18	12	18	18	12	16	15	18	15	20	10	20	16	13	10	10	12	16	20	13	13	19	13	14	10	17	11	19	13	18	18	19	10	
1	1	1	1	1	1	1	1	1	1	1	1	1	1	1	1	1	1	1	1	1	1	1	1	1	1	1	1	1	1	1	1	1	1	1	1	1	1	1	1	1	1	1	1	1	1	1	1	1	1	1	1	1	1	1	1	1	1	1	1	2	2	2	2	2	2	2	2	2	2	2	2	2	2	2	2	2	2	2	2	2	2	2	2	2	2	2	2	2	2	2	2	2	2	2	2	2	2	2	2	2	2	2	2	2	2	2	2	2	2	2	2	2	2	2	2	2	2	2	2	2	2	2	2	2	2	2	2	2	2	2	2	2	2	2	2	2	2	3	3	3	3	3	3	3	3	3	3	3	3	3	3	3	3	3	3	3	3	3	3	3	3	3	3	3	3	3	3	3	3	3	3	3	3	3	3	3	3	3	3	3	3	3	3	3	3	3	3	3	3	3	3	3	3	3	3	3	3	3	3	3	3	3	3	3	3	3	3	3	3	3	4	4	4	4	4	4	4	4	4	4	4	4	4	4	4	4	4	4	4	4	4	4	4	4	4	4	4	4	4	4	4	4	4	4	4	4	4	4	4	4	4	4	4	4	4	4	4	4	4	4	4	4	4	4	4	4	4	4	4	4	4	5	5	5	5	5	5	5	5	5	5	5	5	5	5	5	5	5	5	5	5	5	5	5	5	5	5	5	5	5	5	5	5	5	5	5	5	5	5	5	5	5	5	5	5	5	5	5	5	5	5	5	5	5	5	5	5	5	5	5	5	5	5	5	5	5	5	5	5	5	5	5	5	5	5	6	6	6	6	6	6	6	6	6	6	6	6	6	6	6	6	6	6	6	6	6	6	6	6	6	6	6	6	6	6	6	6	6	6	6	6	6	6	6	6	6	6	6	6	6	6	6	6	6	6	6	6	6	6	6	6	6	6	6	6	6	6	7	7	7	7	7	7	7	7	7	7	7	7	7	7	7	7	7	7	7	7	7	7	7	7	7	7	7	7	7	7	7	7	7	7	7	7	7	7	7	7	7	7	7	7	7	7	7	7	7	7	7	7	7	7	7	7	7	7	7	7	7	7	7	7	7	7	7	8	8	8	8	8	8	8	8	8	8	8	8	8	8	8	8	8	8	8	8	8	8	8	8	8	8	8	8	8	8	8	8	8	8	8	8	8	8	8	8	8	8	8	8	8	8	8	8	8	8	8	8	8	8	8	8	8	8	8	8	8	8	8	9	9	9	9	9	9	9	9	9	9	9	9	9	9	9	9	9	9	9	9	9	9	9	9	9	9	9	9	9	9	9	9	9	9	9	9	9	9	9	9	9	9	9	9	9	9	9	9	9	9	9	9	9	9	9	9	9	9	9	9	9	9	9	9	9	9	9	10	10	10	10	10	10	10	10	10	10	10	10	10	10	10	10	10	10	10	10	10	10	10	10	10	10	10	10	10	10	10	10	10	10	10	10	10	10	10	10	10	10	10	10	10	10	10	10	10	10	10	10	10	10	10	10	10	10	10	10	11	11	11	11	11	11	11	11	11	11	11	11	11	11	11	11	11	11	11	11	11	11	11	11	11	11	11	11	11	11	11	11	11	11	11	11	11	11	11	11	11	11	11	11	11	11	11	11	11	11	11	11	11	11	11	11	11	11	11	11	11	11	11	11	11	11	11	11	11	11	11	11	11	11	11	11	11	11	11	11	11	11	11	12	12	12	12	12	12	12	12	12	12	12	12	12	12	12	12	12	12	12	12	12	12	12	12	12	12	12	12	12	12	12	12	12	12	12	12	12	12	12	12	12	12	12	12	12	12	12	12	12	12	12	12	12	12	12	12	12	12	12	12	12	12	12	12	12	12	12	12	12	12	12	12	12	12	12	12	13	13	13	13	13	13	13	13	13	13	13	13	13	13	13	13	13	13	13	13	13	13	13	13	13	13	13	13	13	13	13	13	13	13	13	13	13	13	13	13	13	13	13	13	13	13	13	13	13	13	13	13	13	13	13	13	13	13	13	13	13	13	13	13	13	13	13	13	13	13	13	13	13	13	13	13	14	14	14	14	14	14	14	14	14	14	14	14	14	14	14	14	14	14	14	14	14	14	14	14	14	14	14	14	14	14	14	14	14	14	14	14	14	14	14	14	14	14	14	14	14	14	14	14	14	14	14	14	14	14	15	15	15	15	15	15	15	15	15	15	15	15	15	15	15	15	15	15	15	15	15	15	15	15	15	15	15	15	15	15	15	15	15	15	15	15	15	15	15	15	15	15	15	15	15	15	15	15	15	15	15	16	16	16	16	16	16	16	16	16	16	16	16	16	16	16	16	16	16	16	16	16	16	16	16	16	16	16	16	16	16	16	16	16	16	16	16	16	16	16	16	16	16	16	16	16	16	16	16	16	16	16	16	16	16	16	16	16	16	16	16	16	16	16	16	16	16	16	16	16	16	16	16	16	16	16	16	16	16	16	16	16	17	17	17	17	17	17	17	17	17	17	17	17	17	17	17	17	17	17	17	17	17	17	17	17	17	17	17	17	17	17	17	17	17	17	17	17	17	17	17	17	17	17	17	17	17	17	17	17	17	17	17	17	17	17	17	17	17	17	17	17	17	17	17	17	17	17	18	18	18	18	18	18	18	18	18	18	18	18	18	18	18	18	18	18	18	18	18	18	18	18	18	18	18	18	18	18	18	18	18	18	18	18	18	18	18	18	18	18	18	18	18	18	18	18	18	18	18	18	18	18	18	18	18	19	19	19	19	19	19	19	19	19	19	19	19	19	19	19	19	19	19	19	19	19	19	19	19	19	19	19	19	19	19	19	19	19	19	19	19	19	19	19	19	19	19	19	19	19	19	19	19	19	19	19	19	19	19	19	19	19	19	19	19	19	19	19	19	19	19	20	20	20	20	20	20	20	20	20	20	20	20	20	20	20	20	20	20	20	20	20	20	20	20	20	20	20	20	20	20	20	20	20	20	20	20	20	20	20	20	20	20	20	20	20	20	20	20	20	20	20	20	20	20	20	20	20	20	20	20	20	20	20	20	20	20	21	21	21	21	21	21	21	21	21	21	21	21	21	21	21	21	21	21	21	21	21	21	21	21	21	21	21	21	21	21	21	21	21	21	21	21	21	21	21	21	21	21	21	21	21	21	21	21	21	21	21	21	21	21	21	21	21	21	21	21	21	21	21	21	21	21	21	21	21	21	21	21	22	22	22	22	22	22	22	22	22	22	22	22	22	22	22	22	22	22	22	22	22	22	22	22	22	22	22	22	22	22	22	22	22	22	22	22	22	22	22	22	22	22	22	22	22	22	22	22	22	22	22	22	22	22	22	22	22	22	22	22	22	22	22	22	22	22	22	22	22	22	22	22	22	22	22	22	22	22	22	23	23	23	23	23	23	23	23	23	23	23	23	23	23	23	23	23	23	23	23	23	23	23	23	23	23	23	23	23	23	23	23	23	23	23	23	23	23	23	23	23	23	23	23	23	23	23	23	23	23	23	23	23	23	23	23	23	23	24	24	24	24	24	24	24	24	24	24	24	24	24	24	24	24	24	24	24	24	24	24	24	24	24	24	24	24	24	24	24	24	24	24	24	24	24	24	24	24	24	24	24	24	24	24	24	24	24	24	24	24	24	24	24	25	25	25	25	25	25	25	25	25	25	25	25	25	25	25	25	25	25	25	25	25	25	25	25	25	25	25	25	25	25	25	25	25	25	25	25	25	25	25	25	25	25	25	25	25	25	25	25	25	25	25	25	25	25	25	25	25	25	26	26	26	26	26	26	26	26	26	26	26	26	26	26	26	26	26	26	26	26	26	26	26	26	26	26	26	26	26	26	26	26	26	26	26	26	26	26	26	26	26	26	26	26	26	26	26	26	26	26	26	26	26	27	27	27	27	27	27	27	27	27	27	27	27	27	27	27	27	27	27	27	27	27	27	27	27	27	27	27	27	27	27	27	27	27	27	27	27	27	27	27	27	27	27	27	27	27	27	27	27	27	27	27	27	27	27	27	27	27	27	27	27	28	28	28	28	28	28	28	28	28	28	28	28	28	28	28	28	28	28	28	28	28	28	28	28	28	28	28	28	28	28	28	28	28	28	28	28	28	28	28	28	28	28	28	28	28	28	28	28	28	28	28	28	28	28	28	28	28	28	28	28	28	28	28	28	28	28	28	28	28	28	28	28	28	28	28	29	29	29	29	29	29	29	29	29	29	29	29	29	29	29	29	29	29	29	29	29	29	29	29	29	29	29	29	29	29	29	29	29	29	29	29	29	29	29	29	29	29	29	29	29	29	29	29	29	29	29	29	29	29	29	29	29	29	29	29	29	29	29	29	29	30	30	30	30	30	30	30	30	30	30	30	30	30	30	30	30	30	30	30	30	30	30	30	30	30	30	30	30	30	30	30	30	30	30	30	30	30	30	30	30	30	30	30	30	30	30	30	30	30	30	30	30	30	30	30	30	30	30	30	30	30	30	30	30	30	30	30	30	30	30	30	30	30	30	30	30	30	30	30	30	30	30	30	30	
