1000
45	2
358	32.48
44	43	44	42	42	42	45	45	41	43	45	42	42	42	41	44	45	41	42	44	45	43	44	41	43	45	42	41	45	41	44	43	45	45	43	45	42	44	42	41	44	44	41	43	42	42	44	41	43	41	42	41	42	41	42	42	45	41	43	41	45	41	42	43	45	43	43	41	42	44	42	44	44	45	43	45	44	43	45	42	45	41	44	43	45	44	41	45	45	41	45	43	44	42	41	42	44	42	43	44	41	45	41	45	44	42	42	44	45	43	42	42	41	42	42	44	41	43	41	41	43	43	44	44	43	45	42	45	45	42	42	45	44	44	41	43	43	43	43	43	44	43	41	43	42	45	41	43	45	45	41	45	42	42	44	41	45	45	43	43	45	42	45	45	42	44	45	44	43	45	42	41	42	41	41	42	44	45	45	41	41	45	43	43	43	45	43	42	43	42	43	45	41	41	41	42	43	44	43	43	45	45	45	42	45	43	43	41	41	41	43	44	42	45	41	44	42	41	45	42	44	41	44	43	41	43	45	41	42	41	44	41	44	41	44	42	43	44	41	42	44	45	44	41	41	42	43	43	43	44	41	43	41	44	42	45	45	45	41	42	44	41	43	45	43	43	42	44	42	44	45	41	44	43	42	41	45	42	44	45	41	41	41	45	44	42	43	45	44	41	44	42	45	42	42	43	45	44	41	42	43	42	44	44	43	42	43	42	41	42	43	44	42	45	43	45	45	45	42	45	45	41	42	42	43	41	41	43	42	42	42	45	45	41	44	45	43	43	43	44	44	45	45	42	45	42	45	44	41	41	45	41	41	43	41	43	42	41	45	41	42	42	44	44	44	43	44	43	45	43	42	45	43	42	43	43	44	41	41	42	44	42	41	42	44	45	44	44	42	42	45	45	42	41	45	44	43	45	43	42	41	43	45	44	44	41	41	43	42	45	41	45	44	41	43	42	43	42	42	42	45	45	43	44	43	42	44	45	42	44	42	44	44	42	44	45	41	43	42	45	45	45	42	41	44	43	42	44	41	41	41	45	43	45	41	41	42	41	42	41	45	44	42	43	45	44	41	44	45	45	45	42	41	42	45	44	42	42	44	42	41	42	44	45	41	45	41	41	42	44	44	43	42	44	45	44	43	44	42	41	45	41	43	44	42	42	44	41	43	41	45	45	44	43	44	41	41	43	41	41	43	42	45	41	43	45	42	43	43	43	43	42	43	41	41	43	45	45	45	44	41	45	41	44	42	44	41	45	42	41	44	44	43	45	41	42	43	45	42	44	43	45	41	43	42	44	44	42	41	45	45	41	42	45	44	45	41	44	43	45	41	43	42	45	43	43	45	41	42	42	41	42	42	43	44	43	42	43	45	42	43	41	42	42	42	45	42	45	43	42	41	45	42	42	43	41	43	45	42	42	41	45	43	42	41	45	44	42	45	44	44	42	41	42	43	42	43	41	44	42	43	42	45	42	44	42	42	43	43	41	45	41	42	45	43	45	43	44	44	43	44	45	44	45	43	43	42	41	42	42	44	45	45	44	42	43	45	42	45	43	45	42	43	44	44	42	43	44	43	41	42	43	43	45	41	43	42	43	45	43	42	42	42	43	43	45	45	42	44	44	45	44	41	45	45	45	42	41	44	44	43	44	43	45	42	45	45	45	41	41	44	44	43	43	41	41	45	43	42	43	41	45	42	41	42	45	44	44	42	43	42	43	42	44	41	41	42	45	42	44	45	44	42	41	45	43	45	45	41	44	41	41	43	43	41	43	44	45	44	45	44	42	43	42	44	41	45	43	45	44	45	45	42	44	42	45	44	45	42	45	44	42	41	44	43	42	41	44	41	43	43	45	44	43	42	44	41	45	43	43	45	42	44	41	44	43	43	43	43	42	44	45	44	42	41	42	41	45	41	41	42	43	41	42	43	42	41	45	43	41	41	41	43	45	41	42	41	45	43	45	43	45	43	43	41	44	41	45	44	41	42	43	44	44	41	41	43	43	45	44	41	45	44	42	41	45	42	45	44	43	43	42	42	44	43	42	42	43	41	43	45	45	42	41	42	42	43	44	42	42	44	42	41	44	42	41	45	42	44	43	44	45	41	42	41	43	45	43	42	45	43	45	44	41	43	42	44	41	41	45	42	42	41	44	44	45	41	41	45	45	42	44	41	45	41	45	41	41	42	45	42	45	44	45	41	41	42	42	44	41	43	41	41	44	41	45	44	44	44	42	44	45	45	43	45	42	45	43	44	42	43	41	42	43	45	43	44	45	43	41	
0	1	2	3	4	5	6	7	8	9	10	11	12	13	14	15	17	18	19	20	21	22	23	24	25	26	27	28	29	30	31	32	33	34	35	36	37	38	39	40	41	42	43	44	
0	1	2	3	4	5	6	7	8	9	10	11	12	13	14	15	16	17	19	20	21	22	23	24	25	26	27	28	29	30	31	32	33	34	35	37	38	39	40	41	42	43	44	
0	1	2	3	4	5	6	7	8	9	10	11	12	13	14	15	16	17	18	19	21	22	23	24	25	26	27	28	29	30	31	32	33	34	35	36	37	38	39	40	41	42	43	44	
0	2	3	4	5	6	7	8	9	10	11	13	14	15	16	17	18	19	20	21	22	23	24	25	26	27	28	29	31	32	33	34	35	36	37	38	39	40	41	42	43	44	
1	2	3	4	5	6	7	9	10	11	12	13	14	15	16	17	18	19	20	21	22	23	24	25	26	27	28	29	30	31	32	33	34	35	36	38	39	40	41	42	43	44	
0	1	2	3	4	5	6	7	8	9	10	11	12	13	14	15	16	17	18	19	20	21	22	23	24	25	26	27	28	29	30	33	34	35	37	38	39	40	41	42	43	44	
0	1	2	3	4	5	6	7	8	9	10	11	12	13	14	15	16	17	18	19	20	21	22	23	24	25	26	27	28	29	30	31	32	33	34	35	36	37	38	39	40	41	42	43	44	
0	1	2	3	4	5	6	7	8	9	10	11	12	13	14	15	16	17	18	19	20	21	22	23	24	25	26	27	28	29	30	31	32	33	34	35	36	37	38	39	40	41	42	43	44	
0	1	2	3	4	5	6	7	8	9	10	12	13	14	15	16	17	18	19	20	21	22	23	25	26	27	28	29	30	31	33	34	35	36	37	38	39	40	41	42	43	
0	1	2	3	4	5	6	7	8	9	11	12	13	14	15	16	17	18	19	20	21	22	23	24	26	27	28	29	30	31	32	33	34	35	36	37	38	39	40	41	42	43	44	
0	1	2	3	4	5	6	7	8	9	10	11	12	13	14	15	16	17	18	19	20	21	22	23	24	25	26	27	28	29	30	31	32	33	34	35	36	37	38	39	40	41	42	43	44	
0	1	2	3	4	5	6	7	8	9	10	11	12	13	15	17	18	19	20	21	22	23	24	25	26	27	28	29	30	31	32	33	35	36	37	38	39	40	41	42	43	44	
0	1	2	3	4	5	6	7	8	9	11	12	13	14	15	16	18	19	20	21	22	23	24	25	26	27	28	29	30	31	32	33	34	35	36	37	38	39	40	42	43	44	
0	2	3	4	5	6	7	8	9	10	11	12	13	14	15	16	17	18	19	20	21	22	23	24	25	26	27	28	29	30	31	33	34	35	36	38	39	40	41	42	43	44	
0	1	2	3	4	5	6	8	9	10	11	12	13	14	16	17	18	19	20	21	22	23	24	25	26	27	28	29	30	31	32	33	34	35	36	37	38	39	40	41	43	
0	1	2	3	4	5	6	7	8	9	10	11	12	13	15	16	17	18	19	20	21	22	23	24	25	26	27	28	29	30	31	32	33	34	35	36	37	38	39	40	41	42	43	44	
0	1	2	3	4	5	6	7	8	9	10	11	12	13	14	15	16	17	18	19	20	21	22	23	24	25	26	27	28	29	30	31	32	33	34	35	36	37	38	39	40	41	42	43	44	
0	1	2	3	5	7	8	10	11	12	13	14	15	16	17	18	19	20	21	22	23	24	25	26	27	28	29	30	31	32	33	34	35	36	37	38	40	41	42	43	44	
0	1	2	3	4	5	6	7	8	9	10	11	12	13	14	15	16	17	18	19	20	21	23	24	25	26	27	28	29	30	31	32	33	34	35	36	37	38	39	41	43	44	
0	1	2	3	4	5	6	7	8	9	10	11	13	14	15	16	17	18	19	20	21	22	23	24	25	26	27	28	29	30	31	32	33	34	35	36	37	38	39	40	41	42	43	44	
0	1	2	3	4	5	6	7	8	9	10	11	12	13	14	15	16	17	18	19	20	21	22	23	24	25	26	27	28	29	30	31	32	33	34	35	36	37	38	39	40	41	42	43	44	
1	2	3	4	5	6	7	8	9	10	11	12	13	14	15	16	17	18	19	20	21	22	23	24	26	27	28	29	30	31	32	33	34	35	36	37	38	39	40	41	42	43	44	
0	1	2	3	4	5	6	7	8	9	10	11	12	14	15	16	17	18	19	20	21	22	23	24	25	26	27	28	29	30	31	32	33	34	35	36	37	38	39	40	41	42	43	44	
0	1	2	3	4	5	6	7	9	10	11	13	14	15	16	17	18	19	20	21	22	23	24	25	26	27	29	31	32	33	34	35	36	37	38	39	40	41	42	43	44	
0	1	2	3	4	5	6	7	8	9	10	11	13	14	16	17	18	19	20	21	22	23	24	25	26	27	28	29	30	31	32	33	34	35	36	37	38	39	40	41	42	43	44	
0	1	2	3	4	5	6	7	8	9	10	11	12	13	14	15	16	17	18	19	20	21	22	23	24	25	26	27	28	29	30	31	32	33	34	35	36	37	38	39	40	41	42	43	44	
1	2	4	5	6	7	9	10	11	12	13	14	15	16	17	18	19	20	21	22	23	24	25	26	27	28	29	30	31	32	33	34	35	36	37	38	39	40	41	42	43	44	
0	1	3	4	5	6	8	9	10	11	13	14	15	16	17	18	19	20	21	22	23	24	25	27	28	29	30	31	32	33	34	35	36	37	38	39	40	41	42	43	44	
0	1	2	3	4	5	6	7	8	9	10	11	12	13	14	15	16	17	18	19	20	21	22	23	24	25	26	27	28	29	30	31	32	33	34	35	36	37	38	39	40	41	42	43	44	
0	1	2	3	5	6	8	9	10	11	12	13	14	15	16	17	18	19	20	21	22	23	24	25	26	27	28	29	30	31	32	33	34	35	36	37	38	39	42	43	44	
0	1	2	3	4	5	6	7	8	9	10	11	12	13	14	15	16	17	18	19	20	21	22	23	24	25	26	27	28	29	30	31	32	33	34	35	37	38	39	40	41	42	43	44	
0	1	2	3	4	5	6	7	8	9	10	11	12	13	14	15	16	17	18	20	21	22	23	24	25	26	27	28	29	30	31	33	34	35	36	37	38	39	40	41	42	43	44	
0	1	2	3	4	5	6	7	8	9	10	11	12	13	14	15	16	17	18	19	20	21	22	23	24	25	26	27	28	29	30	31	32	33	34	35	36	37	38	39	40	41	42	43	44	
0	1	2	3	4	5	6	7	8	9	10	11	12	13	14	15	16	17	18	19	20	21	22	23	24	25	26	27	28	29	30	31	32	33	34	35	36	37	38	39	40	41	42	43	44	
0	1	2	3	4	5	6	7	8	9	10	11	12	13	14	15	16	17	18	19	20	21	22	23	24	25	26	27	28	29	30	31	32	34	35	36	37	38	39	41	42	43	44	
0	1	2	3	4	5	6	7	8	9	10	11	12	13	14	15	16	17	18	19	20	21	22	23	24	25	26	27	28	29	30	31	32	33	34	35	36	37	38	39	40	41	42	43	44	
0	1	2	3	4	5	6	7	8	9	10	11	12	13	14	16	17	18	20	21	22	23	24	25	26	27	28	29	30	31	32	33	34	35	36	37	38	39	40	41	43	44	
0	1	2	3	4	5	6	7	8	9	10	11	12	13	14	15	16	17	18	19	20	22	23	24	25	26	27	28	29	30	31	32	33	34	35	36	37	38	39	40	41	42	43	44	
0	1	2	3	5	6	7	8	9	10	11	12	13	15	16	17	18	19	21	22	23	24	25	26	27	28	29	30	31	32	33	34	35	36	37	38	39	40	41	42	43	44	
0	1	2	3	4	5	6	7	8	9	10	11	12	13	14	15	16	17	18	20	21	22	24	25	26	28	29	30	31	32	33	34	35	36	37	39	40	41	42	43	44	
0	1	2	3	4	5	6	7	8	9	10	11	12	13	14	15	16	17	18	19	20	21	22	23	24	25	26	27	28	29	30	31	32	33	34	35	36	37	39	40	41	42	43	44	
0	1	2	3	4	5	6	7	8	9	10	11	12	13	14	15	16	17	18	19	20	21	22	23	24	25	26	27	28	29	30	31	32	33	34	35	36	37	38	39	40	41	42	43	
0	2	3	4	5	7	8	9	10	11	12	13	14	15	16	17	18	19	20	21	22	23	24	25	26	27	28	29	30	31	32	33	34	37	38	39	40	41	42	43	44	
0	1	2	3	4	5	6	7	8	9	10	11	12	13	14	15	16	17	18	19	20	21	22	23	24	25	26	27	29	30	31	32	33	34	35	36	37	38	40	41	42	43	44	
0	1	2	3	4	5	6	7	9	10	11	12	13	14	15	16	17	18	20	21	22	23	24	25	26	27	28	29	30	31	32	33	34	35	36	37	38	40	41	42	43	44	
0	1	2	3	4	5	6	7	8	9	10	11	12	13	14	15	16	17	19	20	21	22	23	24	25	27	28	29	30	31	32	33	34	35	36	37	38	39	40	41	42	43	
0	1	2	3	4	5	6	7	8	9	10	11	12	13	14	15	16	17	18	19	20	21	22	23	24	25	26	28	29	30	31	32	33	34	35	36	37	38	39	40	41	42	43	44	
0	2	4	5	6	7	8	9	10	11	12	13	14	15	16	17	18	19	20	21	23	24	25	26	27	28	30	31	32	33	34	35	36	37	38	39	40	41	42	43	44	
0	1	2	3	5	7	8	9	10	11	12	13	14	15	16	17	18	19	20	21	22	23	24	25	26	27	28	29	30	31	32	33	34	35	36	37	38	39	40	41	42	43	44	
1	2	3	4	5	6	7	8	9	10	11	12	13	14	15	16	17	18	19	21	23	24	25	27	28	29	30	31	32	33	34	35	36	37	38	39	40	41	42	43	44	
0	1	2	3	4	5	6	7	8	9	10	11	12	14	15	16	17	18	19	20	21	22	23	24	25	26	27	28	29	30	31	33	34	35	36	37	38	39	40	42	43	44	
0	1	2	3	4	5	6	7	8	10	11	12	13	14	15	16	17	18	19	20	22	23	24	25	26	27	28	29	30	31	32	33	34	36	37	38	39	40	41	43	44	
0	2	3	4	5	6	7	8	9	10	11	12	13	14	15	16	17	18	19	20	21	23	24	26	27	28	29	30	31	32	33	34	35	36	37	38	39	40	41	42	43	44	
0	1	2	3	4	5	6	7	8	10	11	12	14	15	16	17	18	19	20	21	22	23	25	26	27	28	29	31	32	33	34	35	36	37	38	39	40	41	42	43	44	
0	1	2	3	4	5	6	7	9	10	11	12	13	14	15	16	17	18	19	21	22	23	24	25	26	27	29	30	31	32	33	34	35	36	37	38	39	40	41	42	43	44	
0	1	2	3	4	5	6	8	9	11	12	13	14	15	16	17	18	19	20	21	22	23	24	25	26	27	28	29	31	32	33	34	35	36	37	38	39	40	41	42	43	44	
0	1	2	3	4	5	6	7	8	9	10	11	12	13	14	15	16	17	18	19	20	21	22	23	24	25	26	27	28	29	30	31	32	33	34	35	36	37	38	39	40	41	42	43	44	
0	1	2	3	4	5	6	7	8	10	11	12	13	15	17	18	19	20	21	23	24	25	26	27	28	29	30	31	32	33	34	35	36	37	38	39	40	41	42	43	44	
0	1	2	3	4	5	6	7	8	9	10	11	12	13	14	15	16	17	18	19	20	21	22	23	24	25	27	28	29	30	31	32	33	34	35	36	37	38	39	40	41	42	44	
0	1	2	4	5	6	7	8	9	10	11	12	13	14	15	16	17	18	19	20	22	23	24	25	27	28	29	30	31	33	34	35	36	37	38	39	40	41	42	43	44	
0	1	2	3	4	5	6	7	8	9	10	11	12	13	14	15	16	17	18	19	20	21	22	23	24	25	26	27	28	29	30	31	32	33	34	35	36	37	38	39	40	41	42	43	44	
0	1	2	3	5	6	7	8	9	10	11	12	13	14	15	16	17	18	19	20	21	22	23	24	25	26	27	28	29	30	31	32	33	35	37	38	40	41	42	43	44	
0	1	2	3	4	6	7	8	9	10	11	12	13	14	15	16	17	18	19	21	22	23	24	25	26	27	28	30	31	32	33	34	35	36	37	38	39	40	41	42	43	44	
0	1	2	3	4	5	6	7	8	10	11	12	13	14	15	16	18	19	20	21	22	23	24	25	26	27	28	29	30	31	32	33	34	35	36	37	38	39	40	41	42	43	44	
0	1	2	3	4	5	6	7	8	9	10	11	12	13	14	15	16	17	18	19	20	21	22	23	24	25	26	27	28	29	30	31	32	33	34	35	36	37	38	39	40	41	42	43	44	
0	1	2	3	4	5	6	8	9	10	11	12	13	15	16	17	18	19	20	21	22	23	24	25	26	27	28	29	30	31	32	33	34	35	36	37	38	39	40	41	42	43	44	
0	1	2	3	4	5	6	7	8	9	10	11	12	13	14	15	16	17	18	19	20	21	22	23	24	26	27	28	29	30	31	33	34	35	36	37	38	39	40	41	42	43	44	
0	1	2	4	5	6	8	9	10	11	13	14	15	16	17	18	19	20	21	22	23	24	25	26	27	28	29	31	32	33	34	35	36	37	38	39	40	41	42	43	44	
0	1	2	3	5	6	7	8	9	10	11	12	13	14	15	16	17	18	19	20	21	22	23	24	25	26	27	28	29	30	31	32	33	34	36	37	38	39	41	42	43	44	
0	1	2	3	4	5	6	7	8	9	10	11	12	13	14	15	16	17	18	19	20	21	22	23	24	25	26	28	29	30	31	32	33	34	35	36	37	38	39	40	41	42	43	44	
0	1	2	3	4	5	6	7	8	9	10	11	12	13	14	15	16	17	18	19	20	21	22	23	24	26	27	28	29	30	31	32	33	34	35	36	37	38	39	41	42	43	
0	1	2	3	4	5	6	7	8	9	10	11	12	13	15	16	17	18	19	20	21	22	23	24	25	26	27	28	29	30	31	32	33	34	35	36	37	38	39	40	41	42	43	44	
0	1	2	3	4	5	6	7	8	9	10	11	12	13	14	15	16	17	18	19	20	21	22	23	24	25	26	28	29	30	31	32	33	34	35	36	37	38	39	40	41	42	43	44	
0	1	2	3	4	5	6	7	8	9	10	11	12	13	14	15	16	17	18	19	20	21	22	23	24	25	26	27	28	29	30	31	32	33	34	35	36	37	38	39	40	41	42	43	44	
0	1	2	3	4	5	6	7	8	9	10	11	12	13	14	15	16	17	18	20	21	23	24	25	26	27	28	29	30	31	32	33	34	35	36	37	38	39	40	41	42	43	44	
0	1	2	3	4	5	6	7	8	9	10	11	12	13	14	15	16	17	18	19	20	21	22	23	24	25	26	27	28	29	30	31	32	33	34	35	36	37	38	39	40	41	42	43	44	
0	1	2	3	4	5	6	8	9	10	11	12	13	14	15	16	17	18	19	20	21	22	23	24	25	26	27	28	29	30	31	32	33	34	35	36	37	38	39	40	41	42	43	44	
0	1	2	3	4	5	6	7	8	9	11	12	13	14	15	16	17	18	19	20	21	22	23	24	25	27	28	29	30	31	32	33	34	35	36	37	38	39	40	41	42	43	44	
0	1	2	3	4	5	6	7	8	9	10	11	12	13	14	15	16	17	18	19	20	21	22	23	24	25	26	27	28	29	30	31	32	33	34	35	36	37	38	39	40	41	42	43	44	
0	1	2	3	4	5	6	7	8	9	10	11	13	14	15	17	18	19	20	21	22	23	24	25	26	27	28	29	30	31	32	33	34	35	36	37	38	39	40	41	43	44	
0	1	2	3	4	5	6	7	8	9	10	11	12	13	14	15	16	17	18	19	20	21	22	23	24	25	26	27	28	29	30	31	32	33	34	35	36	37	38	39	40	41	42	43	44	
0	2	3	4	5	6	7	9	10	11	12	13	14	15	16	17	18	19	20	21	22	23	24	25	26	27	28	29	30	31	32	33	35	36	37	38	39	40	42	43	44	
0	1	2	3	4	5	6	7	8	9	10	11	12	13	14	15	16	17	18	19	21	22	23	24	25	26	27	28	29	30	31	32	33	34	35	36	37	38	39	40	41	42	43	44	
0	1	3	4	5	6	7	8	9	10	11	12	13	14	15	16	17	18	19	20	21	22	23	24	25	26	27	29	30	31	32	33	34	35	36	37	38	39	40	41	42	43	44	
0	1	2	3	4	5	6	7	8	9	10	11	12	13	14	15	16	17	18	19	20	21	22	23	24	25	26	27	28	29	30	31	32	33	34	35	36	37	38	39	40	41	42	43	44	
0	1	2	3	4	5	6	7	8	9	10	11	12	13	14	15	16	17	19	20	21	22	23	24	25	26	27	28	29	30	31	32	33	34	35	36	37	38	39	40	41	42	43	44	
0	1	2	3	5	7	8	9	10	11	12	13	14	15	17	18	19	20	21	23	24	25	26	27	28	29	30	31	32	33	34	35	36	37	38	39	40	41	42	43	44	
0	1	2	3	4	5	6	7	8	9	10	11	12	13	14	15	16	17	18	19	20	21	22	23	24	25	26	27	28	29	30	31	32	33	34	35	36	37	38	39	40	41	42	43	44	
0	1	2	3	4	5	6	7	8	9	10	11	12	13	14	15	16	17	18	19	20	21	22	23	24	25	26	27	28	29	30	31	32	33	34	35	36	37	38	39	40	41	42	43	44	
0	1	2	3	4	5	6	7	8	9	10	11	12	13	14	15	16	17	18	19	21	22	23	24	25	27	28	29	30	31	32	33	35	36	37	38	39	40	41	43	44	
0	1	2	3	4	5	6	7	8	9	10	11	12	13	14	15	16	17	18	19	20	21	22	23	24	25	26	27	28	29	30	31	32	33	34	35	36	37	38	39	40	41	42	43	44	
0	1	2	3	4	5	6	7	9	11	12	13	14	15	16	17	18	19	20	21	22	23	24	25	26	27	28	29	30	31	32	33	34	35	36	37	38	39	40	41	42	43	44	
0	1	2	3	4	5	6	7	8	9	11	12	13	14	15	16	17	18	19	20	21	22	23	24	25	26	27	28	29	30	31	32	33	34	35	36	37	38	39	40	41	42	43	44	
0	1	2	3	4	5	7	8	9	10	11	12	13	14	15	16	17	18	19	20	21	22	23	24	25	26	27	28	29	30	31	32	33	34	35	36	38	40	41	42	43	44	
0	1	2	3	4	6	7	8	9	10	11	13	14	15	16	17	18	19	20	21	22	23	24	25	26	28	29	30	32	33	34	35	36	37	38	39	40	41	42	43	44	
0	1	2	3	4	5	7	8	9	10	11	13	14	15	16	17	18	19	20	21	22	23	24	25	26	27	28	29	30	31	32	33	34	35	37	38	39	40	41	42	43	44	
0	1	2	3	4	5	6	7	8	9	10	11	12	13	15	16	17	18	19	20	21	22	23	24	25	26	27	28	29	30	31	32	33	34	35	36	37	38	39	40	41	42	43	44	
0	1	2	3	4	5	7	8	9	10	11	12	13	14	15	16	17	18	19	20	21	23	24	25	26	27	28	29	30	31	32	33	34	36	37	38	39	40	41	42	43	44	
0	1	2	3	4	5	6	7	8	9	10	12	13	14	15	16	17	18	19	20	21	22	23	24	25	26	27	28	29	30	31	32	33	34	36	37	38	39	40	41	42	43	44	
0	1	2	3	4	5	6	7	8	9	10	11	12	13	14	15	16	17	18	19	20	21	22	23	24	25	26	27	28	29	30	31	32	33	34	35	36	37	38	40	41	42	43	44	
0	1	2	3	4	5	6	7	8	9	10	11	12	14	15	16	17	18	19	20	21	22	23	25	26	27	28	29	30	31	32	33	34	35	36	38	39	40	42	43	44	
0	1	2	3	4	5	6	7	8	9	10	11	12	13	14	15	16	17	18	19	20	21	22	23	24	25	26	27	28	29	30	31	32	33	34	35	36	37	38	39	40	41	42	43	44	
0	1	3	4	5	6	7	8	9	10	11	12	14	15	16	17	18	19	20	21	22	24	25	27	28	29	30	31	32	33	34	35	36	37	38	39	40	41	42	43	44	
0	1	2	3	4	5	6	7	8	9	10	11	12	13	14	15	16	17	18	19	20	21	22	23	24	25	26	27	28	29	30	31	32	33	34	35	36	37	38	39	40	41	42	43	44	
0	2	3	4	5	6	7	8	9	10	11	12	13	14	15	16	17	18	19	20	21	22	23	24	25	26	27	28	29	30	31	32	33	34	35	36	37	38	39	40	41	42	43	44	
0	1	2	3	4	7	8	9	10	11	12	13	14	15	16	17	18	19	20	21	22	23	24	25	27	28	29	30	31	32	33	34	35	36	37	38	39	40	41	42	43	44	
0	1	2	4	5	6	7	8	9	10	11	12	13	15	16	17	18	19	20	21	22	23	24	25	26	28	29	30	31	32	33	34	35	36	37	38	39	40	41	42	43	44	
0	1	2	3	4	5	6	7	8	9	10	11	12	13	14	15	16	17	18	20	21	22	23	24	25	26	27	28	29	30	31	32	33	34	35	36	37	38	39	40	41	42	43	44	
0	1	2	3	4	5	6	7	8	9	10	11	12	13	14	15	16	17	18	19	20	21	22	23	24	25	26	27	28	29	30	31	32	33	34	35	36	37	38	39	40	41	42	43	44	
0	1	2	3	4	5	6	7	8	9	10	11	12	14	15	16	17	18	19	20	21	22	23	24	25	26	27	28	29	30	31	32	33	34	35	36	37	38	39	40	42	43	44	
0	1	2	3	4	5	6	7	8	9	10	11	12	15	16	17	18	19	21	22	23	24	25	26	27	28	29	30	31	32	33	34	35	36	37	38	39	40	41	42	43	44	
0	1	2	3	4	5	6	7	10	11	12	13	14	15	16	17	18	19	20	21	22	23	24	25	26	27	28	29	30	31	32	33	34	35	36	37	38	39	40	42	43	44	
0	1	2	3	4	5	6	7	8	9	10	12	13	15	16	17	18	19	20	21	22	23	24	25	26	27	28	29	30	31	32	34	35	36	37	38	39	41	42	43	44	
0	2	3	4	5	6	7	8	9	10	11	12	13	14	15	16	17	18	19	20	21	22	23	25	26	27	28	29	30	31	32	34	35	36	37	38	39	40	41	42	43	44	
0	2	3	4	5	6	7	8	9	10	11	12	13	14	15	16	17	18	19	20	21	22	23	24	25	26	27	28	30	32	33	34	35	36	37	38	39	40	41	42	43	44	
0	1	2	3	4	5	6	7	8	9	10	11	12	13	14	15	16	17	18	19	20	21	22	23	24	25	26	27	28	29	30	31	33	34	35	36	37	38	39	40	41	42	43	44	
0	1	2	3	4	5	6	7	9	10	11	12	13	14	15	16	17	18	19	20	21	22	23	24	25	26	27	28	29	31	32	34	36	37	38	39	40	41	42	43	44	
0	1	2	3	4	5	6	7	8	9	10	11	12	13	14	15	16	17	18	19	20	21	22	23	24	25	26	27	28	29	30	31	32	34	35	36	37	38	39	40	42	43	44	
0	1	2	4	5	6	8	9	10	11	12	13	14	15	16	17	18	19	20	21	22	23	24	25	26	27	28	29	30	31	32	33	34	36	38	39	40	41	42	43	44	
0	2	3	4	6	7	8	9	10	12	13	14	15	17	18	19	20	21	22	23	24	25	26	27	28	29	30	31	32	33	34	35	36	37	38	39	40	41	42	43	44	
0	1	2	3	4	5	6	7	8	9	10	11	12	13	14	15	16	17	18	19	20	21	22	24	26	27	28	29	30	31	32	33	34	35	36	37	38	39	40	41	42	43	44	
0	1	2	3	4	5	6	7	8	9	10	11	12	13	14	15	16	17	18	19	20	22	23	24	25	26	27	28	29	30	31	32	33	34	35	36	37	38	39	40	41	42	44	
0	1	2	3	4	5	6	7	8	9	10	11	12	13	14	15	16	17	18	19	20	21	22	23	24	25	26	27	28	29	30	31	32	33	34	35	36	37	39	40	41	42	43	44	
0	1	2	3	4	5	6	7	8	9	10	11	12	13	14	15	16	17	18	19	20	21	22	23	24	25	26	27	28	29	30	31	32	33	34	35	36	38	39	40	41	42	43	44	
0	1	3	4	5	6	7	8	9	10	11	12	13	14	15	16	17	18	19	20	21	22	23	24	25	26	27	28	29	30	31	32	33	34	35	36	37	38	39	41	42	43	44	
0	1	2	3	4	5	6	7	8	9	10	11	12	13	14	15	16	17	18	19	20	21	22	23	24	25	26	27	28	29	30	31	32	33	34	35	36	37	38	39	40	41	42	43	44	
0	1	2	3	4	5	6	7	9	10	11	12	13	14	16	17	18	19	21	22	23	24	25	26	27	28	29	30	31	32	33	34	35	36	37	38	39	40	41	42	43	44	
0	1	2	3	4	5	6	7	8	9	10	11	12	13	14	15	16	17	18	19	20	21	22	23	24	25	26	27	28	29	30	31	32	33	34	35	36	37	38	39	40	41	42	43	44	
0	1	2	3	4	5	6	7	8	9	10	11	12	13	14	15	16	17	18	19	20	21	22	23	24	25	26	27	28	29	30	31	32	33	34	35	36	37	38	39	40	41	42	43	44	
0	1	2	3	4	5	6	7	8	9	10	11	12	13	14	15	16	17	19	20	21	22	24	25	26	28	29	30	31	32	33	34	35	36	37	38	39	40	41	42	43	44	
0	1	2	3	4	5	6	7	8	9	10	11	12	13	14	16	17	18	19	20	21	22	23	24	26	27	28	29	30	32	33	34	35	36	37	38	39	40	41	42	43	44	
0	1	2	3	4	5	6	7	8	9	10	11	12	13	14	15	16	17	18	19	20	21	22	23	24	25	26	27	28	29	30	31	32	33	34	35	36	37	38	39	40	41	42	43	44	
0	1	2	3	4	5	6	7	8	10	11	12	13	14	15	16	17	18	19	20	21	22	23	24	25	26	27	28	29	30	31	32	33	34	35	36	37	38	39	40	41	42	43	44	
0	1	2	3	4	5	6	7	8	9	10	11	12	13	14	15	16	17	18	19	20	21	23	24	25	26	27	28	29	30	31	32	33	34	35	36	37	38	39	40	41	42	43	44	
1	2	3	4	5	6	7	8	10	11	12	13	14	15	16	18	19	20	21	22	23	24	25	26	27	28	29	30	31	32	33	34	35	36	38	39	40	41	42	43	44	
0	1	2	3	4	5	7	8	9	10	11	12	13	14	15	16	17	18	19	20	21	22	23	24	25	26	27	28	29	30	31	32	33	34	35	36	37	38	39	40	41	43	44	
0	1	2	3	4	5	6	7	8	9	10	11	12	13	14	15	16	17	18	19	20	21	22	23	24	25	28	29	30	31	32	33	34	35	36	37	38	39	40	41	42	43	44	
1	2	3	4	5	6	7	8	9	10	11	12	13	14	15	16	18	19	20	21	22	23	24	25	26	27	28	29	30	31	32	33	34	35	36	37	38	39	40	41	42	43	44	
0	1	2	3	4	5	6	7	8	9	10	11	12	13	14	15	16	17	18	19	20	21	23	24	25	26	27	28	30	31	32	33	34	35	36	37	38	39	40	41	42	43	44	
0	1	2	3	4	5	6	7	8	9	10	11	12	13	14	15	16	17	18	19	20	21	22	23	24	25	26	27	28	29	30	32	33	34	35	36	37	39	40	41	42	43	44	
1	2	3	4	5	6	7	8	9	10	11	12	13	14	15	16	17	18	19	20	21	22	23	24	25	26	27	28	29	30	31	32	33	34	35	36	37	38	39	40	41	42	43	44	
0	1	2	3	4	5	6	7	8	9	10	11	12	13	14	15	16	17	18	19	20	21	22	23	24	25	26	27	28	29	30	31	33	34	35	36	37	38	39	41	42	43	44	
0	1	2	3	4	5	6	7	8	10	11	12	13	14	15	16	17	19	20	21	22	23	24	25	27	28	29	30	31	32	33	34	35	36	37	38	39	40	41	42	43	
0	1	2	3	4	5	6	7	8	9	10	11	12	13	14	15	16	17	18	19	20	21	22	23	24	25	26	27	28	29	30	31	32	33	34	36	37	38	39	40	41	43	44	
0	1	2	3	4	5	6	7	8	9	10	11	12	13	14	16	17	18	19	20	21	22	23	24	25	26	27	28	29	30	31	32	34	35	36	38	39	40	41	42	43	44	
0	1	2	3	4	5	6	7	8	9	10	11	12	13	14	15	16	17	18	19	20	21	22	23	24	25	26	27	28	29	30	31	32	33	34	35	36	37	38	39	40	41	42	43	44	
0	1	2	3	4	5	6	7	8	9	11	12	13	14	15	16	18	19	20	21	23	24	25	26	27	28	29	30	31	32	33	34	35	36	37	38	39	40	41	43	44	
0	2	3	4	5	6	8	9	10	11	12	13	14	15	16	17	18	19	20	21	22	23	24	25	26	27	28	29	30	31	32	33	34	35	36	37	38	39	40	41	42	43	44	
0	1	2	3	4	5	6	7	8	9	10	11	12	13	14	15	16	17	18	19	20	21	22	23	24	25	26	27	28	29	30	31	32	33	34	35	36	37	38	39	40	41	42	43	44	
0	1	2	3	4	5	6	7	8	9	10	11	12	13	14	15	16	17	18	19	20	21	22	23	24	25	26	27	28	29	30	31	32	33	34	35	36	37	38	39	40	41	42	43	44	
0	1	2	3	4	5	6	7	8	9	10	11	12	13	14	16	17	18	19	20	21	22	23	24	25	26	27	28	30	31	32	33	34	35	36	37	38	40	41	42	43	
0	1	2	3	4	5	6	7	8	9	10	11	12	13	14	15	16	17	18	19	20	21	22	23	24	25	26	27	28	29	30	31	32	33	34	35	36	37	38	39	40	41	42	43	44	
0	2	3	4	5	6	7	8	9	10	11	12	13	14	15	16	17	18	19	21	22	23	24	25	26	28	29	30	31	32	33	34	35	36	37	38	39	40	41	42	43	44	
0	1	2	3	4	5	6	7	8	9	11	13	14	15	16	17	18	19	20	21	22	23	24	25	26	28	29	30	31	32	33	34	35	36	37	38	39	40	41	42	43	44	
0	1	2	3	4	5	6	7	8	9	10	11	12	13	14	15	16	17	18	19	20	21	22	23	24	25	26	27	28	29	30	31	33	34	35	36	37	38	39	40	41	42	43	44	
0	1	2	3	5	6	8	9	10	11	13	14	15	16	17	18	19	20	21	22	23	24	25	26	27	28	29	30	31	33	34	35	36	37	38	39	40	41	42	43	44	
0	1	2	3	4	5	6	7	8	9	10	11	12	13	14	15	16	17	18	19	20	21	22	23	24	25	26	27	28	29	30	31	32	33	34	35	36	37	38	39	40	41	42	43	44	
0	1	2	3	4	5	6	7	8	9	10	11	12	13	14	15	16	17	18	19	20	21	22	23	24	25	26	27	28	29	30	31	32	33	34	35	36	37	38	39	40	41	42	43	44	
0	1	2	3	4	5	6	7	8	9	10	11	12	13	14	15	16	17	18	19	20	22	23	24	25	26	28	29	30	31	32	33	34	35	36	37	38	39	40	41	42	43	44	
0	1	2	3	4	5	6	7	8	9	10	11	12	13	14	15	16	17	18	19	20	22	23	24	25	26	27	28	29	30	31	32	33	34	35	36	37	38	39	40	42	43	44	
0	1	2	3	4	5	6	7	8	9	10	11	12	13	14	15	16	17	18	19	20	21	22	23	24	25	26	27	28	29	30	31	32	33	34	35	36	37	38	39	40	41	42	43	44	
0	1	2	3	4	5	6	7	9	11	12	13	14	15	16	17	18	19	20	21	22	23	24	25	26	27	28	29	30	31	32	33	34	35	36	37	38	39	40	41	43	44	
0	1	2	3	4	5	6	7	8	9	10	11	12	13	14	15	16	17	18	19	20	21	22	23	24	25	26	27	28	29	30	31	32	33	34	35	36	37	38	39	40	41	42	43	44	
0	1	2	3	4	5	6	7	8	9	10	11	12	13	14	15	16	17	18	19	20	21	22	23	24	25	26	27	28	29	30	31	32	33	34	35	36	37	38	39	40	41	42	43	44	
0	1	3	4	5	6	7	8	9	10	11	12	13	14	15	17	18	19	20	21	22	23	24	26	27	28	29	30	31	32	33	34	35	36	37	38	39	40	41	42	43	44	
0	1	2	3	4	5	6	7	8	9	10	11	12	13	14	15	16	17	18	19	20	22	23	24	25	26	27	28	29	30	31	32	33	34	35	36	37	38	39	40	41	42	43	44	
0	1	2	3	4	5	6	7	8	9	10	11	12	13	14	15	16	17	18	19	20	21	22	23	24	25	26	27	28	29	30	31	32	33	34	35	36	37	38	39	40	41	42	43	44	
0	1	2	3	4	5	6	7	8	9	10	11	12	13	14	15	16	17	18	19	20	21	22	23	24	25	26	27	28	29	30	31	32	33	34	36	37	38	39	40	41	42	43	44	
0	1	2	3	4	5	6	7	8	9	10	11	12	13	14	15	16	17	18	19	20	21	22	23	24	25	26	27	28	29	30	32	33	34	35	36	37	38	39	40	41	42	43	
0	1	2	3	4	5	6	7	8	9	10	11	12	13	14	15	16	17	18	19	20	21	22	23	24	25	26	27	28	29	30	31	32	33	34	35	36	37	38	39	40	41	42	43	44	
0	2	3	4	5	6	7	8	9	10	11	13	14	15	16	17	18	19	20	21	22	23	24	25	26	27	28	29	30	31	32	33	34	36	37	38	39	40	41	42	43	44	
0	2	3	4	5	6	7	8	10	11	12	13	14	15	16	17	18	19	20	21	22	23	25	26	27	28	29	31	32	33	34	35	36	37	38	39	40	41	42	43	44	
0	1	2	3	4	5	6	8	10	11	12	13	14	15	16	17	18	19	20	21	22	23	24	25	26	27	28	29	30	31	32	33	34	35	36	37	38	39	40	41	42	44	
0	1	2	3	4	5	6	7	8	9	10	11	12	13	14	16	17	18	19	20	22	23	24	25	26	27	28	29	30	31	32	33	34	35	37	38	39	40	42	43	44	
0	1	2	3	4	5	6	7	8	9	10	11	12	13	14	15	16	17	18	19	20	21	22	23	24	25	26	27	28	29	31	32	34	35	37	38	39	41	42	43	44	
0	1	3	4	5	6	7	9	10	11	12	13	14	15	16	17	18	19	20	21	22	23	24	25	26	27	28	29	31	32	33	34	35	36	37	38	39	40	41	42	43	44	
0	1	2	3	5	6	7	8	9	10	11	12	13	14	15	16	17	18	19	20	21	22	23	24	25	26	27	28	29	30	31	32	33	34	35	36	37	38	39	40	41	42	43	44	
0	1	2	3	4	5	6	7	8	9	10	11	12	13	14	15	16	17	18	19	20	21	22	23	24	25	26	27	28	29	30	31	32	33	34	35	36	37	38	39	40	41	42	43	44	
0	1	2	3	4	5	6	7	8	9	10	11	12	13	14	15	16	17	18	19	20	21	22	23	24	25	26	27	28	29	30	31	32	33	34	35	36	37	38	39	40	41	42	43	44	
0	1	2	3	4	5	6	7	9	10	11	12	14	15	16	17	18	19	20	21	22	23	24	25	26	27	28	29	30	31	32	33	35	36	37	38	40	41	42	43	44	
0	1	2	3	4	5	6	7	9	10	11	12	13	14	15	16	17	18	19	20	21	22	24	25	26	28	29	30	31	32	33	35	36	37	38	39	40	41	42	43	44	
0	1	2	3	4	5	6	7	8	9	10	11	12	13	14	15	16	17	18	19	20	21	22	23	24	25	26	27	28	29	30	31	32	33	34	35	36	37	38	39	40	41	42	43	44	
0	1	2	3	4	5	6	7	8	9	11	12	13	14	15	16	17	18	19	20	21	22	23	24	25	26	27	28	29	30	31	33	34	35	36	37	38	39	40	41	42	43	44	
0	1	2	3	4	5	6	7	8	9	10	11	12	13	14	15	16	17	18	19	20	21	22	24	25	26	27	28	29	30	31	32	33	34	36	37	38	39	40	41	42	43	44	
0	1	2	3	4	5	6	7	8	9	10	11	12	13	14	15	16	17	18	19	20	21	22	23	24	25	26	27	28	29	30	31	32	33	34	35	36	37	38	39	41	42	43	
0	1	2	3	4	5	6	7	8	9	10	11	12	13	14	15	16	17	18	19	20	21	22	23	24	25	26	27	28	29	30	31	32	33	34	35	36	37	38	39	40	41	42	43	44	
0	1	2	3	5	6	7	8	9	10	11	12	13	14	15	16	17	18	19	20	21	22	23	24	25	26	27	28	29	30	31	32	33	34	35	36	38	39	40	41	42	43	44	
0	1	2	3	4	5	6	7	8	9	10	11	12	13	14	15	18	19	20	21	22	24	25	26	27	28	29	30	31	32	33	34	35	36	37	38	39	40	41	42	43	44	
0	1	2	3	4	5	6	7	8	9	10	11	12	13	14	15	16	17	18	19	20	21	22	23	24	25	26	27	28	29	30	31	33	34	35	36	37	38	39	40	41	42	44	
0	1	2	3	4	5	6	7	8	10	11	12	14	15	16	17	18	19	20	21	22	23	24	25	26	28	29	30	31	32	33	34	35	36	37	38	39	40	41	42	43	44	
0	1	2	3	4	5	6	7	9	10	11	12	13	14	15	16	17	18	19	20	21	22	23	24	25	26	27	28	29	30	31	32	33	34	35	36	37	38	39	40	41	42	43	
0	1	2	3	4	5	6	7	8	9	10	11	12	13	14	15	16	17	18	19	20	21	22	23	24	25	26	27	28	29	30	31	32	33	34	35	36	37	38	39	40	41	42	43	44	
0	1	2	3	4	5	6	7	8	9	11	13	14	15	16	17	18	20	21	22	23	24	25	26	27	28	29	30	31	32	33	34	35	36	37	39	40	41	42	43	44	
0	1	2	3	4	5	6	8	9	10	11	12	14	15	16	17	18	19	20	21	22	23	24	25	26	27	28	29	30	31	33	35	36	37	38	39	40	41	42	43	44	
0	1	2	3	4	5	6	7	8	9	12	13	14	15	16	17	18	19	21	23	24	25	26	27	28	29	30	31	32	33	34	35	36	37	38	39	40	41	42	43	44	
0	1	2	3	4	5	6	7	8	9	10	11	12	13	14	15	16	17	19	21	22	23	24	25	27	28	29	30	31	32	33	34	35	36	37	38	39	40	41	42	43	44	
0	1	2	4	5	6	7	8	9	10	11	12	13	14	15	16	17	18	19	20	21	22	23	24	25	26	27	29	30	31	32	33	34	35	36	37	38	39	40	41	42	43	44	
0	1	2	3	4	5	6	7	8	9	10	11	12	13	14	15	16	17	18	19	20	21	22	23	24	25	26	27	28	29	30	31	32	33	34	35	36	37	38	39	41	42	43	44	
0	1	2	3	4	5	6	7	8	9	10	11	12	13	14	15	16	17	18	19	20	21	22	23	24	25	27	28	29	30	31	32	33	35	36	37	38	39	40	41	42	43	44	
0	1	2	3	4	5	6	7	8	9	10	11	12	13	14	15	16	17	18	19	20	21	22	23	24	25	26	27	28	30	31	32	33	34	35	37	38	39	40	41	42	43	44	
0	1	2	3	4	5	6	7	8	9	10	11	12	13	14	15	16	17	18	19	20	21	22	23	24	25	26	27	28	29	30	31	32	33	34	35	36	37	38	39	40	41	42	43	44	
0	1	2	3	4	5	6	7	8	9	10	11	12	13	14	15	16	17	18	19	20	21	22	23	24	25	26	27	28	29	30	31	32	33	34	35	36	37	38	39	40	41	42	43	44	
0	1	2	3	4	5	6	7	8	9	10	11	12	13	14	15	16	17	18	19	20	21	22	23	24	25	26	27	28	29	30	31	32	33	34	35	36	37	38	39	40	41	42	43	44	
0	1	2	3	4	5	6	7	8	9	10	11	12	13	14	15	16	17	18	19	21	22	23	24	25	26	27	28	29	30	31	32	33	34	35	36	37	38	39	40	42	43	
0	1	2	3	4	5	6	7	8	9	10	11	12	13	14	15	16	17	18	19	20	21	22	23	24	25	26	27	28	29	30	31	32	33	34	35	36	37	38	39	40	41	42	43	44	
0	1	2	4	5	6	7	8	9	10	11	12	13	15	16	17	18	19	20	21	22	23	24	25	26	27	28	29	30	31	32	33	34	35	36	37	38	39	40	41	42	43	44	
0	1	2	3	4	5	6	7	9	10	11	12	13	14	15	16	17	18	19	20	21	22	23	24	25	26	27	28	29	30	31	32	34	35	36	37	38	39	40	41	42	43	44	
0	1	2	3	4	5	6	7	8	9	10	11	12	13	14	15	16	18	19	21	22	23	24	25	26	27	28	30	31	32	33	34	35	36	37	38	39	40	41	43	44	
0	1	2	3	4	5	7	8	9	10	11	12	13	14	17	18	19	20	21	22	23	24	25	26	28	29	30	31	32	33	34	35	36	37	38	39	40	41	42	43	44	
0	1	2	3	4	5	6	7	8	9	10	11	12	14	15	16	17	18	19	20	21	22	23	25	26	27	28	29	31	32	33	34	35	36	37	38	39	41	42	43	44	
0	1	2	3	4	5	6	7	8	9	10	11	12	13	14	15	17	18	19	20	21	22	23	24	25	26	27	28	29	31	32	33	34	35	36	37	38	39	40	41	42	43	44	
0	1	2	3	4	5	6	7	8	10	11	12	13	14	15	16	17	18	19	20	21	22	23	24	25	26	27	28	29	30	31	32	33	34	35	36	37	38	39	40	41	42	43	44	
0	1	2	3	4	5	6	7	8	9	10	12	13	14	15	16	17	18	19	20	21	22	23	24	25	26	27	28	30	31	32	33	34	35	36	37	39	40	41	42	43	44	
0	1	2	3	4	5	6	7	8	9	10	11	12	13	14	15	16	17	18	19	20	21	22	23	24	25	26	27	28	29	30	31	32	33	34	35	36	37	38	39	40	41	42	43	44	
0	1	2	3	4	5	6	7	8	9	10	11	12	13	14	15	16	17	18	19	20	22	23	24	25	26	27	28	29	30	31	32	33	35	36	38	39	40	41	42	43	
0	1	2	3	4	5	6	7	8	9	10	11	12	13	14	15	16	17	18	19	20	21	22	23	24	25	26	27	29	30	31	32	33	34	35	36	37	38	39	40	41	42	43	44	
0	1	2	3	4	5	6	7	8	9	11	12	13	14	15	16	18	19	20	21	22	23	24	25	26	27	28	29	30	31	32	33	34	35	36	38	39	40	41	42	43	44	
0	1	2	3	5	6	8	9	10	11	12	13	14	15	16	17	18	19	20	23	24	25	26	27	28	29	30	31	32	33	34	35	36	37	38	39	40	41	42	43	44	
0	1	2	3	4	5	6	7	8	9	10	11	12	13	14	15	16	17	18	19	20	21	22	23	24	25	26	27	28	29	30	31	32	33	34	35	36	37	38	39	40	41	42	43	44	
0	1	2	3	4	5	6	7	8	9	10	11	12	13	15	16	17	18	19	20	21	22	23	24	25	26	27	29	30	31	33	34	35	36	37	38	39	40	41	42	43	44	
0	1	2	3	4	5	6	7	8	9	10	11	12	13	14	15	16	17	18	19	20	21	22	23	24	25	26	27	28	29	30	31	33	34	35	36	37	38	39	40	41	42	43	44	
0	1	2	3	4	5	6	8	9	11	12	13	14	15	16	17	18	19	20	22	23	24	26	27	28	29	30	31	32	33	34	35	36	37	38	39	40	41	42	43	44	
0	1	2	3	4	5	6	7	8	9	10	11	12	13	14	15	16	17	18	19	20	21	22	23	24	25	26	27	28	30	31	32	33	34	35	36	37	38	39	40	41	42	43	44	
0	1	2	4	5	6	7	8	9	10	11	12	13	14	15	16	17	18	19	20	21	22	23	24	25	26	27	28	29	30	32	33	34	35	36	37	38	39	40	41	42	43	44	
0	1	3	4	5	6	7	8	9	10	11	12	13	14	15	17	18	19	20	21	22	23	24	25	26	27	28	29	30	31	32	33	34	36	37	39	40	41	42	43	44	
0	1	2	3	4	5	6	7	8	9	10	11	12	13	14	15	16	17	18	19	20	22	23	24	25	26	27	28	29	30	31	32	33	34	35	36	37	38	39	40	42	43	44	
0	1	2	3	4	5	6	7	8	9	10	11	12	13	14	15	16	17	18	19	20	21	22	23	24	25	26	27	28	29	30	31	32	33	34	35	36	37	38	39	40	41	42	43	44	
0	1	2	3	4	5	7	8	9	10	11	12	13	14	15	16	17	18	19	20	21	22	23	25	26	27	28	29	30	31	32	33	35	36	37	38	39	40	41	42	44	
0	1	2	3	4	5	6	7	8	9	10	11	12	13	14	15	16	17	18	20	21	22	23	24	25	26	27	28	29	30	31	32	33	34	35	37	38	40	41	42	43	44	
0	1	2	3	4	5	6	7	8	10	13	14	15	16	17	18	19	20	21	22	23	24	25	26	27	28	29	30	31	32	33	34	35	36	37	38	40	41	42	43	44	
0	1	2	3	4	5	6	7	8	9	10	11	12	13	14	15	16	17	19	20	21	22	23	24	25	26	27	28	29	30	31	32	33	34	35	36	37	38	39	40	41	42	43	44	
0	1	2	3	4	5	6	7	9	11	12	13	14	15	16	17	18	19	20	21	22	23	24	25	26	27	28	29	30	32	33	34	35	37	38	39	40	41	42	43	44	
0	1	2	3	4	5	6	8	9	10	11	12	13	14	15	16	17	18	19	20	21	22	23	24	25	26	27	28	29	30	31	32	33	34	35	36	37	38	39	40	41	42	43	44	
0	1	2	3	4	5	6	7	8	9	10	11	12	13	14	15	16	17	18	19	20	21	22	23	24	25	26	27	28	29	30	32	33	35	36	37	39	40	41	42	44	
0	1	2	3	4	5	6	7	8	9	10	11	12	13	14	15	16	17	18	19	20	21	22	23	24	26	27	28	29	30	31	32	33	34	35	36	37	38	39	40	41	42	43	44	
0	1	2	3	4	5	6	7	8	9	10	11	12	14	15	16	17	18	20	21	22	23	24	25	26	27	28	29	30	31	32	33	34	35	36	37	38	39	40	41	42	44	
0	1	2	3	4	5	6	7	8	9	10	11	12	13	14	16	17	18	19	20	21	22	23	24	25	26	27	28	29	30	31	32	33	34	35	36	37	38	39	40	41	43	44	
0	1	2	3	4	5	6	7	8	9	10	11	12	13	14	15	16	17	18	19	20	21	22	23	24	25	26	27	28	29	30	31	32	34	35	36	37	38	39	40	41	42	43	44	
1	2	4	5	6	7	8	9	10	11	12	13	14	15	16	17	18	19	20	21	22	23	24	25	26	27	28	29	30	31	32	33	34	35	36	37	40	41	42	43	44	
0	1	2	3	4	5	6	7	9	10	11	12	13	14	15	16	17	19	20	21	22	23	24	25	27	28	29	30	31	32	33	34	35	36	37	38	39	40	41	42	43	44	
0	1	3	4	5	6	7	8	9	10	11	12	13	14	15	16	17	18	19	20	21	22	23	24	25	26	27	28	29	30	31	32	33	34	35	36	37	38	39	40	41	42	43	44	
0	1	2	3	4	5	6	7	8	9	10	11	12	13	14	15	16	17	18	19	20	21	22	23	24	25	26	27	28	29	30	31	32	33	34	35	36	37	38	39	40	41	42	43	44	
0	1	2	3	5	6	7	8	9	10	11	12	13	14	15	16	17	18	19	20	21	22	23	24	25	26	27	28	29	30	31	32	33	34	35	36	37	38	39	40	41	42	43	44	
0	1	2	3	4	5	6	7	8	9	10	11	12	13	14	15	16	17	18	19	21	22	23	24	25	26	29	30	31	32	33	34	35	36	37	38	39	40	42	43	44	
0	1	2	3	4	5	6	7	8	9	10	11	12	13	14	15	16	17	18	19	20	21	23	24	25	26	28	29	30	31	32	33	34	35	36	37	38	40	41	42	43	
0	1	2	4	5	6	7	8	9	10	11	12	13	14	15	16	17	18	19	20	21	22	23	24	25	26	27	28	29	30	31	32	33	34	35	36	37	38	39	41	43	44	
0	1	2	3	4	5	6	7	8	9	10	11	12	13	14	15	16	17	18	19	20	21	22	23	25	26	27	28	29	30	31	33	34	35	36	37	38	39	40	41	42	43	44	
0	1	2	3	4	5	6	7	8	9	10	11	12	13	14	15	16	17	18	20	21	22	23	24	25	26	27	28	29	30	31	32	33	34	35	36	37	38	39	41	42	43	44	
0	1	2	3	4	5	6	7	8	9	10	11	12	13	14	15	16	17	18	19	20	21	22	23	24	25	26	27	29	30	31	32	33	34	35	36	38	39	40	41	42	43	44	
0	1	2	3	4	6	7	8	9	10	11	12	13	14	15	16	17	18	19	20	21	22	23	24	25	26	27	28	29	30	31	32	33	34	35	36	37	38	39	40	41	42	43	44	
0	1	2	3	4	5	6	7	8	9	10	11	12	13	15	16	18	19	20	21	22	23	24	25	26	27	28	29	30	33	34	35	36	37	38	39	40	41	42	43	44	
0	1	2	3	4	5	6	7	8	9	10	11	12	13	14	15	16	17	18	19	20	22	23	24	25	26	27	28	29	30	31	32	33	34	35	36	37	38	39	41	42	43	44	
1	2	3	4	5	6	7	8	9	10	11	12	13	14	15	16	17	18	19	20	22	23	24	25	26	27	28	29	30	32	33	34	35	36	37	38	39	40	41	43	44	
0	1	2	3	4	5	6	7	8	9	10	11	12	13	14	16	17	18	19	20	21	22	23	24	25	26	27	28	29	30	31	32	33	34	35	36	37	38	39	40	41	42	43	44	
0	1	2	3	4	5	6	7	8	9	10	11	12	14	15	16	17	18	19	20	21	22	23	24	25	26	27	29	30	31	32	34	35	36	37	38	39	40	41	42	43	44	
0	1	2	3	4	5	6	7	8	9	10	11	12	13	14	15	16	17	18	19	20	21	22	23	24	25	26	27	28	29	30	31	32	33	34	35	36	37	38	39	40	41	42	43	44	
0	1	2	3	4	5	6	7	8	9	10	11	12	13	14	15	16	17	18	19	20	21	22	23	24	25	26	27	28	29	30	31	32	33	34	35	36	37	38	39	40	41	42	43	44	
0	1	2	3	4	5	6	7	8	9	10	11	12	13	14	15	16	17	18	19	20	21	22	23	24	25	26	27	28	29	30	31	32	33	34	35	36	37	38	39	40	41	42	43	44	
0	1	2	3	4	6	7	9	10	11	12	13	14	15	16	17	18	19	20	21	22	23	24	25	26	27	28	29	30	31	32	33	34	36	38	39	40	41	42	43	44	
0	1	3	4	6	8	9	10	11	12	13	14	15	16	17	18	19	20	21	22	23	24	25	26	27	28	29	30	31	32	33	34	35	36	37	38	39	40	41	42	43	44	
0	1	2	3	4	5	6	7	8	9	11	12	13	14	15	16	17	18	19	20	21	22	23	24	25	26	27	28	29	30	31	32	33	34	35	36	37	38	39	40	41	42	43	44	
0	1	2	3	4	5	6	8	9	10	11	12	13	14	15	16	17	18	20	21	22	23	25	26	27	28	29	30	31	33	34	35	36	37	38	39	40	41	42	43	44	
0	1	2	3	4	5	6	7	8	9	11	12	13	14	15	16	17	18	19	20	21	22	23	24	25	26	27	28	29	30	31	32	33	34	35	36	37	38	39	40	42	43	44	
0	1	2	3	4	5	6	7	8	9	10	11	12	13	14	15	16	17	18	19	20	21	22	23	24	25	26	27	28	29	30	31	32	33	34	35	36	37	38	39	40	41	42	43	44	
0	1	2	3	4	5	7	8	9	10	11	12	13	14	15	16	17	18	19	20	21	22	23	24	25	26	27	28	29	30	31	32	33	34	35	36	37	38	39	40	41	43	44	
0	1	2	3	4	5	6	7	8	9	10	11	12	14	15	16	18	19	20	21	22	23	24	25	26	27	28	29	30	31	32	33	34	35	36	37	38	39	40	41	42	43	44	
0	1	2	3	4	5	6	7	8	9	10	11	12	14	15	16	17	18	19	20	21	22	23	24	25	26	27	28	29	30	31	32	34	35	36	37	38	39	40	41	42	43	
0	1	2	3	4	5	6	7	8	9	10	11	12	13	14	15	16	17	19	20	21	22	23	24	25	26	27	28	29	30	31	32	33	34	35	36	37	38	39	40	41	42	43	44	
0	1	2	3	4	5	6	7	8	9	10	11	12	13	14	16	17	18	19	20	21	23	25	26	27	28	29	30	31	32	33	34	35	36	37	38	39	40	41	42	43	44	
0	1	2	3	4	5	6	7	8	9	10	11	12	13	14	15	16	17	18	19	20	21	22	23	25	26	27	28	29	30	31	32	33	34	35	36	37	38	39	40	41	42	43	44	
0	1	2	3	4	5	6	7	8	9	10	11	12	13	14	15	16	17	18	19	20	21	22	23	24	25	26	27	28	29	30	31	32	33	34	35	36	37	38	39	40	41	42	43	44	
0	1	2	3	4	5	6	7	8	9	10	12	14	15	16	17	18	20	21	22	23	24	25	26	27	28	29	30	31	32	33	34	35	36	37	38	39	40	41	42	44	
0	2	3	4	5	6	7	8	9	10	11	12	13	14	15	16	17	18	19	20	21	22	23	24	25	26	27	28	29	30	31	32	33	34	35	36	37	38	39	40	41	42	43	44	
0	1	2	3	4	5	7	8	9	10	11	12	13	14	15	16	17	18	19	20	21	22	23	24	25	26	27	29	30	31	32	33	34	35	36	37	38	39	40	41	42	43	44	
0	1	2	3	4	5	6	7	8	9	10	11	12	13	15	16	17	18	19	20	21	22	23	24	25	26	27	28	29	30	31	32	33	34	35	36	37	38	39	42	43	44	
1	2	3	4	6	7	8	9	10	12	13	14	15	16	17	18	19	20	21	22	23	24	25	26	27	28	29	30	31	32	33	34	35	36	37	38	39	41	42	43	44	
0	1	2	3	4	5	6	7	8	9	10	11	12	13	14	15	16	17	18	19	20	21	22	23	24	25	26	27	28	29	30	31	32	33	34	35	36	37	38	39	40	41	42	43	44	
0	1	2	3	4	5	6	7	9	10	11	12	13	14	15	16	17	18	19	20	21	22	23	24	25	26	27	28	29	30	31	32	33	34	35	36	37	38	39	41	42	43	
0	1	2	3	4	5	6	7	8	9	10	11	12	13	14	15	16	17	18	19	20	21	22	23	24	25	26	27	28	29	30	31	32	34	35	36	37	38	39	40	41	42	43	44	
0	1	2	3	4	5	6	7	8	9	10	11	12	13	14	15	16	17	18	19	20	21	22	23	24	25	26	27	28	29	30	31	32	33	34	35	36	37	38	39	40	41	42	43	44	
0	1	2	3	4	6	7	9	10	11	12	13	14	15	16	17	18	19	20	21	22	23	24	25	28	29	30	31	32	33	34	35	36	37	38	39	40	41	42	43	44	
0	1	2	3	4	5	6	7	8	10	12	14	15	16	17	18	19	20	21	22	23	24	25	26	27	28	29	30	31	32	33	34	35	36	37	38	39	41	42	43	44	
0	1	2	3	4	5	6	7	8	9	11	12	13	14	15	16	17	18	19	20	21	22	23	25	26	27	28	29	30	31	32	33	34	35	36	39	40	41	42	43	44	
0	1	2	3	4	5	6	7	8	9	10	11	12	13	14	15	16	17	18	19	20	21	22	23	24	25	26	27	28	29	30	31	32	33	34	35	36	37	38	39	40	41	42	43	44	
0	1	2	3	4	5	6	7	8	9	10	11	12	13	14	15	16	17	18	19	20	21	22	23	24	25	26	27	28	29	30	31	32	33	34	35	36	38	39	40	41	42	43	44	
0	1	2	3	4	5	6	8	9	10	11	12	13	14	15	16	17	18	19	20	21	23	24	25	26	27	28	29	30	31	32	33	34	35	37	38	39	40	41	42	43	44	
0	1	3	4	5	6	7	8	10	11	12	13	14	15	16	17	18	19	20	21	22	23	24	25	26	27	28	29	30	31	32	33	34	35	36	37	38	39	40	41	42	43	44	
0	1	2	3	4	5	6	7	8	9	10	11	12	13	14	15	16	17	18	19	20	21	22	23	24	25	26	27	28	29	30	31	32	33	34	35	36	37	38	39	40	41	42	43	44	
0	1	2	3	4	5	6	7	8	9	10	11	12	13	15	16	17	18	19	20	21	22	23	24	25	26	27	28	29	30	31	32	33	34	35	36	37	38	39	40	41	42	43	44	
0	1	2	3	4	5	6	7	8	10	11	12	13	14	15	17	18	19	20	21	22	23	25	26	27	28	29	30	31	32	33	34	35	36	37	38	39	40	41	42	44	
0	1	2	3	4	5	6	7	8	9	10	11	12	13	14	15	16	17	18	19	20	21	22	23	24	25	26	27	28	29	30	32	33	34	35	36	37	38	39	40	41	42	43	44	
0	1	2	3	4	5	6	7	8	10	11	12	13	14	15	16	17	18	19	20	21	22	23	24	25	26	27	28	29	30	31	33	34	35	36	37	38	39	40	42	43	44	
0	1	2	3	4	5	6	7	8	9	10	11	12	13	14	15	16	17	18	19	20	21	22	23	24	25	26	27	28	29	30	31	32	33	34	35	36	37	38	39	40	41	42	43	44	
0	1	2	3	4	6	7	8	9	10	11	12	13	14	15	16	17	18	19	20	21	22	23	25	26	27	28	29	30	31	32	34	35	36	37	38	39	40	41	42	43	44	
0	1	2	3	4	5	6	7	8	9	10	11	12	13	14	15	16	17	18	19	20	21	22	23	24	25	26	27	29	30	31	32	33	34	35	36	38	39	40	41	43	44	
0	1	2	4	5	6	7	8	9	10	11	12	13	15	16	17	18	19	20	21	22	23	24	25	26	27	28	29	30	31	32	33	34	35	36	37	38	39	40	41	42	43	44	
0	1	2	3	4	5	6	7	8	9	10	11	12	13	14	15	16	17	18	19	20	21	22	23	24	25	26	27	28	29	30	31	32	33	34	35	36	37	38	39	40	41	42	43	44	
0	1	2	3	4	5	6	7	8	9	10	11	12	13	14	15	16	17	18	19	20	21	22	24	25	26	27	28	29	30	31	32	33	34	35	36	37	38	39	40	41	42	43	44	
0	2	3	4	5	6	7	8	9	10	11	12	13	14	15	17	18	19	20	21	22	23	24	25	26	27	28	29	30	31	33	34	35	37	38	39	40	41	42	43	44	
0	1	2	3	4	5	6	7	8	9	10	11	12	14	15	16	17	18	19	21	22	23	24	25	26	27	28	29	30	31	32	33	34	35	36	37	38	39	40	41	42	43	
0	1	2	3	4	5	6	7	8	9	10	11	12	14	15	16	17	18	19	20	21	22	23	24	25	26	27	28	29	30	31	32	33	34	36	37	38	39	40	41	42	43	44	
0	1	3	4	5	6	7	8	9	10	11	12	13	14	15	16	17	18	19	20	21	22	23	24	25	26	27	28	29	30	31	32	33	35	36	37	38	39	40	41	43	44	
0	1	2	3	4	5	6	7	8	9	10	11	12	13	14	15	16	17	18	19	20	21	22	23	24	25	26	27	28	29	30	32	33	34	35	36	37	38	39	40	41	42	43	44	
0	1	2	3	4	5	6	7	8	9	10	11	12	13	14	15	16	17	18	19	20	21	22	23	24	25	26	27	28	29	30	31	32	33	34	35	36	38	39	40	41	42	43	44	
0	1	2	3	4	5	6	7	8	9	10	11	12	13	14	15	16	17	18	19	20	21	22	23	24	25	26	27	28	29	30	31	32	33	35	36	38	39	40	41	42	43	44	
0	1	2	3	4	6	7	8	9	10	11	12	13	14	16	17	18	19	20	21	22	23	24	25	26	28	29	30	31	32	33	34	35	36	37	38	39	40	41	42	43	44	
0	1	2	3	4	5	6	7	8	10	11	12	13	14	15	16	17	18	19	20	21	22	23	24	25	26	27	28	29	30	31	32	33	34	35	36	37	38	40	41	42	43	44	
0	1	2	3	4	6	7	8	9	10	11	12	13	14	15	16	17	18	19	20	21	22	23	24	25	26	27	28	29	30	31	32	33	34	35	36	38	39	40	41	43	44	
0	1	2	3	4	5	6	7	9	10	11	12	14	15	16	17	18	19	20	21	22	23	24	26	27	28	29	30	31	32	33	34	35	36	37	38	40	41	42	43	44	
0	1	2	3	4	5	6	7	8	9	10	11	13	14	15	16	17	18	19	20	21	22	23	24	25	26	27	28	30	31	32	33	34	35	37	38	39	40	41	42	43	44	
0	1	2	3	4	5	6	7	8	9	10	12	13	14	15	16	17	18	19	20	22	23	24	25	26	27	28	29	30	31	32	33	34	35	36	37	38	39	40	41	42	43	44	
0	1	2	3	4	5	6	7	8	9	10	11	12	13	14	15	16	18	19	20	21	22	23	24	25	26	27	28	29	30	31	32	33	34	35	36	37	38	39	40	41	42	43	44	
1	2	3	4	5	6	7	8	9	10	11	12	13	14	15	16	17	18	19	20	21	22	24	25	26	27	28	29	30	31	32	33	34	35	36	37	38	39	40	41	42	43	
0	1	2	3	4	5	6	7	8	9	10	11	12	13	14	15	16	17	18	19	20	21	22	23	24	25	26	27	28	29	30	31	32	33	34	35	36	37	38	39	40	41	42	43	44	
0	1	2	3	4	5	6	7	8	9	10	11	12	14	15	16	17	18	19	20	21	23	24	25	26	27	28	29	30	31	32	33	34	35	36	37	38	39	40	41	42	43	44	
0	1	2	3	4	5	6	7	8	9	10	11	12	13	14	15	16	17	18	19	20	21	22	23	24	25	26	27	28	29	30	31	32	33	34	35	36	37	38	39	40	41	42	43	44	
0	1	2	3	4	5	6	7	8	9	10	11	12	13	14	15	16	17	18	19	20	21	22	23	24	25	26	27	28	29	30	31	32	33	34	35	36	37	38	39	40	41	42	43	44	
0	1	2	3	4	5	6	7	8	9	10	11	12	13	14	15	16	17	18	19	20	21	22	23	24	25	26	27	28	29	30	31	32	33	34	35	36	37	38	39	40	41	42	43	44	
0	1	2	3	4	5	6	7	8	9	10	11	12	13	14	15	16	17	18	20	21	22	24	25	26	27	28	29	30	31	32	33	34	35	36	38	39	40	41	42	43	44	
0	1	2	3	4	5	6	7	8	9	10	11	12	13	14	15	16	17	18	19	20	21	22	23	24	25	26	27	28	29	30	31	32	33	34	35	36	37	38	39	40	41	42	43	44	
0	1	2	3	4	5	6	7	8	9	10	11	12	13	14	15	16	17	18	19	20	21	22	23	24	25	26	27	28	29	30	31	32	33	34	35	36	37	38	39	40	41	42	43	44	
0	1	2	3	4	5	6	7	8	10	11	12	13	14	15	16	17	18	19	20	21	22	23	25	26	28	29	30	31	32	33	34	35	36	37	38	40	41	42	43	44	
0	1	2	3	4	5	6	7	8	9	10	11	12	13	14	15	16	17	18	19	22	23	24	25	26	27	28	30	31	32	33	34	35	36	37	38	39	40	41	42	43	44	
1	2	3	4	6	7	8	9	10	11	12	13	14	15	16	17	19	20	21	22	23	24	25	26	27	28	29	30	31	32	33	34	35	36	37	38	39	40	41	42	43	44	
0	1	2	3	4	5	6	7	8	9	10	11	12	13	14	15	18	19	20	21	22	23	24	25	26	27	28	29	30	31	32	33	34	35	36	37	38	39	40	41	42	43	44	
0	1	4	5	6	7	9	10	11	12	13	14	15	16	17	18	19	20	21	22	23	24	25	26	27	28	30	31	32	33	34	35	36	37	38	39	40	41	42	43	44	
0	1	2	3	4	5	6	7	8	10	11	12	13	14	15	16	17	18	19	20	21	23	24	25	26	27	28	29	30	31	32	33	34	36	37	38	39	40	41	42	43	
0	1	2	3	4	5	6	7	9	10	11	12	13	14	15	16	17	18	19	20	21	22	23	24	25	26	27	28	29	30	31	32	33	34	35	36	37	38	39	40	41	42	43	
0	1	3	4	5	6	7	9	10	11	12	13	14	15	16	17	18	19	20	21	23	24	25	26	27	28	29	30	31	32	33	34	35	36	37	38	39	40	41	42	43	44	
0	1	2	3	4	6	7	8	9	10	11	12	14	15	16	17	18	19	20	21	22	23	24	25	26	27	28	29	30	31	32	33	34	35	36	37	38	39	40	42	43	44	
0	2	3	4	5	7	8	9	10	11	12	13	14	15	16	17	18	19	21	22	23	24	25	26	27	28	29	30	31	32	33	34	35	36	37	38	39	40	41	42	43	44	
0	1	2	3	4	5	6	7	8	9	10	11	12	13	14	15	16	17	18	19	20	21	22	23	24	25	26	27	28	29	30	31	32	33	34	35	36	37	38	39	40	41	42	43	44	
0	1	2	3	4	5	6	7	8	9	10	11	12	13	14	15	16	17	18	19	20	21	22	23	24	25	26	27	28	29	30	31	32	33	34	35	36	37	38	39	40	41	42	43	44	
0	1	2	4	5	6	7	8	10	11	12	13	14	15	16	17	18	19	21	22	23	24	26	27	28	29	30	31	32	33	34	35	36	37	38	39	40	41	42	43	44	
0	1	2	3	4	5	6	7	8	9	10	11	12	13	14	15	16	17	18	19	20	21	22	23	24	25	26	27	28	29	30	31	33	34	35	36	37	38	39	40	41	42	43	44	
0	1	2	3	4	5	6	7	8	9	10	11	12	13	14	15	16	17	18	19	20	21	22	23	24	25	26	27	28	29	30	31	32	33	34	35	36	37	38	39	40	41	42	43	44	
0	1	2	3	4	5	6	7	8	9	10	11	12	13	14	15	16	17	18	19	20	21	22	23	24	25	26	27	29	31	32	33	34	35	36	37	38	39	40	41	42	43	44	
0	1	2	3	4	5	6	7	8	9	10	11	12	13	14	15	17	18	19	20	21	22	23	24	25	26	27	28	29	30	31	32	33	34	35	36	37	38	39	41	42	43	44	
0	1	2	3	4	6	7	8	9	10	11	12	13	14	15	16	17	18	19	20	21	22	23	24	25	26	27	28	29	30	31	32	33	34	35	36	37	38	39	40	41	42	44	
0	1	2	3	4	5	6	7	8	10	11	12	13	14	15	16	17	18	19	20	21	22	23	24	25	26	27	28	29	30	31	32	33	34	35	36	37	38	39	40	41	42	43	44	
0	1	2	3	4	5	6	7	9	10	11	12	13	14	15	16	17	18	19	20	21	22	23	24	25	26	27	28	29	30	31	32	33	34	35	36	37	38	39	40	41	42	43	44	
0	1	2	3	4	5	6	7	8	9	10	11	12	13	14	15	16	17	18	19	20	21	22	23	24	25	26	27	28	29	30	31	32	33	34	35	36	37	38	39	40	41	42	43	44	
0	1	2	3	4	5	6	7	8	9	10	11	12	13	14	15	16	17	18	19	20	21	22	23	24	25	26	27	28	29	30	31	32	33	34	35	36	37	38	39	40	41	42	43	44	
0	1	2	3	4	5	6	7	8	9	10	11	12	14	15	16	17	18	19	20	21	22	24	25	26	27	28	29	31	32	33	34	35	36	37	38	39	40	41	42	43	44	
0	1	2	3	4	5	6	7	8	9	10	11	12	13	14	15	16	17	18	19	20	21	22	23	24	25	26	27	28	29	30	31	32	33	34	35	36	37	38	39	40	41	42	43	44	
0	1	2	3	4	5	6	7	8	9	10	11	12	13	15	16	17	18	19	20	21	22	23	24	25	26	27	28	29	30	31	32	34	35	36	37	38	40	41	42	43	44	
0	1	2	3	4	5	6	7	8	9	10	11	12	13	14	15	16	17	18	19	20	21	22	23	24	25	26	27	28	29	30	31	32	33	34	35	36	37	38	39	40	41	42	43	44	
0	1	2	3	4	5	6	7	8	9	10	11	12	13	14	15	16	17	18	19	20	21	22	23	24	25	26	27	28	29	30	31	32	33	34	35	36	37	38	40	41	42	43	44	
1	2	3	4	5	6	7	9	10	11	12	13	14	15	16	17	18	19	20	21	22	25	26	27	28	29	30	31	32	33	34	35	36	37	38	39	40	41	42	43	44	
0	1	2	3	4	5	6	7	8	10	12	13	14	15	16	17	18	19	20	21	22	23	24	25	26	28	29	30	31	32	34	35	36	37	38	39	40	41	42	43	44	
0	1	2	3	4	5	6	7	8	9	10	11	12	13	14	15	16	17	18	19	20	21	22	23	24	25	26	27	28	29	30	31	32	33	34	35	36	37	38	39	40	41	42	43	44	
1	2	3	4	5	6	7	8	9	11	12	13	14	15	16	18	19	20	21	22	23	24	25	26	27	29	30	31	32	33	34	35	36	37	38	39	40	41	42	43	44	
0	1	2	4	5	6	7	8	9	10	11	12	13	14	15	17	18	19	20	21	22	23	24	25	26	27	29	30	31	32	33	34	35	37	38	39	40	41	42	43	44	
0	1	2	3	4	5	6	7	8	9	10	11	12	13	14	15	16	17	18	19	20	21	22	23	24	26	27	28	29	30	31	32	33	34	35	37	38	39	40	41	42	43	44	
0	1	2	3	4	5	6	7	8	9	10	11	12	13	14	15	16	17	18	19	20	21	22	23	24	25	28	29	31	32	33	34	35	36	37	38	39	40	41	43	44	
0	1	2	3	4	5	6	7	8	9	10	11	12	13	14	15	16	17	18	19	20	21	22	23	24	25	26	28	29	30	31	33	34	35	36	37	38	39	40	41	42	43	44	
0	1	2	3	4	5	6	7	8	9	10	11	12	14	15	16	17	18	19	20	21	22	23	24	25	26	27	28	29	31	32	34	35	36	37	38	39	40	41	42	43	44	
0	1	2	4	5	6	8	9	10	11	12	13	14	15	16	17	18	19	20	21	22	23	25	26	27	28	30	31	32	33	34	35	36	37	38	39	40	41	42	43	44	
0	1	2	3	4	5	6	7	8	9	10	11	12	13	14	15	16	17	18	19	20	21	22	23	24	25	26	27	28	29	30	31	32	33	34	35	36	37	38	39	40	41	42	43	44	
0	1	2	3	4	6	7	8	10	11	12	13	14	15	16	17	18	19	20	21	22	23	24	25	26	27	28	30	31	32	33	35	36	37	38	39	40	41	42	43	44	
0	1	2	3	4	6	8	9	10	11	13	14	15	16	17	18	19	20	21	22	23	24	25	26	27	28	29	30	31	32	33	34	35	36	37	38	39	40	41	42	43	44	
0	1	2	3	4	5	6	7	8	9	10	11	12	13	14	15	16	17	18	19	20	22	23	24	25	26	27	28	29	30	31	32	33	34	35	37	39	40	41	42	43	44	
0	1	2	3	4	5	6	7	8	9	10	11	12	13	14	15	17	18	19	20	21	22	23	24	25	26	27	28	29	30	31	32	33	34	35	36	37	38	39	40	41	42	43	44	
0	1	2	3	4	5	7	8	9	10	11	12	13	14	15	16	17	18	19	20	21	22	23	24	25	26	27	28	29	30	31	32	33	34	35	36	37	38	39	40	41	42	43	44	
0	1	2	3	4	5	6	7	8	9	10	11	12	13	14	15	16	17	18	19	20	21	22	23	24	25	26	27	28	29	30	31	32	33	34	36	37	38	39	40	41	42	43	44	
0	1	2	3	4	5	6	7	8	9	10	11	12	13	14	15	16	18	19	20	21	22	23	24	25	26	27	28	29	30	31	32	33	35	36	37	38	39	40	41	42	43	44	
0	1	2	3	4	5	6	7	8	9	10	11	12	13	14	16	17	18	19	20	21	22	23	24	25	26	27	28	29	30	31	32	33	34	35	36	37	38	39	40	41	42	43	44	
0	1	2	3	4	5	6	7	8	9	10	11	12	13	14	15	16	17	18	19	20	21	22	24	25	26	27	29	30	31	32	33	34	35	36	37	38	39	40	41	42	43	44	
0	1	2	3	4	5	6	7	8	9	10	11	12	13	14	15	16	17	18	19	20	21	22	23	24	25	26	27	28	29	30	31	32	33	34	35	36	37	38	39	40	41	42	43	44	
0	1	2	3	4	5	6	7	8	9	10	11	12	13	14	15	16	17	18	19	20	21	22	23	24	25	26	28	29	30	31	32	33	35	36	37	38	39	40	41	42	43	44	
0	1	2	3	4	5	6	7	8	9	11	12	13	14	15	17	18	19	20	21	22	23	24	25	26	27	28	29	30	32	33	34	35	36	37	38	39	40	41	42	43	44	
0	1	2	3	4	5	6	7	8	9	10	11	12	13	14	15	16	17	18	19	20	21	22	23	24	25	26	27	28	29	30	31	32	33	34	35	36	37	38	39	40	41	42	43	44	
0	1	2	3	4	5	6	7	8	9	10	11	12	13	14	15	16	17	18	20	21	22	23	24	25	26	27	28	29	31	32	33	34	35	36	37	38	39	40	41	42	43	44	
0	1	2	3	4	5	6	7	8	9	10	11	12	13	14	15	17	18	19	20	21	22	24	25	26	27	28	29	30	31	32	33	34	35	36	37	38	39	40	41	42	43	
0	1	3	4	5	6	7	8	9	11	12	13	14	15	16	17	18	19	20	21	22	23	24	25	26	27	28	29	30	31	32	33	34	35	36	37	38	39	40	41	42	43	44	
0	1	2	3	4	5	6	7	8	9	10	11	12	13	14	15	16	17	18	19	20	21	22	23	24	25	26	27	28	29	30	31	32	34	36	37	38	39	40	41	42	43	44	
0	1	2	3	4	5	6	8	9	10	11	12	13	14	15	16	17	18	19	20	21	22	23	24	25	26	27	28	29	30	31	32	33	34	35	36	37	38	39	40	41	42	43	44	
0	1	3	5	6	7	8	9	10	11	12	13	14	15	16	17	18	19	20	21	23	24	25	26	27	28	29	30	31	32	33	34	35	36	37	39	40	41	42	43	44	
1	2	3	4	5	6	7	8	9	10	11	12	13	15	16	17	18	20	21	22	23	24	25	26	27	28	30	31	32	33	34	35	36	37	38	39	40	41	42	43	44	
0	1	2	3	5	6	7	8	9	10	11	12	13	14	15	16	17	18	19	20	21	22	23	24	25	26	28	29	30	31	32	33	34	35	36	37	38	39	40	42	43	44	
0	1	2	3	4	5	6	7	8	9	10	11	12	13	14	15	16	17	18	19	20	21	22	23	24	25	26	27	28	29	30	31	32	33	34	35	36	37	38	39	40	42	43	44	
0	1	2	3	4	5	6	8	9	10	12	13	14	15	16	17	18	19	20	21	22	23	24	25	26	27	28	29	30	31	33	34	35	36	37	38	39	40	41	42	43	44	
0	1	2	3	4	6	7	8	9	10	12	13	14	15	16	17	18	19	20	21	22	23	24	25	26	27	28	29	30	31	33	35	36	37	38	39	40	41	42	43	44	
0	1	2	3	4	5	6	7	9	10	11	12	13	14	15	16	17	18	19	20	21	22	23	24	25	26	27	28	29	30	32	33	34	35	36	37	39	40	41	42	43	44	
0	1	2	3	4	5	6	7	8	9	10	11	12	13	14	15	16	17	18	19	20	21	22	23	24	25	26	27	28	29	30	32	33	34	35	36	37	38	39	40	41	42	43	44	
0	1	2	3	4	5	6	7	8	9	10	11	12	13	14	15	16	17	18	19	20	21	22	23	24	25	26	27	28	29	30	31	32	33	34	35	36	37	38	39	40	41	42	43	44	
0	1	2	3	4	5	6	7	8	9	10	11	12	13	14	15	16	17	18	19	20	21	22	24	25	26	27	28	29	30	31	32	33	34	35	36	37	38	39	40	41	42	43	44	
0	1	2	3	4	5	6	7	8	9	10	11	12	13	14	15	16	17	19	20	21	22	23	24	25	26	27	28	29	30	31	32	33	34	35	36	37	38	39	40	41	42	43	44	
0	1	2	3	4	5	6	7	8	9	10	11	12	13	14	15	16	17	18	19	20	21	22	23	24	26	27	28	29	32	33	34	35	36	37	38	39	40	41	42	43	44	
0	1	2	3	4	6	8	9	10	11	12	13	14	15	16	17	18	19	20	21	22	24	25	26	27	28	29	30	31	32	33	34	35	36	37	38	39	40	41	42	43	44	
0	1	2	3	4	5	6	7	8	9	10	11	12	13	14	15	16	17	18	19	20	21	22	23	24	25	26	27	28	29	30	31	32	33	34	35	36	37	38	39	40	41	42	43	44	
0	1	2	3	4	5	6	7	8	9	10	11	12	13	14	15	16	17	18	19	20	21	22	23	24	25	26	27	28	29	30	31	32	33	34	35	36	37	38	39	40	41	42	43	44	
0	1	2	3	4	5	6	7	8	9	10	11	12	14	15	16	17	18	19	21	22	23	24	25	26	27	28	29	30	31	33	34	35	36	37	38	39	40	41	42	43	44	
0	1	2	3	4	5	6	7	8	9	10	11	12	13	14	15	17	18	19	20	21	22	23	24	25	26	27	28	29	32	33	34	35	36	37	38	39	40	41	42	44	
0	1	2	3	4	5	6	7	8	9	10	11	12	13	14	15	16	17	18	19	20	21	22	23	24	25	26	27	28	29	30	31	32	33	34	35	36	37	38	39	40	41	42	43	44	
0	1	2	3	4	5	6	7	8	9	10	11	12	13	14	16	17	18	19	20	21	22	23	24	25	26	27	28	29	30	31	32	33	34	35	36	37	38	39	40	41	42	43	44	
0	1	2	3	5	6	7	8	9	10	11	12	13	14	15	16	17	18	19	20	21	22	23	24	25	26	27	28	29	30	31	32	33	34	35	36	37	38	39	40	41	42	43	
0	1	2	3	4	5	6	7	8	9	10	11	12	13	14	15	16	17	18	19	20	21	22	23	24	25	26	27	28	29	30	31	32	33	34	35	36	37	38	39	40	41	42	43	44	
0	1	2	3	4	5	6	7	8	9	10	11	12	13	14	15	16	17	19	20	21	22	23	24	25	26	27	28	29	30	31	32	33	34	36	37	38	39	40	41	42	43	44	
0	1	2	3	6	7	8	9	10	11	12	13	14	15	16	17	18	19	20	21	22	23	24	26	27	28	29	30	31	32	33	34	35	36	37	38	39	40	41	42	43	44	
0	2	3	4	5	6	7	8	9	10	11	12	13	15	16	17	18	19	20	21	22	23	24	25	26	27	28	29	30	31	32	33	35	36	38	39	40	41	42	43	44	
0	1	2	3	4	6	7	8	9	10	11	12	13	14	15	16	17	18	19	20	21	22	23	24	25	26	27	28	29	30	31	32	33	34	35	36	38	39	40	41	42	43	44	
0	1	2	3	4	5	6	7	8	9	10	11	12	13	14	15	16	17	18	19	20	21	22	23	24	25	26	27	28	29	30	31	32	33	34	35	36	37	38	39	40	41	42	43	44	
0	1	2	3	4	5	6	7	8	9	10	11	12	13	14	15	16	17	18	19	20	21	22	23	24	25	26	27	28	29	30	31	32	33	34	35	36	37	38	39	41	42	43	44	
0	1	2	3	4	5	6	7	8	9	10	11	12	13	14	16	17	18	19	20	21	22	23	24	25	26	27	28	29	30	31	32	33	34	35	36	37	38	39	40	41	42	43	44	
0	2	3	4	5	6	7	8	9	10	11	12	13	14	16	17	18	19	20	21	22	23	24	25	26	27	28	29	30	31	32	33	34	35	36	37	38	40	42	43	44	
0	1	2	4	5	6	7	8	9	10	11	12	14	15	16	17	18	19	20	21	22	23	24	25	26	27	28	29	30	31	32	33	34	35	36	38	39	40	42	43	44	
0	2	3	4	5	6	7	8	9	10	12	13	14	15	16	17	18	19	20	21	22	23	24	25	26	27	28	29	30	31	32	33	34	35	36	37	38	39	40	41	42	43	44	
1	2	3	4	5	6	8	10	11	12	13	14	15	16	17	18	19	20	21	22	23	24	25	26	27	28	29	30	31	32	33	34	35	36	37	38	39	40	41	42	43	44	
0	1	2	3	4	5	6	7	8	9	10	11	12	13	14	15	16	17	18	19	20	21	22	23	24	25	26	27	28	29	30	31	32	33	34	35	36	37	38	39	40	41	42	43	44	
0	1	4	5	7	8	9	10	11	12	13	14	15	16	17	18	19	20	21	22	23	24	25	26	27	28	29	30	31	32	33	34	35	36	37	38	39	40	42	43	44	
0	1	2	3	4	5	6	7	8	9	10	11	12	13	14	15	16	17	18	19	20	21	22	23	24	25	26	27	28	29	30	31	32	33	34	35	36	37	38	39	40	41	42	43	44	
0	1	2	3	4	5	6	7	8	9	10	11	12	13	14	15	16	17	18	20	21	22	23	24	25	26	27	28	29	30	31	32	33	34	35	36	37	38	39	40	41	42	43	44	
0	1	2	4	5	7	8	9	10	11	13	14	15	16	17	18	19	20	21	22	23	24	25	26	27	28	29	30	31	32	33	35	36	37	38	39	40	41	42	43	44	
0	1	2	3	4	5	6	7	9	10	11	12	13	14	15	16	17	18	19	20	21	22	23	24	26	27	28	29	30	31	32	33	34	35	36	37	38	39	40	41	42	43	44	
0	1	2	3	4	5	6	7	8	9	10	11	12	13	14	15	16	17	18	19	20	21	22	23	24	25	27	28	29	30	31	32	33	34	35	36	37	38	39	40	41	42	
1	2	3	4	5	6	7	8	9	10	11	12	13	14	15	16	17	18	19	20	21	22	23	24	25	26	28	29	30	31	32	33	34	35	36	37	38	39	40	41	42	43	44	
0	1	2	4	5	6	7	8	9	10	11	12	13	14	15	16	17	18	19	20	21	22	23	24	25	26	27	28	29	30	32	33	34	35	36	37	38	40	41	42	43	44	
0	1	2	3	4	5	6	7	8	9	10	11	12	13	14	15	16	18	19	20	21	22	23	24	25	26	27	28	29	31	32	33	34	35	36	37	38	39	40	41	42	43	
0	1	2	3	5	6	7	10	11	12	13	14	15	16	17	18	19	20	21	22	23	24	25	26	27	28	29	30	31	32	33	34	35	36	37	38	39	40	41	42	43	44	
0	1	2	3	4	5	6	7	8	9	10	11	12	13	14	15	16	17	18	19	20	21	22	23	24	25	26	27	28	29	30	31	32	33	34	35	36	37	38	39	40	41	42	43	44	
0	1	2	3	4	5	6	7	8	9	10	11	12	13	14	15	16	17	18	19	20	21	22	23	24	25	26	27	28	29	30	31	32	33	34	35	36	37	38	39	40	41	42	43	44	
0	1	2	3	4	5	6	7	8	9	10	11	12	13	14	15	16	17	18	19	20	22	23	24	25	26	27	28	29	30	31	32	33	34	35	36	37	38	39	41	42	43	44	
0	1	2	3	4	5	7	8	9	10	11	12	13	14	15	16	17	18	19	20	21	22	23	24	25	26	27	28	29	30	31	32	33	34	35	36	37	38	39	40	41	42	43	44	
0	1	2	3	4	5	6	7	8	9	10	12	13	14	15	16	17	18	19	20	21	22	23	24	25	27	28	29	30	31	32	33	34	35	36	37	38	39	40	41	42	43	44	
0	1	2	3	4	5	6	7	8	9	10	11	12	13	14	15	16	17	18	19	20	21	22	23	24	25	26	27	28	29	30	31	32	34	35	37	38	39	41	42	43	44	
0	1	2	3	4	5	6	7	8	9	10	11	12	13	14	15	16	17	18	20	21	22	23	24	25	26	27	28	29	30	31	32	33	34	35	36	37	38	39	40	41	42	43	44	
0	1	2	3	4	5	6	7	8	9	10	11	12	13	14	15	16	17	18	19	20	21	22	23	24	25	26	27	28	29	30	31	32	33	34	35	36	37	38	39	40	41	42	43	44	
0	1	2	3	4	5	6	7	8	10	11	12	13	16	17	18	19	20	21	22	23	24	25	26	27	28	29	30	31	32	33	34	35	36	37	38	39	40	41	42	43	44	
0	1	2	3	4	5	6	7	8	9	10	11	12	13	15	16	17	18	19	20	21	22	23	24	25	26	27	28	29	30	31	32	33	34	35	36	37	38	39	40	41	42	43	44	
0	1	2	3	5	7	8	9	10	11	12	13	14	15	16	17	18	19	20	21	22	23	24	25	26	27	28	29	30	31	33	34	35	36	37	38	39	40	41	42	43	44	
0	1	2	3	4	5	6	7	8	9	10	11	12	13	14	15	16	17	18	19	20	21	23	24	25	26	27	28	29	30	31	32	33	34	35	36	37	38	39	40	41	42	43	44	
0	1	2	3	4	5	6	7	8	9	10	11	12	13	14	15	16	17	18	20	21	22	23	24	25	26	27	28	29	30	31	32	33	34	35	36	37	38	39	40	41	42	43	44	
0	1	2	3	4	5	6	7	8	9	10	11	12	13	15	16	17	18	19	20	21	23	24	25	26	27	28	29	30	31	32	33	34	35	36	37	38	39	40	42	43	44	
0	1	2	3	4	5	6	7	8	9	10	11	12	13	14	15	16	17	18	19	20	21	22	23	24	25	26	27	28	29	30	31	32	33	34	35	36	37	38	39	40	42	43	44	
0	1	2	3	4	5	6	7	8	9	10	11	12	13	14	15	16	17	18	19	20	21	22	23	24	25	26	27	28	29	30	31	32	33	34	35	36	37	38	39	40	41	42	43	44	
0	2	3	4	5	6	7	8	9	10	11	12	14	15	16	17	19	20	21	22	23	24	25	26	27	28	29	30	31	32	33	35	36	37	38	39	40	41	42	43	44	
0	1	3	4	5	6	7	8	9	10	11	12	13	14	15	16	17	18	19	20	22	23	24	25	26	27	28	29	30	31	32	33	34	35	36	37	38	39	40	41	42	43	44	
0	1	2	3	4	5	6	7	8	9	10	11	12	13	14	15	16	17	18	19	20	21	23	24	25	26	27	28	29	30	31	32	33	34	37	38	39	40	41	42	43	44	
0	1	2	3	4	5	6	7	8	9	10	11	12	13	14	15	16	17	18	19	20	21	22	23	24	25	26	27	28	29	30	31	32	33	34	35	36	37	38	39	40	41	42	43	44	
0	1	2	3	4	5	6	7	8	9	10	11	12	13	14	15	16	17	18	19	20	21	22	23	24	25	26	27	28	29	30	31	32	33	34	35	36	37	38	39	40	41	42	43	44	
0	1	2	3	4	5	6	7	8	9	10	11	12	13	14	15	16	17	18	19	20	21	22	23	24	25	26	27	28	29	30	31	32	33	34	35	36	37	38	39	40	41	42	43	44	
0	1	3	4	5	6	7	8	9	10	11	12	13	14	15	16	17	18	19	20	21	22	23	24	25	26	28	29	30	31	32	33	34	36	37	38	39	40	41	42	43	44	
0	1	2	3	4	5	6	7	8	9	10	11	12	13	14	15	16	18	19	20	21	22	23	24	25	26	29	30	32	33	34	35	36	37	38	39	40	41	42	43	44	
0	1	2	3	4	5	6	7	8	9	10	11	12	13	14	15	16	17	18	19	20	21	22	23	24	26	27	28	29	30	31	32	33	34	35	36	37	38	39	40	41	42	43	44	
0	1	2	3	4	5	6	7	8	9	11	12	13	14	15	16	17	18	19	20	21	22	23	24	25	26	27	28	29	30	31	32	33	34	35	36	37	39	40	41	42	43	44	
0	1	2	3	5	6	7	8	9	10	11	12	13	14	15	16	17	18	19	20	21	22	23	24	25	26	27	28	29	30	32	33	34	35	36	37	38	40	41	42	43	44	
0	1	2	3	4	5	6	7	8	9	10	11	12	13	14	15	16	17	18	19	20	21	22	23	24	25	26	27	28	30	31	32	33	34	35	36	37	38	39	40	41	42	43	44	
0	1	3	4	5	6	7	8	9	10	11	12	13	14	15	16	17	18	19	20	21	22	23	25	26	27	28	29	30	31	32	34	35	36	37	38	39	40	41	42	43	
0	2	3	4	5	7	8	9	10	11	12	13	14	15	16	17	19	20	21	22	23	25	26	27	28	29	30	31	32	33	34	35	36	37	38	39	40	41	42	43	44	
0	1	2	3	4	5	7	8	9	10	11	12	13	14	17	18	19	20	21	22	23	24	25	26	27	28	30	31	32	33	34	35	36	37	38	39	40	41	42	43	44	
0	1	2	3	4	5	6	7	8	9	10	11	12	13	14	15	16	17	18	19	20	21	22	23	24	25	26	27	28	29	30	31	32	33	34	35	36	37	38	39	40	41	42	43	44	
0	1	2	3	4	5	7	8	9	10	11	12	13	14	15	16	17	18	19	20	21	22	23	24	25	27	28	29	30	31	32	33	34	35	36	37	38	39	40	41	42	43	44	
0	1	2	3	4	5	6	7	8	9	10	11	12	13	14	15	16	17	18	19	20	21	22	23	24	25	26	27	28	29	30	31	32	33	34	35	36	37	38	39	40	41	42	43	44	
0	1	3	4	5	6	7	8	10	11	12	13	14	15	16	17	18	20	21	22	23	24	25	26	27	28	29	31	32	33	34	35	36	37	38	39	40	41	42	43	44	
0	1	2	3	4	5	6	7	8	9	11	12	13	14	16	17	18	19	20	21	22	23	24	25	26	27	28	29	31	32	33	35	36	37	38	39	40	41	42	43	44	
0	1	2	3	4	5	6	7	8	9	10	11	12	13	14	15	16	17	18	19	20	21	22	23	25	26	28	29	30	31	32	33	34	35	36	37	38	40	41	42	43	44	
0	1	2	3	4	5	7	8	9	10	11	12	13	14	15	16	17	19	20	21	22	23	24	26	27	28	29	30	31	32	33	34	35	36	37	38	39	41	42	43	44	
0	2	3	4	5	6	7	8	9	10	11	12	13	14	16	17	18	19	20	21	22	23	24	25	26	27	28	29	30	31	32	33	34	35	36	37	38	40	41	42	43	44	
1	2	3	5	6	7	9	10	11	12	13	14	15	16	18	19	20	21	22	23	24	25	26	27	28	29	30	31	32	33	34	35	36	37	38	39	40	41	42	43	44	
0	1	2	3	4	5	6	7	8	9	10	11	12	13	14	15	16	17	18	19	20	21	22	23	24	25	26	27	28	29	30	31	32	33	34	35	36	37	38	39	40	41	42	43	44	
0	1	2	3	4	5	6	7	8	9	10	11	12	13	14	15	16	17	18	19	20	21	22	23	24	25	26	27	28	29	30	31	32	33	34	35	36	38	39	40	41	42	43	44	
0	1	2	3	4	5	6	7	8	9	10	11	13	14	15	17	18	19	20	21	22	23	24	25	26	27	29	30	31	32	33	34	35	36	37	38	39	40	41	42	43	44	
0	1	2	3	4	5	6	7	8	10	11	12	13	14	15	16	17	18	19	20	21	22	24	25	26	27	28	29	30	31	32	33	34	35	36	37	38	39	40	41	42	43	44	
0	1	2	3	4	5	6	7	8	9	10	11	12	13	14	15	16	17	18	19	20	21	22	23	24	25	26	27	28	29	30	31	32	33	34	35	36	37	38	39	40	41	42	43	44	
0	1	2	3	4	5	6	7	8	9	10	11	12	13	14	15	16	17	18	19	20	21	22	23	24	25	26	27	28	29	30	31	32	33	34	35	36	37	38	39	40	41	43	44	
0	1	2	3	4	5	6	7	8	9	10	11	12	14	15	16	17	18	19	20	21	22	23	24	25	27	28	29	30	31	32	33	36	37	38	39	40	41	42	43	44	
0	1	2	3	4	5	6	7	8	9	10	11	12	13	15	16	17	18	19	20	21	22	23	24	25	26	27	28	29	30	31	32	33	34	35	36	37	38	39	40	41	42	43	44	
0	1	2	3	4	5	6	7	8	9	10	11	12	13	14	15	16	17	18	19	20	21	22	23	24	25	26	27	28	29	30	31	32	33	34	35	36	37	38	39	40	41	42	43	44	
0	1	2	3	4	5	6	7	8	9	10	11	12	13	14	15	16	17	18	19	20	21	22	23	24	25	26	27	28	29	30	31	32	33	34	35	36	37	38	39	40	41	42	43	44	
0	1	2	3	4	5	6	7	8	9	10	11	12	13	14	15	16	17	18	19	20	21	22	23	24	25	26	27	28	29	30	31	32	33	34	35	36	37	38	39	40	41	42	43	44	
0	1	2	3	4	5	6	7	8	9	10	12	13	14	15	17	18	19	20	21	22	23	24	25	26	27	28	29	30	31	32	33	34	35	36	37	38	39	40	41	42	44	
0	1	2	3	4	5	6	7	8	9	10	11	12	13	14	15	16	18	19	21	22	23	24	25	26	27	28	29	30	31	32	33	35	37	38	39	40	41	42	43	44	
1	2	4	5	6	7	8	9	10	11	12	13	14	15	17	18	19	20	21	22	23	24	25	26	27	28	29	30	31	32	33	34	35	36	37	38	39	40	41	42	43	44	
0	1	2	3	4	5	6	7	8	9	10	11	12	13	14	15	16	17	18	19	20	21	22	23	24	25	26	27	28	29	30	31	32	33	34	35	36	37	38	39	40	41	42	43	44	
0	1	2	3	4	5	7	8	9	10	11	12	13	14	15	16	17	18	19	20	21	22	23	24	25	26	27	28	29	30	31	32	33	34	35	36	37	38	39	40	41	42	43	44	
0	1	2	3	4	5	6	7	8	9	10	11	12	14	15	16	17	18	19	20	21	22	23	24	25	26	27	28	29	30	31	34	35	36	37	38	39	40	41	42	43	44	
0	1	2	3	5	6	7	8	9	10	11	12	13	14	15	16	17	18	19	20	21	23	24	26	27	28	29	30	31	32	33	34	35	36	37	38	39	40	41	42	43	44	
0	1	2	3	4	5	6	7	8	9	10	11	12	13	14	15	16	17	18	19	20	21	22	23	24	25	26	27	28	29	30	31	32	34	35	36	37	38	39	40	41	42	43	44	
0	1	2	3	4	5	6	8	9	10	11	12	13	14	15	16	17	18	19	21	22	24	25	26	27	28	29	30	31	32	33	34	35	36	37	38	39	40	41	42	43	44	
0	1	2	3	4	5	6	7	8	10	11	12	13	14	15	16	17	18	19	20	21	22	23	24	25	26	28	29	30	31	32	33	35	36	37	38	39	40	41	42	44	
0	1	2	4	5	6	7	8	9	10	11	13	14	15	16	17	18	20	21	22	23	24	25	26	27	28	29	30	31	32	33	34	35	36	37	38	39	40	41	42	43	44	
0	1	2	3	4	5	6	7	8	9	10	11	12	13	14	15	16	17	18	19	20	21	22	23	24	25	26	28	29	30	31	32	33	34	35	36	37	38	39	40	41	42	43	44	
0	1	2	3	4	5	6	7	8	9	10	11	12	13	14	15	16	17	18	19	20	21	22	23	24	25	26	27	28	29	30	31	32	33	34	35	36	37	38	39	40	41	42	43	44	
0	1	2	3	4	5	7	10	11	12	13	14	15	16	17	19	20	21	22	23	24	25	26	27	28	29	30	31	32	33	34	35	36	37	38	39	40	41	42	43	44	
0	1	2	3	4	5	6	7	8	9	10	11	12	13	14	15	16	17	18	19	20	21	22	23	24	25	26	27	28	29	30	31	32	33	34	35	36	37	38	39	40	41	42	43	44	
0	1	2	3	4	6	7	8	9	10	12	13	14	15	17	18	19	20	21	22	23	24	25	26	28	29	30	31	32	33	34	35	36	37	38	39	40	41	42	43	44	
1	2	3	4	6	7	8	9	10	12	13	14	15	16	17	18	20	21	22	23	24	25	26	27	28	29	30	31	32	33	34	35	36	37	38	39	40	41	42	43	44	
1	2	3	4	5	6	8	9	10	11	12	13	14	15	16	17	18	19	20	21	22	23	24	25	26	27	28	29	30	31	32	33	34	35	36	37	38	39	41	42	43	44	
0	1	2	3	4	5	6	7	8	9	10	11	12	13	14	16	17	18	19	20	21	22	23	24	25	26	27	28	29	30	31	32	33	34	35	36	37	38	39	40	41	42	43	44	
0	1	2	3	4	5	6	7	8	9	10	11	12	13	14	15	16	17	18	19	20	21	22	23	24	25	26	27	28	29	30	31	32	33	34	35	36	37	38	39	40	41	42	44	
0	1	2	3	4	5	6	7	8	9	10	11	12	13	14	15	16	17	18	19	21	22	23	24	25	26	27	28	29	30	31	32	33	34	35	36	37	38	39	40	41	42	43	
0	1	2	3	4	5	6	8	9	10	11	12	13	14	15	16	17	19	20	21	22	23	24	25	26	27	28	29	30	31	32	33	34	35	36	37	38	39	40	42	43	44	
0	1	2	3	4	5	6	7	8	9	10	11	12	13	14	15	16	18	19	20	21	22	23	24	25	26	27	28	29	30	31	32	33	34	35	36	37	38	39	40	41	42	43	44	
0	1	2	3	4	5	6	7	8	9	10	11	12	13	14	15	16	17	18	19	20	21	22	23	24	25	26	27	28	29	30	31	32	33	34	35	36	37	38	39	40	41	42	43	44	
0	1	2	3	4	5	6	7	8	9	10	11	12	14	15	16	17	18	19	20	21	22	23	24	25	26	27	28	29	30	31	32	33	34	35	36	37	38	39	40	41	42	43	44	
0	1	2	3	4	5	6	7	8	9	10	11	12	13	14	15	16	17	18	19	20	21	22	23	24	25	26	27	28	29	30	31	32	33	34	35	36	37	38	41	42	43	44	
0	1	2	3	4	5	6	7	8	9	10	11	12	13	14	15	16	17	18	19	20	21	22	23	24	26	27	28	29	30	31	32	33	34	35	36	37	38	39	40	41	42	43	44	
0	1	2	3	4	5	6	7	8	9	10	11	12	13	14	15	16	17	18	19	20	21	22	23	25	26	27	28	29	30	31	33	34	35	36	37	38	39	40	41	42	44	
1	2	3	4	5	6	7	8	9	11	12	13	14	15	16	19	20	21	22	23	24	25	26	27	28	29	30	31	32	33	34	35	36	37	38	39	40	41	42	43	44	
0	1	2	3	4	5	6	7	8	9	10	11	12	13	14	15	16	17	18	19	20	21	22	23	24	25	26	27	28	29	30	31	32	33	34	35	36	37	38	39	40	41	42	43	44	
0	1	2	3	4	5	6	7	9	10	11	12	13	14	15	16	17	18	20	21	22	23	24	25	26	27	28	29	30	31	32	33	34	35	36	38	39	40	42	43	44	
0	1	2	3	4	5	6	8	9	10	11	12	13	14	15	16	17	18	19	20	21	22	23	24	25	26	27	28	29	30	31	32	33	34	35	36	37	38	39	41	42	43	44	
0	1	2	3	4	5	6	7	8	9	10	11	12	13	14	15	16	17	18	19	20	21	22	23	24	25	26	27	28	29	31	32	33	34	35	36	37	38	39	40	41	42	43	44	
0	1	2	3	5	6	7	8	9	10	11	12	13	14	15	16	17	18	19	20	21	22	23	24	25	26	27	28	29	30	32	33	35	36	37	38	39	40	41	42	43	44	
0	1	2	3	4	5	6	7	8	9	10	11	12	13	14	15	16	17	18	19	20	21	22	23	24	26	27	28	29	31	32	33	34	35	36	37	38	39	40	41	42	44	
0	1	2	3	4	5	6	7	8	9	10	11	12	13	14	15	16	17	18	20	21	22	23	24	25	26	27	28	29	30	31	32	33	34	35	36	37	38	39	40	41	42	43	44	
0	1	3	4	5	6	7	8	9	10	11	13	14	15	16	17	18	20	21	22	23	24	26	27	28	29	30	31	32	33	34	35	36	37	38	39	40	41	42	43	44	
0	1	2	3	4	5	6	7	8	9	10	11	12	13	14	15	16	17	18	19	20	21	22	23	24	25	26	27	28	29	30	31	33	35	36	37	38	39	40	41	42	43	44	
0	1	2	3	5	6	7	8	9	10	11	12	13	14	15	16	17	18	19	20	21	22	23	24	25	27	28	29	30	31	32	34	35	36	37	38	40	41	42	43	44	
0	1	2	3	4	5	6	7	8	9	10	11	12	13	14	15	16	17	18	19	20	21	22	23	24	25	26	27	28	29	30	31	32	33	34	35	36	37	38	39	40	41	42	43	44	
0	1	2	3	4	5	6	7	8	9	10	11	12	13	14	15	16	17	18	19	20	21	22	23	24	25	26	27	28	29	30	31	32	33	34	35	36	37	38	39	40	41	42	43	44	
0	1	2	3	4	5	6	7	8	9	10	11	12	13	14	15	16	17	18	20	21	22	23	24	25	26	27	28	29	30	31	32	33	34	35	36	37	38	39	40	41	42	43	44	
0	1	2	3	4	5	6	7	8	9	10	11	12	13	14	16	17	18	19	20	21	22	23	24	25	27	28	29	30	31	32	33	34	35	36	37	38	39	40	41	42	43	44	
0	1	2	3	4	5	6	7	8	9	10	11	12	13	14	15	16	17	18	19	20	21	22	23	24	25	26	27	28	29	30	31	32	33	34	35	36	38	39	40	41	42	43	44	
0	1	2	3	4	5	6	7	8	9	10	11	12	13	15	16	17	18	19	20	21	22	24	25	26	27	28	29	30	32	34	35	36	37	38	39	40	41	42	43	44	
0	1	2	3	4	5	6	8	9	10	11	12	13	14	16	17	18	19	20	21	22	23	24	25	26	27	28	29	30	31	32	34	35	36	37	38	39	40	41	42	44	
0	1	2	3	4	5	6	7	8	9	10	11	12	13	14	15	17	18	19	20	21	22	24	25	26	27	28	29	30	31	32	33	34	35	36	37	38	39	40	41	42	43	44	
0	1	2	3	4	5	6	7	8	9	10	11	12	13	15	16	17	18	19	20	21	22	23	24	25	26	28	29	30	31	32	35	36	37	38	39	40	41	42	43	44	
0	1	2	3	4	5	6	7	8	10	11	12	14	15	16	17	18	19	20	21	22	23	24	25	26	27	29	30	31	32	33	34	35	36	37	38	39	40	41	42	43	
0	1	2	3	4	5	6	7	8	9	10	12	13	14	15	16	17	18	20	21	22	23	24	25	26	27	28	29	30	31	32	33	34	35	36	37	38	39	40	41	42	43	44	
0	1	2	3	4	5	6	7	8	9	10	11	12	13	14	15	16	17	18	19	20	21	23	24	25	27	29	30	31	32	33	34	35	36	37	38	39	40	41	42	43	44	
0	1	2	3	4	5	6	7	8	9	10	11	12	13	14	15	16	17	18	19	20	21	22	23	24	25	26	27	28	29	30	31	32	33	34	35	36	37	38	39	40	41	42	43	44	
0	1	2	3	4	5	6	7	8	10	11	12	13	14	15	16	17	18	20	22	23	25	26	27	28	29	30	31	32	33	34	35	36	37	38	39	40	41	42	43	44	
0	1	2	3	4	6	7	8	9	10	11	12	13	14	15	16	17	18	19	20	21	22	23	24	25	26	27	28	29	30	31	32	33	34	35	37	38	39	40	41	42	43	44	
0	1	2	3	4	5	6	7	8	9	10	11	12	13	14	15	16	17	18	19	20	21	22	23	24	25	26	27	28	29	30	31	32	33	34	35	36	37	38	39	40	41	42	43	44	
0	1	2	3	5	6	7	8	9	10	11	12	13	14	15	16	17	18	19	20	21	22	23	24	25	26	27	28	29	30	31	32	33	34	35	36	38	39	40	41	42	44	
0	1	2	3	4	5	7	8	9	10	11	12	13	14	15	16	17	18	19	20	21	22	23	24	25	26	28	29	30	31	32	33	34	35	36	37	38	39	40	41	42	43	44	
0	2	3	4	5	6	7	8	9	10	11	12	13	14	15	16	17	18	19	20	21	22	23	24	25	26	27	28	29	30	31	32	33	34	36	37	38	39	40	41	42	43	44	
0	1	3	5	6	7	8	9	10	11	12	13	14	15	16	17	18	19	20	21	22	23	24	25	26	27	28	29	30	31	32	33	34	35	36	37	38	39	40	41	42	43	44	
0	1	2	3	4	6	7	8	9	10	11	12	13	14	15	16	17	18	19	20	21	22	23	24	25	26	27	28	29	30	31	32	33	34	35	36	38	39	40	41	42	43	44	
0	1	2	3	4	5	7	8	9	10	11	12	13	14	15	17	18	19	20	21	22	23	24	25	26	27	28	29	30	32	33	34	35	36	37	38	39	40	41	42	43	44	
0	1	2	3	4	5	6	7	8	9	10	11	12	13	14	15	16	17	18	19	20	21	22	23	24	25	26	27	28	29	30	31	32	33	34	36	37	38	39	41	42	43	44	
0	1	2	3	4	5	6	7	8	9	10	11	13	14	15	16	17	18	19	20	21	22	23	24	25	26	27	28	29	30	31	32	34	35	36	38	39	40	41	42	43	
0	1	2	3	4	5	6	7	8	9	10	11	12	13	14	15	16	17	18	19	20	21	22	23	27	28	29	30	32	33	34	35	36	37	38	39	40	41	42	43	44	
0	1	2	3	4	5	6	7	8	9	10	11	12	13	14	15	16	17	18	19	20	22	23	24	25	26	27	28	29	30	31	32	33	34	35	37	38	39	40	41	42	43	44	
0	1	2	3	4	5	6	7	8	9	10	11	12	13	14	15	16	17	18	19	20	21	22	23	24	25	26	27	28	29	30	31	32	33	34	35	36	37	38	39	40	41	42	43	44	
0	1	2	3	4	5	6	7	8	9	10	11	12	13	14	15	16	17	18	19	20	21	22	23	24	25	26	27	28	29	30	31	32	33	34	35	36	37	38	39	40	41	42	43	44	
0	1	2	3	4	5	6	7	8	9	10	11	12	13	14	15	16	17	18	19	20	21	22	23	24	25	26	27	28	29	30	31	32	33	34	35	36	37	38	39	40	41	42	43	44	
0	1	2	3	4	5	6	7	8	9	10	11	12	13	14	15	16	17	18	19	20	21	22	23	24	25	26	27	28	30	31	32	33	34	35	36	37	38	39	40	41	42	43	44	
0	1	2	4	5	6	7	8	9	10	11	12	13	14	15	16	17	18	19	20	21	22	23	24	25	26	27	28	29	30	32	33	34	36	37	38	39	40	41	42	43	
0	1	2	3	4	5	6	7	8	9	10	11	12	13	14	15	16	17	18	19	20	21	22	23	24	25	26	27	28	29	30	31	32	33	34	35	36	37	38	39	40	41	42	43	44	
0	1	3	5	6	7	8	9	10	11	12	13	14	15	16	17	19	21	22	23	24	25	26	27	28	29	30	31	32	33	34	35	36	37	38	39	40	41	42	43	44	
0	1	2	3	4	5	6	7	8	9	10	11	12	13	14	15	16	17	18	19	20	21	22	23	25	26	27	28	29	30	31	32	33	34	35	36	37	38	39	40	41	42	43	44	
0	1	2	3	4	5	6	7	8	9	10	11	12	14	15	16	17	18	19	20	21	22	23	25	26	27	28	29	30	31	32	33	34	35	37	38	39	40	41	42	43	44	
0	1	2	3	4	5	6	7	8	9	10	11	13	14	15	16	17	18	19	20	21	22	23	24	25	26	27	28	29	30	31	32	33	34	35	36	37	38	39	40	41	42	43	44	
0	1	2	3	4	5	6	7	9	10	11	12	13	14	15	16	17	18	19	20	21	22	23	24	25	26	27	28	29	30	31	32	33	34	35	37	38	39	41	42	44	
0	1	2	3	4	5	6	7	8	9	10	11	12	13	14	15	16	17	18	19	20	21	22	23	24	25	26	27	28	29	30	31	32	33	34	35	36	37	38	39	40	41	42	43	44	
0	1	2	3	4	5	6	7	8	9	10	11	12	13	14	15	16	17	18	19	20	21	22	23	24	26	27	28	29	30	31	32	33	34	35	36	37	38	40	41	42	43	
0	1	2	3	4	5	6	7	8	9	10	11	13	14	15	16	17	19	20	21	22	23	25	26	27	28	29	30	31	32	33	34	35	36	38	39	40	41	42	43	44	
0	1	2	3	4	5	7	8	9	10	11	12	13	14	15	16	17	18	19	20	21	22	23	24	25	26	27	28	29	30	31	32	33	34	35	36	37	38	39	40	41	42	43	44	
0	1	2	3	4	5	6	7	8	9	10	11	12	13	14	15	16	17	18	19	20	21	22	23	24	25	26	27	28	29	30	31	32	33	34	35	36	37	38	39	40	41	42	43	
0	1	2	3	4	5	6	7	8	9	10	11	12	13	14	15	16	17	18	19	20	21	22	23	24	25	26	27	28	29	30	32	34	35	36	37	38	39	40	41	42	43	44	
0	1	2	3	4	5	6	7	8	9	10	11	12	13	14	15	16	17	18	19	20	21	22	23	24	25	26	27	28	29	30	31	32	33	34	35	36	37	38	39	40	41	42	43	44	
0	1	2	3	4	5	6	7	8	9	10	11	12	13	14	15	16	17	18	19	20	21	22	23	24	25	26	27	28	29	30	33	34	35	36	37	38	39	41	42	44	
0	1	2	3	4	5	6	7	8	9	10	11	12	13	14	15	16	17	18	19	21	22	23	24	25	26	28	29	30	31	32	34	35	36	37	38	39	40	41	42	43	44	
0	1	2	3	4	5	6	7	9	10	11	12	13	15	16	17	18	19	20	21	22	23	24	25	26	27	28	29	30	31	32	33	34	35	36	37	38	39	40	41	42	43	44	
0	1	2	3	4	5	6	7	8	9	10	11	12	13	14	15	16	17	18	19	20	21	22	23	24	25	26	27	28	29	30	31	32	33	34	35	36	37	38	39	40	41	42	43	44	
0	1	2	3	4	5	6	8	9	10	11	12	13	14	16	17	18	19	20	21	22	23	24	25	26	27	28	30	31	32	33	34	35	36	37	38	39	40	41	42	43	44	
0	1	2	3	4	5	6	7	8	9	10	11	12	13	14	15	17	18	19	20	21	22	23	24	25	26	27	28	29	30	31	32	33	34	35	36	37	38	39	40	41	42	43	44	
0	1	2	3	4	5	6	7	9	10	11	12	13	14	15	16	17	18	19	20	21	22	23	24	25	26	28	29	30	31	32	33	34	35	36	37	38	39	40	41	42	43	44	
0	1	2	3	4	5	6	7	8	9	10	11	12	13	14	15	16	17	18	19	20	21	22	23	24	25	26	27	28	29	30	31	32	33	34	35	36	37	38	39	40	41	42	43	44	
0	2	3	4	5	6	7	8	9	10	11	12	13	14	15	16	17	18	19	20	21	22	23	24	25	27	28	29	30	32	33	34	35	36	37	39	40	41	42	43	44	
0	1	2	3	5	6	7	8	9	10	11	12	13	14	15	16	17	18	19	20	21	22	23	24	25	26	27	28	29	30	31	32	33	34	35	36	37	38	39	40	41	42	43	
0	1	2	3	4	5	6	7	8	9	10	11	12	13	14	15	16	17	18	19	20	21	22	25	26	27	28	30	31	32	33	34	35	36	37	38	39	40	41	42	43	44	
0	1	2	3	4	5	6	7	8	9	10	11	12	13	14	15	16	17	18	19	20	22	23	24	25	26	27	28	29	30	31	32	33	34	35	36	37	38	39	40	41	42	43	44	
0	1	2	3	4	5	6	7	8	9	10	11	12	13	14	15	16	17	18	19	20	21	22	23	24	25	26	27	28	30	31	32	33	34	35	36	37	38	39	40	41	42	43	44	
0	1	3	4	5	6	7	8	9	10	11	12	13	14	15	16	17	18	19	20	21	22	23	24	25	26	27	29	31	32	33	34	35	36	37	38	39	40	41	42	43	44	
2	3	4	5	6	8	9	10	11	12	13	14	15	16	17	18	19	20	21	22	23	24	25	26	27	28	29	30	31	32	33	34	35	36	37	38	39	40	41	43	44	
0	1	2	3	4	5	6	7	8	9	10	11	12	13	14	15	16	17	18	19	20	21	22	23	24	25	26	27	28	29	30	31	32	33	34	35	36	37	38	39	40	41	42	43	44	
0	1	2	3	4	5	6	7	8	9	10	11	12	13	14	15	16	17	18	19	20	21	22	23	24	25	26	27	28	29	30	31	32	33	34	35	36	37	38	39	40	41	42	43	44	
1	2	3	5	6	7	8	9	10	12	13	14	15	16	17	18	19	20	21	22	23	24	25	26	27	28	29	30	31	33	34	35	36	37	38	39	40	41	42	43	44	
0	1	2	3	4	5	6	7	8	9	10	11	12	13	14	15	16	17	18	19	20	21	22	23	24	25	26	27	28	29	30	31	32	33	34	36	38	39	40	42	43	44	
0	1	2	3	4	5	6	7	8	9	10	11	12	13	14	15	16	17	18	19	20	21	22	23	24	25	26	27	28	29	30	31	32	33	34	35	36	37	38	39	40	41	42	43	44	
0	1	2	3	4	5	6	7	8	9	10	12	13	14	15	16	17	18	19	20	21	22	23	24	25	26	27	28	29	30	31	32	33	34	35	36	37	38	39	40	41	42	43	44	
0	1	2	3	4	5	6	7	8	9	10	11	12	13	14	15	16	17	18	19	20	21	22	23	24	25	26	27	28	29	30	31	32	33	34	35	36	37	38	39	40	41	42	43	44	
1	2	3	4	5	6	7	8	9	10	11	12	13	14	15	16	17	18	19	20	22	23	24	26	27	28	29	30	31	33	34	35	36	37	38	39	40	41	42	43	44	
0	1	2	3	4	5	6	7	9	10	11	12	13	14	15	16	17	18	19	20	21	22	23	24	25	26	27	28	29	30	31	32	33	34	35	36	37	38	39	40	41	42	43	44	
0	2	3	4	5	6	7	8	9	10	11	12	13	14	15	16	17	18	19	20	21	22	23	24	25	26	27	28	29	30	31	32	33	34	36	37	38	39	40	41	42	43	44	
0	1	2	3	4	5	6	7	8	9	10	11	12	13	14	15	16	17	18	19	20	21	22	23	24	25	26	27	28	29	30	31	32	33	34	35	36	37	38	39	40	41	42	43	44	
0	1	2	3	4	5	7	8	10	11	12	13	14	15	16	17	18	19	20	21	22	23	24	26	27	28	29	30	31	32	33	34	35	36	37	39	40	41	42	43	44	
0	1	2	3	4	5	7	8	9	10	11	12	13	14	15	16	17	18	19	20	21	22	23	24	25	26	27	28	29	30	31	32	33	34	35	36	37	38	39	40	41	42	43	
0	1	2	3	4	5	6	7	8	9	10	11	12	13	14	15	16	17	18	19	20	21	22	23	24	26	27	28	29	30	31	32	33	35	36	37	38	39	40	41	42	43	
0	1	2	3	4	5	6	7	8	9	10	11	12	13	14	15	16	17	18	19	20	21	22	23	24	25	26	27	28	29	30	31	32	33	34	35	36	37	38	39	40	41	42	43	44	
0	1	2	3	4	5	6	7	8	9	10	11	12	13	14	15	16	17	18	19	20	21	22	23	24	25	26	27	28	29	30	32	33	34	35	36	37	38	39	41	42	43	44	
0	1	2	3	4	5	6	7	8	9	10	12	13	14	15	16	17	18	19	20	21	22	23	24	26	27	28	29	30	31	32	33	34	35	36	37	38	39	40	41	42	43	44	
0	1	2	3	4	5	6	7	8	9	10	11	12	13	14	15	16	17	18	19	20	21	22	23	24	25	26	27	28	29	30	31	32	33	34	35	36	37	38	39	40	41	42	43	44	
0	1	2	3	4	5	6	7	8	9	10	11	12	13	14	15	16	18	19	20	21	22	23	24	25	26	27	28	29	30	31	33	34	35	37	39	40	41	42	43	44	
0	1	2	3	4	5	6	7	8	9	11	12	14	15	16	17	18	19	20	21	22	23	24	25	26	27	28	29	30	31	33	34	35	36	37	38	39	40	41	42	43	44	
1	2	3	4	5	6	7	8	10	11	12	13	14	15	16	17	18	19	20	21	22	23	24	25	26	27	28	29	30	31	32	33	34	35	36	37	38	39	40	41	42	43	
0	1	2	3	4	5	6	10	11	12	13	14	15	16	17	18	19	20	21	22	23	24	25	26	27	28	29	30	32	33	34	35	36	37	38	39	40	41	42	43	44	
0	1	2	3	4	6	7	8	9	10	11	12	13	14	15	16	17	18	19	21	22	23	24	25	26	27	28	29	30	31	32	33	34	35	36	37	38	39	40	41	42	43	
0	1	2	3	4	5	6	7	8	9	10	11	12	13	14	15	16	17	18	19	21	24	25	26	27	28	29	30	31	32	33	34	35	36	37	38	39	40	41	42	43	44	
0	1	2	3	4	5	6	7	8	9	10	11	12	13	14	15	16	17	18	19	20	21	22	23	25	26	27	28	29	30	32	33	34	35	36	37	38	39	40	41	42	43	44	
0	1	2	3	4	5	6	7	8	9	10	11	12	13	14	15	16	17	18	19	21	22	23	24	25	26	27	28	29	30	31	32	33	34	35	36	37	38	39	40	41	42	43	44	
0	1	2	3	4	5	6	7	8	9	11	12	13	14	15	16	18	19	20	21	22	23	24	25	26	27	28	29	30	31	32	33	34	35	36	37	38	39	40	41	42	43	44	
0	1	2	3	5	6	8	9	10	11	12	13	14	15	16	17	18	19	20	21	22	23	25	26	27	28	29	30	31	32	33	34	35	36	37	38	39	40	41	42	43	44	
0	1	2	3	4	5	6	7	8	9	10	11	12	14	15	16	17	18	20	21	22	23	24	25	26	27	28	29	30	31	32	33	34	35	36	37	38	39	40	41	42	43	44	
0	1	2	3	4	5	6	7	8	9	10	11	12	13	14	15	16	17	18	19	20	21	22	23	24	25	26	27	28	29	30	31	32	33	34	35	36	37	38	39	40	41	42	43	44	
0	1	3	4	5	6	7	8	9	10	11	12	13	14	15	16	17	18	19	20	22	23	24	25	26	27	28	29	30	31	32	33	35	36	37	38	39	40	41	42	43	44	
0	1	2	3	4	5	6	7	8	9	10	12	13	14	15	16	17	18	19	20	21	22	23	24	25	26	27	29	30	31	32	33	34	35	36	37	38	39	40	41	42	43	44	
0	1	3	4	5	6	7	8	9	10	11	12	14	15	16	17	19	20	21	22	23	24	25	26	27	28	29	30	31	32	33	34	35	36	37	38	39	41	42	43	44	
0	1	2	3	4	5	7	8	9	10	11	12	13	14	15	16	17	18	19	20	21	22	23	24	25	26	28	29	30	31	32	33	34	35	37	38	39	40	41	42	43	44	
0	1	2	3	4	5	6	7	8	9	10	11	12	13	14	15	16	17	18	19	20	22	23	24	25	26	27	28	29	31	32	33	34	35	36	38	39	40	41	42	43	44	
0	1	2	3	4	5	6	7	8	9	10	12	13	14	15	16	17	18	20	21	22	23	24	25	26	27	28	29	30	31	33	34	35	36	37	38	39	40	41	42	43	44	
0	1	2	3	4	5	6	7	8	9	10	11	12	13	14	15	16	17	18	19	20	21	22	23	24	25	26	27	28	29	30	31	32	33	34	35	36	37	38	39	40	41	42	43	44	
1	2	3	4	5	6	7	8	9	10	11	12	13	14	15	16	17	18	19	21	22	23	24	25	26	27	28	29	30	31	32	33	34	35	36	37	39	40	41	42	43	44	
0	1	2	3	4	5	6	7	8	9	10	11	12	13	14	15	16	17	18	19	20	21	22	23	24	25	26	27	28	29	30	31	32	33	34	35	36	37	38	39	40	41	42	43	44	
0	1	2	3	4	5	6	7	8	9	10	11	12	13	14	15	16	18	19	21	22	23	24	25	26	27	28	29	30	31	32	33	34	35	36	37	38	39	40	41	42	43	44	
0	1	2	3	4	5	6	7	8	9	10	11	12	13	14	15	16	17	18	19	20	21	22	23	24	26	27	28	29	30	31	32	33	34	36	37	39	40	41	42	43	44	
1	2	3	4	5	6	7	10	11	12	13	14	15	16	17	18	19	20	21	22	23	24	25	26	27	28	29	30	31	32	33	34	36	37	38	39	40	41	42	43	44	
0	1	2	3	4	5	6	7	8	9	10	11	12	13	14	15	16	17	18	19	20	21	22	23	24	25	26	27	28	29	30	31	32	33	34	35	36	37	38	39	40	41	42	43	44	
0	1	2	3	4	5	7	8	9	10	11	12	13	14	15	16	17	18	19	20	21	22	23	24	25	26	27	28	29	31	32	33	34	35	36	37	38	39	40	41	43	44	
0	1	2	3	4	5	6	7	8	9	10	11	13	14	15	16	18	19	20	21	22	23	24	25	27	28	29	30	31	32	33	34	35	36	37	38	39	40	41	42	43	44	
0	1	2	3	4	5	6	7	8	9	10	11	12	13	14	15	16	17	18	19	20	21	22	23	24	25	26	27	29	30	31	32	33	34	35	36	37	38	39	40	42	43	44	
0	2	3	4	5	6	7	8	9	10	11	12	13	14	15	17	18	19	20	21	22	23	24	25	26	28	29	30	31	32	33	34	35	36	38	39	40	41	42	43	44	
0	1	2	3	5	6	7	8	9	10	11	12	13	14	16	17	18	19	20	21	22	23	24	25	26	27	28	29	30	31	32	33	34	35	36	37	38	39	40	41	42	43	44	
0	1	2	3	4	5	6	7	8	9	10	11	12	13	14	15	16	17	18	19	20	21	22	23	24	25	26	27	28	29	30	31	32	33	34	35	36	37	38	39	40	41	42	43	44	
0	1	2	3	4	5	6	7	8	9	10	11	13	14	15	16	17	18	19	20	21	22	23	24	25	26	27	28	29	30	31	32	34	35	36	37	38	39	40	41	43	44	
0	1	2	3	4	5	6	7	9	10	11	12	13	14	15	16	17	18	19	21	22	23	24	25	26	27	28	29	30	31	33	34	35	36	37	38	39	40	41	42	43	44	
0	1	2	4	5	6	7	8	9	10	11	12	13	14	15	16	17	18	19	21	22	24	25	26	27	28	29	30	31	32	33	34	35	36	37	38	39	40	42	43	44	
0	1	2	3	4	5	6	7	8	9	10	11	12	13	14	15	16	17	18	19	20	21	22	23	24	25	26	27	28	29	30	31	32	33	34	35	36	37	38	39	40	41	42	43	44	
0	1	2	3	5	6	7	8	9	10	11	12	13	14	15	16	17	18	19	20	21	22	23	24	25	26	27	28	29	30	31	33	34	35	36	37	38	39	40	41	42	43	44	
0	2	3	4	5	6	7	8	9	10	11	12	13	14	15	16	17	18	19	20	21	22	23	24	25	26	27	28	29	30	31	32	33	34	35	36	37	38	39	42	43	44	
0	1	2	3	5	7	8	9	10	11	12	14	15	16	17	18	19	20	21	22	23	24	25	26	27	28	29	30	31	32	34	35	36	37	38	39	40	41	42	43	44	
0	1	2	3	4	5	6	7	8	9	10	11	12	13	14	15	16	17	18	19	20	21	22	23	24	25	26	27	28	29	30	31	32	33	34	35	36	37	38	39	40	41	42	43	44	
0	1	2	3	4	5	6	7	8	9	10	11	12	13	14	15	16	17	18	19	20	21	23	24	25	26	27	28	29	30	31	32	33	34	35	36	37	38	39	40	41	42	43	44	
0	1	2	3	4	5	6	7	8	9	10	11	12	13	14	15	16	17	18	19	20	21	22	23	24	25	27	28	29	30	31	32	33	34	35	38	39	40	41	42	43	44	
0	1	2	3	4	5	6	7	8	9	10	11	12	13	14	15	16	17	18	19	20	21	22	23	24	25	26	27	28	29	30	31	32	33	34	35	36	37	38	39	40	41	42	43	44	
0	1	2	3	4	5	6	7	8	9	10	11	12	13	14	15	17	18	19	20	21	22	23	24	25	26	27	28	29	30	31	32	33	34	35	36	37	38	39	40	41	42	43	44	
0	1	2	3	4	5	6	7	8	9	10	11	12	13	14	15	16	17	18	19	21	22	23	24	25	26	27	28	29	30	31	32	33	34	35	36	37	38	39	40	41	42	43	44	
0	1	2	3	4	5	6	7	8	9	10	11	12	13	14	16	17	18	19	20	21	22	23	24	25	27	28	29	30	31	32	33	34	35	36	37	38	39	40	41	43	44	
0	1	2	4	6	7	8	9	10	11	12	13	14	15	16	17	18	19	20	21	22	23	25	27	28	29	30	31	32	33	34	35	36	37	38	39	40	41	42	43	44	
0	1	2	3	4	5	6	7	8	9	11	12	13	14	16	17	18	19	20	21	22	23	24	25	26	27	28	29	30	31	32	33	34	35	36	37	39	40	41	42	43	44	
1	2	3	4	5	6	7	8	9	10	11	12	13	15	16	17	18	19	20	21	22	23	24	25	26	27	28	29	30	31	32	33	34	35	36	37	38	39	40	41	42	43	44	
0	1	2	3	4	5	6	7	8	9	10	11	12	13	14	15	16	17	18	19	21	22	24	25	26	28	29	30	31	32	33	34	35	36	37	38	39	40	41	42	43	44	
0	1	2	3	4	5	6	7	8	9	10	11	12	13	14	15	16	17	19	20	22	23	24	25	26	27	28	29	30	31	32	33	34	35	36	37	38	39	40	41	42	43	44	
0	1	2	3	4	5	6	7	8	9	10	11	12	13	15	16	17	18	19	20	21	22	23	24	25	26	27	28	30	31	32	33	34	35	37	38	39	40	41	43	44	
0	2	3	4	5	6	7	8	9	10	11	12	13	14	15	16	17	18	19	20	21	22	23	24	25	26	27	28	29	30	31	32	33	34	35	36	37	38	39	40	41	42	43	44	
0	1	2	3	4	5	7	8	9	11	12	13	14	15	16	17	18	19	20	21	22	23	24	25	26	27	28	30	31	32	33	34	35	36	37	38	39	40	41	42	43	44	
0	1	2	3	4	5	6	8	9	10	11	12	13	14	15	16	17	18	19	20	21	22	23	24	25	26	27	28	29	30	31	32	33	34	35	36	37	38	40	41	42	43	44	
0	1	2	3	4	5	6	7	8	9	10	11	12	14	15	16	17	18	19	20	21	22	23	24	26	27	28	29	30	32	33	34	35	36	37	38	39	40	41	42	43	44	
0	1	2	3	4	5	6	7	8	9	10	11	12	13	14	15	16	17	18	19	20	21	22	23	24	25	26	27	28	29	30	31	32	33	34	35	36	37	38	39	40	41	42	43	44	
0	1	2	3	5	6	7	8	9	10	11	12	13	14	15	16	17	18	19	20	21	22	23	24	25	26	27	28	29	30	31	32	33	34	35	38	39	40	41	42	43	44	
0	1	2	3	4	5	6	7	8	9	10	11	12	13	14	15	16	17	18	19	20	21	22	23	24	25	26	27	28	29	30	31	32	33	34	35	36	37	38	39	40	41	43	44	
0	1	2	3	4	5	6	7	8	9	10	11	12	13	14	15	16	17	18	19	20	21	22	23	25	26	28	29	30	31	32	33	34	36	37	38	39	40	41	42	43	44	
0	1	3	4	5	6	8	9	11	12	13	14	15	16	17	18	19	20	21	22	23	24	25	26	27	28	29	30	31	32	33	34	35	36	37	38	39	40	41	42	43	44	
0	1	2	3	4	5	6	7	8	9	10	11	12	13	14	15	16	17	18	20	21	22	23	24	25	26	27	28	29	30	31	32	33	35	36	37	38	39	40	41	42	43	44	
0	1	2	3	4	5	6	7	8	9	10	11	12	13	14	15	16	17	18	19	20	21	22	23	24	26	27	28	29	30	31	32	33	34	35	36	38	39	40	41	42	43	44	
0	1	2	3	4	5	6	7	8	9	10	11	12	13	14	15	16	17	19	20	21	22	24	25	26	27	28	29	30	31	32	33	34	36	37	38	39	40	41	42	43	
0	1	2	3	4	5	6	7	8	9	10	11	12	13	14	15	16	17	18	19	20	21	22	23	24	25	26	27	28	29	30	31	32	33	34	35	36	37	38	39	40	41	42	43	44	
1	2	3	4	5	6	7	8	9	10	12	13	14	15	16	17	18	19	20	21	22	23	24	25	26	27	29	30	31	33	34	35	36	37	38	39	40	41	42	43	44	
0	1	2	3	4	5	6	7	8	9	10	11	12	13	14	15	16	18	19	20	22	23	24	25	26	27	28	29	31	32	33	34	35	36	37	38	39	40	41	42	43	44	
0	1	2	3	4	5	6	7	8	9	10	11	12	13	14	15	16	17	18	19	20	21	22	23	24	25	26	27	28	29	30	31	32	33	34	35	36	37	38	39	40	41	42	43	44	
0	1	2	3	4	5	6	7	8	9	10	11	12	13	14	15	17	18	19	20	21	22	23	24	25	26	27	28	29	30	31	32	33	34	35	36	37	38	39	40	41	42	44	
0	1	2	3	4	5	6	7	8	9	10	11	12	13	14	15	16	17	18	19	20	21	22	23	24	25	26	27	28	29	30	31	32	33	34	35	36	37	38	39	40	41	42	43	44	
1	2	3	4	5	6	7	8	9	10	11	12	13	14	15	16	17	18	19	20	21	22	23	25	26	27	28	29	30	31	32	33	34	35	36	37	38	39	40	41	42	43	44	
0	1	2	3	4	6	7	8	9	10	11	12	13	14	15	16	17	18	19	20	21	22	23	24	25	26	27	28	29	30	31	32	33	34	35	36	37	38	39	40	41	42	43	44	
0	1	2	3	4	5	6	7	8	9	10	12	13	14	15	16	17	18	19	20	21	22	23	24	25	26	27	28	29	30	31	32	33	34	35	36	37	38	39	40	41	42	43	44	
0	1	2	3	4	5	6	7	8	9	10	11	12	14	15	16	17	19	20	21	22	23	24	25	26	27	28	29	30	31	32	33	34	35	36	37	38	39	40	41	42	43	44	
0	1	2	3	4	5	6	7	8	9	10	11	12	13	14	15	16	17	18	19	20	21	22	23	24	25	27	28	29	30	31	32	33	34	35	36	37	38	39	40	41	42	43	44	
0	1	2	3	4	5	6	7	8	9	10	11	12	13	14	15	16	17	18	19	20	21	22	23	24	25	26	27	28	29	30	31	32	33	34	35	36	37	38	39	40	41	42	43	44	
0	1	2	3	4	5	6	7	8	9	10	11	12	13	14	15	16	17	18	19	20	21	22	24	25	26	27	28	29	30	31	32	33	34	35	36	37	38	39	40	41	42	43	44	
0	1	2	3	4	5	6	7	8	9	10	11	12	13	14	15	16	17	18	19	20	21	22	23	24	25	26	27	28	29	30	31	32	33	34	35	36	37	38	39	40	41	42	43	44	
0	1	2	3	4	5	6	7	8	9	10	11	12	13	14	15	16	17	18	19	20	21	22	23	24	25	27	28	29	30	32	33	34	35	36	37	38	39	40	41	42	43	44	
0	1	2	3	4	5	6	7	8	9	10	11	12	14	15	16	17	18	19	21	22	23	24	25	26	27	28	29	30	31	32	33	34	35	36	37	38	39	40	41	42	43	44	
0	1	2	3	4	5	6	7	8	9	10	11	12	13	14	15	16	17	18	19	20	22	23	24	25	26	27	28	29	30	32	33	34	35	36	37	38	39	41	42	43	44	
0	1	2	3	4	6	8	9	10	11	12	13	14	15	16	17	18	19	20	21	23	24	25	26	27	28	29	31	32	33	34	35	36	37	38	39	40	41	42	43	44	
0	1	2	3	5	6	7	8	9	10	11	12	13	14	15	16	17	18	19	20	21	22	23	24	26	27	28	29	30	31	32	33	34	35	36	37	38	40	41	42	43	44	
0	1	2	3	4	5	6	7	8	9	10	11	12	13	14	15	16	17	18	19	21	22	23	24	25	26	28	29	30	31	32	33	34	35	36	37	38	39	40	42	43	44	
1	2	3	4	5	6	7	8	9	10	11	12	13	14	15	16	17	18	19	20	21	22	23	24	25	26	27	28	29	30	31	32	33	34	35	36	37	38	39	40	41	42	43	44	
0	1	2	3	4	5	6	7	8	9	10	11	12	13	14	15	16	17	18	19	20	21	22	23	24	25	26	27	28	29	30	31	32	33	34	35	36	37	38	39	40	41	42	43	44	
0	1	2	3	4	5	6	7	8	9	10	11	12	13	14	15	16	17	18	19	20	21	22	23	24	25	26	27	28	29	30	31	32	33	34	35	36	37	38	39	40	41	42	43	44	
0	1	2	3	4	5	6	7	8	9	10	11	12	14	15	16	17	18	19	20	21	22	23	24	25	26	27	28	29	30	31	32	33	34	35	36	37	38	39	40	41	42	43	44	
0	1	2	3	4	5	6	7	8	9	10	11	12	13	14	15	17	18	19	20	21	22	23	24	25	26	27	28	29	30	33	34	35	36	37	38	39	40	41	42	43	44	
0	1	2	3	4	5	6	8	9	10	11	12	13	14	15	16	17	18	19	20	21	22	23	24	25	26	27	28	29	30	31	32	33	34	35	36	37	38	39	40	41	42	44	
0	1	2	3	4	5	6	7	8	9	10	11	12	13	14	15	16	17	18	19	20	21	22	23	24	25	26	27	28	29	30	31	32	33	34	35	36	37	38	39	40	41	42	43	44	
0	1	2	3	4	5	6	7	8	9	10	11	12	13	14	15	16	17	19	20	21	23	24	25	26	27	28	29	30	31	32	33	34	35	36	37	38	40	41	42	43	44	
0	1	2	3	4	5	6	7	8	9	10	11	12	13	14	15	16	17	18	19	20	21	22	23	24	25	26	27	28	29	30	31	32	33	34	35	36	37	38	39	40	41	42	43	44	
0	1	2	3	4	5	6	7	8	9	10	11	12	13	14	15	16	17	18	19	20	21	22	23	24	25	26	27	28	29	30	31	32	33	34	35	36	37	38	39	40	41	44	
0	1	2	3	4	5	6	7	8	9	10	11	12	13	14	15	16	17	18	19	20	21	22	23	24	25	26	27	28	29	30	31	32	33	34	35	36	37	38	39	40	41	42	43	44	
0	1	2	3	5	6	7	9	10	11	12	13	14	15	16	17	18	19	20	21	22	23	24	25	26	27	28	29	30	31	32	33	35	36	37	38	39	40	41	42	43	44	
0	1	2	3	4	5	6	7	9	10	11	12	13	14	15	16	17	18	19	20	21	22	23	24	25	26	27	28	30	31	32	33	34	35	36	37	38	39	40	41	42	43	44	
0	1	2	3	4	5	6	7	8	9	10	11	12	13	14	15	16	17	18	19	20	21	22	23	24	25	26	27	28	29	30	31	32	34	35	36	37	38	39	40	41	42	43	44	
0	1	2	3	4	5	7	8	9	10	11	12	13	14	15	16	17	18	19	20	21	22	23	24	25	26	27	28	29	30	31	32	33	34	35	36	37	38	39	40	41	42	43	44	
0	1	2	3	4	5	6	7	8	9	10	11	12	13	14	15	16	17	18	21	22	23	24	25	26	27	28	29	30	31	32	33	34	35	36	37	38	39	40	42	43	44	
0	1	2	3	4	5	6	7	8	9	10	11	12	13	14	15	16	17	18	19	21	22	23	24	25	26	27	28	29	30	31	33	34	35	36	37	38	39	40	41	42	43	44	
0	1	2	4	5	6	7	8	9	10	11	12	13	14	15	16	17	18	19	20	21	22	23	24	25	26	27	28	29	30	31	32	33	34	35	36	37	38	39	40	41	42	43	44	
0	1	2	3	4	5	6	7	8	9	10	11	12	13	14	15	16	17	18	19	20	21	22	24	25	27	28	29	30	31	32	33	34	35	36	37	38	39	40	41	42	43	44	
0	1	2	3	4	5	6	8	9	10	11	12	13	14	15	17	18	19	20	21	22	23	24	25	26	27	29	30	31	32	33	34	35	36	37	38	39	41	42	43	44	
0	1	2	3	4	5	6	7	8	9	10	11	12	13	14	15	16	17	19	20	21	22	23	24	25	26	27	28	29	30	31	32	33	34	36	37	38	39	40	41	43	44	
0	1	2	3	4	5	6	7	8	9	10	11	12	13	14	15	16	17	18	19	20	21	22	23	24	26	27	28	30	31	32	33	34	35	36	37	38	39	40	41	42	43	44	
0	1	2	4	5	6	7	8	9	10	11	12	13	14	15	16	17	18	19	21	22	23	24	25	26	27	28	29	30	31	32	33	34	35	36	37	38	39	40	41	42	43	44	
0	1	2	3	4	5	6	7	8	9	10	11	12	13	14	15	16	17	18	19	20	21	22	23	24	25	26	27	28	29	30	31	32	33	34	35	36	37	38	39	40	41	42	43	44	
0	1	2	3	4	5	6	7	8	9	10	11	12	14	15	16	17	18	20	21	22	23	24	25	26	27	28	29	30	31	32	33	34	35	36	37	40	41	42	43	44	
0	1	3	4	5	6	7	8	9	10	11	12	13	15	16	17	18	19	20	21	22	23	24	25	26	27	28	29	30	31	32	33	34	35	36	37	38	39	40	41	42	43	44	
0	1	2	3	4	5	6	7	8	9	10	11	12	13	14	15	16	17	18	19	20	21	22	25	26	27	28	29	30	32	33	34	35	36	37	38	39	40	41	42	43	44	
0	1	2	3	4	5	6	7	8	9	10	11	12	13	14	15	16	17	18	19	20	21	22	23	24	25	26	27	28	29	31	32	33	34	35	36	38	39	40	41	42	43	44	
0	1	2	3	4	5	6	7	8	9	10	11	12	13	14	15	16	17	18	19	20	21	22	23	24	25	26	27	28	29	30	31	32	33	34	35	36	37	38	39	40	41	42	43	44	
0	1	2	3	4	5	6	7	8	9	10	11	12	13	14	15	16	18	19	20	21	22	23	24	25	26	27	29	30	31	32	33	34	35	36	37	38	39	40	41	42	43	44	
0	1	2	3	4	5	6	7	8	9	10	12	13	14	15	16	17	18	19	20	21	22	24	25	26	27	28	29	30	31	32	34	35	36	37	38	39	40	41	42	43	44	
1	2	3	4	6	7	8	9	10	11	12	14	15	16	17	18	19	20	21	22	23	24	25	26	27	28	29	30	31	32	33	34	35	36	37	38	39	40	41	42	43	44	
0	1	2	3	4	5	6	7	8	9	10	11	12	13	14	15	16	17	18	19	20	21	22	23	24	25	26	27	28	29	30	31	32	33	34	35	36	37	39	41	42	44	
0	1	2	3	4	5	6	7	8	9	10	11	12	13	14	15	16	17	18	19	20	21	22	23	24	25	26	27	29	30	31	32	33	35	36	37	38	39	40	41	42	43	44	
0	1	2	3	4	5	6	7	8	9	10	11	12	13	14	15	16	17	18	19	20	21	22	23	24	25	26	27	28	29	30	31	32	33	34	35	36	37	38	39	41	43	44	
0	1	2	3	4	5	6	7	8	9	10	11	12	13	14	15	16	17	18	19	20	21	22	23	24	25	26	27	28	29	30	31	32	33	34	35	36	37	38	39	40	41	42	43	44	
0	1	2	3	4	5	6	7	8	9	10	11	12	13	14	15	16	17	18	19	20	21	22	23	24	25	26	27	28	29	30	31	32	33	34	35	36	37	38	39	40	41	42	43	44	
0	1	2	3	4	5	6	7	8	9	10	11	12	14	15	16	17	18	19	20	21	22	23	24	26	27	28	29	30	32	33	34	35	36	37	38	39	40	41	42	43	44	
0	1	2	3	4	5	6	7	8	9	10	11	12	13	14	15	16	17	18	19	20	21	22	23	24	25	26	27	28	29	30	31	32	33	34	35	36	37	38	39	40	41	42	43	
0	1	2	3	4	5	6	7	8	9	10	11	12	13	14	15	16	17	18	19	20	21	22	23	24	25	26	27	28	29	30	31	33	34	35	36	37	38	39	40	41	42	43	44	
0	1	2	3	4	5	6	7	8	9	10	11	12	13	14	15	16	17	18	19	20	21	22	23	24	25	26	27	28	29	30	31	32	33	34	35	36	37	38	39	40	41	42	43	44	
0	1	2	3	4	5	6	7	8	9	10	11	12	13	14	15	16	18	19	20	21	22	23	24	25	26	27	28	29	30	31	32	33	34	35	36	37	38	39	40	41	42	43	44	
1	2	4	5	6	7	8	9	10	11	12	13	14	15	16	17	18	19	20	21	22	23	24	26	27	28	29	30	31	32	33	34	35	36	37	38	39	40	41	42	44	
0	1	2	3	4	5	6	7	8	9	10	11	12	13	14	15	16	17	18	19	20	21	22	23	24	25	26	27	28	29	30	31	32	33	34	35	36	37	38	39	40	41	42	43	44	
0	1	2	3	4	5	6	7	8	9	10	11	12	13	14	15	16	17	18	19	20	21	22	23	24	25	26	27	28	29	30	31	32	33	34	35	36	37	38	39	40	41	42	43	44	
0	1	2	3	4	5	6	7	8	9	10	11	12	13	14	15	16	17	18	19	20	21	22	23	24	25	26	27	28	29	30	31	32	33	34	35	36	37	38	39	40	41	42	43	44	
0	1	2	3	5	6	7	8	9	10	11	12	13	14	15	16	17	18	19	20	21	22	24	25	26	27	28	29	30	31	32	33	34	35	36	37	38	39	41	42	43	44	
0	1	2	3	4	5	6	7	8	9	10	11	12	13	14	16	17	18	19	20	21	22	23	24	25	26	27	28	30	31	33	34	36	37	38	39	40	41	42	43	44	
0	1	2	3	4	5	6	7	8	9	10	11	12	13	14	15	16	17	18	19	21	22	23	24	25	26	27	28	29	30	31	32	33	34	35	36	37	38	39	40	41	42	43	44	
0	1	2	3	4	5	6	7	8	9	10	11	12	13	14	15	16	17	18	19	20	21	22	23	24	25	26	27	28	29	30	31	32	33	35	36	37	38	39	40	41	42	43	44	
0	1	2	3	5	6	7	8	9	10	11	12	13	14	15	16	17	18	19	20	21	22	23	24	25	26	27	28	29	30	31	32	33	34	35	37	38	39	40	41	42	43	44	
0	1	2	3	4	5	6	7	8	9	10	11	12	13	14	15	16	17	18	19	20	21	22	23	24	25	26	27	28	29	30	32	33	34	35	36	37	38	39	40	41	42	43	44	
0	1	2	3	4	6	7	8	9	10	11	12	13	14	15	16	17	18	19	20	21	22	23	24	25	26	27	28	29	30	31	32	33	34	35	36	37	38	39	40	42	43	44	
0	1	2	3	4	5	6	7	8	9	10	11	12	13	14	15	16	17	18	19	20	21	22	23	24	25	26	27	28	29	30	31	32	33	34	35	36	37	38	39	40	41	42	43	44	
0	1	2	3	4	6	7	8	10	11	12	13	14	15	16	17	18	19	20	21	22	23	24	26	27	28	29	30	31	32	33	34	35	36	37	38	39	40	41	42	43	44	
0	1	2	3	4	5	6	7	8	9	10	11	12	13	14	15	16	17	18	19	20	21	22	23	24	25	26	27	28	29	30	31	32	33	34	35	36	37	38	39	40	41	42	43	44	
0	1	2	3	4	5	6	7	8	9	10	11	12	13	14	15	16	17	18	19	20	21	22	23	24	25	26	27	28	29	30	31	32	33	34	35	36	37	38	39	40	41	42	43	44	
0	1	2	3	4	5	6	7	8	9	10	11	12	13	14	15	16	17	18	19	20	21	22	23	24	25	26	27	28	29	30	31	32	33	34	35	36	37	38	39	40	41	42	43	44	
0	1	2	3	4	5	6	7	8	9	10	11	13	14	15	16	17	20	21	22	23	24	25	26	28	29	30	31	32	33	34	35	36	37	38	39	40	41	42	43	44	
0	1	2	4	5	6	7	8	9	10	11	12	14	15	16	17	18	19	20	21	22	23	24	26	27	28	29	30	31	32	33	34	35	36	37	38	39	41	42	43	44	
0	1	2	3	4	5	6	7	8	9	10	11	12	13	14	15	16	17	18	19	20	21	22	23	24	25	26	27	28	30	31	32	33	34	35	36	37	38	39	40	41	42	43	44	
0	1	2	3	4	5	6	7	8	9	10	11	12	13	14	15	16	17	18	19	20	21	22	23	24	25	26	27	28	29	30	31	32	33	34	35	37	38	39	40	41	42	43	44	
0	1	2	3	4	5	6	7	8	9	10	11	12	13	14	15	16	18	19	20	21	22	23	24	25	26	27	28	29	30	31	32	33	34	35	36	37	38	39	40	42	43	44	
0	1	2	3	4	5	6	7	8	9	10	11	12	13	14	15	16	17	18	19	20	21	22	23	24	25	26	27	28	29	30	31	32	33	34	35	36	37	39	41	42	43	44	
0	1	2	3	4	5	6	7	8	9	11	12	13	14	15	16	17	18	19	20	21	22	23	24	25	26	28	29	30	31	32	33	34	35	36	37	38	39	40	41	44	
0	1	2	3	4	5	6	8	9	10	11	12	13	14	15	16	17	18	19	21	23	24	25	26	28	29	30	31	32	33	34	35	36	37	38	39	40	41	42	43	44	
0	1	2	3	4	5	6	7	8	9	10	11	12	13	14	15	16	17	18	19	20	21	22	23	24	25	26	27	28	29	30	31	32	33	34	35	36	37	38	39	40	41	42	43	44	
0	1	2	3	4	5	6	7	8	9	10	11	12	13	14	15	16	17	19	20	21	22	23	24	25	27	28	29	30	31	32	33	34	35	36	37	38	39	40	41	42	43	44	
0	1	2	3	4	5	6	7	8	9	10	11	12	13	14	15	16	17	18	19	20	22	23	24	25	26	27	28	29	30	31	32	34	35	36	37	39	40	41	42	43	44	
0	1	2	3	4	5	6	7	8	9	10	11	12	13	14	15	16	17	18	19	20	21	22	23	25	26	28	29	30	31	32	33	34	35	36	37	38	39	40	41	42	43	44	
0	1	2	3	4	6	7	8	9	11	12	13	15	16	17	18	19	20	21	23	24	25	26	27	28	29	30	31	32	33	34	35	36	37	38	39	40	41	42	43	44	
0	1	2	3	4	5	6	7	8	9	10	11	12	13	14	15	16	17	18	19	20	21	22	23	24	25	26	27	28	29	30	31	32	33	34	35	36	37	38	39	40	41	42	43	44	
0	1	2	3	4	6	7	9	10	11	12	13	14	15	16	17	18	19	20	21	22	23	24	25	26	27	28	29	30	31	32	33	34	35	36	37	39	40	41	42	43	44	
1	2	3	4	5	6	7	8	10	11	12	14	15	16	17	18	19	20	21	22	23	24	25	26	27	29	30	31	32	33	34	35	36	37	38	39	40	41	42	43	44	
0	1	2	3	5	6	7	8	9	10	11	12	13	14	15	17	18	19	20	21	22	23	24	26	27	28	29	30	31	32	33	34	35	36	37	38	39	40	41	42	43	44	
0	1	2	3	4	5	6	7	8	9	10	11	12	13	14	15	16	17	18	19	20	21	22	23	24	25	26	27	28	29	30	31	32	33	34	35	36	37	38	39	40	41	42	43	44	
0	1	2	3	4	5	6	7	8	9	10	11	12	13	14	15	16	17	18	19	21	22	23	24	25	26	27	28	29	30	31	32	33	34	35	36	37	38	39	40	41	42	43	44	
0	1	2	3	4	5	6	7	8	9	10	11	12	13	14	15	16	17	18	19	20	22	23	24	25	26	27	28	29	30	31	32	33	34	35	36	37	38	39	40	41	42	43	44	
0	1	2	3	4	5	6	7	8	9	10	11	12	14	15	16	17	18	19	20	21	22	23	24	25	27	28	29	30	31	33	34	35	36	37	38	39	40	41	42	43	44	
1	2	3	4	5	6	7	8	9	10	11	12	13	15	16	17	18	19	20	21	22	23	24	25	26	27	28	29	30	31	32	33	34	35	36	37	38	39	40	41	42	43	44	
0	1	2	3	4	5	6	7	8	9	10	11	12	14	15	16	17	18	19	20	22	23	24	25	26	27	28	29	31	32	33	34	35	36	37	38	39	40	41	42	43	44	
0	1	2	4	5	6	7	8	9	11	12	13	14	15	16	17	18	19	20	21	22	23	24	25	26	27	28	29	30	31	32	33	34	35	36	37	38	39	40	41	42	43	44	
0	1	2	3	4	5	6	7	8	9	10	11	12	13	14	16	17	18	19	20	21	22	23	24	25	26	27	28	29	30	31	32	33	34	35	36	37	39	40	41	42	43	
0	1	2	3	4	5	6	7	8	9	10	11	12	13	14	15	16	17	18	19	20	21	22	23	24	25	26	27	28	29	30	31	32	33	34	35	36	37	38	39	40	41	42	44	
0	2	3	4	6	7	8	9	10	11	12	13	14	15	16	17	18	19	20	21	22	23	24	25	26	28	29	30	31	32	33	34	35	36	38	39	40	41	42	43	44	
0	1	2	3	4	6	7	8	9	10	11	12	13	14	16	17	18	19	20	21	22	23	24	25	26	28	29	30	31	32	33	34	35	36	37	38	39	40	41	43	44	
0	1	2	3	5	6	7	8	10	11	12	13	14	15	16	17	18	19	20	21	22	23	24	25	26	27	28	29	30	31	32	33	34	35	36	37	38	39	40	41	42	43	
0	1	2	3	4	5	6	7	8	9	10	11	12	13	14	15	16	17	18	19	20	21	22	23	24	25	26	27	28	29	30	31	32	33	34	35	36	37	38	39	40	41	42	43	44	
0	1	2	4	5	6	7	8	9	10	11	12	13	14	15	16	17	18	19	20	21	22	23	24	25	26	27	28	29	30	31	32	34	36	37	38	39	40	41	42	43	44	
0	1	2	3	5	6	7	8	9	10	11	12	13	14	15	16	17	18	19	20	21	22	23	24	25	26	27	28	29	30	31	32	33	34	35	36	37	38	39	40	41	42	43	44	
0	1	2	3	4	5	6	7	8	9	10	11	12	13	14	15	16	17	18	19	20	21	22	23	24	25	26	27	28	29	30	31	32	33	34	35	36	37	38	39	40	41	42	43	44	
0	1	2	3	4	5	6	7	8	9	10	11	12	13	14	15	16	17	18	19	20	21	22	23	24	25	26	27	28	30	31	32	33	34	35	36	37	38	39	40	41	42	43	44	
0	1	2	3	4	5	6	7	8	9	10	11	12	14	15	16	17	18	19	20	21	22	23	24	25	26	27	28	29	30	31	32	34	35	37	38	39	40	41	42	43	44	
1	2	3	4	5	6	7	8	9	10	11	12	13	14	15	16	17	18	19	20	21	22	23	24	26	27	28	29	30	31	32	33	34	35	37	38	39	40	41	43	44	
0	1	2	3	4	5	6	7	8	9	10	11	12	13	14	15	16	17	18	19	20	21	22	23	24	25	26	27	28	29	30	31	32	33	34	35	36	37	38	39	40	41	42	43	44	
0	1	2	3	4	5	6	7	8	9	11	12	13	14	15	16	17	18	19	20	21	22	23	24	25	26	27	28	29	30	31	32	33	34	35	37	38	39	40	41	42	43	44	
0	1	2	3	4	5	6	7	8	9	10	11	12	13	14	15	16	17	18	19	20	21	22	23	24	25	26	27	28	29	30	31	32	33	34	35	36	37	38	39	40	41	42	43	44	
0	1	2	3	4	5	6	7	8	9	10	11	12	13	14	15	16	17	18	19	20	21	22	23	24	25	26	27	28	29	30	31	32	33	34	35	36	37	38	39	40	41	42	43	44	
0	1	2	3	4	5	6	7	8	10	11	12	13	14	15	16	17	18	19	20	21	22	23	24	25	26	27	28	29	30	32	33	34	35	36	37	38	41	42	43	44	
0	1	2	3	4	5	6	7	8	9	10	11	12	13	14	15	16	17	18	19	21	22	23	24	25	26	27	28	29	30	31	32	33	34	35	36	37	38	39	40	41	42	43	44	
0	1	3	4	5	6	7	8	9	10	11	12	13	14	15	16	17	18	19	21	22	23	25	26	27	28	29	30	32	33	34	35	36	37	38	39	40	41	42	43	44	
0	1	3	4	6	7	8	9	10	11	12	13	14	15	16	17	18	19	20	21	22	23	24	25	26	27	28	30	31	32	33	34	35	36	37	38	39	40	41	42	44	
0	1	2	3	4	5	6	7	8	9	10	11	13	14	15	16	17	18	19	20	21	22	23	24	25	26	27	28	29	30	31	32	33	34	36	37	38	39	40	41	42	43	44	
0	1	2	3	4	5	6	7	8	9	11	12	13	14	15	16	17	18	19	20	21	22	23	24	26	27	28	29	30	31	32	33	34	35	36	37	38	39	40	41	42	43	44	
0	1	2	3	5	6	7	8	9	10	11	12	13	14	15	16	17	18	19	21	22	23	24	25	26	27	28	29	30	32	33	34	35	36	37	38	39	40	41	43	44	
0	1	2	3	4	5	6	7	8	9	10	11	12	13	14	15	16	17	19	20	21	22	23	24	25	26	27	28	29	30	31	32	33	34	35	36	37	38	39	40	41	42	43	
0	1	2	3	4	5	6	7	8	9	10	11	12	14	15	16	17	18	19	20	21	22	23	24	25	26	27	28	29	30	31	32	33	34	35	36	37	38	39	40	41	42	43	44	
0	1	2	3	4	5	6	7	8	9	10	11	12	13	14	15	16	17	18	19	20	21	22	23	24	25	26	27	28	29	30	31	32	33	34	35	36	37	38	39	40	41	42	43	44	
0	1	2	3	4	5	6	7	8	9	10	11	12	13	14	15	16	17	18	19	20	21	22	23	24	25	26	27	28	29	30	31	33	34	35	36	37	38	39	40	41	42	43	44	
0	1	2	3	4	5	6	7	8	9	10	11	12	13	14	15	16	17	18	19	20	21	22	23	24	25	26	27	28	29	30	31	32	33	34	35	36	37	38	39	40	41	42	43	44	
0	1	2	3	4	5	6	7	8	9	10	11	12	13	14	15	16	17	18	19	20	21	22	23	24	25	26	27	28	29	31	32	33	34	35	36	37	38	39	40	41	42	43	44	
0	2	3	4	5	6	7	8	9	10	11	12	13	14	15	16	17	18	19	20	21	22	23	24	25	26	27	28	29	30	31	32	33	34	36	37	39	40	41	42	43	44	
1	2	4	5	6	7	8	9	10	11	12	13	14	15	16	17	18	19	20	21	22	23	24	25	26	27	28	29	30	31	32	33	34	35	36	37	38	39	40	41	42	43	44	
0	1	2	3	4	5	6	7	8	9	10	11	12	13	14	15	16	17	18	19	20	21	22	23	24	25	26	27	28	29	30	31	32	33	35	37	38	39	40	42	43	44	
0	1	2	3	4	5	6	7	8	9	10	11	12	13	15	16	17	18	19	20	21	22	23	24	25	26	27	28	29	30	31	32	33	34	35	36	37	38	39	40	41	42	43	44	
0	1	2	3	4	5	6	7	8	9	10	12	13	16	17	18	19	20	21	22	23	24	25	26	28	29	30	31	32	33	34	35	36	37	38	39	40	41	42	43	44	
0	1	2	3	4	5	6	7	8	9	10	11	12	13	14	15	16	17	18	19	20	21	22	23	24	25	26	27	28	29	30	31	32	33	34	35	36	37	38	39	40	41	42	43	44	
0	1	2	3	4	5	6	7	8	9	10	11	12	13	14	15	16	17	18	19	20	21	22	23	24	26	27	28	29	30	31	32	33	34	35	36	37	38	39	40	42	43	44	
0	1	2	3	4	5	6	7	8	9	10	11	12	13	14	15	16	17	18	19	20	21	22	23	24	25	26	27	28	29	30	31	32	33	34	35	36	37	38	39	40	41	42	43	44	
0	1	2	3	4	5	6	7	8	9	10	11	12	13	14	15	16	17	18	19	20	21	22	23	24	25	26	27	28	29	30	31	32	33	34	35	36	37	38	39	41	42	43	44	
0	1	2	3	4	5	6	7	8	9	10	11	12	13	14	15	16	17	18	19	20	21	22	23	24	25	26	27	28	29	30	31	32	33	34	35	36	37	38	39	40	41	42	43	44	
0	1	2	3	4	5	6	7	8	9	10	11	12	13	14	15	16	17	18	19	20	21	22	23	24	25	26	27	28	29	30	31	32	33	34	35	36	37	38	39	40	41	42	43	44	
0	1	2	3	4	6	7	8	9	10	11	13	14	15	16	17	18	19	20	21	22	23	24	25	26	27	28	29	30	31	32	33	34	35	36	37	38	39	40	41	42	44	
0	1	2	3	4	5	6	7	8	9	10	11	12	13	14	15	16	17	18	19	20	21	22	23	24	25	26	27	28	29	30	31	32	33	34	35	36	37	38	39	40	41	42	43	
1	2	3	4	5	6	7	8	9	10	11	12	13	14	15	16	17	18	19	20	21	22	23	24	25	26	27	29	30	32	33	34	35	36	37	38	39	40	41	42	43	44	
0	1	2	3	4	5	6	7	8	9	10	11	12	13	14	15	16	17	18	19	20	21	22	23	24	25	26	27	28	29	30	31	32	33	34	35	36	37	38	39	40	41	42	43	44	
0	1	3	4	5	6	7	8	9	10	11	12	13	14	15	16	17	18	19	20	21	22	23	24	25	26	27	28	29	30	31	32	33	34	35	36	37	38	39	40	41	42	43	44	
0	1	2	3	4	5	6	7	8	9	10	11	12	13	14	15	16	17	18	19	20	21	22	23	24	25	26	27	28	29	30	31	32	33	34	35	36	37	38	39	40	41	42	43	44	
1	2	3	4	5	6	7	8	9	11	12	13	14	15	16	17	18	19	20	21	22	23	24	25	26	27	28	29	31	32	33	34	35	36	37	38	39	40	41	42	43	44	
0	1	2	3	4	5	6	7	8	9	10	11	12	13	14	15	16	17	18	19	20	21	22	23	24	25	26	27	28	29	30	31	32	33	34	35	36	37	38	39	40	41	42	43	44	
0	1	2	3	4	5	6	7	8	9	10	11	12	13	14	15	16	17	18	19	20	21	22	23	24	25	26	27	28	29	30	31	32	33	34	35	36	37	38	39	40	42	43	44	
0	1	2	3	4	5	6	7	8	9	10	11	12	13	14	15	16	17	18	19	21	22	24	25	26	27	28	29	30	31	32	33	34	35	36	37	38	39	40	41	42	44	
0	1	2	3	4	5	6	7	8	9	10	11	12	13	14	15	16	17	19	21	22	23	24	25	26	27	28	29	30	31	32	33	35	36	37	38	39	40	41	43	44	
0	1	2	3	4	5	6	7	8	9	10	11	12	13	14	15	16	17	18	19	20	21	22	23	24	25	26	27	28	29	30	31	32	33	34	35	36	37	38	40	41	42	43	44	
0	1	2	3	4	5	6	7	8	9	10	11	12	13	14	15	16	17	18	19	20	21	22	23	24	25	26	27	28	29	30	31	32	33	34	35	36	38	39	40	41	43	44	
0	1	2	3	5	6	7	8	9	10	11	12	13	14	15	16	17	19	20	21	22	23	24	25	26	27	28	30	31	32	33	34	35	36	37	38	39	40	41	42	43	44	
0	1	3	4	5	6	8	9	10	11	12	13	14	15	16	17	18	20	21	22	23	24	25	26	27	28	29	30	31	32	34	35	36	37	38	39	40	41	42	43	44	
0	1	2	3	4	5	7	8	9	10	11	12	13	14	15	16	17	18	19	20	21	22	23	24	25	26	27	28	29	30	31	32	33	34	35	36	37	38	39	40	41	42	43	44	
0	1	2	3	4	5	6	8	9	10	11	12	14	15	16	17	18	19	20	21	22	23	24	25	26	27	28	29	30	31	32	33	34	36	37	38	40	41	42	43	44	
0	1	2	3	5	6	7	8	9	10	11	12	13	14	15	16	17	18	19	20	21	22	23	24	25	26	27	28	29	30	31	32	33	35	36	37	38	39	40	41	42	43	44	
0	1	2	3	4	5	6	7	8	9	10	11	12	13	15	16	17	19	20	21	22	23	24	25	26	27	28	29	30	31	32	33	34	35	36	37	38	39	40	41	42	43	44	
0	1	2	3	4	5	6	7	8	9	10	11	12	13	14	15	16	17	18	19	20	21	22	23	24	25	26	27	28	29	30	31	32	33	34	35	36	37	38	39	40	41	42	43	44	
0	1	2	3	4	5	6	7	8	9	10	11	12	13	14	15	16	17	18	19	20	21	22	23	24	25	26	27	28	29	30	31	32	33	34	35	36	37	38	39	40	42	43	44	
0	1	2	3	4	5	6	7	8	9	10	11	12	13	14	15	16	17	18	19	20	21	22	23	24	25	26	27	28	29	30	32	33	34	35	37	38	39	40	41	42	43	44	
0	1	2	3	4	5	7	8	9	10	11	12	13	14	15	16	17	18	19	20	22	23	24	25	26	27	28	29	30	31	32	34	35	36	37	38	39	40	41	42	43	44	
0	1	2	3	4	5	6	7	8	9	10	11	12	13	15	16	17	18	19	20	21	22	23	24	25	26	27	28	29	30	31	32	33	34	35	36	37	38	39	40	41	42	43	44	
0	2	3	4	5	6	7	8	9	10	11	12	13	15	16	17	18	21	22	23	24	25	26	27	28	29	30	31	32	33	34	35	36	37	38	39	40	41	42	43	44	
0	1	2	3	4	5	6	7	8	9	10	11	12	13	14	15	16	17	18	19	20	21	22	23	24	25	26	27	28	29	30	31	32	33	34	35	36	37	38	39	40	41	42	43	44	
0	1	2	3	4	5	6	7	8	9	10	11	12	14	15	16	17	18	19	20	21	22	23	24	26	27	28	29	30	31	32	33	34	35	36	37	38	39	40	41	42	43	44	
0	1	2	3	4	5	6	7	8	9	10	11	12	13	14	15	16	17	18	19	20	21	22	23	24	25	26	27	28	30	31	32	33	34	35	37	38	39	40	41	42	43	44	
0	1	2	3	4	5	6	7	8	9	10	11	12	13	14	15	16	17	18	19	20	21	22	23	24	25	26	27	28	29	30	31	32	33	34	35	36	37	38	39	40	41	42	43	44	
0	1	2	3	4	5	6	7	8	9	10	11	12	13	14	15	16	17	19	20	22	23	24	25	26	27	28	29	30	32	33	34	35	36	37	38	39	40	41	42	43	44	
0	1	2	3	4	5	6	7	8	9	10	11	12	13	14	15	16	17	18	19	20	21	22	23	24	26	27	28	29	30	31	32	33	34	35	36	37	38	39	40	41	42	43	44	
0	2	3	4	5	6	7	8	9	10	11	12	13	14	15	16	17	18	19	20	21	23	25	26	27	28	29	30	31	32	33	34	35	36	38	39	40	41	42	43	44	
0	1	2	3	4	5	6	7	8	9	10	11	12	13	14	15	16	17	18	19	20	21	22	23	24	25	26	27	28	29	30	31	32	33	34	35	36	37	38	39	40	41	42	44	
0	1	2	3	4	5	6	7	8	9	10	11	12	13	14	15	16	17	19	20	21	22	23	24	25	26	27	28	29	30	31	32	33	34	35	36	38	39	40	41	42	43	44	
0	1	2	3	4	5	6	7	8	9	10	11	12	13	14	15	16	17	18	19	20	21	22	23	24	25	26	27	28	29	30	31	32	33	34	35	36	38	39	40	41	42	44	
0	1	2	3	5	6	7	8	9	10	11	12	13	14	15	16	17	18	19	20	21	22	24	25	26	27	28	29	30	31	32	33	34	35	36	37	38	39	40	41	42	43	44	
0	1	2	3	4	5	6	7	8	9	10	11	12	13	14	15	16	17	18	20	21	22	23	24	25	26	27	28	29	30	31	32	33	35	36	37	38	39	40	41	42	43	44	
0	1	2	3	4	5	6	9	10	11	12	13	14	15	16	17	18	19	20	21	22	23	24	25	26	27	28	29	30	31	32	33	34	35	36	37	38	39	40	41	43	44	
0	1	2	3	4	5	6	7	8	9	10	11	12	13	14	15	16	17	18	19	20	21	22	23	24	25	26	27	28	29	30	31	32	33	34	35	36	37	38	39	40	41	43	44	
0	1	2	3	4	5	6	7	8	9	10	11	12	13	14	15	16	17	18	19	20	21	22	23	24	25	26	27	28	29	30	31	32	33	34	35	36	37	38	39	40	41	42	43	44	
0	1	2	3	4	5	6	7	8	9	10	11	12	13	14	15	16	17	18	19	20	21	22	23	24	25	26	27	28	29	30	31	32	33	34	35	36	37	39	40	41	42	43	44	
0	1	2	3	5	6	7	9	10	11	12	13	14	15	17	18	19	20	21	22	23	24	25	26	27	28	29	30	31	32	33	34	35	36	37	38	39	40	41	42	43	44	
0	1	2	3	4	5	6	7	8	10	13	14	15	16	17	18	19	21	22	23	24	25	26	27	28	29	30	31	32	33	34	35	36	37	38	39	40	41	42	43	44	
0	1	2	3	4	5	6	7	8	9	10	12	14	15	16	17	18	19	20	21	22	23	24	25	26	27	28	29	30	31	32	33	34	35	37	38	39	40	41	42	43	44	
0	2	3	4	5	6	7	8	9	10	11	12	13	14	15	17	18	19	20	21	22	23	25	26	27	28	29	30	31	32	33	34	35	36	37	38	39	40	41	42	43	
0	1	2	3	4	5	6	7	8	9	10	11	12	13	14	15	16	17	18	19	20	21	22	23	24	25	26	27	28	29	30	31	32	33	34	35	36	37	38	39	40	41	42	43	44	
0	1	2	3	4	5	6	7	8	9	10	11	12	14	15	16	17	19	20	21	22	23	24	25	26	27	29	30	31	32	33	34	35	36	37	38	40	41	42	43	44	
0	1	2	3	4	5	6	7	8	9	10	11	13	14	16	17	18	19	21	22	23	24	25	26	27	28	29	30	31	33	34	35	36	37	38	39	40	41	42	43	44	
0	2	3	4	5	6	7	8	10	11	12	13	14	15	16	17	18	19	20	21	22	24	25	26	27	28	29	30	31	32	33	34	35	36	37	38	39	40	41	42	43	44	
0	1	2	3	4	6	7	8	9	11	12	13	14	15	16	17	18	19	20	21	22	23	24	25	26	27	28	29	30	31	32	33	34	35	36	37	38	39	40	41	42	43	44	
0	1	2	3	5	6	7	8	9	10	11	13	14	15	16	17	18	19	20	21	22	23	24	26	27	28	29	30	31	32	33	34	35	36	37	38	39	40	42	43	44	
0	1	2	3	4	5	6	7	8	9	10	11	12	13	14	15	16	17	18	19	20	21	22	23	24	25	26	28	29	30	31	32	33	34	35	36	37	38	39	42	43	44	
0	1	2	3	4	5	6	7	8	9	10	11	12	14	15	16	17	18	19	20	21	22	23	24	25	27	28	29	30	31	32	33	34	35	36	37	38	39	40	41	42	43	44	
0	1	2	3	4	5	6	8	9	11	12	13	14	15	16	17	18	19	20	21	22	23	24	25	26	28	29	30	31	32	33	34	35	36	37	38	39	40	41	42	43	44	
0	1	2	3	4	5	6	7	8	10	11	12	13	14	15	16	17	18	20	21	22	23	24	25	26	27	28	30	31	32	33	34	35	36	37	38	40	41	42	43	44	
0	1	2	3	4	5	6	7	8	9	10	11	12	13	14	15	16	17	18	19	20	21	22	23	24	25	26	27	28	29	30	31	32	33	34	35	36	37	38	39	40	41	42	43	44	
0	1	2	3	4	5	6	7	8	9	10	11	12	13	14	15	17	18	19	20	21	22	23	24	25	26	27	28	29	30	31	32	33	34	36	37	38	39	40	41	42	43	44	
0	1	3	4	5	6	7	8	9	10	11	12	13	14	15	16	17	18	19	20	21	22	23	24	25	27	28	30	32	33	34	35	36	37	38	39	40	41	42	43	44	
0	1	2	3	4	5	6	7	8	9	10	11	12	13	14	15	16	17	18	19	20	21	22	23	24	25	27	28	29	31	32	33	34	35	36	37	38	39	40	43	44	
0	1	2	3	4	5	6	7	8	9	10	11	12	13	14	15	17	18	19	21	22	23	24	25	26	27	28	30	31	32	34	35	36	37	38	39	40	41	42	43	44	
0	1	2	4	5	7	8	9	10	11	12	13	14	15	16	17	18	19	20	21	22	23	24	25	26	27	28	29	30	31	32	33	34	35	36	37	38	39	40	41	42	43	44	
0	1	2	3	4	5	6	7	8	9	10	11	12	13	14	15	16	17	18	19	20	21	22	23	24	25	26	27	28	29	30	31	32	33	34	35	36	37	38	39	40	41	42	43	44	
0	1	2	3	4	5	6	7	8	9	10	12	13	14	15	16	17	18	19	21	22	23	24	25	26	27	29	31	32	33	34	35	36	37	38	39	40	41	42	43	44	
0	1	2	3	4	5	6	7	8	9	10	11	12	13	15	16	18	19	20	22	23	24	25	26	27	28	29	30	31	32	33	34	35	36	37	38	39	40	41	42	43	44	
0	1	2	3	5	6	7	8	9	12	13	14	15	16	17	18	19	20	21	22	23	24	25	26	27	28	29	31	32	33	34	35	36	37	38	39	40	41	42	43	44	
0	1	2	3	4	5	6	7	8	9	10	11	12	13	14	15	16	17	18	19	20	21	22	23	24	25	26	27	28	29	30	31	32	33	34	35	36	37	38	39	40	41	42	43	44	
0	1	2	3	4	5	6	7	8	9	10	11	12	13	14	15	16	17	18	19	20	21	22	23	24	25	26	28	29	30	31	32	33	34	35	37	38	39	40	41	42	43	44	
0	1	2	3	4	5	6	7	8	9	10	11	12	13	14	15	16	17	18	19	20	21	22	23	24	25	26	27	28	29	30	31	32	33	34	35	36	37	38	39	40	41	42	43	44	
0	1	2	3	4	5	6	7	8	9	10	11	12	14	15	16	17	18	19	20	21	22	23	25	26	27	28	29	30	31	32	33	34	35	36	37	38	39	40	41	42	43	44	
0	1	2	3	4	5	6	7	8	9	10	11	12	13	14	15	16	17	18	19	20	21	22	23	24	25	26	27	28	29	30	31	32	33	34	35	36	37	38	39	40	41	42	43	44	
0	1	2	3	4	5	6	7	8	9	10	12	13	14	15	16	17	18	19	20	21	22	23	24	25	26	27	29	30	31	32	33	34	35	36	37	38	39	40	41	42	43	44	
0	1	2	3	4	5	6	7	8	9	10	11	12	13	14	15	16	18	19	20	21	22	23	24	25	26	27	28	29	30	31	32	33	34	35	36	37	38	39	40	41	43	44	
0	1	4	5	6	7	8	9	10	11	12	13	14	15	16	17	18	19	20	21	22	23	24	25	26	27	29	30	31	32	34	35	36	37	38	39	40	41	42	43	44	
0	1	2	3	4	5	7	8	9	10	11	12	13	14	15	16	17	18	19	20	21	22	23	24	25	26	27	28	29	30	31	32	33	34	35	36	37	38	39	40	41	42	43	44	
0	1	2	3	4	5	6	7	8	10	11	12	13	14	15	17	18	19	20	21	22	23	24	25	26	27	28	29	30	31	34	35	36	37	38	39	40	41	42	43	44	
0	1	2	3	4	5	6	7	8	9	10	11	12	13	14	15	16	17	18	19	20	21	22	23	24	25	26	27	28	29	30	31	32	33	34	35	36	37	38	39	40	41	42	43	44	
0	1	2	3	4	5	6	7	8	9	10	11	12	13	14	15	16	17	18	19	20	21	22	23	24	25	26	27	28	29	30	31	32	33	34	35	36	37	38	39	40	41	42	44	
1	2	3	4	5	6	7	8	9	10	12	13	14	15	16	18	19	20	21	22	23	24	25	26	27	28	29	30	31	33	34	35	36	37	38	39	40	41	42	43	44	
0	1	2	3	4	6	7	8	9	10	11	12	13	14	15	16	17	18	19	20	21	22	23	24	25	26	27	29	30	31	32	33	34	35	36	37	38	39	40	42	43	44	
0	1	2	3	4	5	6	7	8	9	10	11	12	13	14	15	16	17	18	19	20	21	22	23	24	25	26	27	28	29	30	31	32	33	35	36	37	38	39	40	41	43	44	
0	1	2	3	4	5	6	7	8	9	10	11	12	13	14	15	16	17	18	19	20	21	22	23	24	25	26	27	28	29	30	31	32	33	34	35	36	37	38	39	40	41	43	44	
0	1	2	3	4	5	6	7	8	9	10	11	12	13	14	15	16	17	18	19	20	21	22	23	24	25	26	27	28	29	30	31	32	33	34	35	36	37	38	39	41	42	43	44	
0	1	2	3	4	5	6	7	8	9	10	11	12	13	14	15	16	17	19	20	21	22	23	24	25	26	27	29	30	31	32	33	35	36	38	39	40	41	42	43	44	
0	1	2	3	4	5	6	7	9	10	11	12	13	14	15	16	17	18	19	20	21	23	24	25	26	27	28	29	30	31	33	34	35	37	38	39	40	41	42	43	44	
0	1	2	3	4	5	6	7	8	9	10	11	12	13	14	15	16	17	18	19	20	21	22	23	24	27	28	29	30	31	32	33	34	35	36	37	38	39	40	41	42	43	44	
1	2	3	4	5	6	7	8	9	10	11	12	13	14	15	16	17	18	19	20	21	22	23	24	25	26	27	28	30	31	32	33	34	35	36	37	38	39	40	41	42	43	44	
0	1	2	3	4	5	6	7	8	9	10	11	12	13	14	15	16	17	18	19	20	21	22	23	24	25	26	27	28	29	30	31	32	33	34	35	36	37	38	39	40	41	42	43	44	
0	1	2	3	4	5	6	7	8	9	10	11	12	13	14	15	16	17	18	19	20	21	22	23	24	25	26	27	28	29	30	31	33	34	35	36	37	38	39	40	41	42	43	44	
0	1	2	3	4	5	6	7	8	9	10	11	12	14	15	16	17	18	19	20	21	22	23	24	25	27	28	29	30	31	32	33	34	35	36	37	38	39	40	41	44	
0	1	2	3	4	5	6	7	8	9	10	11	12	13	14	15	16	17	18	19	20	21	22	23	24	25	26	27	28	29	30	31	32	33	34	35	36	37	38	39	40	41	42	43	44	
0	1	2	3	4	5	7	8	9	10	11	12	13	14	15	16	17	18	19	20	21	22	23	24	25	26	27	28	29	30	31	32	33	34	35	36	37	38	39	40	41	42	43	44	
0	1	2	3	4	5	6	7	8	9	10	11	12	13	14	15	16	17	18	20	21	22	23	24	25	26	27	28	29	31	32	33	34	35	36	37	38	39	40	41	42	43	
0	1	2	3	4	5	6	7	8	9	11	12	13	15	16	17	18	20	21	22	23	24	25	27	28	29	30	31	32	33	34	35	36	37	38	39	40	41	42	43	44	
0	1	2	3	4	5	6	7	8	9	10	11	12	13	14	15	16	17	18	19	20	21	22	23	24	25	26	27	28	29	30	31	32	33	34	35	36	37	38	39	40	41	42	43	44	
0	1	2	3	4	5	6	7	9	10	11	12	13	14	15	16	17	18	19	20	21	22	24	26	27	28	29	30	31	32	33	34	35	36	37	38	39	40	41	42	43	44	
0	1	2	3	4	5	6	7	8	9	10	11	12	13	14	15	16	17	18	19	20	21	22	23	24	25	26	27	28	29	30	31	32	33	34	35	36	37	38	39	40	41	42	43	44	
0	1	2	3	4	5	6	7	8	9	10	11	12	13	14	15	16	17	18	19	20	21	22	23	24	25	26	27	28	30	31	32	33	34	35	36	37	38	39	40	41	42	43	44	
0	2	3	4	5	7	8	9	10	11	12	13	14	15	16	17	18	19	20	21	22	23	24	25	26	27	28	29	30	31	32	33	34	35	36	37	38	39	40	41	42	43	44	
0	1	3	4	5	6	7	8	10	11	12	13	14	15	16	17	18	19	20	21	22	23	24	25	26	27	28	29	30	31	32	33	34	35	36	37	38	39	40	41	42	43	44	
0	1	2	4	5	6	7	8	9	10	11	12	13	14	15	16	17	18	19	20	21	22	23	24	25	26	27	28	29	30	31	32	33	35	36	38	39	40	41	42	43	44	
0	1	2	5	6	7	8	9	10	11	12	13	14	15	16	17	18	19	21	22	23	24	25	26	27	28	29	30	31	32	33	34	35	36	37	38	39	40	41	42	43	44	
0	1	2	3	4	5	6	7	8	10	11	12	13	14	15	16	17	18	19	20	21	22	23	24	25	26	27	28	29	30	31	32	33	34	35	36	37	38	39	40	41	42	43	44	
0	2	3	4	5	6	7	8	9	10	12	13	14	15	16	17	18	19	20	21	22	23	24	25	26	27	28	29	30	31	32	33	34	35	36	37	38	39	40	41	42	43	44	
0	1	2	4	5	6	7	8	9	10	11	12	13	15	16	17	18	19	20	21	22	23	24	25	26	27	28	29	30	31	32	33	34	35	36	37	38	39	40	42	43	44	
0	2	3	5	6	7	8	9	10	11	12	13	14	15	16	17	18	19	20	21	22	23	24	25	27	28	29	30	31	32	33	34	35	36	37	38	39	40	41	42	43	44	
0	1	2	3	4	5	6	7	8	9	10	11	12	13	14	15	16	17	18	20	22	23	24	25	26	27	28	29	30	31	32	33	34	35	36	37	38	39	40	41	42	43	44	
0	1	2	4	5	6	8	10	11	12	13	14	15	16	18	19	20	21	22	23	24	25	26	27	28	29	30	31	32	33	34	35	36	37	38	39	40	41	42	43	44	
0	1	2	3	4	6	7	8	9	10	11	12	13	14	15	16	17	18	19	20	21	22	23	24	25	26	27	28	30	31	32	33	34	35	36	37	38	39	40	41	42	43	44	
0	1	2	3	4	5	6	7	8	9	10	11	12	13	14	15	16	17	18	19	20	21	22	23	24	25	26	27	28	29	30	31	32	33	34	35	36	37	38	39	40	41	42	43	44	
0	1	2	3	4	5	6	7	8	9	10	11	12	13	14	15	16	17	18	19	20	21	22	23	24	25	26	27	28	29	30	31	32	33	34	35	36	37	38	39	40	41	42	43	44	
1	2	3	4	5	6	7	8	9	10	12	13	14	15	16	17	18	19	20	21	22	23	24	26	27	28	29	30	31	32	33	34	35	36	37	38	39	40	41	42	43	44	
0	1	2	3	4	5	6	7	9	10	11	12	13	14	15	16	17	18	19	20	21	24	25	27	28	29	30	31	32	33	34	35	36	37	38	39	40	41	42	43	44	
0	2	3	4	5	6	7	8	9	10	11	12	13	14	15	16	17	18	19	20	21	22	23	24	25	26	28	29	30	31	32	33	34	35	36	37	38	39	40	41	43	44	
0	2	3	4	5	6	8	9	10	11	12	13	14	15	16	17	18	19	20	21	22	23	24	25	26	27	28	29	30	31	32	33	34	35	36	37	38	39	40	42	43	44	
0	2	3	4	5	6	7	8	9	10	11	12	13	14	15	16	17	18	19	20	21	22	24	25	26	27	28	29	30	31	32	33	34	35	36	37	38	39	40	41	42	43	44	
0	1	2	3	4	5	6	7	8	9	10	11	12	13	14	15	16	17	18	19	20	21	22	23	24	25	27	28	29	30	31	32	33	34	35	36	37	38	39	40	41	42	43	44	
0	1	2	3	4	5	6	7	8	9	10	11	12	13	14	15	16	17	18	19	20	22	23	24	25	26	27	28	29	30	31	32	33	34	35	36	37	40	41	42	43	44	
0	1	2	4	6	7	8	9	10	11	12	13	14	15	16	17	18	19	20	21	22	23	24	26	27	28	29	30	31	32	33	34	35	36	37	38	39	40	41	42	43	44	
0	1	2	3	4	5	6	7	8	9	10	11	12	13	14	15	16	17	18	19	20	21	22	23	24	25	26	27	28	29	30	31	32	33	34	35	36	37	38	40	41	42	43	44	
0	1	2	4	5	6	7	8	9	10	11	12	13	14	15	16	17	18	19	20	21	22	23	24	25	26	27	28	29	30	31	32	33	34	35	36	37	38	39	41	43	44	
0	1	2	4	5	6	7	9	10	11	12	13	14	15	16	17	18	19	20	23	24	25	26	27	28	29	30	31	32	33	34	35	36	37	38	39	40	41	42	43	44	
0	1	2	3	4	5	6	7	8	9	10	11	12	13	14	15	16	17	18	19	20	21	22	24	25	26	27	28	29	30	31	32	33	34	35	36	37	38	39	40	41	42	43	44	
0	1	2	3	4	5	6	7	8	9	10	11	12	13	14	15	16	17	18	19	20	21	22	23	24	25	26	27	29	30	31	33	35	36	37	38	39	40	41	42	43	44	
0	1	2	3	4	5	6	7	8	9	10	12	13	15	16	17	18	20	21	22	23	24	25	26	27	28	29	30	31	32	33	34	35	36	37	38	39	40	42	43	44	
0	1	2	3	4	5	6	7	8	9	10	11	12	13	14	15	16	17	18	19	20	21	22	23	24	25	26	27	28	29	30	31	32	33	34	35	36	37	38	39	40	41	42	43	44	
0	1	2	4	5	6	7	8	9	10	11	12	13	14	15	16	17	18	19	21	23	24	25	26	27	28	29	30	31	32	33	34	35	36	37	38	39	40	41	42	43	44	
0	1	2	3	4	5	6	7	8	9	10	11	12	13	14	15	16	17	18	19	20	21	23	24	25	26	27	28	29	30	31	32	33	34	35	36	37	38	39	40	41	42	43	44	
0	1	2	3	4	5	6	7	8	9	10	12	13	14	15	16	17	18	19	20	21	22	23	24	25	26	27	28	29	30	31	32	33	34	35	36	37	38	39	41	42	43	44	
0	1	2	3	4	5	7	8	9	10	11	12	13	14	15	16	17	18	19	20	21	22	23	24	25	26	27	28	29	30	31	32	33	34	35	36	37	38	39	40	41	42	43	44	
0	1	2	3	4	5	6	7	8	9	10	11	12	13	14	15	16	17	18	19	20	21	22	23	24	25	26	27	28	29	30	31	32	33	34	35	36	37	38	39	40	41	42	43	44	
0	1	2	3	4	5	6	7	9	10	11	12	13	14	15	16	17	19	20	22	23	24	25	26	27	28	29	30	32	33	34	35	36	37	38	39	40	41	42	43	44	
0	1	2	3	4	5	6	7	8	10	11	12	13	14	15	17	18	19	20	21	22	23	24	26	27	28	29	30	31	32	33	34	35	36	37	38	39	40	41	42	43	44	
0	1	3	4	5	6	7	8	9	10	11	12	14	15	16	17	18	19	20	22	23	24	25	26	27	28	29	30	31	32	33	34	35	36	37	38	39	41	42	43	44	
0	1	2	3	4	5	7	8	9	10	11	12	13	14	15	16	17	18	19	20	21	22	23	24	25	26	27	28	29	30	31	32	33	34	35	36	37	39	40	41	42	43	44	
0	1	2	3	4	5	6	7	8	9	10	11	12	13	14	15	16	17	18	19	20	21	22	23	24	25	26	27	28	29	30	31	32	33	34	35	36	37	38	39	40	41	42	43	44	
0	1	3	4	5	6	7	8	9	10	11	12	13	14	15	16	17	18	19	20	21	22	23	24	25	26	27	28	29	30	31	32	33	34	35	36	37	38	39	40	42	43	44	
0	3	4	5	6	7	8	9	10	11	12	13	14	15	16	17	18	19	20	21	22	23	24	25	26	27	28	30	31	32	33	34	35	36	37	38	39	40	41	42	43	44	
0	1	2	3	4	5	6	7	8	9	10	11	12	13	14	15	16	17	18	19	20	21	22	23	24	25	26	27	28	29	30	31	32	33	34	35	36	37	38	39	40	41	42	43	44	
1	2	3	4	6	7	8	9	10	11	12	13	14	15	16	17	18	19	20	21	22	23	24	25	26	27	28	29	30	31	32	33	34	35	36	37	38	39	40	41	42	43	44	
0	1	2	3	4	5	6	7	8	9	10	11	12	13	14	15	16	17	18	19	20	21	22	23	24	25	26	27	28	29	30	31	32	33	34	35	36	37	38	39	40	41	42	43	44	
0	1	2	3	4	5	6	7	8	9	10	11	12	13	14	15	16	17	18	19	20	21	22	23	24	26	27	28	29	30	31	32	33	34	35	36	37	38	39	40	41	42	43	44	
0	2	3	4	6	7	9	10	11	12	13	14	15	16	17	18	19	20	21	22	23	24	25	26	27	28	29	31	32	33	34	35	36	37	38	39	40	41	42	43	44	
0	1	2	3	4	5	6	8	9	10	11	12	13	14	15	16	18	19	20	21	22	23	24	25	26	27	28	29	30	31	32	33	34	35	36	37	38	39	40	41	42	43	44	
0	1	2	3	4	5	7	8	9	10	11	12	13	15	16	17	18	19	20	21	22	23	24	25	26	27	29	30	31	32	33	34	35	36	37	38	39	40	41	42	43	44	
0	1	2	3	4	5	6	7	8	9	10	11	12	13	14	15	16	17	18	19	20	21	22	24	25	26	27	28	29	30	31	32	33	34	35	36	37	38	39	40	41	42	43	44	
0	1	2	4	5	6	7	8	9	10	11	12	13	14	15	16	17	18	19	20	21	22	24	25	26	27	28	29	30	31	32	33	34	35	37	38	40	41	42	43	44	
0	2	3	4	5	6	7	8	9	11	12	13	14	15	16	17	18	19	20	21	22	23	24	25	26	28	29	31	32	33	34	35	36	37	38	39	40	41	42	43	44	
0	1	2	3	4	5	6	7	8	9	10	11	12	13	14	15	16	17	18	19	20	21	22	23	24	25	26	27	28	29	30	31	32	33	34	35	36	37	38	39	40	41	42	43	44	
0	1	2	3	4	5	6	7	9	10	11	12	13	14	15	16	17	18	19	20	21	22	23	24	25	26	28	29	30	31	32	33	34	35	36	38	39	40	41	42	43	44	
0	1	2	3	4	5	6	7	8	9	10	11	13	14	16	17	18	19	20	21	22	23	24	25	26	28	29	30	31	32	33	34	35	36	37	38	39	40	41	42	43	44	
0	4	5	6	7	8	9	10	11	12	13	14	15	16	17	18	19	20	21	22	23	24	25	26	27	28	29	30	31	32	33	34	35	36	37	38	39	40	41	42	44	
0	1	2	3	4	5	6	7	8	9	10	11	12	13	15	16	17	18	19	20	21	22	23	24	25	26	27	28	29	30	31	32	33	34	35	36	37	38	39	40	41	42	43	44	
0	1	2	3	4	5	6	7	8	9	10	11	12	13	14	15	16	17	18	19	20	21	22	23	24	25	26	28	29	30	31	32	33	34	35	36	37	38	39	40	41	42	43	44	
0	1	2	3	4	5	6	7	8	9	10	11	12	13	14	15	16	17	18	19	20	21	22	23	24	25	26	27	28	29	30	31	32	33	34	35	36	37	38	39	40	41	42	43	44	
0	1	2	3	4	5	6	7	8	9	10	11	12	13	14	15	16	17	19	20	21	22	23	24	27	28	29	30	31	32	33	34	35	36	37	38	39	40	42	43	44	
0	1	2	3	4	5	6	7	8	9	10	11	12	13	14	16	17	18	19	20	21	22	23	24	25	26	27	28	29	31	32	34	35	36	37	38	39	40	41	42	44	
0	1	2	3	4	5	6	7	8	9	10	11	12	13	14	15	16	17	18	19	20	21	22	23	24	25	26	27	28	29	30	31	32	33	34	35	36	37	38	39	40	41	42	43	44	
0	1	2	3	4	5	6	7	8	9	10	11	12	13	14	15	16	17	18	19	20	21	22	23	24	25	26	27	28	29	30	31	32	33	34	35	36	37	38	39	40	41	42	43	44	
1	2	3	4	5	6	7	8	9	10	11	13	14	15	16	17	18	19	20	21	22	23	24	25	26	27	28	30	31	32	33	34	35	36	37	38	39	40	41	42	43	44	
0	1	2	3	4	5	6	7	8	9	10	11	12	13	14	15	16	17	19	20	21	22	23	24	25	26	27	28	29	30	31	32	33	34	35	36	37	38	39	40	41	42	43	44	
0	1	2	3	4	5	6	7	8	9	10	12	13	14	15	16	18	19	20	21	22	23	24	25	26	27	28	29	31	32	33	34	35	36	37	38	39	41	42	43	44	
0	1	2	3	4	5	6	7	8	9	10	11	12	13	14	15	16	17	18	19	20	21	22	23	24	25	26	27	28	29	30	31	32	33	34	35	36	37	38	39	40	41	42	43	44	
1	2	3	4	5	6	7	8	10	11	12	13	14	15	16	18	19	20	21	22	23	24	25	26	27	28	29	30	31	32	33	34	35	36	37	38	39	40	41	42	44	
0	1	2	3	4	5	6	7	8	9	10	11	12	13	14	15	16	17	18	19	20	21	22	23	24	25	26	27	28	29	30	31	32	33	34	35	36	37	38	39	40	41	42	43	44	
0	1	2	3	4	5	6	7	8	9	10	11	13	14	15	16	17	18	19	20	21	22	23	24	26	27	28	29	30	31	32	33	34	35	36	37	38	39	42	43	44	
0	1	2	3	4	6	7	8	9	11	12	13	14	15	16	17	19	20	21	22	23	24	25	26	27	28	29	30	31	32	33	34	35	36	37	39	40	41	42	43	44	
0	1	2	3	4	5	6	8	9	10	11	12	13	14	15	16	17	18	20	21	22	23	24	25	26	27	28	29	30	31	32	33	35	36	37	38	39	40	41	42	43	44	
0	1	2	3	4	5	6	7	8	9	10	11	12	13	14	15	16	17	18	19	20	21	22	23	24	25	26	27	28	29	30	31	32	33	34	35	36	37	38	39	40	41	42	43	44	
0	1	2	3	4	5	6	7	8	9	10	11	12	13	14	15	16	17	18	20	21	22	23	25	26	27	28	29	30	31	32	33	34	35	36	37	38	39	40	41	42	43	
0	1	2	3	4	5	6	7	8	9	10	11	12	13	14	15	16	17	18	19	20	21	22	23	24	25	26	27	28	29	30	31	32	33	34	35	36	37	38	39	40	41	42	43	44	
0	1	2	3	4	5	6	7	8	9	10	11	12	13	14	15	16	17	18	19	20	21	22	23	24	25	26	27	29	30	31	32	33	34	35	36	37	38	39	40	41	42	43	44	
0	1	2	3	4	5	6	7	8	9	10	11	12	13	14	15	16	17	18	19	20	21	22	23	24	25	26	27	28	29	30	31	32	33	34	35	36	37	38	39	40	41	42	43	44	
0	1	2	3	4	5	6	7	8	9	10	11	12	13	14	15	16	17	18	19	21	22	23	25	26	27	28	30	31	32	33	34	36	37	38	39	40	41	42	43	44	
0	1	2	3	4	5	6	7	8	9	10	11	12	13	14	15	16	17	18	19	20	21	22	23	25	26	27	28	29	32	33	34	35	36	37	38	39	40	42	43	44	
0	1	2	4	6	7	8	9	10	11	12	13	14	15	16	17	18	19	20	21	22	23	24	25	26	27	28	29	30	31	32	33	34	35	36	37	38	40	41	42	43	44	
0	1	2	3	5	6	7	8	9	10	11	12	13	14	15	16	17	18	19	20	21	22	23	24	25	28	29	30	31	32	33	34	35	36	37	38	39	40	41	42	43	44	
0	1	3	4	5	6	7	8	9	10	11	12	13	14	15	16	17	18	19	20	21	22	23	24	25	26	27	28	29	30	31	32	33	34	35	36	37	38	39	40	41	42	43	44	
0	1	2	3	4	5	6	7	8	9	10	11	12	14	15	17	18	19	20	21	22	24	25	26	27	28	29	30	31	32	33	34	35	36	38	39	40	41	42	43	44	
0	1	2	3	4	5	6	7	8	9	10	11	12	13	14	15	16	17	18	19	20	21	22	23	24	25	26	27	28	29	30	31	32	34	35	36	37	38	39	41	42	43	44	
0	1	2	3	4	5	7	8	9	10	11	12	13	15	16	17	19	20	21	22	23	24	25	26	27	28	29	30	31	32	33	34	35	36	37	39	40	41	42	43	44	
0	1	2	3	4	5	6	8	9	10	11	12	14	16	17	18	19	20	21	22	23	24	25	26	27	28	29	30	32	33	34	35	36	37	38	39	40	41	42	43	44	
0	1	3	4	5	6	7	8	9	10	11	12	13	14	15	16	17	18	19	20	21	22	23	24	25	26	27	28	29	30	31	32	33	34	35	36	37	38	39	40	41	42	43	44	
0	1	2	3	4	5	6	7	8	9	10	11	12	14	15	16	17	18	19	20	21	22	24	25	26	27	28	29	30	31	33	34	35	36	37	39	40	41	42	43	44	
0	1	2	3	4	5	6	7	8	9	10	11	12	13	14	15	16	17	18	19	20	21	22	23	24	25	26	27	28	29	30	31	32	33	34	35	36	37	38	39	40	41	42	43	44	
0	1	2	3	4	5	6	7	8	9	10	11	12	13	14	15	16	17	18	19	20	21	23	24	25	26	27	28	29	30	31	32	33	34	35	36	37	38	39	40	41	42	43	44	
0	1	2	3	4	5	6	7	8	9	10	11	12	13	14	15	16	17	18	19	20	21	22	23	24	25	26	27	28	29	30	31	32	33	35	36	37	38	39	40	41	42	43	44	
0	1	2	3	4	5	6	7	8	9	10	11	12	13	14	15	16	17	19	20	21	22	23	24	25	26	27	28	29	30	31	32	33	34	35	36	37	38	39	40	41	42	43	44	
0	1	2	3	4	5	6	7	8	12	13	14	15	16	17	18	19	20	21	22	23	24	25	26	27	28	29	30	31	32	33	34	35	36	37	38	39	40	41	42	43	44	
0	1	2	3	4	5	6	7	8	9	10	11	12	13	14	15	16	17	18	19	20	21	22	23	24	25	26	27	28	29	30	31	32	33	34	35	36	37	38	39	40	42	43	44	
0	1	2	3	4	5	6	7	8	9	10	11	12	13	14	15	16	17	18	19	20	21	22	23	24	25	26	27	28	29	30	31	32	33	34	35	36	37	38	39	40	41	42	43	44	
0	1	2	3	4	5	6	7	8	9	10	11	12	13	14	15	16	17	18	19	20	21	22	23	24	25	26	27	28	29	30	31	32	33	34	35	36	37	38	39	40	41	42	43	44	
0	1	2	4	5	6	7	8	9	10	11	12	13	14	15	16	17	18	19	20	21	22	23	24	25	26	27	29	30	31	32	33	34	35	36	37	38	39	40	41	42	43	44	
0	1	2	3	4	5	6	7	8	9	10	11	12	13	14	15	16	17	18	19	20	21	22	23	24	25	26	27	28	29	30	31	32	33	34	35	36	37	38	39	40	41	42	43	44	
0	1	2	3	4	5	6	7	8	9	11	12	13	15	16	17	18	19	20	21	22	23	24	25	26	28	29	30	31	32	33	34	35	36	37	38	39	40	41	42	43	44	
0	1	2	3	4	5	6	7	8	9	10	11	12	13	14	15	16	17	18	19	20	21	22	23	24	25	26	27	28	29	30	31	32	33	34	35	36	37	38	39	40	41	42	43	44	
0	1	2	3	4	5	6	7	8	9	10	11	12	13	14	15	16	17	18	19	21	22	23	25	26	27	28	29	30	31	32	33	34	35	36	37	38	39	40	41	42	43	44	
0	1	2	3	4	5	6	7	8	9	10	11	12	13	14	15	16	17	18	19	20	21	22	23	24	25	27	28	29	30	31	32	33	34	35	36	37	38	39	40	41	42	43	44	
0	1	2	3	4	5	6	7	8	10	11	12	13	14	15	16	17	18	19	20	21	22	23	24	25	27	28	29	30	31	33	34	35	36	37	38	39	40	41	42	43	44	
0	2	3	4	5	6	7	8	9	10	11	12	13	14	15	16	17	18	19	20	21	22	23	24	25	26	27	29	30	31	32	33	34	35	36	37	38	39	40	41	42	43	44	
0	1	2	3	4	5	7	8	9	10	11	12	13	14	15	16	17	18	19	20	21	22	23	24	25	26	27	28	29	30	33	35	36	37	38	39	40	41	42	43	44	
0	1	2	3	4	5	6	7	8	9	10	11	12	13	14	16	18	19	20	21	22	23	24	25	26	27	28	29	30	31	32	33	34	35	37	38	39	40	41	42	43	44	
0	1	2	3	4	5	6	7	9	10	11	12	13	14	16	17	18	19	20	21	22	23	24	25	26	27	28	29	30	31	32	33	34	35	36	37	38	39	40	41	42	43	44	
0	1	2	3	4	5	6	7	8	9	10	11	12	13	14	15	16	17	18	19	20	21	22	23	24	25	26	27	28	29	30	31	32	33	34	35	36	37	38	39	40	41	42	43	44	
0	1	2	4	5	6	7	8	9	10	11	12	13	14	15	16	17	18	19	20	21	23	24	25	26	27	28	29	30	31	32	33	34	35	36	37	38	39	40	41	42	43	44	
0	1	2	3	4	5	6	7	8	9	10	11	12	13	14	15	16	17	18	19	20	22	23	24	25	26	27	28	29	30	31	32	33	34	35	36	37	38	39	40	41	42	43	44	
0	1	2	3	4	5	6	7	8	9	10	11	12	13	14	15	16	17	18	19	20	21	22	23	24	25	26	27	28	29	30	31	32	33	34	35	36	37	38	39	40	41	42	43	44	
0	1	2	3	4	6	7	8	9	10	11	12	13	14	15	16	17	18	19	20	21	22	23	25	26	27	28	29	30	31	32	33	34	35	36	37	38	39	40	41	42	43	44	
0	1	2	3	4	5	6	7	8	9	10	11	12	13	14	15	18	20	21	22	23	24	25	26	27	28	29	30	31	32	33	34	36	37	38	39	40	41	42	43	44	
106.00	102.75	99.52	96.33	93.36	90.47	87.60	84.77	81.93	79.11	76.44	73.83	71.26	68.70	66.18	63.73	61.31	58.93	56.79	55.02	53.29	51.77	50.27	48.80	47.44	46.16	44.90	43.73	42.58	41.46	40.45	39.49	38.54	37.64	36.85	36.13	35.44	34.74	34.11	33.53	33.07	32.64	32.22	32.00	
117.00	112.43	107.93	103.67	99.52	95.38	91.37	87.37	83.37	79.45	76.02	72.62	69.58	66.63	63.80	61.24	58.71	56.20	53.88	51.83	49.89	48.12	46.42	44.73	43.07	41.49	39.94	38.51	37.11	35.81	34.79	33.79	32.94	32.13	31.33	30.60	29.89	29.29	28.80	28.34	28.12	28.02	28.00	
106.00	102.05	98.13	94.29	90.55	87.17	83.87	81.05	78.26	75.53	72.89	70.34	67.86	65.55	63.25	60.98	58.85	56.76	54.68	52.68	50.76	48.90	47.22	45.59	43.97	42.36	40.98	39.62	38.35	37.24	36.15	35.10	34.10	33.20	32.37	31.57	30.88	30.20	29.70	29.21	28.72	28.41	28.17	28.00	
123.00	118.81	114.74	110.68	106.69	102.72	98.84	95.05	91.38	87.85	84.44	81.11	77.96	74.94	72.02	69.26	66.62	64.01	61.60	59.24	56.88	54.54	52.22	49.92	47.83	45.86	43.90	42.07	40.27	38.67	37.27	35.91	34.59	33.33	32.14	30.97	29.97	29.19	28.47	27.76	27.29	27.00	
106.00	102.74	99.50	96.28	93.16	90.05	86.96	83.94	80.96	78.05	75.17	72.31	69.49	66.74	64.00	61.27	58.87	56.47	54.12	51.88	49.87	48.18	46.51	44.89	43.28	41.73	40.34	38.99	37.69	36.52	35.43	34.56	33.71	33.16	32.65	32.27	31.90	31.60	31.39	31.21	31.07	31.00	
106.00	102.73	99.46	96.23	93.00	89.79	86.64	83.56	80.54	77.77	75.06	72.36	69.74	67.20	64.75	62.41	60.09	57.78	55.61	53.49	51.42	49.44	47.49	45.64	43.80	42.01	40.26	38.80	37.43	36.16	35.01	33.92	33.13	32.35	31.78	31.33	30.97	30.63	30.32	30.11	30.02	30.00	
117.00	112.67	108.37	104.22	100.12	96.04	92.18	88.36	84.57	80.88	77.36	74.35	71.49	68.70	66.06	63.45	60.93	58.49	56.12	53.79	51.45	49.19	46.92	44.78	42.68	40.70	38.82	37.28	35.79	34.50	33.34	32.21	31.29	30.53	29.91	29.36	28.86	28.43	28.05	27.68	27.43	27.22	27.09	27.05	27.00	
103.00	99.72	96.49	93.31	90.16	87.09	84.04	81.07	78.18	75.30	72.48	69.73	67.01	64.41	61.92	59.49	57.24	55.01	52.80	50.66	48.57	46.71	45.18	43.66	42.17	40.73	39.31	37.96	36.63	35.45	34.57	33.74	32.93	32.12	31.56	31.09	30.65	30.29	30.02	29.77	29.55	29.34	29.14	29.03	29.00	
118.00	113.51	109.04	104.75	100.57	96.61	92.68	88.83	85.11	81.44	78.05	74.74	71.54	68.43	65.39	62.54	59.75	57.14	54.68	52.38	50.18	47.99	45.88	43.92	42.02	40.23	38.61	37.22	36.03	34.85	33.77	32.79	31.86	31.29	30.80	30.36	29.96	29.58	29.24	29.04	29.00	
123.00	118.95	114.97	111.17	107.54	103.98	100.45	97.05	93.72	90.45	87.18	84.00	80.85	77.90	74.97	72.09	69.27	66.49	63.82	61.17	58.63	56.46	54.30	52.17	50.04	47.94	45.88	43.99	42.11	40.28	39.02	37.78	36.59	35.51	34.64	33.78	32.93	32.17	31.44	30.93	30.43	30.04	30.00	
104.00	100.78	97.56	94.38	91.21	88.05	84.91	81.79	78.87	76.08	73.52	70.99	68.47	66.04	63.64	61.48	59.34	57.29	55.30	53.34	51.41	49.51	47.63	45.81	44.03	42.27	40.54	38.86	37.35	35.85	34.52	33.51	32.61	31.72	30.83	30.00	29.37	28.84	28.41	28.03	27.70	27.48	27.28	27.13	27.00	
109.00	105.29	101.73	98.28	94.91	91.71	88.58	85.51	82.52	79.58	76.69	73.84	71.00	68.30	65.62	62.95	60.30	57.85	55.47	53.09	50.76	48.49	46.25	44.07	42.07	40.60	39.33	38.08	36.85	35.62	34.48	33.56	32.79	32.12	31.66	31.19	30.83	30.48	30.30	30.17	30.08	30.00	
103.00	99.67	96.37	93.48	90.68	87.96	85.31	82.70	80.16	77.64	75.12	72.64	70.17	67.79	65.58	63.36	61.22	59.14	57.09	55.11	53.17	51.33	49.59	47.89	46.26	44.65	43.12	41.62	40.30	39.12	38.00	36.88	35.98	35.15	34.41	33.71	33.09	32.61	32.38	32.19	32.08	32.00	
119.00	114.45	110.06	106.13	102.30	98.64	95.15	91.67	88.22	84.89	81.78	78.78	75.84	72.96	70.12	67.31	64.54	61.93	59.62	57.36	55.12	53.07	51.15	49.29	47.52	45.82	44.31	42.93	41.56	40.19	39.05	38.06	37.07	36.17	35.28	34.43	33.65	33.05	32.63	32.32	32.11	32.00	
101.00	96.58	92.46	88.54	84.70	81.28	77.86	74.52	71.41	68.33	65.41	62.52	59.73	56.96	54.26	51.64	49.22	47.03	44.93	43.13	41.57	40.30	39.07	37.88	36.77	35.67	34.59	33.59	32.60	31.77	30.98	30.25	29.62	29.02	28.43	27.94	27.62	27.45	27.29	27.14	27.00	
102.00	98.50	95.14	92.01	88.88	85.75	82.81	79.89	77.12	74.38	71.65	68.97	66.34	63.82	61.40	59.01	56.77	54.54	52.71	50.92	49.21	47.52	45.85	44.22	42.65	41.29	39.96	38.73	37.69	36.74	35.79	34.90	34.02	33.23	32.44	31.75	31.15	30.60	30.10	29.62	29.14	29.07	29.03	29.00	
106.00	102.67	99.51	96.37	93.39	90.47	87.55	84.76	82.22	79.68	77.23	74.86	72.51	70.17	67.86	65.67	63.51	61.48	59.46	57.43	55.45	53.53	51.76	50.03	48.44	46.90	45.40	44.19	43.08	42.01	41.02	40.03	39.08	38.22	37.41	36.61	35.83	35.11	34.40	33.81	33.28	32.75	32.25	32.00	32.00	
120.00	115.70	111.48	107.47	103.51	99.61	95.81	92.10	88.40	84.72	81.21	77.73	74.42	71.15	68.04	65.19	62.37	59.73	57.13	54.59	52.07	49.70	47.34	45.04	43.13	41.24	39.54	38.00	36.52	35.11	33.82	32.63	31.47	30.43	29.55	28.74	28.20	27.79	27.42	27.16	27.00	
122.00	118.06	114.12	110.18	106.35	102.55	98.96	95.40	91.93	88.51	85.15	81.83	78.51	75.38	72.42	69.52	66.71	63.99	61.31	58.65	56.16	53.71	51.41	49.12	47.03	45.11	43.26	41.54	39.82	38.30	36.83	35.39	34.04	32.75	31.47	30.43	29.47	28.52	27.83	27.29	27.10	27.00	
118.00	113.97	109.97	106.29	102.67	99.08	95.58	92.10	88.80	85.64	82.51	79.39	76.27	73.16	70.07	67.33	64.59	61.91	59.39	56.89	54.51	52.24	50.01	47.81	45.65	43.52	41.45	39.66	38.03	36.51	35.05	33.65	32.28	31.22	30.29	29.66	29.05	28.45	27.92	27.63	27.40	27.23	27.11	27.00	
123.00	118.54	114.09	109.89	105.75	101.81	97.90	94.04	90.25	86.95	83.97	81.00	78.21	75.52	72.88	70.30	67.82	65.42	63.10	60.97	58.85	56.76	54.83	53.03	51.26	49.55	47.89	46.25	44.72	43.21	41.71	40.22	38.76	37.42	36.20	35.25	34.69	34.15	33.67	33.18	32.82	32.49	32.17	32.08	32.00	
107.00	103.02	99.21	95.42	91.65	87.91	84.18	80.84	77.52	74.29	71.30	68.31	65.34	62.44	59.97	57.56	55.31	53.17	51.11	49.18	47.40	45.70	44.20	42.75	41.35	39.99	38.74	37.54	36.54	35.65	34.78	33.99	33.31	32.67	32.03	31.45	30.93	30.46	30.03	29.73	29.45	29.22	29.00	
114.00	110.01	106.17	102.44	98.80	95.18	91.84	88.81	85.87	83.13	80.46	77.84	75.29	72.83	70.49	68.27	66.09	63.95	61.84	59.81	57.80	55.90	54.04	52.24	50.52	48.93	47.38	45.85	44.48	43.12	41.86	40.74	39.65	38.58	37.55	36.55	35.64	34.77	34.00	33.25	32.69	32.30	32.10	32.00	
101.00	97.11	93.44	89.87	86.45	83.33	80.43	77.64	74.89	72.16	69.64	67.12	64.83	62.54	60.35	58.17	56.02	53.98	52.03	50.11	48.19	46.29	44.38	42.53	40.84	39.39	37.93	36.50	35.07	34.12	33.31	32.53	31.78	31.12	30.50	30.04	29.67	29.39	29.15	29.02	29.00	
111.00	107.16	103.39	99.89	96.42	93.02	89.76	86.68	83.60	80.61	77.76	75.00	72.25	69.57	66.92	64.34	61.83	59.50	57.34	55.27	53.23	51.25	49.42	47.73	46.07	44.43	42.94	41.48	40.09	38.86	37.65	36.54	35.72	34.90	34.22	33.61	33.01	32.45	31.92	31.59	31.32	31.14	31.00	
102.00	98.94	95.92	92.96	90.00	87.10	84.32	81.55	78.90	76.30	73.72	71.26	68.82	66.39	63.96	61.56	59.28	57.01	54.82	52.68	50.55	48.49	46.65	44.92	43.23	41.63	40.33	39.03	37.87	36.80	35.75	34.78	33.83	32.89	32.11	31.35	30.63	29.97	29.32	28.96	28.63	28.41	28.23	28.10	28.00	
120.00	115.80	111.63	107.57	103.57	99.67	95.76	91.91	88.09	84.31	80.63	77.03	73.44	69.85	66.55	63.28	60.33	57.59	54.86	52.43	50.03	47.89	45.89	43.99	42.59	41.25	40.11	39.00	37.92	37.06	36.31	35.66	35.05	34.47	33.99	33.54	33.13	32.72	32.47	32.26	32.06	32.00	
114.00	109.74	105.63	101.57	97.66	93.86	90.27	86.70	83.14	79.86	76.84	73.93	71.04	68.18	65.50	62.89	60.29	57.74	55.64	53.73	51.84	49.96	48.15	46.44	44.78	43.13	41.49	40.05	38.68	37.50	36.41	35.34	34.32	33.32	32.34	31.38	30.58	29.93	29.41	29.13	29.00	
102.00	98.41	94.84	91.33	87.88	84.45	81.09	77.91	74.92	72.03	69.17	66.51	63.87	61.44	59.08	57.08	55.13	53.27	51.46	49.69	48.13	46.65	45.21	43.81	42.47	41.27	40.09	38.93	37.85	36.78	35.85	35.09	34.39	33.69	33.04	32.40	31.79	31.42	31.10	30.80	30.53	30.26	30.16	30.08	30.00	
105.00	101.26	97.82	94.39	91.03	87.82	84.74	82.02	79.31	76.84	74.37	71.94	69.53	67.13	64.74	62.46	60.26	58.14	56.14	54.29	52.46	50.73	49.07	47.42	45.79	44.27	42.76	41.27	39.85	38.52	37.37	36.23	35.18	34.19	33.23	32.43	31.93	31.51	31.26	31.08	31.00	
101.00	97.67	94.46	91.27	88.13	85.05	82.00	79.28	76.66	74.06	71.49	69.01	66.52	64.08	61.69	59.50	57.37	55.26	53.28	51.59	49.91	48.24	46.62	45.23	43.85	42.50	41.36	40.27	39.22	38.26	37.31	36.47	35.79	35.18	34.58	34.03	33.51	33.06	32.75	32.49	32.32	32.18	32.04	32.00	
105.00	101.65	98.39	95.13	91.89	88.75	85.67	82.60	79.55	76.61	73.81	71.15	68.57	66.00	63.56	61.35	59.35	57.37	55.43	53.55	51.71	49.98	48.34	46.72	45.15	43.61	42.18	40.85	39.52	38.45	37.53	36.77	36.02	35.28	34.60	33.94	33.47	33.09	32.82	32.55	32.30	32.12	32.00	
118.00	114.14	110.32	106.51	102.89	99.37	96.08	92.81	89.65	86.51	83.40	80.35	77.82	75.30	72.85	70.43	68.06	65.69	63.36	61.03	58.73	56.51	54.30	52.09	50.09	48.10	46.19	44.35	42.61	41.07	39.62	38.23	36.87	35.60	34.47	33.40	32.37	31.51	30.89	30.33	29.87	29.48	29.26	29.05	29.00	
108.00	103.99	100.03	96.21	92.83	89.50	86.22	82.98	79.74	76.50	73.28	70.20	67.25	64.75	62.31	60.23	58.19	56.24	54.32	52.47	50.77	49.12	47.56	46.02	44.53	43.08	41.65	40.31	39.11	37.93	36.83	35.73	34.73	33.78	32.87	32.12	31.72	31.36	31.08	30.80	30.56	30.38	30.22	30.10	30.00	
105.00	101.64	98.39	95.15	92.01	88.94	85.96	83.00	80.10	77.29	74.66	72.11	69.60	67.16	64.73	62.51	60.32	58.23	56.20	54.32	52.43	50.56	48.71	46.88	45.10	43.36	41.74	40.32	38.92	37.88	36.96	36.05	35.20	34.58	34.11	33.69	33.28	32.90	32.56	32.36	32.18	32.04	32.00	
109.00	105.85	102.72	99.59	96.50	93.43	90.37	87.33	84.33	81.47	78.70	75.96	73.36	70.76	68.23	65.81	63.60	61.46	59.52	57.67	55.85	54.09	52.38	50.76	49.16	47.56	46.01	44.50	43.02	41.54	40.22	39.05	37.89	36.79	35.74	34.73	33.92	33.40	32.88	32.42	32.05	31.74	31.44	31.16	31.00	
105.00	101.18	97.42	93.82	90.24	86.73	83.43	80.34	77.39	74.47	71.70	68.96	66.24	63.55	61.04	58.54	56.06	53.64	51.21	48.81	46.69	44.64	42.68	40.86	39.09	37.46	36.08	34.74	33.71	32.81	32.03	31.39	30.86	30.41	30.07	29.74	29.49	29.32	29.17	29.10	29.04	29.00	
121.00	116.77	112.62	108.53	104.58	100.70	97.22	93.75	90.32	86.91	83.49	80.13	76.88	73.71	70.68	67.84	65.02	62.62	60.23	57.91	55.61	53.33	51.08	48.89	46.92	45.06	43.23	41.43	39.89	38.39	36.95	35.53	34.15	32.87	31.68	30.50	29.51	28.54	27.82	27.49	27.28	27.07	27.03	27.00	
116.00	111.91	108.00	104.12	100.30	96.48	92.75	89.06	85.45	81.94	78.70	75.49	72.48	69.59	66.74	63.97	61.39	58.91	56.45	54.13	51.84	49.72	47.79	45.96	44.23	42.56	41.00	39.49	38.00	36.53	35.08	33.88	32.71	31.57	30.50	29.48	28.76	28.04	27.59	27.16	27.08	27.00	
121.00	116.27	111.77	107.31	102.88	98.48	94.28	90.12	85.98	82.04	78.39	74.78	71.51	68.47	65.51	62.54	59.61	56.73	53.92	51.25	49.05	47.06	45.18	43.32	41.52	39.79	38.14	36.76	35.61	34.56	33.58	32.72	31.93	31.18	30.61	30.06	29.51	29.29	29.13	29.03	29.00	
107.00	103.82	100.66	97.51	94.46	91.44	88.46	85.59	82.73	79.90	77.17	74.49	71.88	69.36	66.87	64.40	62.08	59.90	57.73	55.57	53.52	51.47	49.44	47.68	46.11	44.62	43.18	41.75	40.35	39.15	38.00	36.90	35.87	34.98	34.20	33.44	32.75	32.08	31.76	31.47	31.28	31.12	31.06	31.00	
113.00	109.41	105.83	102.39	99.00	95.69	92.61	89.56	86.53	83.57	80.61	77.66	74.73	71.85	69.15	66.58	64.02	61.47	58.98	56.56	54.22	52.04	50.04	48.11	46.21	44.34	42.49	40.71	39.08	37.90	36.83	35.91	35.02	34.18	33.53	32.95	32.64	32.40	32.27	32.21	32.14	32.08	32.03	32.00	
121.00	116.66	112.37	108.27	104.22	100.20	96.33	92.54	88.76	85.15	81.58	78.03	74.71	71.40	68.14	64.96	61.84	58.86	55.89	53.33	50.96	48.62	46.32	44.24	42.17	40.11	38.12	36.22	34.47	33.36	32.50	31.74	31.09	30.46	29.86	29.36	28.98	28.64	28.35	28.11	28.00	
121.00	116.89	112.87	108.88	104.93	101.06	97.25	93.66	90.18	86.88	83.75	80.73	77.77	74.82	71.92	69.07	66.36	63.71	61.10	58.65	56.21	53.83	51.56	49.33	47.31	45.55	43.86	42.18	40.68	39.30	37.93	36.60	35.45	34.43	33.48	32.61	31.82	31.23	30.86	30.57	30.36	30.17	30.00	
116.00	112.26	108.66	105.11	101.60	98.32	95.04	91.77	88.52	85.32	82.29	79.28	76.31	73.37	70.51	67.74	65.12	62.57	60.21	57.87	55.63	53.47	51.34	49.25	47.32	45.42	43.53	41.74	40.05	38.38	36.85	35.35	34.09	32.97	31.91	31.20	30.49	30.02	29.57	29.18	29.03	29.00	
102.00	98.92	95.84	92.81	89.84	87.05	84.27	81.50	78.81	76.12	73.46	70.94	68.41	66.01	63.91	61.87	59.87	57.90	55.95	54.00	52.11	50.28	48.56	46.92	45.33	43.94	42.55	41.21	39.93	38.69	37.53	36.41	35.34	34.31	33.47	32.67	31.91	31.22	30.67	30.22	30.02	30.00	
110.00	106.10	102.25	98.64	95.04	91.59	88.19	84.96	81.77	78.64	75.51	72.46	69.45	66.75	64.10	61.61	59.15	56.69	54.26	52.09	50.03	48.00	45.99	44.00	42.12	40.40	38.82	37.34	35.96	34.63	33.30	32.05	31.21	30.43	29.69	29.07	28.51	28.00	27.66	27.35	27.07	27.02	27.00	27.00	
104.00	100.10	96.23	92.41	88.63	85.10	81.74	78.38	75.11	72.09	69.08	66.19	63.39	60.66	58.00	55.42	53.07	50.74	48.72	46.71	44.74	42.79	40.94	39.14	37.70	36.45	35.31	34.37	33.52	32.76	32.06	31.38	30.75	30.14	29.54	29.14	28.80	28.49	28.25	28.04	28.00	
102.00	98.56	95.33	92.17	89.07	85.98	82.97	79.97	77.12	74.31	71.65	69.02	66.43	63.95	61.64	59.41	57.21	55.15	53.42	51.79	50.28	48.82	47.37	45.92	44.49	43.13	41.81	40.49	39.38	38.28	37.27	36.27	35.30	34.46	33.68	32.95	32.27	31.63	31.05	30.48	30.22	30.03	30.00	
109.00	105.10	101.21	97.32	93.47	89.90	86.41	82.94	79.73	76.67	73.67	70.68	67.93	65.43	62.96	60.70	58.53	56.54	54.62	52.76	50.99	49.26	47.61	46.14	44.81	43.49	42.17	40.88	39.64	38.44	37.24	36.36	35.69	35.03	34.42	33.85	33.32	32.82	32.48	32.18	32.00	
119.00	114.32	109.82	105.55	101.36	97.20	93.25	89.73	86.27	82.82	79.44	76.44	73.69	70.94	68.25	65.57	62.92	60.37	57.93	55.51	53.30	51.11	49.03	47.00	45.02	43.27	41.58	40.01	38.45	36.89	35.41	33.96	32.88	31.89	31.06	30.35	29.82	29.36	29.13	29.06	29.03	29.00	
101.00	97.92	94.85	91.80	88.76	85.87	82.98	80.22	77.47	74.78	72.23	69.75	67.34	64.98	62.64	60.41	58.23	56.09	53.95	51.85	49.89	47.97	46.21	44.47	42.79	41.20	39.78	38.38	37.13	35.98	34.85	34.09	33.40	32.91	32.65	32.49	32.34	32.21	32.10	32.05	32.00	
107.00	103.44	99.97	96.52	93.11	89.77	86.63	83.50	80.46	77.55	74.66	71.82	69.28	66.94	64.63	62.41	60.23	58.04	55.96	53.90	51.90	50.04	48.21	46.68	45.19	43.72	42.30	40.94	39.71	38.64	37.59	36.55	35.67	34.86	34.11	33.50	32.91	32.47	32.16	32.10	32.04	32.00	
106.00	101.82	97.88	93.98	90.29	86.73	83.19	79.75	76.34	72.98	69.80	66.84	64.39	61.97	59.76	57.62	55.67	53.78	51.92	50.07	48.26	46.59	45.14	43.73	42.33	40.96	39.61	38.43	37.26	36.11	35.03	33.95	32.96	31.98	31.11	30.32	29.62	29.09	28.57	28.12	28.00	
112.00	108.06	104.11	100.22	96.66	93.18	89.81	86.67	83.60	80.77	77.97	75.24	72.55	69.93	67.40	64.93	62.61	60.38	58.21	56.11	54.09	52.13	50.19	48.34	46.61	44.95	43.30	41.75	40.24	38.84	37.49	36.35	35.21	34.09	32.98	31.94	31.07	30.33	29.79	29.52	29.24	29.00	
112.00	108.03	104.19	100.51	96.89	93.30	89.74	86.21	82.75	79.30	76.15	73.21	70.40	67.68	65.05	62.67	60.45	58.34	56.32	54.48	52.63	50.84	49.20	47.70	46.22	44.79	43.37	41.97	40.67	39.37	38.11	36.85	35.84	35.29	34.77	34.28	33.79	33.34	32.93	32.55	32.17	32.00	
113.00	109.44	106.03	102.69	99.55	96.44	93.34	90.26	87.31	84.57	81.89	79.31	76.75	74.18	71.68	69.18	66.68	64.30	62.01	59.84	57.69	55.56	53.45	51.54	49.65	47.83	46.16	44.62	43.23	41.86	40.49	39.22	38.04	36.87	35.88	34.92	33.97	33.06	32.18	31.49	30.96	30.53	30.11	30.03	30.00	
114.00	109.43	104.93	100.44	96.28	92.16	88.22	84.31	80.54	77.09	73.79	70.61	67.48	64.45	61.82	59.25	56.69	54.41	52.16	49.95	47.79	45.79	44.11	42.51	40.93	39.37	37.99	36.64	35.29	33.96	33.18	32.60	32.02	31.47	30.93	30.61	30.41	30.22	30.08	30.02	30.00	
122.00	116.25	110.69	105.62	100.67	95.73	91.24	86.98	82.98	79.11	75.25	71.62	68.06	64.60	61.21	57.90	54.96	52.43	50.31	48.26	46.53	44.86	43.25	41.72	40.35	39.01	37.83	36.80	35.93	35.08	34.25	33.50	32.76	32.05	31.47	31.07	30.72	30.39	30.25	30.14	30.08	30.03	30.00	
113.00	108.89	104.97	101.21	97.48	93.86	90.26	86.69	83.18	79.69	76.22	72.79	69.61	66.50	63.49	60.99	58.50	56.07	53.65	51.29	48.96	46.73	44.62	42.57	40.58	38.89	37.24	35.84	34.51	33.21	31.93	31.08	30.31	29.57	28.96	28.43	27.95	27.61	27.34	27.08	27.00	
115.00	110.97	107.44	104.03	100.65	97.29	94.04	90.90	87.81	84.75	81.71	79.02	76.33	73.69	71.25	68.85	66.47	64.24	62.01	59.80	57.63	55.47	53.30	51.28	49.31	47.39	45.50	43.72	41.93	40.35	38.90	37.50	36.18	34.95	33.94	33.10	32.27	31.51	30.75	30.12	29.64	29.28	29.11	29.02	29.00	
109.00	105.33	101.66	97.99	94.42	91.02	87.62	84.26	81.02	77.82	74.73	71.68	69.14	66.64	64.18	61.74	59.42	57.17	54.97	52.78	50.67	48.61	46.61	44.64	42.70	41.07	39.49	38.05	36.63	35.24	33.88	32.67	31.48	30.62	29.87	29.21	28.79	28.43	28.18	28.08	28.00	
115.00	110.14	105.34	100.55	96.33	92.31	88.38	84.58	80.79	77.08	73.90	70.73	67.61	64.78	61.97	59.26	56.59	54.33	52.12	50.04	48.06	46.20	44.49	42.90	41.40	39.94	38.50	37.07	35.70	34.40	33.25	32.11	31.02	30.07	29.21	28.43	27.85	27.30	27.09	27.05	27.02	27.00	
121.00	116.64	112.40	108.18	104.06	100.06	96.23	92.45	88.82	85.39	82.01	78.64	75.31	72.17	69.16	66.31	63.71	61.16	58.61	56.28	54.04	51.89	49.92	48.00	46.08	44.17	42.41	40.77	39.15	37.57	36.20	34.92	33.91	33.01	32.21	31.54	30.91	30.36	29.93	29.61	29.35	29.12	29.00	
108.00	104.66	101.36	98.18	95.08	92.07	89.10	86.13	83.23	80.50	77.85	75.31	72.78	70.30	67.97	65.64	63.35	61.06	58.87	56.69	54.61	52.59	50.60	48.71	46.88	45.07	43.56	42.07	40.77	39.46	38.21	37.17	36.45	35.75	35.05	34.35	33.67	33.03	32.46	31.93	31.45	31.25	31.10	31.04	31.00	
104.00	99.82	95.70	91.63	87.60	83.64	79.73	75.84	72.09	68.43	65.10	61.80	59.31	56.88	54.67	52.51	50.42	48.51	46.67	44.90	43.15	41.52	40.07	38.92	37.97	37.16	36.36	35.57	34.87	34.18	33.49	32.88	32.27	31.73	31.20	30.69	30.23	29.86	29.52	29.29	29.13	29.03	29.00	
112.00	107.68	103.39	99.21	95.22	91.42	88.06	84.79	81.59	78.64	75.82	73.09	70.61	68.26	65.97	63.68	61.47	59.28	57.09	54.91	52.90	50.93	49.01	47.10	45.38	44.06	42.94	41.83	40.72	39.63	38.56	37.56	36.61	35.68	34.78	33.90	33.02	32.14	31.33	30.53	29.73	29.11	29.00	
115.00	110.50	106.18	101.96	97.85	94.01	90.37	86.78	83.21	79.69	76.21	72.96	69.77	66.73	63.99	61.34	58.72	56.38	54.09	51.83	49.60	47.39	45.30	43.27	41.28	39.53	37.84	36.14	34.89	33.83	32.98	32.30	31.66	31.12	30.66	30.30	29.96	29.62	29.31	29.12	29.00	
114.00	110.20	106.55	102.97	99.47	96.10	92.94	89.85	86.88	84.03	81.20	78.44	75.78	73.20	70.64	68.16	65.67	63.28	61.04	58.87	56.71	54.72	52.88	51.15	49.45	47.95	46.52	45.11	43.72	42.36	41.04	39.90	38.84	37.80	36.87	36.05	35.24	34.46	33.71	33.09	32.48	32.00	
120.00	116.50	113.06	109.69	106.36	103.18	100.06	96.96	93.87	90.83	87.81	84.79	81.94	79.10	76.35	73.76	71.18	68.62	66.08	63.62	61.18	58.87	56.60	54.43	52.33	50.36	48.42	46.49	44.61	42.81	41.13	39.49	37.86	36.38	35.05	34.19	33.61	33.10	32.60	32.36	32.23	32.12	32.04	32.00	
104.00	100.65	97.39	94.20	91.09	88.12	85.32	82.59	79.87	77.23	74.68	72.20	69.80	67.40	65.05	62.75	60.53	58.40	56.37	54.35	52.33	50.41	48.53	46.83	45.22	43.78	42.44	41.23	40.10	39.05	38.07	37.11	36.16	35.26	34.40	33.55	32.80	32.11	31.47	31.07	31.00	31.00	
101.00	97.55	94.14	90.75	87.38	84.07	80.77	77.56	74.46	71.37	68.32	65.36	62.70	60.42	58.16	55.98	53.79	51.91	50.06	48.23	46.50	44.98	43.46	42.01	40.59	39.18	37.77	36.64	35.67	34.74	33.88	33.04	32.20	31.37	30.55	29.81	29.28	28.86	28.50	28.24	28.08	28.04	28.02	28.00	
117.00	113.38	109.76	106.19	102.73	99.35	96.01	92.68	89.44	86.29	83.23	80.23	77.29	74.40	71.60	68.91	66.27	63.64	61.06	58.48	56.20	53.99	51.87	49.82	47.79	45.93	44.07	42.38	40.78	39.27	37.79	36.36	34.93	33.59	32.36	31.18	30.33	29.63	29.18	28.84	28.53	28.25	28.04	28.00	
121.00	116.47	112.19	108.24	104.44	100.66	96.98	93.52	90.06	86.79	83.70	80.64	77.81	75.02	72.27	69.57	66.96	64.43	61.93	59.53	57.17	54.83	52.50	50.19	48.20	46.32	44.59	42.98	41.38	39.82	38.58	37.42	36.31	35.25	34.23	33.22	32.25	31.50	30.90	30.46	30.04	29.68	29.35	29.17	29.00	
122.00	118.28	114.58	110.92	107.52	104.15	100.81	97.52	94.24	90.99	87.75	84.64	81.61	78.72	75.85	72.99	70.20	67.57	65.04	62.53	60.20	58.03	55.88	53.86	51.89	49.95	48.03	46.12	44.23	42.36	40.56	39.09	37.67	36.38	35.34	34.33	33.35	32.49	31.97	31.59	31.31	31.06	31.00	
110.00	106.59	103.24	99.94	96.66	93.44	90.35	87.28	84.33	81.38	78.48	75.59	72.85	70.28	67.84	65.48	63.15	60.85	58.63	56.80	55.01	53.24	51.55	49.96	48.52	47.09	45.77	44.50	43.23	41.97	40.78	39.65	38.57	37.57	36.60	35.64	34.76	33.88	33.07	32.50	32.01	31.56	31.23	31.08	31.00	
107.00	103.85	100.89	97.98	95.09	92.28	89.47	86.68	83.92	81.28	78.76	76.27	73.80	71.52	69.31	67.19	65.07	62.96	60.86	58.83	57.11	55.40	53.76	52.16	50.64	49.17	47.74	46.32	44.98	43.64	42.38	41.16	39.95	38.74	37.65	36.56	35.57	34.66	33.86	33.10	32.57	32.30	32.05	32.00	
108.00	104.62	101.46	98.31	95.18	92.10	89.10	86.15	83.21	80.32	77.47	74.73	72.01	69.32	66.82	64.36	62.09	59.88	57.68	55.49	53.38	51.31	49.33	47.52	45.84	44.20	42.62	41.21	39.81	38.63	37.47	36.36	35.32	34.34	33.44	32.57	31.70	31.14	30.76	30.40	30.16	30.02	30.00	
105.00	101.65	98.39	95.14	91.92	88.73	85.58	82.43	79.40	76.37	73.43	70.54	67.72	64.93	62.31	60.11	57.93	55.76	53.70	51.71	49.78	47.93	46.21	44.54	43.03	41.53	40.02	38.60	37.22	36.05	34.89	33.76	32.65	31.57	30.60	29.84	29.10	28.36	28.05	27.73	27.46	27.25	27.11	27.01	27.00	
109.00	105.63	102.41	99.25	96.10	92.97	89.87	86.82	83.79	80.77	77.79	74.86	71.94	69.03	66.24	63.58	60.96	58.52	56.30	54.18	52.09	50.06	48.09	46.20	44.30	42.55	40.89	39.28	37.79	36.32	34.87	33.49	32.23	31.15	30.22	29.32	28.47	27.88	27.35	27.17	27.05	27.00	
117.00	112.98	108.98	104.98	101.04	97.34	93.72	90.10	86.72	83.46	80.22	77.11	74.11	71.48	68.92	66.39	63.94	61.61	59.35	57.13	54.98	52.92	51.01	49.27	47.56	45.90	44.39	42.93	41.63	40.42	39.32	38.23	37.18	36.13	35.09	34.26	33.47	32.68	31.93	31.51	31.10	30.76	30.44	30.19	30.00	
113.00	109.38	105.88	102.44	99.08	95.73	92.40	89.12	85.86	82.62	79.40	76.43	73.52	70.68	68.06	65.57	63.19	60.82	58.48	56.17	53.89	51.74	49.62	47.60	45.84	44.08	42.37	40.93	39.54	38.39	37.29	36.34	35.42	34.51	33.62	32.75	31.94	31.22	31.06	31.01	31.00	
121.00	117.19	113.54	109.99	106.44	102.90	99.37	95.85	92.35	88.86	85.53	82.25	79.08	75.92	72.81	69.87	66.95	64.17	61.55	59.03	56.66	54.31	51.99	49.79	47.66	45.54	43.46	41.44	39.48	37.73	36.14	34.67	33.24	31.87	31.12	30.46	29.87	29.39	28.95	28.59	28.26	28.06	28.03	28.00	
105.00	101.65	98.33	95.10	91.88	88.68	85.51	82.38	79.33	76.32	73.35	70.50	67.66	64.83	62.10	59.41	56.81	54.55	52.34	50.17	48.16	46.16	44.27	42.83	41.43	40.41	39.42	38.50	37.60	36.78	36.01	35.32	34.69	34.06	33.47	32.93	32.44	32.01	31.76	31.52	31.29	31.13	31.00	
104.00	100.93	97.86	94.80	91.93	89.07	86.24	83.42	80.64	77.97	75.40	72.92	70.53	68.15	65.88	63.62	61.40	59.26	57.14	55.14	53.17	51.34	49.56	47.81	46.10	44.39	42.81	41.27	39.98	38.73	37.52	36.33	35.36	34.46	33.59	32.87	32.22	31.60	30.99	30.47	29.96	29.59	29.24	29.08	29.00	
106.00	102.57	99.15	95.77	92.44	89.13	85.96	82.87	79.81	76.79	73.79	70.82	67.89	65.07	62.31	59.99	57.73	55.50	53.44	51.46	49.65	47.94	46.34	44.75	43.19	41.63	40.11	38.72	37.43	36.17	34.97	33.82	32.98	32.16	31.37	30.63	30.10	29.64	29.22	28.85	28.54	28.27	28.06	28.00	
105.00	101.19	97.63	94.22	90.84	87.52	84.35	81.18	78.15	75.29	72.53	69.82	67.22	64.69	62.16	59.83	57.54	55.50	53.53	51.66	49.84	48.07	46.38	44.72	43.14	41.65	40.21	38.79	37.45	36.14	34.86	33.83	32.85	32.11	31.54	31.03	30.74	30.48	30.23	30.09	30.00	
105.00	102.06	99.13	96.22	93.39	90.55	87.72	84.95	82.24	79.66	77.12	74.63	72.24	69.94	67.68	65.48	63.45	61.48	59.56	57.71	55.86	54.06	52.28	50.49	48.78	47.19	45.62	44.15	42.76	41.50	40.27	39.13	37.99	36.91	35.86	34.86	33.98	33.15	32.49	32.08	31.73	31.44	31.19	31.06	31.00	
106.00	102.71	99.46	96.24	93.14	90.08	87.02	83.97	81.09	78.24	75.43	72.64	69.87	67.36	64.90	62.48	60.09	57.84	55.64	53.57	51.75	49.94	48.17	46.46	44.80	43.18	41.60	40.12	38.70	37.52	36.47	35.45	34.45	33.52	32.74	32.00	31.30	30.86	30.45	30.11	29.79	29.53	29.27	29.09	29.00	
117.00	112.04	107.11	102.29	97.83	93.75	90.04	86.52	83.03	79.73	76.51	73.42	70.46	67.50	64.57	61.91	59.27	56.65	54.09	51.95	49.83	47.72	45.74	43.94	42.31	40.84	39.38	38.22	37.12	36.06	35.00	33.96	33.23	32.54	31.94	31.38	30.86	30.54	30.24	30.11	30.00	
107.00	102.91	98.83	95.15	91.50	88.07	84.98	81.91	78.99	76.17	73.39	70.73	68.08	65.52	63.12	60.80	58.63	56.65	54.68	52.86	51.08	49.46	47.85	46.30	44.82	43.35	41.91	40.48	39.10	37.82	36.75	35.72	34.89	34.05	33.31	32.58	32.07	31.59	31.20	30.83	30.60	30.39	30.21	30.05	30.00	
101.00	97.36	93.74	90.36	87.15	84.06	81.12	78.19	75.27	72.37	69.56	66.75	64.21	61.67	59.40	57.20	55.14	53.09	51.21	49.43	47.70	46.03	44.37	42.73	41.15	39.82	38.53	37.35	36.26	35.29	34.41	33.56	32.75	31.96	31.20	30.49	29.84	29.21	28.80	28.48	28.22	28.11	28.00	
111.00	107.07	103.27	99.50	95.94	92.48	89.19	86.18	83.32	80.54	77.84	75.25	72.83	70.41	68.03	65.74	63.45	61.20	59.06	56.98	55.01	53.04	51.17	49.34	47.53	45.80	44.09	42.48	41.02	39.59	38.41	37.25	36.40	35.59	34.78	34.05	33.38	33.02	32.73	32.45	32.21	32.13	32.06	32.00	
103.00	99.53	96.19	92.88	89.68	86.62	83.72	80.99	78.26	75.63	73.05	70.47	67.94	65.45	63.07	60.88	58.71	56.54	54.36	52.20	50.20	48.23	46.51	44.81	43.25	41.97	40.76	39.55	38.37	37.32	36.29	35.30	34.55	33.86	33.19	32.54	32.13	31.74	31.39	31.18	31.01	31.00	
117.00	112.32	107.68	103.07	98.61	94.40	90.20	86.61	83.15	79.70	76.34	73.15	70.09	67.08	64.14	61.30	58.52	55.80	53.26	50.88	48.56	46.66	45.14	43.78	42.43	41.10	39.82	38.55	37.37	36.25	35.43	34.71	34.01	33.35	32.84	32.50	32.33	32.18	32.04	32.00	32.00	
101.00	97.66	94.32	91.19	88.21	85.28	82.42	79.66	76.94	74.27	71.73	69.21	66.70	64.20	61.71	59.31	57.17	55.10	53.41	51.76	50.19	48.66	47.25	45.88	44.55	43.25	41.98	40.84	39.72	38.65	37.58	36.58	35.64	34.80	34.01	33.27	32.59	32.05	31.52	31.22	31.04	31.00	
123.00	118.84	114.91	111.18	107.46	103.74	100.12	96.80	93.58	90.42	87.38	84.53	81.69	78.86	76.07	73.43	70.84	68.26	65.73	63.38	61.04	58.89	56.80	54.75	52.74	50.74	48.94	47.36	45.79	44.23	42.73	41.28	39.87	38.48	37.16	35.87	34.82	33.84	32.93	32.27	31.75	31.41	31.12	31.00	
110.00	106.49	103.11	99.76	96.42	93.10	89.98	87.03	84.10	81.25	78.43	75.63	72.84	70.06	67.28	64.62	62.13	59.64	57.24	54.94	52.74	50.63	48.54	46.67	44.84	43.10	41.42	40.02	38.61	37.20	35.94	34.73	33.80	32.96	32.25	31.55	30.95	30.35	29.89	29.44	29.16	29.00	
113.00	108.67	104.51	100.47	96.44	92.54	88.69	84.90	81.21	77.55	74.18	70.87	67.57	64.42	61.31	58.58	55.97	53.40	50.99	48.61	46.47	44.37	42.48	40.90	39.56	38.24	36.99	36.02	35.07	34.13	33.20	32.34	31.50	30.69	29.99	29.32	28.66	28.00	27.59	27.27	27.13	27.04	27.00	
122.00	117.91	113.95	110.02	106.10	102.19	98.39	94.73	91.25	87.81	84.50	81.30	78.18	75.09	72.02	69.03	66.26	63.62	61.00	58.38	55.78	53.40	51.18	49.03	47.02	45.21	43.49	41.79	40.35	38.95	37.57	36.32	35.08	33.96	32.89	31.82	30.90	30.03	29.23	28.60	27.99	27.55	27.15	27.00	
105.00	100.88	96.88	92.89	89.01	85.21	81.76	78.35	75.13	71.96	68.81	65.74	62.75	59.89	57.15	54.47	52.35	50.40	48.57	46.75	44.99	43.31	41.64	40.14	38.76	37.38	36.25	35.30	34.43	33.65	32.91	32.18	31.55	31.03	30.55	30.09	29.79	29.52	29.28	29.05	29.00	
111.00	107.01	103.14	99.61	96.11	92.64	89.26	86.01	82.82	79.68	76.55	73.43	70.35	67.40	64.61	61.85	59.45	57.42	55.40	53.50	51.61	49.77	47.93	46.13	44.38	42.74	41.14	39.64	38.17	36.79	35.49	34.27	33.18	32.24	31.34	30.57	29.84	29.17	28.55	28.10	27.72	27.37	27.13	27.05	27.00	
113.00	109.38	105.79	102.33	98.90	95.49	92.10	88.72	85.46	82.19	78.96	75.78	72.64	69.57	66.69	63.90	61.46	59.07	56.80	54.54	52.41	50.32	48.33	46.52	44.83	43.22	41.61	40.18	38.79	37.46	36.26	35.07	34.12	33.26	32.54	31.85	31.53	31.30	31.16	31.04	31.00	
110.00	106.24	102.48	98.81	95.19	91.67	88.20	84.85	81.63	78.75	76.00	73.29	70.62	67.97	65.47	63.09	60.78	58.53	56.33	54.14	52.12	50.11	48.15	46.21	44.34	42.50	40.96	39.49	38.03	36.62	35.22	34.04	32.93	31.90	31.05	30.32	29.61	28.98	28.43	27.97	27.57	27.28	27.15	27.05	27.00	
113.00	108.84	104.77	100.71	96.97	93.27	89.73	86.32	83.07	79.89	76.96	74.03	71.14	68.36	65.68	63.14	60.72	58.36	56.06	53.84	51.69	49.58	47.59	45.74	43.97	42.30	40.70	39.21	37.85	36.53	35.48	34.46	33.47	32.49	31.52	30.84	30.18	29.63	29.08	28.59	28.42	28.27	28.12	28.00	
121.00	116.61	112.28	108.26	104.25	100.38	96.63	92.91	89.19	85.48	82.18	79.05	76.05	73.07	70.11	67.15	64.25	61.45	58.67	55.96	53.40	50.88	48.67	46.50	44.41	42.34	40.66	39.11	37.84	36.82	35.89	35.02	34.16	33.37	32.86	32.44	32.07	31.76	31.44	31.15	31.03	31.00	
108.00	104.46	101.02	97.60	94.23	90.97	87.74	84.52	81.54	78.64	75.78	72.95	70.29	67.70	65.12	62.67	60.32	57.97	55.78	53.67	51.61	49.59	47.61	45.64	43.68	41.87	40.09	38.67	37.53	36.43	35.36	34.35	33.36	32.52	31.69	30.93	30.44	29.97	29.50	29.24	29.09	29.00	
123.00	119.30	115.65	112.01	108.39	104.78	101.19	97.80	94.41	91.05	87.77	84.54	81.31	78.29	75.44	72.75	70.08	67.49	64.98	62.55	60.15	57.92	55.75	53.65	51.75	49.92	48.13	46.44	44.76	43.14	41.61	40.23	38.99	37.78	36.58	35.40	34.53	33.78	33.22	32.77	32.48	32.20	32.01	32.00	
122.00	117.69	113.49	109.31	105.21	101.29	97.39	93.52	90.06	86.72	83.45	80.19	77.02	73.88	71.06	68.28	65.62	63.34	61.10	58.96	56.84	54.80	52.91	51.02	49.14	47.36	45.68	44.07	42.51	41.19	39.90	38.85	37.88	36.99	36.12	35.34	34.65	34.08	33.64	33.21	32.82	32.47	32.20	32.03	32.00	
103.00	100.02	97.11	94.20	91.31	88.45	85.60	82.96	80.36	77.82	75.32	72.88	70.44	68.10	65.86	63.69	61.59	59.50	57.43	55.38	53.37	51.37	49.44	47.63	45.90	44.48	43.23	42.04	40.96	39.95	38.97	38.04	37.11	36.26	35.42	34.61	33.94	33.29	32.84	32.46	32.18	32.08	32.00	
117.00	113.04	109.10	105.17	101.40	97.95	94.72	91.52	88.41	85.34	82.31	79.35	76.54	73.80	71.30	68.88	66.47	64.07	61.68	59.30	57.00	54.79	52.74	50.72	48.75	46.80	45.00	43.28	41.56	39.85	38.42	36.99	35.74	34.62	33.57	32.82	32.08	31.35	30.82	30.39	30.11	30.00	
107.00	103.40	99.80	96.32	92.84	89.39	86.07	82.79	79.58	76.59	73.63	70.90	68.19	65.52	63.00	60.59	58.21	56.19	54.21	52.26	50.39	48.53	46.70	44.90	43.11	41.47	39.87	38.31	37.04	35.95	34.96	34.00	33.13	32.31	31.59	30.88	30.20	29.71	29.30	29.04	29.01	29.00	
123.00	117.91	112.86	107.91	103.00	98.87	94.75	90.85	87.03	83.30	79.62	76.10	72.65	69.53	66.40	63.31	60.41	57.50	54.66	51.83	49.08	46.42	44.37	42.50	40.64	38.79	37.17	35.72	34.28	33.14	32.29	31.65	31.19	30.75	30.33	29.99	29.70	29.48	29.27	29.08	29.00	
110.00	106.01	102.22	98.49	94.79	91.13	87.47	83.99	80.57	77.37	74.44	71.73	69.03	66.40	63.85	61.31	58.79	56.28	53.81	51.49	49.18	46.91	44.74	42.68	41.12	39.69	38.37	37.25	36.28	35.46	34.78	34.15	33.55	33.04	32.54	32.14	31.84	31.59	31.37	31.20	31.10	31.00	
114.00	109.89	105.94	102.08	98.31	94.56	90.85	87.15	83.56	80.05	76.57	73.20	70.24	67.35	64.49	61.73	59.15	56.75	54.36	52.16	50.10	48.10	46.12	44.27	42.51	40.81	39.44	38.28	37.20	36.16	35.18	34.33	33.57	32.84	32.34	31.84	31.39	31.01	30.68	30.35	30.16	30.00	
123.00	119.04	115.23	111.52	107.91	104.37	100.98	97.61	94.24	90.89	87.59	84.33	81.19	78.06	74.92	71.84	68.81	65.91	63.10	60.34	57.65	55.16	52.93	50.75	48.57	46.69	44.82	42.98	41.22	39.59	38.07	36.82	35.66	34.58	33.55	32.59	31.66	30.90	30.18	29.56	28.97	28.45	28.14	28.00	
109.00	105.55	102.27	99.04	95.89	92.75	89.66	86.66	83.75	80.96	78.18	75.40	72.64	70.00	67.39	64.82	62.28	59.89	57.58	55.49	53.43	51.40	49.39	47.42	45.48	43.58	41.84	40.18	38.55	37.01	35.99	35.03	34.14	33.27	32.53	32.13	31.81	31.52	31.35	31.17	31.00	
101.00	97.82	94.68	91.53	88.43	85.43	82.44	79.49	76.60	73.77	71.00	68.27	65.75	63.28	60.83	58.62	56.56	54.59	52.82	51.10	49.39	47.71	46.09	44.50	42.92	41.68	40.54	39.41	38.36	37.39	36.43	35.50	34.59	33.69	32.82	32.02	31.35	30.73	30.46	30.19	30.11	30.04	30.00	
101.00	97.53	94.10	90.76	87.54	84.32	81.10	77.93	74.78	71.92	69.15	66.39	63.82	61.45	59.11	56.88	54.67	52.47	50.39	48.46	46.56	44.69	42.82	41.06	39.50	38.12	36.85	35.62	34.47	33.36	32.40	31.52	30.64	29.78	29.05	28.42	27.92	27.63	27.37	27.15	27.00	
103.00	99.59	96.39	93.22	90.11	87.01	84.04	81.12	78.27	75.44	72.68	70.00	67.34	64.70	62.07	59.65	57.25	54.97	52.87	50.83	49.01	47.20	45.43	43.77	42.14	40.60	39.13	37.71	36.35	35.10	33.91	32.76	31.64	30.76	29.94	29.18	28.55	27.96	27.39	27.18	27.00	
101.00	97.54	94.16	90.80	87.45	84.43	81.48	78.56	75.73	72.92	70.22	67.54	64.92	62.30	59.94	57.60	55.26	53.06	50.91	49.12	47.42	45.73	44.17	42.65	41.17	39.79	38.45	37.18	36.07	34.98	33.94	32.91	32.00	31.12	30.34	29.68	29.19	28.70	28.32	28.19	28.08	28.02	28.00	
114.00	110.56	107.18	103.89	100.61	97.43	94.38	91.48	88.58	85.73	83.01	80.30	77.64	75.04	72.66	70.29	67.94	65.73	63.56	61.40	59.24	57.14	55.04	53.02	51.05	49.10	47.18	45.32	43.50	41.73	39.98	38.43	36.97	35.57	34.23	33.09	31.99	30.98	29.99	29.21	28.61	28.04	28.00	
117.00	112.95	108.96	105.32	101.84	98.36	94.92	91.50	88.12	84.99	82.09	79.23	76.38	73.55	70.72	67.92	65.23	62.72	60.26	57.82	55.47	53.28	51.38	49.55	47.76	46.02	44.37	42.80	41.37	39.98	38.62	37.31	36.02	34.81	33.78	32.86	32.01	31.36	30.71	30.22	29.80	29.49	29.20	29.00	
101.00	97.39	94.15	90.93	87.77	84.74	81.83	78.95	76.26	73.62	70.98	68.39	65.86	63.49	61.16	58.85	56.63	54.49	52.36	50.30	48.65	47.04	45.47	44.00	42.64	41.30	39.99	38.79	37.90	37.03	36.16	35.30	34.49	33.72	32.96	32.24	31.59	30.99	30.41	30.00	29.64	29.32	29.12	29.00	
117.00	112.87	108.89	104.97	101.12	97.38	93.67	89.99	86.66	83.45	80.25	77.44	74.65	71.88	69.11	66.62	64.20	61.84	59.56	57.41	55.34	53.32	51.37	49.42	47.53	45.72	44.11	42.55	41.07	39.69	38.32	36.96	35.66	34.37	33.17	31.98	31.29	30.96	30.64	30.32	30.16	30.03	30.00	
116.00	111.68	107.47	103.57	99.78	95.99	92.21	88.48	84.81	81.39	78.06	75.11	72.71	70.32	68.09	65.97	63.91	61.91	59.96	58.09	56.27	54.46	52.70	51.01	49.33	47.66	46.02	44.48	42.93	41.43	39.99	38.85	37.73	36.71	35.80	35.02	34.32	33.69	33.24	32.86	32.52	32.29	32.16	32.07	32.00	
120.00	115.60	111.45	107.45	103.62	99.78	96.06	92.48	89.20	85.93	82.76	79.68	76.79	73.95	71.20	68.55	65.99	63.48	61.16	58.90	56.72	54.54	52.40	50.47	48.60	46.78	45.05	43.43	41.82	40.26	38.92	37.58	36.42	35.47	34.55	33.70	32.86	32.09	31.56	31.18	31.03	31.00	
115.00	110.86	106.80	102.78	98.93	95.10	91.27	87.47	83.74	80.16	76.72	73.57	70.50	67.45	64.40	61.42	58.52	56.04	53.93	52.01	50.20	48.39	46.82	45.54	44.28	43.10	41.96	40.83	39.72	38.77	37.82	36.92	36.04	35.18	34.38	33.76	33.29	32.87	32.46	32.05	31.71	31.38	31.18	31.07	31.00	
123.00	118.27	113.88	109.84	106.00	102.36	98.80	95.30	91.91	88.56	85.25	81.95	78.71	75.47	72.26	69.17	66.21	63.35	60.65	58.08	55.62	53.23	50.84	48.62	46.66	44.79	42.96	41.18	39.42	37.85	36.74	35.83	35.14	34.48	33.90	33.57	33.32	33.08	32.88	32.69	32.52	32.35	32.21	32.08	32.00	
107.00	103.46	99.99	96.53	93.18	90.01	86.87	83.73	80.88	78.05	75.26	72.64	70.06	67.47	64.91	62.39	60.08	57.84	55.61	53.44	51.34	49.30	47.42	45.68	43.94	42.36	40.87	39.58	38.40	37.24	36.15	35.26	34.56	33.87	33.25	32.67	32.12	31.61	31.15	30.74	30.34	30.00	
108.00	103.98	100.05	96.13	92.40	88.72	85.24	81.81	78.47	75.26	72.07	69.10	66.58	64.10	61.75	59.40	57.08	54.85	52.72	50.72	49.25	47.88	46.57	45.26	43.96	42.70	41.47	40.29	39.11	38.01	36.93	35.93	35.08	34.30	33.62	33.03	32.44	31.93	31.46	31.18	31.09	31.00	
115.00	111.09	107.22	103.40	99.62	95.87	92.14	88.74	85.43	82.34	79.40	76.49	73.70	70.97	68.28	65.73	63.19	60.73	58.33	55.97	53.63	51.44	49.28	47.18	45.57	44.06	42.56	41.11	39.71	38.32	37.11	35.92	34.80	33.81	32.88	32.35	31.85	31.38	30.98	30.59	30.41	30.26	30.15	30.07	30.00	
119.00	114.82	110.71	106.73	102.80	99.08	95.37	91.71	88.15	84.94	81.87	78.82	75.82	72.91	70.10	67.38	64.68	62.07	59.65	57.27	54.95	52.66	50.58	48.64	46.80	45.13	43.60	42.20	40.92	39.67	38.46	37.32	36.21	35.13	34.10	33.18	32.30	31.68	31.07	30.49	29.92	29.53	29.24	29.00	
120.00	115.40	110.87	106.41	102.15	97.90	93.67	89.48	85.32	81.18	77.48	73.89	70.50	67.59	64.78	62.12	59.47	56.86	54.38	52.11	50.29	48.55	47.00	45.48	43.99	42.53	41.18	39.84	38.58	37.35	36.19	35.07	34.13	33.23	32.56	31.93	31.36	30.85	30.33	29.89	29.51	29.17	29.06	29.00	
101.00	97.79	94.73	91.68	88.69	85.72	82.78	79.89	77.20	74.53	71.88	69.28	66.84	64.45	62.09	59.80	57.59	55.42	53.47	51.54	49.62	47.77	46.07	44.41	42.75	41.11	39.49	37.95	36.56	35.18	33.81	32.50	31.46	30.59	29.90	29.22	28.61	28.14	27.71	27.31	27.00	
120.00	115.77	111.76	107.77	103.80	99.91	96.04	92.36	88.74	85.37	82.02	78.69	75.57	72.70	70.11	67.53	64.96	62.50	60.20	57.96	55.77	53.59	51.41	49.40	47.52	45.65	43.97	42.39	41.17	39.99	38.83	37.72	36.67	35.68	34.96	34.32	33.71	33.18	32.66	32.16	31.75	31.36	31.00	
111.00	107.47	104.04	100.69	97.43	94.20	91.31	88.52	85.77	83.03	80.30	77.58	74.87	72.21	69.61	67.05	64.57	62.13	59.68	57.26	55.00	52.83	50.77	49.02	47.26	45.77	44.28	42.91	41.62	40.35	39.09	37.96	36.90	35.94	34.99	34.10	33.59	33.13	32.70	32.37	32.22	32.08	32.00	
117.00	113.46	109.96	106.51	103.12	99.73	96.42	93.20	90.01	86.84	83.83	80.84	77.89	75.14	72.39	69.71	67.09	64.64	62.18	59.83	57.50	55.21	52.93	50.66	48.78	47.11	45.50	43.90	42.31	41.08	39.88	38.84	37.82	36.79	35.78	34.78	33.93	33.17	32.57	31.98	31.52	31.23	31.00	
108.00	104.43	100.87	97.31	93.78	90.33	87.21	84.18	81.18	78.25	75.34	72.76	70.23	67.87	65.67	63.48	61.41	59.46	57.62	55.82	54.22	52.66	51.11	49.56	48.11	46.68	45.31	43.97	42.63	41.37	40.17	39.00	37.93	36.92	35.95	35.08	34.23	33.38	32.89	32.49	32.21	32.08	32.00	
104.00	99.84	95.74	91.76	87.85	84.03	80.25	76.50	72.81	69.60	66.50	63.47	60.46	57.48	54.92	52.70	50.69	48.90	47.19	45.63	44.18	42.81	41.44	40.08	38.75	37.64	36.54	35.48	34.50	33.53	32.61	31.77	31.08	30.43	29.83	29.40	29.12	28.85	28.60	28.35	28.17	28.06	28.00	
107.00	103.16	99.37	95.73	92.17	88.68	85.32	82.04	78.79	75.66	72.62	69.85	67.19	64.53	62.03	59.67	57.33	55.36	53.62	52.08	50.63	49.21	47.78	46.37	44.98	43.65	42.33	41.04	39.77	38.52	37.27	36.27	35.28	34.34	33.64	32.97	32.36	31.86	31.37	30.93	30.56	30.21	30.04	30.00	
108.00	104.19	100.62	97.10	93.63	90.38	87.18	84.01	80.91	77.84	74.84	71.91	69.08	66.32	63.77	61.27	58.81	56.42	54.07	51.79	49.54	47.29	45.21	43.48	41.84	40.34	38.97	37.67	36.41	35.20	34.36	33.57	32.90	32.27	31.69	31.16	30.64	30.24	29.86	29.53	29.27	29.05	29.00	
121.00	117.18	113.47	109.78	106.25	102.73	99.23	95.81	92.49	89.36	86.28	83.25	80.28	77.40	74.55	71.74	68.95	66.29	63.69	61.10	58.61	56.30	54.03	51.90	49.89	47.97	46.06	44.23	42.52	41.03	39.60	38.23	36.87	35.53	34.34	33.23	32.14	31.14	30.51	30.09	30.00	
105.00	101.39	97.78	94.20	90.82	87.52	84.23	81.01	77.95	74.98	72.04	69.31	66.62	64.02	61.44	58.93	56.70	54.50	52.39	50.40	48.50	46.61	44.73	43.00	41.27	39.62	38.40	37.25	36.16	35.09	34.29	33.59	32.99	32.45	31.91	31.44	31.13	30.83	30.55	30.28	30.08	30.01	30.00	
111.00	107.58	104.17	100.91	97.65	94.40	91.19	87.98	84.98	81.98	79.00	76.19	73.43	70.72	68.06	65.43	62.88	60.43	58.05	55.68	53.32	50.97	48.84	46.82	44.85	42.99	41.25	39.64	38.36	37.28	36.22	35.35	34.51	33.67	32.84	32.13	31.44	30.84	30.47	30.30	30.13	30.00	
123.00	119.12	115.24	111.38	107.96	104.54	101.17	97.82	94.50	91.62	88.74	85.97	83.23	80.51	77.82	75.19	72.59	70.00	67.44	64.89	62.36	59.87	57.46	55.28	53.11	50.99	48.87	46.78	44.76	42.79	41.03	39.35	37.71	36.09	34.68	33.38	32.30	31.30	30.51	29.97	29.57	29.32	29.13	29.05	29.00	
102.00	98.31	94.65	91.01	87.37	83.73	80.12	76.66	73.27	70.23	67.28	64.40	61.99	59.61	57.31	55.08	52.85	50.69	48.56	46.57	44.69	42.98	41.29	39.75	38.31	37.12	36.04	34.99	33.99	33.11	32.52	32.09	31.69	31.29	30.98	30.69	30.45	30.28	30.14	30.07	30.00	
106.00	102.70	99.45	96.20	93.01	89.82	86.67	83.51	80.55	77.62	74.91	72.29	69.69	67.23	64.82	62.51	60.25	58.01	55.89	53.81	51.89	49.98	48.15	46.32	44.67	43.18	41.73	40.47	39.24	38.06	36.98	35.92	35.03	34.28	33.58	32.93	32.33	31.82	31.31	30.86	30.47	30.13	30.00	
120.00	116.57	113.16	109.80	106.53	103.27	100.03	96.85	93.73	90.70	87.71	84.79	82.14	79.50	76.87	74.34	71.92	69.57	67.21	65.03	62.90	60.82	58.78	56.81	54.85	52.90	50.98	49.19	47.55	45.96	44.40	42.98	41.55	40.18	39.00	37.86	36.74	35.76	34.78	33.88	33.02	32.20	31.50	31.17	31.00	
111.00	107.25	103.63	100.06	96.57	93.24	89.93	86.71	83.60	80.51	77.46	74.42	71.47	68.68	65.94	63.27	60.66	58.12	55.67	53.49	51.33	49.21	47.23	45.27	43.41	41.76	40.20	38.65	37.34	36.25	35.20	34.27	33.61	32.96	32.37	31.79	31.25	30.78	30.33	29.92	29.63	29.33	29.15	29.06	29.00	
112.00	107.66	103.36	99.18	95.01	91.02	87.08	83.16	79.97	76.86	73.80	70.90	68.16	65.51	62.98	60.50	58.05	55.60	53.15	50.96	48.84	46.84	44.84	43.00	41.50	40.04	38.71	37.49	36.29	35.12	34.25	33.38	32.68	32.23	31.83	31.45	31.14	30.82	30.52	30.24	30.00	
111.00	108.08	105.19	102.32	99.47	96.69	93.92	91.16	88.42	85.69	83.01	80.38	77.76	75.16	72.59	70.05	67.52	65.03	62.78	60.55	58.34	56.15	54.15	52.18	50.32	48.51	46.82	45.18	43.57	42.00	40.51	39.05	37.60	36.16	34.93	33.88	32.95	32.04	31.33	30.67	30.03	29.41	28.82	28.34	28.00	
121.00	116.39	111.87	107.38	103.08	98.79	94.78	90.80	86.84	83.00	79.27	75.68	72.41	69.22	66.47	63.77	61.13	58.88	56.75	54.80	52.90	51.10	49.32	47.57	45.83	44.11	42.47	40.85	39.61	38.40	37.25	36.32	35.40	34.63	33.88	33.43	33.10	32.78	32.48	32.21	32.09	32.00	
120.00	115.47	110.95	106.60	102.30	98.07	93.91	89.90	86.23	82.77	79.53	76.46	73.45	70.48	67.57	64.81	62.10	59.53	57.07	54.67	52.76	50.94	49.17	47.42	45.70	44.00	42.48	40.98	39.53	38.17	36.88	35.69	34.60	33.69	32.81	32.10	31.42	31.19	31.12	31.07	31.03	31.00	
101.00	97.31	93.69	90.14	86.81	83.55	80.29	77.15	74.01	70.92	67.84	65.15	62.54	59.94	57.49	55.16	52.97	50.94	48.95	46.96	45.12	43.37	41.76	40.25	38.84	37.45	36.18	35.08	34.00	33.00	32.06	31.16	30.37	29.74	29.17	28.73	28.40	28.12	27.86	27.62	27.38	27.18	27.09	27.00	
120.00	115.60	111.20	106.82	102.62	98.45	94.46	90.57	86.85	83.15	79.49	75.86	72.52	69.33	66.17	63.07	60.01	57.13	54.45	51.99	49.87	47.75	45.75	43.95	42.22	40.76	39.42	38.17	36.93	35.90	35.00	34.12	33.39	32.72	32.05	31.40	30.88	30.43	30.11	30.01	30.00	
112.00	108.91	105.90	102.93	100.01	97.09	94.18	91.31	88.46	85.71	83.06	80.47	77.93	75.40	72.93	70.55	68.21	65.88	63.57	61.27	59.17	57.09	55.02	53.00	51.03	49.14	47.35	45.66	43.98	42.44	40.97	39.53	38.08	36.66	35.29	34.23	33.27	32.41	31.60	30.88	30.39	29.91	29.53	29.22	29.00	
110.00	106.07	102.17	98.31	94.45	90.61	86.96	83.36	79.80	76.38	72.97	69.71	66.80	64.44	62.19	59.97	57.79	55.69	53.62	51.75	50.02	48.29	46.61	44.97	43.41	41.89	40.38	38.99	37.60	36.31	35.14	33.99	32.90	31.90	31.10	30.47	29.88	29.36	29.01	28.73	28.50	28.27	28.06	28.01	28.00	
116.00	111.49	107.53	103.61	99.79	96.15	92.64	89.21	85.82	82.63	79.55	76.51	73.51	70.59	67.68	64.91	62.14	59.60	57.07	54.79	52.63	50.60	48.74	46.89	45.04	43.20	41.38	39.66	38.37	37.09	36.03	35.00	33.98	33.10	32.24	31.41	30.68	30.12	29.64	29.30	29.14	29.05	29.00	
104.00	100.47	97.02	93.68	90.40	87.14	83.93	80.75	77.60	74.52	71.48	68.86	66.31	63.77	61.35	58.96	56.85	54.78	52.72	50.75	48.98	47.24	45.52	43.86	42.36	41.20	40.17	39.20	38.28	37.40	36.53	35.78	35.07	34.44	33.83	33.29	32.93	32.58	32.33	32.18	32.08	32.03	32.00	
113.00	109.13	105.35	101.61	98.03	94.54	91.06	87.75	84.46	81.48	78.51	75.58	72.67	69.84	67.21	64.60	62.06	59.60	57.16	54.93	52.87	50.82	48.84	46.95	45.11	43.50	41.89	40.55	39.29	38.14	37.15	36.17	35.30	34.43	33.60	32.94	32.44	31.96	31.54	31.17	30.79	30.50	30.22	30.03	30.00	
109.00	105.26	101.72	98.26	94.91	91.69	88.52	85.40	82.31	79.28	76.26	73.25	70.29	67.70	65.15	62.62	60.22	57.98	55.76	53.69	51.68	49.77	47.98	46.19	44.63	43.17	41.81	40.62	39.48	38.38	37.31	36.36	35.42	34.57	33.75	32.99	32.37	31.88	31.56	31.28	31.02	31.00	
121.00	116.14	111.34	106.78	102.28	97.86	93.65	89.54	85.68	81.94	78.26	74.93	71.74	68.61	65.82	63.07	60.47	58.05	55.66	53.28	51.04	48.94	46.92	44.94	43.11	41.40	39.78	38.28	36.87	35.61	34.41	33.40	32.53	31.68	30.89	30.20	29.61	29.05	28.51	27.97	27.53	27.29	27.07	27.03	27.00	
107.00	103.80	100.63	97.48	94.36	91.35	88.43	85.56	82.83	80.39	77.98	75.59	73.23	70.99	68.77	66.59	64.46	62.34	60.34	58.34	56.41	54.49	52.60	50.70	48.82	47.12	45.53	44.14	42.76	41.44	40.17	39.04	37.97	36.97	35.98	35.01	34.14	33.28	32.48	31.81	31.20	30.69	30.24	30.08	30.00	
119.00	114.72	110.50	106.31	102.22	98.21	94.29	90.52	86.97	83.51	80.34	77.29	74.27	71.47	68.69	66.04	63.49	61.21	58.97	56.78	54.74	52.79	51.02	49.31	47.60	45.98	44.54	43.18	41.83	40.52	39.25	38.26	37.30	36.34	35.48	34.68	33.90	33.34	32.82	32.45	32.22	32.00	
108.00	104.18	100.61	97.22	93.93	90.72	87.53	84.34	81.25	78.18	75.36	72.58	69.83	67.11	64.52	62.18	59.84	57.62	55.45	53.33	51.29	49.40	47.83	46.30	44.80	43.32	41.94	40.57	39.19	37.83	36.49	35.31	34.24	33.34	32.49	31.74	31.06	30.46	29.88	29.58	29.36	29.16	29.06	29.00	
112.00	108.41	104.90	101.52	98.36	95.25	92.21	89.21	86.42	83.73	81.05	78.38	75.79	73.22	70.79	68.47	66.18	64.03	61.94	59.96	58.08	56.20	54.32	52.50	50.73	49.01	47.31	45.62	43.98	42.45	40.99	39.63	38.30	37.16	36.14	35.12	34.19	33.33	32.50	31.86	31.34	30.85	30.41	30.20	30.00	
106.00	102.46	98.97	95.51	92.07	88.66	85.26	81.91	78.61	75.72	72.91	70.28	67.68	65.12	62.61	60.19	57.98	55.83	53.77	51.74	49.73	47.73	45.80	43.95	42.11	40.38	38.80	37.31	35.88	34.45	33.32	32.46	31.61	30.77	29.97	29.41	28.92	28.53	28.18	27.84	27.53	27.28	27.06	27.00	
102.00	98.84	95.72	92.61	89.57	86.61	83.77	80.94	78.25	75.59	72.94	70.32	68.04	65.80	63.62	61.52	59.64	57.78	56.04	54.35	52.72	51.09	49.48	47.90	46.36	44.83	43.40	41.99	40.61	39.37	38.16	37.12	36.08	35.06	34.14	33.48	32.84	32.28	31.82	31.40	31.13	31.06	31.00	
118.00	114.43	110.87	107.35	103.97	100.67	97.47	94.31	91.16	88.15	85.28	82.48	79.87	77.27	74.85	72.61	70.37	68.14	65.93	63.72	61.53	59.35	57.22	55.09	52.97	50.94	48.92	47.12	45.52	43.95	42.50	41.04	39.61	38.21	36.98	35.77	34.63	33.52	32.47	31.44	30.79	30.22	30.06	30.01	30.00	
108.00	103.71	99.53	95.49	91.63	87.81	84.01	80.31	76.65	73.25	69.90	66.66	64.04	61.51	59.18	56.86	54.63	52.82	51.05	49.31	47.64	46.10	44.65	43.22	41.82	40.46	39.14	37.85	36.59	35.39	34.29	33.33	32.40	31.48	30.64	29.84	29.12	28.55	28.01	27.63	27.28	27.00	
120.00	115.44	110.95	106.78	102.62	98.80	95.17	91.74	88.37	85.01	81.81	78.64	75.67	72.77	69.93	67.15	64.41	61.84	59.37	56.96	54.67	52.54	50.60	48.66	46.74	44.84	42.97	41.16	39.41	37.73	36.09	34.75	33.49	32.33	31.50	31.01	30.69	30.48	30.29	30.13	30.00	
102.00	98.84	95.69	92.55	89.43	86.47	83.60	80.89	78.32	75.90	73.53	71.21	68.90	66.60	64.30	62.20	60.22	58.29	56.38	54.50	52.76	51.07	49.41	47.83	46.39	44.95	43.53	42.16	40.84	39.56	38.32	37.09	36.10	35.22	34.45	33.71	33.10	32.51	31.91	31.43	31.06	31.00	
110.00	105.68	101.37	97.39	93.62	89.99	86.47	83.24	80.38	77.53	74.68	71.96	69.29	66.73	64.23	61.88	59.54	57.21	54.96	52.71	50.57	48.44	46.48	44.72	43.17	41.72	40.31	38.99	37.71	36.43	35.27	34.31	33.45	32.68	31.94	31.20	30.62	30.31	30.17	30.08	30.00	
121.00	116.89	112.85	108.83	104.93	101.18	97.45	93.77	90.18	86.60	83.14	79.78	76.64	73.70	70.82	68.00	65.38	62.77	60.26	58.01	55.77	53.69	51.72	49.85	48.01	46.26	44.52	42.82	41.19	39.62	38.10	36.77	35.49	34.53	33.67	32.82	31.98	31.36	31.12	31.02	31.00	
120.00	115.45	111.08	106.80	102.67	98.58	94.49	90.48	86.49	82.49	78.62	75.30	72.04	68.91	65.98	63.08	60.25	57.60	55.12	52.69	50.28	47.87	45.48	43.15	40.96	39.35	37.94	36.79	35.72	34.87	34.04	33.25	32.47	31.85	31.27	30.80	30.37	30.02	29.68	29.40	29.19	29.00	
121.00	116.30	111.79	107.34	103.01	98.72	94.62	90.57	86.59	82.72	78.90	75.14	71.41	67.76	64.24	61.20	58.33	55.99	53.83	51.68	49.63	47.80	46.21	44.69	43.25	41.89	40.74	39.62	38.52	37.46	36.52	35.58	34.65	33.75	32.94	32.17	31.48	30.91	30.42	29.93	29.50	29.17	29.04	29.00	
115.00	111.29	107.61	104.03	100.46	97.00	93.60	90.22	86.94	83.75	80.62	77.68	74.73	71.89	69.16	66.51	63.90	61.59	59.35	57.12	55.04	52.97	50.90	48.92	47.00	45.14	43.39	41.83	40.30	38.79	37.30	35.86	34.50	33.34	32.30	31.36	30.48	29.63	28.79	27.96	27.72	27.49	27.29	27.15	27.00	
104.00	101.02	98.04	95.07	92.11	89.17	86.24	83.35	80.62	77.92	75.23	72.56	69.89	67.41	64.96	62.60	60.30	58.04	55.86	53.70	51.56	49.50	47.46	45.46	43.62	41.91	40.40	38.91	37.60	36.34	35.15	34.10	33.15	32.35	31.56	30.91	30.28	29.69	29.11	28.53	28.06	27.59	27.19	27.07	27.00	
121.00	116.55	112.38	108.22	104.23	100.30	96.41	92.71	89.05	85.41	81.96	78.54	75.24	71.95	68.69	65.54	62.46	59.41	56.37	53.41	50.49	47.83	45.53	43.39	41.42	39.53	37.89	36.28	34.91	33.86	32.81	31.76	31.12	30.57	30.05	29.75	29.46	29.24	29.14	29.04	29.00	
123.00	118.61	114.32	110.07	105.96	101.93	98.00	94.31	90.64	87.19	83.78	80.45	77.12	73.88	70.66	67.61	64.82	62.19	59.71	57.26	54.83	52.47	50.22	48.09	46.00	43.97	42.01	40.25	38.62	37.19	35.84	34.59	33.56	32.65	32.03	31.42	31.03	30.69	30.36	30.07	30.00	
123.00	119.00	115.02	111.07	107.11	103.17	99.40	95.63	91.88	88.28	84.76	81.25	78.25	75.52	72.91	70.32	67.76	65.25	62.74	60.38	58.01	55.74	53.60	51.78	50.00	48.23	46.50	44.84	43.25	41.71	40.25	38.89	37.56	36.43	35.41	34.46	33.57	32.70	31.85	31.09	30.68	30.30	30.18	30.07	30.00	
101.00	97.58	94.21	90.94	87.95	85.00	82.07	79.34	76.62	73.97	71.41	68.95	66.60	64.26	62.05	59.86	57.68	55.66	53.65	51.66	49.82	48.04	46.34	44.66	43.04	41.50	39.99	38.61	37.34	36.20	35.26	34.48	33.76	33.16	32.58	32.07	31.63	31.20	30.88	30.56	30.27	30.06	30.00	
110.00	105.70	101.46	97.32	93.53	89.92	86.38	82.93	79.55	76.18	72.83	69.51	66.19	63.01	60.10	57.30	54.55	51.97	50.00	48.08	46.28	44.54	43.00	41.48	40.07	38.67	37.28	35.91	34.90	33.97	33.09	32.21	31.42	30.63	29.90	29.29	28.68	28.33	27.98	27.66	27.34	27.06	27.00	
121.00	116.08	111.15	106.28	102.33	98.42	94.71	91.01	87.37	83.87	80.72	77.57	74.70	72.01	69.34	66.78	64.31	61.96	59.71	57.49	55.30	53.21	51.20	49.20	47.33	45.47	43.84	42.28	40.72	39.40	38.22	37.16	36.22	35.31	34.63	34.03	33.47	33.07	32.74	32.43	32.21	32.09	32.00	
102.00	99.22	96.45	93.71	90.98	88.33	85.77	83.28	80.80	78.48	76.21	73.98	71.80	69.69	67.63	65.59	63.61	61.63	59.66	57.79	55.93	54.06	52.28	50.53	48.85	47.20	45.61	44.13	42.72	41.33	39.98	38.69	37.53	36.39	35.25	34.31	33.58	32.99	32.58	32.19	31.81	31.46	31.16	31.05	31.00	
116.00	112.32	108.67	105.03	101.40	97.83	94.27	90.75	87.26	83.86	80.56	77.73	75.00	72.29	69.58	66.95	64.42	61.99	59.63	57.32	55.08	52.91	50.80	48.70	46.70	44.73	42.88	41.11	39.35	37.72	36.12	35.04	33.99	32.96	31.96	30.99	30.23	29.72	29.52	29.36	29.22	29.09	29.00	
105.00	101.33	97.84	94.37	91.01	87.69	84.49	81.29	78.11	75.03	72.05	69.15	66.49	64.06	61.65	59.48	57.33	55.18	53.11	51.08	49.41	47.74	46.09	44.60	43.10	41.63	40.20	38.80	37.48	36.23	35.07	33.91	32.80	31.87	31.06	30.43	29.97	29.54	29.32	29.13	29.06	29.00	
108.00	104.55	101.22	97.93	94.67	91.61	88.55	85.59	82.70	79.89	77.10	74.41	71.76	69.15	66.56	64.00	61.50	59.03	56.60	54.35	52.43	50.64	48.90	47.17	45.47	43.84	42.31	40.82	39.34	37.97	36.65	35.46	34.44	33.50	32.58	31.94	31.44	30.98	30.70	30.42	30.16	30.04	30.00	
110.00	106.15	102.37	98.67	95.12	91.73	88.40	85.15	82.07	79.12	76.18	73.28	70.48	67.85	65.23	62.65	60.48	58.31	56.20	54.13	52.06	50.24	48.44	46.65	44.99	43.45	42.06	40.68	39.48	38.32	37.23	36.41	35.71	35.07	34.48	33.93	33.53	33.14	32.77	32.47	32.17	32.00	
101.00	97.73	94.51	91.44	88.50	85.57	82.71	79.87	77.04	74.35	71.68	69.03	66.57	64.15	61.80	59.73	57.71	55.73	53.78	51.99	50.23	48.50	46.84	45.29	43.95	42.71	41.49	40.34	39.20	38.14	37.11	36.08	35.18	34.28	33.41	32.60	31.99	31.75	31.52	31.33	31.21	31.10	31.00	
106.00	103.19	100.37	97.62	94.88	92.16	89.48	86.80	84.18	81.56	79.02	76.55	74.10	71.69	69.32	67.07	64.89	62.73	60.69	58.71	56.75	54.83	52.98	51.26	49.61	48.02	46.44	44.89	43.37	41.88	40.43	39.13	38.08	37.04	36.10	35.21	34.40	33.60	32.85	32.11	31.41	30.71	30.09	29.49	29.00	
103.00	99.23	95.59	92.13	88.67	85.23	81.97	78.76	75.82	72.91	70.09	67.41	64.79	62.30	59.85	57.54	55.39	53.25	51.14	49.09	47.15	45.25	43.39	41.59	40.19	38.82	37.68	36.54	35.54	34.59	33.87	33.22	32.56	31.98	31.50	31.06	30.67	30.35	30.06	30.01	30.00	
120.00	115.61	111.57	107.56	103.57	99.73	95.92	92.35	88.82	85.34	81.97	78.68	75.50	72.37	69.26	66.19	63.28	60.73	58.26	55.81	53.47	51.12	48.81	46.62	44.80	43.19	41.65	40.12	38.88	37.64	36.48	35.33	34.25	33.24	32.26	31.52	30.80	30.15	29.61	29.30	29.00	
122.00	117.22	112.53	107.96	103.42	98.94	94.49	90.08	85.73	81.49	77.35	73.29	69.35	65.62	62.53	59.65	56.88	54.35	51.85	49.54	47.25	45.28	43.62	42.09	40.66	39.27	38.03	36.81	35.60	34.62	33.69	32.95	32.32	31.71	31.15	30.62	30.12	29.79	29.46	29.21	29.00	
101.00	97.09	93.22	89.50	85.82	82.31	78.93	75.62	72.55	69.49	66.92	64.51	62.17	59.94	57.78	55.81	53.86	51.92	49.97	48.15	46.35	44.59	42.98	41.45	39.97	38.53	37.32	36.49	35.79	35.13	34.50	33.91	33.33	32.77	32.23	31.70	31.21	30.80	30.39	30.13	30.02	30.00	
123.00	118.33	113.75	109.21	104.69	100.18	95.70	91.52	87.39	83.35	79.64	76.24	73.05	69.87	66.74	63.69	60.69	57.97	55.61	53.43	51.40	49.47	47.54	45.66	43.83	42.00	40.38	38.80	37.27	35.77	34.33	33.31	32.37	31.44	30.58	29.89	29.21	28.57	27.95	27.63	27.36	27.12	27.00	
117.00	113.11	109.30	105.52	101.76	98.08	94.76	91.45	88.18	84.94	81.71	78.54	75.46	72.48	69.64	66.89	64.34	61.90	59.51	57.15	54.96	52.78	50.63	48.67	46.73	44.98	43.23	41.53	39.93	38.35	36.76	35.19	33.92	32.70	31.57	30.59	29.81	29.04	28.27	27.74	27.39	27.19	27.08	27.00	
121.00	117.13	113.33	109.53	105.80	102.13	98.48	94.92	91.49	88.12	84.84	81.63	78.43	75.34	72.26	69.36	66.57	63.78	61.08	58.41	55.73	53.12	50.50	47.93	46.05	44.20	42.36	40.56	38.85	37.48	36.27	35.09	34.05	33.07	32.19	31.34	30.64	29.94	29.39	28.91	28.46	28.04	28.00	
123.00	118.36	113.75	109.44	105.33	101.71	98.13	94.56	91.08	87.96	84.96	82.25	79.59	76.97	74.34	71.81	69.30	66.87	64.45	62.13	59.86	57.62	55.53	53.49	51.48	49.53	47.71	45.91	44.16	42.61	41.07	39.64	38.25	36.87	35.56	34.50	33.52	32.68	31.92	31.22	30.65	30.31	30.00	
123.00	118.93	114.96	111.12	107.49	103.89	100.31	96.81	93.42	90.06	86.78	83.50	80.33	77.26	74.30	71.36	68.49	65.79	63.34	61.07	58.87	56.71	54.72	52.98	51.24	49.57	47.94	46.35	44.79	43.25	41.73	40.23	38.80	37.39	36.02	34.90	33.86	32.94	32.10	31.73	31.50	31.33	31.16	31.06	31.00	
123.00	119.02	115.07	111.19	107.35	103.53	99.76	96.20	92.66	89.23	85.85	82.61	79.38	76.44	73.62	70.90	68.22	65.62	63.11	60.71	58.36	56.01	53.73	51.58	49.45	47.39	45.41	43.50	41.66	39.98	38.56	37.16	35.92	34.69	33.55	32.45	31.81	31.24	30.83	30.57	30.36	30.17	30.06	30.02	30.00	
107.00	103.62	100.28	96.95	93.67	90.42	87.18	84.02	80.98	77.98	75.15	72.73	70.37	68.03	65.71	63.42	61.17	58.93	56.84	54.76	52.74	51.01	49.30	47.65	46.03	44.43	43.04	41.65	40.48	39.36	38.33	37.39	36.48	35.62	34.99	34.46	33.94	33.43	33.07	32.79	32.52	32.27	32.11	32.02	32.00	
115.00	110.73	106.47	102.24	98.01	93.79	89.62	85.51	81.60	78.03	74.50	71.24	68.06	65.06	62.28	59.56	56.86	54.17	52.16	50.16	48.33	46.64	45.01	43.37	41.75	40.20	38.99	37.88	36.91	36.00	35.21	34.48	33.76	33.19	32.71	32.24	31.83	31.56	31.33	31.17	31.06	31.00	
101.00	97.96	94.93	91.93	88.95	86.07	83.38	80.75	78.14	75.55	73.04	70.67	68.42	66.17	64.00	61.91	59.85	57.81	55.83	53.90	52.16	50.48	48.86	47.25	45.70	44.30	42.92	41.55	40.21	39.05	38.03	37.07	36.20	35.41	34.73	34.17	33.61	33.09	32.58	32.16	31.79	31.54	31.29	31.13	31.00	
109.00	104.81	100.70	96.61	92.67	88.75	85.02	81.37	77.77	74.24	70.72	67.23	64.06	60.93	58.18	55.73	53.43	51.39	49.74	48.18	46.90	45.68	44.46	43.25	42.08	40.90	39.74	38.59	37.49	36.42	35.39	34.47	33.62	32.79	32.05	31.54	31.06	30.62	30.23	30.08	30.03	30.01	30.00	
123.00	118.41	114.02	109.82	105.75	101.69	97.72	93.86	90.16	86.51	83.01	79.93	76.97	74.06	71.18	68.32	65.78	63.29	60.80	58.32	55.91	53.51	51.13	48.79	46.60	44.64	42.89	41.31	39.76	38.40	37.04	35.74	34.55	33.38	32.23	31.15	30.09	29.49	29.02	28.58	28.20	28.08	28.00	
109.00	104.87	100.82	96.92	93.27	89.62	86.19	82.77	79.42	76.32	73.31	70.33	67.52	64.74	62.05	59.42	57.07	54.73	52.46	50.22	48.23	46.59	45.15	43.75	42.42	41.10	39.87	38.66	37.46	36.33	35.25	34.30	33.41	32.60	31.78	30.98	30.21	29.74	29.39	29.06	29.00	
102.00	98.88	95.79	92.87	90.00	87.22	84.56	81.95	79.34	76.74	74.15	71.57	69.02	66.47	63.96	61.67	59.40	57.16	54.93	52.76	50.63	48.52	46.45	44.53	42.72	41.04	39.37	37.77	36.33	34.93	33.66	32.43	31.21	30.09	29.46	28.84	28.28	27.85	27.48	27.14	27.00	
120.00	115.52	111.05	106.84	102.79	98.77	94.80	90.84	86.95	83.08	79.33	76.09	72.85	69.67	66.65	63.67	60.70	57.90	55.30	52.78	50.27	47.99	45.70	43.86	42.09	40.41	38.75	37.24	35.75	34.26	32.80	31.45	30.26	29.31	28.48	27.80	27.55	27.31	27.08	27.03	27.00	
104.00	100.17	96.43	92.80	89.20	85.72	82.42	79.47	76.55	73.68	70.81	68.15	65.54	63.02	60.57	58.14	55.87	53.84	51.85	49.91	48.14	46.42	44.70	43.09	41.49	39.91	38.35	36.87	35.66	34.52	33.51	32.76	32.05	31.37	30.72	30.09	29.48	28.89	28.38	27.88	27.44	27.10	27.00	
110.00	106.19	102.39	98.62	94.90	91.28	87.92	84.66	81.42	78.20	74.99	71.80	68.78	66.09	63.53	61.16	58.80	56.51	54.22	52.02	50.18	48.37	46.66	44.95	43.29	41.77	40.27	38.81	37.49	36.26	35.04	33.86	32.73	31.73	30.76	30.18	29.63	29.10	28.77	28.57	28.36	28.19	28.01	28.00	
123.00	118.08	113.21	108.53	103.97	99.67	95.65	91.72	88.16	84.76	81.44	78.13	74.82	71.57	68.33	65.19	62.10	59.15	56.26	53.86	51.59	49.47	47.37	45.57	43.85	42.16	40.67	39.21	37.93	36.76	35.61	34.71	33.85	32.98	32.26	31.74	31.24	30.87	30.56	30.29	30.11	30.00	
102.00	99.00	96.01	93.08	90.26	87.45	84.65	82.07	79.55	77.04	74.54	72.07	69.66	67.26	65.10	62.94	60.92	58.90	56.89	54.92	52.97	51.20	49.42	47.76	46.10	44.49	42.93	41.42	39.93	38.64	37.36	36.21	35.27	34.39	33.59	32.84	32.20	31.56	30.98	30.42	29.95	29.59	29.29	29.04	29.00	
123.00	118.22	113.53	108.88	104.41	100.07	95.77	91.75	87.72	84.07	80.44	76.82	73.21	69.60	66.08	62.79	59.59	56.88	54.41	52.26	50.16	48.16	46.29	44.51	42.77	41.31	39.86	38.44	37.18	36.17	35.16	34.51	33.89	33.37	32.89	32.46	32.09	31.75	31.45	31.16	31.00	
103.00	99.45	96.02	92.76	89.57	86.40	83.36	80.57	77.80	75.08	72.41	69.99	67.58	65.30	63.05	60.81	58.66	56.54	54.58	52.67	50.89	49.17	47.56	46.00	44.59	43.19	41.80	40.42	39.14	37.87	36.75	35.77	34.85	34.24	33.63	33.08	32.68	32.32	31.97	31.67	31.42	31.26	31.11	31.00	
106.00	102.49	99.01	95.59	92.35	89.11	85.94	82.76	79.70	76.65	73.69	70.93	68.28	65.85	63.56	61.33	59.18	57.23	55.29	53.40	51.63	49.93	48.23	46.72	45.22	43.79	42.50	41.24	39.99	38.81	37.63	36.50	35.54	34.62	33.71	32.88	32.10	31.35	30.78	30.44	30.20	30.00	
112.00	107.95	104.02	100.15	96.28	92.48	89.11	85.75	82.41	79.17	76.31	73.48	70.80	68.26	65.82	63.43	61.06	58.80	56.56	54.35	52.16	50.08	48.26	46.49	44.75	43.05	41.37	39.94	38.54	37.31	36.24	35.53	34.88	34.30	33.74	33.21	32.71	32.34	32.12	32.01	32.00	
106.00	102.65	99.44	96.62	93.80	91.06	88.39	85.74	83.13	80.52	77.96	75.41	72.85	70.31	67.79	65.32	62.97	60.93	58.93	56.95	55.03	53.22	51.51	49.85	48.20	46.65	45.20	43.80	42.44	41.21	40.00	38.90	37.93	37.01	36.17	35.38	34.69	34.04	33.42	32.84	32.28	31.81	31.37	31.02	31.00	
119.00	115.30	111.72	108.23	104.74	101.32	97.91	94.53	91.17	87.91	84.69	81.50	78.31	75.13	71.98	68.86	66.29	63.72	61.22	58.86	56.52	54.41	52.36	50.38	48.52	46.69	44.86	43.05	41.54	40.09	38.78	37.49	36.22	35.10	34.12	33.16	32.48	32.13	31.81	31.50	31.20	31.00	
111.00	107.28	103.62	99.96	96.36	92.94	89.60	86.27	82.98	79.71	76.44	73.41	70.39	67.37	64.43	61.66	59.01	56.43	53.89	51.47	49.28	47.24	45.26	43.57	41.89	40.26	38.67	37.18	36.14	35.11	34.22	33.50	32.79	32.08	31.52	30.99	30.59	30.23	29.88	29.53	29.33	29.21	29.08	29.00	
108.00	103.98	99.97	96.01	92.05	88.15	84.29	80.62	77.13	73.80	70.72	67.69	64.68	61.74	58.82	56.05	53.39	50.79	48.25	45.92	43.90	42.16	40.55	39.03	37.93	36.87	35.92	35.05	34.20	33.60	33.06	32.55	32.08	31.62	31.27	30.94	30.67	30.42	30.21	30.04	30.00	
101.00	97.76	94.53	91.37	88.22	85.16	82.10	79.10	76.39	73.71	71.03	68.36	65.72	63.25	60.81	58.41	56.30	54.50	52.75	51.00	49.28	47.61	45.95	44.46	43.05	41.76	40.47	39.19	37.91	36.64	35.61	34.64	33.81	33.15	32.48	31.93	31.45	30.99	30.68	30.43	30.25	30.09	30.02	30.00	
111.00	107.07	103.19	99.32	95.50	91.78	88.23	84.73	81.28	77.83	74.40	71.33	68.48	65.64	62.99	60.35	57.91	55.49	53.10	50.80	48.54	46.30	44.10	42.10	40.26	38.84	37.49	36.35	35.34	34.39	33.71	33.04	32.38	31.81	31.25	30.74	30.25	29.93	29.64	29.43	29.24	29.12	29.00	
122.00	117.32	112.65	108.09	103.73	99.47	95.23	91.16	87.16	83.17	79.54	76.05	72.67	69.71	66.85	64.01	61.18	58.38	55.68	53.36	51.33	49.30	47.39	45.56	43.85	42.13	40.42	38.74	37.10	35.54	34.05	32.70	31.59	30.64	29.82	29.26	28.71	28.41	28.22	28.05	28.00	
104.00	100.31	96.96	93.60	90.24	87.02	83.80	80.61	77.49	74.41	71.46	68.57	65.74	62.93	60.44	58.01	55.60	53.42	51.30	49.30	47.34	45.67	44.04	42.42	40.83	39.25	37.75	36.43	35.23	34.23	33.48	32.85	32.23	31.65	31.17	30.81	30.60	30.40	30.20	30.08	30.04	30.02	30.00	
102.00	98.66	95.38	92.12	88.99	86.00	83.07	80.19	77.33	74.51	71.70	69.36	67.06	64.85	62.68	60.57	58.52	56.49	54.50	52.53	50.66	48.81	47.10	45.49	43.96	42.55	41.21	39.88	38.79	37.71	36.73	35.79	35.03	34.31	33.71	33.11	32.63	32.18	31.85	31.58	31.34	31.15	31.02	31.00	31.00	
109.00	105.26	101.55	97.90	94.43	90.97	87.53	84.09	80.90	77.78	74.69	71.66	68.76	65.91	63.12	60.39	57.74	55.42	53.16	50.94	48.91	46.97	45.14	43.32	41.68	40.20	38.75	37.46	36.18	34.96	33.84	32.73	31.68	30.77	29.91	29.15	28.65	28.31	28.09	28.03	28.00	
114.00	110.35	106.77	103.28	99.82	96.42	93.04	89.68	86.37	83.15	80.03	76.95	73.92	70.91	68.17	65.46	62.76	60.28	57.80	55.35	52.91	50.53	48.16	45.96	43.76	41.59	39.59	37.75	36.19	35.03	34.03	33.03	32.07	31.14	30.25	29.46	28.74	28.04	27.57	27.25	27.00	27.00	
107.00	103.07	99.33	95.68	92.06	88.46	84.97	81.57	78.27	75.02	71.77	68.64	65.64	62.97	60.37	57.92	55.65	53.51	51.43	49.47	47.54	45.66	43.90	42.27	40.71	39.15	37.61	36.14	34.82	33.59	32.69	31.86	31.07	30.32	29.58	28.92	28.60	28.32	28.19	28.08	28.00	
101.00	98.19	95.43	92.74	90.13	87.53	84.96	82.39	79.83	77.28	74.88	72.50	70.13	67.78	65.45	63.19	60.98	58.81	56.69	54.62	52.60	50.64	48.72	46.82	44.94	43.17	41.42	39.85	38.35	37.00	35.72	34.46	33.26	32.17	31.15	30.19	29.24	28.61	28.18	27.76	27.36	27.21	27.06	27.00	
107.00	103.31	99.76	96.23	92.71	89.41	86.12	82.84	79.58	76.37	73.17	70.21	67.25	64.35	61.64	59.00	56.38	53.77	51.27	48.95	46.68	44.44	42.48	40.67	39.04	37.45	36.10	34.79	33.54	32.37	31.55	30.80	30.18	29.64	29.17	28.80	28.50	28.31	28.14	28.04	28.00	
123.00	119.32	115.67	112.06	108.62	105.27	101.97	98.67	95.42	92.35	89.32	86.29	83.32	80.42	77.53	74.64	71.76	68.89	66.04	63.44	60.86	58.33	55.84	53.53	51.34	49.14	47.22	45.38	43.57	41.77	40.09	38.41	36.74	35.27	33.96	32.91	31.95	31.02	30.41	29.86	29.35	29.19	29.08	29.00	
113.00	108.96	105.13	101.31	97.56	93.99	90.41	86.86	83.35	80.02	76.75	73.54	70.52	67.64	64.86	62.11	59.45	56.81	54.20	51.75	49.36	47.06	44.76	42.58	40.67	38.84	37.26	35.70	34.16	32.84	31.54	30.71	29.92	29.40	28.91	28.57	28.26	28.18	28.10	28.04	28.00	
120.00	115.33	110.76	106.32	101.91	97.89	94.22	90.61	87.03	83.51	80.11	77.25	74.43	71.71	69.05	66.45	63.99	61.54	59.28	57.15	55.09	53.07	51.08	49.13	47.36	45.63	44.03	42.46	40.97	39.55	38.14	36.83	35.78	34.94	34.38	33.87	33.37	32.89	32.41	31.97	31.58	31.29	31.11	31.00	
111.00	107.28	103.58	99.91	96.24	92.59	88.99	85.43	81.92	78.46	75.04	71.78	68.70	65.73	62.85	60.33	57.84	55.44	53.07	50.79	48.53	46.43	44.45	42.57	40.72	38.94	37.45	35.98	34.54	33.20	32.04	31.11	30.18	29.51	29.00	28.52	28.13	27.80	27.52	27.24	27.04	27.00	
116.00	111.95	107.90	103.91	99.97	96.20	92.62	89.04	85.54	82.16	78.82	75.52	72.29	69.07	66.06	63.06	60.22	57.48	54.84	52.44	50.08	48.12	46.26	44.51	42.81	41.28	39.75	38.39	37.16	35.92	34.84	33.85	33.04	32.25	31.50	30.79	30.19	29.70	29.38	29.18	29.04	29.01	29.00	
102.00	98.51	95.03	91.87	88.95	86.07	83.30	80.63	77.96	75.32	72.70	70.13	67.61	65.10	62.59	60.13	57.88	55.64	53.57	51.60	49.68	47.76	45.87	44.04	42.48	40.94	39.71	38.70	37.71	36.77	35.89	35.02	34.20	33.51	32.85	32.22	31.64	31.15	30.72	30.53	30.34	30.21	30.10	30.00	
109.00	104.66	100.55	96.67	92.79	89.20	85.71	82.27	78.85	75.49	72.21	69.02	66.04	63.26	60.53	57.84	55.34	53.16	51.17	49.23	47.36	45.53	43.74	42.26	40.78	39.31	37.89	36.85	35.84	34.93	34.04	33.23	32.43	31.83	31.28	30.75	30.38	30.13	30.06	30.02	30.00	
113.00	108.98	105.16	101.48	98.05	94.64	91.24	87.86	84.60	81.51	78.42	75.62	72.83	70.06	67.45	65.07	62.74	60.41	58.28	56.19	54.23	52.34	50.50	48.68	46.89	45.17	43.52	41.92	40.44	39.04	37.67	36.33	35.03	33.77	32.60	31.62	30.69	29.86	29.14	28.45	28.11	28.00	
106.00	102.36	98.78	95.41	92.15	88.94	85.79	83.03	80.28	77.64	75.05	72.49	69.93	67.42	64.93	62.48	60.13	57.80	55.51	53.30	51.09	48.91	46.90	45.10	43.50	41.92	40.59	39.31	38.05	36.80	35.56	34.49	33.45	32.50	31.55	30.66	30.15	29.74	29.38	29.14	29.10	29.06	29.03	29.00	
110.00	106.66	103.34	100.02	96.76	93.62	90.57	87.69	85.11	82.58	80.10	77.65	75.25	72.86	70.48	68.11	65.77	63.49	61.23	59.06	56.93	54.81	52.70	50.63	48.65	46.80	45.21	43.68	42.29	40.95	39.65	38.51	37.37	36.26	35.20	34.42	33.69	33.01	32.38	31.75	31.16	30.65	30.36	30.09	30.00	
113.00	109.45	105.98	102.55	99.17	95.84	92.58	89.44	86.36	83.42	80.51	77.62	74.92	72.23	69.57	67.03	64.57	62.11	59.91	57.86	55.85	53.87	51.94	50.02	48.24	46.68	45.16	43.71	42.44	41.19	39.96	38.78	37.63	36.50	35.38	34.38	33.48	32.70	32.37	32.20	32.11	32.06	32.02	32.00	
118.00	113.98	109.97	105.96	102.00	98.14	94.58	91.18	87.85	84.62	81.51	78.54	75.59	72.71	69.86	67.02	64.24	61.50	58.86	56.49	54.13	51.80	49.65	47.67	45.72	43.82	42.05	40.30	38.63	37.10	35.70	34.35	32.99	31.65	30.39	29.43	28.60	27.83	27.49	27.17	27.00	
116.00	111.33	106.72	102.22	97.91	93.88	89.94	86.16	82.40	78.72	75.10	71.68	68.48	65.34	62.28	59.28	56.31	53.39	50.85	48.41	46.13	43.99	41.99	40.32	38.78	37.27	35.98	34.71	33.53	32.39	31.35	30.73	30.19	29.72	29.27	28.88	28.54	28.34	28.16	28.06	28.00	
110.00	105.91	101.83	98.30	94.86	91.42	88.09	84.87	81.69	78.77	75.86	72.95	70.18	67.40	64.70	62.10	59.50	56.94	54.52	52.15	49.80	47.59	45.48	43.55	41.71	40.01	38.53	37.10	35.69	34.32	32.97	31.79	30.95	30.11	29.43	28.99	28.74	28.50	28.26	28.11	28.01	28.00	
105.00	101.58	98.20	94.88	91.62	88.41	85.23	82.33	79.43	76.63	74.00	71.43	68.92	66.48	64.07	61.75	59.47	57.37	55.28	53.21	51.31	49.42	47.64	45.88	44.13	42.39	40.66	39.11	37.71	36.40	35.21	34.08	32.96	31.92	30.91	29.89	29.30	28.76	28.24	27.74	27.39	27.07	27.00	
120.00	115.93	112.00	108.17	104.46	100.79	97.11	93.50	89.99	86.56	83.14	79.82	76.77	73.81	70.86	68.00	65.27	62.59	59.92	57.32	54.84	52.42	50.05	47.72	45.44	43.38	41.57	39.95	38.54	37.17	36.05	35.03	34.00	32.99	32.11	31.25	30.47	29.88	29.49	29.19	29.03	29.02	29.00	
101.00	97.51	94.04	90.72	87.42	84.15	80.91	78.03	75.23	72.44	69.72	67.01	64.31	61.63	58.96	56.59	54.28	52.06	49.87	47.72	45.77	43.85	41.96	40.24	38.58	37.00	35.47	34.19	32.94	31.72	30.94	30.22	29.53	28.94	28.45	27.99	27.74	27.49	27.25	27.14	27.07	27.01	27.00	
102.00	98.98	96.02	93.11	90.22	87.41	84.66	81.99	79.50	77.01	74.56	72.22	69.92	67.68	65.44	63.26	61.09	58.97	56.91	54.94	53.01	51.23	49.51	47.80	46.15	44.52	42.92	41.34	39.84	38.38	36.99	35.79	34.70	33.76	32.83	32.15	31.50	30.94	30.43	30.04	29.70	29.43	29.16	29.00	
106.00	102.06	98.18	94.41	90.65	86.96	83.43	79.92	76.61	73.47	70.50	67.59	64.74	61.92	59.43	56.95	54.47	52.03	49.79	47.82	45.87	43.96	42.10	40.43	38.84	37.50	36.22	34.95	33.70	32.96	32.25	31.56	31.07	30.65	30.26	29.92	29.65	29.42	29.21	29.07	29.00	
121.00	116.69	112.45	108.40	104.49	100.66	97.02	93.46	89.96	86.54	83.26	80.07	76.97	73.95	71.00	68.16	65.74	63.35	61.01	58.72	56.54	54.44	52.38	50.35	48.33	46.32	44.56	42.99	41.46	40.10	38.79	37.50	36.23	34.98	33.93	33.16	32.49	32.03	31.70	31.37	31.11	31.05	31.00	
103.00	99.01	95.23	91.45	87.78	84.16	80.55	77.04	73.56	70.12	67.37	64.65	61.95	59.33	56.83	54.61	52.72	50.90	49.16	47.42	45.70	43.99	42.40	40.89	39.51	38.17	36.99	35.86	34.89	33.98	33.06	32.17	31.28	30.71	30.34	30.03	29.75	29.51	29.29	29.14	29.00	
109.00	105.87	102.77	99.67	96.63	93.64	90.67	87.77	84.87	82.12	79.44	76.84	74.39	71.95	69.67	67.39	65.24	63.09	61.06	59.05	57.08	55.12	53.19	51.28	49.51	47.80	46.09	44.40	42.77	41.15	39.67	38.21	36.90	35.78	34.71	33.65	32.79	32.02	31.51	31.03	30.59	30.23	30.04	30.00	
116.00	111.42	106.94	102.69	98.85	95.04	91.28	87.55	84.17	80.80	77.45	74.37	71.43	68.54	65.78	63.14	60.57	58.07	55.91	53.77	51.87	50.07	48.29	46.54	44.97	43.44	42.15	40.88	39.74	38.63	37.54	36.45	35.36	34.41	33.50	32.62	31.75	30.96	30.21	29.52	29.13	29.00	
108.00	104.58	101.27	98.07	94.88	91.70	88.61	85.65	82.79	80.00	77.34	74.70	72.07	69.49	66.91	64.36	61.88	59.53	57.18	54.90	52.63	50.48	48.38	46.57	44.84	43.16	41.50	39.96	38.58	37.26	35.97	34.87	33.77	32.69	31.90	31.21	30.59	30.09	29.77	29.48	29.32	29.17	29.08	29.03	29.00	
111.00	107.79	104.61	101.43	98.28	95.20	92.19	89.19	86.27	83.43	80.63	77.92	75.27	72.63	70.01	67.42	64.83	62.33	59.91	57.62	55.35	53.10	50.87	48.71	46.63	44.57	42.58	40.65	38.89	37.28	35.81	34.66	33.55	32.56	31.70	30.91	30.13	29.45	28.96	28.61	28.36	28.23	28.12	28.01	28.00	
107.00	103.23	99.53	96.17	92.90	89.76	86.64	83.58	80.70	77.95	75.22	72.56	69.95	67.34	64.87	62.57	60.27	58.04	55.91	53.90	51.94	50.02	48.16	46.33	44.54	42.79	41.18	39.74	38.31	37.04	35.90	34.89	33.96	33.06	32.20	31.35	30.64	29.94	29.28	28.85	28.60	28.43	28.27	28.11	28.00	
112.00	107.65	103.49	99.36	95.43	91.60	87.82	84.14	80.65	77.17	73.68	70.25	67.00	63.79	60.75	57.72	54.88	52.29	49.99	47.78	45.57	43.49	41.48	39.60	37.93	36.36	35.09	33.97	32.84	32.08	31.35	30.67	30.04	29.66	29.32	28.99	28.69	28.44	28.26	28.10	28.00	
110.00	106.06	102.16	98.37	94.62	91.07	87.94	84.87	81.80	78.79	75.81	72.90	69.99	67.24	64.65	62.23	59.83	57.43	55.10	52.93	50.79	48.75	46.75	44.84	43.21	41.77	40.40	39.05	37.74	36.44	35.14	33.86	32.58	31.38	30.27	29.31	28.43	27.98	27.57	27.28	27.10	27.00	
120.00	115.42	110.94	106.58	102.29	98.33	94.38	90.61	87.15	83.74	80.64	77.63	74.70	71.85	69.03	66.22	63.43	60.66	58.07	55.50	53.12	50.84	48.62	46.50	44.45	42.49	40.77	39.10	37.59	36.07	34.56	33.34	32.13	31.05	30.08	29.35	28.74	28.17	27.64	27.35	27.12	27.01	27.00	27.00	
119.00	114.64	110.44	106.25	102.14	98.04	94.11	90.28	86.46	82.72	79.01	75.62	72.25	69.04	66.09	63.29	60.77	58.34	55.99	53.74	51.59	49.70	47.97	46.25	44.57	42.92	41.37	39.83	38.35	37.06	36.03	35.05	34.13	33.35	32.66	32.23	31.89	31.60	31.31	31.03	31.00	
116.00	112.18	108.50	104.98	101.45	98.11	94.86	91.64	88.48	85.36	82.26	79.21	76.23	73.26	70.56	68.14	65.73	63.37	61.03	58.73	56.50	54.31	52.47	50.64	48.84	47.05	45.28	43.69	42.11	40.65	39.30	38.00	36.77	35.90	35.03	34.22	33.49	32.89	32.30	31.75	31.36	31.10	31.00	
103.00	99.01	95.05	91.14	87.56	84.03	80.58	77.20	73.87	70.63	67.70	64.85	62.04	59.27	56.53	53.93	51.48	49.17	47.08	45.27	43.61	41.98	40.40	38.91	37.43	36.04	35.06	34.12	33.36	32.72	32.16	31.61	31.08	30.60	30.17	29.77	29.38	29.02	28.75	28.54	28.35	28.19	28.07	28.02	28.00	
119.00	114.48	110.12	105.81	101.64	97.88	94.20	90.61	87.16	84.00	80.95	78.12	75.35	72.60	69.93	67.32	64.87	62.54	60.45	58.37	56.39	54.50	52.69	50.93	49.18	47.53	45.92	44.35	42.80	41.29	39.79	38.40	37.22	36.07	35.08	34.29	33.59	33.10	32.74	32.40	32.10	32.05	32.00	
120.00	115.48	111.08	106.73	102.49	98.25	94.03	89.83	85.73	82.22	78.71	75.24	72.13	69.22	66.37	63.54	60.80	58.32	55.85	53.47	51.11	48.94	46.78	45.02	43.62	42.23	40.88	39.55	38.40	37.25	36.14	35.08	34.09	33.14	32.26	31.46	30.72	30.01	29.40	28.88	28.38	28.11	28.00	
120.00	115.76	111.62	107.64	103.79	100.06	96.38	92.75	89.30	85.86	82.44	79.08	75.77	72.74	69.78	66.91	64.11	61.38	58.92	56.49	54.16	51.90	49.72	47.65	45.60	43.82	42.18	40.61	39.10	37.82	36.64	35.73	34.98	34.25	33.61	33.06	32.68	32.40	32.24	32.11	32.01	32.00	
110.00	106.09	102.22	98.43	94.67	91.05	87.45	84.14	81.01	77.91	74.85	71.84	68.83	65.87	63.21	60.56	57.93	55.61	53.47	51.36	49.38	47.50	45.72	43.94	42.22	40.74	39.55	38.47	37.42	36.49	35.70	34.96	34.28	33.64	33.07	32.53	31.99	31.47	30.96	30.45	30.10	30.05	30.02	30.00	
105.00	101.65	98.42	95.19	92.13	89.15	86.28	83.54	80.80	78.09	75.39	72.69	70.17	67.68	65.30	62.95	60.61	58.40	56.26	54.16	52.10	50.06	48.18	46.34	44.56	42.78	41.01	39.78	38.60	37.47	36.33	35.68	35.05	34.41	33.85	33.33	32.88	32.56	32.37	32.18	32.08	32.00	
118.00	114.43	110.87	107.42	103.98	100.60	97.22	93.91	90.62	87.44	84.26	81.12	78.18	75.29	72.51	69.84	67.41	64.99	62.63	60.29	57.99	55.70	53.49	51.37	49.29	47.26	45.37	43.59	41.81	40.25	38.81	37.57	36.47	35.46	34.49	33.81	33.18	32.74	32.44	32.26	32.12	32.06	32.02	32.00	
116.00	111.87	107.75	103.77	99.89	96.12	92.41	88.84	85.48	82.30	79.36	76.47	73.96	71.45	68.95	66.47	64.12	61.79	59.56	57.36	55.17	53.16	51.22	49.45	47.81	46.18	44.59	43.09	41.67	40.26	38.87	37.54	36.47	35.46	34.53	33.72	32.96	32.33	31.71	31.12	30.73	30.43	30.15	30.01	30.00	
117.00	112.70	108.59	104.90	101.23	97.62	94.07	90.54	87.27	84.07	80.93	77.81	74.83	72.11	69.43	66.89	64.43	62.02	59.87	57.84	55.82	53.80	51.79	49.85	47.92	46.24	44.70	43.19	41.76	40.39	39.07	37.83	36.72	35.61	34.53	33.46	32.56	31.75	31.31	31.07	31.00	
114.00	109.68	105.65	101.62	97.74	94.41	91.15	88.02	85.04	82.10	79.22	76.35	73.48	70.64	67.82	65.07	62.59	60.14	57.73	55.36	53.04	50.84	48.88	46.94	45.36	43.79	42.34	40.92	39.54	38.19	36.97	35.81	34.65	33.49	32.62	31.81	31.03	30.57	30.14	29.74	29.38	29.08	29.04	29.00	
105.00	101.28	97.62	93.98	90.54	87.14	83.92	80.87	78.14	75.44	72.79	70.14	67.50	64.90	62.33	59.82	57.44	55.11	52.96	50.88	48.84	46.82	44.89	43.00	41.30	39.74	38.33	37.06	35.78	34.60	33.55	32.55	31.66	30.95	30.32	29.75	29.19	28.80	28.45	28.22	28.09	28.01	28.00	
101.00	97.48	94.02	90.60	87.21	83.99	80.80	77.60	74.58	72.15	69.78	67.43	65.12	62.83	60.54	58.38	56.31	54.40	52.52	50.67	48.86	47.05	45.30	43.63	42.10	40.59	39.19	37.82	36.48	35.26	34.11	32.99	32.06	31.15	30.37	29.69	29.02	28.40	27.82	27.36	27.11	27.00	
116.00	111.42	106.87	102.50	98.18	94.14	90.13	86.32	82.86	79.43	76.02	72.62	69.27	66.02	62.96	60.05	57.37	54.74	52.69	50.76	48.83	46.95	45.10	43.38	41.70	40.23	38.83	37.61	36.42	35.27	34.12	33.06	32.29	31.58	30.95	30.34	29.73	29.27	29.09	29.02	29.00	
105.00	101.46	98.15	94.93	91.86	88.88	85.93	83.07	80.25	77.46	74.67	71.95	69.32	66.93	64.60	62.39	60.25	58.12	56.04	54.11	52.27	50.46	48.72	47.04	45.38	43.91	42.58	41.32	40.10	38.96	37.87	36.84	35.90	35.02	34.24	33.50	32.76	32.06	31.70	31.42	31.29	31.17	31.09	31.01	31.00	
103.00	99.76	96.60	93.52	90.55	87.60	84.69	81.78	78.89	76.01	73.16	70.34	67.57	64.81	62.28	59.87	57.57	55.33	53.13	51.03	48.93	47.07	45.49	44.04	42.69	41.36	40.23	39.24	38.31	37.45	36.61	35.87	35.28	34.70	34.14	33.61	33.10	32.66	32.35	32.13	32.06	32.00	
120.00	115.68	111.68	107.75	103.86	100.06	96.36	92.69	89.25	85.82	82.44	79.31	76.45	73.62	70.83	68.06	65.34	62.66	60.05	57.69	55.41	53.21	51.04	49.31	47.71	46.17	44.65	43.29	41.96	40.69	39.46	38.28	37.26	36.33	35.46	34.77	34.12	33.57	33.14	32.73	32.43	32.18	32.05	32.00	
122.00	118.18	114.37	110.65	106.99	103.40	99.89	96.58	93.31	90.08	86.91	84.17	81.49	78.87	76.29	73.76	71.22	68.73	66.24	63.78	61.43	59.13	56.87	54.92	53.04	51.36	49.69	48.22	46.83	45.49	44.16	42.83	41.60	40.38	39.18	38.09	37.02	36.04	35.30	34.58	33.88	33.23	32.70	32.18	32.00	
120.00	115.11	110.36	105.74	101.55	97.70	93.97	90.36	86.78	83.40	80.18	77.09	74.06	71.04	68.05	65.14	62.45	59.87	57.44	55.08	52.74	50.58	48.46	46.46	44.46	42.49	41.17	39.90	38.67	37.55	36.56	35.85	35.20	34.56	33.99	33.49	33.08	32.67	32.35	32.13	32.00	
111.00	107.36	103.78	100.31	96.90	93.60	90.33	87.10	83.88	80.78	77.72	74.77	72.02	69.34	66.71	64.18	61.65	59.17	56.71	54.43	52.43	50.55	48.72	47.00	45.35	43.72	42.36	40.99	39.65	38.40	37.16	36.09	35.04	34.06	33.24	32.58	31.97	31.57	31.23	31.03	31.00	
117.00	112.97	109.02	105.10	101.22	97.47	93.88	90.30	86.74	83.42	80.12	76.92	73.87	71.08	68.49	65.92	63.48	61.06	58.73	56.56	54.41	52.41	50.55	48.70	46.97	45.42	43.89	42.43	41.03	39.65	38.41	37.19	36.16	35.20	34.29	33.47	32.70	31.94	31.42	31.19	31.00	
112.00	108.15	104.43	100.84	97.44	94.07	90.79	87.52	84.37	81.62	78.91	76.22	73.55	71.07	68.62	66.27	63.94	61.66	59.46	57.35	55.27	53.36	51.49	49.69	47.89	46.13	44.36	42.90	41.49	40.40	39.34	38.29	37.29	36.33	35.48	34.77	34.09	33.58	33.24	32.92	32.66	32.46	32.29	32.12	32.00	
123.00	118.80	114.60	110.52	106.77	103.43	100.10	96.88	93.69	90.56	87.58	84.59	81.72	78.95	76.19	73.47	70.79	68.13	65.49	62.99	60.64	58.46	56.35	54.29	52.30	50.34	48.40	46.55	44.75	43.03	41.38	39.76	38.18	36.75	35.40	34.10	32.92	31.83	30.87	30.03	29.28	28.78	28.33	28.00	
121.00	116.71	112.44	108.21	104.15	100.22	96.54	93.12	89.87	86.67	83.53	80.45	77.41	74.40	71.40	68.74	66.22	63.75	61.31	58.97	56.76	54.61	52.50	50.53	48.62	46.74	44.87	43.24	41.64	40.11	38.71	37.41	36.12	35.17	34.29	33.47	32.72	32.15	31.74	31.46	31.20	31.00	
103.00	99.65	96.47	93.54	90.70	87.90	85.17	82.57	79.97	77.40	74.85	72.49	70.14	67.88	65.65	63.59	61.65	59.79	57.92	56.09	54.36	52.69	51.05	49.48	47.97	46.50	45.10	43.71	42.33	40.98	39.79	38.62	37.51	36.45	35.57	34.77	34.08	33.55	33.10	32.67	32.25	32.08	32.00	
108.00	104.39	100.86	97.64	94.43	91.33	88.27	85.30	82.40	79.50	76.68	73.96	71.27	68.60	65.96	63.47	61.04	58.71	56.53	54.37	52.22	50.11	48.20	46.43	45.03	43.72	42.42	41.15	39.99	38.91	37.90	36.96	36.03	35.10	34.19	33.43	32.86	32.39	31.96	31.61	31.28	31.16	31.08	31.01	31.00	
101.00	97.78	94.57	91.48	88.41	85.44	82.53	79.63	76.83	74.09	71.35	68.71	66.33	63.98	61.96	60.00	58.08	56.19	54.33	52.69	51.08	49.47	47.94	46.44	44.99	43.71	42.49	41.28	40.10	38.96	38.03	37.11	36.24	35.38	34.58	33.95	33.34	32.78	32.29	31.86	31.54	31.22	31.02	31.00	
115.00	110.63	106.46	102.36	98.86	95.38	91.93	88.53	85.23	81.97	78.74	75.56	72.52	69.53	66.66	63.91	61.21	58.73	56.33	54.08	51.83	49.79	47.85	45.97	44.15	42.41	40.74	39.20	37.92	36.70	35.63	34.60	33.83	33.09	32.41	31.89	31.52	31.24	31.09	31.02	31.00	
105.00	101.37	97.79	94.22	90.64	87.27	83.98	80.77	77.61	74.61	71.76	68.97	66.22	63.62	61.20	59.19	57.30	55.41	53.53	51.65	49.85	48.10	46.50	44.97	43.46	42.01	40.69	39.39	38.15	37.08	36.10	35.12	34.20	33.68	33.19	32.78	32.43	32.13	31.84	31.58	31.33	31.15	31.02	31.00	
106.00	102.89	99.84	96.79	93.78	90.88	88.00	85.27	82.61	79.98	77.44	75.03	72.68	70.33	68.10	65.92	63.75	61.61	59.54	57.53	55.60	53.69	51.82	50.01	48.21	46.43	44.70	43.00	41.29	39.87	38.51	37.30	36.08	34.98	34.38	33.79	33.27	32.83	32.59	32.36	32.15	32.00	
105.00	101.24	97.68	94.39	91.11	87.84	84.68	81.56	78.54	75.80	73.17	70.63	68.16	65.69	63.29	60.98	58.82	56.75	54.74	52.87	51.06	49.26	47.51	45.80	44.26	42.79	41.31	39.86	38.45	37.05	35.85	34.78	33.73	32.70	31.74	30.77	29.94	29.17	28.42	27.76	27.43	27.31	27.18	27.07	27.00	
122.00	117.37	112.77	108.28	103.95	99.88	96.01	92.37	88.76	85.47	82.19	78.94	75.83	72.77	69.78	66.84	63.91	61.11	58.36	55.65	53.34	51.03	48.99	46.96	44.94	42.91	41.00	39.33	37.73	36.26	34.85	33.52	32.23	31.03	29.98	29.13	28.35	27.71	27.47	27.27	27.12	27.00	
117.00	113.54	110.11	106.70	103.32	99.98	96.83	93.69	90.55	87.60	84.73	81.92	79.12	76.33	73.56	70.96	68.36	65.81	63.28	60.76	58.33	56.01	53.75	51.61	49.60	47.63	45.72	43.86	42.06	40.33	38.67	37.02	35.90	34.82	33.80	32.79	31.94	31.34	30.77	30.47	30.21	30.00	
120.00	115.23	110.75	106.37	102.06	98.05	94.06	90.14	86.24	82.41	78.68	75.10	71.76	68.58	65.70	62.95	60.29	57.94	55.66	53.41	51.15	48.90	47.00	45.11	43.48	41.92	40.44	39.08	37.83	36.60	35.59	34.88	34.32	33.85	33.41	33.02	32.69	32.50	32.35	32.20	32.12	32.05	32.00	
103.00	100.02	97.05	94.12	91.26	88.41	85.59	82.88	80.19	77.78	75.38	73.13	70.91	68.83	66.86	64.93	63.03	61.13	59.38	57.67	55.96	54.28	52.61	50.98	49.38	47.90	46.49	45.09	43.71	42.42	41.15	40.04	38.93	37.83	36.82	35.97	35.27	34.66	34.08	33.51	33.06	32.68	32.33	32.02	32.00	
112.00	108.50	105.08	101.80	98.59	95.59	92.66	89.81	87.02	84.24	81.48	78.83	76.25	73.70	71.18	68.68	66.23	63.87	61.59	59.39	57.22	55.12	53.04	51.14	49.29	47.47	45.67	43.90	42.25	40.77	39.35	37.95	36.91	35.90	35.01	34.17	33.37	32.73	32.10	31.49	30.94	30.46	30.16	30.00	
114.00	110.00	106.05	102.51	99.15	95.81	92.48	89.21	85.94	82.70	79.46	76.51	73.77	71.07	68.39	65.81	63.27	60.81	58.47	56.15	54.01	51.93	49.92	47.92	46.00	44.29	42.60	40.96	39.35	37.92	36.61	35.38	34.33	33.41	32.60	32.15	31.77	31.44	31.14	31.03	31.00	
107.00	103.53	100.06	96.60	93.23	90.35	87.56	84.84	82.12	79.42	76.74	74.08	71.53	69.03	66.55	64.11	61.75	59.42	57.14	55.00	52.94	51.00	49.15	47.34	45.75	44.26	42.80	41.34	39.89	38.50	37.38	36.29	35.45	34.68	34.01	33.43	32.99	32.68	32.46	32.24	32.07	32.00	
120.00	115.62	111.48	107.37	103.26	99.22	95.33	91.44	87.63	83.84	80.21	77.10	74.03	71.06	68.11	65.16	62.21	59.47	56.75	54.16	51.70	49.30	47.07	45.22	43.41	41.79	40.23	38.79	37.36	35.97	34.60	33.27	32.12	31.02	30.10	29.23	28.52	27.95	27.57	27.26	27.11	27.02	27.00	
102.00	98.88	95.79	92.83	89.90	87.00	84.11	81.26	78.46	75.68	73.07	70.46	67.89	65.67	63.45	61.30	59.14	56.99	54.92	53.03	51.20	49.52	47.95	46.42	44.91	43.52	42.16	40.83	39.57	38.36	37.15	35.98	35.02	34.07	33.19	32.32	31.49	30.87	30.43	30.17	30.05	30.00	
115.00	110.92	107.18	103.46	99.75	96.32	92.89	89.46	86.04	82.64	79.38	76.39	73.44	70.55	67.72	65.06	62.52	60.12	57.93	55.79	53.70	51.86	50.06	48.38	46.70	45.15	43.66	42.22	40.82	39.48	38.24	37.04	35.94	34.87	33.81	32.82	32.01	31.35	30.92	30.60	30.33	30.09	30.01	30.00	
123.00	118.73	114.47	110.32	106.27	102.24	98.23	94.43	90.76	87.13	83.59	80.07	76.61	73.44	70.38	67.39	64.43	61.54	58.65	55.77	52.99	50.23	47.59	45.39	43.47	41.73	40.30	38.93	37.56	36.31	35.11	33.98	33.07	32.17	31.32	30.47	29.65	29.12	28.80	28.54	28.36	28.21	28.08	28.00	
112.00	108.47	105.04	101.84	98.69	95.57	92.46	89.39	86.34	83.42	80.80	78.25	75.71	73.27	70.82	68.45	66.11	63.87	61.70	59.64	57.66	55.71	53.77	51.88	50.10	48.32	46.56	44.94	43.36	41.87	40.53	39.25	37.99	36.83	35.76	34.71	33.68	32.96	32.30	31.70	31.34	31.01	31.00	
112.00	107.80	103.77	99.77	95.83	92.11	88.60	85.23	81.94	78.67	75.55	72.61	69.73	66.91	64.09	61.45	58.91	56.38	53.87	51.45	49.35	47.48	45.63	43.84	42.33	40.90	39.50	38.12	36.85	35.60	34.40	33.21	32.29	31.53	30.82	30.21	29.61	29.04	28.48	28.22	28.11	28.00	
115.00	110.83	106.91	103.02	99.29	95.83	92.71	89.63	86.56	83.59	80.69	77.93	75.25	72.58	69.94	67.31	64.81	62.34	59.93	57.66	55.46	53.29	51.17	49.11	47.13	45.21	43.41	41.69	40.00	38.37	37.01	35.68	34.38	33.28	32.17	31.22	30.35	29.52	29.06	28.67	28.34	28.12	28.00	
117.00	112.07	107.36	102.68	98.42	94.45	90.54	86.80	83.11	79.51	75.95	72.60	69.44	66.32	63.51	60.74	58.03	55.42	52.92	50.81	48.81	46.84	44.96	43.14	41.48	39.89	38.39	36.95	35.56	34.18	32.89	31.83	31.07	30.38	29.79	29.27	28.86	28.47	28.23	28.07	28.03	28.00	
103.00	99.55	96.17	93.05	89.94	86.91	83.96	81.05	78.14	75.29	72.49	69.88	67.30	64.77	62.25	59.73	57.26	55.04	52.96	50.91	49.02	47.18	45.41	43.66	42.06	40.71	39.40	38.14	37.06	36.09	35.25	34.43	33.64	33.01	32.49	32.04	31.69	31.47	31.26	31.08	31.00	
120.00	115.51	111.10	106.69	102.58	98.48	94.52	90.70	86.90	83.11	79.51	75.93	72.40	69.27	66.17	63.17	60.19	57.30	54.56	52.13	49.71	47.71	45.73	43.80	42.39	41.02	39.71	38.52	37.38	36.51	35.67	34.86	34.11	33.42	32.86	32.31	31.83	31.55	31.32	31.12	31.03	31.00	
113.00	109.41	105.83	102.30	98.82	95.33	92.17	89.20	86.23	83.28	80.49	77.71	75.00	72.31	69.63	67.07	64.61	62.20	59.80	57.43	55.15	53.01	50.89	48.78	46.71	44.77	42.86	40.98	39.21	37.57	36.01	34.58	33.44	32.32	31.29	30.46	29.74	29.11	28.67	28.43	28.21	28.07	28.00	
118.00	113.30	109.13	105.38	101.67	98.24	94.81	91.40	88.11	84.95	81.91	78.92	76.13	73.40	70.79	68.25	65.92	63.68	61.61	59.57	57.55	55.57	53.65	51.75	49.90	48.06	46.23	44.42	42.88	41.44	40.03	38.66	37.31	36.07	34.88	33.70	32.63	31.63	30.73	29.90	29.58	29.32	29.13	29.00	
115.00	111.06	107.16	103.43	99.99	96.56	93.17	89.80	86.42	83.11	79.94	76.88	73.86	70.93	68.14	65.62	63.19	60.82	58.47	56.20	53.93	51.79	49.68	47.72	45.75	43.82	42.06	40.35	38.81	37.28	35.87	34.65	33.68	32.78	31.88	31.07	30.35	29.75	29.39	29.15	29.06	29.00	
118.00	114.56	111.13	107.80	104.54	101.35	98.23	95.20	92.28	89.38	86.51	83.65	80.81	78.00	75.31	72.62	69.98	67.37	64.77	62.29	59.89	57.50	55.21	53.09	51.04	49.05	47.22	45.61	44.21	42.90	41.63	40.36	39.17	37.99	36.97	36.05	35.34	34.66	34.00	33.42	32.92	32.50	32.18	32.03	32.00	
118.00	114.12	110.33	106.60	102.88	99.25	95.87	92.49	89.17	85.90	82.79	79.76	76.74	73.77	70.80	67.97	65.20	62.67	60.19	58.00	55.83	53.77	51.71	49.67	47.69	45.71	43.80	41.94	40.19	38.55	37.05	36.11	35.17	34.28	33.45	32.69	32.15	31.62	31.12	30.73	30.39	30.07	30.00	
115.00	111.19	107.39	103.63	99.89	96.21	92.54	88.99	85.46	82.06	78.71	75.45	72.25	69.15	66.32	63.49	60.72	58.43	56.27	54.16	52.06	49.97	47.99	46.17	44.54	42.95	41.40	39.86	38.59	37.42	36.27	35.17	34.17	33.25	32.59	31.97	31.41	30.87	30.35	29.98	29.65	29.38	29.18	29.03	29.00	
108.00	104.29	100.61	96.96	93.47	90.02	86.62	83.22	79.89	76.69	73.60	70.79	68.15	65.58	63.12	60.79	58.47	56.18	54.26	52.36	50.53	48.70	46.87	45.05	43.24	41.54	40.04	38.66	37.29	36.09	35.11	34.19	33.34	32.56	31.88	31.27	30.73	30.21	29.70	29.28	28.87	28.52	28.25	28.12	28.00	
110.00	106.10	102.36	98.85	95.52	92.22	88.92	85.65	82.44	79.41	76.51	73.65	70.90	68.29	65.70	63.14	60.73	58.34	56.03	53.84	51.66	49.94	48.27	46.77	45.37	44.06	42.76	41.70	40.69	39.69	38.72	37.76	36.85	35.99	35.21	34.45	33.71	33.12	32.62	32.13	31.74	31.35	31.04	31.02	31.00	
102.00	98.45	94.91	91.46	88.03	84.94	81.88	78.95	76.04	73.18	70.66	68.16	65.68	63.33	61.05	58.83	56.62	54.51	52.47	50.62	48.82	47.04	45.33	43.65	42.12	40.60	39.12	37.75	36.44	35.30	34.32	33.40	32.48	31.78	31.11	30.45	29.80	29.20	28.77	28.36	28.04	28.00	
108.00	104.76	101.58	98.42	95.44	92.52	89.63	86.82	84.03	81.26	78.53	75.87	73.40	70.94	68.49	66.10	63.81	61.54	59.44	57.45	55.54	53.71	51.89	50.07	48.33	46.59	44.90	43.22	41.56	40.11	38.81	37.58	36.47	35.56	34.70	33.89	33.09	32.43	31.80	31.30	30.84	30.49	30.24	30.08	30.00	
102.00	98.53	95.13	91.77	88.57	85.52	82.49	79.45	76.42	73.43	70.55	67.74	65.01	62.31	59.91	57.51	55.19	53.24	51.31	49.43	47.60	45.83	44.19	42.67	41.38	40.12	38.87	37.62	36.59	35.69	34.82	34.02	33.23	32.58	31.96	31.37	30.89	30.46	30.07	29.74	29.48	29.29	29.16	29.07	29.00	
120.00	115.18	110.89	106.60	102.46	98.40	94.58	91.06	87.68	84.33	81.01	77.70	74.43	71.47	68.63	65.83	63.07	60.65	58.32	56.00	53.80	51.60	49.40	47.26	45.13	43.14	41.26	39.46	37.70	36.19	34.69	33.21	31.86	30.78	29.79	29.12	28.48	27.89	27.33	27.15	27.00	
114.00	109.76	105.72	101.81	97.96	94.13	90.40	86.69	83.25	79.88	76.90	73.93	71.01	68.17	65.54	63.09	60.78	58.52	56.28	54.06	51.92	49.94	48.00	46.10	44.26	42.44	40.62	38.95	37.36	35.85	34.58	33.58	32.58	31.67	30.91	30.32	29.93	29.62	29.34	29.22	29.11	29.00	
115.00	110.83	106.84	102.88	99.15	95.47	91.89	88.43	85.03	81.65	78.33	75.26	72.28	69.35	66.54	63.79	61.13	58.53	56.01	53.65	51.38	49.22	47.09	45.11	43.22	41.35	39.54	37.86	36.59	35.32	34.11	32.92	31.76	30.82	29.99	29.17	28.57	28.12	27.72	27.44	27.19	27.00	
109.00	105.85	102.71	99.60	96.62	93.65	90.68	87.72	84.78	81.99	79.29	76.64	74.04	71.44	68.94	66.49	64.08	61.73	59.42	57.24	55.09	52.95	51.00	49.15	47.32	45.64	43.98	42.42	40.90	39.42	38.16	37.20	36.33	35.57	34.87	34.21	33.60	33.23	32.90	32.60	32.35	32.16	32.00	
107.00	103.00	99.10	95.40	91.71	88.13	84.72	81.33	78.01	74.72	71.66	68.62	65.84	63.19	60.96	58.73	56.55	54.40	52.26	50.33	48.45	46.61	44.76	43.02	41.38	39.96	38.65	37.47	36.46	35.66	34.90	34.20	33.64	33.11	32.88	32.66	32.48	32.32	32.19	32.07	32.00	
118.00	113.76	109.59	105.63	101.82	98.15	94.56	91.10	87.68	84.29	81.05	77.83	74.72	71.64	68.66	65.72	62.80	59.89	57.12	54.51	51.92	49.58	47.27	45.00	42.88	41.12	39.37	37.76	36.52	35.40	34.44	33.49	32.68	32.07	31.49	30.94	30.52	30.28	30.14	30.00	30.00	
113.00	109.46	105.94	102.45	98.99	95.65	92.33	89.15	85.98	82.88	79.83	76.91	74.04	71.49	69.01	66.55	64.13	61.74	59.49	57.27	55.08	52.93	50.99	49.22	47.56	45.90	44.40	42.97	41.56	40.27	39.03	37.85	36.74	35.67	34.65	33.65	32.67	31.76	30.96	30.33	29.72	29.14	29.00	
108.00	104.29	100.71	97.14	93.61	90.10	86.68	83.74	80.82	77.99	75.21	72.44	69.71	66.99	64.56	62.16	59.86	57.69	55.55	53.44	51.46	49.56	47.73	45.98	44.28	42.69	41.13	39.60	38.18	36.85	35.56	34.32	33.12	31.96	30.81	29.83	28.91	28.03	27.59	27.30	27.09	27.00	
107.00	102.39	98.04	94.01	90.01	86.02	82.12	78.24	74.63	71.05	67.54	64.44	61.96	59.62	57.30	55.00	53.04	51.21	49.43	47.72	46.04	44.41	42.82	41.24	39.74	38.38	37.04	35.74	34.53	33.38	32.29	31.34	30.50	29.91	29.37	28.88	28.39	27.95	27.62	27.35	27.14	27.00	
112.00	108.32	104.66	101.01	97.38	93.80	90.38	87.00	83.91	80.87	77.88	74.97	72.08	69.28	66.53	63.78	61.10	58.54	56.00	53.65	51.31	49.20	47.18	45.48	43.86	42.33	40.82	39.36	37.94	36.68	35.50	34.47	33.54	32.77	32.04	31.33	30.71	30.15	29.67	29.35	29.07	29.00	
103.00	99.71	96.51	93.48	90.47	87.51	84.55	81.66	78.81	76.00	73.28	70.59	67.98	65.48	63.11	60.81	58.57	56.69	54.87	53.06	51.36	49.69	48.05	46.48	44.93	43.41	41.97	40.53	39.23	37.94	36.81	35.81	34.89	33.99	33.14	32.32	31.59	30.93	30.31	29.80	29.33	28.91	28.54	28.20	28.00	
113.00	109.11	105.22	101.43	97.64	93.91	90.34	86.77	83.33	80.27	77.27	74.40	71.57	68.75	65.97	63.39	61.12	58.94	56.88	54.98	53.10	51.28	49.60	47.96	46.35	44.74	43.16	41.84	40.54	39.29	38.04	36.81	35.59	34.42	33.39	32.39	31.40	30.57	29.78	29.08	28.39	27.86	27.42	27.14	27.00	
119.00	114.46	110.07	105.83	101.61	97.42	93.36	89.59	85.86	82.17	78.48	74.92	71.37	68.14	65.16	62.28	59.47	56.77	54.19	51.64	49.17	46.73	44.69	42.68	40.91	39.45	38.00	36.59	35.40	34.24	33.14	32.06	31.08	30.26	29.50	28.87	28.57	28.29	28.12	28.01	28.00	
109.00	105.32	101.75	98.26	94.92	91.59	88.30	85.07	81.95	78.89	75.84	72.81	69.87	67.06	64.28	61.66	59.07	56.54	54.02	51.65	49.30	47.09	45.14	43.30	41.46	39.65	37.97	36.37	35.07	33.83	32.93	32.10	31.46	30.82	30.35	29.91	29.47	29.09	28.72	28.40	28.20	28.04	28.01	28.00	
112.00	107.93	103.92	99.99	96.08	92.20	88.37	84.80	81.32	78.09	74.99	72.01	69.07	66.17	63.48	61.00	58.53	56.11	53.79	51.61	49.48	47.39	45.69	44.02	42.40	40.86	39.52	38.18	36.87	35.63	34.43	33.28	32.31	31.43	30.65	29.93	29.25	28.70	28.28	27.88	27.55	27.29	27.10	27.01	27.00	
101.00	97.67	94.49	91.34	88.37	85.41	82.47	79.60	76.73	74.00	71.28	68.60	65.94	63.31	60.69	58.26	55.90	53.80	51.78	49.85	47.97	46.16	44.54	42.93	41.35	39.79	38.41	37.11	35.82	34.53	33.31	32.14	31.21	30.38	29.71	29.06	28.52	27.99	27.47	27.19	27.05	27.01	27.00	
122.00	117.72	113.57	109.46	105.46	101.62	97.84	94.13	90.43	86.90	83.40	80.00	76.67	73.63	70.75	68.00	65.29	62.65	60.36	58.18	56.02	54.21	52.44	50.76	49.10	47.48	45.90	44.36	42.86	41.38	39.98	38.70	37.42	36.40	35.40	34.66	34.00	33.35	32.81	32.36	32.08	32.02	32.00	
117.00	113.28	109.64	106.01	102.56	99.28	96.04	92.88	89.75	86.68	83.66	80.70	77.74	74.79	72.08	69.40	66.77	64.18	61.64	59.58	57.56	55.59	53.62	51.68	49.85	48.19	46.58	45.00	43.54	42.24	40.93	39.63	38.38	37.16	36.01	35.04	34.12	33.25	32.57	31.93	31.33	31.16	31.00	
106.00	101.96	98.08	94.19	90.33	86.72	83.39	80.23	77.08	73.95	70.97	68.00	65.54	63.08	60.95	58.88	56.85	54.93	53.14	51.46	49.84	48.30	46.77	45.27	43.83	42.45	41.14	39.99	38.85	37.82	36.84	35.86	35.02	34.22	33.46	32.79	32.32	31.86	31.42	31.01	30.62	30.31	30.06	30.00	
118.00	113.99	110.10	106.38	102.77	99.16	95.56	91.98	88.39	85.00	81.83	78.69	75.81	72.96	70.18	67.60	65.06	62.52	60.00	57.53	55.11	52.75	50.79	48.89	46.99	45.52	44.16	42.83	41.51	40.26	39.02	37.94	36.93	36.06	35.23	34.43	33.64	32.88	32.18	31.61	31.05	30.60	30.23	30.00	
106.00	102.46	98.96	95.49	92.07	88.83	85.76	82.71	79.88	77.07	74.30	71.67	69.08	66.51	64.07	61.63	59.34	57.05	54.87	52.85	50.86	48.93	47.06	45.46	43.85	42.31	40.88	39.57	38.37	37.23	36.19	35.32	34.51	33.74	33.02	32.44	31.97	31.56	31.21	30.89	30.66	30.45	30.24	30.04	30.00	
101.00	97.95	94.94	91.93	88.99	86.05	83.14	80.45	77.85	75.28	72.81	70.46	68.14	65.85	63.66	61.52	59.49	57.60	55.79	53.99	52.24	50.56	48.89	47.26	45.75	44.25	42.92	41.64	40.40	39.21	38.04	36.91	35.79	34.75	33.80	32.89	32.08	31.35	30.62	30.15	29.81	29.55	29.32	29.10	29.00	
117.00	112.87	108.74	104.67	100.72	96.94	93.16	89.49	86.00	82.57	79.16	75.82	72.62	69.53	66.58	63.69	61.04	58.87	56.74	54.67	52.69	50.81	49.12	47.45	45.77	44.14	42.59	41.17	39.81	38.49	37.58	36.69	35.90	35.24	34.58	33.93	33.36	32.85	32.43	32.20	32.04	32.00	
102.00	99.08	96.27	93.49	90.90	88.33	85.89	83.48	81.08	78.73	76.42	74.10	71.85	69.65	67.54	65.45	63.54	61.64	59.76	57.90	56.09	54.36	52.63	50.92	49.23	47.58	45.98	44.40	42.85	41.49	40.21	38.94	37.73	36.58	35.44	34.30	33.18	32.08	31.02	30.32	29.65	29.00	28.55	28.28	28.00	
117.00	112.98	109.04	105.21	101.55	98.11	94.76	91.54	88.33	85.18	82.14	79.14	76.20	73.30	70.63	68.01	65.39	63.21	61.07	58.99	57.09	55.25	53.48	51.75	50.05	48.47	46.97	45.55	44.20	42.85	41.52	40.21	38.96	37.76	36.62	35.58	34.62	33.85	33.29	32.85	32.42	32.00	
120.00	116.24	112.64	109.08	105.57	102.14	98.72	95.36	92.09	88.98	86.05	83.19	80.33	77.49	74.74	72.05	69.56	67.10	64.65	62.21	59.83	57.48	55.27	53.11	51.00	48.98	47.04	45.17	43.55	42.03	40.58	39.14	37.78	36.46	35.19	33.96	32.80	31.81	30.90	30.30	29.86	29.52	29.24	29.07	29.00	
103.00	100.00	97.02	94.08	91.17	88.40	85.74	83.17	80.63	78.09	75.69	73.36	71.06	68.78	66.52	64.30	62.09	59.89	57.75	55.63	53.54	51.63	49.81	48.02	46.30	44.75	43.30	41.85	40.43	39.16	37.90	36.68	35.61	34.61	33.78	33.03	32.43	31.94	31.50	31.07	30.68	30.30	30.03	30.00	
103.00	99.49	96.00	92.57	89.28	86.06	83.02	80.02	77.08	74.14	71.30	68.51	65.73	63.15	60.67	58.29	55.95	53.71	51.53	49.51	47.64	45.80	44.18	42.71	41.29	39.92	38.65	37.45	36.49	35.58	34.74	33.91	33.16	32.53	31.96	31.39	30.84	30.54	30.30	30.06	30.00	
123.00	118.14	113.72	109.34	105.18	101.09	97.02	92.95	89.20	85.51	81.87	78.41	75.02	71.65	68.31	65.01	62.01	59.15	56.62	54.14	51.66	49.20	46.78	44.58	42.82	41.26	39.70	38.18	36.67	35.33	34.01	32.72	31.88	31.04	30.30	29.60	28.94	28.33	27.86	27.42	27.00	
108.00	103.92	99.96	96.08	92.31	88.71	85.44	82.61	79.84	77.15	74.52	72.15	69.84	67.68	65.66	63.65	61.69	59.73	57.82	55.94	54.11	52.32	50.55	48.88	47.47	46.07	44.67	43.30	41.94	40.68	39.45	38.27	37.15	36.06	35.05	34.29	33.73	33.35	33.06	32.78	32.51	32.32	32.14	32.06	32.00	
101.00	97.34	93.73	90.13	86.55	83.13	79.77	76.60	73.49	70.60	67.74	65.11	62.49	60.00	57.58	55.17	52.85	50.81	48.85	46.98	45.19	43.44	41.71	40.00	38.52	37.12	36.00	35.05	34.14	33.32	32.57	31.84	31.14	30.51	29.89	29.40	28.94	28.58	28.26	28.08	28.00	
109.00	105.03	101.10	97.60	94.12	90.88	87.68	84.66	81.74	78.82	76.02	73.25	70.50	67.85	65.21	62.62	60.14	57.77	55.49	53.38	51.39	49.50	47.62	45.95	44.29	42.93	41.70	40.51	39.38	38.32	37.27	36.27	35.44	34.63	33.83	33.11	32.42	31.75	31.29	31.02	31.00	
103.00	99.23	95.52	91.85	88.19	84.78	81.51	78.52	75.56	72.68	69.83	67.02	64.34	61.66	59.17	56.82	54.61	52.46	50.32	48.29	46.30	44.31	42.46	40.70	38.95	37.27	35.67	34.26	33.27	32.57	31.90	31.28	30.74	30.21	29.71	29.24	28.77	28.34	27.97	27.62	27.30	27.06	27.00	
116.00	111.81	107.79	103.79	100.00	96.27	92.55	88.96	85.38	81.93	78.51	75.36	72.57	69.87	67.23	64.67	62.29	59.97	57.65	55.41	53.30	51.26	49.21	47.18	45.17	43.17	41.22	39.43	37.70	36.23	34.81	33.48	32.39	31.33	30.27	29.38	28.89	28.44	28.19	28.08	28.00	
123.00	118.57	114.27	110.06	106.06	102.25	98.60	95.00	91.52	88.09	84.75	81.47	78.21	75.14	72.32	69.53	66.80	64.06	61.35	58.76	56.32	53.98	52.04	50.24	48.46	46.73	45.06	43.43	41.85	40.30	38.94	37.71	36.58	35.54	34.62	33.70	32.79	32.03	31.46	30.94	30.54	30.17	30.00	
110.00	106.24	102.54	98.92	95.38	92.06	88.75	85.60	82.51	79.48	76.49	73.52	70.64	67.90	65.31	62.97	60.72	58.56	56.40	54.39	52.62	50.90	49.18	47.54	45.91	44.37	42.99	41.61	40.24	39.08	37.95	36.84	35.84	34.91	34.01	33.26	32.70	32.22	31.81	31.49	31.22	31.00	
123.00	118.02	113.08	108.15	103.46	99.00	94.70	90.45	86.30	82.53	78.78	75.32	72.06	69.17	66.30	63.52	60.94	58.46	56.05	53.77	51.53	49.62	47.90	46.21	44.63	43.13	41.64	40.17	38.74	37.34	36.24	35.21	34.33	33.46	32.67	32.37	32.23	32.09	32.05	32.01	32.00	
110.00	106.34	102.75	99.53	96.33	93.14	89.95	86.80	83.68	80.61	77.64	74.70	71.81	69.03	66.26	63.51	60.83	58.16	55.51	52.94	50.81	48.83	46.89	45.12	43.35	41.64	40.15	38.73	37.38	36.14	35.00	34.19	33.47	32.75	32.04	31.33	30.75	30.17	29.62	29.11	28.74	28.43	28.25	28.09	28.00	
105.00	101.48	98.10	94.78	91.51	88.36	85.22	82.22	79.25	76.60	74.01	71.44	68.90	66.44	64.03	61.65	59.46	57.46	55.47	53.53	51.69	49.97	48.25	46.58	45.00	43.45	41.99	40.62	39.39	38.18	37.07	36.04	35.09	34.16	33.41	32.67	32.01	31.46	31.12	31.06	31.00	
112.00	108.32	104.68	101.05	97.42	93.84	90.43	87.31	84.21	81.12	78.06	75.08	72.13	69.20	66.42	63.63	60.99	58.38	55.90	53.70	51.62	49.82	48.04	46.29	44.57	42.93	41.50	40.13	38.92	37.82	36.78	35.75	34.77	33.86	33.05	32.28	31.60	31.02	30.52	30.25	30.10	30.00	
121.00	117.05	113.16	109.27	105.51	101.85	98.25	94.83	91.44	88.19	85.02	81.96	79.09	76.22	73.50	70.82	68.17	65.54	63.15	60.82	58.56	56.30	54.05	51.85	49.68	47.64	45.79	44.12	42.51	40.95	39.60	38.28	36.96	35.84	34.78	33.75	32.82	31.98	31.16	30.47	30.23	30.00	
102.00	98.40	94.85	91.45	88.15	84.86	81.76	78.73	75.84	73.06	70.36	67.67	65.02	62.60	60.31	58.01	55.71	53.49	51.44	49.46	47.71	46.02	44.37	42.78	41.30	40.07	38.86	37.76	36.75	35.87	35.06	34.32	33.69	33.18	32.69	32.27	31.89	31.51	31.17	30.89	30.64	30.41	30.19	30.00	
109.00	105.56	102.11	98.68	95.31	92.01	88.78	85.63	82.60	79.57	76.62	73.77	71.01	68.37	65.75	63.30	60.91	58.55	56.23	53.99	51.76	49.63	47.76	45.96	44.23	42.65	41.12	39.66	38.25	36.87	35.59	34.40	33.22	32.04	31.09	30.21	29.37	28.83	28.29	27.87	27.45	27.20	27.08	27.00	
103.00	99.31	95.63	91.99	88.37	84.93	81.93	78.99	76.05	73.22	70.47	67.75	65.04	62.44	59.89	57.36	54.88	52.43	50.11	47.89	45.74	43.62	41.53	39.96	38.74	37.61	36.72	35.84	35.07	34.32	33.57	32.85	32.23	31.61	31.05	30.48	29.93	29.51	29.13	28.81	28.53	28.31	28.14	28.00	
107.00	103.28	99.60	96.01	92.49	89.01	85.54	82.26	78.99	75.75	72.59	69.54	66.60	63.66	60.84	58.13	55.60	53.26	50.92	48.80	46.78	44.91	43.15	41.61	40.08	38.79	37.55	36.32	35.16	34.19	33.35	32.61	31.91	31.46	31.03	30.63	30.31	30.00	29.72	29.47	29.28	29.13	29.00	
110.00	106.29	102.87	99.57	96.36	93.20	90.19	87.33	84.53	81.73	79.04	76.44	73.93	71.43	68.95	66.57	64.53	62.51	60.57	58.66	56.75	54.94	53.13	51.40	49.83	48.27	46.78	45.32	43.91	42.53	41.16	39.87	38.73	37.63	36.53	35.51	34.50	33.55	32.76	32.49	32.30	32.15	32.02	32.00	
121.00	116.35	111.91	107.49	103.07	98.81	94.68	90.62	86.60	82.71	78.96	75.53	72.27	69.10	66.08	63.18	60.56	58.16	55.96	53.79	51.63	49.48	47.44	45.58	43.82	42.15	40.51	38.93	37.61	36.53	35.75	34.97	34.27	33.62	32.98	32.45	31.97	31.60	31.33	31.21	31.11	31.05	31.00	
102.00	98.90	95.82	92.86	89.92	87.08	84.36	81.65	78.96	76.36	73.89	71.43	68.98	66.78	64.60	62.50	60.47	58.46	56.50	54.60	52.73	50.87	49.07	47.34	45.66	44.27	42.92	41.67	40.47	39.35	38.38	37.47	36.59	35.81	35.08	34.38	33.70	33.13	32.61	32.17	31.80	31.43	31.21	31.07	31.00	
111.00	107.44	103.93	100.53	97.36	94.18	91.16	88.21	85.37	82.59	79.83	77.14	74.48	71.90	69.36	66.85	64.35	62.13	59.97	57.84	55.70	53.84	52.00	50.20	48.45	46.72	45.08	43.79	42.51	41.26	40.06	38.95	37.93	36.97	36.05	35.16	34.42	33.71	33.06	32.43	32.17	32.04	32.00	
107.00	103.27	99.66	96.12	92.82	89.69	86.62	83.58	80.62	77.67	74.86	72.10	69.34	66.59	64.05	61.55	59.17	56.92	55.00	53.14	51.31	49.52	47.83	46.20	44.60	43.04	41.49	39.96	38.45	37.04	36.12	35.23	34.43	33.80	33.25	32.74	32.24	31.75	31.42	31.18	31.04	31.00	
101.00	97.79	94.60	91.53	88.51	85.60	82.92	80.30	77.70	75.16	72.65	70.17	67.77	65.48	63.31	61.17	59.08	57.04	55.03	53.06	51.44	49.83	48.23	46.69	45.20	43.73	42.43	41.14	39.90	38.76	37.82	37.00	36.18	35.39	34.62	33.91	33.19	32.49	31.80	31.14	30.59	30.16	30.07	30.01	30.00	
106.00	102.30	98.69	95.20	91.72	88.29	84.94	81.66	78.42	75.30	72.21	69.29	66.48	64.02	61.57	59.17	56.83	54.68	52.64	50.88	49.14	47.45	45.95	44.47	43.00	41.65	40.30	39.00	38.05	37.18	36.34	35.56	34.79	34.06	33.35	32.67	32.03	31.42	30.92	30.49	30.28	30.11	30.00	
103.00	99.02	95.12	91.24	87.73	84.54	81.46	78.47	75.52	72.57	69.65	66.75	63.87	61.05	58.32	55.65	53.12	50.74	48.62	46.55	44.54	42.55	40.67	38.99	37.33	35.86	34.50	33.34	32.45	31.58	30.75	30.10	29.52	29.15	28.87	28.60	28.39	28.29	28.19	28.11	28.04	28.00	
112.00	108.45	104.97	101.51	98.13	94.79	91.57	88.47	85.45	82.51	79.60	76.74	73.93	71.36	68.80	66.25	63.77	61.40	59.10	56.80	54.65	52.53	50.50	48.65	46.90	45.25	43.65	42.17	40.87	39.58	38.31	37.12	35.99	34.93	34.00	33.13	32.28	31.47	30.78	30.43	30.15	30.01	30.00	
115.00	110.74	106.77	102.90	99.43	96.01	92.60	89.27	86.11	82.95	79.80	76.72	73.67	70.64	67.68	64.83	62.06	59.40	56.76	54.20	51.99	49.86	47.81	45.79	44.11	42.59	41.16	39.93	38.77	37.78	36.86	36.02	35.23	34.49	33.80	33.11	32.56	32.14	31.81	31.51	31.22	31.06	31.00	
101.00	97.64	94.28	91.18	88.12	85.06	82.02	79.02	76.40	73.79	71.25	68.74	66.27	63.98	62.04	60.09	58.18	56.37	54.58	52.78	51.07	49.40	47.92	46.45	44.99	43.60	42.20	40.89	39.59	38.33	37.16	36.04	35.01	34.27	33.54	32.82	32.10	31.47	30.89	30.38	29.94	29.59	29.29	29.00	
109.00	105.31	101.69	98.26	94.87	91.51	88.39	85.32	82.30	79.30	76.31	73.35	70.42	67.67	65.10	62.56	60.05	57.58	55.14	52.75	50.53	48.42	46.32	44.53	42.76	41.03	39.32	37.68	36.12	34.59	33.27	32.07	31.06	30.14	29.22	28.51	27.94	27.37	27.06	27.03	27.00	
121.00	117.16	113.39	109.72	106.11	102.55	99.22	95.97	92.76	89.57	86.41	83.25	80.10	77.15	74.22	71.39	68.57	65.92	63.33	60.80	58.29	55.82	53.39	51.23	49.12	47.07	45.06	43.24	41.46	39.72	38.01	36.81	35.62	34.56	33.55	32.63	31.89	31.21	30.57	30.11	30.00	
105.00	100.47	96.51	92.73	89.24	85.80	82.37	79.08	75.83	72.70	69.64	66.60	63.86	61.16	58.50	55.86	53.48	51.14	48.88	46.86	45.08	43.36	41.85	40.37	38.92	37.60	36.35	35.11	34.09	33.28	32.48	31.79	31.10	30.42	29.74	29.15	28.74	28.41	28.23	28.05	28.02	28.00	
120.00	115.34	110.71	106.12	101.57	97.02	92.52	88.05	83.78	79.58	75.39	71.22	67.87	64.84	61.90	59.01	56.30	53.62	51.25	49.09	47.03	45.02	43.51	42.08	40.77	39.53	38.54	37.59	36.67	35.77	35.00	34.48	33.98	33.49	33.02	32.57	32.17	31.88	31.64	31.39	31.26	31.15	31.07	31.00	
114.00	109.52	105.19	100.88	96.95	93.27	89.74	86.26	82.82	79.59	76.38	73.35	70.33	67.34	64.47	61.70	58.96	56.26	53.65	51.30	49.00	46.71	44.73	42.84	41.09	39.46	37.91	36.36	34.90	33.98	33.07	32.24	31.61	30.99	30.38	29.82	29.40	28.99	28.59	28.20	28.08	28.00	
120.00	116.17	112.36	108.64	104.93	101.25	97.59	93.97	90.36	86.99	83.64	80.34	77.12	73.92	70.82	67.85	65.09	62.51	59.94	57.42	55.10	52.87	50.77	48.81	46.89	45.03	43.17	41.51	40.08	38.67	37.45	36.31	35.31	34.33	33.37	32.63	31.88	31.17	30.62	30.07	30.00	
115.00	111.02	107.17	103.49	99.92	96.51	93.17	89.83	86.63	83.44	80.31	77.22	74.36	71.63	68.94	66.48	64.02	61.59	59.17	56.77	54.38	52.18	50.05	48.07	46.20	44.34	42.59	40.95	39.56	38.34	37.29	36.24	35.38	34.63	33.87	33.40	32.96	32.62	32.34	32.15	32.04	32.00	
120.00	115.55	111.35	107.22	103.15	99.09	95.24	91.42	87.66	84.18	80.94	77.72	74.58	71.79	69.01	66.34	63.74	61.51	59.32	57.14	54.99	52.89	50.80	48.83	46.92	45.02	43.20	41.40	39.67	38.14	36.63	35.45	34.30	33.54	32.82	32.10	31.43	30.82	30.24	29.70	29.45	29.21	29.00	29.00	
103.00	99.75	96.59	93.48	90.37	87.36	84.43	81.63	78.88	76.32	73.85	71.41	68.99	66.58	64.28	61.97	59.69	57.41	55.30	53.23	51.18	49.29	47.46	45.64	44.03	42.60	41.45	40.32	39.36	38.42	37.50	36.66	35.91	35.26	34.69	34.14	33.60	33.07	32.63	32.19	31.87	31.59	31.31	31.11	31.00	
120.00	115.44	110.91	106.42	102.23	98.09	94.07	90.16	86.51	83.02	79.55	76.10	72.76	69.45	66.27	63.12	60.19	57.46	54.99	52.81	50.76	48.84	47.05	45.32	43.63	41.95	40.48	39.04	37.72	36.40	35.26	34.28	33.31	32.36	31.53	30.70	29.96	29.37	28.82	28.29	27.87	27.54	27.26	27.00	
107.00	103.35	99.83	96.38	92.93	89.56	86.61	83.72	80.85	78.07	75.30	72.58	69.90	67.30	64.79	62.36	60.04	57.78	55.58	53.40	51.30	49.33	47.39	45.46	43.58	42.04	40.76	39.61	38.51	37.53	36.55	35.61	34.81	34.04	33.37	32.88	32.43	31.99	31.58	31.30	31.10	31.04	31.02	31.00	
103.00	99.11	95.24	91.47	87.90	84.34	80.82	77.38	74.09	70.85	67.71	64.85	62.06	59.38	56.80	54.40	52.03	49.92	47.82	45.94	44.19	42.53	40.97	39.65	38.47	37.61	36.77	36.02	35.31	34.64	34.07	33.54	33.02	32.51	32.01	31.56	31.12	30.80	30.51	30.30	30.13	30.00	
121.00	116.23	111.58	107.13	102.85	98.68	95.09	91.61	88.44	85.36	82.38	79.51	76.68	73.90	71.15	68.56	65.99	63.46	60.98	58.56	56.38	54.22	52.13	50.28	48.46	46.66	44.94	43.41	41.94	40.52	39.18	37.88	36.64	35.45	34.46	33.69	32.94	32.24	31.64	31.26	31.08	31.00	
102.00	98.61	95.38	92.16	88.97	85.90	83.02	80.19	77.40	74.65	71.92	69.50	67.20	64.95	62.76	60.61	58.58	56.60	54.65	52.71	50.95	49.21	47.92	46.67	45.49	44.31	43.19	42.07	40.96	39.87	38.81	37.86	37.01	36.24	35.49	34.75	34.06	33.42	32.78	32.22	31.80	31.49	31.23	31.08	31.00	
113.00	109.85	106.76	103.66	100.58	97.49	94.43	91.37	88.37	85.45	82.60	79.80	77.08	74.48	71.88	69.30	66.83	64.42	62.05	59.74	57.43	55.14	52.88	50.67	48.80	46.96	45.13	43.33	41.55	40.00	38.57	37.23	35.98	34.92	33.97	33.15	32.35	31.77	31.33	31.03	30.77	30.53	30.31	30.11	30.00	
106.00	101.53	97.13	92.89	88.92	85.18	81.50	78.19	74.89	71.73	68.68	65.84	63.12	60.56	58.01	55.70	53.44	51.42	49.61	47.88	46.22	44.58	43.00	41.54	40.12	38.72	37.39	36.07	34.82	33.82	32.95	32.17	31.44	30.83	30.27	29.75	29.28	28.81	28.40	28.13	28.01	28.00	
113.00	108.92	104.87	100.88	96.95	93.06	89.42	85.80	82.30	79.02	75.79	72.81	69.91	67.16	64.45	61.86	59.29	56.82	54.38	52.35	50.38	48.41	46.49	44.79	43.27	41.77	40.30	38.86	37.45	36.11	34.78	33.54	32.33	31.33	30.34	29.46	28.71	28.07	27.52	27.11	27.00	
108.00	104.36	100.85	97.43	94.03	90.73	87.63	84.64	81.77	78.95	76.20	73.54	70.92	68.40	65.88	63.48	61.08	58.83	56.60	54.37	52.34	50.40	48.48	46.60	44.78	43.34	41.92	40.53	39.22	38.03	36.88	35.73	34.58	33.47	32.49	31.61	30.83	30.34	29.99	29.73	29.53	29.36	29.21	29.09	29.00	
111.00	106.77	102.64	98.54	94.46	90.51	86.95	83.47	79.98	76.68	73.60	70.55	67.54	64.55	61.81	59.37	57.20	55.03	52.94	51.05	49.26	47.61	46.06	44.63	43.20	41.84	40.52	39.22	37.92	36.72	35.53	34.46	33.42	32.40	31.61	30.89	30.18	29.57	29.05	28.64	28.34	28.19	28.09	28.00	
103.00	99.65	96.42	93.33	90.30	87.38	84.60	81.83	79.07	76.39	73.82	71.29	68.82	66.38	63.95	61.61	59.35	57.23	55.13	53.11	51.12	49.26	47.42	45.64	43.86	42.19	40.81	39.51	38.47	37.50	36.54	35.61	34.74	33.88	33.10	32.40	31.81	31.44	31.09	30.79	30.49	30.22	30.00	
107.00	103.71	100.59	97.48	94.46	91.63	88.84	86.11	83.46	80.83	78.23	75.78	73.32	70.97	68.69	66.44	64.24	62.05	59.90	57.78	55.81	53.93	52.16	50.46	48.84	47.25	45.67	44.29	42.93	41.73	40.55	39.38	38.21	37.10	35.98	35.02	34.23	33.47	32.92	32.49	32.14	31.81	31.50	31.22	31.00	
107.00	103.80	100.62	97.45	94.30	91.19	88.09	85.20	82.34	79.51	76.69	73.95	71.29	68.67	66.10	63.57	61.05	58.55	56.08	53.71	51.38	49.26	47.26	45.28	43.40	41.55	39.74	37.97	36.34	34.86	33.68	32.70	31.87	31.10	30.35	29.69	29.29	28.95	28.61	28.28	28.13	28.06	28.00	
104.00	100.07	96.46	93.01	89.59	86.18	82.84	79.78	76.73	73.74	70.78	68.34	65.96	63.67	61.75	59.85	57.95	56.14	54.33	52.76	51.23	49.73	48.27	46.81	45.40	44.12	42.85	41.67	40.50	39.47	38.46	37.45	36.60	35.75	34.92	34.10	33.29	32.59	31.96	31.55	31.22	31.00	
123.00	118.72	114.90	111.10	107.36	103.73	100.12	96.57	93.22	89.89	86.92	83.96	81.01	78.29	75.61	73.03	70.58	68.14	65.73	63.47	61.24	59.04	56.85	54.71	52.60	50.48	48.53	46.66	44.81	42.97	41.43	39.91	38.53	37.15	35.77	34.49	33.25	32.41	31.65	31.20	31.00	
104.00	100.52	97.15	93.95	90.76	87.57	84.44	81.35	78.26	75.20	72.38	69.59	66.80	64.37	61.96	59.62	57.34	55.14	53.34	51.68	50.02	48.42	46.95	45.55	44.22	42.92	41.63	40.34	39.09	38.22	37.42	36.63	35.94	35.25	34.63	34.09	33.64	33.20	32.87	32.54	32.28	32.09	32.00	
120.00	115.86	111.77	107.72	103.69	99.85	96.01	92.33	88.75	85.24	81.92	78.72	75.76	72.85	70.15	67.48	64.93	62.42	59.94	57.49	55.26	53.05	50.98	49.11	47.27	45.68	44.11	42.62	41.17	39.72	38.62	37.59	36.75	35.94	35.30	34.68	34.14	33.62	33.10	32.62	32.18	31.82	31.54	31.26	31.00	
111.00	107.27	103.55	99.92	96.34	92.78	89.23	85.88	82.54	79.22	75.93	73.00	70.09	67.36	64.67	62.13	59.63	57.26	54.95	52.75	50.56	48.45	46.47	44.56	42.71	41.13	39.70	38.32	36.95	35.72	34.69	33.67	32.77	32.01	31.29	30.60	29.95	29.31	28.70	28.16	27.70	27.28	27.01	27.00	
102.00	98.38	94.82	91.39	88.10	84.86	81.71	78.76	76.04	73.34	70.65	67.98	65.37	62.77	60.44	58.21	56.14	54.11	52.24	50.39	48.55	46.73	45.00	43.35	41.85	40.37	38.89	37.45	36.18	34.92	33.80	32.71	31.72	30.75	29.84	29.24	28.65	28.18	27.85	27.53	27.34	27.15	27.07	27.00	
102.00	97.93	94.05	90.22	86.45	82.79	79.18	75.98	72.85	70.10	67.44	64.85	62.38	59.95	57.53	55.20	53.05	50.96	48.97	47.01	45.15	43.29	41.50	39.89	38.53	37.17	35.83	34.52	33.44	32.46	31.56	30.70	29.92	29.25	28.79	28.33	27.90	27.59	27.30	27.02	27.00	
104.00	99.86	95.71	91.73	87.98	84.27	80.65	77.05	73.57	70.18	66.90	63.76	60.70	57.67	54.65	51.91	49.48	47.10	44.74	42.48	40.44	39.04	37.90	36.77	35.85	34.99	34.14	33.30	32.48	31.69	30.90	30.28	29.70	29.16	28.64	28.14	27.76	27.44	27.16	27.03	27.00	
108.00	103.75	99.71	95.70	91.75	88.04	84.36	80.68	77.05	73.69	70.66	67.85	65.04	62.24	59.60	57.14	54.70	52.53	50.36	48.25	46.21	44.38	42.82	41.26	39.72	38.43	37.25	36.29	35.48	34.80	34.22	33.69	33.16	32.76	32.37	32.01	31.68	31.38	31.12	31.07	31.03	31.01	31.00	
111.00	106.71	102.53	98.38	94.50	90.67	86.88	83.09	79.40	75.73	72.16	68.70	65.27	61.85	58.56	55.50	52.54	49.95	47.92	46.04	44.24	42.49	40.75	39.20	37.80	36.60	35.42	34.25	33.23	32.32	31.47	30.63	29.82	29.23	28.74	28.35	27.97	27.67	27.38	27.09	27.04	27.00	
121.00	117.16	113.38	109.65	105.92	102.31	98.73	95.15	91.86	88.65	85.62	82.63	79.72	76.86	74.04	71.50	68.99	66.61	64.32	62.03	59.82	57.67	55.61	53.57	51.60	49.77	47.99	46.31	44.71	43.14	41.61	40.16	38.81	37.67	36.64	35.70	34.85	34.10	33.36	32.90	32.64	32.40	32.20	32.09	32.00	
123.00	118.94	114.97	111.01	107.15	103.30	99.45	95.62	91.92	88.47	85.05	81.67	78.32	75.08	71.95	68.83	65.74	62.78	59.86	57.17	54.70	52.24	49.79	47.50	45.31	43.14	40.98	38.97	37.09	35.22	33.59	32.02	30.94	30.16	29.41	28.71	28.11	27.67	27.23	27.05	27.00	
123.00	118.80	114.71	110.71	106.74	102.81	98.93	95.11	91.36	87.73	84.42	81.16	78.20	75.26	72.51	69.83	67.18	64.55	61.94	59.50	57.07	55.20	53.37	51.62	49.96	48.31	46.76	45.24	43.73	42.37	41.01	39.68	38.40	37.25	36.31	35.42	34.55	33.71	32.97	32.30	31.73	31.29	31.14	31.03	31.00	
101.00	98.11	95.30	92.51	89.85	87.20	84.61	82.18	79.75	77.34	74.95	72.62	70.31	68.04	65.81	63.61	61.42	59.23	57.23	55.27	53.32	51.37	49.53	47.76	46.14	44.57	43.03	41.50	40.09	38.77	37.50	36.32	35.16	34.05	33.00	32.00	31.10	30.39	29.80	29.32	29.18	29.07	29.01	29.00	
105.00	101.03	97.19	93.46	89.85	86.53	83.23	80.03	77.00	74.06	71.13	68.32	65.51	62.74	60.09	57.61	55.20	52.88	50.56	48.57	46.63	44.70	42.98	41.32	39.68	38.09	36.62	35.18	33.92	32.71	31.70	30.69	29.71	29.10	28.65	28.35	28.26	28.16	28.09	28.04	28.00	
102.00	98.73	95.49	92.38	89.32	86.37	83.69	81.02	78.43	75.95	73.46	70.99	68.55	66.26	64.09	62.00	59.95	57.93	55.98	54.04	52.24	50.55	48.89	47.32	45.80	44.34	42.92	41.55	40.36	39.23	38.10	37.14	36.34	35.62	34.92	34.25	33.61	32.97	32.35	31.85	31.48	31.19	31.00	
113.00	108.84	104.76	101.08	97.57	94.22	90.86	87.60	84.47	81.37	78.46	75.58	72.71	69.89	67.09	64.44	61.90	59.63	57.41	55.33	53.45	51.59	49.89	48.25	46.70	45.15	43.62	42.28	41.02	39.76	38.61	37.61	36.73	35.89	35.13	34.37	33.68	33.08	32.62	32.22	32.01	32.00	
106.00	102.28	98.67	95.18	91.87	88.64	85.59	82.58	79.68	76.79	74.02	71.29	68.59	65.99	63.65	61.33	59.03	56.85	54.75	52.77	50.82	48.99	47.33	45.70	44.20	42.72	41.28	39.90	38.60	37.38	36.16	34.96	33.83	32.98	32.15	31.43	30.70	30.02	29.34	28.74	28.22	28.04	28.00	
115.00	110.85	106.98	103.19	99.63	96.18	93.01	89.88	86.74	83.69	80.80	77.92	75.16	72.45	69.77	67.09	64.48	61.90	59.36	56.85	54.48	52.31	50.19	48.11	46.40	44.71	43.12	41.64	40.25	39.11	38.00	36.95	36.07	35.21	34.43	33.76	33.13	32.61	32.24	32.05	32.00	32.00	
105.00	101.59	98.34	95.12	91.94	88.78	85.79	82.86	80.09	77.38	74.67	72.02	69.43	66.84	64.41	61.99	59.57	57.16	54.98	52.96	51.24	49.55	47.89	46.40	44.99	43.65	42.32	41.12	40.01	38.92	37.84	36.85	35.94	35.25	34.59	33.94	33.32	32.89	32.50	32.23	32.02	32.00	
101.00	97.32	93.67	90.04	86.43	82.95	79.55	76.18	72.86	69.72	66.61	63.59	60.76	58.06	55.79	53.61	51.47	49.46	47.51	45.57	43.66	41.83	40.09	38.94	37.91	37.03	36.36	35.73	35.13	34.53	34.05	33.69	33.36	33.07	32.81	32.54	32.38	32.22	32.13	32.07	32.01	32.00	
102.00	98.85	95.72	92.62	89.60	86.69	83.83	80.98	78.30	75.70	73.14	70.68	68.44	66.24	64.07	61.94	59.86	57.82	55.86	53.96	52.18	50.64	49.12	47.61	46.22	44.96	43.74	42.58	41.47	40.36	39.28	38.22	37.22	36.32	35.52	34.78	34.19	33.69	33.24	32.85	32.47	32.21	32.08	32.03	32.00	
108.00	104.61	101.27	98.17	95.06	91.99	88.99	86.06	83.14	80.41	77.87	75.43	73.01	70.67	68.36	66.10	63.84	61.70	59.66	57.74	55.86	54.10	52.34	50.59	48.86	47.28	45.74	44.23	42.76	41.36	40.07	38.77	37.49	36.23	35.01	33.91	32.89	31.90	30.94	29.99	29.05	28.25	27.68	27.12	27.00	
117.00	112.59	108.19	103.83	99.48	95.18	91.11	87.12	83.18	79.72	76.32	73.17	70.10	67.28	64.74	62.20	59.76	57.34	55.00	52.80	50.59	48.59	46.58	44.74	43.13	41.58	40.05	38.52	37.04	35.92	35.00	34.10	33.36	32.78	32.20	31.63	31.07	30.64	30.35	30.15	30.07	30.02	30.00	
103.00	99.83	96.76	93.71	90.81	87.99	85.18	82.39	79.61	77.04	74.58	72.12	69.73	67.48	65.27	63.07	60.88	58.81	56.77	54.75	52.74	50.89	49.09	47.32	45.57	43.87	42.32	40.90	39.53	38.15	36.87	35.70	34.62	33.99	33.43	32.90	32.43	32.02	31.73	31.53	31.37	31.24	31.11	31.00	
110.00	106.40	102.97	99.61	96.26	92.93	89.62	86.39	83.17	80.01	76.95	73.96	71.12	68.34	65.82	63.30	60.89	58.52	56.24	54.03	51.93	50.00	48.12	46.25	44.54	42.86	41.18	39.67	38.28	36.91	35.58	34.43	33.38	32.43	31.64	31.02	30.57	30.15	29.80	29.49	29.24	29.03	29.00	
103.00	99.47	96.00	92.56	89.21	85.98	82.89	79.89	76.94	73.99	71.17	68.70	66.38	64.08	61.77	59.47	57.18	54.99	52.86	50.74	48.62	46.52	44.52	42.73	41.15	39.69	38.24	36.89	35.59	34.42	33.39	32.35	31.33	30.74	30.29	29.87	29.53	29.23	29.11	29.06	29.00	29.00	
105.00	101.56	98.44	95.34	92.27	89.22	86.19	83.29	80.57	77.88	75.21	72.59	70.00	67.43	65.11	62.88	60.71	58.56	56.47	54.42	52.43	50.51	48.73	47.02	45.38	43.78	42.28	40.93	39.65	38.51	37.41	36.37	35.61	34.87	34.16	33.56	33.01	32.52	32.05	31.66	31.40	31.21	31.07	31.00	
122.00	117.39	112.88	108.38	103.95	100.09	96.26	92.49	88.74	85.04	81.65	78.44	75.40	72.37	69.35	66.49	63.73	61.00	58.45	55.94	53.53	51.41	49.36	47.34	45.37	43.50	41.74	40.03	38.34	36.88	35.48	34.25	33.05	31.87	30.75	29.74	28.93	28.41	27.97	27.66	27.40	27.22	27.08	27.02	27.00	
123.00	118.30	113.95	109.69	105.52	101.60	97.75	93.99	90.49	87.03	83.92	80.84	77.78	74.76	71.75	68.78	65.84	62.92	60.01	57.16	54.58	52.21	49.89	47.61	45.76	43.93	42.12	40.50	38.99	37.71	36.51	35.41	34.44	33.50	32.72	31.98	31.26	30.56	29.94	29.49	29.19	29.00	
104.00	100.68	97.36	94.09	91.17	88.29	85.47	82.65	79.93	77.23	74.66	72.09	69.60	67.13	64.81	62.51	60.22	58.02	55.92	53.84	51.83	49.83	47.86	46.13	44.50	42.90	41.35	39.81	38.53	37.38	36.23	35.09	34.15	33.30	32.50	31.74	31.04	30.44	29.92	29.42	28.97	28.56	28.21	28.00	
110.00	106.07	102.37	98.83	95.31	91.87	88.44	85.06	81.68	78.63	75.71	72.91	70.12	67.34	64.62	61.94	59.39	56.92	54.49	52.15	49.86	47.73	45.76	43.94	42.16	40.42	38.99	37.61	36.27	35.15	34.11	33.16	32.28	31.65	31.02	30.54	30.17	29.83	29.52	29.26	29.05	29.00	
115.00	110.70	106.42	102.29	98.27	94.26	90.70	87.26	83.83	80.53	77.38	74.24	71.41	68.82	66.25	63.74	61.37	59.25	57.13	55.07	53.19	51.35	49.62	47.93	46.30	44.71	43.33	41.98	40.74	39.55	38.61	37.75	36.95	36.18	35.47	34.93	34.40	33.89	33.38	32.90	32.53	32.29	32.10	32.00	
101.00	97.35	93.86	90.41	87.00	83.65	80.32	77.14	73.99	71.05	68.20	65.37	62.63	59.91	57.29	54.73	52.34	50.01	47.79	45.75	44.11	42.51	41.08	39.66	38.24	36.85	35.55	34.32	33.20	32.32	31.43	30.67	29.91	29.48	29.07	28.70	28.35	28.05	27.75	27.50	27.36	27.22	27.09	27.00	
103.00	99.33	95.72	92.22	88.94	85.68	82.49	79.36	76.24	73.17	70.17	67.23	64.33	61.45	58.96	56.48	54.08	51.80	49.79	47.80	45.84	44.00	42.29	40.63	39.06	37.60	36.26	34.95	33.68	32.72	31.85	31.06	30.32	29.73	29.15	28.59	28.18	27.82	27.52	27.26	27.01	27.00	
103.00	99.84	96.73	93.68	90.66	87.72	84.79	81.87	78.98	76.16	73.34	70.69	68.13	65.59	63.11	60.97	58.88	56.79	54.73	52.72	51.00	49.34	47.80	46.32	44.86	43.42	42.13	40.95	39.77	38.65	37.62	36.62	35.65	34.69	33.75	32.93	32.12	31.32	30.54	29.78	29.06	28.43	28.00	28.00	
106.00	102.29	98.69	95.35	92.10	89.01	86.01	83.04	80.07	77.19	74.71	72.28	69.86	67.44	65.09	62.86	60.63	58.48	56.33	54.42	52.66	50.96	49.28	47.63	46.05	44.65	43.42	42.23	41.06	39.99	39.00	38.12	37.27	36.43	35.64	34.96	34.29	33.67	33.06	32.44	32.04	31.66	31.34	31.15	31.00	
112.00	108.25	104.54	100.82	97.17	93.67	90.22	86.79	83.60	80.45	77.43	74.50	71.71	68.95	66.26	63.70	61.17	58.75	56.45	54.17	52.12	50.14	48.16	46.48	45.10	43.93	42.86	41.79	40.77	39.77	38.81	37.87	37.01	36.16	35.35	34.59	33.85	33.13	32.52	32.18	32.00	
121.00	116.23	111.90	107.69	103.60	99.60	95.68	92.01	88.44	84.93	81.45	77.99	74.73	71.55	68.44	65.38	62.58	59.80	57.17	54.61	52.17	49.73	47.37	45.12	43.40	41.80	40.26	38.76	37.39	36.19	35.02	33.97	32.96	32.01	31.08	30.18	29.32	28.63	28.13	27.81	27.53	27.26	27.00	
106.00	102.09	98.24	94.42	90.66	87.44	84.24	81.06	78.17	75.30	72.46	69.64	67.04	64.60	62.27	60.02	57.93	55.90	53.88	51.88	49.89	47.95	46.10	44.49	43.02	41.63	40.25	39.01	37.80	36.64	35.56	34.53	33.63	32.78	32.00	31.31	30.92	30.64	30.41	30.24	30.08	30.00	
102.00	99.22	96.49	93.77	91.13	88.55	86.00	83.45	80.92	78.45	75.99	73.57	71.25	69.01	66.84	64.68	62.61	60.56	58.53	56.53	54.62	52.71	50.82	49.12	47.48	45.93	44.46	43.08	41.80	40.54	39.32	38.12	36.99	35.88	34.78	33.72	32.84	31.97	31.18	30.48	29.99	29.50	29.21	29.01	29.00	
122.00	116.56	111.42	106.31	101.30	96.73	92.19	87.65	83.17	78.89	74.82	71.81	68.83	65.98	63.23	60.54	57.96	55.45	53.12	51.04	49.01	46.99	45.12	43.28	41.46	39.72	38.11	36.53	35.00	33.97	32.94	32.03	31.35	30.71	30.08	29.53	29.11	28.74	28.40	28.06	27.75	27.51	27.26	27.03	27.00	
122.00	118.20	114.41	110.70	107.03	103.49	100.01	96.87	93.73	90.77	87.82	84.88	82.04	79.21	76.42	73.64	70.91	68.22	65.55	62.93	60.36	57.80	55.32	52.90	50.50	48.40	46.47	44.69	43.01	41.33	39.70	38.26	36.99	35.75	34.52	33.35	32.23	31.14	30.32	29.55	28.87	28.60	28.37	28.14	28.00	
122.00	117.48	112.96	108.46	104.03	99.67	95.52	91.92	88.33	84.75	81.48	78.31	75.20	72.18	69.22	66.28	63.35	60.79	58.36	56.07	53.89	51.79	49.70	47.65	45.74	43.96	42.34	41.30	40.26	39.28	38.35	37.45	36.69	35.96	35.25	34.58	33.98	33.48	33.02	32.65	32.29	32.00	
101.00	97.28	93.76	90.38	87.09	83.87	80.66	77.46	74.34	71.48	68.68	65.90	63.28	61.01	58.76	56.61	54.46	52.42	50.63	48.86	47.11	45.48	44.02	42.57	41.13	39.94	38.83	37.81	36.82	35.87	34.93	34.19	33.47	32.84	32.27	31.70	31.19	30.73	30.42	30.13	30.00	
105.00	101.55	98.17	94.89	91.94	89.02	86.13	83.28	80.67	78.07	75.53	73.09	70.66	68.26	65.97	63.70	61.47	59.37	57.29	55.29	53.39	51.50	49.75	48.03	46.38	44.73	43.12	41.52	40.01	38.50	37.39	36.28	35.18	34.43	33.77	33.12	32.48	31.94	31.60	31.37	31.20	31.11	31.04	31.00	
108.00	103.82	99.73	95.71	91.84	88.09	84.36	80.74	77.12	73.56	70.02	67.12	64.35	61.88	59.47	57.18	55.08	53.12	51.18	49.27	47.62	46.01	44.51	43.09	41.84	40.59	39.36	38.26	37.20	36.16	35.21	34.30	33.40	32.50	31.62	30.80	30.05	29.40	28.96	28.55	28.28	28.09	28.00	
101.00	97.38	94.10	90.84	87.61	84.45	81.31	78.22	75.20	72.27	69.54	66.82	64.36	61.92	59.73	57.55	55.46	53.60	51.86	50.13	48.41	46.74	45.17	43.60	42.21	40.84	39.53	38.44	37.43	36.58	35.86	35.18	34.58	34.04	33.54	33.11	32.81	32.58	32.38	32.21	32.04	32.00	
108.00	104.57	101.31	98.06	94.88	91.75	88.68	85.63	82.63	79.81	77.05	74.38	71.78	69.37	66.98	64.80	62.63	60.47	58.39	56.32	54.25	52.30	50.58	48.91	47.26	45.75	44.33	42.93	41.58	40.28	39.03	38.02	37.09	36.17	35.29	34.49	33.70	32.94	32.28	31.96	31.66	31.37	31.09	31.00	
113.00	109.05	105.15	101.30	97.75	94.24	90.76	87.29	83.85	80.47	77.25	74.05	70.96	67.90	65.14	62.53	60.02	57.58	55.17	52.92	50.71	48.59	46.60	44.77	43.23	41.79	40.41	39.06	37.82	36.58	35.40	34.28	33.25	32.26	31.51	30.77	30.12	29.65	29.20	29.04	29.00	
109.00	105.61	102.24	98.91	95.59	92.35	89.19	86.12	83.04	80.08	77.19	74.42	71.67	68.96	66.30	63.70	61.29	58.91	56.70	54.52	52.51	50.59	48.75	47.02	45.34	43.91	42.55	41.30	40.15	39.02	38.00	37.01	36.05	35.20	34.53	33.94	33.41	33.01	32.62	32.24	32.00	
116.00	111.96	108.11	104.27	100.48	96.75	93.49	90.27	87.07	83.89	80.89	77.90	74.94	72.00	69.06	66.17	63.33	60.61	57.93	55.42	52.99	50.84	48.69	46.54	44.42	42.44	40.59	38.78	37.03	35.55	34.10	32.92	31.76	30.88	30.02	29.18	28.43	27.72	27.36	27.17	27.00	
121.00	117.16	113.40	109.69	106.00	102.35	98.74	95.16	91.66	88.25	84.85	81.54	78.45	75.43	72.47	69.56	66.84	64.19	62.00	59.87	57.75	55.66	53.69	51.84	50.03	48.33	46.65	44.97	43.34	41.92	40.65	39.41	38.22	37.18	36.16	35.18	34.21	33.42	32.72	32.03	31.74	31.46	31.27	31.13	31.00	
112.00	108.04	104.37	100.73	97.09	93.46	90.39	87.34	84.35	81.38	78.44	75.54	72.71	69.90	67.10	64.33	61.59	58.94	56.34	54.01	51.68	49.84	48.10	46.38	44.67	43.18	41.70	40.23	38.81	37.41	36.04	34.73	33.43	32.21	31.09	30.10	29.21	28.50	28.02	27.65	27.32	27.03	27.00	
122.00	118.38	114.88	111.49	108.10	104.72	101.39	98.18	95.00	91.82	88.72	85.62	82.55	79.53	76.59	73.67	70.89	68.11	65.36	62.66	60.04	57.52	55.06	52.68	50.39	48.31	46.51	44.75	43.18	41.66	40.20	38.84	37.56	36.29	35.12	34.07	33.16	32.50	31.96	31.43	31.02	30.65	30.36	30.07	30.00	
120.00	116.17	112.52	108.88	105.25	101.65	98.10	94.60	91.15	87.77	84.40	81.12	77.87	74.62	71.52	68.52	65.53	62.78	60.21	57.68	55.16	52.70	50.34	48.27	46.30	44.38	42.55	41.04	39.56	38.12	36.82	35.72	34.74	33.79	32.92	32.34	31.82	31.44	31.21	31.04	31.00	
120.00	115.06	110.57	106.21	102.23	98.52	94.83	91.15	87.60	84.09	80.85	77.81	75.01	72.31	69.63	66.96	64.34	61.82	59.32	56.85	54.46	52.09	49.72	47.55	45.49	43.56	41.65	40.04	38.59	37.27	35.95	34.66	33.46	32.71	31.99	31.33	30.94	30.58	30.22	30.06	30.00	
114.00	110.09	106.23	102.43	98.76	95.12	91.58	88.07	84.72	81.40	78.19	75.16	72.24	69.39	66.58	63.95	61.42	58.99	56.58	54.21	51.93	49.68	47.69	45.75	43.93	42.18	40.50	38.99	37.47	35.97	34.47	33.25	32.09	31.13	30.30	29.51	28.76	28.20	27.71	27.34	27.01	27.00	
105.00	101.66	98.35	95.10	92.21	89.41	86.79	84.20	81.62	79.10	76.59	74.13	71.69	69.25	66.82	64.40	61.99	59.69	57.41	55.16	52.93	50.75	48.67	46.96	45.36	43.77	42.29	40.83	39.50	38.22	36.98	35.83	34.80	33.88	33.13	32.50	32.01	31.65	31.31	31.01	31.00	
119.00	114.94	111.01	107.14	103.29	99.51	95.89	92.41	88.98	85.56	82.23	78.95	75.74	72.57	69.42	66.37	63.33	60.33	57.42	54.66	51.95	49.79	47.64	45.51	43.77	42.07	40.64	39.28	38.00	36.84	35.90	35.03	34.28	33.57	32.88	32.22	31.58	31.06	30.62	30.37	30.16	30.00	
123.00	117.84	112.88	107.97	103.15	98.71	94.37	90.03	85.98	82.00	78.05	74.12	70.24	66.42	62.72	59.68	56.76	53.90	51.35	48.81	46.27	44.04	42.15	40.30	38.52	36.99	35.76	34.58	33.51	32.53	31.64	30.75	29.96	29.26	28.78	28.53	28.36	28.20	28.06	28.02	28.00	
108.00	105.18	102.42	99.69	96.96	94.34	91.74	89.31	86.90	84.52	82.16	79.80	77.52	75.27	73.03	70.88	68.75	66.65	64.54	62.46	60.43	58.41	56.51	54.69	52.92	51.19	49.48	47.81	46.15	44.57	43.01	41.57	40.38	39.25	38.27	37.31	36.40	35.52	34.68	33.90	33.19	32.60	32.03	31.51	31.00	
122.00	117.93	113.87	109.82	105.83	101.91	98.14	94.44	90.88	87.40	83.92	80.53	77.30	74.12	71.14	68.17	65.35	62.55	59.87	57.24	54.83	52.51	50.19	48.27	46.41	44.60	42.83	41.22	39.66	38.15	36.67	35.36	34.14	33.13	32.18	31.33	30.48	29.68	28.95	28.31	27.88	27.50	27.22	27.00	
103.00	99.78	96.65	93.57	90.51	87.46	84.42	81.47	78.53	75.61	72.83	70.23	67.65	65.08	62.52	60.25	58.05	56.03	54.01	52.06	50.11	48.26	46.50	44.76	43.17	41.63	40.14	38.74	37.63	36.70	35.88	35.09	34.31	33.61	33.07	32.61	32.28	31.98	31.68	31.39	31.17	31.00	
120.00	116.02	112.26	108.58	105.12	101.69	98.30	95.08	91.87	88.66	85.53	82.43	79.34	76.39	73.48	70.75	68.05	65.39	62.78	60.28	57.81	55.44	53.10	50.78	48.46	46.15	44.06	42.35	40.82	39.42	38.23	37.13	36.05	35.04	34.04	33.29	32.58	31.94	31.34	30.75	30.34	30.07	30.00	
107.00	103.14	99.30	95.70	92.19	88.85	85.67	82.60	79.66	76.74	73.90	71.18	68.55	65.94	63.38	60.87	58.53	56.21	53.93	51.85	49.80	47.92	46.24	44.63	43.12	41.61	40.16	38.71	37.27	36.04	34.80	33.80	32.95	32.18	31.46	30.77	30.13	29.53	28.94	28.46	27.99	27.55	27.28	27.07	27.00	
112.00	108.62	105.29	101.98	98.75	95.54	92.52	89.51	86.57	83.67	80.83	78.12	75.43	72.75	70.13	67.64	65.16	62.69	60.49	58.33	56.22	54.20	52.20	50.19	48.34	46.52	44.75	43.10	41.65	40.34	39.12	37.92	36.82	35.77	34.81	34.05	33.41	32.79	32.20	31.86	31.54	31.26	31.07	31.00	
114.00	110.25	106.61	102.97	99.41	95.93	92.46	89.04	85.67	82.31	79.40	76.54	73.75	71.01	68.37	65.76	63.29	61.01	58.83	56.67	54.54	52.50	50.46	48.50	46.59	44.69	42.83	41.04	39.67	38.42	37.18	36.16	35.19	34.26	33.46	32.77	32.22	31.68	31.16	31.07	31.00	
112.00	108.50	105.11	101.78	98.51	95.23	92.08	88.92	85.83	82.92	80.02	77.19	74.42	71.72	69.05	66.42	63.95	61.52	59.10	56.78	54.50	52.23	50.09	48.06	46.04	44.18	42.36	40.57	38.98	37.41	36.13	34.92	33.91	33.07	32.28	31.49	31.17	30.87	30.57	30.37	30.21	30.11	30.02	30.00	
110.00	106.53	103.07	99.61	96.21	92.87	89.73	86.64	83.67	80.75	77.92	75.22	72.57	69.93	67.35	64.80	62.28	60.05	57.82	55.60	53.45	51.44	49.83	48.23	46.63	45.17	43.74	42.31	40.93	39.61	38.32	37.26	36.23	35.22	34.45	33.69	33.04	32.44	31.84	31.27	30.72	30.37	30.18	30.04	30.00	
118.00	114.07	110.17	106.31	102.63	98.96	95.40	91.85	88.36	85.30	82.40	79.52	76.79	74.19	71.62	69.18	66.73	64.29	61.94	59.71	57.61	55.59	53.64	51.76	49.90	48.14	46.39	44.85	43.34	42.07	40.83	39.60	38.40	37.30	36.28	35.31	34.47	33.69	33.08	32.49	31.93	31.53	31.17	31.04	31.00	
113.00	108.94	105.18	101.50	98.01	94.64	91.31	88.00	84.94	81.97	79.19	76.43	73.81	71.39	68.99	66.59	64.22	61.99	59.78	57.59	55.47	53.37	51.35	49.49	47.69	46.10	44.65	43.20	41.79	40.44	39.18	37.93	36.77	35.82	34.88	34.20	33.56	32.92	32.33	31.89	31.49	31.21	31.10	31.03	31.00	
103.00	99.40	95.87	92.43	89.06	85.80	82.58	79.36	76.20	73.16	70.24	67.45	64.68	62.09	59.72	57.37	55.05	52.73	50.79	49.01	47.32	45.67	44.04	42.43	40.92	39.44	37.97	36.53	35.22	33.97	32.84	31.79	30.90	30.25	29.60	29.07	28.70	28.38	28.23	28.11	28.05	28.00	
114.00	109.92	105.84	101.78	97.82	93.95	90.10	86.28	82.60	78.96	75.72	72.54	69.47	66.41	63.44	60.53	57.69	54.89	52.32	50.08	47.91	45.88	43.86	41.95	40.17	38.61	37.24	35.91	34.69	33.50	32.35	31.24	30.22	29.43	28.73	28.10	27.51	27.28	27.10	27.03	27.00	
113.00	109.70	106.40	103.16	99.98	96.80	93.76	90.78	87.84	84.90	81.98	79.15	76.47	73.89	71.32	68.77	66.30	63.82	61.36	59.04	56.73	54.69	52.72	50.75	48.81	46.93	45.19	43.47	41.86	40.32	38.79	37.41	36.16	35.03	33.99	33.57	33.17	32.78	32.51	32.28	32.06	32.00	
122.00	117.99	114.01	110.05	106.10	102.17	98.28	94.45	90.75	87.09	83.83	80.66	77.57	74.68	71.80	68.93	66.18	63.47	60.80	58.25	55.97	53.79	51.71	49.83	48.17	46.57	45.21	43.85	42.57	41.34	40.12	39.00	38.00	37.05	36.13	35.26	34.49	33.99	33.52	33.17	32.90	32.64	32.42	32.21	32.00	
114.00	109.30	104.78	100.32	96.16	92.16	88.46	85.07	81.79	79.06	76.33	73.61	70.91	68.35	65.82	63.31	60.81	58.35	56.02	53.78	51.80	49.87	47.99	46.29	44.78	43.46	42.33	41.20	40.11	39.03	38.10	37.18	36.25	35.37	34.51	33.65	32.88	32.24	31.66	31.09	30.62	30.35	30.11	30.00	
111.00	106.95	102.95	99.05	95.16	91.37	87.66	84.30	81.19	78.27	75.39	72.53	69.85	67.18	64.54	61.94	59.41	56.94	54.67	52.64	50.64	48.65	46.78	44.98	43.23	41.53	39.89	38.30	36.82	35.43	34.10	32.91	31.73	30.76	29.85	29.00	28.52	28.07	27.65	27.25	27.12	27.00	
103.00	99.46	95.98	92.54	89.21	85.93	82.87	79.85	76.84	74.00	71.27	68.67	66.20	63.79	61.42	59.09	56.87	54.75	52.77	50.80	48.91	47.05	45.48	43.92	42.40	40.92	39.60	38.34	37.13	35.96	34.82	33.68	32.59	31.59	30.75	30.01	29.66	29.33	29.20	29.13	29.06	29.00	
118.00	114.07	110.22	106.41	102.60	98.81	95.07	91.38	87.69	84.23	80.78	77.34	74.24	71.23	68.25	65.43	62.64	59.88	57.31	54.84	52.43	50.04	47.66	45.43	43.36	41.40	39.46	37.63	35.79	34.47	33.40	32.41	31.56	30.73	29.98	29.28	28.74	28.34	27.94	27.61	27.35	27.10	27.03	27.00	
116.00	111.64	107.41	103.23	99.21	95.39	91.66	88.16	84.76	81.45	78.17	74.90	71.64	68.57	65.62	63.05	60.48	57.95	55.71	53.52	51.35	49.37	47.44	45.65	44.10	42.60	41.27	40.09	38.94	37.87	36.81	35.87	34.96	34.07	33.43	32.83	32.25	31.79	31.37	31.23	31.11	31.00	
110.00	105.81	101.79	97.81	93.99	90.22	86.53	82.91	79.79	77.08	74.39	71.80	69.42	67.13	64.93	62.74	60.58	58.65	56.78	55.03	53.28	51.55	49.89	48.25	46.61	45.13	43.68	42.23	40.78	39.70	38.65	37.63	36.62	35.73	34.85	34.15	33.51	32.97	32.52	32.17	32.00	
111.00	107.52	104.06	100.79	97.54	94.34	91.17	88.02	84.93	81.87	78.84	75.87	72.96	70.17	67.65	65.28	63.01	60.79	58.68	56.65	54.70	52.76	51.02	49.30	47.59	45.89	44.26	42.64	41.03	39.69	38.56	37.61	36.70	35.81	34.94	34.11	33.38	32.74	32.34	32.09	32.02	32.00	
110.00	105.99	102.42	98.86	95.37	91.95	88.59	85.27	81.94	78.64	75.63	72.88	70.17	67.47	65.10	62.79	60.52	58.32	56.26	54.32	52.53	50.78	49.09	47.43	45.83	44.23	42.77	41.50	40.24	39.12	38.14	37.31	36.48	35.69	35.01	34.33	33.79	33.33	32.93	32.66	32.43	32.24	32.12	32.00	
116.00	111.87	107.81	104.01	100.32	96.69	93.11	89.60	86.27	82.94	79.63	76.32	73.24	70.19	67.33	64.74	62.23	60.05	57.97	56.08	54.24	52.45	50.83	49.28	47.74	46.25	44.81	43.39	42.07	40.80	39.59	38.40	37.28	36.33	35.58	34.89	34.20	33.61	33.03	32.60	32.35	32.19	32.06	32.00	32.00	
102.00	98.73	95.66	92.62	89.58	86.61	83.65	80.69	77.86	75.16	72.47	69.81	67.17	64.57	62.08	59.66	57.30	54.95	52.77	50.59	48.55	46.51	44.52	43.02	41.54	40.14	39.03	38.03	37.04	36.16	35.32	34.53	33.75	33.03	32.40	31.82	31.54	31.27	31.14	31.02	31.00	
122.00	118.09	114.18	110.70	107.26	103.87	100.49	97.21	94.04	90.90	87.77	84.73	81.71	78.76	75.83	73.01	70.20	67.48	64.80	62.18	59.60	57.17	54.78	52.48	50.45	48.71	47.00	45.41	43.83	42.37	41.03	39.81	38.70	37.67	36.71	36.03	35.35	34.71	34.17	33.66	33.28	32.90	32.54	32.19	32.00	
112.00	108.18	104.39	100.63	97.09	93.57	90.17	86.95	83.77	80.72	77.69	74.83	72.03	69.23	66.50	63.84	61.32	58.91	56.74	54.58	52.45	50.38	48.41	46.43	44.90	43.39	41.94	40.56	39.24	38.09	36.98	35.91	34.87	33.89	33.04	32.26	31.53	30.87	30.43	30.14	30.00	
103.00	99.92	96.85	93.81	90.87	87.96	85.06	82.19	79.44	76.71	73.97	71.32	68.71	66.13	63.56	61.03	58.50	56.03	53.62	51.21	48.94	46.78	44.69	42.62	40.87	39.14	37.45	36.01	34.83	33.68	32.62	31.65	30.82	30.19	29.66	29.27	28.90	28.59	28.32	28.09	28.00	
117.00	111.91	106.83	102.32	97.95	93.72	89.69	86.08	82.66	79.27	75.93	72.92	69.97	67.28	64.69	62.11	59.54	57.15	54.79	52.45	50.24	48.10	45.97	44.18	42.48	40.80	39.40	38.13	36.86	35.70	34.57	33.45	32.43	31.67	31.14	30.73	30.37	30.03	29.74	29.46	29.19	29.00	
123.00	118.53	114.23	110.00	106.01	102.15	98.48	94.89	91.33	87.92	84.54	81.22	78.10	75.12	72.16	69.37	66.65	64.06	61.56	59.12	56.70	54.32	52.51	50.71	48.93	47.23	45.59	44.02	42.45	40.91	39.42	37.98	36.63	35.36	34.31	33.34	32.59	31.90	31.24	30.90	30.57	30.28	30.12	30.00	
111.00	107.40	103.87	100.42	97.09	93.97	90.92	87.95	85.03	82.21	79.48	76.91	74.37	71.85	69.35	67.00	64.71	62.44	60.22	58.01	55.81	53.71	51.64	49.65	47.78	46.12	44.47	42.89	41.38	40.07	38.82	37.66	36.76	35.88	35.02	34.22	33.55	32.96	32.38	32.02	31.67	31.39	31.13	31.00	
120.00	115.85	111.71	107.60	103.52	99.52	95.70	91.92	88.23	84.58	81.13	77.71	74.42	71.16	67.98	65.20	62.43	59.75	57.09	54.59	52.11	49.94	47.86	45.79	43.75	41.80	39.88	38.32	36.88	35.59	34.61	33.65	32.77	32.06	31.40	30.76	30.12	29.64	29.17	28.75	28.36	28.01	28.00	
118.00	113.73	109.82	105.92	102.22	98.80	95.52	92.25	88.99	85.75	82.67	79.64	76.70	73.81	71.10	68.41	65.84	63.30	60.99	58.69	56.42	54.23	52.15	50.08	48.05	46.08	44.17	42.37	40.71	39.12	37.58	36.08	34.58	33.31	32.11	30.98	30.00	29.14	28.73	28.38	28.17	28.00	
105.00	101.09	97.18	93.37	89.90	86.65	83.57	80.54	77.57	74.69	71.89	69.19	66.51	63.88	61.54	59.25	56.97	54.71	52.48	50.39	48.34	46.45	44.76	43.13	41.62	40.19	38.86	37.71	36.64	35.59	34.72	33.88	33.08	32.42	31.80	31.22	30.67	30.17	29.79	29.54	29.34	29.18	29.09	29.00	
116.00	112.39	108.94	105.76	102.59	99.49	96.54	93.70	90.91	88.12	85.35	82.58	79.92	77.29	74.76	72.28	69.80	67.32	64.84	62.63	60.45	58.28	56.20	54.13	52.16	50.30	48.47	46.70	45.00	43.31	41.79	40.36	38.93	37.62	36.53	35.55	34.67	33.85	33.03	32.31	31.81	31.43	31.08	31.02	31.00	
109.00	105.60	102.25	98.97	95.71	92.47	89.25	86.19	83.37	80.67	77.99	75.34	72.69	70.12	67.81	65.54	63.32	61.12	58.97	56.85	54.82	52.92	51.06	49.27	47.76	46.33	44.90	43.53	42.21	40.93	39.69	38.48	37.27	36.13	35.14	34.19	33.38	32.66	32.06	31.50	30.98	30.59	30.22	30.00	
113.00	109.67	106.49	103.32	100.16	97.12	94.16	91.27	88.41	85.61	82.81	80.14	77.53	75.00	72.49	70.07	67.66	65.25	62.91	60.71	58.51	56.34	54.19	52.07	50.07	48.12	46.24	44.51	42.85	41.23	39.69	38.26	37.03	35.80	34.58	33.46	32.41	31.55	30.82	30.11	29.62	29.14	29.00	
107.00	103.24	99.56	95.88	92.22	88.63	85.38	82.36	79.38	76.51	73.78	71.19	68.61	66.14	63.79	61.51	59.33	57.18	55.15	53.21	51.29	49.40	47.64	45.98	44.45	42.97	41.53	40.25	39.09	38.05	37.09	36.16	35.28	34.46	33.67	32.90	32.31	31.73	31.23	30.84	30.45	30.12	30.02	30.00	
109.00	105.31	101.63	97.96	94.35	90.89	87.44	84.20	80.97	77.78	74.63	71.56	68.55	65.65	62.93	60.30	57.99	55.68	53.53	51.40	49.61	47.96	46.34	44.84	43.42	42.05	40.79	39.54	38.45	37.43	36.45	35.47	34.53	33.60	32.72	31.94	31.37	30.86	30.51	30.23	30.03	30.00	
104.00	100.05	96.28	92.57	89.01	85.61	82.33	79.33	76.34	73.40	70.48	67.68	65.04	62.48	60.03	57.62	55.42	53.41	51.43	49.49	47.81	46.23	44.71	43.25	41.84	40.57	39.39	38.27	37.25	36.25	35.33	34.53	33.77	33.08	32.39	31.92	31.59	31.36	31.17	31.08	31.00	
118.00	113.64	109.30	104.98	100.78	96.90	93.03	89.24	85.48	81.79	78.30	75.24	72.22	69.31	66.70	64.15	61.63	59.21	57.04	54.96	52.90	50.92	48.94	47.19	45.46	43.97	42.59	41.27	39.99	38.72	37.50	36.48	35.46	34.61	33.81	33.03	32.36	31.73	31.22	30.82	30.48	30.18	30.05	30.02	30.00	
101.00	97.31	93.66	90.01	86.71	83.45	80.29	77.22	74.25	71.64	69.11	66.59	64.19	61.79	59.40	57.09	54.80	52.62	50.49	48.56	46.66	44.79	42.95	41.17	39.41	38.03	36.66	35.40	34.27	33.15	32.13	31.16	30.24	29.47	28.71	28.05	27.61	27.20	27.08	27.02	27.00	
101.00	97.90	94.81	91.74	88.84	85.96	83.09	80.27	77.64	75.15	72.69	70.25	67.88	65.57	63.31	61.06	58.90	56.75	54.61	52.54	50.52	48.51	46.53	44.64	42.78	40.99	39.42	37.95	36.57	35.23	34.14	33.18	32.44	31.83	31.23	30.74	30.35	29.99	29.65	29.31	29.14	29.06	29.00	
121.00	116.91	112.87	108.85	104.85	100.93	97.09	93.34	89.77	86.28	82.97	79.67	76.38	73.20	70.18	67.37	64.70	62.22	59.88	57.55	55.38	53.28	51.27	49.27	47.36	45.60	43.89	42.30	40.81	39.33	37.89	36.64	35.42	34.24	33.15	32.15	31.43	30.82	30.25	29.74	29.45	29.27	29.11	29.00	
104.00	100.25	96.52	92.96	89.46	86.21	82.99	79.81	76.71	73.79	70.94	68.11	65.31	62.52	59.77	57.04	54.35	52.12	50.06	48.06	46.29	44.54	42.88	41.46	40.10	38.79	37.52	36.33	35.18	34.06	32.98	31.98	31.03	30.20	29.57	28.94	28.32	27.72	27.44	27.29	27.14	27.00	
118.00	114.13	110.28	106.49	102.74	99.05	95.44	91.90	88.39	84.89	81.56	78.32	75.16	72.14	69.14	66.37	63.75	61.16	58.58	56.08	53.70	51.41	49.24	47.11	45.08	43.12	41.48	39.88	38.29	36.79	35.39	34.15	33.03	31.91	30.85	30.35	29.97	29.66	29.36	29.20	29.09	29.00	
112.00	108.22	104.52	101.03	97.65	94.33	91.02	87.72	84.46	81.24	78.02	74.88	72.10	69.47	67.01	64.60	62.27	59.97	57.67	55.47	53.33	51.31	49.34	47.58	45.88	44.19	42.60	41.03	39.66	38.35	37.11	35.95	35.10	34.27	33.63	33.08	32.58	32.12	31.70	31.49	31.31	31.15	31.04	31.00	
108.00	103.67	99.53	95.40	91.60	87.96	84.41	80.98	77.63	74.29	71.02	68.06	65.24	62.59	60.10	57.62	55.47	53.33	51.35	49.54	47.78	46.10	44.50	43.11	41.83	40.62	39.43	38.31	37.25	36.38	35.70	35.09	34.48	33.88	33.43	33.03	32.67	32.31	32.15	32.00	32.00	
111.00	106.54	102.09	97.82	93.73	89.74	85.84	82.17	78.85	75.87	73.04	70.34	67.74	65.18	62.63	60.11	57.72	55.46	53.30	51.45	49.61	47.78	46.20	44.68	43.21	41.85	40.66	39.65	38.66	37.81	37.02	36.28	35.58	34.89	34.19	33.54	32.89	32.25	31.61	30.99	30.51	30.25	30.00	
113.00	109.26	105.71	102.39	99.11	95.87	92.69	89.53	86.47	83.43	80.42	77.41	74.42	71.47	68.52	65.81	63.18	60.82	58.66	56.51	54.41	52.36	50.45	48.89	47.33	45.84	44.38	43.09	41.84	40.68	39.56	38.54	37.53	36.58	35.65	34.87	34.10	33.35	32.78	32.28	32.00	
119.00	115.01	111.09	107.25	103.44	99.85	96.27	92.73	89.30	85.87	82.59	79.36	76.22	73.32	70.52	67.78	65.14	62.58	60.09	57.68	55.59	53.55	51.60	49.68	47.77	45.96	44.24	42.63	41.18	39.77	38.41	37.17	36.06	35.09	34.16	33.23	32.51	31.82	31.13	30.46	29.98	29.50	29.26	29.06	29.00	
107.00	104.10	101.25	98.48	95.80	93.13	90.53	87.95	85.43	82.91	80.45	77.98	75.58	73.22	70.89	68.58	66.29	64.00	61.75	59.52	57.34	55.20	53.07	50.96	48.88	46.98	45.10	43.37	41.83	40.40	39.05	37.86	36.74	35.68	34.63	33.73	32.82	32.13	31.43	30.82	30.51	30.31	30.16	30.02	30.00	
115.00	111.06	107.21	103.42	99.69	95.97	92.29	88.64	85.00	81.41	77.82	74.27	70.73	67.27	63.98	60.71	57.45	54.40	52.00	49.72	47.62	45.58	43.94	42.31	40.79	39.32	37.90	36.50	35.16	33.97	32.80	31.78	30.93	30.62	30.33	30.06	29.83	29.61	29.40	29.20	29.12	29.05	29.02	29.00	
107.00	103.09	99.46	95.84	92.22	88.81	85.64	82.51	79.37	76.43	73.52	70.79	68.19	65.65	63.18	60.87	58.81	56.81	54.83	52.93	51.06	49.27	47.58	45.92	44.33	42.74	41.20	39.71	38.27	36.86	35.85	34.84	33.95	33.17	32.41	31.88	31.38	30.89	30.60	30.32	30.13	30.01	30.00	
105.00	101.76	98.60	95.46	92.45	89.57	86.69	83.83	80.99	78.43	75.88	73.37	70.95	68.52	66.11	63.72	61.37	59.25	57.13	55.16	53.24	51.38	49.62	47.92	46.32	44.83	43.36	41.93	40.50	39.18	37.88	36.84	35.97	35.10	34.27	33.45	32.75	32.05	31.52	31.13	30.77	30.42	30.14	30.00	
122.00	117.53	113.21	109.06	104.92	100.89	96.91	93.29	89.77	86.27	83.10	79.95	76.89	73.83	70.89	67.97	65.14	62.44	59.96	57.49	55.04	52.80	50.57	48.48	46.42	44.45	42.72	41.14	39.64	38.21	36.99	35.84	34.80	33.79	32.86	31.95	31.18	30.72	30.29	30.10	30.00	
107.00	102.61	98.27	94.08	89.90	85.89	82.34	79.17	76.00	72.91	70.03	67.32	64.65	62.16	59.82	57.61	55.44	53.30	51.45	49.66	47.99	46.33	44.79	43.27	41.90	40.56	39.25	38.02	36.98	35.95	35.19	34.64	34.14	33.70	33.29	32.94	32.67	32.44	32.27	32.11	32.00	
108.00	104.62	101.35	98.11	94.93	91.84	88.75	85.93	83.18	80.42	77.70	75.01	72.43	69.92	67.53	65.14	62.80	60.46	58.23	56.22	54.25	52.36	50.63	48.93	47.33	45.77	44.23	42.74	41.32	40.08	38.85	37.76	36.76	35.77	34.79	33.99	33.26	32.56	31.94	31.50	31.27	31.10	31.00	
115.00	110.70	106.70	102.79	99.04	95.29	91.63	88.01	84.41	80.95	77.54	74.38	71.22	68.06	64.94	61.83	58.78	56.22	53.77	51.53	49.35	47.22	45.32	43.44	41.67	39.93	38.36	36.83	35.39	34.20	33.07	32.15	31.24	30.57	30.20	29.87	29.59	29.34	29.16	29.01	29.00	
116.00	112.03	108.08	104.37	100.69	97.08	93.52	89.97	86.45	83.29	80.25	77.22	74.27	71.34	68.43	65.58	62.89	60.24	57.72	55.25	52.80	50.60	48.52	46.46	44.55	42.66	40.81	39.14	37.52	36.10	34.70	33.47	32.69	31.91	31.26	30.61	30.07	29.63	29.36	29.17	29.00	
108.00	104.60	101.23	98.02	95.02	92.08	89.18	86.30	83.53	80.81	78.15	75.51	72.92	70.39	67.95	65.66	63.42	61.23	59.06	57.02	55.03	53.09	51.20	49.33	47.51	45.92	44.41	42.95	41.57	40.27	39.00	37.79	36.70	35.77	34.93	34.14	33.57	33.11	32.73	32.46	32.24	32.11	32.00	
111.00	106.89	103.07	99.32	95.60	92.12	88.70	85.39	82.16	79.03	75.96	73.01	70.12	67.30	64.61	62.25	59.90	57.69	55.55	53.46	51.43	49.48	47.65	45.87	44.31	42.85	41.42	40.03	38.75	37.51	36.58	35.66	34.87	34.17	33.48	32.82	32.22	31.79	31.38	31.20	31.05	31.00	
113.00	109.61	106.24	102.88	99.57	96.29	93.06	89.88	86.94	84.12	81.37	78.65	75.95	73.35	70.75	68.47	66.22	64.01	61.80	59.62	57.53	55.50	53.62	51.75	49.89	48.23	46.66	45.21	43.83	42.49	41.16	39.96	38.89	37.83	36.78	35.79	34.97	34.28	33.77	33.34	32.96	32.59	32.30	32.09	32.00	
111.00	107.02	103.13	99.31	95.54	91.79	88.10	84.56	81.02	77.73	74.61	71.53	68.66	65.85	63.07	60.31	57.57	54.87	52.24	49.75	47.35	44.97	42.70	40.84	39.28	37.77	36.28	34.81	33.52	32.40	31.36	30.37	29.64	29.00	28.41	27.94	27.57	27.26	27.04	27.01	27.00	
119.00	114.98	110.98	107.01	103.17	99.48	95.96	92.65	89.36	86.10	82.85	79.75	76.75	73.77	70.96	68.31	65.72	63.15	60.59	58.05	55.56	53.09	50.64	48.26	46.13	44.01	41.93	39.86	38.19	36.52	35.05	33.58	32.16	31.19	30.27	29.61	28.96	28.45	28.00	27.55	27.12	27.02	27.00	
105.00	101.79	98.62	95.49	92.42	89.35	86.34	83.48	80.62	78.05	75.61	73.27	70.93	68.70	66.53	64.36	62.22	60.17	58.14	56.26	54.49	52.83	51.19	49.71	48.40	47.10	45.87	44.68	43.52	42.38	41.32	40.29	39.27	38.28	37.31	36.39	35.59	35.00	34.43	33.88	33.42	33.00	32.59	32.21	32.00	
107.00	103.30	99.64	96.17	92.84	89.56	86.55	83.77	81.06	78.47	75.93	73.42	70.98	68.64	66.34	64.05	61.84	59.70	57.65	55.67	53.93	52.31	50.70	49.14	47.59	46.09	44.71	43.38	42.14	41.00	39.93	38.89	37.86	36.86	35.91	35.07	34.28	33.59	32.92	32.29	32.07	32.00	
114.00	109.67	105.63	101.75	98.32	95.03	91.75	88.60	85.49	82.50	79.52	76.55	73.62	70.86	68.29	65.80	63.35	60.99	58.69	56.62	54.73	52.92	51.16	49.47	47.80	46.18	44.65	43.20	41.95	40.85	39.76	38.72	37.69	36.74	35.92	35.14	34.39	33.75	33.12	32.54	32.29	32.12	32.00	
110.00	106.94	103.94	101.00	98.10	95.21	92.32	89.46	86.63	83.82	81.09	78.49	75.93	73.49	71.09	68.71	66.41	64.17	61.99	59.90	57.90	55.97	54.11	52.26	50.41	48.61	46.87	45.16	43.62	42.07	40.60	39.29	38.06	36.96	35.90	34.88	34.00	33.23	32.84	32.47	32.23	32.02	32.00	
117.00	112.90	108.91	104.92	100.97	97.10	93.36	89.68	86.03	82.56	79.47	76.63	73.87	71.14	68.46	65.88	63.33	60.81	58.54	56.33	54.11	51.94	49.81	47.74	46.00	44.29	42.65	41.15	39.79	38.43	37.12	35.94	34.83	34.14	33.52	33.03	32.62	32.24	31.94	31.64	31.38	31.15	31.00	
109.00	104.85	100.86	96.96	93.31	89.73	86.15	82.61	79.12	75.68	72.24	68.82	65.41	62.07	59.01	56.16	53.61	51.22	48.87	46.90	45.04	43.42	41.87	40.77	39.71	38.66	37.88	37.15	36.41	35.71	35.01	34.32	33.74	33.18	32.62	32.29	31.96	31.64	31.46	31.30	31.18	31.08	31.00	
121.00	116.81	112.72	108.73	104.77	100.85	97.22	93.71	90.35	86.99	83.74	80.53	77.37	74.31	71.46	68.63	65.90	63.37	60.85	58.34	55.87	53.40	50.95	48.53	46.13	43.96	41.80	39.78	37.77	35.91	34.05	32.51	31.26	30.19	29.39	28.66	27.98	27.57	27.30	27.18	27.07	27.00	
111.00	107.56	104.19	100.85	97.57	94.42	91.31	88.28	85.25	82.35	79.61	76.89	74.20	71.59	69.03	66.58	64.20	61.82	59.46	57.11	54.97	52.95	51.00	49.15	47.36	45.58	43.90	42.26	40.76	39.39	38.14	36.92	35.77	34.63	33.55	32.57	31.70	30.90	30.29	29.71	29.22	29.02	29.00	
118.00	114.26	110.52	106.79	103.05	99.59	96.23	92.90	89.67	86.46	83.30	80.16	77.04	73.99	71.00	68.01	65.03	62.39	59.84	57.55	55.27	53.01	50.79	48.58	46.38	44.18	42.25	40.58	39.02	37.74	36.48	35.50	34.62	33.74	32.97	32.22	31.58	30.95	30.49	30.20	30.00	
123.00	119.24	115.49	111.81	108.18	104.62	101.29	97.98	94.77	91.56	88.37	85.18	82.05	78.96	75.97	73.02	70.23	67.46	64.71	62.05	59.48	57.04	54.68	52.36	50.12	47.93	45.75	43.72	41.69	39.81	38.01	36.22	34.91	33.81	33.14	32.54	32.11	31.74	31.36	31.08	31.00	
108.00	104.12	100.27	96.41	92.67	89.07	85.58	82.21	79.07	76.02	73.09	70.18	67.61	65.13	62.72	60.35	58.43	56.52	54.73	53.04	51.36	49.75	48.15	46.63	45.16	43.71	42.29	40.90	39.57	38.26	36.99	35.81	34.88	34.00	33.21	32.44	31.91	31.39	30.87	30.42	30.12	30.01	30.00	
103.00	100.42	97.85	95.30	92.77	90.29	87.82	85.35	82.89	80.44	78.03	75.64	73.27	70.91	68.59	66.29	64.06	61.84	59.65	57.51	55.39	53.33	51.34	49.42	47.58	45.74	43.97	42.32	40.76	39.36	38.00	36.99	36.13	35.28	34.53	33.89	33.27	32.66	32.09	31.57	31.12	30.67	30.27	30.03	30.00	
116.00	112.23	108.51	104.80	101.12	97.44	93.82	90.31	86.89	83.51	80.36	77.44	74.51	71.60	68.73	65.90	63.15	60.42	57.71	55.26	53.10	50.96	48.89	46.87	44.92	43.04	41.24	39.56	38.04	36.53	35.18	33.91	32.65	31.51	30.61	29.89	29.39	28.90	28.41	28.00	27.72	27.48	27.26	27.06	27.00	
122.00	118.28	114.57	110.89	107.24	103.66	100.13	96.69	93.40	90.11	86.89	83.69	80.57	77.47	74.59	71.72	68.93	66.24	63.60	61.34	59.13	56.94	54.86	52.85	50.95	49.05	47.19	45.41	43.63	41.89	40.20	38.59	37.01	35.46	34.06	32.86	31.69	30.66	29.76	28.90	28.48	28.24	28.10	28.01	28.00	
123.00	119.08	115.27	111.46	107.74	104.22	100.73	97.31	93.95	90.64	87.36	84.11	81.07	78.06	75.08	72.23	69.50	66.94	64.38	62.00	59.87	57.74	55.66	53.65	51.64	49.82	48.24	46.70	45.17	43.68	42.25	40.86	39.58	38.49	37.47	36.49	35.51	34.77	34.07	33.45	32.90	32.43	32.21	32.00	
109.00	105.61	102.27	99.17	96.15	93.20	90.27	87.42	84.61	81.87	79.23	76.60	73.97	71.35	68.82	66.32	63.81	61.33	59.02	56.84	54.74	52.74	50.79	48.92	47.05	45.26	43.47	41.82	40.23	38.89	37.66	36.47	35.50	34.57	33.65	32.81	32.11	31.50	30.90	30.43	30.00	
123.00	118.92	114.97	111.21	107.66	104.15	100.77	97.47	94.18	90.92	87.72	84.61	81.51	78.52	75.54	72.61	69.68	66.92	64.21	61.57	58.93	56.34	53.91	51.58	49.34	47.15	45.27	43.55	41.95	40.41	38.95	37.67	36.52	35.76	35.03	34.39	33.79	33.26	32.90	32.61	32.40	32.23	32.14	32.05	32.00	
116.00	111.87	107.94	104.20	100.49	96.91	93.47	90.06	86.65	83.25	79.87	76.63	73.72	70.95	68.29	65.69	63.23	60.84	58.47	56.21	54.08	51.98	50.07	48.20	46.43	44.73	43.03	41.42	40.02	38.66	37.45	36.30	35.35	34.42	33.58	32.84	32.23	31.79	31.45	31.15	31.00	
115.00	110.62	106.28	102.08	97.98	94.04	90.30	86.61	82.94	79.57	76.44	73.55	70.78	68.02	65.27	62.61	59.99	57.51	55.11	52.95	50.96	49.00	47.17	45.53	43.89	42.34	40.96	39.60	38.28	36.96	35.67	34.66	33.79	33.02	32.26	31.70	31.22	30.79	30.38	29.99	29.62	29.31	29.14	29.00	
109.00	104.86	101.09	97.47	93.93	90.45	87.06	83.83	81.00	78.18	75.39	72.70	70.38	68.13	65.89	63.69	61.51	59.38	57.32	55.41	53.52	51.66	49.83	48.03	46.24	44.56	43.01	41.53	40.16	38.93	37.72	36.62	35.63	34.64	33.77	33.03	32.52	32.10	31.79	31.48	31.20	31.00	
107.00	103.72	100.44	97.17	94.08	91.15	88.25	85.35	82.51	79.78	77.13	74.47	71.85	69.26	66.89	64.58	62.31	60.07	57.93	56.12	54.41	52.84	51.29	49.75	48.24	46.73	45.25	43.87	42.52	41.21	39.90	38.61	37.57	36.55	35.55	34.61	33.85	33.17	32.51	32.02	31.53	31.23	31.03	31.00	
106.00	102.72	99.48	96.28	93.08	89.91	86.75	83.61	80.51	77.59	74.68	71.84	69.07	66.31	63.60	60.94	58.52	56.22	53.99	52.01	50.09	48.24	46.42	44.88	43.61	42.34	41.09	39.91	38.83	37.77	36.79	35.88	35.02	34.20	33.50	32.88	32.29	31.84	31.48	31.19	31.00	
103.00	99.59	96.19	92.80	89.67	86.69	83.72	80.91	78.21	75.56	72.96	70.44	67.92	65.41	62.94	60.54	58.13	55.74	53.42	51.28	49.40	47.56	45.83	44.30	42.78	41.33	39.98	38.80	37.89	37.09	36.34	35.62	34.91	34.32	33.74	33.31	32.92	32.54	32.17	31.87	31.61	31.44	31.28	31.14	31.00	
104.00	100.44	97.01	93.58	90.17	86.77	83.49	80.30	77.13	74.07	71.02	67.99	65.27	62.82	60.47	58.15	56.13	54.16	52.32	50.57	48.87	47.25	45.65	44.10	42.65	41.31	40.18	39.08	38.05	37.06	36.18	35.47	34.84	34.29	33.83	33.38	33.00	32.67	32.35	32.16	32.02	32.00	
106.00	102.30	98.69	95.14	91.70	88.45	85.45	82.57	79.75	77.14	74.53	71.95	69.66	67.38	65.19	63.06	60.92	58.79	56.70	54.65	52.81	50.98	49.16	47.35	45.63	43.98	42.39	40.88	39.37	37.93	36.86	36.05	35.39	34.79	34.20	33.62	33.06	32.73	32.46	32.20	32.00	
103.00	99.86	96.75	93.65	90.62	87.77	85.00	82.25	79.55	76.90	74.27	71.71	69.18	66.72	64.42	62.17	59.94	57.85	55.83	53.81	51.81	49.96	48.25	46.56	44.93	43.31	41.85	40.39	38.95	37.57	36.22	35.01	33.85	32.71	31.70	30.70	29.80	29.15	28.51	28.12	27.77	27.50	27.23	27.00	
107.00	103.74	100.57	97.42	94.29	91.19	88.14	85.09	82.05	79.15	76.38	73.63	70.90	68.28	66.05	63.95	61.88	59.89	57.92	55.98	54.16	52.35	50.58	48.87	47.21	45.57	43.95	42.38	40.85	39.42	38.02	36.97	36.09	35.34	34.64	34.04	33.44	32.90	32.39	31.93	31.52	31.25	31.05	31.00	
112.00	108.25	104.67	101.28	97.94	94.71	91.49	88.30	85.12	82.05	79.00	76.05	73.44	70.89	68.43	66.01	63.66	61.37	59.09	56.94	54.81	52.73	50.84	49.05	47.28	45.54	43.81	42.12	40.61	39.35	38.09	36.85	35.86	35.09	34.44	33.90	33.37	32.91	32.56	32.37	32.21	32.09	32.00	
106.00	102.75	99.50	96.41	93.35	90.34	87.38	84.52	81.72	78.92	76.20	73.49	70.87	68.35	65.83	63.36	60.93	58.76	56.67	54.60	52.54	50.54	48.59	46.63	44.68	42.86	41.21	39.59	38.06	36.59	35.25	34.18	33.18	32.38	31.62	30.96	30.30	29.67	29.04	28.46	27.95	27.44	27.12	27.01	27.00	
118.00	113.84	109.69	105.55	101.45	97.38	93.33	89.40	85.75	82.16	78.83	75.59	72.36	69.14	66.02	63.23	60.45	57.69	54.95	52.36	49.83	47.55	45.29	43.17	41.41	40.24	39.11	38.04	37.00	36.00	35.06	34.19	33.34	32.77	32.21	31.68	31.14	30.69	30.42	30.17	30.00	
104.00	100.77	97.56	94.41	91.37	88.39	85.51	82.63	79.80	77.11	74.45	71.85	69.31	66.93	64.60	62.28	59.98	57.85	55.77	53.80	51.85	49.95	48.13	46.32	44.53	42.75	41.19	39.66	38.28	37.03	35.93	34.85	33.89	33.07	32.28	31.53	30.80	30.17	29.86	29.56	29.26	29.00	
118.00	113.89	109.79	105.70	101.67	97.71	93.86	90.01	86.22	82.57	79.16	75.75	72.51	69.28	66.26	63.41	60.59	57.92	55.30	52.90	50.57	48.26	45.97	43.94	42.27	40.63	39.01	37.59	36.25	34.94	33.72	32.60	31.69	30.84	30.22	29.65	29.09	28.60	28.22	27.86	27.50	27.25	27.00	
106.00	102.57	99.23	95.95	92.91	89.97	87.08	84.21	81.45	78.79	76.44	74.11	71.82	69.68	67.56	65.48	63.42	61.38	59.36	57.34	55.34	53.40	51.47	49.58	47.70	45.95	44.37	42.86	41.46	40.05	38.70	37.44	36.22	35.08	34.06	33.06	32.24	31.43	30.71	30.06	29.42	28.78	28.37	28.15	28.00	
119.00	114.91	110.91	106.97	103.09	99.33	95.57	91.83	88.25	85.05	81.90	78.78	75.71	72.76	69.87	67.01	64.23	61.46	58.92	56.38	53.96	51.55	49.29	47.03	44.90	43.03	41.21	39.44	37.92	36.46	35.02	33.61	32.25	30.91	29.93	29.20	28.51	27.81	27.44	27.24	27.09	27.00	
106.00	102.30	98.85	95.50	92.16	88.85	85.61	82.42	79.36	76.36	73.43	70.57	67.87	65.23	62.69	60.38	58.14	56.02	53.94	51.87	49.93	48.05	46.17	44.35	42.71	41.13	39.75	38.50	37.32	36.18	35.10	34.03	33.23	32.45	31.72	31.02	30.35	29.76	29.17	28.69	28.39	28.11	28.03	28.00	
103.00	98.97	95.09	91.29	87.50	83.94	80.56	77.20	74.07	70.93	68.00	65.08	62.38	59.87	57.39	55.09	52.79	50.61	48.64	46.98	45.36	43.77	42.25	40.74	39.24	37.75	36.42	35.13	33.94	32.80	31.77	30.78	30.28	29.79	29.35	28.99	28.68	28.38	28.24	28.11	28.03	28.00	28.00	
113.00	109.19	105.47	101.87	98.33	94.86	91.47	88.11	84.93	81.79	78.67	75.78	72.95	70.12	67.38	64.69	62.06	59.47	56.93	54.58	52.34	50.11	48.12	46.15	44.27	42.70	41.25	39.97	38.75	37.56	36.38	35.33	34.34	33.36	32.44	31.53	30.66	29.86	29.33	28.86	28.41	27.98	27.59	27.21	27.00	
112.00	107.92	103.89	100.02	96.19	92.38	88.72	85.17	81.74	78.37	75.17	72.12	69.31	66.73	64.22	61.78	59.47	57.20	54.94	52.87	50.91	48.99	47.08	45.24	43.64	42.18	40.82	39.60	38.52	37.64	36.80	36.12	35.51	34.92	34.35	33.79	33.31	32.84	32.53	32.23	32.00	
111.00	107.20	103.46	99.74	96.27	92.89	89.55	86.23	83.04	79.89	76.75	73.79	70.96	68.13	65.43	62.85	60.32	57.85	55.53	53.27	51.07	49.14	47.25	45.38	43.59	41.81	40.04	38.28	36.54	35.00	33.64	32.41	31.21	30.37	29.58	28.80	28.15	27.55	27.20	27.11	27.04	27.02	27.00	
117.00	113.01	109.08	105.22	101.40	97.64	94.08	90.73	87.42	84.12	80.91	77.78	74.74	71.74	68.95	66.19	63.57	61.17	58.91	56.70	54.57	52.44	50.32	48.20	46.14	44.15	42.58	41.13	39.70	38.28	36.87	35.65	34.63	34.00	33.56	33.15	32.77	32.41	32.22	32.10	32.04	32.00	
101.00	98.16	95.42	92.71	90.02	87.38	84.77	82.18	79.65	77.26	74.88	72.57	70.27	67.99	65.75	63.50	61.28	59.13	56.98	54.93	52.97	51.04	49.30	47.58	45.87	44.17	42.48	40.89	39.32	37.78	36.27	35.02	33.88	33.01	32.23	31.49	30.96	30.49	30.07	29.67	29.35	29.14	29.05	29.00	
121.00	116.43	112.07	107.77	104.05	100.49	97.07	93.88	90.74	87.72	84.70	81.70	78.89	76.11	73.37	70.67	67.99	65.33	63.00	60.69	58.51	56.48	54.50	52.54	50.67	48.81	46.97	45.20	43.45	41.99	40.57	39.24	38.06	36.90	35.81	34.89	34.08	33.32	32.75	32.20	31.77	31.42	31.20	31.00	
123.00	118.75	114.57	110.46	106.59	102.74	99.00	95.28	91.59	88.09	84.60	81.13	77.77	74.56	71.42	68.34	65.30	62.31	59.33	56.50	53.88	51.30	48.95	46.86	45.06	43.28	41.81	40.40	39.16	37.99	37.13	36.27	35.44	34.63	33.93	33.40	32.91	32.48	32.25	32.11	32.01	32.00	
114.00	109.98	106.00	102.27	98.58	94.98	91.43	87.93	84.55	81.28	78.03	74.85	71.68	68.73	65.95	63.20	60.52	58.01	55.77	53.73	51.78	50.03	48.28	46.62	45.00	43.42	41.87	40.66	39.47	38.30	37.15	36.04	35.00	34.00	33.03	32.31	31.66	31.01	30.42	30.02	30.00	
123.00	118.63	114.29	110.03	105.91	101.80	97.74	93.72	89.71	85.82	82.13	78.47	75.02	71.83	69.02	66.26	63.61	60.99	58.70	56.43	54.23	52.06	49.91	47.80	46.10	44.54	43.05	41.64	40.24	38.86	37.57	36.35	35.13	34.00	33.03	32.10	31.25	30.41	29.59	29.02	28.65	28.30	28.15	28.05	28.00	
105.00	101.62	98.26	95.04	91.83	88.77	85.79	83.04	80.30	77.67	75.07	72.51	69.98	67.49	65.26	63.04	60.97	58.97	57.01	55.14	53.29	51.61	50.00	48.42	46.92	45.59	44.39	43.21	42.04	40.87	39.71	38.57	37.58	36.64	35.74	34.98	34.30	33.66	33.08	32.60	32.15	31.70	31.34	31.16	31.00	
115.00	110.46	105.93	101.51	97.10	92.92	88.77	84.68	80.59	76.70	73.37	70.07	66.77	63.86	60.99	58.15	55.50	52.98	50.52	48.36	46.47	44.59	42.78	41.03	39.32	37.68	36.17	34.68	33.27	32.21	31.21	30.35	29.62	28.93	28.48	28.07	27.72	27.39	27.17	27.02	27.00	
111.00	107.56	104.16	100.79	97.45	94.13	90.83	87.60	84.40	81.24	78.11	75.05	72.04	69.08	66.18	63.34	60.56	57.89	55.35	53.00	50.81	48.65	46.68	44.71	42.82	41.11	39.46	37.88	36.33	35.02	33.78	32.61	31.55	30.57	29.77	29.19	28.81	28.50	28.26	28.10	28.01	28.00	
105.00	101.67	98.36	95.14	91.94	89.06	86.19	83.38	80.73	78.15	75.81	73.50	71.27	69.13	67.00	64.87	62.85	60.89	58.96	57.03	55.11	53.21	51.42	49.64	47.87	46.18	44.49	42.83	41.29	40.04	38.95	37.90	36.93	35.97	35.07	34.24	33.54	32.83	32.28	31.95	31.72	31.53	31.34	31.15	31.00	
119.00	114.73	110.48	106.23	102.26	98.63	95.46	92.48	89.71	86.95	84.24	81.59	79.00	76.49	74.08	71.82	69.60	67.42	65.28	63.15	61.06	58.99	56.96	54.94	52.94	51.00	49.14	47.33	45.72	44.15	42.69	41.27	39.92	38.73	37.55	36.43	35.32	34.21	33.20	32.31	31.72	31.27	31.09	31.00	
119.00	114.91	110.87	106.88	102.94	99.21	95.70	92.25	88.89	85.68	82.47	79.34	76.20	73.08	70.01	66.96	63.91	60.92	57.93	55.04	52.28	49.69	47.33	45.33	43.64	42.15	40.74	39.36	38.00	36.66	35.44	34.31	33.21	32.16	31.26	30.45	29.69	28.95	28.38	27.83	27.52	27.31	27.17	27.04	27.00	
115.00	110.35	105.76	101.23	97.16	93.20	89.47	85.88	82.31	78.91	75.57	72.45	69.41	66.48	63.62	61.00	58.52	56.12	53.89	51.86	49.87	47.87	46.06	44.26	42.48	40.71	38.95	37.44	36.05	34.80	33.63	32.49	31.60	30.71	29.83	29.01	28.39	27.79	27.38	27.04	27.00	
104.00	100.75	97.55	94.59	91.63	88.71	85.82	82.93	80.06	77.20	74.40	71.61	68.85	66.16	63.65	61.18	58.76	56.35	53.99	51.67	49.51	47.37	45.47	43.64	41.96	40.34	38.75	37.16	35.71	34.29	33.19	32.23	31.33	30.55	29.84	29.18	28.66	28.21	27.78	27.39	27.07	27.04	27.02	27.00	
113.00	109.36	105.75	102.15	98.56	95.10	91.79	88.64	85.53	82.43	79.39	76.44	73.54	71.00	68.49	66.06	63.66	61.27	58.94	56.63	54.52	52.48	50.44	48.53	46.64	44.81	43.00	41.23	39.47	37.86	36.32	34.80	33.40	32.08	31.24	30.41	29.68	28.94	28.37	27.88	27.41	27.09	27.00	
116.00	112.07	108.15	104.27	100.42	96.57	92.86	89.43	86.03	82.69	79.37	76.59	73.94	71.42	68.91	66.40	63.89	61.40	59.22	57.08	54.98	53.29	51.63	50.00	48.38	46.76	45.24	43.76	42.30	40.87	39.45	38.06	36.81	35.66	34.54	33.56	32.57	31.61	30.86	30.14	29.51	29.15	29.08	29.02	29.00	
106.00	102.12	98.30	94.47	90.90	87.72	84.68	81.64	78.64	75.66	72.69	69.73	66.88	64.06	61.33	58.69	56.29	54.11	52.23	50.47	48.72	47.09	45.53	44.02	42.50	41.03	39.67	38.35	37.12	36.19	35.36	34.55	33.85	33.15	32.66	32.18	31.72	31.30	31.11	31.01	31.00	
113.00	109.14	105.32	101.55	97.87	94.23	90.64	87.14	83.81	80.58	77.44	74.38	71.64	68.95	66.79	64.70	62.63	60.57	58.65	56.74	54.97	53.20	51.55	49.92	48.41	46.95	45.53	44.13	42.74	41.37	40.02	38.85	37.85	37.04	36.25	35.47	34.72	34.00	33.32	32.70	32.26	32.11	32.00	
102.00	98.61	95.32	92.18	89.10	86.08	83.07	80.06	77.18	74.32	71.49	68.67	65.86	63.08	60.32	57.59	55.26	52.94	50.73	48.59	46.50	44.42	42.35	40.37	38.53	36.79	35.25	33.85	32.46	31.28	30.35	29.62	29.24	28.85	28.52	28.19	27.88	27.59	27.40	27.23	27.08	27.00	
111.00	106.51	102.11	98.01	94.23	90.48	86.87	83.69	80.62	77.61	74.86	72.20	69.57	66.95	64.42	61.93	59.69	57.48	55.38	53.42	51.50	49.62	47.81	46.05	44.31	42.61	41.02	39.47	37.92	36.48	35.06	33.70	32.60	31.54	30.51	29.86	29.25	28.67	28.25	27.97	27.73	27.50	27.31	27.15	27.00	
101.00	97.73	94.64	91.57	88.51	85.62	82.82	80.05	77.32	74.63	72.10	69.76	67.43	65.15	62.91	60.68	58.51	56.50	54.52	52.55	50.66	48.80	47.10	45.43	43.90	42.37	40.87	39.39	37.97	36.55	35.31	34.17	33.08	32.01	31.07	30.12	29.22	28.34	27.69	27.27	27.13	27.04	27.00	
111.00	107.17	103.49	100.12	96.86	93.68	90.53	87.45	84.39	81.47	78.61	75.77	72.98	70.19	67.53	64.99	62.58	60.22	57.87	55.55	53.28	51.06	48.88	46.85	45.06	43.32	41.68	40.16	38.79	37.44	36.13	34.82	33.57	32.34	31.19	30.17	29.43	28.72	28.01	27.50	27.24	27.12	27.00	
114.00	109.91	106.09	102.49	98.91	95.45	92.00	88.70	85.48	82.32	79.29	76.31	73.38	70.63	68.01	65.42	62.98	60.64	58.38	56.15	53.92	51.86	49.92	47.98	46.08	44.20	42.34	40.57	38.82	37.19	35.62	34.17	32.83	31.55	30.68	29.90	29.29	28.74	28.29	27.87	27.55	27.27	27.10	27.05	27.00	
110.00	105.85	101.75	97.97	94.27	90.66	87.12	84.06	81.06	78.13	75.36	72.78	70.22	67.65	65.09	62.56	60.12	57.72	55.33	53.01	50.69	48.40	46.17	44.23	42.32	40.49	38.92	37.37	36.13	34.90	33.94	33.18	32.42	31.68	31.03	30.47	29.97	29.64	29.33	29.06	29.00	
103.00	99.00	95.02	91.10	87.29	83.49	80.30	77.27	74.28	71.42	68.61	65.83	63.11	60.41	57.71	55.39	53.08	50.88	48.95	47.06	45.21	43.45	41.71	40.06	38.48	36.93	35.80	34.70	33.61	32.59	31.61	30.87	30.20	29.75	29.34	28.96	28.64	28.36	28.14	28.09	28.04	28.00	
111.00	107.41	103.82	100.32	96.90	93.50	90.18	86.87	83.75	80.67	77.94	75.22	72.58	69.96	67.41	65.12	62.93	60.79	58.68	56.70	54.74	52.80	50.88	49.03	47.29	45.57	43.87	42.19	40.52	39.11	37.86	36.64	35.46	34.33	33.42	32.61	31.95	31.36	30.81	30.43	30.05	30.00	
108.00	104.38	100.83	97.43	94.04	90.81	87.61	84.56	81.53	78.59	75.70	72.83	70.08	67.34	64.75	62.21	59.70	57.25	54.85	52.47	50.23	48.05	46.12	44.23	42.52	41.11	39.69	38.30	36.93	35.83	34.74	33.79	32.89	32.33	31.80	31.32	30.93	30.55	30.21	30.09	30.00	
103.00	99.71	96.45	93.24	90.05	86.86	83.72	80.63	77.67	74.76	71.91	69.13	66.38	63.74	61.17	58.61	56.39	54.26	52.16	50.08	48.03	46.10	44.21	42.35	40.64	38.99	37.74	36.61	35.61	34.68	33.84	33.05	32.34	31.70	31.17	30.69	30.23	29.90	29.60	29.31	29.11	29.00	
102.00	98.91	95.85	92.85	89.90	87.04	84.20	81.41	78.69	76.14	73.67	71.25	68.87	66.48	64.20	62.02	59.84	57.76	55.76	53.81	51.87	50.03	48.23	46.49	44.90	43.32	42.10	40.91	39.96	39.02	38.11	37.25	36.46	35.73	35.01	34.45	33.90	33.40	32.93	32.57	32.21	32.00	
122.00	118.10	114.23	110.41	106.59	102.93	99.27	95.78	92.32	88.86	85.53	82.24	79.05	75.86	72.72	69.61	66.58	63.59	60.84	58.34	55.97	53.66	51.64	49.68	47.88	46.20	44.72	43.42	42.16	40.90	39.69	38.48	37.33	36.21	35.17	34.18	33.23	32.31	31.40	30.49	29.66	29.11	29.00	
115.00	111.67	108.43	105.27	102.18	99.15	96.19	93.39	90.61	87.90	85.22	82.59	79.99	77.40	75.00	72.63	70.33	68.03	65.74	63.63	61.56	59.57	57.59	55.63	53.68	51.76	50.02	48.30	46.63	45.06	43.56	42.13	40.83	39.66	38.49	37.34	36.19	35.08	34.00	33.12	32.41	32.06	32.03	32.00	
114.00	110.09	106.45	103.09	99.74	96.58	93.46	90.53	87.65	84.77	81.94	79.13	76.52	74.00	71.55	69.14	66.80	64.48	62.22	60.03	57.93	55.86	53.83	51.90	49.99	48.11	46.28	44.55	42.87	41.47	40.07	38.70	37.52	36.74	35.99	35.23	34.51	33.83	33.19	32.67	32.17	32.07	32.00	
103.00	99.10	95.23	91.40	87.60	83.85	80.26	76.89	73.75	70.62	67.62	64.73	61.89	59.07	56.32	53.90	51.54	49.29	47.19	45.10	43.12	41.31	39.75	38.47	37.52	36.60	35.73	34.95	34.21	33.48	32.79	32.12	31.61	31.16	30.79	30.44	30.11	29.78	29.45	29.27	29.12	29.00	
118.00	113.90	109.83	105.84	101.96	98.09	94.54	91.01	87.54	84.21	81.04	78.14	75.36	72.59	69.87	67.29	64.73	62.17	59.70	57.31	55.05	52.85	50.82	48.81	46.96	45.14	43.52	41.98	40.51	39.08	37.66	36.32	35.19	34.10	33.48	32.98	32.52	32.10	31.80	31.51	31.29	31.11	31.00	
103.00	99.97	97.13	94.30	91.47	88.68	85.91	83.16	80.46	77.78	75.34	72.94	70.58	68.23	65.91	63.65	61.56	59.55	57.55	55.56	53.58	51.76	50.02	48.27	46.57	44.94	43.35	41.79	40.55	39.39	38.34	37.30	36.37	35.47	34.64	33.83	33.10	32.54	31.99	31.48	30.97	30.66	30.36	30.12	30.00	
119.00	113.88	109.26	104.90	100.62	96.62	92.78	89.05	85.57	82.36	79.34	76.39	73.46	70.59	67.83	65.24	62.70	60.18	57.83	55.49	53.37	51.31	49.31	47.32	45.41	43.75	42.24	40.74	39.47	38.28	37.12	35.99	34.88	33.84	32.81	32.02	31.36	30.96	30.63	30.35	30.16	30.00	
107.00	103.52	100.05	96.62	93.23	89.87	86.55	83.26	80.01	76.79	73.75	70.80	67.89	65.13	62.69	60.37	58.14	56.02	53.91	51.94	49.97	48.07	46.19	44.41	42.88	41.54	40.23	39.02	37.84	36.73	35.67	34.62	33.70	32.80	32.03	31.26	30.51	29.80	29.18	28.61	28.12	28.04	28.00	
106.00	102.41	99.03	95.76	92.59	89.43	86.46	83.60	80.75	77.92	75.10	72.31	69.61	67.17	64.77	62.37	60.15	58.06	56.03	54.05	52.10	50.15	48.23	46.49	44.89	43.32	41.80	40.46	39.15	37.91	36.68	35.65	34.74	33.93	33.25	32.57	31.95	31.38	31.04	31.00	31.00	
122.00	117.32	112.65	108.10	103.56	99.08	94.90	90.87	86.97	83.55	80.13	76.79	73.46	70.21	67.21	64.23	61.38	58.79	56.27	53.88	51.74	49.63	47.53	45.45	43.45	41.52	39.75	38.00	36.55	35.14	33.78	32.55	31.44	30.36	29.60	29.02	28.56	28.17	27.83	27.49	27.15	27.00	
103.00	99.35	95.89	92.47	89.08	85.89	82.83	79.79	76.80	73.83	71.01	68.25	65.52	62.79	60.23	58.02	55.81	53.79	51.78	49.88	48.13	46.39	44.66	42.95	41.32	39.70	38.12	36.81	35.55	34.42	33.32	32.54	31.86	31.21	30.59	30.00	29.41	28.85	28.47	28.20	28.01	28.00	
120.00	116.22	112.46	108.73	105.04	101.40	97.80	94.66	91.52	88.39	85.28	82.17	79.10	76.09	73.13	70.17	67.26	64.52	61.85	59.31	56.86	54.46	52.21	50.10	48.10	46.16	44.60	43.20	41.92	40.68	39.46	38.34	37.25	36.19	35.35	34.55	33.80	33.12	32.44	31.81	31.23	31.00	
112.00	108.27	104.54	100.83	97.13	93.61	90.10	86.87	83.87	80.92	78.16	75.42	72.74	70.33	67.99	65.85	63.72	61.61	59.61	57.75	55.92	54.09	52.29	50.51	48.75	47.00	45.44	43.91	42.47	41.27	40.17	39.08	38.07	37.06	36.08	35.34	34.71	34.19	33.69	33.22	32.79	32.46	32.24	32.06	32.00	
114.00	109.35	104.86	100.38	95.90	91.47	87.43	83.44	79.58	76.18	72.90	69.66	66.43	63.61	60.90	58.44	55.98	53.67	51.46	49.31	47.18	45.16	43.36	41.62	40.13	38.82	37.66	36.53	35.55	34.60	33.66	32.82	31.98	31.32	30.71	30.19	29.78	29.38	29.22	29.11	29.01	29.00	
106.00	102.72	99.43	96.26	93.14	90.12	87.23	84.34	81.57	78.86	76.32	73.81	71.30	68.84	66.55	64.29	62.03	59.85	57.77	55.77	53.82	51.94	50.06	48.19	46.42	44.69	43.03	41.38	39.79	38.27	36.95	35.72	34.67	33.88	33.12	32.38	31.70	31.02	30.37	29.73	29.11	28.50	27.91	27.37	27.00	
122.00	117.54	113.11	108.78	104.70	100.88	97.05	93.31	89.58	86.00	82.42	79.10	75.81	72.70	69.68	66.70	63.82	60.99	58.22	55.64	53.35	51.09	49.01	47.02	45.08	43.22	41.72	40.25	38.95	37.70	36.55	35.42	34.50	33.60	32.76	31.99	31.24	30.72	30.26	29.84	29.42	29.01	29.00	
115.00	110.69	106.60	102.52	98.46	94.51	90.60	86.74	83.01	79.32	75.85	72.53	69.45	66.56	63.77	61.04	58.38	55.77	53.34	51.10	49.08	47.33	45.72	44.12	42.69	41.27	39.99	38.73	37.56	36.59	35.71	35.02	34.40	33.77	33.15	32.62	32.12	31.74	31.44	31.27	31.11	31.00	
105.00	101.53	98.08	94.75	91.43	88.14	84.96	81.83	78.87	75.98	73.11	70.28	67.48	64.77	62.26	60.02	57.81	55.84	53.90	51.98	50.16	48.50	46.86	45.27	43.81	42.39	40.97	39.63	38.49	37.38	36.28	35.27	34.28	33.29	32.35	31.64	31.15	30.75	30.41	30.11	30.00	
109.00	105.99	102.98	100.00	97.05	94.15	91.29	88.52	85.76	83.01	80.36	77.72	75.23	73.00	70.79	68.59	66.45	64.35	62.31	60.32	58.35	56.40	54.45	52.69	51.05	49.45	47.95	46.56	45.18	43.87	42.58	41.35	40.13	39.02	38.14	37.29	36.50	35.75	35.11	34.48	33.87	33.35	32.86	32.41	32.00	
103.00	98.75	94.58	91.04	87.63	84.30	81.12	78.01	75.21	72.47	69.73	67.02	64.46	61.93	59.54	57.58	55.72	53.86	52.03	50.23	48.54	46.86	45.34	43.82	42.31	40.81	39.53	38.47	37.48	36.54	35.60	34.75	34.13	33.53	33.02	32.54	32.07	31.75	31.52	31.33	31.16	31.00	
122.00	116.79	111.61	106.48	101.45	96.63	91.92	87.69	83.53	79.79	76.10	72.48	69.37	66.52	63.85	61.22	58.68	56.26	53.94	51.62	49.54	47.47	45.53	43.60	41.67	40.13	38.68	37.29	36.00	35.06	34.13	33.22	32.38	31.57	30.97	30.41	30.02	29.63	29.24	29.12	29.04	29.00	
122.00	118.44	114.92	111.47	108.02	104.76	101.52	98.33	95.15	92.08	89.07	86.08	83.11	80.13	77.24	74.40	71.61	68.90	66.23	63.60	61.05	58.50	55.99	53.59	51.35	49.22	47.24	45.54	43.87	42.26	40.76	39.50	38.27	37.05	35.95	34.89	34.16	33.52	33.09	32.69	32.31	32.01	32.00	
123.00	118.45	113.95	109.57	105.26	100.97	96.69	92.46	88.34	84.27	80.47	76.73	73.20	69.86	67.01	64.36	61.72	59.14	56.68	54.27	51.86	49.49	47.25	45.06	42.94	41.20	39.55	38.15	37.06	36.07	35.26	34.49	33.76	33.08	32.47	31.97	31.57	31.21	31.08	31.03	31.00	
102.00	98.95	96.09	93.24	90.43	87.63	84.91	82.21	79.54	76.98	74.45	71.92	69.53	67.26	65.04	62.88	60.85	58.83	56.95	55.08	53.22	51.39	49.64	47.91	46.25	44.61	43.15	41.82	40.57	39.43	38.34	37.42	36.51	35.64	34.86	34.24	33.65	33.16	32.67	32.35	32.15	32.02	32.00	
121.00	116.61	112.59	108.64	104.74	100.86	97.05	93.28	89.59	86.22	82.96	79.71	76.66	73.98	71.36	68.75	66.15	63.58	61.06	58.54	56.07	53.63	51.28	49.17	47.16	45.36	43.62	41.94	40.40	38.89	37.52	36.29	35.13	34.01	32.94	32.02	31.17	30.37	29.81	29.47	29.35	29.24	29.13	29.06	29.00	
102.00	98.16	94.55	91.02	87.70	84.45	81.19	78.07	75.08	72.12	69.18	66.42	63.76	61.23	58.77	56.32	53.98	51.80	49.70	47.78	45.98	44.24	42.68	41.20	39.90	38.61	37.41	36.21	35.19	34.34	33.63	32.93	32.26	31.66	31.07	30.54	30.06	29.69	29.36	29.18	29.05	29.00	
113.00	109.15	105.45	101.79	98.32	95.00	91.71	88.45	85.34	82.27	79.21	76.41	73.64	71.18	68.74	66.40	64.09	61.82	59.54	57.41	55.28	53.20	51.27	49.38	47.54	45.71	44.37	43.07	41.78	40.50	39.34	38.43	37.61	36.83	36.11	35.43	34.76	34.13	33.53	32.95	32.40	32.00	
103.00	99.30	95.71	92.29	88.99	85.75	82.51	79.34	76.17	73.08	70.00	67.05	64.35	61.65	59.16	56.66	54.58	52.54	50.71	48.99	47.27	45.60	43.98	42.36	40.80	39.26	37.80	36.45	35.14	33.91	32.71	31.56	30.53	29.76	29.08	28.54	28.04	27.60	27.38	27.18	27.00	
119.00	114.70	110.55	106.47	102.41	98.40	94.50	90.61	86.84	83.33	80.16	77.11	74.06	71.36	68.69	66.15	63.68	61.32	59.15	56.99	54.95	52.99	51.06	49.22	47.42	45.68	44.04	42.77	41.51	40.29	39.07	37.91	37.01	36.19	35.38	34.63	33.98	33.37	33.01	32.74	32.47	32.30	32.12	32.02	32.00	
106.00	102.82	99.77	96.72	93.68	90.64	87.68	84.79	81.97	79.21	76.47	73.76	71.30	68.84	66.44	64.08	61.74	59.41	57.18	55.05	52.92	50.83	48.79	46.96	45.14	43.41	41.78	40.23	38.72	37.26	35.93	34.88	33.87	32.92	32.12	31.36	30.67	30.26	29.92	29.63	29.36	29.11	29.00	
111.00	106.70	102.43	98.38	94.45	90.53	86.63	82.78	79.10	76.07	73.10	70.19	67.39	64.64	62.00	59.50	57.02	54.56	52.09	49.72	47.37	45.27	43.38	41.65	40.22	38.94	37.67	36.44	35.22	34.09	32.99	31.90	30.99	30.13	29.34	28.76	28.44	28.27	28.13	28.02	28.01	28.00	
106.00	102.34	98.78	95.35	91.92	88.48	85.19	81.94	78.84	75.78	72.76	70.02	67.35	64.70	62.07	59.57	57.20	54.90	52.71	50.55	48.40	46.32	44.38	42.45	40.53	38.88	37.25	35.87	34.60	33.47	32.46	31.47	30.52	29.67	29.02	28.40	27.78	27.41	27.16	27.03	27.00	
117.00	112.96	108.96	105.50	102.14	98.91	95.72	92.57	89.44	86.33	83.26	80.24	77.31	74.44	71.60	68.81	66.14	63.52	60.93	58.44	56.25	54.32	52.50	50.70	48.91	47.15	45.57	43.99	42.50	41.02	39.62	38.26	36.93	35.60	34.34	33.14	31.99	30.85	29.77	28.70	28.01	27.55	27.22	27.10	27.00	
121.00	116.88	112.77	108.70	104.84	101.22	97.74	94.31	90.94	87.72	84.54	81.40	78.30	75.31	72.37	69.56	66.80	64.15	61.57	59.07	56.56	54.08	51.62	49.34	47.12	45.09	43.09	41.12	39.33	37.79	36.31	34.95	33.80	32.99	32.32	31.66	31.02	30.44	29.97	29.63	29.36	29.13	29.01	29.00	
103.00	99.95	97.09	94.23	91.39	88.56	85.77	83.05	80.41	77.83	75.26	72.70	70.15	67.61	65.08	62.74	60.45	58.21	56.01	53.86	51.85	49.88	47.95	46.11	44.28	42.49	40.84	39.37	37.93	36.54	35.29	34.08	32.95	31.90	30.88	29.86	28.97	28.19	27.57	27.06	27.02	27.00	
112.00	108.47	104.98	101.50	98.14	94.98	91.91	88.93	86.00	83.08	80.18	77.46	74.84	72.28	69.73	67.20	64.82	62.66	60.61	58.57	56.67	54.76	52.98	51.22	49.56	47.90	46.30	44.86	43.49	42.25	41.07	39.91	38.78	37.69	36.66	35.75	34.87	34.03	33.44	33.03	32.71	32.46	32.26	32.09	32.00	
122.00	117.64	113.44	109.33	105.28	101.57	97.97	94.56	91.19	87.85	84.55	81.33	78.17	75.01	71.86	68.78	65.99	63.31	60.64	58.10	55.66	53.22	50.86	48.64	46.47	44.33	42.62	41.20	39.82	38.51	37.21	35.96	34.92	33.88	32.88	31.90	30.97	30.11	29.60	29.38	29.19	29.10	29.00	29.00	
119.00	114.80	110.65	106.63	102.78	99.14	95.52	91.94	88.60	85.31	82.08	78.92	76.06	73.24	70.51	67.82	65.14	62.58	60.05	57.64	55.51	53.41	51.38	49.37	47.45	45.61	43.83	42.23	40.86	39.68	38.50	37.33	36.27	35.27	34.29	33.33	32.49	31.67	30.87	30.13	29.50	28.94	28.41	28.00	
103.00	99.25	95.54	91.87	88.23	84.60	81.12	77.65	74.50	71.49	68.52	65.71	63.25	60.91	58.67	56.44	54.25	52.09	49.94	47.83	45.74	43.76	41.95	40.28	38.66	37.28	35.94	34.84	33.81	33.10	32.44	31.79	31.17	30.57	30.00	29.45	28.91	28.48	28.18	28.09	28.02	28.00	
118.00	113.15	108.73	104.55	100.45	96.40	92.68	89.00	85.49	82.08	78.73	75.40	72.30	69.31	66.40	63.62	60.89	58.28	55.90	53.54	51.24	48.98	46.85	44.82	43.08	41.40	39.96	38.59	37.23	35.88	34.72	33.79	32.94	32.26	31.80	31.41	31.02	30.65	30.41	30.18	30.00	
120.00	115.70	111.43	107.22	103.21	99.28	95.36	91.52	88.00	84.62	81.30	78.07	75.02	72.01	69.06	66.25	63.61	61.03	58.80	56.61	54.49	52.48	50.66	48.92	47.20	45.49	43.87	42.35	40.92	39.60	38.36	37.34	36.47	35.73	35.03	34.36	33.72	33.28	32.83	32.41	32.13	32.00	
113.00	109.09	105.31	101.61	98.03	94.66	91.33	88.06	84.97	82.02	79.14	76.57	74.05	71.54	69.04	66.54	64.34	62.16	59.98	57.81	55.68	53.57	51.47	49.41	47.67	46.03	44.42	42.86	41.32	39.81	38.56	37.57	36.59	35.68	34.84	34.07	33.44	32.83	32.30	31.83	31.46	31.20	31.00	
111.00	107.26	103.57	99.89	96.50	93.20	90.09	86.97	83.90	80.95	78.02	75.16	72.34	69.53	66.74	64.01	61.40	58.82	56.31	53.83	51.45	49.20	46.99	44.82	42.72	40.89	39.29	37.83	36.52	35.25	34.03	32.83	31.69	30.84	30.04	29.29	28.64	28.02	27.58	27.32	27.09	27.00	
115.00	111.10	107.23	103.38	99.53	95.87	92.33	88.85	85.43	82.08	78.82	75.56	72.38	69.29	66.29	63.38	60.46	57.55	54.82	52.13	49.55	46.98	45.10	43.30	41.60	40.06	38.55	37.25	36.14	35.08	34.08	33.20	32.36	31.53	30.74	30.00	29.35	29.01	28.69	28.38	28.19	28.01	28.00	
108.00	104.54	101.13	97.76	94.40	91.14	87.88	84.80	81.79	78.82	75.98	73.13	70.53	68.03	65.54	63.23	61.01	58.81	56.64	54.62	52.64	50.69	48.87	47.12	45.42	43.91	42.41	40.98	39.57	38.19	36.92	35.69	34.62	33.69	33.04	32.44	31.89	31.35	31.12	31.03	31.00	
105.00	101.51	98.03	94.63	91.37	88.13	84.90	81.78	78.74	75.71	72.79	70.19	67.63	65.15	63.01	60.91	58.85	56.98	55.20	53.45	51.69	49.94	48.20	46.55	45.00	43.51	42.06	40.65	39.37	38.18	37.22	36.28	35.52	34.87	34.21	33.59	33.01	32.46	32.11	31.82	31.55	31.29	31.05	31.00	
112.00	108.20	104.56	100.94	97.35	94.03	90.72	87.46	84.26	81.14	78.08	75.07	72.16	69.41	66.76	64.12	61.52	59.10	56.79	54.55	52.42	50.43	48.46	46.61	44.79	43.03	41.67	40.46	39.25	38.07	36.89	35.83	35.02	34.45	33.98	33.55	33.15	32.75	32.46	32.22	32.01	32.00	
121.00	116.32	111.95	107.64	103.45	99.48	95.62	91.81	88.08	84.45	80.83	77.29	73.76	70.62	67.51	64.40	61.38	58.54	55.90	53.45	51.39	49.38	47.38	45.63	44.11	42.67	41.34	40.05	38.80	37.76	36.74	35.99	35.29	34.60	34.12	33.66	33.30	32.96	32.63	32.36	32.11	32.03	32.00	
120.00	116.21	112.45	108.71	105.07	101.47	97.87	94.32	90.94	87.67	84.47	81.32	78.27	75.25	72.41	69.69	66.99	64.36	61.91	59.59	57.38	55.23	53.21	51.22	49.22	47.32	45.52	43.81	42.12	40.46	38.91	37.50	36.23	35.04	34.01	33.29	32.62	32.00	31.62	31.28	31.11	31.00	
102.00	99.09	96.19	93.29	90.48	87.72	85.08	82.46	79.96	77.48	75.11	72.80	70.59	68.42	66.29	64.17	62.06	60.00	58.08	56.18	54.40	52.69	50.98	49.28	47.59	45.92	44.31	42.75	41.30	40.02	38.75	37.49	36.34	35.20	34.07	33.06	32.38	31.84	31.36	30.93	30.58	30.23	30.04	30.00	30.00	
108.00	103.57	99.47	95.61	91.77	88.08	84.61	81.22	77.92	74.62	71.33	68.34	65.42	62.58	59.92	57.31	54.74	52.33	50.01	47.77	45.70	43.75	41.81	40.12	38.62	37.15	35.81	34.54	33.30	32.19	31.29	30.43	29.65	28.89	28.26	27.83	27.50	27.33	27.18	27.10	27.04	27.00	
110.00	105.97	102.08	98.50	95.13	91.87	88.73	85.64	82.71	79.95	77.32	74.82	72.39	70.00	67.66	65.39	63.13	60.89	58.75	56.66	54.76	52.90	51.10	49.38	47.67	46.03	44.56	43.10	41.88	40.67	39.47	38.27	37.09	36.29	35.51	34.80	34.18	33.56	32.97	32.68	32.41	32.15	32.03	32.00	
110.00	106.59	103.24	99.94	96.67	93.47	90.42	87.48	84.57	81.73	78.91	76.13	73.43	70.77	68.14	65.63	63.27	60.93	58.60	56.29	54.08	51.88	49.84	48.13	46.59	45.22	43.87	42.53	41.25	39.98	38.73	37.50	36.32	35.14	33.98	33.10	32.48	32.01	31.62	31.33	31.05	31.00	
120.00	115.33	111.12	107.05	103.04	99.10	95.39	91.75	88.40	85.21	82.22	79.26	76.35	73.46	70.71	67.98	65.26	62.56	59.96	57.40	54.96	52.57	50.19	47.89	45.79	43.79	41.86	40.40	39.05	37.74	36.72	35.73	34.82	33.97	33.30	32.63	32.03	31.44	30.96	30.52	30.22	30.00	
105.00	101.40	97.90	94.53	91.18	87.92	84.85	81.86	78.96	76.08	73.34	70.62	67.93	65.47	63.03	60.64	58.34	56.10	53.86	51.66	49.47	47.39	45.35	43.55	41.97	40.42	39.14	37.92	36.70	35.57	34.56	33.58	32.73	31.88	31.25	30.72	30.23	29.80	29.37	28.98	28.59	28.23	28.00	
101.00	97.42	93.90	90.49	87.40	84.43	81.60	78.93	76.26	73.63	71.02	68.46	65.92	63.47	61.06	58.92	56.83	54.73	52.66	50.79	48.93	47.40	45.93	44.48	43.07	41.66	40.31	39.01	37.80	36.80	35.87	34.94	34.13	33.36	32.68	32.01	31.36	30.78	30.25	29.81	29.47	29.18	29.00	
121.00	116.65	112.46	108.34	104.48	100.63	96.80	93.07	89.36	85.77	82.44	79.25	76.11	73.04	70.01	67.32	64.68	62.11	59.57	57.11	54.82	52.54	50.45	48.45	46.61	44.82	43.18	41.81	40.49	39.23	38.01	37.09	36.20	35.36	34.56	33.87	33.25	32.82	32.40	32.18	32.00	
106.00	102.59	99.25	96.02	92.80	89.77	86.79	83.83	81.03	78.32	75.70	73.12	70.56	68.07	65.72	63.39	61.15	58.95	56.76	54.71	52.74	50.83	48.93	47.14	45.34	43.77	42.21	40.66	39.19	37.96	36.89	35.82	34.92	34.13	33.34	32.61	31.89	31.21	30.74	30.45	30.30	30.19	30.12	30.05	30.00	
103.00	99.29	95.60	92.05	88.55	85.30	82.14	79.09	76.07	73.14	70.58	68.06	65.69	63.45	61.22	59.07	56.93	54.81	52.70	50.71	48.76	46.90	45.08	43.34	41.81	40.30	38.92	37.63	36.36	35.23	34.33	33.46	32.66	32.17	31.73	31.29	30.94	30.60	30.34	30.13	30.00	
116.00	111.51	107.34	103.34	99.36	95.51	91.81	88.16	84.57	81.00	77.76	74.71	71.68	68.75	65.87	63.01	60.21	57.44	54.72	52.16	49.63	47.56	45.56	43.84	42.15	40.56	39.13	37.80	36.50	35.33	34.23	33.20	32.43	31.83	31.29	30.78	30.30	29.84	29.54	29.29	29.10	29.00	
118.00	113.84	109.72	105.73	101.78	97.87	94.01	90.19	86.39	82.70	79.16	75.94	73.08	70.34	67.68	65.04	62.43	59.89	57.43	55.24	53.18	51.12	49.19	47.36	45.55	43.80	42.28	40.84	39.41	38.25	37.23	36.23	35.34	34.47	33.76	33.07	32.38	31.84	31.38	30.94	30.58	30.35	30.17	30.03	30.00	
115.00	111.18	107.50	103.91	100.44	96.99	93.56	90.16	86.89	83.63	80.47	77.34	74.39	71.51	68.74	66.01	63.36	60.79	58.32	56.02	53.79	51.59	49.45	47.49	45.57	43.72	41.98	40.39	38.85	37.49	36.14	35.01	33.97	32.97	32.06	31.22	30.43	29.70	29.21	28.83	28.46	28.09	28.00	
123.00	118.62	114.36	110.30	106.32	102.79	99.32	96.08	92.93	89.79	86.68	83.60	80.57	77.55	74.57	71.66	68.79	65.95	63.12	60.34	57.57	54.84	52.39	50.06	47.83	45.71	43.67	41.65	39.67	37.80	36.05	34.35	32.87	31.94	31.05	30.28	29.58	29.03	28.52	28.02	27.58	27.31	27.19	27.09	27.00	
105.00	101.47	97.94	94.50	91.23	87.96	84.74	81.80	78.89	76.00	73.13	70.36	67.77	65.21	62.73	60.29	57.88	55.50	53.15	51.05	48.99	47.08	45.23	43.47	41.85	40.32	38.94	37.57	36.25	34.99	33.86	32.93	32.09	31.32	30.56	29.83	29.14	28.48	28.04	27.67	27.34	27.11	27.00	
122.00	118.52	115.05	111.62	108.28	104.96	101.81	98.73	95.67	92.69	89.76	86.90	84.06	81.21	78.39	75.58	72.83	70.07	67.42	64.86	62.33	59.80	57.30	54.93	52.66	50.52	48.42	46.59	44.79	43.05	41.51	40.23	38.99	37.79	36.84	36.02	35.26	34.62	34.02	33.43	32.87	32.47	32.24	32.00	
116.00	112.00	108.08	104.21	100.41	96.62	92.94	89.41	85.94	82.58	79.43	76.40	73.40	70.42	67.51	64.73	62.22	59.82	57.43	55.09	52.78	50.90	49.22	47.56	45.99	44.43	42.88	41.35	39.83	38.35	37.00	35.79	34.62	33.52	32.44	31.41	30.45	29.62	28.86	28.12	27.56	27.18	27.00	27.00	
103.00	99.28	95.80	92.42	89.07	85.77	82.72	79.80	76.93	74.15	71.66	69.18	66.73	64.35	62.00	59.68	57.55	55.67	53.82	51.97	50.13	48.41	46.75	45.13	43.51	41.90	40.29	38.71	37.27	36.00	34.99	34.07	33.24	32.53	31.86	31.26	30.72	30.34	29.98	29.65	29.34	29.04	29.00	
112.00	108.13	104.48	100.99	97.64	94.30	90.97	87.69	84.54	81.48	78.46	75.48	72.54	69.99	67.43	64.88	62.34	59.96	57.65	55.37	53.28	51.50	49.73	47.98	46.24	44.54	42.87	41.35	39.89	38.51	37.33	36.45	35.67	34.97	34.42	33.96	33.52	33.09	32.76	32.55	32.34	32.18	32.04	32.00	
112.00	108.74	105.48	102.24	99.17	96.12	93.15	90.24	87.43	84.63	81.93	79.31	76.70	74.09	71.48	69.02	66.59	64.17	61.77	59.44	57.22	55.02	52.83	50.68	48.66	46.64	45.03	43.45	42.02	40.63	39.27	37.98	36.79	35.62	34.53	33.49	32.46	31.68	30.97	30.37	29.83	29.56	29.32	29.14	29.00	
115.00	110.78	106.63	102.62	98.70	95.07	91.45	87.87	84.64	81.42	78.29	75.26	72.33	69.41	66.61	64.06	61.52	59.19	56.94	54.88	52.82	50.79	48.76	46.74	44.76	42.97	41.40	39.92	38.48	37.20	36.09	35.13	34.26	33.45	32.72	32.10	31.59	31.12	30.79	30.48	30.18	30.03	30.00	30.00	
106.00	102.47	99.12	95.87	92.75	89.70	86.72	83.90	81.20	78.50	75.94	73.51	71.28	69.06	66.87	64.67	62.52	60.44	58.39	56.48	54.63	52.80	50.97	49.20	47.66	46.18	44.73	43.31	41.90	40.55	39.20	37.88	36.57	35.46	34.45	33.54	32.94	32.36	31.81	31.34	30.92	30.56	30.25	30.02	30.00	
112.00	107.59	103.23	98.92	94.70	90.60	86.57	82.70	79.01	75.41	72.47	69.62	66.85	64.13	61.69	59.54	57.38	55.35	53.41	51.48	49.69	48.12	46.64	45.19	43.77	42.36	40.96	39.76	38.60	37.50	36.45	35.41	34.43	33.49	32.59	31.71	30.97	30.25	29.60	29.09	28.59	28.28	28.00	
105.00	101.30	97.65	94.04	90.47	87.08	83.73	80.47	77.51	74.56	71.62	68.73	66.23	63.88	61.53	59.43	57.33	55.31	53.38	51.47	49.72	48.03	46.38	44.84	43.33	41.87	40.50	39.23	38.07	36.94	35.83	34.84	33.94	33.11	32.53	32.10	31.67	31.32	30.97	30.64	30.37	30.16	30.00	
110.00	106.34	102.72	99.26	95.83	92.56	89.33	86.11	82.93	79.86	76.84	73.86	70.89	68.18	65.54	62.92	60.31	57.73	55.19	52.85	50.54	48.49	46.47	44.57	42.99	41.41	39.88	38.50	37.30	36.12	34.99	33.88	32.86	31.85	30.89	29.97	29.06	28.27	27.51	27.11	27.02	27.00	
112.00	108.56	105.17	101.78	98.46	95.15	91.84	88.63	85.42	82.38	79.53	76.78	74.04	71.36	68.79	66.34	64.05	61.78	59.81	57.84	55.94	54.06	52.23	50.40	48.64	46.94	45.36	43.85	42.35	40.89	39.45	38.24	37.25	36.27	35.30	34.39	33.53	32.82	32.27	32.13	32.00	
101.00	97.80	94.62	91.64	88.71	85.81	82.92	80.03	77.19	74.37	71.58	68.95	66.32	63.77	61.25	58.95	56.83	54.73	52.64	50.57	48.55	46.60	44.73	43.12	41.56	39.99	38.55	37.35	36.43	35.56	34.81	34.07	33.38	32.89	32.42	31.95	31.50	31.18	31.07	31.02	31.00	31.00	
102.00	97.74	93.51	89.37	85.29	81.53	78.16	75.05	71.98	68.98	66.08	63.30	60.72	58.41	56.24	54.10	52.03	50.00	48.12	46.49	44.96	43.52	42.11	40.80	39.50	38.29	37.09	36.22	35.43	34.92	34.45	34.03	33.65	33.29	32.93	32.61	32.45	32.31	32.21	32.10	32.02	32.00	
114.00	110.37	106.81	103.27	100.03	96.85	93.67	90.66	87.71	84.78	81.95	79.15	76.36	73.58	70.86	68.15	65.45	62.84	60.27	57.81	55.40	53.35	51.38	49.49	47.68	46.00	44.48	43.07	41.66	40.26	38.90	37.70	36.70	35.77	34.95	34.14	33.38	32.72	32.10	31.64	31.28	31.12	31.04	31.00	
106.00	102.52	99.15	95.91	92.68	89.54	86.59	83.70	80.97	78.29	75.68	73.08	70.53	68.04	65.79	63.55	61.36	59.30	57.24	55.22	53.27	51.46	49.69	47.94	46.24	44.57	42.94	41.43	39.92	38.60	37.42	36.52	35.71	35.09	34.49	33.91	33.43	33.02	32.61	32.48	32.36	32.25	32.15	32.07	32.00	
118.00	113.94	109.98	106.26	102.57	98.91	95.40	91.90	88.60	85.33	82.27	79.29	76.31	73.41	70.52	67.65	64.95	62.50	60.24	58.12	56.04	53.96	51.91	49.94	48.01	46.10	44.21	42.39	40.68	39.34	38.06	36.91	35.77	34.71	33.70	32.86	32.15	31.50	30.94	30.46	30.01	29.57	29.30	29.13	29.00	
110.00	106.11	102.26	98.45	94.68	90.96	87.33	83.82	80.43	77.19	74.24	71.44	68.73	66.03	63.36	60.74	58.41	56.11	53.90	52.03	50.17	48.34	46.53	44.73	43.19	41.85	40.64	39.44	38.34	37.26	36.26	35.30	34.41	33.55	32.76	32.01	31.35	30.74	30.15	29.72	29.47	29.25	29.06	29.00	
117.00	112.87	109.22	105.59	102.08	98.58	95.16	91.81	88.70	85.60	82.58	79.57	76.61	73.69	70.86	68.13	65.46	62.82	60.23	57.66	55.19	53.01	50.84	48.78	46.85	45.03	43.23	41.69	40.21	38.77	37.39	36.10	35.19	34.34	33.84	33.43	33.03	32.66	32.42	32.21	32.07	32.00	
118.00	114.17	110.43	106.74	103.09	99.46	95.85	92.39	88.96	85.55	82.14	78.78	75.56	72.37	69.33	66.31	63.30	60.52	57.91	55.42	52.96	50.85	48.84	46.84	44.86	42.91	41.02	39.33	37.73	36.23	34.78	33.48	32.46	31.50	30.60	29.72	28.85	28.09	27.62	27.32	27.17	27.04	27.00	
116.00	111.72	107.81	104.07	100.44	96.90	93.42	89.97	86.70	83.49	80.40	77.45	74.75	72.11	69.52	66.97	64.45	62.11	59.80	57.54	55.32	53.12	51.12	49.16	47.30	45.59	43.97	42.38	40.81	39.43	38.19	37.02	35.88	34.79	33.84	33.08	32.35	31.64	31.11	30.72	30.43	30.23	30.10	30.04	30.00	
123.00	118.29	113.66	109.18	104.70	100.27	95.86	91.55	87.38	83.47	80.01	76.56	73.30	70.07	67.06	64.48	61.92	59.44	56.96	54.48	52.01	49.69	47.62	45.70	43.78	41.95	40.13	38.43	37.21	36.00	34.80	33.84	32.95	32.35	31.79	31.22	30.81	30.49	30.30	30.15	30.01	30.00	
119.00	114.67	110.34	106.06	101.92	97.86	93.88	90.05	86.28	82.63	79.05	75.47	72.06	68.66	65.34	62.09	58.91	55.75	52.90	50.11	47.52	45.01	42.90	40.98	39.20	37.53	36.08	34.90	33.88	33.02	32.30	31.66	31.08	30.51	29.97	29.44	28.91	28.39	28.02	27.70	27.44	27.20	27.06	27.02	27.00	
108.00	104.00	100.02	96.22	92.47	88.87	85.41	82.04	78.85	75.90	73.00	70.31	67.73	65.18	62.70	60.38	58.12	55.87	53.65	51.45	49.32	47.18	45.10	43.32	41.72	40.28	38.89	37.59	36.37	35.17	33.99	32.84	32.03	31.22	30.60	30.05	29.50	28.95	28.45	27.99	27.53	27.08	27.00	
116.00	111.99	108.12	104.32	100.61	97.01	93.45	89.92	86.49	83.19	79.93	76.68	73.74	70.80	67.89	65.01	62.23	59.54	57.06	54.59	52.22	49.93	47.79	45.77	43.76	42.02	40.32	38.84	37.41	36.26	35.14	34.15	33.22	32.34	31.52	30.74	29.98	29.41	28.85	28.34	27.96	27.59	27.23	27.01	27.00	
107.00	103.01	99.15	95.56	92.24	88.96	85.70	82.51	79.34	76.23	73.27	70.35	67.59	65.09	62.78	60.50	58.22	56.03	53.88	51.73	49.59	47.69	45.89	44.37	42.88	41.43	40.05	38.81	37.57	36.35	35.31	34.28	33.34	32.48	31.83	31.39	31.02	30.64	30.30	30.13	30.01	30.00	
106.00	102.87	99.75	96.66	93.58	90.49	87.49	84.52	81.62	78.90	76.24	73.61	70.99	68.42	65.85	63.36	60.95	58.55	56.20	54.03	52.05	50.13	48.38	46.63	44.91	43.24	41.68	40.23	38.79	37.50	36.41	35.32	34.32	33.42	32.72	32.07	31.49	30.96	30.54	30.35	30.22	30.11	30.00	
114.00	109.74	105.55	101.76	98.24	94.79	91.50	88.21	84.93	81.88	78.84	75.93	73.29	70.84	68.43	66.13	63.85	61.59	59.39	57.25	55.18	53.13	51.09	49.07	47.16	45.28	43.59	41.93	40.38	38.94	37.53	36.16	34.92	33.75	32.70	31.73	30.77	30.26	29.92	29.62	29.35	29.17	29.04	29.00	
119.00	114.72	110.50	106.60	102.79	99.08	95.38	91.75	88.24	84.83	81.41	78.30	75.18	72.13	69.17	66.25	63.50	60.92	58.45	56.01	53.90	52.01	50.14	48.28	46.46	44.75	43.10	41.57	40.04	38.61	37.22	35.92	34.67	33.61	32.83	32.07	31.33	30.77	30.24	29.90	29.58	29.34	29.14	29.00	
111.00	106.91	103.06	99.23	95.42	91.71	88.25	84.82	81.57	78.38	75.36	72.39	69.53	66.74	64.04	61.70	59.37	57.13	55.04	53.00	51.01	49.08	47.20	45.44	43.97	42.58	41.21	39.84	38.61	37.37	36.20	35.16	34.30	33.47	32.66	31.86	31.11	30.41	30.15	30.07	30.03	30.00	
113.00	109.48	106.14	102.81	99.52	96.24	93.13	90.10	87.28	84.52	81.81	79.11	76.41	73.85	71.33	68.87	66.41	64.03	61.69	59.40	57.36	55.38	53.45	51.59	49.74	48.07	46.47	44.92	43.38	41.92	40.63	39.41	38.22	37.06	35.96	35.15	34.37	33.79	33.22	32.66	32.28	32.12	32.00	
123.00	118.14	113.39	108.88	104.46	100.23	96.01	91.87	87.83	84.16	80.49	76.94	73.45	70.16	67.18	64.29	61.49	58.74	56.20	53.73	51.31	48.93	46.59	44.32	42.28	40.56	38.98	37.70	36.53	35.36	34.26	33.24	32.25	31.45	30.82	30.21	29.73	29.25	28.98	28.71	28.48	28.29	28.12	28.00	
113.00	109.03	105.32	101.63	98.02	94.62	91.24	87.94	84.65	81.47	78.67	75.87	73.15	70.43	67.72	65.11	62.53	59.97	57.54	55.20	52.91	50.68	48.45	46.35	44.39	42.44	40.52	38.60	36.96	35.84	34.74	33.72	32.84	32.06	31.28	30.51	29.77	29.09	28.45	27.89	27.36	27.15	27.00	
122.00	117.86	113.77	109.70	105.67	101.66	97.65	93.84	90.11	86.53	82.97	79.67	76.67	73.68	70.79	68.05	65.33	62.73	60.30	57.94	55.60	53.26	51.24	49.23	47.22	45.27	43.35	41.49	39.99	38.72	37.53	36.34	35.31	34.63	34.01	33.47	32.99	32.55	32.33	32.14	32.00	
105.00	101.58	98.15	94.80	91.55	88.31	85.07	82.16	79.44	76.85	74.32	71.79	69.31	66.92	64.54	62.20	60.01	57.83	55.81	53.79	52.06	50.35	48.71	47.08	45.46	43.90	42.37	40.87	39.40	37.98	36.73	35.48	34.35	33.36	32.38	31.51	30.67	29.84	29.50	29.22	29.05	29.00	
119.00	115.09	111.30	107.52	103.79	100.11	96.64	93.18	89.82	86.60	83.44	80.29	77.19	74.12	71.28	68.45	65.68	63.06	60.67	58.31	55.99	53.70	51.50	49.32	47.23	45.15	43.16	41.18	39.66	38.25	37.24	36.23	35.27	34.31	33.39	32.54	31.73	31.03	30.42	30.01	29.60	29.23	29.00	
111.00	107.28	103.62	100.15	96.70	93.37	90.16	87.00	83.93	80.95	78.00	75.19	72.39	69.62	67.00	64.40	61.90	59.43	56.98	54.72	52.50	50.37	48.48	46.62	44.84	43.10	41.56	40.18	38.85	37.56	36.31	35.10	34.07	33.15	32.43	31.82	31.23	30.94	30.67	30.46	30.28	30.10	30.00	
112.00	107.94	103.87	99.83	95.87	91.93	88.10	84.75	81.47	78.30	75.34	72.51	69.90	67.41	64.99	62.60	60.23	57.87	55.57	53.36	51.21	49.23	47.33	45.45	43.59	41.87	40.26	38.79	37.33	35.88	34.74	33.64	32.60	31.64	30.75	29.90	29.29	28.94	28.59	28.27	28.15	28.08	28.03	28.01	28.00	
107.00	102.62	98.89	95.22	91.58	88.02	84.47	81.13	77.87	74.90	72.06	69.24	66.50	63.88	61.69	59.55	57.47	55.40	53.42	51.47	49.59	47.71	45.91	44.18	42.45	40.81	39.32	37.87	36.42	35.09	33.86	32.64	31.50	30.37	29.24	28.66	28.12	27.65	27.23	27.06	27.00	
121.00	116.55	112.19	107.84	103.75	99.69	95.67	91.67	87.82	84.07	80.51	77.10	73.87	70.76	67.71	64.80	62.20	59.61	57.05	54.71	52.42	50.29	48.26	46.45	44.70	43.08	41.62	40.23	38.95	37.76	36.56	35.45	34.36	33.33	32.41	31.61	30.81	30.03	29.70	29.42	29.22	29.08	29.00	
103.00	99.12	95.25	91.59	87.99	84.41	81.03	77.67	74.49	71.31	68.42	65.69	63.32	60.97	58.75	56.62	54.52	52.43	50.37	48.32	46.34	44.42	42.59	40.90	39.28	37.79	36.44	35.26	34.13	33.12	32.16	31.23	30.40	29.75	29.13	28.63	28.17	27.80	27.46	27.24	27.04	27.00	
103.00	99.79	96.63	93.46	90.32	87.19	84.06	81.05	78.06	75.09	72.26	69.55	66.91	64.49	62.19	59.90	57.75	55.64	53.58	51.63	49.79	48.07	46.44	45.02	43.66	42.34	41.02	39.73	38.50	37.29	36.09	34.98	34.17	33.46	32.76	32.12	31.74	31.41	31.16	31.04	31.01	31.00	31.00	
113.00	109.75	106.50	103.27	100.06	96.89	93.77	90.80	87.86	85.11	82.45	79.85	77.30	74.77	72.30	69.89	67.49	65.12	62.80	60.63	58.51	56.39	54.32	52.25	50.19	48.14	46.28	44.53	42.81	41.18	39.85	38.54	37.31	36.21	35.32	34.47	33.62	32.86	32.22	31.77	31.36	31.06	31.01	31.01	31.00	
101.00	97.63	94.42	91.25	88.29	85.38	82.50	79.77	77.11	74.49	71.96	69.46	67.02	64.57	62.18	59.90	57.68	55.59	53.70	51.95	50.21	48.48	46.83	45.23	43.70	42.33	41.07	39.93	38.80	37.75	36.90	36.11	35.34	34.65	33.97	33.41	32.88	32.50	32.32	32.15	32.05	32.01	32.00	
111.00	106.44	102.15	98.12	94.09	90.10	86.31	82.74	79.22	75.82	72.82	69.96	67.12	64.29	61.62	58.96	56.47	54.06	51.70	49.43	47.18	45.24	43.33	41.77	40.31	38.87	37.51	36.44	35.50	34.56	33.74	32.92	32.11	31.37	30.90	30.44	30.00	29.62	29.37	29.17	29.03	29.00	
111.00	107.20	103.41	99.70	96.05	92.54	89.10	85.75	82.70	79.68	76.69	73.75	71.13	68.51	65.92	63.36	60.81	58.32	55.89	53.46	51.06	48.79	46.54	44.31	42.22	40.19	38.28	36.40	34.86	33.89	32.94	32.05	31.22	30.42	29.77	29.17	28.60	28.08	27.63	27.25	27.05	27.00	
123.00	118.52	114.06	109.77	105.63	101.80	97.99	94.22	90.52	86.84	83.23	79.72	76.24	72.90	69.65	66.66	63.75	61.05	58.37	55.72	53.18	50.88	48.63	46.68	44.91	43.15	41.41	40.03	38.64	37.35	36.14	34.94	33.75	32.84	32.27	31.72	31.20	30.77	30.40	30.09	30.01	30.00	
111.00	107.42	103.87	100.42	97.08	93.83	90.71	87.66	84.75	81.90	79.08	76.30	73.55	70.81	68.14	65.65	63.17	60.90	58.66	56.48	54.30	52.15	50.12	48.26	46.48	44.79	43.37	41.99	40.62	39.35	38.30	37.30	36.36	35.59	34.84	34.12	33.51	32.96	32.49	32.29	32.13	32.00	32.00	
108.00	103.87	99.83	95.86	91.95	88.04	84.41	80.80	77.22	73.73	70.34	67.36	64.62	61.97	59.33	56.72	54.15	51.67	49.28	47.19	45.18	43.44	41.89	40.41	38.98	37.65	36.33	35.00	33.74	32.51	31.46	30.41	29.82	29.25	28.72	28.32	27.93	27.55	27.37	27.19	27.08	27.03	27.00	
119.00	115.33	111.69	108.11	104.61	101.15	97.82	94.51	91.34	88.16	85.06	82.02	79.03	76.05	73.08	70.15	67.33	64.58	61.84	59.17	56.67	54.29	52.06	50.15	48.28	46.43	44.57	42.88	41.22	39.72	38.36	37.12	35.88	34.90	33.98	33.23	32.53	31.86	31.23	30.63	30.07	29.56	29.28	29.14	29.00	
110.00	106.29	102.59	98.97	95.38	91.88	88.53	85.49	82.54	79.62	76.80	74.05	71.33	68.73	66.13	63.69	61.58	59.51	57.44	55.48	53.53	51.65	49.82	48.06	46.34	44.66	42.98	41.31	39.70	38.29	37.05	35.85	34.71	33.63	32.56	31.49	30.85	30.24	29.64	29.12	28.67	28.40	28.25	28.11	28.00	
104.00	100.14	96.42	92.73	89.18	86.14	83.15	80.17	77.19	74.33	71.49	68.85	66.32	63.86	61.43	59.06	56.81	54.65	52.55	50.48	48.63	46.94	45.37	43.82	42.45	41.14	39.85	38.68	37.56	36.63	35.75	34.92	34.16	33.41	32.73	32.08	31.55	31.03	30.59	30.20	30.06	30.00	
109.00	104.98	101.23	97.54	93.93	90.49	87.11	83.81	80.60	77.54	74.73	71.96	69.55	67.23	64.94	62.80	60.68	58.79	56.98	55.24	53.56	51.91	50.35	48.82	47.32	45.86	44.44	43.03	41.63	40.36	39.13	38.02	37.09	36.28	35.64	35.01	34.42	33.88	33.37	32.91	32.47	32.19	32.01	32.00	
109.00	105.37	101.79	98.21	94.63	91.13	87.64	84.22	80.86	77.74	74.93	72.15	69.50	66.87	64.31	61.77	59.25	56.74	54.34	52.08	49.87	47.90	45.93	43.99	42.07	40.19	38.48	37.02	35.69	34.50	33.32	32.22	31.31	30.50	29.93	29.41	28.92	28.46	28.05	27.75	27.45	27.16	27.06	27.00	
108.00	104.38	101.00	97.71	94.45	91.36	88.40	85.54	82.70	79.91	77.15	74.41	71.70	69.04	66.38	63.86	61.38	58.91	56.53	54.25	52.04	49.87	47.84	45.82	44.20	42.71	41.35	40.06	38.76	37.56	36.38	35.27	34.27	33.29	32.32	31.60	31.03	30.63	30.26	29.95	29.68	29.42	29.22	29.03	29.00	
112.00	108.02	104.21	100.49	96.81	93.18	89.59	86.15	82.93	79.78	76.71	73.71	70.72	67.74	65.02	62.63	60.26	58.04	55.83	53.66	51.56	49.52	47.48	45.60	43.76	42.04	40.41	38.99	37.61	36.28	35.02	33.89	32.96	32.05	31.14	30.28	29.64	29.16	28.75	28.53	28.32	28.16	28.08	28.00	
109.00	105.28	101.56	98.02	94.53	91.19	87.89	84.61	81.43	78.29	75.32	72.44	69.64	67.02	64.64	62.30	60.08	57.87	55.68	53.67	51.72	49.95	48.26	46.60	44.99	43.43	41.96	40.51	39.14	37.90	36.83	35.80	34.85	34.00	33.18	32.61	32.23	32.12	32.05	32.01	32.00	
114.00	110.28	106.60	103.02	99.46	95.96	92.51	89.09	86.07	83.09	80.25	77.50	74.92	72.35	69.89	67.49	65.17	62.99	60.83	58.74	56.70	54.67	52.68	50.69	48.81	47.14	45.62	44.10	42.60	41.12	39.71	38.39	37.13	35.88	34.72	33.77	32.92	32.34	31.82	31.30	30.83	30.45	30.27	30.10	30.00	
123.00	118.67	114.56	110.50	106.75	103.07	99.41	95.75	92.12	88.61	85.14	81.82	78.61	75.48	72.41	69.39	66.53	63.88	61.27	58.82	56.50	54.31	52.20	50.28	48.38	46.56	44.81	43.10	41.44	39.87	38.34	36.87	35.41	34.20	33.01	31.95	30.97	30.12	29.30	28.84	28.58	28.40	28.23	28.06	28.00	
115.00	111.28	107.71	104.23	100.75	97.35	93.95	91.01	88.09	85.21	82.36	79.51	76.75	74.07	71.44	68.82	66.36	63.91	61.50	59.09	56.76	54.46	52.21	50.04	47.89	45.81	43.86	41.91	40.11	38.48	37.18	35.89	34.83	33.77	32.73	31.75	30.88	30.11	29.40	28.80	28.21	27.73	27.28	27.07	27.00	
106.00	102.68	99.40	96.19	93.01	89.90	86.81	83.80	80.81	77.85	75.11	72.42	69.78	67.21	64.68	62.16	59.67	57.27	54.98	52.96	51.07	49.20	47.41	45.70	44.05	42.48	41.01	39.63	38.27	36.92	35.80	34.72	33.67	32.64	31.73	31.02	30.44	29.88	29.43	29.24	29.09	29.00	
117.00	112.40	107.87	103.47	99.12	94.80	91.03	87.31	83.61	79.96	76.76	73.64	70.74	67.91	65.20	62.75	60.32	57.92	55.58	53.24	51.00	48.76	46.79	44.83	43.02	41.29	39.58	37.95	36.44	35.05	33.67	32.34	31.22	30.19	29.53	29.09	28.69	28.42	28.17	28.07	28.00	
108.00	104.79	101.64	98.60	95.55	92.66	89.83	87.05	84.28	81.62	78.96	76.31	73.77	71.26	68.76	66.44	64.16	61.92	59.73	57.63	55.61	53.64	51.81	50.02	48.24	46.46	44.81	43.19	41.58	39.99	38.48	37.02	35.78	34.64	33.61	32.60	31.65	30.71	29.84	29.34	28.86	28.39	28.09	28.00	
117.00	112.71	108.65	104.60	100.59	96.58	92.59	88.96	85.34	81.81	78.34	74.95	71.74	68.70	65.91	63.14	60.47	57.99	55.91	53.87	51.87	49.96	48.19	46.47	44.78	43.18	41.62	40.09	38.59	37.17	35.81	34.64	33.47	32.74	32.07	31.53	31.12	30.71	30.30	29.91	29.53	29.18	29.02	29.00	
106.00	101.99	98.02	94.17	90.38	86.65	82.99	79.61	76.40	73.24	70.10	67.14	64.25	61.41	58.86	56.31	54.01	51.81	49.69	47.74	45.95	44.26	42.72	41.25	39.80	38.50	37.44	36.41	35.45	34.49	33.58	32.69	31.94	31.39	30.97	30.58	30.21	29.93	29.66	29.43	29.26	29.10	29.00	
107.00	103.06	99.26	95.74	92.27	88.92	85.68	82.72	79.82	76.95	74.11	71.31	68.57	66.02	63.53	61.18	58.95	56.79	54.69	52.64	50.75	48.88	47.05	45.25	43.66	42.18	40.80	39.47	38.33	37.20	36.16	35.18	34.22	33.31	32.45	31.78	31.14	30.58	30.05	29.60	29.19	29.08	29.02	29.00	
107.00	102.25	97.55	93.29	89.54	85.94	82.53	79.27	76.03	72.95	70.06	67.23	64.45	62.01	59.72	57.57	55.55	53.57	51.72	49.97	48.25	46.55	44.85	43.16	41.51	40.02	38.53	37.11	35.71	34.34	33.00	31.73	30.50	29.47	28.82	28.28	27.90	27.62	27.36	27.24	27.13	27.02	27.00	
117.00	112.75	108.52	104.49	100.67	97.04	93.47	90.10	86.77	83.56	80.41	77.25	74.47	71.71	69.04	66.40	63.79	61.31	58.94	56.63	54.38	52.24	50.12	48.07	46.05	44.22	42.39	40.65	39.03	37.47	36.29	35.19	34.21	33.32	32.45	31.77	31.14	30.57	30.08	29.79	29.53	29.31	29.10	29.00	29.00	
121.00	115.91	111.13	106.39	101.77	97.40	93.11	88.84	84.73	80.65	76.68	73.28	69.97	66.67	63.73	61.01	58.40	55.86	53.52	51.23	49.02	46.84	44.74	42.70	40.67	39.06	37.85	36.67	35.52	34.40	33.28	32.44	31.62	30.95	30.41	29.87	29.40	29.00	28.73	28.47	28.22	28.00	
118.00	114.42	110.86	107.32	103.80	100.49	97.24	94.06	91.09	88.21	85.33	82.45	79.64	76.90	74.18	71.48	68.81	66.22	63.71	61.25	58.88	56.53	54.23	51.95	49.75	47.78	45.94	44.14	42.37	40.64	39.04	37.61	36.33	35.35	34.52	33.73	32.96	32.28	31.63	31.01	30.41	29.89	29.44	29.13	29.00	
105.00	102.00	99.04	96.19	93.36	90.56	87.86	85.21	82.58	80.00	77.43	74.97	72.52	70.07	67.63	65.26	62.92	60.61	58.76	57.05	55.37	53.70	52.10	50.53	49.02	47.52	46.07	44.72	43.48	42.24	41.02	39.91	38.86	37.83	36.82	35.87	34.97	34.17	33.48	32.88	32.31	31.81	31.37	31.11	31.00	
108.00	104.59	101.19	97.81	94.43	91.09	87.94	84.89	81.83	78.82	75.86	73.12	70.43	67.86	65.30	62.79	60.49	58.27	56.05	53.85	51.69	49.59	47.54	45.54	43.59	41.83	40.11	38.64	37.28	35.99	34.91	33.85	32.79	31.95	31.22	30.49	29.79	29.37	29.02	28.69	28.41	28.21	28.10	28.02	28.00	
121.00	116.33	111.72	107.25	102.80	98.38	94.25	90.14	86.38	82.67	78.96	75.34	71.79	68.31	65.27	62.25	59.35	56.62	53.96	51.65	49.55	47.63	45.89	44.16	42.63	41.28	40.00	38.81	37.67	36.63	35.59	34.67	33.82	33.23	32.67	32.12	31.75	31.46	31.24	31.08	31.00	
109.00	105.23	101.49	97.77	94.49	91.22	88.02	84.88	81.73	78.65	75.58	72.74	69.89	67.08	64.53	62.03	59.59	57.26	54.97	52.69	50.55	48.55	46.61	44.99	43.55	42.18	40.82	39.61	38.40	37.30	36.23	35.28	34.36	33.48	32.72	32.02	31.50	31.18	31.08	31.02	31.00	
104.00	100.53	97.07	93.63	90.38	87.18	84.01	80.87	78.08	75.35	72.61	69.97	67.39	64.84	62.37	59.93	57.64	55.41	53.19	51.06	49.09	47.14	45.27	43.53	41.97	40.46	38.96	37.76	36.57	35.38	34.24	33.13	32.08	31.08	30.14	29.32	28.73	28.22	27.90	27.58	27.27	27.09	27.03	27.00	
117.00	113.10	109.38	105.79	102.28	98.79	95.55	92.37	89.21	86.18	83.22	80.33	77.69	75.10	72.56	70.02	67.58	65.14	62.72	60.35	57.98	55.71	53.49	51.28	49.10	46.96	44.82	42.79	40.95	39.22	37.70	36.26	34.84	33.57	32.32	31.39	30.50	29.82	29.19	28.65	28.12	27.70	27.33	27.00	
101.00	97.31	93.80	90.46	87.20	84.21	81.27	78.34	75.40	72.66	70.02	67.39	64.77	62.42	60.11	57.81	55.57	53.34	51.17	49.05	47.07	45.30	43.57	41.90	40.37	39.09	37.86	36.62	35.42	34.68	34.09	33.51	32.93	32.41	31.89	31.39	30.89	30.62	30.43	30.27	30.13	30.02	30.00	
104.00	100.19	96.49	92.95	89.81	86.68	83.57	80.60	77.81	75.04	72.33	69.62	66.91	64.27	61.84	59.42	56.99	54.58	52.30	50.25	48.22	46.26	44.39	42.57	40.82	39.09	37.55	36.02	34.64	33.56	32.51	31.49	30.50	29.71	28.97	28.26	27.86	27.57	27.33	27.21	27.10	27.03	27.00	
113.00	108.75	104.65	100.56	96.61	92.76	89.12	85.61	82.19	78.85	75.64	72.44	69.30	66.25	63.24	60.46	58.01	55.73	53.61	51.49	49.38	47.32	45.34	43.39	41.56	39.79	38.09	37.01	36.08	35.18	34.38	33.69	33.11	32.69	32.54	32.41	32.30	32.21	32.12	32.05	32.00	
116.00	111.78	107.62	103.48	99.44	95.52	91.75	88.04	84.47	81.04	77.81	74.59	71.43	68.44	65.86	63.50	61.19	59.05	56.98	54.95	52.93	50.95	49.19	47.54	45.96	44.40	42.85	41.39	40.03	38.71	37.45	36.18	35.11	34.06	33.14	32.30	31.46	30.63	30.09	30.02	30.00	
121.00	116.75	112.71	108.73	104.76	100.87	97.03	93.63	90.24	87.03	83.85	80.78	77.77	74.90	72.19	69.84	67.52	65.20	62.96	60.75	58.59	56.52	54.45	52.38	50.34	48.44	46.66	44.92	43.22	41.63	40.31	38.99	37.68	36.42	35.24	34.25	33.26	32.39	31.61	30.92	30.30	29.81	29.39	29.04	29.00	
103.00	99.65	96.29	93.08	89.91	86.76	83.64	80.66	77.71	74.75	71.88	69.05	66.33	63.63	60.94	58.34	55.77	53.35	51.06	48.89	47.05	45.38	43.71	42.25	40.91	39.59	38.32	37.16	36.03	35.08	34.20	33.37	32.58	31.82	31.16	30.55	29.99	29.54	29.11	28.67	28.25	28.10	28.00	
112.00	107.81	103.68	99.71	95.76	91.96	88.18	84.44	80.86	77.36	73.96	70.60	67.30	64.10	60.95	57.90	55.31	52.78	50.25	47.75	45.45	43.38	41.50	39.66	37.85	36.04	35.00	33.98	33.25	32.55	31.88	31.37	30.92	30.56	30.25	29.96	29.73	29.53	29.34	29.20	29.07	29.00	
123.00	117.96	113.13	108.37	103.63	98.90	94.26	89.83	85.62	81.46	77.34	73.40	69.84	66.94	64.07	61.22	58.42	55.63	53.01	51.10	49.29	47.49	45.90	44.33	42.95	41.60	40.29	39.00	37.75	36.57	35.48	34.59	33.70	32.83	31.97	31.12	30.51	29.94	29.38	28.83	28.48	28.21	28.00	
119.00	114.67	110.83	107.04	103.41	99.84	96.32	92.83	89.41	86.12	82.85	79.70	76.56	73.67	70.80	67.97	65.20	62.44	59.82	57.19	54.63	52.07	49.66	47.32	45.14	43.27	41.70	40.15	38.63	37.14	35.74	34.40	33.09	31.77	30.73	29.69	28.97	28.26	28.11	28.04	28.00	
107.00	103.75	100.58	97.41	94.28	91.17	88.10	85.27	82.46	79.65	77.12	74.62	72.23	69.88	67.55	65.26	63.01	60.81	58.79	56.79	54.83	52.96	51.22	49.51	47.80	46.26	44.72	43.35	42.21	41.09	39.98	39.02	38.07	37.27	36.49	35.74	35.00	34.33	33.69	33.07	32.48	31.97	31.48	31.14	31.00	
105.00	101.53	98.10	94.78	91.50	88.24	85.03	81.96	78.94	76.11	73.35	70.65	68.08	65.51	62.99	60.49	58.03	55.63	53.47	51.38	49.38	47.39	45.63	43.95	42.32	40.69	39.10	37.54	35.99	34.46	33.37	32.52	31.69	30.86	30.19	29.58	29.09	28.61	28.19	28.02	28.00	28.00	
106.00	102.55	99.14	95.84	92.57	89.41	86.27	83.13	80.07	77.02	73.98	71.02	68.38	65.80	63.26	60.93	58.78	56.65	54.59	52.57	50.62	48.67	46.81	45.02	43.50	41.99	40.54	39.10	37.80	36.57	35.39	34.45	33.58	32.83	32.11	31.44	30.87	30.34	30.17	30.06	30.00	
108.00	103.75	99.72	95.75	91.94	88.34	84.95	81.86	79.17	76.49	73.91	71.39	68.95	66.66	64.40	62.17	59.96	57.85	55.96	54.09	52.32	50.57	48.97	47.38	45.81	44.28	42.84	41.40	40.07	38.75	37.47	36.32	35.21	34.13	33.27	32.66	32.11	31.58	31.11	30.66	30.25	30.00	
123.00	118.14	113.50	108.86	104.24	99.65	95.06	90.63	86.48	82.43	78.43	74.57	71.07	68.15	65.41	62.72	60.07	57.68	55.31	53.06	50.87	48.71	46.90	45.30	43.80	42.47	41.16	40.02	38.89	37.82	36.77	35.88	35.09	34.37	33.73	33.11	32.53	32.00	31.61	31.42	31.26	31.14	31.08	31.03	31.00	
106.00	102.66	99.36	96.13	93.14	90.23	87.49	84.76	82.05	79.38	76.76	74.28	71.79	69.33	66.96	64.61	62.27	59.97	57.71	55.49	53.38	51.28	49.29	47.32	45.41	43.85	42.48	41.11	39.77	38.49	37.30	36.16	35.08	34.10	33.16	32.24	31.38	30.73	30.24	29.83	29.52	29.24	29.01	29.00	
111.00	107.23	103.71	100.20	96.86	93.55	90.34	87.22	84.22	81.51	78.91	76.33	73.84	71.37	68.90	66.47	64.05	61.62	59.31	57.03	54.87	52.73	50.65	48.62	46.63	44.64	42.66	40.80	39.26	37.94	36.70	35.46	34.28	33.33	32.43	31.57	30.76	29.98	29.32	28.70	28.37	28.21	28.10	28.00	
105.00	101.66	98.37	95.10	92.01	89.02	86.13	83.26	80.40	77.54	74.77	72.20	69.67	67.15	64.65	62.16	59.80	57.48	55.23	53.05	51.05	49.23	47.42	45.66	44.06	42.48	40.92	39.35	38.02	36.70	35.38	34.09	32.81	31.62	30.68	29.93	29.34	28.90	28.49	28.14	28.04	28.00	
113.00	108.58	104.20	100.33	96.51	92.81	89.17	85.59	82.07	78.68	75.41	72.28	69.28	66.38	63.62	60.87	58.46	56.14	53.93	51.73	49.61	47.69	45.80	43.99	42.20	40.47	38.79	37.27	35.85	34.45	33.31	32.24	31.46	30.82	30.18	29.60	29.03	28.58	28.40	28.23	28.10	28.02	28.00	
119.00	114.00	109.40	105.24	101.11	97.11	93.16	89.25	85.49	81.96	78.59	75.26	72.00	68.75	65.65	62.72	59.96	57.28	54.78	52.44	50.28	48.19	46.27	44.51	42.79	41.07	39.48	37.97	36.57	35.19	34.01	32.84	31.68	30.69	29.88	29.23	28.64	28.20	27.79	27.42	27.16	27.00	
115.00	110.75	106.59	102.47	98.40	94.36	90.41	86.57	82.80	79.06	75.36	71.83	68.36	64.94	62.40	59.93	57.50	55.11	52.73	50.42	48.17	45.94	44.23	42.58	41.10	39.71	38.36	37.07	35.77	34.72	33.87	33.08	32.29	31.64	31.16	30.70	30.26	29.90	29.55	29.31	29.14	29.02	29.00	
116.00	112.72	109.48	106.26	103.22	100.19	97.16	94.14	91.16	88.23	85.32	82.44	79.63	76.85	74.11	71.39	68.67	66.03	63.40	60.97	58.79	56.64	54.69	52.74	50.90	49.11	47.38	45.73	44.12	42.52	40.96	39.47	37.99	36.59	35.20	34.11	33.08	32.15	31.34	31.07	31.03	31.00	
118.00	113.45	109.02	104.65	100.47	96.60	92.74	89.11	85.60	82.09	78.72	75.55	72.54	69.68	66.85	64.20	61.55	58.97	56.40	53.84	51.46	49.10	46.76	44.72	42.74	41.13	39.60	38.09	36.70	35.36	34.07	32.80	31.76	30.83	30.03	29.39	28.81	28.29	27.84	27.46	27.28	27.12	27.03	27.00	
104.00	99.82	95.71	91.61	87.58	83.63	79.87	76.25	72.67	69.23	65.91	62.62	59.37	56.55	53.86	51.57	49.33	47.57	45.86	44.16	42.66	41.28	40.02	38.76	37.61	36.51	35.44	34.49	33.54	32.77	32.04	31.33	30.66	30.06	29.56	29.10	28.74	28.48	28.24	28.09	28.00	
109.00	105.08	101.45	97.87	94.38	91.02	87.68	84.42	81.34	78.36	75.50	72.73	70.28	67.86	65.45	63.04	60.66	58.35	56.21	54.10	52.02	50.17	48.42	46.70	45.06	43.55	42.15	40.77	39.50	38.32	37.44	36.58	35.76	34.95	34.15	33.50	32.94	32.37	32.16	32.04	32.00	
110.00	106.21	102.55	99.05	95.55	92.23	88.99	86.02	83.21	80.41	77.63	74.89	72.18	69.50	66.87	64.35	61.85	59.37	57.05	54.79	52.68	50.57	48.57	46.60	44.85	43.17	41.52	40.06	38.80	37.64	36.48	35.37	34.32	33.35	32.42	31.51	30.66	30.13	29.64	29.27	29.10	29.00	
122.00	117.96	113.97	110.27	106.61	102.96	99.49	96.06	92.71	89.36	86.08	83.09	80.11	77.28	74.55	71.83	69.19	66.60	64.03	61.53	59.14	56.86	54.83	52.80	50.82	48.91	47.11	45.39	43.69	42.02	40.63	39.26	38.05	36.88	35.73	34.62	33.73	33.04	32.36	31.69	31.06	30.55	30.23	30.02	30.00	
103.00	99.68	96.48	93.33	90.24	87.17	84.12	81.08	78.10	75.23	72.41	69.64	66.89	64.13	61.51	58.90	56.51	54.17	52.01	49.92	48.00	46.17	44.44	42.71	41.18	39.68	38.20	36.76	35.47	34.24	33.05	31.88	30.78	29.85	29.11	28.44	27.99	27.59	27.39	27.20	27.02	27.00	
119.00	114.77	110.60	106.51	102.43	98.63	94.98	91.46	88.01	84.60	81.35	78.38	75.46	72.58	69.91	67.35	64.82	62.39	60.01	57.72	55.44	53.33	51.24	49.23	47.40	45.83	44.27	42.74	41.32	40.08	38.94	37.87	36.84	35.82	34.92	34.04	33.26	32.58	31.90	31.26	30.62	30.22	30.07	30.00	
111.00	107.34	103.78	100.23	96.69	93.24	89.90	86.81	83.74	80.87	78.02	75.18	72.37	69.67	67.02	64.59	62.16	59.77	57.48	55.19	52.91	50.63	48.67	46.73	44.94	43.56	42.18	40.93	39.71	38.50	37.35	36.20	35.19	34.32	33.49	32.70	31.91	31.31	30.73	30.20	29.74	29.27	29.14	29.01	29.00	
123.00	118.76	114.53	110.59	106.73	103.01	99.31	95.67	92.05	88.53	85.09	81.74	78.55	75.54	72.74	69.95	67.23	64.79	62.50	60.22	58.01	55.80	53.60	51.44	49.39	47.36	45.51	43.71	41.96	40.28	38.65	37.20	35.79	34.60	33.45	32.37	31.38	30.52	29.86	29.27	28.70	28.36	28.10	28.00	
106.00	102.24	98.64	95.04	91.56	88.10	84.74	81.65	78.75	75.91	73.13	70.45	67.84	65.36	62.99	60.66	58.34	56.05	53.78	51.53	49.35	47.18	45.03	43.08	41.20	39.37	37.93	36.65	35.48	34.46	33.50	32.55	31.68	30.90	30.25	29.66	29.22	28.80	28.40	28.14	28.05	28.00	
104.00	100.55	97.19	93.85	90.60	87.43	84.36	81.34	78.34	75.34	72.35	69.51	66.71	63.94	61.21	58.58	55.99	53.41	50.90	48.62	46.50	44.51	42.72	40.98	39.27	38.21	37.16	36.12	35.12	34.15	33.21	32.33	31.49	30.65	29.84	29.10	28.44	27.92	27.49	27.11	27.00	
115.00	111.37	107.80	104.32	100.91	97.57	94.23	90.95	87.70	84.47	81.32	78.18	75.37	72.60	69.92	67.61	65.31	63.14	60.99	58.87	56.78	54.71	52.72	51.08	49.50	47.96	46.53	45.12	43.81	42.65	41.52	40.42	39.33	38.28	37.34	36.48	35.63	34.87	34.16	33.48	32.89	32.41	32.12	32.01	32.00	
119.00	114.65	110.35	106.19	102.04	97.96	94.22	90.57	87.09	83.91	80.91	77.99	75.19	72.42	69.73	67.10	64.50	61.93	59.47	57.13	54.89	52.80	50.71	48.71	46.75	44.87	43.00	41.17	39.39	37.68	36.33	35.07	33.86	32.71	31.61	30.67	29.74	28.88	28.19	27.85	27.54	27.27	27.00	
102.00	98.54	95.27	92.14	89.03	85.98	82.93	79.92	77.03	74.36	71.80	69.31	66.85	64.57	62.40	60.43	58.47	56.54	54.71	52.90	51.11	49.37	47.76	46.17	44.87	43.63	42.40	41.19	39.97	38.75	37.61	36.57	35.53	34.55	33.61	32.71	31.97	31.31	30.71	30.22	29.81	29.48	29.27	29.09	29.00	
112.00	108.47	105.02	101.60	98.35	95.11	91.97	88.83	85.79	82.87	79.99	77.25	74.51	71.77	69.11	66.52	63.97	61.42	58.93	56.73	54.67	52.71	50.93	49.19	47.51	45.86	44.25	42.67	41.14	39.78	38.43	37.33	36.32	35.35	34.51	33.69	33.00	32.37	31.74	31.35	31.00	30.70	30.41	30.12	30.00	
115.00	110.85	106.73	102.65	98.65	94.70	90.80	87.32	84.07	80.82	77.74	74.69	71.69	68.83	66.01	63.20	60.55	58.06	55.83	53.81	51.87	49.95	48.10	46.24	44.46	42.77	41.10	39.64	38.34	37.19	36.06	35.18	34.38	33.64	33.16	32.83	32.54	32.26	32.06	32.02	32.00	
106.00	102.34	98.77	95.29	92.09	88.95	85.90	82.87	79.91	76.96	74.16	71.40	69.01	66.69	64.47	62.32	60.28	58.26	56.25	54.34	52.53	50.74	49.08	47.45	45.81	44.28	42.95	41.67	40.44	39.26	38.18	37.11	36.21	35.41	34.62	33.90	33.34	32.85	32.36	31.88	31.43	31.21	31.09	31.00	
114.00	110.15	106.35	102.60	98.85	95.14	91.53	88.07	84.75	81.58	78.45	75.35	72.52	69.72	67.01	64.40	61.81	59.27	56.75	54.26	51.83	49.42	47.49	45.60	43.76	42.09	40.67	39.33	38.02	36.73	35.50	34.57	33.66	32.84	32.16	31.58	31.05	30.54	30.30	30.08	30.00	
111.00	107.31	103.64	100.02	96.46	93.04	89.67	86.50	83.36	80.27	77.26	74.30	71.57	68.92	66.36	63.99	61.73	59.51	57.31	55.20	53.10	51.30	49.64	48.00	46.38	44.78	43.25	41.77	40.33	38.92	37.62	36.45	35.37	34.42	33.51	33.14	32.78	32.42	32.21	32.02	32.00	
112.00	108.01	104.18	100.44	96.82	93.26	89.90	86.57	83.37	80.22	77.17	74.20	71.33	68.52	65.80	63.14	60.53	58.02	55.63	53.28	51.03	48.88	46.88	45.06	43.34	41.84	40.40	39.03	37.67	36.46	35.37	34.48	33.65	32.85	32.08	31.33	30.58	29.87	29.24	28.64	28.37	28.11	28.00	
117.00	113.14	109.33	105.58	101.83	98.13	94.55	91.08	87.82	84.64	81.48	78.52	75.61	72.71	69.85	67.01	64.21	61.42	58.85	56.31	53.93	51.67	49.51	47.43	45.39	43.54	41.96	40.38	38.94	37.64	36.35	35.10	33.88	32.67	31.51	30.51	29.56	28.63	28.08	27.55	27.19	27.04	27.00	
122.00	117.64	113.38	109.15	104.94	100.75	96.64	92.61	88.80	85.04	81.59	78.22	74.96	71.77	68.60	65.69	62.81	59.94	57.26	54.62	51.99	49.48	47.24	45.11	43.09	41.28	39.73	38.42	37.27	36.19	35.12	34.09	33.13	32.19	31.29	30.52	30.11	29.73	29.37	29.02	29.00	
109.00	104.97	101.06	97.56	94.07	90.65	87.24	83.89	80.56	77.42	74.40	71.59	68.90	66.26	63.66	61.14	59.05	56.96	54.94	52.96	50.98	49.12	47.39	45.66	44.14	42.67	41.28	39.99	38.70	37.44	36.26	35.16	34.09	33.23	32.72	32.23	31.80	31.59	31.39	31.26	31.14	31.04	31.00	
123.00	118.94	114.92	111.01	107.16	103.39	99.82	96.38	92.96	89.75	86.81	83.97	81.20	78.44	75.67	72.94	70.24	67.67	65.27	62.99	60.73	58.49	56.34	54.31	52.32	50.37	48.52	46.82	45.12	43.65	42.19	40.78	39.45	38.15	36.92	35.80	34.80	34.00	33.21	32.43	31.77	31.43	31.09	31.00	
115.00	111.20	107.56	103.98	100.44	97.11	93.80	90.53	87.29	84.14	81.02	77.91	74.81	71.86	68.92	66.18	63.45	60.83	58.24	56.02	53.81	52.02	50.25	48.49	46.76	45.04	43.38	41.91	40.54	39.26	38.29	37.55	36.80	36.07	35.40	34.75	34.14	33.62	33.10	32.60	32.20	31.85	31.51	31.22	31.00	
116.00	112.20	108.44	104.75	101.11	97.60	94.14	90.68	87.38	84.10	80.86	77.67	74.55	71.44	68.41	65.50	62.90	60.47	58.21	56.04	53.93	51.84	49.82	47.93	46.16	44.48	42.84	41.20	39.64	38.34	37.04	35.87	34.93	34.02	33.13	32.30	31.52	31.06	30.70	30.39	30.10	30.05	30.02	30.00	
107.00	103.90	100.83	97.81	94.84	92.08	89.44	86.91	84.39	81.91	79.44	77.01	74.58	72.16	69.75	67.55	65.37	63.25	61.31	59.40	57.49	55.61	53.74	52.02	50.38	48.83	47.35	45.87	44.45	43.04	41.71	40.41	39.17	37.94	36.72	35.56	34.46	33.40	32.42	31.61	31.01	30.45	30.23	30.11	30.00	
118.00	114.22	110.48	106.75	103.17	99.67	96.18	92.78	89.51	86.39	83.46	80.60	77.76	75.00	72.28	69.58	66.90	64.36	61.83	59.31	56.82	54.44	52.18	50.22	48.27	46.41	44.61	43.03	41.55	40.12	38.75	37.38	36.01	34.99	34.17	33.59	33.05	32.54	32.03	31.67	31.40	31.16	31.03	31.00	
108.00	104.49	100.99	97.57	94.18	90.81	87.50	84.35	81.31	78.33	75.41	72.57	69.75	66.97	64.23	61.61	59.14	56.70	54.29	51.89	49.60	47.56	45.61	43.67	42.18	40.77	39.41	38.07	37.03	36.03	35.04	34.09	33.17	32.45	31.77	31.15	30.61	30.10	29.66	29.40	29.19	29.00	
105.00	100.91	96.93	92.98	89.50	86.07	82.81	79.60	76.48	73.52	70.56	67.70	64.89	62.09	59.73	57.49	55.38	53.55	51.79	50.06	48.35	46.64	45.02	43.60	42.31	41.13	40.07	39.03	38.03	37.08	36.18	35.32	34.52	33.79	33.09	32.52	31.99	31.49	31.04	30.63	30.30	30.11	30.00	
106.00	101.88	97.97	94.23	90.49	86.87	83.46	80.34	77.24	74.15	71.24	68.36	65.54	62.76	60.13	57.62	55.15	52.70	50.37	48.12	45.94	44.04	42.20	40.89	39.63	38.37	37.12	36.04	35.05	34.08	33.16	32.27	31.39	30.77	30.16	29.61	29.11	28.79	28.49	28.28	28.09	28.00	
108.00	104.51	101.08	97.72	94.37	91.09	88.05	85.04	82.06	79.30	76.56	73.88	71.26	68.73	66.20	63.80	61.43	59.16	56.98	54.83	52.68	50.87	49.06	47.30	45.56	43.85	42.17	40.69	39.24	37.83	36.61	35.45	34.37	33.35	32.44	31.56	30.70	29.95	29.20	28.57	28.26	28.02	28.01	28.00	
121.00	116.63	112.26	107.91	103.56	99.26	95.03	90.81	86.88	83.05	79.55	76.20	73.12	70.12	67.15	64.22	61.42	58.80	56.23	53.79	51.74	49.72	47.82	45.94	44.35	42.80	41.26	39.75	38.29	36.94	35.81	34.68	33.63	32.64	31.70	30.95	30.28	29.68	29.18	29.07	29.00	
101.00	98.06	95.16	92.37	89.63	86.91	84.29	81.71	79.16	76.65	74.17	71.75	69.40	67.05	64.75	62.49	60.22	58.10	56.19	54.32	52.62	50.94	49.28	47.66	46.04	44.58	43.16	41.85	40.57	39.41	38.27	37.15	36.24	35.40	34.70	34.01	33.64	33.31	33.04	32.78	32.53	32.29	32.15	32.07	32.00	
103.00	99.62	96.24	92.96	89.70	86.48	83.37	80.27	77.20	74.22	71.35	68.54	65.97	63.48	61.00	58.64	56.28	54.04	52.01	50.03	48.10	46.19	44.30	42.49	40.68	38.95	37.42	36.06	34.74	33.66	32.65	31.75	30.94	30.20	29.53	28.98	28.64	28.37	28.19	28.09	28.01	28.00	28.00	
120.00	115.35	110.81	106.55	102.32	98.27	94.22	90.35	86.51	82.86	79.23	75.89	72.59	69.51	66.53	63.71	60.91	58.24	55.59	52.96	50.33	47.86	45.53	43.44	41.62	39.88	38.35	36.93	35.53	34.30	33.41	32.54	31.74	31.04	30.45	29.92	29.43	28.97	28.60	28.27	27.98	27.72	27.47	27.23	27.00	
113.00	109.36	105.85	102.49	99.14	95.86	92.61	89.48	86.38	83.32	80.31	77.30	74.54	71.78	69.03	66.30	63.64	61.04	58.47	56.01	53.59	51.26	49.38	47.57	45.80	44.08	42.37	40.69	39.12	37.56	36.00	34.57	33.24	32.03	31.02	30.26	29.63	29.22	28.94	28.69	28.43	28.26	28.10	28.00	
114.00	110.37	106.78	103.27	99.80	96.41	93.11	89.97	87.10	84.45	81.82	79.20	76.61	74.14	71.68	69.25	66.98	64.72	62.61	60.51	58.60	56.79	55.00	53.22	51.47	49.78	48.10	46.45	44.82	43.45	42.09	40.76	39.56	38.48	37.41	36.48	35.58	34.78	34.17	33.58	33.04	32.62	32.26	32.09	32.00	
121.00	117.09	113.22	109.43	105.66	102.01	98.49	95.05	91.77	88.51	85.27	82.27	79.29	76.37	73.49	70.67	67.91	65.16	62.54	60.21	57.92	55.70	53.59	51.50	49.43	47.46	45.56	43.80	42.13	40.50	38.89	37.64	36.45	35.36	34.38	33.43	32.48	31.69	31.14	30.61	30.10	29.61	29.30	29.07	29.00	
107.00	103.11	99.24	95.49	91.76	88.19	84.63	81.15	77.87	74.90	72.21	69.58	66.96	64.58	62.21	59.85	57.54	55.24	53.00	50.83	48.77	46.84	44.93	43.18	41.62	40.12	38.90	37.76	36.80	35.89	35.05	34.26	33.52	32.85	32.33	31.96	31.59	31.23	30.88	30.54	30.23	30.00	
104.00	101.02	98.24	95.55	92.88	90.22	87.59	84.99	82.41	79.86	77.37	74.93	72.51	70.20	67.91	65.63	63.43	61.26	59.21	57.30	55.44	53.59	51.83	50.15	48.49	46.86	45.37	43.98	42.66	41.44	40.28	39.19	38.11	37.06	36.05	35.06	34.13	33.31	32.72	32.46	32.23	32.12	32.03	32.00	
105.00	101.75	98.51	95.32	92.14	88.97	85.90	83.01	80.24	77.48	74.77	72.14	69.51	66.93	64.36	61.85	59.58	57.32	55.21	53.17	51.21	49.29	47.53	45.95	44.44	43.02	41.63	40.30	39.01	37.79	36.71	35.64	34.70	33.84	33.01	32.21	31.69	31.32	31.18	31.07	31.01	31.00	
123.00	119.06	115.14	111.60	108.09	104.73	101.36	98.08	94.82	91.59	88.37	85.17	82.19	79.30	76.54	73.80	71.21	68.83	66.46	64.12	61.82	59.53	57.30	55.16	53.02	50.99	48.98	47.04	45.19	43.36	41.65	40.00	38.47	37.08	35.78	34.72	33.87	33.07	32.28	31.51	31.11	30.74	30.39	30.18	30.00	
108.00	104.39	101.00	97.66	94.33	91.09	88.00	84.94	81.88	78.89	75.94	73.04	70.40	67.80	65.25	62.71	60.22	57.77	55.51	53.40	51.29	49.23	47.27	45.78	44.35	43.03	41.71	40.49	39.31	38.19	37.12	36.19	35.39	34.61	34.06	33.55	33.08	32.73	32.44	32.30	32.16	32.05	32.01	32.00	
115.00	111.01	107.03	103.08	99.22	95.44	91.72	88.02	84.35	80.72	77.14	73.79	70.98	68.22	65.58	63.02	60.49	58.01	55.68	53.42	51.24	49.42	47.67	45.95	44.38	42.92	41.53	40.21	38.95	37.77	36.71	35.71	34.74	33.84	33.03	32.27	31.65	31.06	30.50	30.10	29.80	29.54	29.29	29.09	29.00	
107.00	102.66	98.53	94.49	90.60	86.81	83.34	80.30	77.30	74.39	71.63	68.86	66.33	63.96	61.64	59.44	57.37	55.31	53.28	51.27	49.35	47.47	45.71	44.02	42.37	40.84	39.33	37.84	36.40	35.12	33.88	32.64	31.45	30.35	29.45	28.55	27.93	27.41	27.17	27.03	27.01	27.00	
107.00	103.60	100.29	97.04	93.83	90.63	87.47	84.33	81.32	78.34	75.40	72.45	69.57	66.81	64.09	61.55	59.02	56.61	54.41	52.33	50.34	48.60	47.03	45.49	43.97	42.51	41.05	39.61	38.27	36.95	35.65	34.44	33.27	32.11	31.22	30.36	29.56	28.81	28.33	27.92	27.60	27.38	27.17	27.09	27.00	
115.00	111.55	108.10	104.66	101.45	98.27	95.09	92.11	89.19	86.31	83.46	80.69	77.93	75.18	72.44	69.74	67.08	64.44	61.95	59.47	57.27	55.10	53.03	51.01	49.16	47.35	45.58	43.89	42.24	40.62	39.07	37.59	36.22	35.02	34.25	33.55	33.00	32.45	32.03	31.71	31.51	31.34	31.16	31.00	
110.00	105.98	102.03	98.18	94.45	90.80	87.16	83.91	80.67	77.65	74.72	71.88	69.33	66.85	64.39	61.94	59.58	57.29	55.08	52.98	50.98	49.01	47.22	45.44	43.79	42.14	40.66	39.28	38.00	36.85	35.72	34.66	33.61	32.58	31.60	30.72	29.89	29.06	28.58	28.32	28.11	28.00	
102.00	98.42	94.90	91.38	87.89	84.49	81.15	78.13	75.18	72.27	69.55	66.87	64.23	61.78	59.38	57.05	54.77	52.56	50.45	48.37	46.34	44.39	42.75	41.13	39.54	38.26	37.03	35.87	35.05	34.35	33.71	33.08	32.50	31.93	31.36	30.83	30.54	30.36	30.19	30.07	30.00	
121.00	116.80	112.72	108.71	104.88	101.09	97.32	93.65	90.07	86.62	83.18	79.77	76.61	73.60	70.65	67.76	64.87	62.05	59.26	56.79	54.39	52.09	49.98	47.95	45.96	44.02	42.38	40.77	39.21	37.76	36.38	35.11	33.86	32.83	31.89	31.02	30.28	29.61	28.96	28.42	27.99	27.62	27.30	27.00	
120.00	114.67	109.37	104.24	99.40	94.74	90.22	85.72	81.48	77.51	73.60	70.45	67.74	65.06	62.41	60.06	57.73	55.48	53.24	51.00	48.79	47.03	45.33	43.67	42.15	40.65	39.55	38.44	37.43	36.45	35.47	34.51	33.59	32.68	32.01	31.35	30.83	30.41	30.01	29.65	29.31	29.03	29.00	
120.00	115.98	112.23	108.54	104.92	101.46	98.02	94.69	91.43	88.17	84.92	81.68	78.56	75.57	72.62	69.67	66.74	64.00	61.26	58.56	55.94	53.42	50.91	48.57	46.24	43.93	42.10	40.38	38.73	37.14	35.64	34.18	32.74	31.39	30.05	29.11	28.21	27.63	27.34	27.17	27.02	27.00	
112.00	107.94	103.99	100.10	96.33	92.60	88.89	85.20	81.56	78.42	75.27	72.36	69.55	66.79	64.03	61.29	58.56	55.93	53.40	50.89	48.89	46.92	44.95	42.99	41.19	39.48	37.94	36.51	35.10	33.93	33.01	32.10	31.26	30.46	29.81	29.17	28.54	27.94	27.41	27.19	27.00	
113.00	108.95	104.94	101.20	97.64	94.08	90.65	87.30	84.00	80.76	77.59	74.56	71.55	68.71	66.09	63.60	61.13	58.81	56.67	54.69	52.74	50.87	49.04	47.28	45.54	43.84	42.28	40.81	39.40	38.13	36.86	35.63	34.48	33.49	32.55	31.64	30.81	30.02	29.37	28.73	28.20	27.74	27.36	27.00	
122.00	117.39	112.89	108.54	104.21	100.04	95.90	91.88	87.90	84.19	80.76	77.37	74.12	70.91	67.83	64.86	62.01	59.16	56.52	54.02	51.64	49.26	47.00	44.96	43.07	41.26	39.48	38.12	36.79	35.67	34.55	33.53	32.53	31.74	30.99	30.35	29.74	29.42	29.16	29.00	29.00	
103.00	99.23	95.47	91.73	88.18	84.69	81.29	77.92	74.58	71.33	68.16	65.03	62.02	59.65	57.34	55.16	52.98	50.80	48.83	46.87	45.24	43.68	42.16	40.64	39.15	37.89	36.65	35.50	34.48	33.45	32.46	31.81	31.16	30.52	29.91	29.43	29.06	28.79	28.53	28.28	28.18	28.08	28.00	
123.00	118.19	113.60	109.10	104.72	100.34	95.98	91.70	87.59	83.65	79.81	75.98	72.28	68.81	65.36	61.92	58.83	56.07	53.41	50.85	48.48	46.44	44.58	42.72	40.86	39.27	37.73	36.23	34.86	33.68	32.59	31.67	30.79	29.91	29.06	28.54	28.21	27.94	27.72	27.49	27.27	27.06	27.00	
105.00	101.41	97.83	94.26	90.73	87.29	83.92	80.65	77.53	74.53	71.76	69.09	66.42	63.78	61.22	58.82	56.57	54.35	52.45	50.58	48.88	47.32	45.78	44.56	43.38	42.21	41.07	39.94	38.87	38.04	37.35	36.67	36.00	35.40	34.89	34.40	33.95	33.52	33.17	32.91	32.65	32.42	32.23	32.06	32.00	
105.00	101.95	98.91	95.88	92.91	89.98	87.18	84.40	81.66	79.01	76.36	73.77	71.24	68.91	66.58	64.29	62.00	59.77	57.64	55.52	53.40	51.39	49.49	47.65	45.83	44.10	42.42	40.79	39.17	37.57	36.16	34.79	33.83	33.01	32.36	31.92	31.51	31.17	30.88	30.62	30.36	30.14	30.06	30.00	
114.00	109.16	104.58	100.02	95.55	91.62	87.70	83.80	80.08	76.45	72.98	69.71	66.55	63.39	60.44	57.60	54.84	52.14	49.88	47.83	46.02	44.36	42.83	41.51	40.21	38.99	37.84	36.76	35.83	35.14	34.47	33.81	33.19	32.65	32.12	31.74	31.40	31.07	30.79	30.53	30.29	30.12	30.00	
106.00	102.10	98.34	94.58	91.02	87.47	84.35	81.45	78.55	75.69	72.84	70.06	67.30	64.60	61.91	59.24	56.82	54.70	52.63	50.81	49.05	47.34	45.65	44.01	42.53	41.21	40.02	38.98	37.98	37.00	36.05	35.13	34.31	33.69	33.11	32.74	32.53	32.33	32.13	32.06	32.00	32.00	
119.00	114.68	110.64	106.66	102.71	98.92	95.33	91.76	88.21	84.68	81.35	78.04	74.75	71.61	68.52	65.47	62.44	59.46	56.63	53.86	51.23	48.93	46.72	44.74	42.79	40.92	39.17	37.50	35.90	34.31	32.83	31.48	30.79	30.10	29.57	29.03	28.54	28.16	27.83	27.60	27.39	27.21	27.09	27.00	
114.00	110.29	106.60	103.07	99.62	96.44	93.26	90.30	87.39	84.51	81.71	78.96	76.24	73.56	70.91	68.31	65.76	63.20	60.69	58.31	55.94	53.66	51.42	49.37	47.53	45.71	43.95	42.26	40.66	39.30	37.99	36.75	35.68	34.63	33.87	33.24	32.73	32.24	31.76	31.34	31.00	
121.00	116.16	111.76	107.48	103.25	99.17	95.37	91.66	88.07	84.84	81.70	78.72	75.76	72.96	70.25	67.60	64.95	62.58	60.22	57.89	55.71	53.76	51.83	50.19	48.58	47.10	45.62	44.20	43.00	41.87	40.86	39.88	38.92	37.98	37.10	36.23	35.55	34.99	34.45	33.93	33.42	32.96	32.53	32.22	32.00	
107.00	102.93	98.96	95.24	92.08	88.99	85.98	83.01	80.09	77.19	74.30	71.56	68.87	66.21	63.71	61.37	59.11	56.87	54.66	52.46	50.35	48.42	46.51	44.68	42.89	41.27	39.71	38.25	36.94	35.65	34.63	33.64	32.75	31.96	31.31	30.71	30.19	29.68	29.21	28.79	28.40	28.08	28.00	
121.00	116.69	112.41	108.14	103.95	99.87	95.80	91.96	88.11	84.54	81.10	77.69	74.29	70.97	67.84	64.80	61.82	59.45	57.10	54.78	52.49	50.20	47.93	45.71	43.62	41.70	39.91	38.30	36.74	35.27	33.89	32.82	31.90	31.22	30.64	30.08	29.68	29.28	28.94	28.64	28.36	28.15	28.00	
104.00	100.67	97.37	94.12	90.93	87.90	84.88	82.20	79.59	77.04	74.67	72.30	69.94	67.66	65.43	63.26	61.12	59.07	57.03	55.07	53.22	51.37	49.59	47.84	46.09	44.35	42.69	41.08	39.59	38.11	36.88	35.69	34.66	33.69	32.80	31.93	31.25	30.59	29.94	29.30	28.73	28.17	27.69	27.21	27.00	
113.00	108.97	105.04	101.22	97.49	93.92	90.34	86.80	83.36	79.93	76.51	73.10	69.92	67.03	64.16	61.39	58.68	56.01	53.52	51.13	48.83	46.63	44.76	43.09	41.61	40.21	38.83	37.50	36.27	35.10	33.95	32.80	31.79	31.14	30.51	30.04	29.71	29.44	29.26	29.11	29.01	29.00	
111.00	107.44	103.91	100.45	97.00	93.61	90.28	87.03	83.79	80.90	78.16	75.62	73.11	70.61	68.23	65.90	63.74	61.62	59.51	57.41	55.40	53.42	51.49	49.85	48.21	46.60	45.01	43.44	41.89	40.36	38.87	37.39	35.95	34.68	33.42	32.46	31.53	30.69	29.97	29.25	28.58	28.12	28.06	28.00	
105.00	100.83	96.99	93.21	89.45	85.77	82.44	79.16	76.04	73.03	70.04	67.22	64.68	62.18	59.71	57.32	55.09	52.92	50.85	48.78	46.79	45.13	43.49	41.87	40.40	39.07	37.84	37.09	36.47	35.89	35.32	34.75	34.20	33.79	33.43	33.08	32.82	32.58	32.35	32.14	32.00	
108.00	104.78	101.62	98.48	95.35	92.29	89.26	86.34	83.59	80.94	78.30	75.75	73.27	70.92	68.62	66.34	64.15	62.05	59.99	57.93	55.90	53.89	51.90	49.99	48.27	46.59	44.93	43.32	41.77	40.29	38.82	37.45	36.31	35.26	34.47	33.79	33.13	32.66	32.24	31.88	31.59	31.34	31.13	31.00	
113.00	109.15	105.46	101.89	98.46	95.04	91.65	88.36	85.12	81.88	78.76	75.77	72.78	69.94	67.16	64.41	61.96	59.55	57.33	55.26	53.31	51.48	49.70	48.01	46.37	44.76	43.15	41.55	39.99	38.44	36.88	35.42	33.97	32.70	31.43	30.47	29.57	28.93	28.54	28.20	28.09	28.02	28.00	
118.00	113.89	109.80	105.77	101.76	97.94	94.37	90.86	87.50	84.19	80.88	77.62	74.37	71.30	68.36	65.48	62.72	60.04	57.54	55.06	52.66	50.30	47.94	45.93	44.29	42.77	41.34	39.94	38.62	37.31	36.09	34.94	34.25	33.61	32.97	32.45	32.00	31.67	31.37	31.21	31.07	31.00	31.00	
105.00	101.87	98.74	95.64	92.58	89.54	86.57	83.71	81.00	78.29	75.64	73.05	70.52	68.03	65.57	63.15	60.80	58.57	56.45	54.48	52.53	50.61	48.81	47.16	45.59	44.20	42.90	41.63	40.45	39.33	38.33	37.37	36.44	35.62	34.81	34.06	33.32	32.61	31.96	31.33	30.72	30.22	30.00	
119.00	114.70	110.43	106.37	102.33	98.46	95.03	92.11	89.21	86.34	83.65	80.97	78.31	75.69	73.09	70.62	68.16	65.74	63.40	61.22	59.13	57.12	55.12	53.13	51.18	49.28	47.57	45.86	44.26	42.69	41.17	39.89	38.67	37.56	36.57	35.58	34.79	34.08	33.42	32.90	32.42	32.03	32.00	
113.00	109.08	105.27	101.51	97.79	94.09	90.43	86.82	83.38	79.95	76.78	73.69	70.72	68.14	65.62	63.16	60.73	58.30	55.88	53.72	51.59	49.69	47.81	46.05	44.36	42.89	41.46	40.18	38.93	37.76	36.66	35.75	34.89	34.06	33.30	32.55	31.83	31.35	30.88	30.55	30.27	30.00	
112.00	107.80	103.96	100.31	96.65	93.12	89.62	86.11	82.66	79.20	75.78	72.67	69.59	66.62	63.68	60.80	58.03	55.64	53.29	51.11	48.98	47.06	45.45	43.89	42.34	40.82	39.40	38.08	36.85	35.68	34.65	33.68	32.92	32.18	31.43	30.71	30.12	29.66	29.22	28.90	28.59	28.29	28.10	28.00	
108.00	104.39	100.90	97.41	93.94	90.55	87.17	83.85	80.69	77.54	74.42	71.34	68.41	65.53	62.86	60.51	58.17	55.92	53.88	51.88	49.91	48.04	46.24	44.53	42.85	41.25	39.88	38.54	37.22	36.05	34.94	33.83	32.96	32.09	31.24	30.43	29.66	29.00	28.40	27.92	27.53	27.28	27.13	27.04	27.00	
115.00	111.08	107.19	103.43	99.82	96.22	92.86	89.59	86.34	83.14	79.97	77.11	74.26	71.59	68.96	66.42	63.89	61.46	59.20	56.95	55.12	53.30	51.49	49.75	48.03	46.39	44.80	43.24	41.68	40.13	38.60	37.32	36.04	34.94	33.87	32.94	32.04	31.21	30.39	29.62	28.85	28.09	27.45	27.00	
108.00	104.15	100.41	96.87	93.41	89.97	86.60	83.50	80.56	77.65	74.86	72.37	69.89	67.44	65.01	62.68	60.47	58.51	56.60	54.70	52.90	51.20	49.52	47.91	46.32	44.73	43.35	42.03	40.84	39.66	38.49	37.57	36.66	35.75	34.94	34.21	33.63	33.09	32.57	32.11	32.04	32.00	
121.00	115.63	110.58	105.99	101.63	97.34	93.06	89.05	85.15	81.60	78.08	74.56	71.19	68.31	65.56	62.86	60.19	57.60	55.21	52.83	50.82	48.88	46.95	45.07	43.31	41.59	40.06	38.56	37.18	35.87	34.62	33.46	32.39	31.39	30.42	29.52	28.68	27.86	27.39	27.09	27.00	
113.00	108.56	104.28	100.00	95.74	91.74	87.90	84.09	80.51	77.01	73.57	70.24	67.07	63.99	61.24	58.81	56.45	54.22	52.09	49.97	47.93	45.97	44.06	42.43	40.81	39.41	38.09	36.79	35.53	34.29	33.30	32.37	31.55	30.75	29.95	29.21	28.66	28.18	27.80	27.44	27.21	27.00	
114.00	110.37	106.78	103.21	99.65	96.19	92.85	89.54	86.34	83.16	79.98	76.81	73.73	70.67	67.68	64.84	62.02	59.25	56.88	54.61	52.44	50.30	48.19	46.18	44.41	42.76	41.19	39.67	38.50	37.42	36.46	35.51	34.71	33.98	33.38	32.78	32.26	31.76	31.39	31.03	31.00	
121.00	116.70	112.43	108.23	104.11	100.34	96.60	92.90	89.22	85.92	82.77	79.67	76.81	74.01	71.24	68.51	65.82	63.13	60.66	58.20	55.76	53.33	51.06	48.85	46.87	44.96	43.10	41.33	39.64	38.04	36.44	35.13	33.88	32.70	31.76	30.90	30.28	29.70	29.25	28.90	28.61	28.36	28.14	28.02	28.00	
116.00	111.98	108.00	104.20	100.61	97.04	93.74	90.53	87.35	84.18	81.03	77.95	74.86	71.92	68.99	66.12	63.26	60.58	58.02	55.67	53.42	51.18	48.96	46.78	44.82	42.91	41.34	39.85	38.44	37.34	36.32	35.36	34.41	33.50	32.71	31.94	31.29	30.89	30.49	30.15	30.00	
109.00	105.59	102.23	98.89	95.56	92.29	89.11	86.10	83.19	80.29	77.49	74.79	72.33	69.88	67.47	65.06	62.73	60.41	58.10	55.87	53.71	51.56	49.52	47.58	45.69	43.86	42.09	40.36	38.68	37.08	35.56	34.46	33.63	32.83	32.21	31.60	31.05	30.58	30.13	30.04	30.00	
111.00	106.49	102.11	97.76	93.43	89.60	85.96	82.49	79.12	75.91	72.72	69.64	66.67	63.96	61.27	58.62	56.02	53.57	51.34	49.23	47.51	45.82	44.19	42.66	41.17	39.86	38.58	37.43	36.28	35.28	34.31	33.35	32.60	31.99	31.44	30.91	30.41	29.95	29.53	29.22	29.03	29.00	
110.00	106.49	102.99	99.50	96.16	92.95	89.78	86.73	83.75	80.78	77.96	75.21	72.46	69.72	67.04	64.40	61.75	59.11	56.48	53.94	51.42	49.14	46.87	44.77	42.91	41.17	39.61	38.22	36.90	35.69	34.53	33.38	32.25	31.16	30.11	29.20	28.49	28.04	27.75	27.49	27.26	27.06	27.00	
118.00	114.09	110.26	106.56	102.93	99.33	96.00	92.68	89.52	86.41	83.34	80.30	77.31	74.56	71.92	69.35	66.80	64.32	61.84	59.40	57.14	54.89	52.85	50.85	48.90	47.13	45.54	44.03	42.56	41.10	39.70	38.31	37.07	35.88	34.72	33.72	33.06	32.43	31.91	31.42	31.00	
109.00	103.42	97.95	93.01	88.10	83.54	79.08	75.14	71.57	68.19	65.06	62.01	59.40	56.79	54.46	52.26	50.32	48.50	46.77	45.11	43.47	41.84	40.40	39.12	37.91	36.80	35.71	34.74	33.86	33.00	32.22	31.49	30.77	30.08	29.69	29.31	28.94	28.57	28.24	28.03	28.01	28.00	
121.00	116.55	112.15	107.78	103.51	99.33	95.17	91.05	87.10	83.54	80.14	76.82	73.60	70.40	67.41	64.46	61.62	58.80	56.14	53.61	51.12	48.86	46.63	44.40	42.39	40.59	38.81	37.26	35.78	34.33	33.03	31.78	30.81	29.97	29.14	28.72	28.36	28.01	27.67	27.36	27.17	27.07	27.00	
109.00	105.79	102.69	99.65	96.62	93.62	90.65	87.70	84.76	81.85	78.99	76.17	73.40	70.74	68.09	65.48	63.02	60.56	58.14	55.95	53.82	51.74	49.67	47.65	45.68	43.91	42.18	40.53	38.92	37.38	36.03	34.86	33.83	33.01	32.29	31.69	31.11	30.69	30.39	30.09	30.04	30.00	
110.00	105.83	101.79	97.79	94.24	90.88	87.52	84.61	81.71	78.87	76.11	73.51	70.92	68.46	66.02	63.58	61.21	58.89	56.62	54.38	52.24	50.12	48.14	46.20	44.33	42.72	41.49	40.27	39.10	37.94	36.84	35.80	34.82	34.22	33.77	33.34	32.92	32.53	32.28	32.03	32.00	
110.00	106.36	102.76	99.39	96.06	92.81	89.69	86.58	83.71	81.02	78.36	75.74	73.19	70.73	68.32	65.91	63.69	61.52	59.39	57.28	55.16	53.22	51.30	49.49	47.73	46.04	44.47	43.05	41.68	40.34	39.06	37.81	36.60	35.53	34.47	33.48	32.66	31.93	31.24	30.59	30.09	29.67	29.31	29.05	29.00	
104.00	100.33	96.66	93.03	89.53	86.06	82.74	79.67	76.83	74.09	71.44	68.85	66.28	63.79	61.49	59.31	57.24	55.21	53.31	51.55	49.80	48.05	46.31	44.71	43.13	41.87	40.62	39.45	38.28	37.14	36.28	35.46	34.66	33.99	33.41	32.88	32.46	32.08	31.75	31.43	31.21	31.03	31.00	
106.00	102.54	99.12	95.74	92.39	89.07	85.88	82.72	79.63	76.55	73.79	71.07	68.41	65.78	63.20	60.85	58.52	56.35	54.26	52.21	50.20	48.27	46.36	44.46	42.70	41.02	39.35	37.93	36.55	35.33	34.20	33.11	32.03	31.06	30.20	29.57	28.96	28.51	28.12	28.06	28.00	
113.00	108.69	104.42	100.26	96.23	92.39	88.96	85.59	82.29	79.00	75.77	72.58	69.42	66.27	63.23	60.52	57.88	55.43	53.04	50.90	48.81	46.75	44.68	42.87	41.07	39.31	37.82	36.37	34.92	33.69	32.48	31.40	30.50	29.70	29.10	28.83	28.59	28.39	28.22	28.10	28.00	
110.00	105.89	101.84	97.80	93.79	89.82	86.18	82.64	79.24	76.07	72.98	70.18	67.40	64.63	61.86	59.16	56.56	54.11	51.68	49.28	47.01	44.77	42.93	41.24	39.70	38.38	37.08	35.79	34.57	33.42	32.45	31.52	30.64	29.92	29.34	28.94	28.64	28.44	28.29	28.14	28.00	
111.00	107.13	103.44	99.81	96.39	93.00	89.64	86.27	83.05	79.89	76.92	74.01	71.13	68.29	65.70	63.17	60.67	58.19	55.73	53.61	51.53	49.52	47.67	45.88	44.14	42.42	40.93	39.43	38.02	36.81	35.70	34.63	33.63	32.66	31.70	30.77	29.98	29.30	28.70	28.42	28.22	28.07	28.00	
123.00	118.48	114.14	110.00	105.94	101.88	97.87	94.14	90.51	86.88	83.37	80.02	76.74	73.63	70.55	67.68	64.90	62.51	60.23	57.98	55.99	54.16	52.36	50.64	49.03	47.50	45.99	44.49	43.00	41.50	40.02	38.66	37.37	36.10	34.88	33.72	32.62	31.54	30.59	29.86	29.34	29.16	29.08	29.04	29.00	
107.00	103.24	99.49	95.95	92.45	89.10	85.75	82.60	79.44	76.37	73.37	70.45	67.58	64.83	62.09	59.48	57.07	54.92	52.88	50.85	48.98	47.19	45.42	43.78	42.15	40.55	38.95	37.41	35.93	34.72	33.53	32.44	31.40	30.40	29.62	29.03	28.46	27.98	27.60	27.23	27.00	
103.00	99.25	95.58	91.97	88.49	85.14	81.87	78.62	75.71	72.89	70.60	68.45	66.31	64.17	62.05	59.97	57.95	55.97	54.01	52.13	50.33	48.57	46.94	45.41	43.95	42.54	41.13	39.88	38.74	37.68	36.65	35.70	34.81	33.95	33.12	32.37	31.66	31.00	30.36	30.19	30.07	30.00	
112.00	107.59	103.49	99.39	95.32	91.41	87.56	83.75	79.98	76.64	73.54	70.48	67.49	64.78	62.20	59.78	57.39	55.22	53.09	51.01	48.96	46.92	44.93	43.01	41.15	39.35	37.73	36.58	35.71	34.90	34.29	33.72	33.19	32.70	32.36	32.03	31.75	31.49	31.24	31.08	31.00	
113.00	109.58	106.26	103.03	99.82	96.66	93.52	90.40	87.37	84.39	81.43	78.58	75.81	73.06	70.39	67.75	65.23	62.71	60.23	58.04	55.93	53.84	51.83	49.82	47.85	45.99	44.38	42.77	41.32	40.00	38.78	37.85	36.97	36.10	35.25	34.43	33.72	33.03	32.37	31.90	31.45	31.01	30.60	30.22	30.00	
115.00	110.83	106.68	102.62	98.66	94.71	91.04	87.61	84.47	81.34	78.21	75.23	72.25	69.43	66.62	63.90	61.46	59.04	56.67	54.37	52.10	49.95	48.01	46.08	44.19	42.33	40.55	38.87	37.32	35.86	34.45	33.30	32.41	31.61	30.85	30.27	29.76	29.31	28.87	28.49	28.18	28.03	28.00	
110.00	106.27	102.55	99.08	95.76	92.64	89.59	86.55	83.63	80.91	78.35	75.84	73.43	71.05	68.71	66.38	64.13	61.92	59.81	57.74	55.66	53.65	51.65	49.67	47.72	45.88	44.22	42.57	40.98	39.56	38.21	36.88	35.58	34.40	33.29	32.37	31.48	30.63	29.80	28.97	28.34	27.80	27.43	27.20	27.00	
117.00	112.87	108.85	104.88	101.01	97.36	93.72	90.10	86.51	83.46	80.46	77.66	74.87	72.31	69.78	67.32	64.87	62.44	60.21	57.99	55.80	53.62	51.48	49.64	47.89	46.16	44.46	42.78	41.09	39.55	38.05	36.83	35.70	34.96	34.25	33.81	33.38	33.07	32.79	32.52	32.25	32.06	32.00	
103.00	99.78	96.67	93.62	90.60	87.59	84.73	82.13	79.55	76.98	74.48	71.97	69.54	67.28	65.09	63.01	60.97	58.95	56.96	55.00	53.10	51.20	49.35	47.54	45.77	44.15	42.88	41.71	40.62	39.60	38.69	37.89	37.14	36.44	35.75	35.06	34.38	33.84	33.30	32.80	32.50	32.28	32.06	32.01	32.00	
119.00	114.57	110.27	106.13	102.13	98.20	94.31	90.56	86.88	83.28	79.84	76.39	72.99	69.59	66.41	63.56	60.76	57.97	55.29	52.74	50.29	47.93	46.09	44.28	42.60	40.93	39.34	37.84	36.46	35.13	33.95	32.82	31.81	31.18	30.74	30.31	29.90	29.48	29.12	28.80	28.50	28.23	28.00	
121.00	117.10	113.20	109.35	105.66	101.97	98.30	94.69	91.31	87.94	84.57	81.20	78.01	74.87	71.87	68.90	66.20	63.68	61.25	58.86	56.52	54.23	51.98	49.83	47.74	45.74	43.76	41.79	39.82	38.05	36.30	34.72	33.54	32.52	31.58	30.90	30.23	29.65	29.23	28.83	28.43	28.06	28.00	
102.00	98.60	95.31	92.08	88.97	85.90	83.01	80.15	77.29	74.55	71.92	69.37	66.82	64.28	62.04	59.85	57.66	55.50	53.57	51.64	49.76	47.88	46.12	44.45	42.80	41.24	39.79	38.42	37.26	36.15	35.10	34.05	33.14	32.39	31.84	31.35	30.99	30.66	30.33	30.15	30.00	
107.00	103.28	99.71	96.21	92.71	89.31	85.95	82.90	80.05	77.28	74.52	71.78	69.13	66.52	63.98	61.58	59.18	56.92	54.84	52.93	51.16	49.46	47.88	46.32	44.88	43.49	42.13	40.87	39.61	38.38	37.22	36.24	35.27	34.33	33.42	32.53	31.69	30.87	30.24	29.63	29.05	28.48	28.08	28.00	
119.00	114.53	110.10	105.67	101.35	97.34	93.33	89.38	85.48	81.98	78.52	75.05	71.79	68.56	65.50	62.50	59.51	56.60	53.77	51.04	48.46	46.19	44.00	41.87	39.93	38.49	37.11	35.74	34.42	33.28	32.19	31.27	30.37	29.64	29.06	28.49	27.96	27.54	27.34	27.15	27.00	
102.00	98.55	95.15	91.77	88.48	85.38	82.33	79.35	76.48	73.61	70.85	68.11	65.45	62.95	60.64	58.56	56.52	54.58	52.68	50.91	49.16	47.47	45.79	44.17	42.58	41.10	39.64	38.27	36.99	35.79	34.82	33.89	32.97	32.06	31.20	30.35	29.60	28.99	28.42	27.99	27.65	27.41	27.19	27.00	27.00	
115.00	111.34	107.96	104.58	101.26	97.94	94.64	91.36	88.15	84.94	81.81	78.97	76.22	73.55	70.92	68.33	65.76	63.37	61.02	58.68	56.38	54.19	52.07	50.05	48.10	46.19	44.31	42.45	40.66	39.01	37.36	35.86	34.44	33.16	31.92	31.15	30.45	29.76	29.24	28.84	28.56	28.30	28.10	28.00	
123.00	118.38	113.76	109.26	104.79	100.46	96.28	92.11	88.11	84.15	80.64	77.14	73.66	70.49	67.36	64.36	61.42	58.52	55.81	53.24	50.69	48.63	46.62	44.65	42.84	41.28	39.84	38.47	37.11	35.77	34.46	33.29	32.28	31.49	30.88	30.41	30.28	30.17	30.07	30.03	30.00	
116.00	112.13	108.33	104.62	100.91	97.24	93.79	90.36	87.14	84.10	81.06	78.13	75.20	72.29	69.43	66.58	63.99	61.44	58.97	56.54	54.23	52.05	49.99	47.94	45.95	44.11	42.74	41.55	40.45	39.40	38.37	37.46	36.56	35.76	35.03	34.32	33.63	33.06	32.68	32.31	32.07	32.00	
105.00	101.39	97.83	94.40	91.05	87.70	84.41	81.20	78.03	74.87	71.80	68.90	66.29	63.76	61.23	58.79	56.63	54.52	52.42	50.42	48.43	46.45	44.52	42.73	41.24	39.75	38.27	36.86	35.53	34.48	33.48	32.59	31.76	30.95	30.25	29.56	28.88	28.24	27.72	27.29	27.10	27.02	27.00	
123.00	118.79	114.79	111.04	107.32	103.61	100.14	96.81	93.55	90.37	87.36	84.40	81.49	78.60	76.00	73.42	70.84	68.31	65.83	63.43	61.05	58.70	56.48	54.38	52.39	50.44	48.54	46.65	44.84	43.24	41.73	40.24	38.80	37.39	36.37	35.46	34.76	34.07	33.55	33.16	32.78	32.46	32.20	32.00	
112.00	108.44	104.99	101.64	98.30	95.04	91.82	88.63	85.46	82.29	79.26	76.25	73.25	70.34	67.84	65.40	63.05	60.77	58.55	56.34	54.25	52.31	50.40	48.57	46.84	45.19	43.56	41.96	40.48	39.22	37.97	36.76	35.56	34.39	33.35	32.31	31.29	30.27	29.49	28.76	28.12	27.50	27.04	27.00	
111.00	107.14	103.31	99.57	95.96	92.41	89.06	85.92	82.78	79.70	76.77	73.89	71.04	68.22	65.49	62.79	60.18	57.81	55.68	53.64	51.64	49.64	47.67	45.72	43.91	42.24	40.74	39.30	37.97	36.87	35.82	34.84	33.97	33.12	32.33	31.64	31.18	30.74	30.35	30.02	30.00	
105.00	101.40	98.00	94.72	91.50	88.32	85.19	82.20	79.35	76.54	73.75	71.04	68.34	65.70	63.09	60.63	58.50	56.50	54.53	52.61	50.74	48.89	47.10	45.39	43.76	42.21	40.69	39.42	38.40	37.55	36.74	36.00	35.31	34.62	33.95	33.50	33.11	32.78	32.48	32.23	32.00	
105.00	101.87	98.75	95.66	92.57	89.58	86.74	84.02	81.31	78.65	76.00	73.36	70.77	68.22	65.89	63.59	61.32	59.19	57.08	54.96	52.88	50.82	48.78	46.79	44.85	43.03	41.25	39.57	38.12	36.96	35.82	34.85	34.08	33.31	32.68	32.07	31.59	31.22	30.90	30.63	30.39	30.14	30.00	
118.00	113.81	109.77	105.76	101.81	98.07	94.36	90.71	87.09	83.62	80.18	76.75	73.44	70.25	67.17	64.10	61.17	58.59	56.04	53.50	51.00	49.08	47.22	45.40	43.66	41.95	40.40	38.85	37.40	36.10	34.93	33.89	33.03	32.18	31.38	30.71	30.12	29.76	29.42	29.16	29.09	29.03	29.00	
114.00	109.92	105.95	102.09	98.37	94.68	90.98	87.31	83.70	80.14	76.71	73.48	70.42	67.46	64.72	62.01	59.37	56.92	54.64	52.42	50.44	48.71	47.12	45.61	44.12	42.66	41.31	39.96	38.64	37.32	36.10	34.91	33.81	32.99	32.17	31.36	30.58	29.84	29.31	28.85	28.60	28.39	28.26	28.12	28.00	
122.00	117.80	113.79	109.79	105.89	102.09	98.39	94.89	91.71	88.55	85.42	82.32	79.34	76.35	73.43	70.51	67.64	64.79	62.07	59.36	56.81	54.33	51.99	49.80	47.62	45.56	43.58	41.66	39.80	38.15	36.62	35.38	34.14	32.96	31.83	30.82	29.87	29.05	28.42	27.80	27.51	27.25	27.11	27.00	
111.00	106.78	102.71	98.65	94.60	90.68	86.79	82.95	79.24	75.59	72.32	69.14	66.04	63.02	60.03	57.13	54.34	51.60	49.03	46.72	44.50	42.49	40.56	38.81	37.25	35.80	34.51	33.28	32.26	31.32	30.60	29.89	29.27	28.66	28.26	27.87	27.50	27.33	27.17	27.06	27.00	
103.00	100.06	97.20	94.37	91.58	88.84	86.12	83.47	80.90	78.33	75.78	73.27	70.84	68.60	66.37	64.15	62.02	59.91	57.86	55.95	54.11	52.28	50.53	48.86	47.29	45.74	44.27	42.86	41.49	40.24	39.02	37.91	36.84	35.92	35.08	34.47	33.88	33.34	32.81	32.36	31.98	31.67	31.38	31.12	31.00	
102.00	99.02	96.07	93.17	90.34	87.59	84.85	82.21	79.63	77.07	74.53	72.01	69.52	67.08	64.69	62.34	60.11	57.94	55.96	53.98	52.15	50.32	48.51	46.77	45.04	43.56	42.25	41.01	39.79	38.60	37.50	36.51	35.56	34.73	34.02	33.36	32.74	32.17	31.62	31.32	31.20	31.10	31.01	31.00	
119.00	113.78	108.97	104.23	100.11	96.12	92.15	88.44	84.86	81.31	77.88	74.51	71.19	67.95	65.07	62.31	59.58	57.00	54.45	52.15	49.98	47.84	45.75	44.00	42.26	40.73	39.27	37.90	36.65	35.44	34.30	33.20	32.27	31.41	30.64	29.90	29.39	28.92	28.45	28.12	28.03	28.00	
104.00	100.32	96.75	93.22	89.72	86.29	82.94	79.76	76.61	73.64	70.73	67.83	64.95	62.45	60.00	57.56	55.14	53.07	51.08	49.13	47.42	45.75	44.16	42.60	41.08	39.58	38.24	36.91	35.65	34.46	33.32	32.41	31.53	30.69	29.91	29.30	28.92	28.61	28.35	28.17	28.00	
121.00	117.17	113.40	109.79	106.23	102.75	99.28	96.07	92.91	89.81	86.81	83.93	81.28	78.63	75.99	73.37	70.76	68.16	65.59	63.10	60.65	58.44	56.25	54.20	52.18	50.19	48.45	46.76	45.20	43.66	42.20	40.77	39.40	38.07	36.91	35.80	34.80	33.90	33.17	32.52	32.02	31.67	31.34	31.16	31.00	
114.00	109.91	105.90	102.07	98.25	94.52	90.82	87.36	84.06	80.86	77.69	74.54	71.43	68.39	65.36	62.62	60.00	57.40	55.00	52.72	50.54	48.48	46.47	44.49	42.70	41.05	39.50	38.03	36.56	35.18	33.95	32.77	31.74	30.76	29.94	29.17	28.53	27.96	27.41	27.22	27.03	27.00	
112.00	108.40	104.84	101.43	98.02	94.64	91.43	88.39	85.42	82.48	79.55	76.63	73.72	70.97	68.23	65.92	63.90	61.97	60.14	58.30	56.48	54.67	52.89	51.15	49.42	47.71	46.00	44.48	43.07	41.77	40.47	39.20	38.00	37.04	36.15	35.27	34.41	33.61	32.84	32.12	31.44	30.79	30.16	30.02	30.00	
108.00	104.53	101.12	97.92	94.86	91.88	88.92	86.03	83.15	80.31	77.48	74.87	72.32	69.79	67.28	64.83	62.50	60.17	57.99	55.83	53.67	51.54	49.48	47.46	45.55	43.67	41.86	40.15	38.64	37.21	35.92	34.67	33.49	32.39	31.36	30.49	29.93	29.49	29.05	28.62	28.34	28.16	28.01	28.00	
106.00	102.88	99.78	96.72	93.74	90.78	87.89	85.09	82.35	79.77	77.21	74.65	72.14	69.69	67.25	64.90	62.59	60.37	58.17	55.98	53.93	51.91	49.89	48.02	46.17	44.37	42.84	41.36	40.02	38.79	37.57	36.41	35.30	34.26	33.41	32.72	32.24	31.81	31.42	31.10	31.05	31.02	31.00	
113.00	109.03	105.45	101.87	98.38	94.90	91.43	87.97	84.66	81.41	78.22	75.02	72.03	69.33	66.89	64.62	62.49	60.38	58.35	56.36	54.39	52.47	50.61	48.75	46.97	45.19	43.42	41.65	40.09	38.56	37.09	36.10	35.25	34.62	34.01	33.49	33.02	32.71	32.47	32.25	32.14	32.07	32.00	
105.00	101.78	98.65	95.54	92.49	89.46	86.44	83.42	80.55	77.70	74.93	72.26	69.63	67.01	64.44	61.88	59.38	57.05	54.72	52.50	50.40	48.42	46.45	44.72	43.00	41.28	39.92	38.63	37.35	36.14	35.04	34.02	33.08	32.18	31.33	30.59	29.88	29.20	28.54	27.90	27.30	27.00	
116.00	111.99	108.06	104.22	100.39	96.61	92.94	89.35	85.90	82.56	79.25	76.11	73.05	70.19	67.53	64.94	62.49	60.07	57.69	55.38	53.31	51.23	49.20	47.26	45.37	43.55	41.81	40.17	38.67	37.21	35.76	34.33	33.00	31.83	30.79	29.76	28.85	27.95	27.37	27.19	27.05	27.00	
109.00	105.05	101.41	98.08	94.89	91.71	88.64	85.86	83.16	80.48	77.86	75.30	72.77	70.39	68.06	65.98	63.90	61.83	59.82	57.80	55.80	53.86	51.94	50.02	48.13	46.36	44.65	42.94	41.31	39.77	38.36	36.99	35.71	34.65	33.67	32.74	31.93	31.26	30.59	30.06	29.54	29.28	29.12	29.00	
112.00	108.00	104.12	100.27	96.85	93.68	90.57	87.55	84.57	81.61	78.85	76.12	73.41	70.70	68.03	65.43	62.94	60.47	58.20	56.03	53.91	51.89	50.00	48.34	46.69	45.11	43.57	42.06	40.82	39.61	38.41	37.43	36.44	35.48	34.65	33.84	33.26	32.79	32.39	32.16	32.09	32.04	32.00	
104.00	99.99	95.99	92.14	88.52	85.04	81.77	78.63	75.67	73.22	70.81	68.43	66.13	64.03	62.13	60.27	58.42	56.58	54.80	53.06	51.41	49.79	48.17	46.59	45.13	43.80	42.54	41.42	40.32	39.25	38.26	37.30	36.39	35.56	34.74	34.03	33.42	32.86	32.59	32.33	32.09	32.00	
122.00	117.65	113.35	109.06	105.07	101.22	97.38	93.64	89.90	86.39	83.13	79.97	76.83	73.87	70.96	68.15	65.40	62.67	60.06	57.57	55.10	52.74	50.43	48.17	46.03	44.09	42.16	40.24	38.63	37.20	36.00	34.80	33.63	32.60	31.58	30.71	30.01	29.31	28.72	28.21	28.02	28.00	
116.00	112.41	108.85	105.36	101.89	98.55	95.22	92.09	88.99	85.94	82.93	80.01	77.08	74.16	71.24	68.33	65.48	62.71	60.02	57.57	55.22	52.93	50.66	48.50	46.60	44.70	42.87	41.06	39.44	37.88	36.32	34.85	33.63	32.63	31.64	30.91	30.21	29.76	29.34	28.95	28.60	28.29	28.00	
118.00	114.16	110.32	106.68	103.05	99.65	96.29	92.95	89.65	86.42	83.19	80.06	77.01	74.06	71.31	68.57	65.89	63.37	60.86	58.36	55.92	53.66	51.45	49.41	47.48	45.69	43.94	42.29	40.71	39.26	37.85	36.55	35.40	34.29	33.47	32.96	32.58	32.32	32.12	32.05	32.00	
102.00	98.91	95.83	92.78	89.77	86.89	84.03	81.20	78.43	75.67	72.98	70.37	67.84	65.36	62.98	60.78	58.62	56.59	54.62	52.66	50.75	48.84	46.97	45.37	43.79	42.23	40.82	39.49	38.17	36.88	35.66	34.57	33.66	32.82	32.02	31.23	30.62	30.08	29.72	29.46	29.25	29.05	29.00	
102.00	98.90	95.87	92.88	89.89	87.07	84.27	81.62	79.01	76.45	73.92	71.40	68.93	66.50	64.13	61.78	59.49	57.21	55.11	53.08	51.12	49.18	47.48	45.90	44.41	42.96	41.64	40.45	39.28	38.12	37.20	36.30	35.41	34.53	33.67	32.85	32.10	31.52	31.11	30.70	30.44	30.19	30.07	30.01	30.00	
101.00	97.81	94.62	91.60	88.66	85.83	83.04	80.28	77.56	74.87	72.27	69.90	67.60	65.30	63.04	60.91	58.79	56.69	54.74	52.79	50.89	49.16	47.56	45.97	44.59	43.25	42.02	40.81	39.69	38.60	37.53	36.57	35.73	34.97	34.22	33.65	33.10	32.55	32.14	31.76	31.44	31.20	31.11	31.06	31.00	
102.00	98.62	95.35	92.15	89.05	85.95	82.88	79.82	76.88	73.99	71.48	69.01	66.62	64.23	61.85	59.56	57.34	55.14	53.04	50.98	49.11	47.27	45.47	43.72	42.00	40.38	38.77	37.24	35.78	34.44	33.43	32.66	31.90	31.18	30.46	29.83	29.37	28.93	28.59	28.34	28.15	28.00	
102.00	98.73	95.49	92.37	89.25	86.25	83.39	80.59	77.86	75.17	72.54	69.92	67.34	64.79	62.32	59.86	57.52	55.20	52.93	50.81	48.86	47.02	45.32	43.64	41.96	40.29	38.70	37.14	35.64	34.24	32.92	31.72	30.96	30.22	29.63	29.15	28.85	28.55	28.33	28.14	28.00	
104.00	99.84	96.12	92.64	89.31	86.01	82.81	79.65	76.50	73.48	70.51	67.56	64.74	61.94	59.29	56.76	54.32	51.90	49.64	47.60	45.67	43.77	41.95	40.26	38.94	37.76	36.62	35.58	34.58	33.59	32.61	31.76	30.91	30.06	29.44	28.83	28.29	27.93	27.59	27.25	27.11	27.00	
116.00	112.05	108.11	104.26	100.46	96.70	93.14	89.60	86.38	83.20	80.10	77.02	74.06	71.12	68.22	65.48	62.80	60.17	57.74	55.36	52.99	50.91	48.85	46.79	44.82	42.91	41.25	39.61	38.19	36.92	35.88	35.22	34.57	33.94	33.34	32.77	32.22	31.81	31.43	31.14	31.05	31.00	
121.00	116.83	112.69	108.57	104.64	100.76	96.94	93.14	89.44	85.80	82.20	78.74	75.41	72.40	69.42	66.49	63.71	60.97	58.34	55.73	53.50	51.28	49.08	47.07	45.11	43.15	41.19	39.58	38.18	36.81	35.52	34.24	33.00	32.31	31.65	31.10	30.58	30.27	29.98	29.71	29.44	29.20	29.00	
108.00	104.31	100.80	97.31	94.00	90.72	87.48	84.26	81.36	78.70	76.20	73.70	71.28	68.96	66.75	64.55	62.39	60.23	58.14	56.09	54.06	52.05	50.07	48.17	46.28	44.46	42.65	40.89	39.18	37.51	35.90	34.41	32.99	31.91	30.99	30.30	29.65	29.16	28.76	28.51	28.33	28.18	28.08	28.00	
102.00	97.97	93.99	90.21	86.95	83.79	80.63	77.89	75.25	72.67	70.09	67.58	65.07	62.57	60.24	58.32	56.45	54.60	52.83	51.07	49.35	47.63	46.03	44.44	42.87	41.33	39.80	38.30	36.84	35.50	34.27	33.28	32.41	31.63	30.90	30.20	29.54	28.93	28.57	28.22	28.07	28.00	
107.00	102.58	98.68	94.92	91.18	87.48	83.91	80.38	76.86	73.39	70.41	67.71	65.07	62.63	60.29	58.06	55.92	53.85	51.80	49.96	48.19	46.52	44.87	43.34	41.86	40.44	39.05	37.83	36.64	35.55	34.50	33.47	32.54	31.70	30.87	30.09	29.46	28.87	28.53	28.21	28.04	28.00	
105.00	101.76	98.55	95.39	92.45	89.62	86.81	84.17	81.53	78.89	76.29	73.73	71.17	68.79	66.45	64.12	61.80	59.52	57.26	55.04	52.87	50.87	49.03	47.26	45.59	44.06	42.73	41.52	40.36	39.36	38.38	37.41	36.44	35.49	34.55	33.62	32.80	32.00	31.32	30.88	30.57	30.33	30.12	30.00	
101.00	97.29	93.68	90.09	86.54	83.22	80.29	77.42	74.68	71.97	69.36	66.82	64.41	62.04	59.75	57.50	55.29	53.14	51.14	49.26	47.61	45.99	44.46	42.97	41.49	40.07	38.75	37.61	36.48	35.53	34.59	33.68	32.79	32.00	31.30	30.62	30.14	29.68	29.25	29.07	29.02	29.00	
114.00	109.63	105.27	101.07	96.93	93.14	89.42	85.79	82.49	79.22	75.98	72.83	69.96	67.17	64.39	61.75	59.16	56.60	54.11	51.69	49.46	47.39	45.37	43.59	41.84	40.18	38.67	37.30	36.01	34.79	33.71	32.72	31.97	31.33	30.82	30.35	29.93	29.57	29.29	29.12	29.00	
123.00	117.89	113.04	108.39	103.98	100.22	96.51	92.90	89.43	86.00	82.66	79.38	76.27	73.39	70.55	67.85	65.29	62.75	60.24	58.02	56.00	53.99	52.00	50.25	48.54	46.83	45.13	43.59	42.05	40.75	39.46	38.18	36.92	35.71	34.55	33.45	32.59	31.73	30.95	30.23	29.66	29.31	29.02	29.00	
123.00	118.78	114.73	110.68	106.72	103.01	99.40	95.86	92.43	89.01	85.69	82.44	79.19	75.96	72.78	69.70	66.80	63.97	61.16	58.60	56.20	53.83	51.53	49.47	47.49	45.53	43.72	41.95	40.29	38.72	37.19	35.82	34.54	33.60	33.01	32.54	32.11	31.72	31.34	31.16	31.05	31.00	
101.00	97.76	94.52	91.53	88.63	85.76	82.89	80.09	77.46	74.90	72.37	70.11	67.87	65.65	63.46	61.52	59.60	57.78	56.02	54.29	52.59	51.00	49.42	47.96	46.60	45.27	43.98	42.71	41.51	40.32	39.17	38.05	36.94	35.83	34.82	33.89	32.99	32.16	31.36	31.11	31.00	
106.00	102.59	99.42	96.25	93.15	90.16	87.27	84.39	81.57	78.79	76.05	73.33	70.68	68.16	65.74	63.32	60.98	58.71	56.44	54.26	52.25	50.43	48.62	46.95	45.38	43.88	42.44	41.28	40.18	39.08	37.99	36.91	35.93	34.96	34.05	33.21	32.44	31.72	31.12	30.55	29.99	29.47	29.15	29.01	29.00	
110.00	105.85	101.74	97.75	93.79	90.16	86.58	83.03	79.53	76.08	72.64	69.25	65.96	62.87	60.05	57.27	54.60	52.03	49.50	46.97	44.60	42.68	40.84	39.03	37.24	35.55	34.17	32.90	31.86	31.22	30.59	29.98	29.37	28.82	28.40	28.01	27.64	27.38	27.27	27.16	27.08	27.00	
122.00	118.00	114.00	110.28	106.57	102.86	99.25	95.66	92.13	88.68	85.30	81.98	78.67	75.47	72.47	69.65	66.84	64.08	61.34	58.62	56.21	53.94	51.70	49.51	47.34	45.21	43.11	41.14	39.69	38.29	37.03	36.09	35.22	34.35	33.49	32.64	31.85	31.08	30.42	29.81	29.45	29.12	29.05	29.00	
101.00	97.71	94.45	91.26	88.07	85.06	82.16	79.30	76.54	73.91	71.33	68.79	66.26	63.75	61.42	59.23	57.07	54.99	53.03	51.07	49.17	47.29	45.50	43.73	41.99	40.26	38.65	37.16	35.72	34.55	33.47	32.42	31.39	30.38	29.66	29.07	28.49	27.99	27.51	27.27	27.03	27.01	27.00	
120.00	116.36	112.81	109.34	105.94	102.56	99.25	96.00	92.79	89.63	86.50	83.39	80.33	77.29	74.42	71.55	68.85	66.20	63.71	61.26	58.90	56.54	54.31	52.11	49.92	47.79	45.79	44.27	42.84	41.66	40.49	39.35	38.23	37.15	36.09	35.05	34.05	33.18	32.50	31.94	31.58	31.33	31.12	31.00	
121.00	117.26	113.53	109.86	106.25	102.66	99.14	95.62	92.16	88.82	85.50	82.29	79.32	76.40	73.56	70.74	68.05	65.40	62.78	60.20	57.65	55.44	53.37	51.57	49.96	48.42	46.93	45.49	44.07	42.73	41.48	40.24	39.04	37.93	36.85	35.78	34.73	33.92	33.16	32.50	32.00	31.54	31.29	31.09	31.00	
107.00	103.67	100.40	97.20	94.01	90.83	87.79	84.79	81.79	79.18	76.64	74.19	71.76	69.36	67.10	64.84	62.63	60.45	58.30	56.29	54.34	52.50	50.74	49.12	47.51	46.04	44.58	43.19	41.82	40.48	39.20	38.09	37.21	36.33	35.50	34.77	34.06	33.38	32.85	32.38	32.00	
104.00	100.58	97.18	93.98	90.80	87.69	84.57	81.48	78.58	75.72	72.90	70.15	67.76	65.38	63.15	60.95	58.93	56.93	54.98	53.04	51.11	49.36	47.61	45.92	44.49	43.11	41.81	40.72	39.69	38.79	37.91	37.05	36.29	35.56	34.87	34.31	33.83	33.41	32.99	32.63	32.28	32.00	
102.00	98.78	95.73	92.79	89.94	87.11	84.34	81.62	78.92	76.33	73.74	71.16	68.65	66.25	63.95	61.67	59.41	57.17	54.96	52.77	50.60	48.54	46.51	44.55	42.64	40.95	39.42	38.00	36.64	35.29	34.02	32.76	31.65	30.61	29.60	28.69	28.13	27.62	27.25	27.00	27.00	
114.00	109.91	105.91	102.26	98.63	95.27	92.04	88.96	85.94	82.95	80.02	77.10	74.29	71.60	68.93	66.39	63.97	61.59	59.22	56.99	54.96	52.92	51.06	49.25	47.48	45.74	44.07	42.42	40.83	39.31	37.84	36.40	35.28	34.35	33.50	32.69	31.90	31.33	30.86	30.44	30.18	30.05	30.00	
109.00	104.77	100.60	96.59	92.76	88.99	85.64	82.78	79.99	77.31	74.66	72.22	69.80	67.45	65.12	62.80	60.51	58.31	56.21	54.20	52.23	50.40	48.73	47.10	45.54	44.08	42.62	41.21	40.11	39.03	37.96	36.92	35.91	34.91	33.92	32.94	32.04	31.15	30.29	29.45	28.65	27.90	27.17	27.03	27.00	
116.00	112.37	108.77	105.22	101.74	98.28	95.00	91.73	88.53	85.35	82.24	79.13	76.04	73.02	70.01	67.45	64.90	62.37	59.85	57.36	54.94	52.55	50.67	48.83	47.03	45.25	43.50	41.85	40.27	38.81	37.50	36.59	35.90	35.24	34.63	34.04	33.57	33.16	32.78	32.44	32.11	32.01	32.00	
117.00	112.91	108.88	104.97	101.11	97.34	93.65	90.07	86.51	83.45	80.38	77.36	74.36	71.52	68.73	66.11	63.51	60.92	58.59	56.28	54.06	51.91	49.75	47.65	45.60	43.80	42.10	40.67	39.28	37.93	36.69	35.49	34.34	33.36	32.39	31.96	31.60	31.38	31.23	31.11	31.03	31.00	
117.00	113.69	110.42	107.14	104.02	100.91	97.81	94.72	91.69	88.70	85.72	82.99	80.27	77.71	75.18	72.69	70.22	67.76	65.33	63.00	60.72	58.46	56.23	54.16	52.12	50.13	48.20	46.31	44.47	43.00	41.54	40.14	38.84	37.66	36.66	35.72	34.89	34.10	33.43	32.81	32.19	31.66	31.42	31.18	31.00	
104.00	100.85	97.71	94.72	91.73	88.74	85.87	83.02	80.21	77.44	74.68	72.06	69.47	66.94	64.43	62.20	59.96	57.83	55.74	53.69	51.75	49.91	48.12	46.41	44.72	43.23	41.84	40.49	39.16	37.86	36.64	35.48	34.41	33.37	32.39	31.51	30.76	30.01	29.50	29.26	29.15	29.05	29.00	
107.00	103.82	100.65	97.49	94.45	91.50	88.76	86.10	83.47	80.89	78.33	75.83	73.40	71.00	68.66	66.35	64.11	61.96	59.86	57.78	55.72	53.68	51.69	49.72	47.84	46.19	44.54	42.91	41.30	39.70	38.31	36.98	35.70	34.55	33.43	32.59	31.83	31.17	30.53	29.90	29.29	28.75	28.23	28.11	28.00	
101.00	98.09	95.22	92.38	89.59	86.88	84.19	81.53	78.91	76.30	73.71	71.15	68.95	66.78	64.69	62.76	60.89	59.07	57.35	55.69	54.08	52.48	50.90	49.40	47.96	46.61	45.31	44.06	42.90	41.75	40.60	39.47	38.41	37.35	36.30	35.34	34.49	33.71	33.09	32.56	32.04	31.56	31.19	31.00	
116.00	111.74	107.74	103.82	100.01	96.28	92.65	89.08	85.54	81.99	78.55	75.12	71.75	68.53	65.34	62.18	59.16	56.38	53.60	50.92	48.36	45.92	43.74	41.56	39.54	38.00	36.51	35.16	34.02	33.01	32.07	31.17	30.41	29.72	29.08	28.57	28.06	27.63	27.25	27.00	27.00	
106.00	102.63	99.29	95.99	92.74	89.54	86.38	83.46	80.56	77.68	74.80	71.95	69.22	66.50	63.94	61.47	59.10	56.85	54.66	52.50	50.33	48.18	46.30	44.44	42.62	40.93	39.46	38.02	36.66	35.39	34.23	33.41	32.60	31.83	31.21	30.60	30.17	29.77	29.51	29.29	29.17	29.05	29.00	
123.00	118.79	114.75	110.75	106.75	102.75	98.79	94.86	91.01	87.29	83.67	80.08	76.94	73.98	71.02	68.19	65.43	62.72	60.33	57.98	55.68	53.56	51.54	49.52	47.54	45.59	43.93	42.33	40.75	39.39	38.03	36.91	35.85	34.81	34.00	33.31	32.69	32.06	31.53	31.26	31.10	31.00	
121.00	117.27	113.68	110.17	106.69	103.22	99.83	96.55	93.32	90.11	87.06	84.04	81.03	78.04	75.05	72.20	69.44	66.76	64.13	61.58	59.26	56.96	54.77	52.62	50.46	48.38	46.35	44.36	42.45	40.85	39.45	38.06	36.76	35.86	35.07	34.47	33.94	33.42	32.92	32.48	32.24	32.11	32.05	32.00	
110.00	105.79	101.61	97.46	93.64	89.98	86.43	83.03	79.64	76.25	72.90	69.57	66.28	63.13	60.01	57.09	54.18	51.41	49.24	47.12	45.08	43.18	41.46	39.95	38.58	37.33	36.10	34.90	33.86	32.91	32.05	31.21	30.39	29.69	29.13	28.59	28.06	27.70	27.35	27.15	27.00	
113.00	108.85	105.08	101.57	98.06	94.59	91.21	87.89	84.59	81.32	78.09	75.06	72.10	69.18	66.31	63.55	60.94	58.44	56.36	54.29	52.33	50.43	48.58	46.74	44.97	43.23	41.52	39.95	38.54	37.40	36.33	35.33	34.57	33.92	33.29	32.70	32.14	31.64	31.34	31.09	31.00	
102.00	98.90	95.89	93.01	90.23	87.46	84.69	82.00	79.34	76.78	74.23	71.75	69.34	66.96	64.65	62.40	60.16	57.92	55.77	53.62	51.51	49.54	47.61	45.78	44.03	42.43	40.97	39.60	38.31	37.06	35.82	34.62	33.46	32.37	31.28	30.60	30.02	29.45	28.91	28.37	27.83	27.30	27.03	27.01	27.00	
114.00	110.03	106.12	102.23	98.47	94.75	91.07	87.49	84.06	80.71	77.39	74.12	71.00	68.03	65.08	62.16	59.41	56.69	54.00	51.41	48.95	46.71	44.55	42.67	41.17	39.72	38.31	36.93	35.72	34.52	33.57	32.73	31.95	31.20	30.51	29.87	29.25	28.79	28.50	28.22	28.07	28.00	
106.00	101.47	97.08	92.86	88.67	84.59	80.82	77.20	73.78	70.69	67.64	64.66	61.78	59.05	56.62	54.50	52.43	50.38	48.38	46.63	44.91	43.25	41.62	40.05	38.53	37.28	36.06	34.85	33.70	32.60	31.64	30.79	30.09	29.42	28.83	28.25	27.81	27.44	27.13	27.06	27.01	27.00	
106.00	102.37	98.77	95.36	91.99	88.66	85.44	82.33	79.25	76.20	73.27	70.63	68.34	66.12	63.92	61.79	59.71	57.71	55.72	53.79	51.98	50.23	48.52	46.87	45.25	43.63	42.02	40.48	39.07	37.80	36.59	35.39	34.33	33.43	32.87	32.44	32.05	31.69	31.36	31.07	31.00	
119.00	114.90	110.95	107.11	103.31	99.63	95.98	92.43	88.99	85.55	82.19	78.88	75.68	72.53	69.55	66.60	63.74	61.02	58.52	56.22	54.17	52.22	50.30	48.64	47.10	45.56	44.07	42.60	41.20	39.86	38.61	37.40	36.20	35.09	34.06	33.11	32.47	31.92	31.39	30.94	30.66	30.39	30.17	30.00	
108.00	104.53	101.13	97.78	94.54	91.35	88.27	85.26	82.33	79.44	76.85	74.29	71.79	69.29	66.79	64.41	62.25	60.16	58.08	56.03	53.99	52.05	50.17	48.33	46.51	44.84	43.23	41.67	40.16	38.71	37.37	36.05	34.91	33.79	32.69	31.83	30.98	30.15	29.34	28.56	27.79	27.28	27.11	27.00	
113.00	108.50	104.11	99.87	96.22	92.69	89.33	86.11	82.98	79.91	76.85	73.85	70.92	68.02	65.22	62.58	59.95	57.33	54.88	52.51	50.37	48.25	46.17	44.23	42.62	41.18	39.76	38.41	37.19	36.11	35.08	34.10	33.21	32.33	31.49	30.79	30.09	29.41	28.81	28.23	27.78	27.35	27.12	27.02	27.00	
106.00	100.89	95.93	91.12	86.59	82.33	78.65	75.00	71.42	68.04	64.77	61.91	59.20	56.64	54.33	52.16	50.00	48.14	46.31	44.57	43.06	41.62	40.28	38.95	37.68	36.58	35.62	34.67	33.75	32.84	31.97	31.19	30.47	29.78	29.22	28.81	28.40	28.08	28.02	28.01	28.00	
101.00	97.68	94.45	91.29	88.16	85.10	82.11	79.28	76.56	73.97	71.41	68.93	66.50	64.11	61.86	59.62	57.42	55.28	53.15	51.07	49.08	47.21	45.35	43.59	42.03	40.58	39.25	37.97	36.70	35.45	34.22	33.22	32.26	31.44	30.67	29.92	29.20	28.51	28.24	28.05	28.00	
120.00	115.62	111.36	107.16	103.11	99.23	95.37	91.56	87.77	84.34	80.91	77.97	75.17	72.38	69.62	66.96	64.33	61.72	59.12	56.72	54.46	52.23	50.12	48.11	46.10	44.29	42.65	41.03	39.43	37.86	36.40	35.01	33.72	32.51	31.39	30.37	29.41	28.52	27.93	27.70	27.49	27.32	27.15	27.00	27.00	
114.00	110.47	106.95	103.46	100.00	96.66	93.55	90.51	87.48	84.52	81.61	78.77	75.97	73.22	70.52	67.82	65.17	62.61	60.11	57.70	55.34	53.22	51.13	49.07	47.04	45.02	43.06	41.42	39.84	38.33	36.85	35.82	34.85	34.13	33.55	33.01	32.60	32.21	31.85	31.54	31.34	31.21	31.14	31.06	31.00	
119.00	114.61	110.25	105.97	101.85	97.76	93.72	90.07	86.46	82.91	79.35	75.98	72.82	69.69	66.59	63.64	60.94	58.29	56.07	53.92	51.79	49.66	47.80	45.94	44.11	42.43	40.79	39.24	37.79	36.50	35.26	34.08	32.97	32.09	31.26	30.77	30.30	30.01	29.73	29.46	29.21	29.00	
107.00	103.61	100.27	97.08	93.89	90.73	87.73	84.76	81.80	78.86	75.99	73.26	70.68	68.14	65.65	63.19	60.91	58.69	56.50	54.43	52.49	50.60	48.84	47.12	45.50	43.94	42.52	41.14	39.81	38.62	37.49	36.37	35.28	34.19	33.13	32.13	31.13	30.21	29.29	28.66	28.18	28.03	28.01	28.00	
120.00	115.16	110.37	105.66	100.97	96.35	91.82	87.56	83.45	79.50	75.80	72.55	69.47	66.45	63.54	60.65	57.80	55.20	52.61	50.22	48.01	46.10	44.32	42.76	41.25	39.79	38.55	37.46	36.41	35.49	34.59	34.00	33.43	32.88	32.38	31.93	31.63	31.35	31.12	31.05	31.00	
114.00	110.09	106.33	102.64	99.12	95.62	92.16	88.80	85.48	82.27	79.37	76.55	73.85	71.21	68.63	66.11	63.63	61.26	59.13	57.04	54.96	52.92	51.01	49.16	47.47	45.81	44.16	42.53	40.92	39.38	37.88	36.48	35.20	33.94	33.00	32.12	31.38	30.72	30.11	29.71	29.42	29.29	29.16	29.07	29.00	
102.00	98.88	95.82	92.87	89.98	87.15	84.35	81.56	78.79	76.03	73.27	70.52	67.78	65.08	62.59	60.15	57.72	55.47	53.28	51.25	49.32	47.41	45.51	43.65	41.84	40.17	38.75	37.39	36.34	35.31	34.31	33.41	32.67	31.98	31.51	31.06	30.69	30.34	30.09	30.03	30.00	
123.00	119.10	115.23	111.37	107.52	103.68	99.86	96.06	92.39	88.84	85.48	82.23	79.17	76.22	73.33	70.52	67.79	65.07	62.41	59.78	57.47	55.22	52.98	50.81	48.94	47.09	45.25	43.63	42.03	40.48	39.04	37.63	36.25	35.01	33.90	33.08	32.30	31.57	30.99	30.48	30.37	30.27	30.17	30.08	30.00	
108.00	104.42	100.87	97.35	93.86	90.36	87.10	83.87	80.65	77.45	74.38	71.32	68.57	65.84	63.18	60.56	58.14	55.83	53.77	51.77	49.83	48.02	46.40	44.87	43.41	41.95	40.62	39.35	38.09	36.83	35.88	35.12	34.36	33.71	33.11	32.54	32.34	32.19	32.10	32.05	32.00	
113.00	109.16	105.51	101.87	98.30	94.79	91.31	87.83	84.59	81.35	78.12	75.27	72.46	69.66	66.88	64.11	61.66	59.25	56.91	54.61	52.43	50.31	48.24	46.26	44.30	42.45	40.67	38.93	37.29	35.66	34.13	32.74	31.40	30.12	29.12	28.27	27.75	27.38	27.23	27.10	27.00	
115.00	111.30	107.66	104.06	100.48	96.90	93.36	89.96	86.62	83.30	79.98	76.90	73.85	70.83	67.92	65.08	62.34	59.68	57.12	54.92	53.06	51.21	49.38	47.64	45.94	44.30	42.77	41.40	40.09	38.86	37.70	36.62	35.92	35.22	34.53	33.90	33.29	32.73	32.23	31.72	31.25	31.00	
115.00	111.22	107.51	103.82	100.17	96.53	92.91	89.69	86.56	83.51	80.73	77.96	75.31	72.67	70.10	67.68	65.29	63.02	60.77	58.77	56.77	55.00	53.27	51.54	49.86	48.22	46.72	45.24	43.80	42.37	40.95	39.55	38.26	37.08	35.91	35.05	34.23	33.42	32.71	32.06	31.56	31.22	31.14	31.07	31.00	
105.00	101.45	97.94	94.43	91.19	88.00	85.15	82.30	79.52	76.82	74.16	71.53	68.93	66.39	63.89	61.45	59.00	56.72	54.66	52.65	50.64	48.64	46.94	45.35	43.77	42.22	40.87	39.58	38.33	37.12	35.98	34.99	34.17	33.37	32.59	32.08	31.59	31.12	30.71	30.30	30.06	30.00	
118.00	113.52	109.06	104.69	100.48	96.30	92.30	88.51	84.86	81.43	78.06	74.84	71.62	68.66	65.81	63.23	60.76	58.35	55.97	53.61	51.28	49.17	47.11	45.24	43.51	41.82	40.18	38.65	37.34	36.15	35.10	34.28	33.53	32.85	32.19	31.57	30.97	30.41	29.85	29.51	29.31	29.16	29.07	29.01	29.00	
105.00	101.63	98.40	95.25	92.20	89.20	86.22	83.27	80.40	77.60	74.88	72.18	69.50	67.02	64.55	62.13	59.74	57.44	55.29	53.19	51.12	49.09	47.33	45.58	43.91	42.26	40.62	39.11	37.68	36.26	34.99	33.94	33.03	32.12	31.29	30.54	29.95	29.50	29.15	28.82	28.50	28.26	28.13	28.00	
123.00	118.36	113.76	109.36	104.98	100.71	96.46	92.48	88.72	85.08	81.63	78.30	75.00	71.77	68.65	65.64	63.02	60.63	58.29	56.00	53.84	51.79	49.82	47.88	46.12	44.64	43.23	41.86	40.71	39.60	38.51	37.53	36.58	35.63	34.77	33.94	33.14	32.42	31.72	31.07	30.47	30.32	30.18	30.05	30.00	
106.00	101.92	98.10	94.61	91.19	87.79	84.64	81.52	78.42	75.54	72.73	69.99	67.49	65.01	62.55	60.10	57.72	55.37	53.08	51.03	48.99	47.11	45.25	43.45	41.82	40.27	39.00	37.75	36.62	35.50	34.48	33.47	32.68	32.05	31.45	31.10	30.76	30.50	30.25	30.10	30.00	
108.00	103.15	98.49	94.77	91.26	87.89	84.73	81.65	78.62	75.72	72.82	70.21	67.61	65.38	63.20	61.02	58.85	56.70	54.73	52.78	50.85	49.00	47.41	45.84	44.42	43.05	41.75	40.48	39.45	38.43	37.40	36.40	35.45	34.52	33.62	32.99	32.43	32.23	32.07	32.03	32.00	
119.00	113.84	109.42	105.00	100.61	96.28	92.05	87.85	83.81	79.86	76.11	72.45	68.82	65.57	62.36	59.23	56.41	53.58	50.92	48.44	46.21	44.04	42.14	40.32	38.51	36.74	35.16	33.84	32.76	31.71	30.68	29.72	29.05	28.41	27.77	27.44	27.27	27.14	27.07	27.05	27.02	27.00	
103.00	99.45	95.93	92.55	89.22	86.03	83.04	80.10	77.23	74.46	71.82	69.20	66.67	64.37	62.07	59.80	57.62	55.43	53.27	51.47	49.73	48.04	46.39	44.75	43.23	41.76	40.28	38.84	37.63	36.45	35.33	34.35	33.46	32.60	31.89	31.49	31.12	30.81	30.49	30.25	30.04	30.00	
122.00	118.08	114.20	110.35	106.65	103.01	99.51	96.11	92.79	89.48	86.22	83.03	79.86	76.76	73.75	71.00	68.45	66.20	64.00	61.81	59.70	57.68	55.71	53.82	52.00	50.19	48.42	46.74	45.09	43.47	41.88	40.36	39.02	37.69	36.41	35.29	34.19	33.22	32.57	32.10	31.72	31.36	31.10	31.00	
108.00	104.39	100.85	97.34	94.01	90.72	87.64	84.59	81.58	78.57	75.58	72.66	69.90	67.23	64.61	62.05	59.56	57.08	54.63	52.21	49.84	47.48	45.17	43.12	41.23	39.41	37.72	36.17	34.81	33.58	32.46	31.61	30.77	29.95	29.26	28.69	28.15	27.68	27.26	27.03	27.00	
120.00	115.62	111.29	106.95	102.64	98.67	94.84	91.22	87.67	84.42	81.21	78.05	74.95	71.89	68.99	66.15	63.45	60.82	58.28	55.81	53.42	51.08	48.99	47.15	45.36	43.61	41.99	40.39	38.82	37.26	36.06	34.91	33.87	33.28	32.79	32.35	32.00	31.73	31.49	31.29	31.12	31.04	31.00	
110.00	105.85	102.29	98.74	95.23	91.74	88.26	84.78	81.38	78.11	74.84	71.66	68.57	65.56	62.72	59.98	57.37	54.82	52.68	50.59	48.52	46.49	44.62	42.82	41.10	39.44	37.86	36.29	34.97	33.90	32.86	31.87	31.12	30.45	29.81	29.25	28.70	28.41	28.20	28.03	28.00	
104.00	100.56	97.15	93.78	90.54	87.40	84.32	81.23	78.16	75.14	72.12	69.13	66.28	63.52	60.85	58.22	55.80	53.50	51.47	49.52	47.57	45.67	43.83	42.04	40.32	38.79	37.31	36.03	34.83	33.65	32.49	31.65	31.14	30.70	30.36	30.05	29.74	29.49	29.25	29.04	29.00	
115.00	110.49	106.05	101.64	97.48	93.76	90.06	86.69	83.35	80.15	77.20	74.28	71.43	68.68	65.94	63.22	60.64	58.06	55.57	53.22	51.20	49.23	47.27	45.38	43.60	41.92	40.31	38.71	37.41	36.18	34.98	33.92	32.91	32.14	31.39	30.67	30.08	29.72	29.47	29.22	29.10	29.04	29.01	29.00	
116.00	111.12	106.37	101.65	97.59	93.69	89.82	86.04	82.35	78.68	75.31	71.96	69.00	66.20	63.42	60.70	58.30	56.00	53.82	51.69	49.58	47.49	45.76	44.05	42.34	41.25	40.24	39.24	38.29	37.34	36.50	35.72	35.05	34.39	33.74	33.17	32.72	32.37	32.17	32.02	32.00	
111.00	107.58	104.22	100.94	97.72	94.52	91.50	88.50	85.51	82.55	79.68	76.89	74.13	71.39	68.76	66.21	63.75	61.32	58.90	56.54	54.24	52.02	49.83	47.71	45.64	43.72	41.82	39.94	38.17	36.47	34.90	33.40	32.12	31.39	30.67	30.00	29.36	28.93	28.72	28.53	28.39	28.26	28.14	28.05	28.00	
102.00	98.50	95.04	91.60	88.57	85.56	82.59	79.66	76.83	74.03	71.24	68.49	65.94	63.46	61.06	58.68	56.35	54.19	52.13	50.21	48.43	46.67	44.98	43.40	41.99	40.61	39.41	38.27	37.14	36.03	35.08	34.13	33.27	32.58	32.01	31.75	31.50	31.30	31.20	31.12	31.06	31.03	31.00	31.00	
113.00	109.16	105.40	101.65	97.90	94.38	90.90	87.45	84.05	80.68	77.54	74.48	71.42	68.42	65.61	62.94	60.30	57.77	55.42	53.09	50.85	48.77	46.85	44.97	43.11	41.61	40.19	38.99	37.88	36.77	35.92	35.15	34.42	33.74	33.14	32.54	32.01	31.51	31.02	30.68	30.38	30.24	30.11	30.00	
122.00	117.11	112.32	107.87	103.53	99.20	95.17	91.31	87.47	83.70	79.99	76.33	73.00	69.77	66.75	63.87	61.06	58.54	56.15	53.79	51.72	49.83	47.95	46.13	44.36	42.62	40.88	39.15	37.48	36.12	34.78	33.47	32.57	31.70	30.86	30.13	29.44	28.77	28.22	27.84	27.47	27.25	27.03	27.00	
123.00	118.29	113.63	109.05	104.61	100.20	95.80	91.45	87.50	83.81	80.33	77.13	73.92	70.94	68.00	65.13	62.32	59.53	56.90	54.37	51.95	49.73	47.78	45.85	43.93	42.03	40.39	38.97	37.61	36.59	35.61	34.75	33.92	33.14	32.44	31.80	31.36	30.92	30.60	30.30	30.09	30.00	
104.00	100.36	96.73	93.19	89.94	86.82	83.89	81.04	78.21	75.49	72.87	70.34	67.85	65.58	63.33	61.14	58.95	56.78	54.75	52.76	50.90	49.14	47.49	46.05	44.67	43.37	42.07	40.80	39.52	38.38	37.28	36.19	35.13	34.08	33.31	32.59	31.97	31.43	30.99	30.56	30.32	30.17	30.08	30.00	
115.00	110.54	106.13	101.78	97.64	93.59	89.68	85.83	82.01	78.22	74.47	70.75	67.10	63.67	60.28	57.30	54.57	51.93	49.68	47.49	45.68	44.09	42.50	40.94	39.46	38.00	36.86	35.77	34.68	33.73	32.84	32.08	31.41	30.81	30.21	29.63	29.08	28.56	28.12	27.77	27.48	27.23	27.14	27.06	27.00	
118.00	114.01	110.09	106.27	102.56	98.88	95.21	91.66	88.19	84.80	81.70	78.71	75.76	72.85	70.07	67.29	64.55	62.21	59.89	57.58	55.34	53.33	51.44	49.64	47.96	46.35	45.01	43.71	42.43	41.18	39.96	38.78	37.64	36.49	35.35	34.45	33.56	32.89	32.33	31.84	31.41	31.24	31.15	31.06	31.00	
120.00	114.98	110.17	105.56	100.98	96.69	92.42	88.16	84.62	81.37	78.12	75.14	72.23	69.54	66.88	64.35	61.83	59.58	57.44	55.37	53.32	51.42	49.58	47.77	46.10	44.43	42.84	41.28	39.77	38.51	37.26	36.14	35.09	34.08	33.25	32.45	31.91	31.44	31.02	30.65	30.31	30.15	30.00	
121.00	117.09	113.20	109.40	105.70	102.03	98.66	95.38	92.13	89.08	86.12	83.28	80.57	77.92	75.34	72.84	70.37	67.91	65.64	63.42	61.26	59.16	57.09	55.07	53.10	51.15	49.27	47.52	45.77	44.05	42.32	40.65	39.02	37.61	36.27	34.93	33.60	32.28	31.00	30.08	29.38	28.73	28.23	28.07	28.00	
101.00	97.30	93.66	90.17	86.71	83.29	79.88	76.55	73.38	70.25	67.24	64.24	61.27	58.55	55.98	53.51	51.20	49.06	47.05	45.23	43.63	42.25	40.89	39.55	38.24	36.98	35.73	34.58	33.43	32.33	31.39	30.61	30.02	29.48	28.94	28.45	28.06	27.78	27.52	27.29	27.08	27.00	
118.00	114.01	110.10	106.24	102.47	98.73	95.11	91.57	88.10	84.68	81.30	77.93	74.71	71.50	68.37	65.49	62.69	60.02	57.36	54.77	52.34	50.06	48.00	46.11	44.31	42.61	41.10	39.65	38.23	36.86	35.74	34.78	33.85	33.28	32.81	32.37	31.93	31.56	31.19	30.84	30.54	30.28	30.15	30.06	30.00	
123.00	118.24	113.56	109.00	104.52	100.43	96.35	92.28	88.30	84.31	81.16	78.23	75.46	72.74	70.10	67.51	64.94	62.50	60.08	57.71	55.43	53.17	51.07	49.04	47.15	45.50	43.91	42.36	40.84	39.47	38.32	37.25	36.20	35.18	34.21	33.32	32.43	31.76	31.10	30.51	30.27	30.12	30.00	
113.00	108.95	104.91	101.24	97.63	94.21	90.87	87.66	84.45	81.29	78.41	75.62	72.97	70.41	67.92	65.45	63.01	60.80	58.73	56.74	54.80	52.88	51.07	49.35	47.65	46.18	44.78	43.39	42.05	40.71	39.46	38.25	37.08	36.06	35.32	34.63	33.94	33.38	32.93	32.62	32.34	32.09	32.04	32.00	
109.00	105.16	101.48	97.86	94.49	91.21	88.02	84.92	81.86	78.82	75.96	73.12	70.37	67.62	64.93	62.29	59.65	57.12	54.63	52.35	50.11	47.95	45.95	44.04	42.14	40.37	38.70	37.09	35.62	34.58	33.57	32.57	31.62	30.82	30.13	29.48	29.02	28.64	28.40	28.18	28.01	28.00	
114.00	109.46	105.09	100.91	96.79	92.71	88.94	85.21	81.65	78.11	74.67	71.51	68.48	65.76	63.28	61.08	59.00	56.93	55.02	53.11	51.33	49.66	48.15	46.69	45.27	43.98	42.76	41.56	40.38	39.30	38.25	37.25	36.27	35.30	34.53	33.86	33.21	32.63	32.08	31.65	31.34	31.09	31.00	
120.00	115.67	111.53	107.81	104.23	100.65	97.10	93.56	90.30	87.19	84.20	81.25	78.32	75.43	72.57	69.75	66.94	64.26	61.61	59.18	56.79	54.44	52.30	50.20	48.17	46.34	44.62	42.91	41.30	39.72	38.16	36.73	35.33	33.96	32.66	31.41	30.39	29.56	29.17	29.07	29.00	
103.00	99.22	95.48	91.91	88.39	85.19	82.06	79.10	76.39	73.73	71.12	68.59	66.11	63.72	61.40	59.10	56.84	54.61	52.45	50.30	48.17	46.17	44.58	43.13	41.75	40.38	39.09	37.92	36.85	35.78	34.73	33.70	32.82	31.97	31.19	30.48	30.00	29.55	29.33	29.13	29.02	29.00	
118.00	114.20	110.45	106.74	103.16	99.67	96.24	92.86	89.53	86.37	83.26	80.33	77.41	74.51	71.65	68.86	66.09	63.34	60.66	58.01	55.49	53.52	51.85	50.21	48.62	47.13	45.67	44.28	42.92	41.58	40.37	39.19	38.06	37.01	36.00	35.18	34.46	33.89	33.31	32.83	32.53	32.23	32.00	
114.00	110.19	106.42	102.78	99.20	95.78	92.44	89.12	85.84	82.59	79.44	76.50	73.61	70.77	68.06	65.63	63.25	60.92	58.62	56.41	54.29	52.22	50.43	48.66	46.95	45.54	44.14	42.83	41.52	40.25	39.07	37.94	36.82	35.75	34.71	33.70	32.84	32.00	31.24	30.50	29.96	29.58	29.22	29.04	29.00	
118.00	114.26	110.61	106.96	103.34	99.83	96.39	93.06	89.77	86.63	83.56	80.54	77.69	74.87	72.09	69.32	66.69	64.17	61.68	59.22	56.76	54.36	51.99	49.79	47.61	45.55	43.69	41.85	40.04	38.29	36.63	35.11	33.86	32.75	31.66	30.64	29.97	29.30	28.67	28.12	27.58	27.07	27.00	
117.00	113.12	109.51	105.91	102.55	99.26	96.01	92.78	89.59	86.43	83.36	80.41	77.50	74.61	71.72	68.96	66.21	63.54	61.12	58.89	56.71	54.60	52.50	50.48	48.51	46.65	44.89	43.57	42.31	41.21	40.13	39.06	37.99	36.98	36.01	35.05	34.14	33.31	32.51	31.96	31.52	31.21	31.02	31.00	
108.00	104.56	101.16	97.79	94.43	91.16	87.93	84.70	81.55	78.49	75.54	72.67	69.90	67.14	64.45	61.98	59.52	57.12	54.73	52.38	50.18	48.06	46.10	44.53	43.08	41.63	40.35	39.16	38.02	36.90	35.93	34.97	34.04	33.23	32.46	31.85	31.33	30.89	30.53	30.18	29.84	29.51	29.30	29.10	29.00	
103.00	99.71	96.75	93.82	90.89	87.98	85.10	82.26	79.45	76.66	73.89	71.11	68.36	65.69	63.16	60.79	58.41	56.10	53.86	51.62	49.44	47.32	45.21	43.27	41.34	39.55	38.19	36.95	35.71	34.49	33.29	32.14	31.15	30.25	29.45	28.78	28.25	27.80	27.45	27.26	27.09	27.02	27.00	
117.00	111.63	106.39	101.66	97.19	92.88	88.90	85.13	81.38	77.63	73.93	70.61	67.45	64.38	61.61	59.01	56.44	54.09	51.76	49.65	47.76	45.88	44.01	42.37	40.74	39.15	37.69	36.53	35.47	34.41	33.40	32.50	31.78	31.14	30.57	30.17	29.88	29.60	29.33	29.14	29.00	
19.04	21.28	24.64	17.92	11.20	28.00	12.32	12.32	28.00	30.24	13.44	20.16	22.40	26.88	19.04	13.44	15.68	16.80	17.92	15.68	29.12	21.28	30.24	31.36	22.40	31.36	26.88	15.68	17.92	29.12	19.04	22.40	23.52	16.80	15.68	32.48	32.48	23.52	31.36	12.32	26.88	30.24	28.00	21.28	23.52	16.80	22.40	28.00	20.16	31.36	24.64	16.80	33.60	12.32	11.20	21.28	15.68	11.20	13.44	12.32	13.44	13.44	30.24	32.48	11.20	31.36	16.80	17.92	13.44	25.76	21.28	16.80	23.52	22.40	21.28	21.28	32.48	11.20	29.12	33.60	24.64	17.92	28.00	21.28	23.52	26.88	15.68	33.60	28.00	12.32	22.40	30.24	24.64	11.20	26.88	28.00	11.20	31.36	21.28	32.48	31.36	19.04	26.88	26.88	11.20	15.68	25.76	22.40	29.12	28.00	31.36	12.32	15.68	29.12	25.76	21.28	29.12	12.32	19.04	28.00	23.52	23.52	19.04	14.56	19.04	32.48	13.44	13.44	15.68	25.76	16.80	22.40	15.68	11.20	12.32	16.80	13.44	21.28	30.24	14.56	12.32	13.44	16.80	21.28	30.24	17.92	26.88	16.80	28.00	11.20	26.88	26.88	16.80	20.16	26.88	26.88	16.80	26.88	29.12	24.64	25.76	21.28	15.68	33.60	28.00	29.12	28.00	25.76	22.40	31.36	17.92	16.80	13.44	33.60	28.00	13.44	14.56	22.40	13.44	12.32	24.64	15.68	31.36	31.36	20.16	14.56	14.56	19.04	15.68	30.24	25.76	32.48	19.04	11.20	28.00	20.16	13.44	29.12	32.48	25.76	21.28	28.00	25.76	29.12	20.16	29.12	13.44	22.40	29.12	24.64	16.80	32.48	11.20	16.80	12.32	28.00	16.80	20.16	17.92	15.68	11.20	32.48	17.92	26.88	17.92	15.68	11.20	21.28	17.92	32.48	16.80	28.00	25.76	30.24	17.92	31.36	15.68	23.52	26.88	26.88	21.28	13.44	33.60	23.52	11.20	29.12	23.52	16.80	21.28	33.60	30.24	17.92	31.36	23.52	32.48	33.60	21.28	29.12	16.80	30.24	16.80	33.60	28.00	13.44	30.24	33.60	29.12	22.40	14.56	30.24	11.20	16.80	12.32	30.24	17.92	17.92	11.20	12.32	13.44	28.00	28.00	12.32	30.24	29.12	32.48	15.68	12.32	12.32	19.04	19.04	17.92	32.48	12.32	15.68	32.48	17.92	24.64	29.12	25.76	19.04	17.92	29.12	28.00	23.52	26.88	21.28	16.80	13.44	16.80	32.48	29.12	12.32	22.40	25.76	17.92	20.16	22.40	20.16	32.48	31.36	24.64	23.52	24.64	33.60	16.80	23.52	26.88	30.24	22.40	14.56	17.92	12.32	20.16	29.12	12.32	21.28	17.92	33.60	28.00	17.92	13.44	25.76	23.52	23.52	21.28	29.12	23.52	14.56	26.88	12.32	12.32	20.16	21.28	24.64	26.88	16.80	14.56	26.88	20.16	32.48	23.52	13.44	26.88	29.12	19.04	15.68	23.52	22.40	25.76	12.32	23.52	21.28	24.64	32.48	22.40	30.24	31.36	24.64	30.24	19.04	33.60	23.52	13.44	32.48	24.64	15.68	13.44	19.04	30.24	30.24	32.48	25.76	16.80	33.60	12.32	32.48	14.56	31.36	19.04	25.76	12.32	28.00	15.68	24.64	31.36	31.36	32.48	24.64	12.32	32.48	16.80	22.40	11.20	29.12	15.68	19.04	20.16	19.04	32.48	16.80	12.32	31.36	30.24	30.24	14.56	25.76	15.68	24.64	15.68	17.92	12.32	20.16	33.60	20.16	31.36	15.68	26.88	14.56	15.68	26.88	13.44	16.80	32.48	24.64	19.04	30.24	28.00	20.16	19.04	17.92	12.32	24.64	30.24	26.88	12.32	28.00	12.32	32.48	19.04	20.16	13.44	19.04	30.24	29.12	22.40	24.64	22.40	29.12	26.88	19.04	19.04	15.68	15.68	32.48	16.80	25.76	24.64	19.04	13.44	19.04	29.12	17.92	25.76	31.36	14.56	26.88	21.28	25.76	16.80	14.56	15.68	29.12	12.32	22.40	25.76	22.40	11.20	26.88	24.64	12.32	22.40	22.40	16.80	11.20	20.16	30.24	25.76	13.44	30.24	26.88	31.36	17.92	11.20	29.12	13.44	24.64	28.00	17.92	17.92	25.76	26.88	20.16	26.88	20.16	22.40	12.32	28.00	15.68	17.92	11.20	28.00	30.24	16.80	25.76	30.24	23.52	20.16	23.52	13.44	13.44	21.28	12.32	30.24	24.64	28.00	23.52	23.52	14.56	32.48	16.80	26.88	15.68	11.20	31.36	32.48	15.68	25.76	16.80	26.88	24.64	33.60	21.28	15.68	23.52	21.28	12.32	24.64	26.88	33.60	31.36	12.32	30.24	22.40	21.28	15.68	22.40	11.20	28.00	31.36	23.52	28.00	12.32	33.60	19.04	13.44	32.48	31.36	29.12	29.12	25.76	21.28	28.00	30.24	33.60	11.20	16.80	19.04	33.60	26.88	22.40	12.32	30.24	14.56	16.80	19.04	20.16	15.68	22.40	29.12	31.36	20.16	24.64	14.56	26.88	23.52	21.28	17.92	24.64	23.52	19.04	17.92	15.68	12.32	29.12	11.20	31.36	15.68	25.76	13.44	22.40	26.88	16.80	19.04	16.80	29.12	25.76	28.00	29.12	22.40	13.44	14.56	22.40	23.52	21.28	17.92	26.88	20.16	16.80	16.80	30.24	26.88	30.24	15.68	33.60	29.12	19.04	17.92	31.36	28.00	31.36	23.52	22.40	28.00	33.60	15.68	20.16	12.32	30.24	15.68	24.64	29.12	31.36	25.76	11.20	16.80	11.20	24.64	25.76	28.00	15.68	23.52	14.56	21.28	33.60	31.36	15.68	20.16	15.68	11.20	12.32	24.64	11.20	23.52	20.16	19.04	33.60	28.00	33.60	16.80	28.00	31.36	22.40	17.92	33.60	16.80	13.44	21.28	22.40	14.56	23.52	11.20	28.00	31.36	24.64	15.68	21.28	23.52	11.20	22.40	32.48	14.56	15.68	15.68	33.60	23.52	15.68	12.32	15.68	23.52	28.00	21.28	11.20	16.80	26.88	19.04	19.04	12.32	20.16	25.76	13.44	20.16	23.52	15.68	11.20	23.52	25.76	29.12	16.80	28.00	28.00	30.24	28.00	24.64	24.64	32.48	17.92	12.32	33.60	20.16	17.92	13.44	29.12	32.48	15.68	12.32	13.44	14.56	24.64	16.80	32.48	11.20	11.20	19.04	30.24	22.40	21.28	31.36	23.52	17.92	24.64	28.00	30.24	25.76	23.52	17.92	11.20	25.76	20.16	14.56	33.60	23.52	11.20	11.20	17.92	21.28	23.52	32.48	12.32	28.00	13.44	15.68	21.28	31.36	30.24	19.04	29.12	29.12	32.48	21.28	16.80	20.16	33.60	11.20	28.00	22.40	25.76	31.36	21.28	22.40	12.32	33.60	29.12	23.52	29.12	14.56	17.92	12.32	12.32	16.80	21.28	17.92	32.48	17.92	13.44	19.04	13.44	17.92	19.04	11.20	22.40	29.12	28.00	11.20	25.76	20.16	32.48	30.24	22.40	13.44	32.48	28.00	16.80	22.40	30.24	22.40	17.92	31.36	32.48	22.40	16.80	28.00	26.88	23.52	19.04	23.52	14.56	15.68	22.40	26.88	13.44	33.60	25.76	20.16	24.64	25.76	20.16	26.88	17.92	21.28	12.32	22.40	14.56	31.36	15.68	15.68	24.64	21.28	24.64	20.16	25.76	32.48	30.24	29.12	17.92	21.28	14.56	13.44	21.28	20.16	29.12	12.32	24.64	25.76	33.60	12.32	17.92	20.16	15.68	26.88	32.48	16.80	31.36	15.68	11.20	19.04	13.44	30.24	30.24	16.80	25.76	21.28	22.40	21.28	26.88	20.16	14.56	32.48	11.20	26.88	28.00	20.16	32.48	17.92	32.48	19.04	21.28	29.12	21.28	17.92	21.28	15.68	25.76	28.00	12.32	28.00	23.52	16.80	17.92	21.28	24.64	17.92	20.16	16.80	33.60	33.60	21.28	13.44	24.64	26.88	20.16	16.80	20.16	28.00	25.76	11.20	24.64	25.76	15.68	33.60	19.04	31.36	19.04	21.28	21.28	14.56	33.60	15.68	29.12	11.20	15.68	32.48	30.24	12.32	32.48	17.92	22.40	19.04	19.04	30.24	31.36	22.40	16.80	24.64	22.40	25.76	28.00	29.12	20.16	15.68	11.20	
13.44	29.12	12.32	29.12	31.36	15.68	26.88	29.12	31.36	31.36	12.32	24.64	23.52	13.44	21.28	31.36	15.68	12.32	25.76	32.48	20.16	24.64	30.24	21.28	17.92	26.88	22.40	11.20	21.28	30.24	16.80	22.40	16.80	17.92	22.40	32.48	16.80	12.32	17.92	22.40	16.80	32.48	11.20	26.88	20.16	32.48	21.28	13.44	29.12	30.24	29.12	19.04	11.20	22.40	31.36	19.04	14.56	22.40	23.52	29.12	14.56	19.04	23.52	31.36	31.36	17.92	23.52	32.48	28.00	19.04	22.40	12.32	12.32	14.56	19.04	21.28	32.48	13.44	11.20	26.88	29.12	30.24	20.16	21.28	30.24	30.24	11.20	21.28	16.80	15.68	17.92	17.92	28.00	20.16	21.28	23.52	15.68	22.40	22.40	21.28	31.36	31.36	19.04	21.28	17.92	21.28	23.52	20.16	29.12	29.12	21.28	20.16	13.44	29.12	11.20	13.44	23.52	31.36	13.44	23.52	24.64	22.40	15.68	12.32	20.16	31.36	33.60	33.60	29.12	26.88	14.56	16.80	22.40	21.28	15.68	15.68	12.32	14.56	15.68	26.88	30.24	31.36	12.32	17.92	13.44	21.28	29.12	22.40	22.40	29.12	31.36	26.88	23.52	28.00	22.40	25.76	24.64	15.68	30.24	28.00	11.20	19.04	24.64	11.20	25.76	21.28	26.88	17.92	13.44	19.04	31.36	24.64	24.64	25.76	17.92	26.88	23.52	32.48	17.92	24.64	32.48	33.60	23.52	15.68	13.44	17.92	24.64	25.76	33.60	32.48	25.76	19.04	23.52	21.28	26.88	25.76	24.64	20.16	20.16	17.92	12.32	11.20	31.36	14.56	20.16	12.32	30.24	30.24	30.24	29.12	24.64	33.60	11.20	11.20	20.16	25.76	31.36	31.36	12.32	22.40	23.52	16.80	22.40	23.52	20.16	24.64	15.68	17.92	16.80	20.16	24.64	24.64	20.16	17.92	29.12	24.64	20.16	30.24	15.68	14.56	25.76	31.36	12.32	33.60	17.92	31.36	33.60	30.24	24.64	12.32	30.24	29.12	11.20	19.04	15.68	20.16	28.00	19.04	22.40	21.28	13.44	12.32	31.36	21.28	30.24	17.92	13.44	12.32	13.44	12.32	19.04	22.40	25.76	28.00	22.40	23.52	33.60	25.76	33.60	13.44	12.32	20.16	23.52	32.48	25.76	13.44	33.60	21.28	24.64	15.68	21.28	30.24	16.80	21.28	17.92	25.76	33.60	30.24	33.60	13.44	21.28	11.20	15.68	12.32	26.88	19.04	17.92	19.04	20.16	28.00	28.00	28.00	26.88	14.56	26.88	32.48	22.40	32.48	31.36	14.56	12.32	15.68	24.64	15.68	28.00	32.48	25.76	21.28	30.24	16.80	25.76	23.52	28.00	11.20	15.68	21.28	19.04	22.40	14.56	22.40	28.00	17.92	11.20	33.60	16.80	23.52	32.48	25.76	13.44	28.00	21.28	28.00	31.36	31.36	25.76	22.40	28.00	24.64	31.36	30.24	15.68	24.64	23.52	12.32	19.04	11.20	32.48	32.48	32.48	21.28	30.24	16.80	13.44	13.44	24.64	32.48	15.68	15.68	12.32	29.12	11.20	30.24	11.20	26.88	12.32	15.68	23.52	24.64	19.04	29.12	12.32	23.52	19.04	12.32	14.56	12.32	29.12	25.76	33.60	28.00	33.60	28.00	19.04	21.28	15.68	24.64	29.12	28.00	28.00	30.24	21.28	24.64	29.12	23.52	26.88	32.48	12.32	25.76	23.52	32.48	22.40	15.68	14.56	29.12	32.48	24.64	14.56	13.44	29.12	19.04	26.88	25.76	33.60	14.56	32.48	25.76	15.68	28.00	25.76	15.68	17.92	28.00	13.44	26.88	32.48	29.12	22.40	22.40	17.92	16.80	29.12	32.48	32.48	15.68	11.20	21.28	19.04	19.04	11.20	23.52	24.64	17.92	20.16	22.40	13.44	32.48	28.00	22.40	16.80	23.52	26.88	19.04	21.28	17.92	29.12	13.44	26.88	13.44	19.04	32.48	14.56	25.76	30.24	13.44	30.24	30.24	32.48	25.76	22.40	21.28	24.64	13.44	22.40	13.44	13.44	16.80	16.80	28.00	20.16	11.20	24.64	23.52	30.24	28.00	14.56	13.44	28.00	11.20	25.76	15.68	15.68	11.20	11.20	23.52	31.36	11.20	25.76	32.48	11.20	22.40	12.32	32.48	20.16	26.88	25.76	14.56	11.20	15.68	22.40	31.36	32.48	20.16	23.52	33.60	32.48	14.56	19.04	15.68	20.16	13.44	28.00	30.24	25.76	21.28	29.12	26.88	29.12	23.52	19.04	32.48	13.44	16.80	31.36	29.12	13.44	21.28	21.28	24.64	30.24	11.20	26.88	13.44	11.20	33.60	20.16	25.76	12.32	32.48	13.44	12.32	25.76	26.88	16.80	19.04	20.16	12.32	32.48	11.20	14.56	21.28	24.64	23.52	15.68	33.60	24.64	33.60	29.12	17.92	15.68	25.76	21.28	29.12	13.44	29.12	28.00	21.28	22.40	28.00	13.44	23.52	29.12	13.44	30.24	25.76	19.04	33.60	24.64	32.48	31.36	19.04	33.60	21.28	13.44	31.36	11.20	21.28	15.68	14.56	15.68	24.64	13.44	33.60	11.20	28.00	29.12	15.68	31.36	30.24	14.56	23.52	28.00	21.28	14.56	28.00	20.16	19.04	21.28	15.68	26.88	28.00	17.92	29.12	14.56	25.76	21.28	28.00	23.52	29.12	19.04	11.20	21.28	13.44	33.60	15.68	14.56	11.20	13.44	26.88	29.12	28.00	11.20	22.40	14.56	12.32	22.40	28.00	29.12	20.16	21.28	29.12	33.60	25.76	21.28	13.44	20.16	14.56	31.36	29.12	24.64	29.12	20.16	29.12	20.16	29.12	28.00	33.60	25.76	19.04	26.88	29.12	20.16	32.48	20.16	20.16	26.88	21.28	30.24	29.12	15.68	16.80	31.36	14.56	31.36	11.20	15.68	17.92	22.40	33.60	31.36	22.40	21.28	29.12	33.60	25.76	21.28	19.04	16.80	33.60	25.76	32.48	32.48	15.68	23.52	17.92	23.52	23.52	24.64	33.60	32.48	17.92	32.48	21.28	24.64	33.60	20.16	14.56	32.48	22.40	13.44	21.28	23.52	20.16	21.28	26.88	31.36	30.24	17.92	32.48	20.16	25.76	33.60	33.60	13.44	30.24	17.92	15.68	19.04	12.32	13.44	32.48	31.36	25.76	32.48	23.52	33.60	15.68	20.16	22.40	30.24	19.04	16.80	20.16	13.44	31.36	22.40	22.40	13.44	33.60	15.68	14.56	12.32	31.36	26.88	33.60	12.32	14.56	12.32	22.40	15.68	30.24	19.04	31.36	16.80	25.76	33.60	32.48	15.68	33.60	13.44	12.32	32.48	23.52	24.64	25.76	24.64	23.52	25.76	31.36	17.92	31.36	21.28	25.76	20.16	21.28	30.24	19.04	17.92	17.92	11.20	28.00	25.76	20.16	13.44	16.80	32.48	17.92	11.20	17.92	25.76	29.12	17.92	16.80	29.12	30.24	28.00	32.48	21.28	29.12	13.44	31.36	20.16	20.16	11.20	28.00	19.04	28.00	24.64	11.20	29.12	19.04	22.40	16.80	12.32	11.20	33.60	22.40	13.44	21.28	29.12	15.68	31.36	16.80	31.36	32.48	14.56	23.52	29.12	15.68	13.44	11.20	24.64	21.28	24.64	11.20	21.28	25.76	28.00	23.52	12.32	13.44	28.00	25.76	20.16	20.16	30.24	33.60	25.76	15.68	22.40	20.16	22.40	30.24	28.00	33.60	14.56	23.52	19.04	33.60	29.12	15.68	23.52	30.24	30.24	11.20	22.40	30.24	11.20	25.76	33.60	29.12	31.36	12.32	22.40	33.60	17.92	30.24	15.68	16.80	16.80	12.32	16.80	21.28	32.48	16.80	28.00	15.68	14.56	24.64	28.00	29.12	12.32	20.16	28.00	28.00	11.20	11.20	15.68	24.64	17.92	13.44	16.80	15.68	12.32	13.44	15.68	11.20	31.36	29.12	29.12	12.32	23.52	21.28	25.76	22.40	30.24	25.76	14.56	26.88	30.24	28.00	29.12	11.20	25.76	29.12	29.12	17.92	21.28	15.68	14.56	23.52	23.52	22.40	33.60	28.00	17.92	25.76	14.56	25.76	26.88	28.00	31.36	25.76	12.32	17.92	26.88	22.40	11.20	25.76	26.88	16.80	26.88	13.44	15.68	32.48	30.24	13.44	24.64	29.12	19.04	28.00	
11.20	15.68	20.16	28.00	33.60	29.12	22.40	25.76	11.20	12.32	26.88	13.44	28.00	30.24	26.88	23.52	21.28	14.56	32.48	13.44	31.36	24.64	32.48	30.24	14.56	33.60	14.56	29.12	22.40	17.92	31.36	21.28	30.24	23.52	16.80	15.68	12.32	12.32	29.12	25.76	24.64	11.20	21.28	28.00	26.88	
13	14	10	10	10	20	13	17	19	20	14	17	17	13	10	12	19	19	13	19	20	19	10	10	16	14	19	11	20	12	14	20	10	13	18	12	17	19	16	19	20	15	13	16	13	12	19	17	17	18	19	18	19	17	10	18	12	19	14	16	18	16	16	11	19	10	14	20	11	17	14	18	13	12	17	16	12	18	17	10	13	13	12	15	20	20	19	15	18	19	12	13	13	19	18	10	13	18	19	17	12	17	19	13	16	17	11	18	20	13	10	17	19	15	18	20	14	19	10	18	11	11	12	14	11	20	19	18	12	20	16	16	10	16	19	19	15	12	12	12	17	18	11	18	12	20	12	15	19	11	17	19	16	15	13	13	20	11	10	19	19	18	13	14	14	14	17	15	11	11	10	10	14	10	16	16	16	18	12	15	10	13	16	19	15	12	15	12	19	18	18	12	13	20	15	16	14	20	15	11	16	17	15	14	10	17	18	14	14	17	20	14	20	19	10	13	20	17	16	20	12	18	14	13	10	15	13	13	17	16	15	15	14	13	16	10	12	14	16	18	10	10	16	10	13	18	14	13	12	12	14	16	20	12	19	16	12	15	11	20	20	10	17	18	19	19	20	17	10	15	10	18	12	10	18	12	19	19	11	11	18	13	20	18	10	13	15	17	12	16	10	14	10	10	20	19	19	11	18	18	16	16	17	10	19	10	14	16	17	19	12	17	16	15	15	10	12	12	16	17	20	13	17	15	14	20	10	11	20	15	18	19	18	18	17	18	12	14	12	17	19	11	18	15	20	16	18	20	19	16	17	16	13	10	13	12	11	16	18	10	18	12	15	14	13	18	11	12	20	17	20	15	10	15	13	15	15	19	13	16	18	14	16	13	10	20	12	15	18	13	11	19	17	15	20	14	12	20	12	10	10	19	13	14	13	16	13	14	15	17	19	18	10	20	16	16	16	10	13	18	17	17	15	12	19	17	11	10	11	13	20	12	13	19	11	19	17	17	15	11	10	19	16	14	10	10	14	16	10	10	17	18	20	10	10	17	11	12	19	16	14	10	12	12	12	12	13	12	20	18	13	10	11	15	14	11	10	16	18	14	15	13	19	19	13	19	17	17	13	17	17	18	19	17	16	10	15	10	14	15	16	18	13	13	12	16	15	19	16	10	16	18	19	17	15	11	16	11	16	17	20	11	17	15	14	11	18	14	12	14	20	16	16	20	11	17	19	13	11	16	19	14	20	13	11	11	15	16	19	20	19	20	12	17	13	20	10	12	14	12	16	20	11	12	17	20	15	14	16	11	17	15	11	20	15	19	15	12	16	10	14	17	17	12	10	17	20	11	11	13	10	11	18	17	19	12	11	10	17	14	14	12	18	20	20	14	18	18	14	14	14	17	11	11	11	11	11	12	10	15	20	16	11	18	18	13	13	14	16	16	15	19	16	18	13	12	13	19	18	12	18	10	15	13	13	16	20	20	10	19	16	12	18	10	17	13	14	14	19	17	11	13	11	13	10	12	14	10	10	12	18	16	11	19	18	18	14	16	13	20	16	17	17	20	16	17	11	20	20	14	17	12	18	15	18	10	11	16	14	19	20	20	15	14	11	20	19	13	18	20	15	16	16	18	20	12	17	20	18	19	16	14	10	10	19	13	20	14	17	19	11	10	20	11	13	11	19	12	13	12	14	18	12	13	16	19	17	20	10	18	16	14	13	14	16	15	10	10	18	11	20	12	10	14	15	11	12	14	19	19	14	13	20	19	20	15	10	14	20	17	15	13	17	14	16	17	20	16	13	10	10	17	17	14	18	19	20	17	13	13	12	16	11	13	20	20	13	11	16	18	14	13	15	10	17	10	10	18	20	11	12	16	13	14	18	10	12	17	16	13	10	16	19	17	16	12	19	16	20	16	14	17	14	19	16	10	18	11	12	16	18	17	13	20	15	10	10	13	18	12	13	14	16	13	14	11	16	11	19	11	12	18	10	17	20	11	19	10	13	16	13	14	15	19	19	16	17	12	10	11	17	11	10	20	16	13	19	18	16	15	11	19	20	18	13	14	16	11	10	20	11	19	11	16	11	10	16	19	14	17	17	15	19	17	13	20	11	15	13	14	18	16	11	13	19	11	12	18	15	11	11	19	16	13	11	15	10	12	12	16	12	14	20	15	12	15	20	19	14	10	14	11	14	11	10	14	14	14	15	20	17	20	14	17	15	11	11	14	10	11	13	18	10	19	13	16	20	11	12	10	17	11	10	14	14	17	20	20	20	10	
1	1	1	1	1	1	1	1	1	1	1	1	1	1	1	1	1	1	1	2	2	2	2	2	2	2	2	2	2	2	2	2	2	2	2	2	2	2	2	2	2	2	2	3	3	3	3	3	3	3	3	3	3	3	3	3	3	3	3	3	3	3	3	3	3	3	4	4	4	4	4	4	4	4	4	4	4	4	4	4	4	4	4	4	4	4	4	4	4	4	4	4	5	5	5	5	5	5	5	5	5	5	5	5	5	5	5	5	5	5	5	5	5	5	5	5	5	5	5	6	6	6	6	6	6	6	6	6	6	6	6	6	6	6	6	6	6	6	6	6	6	6	6	6	7	7	7	7	7	7	7	7	7	7	7	7	7	7	7	7	7	8	8	8	8	8	8	8	8	8	8	8	8	8	8	8	8	8	8	8	9	9	9	9	9	9	9	9	9	9	9	9	9	9	9	9	9	9	9	9	9	9	10	10	10	10	10	10	10	10	10	10	10	10	10	10	10	10	10	10	10	10	10	10	10	10	10	10	10	11	11	11	11	11	11	11	11	11	11	11	11	11	11	11	11	11	11	12	12	12	12	12	12	12	12	12	12	12	12	12	12	12	12	12	12	12	12	12	12	12	12	12	12	12	12	12	12	12	12	12	13	13	13	13	13	13	13	13	13	13	13	13	13	13	13	13	13	13	13	13	14	14	14	14	14	14	14	14	14	14	14	14	14	14	14	14	14	14	14	14	14	14	15	15	15	15	15	15	15	15	15	15	15	15	15	15	15	15	15	15	15	16	16	16	16	16	16	16	16	16	16	16	16	16	16	16	16	16	16	16	16	17	17	17	17	17	17	17	17	17	17	17	17	17	17	17	17	17	17	18	18	18	18	18	18	18	18	18	18	18	18	18	18	18	18	19	19	19	19	19	19	19	19	19	19	19	19	19	19	19	19	19	19	19	20	20	20	20	20	20	20	20	20	20	20	20	20	20	20	21	21	21	21	21	21	21	21	21	21	21	21	21	21	21	21	21	21	21	21	21	21	21	22	22	22	22	22	22	22	22	22	22	22	22	22	22	22	22	22	22	22	22	22	22	22	22	22	23	23	23	23	23	23	23	23	23	23	23	23	23	23	23	23	24	24	24	24	24	24	24	24	24	24	24	24	24	24	24	24	24	24	24	24	24	24	25	25	25	25	25	25	25	25	25	25	25	25	25	25	25	25	25	25	25	25	25	25	25	25	25	25	25	25	25	25	25	26	26	26	26	26	26	26	26	26	26	26	26	26	26	26	26	26	27	27	27	27	27	27	27	27	27	27	27	27	27	27	27	27	27	27	27	27	27	27	27	27	27	27	27	27	28	28	28	28	28	28	28	28	28	28	28	28	28	28	28	28	28	28	28	28	28	28	28	28	28	28	28	28	28	28	29	29	29	29	29	29	29	29	29	29	29	29	29	29	29	29	29	29	29	29	29	29	29	29	29	30	30	30	30	30	30	30	30	30	30	30	30	30	30	30	30	30	30	30	30	30	30	30	30	30	30	31	31	31	31	31	31	31	31	31	31	31	31	31	31	31	31	31	31	31	31	31	31	31	32	32	32	32	32	32	32	32	32	32	32	33	33	33	33	33	33	33	33	33	33	33	33	33	33	33	33	33	34	34	34	34	34	34	34	34	34	34	34	34	34	34	34	35	35	35	35	35	35	35	35	35	35	35	35	35	35	35	35	35	35	35	35	35	35	36	36	36	36	36	36	36	36	36	36	36	36	36	36	36	36	36	36	36	37	37	37	37	37	37	37	37	37	37	37	37	37	37	37	37	37	37	37	38	38	38	38	38	38	38	38	38	38	38	38	38	38	38	38	38	38	38	38	38	38	38	38	39	39	39	39	39	39	39	39	39	39	39	39	39	39	39	39	39	39	39	39	39	40	40	40	40	40	40	40	40	40	40	40	40	40	40	40	40	40	40	40	40	40	40	40	40	40	40	40	40	41	41	41	41	41	41	41	41	41	41	41	41	41	41	41	41	41	41	41	41	41	41	41	41	42	42	42	42	42	42	42	42	42	42	42	42	42	42	42	42	42	42	42	42	42	43	43	43	43	43	43	43	43	43	43	43	43	43	43	43	43	43	43	43	43	43	43	43	43	44	44	44	44	44	44	44	44	44	44	44	44	44	44	44	44	44	44	44	44	44	44	44	44	44	44	44	44	44	44	45	45	45	45	45	45	45	45	45	45	45	45	45	45	45	45	45	45	45	45	45	45	45	45	45	45	45	45	45	45	
