1000
45	9
365	14.56
21	22	24	22	23	24	23	24	22	22	24	24	22	21	22	24	24	21	24	23	23	22	22	22	22	24	24	23	24	22	23	24	21	22	24	21	23	24	22	24	22	22	22	21	22	23	21	24	23	22	22	22	23	21	21	21	23	23	23	22	23	22	24	24	24	23	23	21	22	22	22	21	23	24	23	21	24	23	24	24	22	22	22	21	24	21	24	24	21	22	21	24	21	23	23	22	24	23	21	21	21	24	22	24	22	21	22	23	23	24	24	21	22	22	23	23	23	24	23	23	21	24	24	22	21	21	24	24	24	23	23	22	21	22	22	23	23	24	22	22	22	22	24	23	24	21	22	23	21	21	24	22	23	23	21	22	23	24	24	23	23	24	22	21	22	22	24	21	24	24	21	22	21	24	24	21	23	24	21	24	23	22	24	23	23	24	21	23	22	24	22	21	23	24	21	23	22	21	22	23	22	21	24	22	21	22	21	21	23	23	23	24	23	21	23	21	21	23	23	24	22	24	23	21	24	22	22	23	21	21	23	23	24	23	21	24	22	23	23	22	22	24	23	23	21	23	21	23	23	23	24	22	22	22	22	21	24	23	21	23	21	21	22	23	24	24	21	24	21	22	21	21	21	24	24	24	22	22	21	22	23	22	24	24	22	21	24	23	21	24	23	24	24	21	21	23	23	24	21	24	22	21	21	21	24	21	23	21	23	21	24	21	23	21	22	24	22	24	21	24	21	23	23	23	21	24	24	22	24	23	22	24	23	23	21	21	23	22	21	23	21	22	22	24	21	23	23	23	22	21	24	22	22	22	23	23	24	21	21	24	24	22	24	21	21	23	22	24	22	22	23	22	24	23	24	21	24	21	24	22	23	21	24	24	22	22	23	22	21	21	24	22	24	22	22	23	22	21	22	21	22	23	21	24	22	21	21	22	24	21	22	23	22	24	23	24	22	22	23	24	21	22	22	21	21	22	21	24	23	23	24	22	23	21	21	23	23	23	22	24	23	24	21	24	24	23	21	24	24	22	24	23	21	21	24	21	22	23	23	21	21	21	23	22	22	22	23	23	24	23	21	21	24	22	21	21	22	22	24	21	21	22	23	22	22	23	21	21	24	24	21	21	24	21	21	22	23	24	21	24	21	22	21	24	23	22	21	22	23	24	22	24	23	24	24	21	21	23	23	23	21	22	23	23	23	21	23	24	24	22	21	23	23	23	22	24	23	21	23	22	21	24	24	23	23	21	22	22	21	22	21	22	24	22	22	24	23	23	23	24	21	22	24	24	22	23	23	21	22	24	21	24	24	22	22	23	22	21	21	21	23	22	23	21	22	22	23	21	24	24	24	23	22	23	21	21	22	21	24	23	21	23	21	24	23	24	22	21	21	23	23	23	22	24	23	21	22	22	21	22	24	22	24	22	22	22	21	22	21	21	21	24	21	21	21	23	23	23	22	23	23	21	24	23	22	21	23	21	23	24	24	22	24	21	24	21	22	21	23	23	21	23	22	22	22	23	24	23	22	23	24	21	21	22	23	23	24	24	21	24	21	21	23	21	23	22	23	23	24	22	23	21	24	23	21	22	22	21	24	21	21	21	22	23	21	24	22	21	24	24	24	24	22	24	23	21	22	21	21	21	21	21	21	22	23	23	23	21	22	24	21	23	24	22	24	24	23	22	22	24	22	24	24	22	21	23	21	24	23	23	21	23	22	24	21	24	23	24	21	24	21	22	24	23	24	23	24	24	21	23	22	24	24	24	22	21	24	24	23	24	22	21	21	22	21	22	24	21	23	21	22	24	23	24	22	22	21	24	24	23	24	23	23	22	23	23	21	24	21	22	21	22	23	23	23	21	23	22	21	21	24	21	24	21	21	24	21	23	24	21	21	24	21	22	24	21	24	24	21	23	22	24	21	23	22	21	21	23	22	24	23	21	24	22	21	24	21	21	23	21	24	21	24	22	21	24	21	24	24	21	21	22	21	21	21	21	21	24	22	21	22	21	22	23	24	21	22	22	21	24	22	21	23	24	23	22	23	21	21	22	23	22	24	24	23	22	22	21	24	23	23	22	22	24	21	21	23	24	22	23	23	21	21	24	23	24	21	23	21	22	21	22	24	21	21	22	24	23	21	24	23	21	24	24	24	23	22	22	21	23	21	21	23	23	23	22	22	21	21	24	23	21	23	21	24	22	23	24	23	22	23	23	21	22	21	23	21	24	21	21	24	22	22	24	22	24	22	23	21	23	24	22	23	23	24	23	21	23	24	23	
0	2	4	9	10	11	12	15	18	22	23	25	27	31	32	35	36	38	40	41	42	
2	3	5	6	7	8	9	10	13	14	15	16	18	19	21	23	30	33	35	39	40	43	
0	2	5	7	9	10	11	13	14	16	17	18	19	23	25	26	28	29	30	32	33	35	36	37	
0	4	8	9	13	14	15	16	17	20	21	22	23	24	28	30	32	35	36	39	41	43	
1	3	6	8	9	11	12	14	16	17	19	20	21	23	25	26	28	30	34	37	39	41	43	
0	1	2	3	7	8	13	14	15	22	23	25	27	28	29	32	34	35	37	38	39	40	41	44	
0	4	5	6	7	11	12	14	19	20	21	22	25	26	27	28	29	31	32	33	34	42	44	
1	2	4	5	8	10	12	13	15	16	17	18	21	24	25	26	27	30	33	35	37	41	42	44	
0	1	2	5	6	7	8	12	14	16	20	21	23	24	27	28	33	35	38	39	40	42	
0	1	3	6	8	10	11	12	17	18	19	20	21	23	26	27	30	32	36	38	41	44	
0	1	2	3	4	5	7	8	9	11	12	13	14	15	19	21	23	25	26	36	38	39	40	41	
0	3	8	9	10	12	13	14	16	17	18	19	20	23	30	31	32	34	35	37	39	41	42	43	
0	1	3	4	6	8	9	11	13	17	19	20	22	23	28	32	35	37	38	39	41	44	
0	1	3	4	5	8	10	16	19	21	22	25	29	32	33	34	40	41	42	43	44	
3	4	5	12	14	16	18	20	21	22	23	25	26	27	29	30	32	33	35	36	37	41	
1	2	4	5	6	8	11	13	15	20	22	24	26	27	29	31	34	36	37	38	41	42	43	44	
0	3	4	5	7	8	9	14	15	16	17	24	25	27	28	31	33	34	35	37	39	40	42	44	
0	1	4	8	10	12	14	15	16	17	18	19	20	26	27	30	31	35	38	41	43	
1	2	3	10	12	14	17	18	19	24	25	27	28	30	32	33	34	35	36	38	40	41	43	44	
1	2	3	5	6	9	10	13	14	19	20	23	25	26	32	33	34	35	39	40	41	43	44	
0	3	8	9	10	15	16	17	20	21	23	24	25	26	29	30	31	32	34	35	36	39	40	
2	3	4	5	6	7	16	17	18	19	21	23	25	28	29	30	31	32	35	37	41	44	
0	3	4	6	7	9	10	13	18	24	25	27	28	31	34	35	36	37	39	40	41	44	
0	2	6	7	10	11	12	13	15	17	18	19	23	27	28	29	30	31	33	39	40	41	
0	1	2	3	4	5	6	7	8	10	11	15	17	19	21	28	30	31	40	41	42	43	
1	2	3	5	8	9	10	14	16	17	18	20	24	25	26	32	33	34	35	36	37	38	41	43	
0	2	6	7	8	9	10	13	16	17	20	21	22	23	25	26	27	29	34	35	36	37	41	43	
0	1	2	7	9	13	14	16	17	19	21	23	24	25	28	30	31	32	33	34	39	42	44	
0	1	2	3	4	7	8	9	10	11	14	15	17	18	21	22	23	29	30	31	32	40	41	44	
2	4	5	6	10	16	17	19	22	27	28	30	31	32	33	34	37	38	39	41	42	43	
0	1	4	8	12	13	14	18	19	20	22	24	25	26	27	29	32	33	37	38	40	42	43	
2	3	4	6	8	10	13	14	15	19	20	21	22	24	28	29	31	32	33	35	36	37	39	43	
3	4	5	6	10	11	18	19	22	24	25	26	27	31	34	35	36	38	39	41	42	
0	3	7	8	9	13	16	17	18	20	21	23	24	25	27	29	31	33	36	37	38	41	
0	4	5	6	7	8	9	14	15	17	18	19	20	21	24	27	28	29	31	33	34	35	38	44	
0	1	2	3	7	8	9	11	13	18	19	20	22	23	25	27	30	36	39	40	42	
3	4	5	10	12	14	15	17	18	19	21	24	28	30	31	33	34	36	37	39	41	43	44	
1	4	7	9	12	13	14	15	16	18	20	21	23	27	33	34	35	36	37	38	40	42	43	44	
0	1	3	5	10	11	12	16	17	19	21	22	27	28	32	35	37	39	41	42	43	44	
0	1	4	8	10	14	16	18	20	21	22	25	29	31	32	34	35	36	37	38	40	41	43	44	
0	3	9	10	13	14	17	18	21	22	23	27	29	30	32	33	35	36	38	40	42	44	
3	5	10	11	12	13	15	16	18	20	22	24	28	29	30	34	35	38	40	41	42	44	
0	3	6	7	9	10	12	15	19	21	23	25	29	30	33	35	36	39	40	41	42	44	
2	3	4	5	8	10	12	13	15	19	21	22	26	27	28	29	31	32	37	38	43	
1	2	8	10	12	13	14	16	18	19	21	26	27	28	29	31	37	39	40	42	43	44	
0	1	7	8	9	12	15	19	20	21	22	23	25	27	28	29	32	33	35	36	38	40	43	
1	2	5	7	10	12	16	19	21	23	25	26	28	32	35	36	38	39	40	41	44	
0	1	2	3	6	8	9	11	12	13	17	18	19	22	26	33	35	36	37	38	39	40	42	44	
3	4	5	6	8	9	10	13	14	15	17	19	21	26	27	31	32	33	34	36	37	39	42	
0	1	2	3	4	5	7	9	15	17	20	21	23	24	26	27	29	30	32	35	40	42	
4	6	7	8	9	10	11	13	16	17	20	21	23	25	26	27	31	37	39	40	41	44	
0	2	5	8	10	11	15	17	18	21	24	25	28	30	31	32	34	35	37	39	42	43	
1	2	3	4	5	7	9	11	12	14	18	19	20	21	23	26	28	33	34	37	39	43	44	
0	1	4	7	8	11	12	14	15	16	20	23	24	28	30	34	35	36	38	40	44	
3	4	6	7	13	14	15	19	21	22	26	27	28	30	33	34	35	36	40	42	43	
2	3	9	10	11	12	15	16	19	20	21	22	25	26	27	30	33	34	36	40	43	
0	1	4	6	9	11	14	15	17	18	19	27	29	32	33	35	37	39	40	41	42	43	44	
0	1	3	4	5	8	14	16	19	20	21	23	25	26	29	30	31	32	34	36	41	42	43	
1	3	4	5	7	8	9	10	13	14	15	16	18	22	26	27	29	30	34	38	40	42	43	
0	1	2	3	6	8	9	11	13	15	17	20	22	24	28	33	36	37	39	40	41	44	
2	5	9	10	12	17	22	23	25	26	27	28	29	30	33	35	36	37	39	40	41	42	44	
0	1	2	3	4	7	14	16	17	22	23	25	26	29	30	31	35	36	38	39	41	43	
1	2	4	6	7	9	14	16	19	20	22	24	25	26	28	29	30	31	33	35	38	41	42	43	
0	1	4	5	7	8	11	16	17	19	20	21	23	26	28	29	30	35	37	39	40	41	42	43	
3	4	7	8	9	10	11	14	15	17	18	19	21	22	23	24	25	31	32	35	36	39	41	43	
0	2	4	6	8	10	12	13	17	18	20	21	22	23	24	28	30	32	34	36	39	40	44	
0	2	3	4	6	8	10	13	14	15	19	21	25	26	27	28	29	31	32	33	38	42	43	
1	5	6	8	12	13	14	15	16	19	22	23	26	30	32	35	36	38	39	40	43	
3	4	11	12	15	16	17	19	21	22	23	25	27	28	29	30	31	36	39	40	41	43	
3	7	10	13	16	17	18	19	22	24	25	27	29	30	31	35	37	38	39	41	43	44	
2	5	8	10	14	15	19	21	22	23	24	25	27	29	30	31	32	33	34	36	38	43	
1	3	5	8	9	10	14	18	23	24	25	26	29	33	34	36	39	40	41	42	44	
1	2	4	6	10	15	16	17	18	20	21	25	26	28	29	30	32	34	35	37	38	39	42	
0	1	2	4	5	6	9	13	14	15	19	21	22	27	28	31	32	33	35	37	38	41	43	44	
1	3	5	6	7	8	11	13	17	18	20	21	22	23	24	27	28	29	34	35	38	43	44	
0	2	3	4	7	9	11	15	16	17	19	24	27	28	29	31	35	37	38	39	40	
4	6	7	8	9	11	13	14	20	22	23	24	25	26	28	29	31	32	34	35	37	38	40	42	
1	2	3	4	10	11	12	13	14	15	21	26	28	32	33	34	35	36	37	39	40	41	42	
0	3	8	10	11	12	13	14	15	18	20	21	22	25	26	27	28	30	32	33	36	37	38	39	
0	1	4	5	6	7	13	15	16	17	18	19	24	25	26	29	30	34	35	36	39	40	41	42	
1	3	5	10	13	14	18	19	21	22	24	25	27	29	30	32	33	37	40	42	43	44	
0	7	8	11	15	17	19	20	23	25	28	30	31	32	33	34	35	39	41	42	43	44	
4	7	8	9	10	12	14	15	16	18	19	21	28	30	31	32	35	37	39	40	41	44	
0	1	9	10	11	12	13	14	16	18	20	22	23	26	29	31	32	35	36	38	40	
0	1	3	4	6	8	10	11	13	15	16	18	22	23	24	32	33	34	35	37	38	39	40	44	
0	2	3	6	7	8	10	13	14	15	16	17	22	25	29	30	33	35	36	40	43	
0	1	6	7	8	9	11	12	17	18	21	22	23	26	27	29	30	32	33	34	37	39	41	44	
0	1	4	5	7	9	13	14	16	17	19	20	22	24	26	27	28	29	30	31	36	39	41	44	
1	2	6	9	10	11	12	14	16	18	21	22	24	25	27	28	32	33	36	40	44	
1	6	7	8	11	12	13	14	15	16	19	21	22	24	25	28	32	36	39	41	43	44	
1	2	8	9	10	11	12	13	14	18	19	21	22	29	31	32	33	38	40	41	43	
2	7	8	9	11	13	14	15	19	20	22	23	24	25	27	28	29	32	33	36	38	39	43	44	
0	7	9	11	14	17	18	20	23	24	26	27	28	29	33	36	37	39	40	41	43	
0	1	2	4	9	11	12	18	19	20	21	22	26	28	30	31	32	33	35	39	42	43	44	
3	5	6	8	11	12	13	14	15	21	22	27	30	32	33	35	36	37	38	39	40	43	44	
0	2	6	7	9	11	12	13	14	17	18	22	25	26	29	31	32	33	34	35	36	37	
0	2	4	6	7	8	9	11	14	16	17	21	22	24	25	27	28	29	33	34	36	37	42	43	
2	3	4	6	8	11	12	14	16	17	20	21	22	24	25	30	32	33	35	38	40	42	43	
0	1	3	4	5	6	7	8	9	10	13	14	15	17	21	22	24	27	30	32	34	
2	4	5	11	12	13	14	23	26	27	28	29	30	33	34	35	36	37	39	42	44	
0	2	3	4	5	8	9	11	14	15	17	18	21	25	30	35	36	39	40	43	44	
0	1	3	4	8	9	11	15	17	18	21	23	24	25	27	29	31	32	34	35	36	37	43	44	
0	2	4	5	7	10	14	15	17	18	21	24	25	29	32	33	36	37	38	39	42	44	
4	6	8	9	11	13	14	15	17	20	22	23	24	26	28	30	32	33	36	37	38	42	43	44	
0	1	2	3	4	5	6	9	17	18	20	21	22	24	25	26	27	31	38	39	41	44	
0	3	16	18	21	23	24	26	27	29	30	31	33	35	36	38	39	40	41	43	44	
1	2	6	9	14	16	17	18	20	22	23	24	25	26	27	28	30	33	36	37	39	41	
0	2	3	4	5	6	7	8	10	17	19	20	25	27	28	30	35	38	39	40	41	42	43	
0	4	6	8	10	11	15	16	20	21	22	24	26	28	29	30	32	35	37	40	41	42	43	
3	4	5	8	12	13	14	16	18	19	24	25	26	28	29	32	33	34	37	38	39	40	41	44	
1	4	7	8	10	11	14	18	19	20	23	26	27	28	29	31	33	34	35	36	38	39	40	43	
0	4	6	7	8	9	11	12	13	18	19	23	25	30	32	33	34	36	39	40	43	
0	4	5	7	9	11	18	19	22	25	26	29	30	32	33	34	35	36	37	38	39	40	
2	3	4	5	8	9	10	11	12	14	18	23	25	28	29	31	32	35	37	39	41	44	
2	4	6	7	8	9	14	15	16	17	18	19	20	23	24	27	31	37	38	39	40	42	43	
5	6	7	9	10	11	15	16	17	18	20	22	23	24	25	26	27	30	31	35	37	38	40	
0	4	6	9	10	11	13	17	18	21	23	24	26	27	28	29	30	32	34	35	37	38	41	
0	3	8	10	11	12	13	14	18	21	23	24	25	26	28	32	35	37	39	40	41	42	43	44	
1	7	10	11	13	14	15	18	19	20	23	24	26	27	28	29	30	31	37	40	42	43	44	
1	2	4	7	10	11	12	15	17	20	21	22	24	26	27	30	38	39	40	41	42	43	44	
0	1	2	3	4	5	6	8	12	15	17	18	23	24	26	32	37	39	40	41	44	
0	2	3	4	6	9	10	13	14	15	18	19	20	23	27	28	30	31	32	33	35	37	41	43	
2	3	4	5	6	14	15	16	17	21	22	23	25	27	29	30	32	33	34	35	36	37	41	44	
0	1	3	5	6	7	13	14	15	18	20	22	24	25	28	29	33	34	36	40	43	44	
3	5	6	8	12	13	15	21	24	25	26	27	29	30	31	32	34	35	37	43	44	
3	5	7	9	11	13	14	15	21	22	25	26	28	31	32	34	35	36	38	39	44	
1	3	5	6	10	11	12	13	14	15	16	19	21	22	24	25	26	27	30	35	37	39	42	44	
0	1	2	3	5	6	9	11	13	16	17	19	20	22	25	30	33	34	35	36	37	38	39	40	
1	2	3	4	8	9	11	12	14	19	20	22	29	30	31	32	33	35	36	37	38	39	41	42	
2	4	7	9	11	13	14	16	17	19	21	23	26	28	32	33	34	35	38	40	41	43	44	
2	4	10	11	12	14	15	17	19	21	22	23	25	27	28	29	32	34	35	39	40	41	42	
0	1	4	6	8	10	12	13	14	18	20	21	23	26	28	29	30	31	37	38	42	43	
0	2	6	14	15	20	21	23	25	26	27	29	31	32	33	34	36	37	38	40	41	
0	1	5	8	9	10	13	14	16	17	19	23	30	31	32	33	34	36	40	41	42	43	
2	3	5	6	8	10	13	14	15	16	18	22	23	26	27	28	29	30	32	33	34	41	
0	1	3	6	7	8	10	11	12	14	16	17	18	20	22	26	28	29	30	31	33	34	43	
0	2	3	5	6	8	11	13	16	17	18	20	21	23	25	30	32	34	35	37	39	40	42	
0	2	5	6	9	10	14	16	18	19	24	25	26	27	28	29	31	32	34	35	38	40	41	44	
0	1	2	4	5	7	8	9	10	12	14	20	21	22	23	24	26	28	33	35	38	44	
2	3	6	7	9	11	12	15	16	18	21	24	28	31	33	36	37	38	39	40	41	43	
0	2	4	5	6	10	11	13	16	17	18	21	22	24	27	29	30	33	35	38	41	43	
0	2	4	8	11	13	14	15	16	18	20	21	23	24	26	27	31	34	36	38	41	42	
0	2	4	5	6	7	8	11	13	19	21	24	25	28	29	30	34	36	37	38	40	42	43	44	
2	4	5	8	10	12	13	14	15	21	22	23	24	25	26	28	29	32	35	39	41	42	43	
0	1	3	4	6	11	12	14	15	16	17	18	20	21	24	26	30	31	33	34	35	40	42	43	
0	1	3	4	7	10	11	14	15	18	22	26	27	28	32	35	37	41	42	43	44	
7	8	12	13	15	17	18	20	21	22	24	25	28	31	33	36	39	40	41	42	43	44	
1	3	4	5	6	7	8	12	13	16	17	20	21	22	23	25	27	28	30	32	34	35	41	
2	3	4	6	8	9	12	13	14	17	21	24	26	27	32	33	34	35	36	39	41	
0	1	2	4	6	9	10	11	13	14	15	19	22	24	26	28	31	37	38	42	44	
1	2	3	11	12	14	15	18	19	22	23	25	27	28	30	31	32	33	38	40	41	42	43	44	
0	3	4	5	9	10	13	15	18	22	24	25	26	27	28	31	33	35	36	37	39	43	
0	2	7	8	9	10	11	12	13	14	15	18	21	23	24	27	28	31	34	36	38	40	42	
3	4	5	6	7	12	14	16	17	19	23	25	26	30	31	33	35	37	38	39	40	43	44	
1	3	4	7	10	13	16	19	23	25	26	27	28	29	32	36	37	38	39	41	43	
1	3	6	9	10	12	13	15	16	17	18	21	22	23	24	25	32	36	38	39	41	43	
1	2	3	5	7	8	9	12	13	14	15	16	22	25	26	29	31	34	37	38	39	42	44	
0	2	3	4	6	9	11	12	16	19	22	23	25	28	30	31	33	34	36	38	39	40	42	43	
0	1	3	4	6	11	12	14	15	19	20	22	23	27	28	32	33	34	37	38	40	41	42	43	
1	3	5	6	9	10	11	13	14	15	16	18	19	20	25	27	33	34	35	40	41	42	44	
2	5	6	8	11	12	13	18	19	20	21	22	24	26	27	28	31	33	34	36	40	42	44	
0	3	4	6	8	9	10	11	13	14	22	23	24	25	26	29	30	33	36	38	39	40	43	44	
1	2	3	7	10	12	14	15	18	19	21	22	23	24	25	26	27	29	33	36	39	43	
5	6	7	10	11	12	14	16	17	18	23	24	29	31	33	34	37	40	41	42	44	
2	3	5	8	11	12	13	14	15	16	18	20	23	24	30	31	32	34	35	38	41	42	
2	6	7	8	13	14	17	19	21	22	24	26	27	28	29	30	31	33	36	37	40	43	
0	2	3	5	6	8	9	11	14	16	17	23	24	25	26	27	31	32	33	35	36	37	40	42	
0	2	3	4	7	12	13	15	17	18	19	20	23	24	25	27	32	36	37	39	40	
3	6	7	8	9	10	11	16	18	19	22	23	25	26	27	28	30	31	32	34	40	41	43	44	
0	1	2	4	5	8	11	12	14	15	20	21	23	24	26	28	32	33	35	37	38	39	42	44	
1	3	11	12	14	17	18	23	24	26	30	31	33	34	35	36	37	38	40	42	43	
0	1	2	4	5	7	9	12	15	16	19	22	24	26	30	32	34	35	37	39	43	44	
1	3	5	7	9	10	11	12	13	17	18	23	25	27	28	33	34	36	37	40	41	
1	2	3	5	7	11	12	13	15	19	20	21	22	25	29	31	34	35	36	38	39	41	43	44	
1	2	5	6	7	9	11	12	13	14	15	17	22	27	28	29	32	33	34	35	38	39	41	42	
2	4	6	7	8	10	12	16	21	23	24	25	27	28	29	30	36	40	41	42	43	
0	4	5	8	9	10	15	18	19	20	21	22	26	29	30	31	32	35	36	37	38	39	43	
0	2	4	5	7	10	11	14	16	18	19	21	24	25	26	29	30	34	35	36	37	38	39	43	
1	4	5	6	11	12	13	16	17	19	21	22	23	24	28	29	31	33	34	36	41	
0	3	4	8	9	12	13	14	16	19	23	24	29	30	33	35	36	37	38	40	41	42	43	44	
1	2	3	6	8	9	10	11	13	16	17	18	23	25	27	28	30	31	33	35	36	39	41	
5	7	8	10	11	12	14	15	18	19	20	21	23	26	27	29	31	32	34	35	36	37	
0	2	4	8	9	15	16	19	20	22	23	24	26	28	30	32	33	34	35	37	39	41	42	43	
6	10	13	14	15	16	18	19	20	22	23	24	25	26	28	31	33	36	38	41	42	43	44	
2	5	6	9	10	14	16	17	19	22	23	24	26	28	29	32	35	37	38	39	41	42	43	
0	1	5	6	12	14	15	16	17	19	23	24	26	27	29	30	32	33	35	38	39	42	43	44	
4	6	7	9	10	17	18	20	22	23	24	25	26	29	30	32	35	38	40	41	42	
2	5	9	11	13	16	18	20	23	24	25	26	27	28	31	32	35	36	37	38	39	40	43	
1	2	10	12	13	14	17	18	19	23	26	28	29	31	32	33	34	37	39	42	43	44	
0	1	2	3	5	6	7	9	10	13	17	18	21	22	25	27	30	31	34	40	41	42	43	44	
4	5	7	8	9	11	12	14	15	16	17	21	23	24	26	29	31	33	38	39	42	43	
0	3	6	11	14	15	17	18	20	24	25	26	27	33	34	36	38	39	40	41	42	
1	2	6	7	10	12	14	16	18	19	21	26	27	28	31	32	33	34	35	38	40	42	43	
0	1	2	3	5	6	12	13	17	18	24	26	27	28	29	30	31	33	36	37	38	41	42	44	
2	3	4	9	10	11	16	18	24	25	26	28	30	31	32	33	34	35	36	37	44	
0	4	5	7	8	10	11	14	16	20	22	23	24	25	26	27	28	30	36	39	40	42	44	
2	3	4	5	6	8	9	13	16	17	20	22	24	26	32	33	36	38	39	40	41	44	
3	4	5	7	12	13	14	16	17	18	19	21	23	24	25	27	36	39	40	41	44	
0	2	5	6	9	10	13	14	15	18	22	24	26	28	29	30	31	35	37	38	41	44	
0	2	4	5	6	9	11	13	15	17	19	20	22	24	25	26	28	29	33	36	37	40	44	
0	4	5	8	9	10	12	13	16	17	21	22	24	25	26	31	32	33	35	38	39	44	
0	1	2	3	4	6	7	9	10	12	13	28	31	32	33	37	40	41	42	43	44	
0	2	5	7	8	11	12	13	14	15	17	18	19	21	22	23	25	32	33	34	35	39	41	42	
0	3	4	5	8	10	12	13	16	17	20	25	26	28	29	31	36	37	39	41	42	43	
2	5	7	12	14	15	16	19	21	22	23	26	27	31	34	36	37	38	40	43	44	
1	2	5	6	8	9	12	13	15	16	18	20	21	23	24	29	30	32	34	35	38	42	
0	2	3	6	8	9	10	14	24	28	29	31	32	33	34	35	39	40	41	42	43	
3	4	5	7	10	11	13	15	18	19	21	22	24	28	31	34	36	39	41	42	43	
2	7	9	11	14	16	17	18	20	23	26	27	29	30	32	33	35	37	38	39	41	42	44	
0	1	5	6	7	9	16	17	20	21	23	25	26	28	30	31	32	36	37	38	39	40	42	
0	1	3	4	5	6	7	9	12	14	17	18	19	24	25	28	30	32	33	36	38	43	44	
0	1	2	7	8	10	12	14	15	17	19	23	24	25	26	28	29	31	33	35	39	40	41	42	
1	2	5	7	8	12	13	15	16	17	18	19	22	24	26	27	28	29	30	34	38	41	42	
0	1	2	3	5	6	7	9	12	17	23	25	26	27	30	32	34	35	37	42	43	
0	1	3	7	8	10	13	15	16	17	20	21	22	23	25	31	33	35	36	38	39	40	44	
1	2	3	10	11	14	16	20	21	23	24	25	26	28	30	31	33	34	37	42	44	
0	1	4	6	7	8	9	14	15	17	19	22	23	26	29	32	33	35	38	39	40	
0	2	7	8	9	10	11	15	16	18	20	24	25	26	27	30	31	33	36	38	39	41	42	
0	2	3	5	6	7	8	9	10	11	21	22	27	29	30	32	33	36	37	41	42	43	44	
0	1	3	6	7	8	14	20	21	22	23	24	25	27	31	34	35	37	38	39	40	41	43	44	
0	3	4	5	8	10	11	12	13	15	18	19	21	29	30	34	35	38	39	41	42	43	
2	3	4	5	6	7	8	9	10	11	12	14	15	16	18	24	25	28	29	32	33	41	42	44	
1	2	5	6	9	13	14	16	17	21	22	23	24	25	30	31	32	39	40	41	42	43	44	
1	2	3	5	11	13	16	19	21	23	26	27	28	29	30	31	32	38	39	41	44	
1	4	5	7	8	9	12	13	16	20	22	23	25	26	28	29	30	31	34	36	38	40	41	42	
1	2	3	6	8	17	19	20	21	24	25	26	29	30	31	32	35	36	37	42	43	44	
0	1	3	4	6	9	12	16	17	23	27	28	29	31	32	33	35	36	37	39	40	44	
1	2	4	6	7	8	9	13	14	16	19	20	23	24	27	28	31	32	34	35	36	38	44	
3	4	5	8	11	12	13	15	16	18	20	25	30	31	34	36	37	38	39	41	43	
0	1	2	3	4	5	7	8	11	12	14	17	21	23	25	35	36	38	39	40	43	
0	1	4	6	8	11	12	16	17	20	22	23	26	28	30	34	36	37	39	40	41	42	44	
2	3	6	7	10	11	13	17	19	20	22	23	26	27	31	33	34	35	36	37	38	40	44	
0	1	5	6	8	12	13	14	16	20	22	23	24	25	27	29	32	33	35	36	39	41	42	44	
0	5	6	7	9	20	21	22	23	24	26	27	28	30	31	32	33	36	37	40	42	43	44	
1	2	3	5	8	9	10	11	13	18	19	20	21	24	26	27	29	32	33	34	43	
4	6	7	8	10	11	13	18	20	21	23	24	25	27	29	30	31	33	34	37	38	40	42	44	
0	1	4	5	6	10	12	13	14	19	21	24	25	28	29	30	34	37	38	41	43	44	
1	2	4	6	8	10	13	14	22	23	24	26	27	30	31	34	36	39	40	41	42	43	44	
1	2	4	5	6	7	9	13	15	16	17	20	23	24	26	27	28	29	31	37	40	43	44	
0	2	3	5	6	8	9	10	11	14	15	17	22	25	27	30	32	34	35	37	39	42	
3	5	6	7	8	9	10	12	13	14	16	20	22	25	26	28	29	30	33	35	38	42	
0	1	5	6	7	8	9	11	12	14	16	19	22	23	25	26	27	28	29	30	31	34	36	37	
1	3	4	8	10	11	12	13	16	20	21	23	27	29	30	33	35	36	37	39	42	43	44	
1	3	5	6	9	10	11	13	14	16	17	19	22	23	24	25	26	27	30	33	35	40	41	
0	2	5	9	10	11	13	19	21	24	25	26	27	29	32	35	37	39	42	43	44	
0	1	2	4	7	8	10	12	13	14	17	22	23	24	27	30	33	34	35	38	39	40	41	
3	4	7	8	9	10	12	13	15	17	18	19	21	23	25	35	36	37	41	43	44	
0	1	2	5	7	8	12	13	16	18	19	20	22	24	25	26	28	32	33	35	40	42	43	
0	1	3	4	8	9	10	11	13	14	19	22	23	24	26	27	28	29	30	32	37	38	40	
0	1	4	5	9	10	11	14	15	18	23	24	26	29	30	31	32	35	37	38	40	41	43	
0	1	2	3	4	6	7	11	16	19	24	25	26	27	29	30	32	34	35	36	38	39	40	44	
0	6	8	13	14	18	20	22	23	25	26	27	34	35	36	37	39	40	41	42	43	44	
1	3	7	9	10	11	13	17	19	21	24	25	26	29	31	32	35	36	38	39	41	42	
0	3	4	5	8	9	12	14	17	19	20	21	25	27	28	32	34	36	39	40	41	42	
1	4	5	7	8	11	12	14	20	25	26	28	29	31	32	35	36	37	39	41	43	44	
2	3	8	9	11	12	13	18	19	20	22	23	29	30	33	34	35	37	40	41	42	
0	3	4	5	7	8	12	14	17	18	20	22	25	27	28	30	33	34	37	38	39	40	41	42	
3	5	6	7	13	14	18	21	22	23	24	27	29	30	32	33	34	36	37	38	40	42	43	
1	2	6	7	10	11	14	16	18	19	20	22	25	27	28	34	36	37	38	41	42	
2	6	7	8	9	15	16	17	18	20	23	26	27	28	29	30	32	33	35	36	37	40	42	
0	3	4	5	8	10	13	15	19	20	21	22	24	25	27	34	36	38	39	41	42	
0	2	4	5	6	7	8	9	10	11	13	14	15	16	19	20	21	34	39	41	44	
6	7	9	10	11	12	18	22	24	25	27	30	31	33	34	35	37	39	40	41	43	44	
5	8	10	13	14	15	16	18	19	21	22	23	24	28	29	30	31	35	37	39	42	43	44	
1	2	3	8	9	12	16	18	20	22	23	24	26	27	30	31	34	37	38	39	40	42	43	44	
0	1	3	6	11	12	14	17	18	19	20	21	22	23	25	27	30	31	33	35	36	37	38	44	
1	2	3	5	7	8	9	11	13	14	16	17	20	21	22	27	28	31	34	38	42	
5	7	8	10	11	12	15	16	17	18	20	24	25	26	27	28	29	30	31	33	38	41	43	44	
0	1	2	8	14	16	17	20	21	22	24	26	31	34	35	36	38	40	41	43	44	
1	2	3	5	6	8	10	11	12	16	18	19	22	23	25	29	31	32	36	37	43	44	
0	1	2	3	4	5	6	7	8	12	15	22	26	28	29	31	32	34	36	37	38	
0	1	6	7	8	9	11	15	18	22	26	30	31	34	35	36	37	39	40	42	43	
0	1	3	6	8	10	12	13	14	15	22	24	25	28	29	30	31	37	38	41	43	
3	4	6	10	11	12	13	14	17	18	19	22	23	24	25	27	28	31	34	35	36	38	40	44	
0	2	5	6	12	13	16	17	18	19	20	21	24	26	29	30	31	32	33	34	35	36	38	41	
1	3	4	5	6	7	11	12	13	16	17	18	19	21	22	24	26	27	28	32	34	38	39	44	
0	1	2	4	5	6	11	12	13	16	19	21	23	27	28	30	32	37	38	40	42	43	
0	1	2	3	6	8	14	16	17	18	21	23	29	31	33	34	35	36	37	38	39	43	
0	1	2	3	6	9	13	14	15	18	19	24	26	28	30	33	34	39	40	42	44	
0	4	5	6	7	9	10	11	12	13	20	21	22	23	24	26	27	29	35	41	43	44	
0	1	3	5	6	7	10	13	15	16	24	25	26	28	29	30	32	34	37	38	40	42	43	
0	2	3	4	9	13	14	16	17	20	24	25	26	27	29	30	31	32	33	34	35	44	
3	5	6	7	8	10	11	12	13	16	20	21	23	24	26	28	30	32	34	36	37	39	42	43	
0	1	3	6	7	11	15	16	18	19	21	22	24	25	27	28	29	30	31	36	37	39	40	44	
0	3	5	8	9	14	16	17	18	21	22	29	31	32	33	34	36	37	39	40	41	43	
0	1	2	5	6	8	10	13	15	16	17	19	21	22	23	25	26	29	38	41	42	
1	2	6	8	9	10	12	13	15	16	17	19	20	24	25	26	34	36	37	39	40	42	43	44	
0	2	6	7	9	10	11	12	13	16	21	22	23	25	28	30	33	34	37	38	39	40	44	
2	4	7	13	14	15	16	19	21	23	25	28	31	33	34	36	37	39	40	42	44	
0	1	4	5	6	7	8	9	10	12	13	14	15	20	22	23	24	28	29	34	37	38	40	42	
0	5	8	12	13	14	15	16	17	19	23	25	27	28	30	31	32	34	35	36	38	39	44	
0	1	2	7	9	11	12	14	15	17	21	24	25	26	29	32	33	35	36	39	40	42	43	44	
4	6	7	8	9	10	12	13	14	16	18	19	21	23	25	27	28	33	34	35	39	40	41	44	
0	1	4	5	8	11	13	18	20	21	23	28	29	30	31	32	33	34	40	41	42	
0	2	4	5	7	10	12	14	16	19	21	22	23	25	27	29	31	32	33	35	37	
0	2	3	5	6	7	9	10	11	18	19	21	23	24	25	26	30	33	37	39	41	42	43	
0	4	5	9	14	15	17	18	19	20	21	24	25	27	28	31	32	33	35	40	41	43	44	
0	3	6	7	10	13	14	18	19	22	23	26	28	29	30	31	32	33	36	37	38	39	40	43	
1	5	7	9	12	13	14	15	16	17	22	24	25	27	29	31	35	36	37	40	43	
1	5	7	8	9	12	13	14	16	17	18	19	20	22	23	25	26	27	32	34	36	40	41	42	
3	4	6	9	10	14	17	18	23	25	27	28	30	31	34	35	36	37	38	39	42	43	
0	1	2	3	5	8	12	14	15	18	21	23	27	30	32	33	34	36	39	41	44	
1	2	3	5	10	12	13	16	18	19	20	21	23	25	26	27	28	34	36	38	43	
2	3	4	5	13	15	16	17	19	20	21	27	28	31	32	35	36	38	41	42	43	
0	4	5	11	12	13	14	15	16	17	18	20	24	27	28	30	31	34	35	39	40	42	43	44	
0	1	2	8	9	10	11	12	20	22	23	26	27	29	32	33	38	40	41	43	44	
1	4	5	6	10	11	12	16	18	20	23	24	25	27	29	30	31	34	35	39	41	42	43	
2	3	4	6	7	12	16	17	19	21	23	24	27	28	30	31	36	37	39	40	43	
2	3	4	5	6	7	8	9	10	11	14	16	21	27	28	29	31	32	33	37	38	41	42	
1	6	8	13	15	16	20	21	22	23	24	25	26	30	31	36	37	38	41	43	44	
0	1	4	6	7	9	12	13	15	16	21	22	25	26	28	30	31	32	33	34	35	38	39	43	
1	2	3	4	5	7	8	10	18	22	23	24	26	30	32	33	34	36	37	38	44	
1	2	3	4	5	6	8	9	10	12	14	18	25	26	29	30	31	35	37	39	40	41	43	
2	3	5	6	7	8	9	12	14	15	18	21	22	25	28	30	33	36	37	38	39	
1	2	3	9	11	13	15	18	19	20	22	23	28	29	30	32	33	34	36	39	43	44	
0	4	9	10	12	14	16	17	19	20	25	26	27	31	32	33	34	35	36	38	40	41	43	44	
0	2	6	9	11	13	15	16	17	19	20	21	23	28	32	33	35	36	38	40	43	44	
1	3	4	8	10	12	14	15	19	20	22	23	24	25	26	28	31	35	36	37	38	39	40	41	
2	4	5	6	8	9	14	16	17	22	23	25	29	30	36	38	39	40	42	43	44	
2	7	8	10	11	12	13	16	17	20	21	22	24	25	26	28	32	35	36	38	39	41	43	44	
0	1	3	7	10	11	13	19	20	24	27	28	29	30	32	33	35	37	41	43	44	
1	3	4	8	9	10	12	14	20	21	24	26	28	29	31	32	33	35	38	39	40	41	44	
0	2	3	8	10	11	13	15	17	18	21	22	24	27	28	31	32	33	38	39	40	41	43	
0	4	7	8	9	11	13	15	16	18	20	22	23	24	29	30	31	34	37	40	41	42	43	
1	3	4	7	8	9	12	13	14	18	19	23	25	27	28	29	33	34	35	36	40	
0	2	4	5	7	9	12	13	14	17	22	23	26	27	29	30	32	35	36	37	39	41	42	44	
0	1	3	4	6	7	8	10	11	14	15	20	21	23	25	26	28	34	36	37	38	40	41	42	
1	3	4	6	9	10	14	17	18	25	26	27	28	29	31	33	35	36	39	40	43	44	
0	2	3	7	8	9	11	14	15	17	18	19	21	27	28	30	32	33	36	38	40	41	42	44	
0	2	5	7	10	11	12	13	14	15	16	18	21	23	24	28	35	37	39	40	41	43	44	
0	1	2	3	4	9	10	11	13	14	17	23	25	27	29	31	32	33	36	39	42	43	
1	2	5	6	9	10	11	14	17	19	20	22	25	26	27	28	29	30	31	32	36	37	41	44	
1	2	5	6	10	11	13	14	15	17	19	20	22	24	26	27	31	34	35	38	41	42	43	
0	1	3	5	9	11	12	13	14	18	19	20	21	24	25	26	27	28	31	33	36	39	40	
1	3	7	8	9	14	19	21	22	23	25	26	28	29	33	34	35	36	38	42	44	
1	2	4	5	7	8	9	10	12	14	17	18	19	21	28	30	32	36	37	41	44	
0	1	3	7	10	11	12	14	16	18	19	20	21	22	23	24	26	30	34	37	38	39	43	
0	1	4	5	6	8	9	10	11	12	17	19	21	25	31	32	34	35	36	40	41	44	
0	3	4	10	11	15	17	21	23	29	30	32	33	34	35	36	37	40	41	42	43	
2	4	6	7	12	13	15	16	18	19	21	24	25	26	27	30	31	32	37	38	39	42	43	
0	1	2	4	5	8	9	11	15	17	19	20	24	28	33	34	37	39	40	42	44	
0	1	4	5	6	7	8	10	17	18	22	23	26	27	28	29	31	32	33	37	40	41	
0	3	4	5	9	12	13	14	15	17	23	24	25	26	27	28	31	35	37	40	41	44	
0	2	5	7	9	10	11	12	14	15	16	17	22	23	26	28	34	35	36	37	38	42	43	44	
0	2	6	10	12	13	14	21	23	24	25	26	27	28	29	32	36	37	38	42	43	
0	1	2	3	7	12	13	16	19	20	21	22	25	27	28	29	33	34	35	36	42	43	44	
0	2	3	6	9	12	13	14	15	16	19	21	26	28	29	31	34	36	37	38	40	41	42	
1	3	5	7	8	11	14	17	18	19	21	22	27	29	30	32	36	38	39	41	42	43	44	
2	5	6	7	8	9	11	13	16	17	18	20	26	30	33	34	36	38	39	41	43	44	
0	2	4	6	7	14	15	18	19	23	26	27	29	30	31	32	34	35	36	39	40	
2	6	7	10	12	14	15	18	19	20	21	23	31	32	33	34	36	37	38	39	40	41	42	44	
0	1	5	7	9	13	14	18	22	23	25	27	30	31	32	34	35	36	40	41	43	44	
1	2	6	7	8	10	11	12	13	14	19	21	22	24	25	28	29	32	33	36	39	41	
3	6	8	10	12	13	15	16	23	24	25	26	28	29	32	33	35	36	37	39	40	42	
0	2	3	5	9	11	12	14	16	19	20	21	24	26	27	28	33	36	37	38	42	43	44	
1	3	5	6	9	10	11	13	14	15	16	21	22	23	24	25	29	30	34	37	40	41	44	
2	3	5	6	7	10	12	13	17	20	21	24	25	26	27	31	34	37	39	40	41	42	43	44	
3	4	6	10	11	13	14	15	16	17	22	27	30	31	32	34	35	36	37	39	42	
1	2	3	4	5	7	14	15	18	19	24	25	28	32	36	38	39	41	42	43	44	
0	1	2	6	7	8	9	10	12	13	15	16	18	24	28	31	32	34	36	37	39	40	41	43	
1	5	7	8	9	11	12	14	15	16	17	18	21	22	24	26	27	31	32	33	39	40	41	44	
1	2	3	6	8	9	10	13	17	18	21	22	24	28	30	31	32	35	36	40	41	44	
1	2	3	4	7	9	10	12	13	14	17	19	21	22	25	27	31	32	33	34	40	41	43	44	
2	6	7	13	16	18	19	20	23	24	25	26	27	31	33	34	37	39	40	43	44	
4	6	8	11	13	14	19	21	22	23	25	27	28	30	31	32	34	35	37	39	44	
1	3	6	8	10	11	12	14	15	17	20	24	25	26	29	30	31	33	37	38	39	42	44	
0	3	5	6	10	12	17	21	22	23	25	26	28	30	31	33	34	36	39	42	43	44	
0	3	4	6	7	8	9	10	11	14	21	22	25	31	32	34	35	36	37	38	41	42	43	44	
0	1	2	7	10	11	13	14	15	16	19	20	21	22	24	26	31	34	37	40	43	44	
1	2	3	5	7	8	9	11	13	16	17	22	23	24	28	33	34	35	36	37	39	41	
0	4	6	7	9	10	12	13	14	16	17	18	20	22	27	31	32	33	37	39	41	42	44	
1	2	3	7	8	9	11	12	14	15	18	20	21	22	26	30	31	32	34	35	40	42	
0	3	4	5	7	11	15	17	18	19	20	21	23	25	26	27	28	31	32	34	36	37	42	43	
2	5	6	7	9	11	14	16	17	18	19	20	21	26	28	29	30	35	36	37	38	39	41	
0	1	2	4	5	6	8	11	13	15	18	24	26	27	29	30	31	37	38	39	40	41	43	44	
0	1	2	3	5	6	8	9	10	12	15	17	18	20	23	25	27	28	33	38	44	
0	2	7	10	13	16	17	18	20	21	22	25	26	27	28	30	32	33	34	35	37	38	39	40	
2	3	6	9	13	16	17	18	20	22	23	24	26	27	28	31	33	36	38	39	41	
0	1	3	4	5	6	7	10	12	14	15	16	20	25	28	29	30	32	36	39	40	41	42	43	
1	2	8	9	13	14	16	17	19	20	22	24	26	27	32	33	34	36	39	40	43	44	
0	3	5	8	12	14	15	16	18	19	20	27	28	29	30	31	36	37	39	40	42	43	44	
2	3	4	9	12	13	16	22	23	24	27	28	30	32	33	34	35	37	38	40	41	
1	3	4	5	6	15	16	17	19	21	22	23	24	25	27	30	31	33	35	39	40	42	43	44	
1	3	5	7	9	10	12	14	18	19	21	22	23	24	25	28	29	30	32	35	37	38	39	41	
1	2	4	8	9	12	14	15	17	18	20	25	26	27	29	32	33	35	36	40	42	44	
0	1	14	15	20	21	22	23	26	27	28	29	30	33	35	36	37	40	41	42	43	44	
2	5	6	7	8	10	11	12	13	14	17	19	24	26	27	28	29	31	32	34	35	36	44	
0	3	4	5	7	9	10	11	13	14	15	16	18	20	22	29	30	31	36	38	41	43	
1	3	4	5	7	8	10	15	16	17	18	20	23	24	27	29	32	34	37	39	41	
0	1	9	14	16	19	20	21	22	24	29	30	34	36	37	38	39	41	42	43	44	
0	1	3	10	11	12	14	15	16	17	18	20	21	22	24	25	29	30	31	33	37	38	41	42	
0	1	2	6	7	8	11	12	15	17	18	19	21	23	25	26	27	28	30	31	35	39	
0	1	2	3	4	6	7	11	12	18	20	21	23	24	25	28	30	32	34	35	37	41	43	44	
0	1	3	8	9	10	11	13	16	17	19	21	23	25	27	28	32	34	39	40	41	43	
0	1	4	5	6	9	10	15	18	20	21	27	30	31	32	33	34	37	39	41	42	44	
1	2	4	5	6	8	10	12	14	15	17	20	22	25	26	34	35	38	39	40	41	42	44	
1	3	4	7	8	9	10	12	14	17	18	19	22	25	26	33	35	36	37	38	42	44	
1	2	4	6	7	8	9	12	14	17	18	19	22	26	30	32	34	36	38	39	41	
0	1	5	7	9	10	11	13	15	24	25	28	29	30	31	32	34	35	36	42	43	44	
1	5	7	9	10	13	16	17	20	23	25	26	29	30	31	32	33	37	39	43	44	
0	1	3	4	5	6	7	8	10	15	16	19	21	25	32	34	36	37	38	39	41	44	
4	5	7	8	9	10	11	13	14	19	20	22	23	29	30	31	32	33	36	37	38	39	41	
2	3	4	9	10	11	15	17	20	21	25	28	30	31	33	36	37	39	40	42	43	
2	3	4	6	10	11	15	16	17	18	19	20	22	23	27	28	31	33	35	36	40	42	43	44	
1	2	4	5	8	11	12	13	16	22	23	24	28	29	30	34	35	39	40	41	43	44	
1	2	8	10	13	15	19	20	22	24	25	27	29	30	34	35	36	39	42	43	44	
0	5	8	10	11	13	14	16	21	23	24	26	27	28	29	30	32	34	35	38	44	
2	4	10	13	14	16	17	18	19	20	21	22	23	27	32	33	36	37	39	40	42	43	
0	1	2	4	5	7	9	11	12	13	15	16	17	18	20	24	25	26	27	32	34	36	41	43	
1	4	6	7	8	10	11	12	16	21	22	24	26	29	32	37	38	39	40	43	44	
1	4	5	7	8	9	12	14	15	23	24	25	28	31	32	33	34	38	39	41	42	44	
0	2	5	7	8	9	12	14	15	20	22	23	24	26	30	34	35	37	38	39	40	41	43	
1	3	5	6	12	14	15	19	21	23	24	25	26	27	31	32	33	39	40	41	42	44	
1	3	6	7	9	11	14	18	19	22	24	25	27	28	30	31	32	33	34	37	39	42	43	44	
0	1	2	4	5	6	9	10	12	14	17	18	19	20	23	25	34	35	38	41	42	43	44	
0	1	2	3	6	8	9	11	14	15	16	19	20	21	25	26	27	32	35	38	39	40	42	43	
0	5	6	7	8	10	13	14	16	17	19	20	22	26	28	30	31	32	34	35	37	39	
4	6	9	12	13	14	17	19	22	23	24	29	30	34	35	36	37	38	40	41	42	43	
0	4	6	7	9	11	17	19	20	21	23	24	26	27	28	29	34	35	38	39	40	41	43	
1	3	4	7	10	11	13	17	18	19	22	23	24	26	29	30	31	32	34	36	37	40	43	44	
3	4	7	10	12	13	14	17	19	20	23	24	29	33	34	36	38	40	41	42	43	
1	2	4	6	9	14	15	18	19	21	23	24	26	29	33	35	36	38	40	41	43	44	
0	3	4	5	8	9	10	12	14	15	16	18	19	22	24	27	30	31	39	40	43	44	
4	5	8	11	12	13	14	15	17	25	26	27	28	29	31	33	34	37	38	39	44	
7	12	14	17	18	19	21	22	23	25	26	27	28	29	30	31	33	34	36	38	42	
1	2	6	8	9	10	11	14	16	17	19	21	23	24	25	26	29	30	35	36	39	44	
0	3	8	9	14	16	18	20	22	23	25	27	32	35	36	38	39	40	41	43	44	
3	4	5	6	7	9	11	14	16	17	18	20	25	27	29	31	32	33	34	36	37	39	40	41	
2	4	6	7	10	11	13	14	16	17	19	23	25	30	31	33	34	36	39	41	42	43	44	
1	2	11	13	14	15	16	17	20	21	26	27	28	29	33	34	37	38	39	40	41	42	43	
0	2	3	6	7	8	9	10	15	16	17	21	23	24	25	28	30	31	35	37	38	40	42	44	
0	4	5	6	7	12	13	21	22	25	26	27	28	33	34	35	36	37	38	39	41	42	
1	2	3	4	8	11	12	13	15	16	18	21	22	25	26	27	30	32	36	37	38	40	44	
0	2	3	5	6	7	8	10	11	12	14	16	18	23	24	27	31	36	37	40	41	
1	3	6	7	10	13	15	16	19	22	23	24	31	33	35	36	38	40	41	42	44	
5	6	9	10	12	13	14	17	22	23	25	27	29	30	33	36	37	38	40	41	42	43	44	
2	5	6	9	10	13	15	17	18	20	21	22	24	25	26	27	29	32	34	38	40	41	43	
0	1	2	6	11	16	18	20	23	24	26	31	32	33	34	35	36	37	38	39	41	43	44	
1	2	5	7	9	10	12	13	14	15	16	17	18	19	20	23	27	32	33	37	38	40	
1	2	4	7	8	10	11	12	13	14	15	18	20	21	23	24	28	30	35	37	38	39	42	44	
0	2	3	6	7	10	13	14	15	17	19	21	23	26	27	30	31	34	37	39	41	43	44	
0	2	5	6	8	11	12	13	14	18	19	20	22	24	25	28	30	32	33	34	35	36	38	44	
0	1	2	5	6	11	12	15	16	19	20	21	24	25	30	33	34	35	37	38	41	
2	7	10	11	13	14	15	17	18	19	20	23	24	25	26	27	30	32	33	35	38	39	41	44	
1	2	3	4	6	8	10	12	14	19	20	21	23	24	28	30	32	34	35	37	40	42	43	44	
0	2	4	5	7	9	12	13	15	16	17	20	21	22	23	29	30	31	32	39	41	43	44	
1	2	4	9	10	11	13	14	15	16	19	21	22	25	26	32	36	38	39	41	42	
0	2	4	6	8	10	11	12	14	15	20	24	25	26	27	28	29	30	32	33	34	36	38	44	
0	1	2	4	7	8	12	13	14	16	17	18	25	26	29	30	32	33	36	38	40	42	43	44	
1	2	3	6	8	14	18	19	20	22	24	26	28	29	30	33	34	36	37	40	42	43	
0	4	5	6	9	11	15	17	18	19	23	25	29	32	33	34	35	36	38	40	41	42	43	44	
0	3	5	7	8	12	14	16	18	19	21	22	24	29	30	32	33	36	37	38	39	41	42	
0	2	4	6	11	12	17	18	22	23	24	26	28	29	31	33	37	38	41	42	43	
2	5	8	10	11	12	20	22	23	27	29	30	32	34	35	38	39	40	42	43	44	
0	3	7	8	9	10	12	13	14	17	18	19	20	21	28	29	30	33	37	38	39	40	42	43	
0	2	5	9	14	15	17	20	21	22	23	25	26	27	31	32	34	35	41	43	44	
0	7	8	10	11	12	13	14	15	18	21	22	25	26	29	30	31	32	33	37	40	42	
0	1	2	3	4	8	9	11	12	13	14	15	16	17	21	25	26	27	30	33	35	36	40	
1	3	7	8	10	12	14	15	17	18	21	23	26	27	28	29	30	31	34	38	39	42	43	
4	9	15	16	18	19	20	21	22	24	25	26	27	30	32	35	36	37	38	41	42	
0	1	2	3	8	10	11	13	17	20	21	23	24	27	32	34	36	39	41	42	44	
2	7	11	13	14	15	17	19	21	22	23	25	26	29	30	32	33	35	36	38	44	
0	1	9	11	12	13	14	17	19	20	22	25	26	27	28	30	31	33	34	35	36	42	44	
2	7	8	9	10	14	18	19	20	23	26	27	28	31	32	34	35	37	40	41	43	44	
1	8	12	13	14	18	19	20	21	22	23	25	26	27	28	30	31	32	34	38	39	41	
0	1	2	5	6	9	10	15	18	19	22	26	27	29	31	32	33	34	37	39	40	44	
1	2	4	5	6	9	10	11	13	14	16	17	19	20	22	26	27	30	31	34	37	38	42	
0	2	5	7	8	12	13	14	16	19	20	21	23	24	27	29	30	31	32	35	37	38	40	
3	4	5	10	11	12	14	16	17	19	20	23	24	29	30	32	33	34	35	36	38	39	42	44	
0	2	3	5	9	10	11	12	17	18	20	23	26	29	30	32	34	36	37	38	39	40	42	
1	2	3	4	7	8	10	11	13	14	15	19	21	23	27	28	29	30	36	38	39	
0	1	2	6	10	11	12	13	15	17	21	22	24	25	26	27	31	33	35	41	44	
2	6	7	8	9	11	13	14	15	16	17	20	22	23	24	27	28	29	34	38	39	40	42	44	
1	3	9	11	12	15	16	17	18	19	20	21	23	24	27	28	29	32	33	34	36	37	
3	5	8	9	10	12	17	18	19	20	22	26	29	30	34	35	38	40	41	42	43	
0	1	5	8	10	11	12	13	15	23	24	26	27	28	35	36	38	39	40	43	44	
0	1	2	3	4	6	17	19	23	26	27	28	29	30	32	37	38	39	40	41	42	44	
0	1	2	4	9	10	11	12	13	20	21	23	24	26	28	30	33	34	35	38	39	42	
0	3	4	5	8	11	12	13	14	15	16	18	22	23	24	26	29	34	36	37	39	41	42	43	
0	2	4	7	12	13	14	16	17	21	25	28	30	31	33	35	37	38	40	41	43	
2	6	7	8	10	11	14	16	19	22	23	27	28	29	30	32	33	36	37	39	44	
0	1	5	7	9	10	12	16	17	19	21	24	26	30	32	34	35	36	38	40	41	43	
0	1	4	5	8	10	14	15	17	20	23	24	26	27	29	32	35	36	37	39	40	41	43	
5	6	8	10	11	12	13	14	19	21	22	24	26	27	30	33	34	35	39	40	42	44	
2	4	6	8	9	11	12	14	15	19	21	25	28	30	32	33	34	37	39	40	41	42	
3	5	6	8	9	10	11	17	18	19	21	22	23	24	29	31	33	34	36	39	40	42	43	
2	3	5	6	12	13	15	18	19	20	21	23	25	29	30	33	36	38	39	41	42	
0	1	2	3	7	8	11	12	13	15	17	18	20	22	26	29	32	33	38	40	44	
2	5	7	9	10	11	17	18	21	22	23	24	25	27	28	29	31	32	33	35	37	38	42	43	
1	4	6	7	9	13	14	15	20	22	23	24	25	29	30	31	32	33	37	38	40	42	43	44	
6	7	9	11	12	13	15	16	22	23	24	27	31	32	35	36	37	39	40	41	43	
1	2	6	8	11	12	14	16	17	18	22	25	28	29	30	34	35	37	40	42	44	
0	1	3	4	5	6	7	8	9	10	16	18	19	21	29	30	32	33	35	37	38	39	43	44	
0	1	2	3	4	5	6	11	12	13	16	17	24	29	31	32	34	37	38	40	42	
3	5	6	7	10	14	15	17	18	20	21	22	25	26	27	31	33	34	38	41	44	
0	1	3	5	6	7	8	10	11	15	19	20	21	22	24	26	27	34	38	39	41	44	
0	1	2	4	5	6	7	8	9	12	13	16	25	29	30	32	33	34	35	37	41	42	43	
0	1	6	8	10	11	13	14	15	16	17	20	24	25	26	28	31	34	35	36	40	41	43	44	
7	8	11	15	17	20	21	22	24	25	28	30	32	33	34	36	37	38	39	40	42	
3	4	5	6	8	9	10	12	13	16	19	22	23	24	31	32	34	35	36	37	38	39	41	44	
0	2	5	7	8	9	11	14	15	18	21	23	24	26	28	30	31	33	39	42	44	
0	3	6	7	9	11	12	14	15	17	18	19	20	32	33	35	36	37	38	39	42	44	
0	1	2	4	5	6	7	8	10	11	16	19	20	22	27	30	31	32	36	38	44	
4	7	9	12	14	15	16	17	19	20	22	23	24	25	26	28	31	32	33	35	36	39	40	43	
0	2	3	6	7	10	12	15	16	17	18	19	20	22	23	25	28	30	31	32	34	40	44	
0	3	4	5	7	8	9	10	12	13	15	16	24	27	29	30	32	37	38	39	41	42	
0	1	2	3	4	6	7	9	10	11	12	17	19	22	24	27	28	32	33	34	38	
0	3	4	10	12	14	15	17	18	19	20	21	24	26	28	30	34	35	37	38	42	44	
0	1	2	6	7	8	13	15	16	19	20	23	29	31	32	34	35	36	37	39	40	43	44	
1	3	7	8	11	13	14	15	16	17	18	20	23	24	26	27	28	31	38	39	40	41	42	44	
0	1	4	6	7	8	9	10	11	14	16	17	19	21	25	27	31	38	39	40	42	44	
3	5	6	11	14	17	20	22	23	24	25	26	27	28	29	30	32	33	35	37	40	41	42	44	
2	4	5	6	7	9	14	16	20	21	22	23	24	25	26	29	31	33	34	35	37	39	40	
0	1	2	3	5	6	9	10	12	14	15	17	18	20	23	24	26	28	29	30	31	36	42	43	
2	3	5	6	7	10	11	14	17	18	19	22	23	24	25	26	27	29	31	32	33	35	39	43	
0	2	4	7	11	14	15	16	18	21	26	27	29	31	32	36	37	39	40	41	44	
0	3	4	6	12	15	16	19	20	21	22	23	26	28	29	34	37	39	40	41	42	
0	3	4	8	10	11	12	13	14	15	17	19	20	21	22	25	27	28	29	33	36	38	39	
2	4	5	7	9	12	13	16	20	21	23	24	26	28	30	33	36	37	38	40	42	43	44	
0	1	4	5	7	8	9	10	12	13	14	16	19	20	23	25	27	28	29	31	32	38	44	
0	2	4	7	9	10	11	12	13	15	16	18	23	27	28	29	30	31	36	41	42	
0	1	3	5	7	9	11	13	14	15	17	19	21	22	23	25	31	32	33	35	41	42	
0	1	4	5	6	7	8	9	10	13	14	16	17	21	23	25	26	27	31	34	35	38	41	
1	3	4	8	10	11	14	15	17	18	21	22	23	28	29	31	35	36	39	40	41	42	44	
0	2	4	7	8	10	11	14	15	16	18	19	21	22	25	26	29	31	32	38	39	41	42	
0	2	4	5	6	11	13	16	19	23	26	28	31	32	33	34	36	38	39	40	43	
0	4	5	10	13	14	16	18	20	21	23	24	25	26	27	28	29	30	31	33	34	39	40	
1	3	4	5	9	11	14	16	21	22	24	25	26	28	29	31	32	33	35	36	38	39	42	44	
1	2	3	5	7	8	9	11	15	16	17	18	20	23	24	25	26	28	32	34	35	36	42	43	
0	1	3	6	10	13	14	15	17	18	19	21	22	25	27	28	31	33	36	41	42	44	
2	5	9	10	11	12	14	16	18	20	26	30	31	33	34	35	37	38	39	41	44	
0	1	2	10	11	13	14	16	17	18	19	24	25	26	31	33	34	35	36	37	41	42	43	
1	2	4	8	9	12	15	16	18	21	23	24	25	26	27	28	31	32	34	39	40	42	44	
1	3	4	5	6	8	10	12	16	19	20	22	23	28	29	30	32	33	34	37	39	40	43	
1	3	7	8	10	12	16	18	19	20	21	24	25	26	27	29	32	34	35	40	41	43	
1	2	4	5	6	8	10	12	14	15	17	18	21	23	24	26	27	32	34	36	37	38	40	42	
1	2	4	6	12	13	16	18	19	20	22	23	24	26	27	28	30	31	34	37	39	41	43	
0	2	3	4	8	13	16	18	20	21	27	28	29	31	32	33	38	39	40	43	44	
0	2	3	5	6	9	10	12	13	14	18	19	21	23	25	26	29	31	33	34	36	38	40	
0	1	2	3	7	9	12	14	15	16	17	21	26	27	28	29	30	34	35	39	40	41	
1	3	4	9	10	12	14	16	17	18	19	24	25	26	29	32	33	38	39	40	42	
0	2	3	6	8	10	12	14	18	19	20	22	23	26	27	29	33	34	36	37	38	39	40	41	
0	2	3	5	6	7	10	12	15	18	19	20	21	22	28	29	31	33	34	35	36	37	41	43	
0	1	2	3	5	7	8	9	11	12	17	20	24	25	26	28	32	33	36	39	40	42	43	
2	6	7	9	12	15	17	18	19	20	24	25	29	30	32	33	34	35	36	38	39	42	44	
0	2	3	4	6	8	9	11	13	14	22	23	28	29	30	32	34	36	41	43	44	
2	9	10	11	12	13	15	17	19	22	23	24	25	27	30	35	36	38	40	41	42	43	
1	2	5	7	8	15	16	18	22	23	26	28	29	33	35	36	37	40	41	42	43	44	
0	5	6	11	12	16	17	18	20	21	24	25	26	28	31	32	35	36	39	40	42	
0	4	5	6	7	9	10	11	12	21	22	24	27	29	31	35	37	38	39	40	42	43	
0	3	6	8	10	11	14	16	18	22	24	27	28	29	30	31	36	38	39	41	44	
0	1	2	3	4	6	7	8	9	12	14	17	20	26	27	29	31	32	33	38	41	43	
0	5	6	7	11	12	15	16	17	18	20	22	23	24	25	26	27	28	29	31	41	42	43	44	
1	4	5	6	7	8	10	11	12	19	20	21	25	28	30	32	34	35	36	37	40	43	
1	2	3	5	7	9	11	13	15	16	20	21	23	24	26	28	31	32	35	38	42	43	
0	1	2	3	4	9	10	11	12	13	16	18	19	21	22	24	26	27	29	36	37	39	40	42	
0	1	2	6	7	10	12	14	15	16	19	21	24	25	26	28	29	35	37	38	40	42	43	
1	3	4	6	11	14	16	18	19	23	24	25	26	27	28	29	30	31	32	36	39	40	41	
2	3	5	7	10	12	13	14	15	16	19	21	22	23	25	30	31	32	33	38	42	43	44	
2	3	4	5	8	12	14	16	17	18	20	22	24	25	26	27	28	29	30	33	36	38	40	43	
0	1	5	6	8	9	13	15	17	19	22	24	27	31	32	36	39	40	41	43	44	
1	3	5	6	8	11	13	15	16	19	20	29	31	33	34	35	37	38	39	40	41	44	
0	1	2	3	4	9	12	13	14	19	20	23	25	26	27	28	30	32	33	34	38	39	40	41	
0	2	7	9	11	14	16	17	18	19	21	23	24	26	28	30	34	35	37	39	40	41	43	44	
3	6	7	9	11	12	15	16	18	22	25	26	29	32	33	34	37	38	40	41	43	44	
1	5	6	7	9	11	14	15	18	20	23	24	25	28	29	32	34	36	37	39	40	42	44	
0	1	3	5	6	7	9	10	11	12	23	25	26	27	28	29	31	33	36	40	41	42	44	
1	2	4	6	7	9	10	13	17	20	23	25	26	28	29	32	37	40	41	43	44	
0	1	5	6	10	11	17	18	19	20	21	22	31	32	33	34	35	37	38	41	42	44	
0	2	4	6	7	11	12	13	16	18	19	23	24	25	27	29	30	32	34	35	36	38	41	43	
0	3	4	8	11	12	15	20	24	26	28	29	31	32	35	36	37	38	40	42	44	
1	2	5	6	7	8	11	14	17	19	20	21	22	25	26	27	30	32	34	35	36	37	40	41	
0	1	3	4	6	7	10	11	13	14	21	22	23	25	26	28	33	35	36	39	41	42	43	44	
0	1	2	3	4	5	9	10	11	12	18	20	27	29	31	32	35	36	37	38	41	42	
1	6	8	10	12	13	14	15	18	19	20	23	26	29	32	36	37	38	39	42	43	44	
0	1	2	5	6	8	9	10	13	14	15	17	19	21	22	23	26	29	30	32	36	39	42	
1	6	7	8	10	11	16	18	19	20	21	24	27	29	30	31	32	33	35	37	38	42	
2	7	8	11	12	15	17	19	22	24	25	26	28	29	32	33	37	38	39	43	44	
2	3	4	5	11	18	19	20	23	24	25	27	28	30	34	36	38	39	40	41	44	
1	3	8	10	13	15	16	17	18	20	21	22	24	25	26	30	31	33	34	35	40	
0	1	3	5	6	7	8	9	12	15	17	19	20	25	26	27	28	30	36	39	41	43	44	
0	1	2	3	5	11	12	13	14	15	21	22	26	29	32	34	36	38	40	41	42	44	
0	2	3	5	6	7	8	16	21	22	26	29	30	32	33	34	35	36	38	39	41	42	44	
2	3	4	8	9	13	16	19	22	25	28	29	30	31	34	36	37	39	41	42	44	
3	6	8	13	15	16	17	20	21	22	23	24	25	26	28	30	31	32	34	36	40	44	
0	1	2	3	4	5	8	9	11	13	16	17	22	26	28	29	32	33	38	39	42	43	
2	3	4	6	7	8	9	10	12	13	15	16	17	18	22	27	28	32	33	34	36	37	43	
0	2	4	7	8	9	10	13	14	15	16	19	21	23	24	27	28	30	33	40	43	
0	1	2	6	9	13	14	15	16	17	18	19	20	23	26	27	32	35	37	38	41	42	43	44	
0	1	3	5	6	8	11	12	13	15	16	17	19	20	23	26	29	31	32	34	38	39	40	44	
0	1	2	3	5	6	7	8	10	12	13	15	17	22	23	25	27	29	30	32	33	34	41	44	
2	4	6	7	8	11	12	13	15	16	17	18	19	23	26	30	32	33	36	37	38	43	44	
1	4	5	7	16	18	20	22	23	24	25	26	27	28	30	31	35	36	37	38	39	42	
1	3	7	10	11	12	13	14	16	17	21	22	24	25	29	31	33	34	35	38	40	42	44	
1	3	7	8	10	11	15	16	18	19	20	22	25	27	31	35	36	37	38	41	43	
0	1	3	10	11	12	17	18	19	22	23	25	29	32	33	34	35	36	38	39	41	
2	7	8	11	12	15	16	17	18	19	22	23	25	28	29	30	32	33	34	35	36	37	
0	1	7	12	13	14	17	18	19	22	25	29	31	32	34	37	39	40	41	43	44	
1	2	4	5	7	9	10	18	22	23	24	25	28	30	31	33	34	36	37	38	40	41	43	44	
6	7	9	13	14	15	17	19	20	21	25	27	28	31	32	33	34	37	39	40	41	43	44	
0	2	8	10	14	16	17	18	19	21	23	26	27	28	29	30	31	34	36	40	41	
5	6	7	9	12	13	15	16	17	19	23	25	26	29	30	32	33	34	39	40	42	43	44	
1	2	4	6	8	9	14	15	17	18	23	27	31	32	34	36	37	39	40	41	42	
0	2	3	4	5	12	14	17	19	22	23	25	26	28	30	31	32	34	35	36	39	41	42	44	
5	6	7	8	9	13	14	15	16	18	19	21	24	28	29	32	34	35	36	37	38	41	42	
0	3	6	8	13	14	15	19	21	22	23	24	25	29	30	31	33	34	37	38	40	41	42	43	
0	1	2	5	6	10	12	13	15	17	18	20	21	23	24	26	27	34	39	40	42	44	
0	1	4	5	8	12	14	15	19	20	21	23	25	26	28	30	32	36	38	39	40	
1	2	4	5	6	7	11	13	14	16	18	21	26	27	28	29	30	32	34	36	38	
0	2	3	7	9	10	11	13	16	19	20	22	23	24	25	26	27	29	31	36	39	41	42	
1	2	4	8	9	11	12	13	15	16	19	20	21	23	26	27	28	33	35	36	37	38	43	
8	10	11	12	15	17	19	21	22	23	25	26	27	28	30	31	34	35	36	38	41	43	44	
1	3	5	7	11	14	15	16	17	18	21	22	25	26	27	30	34	35	36	39	40	44	
2	4	7	8	10	12	13	15	18	19	20	21	22	25	26	27	28	29	34	36	37	40	41	42	
0	2	3	4	8	10	16	17	19	20	21	22	24	25	29	30	31	34	36	37	39	42	44	
0	1	2	5	7	9	10	11	17	18	19	22	24	25	29	33	34	35	38	41	43	
3	4	11	13	14	15	16	17	18	19	20	23	26	28	30	33	35	36	37	38	39	43	
0	4	7	9	17	18	21	22	23	24	25	26	27	28	31	32	34	35	36	39	43	44	
1	2	4	8	10	11	13	18	19	21	22	23	25	28	29	31	32	34	35	38	39	
4	5	8	11	13	17	18	20	21	25	27	29	30	33	35	36	37	38	40	41	42	44	
1	3	4	7	11	12	13	15	16	20	21	22	24	25	27	28	29	30	31	32	33	35	37	40	
1	5	9	10	11	13	18	21	23	25	26	28	30	31	32	33	35	38	41	42	43	44	
1	2	3	6	7	8	10	12	13	14	15	17	19	23	24	26	27	28	29	31	33	35	36	43	
1	2	5	7	9	10	11	13	14	17	18	20	23	28	30	31	32	35	36	37	40	41	
2	3	4	6	8	9	11	13	16	17	18	20	21	24	26	35	36	38	39	40	41	42	
0	1	2	6	7	8	9	10	12	14	22	27	29	30	32	33	34	35	38	39	41	42	
2	3	4	6	9	12	16	19	21	22	23	26	27	34	36	37	38	40	42	43	44	
1	2	3	4	5	9	10	12	16	19	22	24	27	28	29	30	32	36	37	39	42	43	
0	1	2	5	6	8	9	13	16	18	19	24	26	27	29	30	32	34	37	39	41	
1	5	7	9	10	11	13	14	15	18	19	20	23	28	30	32	34	37	39	41	43	
4	5	6	9	11	12	15	17	21	22	23	24	25	29	31	32	36	39	40	41	44	
0	1	2	3	5	7	9	12	14	15	17	19	20	24	25	26	27	30	31	35	38	40	42	44	
1	5	8	10	13	14	16	19	20	22	23	25	26	30	31	33	34	35	38	41	43	
4	5	6	7	10	12	14	17	18	19	25	27	28	29	30	31	32	35	36	38	41	
1	2	3	4	9	10	16	17	18	23	24	25	28	29	31	35	38	39	40	42	43	
1	6	10	11	12	13	14	16	17	18	19	20	22	25	26	27	29	32	33	34	35	37	40	
0	1	4	5	7	8	13	15	16	18	20	22	23	26	29	30	34	35	37	38	39	40	42	
0	1	2	6	9	11	12	14	20	23	24	26	27	28	29	31	32	36	37	41	42	43	44	
1	4	8	9	10	15	16	17	18	20	23	24	26	29	31	34	37	38	39	42	43	44	
0	1	2	5	6	7	8	10	11	16	18	20	23	24	29	30	34	36	37	38	39	41	44	
0	1	3	4	5	8	10	12	13	15	20	23	24	26	28	29	30	31	33	34	38	41	43	
3	4	7	9	12	14	19	21	23	24	27	28	29	30	31	33	35	36	37	42	43	
0	4	5	6	7	8	9	17	21	22	24	26	27	28	29	32	34	35	36	37	38	40	42	44	
2	5	7	8	9	10	12	16	18	19	20	22	23	24	25	27	31	36	37	39	41	42	44	
0	2	3	7	10	13	14	15	19	20	21	22	23	24	25	30	31	33	34	39	41	44	
1	2	5	7	9	11	13	17	19	20	26	28	29	31	32	34	36	37	38	43	44	
1	2	3	6	7	8	9	10	14	15	19	20	21	24	26	27	31	33	34	35	37	41	44	
0	1	2	3	6	8	10	11	13	14	22	24	27	30	33	34	35	39	41	42	43	
0	1	7	9	10	11	13	14	15	16	17	18	19	20	22	24	27	29	30	33	34	38	40	
1	2	5	7	8	11	20	22	23	24	25	26	27	28	29	30	31	34	36	38	39	40	41	43	
4	5	7	8	11	12	13	14	16	17	20	21	22	23	25	26	30	31	35	37	41	42	43	44	
6	10	13	14	15	16	18	23	24	25	27	28	29	30	32	33	34	35	37	40	41	44	
1	8	10	12	16	18	19	20	22	23	24	26	27	28	29	30	31	33	36	37	40	42	43	44	
0	2	3	5	6	8	9	10	15	17	23	26	29	32	34	35	36	39	40	42	43	
2	3	4	5	9	10	13	14	15	18	19	20	21	25	26	30	31	32	34	35	37	40	42	43	
0	3	5	6	7	8	9	11	12	14	22	27	28	29	31	32	33	35	38	39	40	
0	1	2	4	11	12	13	14	18	19	21	22	24	25	26	34	37	40	41	42	43	44	
1	2	3	7	9	11	13	19	21	23	24	25	26	27	29	30	35	39	40	41	43	
3	4	6	7	8	9	10	14	16	18	20	22	27	28	31	32	33	36	37	38	40	41	42	
0	3	5	6	7	8	10	11	12	16	25	27	28	33	34	35	36	37	40	41	42	43	44	
6	7	8	9	10	11	12	14	15	18	21	22	23	27	29	33	34	37	39	40	41	
1	3	7	10	12	13	16	17	18	19	26	27	28	30	31	32	33	34	35	36	37	38	44	
0	2	4	5	7	10	15	16	18	19	21	22	24	28	32	33	37	40	41	42	43	44	
2	3	5	8	10	11	12	13	16	19	20	21	23	24	29	36	37	38	39	41	42	43	
2	4	5	6	7	8	11	12	14	15	20	21	22	25	27	28	32	36	38	39	42	43	
1	3	4	5	7	8	10	11	12	13	15	17	20	21	22	24	28	31	32	33	34	37	44	
0	1	2	3	4	8	9	10	11	13	15	19	20	24	25	27	28	29	31	32	37	40	41	42	
2	7	8	10	12	13	14	16	20	21	22	25	26	32	34	35	37	38	40	41	42	43	44	
4	5	8	9	10	11	12	17	18	19	24	26	28	29	30	31	32	33	35	36	39	40	
0	1	3	11	15	17	19	21	22	23	24	25	26	27	28	29	30	35	37	38	39	40	43	
0	1	3	5	7	8	11	12	13	15	23	24	25	26	27	30	31	32	34	38	39	42	43	44	
3	6	7	9	11	12	13	14	16	17	19	20	21	23	24	33	36	40	41	43	44	
0	3	4	5	7	8	9	10	11	12	14	17	18	20	24	27	32	35	36	39	42	
3	4	6	8	11	13	15	16	18	19	20	21	22	25	28	31	34	37	38	42	43	44	
4	5	6	8	10	11	14	15	16	19	21	22	23	26	30	33	34	36	39	41	42	43	44	
0	1	3	4	6	7	8	9	15	18	19	20	21	27	28	33	34	36	37	39	40	43	44	
0	2	4	5	6	7	8	11	13	14	17	18	19	24	27	28	29	32	34	36	37	39	41	44	
0	1	2	5	7	8	9	13	14	15	17	18	22	27	28	29	33	34	38	39	40	42	43	44	
1	3	4	5	8	9	12	13	19	20	22	23	24	30	31	32	36	37	38	39	43	
0	1	3	4	5	6	7	8	9	10	11	13	15	16	18	20	24	31	32	34	37	40	41	44	
0	1	3	4	6	8	14	15	21	23	27	28	30	31	33	34	36	37	41	42	44	
1	2	3	5	6	7	9	12	13	19	21	22	24	26	28	32	35	37	38	40	43	
1	2	4	5	6	10	11	12	18	19	21	22	24	27	28	33	34	37	38	39	42	43	44	
3	4	5	7	8	11	12	14	16	21	23	28	29	30	31	33	37	38	40	41	42	
1	5	10	12	13	14	17	18	23	24	25	27	28	29	31	33	35	37	39	40	41	43	44	
0	1	2	4	5	6	7	8	9	11	12	13	15	17	19	22	27	29	33	36	39	41	
0	1	6	11	15	16	17	20	21	22	24	25	26	28	29	30	32	34	35	37	40	41	43	
2	3	5	6	10	11	13	14	22	24	26	28	29	32	33	34	35	36	37	38	39	42	43	
0	3	5	7	8	9	10	11	12	17	18	19	20	24	25	27	34	38	39	40	41	42	43	44	
2	4	5	7	8	14	15	16	17	18	19	23	24	25	26	28	31	34	36	40	41	42	
1	2	3	4	5	11	15	17	18	21	22	23	25	27	30	31	32	34	39	40	41	43	44	
8	9	10	11	13	16	17	19	21	22	24	25	28	29	30	32	33	35	38	40	43	
0	2	5	6	8	9	12	14	15	16	19	20	21	24	25	26	27	28	35	38	39	41	42	44	
1	2	6	8	9	10	11	16	17	21	24	25	26	27	28	31	34	37	38	39	41	43	44	
0	1	2	3	5	6	7	8	9	10	11	14	17	21	23	25	26	30	31	38	41	
0	2	3	4	6	8	9	10	14	16	17	20	25	27	31	34	35	36	39	41	42	43	
2	3	6	7	11	13	14	16	17	18	21	22	24	25	32	33	34	35	37	38	40	43	
1	2	3	11	13	16	17	18	19	20	21	22	28	30	31	32	35	38	39	41	44	
1	2	5	6	7	11	12	13	15	16	18	19	21	23	24	26	27	28	32	34	36	39	41	42	
0	1	2	5	8	10	11	12	17	20	21	22	23	25	26	27	28	31	32	41	43	
0	1	5	10	12	13	14	16	20	22	23	24	25	26	27	35	37	39	41	42	44	
3	4	7	9	10	14	15	16	17	19	21	24	30	31	33	36	37	38	42	43	44	
6	7	8	10	11	12	13	15	16	18	19	20	21	22	25	29	32	33	37	42	43	44	
0	3	4	7	8	9	10	11	12	16	17	18	19	21	26	28	29	32	35	36	37	41	44	
0	2	3	4	9	11	12	17	19	22	23	26	28	30	32	33	34	35	36	40	41	
0	1	3	4	9	12	13	14	16	17	18	19	21	24	25	26	33	34	35	38	40	41	42	43	
0	2	3	6	8	9	10	11	13	14	17	21	28	33	34	36	37	38	39	40	41	42	
1	2	3	4	5	8	12	13	15	20	25	27	28	32	34	35	36	38	39	43	44	
2	3	4	6	7	9	10	11	16	18	19	23	26	27	28	31	32	33	35	36	37	39	40	42	
1	3	4	5	7	8	11	13	15	16	18	19	20	21	23	25	27	29	34	37	38	40	41	42	
0	1	2	3	8	11	12	14	15	16	19	20	22	23	24	25	27	28	30	31	36	37	41	44	
2	3	5	6	9	10	11	15	17	18	21	22	23	26	27	28	34	36	37	39	40	41	42	44	
1	2	3	4	6	7	9	12	14	15	16	17	20	21	24	26	27	28	29	37	39	44	
0	1	2	4	5	6	7	9	10	12	14	15	17	21	23	24	28	29	32	33	35	36	39	43	
0	1	2	5	9	10	15	16	17	18	20	21	23	24	26	27	30	36	37	38	40	41	42	
0	5	7	10	11	12	14	16	20	22	23	24	26	31	32	35	36	38	39	41	44	
2	3	6	8	13	17	18	19	22	23	25	27	30	31	32	34	35	37	39	40	43	44	
0	2	4	5	8	10	12	13	14	15	16	17	18	20	25	29	33	34	35	36	38	
1	3	4	11	13	14	17	21	22	23	24	25	27	28	30	31	34	35	40	41	42	
1	2	6	7	8	12	18	19	21	22	25	27	28	29	31	32	34	35	41	42	43	
2	5	10	12	15	18	19	21	22	28	29	30	33	35	36	37	39	40	42	43	44	
0	1	2	3	4	7	9	16	17	18	20	21	26	29	32	36	37	39	40	43	44	
0	2	6	10	12	15	16	17	19	26	27	28	29	30	31	34	35	38	39	42	43	
4	5	7	8	11	12	14	16	18	19	21	22	24	26	31	34	37	38	39	40	42	44	
0	4	5	8	11	14	16	19	20	22	24	25	26	27	28	30	32	33	34	36	38	40	44	
0	1	2	5	6	8	12	14	16	18	19	20	21	22	25	28	29	34	37	39	42	43	44	
1	2	5	6	7	9	13	14	15	16	20	21	23	25	26	32	33	34	36	39	41	42	43	
3	5	6	7	9	15	16	17	18	21	25	26	32	34	38	39	40	41	42	43	44	
1	3	5	6	7	8	9	11	12	14	15	18	22	25	30	31	32	34	36	37	39	42	
3	4	6	8	9	12	16	18	21	22	24	25	26	27	28	29	30	31	33	35	37	40	42	43	
0	2	3	5	7	8	15	16	19	20	22	23	25	28	29	30	32	33	35	38	43	
2	4	5	6	8	10	13	14	15	16	18	19	20	21	25	28	31	32	34	36	39	40	42	
0	1	2	5	6	7	8	9	11	15	17	19	20	21	22	23	31	33	34	35	39	40	42	44	
1	2	5	6	7	8	10	14	17	23	24	27	28	29	30	31	32	33	35	36	41	42	
0	1	2	4	7	10	11	12	18	19	20	22	23	25	28	30	31	35	37	38	40	41	42	43	
0	5	6	8	10	11	13	15	17	23	24	27	28	29	30	32	34	35	36	38	39	42	43	44	
1	5	6	8	9	13	14	15	18	19	20	21	22	23	26	34	37	38	39	40	41	42	44	
4	5	7	10	11	14	15	16	17	19	20	22	23	25	27	28	31	33	35	36	42	43	
0	1	2	4	7	8	12	14	17	24	25	26	27	29	30	31	33	35	38	39	41	42	
0	4	5	9	10	13	14	15	16	17	19	20	23	26	27	29	31	34	35	39	40	42	43	44	
0	1	2	8	10	11	13	14	15	16	19	20	21	24	27	34	36	37	39	40	41	43	
0	1	2	3	6	9	10	11	12	13	14	16	18	19	21	22	23	25	30	37	40	41	42	44	
1	4	5	8	9	10	14	16	17	18	20	27	28	30	31	32	33	34	37	38	40	41	42	44	
1	3	4	7	8	11	12	13	15	16	19	21	24	25	26	31	34	36	37	41	42	44	
2	4	5	6	7	8	9	11	12	15	16	21	26	27	29	33	35	36	37	40	42	
1	5	6	7	8	12	13	16	19	23	24	25	26	27	28	30	33	36	37	39	40	42	43	
0	3	5	10	11	12	13	15	18	23	26	29	30	31	32	36	37	38	39	42	44	
1	4	5	6	8	11	12	13	15	16	18	23	24	26	27	28	29	32	35	36	38	41	42	43	
0	3	6	7	8	9	10	11	12	16	19	21	22	23	27	34	37	38	39	40	42	43	44	
2	4	5	9	10	14	15	19	20	22	23	24	27	28	29	30	31	34	36	38	40	41	42	
0	3	8	11	13	14	16	18	19	20	21	22	24	25	26	29	30	32	33	42	43	
0	3	6	9	10	13	14	16	18	19	23	24	27	29	31	32	33	38	39	40	41	42	43	
0	1	3	6	7	9	11	12	13	15	16	17	18	19	20	23	24	26	32	37	41	44	
0	1	4	6	7	8	9	11	13	15	17	19	21	22	23	24	27	28	29	35	37	38	41	44	
0	2	3	6	7	8	11	12	14	15	16	20	23	25	31	32	34	37	40	42	43	
0	2	3	5	6	8	12	13	14	15	21	22	23	24	27	28	29	32	35	36	37	38	43	44	
0	2	4	5	6	7	11	12	13	15	16	17	19	20	21	26	30	32	35	37	41	42	44	
0	1	3	8	9	12	13	17	19	20	21	22	26	27	29	32	33	38	39	40	41	42	43	44	
0	3	5	6	7	8	10	14	15	16	17	19	24	27	29	31	33	37	38	42	43	
0	1	2	3	4	5	11	15	17	18	20	25	26	27	30	32	33	34	35	37	39	42	43	44	
0	4	5	6	7	9	10	11	13	16	17	21	25	26	29	32	33	34	38	43	44	
1	2	3	6	8	9	11	13	14	17	20	21	23	24	27	30	31	38	39	40	42	43	
0	1	2	3	4	7	8	9	10	11	13	15	18	23	25	26	27	34	37	38	39	40	41	42	
0	4	5	9	11	12	13	14	16	17	18	19	20	22	25	27	29	30	32	34	38	41	43	
0	1	2	5	6	7	9	14	15	16	17	18	19	20	21	22	24	25	31	33	35	36	40	44	
0	1	3	4	5	7	10	11	12	13	17	19	20	21	22	23	26	28	34	35	39	43	44	
0	3	4	5	7	8	9	12	14	16	17	19	20	21	24	28	29	31	36	40	41	42	43	44	
4	10	13	14	16	18	19	20	24	27	29	30	31	32	33	34	35	36	37	38	39	40	41	44	
1	6	7	8	9	12	16	19	20	21	22	24	26	28	31	32	34	37	38	42	44	
0	1	2	4	7	9	10	12	13	15	18	19	20	25	26	28	31	33	37	38	39	41	44	
0	2	3	4	7	12	13	14	15	16	17	20	21	22	24	28	30	31	33	35	43	44	
0	5	8	10	12	13	14	15	18	19	20	21	22	23	26	27	28	29	30	31	32	34	35	36	
1	2	4	5	8	9	10	15	18	19	20	21	25	27	30	31	32	34	36	37	38	41	42	44	
6	7	9	10	11	12	14	15	19	20	21	22	23	25	26	27	29	31	35	36	37	39	42	43	
1	2	3	4	7	9	10	12	13	17	22	23	28	30	31	32	34	35	36	37	41	42	
2	3	4	5	6	7	8	9	11	12	13	14	15	17	19	27	28	30	38	41	42	
1	3	4	8	9	11	13	15	16	17	19	21	23	27	28	29	31	32	33	35	37	41	43	44	
3	7	8	11	12	13	16	17	18	19	20	21	22	25	26	29	30	31	35	37	39	41	42	44	
0	5	9	12	13	15	16	23	24	26	27	28	29	30	31	32	33	36	37	41	42	43	44	
1	3	4	6	7	8	11	12	14	15	18	19	20	21	22	23	24	25	28	30	31	38	40	41	
0	1	2	3	4	5	7	13	15	22	23	29	30	31	34	35	36	37	39	41	42	44	
3	5	7	8	9	13	16	18	19	20	22	24	26	27	28	30	31	35	36	37	41	
1	2	4	5	9	15	17	19	20	23	25	29	30	32	33	35	37	39	40	41	43	
2	4	7	8	9	10	11	12	14	21	23	24	25	29	30	31	33	34	39	40	42	44	
1	2	3	4	7	8	15	17	19	21	23	24	26	29	32	33	35	39	40	41	44	
3	4	8	10	11	12	14	16	17	18	19	21	22	26	30	31	32	34	37	40	42	44	
0	1	2	3	4	7	8	9	11	14	17	21	22	27	28	30	31	32	34	35	41	42	43	44	
0	1	8	9	10	11	18	19	21	22	24	25	26	28	31	32	36	37	38	43	44	
3	5	6	9	10	12	15	16	17	18	21	23	25	27	28	29	31	33	34	37	39	41	42	
0	3	4	6	9	13	15	18	20	22	23	25	27	28	29	31	34	37	38	43	44	
0	1	3	5	6	8	9	10	12	18	19	20	22	25	28	29	30	33	36	39	40	41	
0	2	3	4	5	6	7	9	10	11	12	15	17	18	22	24	29	30	31	33	35	37	41	43	
0	1	3	4	5	12	13	14	16	21	22	23	26	27	29	31	32	34	35	37	38	42	43	
0	1	2	6	8	10	12	14	16	21	22	23	24	26	28	29	32	34	36	38	39	40	41	43	
2	4	5	7	12	13	14	16	18	20	23	25	26	28	29	30	32	33	38	40	41	42	
1	2	6	7	8	9	11	12	13	17	18	19	20	25	28	29	32	35	38	40	41	42	
2	5	6	9	11	12	13	14	15	16	20	21	23	26	27	33	38	39	42	43	44	
0	2	4	5	6	9	10	12	14	17	18	19	20	22	24	25	30	33	34	35	38	42	43	44	
2	4	6	8	9	11	12	13	14	15	17	19	20	22	28	29	31	33	34	36	37	38	41	42	
1	2	3	5	7	8	9	11	12	13	14	15	17	23	26	28	29	31	34	35	37	40	44	
0	1	6	7	8	9	10	14	15	16	17	18	19	21	23	26	30	32	34	35	38	39	40	42	
2	5	6	7	9	11	13	15	16	17	18	19	22	23	25	26	29	30	31	35	37	41	43	
0	2	3	4	5	8	10	13	18	19	20	21	22	25	31	33	37	38	39	40	41	42	43	
0	4	7	8	9	10	11	16	18	19	23	25	28	29	30	32	34	37	38	39	41	44	
0	2	3	4	9	10	12	17	21	22	25	27	29	30	31	32	33	38	39	40	41	43	44	
2	5	6	8	10	13	15	16	18	21	22	23	25	26	28	31	32	37	38	39	40	41	43	
3	5	7	11	12	13	15	19	20	22	24	27	29	33	35	37	38	39	40	41	43	
0	2	3	5	7	8	9	13	15	16	21	23	25	27	28	30	33	34	35	36	37	38	43	44	
0	3	5	7	9	15	16	26	28	29	30	32	33	35	36	38	39	40	41	42	44	
1	6	7	8	9	10	11	12	14	16	17	19	22	29	30	33	35	36	38	42	43	44	
6	7	8	9	10	13	14	17	20	21	23	28	29	30	31	35	37	39	40	42	44	
0	1	2	3	6	7	8	10	13	14	27	28	29	30	31	33	34	36	40	42	43	44	
1	4	9	11	12	13	17	19	23	24	26	29	30	32	33	34	35	36	37	39	42	43	44	
1	2	5	6	7	11	12	13	17	18	19	20	21	22	23	24	33	34	35	37	40	43	44	
0	1	2	6	9	10	13	15	17	18	19	20	21	23	25	28	32	35	37	38	39	43	44	
1	4	6	7	8	9	10	13	14	15	19	20	21	27	29	30	32	37	40	41	43	
0	1	4	6	8	10	13	15	17	18	20	21	23	25	27	28	30	31	35	36	41	42	43	
0	2	4	7	9	10	15	16	18	19	20	22	23	26	29	31	34	35	39	41	42	44	
0	5	6	10	13	15	18	19	21	24	25	31	32	33	34	35	36	37	38	40	41	
9	11	12	13	14	16	17	18	19	25	26	27	29	33	37	38	39	40	42	43	44	
0	1	2	6	7	13	14	16	17	20	21	22	23	24	26	27	28	30	32	33	36	40	41	42	
0	3	4	5	6	7	13	14	15	17	18	21	25	26	31	32	35	37	40	41	43	
0	1	2	6	7	8	10	15	18	19	23	25	26	27	28	30	33	35	36	37	38	41	42	44	
1	2	4	5	6	8	10	11	16	19	20	21	24	29	31	33	34	35	36	39	43	
0	4	6	7	8	9	10	13	17	19	22	23	24	25	26	28	30	31	35	39	42	
1	3	5	9	11	12	13	14	15	18	21	22	23	26	27	28	30	31	32	33	38	39	43	44	
0	4	5	6	7	8	9	10	11	17	21	22	23	26	30	35	36	39	40	42	43	
0	3	5	6	9	14	15	20	21	23	25	26	29	30	31	32	35	38	39	40	41	42	44	
0	1	2	3	4	5	6	8	9	16	18	22	23	29	33	34	36	37	39	40	41	42	43	44	
0	1	4	5	7	9	10	12	13	16	20	26	28	30	32	34	36	41	42	43	44	
0	1	2	4	8	9	10	11	15	17	20	21	24	32	33	35	36	39	40	42	43	
1	4	5	6	12	15	18	20	21	22	23	26	27	28	29	31	33	34	35	36	37	39	40	43	
1	2	6	11	12	14	16	20	23	24	27	28	31	34	35	36	38	39	40	42	44	
0	2	3	5	9	10	14	15	20	22	23	24	25	27	28	30	32	33	34	35	39	40	
0	1	2	3	8	9	10	11	15	19	22	23	24	25	27	28	32	34	36	37	38	40	42	44	
0	2	6	7	9	13	15	19	24	28	29	30	32	33	35	36	37	38	42	43	44	
2	3	4	5	8	10	11	14	15	17	18	19	21	24	25	27	29	31	33	36	37	38	42	44	
0	1	2	3	4	5	6	7	8	9	12	14	17	19	21	29	30	31	32	33	34	36	41	44	
1	3	4	6	9	10	11	15	16	19	20	22	29	30	34	37	38	39	41	42	44	
0	1	2	3	5	8	9	10	12	13	14	15	17	19	25	29	30	33	34	35	39	40	44	
2	4	5	6	7	10	12	13	14	15	23	24	26	29	33	34	35	37	39	42	43	44	
4	6	7	8	13	16	17	18	19	20	22	24	25	27	29	30	31	32	33	34	36	38	39	42	
1	4	5	6	10	12	15	17	18	23	24	26	28	32	35	37	38	41	42	43	44	
1	5	6	7	8	9	10	15	16	19	21	24	27	28	29	30	32	35	36	37	39	42	43	
0	1	2	4	8	9	10	11	13	20	21	22	26	27	28	29	32	34	37	41	42	44	
3	5	7	8	10	11	12	15	16	19	24	25	27	28	31	33	38	39	40	41	42	
0	2	6	7	9	10	14	15	17	18	20	21	22	29	31	33	35	39	40	42	43	
0	1	2	4	5	8	10	12	13	14	19	21	22	23	24	25	27	29	31	34	36	41	42	
0	1	3	4	6	8	9	14	17	18	19	22	24	25	26	27	33	36	37	42	43	44	
1	5	6	7	13	14	17	21	22	23	24	25	26	27	29	33	34	36	37	38	39	40	42	43	
0	1	2	3	4	6	7	8	9	17	18	20	23	24	27	28	29	30	33	35	37	41	44	
0	1	2	4	8	13	17	18	21	22	28	29	32	34	36	37	38	39	40	43	44	
0	1	2	4	10	11	12	16	23	24	25	26	28	30	31	32	33	34	35	36	38	40	41	44	
0	3	5	9	11	14	15	17	18	20	21	22	24	26	27	28	30	33	35	42	43	44	
2	3	4	5	9	11	13	16	19	20	23	25	28	30	31	33	36	38	41	43	44	
0	2	3	5	6	7	8	10	11	13	20	22	23	26	27	29	30	31	34	40	41	42	43	44	
0	3	4	5	6	7	11	12	17	18	19	21	22	29	30	31	32	35	40	41	43	
0	2	5	6	8	10	12	13	14	15	17	21	24	26	27	29	30	31	33	38	42	
1	3	5	6	8	10	12	14	15	17	18	20	21	23	28	29	31	34	38	39	40	42	44	
1	2	5	6	10	13	17	18	20	22	24	27	29	30	33	38	39	40	42	43	44	
0	1	2	6	8	9	10	11	12	14	15	18	19	22	23	24	25	26	27	28	35	40	41	43	
1	2	3	4	5	7	8	12	13	14	19	23	24	26	30	31	32	34	36	40	42	
3	4	7	8	10	11	12	14	15	17	18	22	24	28	30	31	35	37	39	40	41	42	43	44	
0	3	5	9	14	16	17	18	24	25	26	27	28	29	30	32	34	35	36	38	41	43	
1	2	6	11	12	14	16	17	19	22	23	25	28	30	32	33	35	37	41	42	43	
0	1	3	5	6	10	13	14	16	17	19	20	21	22	23	26	27	29	31	34	38	39	42	44	
0	2	4	8	9	10	11	13	17	18	19	20	22	24	28	29	30	31	37	39	40	
0	1	2	3	6	7	9	12	13	17	20	23	28	31	32	34	35	37	38	39	40	41	43	44	
1	5	6	8	10	11	12	14	15	17	20	22	23	24	26	29	32	35	37	38	39	40	42	44	
0	2	3	4	6	9	11	14	20	22	24	25	26	29	32	33	34	36	40	42	43	
3	5	7	14	18	20	23	24	25	26	27	28	30	31	32	33	34	39	40	41	42	
0	1	2	5	8	12	13	14	17	21	24	25	27	29	30	33	35	36	37	39	41	42	
3	5	10	13	17	19	21	22	23	26	27	28	29	30	31	32	33	35	36	41	44	
2	3	6	7	13	14	15	16	18	20	23	27	28	30	31	33	35	38	39	42	43	
0	1	2	3	8	11	16	17	19	20	21	22	23	25	33	34	35	37	38	41	44	
0	3	4	5	6	8	11	15	22	23	24	25	26	27	36	37	38	39	41	42	43	
1	7	12	13	14	16	18	22	23	24	27	28	29	30	31	33	38	40	42	43	44	
1	4	6	10	11	12	13	14	16	17	22	24	25	29	30	31	32	33	34	35	38	41	42	43	
1	2	5	9	10	13	15	16	17	18	19	21	24	25	27	29	30	32	36	39	40	41	
1	2	4	7	10	12	15	16	17	19	21	24	27	29	31	33	35	38	41	42	44	
0	2	3	6	7	8	10	11	12	14	17	21	26	27	28	29	34	35	37	40	41	44	
1	4	5	8	9	10	11	12	13	18	20	21	22	25	29	30	31	32	37	40	43	
1	5	6	7	12	13	15	19	20	21	22	23	24	25	27	31	32	34	36	38	40	43	
0	1	3	4	6	7	8	9	10	12	14	15	16	20	22	26	29	33	34	37	38	40	44	
0	1	2	3	6	10	12	13	14	15	16	17	20	21	22	24	25	30	31	32	34	37	41	42	
1	3	5	7	9	11	12	13	14	17	20	25	26	27	32	34	35	36	39	41	42	
0	1	2	3	5	8	11	12	14	18	20	24	25	26	27	28	29	36	39	40	41	44	
0	3	4	6	9	10	13	14	18	19	23	27	28	30	33	37	39	40	41	42	43	44	
2	7	10	11	14	15	16	17	18	20	22	23	27	28	31	32	34	36	41	42	43	
1	2	3	5	6	9	10	11	16	19	20	22	23	25	27	29	30	32	34	35	36	39	41	42	
1	3	4	5	6	7	11	13	15	16	17	18	20	23	25	27	29	32	35	38	39	42	
0	3	5	8	9	15	18	19	20	21	24	25	27	29	31	33	34	35	39	42	44	
4	5	7	8	9	10	12	13	15	17	18	19	22	23	26	27	28	29	30	31	34	35	43	
1	2	3	7	8	10	12	16	18	20	21	23	25	27	30	31	34	36	38	39	40	41	42	44	
0	1	3	5	6	7	9	10	12	13	15	17	18	19	28	31	32	33	35	37	39	42	43	
0	1	2	8	13	14	20	21	22	25	26	27	28	30	32	33	34	35	38	40	42	44	
2	3	5	7	9	10	12	13	16	22	23	24	25	28	35	36	37	38	40	41	42	43	44	
0	1	2	4	5	10	14	15	17	20	21	22	24	25	26	33	35	36	40	42	44	
0	1	6	7	8	9	10	15	17	20	21	23	25	27	30	33	36	37	38	43	44	
4	5	7	9	10	13	14	15	17	18	22	25	26	27	30	36	37	39	40	41	42	43	
1	5	7	8	10	11	13	17	18	19	23	27	28	29	30	31	34	36	38	39	40	42	44	
1	2	3	6	9	13	14	15	17	18	20	21	22	24	27	28	29	34	37	38	40	41	
2	3	6	7	10	12	13	14	16	18	20	22	23	24	26	27	28	32	35	36	37	38	40	41	
0	1	2	3	4	9	10	11	13	17	18	20	23	25	26	28	33	34	35	36	37	38	39	41	
0	3	4	5	6	7	9	13	15	16	18	21	22	32	33	34	35	37	38	39	40	41	43	
1	4	5	7	8	9	10	14	16	18	19	20	26	27	28	29	30	36	37	38	39	42	
1	2	5	6	7	8	9	10	11	12	13	14	16	17	26	29	30	31	32	34	35	43	
0	3	5	8	11	12	13	14	17	18	19	20	22	25	28	29	31	32	36	39	41	
2	4	6	7	8	10	11	12	13	15	18	20	23	25	30	32	34	35	36	38	39	40	42	43	
0	5	9	10	11	12	13	15	17	18	19	20	21	24	26	27	31	32	38	40	42	43	44	
1	2	3	4	6	8	9	13	15	16	17	18	20	22	23	26	28	29	32	33	36	40	42	
0	2	6	7	8	9	12	13	15	16	17	20	22	23	25	28	31	33	35	38	39	43	
1	2	4	7	8	9	11	14	17	18	19	20	25	26	30	31	32	34	39	42	43	44	
0	2	6	7	9	10	11	12	13	17	19	20	21	22	26	27	29	30	31	35	36	37	39	40	
0	2	7	10	11	19	20	22	23	24	28	29	31	32	33	34	36	38	41	42	43	
1	3	5	6	7	10	12	13	14	15	17	18	19	21	23	24	25	28	36	40	44	
0	2	3	4	5	11	14	15	19	21	22	24	25	26	29	30	33	34	36	37	39	41	44	
3	5	7	10	11	12	13	15	16	17	24	26	27	29	30	31	33	35	36	38	39	40	42	44	
1	2	5	6	7	15	16	17	18	19	20	21	22	24	29	30	31	35	36	38	40	44	
1	6	7	8	9	10	11	13	14	16	17	20	26	29	30	31	32	33	34	35	36	37	41	
0	1	2	4	7	8	9	12	14	16	17	19	20	21	25	26	27	29	30	39	42	43	44	
2	5	10	13	15	16	17	20	22	23	26	28	29	32	33	35	36	37	38	39	40	
1	4	9	11	13	15	16	18	19	20	23	24	25	30	31	33	35	40	41	43	44	
2	3	4	7	10	13	14	16	17	18	19	20	22	23	24	29	30	34	36	38	40	41	42	44	
0	2	3	5	6	7	8	9	12	15	16	20	22	27	28	29	30	33	34	35	37	40	44	
0	4	5	6	8	9	13	16	18	22	23	24	26	27	28	29	32	33	35	36	39	42	43	44	
0	1	4	5	7	10	14	15	17	18	19	21	23	26	28	31	33	35	38	39	41	
3	8	9	10	11	12	13	16	17	18	20	21	22	25	26	27	28	31	33	35	41	42	44	
1	2	3	4	5	6	7	8	9	11	15	17	21	23	24	28	29	31	38	39	44	
1	6	8	9	12	13	14	16	18	20	22	23	24	27	29	31	32	35	37	38	41	44	
0	1	2	3	4	7	8	10	11	12	13	16	20	22	23	29	32	33	34	40	43	
0	1	2	3	5	7	8	10	12	14	15	19	20	24	27	30	31	33	34	40	41	42	
1	2	5	6	10	11	12	13	14	15	16	18	19	20	23	24	25	27	29	35	40	41	42	43	
3	4	6	9	10	12	13	14	16	17	19	21	26	30	33	35	37	38	39	42	44	
1	6	9	11	14	17	20	21	22	24	27	28	32	36	37	38	39	41	42	43	44	
1	3	4	5	6	7	9	10	11	12	13	15	16	18	22	25	29	32	33	34	39	40	
5	7	10	13	14	15	17	19	20	22	24	25	26	27	31	33	35	36	37	38	40	41	42	43	
1	4	5	6	7	13	14	17	20	21	23	24	27	29	30	31	33	36	37	38	39	40	43	
1	2	4	5	7	8	10	14	15	21	24	28	29	31	32	33	34	40	41	42	44	
0	1	3	4	8	15	16	18	19	21	22	23	27	28	29	30	31	34	35	38	40	41	43	44	
0	5	6	7	9	10	14	15	19	20	21	24	25	26	34	35	36	37	38	39	41	43	44	
2	6	7	8	9	10	12	14	18	22	23	24	30	34	35	36	37	38	40	41	43	
5	6	9	13	15	17	18	19	20	21	22	23	24	26	28	29	32	34	35	38	39	41	43	44	
2	4	5	7	9	11	12	14	16	19	21	22	23	27	28	29	31	32	34	35	37	39	40	43	
0	1	2	3	5	8	9	11	15	19	20	21	22	24	27	28	29	32	33	35	37	38	40	42	
0	5	6	9	10	12	13	14	16	21	22	23	26	27	29	31	34	36	38	40	41	42	44	
2	3	5	6	9	10	12	14	19	20	23	24	25	26	28	31	35	37	40	41	42	43	
0	2	4	5	6	8	16	17	19	20	21	22	23	25	28	29	31	32	33	34	36	40	
0	7	8	9	10	12	13	16	19	20	22	23	27	29	34	35	37	39	40	42	43	
0	1	4	6	7	9	12	14	20	22	23	29	30	31	32	33	35	36	37	38	40	42	43	
0	2	3	4	7	14	17	19	20	21	23	25	26	28	29	31	33	34	38	41	44	
0	3	5	8	10	11	13	15	16	18	21	25	27	28	32	33	36	39	42	43	44	
0	1	2	8	9	10	11	12	13	18	19	20	23	25	26	27	28	31	35	38	41	42	43	
0	2	4	7	9	10	14	15	16	19	20	21	23	24	25	27	32	35	37	38	41	42	44	
0	1	2	3	4	7	10	15	17	18	19	21	22	23	25	28	30	31	32	35	37	39	42	
0	3	12	14	16	18	19	20	21	23	25	26	27	29	30	31	34	36	37	39	40	42	
0	1	2	4	8	9	13	14	16	17	18	19	20	21	22	24	25	30	36	40	42	44	
0	4	6	8	9	11	12	13	15	18	19	21	23	24	26	29	33	36	37	39	40	
1	2	4	12	13	14	17	19	20	21	23	25	30	32	33	34	37	39	40	41	43	
5	9	10	11	12	14	15	17	18	20	21	23	25	26	27	28	29	30	33	34	36	38	39	43	
0	1	2	3	5	7	9	10	14	15	17	19	25	28	29	31	32	35	37	38	42	43	44	
2	3	4	6	12	14	16	19	21	22	23	26	27	30	33	34	37	38	40	42	43	
0	1	3	4	5	9	10	11	12	13	14	15	18	19	22	29	30	34	36	38	41	42	43	
0	1	2	3	4	5	6	7	9	11	12	16	19	20	26	31	32	33	38	40	44	
4	8	11	12	13	14	15	16	18	19	21	22	24	25	26	27	28	29	30	31	32	34	36	38	
0	1	2	3	10	11	12	13	16	17	18	27	28	29	33	34	35	38	40	41	43	44	
0	1	2	3	4	5	7	11	14	16	18	21	22	25	27	28	31	34	38	39	40	43	44	
1	6	7	8	9	11	12	13	15	18	19	20	22	26	27	29	31	34	35	36	37	38	41	44	
1	2	4	6	7	8	10	11	15	17	18	20	22	25	26	27	28	35	36	38	40	41	42	
0	1	3	5	6	7	8	9	11	14	20	23	25	26	27	28	30	31	33	38	42	43	
0	1	2	4	5	7	9	13	14	15	16	17	19	20	21	24	25	27	29	30	32	33	40	
0	1	2	4	5	7	9	10	12	17	18	19	22	24	27	28	29	30	32	37	39	42	43	
1	3	4	5	7	8	13	15	19	21	23	24	28	29	30	31	33	35	41	42	43	
1	2	7	11	12	14	15	16	17	18	19	21	24	26	28	36	37	39	40	42	43	44	
2	4	5	6	10	11	14	15	21	22	25	26	27	28	33	34	36	39	42	43	44	
1	7	8	9	10	11	12	13	14	15	16	17	18	20	27	28	29	31	33	38	39	40	44	
1	2	5	6	9	11	16	19	20	21	24	26	28	30	32	34	35	39	40	41	43	
0	1	5	6	10	12	15	16	17	18	20	21	24	26	28	30	33	34	35	37	40	42	43	44	
1	3	4	5	6	7	11	12	16	18	24	27	29	33	34	36	37	39	40	43	44	
2	3	5	12	15	19	20	22	23	25	26	27	28	29	30	32	33	36	38	39	43	
1	2	4	5	7	8	11	12	15	19	22	23	25	26	30	32	33	35	37	39	41	42	43	44	
4	5	6	7	9	10	11	13	14	15	17	19	20	25	26	28	30	32	36	37	41	42	
1	6	7	11	12	14	17	19	21	24	26	27	28	32	33	34	35	36	37	38	41	44	
0	1	2	4	6	7	8	9	11	15	18	20	21	24	25	29	30	31	32	34	35	37	40	44	
0	1	3	11	12	13	15	16	17	18	19	20	26	27	28	31	32	33	36	38	41	43	
0	1	2	4	7	9	10	11	12	14	16	21	22	23	25	26	29	33	35	36	41	42	43	44	
0	3	5	6	11	17	21	23	24	25	26	28	31	32	34	35	36	37	39	40	41	44	
1	3	9	11	13	14	18	20	21	22	24	26	27	29	30	33	34	35	37	39	40	42	44	
0	1	6	8	9	11	12	13	14	16	20	21	22	25	26	31	32	36	37	39	44	
0	4	5	7	8	10	11	12	14	15	16	18	20	23	26	27	29	31	34	35	41	42	43	
0	3	4	6	8	9	10	12	14	15	16	17	18	19	21	22	25	26	27	29	34	38	41	43	
0	3	4	5	7	8	10	11	16	18	20	22	23	24	27	28	33	37	39	40	43	44	
1	2	3	5	7	8	9	15	17	19	21	23	25	29	30	31	33	34	35	36	37	39	42	
0	1	3	5	6	10	11	13	14	15	19	22	24	25	30	31	32	34	35	37	38	42	44	
1	2	3	5	8	10	11	13	14	15	16	17	18	20	21	24	31	32	34	38	40	41	43	44	
2	3	4	5	8	9	12	15	17	18	20	21	22	23	25	30	32	33	35	36	38	43	44	
0	3	5	7	8	9	11	13	14	15	20	28	29	30	33	35	37	40	41	43	44	
0	2	6	7	8	10	12	13	14	15	18	23	24	25	26	28	30	34	36	37	38	42	43	
0	1	5	8	10	12	13	14	15	18	19	20	21	22	24	25	26	27	28	30	32	34	35	39	
0	2	3	4	6	8	9	12	14	16	17	18	19	24	28	29	30	35	37	39	40	42	44	
120	112.921	106.035	99.2272	92.67	86.3201	80.0132	74.2998	68.9224	63.7453	58.8542	54.0704	49.2937	45.0891	41.1276	38.2244	35.8432	33.7695	31.9318	30.2728	29	
106	99.0124	92.2576	85.5104	79.0412	73.8869	69.1083	64.6752	60.5728	57.1917	53.8106	50.467	47.2512	44.4036	41.586	39.0614	36.612	34.4856	32.4419	30.8565	30.3607	30	
111	105.303	99.8295	94.6291	89.4969	84.3833	79.3131	74.3361	69.39	65.0087	60.8632	56.8853	53.0253	49.2832	45.6652	42.0969	39.0995	37.4115	35.7297	34.2899	33.0178	32.4158	32.0434	32	
120	111.921	103.948	96.3544	88.8665	82.0748	75.6473	69.4708	63.8286	58.4859	54.1227	49.8728	46.0033	42.312	38.6612	35.067	32.3551	30.8818	29.4976	28.6395	28.0405	28	
110	103.438	97.3693	91.6392	86.1255	81.2546	76.4716	71.6953	66.9258	62.1766	57.556	53.0842	49.6813	46.6234	43.7211	40.9068	38.6404	36.4147	34.4528	32.572	30.8198	29.3924	29	
106	99.5011	93.062	86.6958	80.7214	74.7602	69.0446	63.8734	58.9809	54.5266	50.3777	46.6934	43.5071	40.3273	37.3866	35.2756	33.1978	31.5183	30.4495	29.4073	28.5775	28.1129	28.0531	28	
108	101.175	94.5334	88.5783	82.8643	77.4645	72.6858	67.9948	63.501	59.1461	55.1566	51.1889	47.667	44.1743	41.2296	38.7672	36.3633	34.215	32.4395	31.8111	31.2484	31.0731	31	
115	108.222	101.573	95.0124	88.5667	83.0767	77.6748	72.2865	66.9998	62.0521	57.5652	53.0783	48.9845	45.189	42.3627	39.7261	37.6792	35.6459	34.1006	32.5891	31.2403	30.5964	30.1491	30	
111	102.319	94.3447	87.0574	80.9094	74.8743	68.9146	63.7457	58.7933	54.0575	50.3292	47.194	44.1152	41.5449	39.097	36.9315	35.3592	33.8716	32.7889	31.7626	31.0659	31	
102	95.1026	88.4673	81.924	75.6498	69.6589	64.1211	59.2703	54.7028	50.2839	46.0563	42.3951	39.4209	37.0486	34.8959	32.7856	30.7957	29.3581	28.0835	27.1062	27.0071	27	
121	112.42	104.07	95.922	88.5915	81.8856	75.7401	69.6406	64.2759	58.9388	53.8221	49.7894	45.8578	42.5508	39.8776	37.3055	35.0182	32.8686	31.3437	30.4159	29.4881	28.79	28.3399	28	
114	106.942	99.8925	93.7267	88.2392	82.8126	77.8205	73.2247	68.7432	64.277	59.8489	55.5122	51.2823	47.3572	43.6074	39.9719	36.9995	35.1855	33.3869	31.7254	30.2087	28.7682	27.8841	27	
104	96.7268	89.8752	83.7209	78.4098	73.5354	68.6764	63.9094	60.1157	56.368	52.6816	49.409	46.5503	43.6917	41.0246	38.4494	36.0353	34.1499	32.5711	31.3219	31.115	31	
112	104.137	96.2827	90.2351	84.2517	78.4852	73.2648	68.1087	63.0249	58.0535	53.0981	48.199	43.9665	40.5612	37.7663	35.3649	33.1322	31.1806	30.5381	30.1606	30	
110	102.396	95.2886	88.3596	82.5868	77.1786	71.8481	66.8201	62.0017	57.3617	52.9622	49.0128	45.0867	41.1683	37.3818	33.991	30.6623	29.2114	28.1406	27.4112	27.1086	27	
111	103.8	96.7268	89.6808	83.9842	78.514	73.3426	68.1804	63.2989	58.5894	53.9072	49.8045	45.7019	41.6989	39.1358	36.6906	34.4355	32.4249	31.2385	30.0702	28.9653	27.9147	27.1449	27	
117	110.472	104.089	98.1341	92.3653	86.7966	81.2418	75.7214	71.036	66.4126	62.1758	58.2839	54.6404	51.3351	48.1747	45.242	42.5991	40.2254	38.1759	36.2852	34.6981	33.2697	32.4002	32	
107	97.271	88.6816	80.2482	71.8748	64.5691	58.139	52.4768	48.0261	44.1633	40.6244	38.0212	35.7059	33.8945	32.323	30.9074	29.6598	29.3839	29.12	29.012	29	
102	95.3996	89.3853	83.824	78.2826	72.8478	68.372	64.7555	61.2322	57.7555	54.3654	51.0951	48.118	45.254	42.6166	40.2521	38.2873	36.7022	35.3302	34.1979	33.0856	32.3064	32.0666	32	
117	108.868	100.892	93.2487	86.5756	80.1224	74.3537	68.8294	63.4028	58.0089	52.6149	47.5632	43.0981	38.682	35.9931	33.8747	31.9762	30.9251	30.0044	29.2548	28.6274	28.1141	28	
120	113.858	107.809	101.784	95.7657	90	84.3145	79.0483	74.0164	69.0524	64.1007	59.1799	54.4748	50.2446	46.2425	42.444	39.1634	36.4872	34.2919	32.1829	30.7708	30.1295	30	
122	113.536	105.864	98.786	91.9579	85.8272	79.7309	74.2288	68.7697	63.5948	59.2034	54.8206	50.6359	46.6406	43.1017	40.2774	37.4618	34.8184	32.2438	29.6779	27.4736	27	
111	102.936	95.0344	87.7567	80.714	73.7442	67.5687	62.5926	58.4594	54.6746	50.9304	47.6482	44.4226	41.1971	38.1822	36.0022	34.049	32.2093	31.1639	30.1751	29.3809	29	
123	114.474	106.069	98.2	91.8337	85.4933	79.3343	73.2963	67.5865	61.9717	56.9702	52.1415	48.1162	44.1513	40.7565	37.8109	34.9085	32.2825	30.7535	29.8465	29.19	29	
113	105.874	98.9071	92.1727	86.0479	80.1988	74.7344	69.5675	64.6038	59.7852	55.2714	51.3599	48.2975	45.4093	42.6226	40.1408	37.6662	35.2787	33.0218	30.8229	29.1248	28	
120	113.031	106.431	100.246	94.1559	88.2214	82.3756	76.6481	71.1274	66.3533	61.6973	57.1005	53.4349	49.8949	46.4953	43.347	40.3096	37.6343	35.092	32.764	30.6651	30.3178	30.0148	30	
119	112.074	105.243	98.5655	92.2103	86.192	81.0303	76.2126	71.4463	66.7019	62.4334	58.2235	54.0356	49.994	46.7359	43.5218	40.886	38.2649	35.6511	33.0519	31.0604	29.3691	28.1025	28	
121	112.89	105.298	98.0511	91.076	84.3558	77.8413	71.738	65.643	60.5761	55.5833	50.5987	46.0007	42.4226	39.2476	36.5826	34.0163	32.1902	30.4464	28.7685	27.9788	27.4277	27	
114	107.304	100.785	94.4841	88.4542	82.4243	76.4099	70.7055	65.4816	60.5135	56.1887	52.0034	48.0817	44.4854	41.0984	37.8122	35.7583	33.7121	32.1543	30.8599	29.8214	28.8138	28.1318	28	
109	101.519	94.6481	88.6952	82.8532	77.304	71.7627	66.5856	62.2476	57.9966	54.2365	50.6822	47.1437	43.6685	40.1934	36.829	34.8025	33.2114	32.016	30.9394	29.9183	29	
106	97.6161	90.2623	83.8372	77.9018	72.5827	67.4916	62.831	58.4154	54.0166	49.8373	45.7762	42.5088	39.731	37.8145	36.0077	34.3529	32.8078	31.4907	30.5029	29.667	29.152	29	
119	111.379	104.357	97.6898	91.322	85.2773	79.4374	73.7237	68.5617	63.8646	59.8059	55.9757	52.3741	48.9065	45.5965	42.5229	39.8434	37.3687	35.1148	32.9238	31.3319	30.2049	30.0867	30	
121	109.504	98.8276	90.3981	82.2417	74.1599	66.4752	60.6156	55.0166	50.3611	45.8919	42.4034	40.3674	38.4432	36.7672	35.203	33.9118	33.1794	32.5959	32.2607	32	
123	115.823	109.027	102.35	95.6968	89.0993	82.8114	76.5393	70.8786	65.2656	59.9224	54.8731	50.9511	47.3943	43.8533	41.1381	38.5261	36.2872	34.5009	32.9527	32.1429	32	
123	116.04	109.793	103.553	97.4136	91.78	86.1536	80.6484	75.2074	69.9589	64.8102	59.904	55.3615	50.9973	46.6972	42.661	39.2167	36.6923	35.1519	34.232	33.469	32.7202	32.2995	32	
123	112.503	102.904	93.6142	85.0886	76.8619	68.8234	61.0064	55.3596	49.9563	45.5495	41.176	37.9207	34.9755	32.0967	30.1148	29.229	28.5536	28.2879	28.0443	28	
101	94.8992	89.0789	83.5965	78.1523	72.7846	67.5445	62.3425	57.8355	53.3348	49.0572	44.9518	41.6623	38.8191	36.0333	33.2793	31.1564	29.3906	28.2176	27.5801	27.204	27.0255	27	
102	96.5948	91.2312	85.9092	80.605	75.3067	70.1451	65.5359	61.2117	57.2677	53.6504	50.1578	47.2295	44.4497	41.8184	39.294	36.9122	35.4094	34.0136	33.0513	32.7365	32.4336	32.1426	32	
110	103.565	97.6436	91.8121	86.0153	80.2323	74.6435	69.2627	64.1871	59.3055	55.4294	51.6989	48.1556	44.8759	41.8318	38.8155	35.9587	33.2614	30.6195	28.3937	27.4854	27	
101	95.4754	90.1722	84.8806	79.694	74.8395	70.2123	65.7133	61.5582	57.5837	54.2503	51.1208	48.1837	45.2523	42.4609	39.7102	36.9712	34.5702	32.5713	30.9046	29.2611	27.8217	27.373	27	
111	104.689	98.3902	92.1557	85.9404	79.7508	74.1884	68.8756	63.8637	58.9158	55.2353	51.5612	47.8935	44.3602	41.2685	38.4393	36.1286	34.5668	33.5234	32.5441	32.192	32	
120	112.708	105.627	98.8113	92.3398	86.0872	79.897	73.8632	68.1264	62.7491	57.4656	52.1821	47.2894	42.811	39.4971	36.7303	34.2058	32.4316	31.0716	29.7507	28.7894	28	
122	113.583	105.313	97.2785	89.9994	83.0636	76.8244	70.8108	65.4937	60.2158	55.5168	51.475	47.6785	44.137	41.2725	38.5845	35.9652	33.6206	31.7468	30.0987	29.1864	29	
105	97.5562	90.6283	83.8561	77.9682	72.2359	66.52	61.7868	57.2419	52.828	48.4797	44.7291	41.3143	38.0797	35.0334	32.7487	31.1109	29.686	28.3348	27.4094	27	
110	103.375	96.79	90.692	84.7742	79.4768	74.4463	69.6827	64.9725	60.6158	56.426	52.4563	48.8869	46.0047	43.2426	40.5673	38.5591	36.5709	34.8229	33.1817	31.7939	31	
120	110.93	102.715	94.8563	87.5436	80.9959	74.6212	68.2829	62.3818	57.0452	51.7633	48.3574	45.3704	42.5018	39.8062	37.4658	36.0633	35.007	33.9506	32.9488	32.1839	31.4371	31	
114	105.538	97.1448	89.0758	81.058	73.8002	66.8327	60.1469	53.5039	47.6122	43.4027	40.2776	38.1087	36.1534	34.3688	32.7977	31.3632	29.9544	28.6906	27.6319	27	
119	112.496	106.019	99.6371	93.2761	87.1539	81.5573	76.2064	70.8828	66.269	61.9828	57.7854	53.622	49.6225	45.7731	42.8383	40.4154	38.0539	36.5182	35.1669	34.1567	33.2285	32.4982	32	
116	107.937	99.9882	92.1344	84.3092	77.4918	70.7885	64.9505	60.1203	55.4138	51.1161	46.923	43.3479	39.8584	37.4052	35.1043	32.8033	31.1774	30.5118	29.9033	29.58	29.2757	29	
106	100.118	94.4253	88.9222	83.4725	78.1057	72.8159	67.5261	62.8701	58.303	53.8129	50.4069	47.3266	44.4714	41.6695	38.9506	36.2435	33.6904	32.0318	31.1906	30.4028	30	
114	106.427	99.2473	92.1108	85.4369	78.883	72.6889	66.5291	60.7548	55.0233	49.6603	46.0363	42.6866	39.5852	36.9979	35.0532	33.1598	31.4464	30.0928	28.7477	27.574	27	
118	110.975	104.068	97.2418	90.9555	84.8997	78.8836	73.0821	67.2885	61.7493	56.7584	51.9742	47.6906	43.4468	39.497	37.1764	34.9273	33.0676	31.6212	30.6994	30.2384	30	
106	99.3054	93.368	87.8205	82.4603	77.2126	72.0099	67.332	62.774	58.2235	54.9774	51.8513	48.8901	46.0113	43.6274	41.3784	39.4817	37.69	35.9433	34.354	33.0196	32.1949	32	
111	103.636	96.5445	89.9208	83.297	77.0706	71.2417	65.5686	60.8774	56.3109	51.8379	47.5986	43.3906	39.6657	36.4395	33.7432	31.9197	30.2988	29.1533	28.374	28	
122	111.729	103.196	95.5318	88.7054	82.1825	76.0681	70.6446	65.4933	60.5096	55.5887	50.7725	46.4484	42.4593	38.8262	36.1564	34.0519	32.1673	30.9004	30.1571	30	
114	106.225	99.2434	92.8779	86.5525	80.7715	75.2948	69.8341	64.8379	59.9537	55.5099	51.2422	46.9986	43.4355	40.537	38.0789	35.8931	34.0275	32.386	31.0329	30	
106	100.267	94.6666	89.0721	83.8067	79.0608	74.4536	69.8983	65.4758	61.29	57.1966	53.4669	49.8585	46.429	43.0804	39.7548	36.8796	34.3509	32.2089	30.2979	29.3106	28.4272	28	
101	95.0836	89.2571	83.5985	77.9698	72.3831	67.0901	61.851	57.1814	52.8416	49.5627	46.2898	43.0708	40.0437	37.3762	35.3741	33.4199	31.9513	30.6625	29.4277	28.1929	27.2877	27	
104	96.6906	89.8569	83.0535	76.9824	71.6137	67.068	62.8771	59.0714	55.4318	52.2453	49.172	46.212	43.4786	40.9641	38.578	36.4863	35.1045	33.7302	32.5145	31.6084	30.7476	30	
103	97.5301	92.0838	86.7393	81.4261	76.2384	71.2936	66.8894	62.5167	58.3633	54.4764	50.5974	46.9299	44.1166	41.3425	38.7799	36.3585	34.1721	32.0092	30.1128	29.2429	29	
119	111.853	104.787	97.8073	91.0102	85.0582	79.4486	74.0648	69.3877	64.9292	60.5653	56.6459	52.8357	49.3679	46.1187	43.2411	40.8151	38.4037	35.9996	33.8504	32.7285	32.2258	32	
109	102.096	95.2527	88.857	82.6055	77.0064	71.8701	66.8704	61.9618	57.1745	52.7362	48.6166	44.8308	41.9705	39.3986	37.6233	36.0149	34.543	33.2836	32.0925	31.4628	31	
104	96.7352	89.8577	83.0435	76.2925	70.4901	66.2292	62.4901	58.9565	55.5336	52.664	49.8814	47.1383	44.7984	42.5138	40.419	38.3399	36.4743	34.9881	33.5415	32.9012	32.3794	32.0949	32	
104	97.7971	91.607	86.2346	81.1114	76.3267	71.6569	67.3322	63.2438	59.2448	55.2906	51.9304	48.6469	45.504	42.361	39.5822	37.2697	34.9636	33.1302	31.6865	31.1115	30.6005	30.198	30	
108	102.131	96.6513	91.2286	86.1833	81.396	76.615	72.1925	67.8518	63.5614	59.378	55.4903	51.8793	48.8912	46.1924	43.632	41.0779	38.5301	36.127	34.2838	32.9439	31.8241	31.2894	31	
114	107.23	100.531	93.9875	87.8195	81.8285	75.9154	70.7104	65.5904	60.5696	55.8533	51.1653	47.1713	43.5455	39.941	37.0447	34.212	32.9303	31.6839	30.5509	29.6373	29.17	29	
115	107.306	100.049	92.9517	85.9895	79.5843	73.4973	67.6968	63.058	58.6976	54.6795	50.9875	47.4626	44.1287	41.0813	38.6226	36.3629	34.6999	33.7053	32.838	31.9946	31.3581	31	
104	97.0193	90.7123	85.1793	79.675	74.185	68.8384	63.5204	58.3959	54.3609	50.3401	46.9358	44.2051	41.6895	39.482	37.2961	35.1818	33.304	31.4979	30.2222	30	
116	107.979	100.494	93.2924	86.5612	79.8301	73.2773	66.9192	61.9884	57.0576	52.216	47.5285	43.5466	39.7512	36.1504	33.1092	30.3275	29.6058	28.9164	28.3082	28.0568	28	
107	101.045	95.7973	90.5936	85.4775	80.4679	75.5334	70.8307	66.1717	61.8948	57.7619	53.798	49.9156	46.4089	43.2215	40.748	38.406	36.1016	33.9412	32.908	32.1503	32	
105	99.1163	93.2602	87.418	81.6725	76.1691	70.8177	65.4871	60.3155	55.1854	50.802	46.4808	42.4984	38.7926	35.8749	33.5104	31.5883	30.5028	29.5556	28.7121	28.1106	28	
108	98.544	89.9192	82.7221	75.5739	69.3253	63.4776	58.2265	53.738	49.6016	45.8466	42.4925	40.1261	37.965	36.2342	34.6794	33.8873	33.3103	32.7334	32.2249	32	
105	98.9096	92.9531	87.0637	81.6066	76.4054	71.2285	66.0821	61.3742	57.4337	53.6881	50.1008	47.0068	44.12	41.3488	38.9126	36.5069	34.4727	33.4313	32.6699	32.2253	32.0487	32	
120	111.927	103.931	96.9171	90.0913	84.4188	78.9001	73.5351	68.4008	63.5399	58.9951	54.5784	50.512	46.6506	42.9857	40.2605	38.1077	36.2795	34.9468	33.8362	32.7428	31.7689	31.1709	31	
121	113.317	105.887	99.0109	92.1603	85.7468	79.5771	74.2143	69.0953	64.0435	59.2355	54.8058	50.4853	46.1648	42.2562	38.5913	35.4476	32.699	30.6312	29.2695	28.2524	27.4287	27	
107	99.259	91.534	84.2629	77.1352	70.4534	64.0902	59.1287	54.414	50.002	45.6776	42.492	39.5135	37.2995	35.1333	33.7237	32.4972	31.446	31.0717	31.0239	31	
121	112.249	103.828	96.726	89.6332	83.0489	76.9545	71.7267	66.7815	62.0435	57.6729	53.6508	49.8076	46.2282	42.7807	39.8512	36.9971	34.4633	32.1084	30.2999	29.0754	29.0377	29.0094	29	
110	103.023	96.2066	90.2901	84.569	78.9945	73.9013	69.0105	64.4615	60.3172	56.9194	53.5426	50.2844	47.1238	44.1446	41.2701	38.4026	35.577	32.9327	31.1745	29.9815	28.9	28	
103	96.8216	91.3652	86.1789	81.0553	76.2645	71.6746	67.1476	62.9344	59.0729	55.5316	52.1033	48.7693	45.5984	42.8734	40.569	38.2772	36.2868	34.8301	33.7313	32.6827	31.9293	31.3328	31	
120	112.545	105.749	99.0463	92.5398	86.0883	80.2718	75.0196	69.8302	65.1738	60.8153	56.6057	52.6156	49.0724	45.8662	43.0598	40.3632	37.988	35.6441	33.5432	32.0303	30.9407	30.2117	30	
109	101.257	94.3176	88.4396	82.9513	77.6205	72.6545	67.7714	62.9961	58.4861	54.2497	50.7262	47.5095	44.3094	41.6564	39.1941	36.8231	34.7753	32.8271	31.7244	30.6467	30	
115	107.137	99.6209	92.1206	85.614	79.1942	73.8549	68.6102	63.3813	58.8859	54.4851	50.2972	46.1251	43.0257	39.9814	37.9545	36.2588	34.579	33.7193	32.8991	32.3391	32	
109	101.96	94.9283	87.9696	81.3122	75.5512	69.9225	64.8817	60.561	56.3211	52.4339	48.5541	44.7771	41.6909	38.6929	35.8565	33.7329	32.0575	30.9626	30.4629	30.169	30	
103	96.2603	89.6972	83.2632	77.4814	72.0597	66.8079	62.0384	57.4592	53.9127	50.502	47.2137	44.2243	41.2553	38.7754	36.4043	34.3049	32.2055	30.5002	29.0531	28	
102	96.7782	91.7711	86.8688	82.1236	77.6717	73.2774	68.8936	64.7611	60.7073	57.0724	53.4638	49.8761	46.7807	43.832	40.9408	38.123	35.5462	34.3101	33.1631	32.2413	31.6442	31.3143	31	
116	106.505	97.5806	88.8398	81.182	74.6941	68.3126	62.2598	57.4157	53.2387	49.8448	46.8378	44.1982	41.5682	39.2573	37.0431	34.9256	33.1852	31.8219	31.2997	31	
113	104.039	95.3353	86.8791	81.2226	75.8708	71.0332	66.6337	62.2818	58.0251	53.8446	49.8356	45.9789	43.0744	40.189	37.7893	35.7514	33.7421	31.9423	30.1425	28.3808	27.3904	27.0381	27	
102	94.943	89.2016	83.4603	77.7788	72.486	67.6418	62.8648	58.6037	54.4771	50.7168	47.5173	44.4373	41.4096	38.7408	36.6327	34.7338	33.2686	31.9753	30.9287	29.9195	29.1346	29.0598	29	
106	99.6384	93.8336	88.6398	83.6158	78.6324	73.6898	68.7608	63.8386	59.2219	54.8564	50.6606	46.655	42.9344	39.2411	35.6563	32.8863	30.1842	28.0727	27.2444	27	
106	100.566	95.2849	90.0792	84.932	80.1003	75.2919	70.8458	66.4873	62.4034	58.5882	54.8023	51.0339	47.283	43.684	40.1785	36.8016	33.9914	32.7527	31.9523	31.1811	31	
114	106.587	99.2268	92.215	85.6669	79.6631	73.7842	68.5743	63.6232	59.2787	55.3267	51.4728	47.8866	44.4698	41.294	38.1805	35.3704	33.1402	31.5255	30.1338	30	
115	106.423	98.0023	90.5802	83.213	76.3223	69.8989	63.8695	58.8206	54.1657	50.5279	47.1834	43.903	41.5205	39.303	37.3971	35.7569	34.6665	33.9426	33.3653	32.8888	32.4856	32.2199	32	
123	111.386	102.745	95.6399	88.6323	81.6613	75.3239	69.0963	63.2831	58.0182	52.7899	47.6713	42.9793	38.336	35.728	33.2296	32.2424	31.3162	30.4144	30.0853	30	
119	111.964	105.792	99.6913	93.6551	87.926	82.3113	76.7108	71.9104	67.1886	62.4739	57.8235	53.2375	49.2586	45.8726	43.2652	40.6936	38.4362	36.3218	34.2502	32.7858	32.1572	32	
113	104.259	95.6318	87.5902	80.6325	74.0156	68.0019	62.4601	57.5128	52.714	48.938	45.8175	42.8631	40.3544	38.2479	36.185	34.5068	32.846	31.4387	30.4335	29.6556	29.0699	29	
108	101.39	94.8333	88.369	82.1029	76.0814	70.1128	64.164	58.7572	53.6016	49.8737	46.2185	42.669	39.2055	36.3501	34.3804	33.1642	32.1529	31.1614	30.1831	29.5684	29	
103	95.2006	88.3167	81.7956	76.4146	71.2063	66.1449	61.4722	57.024	53.5259	50.2006	47.1775	44.6209	42.1852	39.7754	37.6161	35.906	34.5413	33.5221	32.5547	31.976	31.5614	31.2073	31	
123	114.693	106.435	98.6843	91.1911	84.6116	78.1153	72.109	66.1028	60.1132	54.8629	50.784	46.73	43.1578	39.6687	37.027	34.4351	32.1256	30.2648	28.6116	27.2492	27.0665	27	
101	94.3283	87.8111	81.5627	75.4823	70.0133	64.8466	60.1972	55.5478	50.9321	46.6993	43.1854	40.0478	37.1184	34.189	31.4075	29.7076	28.0548	27.6786	27.3292	27	
102	94.8347	89.1025	83.4282	77.9276	72.5573	67.3969	62.316	57.4089	52.5525	48.1448	43.9831	41.392	38.8372	36.5935	34.4584	32.772	31.6647	30.9771	30.4487	30	
105	98.0997	91.5882	85.7501	80.0577	74.4348	68.9507	63.9456	59.357	55.7472	52.1999	48.9094	45.7716	42.6547	39.6836	36.7472	34.5674	32.6098	30.6869	29.0694	29	
109	102.163	95.6152	90.2882	85.0175	80.0573	75.33	70.6379	66.1222	61.67	57.3943	53.2384	49.1249	45.3854	41.6529	38.3367	35.4791	33.0872	31.5067	30.1026	29.1924	28.4939	28.0282	28	
116	107.782	99.7968	91.8367	84.1926	77.2472	72.2648	67.69	63.5061	59.3306	55.2049	51.1292	47.1366	43.2439	40.6903	38.6774	37.0138	35.3752	33.7948	32.5887	31.4908	31	
118	110.883	104.984	99.1058	93.7754	88.7042	83.7196	78.7997	74.1032	69.4211	64.8686	60.6979	56.7865	52.9039	49.0286	45.4269	42.5528	39.7579	37.2368	35.472	34.1106	32.9796	32.3674	32	
111	103.945	97.0456	90.1953	83.4297	77.2497	71.4436	66.0537	60.9037	55.9442	51.8241	47.817	44.5577	41.771	39.0761	36.621	34.4975	32.5927	30.9278	29.2769	28.5221	28	
101	95.0581	89.4772	83.9597	78.5182	73.2541	68.0533	63.5367	59.0897	54.8518	50.6519	46.6168	42.9996	40.3327	37.9256	36.0125	34.1058	32.4271	30.8561	29.5258	29	
120	111.621	103.588	96.5377	89.9016	83.9493	78.4112	72.9791	68.1922	63.4246	58.6956	54.5348	50.5281	46.6851	43.1118	39.9527	37.0151	34.6072	32.2282	30.5331	29.0402	28	
119	110.756	102.553	94.4823	87.5655	80.8219	74.1608	67.8871	62.0668	57.0379	52.1327	48.4312	44.9852	41.5804	38.7774	36.2795	33.8228	32.6439	31.5309	30.4509	29.5853	29.2638	29	
120	111.349	103.287	95.3888	88.1309	81.7034	75.4922	69.4627	63.883	58.3725	53.3205	48.9693	45.2149	41.4864	37.8531	34.8081	32.0312	30.154	29.2543	28.7699	28.4671	28.199	28	
122	114.832	108.129	101.464	95.1313	88.8728	82.7474	77.2435	72.1094	67.3157	62.7143	58.1276	53.7851	49.524	46.2986	43.5096	40.9648	38.6715	36.4448	34.6545	33.3303	32.302	31.3477	31	
109	102.756	96.5302	90.368	84.3006	78.5112	72.7598	67.1222	61.7753	56.5169	51.8272	48.2753	44.7296	41.2409	38.5548	36.6145	34.8701	33.2395	31.9249	30.6924	29.5105	28.5815	28.0885	28	
107	100.707	94.555	88.7674	83.0629	77.48	72.2935	67.5483	62.8159	58.1538	53.9266	50.2366	46.5594	43.0804	39.8957	37.1457	34.9714	33.072	32.311	31.6203	31	
102	94.5689	87.355	80.5755	73.9434	67.9163	62.9053	58.7787	54.8382	51.0838	47.4846	44.4129	41.5972	38.8823	36.7879	34.7478	32.7466	31.6296	30.6988	29.9463	29.2637	29	
103	95.8464	89.1712	82.7062	76.8645	71.1315	65.8624	61.6079	57.5274	53.5412	49.7433	46.0687	42.5535	39.2993	36.306	34.0302	31.9718	30.6817	29.5148	28.8552	28.3479	28	
108	99.3254	91.4288	85.0436	78.7209	73.3015	68.3025	63.4017	58.7604	54.3068	49.9427	45.6322	42.1623	39.4974	37.056	35.4194	33.908	32.4414	31.3414	30.6797	30.3756	30.1341	30	
116	107.358	98.9175	90.8647	84.3256	77.8218	71.626	66.0022	61.0209	56.2596	51.9824	48.9637	45.9626	43.0407	40.1628	37.637	35.1551	32.9813	31.1771	29.8746	28.6777	28.1672	28	
109	102.245	95.7432	89.9518	84.6162	79.6766	74.8417	70.074	65.4185	61.3533	57.3553	53.6488	49.9572	46.288	43.7697	41.3784	39.1365	37.4253	35.8709	34.6753	33.4946	32.7099	32	
103	95.2786	88.1718	82.0892	76.44	71.1689	66.087	61.4778	56.8922	52.6454	48.7454	45.1053	42.0797	39.1882	36.5487	34.2402	32.2074	30.6237	30.0091	29.4103	28.8273	28.2994	28.0079	28	
113	105.193	97.6749	90.4107	84.24	78.0947	72.5935	67.1263	62.4474	58.328	54.3865	50.6145	46.9273	43.4012	40.2989	37.4763	34.6706	32.6872	31.6192	30.6529	29.7374	29.356	29	
104	95.6835	87.5196	80.9325	75.7188	70.8103	66.4189	62.3667	58.3992	54.5079	51.3967	48.438	45.5048	42.6309	40.2232	38.4938	36.8068	35.5012	34.2042	33.3988	32.8223	32.3221	32	
120	109.28	99.35	91.1723	83.0702	75.1088	68.4887	62.1173	55.9624	51.6139	47.7738	44.1068	40.6561	37.5083	34.7175	32.3377	30.8665	29.6118	28.4435	28.0649	28	
117	110.537	104.18	98.0387	92.3109	86.6619	81.0391	75.436	70.6268	65.8176	61.015	56.5076	52.2888	48.1029	44.3303	40.8727	37.6381	34.4954	32.2122	30.5325	29.2138	28.6102	28.0394	28	
122	115.438	108.968	102.518	96.2521	90.1245	84.0824	78.1522	72.3669	67.8715	63.6263	59.6114	55.6228	51.8317	49.0213	46.2701	43.5387	40.8073	38.7208	36.6476	34.8771	33.1658	31.4875	30	
107	100.595	94.3665	88.8318	83.3396	78.0951	73.0559	68.3564	64.1311	60.0402	56.006	52.1063	48.3197	44.5899	41.7234	39.041	36.6417	34.2707	32.197	30.1657	28.5662	28	
121	109.77	99.6196	90.9631	83.8482	77.255	71.2548	65.5865	60.2385	56.0169	52.0919	48.321	44.7398	41.3009	38.0399	35.9647	34.3401	32.8223	31.838	30.9012	30	
118	108.781	99.6451	91.3305	85.2584	79.2601	73.5017	67.974	62.7785	57.6292	53.5042	49.7022	46.1586	42.6611	39.4958	36.8104	34.2727	31.7349	30.4245	30.0092	30	
121	111.434	102.058	93.3911	85.4629	79.0325	73.341	68.0788	63.925	60.2605	56.6558	53.2409	49.9558	46.6807	43.4755	40.6497	38.1634	35.8967	33.7999	31.723	30.2751	28.9171	27.7089	27	
123	114.589	106.896	99.4936	92.8087	86.3508	80.1563	74.2524	68.8845	63.571	58.5755	54.2066	50.5735	47.6034	44.6515	41.9902	39.3562	37.3943	35.6322	33.8793	32.7439	31.99	31.3451	31	
102	95.9146	90.477	85.1888	80.181	75.198	70.3397	65.8426	61.6631	57.5522	53.6593	49.8162	45.9794	42.4539	39.3707	36.7921	34.556	32.5566	31.043	30.252	29.791	29.3426	29.0187	29	
120	111.633	103.301	95.0984	87.2919	79.5198	71.8684	66.0954	60.3913	55.0921	50.603	46.3464	42.8051	39.7807	38.0315	36.6012	35.2226	33.9473	33.1201	32.5687	32.0258	32.0086	32	
122	114.477	107.1	100.131	93.2674	87.2506	81.4943	76.0637	70.8366	65.6096	61.5631	57.6794	53.9504	50.425	46.9322	43.8627	40.8665	38.8147	36.9665	35.216	33.4818	32.6676	32	
105	98.4492	91.9391	85.7538	79.7579	74.1411	68.8084	63.5908	58.5695	53.8324	49.1156	45.4951	41.9219	38.9781	36.075	33.368	31.189	29.4498	28.2384	27.4399	27.1015	27	
115	105.932	97.3144	88.7061	80.1898	71.9402	63.9389	58.9082	54.1719	49.4998	45.2233	41.5629	38.8499	36.5322	34.5917	33.111	31.943	30.8854	29.9565	29.3127	29	
119	111.609	104.344	97.2746	90.3039	83.3957	76.7109	70.1245	63.7794	57.7112	52.0096	47.3982	43.7877	40.5257	37.9877	35.968	33.9929	33.3227	32.6881	32.1698	32.0357	32	
121	111.756	103.763	95.8472	88.4556	81.3259	75.2244	69.3072	64.1661	59.9853	56.0955	52.5743	49.703	46.9675	44.3484	41.9331	39.5371	37.2866	35.7346	34.299	33.0185	32	
104	98.3447	92.8991	87.5233	82.2	77.4766	72.8522	68.5714	64.4071	60.3534	56.3056	52.4034	48.5944	44.8319	41.3432	37.9011	35.4259	33.335	31.3081	30.1317	29.3396	28.6174	28	
105	98.0642	91.291	84.6436	78.1145	72.2878	67.06	62.0098	57.3366	52.9666	48.7223	44.6111	41.5129	39.2059	37.52	35.8415	34.5105	33.2683	32.1887	31.1461	30.562	30.1627	30	
106	98.452	91.1137	84.0269	77.0576	70.5831	65.4085	61.1481	56.896	52.753	49.281	46.2366	43.2761	40.7685	38.328	36.0552	34.2856	32.6586	31.9038	31.258	30.7632	30.2851	30.109	30	
113	102.8	93.0934	83.7553	75.5844	69.2749	64.7005	60.2207	56.0144	52.7229	49.4945	46.4659	43.532	40.6296	37.906	35.3716	33.1423	31.3756	30.0191	29.1462	28.4312	28	
108	101.387	95.091	89.4447	83.9313	78.6098	73.7016	69.2583	64.852	60.4531	56.4896	52.7106	49.5	46.3558	43.3371	40.3257	37.9712	35.6315	33.3878	31.5721	30.2214	30	
121	112.241	103.582	96.8588	90.724	84.8063	79.2053	73.722	68.3744	63.0629	58.0411	53.3992	49.3274	45.5361	42.1792	39.0665	36.3429	33.728	32.5969	31.5473	30.6877	30	
112	104.018	96.7076	89.9417	83.637	78.7407	74.1631	69.6273	65.1084	60.8912	56.716	52.6665	48.8267	45.7833	43.1256	40.4762	38.0784	35.9908	34.6074	33.2576	32.3773	32	
109	101.416	94.536	88.016	81.888	76.296	70.968	65.76	60.728	56.392	52.48	48.856	45.392	42.088	38.928	36.2	33.536	30.968	29.776	29.056	28.536	28.096	28.024	28	
105	96.6016	88.2948	81.7186	75.9568	70.9584	66.4182	62.5397	58.6713	55.0371	51.4029	48.1249	44.9386	42.2206	39.7062	37.487	36.1738	34.9929	33.924	32.9874	32.5497	32.112	32	
122	113.3	104.922	96.9534	89.5161	82.4097	75.7649	69.7122	63.9905	58.6085	53.4529	48.9852	44.9182	41.8266	38.7611	36.1746	33.8145	31.9682	31.2889	30.9667	30.6706	30.3832	30.1393	30	
106	98.5957	91.2996	84.68	78.2497	71.9276	65.7138	60.3477	55.9286	52.0866	48.2717	45.1242	42.0309	39.0276	36.6287	34.5364	33.0032	31.4971	30.2615	30.0361	30	
107	99.7336	92.5447	85.6889	78.8408	72.2949	66.4384	61.3875	57.2043	53.1063	49.0161	45.7005	42.3927	39.6039	36.8615	34.1579	32.322	30.8191	29.5099	28.3944	27.488	27	
120	112.169	104.728	97.7115	91.0343	84.7304	78.452	72.8777	67.6514	62.4589	57.6737	53.5843	49.6984	45.9823	42.9703	40.6201	38.3972	36.4967	34.978	33.4678	32.8569	32.3733	32	
101	94.125	87.4453	80.905	74.3857	68.3753	63.111	57.9234	52.938	48.8939	44.9614	41.4472	37.9748	34.628	32.3828	30.3259	29.3358	28.3666	27.6136	27.2789	27	
112	103.66	95.9711	88.4914	82.1651	76.7163	71.3009	66.203	61.732	57.6119	53.6841	49.7562	45.8451	42.987	40.1873	37.5465	35.2232	33.2927	31.4792	30.1755	30	
105	98.0605	91.4345	84.8573	80.203	75.8623	71.6262	67.7593	64.1084	60.4644	56.8205	53.1765	49.6231	46.5505	43.5406	40.6004	38.0294	35.6535	33.5075	31.8702	30.3025	29.1599	28.073	27	
111	103.901	97.5203	91.1824	85.5629	80.0075	74.4805	69.615	65.3684	61.2853	57.5153	54.0654	50.8288	47.8697	44.9675	42.0724	39.3836	37.1429	35.2294	33.4724	32.0213	32	
108	101.856	95.7116	89.5981	83.5585	77.6172	71.7928	66.8602	61.9646	57.8315	54.1044	50.5987	47.4436	44.393	41.7299	39.1221	37.0187	34.9952	33.7529	32.7995	32.1538	32.0062	32	
105	98.9619	93.1482	87.4797	81.897	76.4462	71.1274	65.8416	61.0046	56.1741	51.3635	47.0147	43.5832	40.198	37.9543	35.7437	33.5858	31.4741	29.7584	28.366	27.4355	27.0264	27	
119	109.756	100.541	92.3661	84.6773	77.8341	71.7491	65.7225	60.5998	56.1382	52.4736	48.877	45.3777	42.5782	40.1092	37.7472	35.3948	33.4507	31.7983	30.3597	30	
116	106.831	100.428	94.0817	87.7819	81.5196	75.547	69.6865	63.9756	58.8255	54.3203	49.9647	46.6933	43.6743	40.8609	38.7952	36.8324	35.3463	33.9162	32.5422	31.5982	31	
110	103.249	96.6701	90.3814	84.5483	78.8601	73.4688	68.4572	63.5767	59.7869	56.0109	52.2694	48.8178	45.7943	42.8881	40.2442	37.7729	35.3568	33.2583	31.7948	30.9733	30.428	30	
113	104.863	97.0344	89.2973	81.9183	76.2466	70.7499	65.5779	60.4559	56.0252	52.0858	48.3963	44.9983	41.8002	38.9602	36.7282	34.5378	32.6556	31.4396	30.2986	29.2493	28.583	28.0167	28	
109	102.683	96.5385	91.0541	85.6296	80.4784	75.4338	70.8224	66.6508	62.4791	58.5807	54.7623	51.1371	47.8585	44.6132	41.4478	38.3824	35.4036	32.9113	30.8522	29.0596	28.4598	28.1333	28	
120	111.411	103.331	95.4967	87.9079	80.4229	73.155	66.5761	61.111	56.2972	52.0308	47.7833	44.7534	41.8085	39.0996	36.6927	34.6067	32.5962	30.8972	29.8967	29.4814	29.1699	29	
123	114.368	105.927	97.851	89.8096	81.9071	74.6733	67.648	61.2739	54.9953	49.0641	45.0608	42.2211	39.3901	37.8878	36.4549	35.1957	34.2144	33.2766	32.521	32.2605	32.0261	32	
107	101.541	96.1269	90.8132	85.639	80.4815	75.3687	70.3619	65.6287	61.5875	57.7139	54.0523	50.4186	46.8464	44.0388	41.2424	38.5185	36.297	34.5723	32.8922	31.2512	31.1563	31.0726	31	
107	99.8095	92.7414	86.0835	80.1454	74.3009	68.5499	63.4683	58.7322	54.3129	50.6204	46.9928	44.0777	41.2922	38.6147	36.8297	35.3469	33.9434	32.5758	32.1799	32.0288	32	
111	102.648	94.3047	87.3942	80.7982	74.2459	67.9906	62.8449	57.7515	53.2173	48.8753	45.4332	42.157	39.5361	37.1423	34.8534	32.6868	30.5726	29.5679	29.1048	29	
111	102.085	93.2542	86.0244	78.8872	72.8793	68.0286	63.3815	58.7622	54.5966	50.9585	47.6167	44.6267	42.1365	40.137	38.1837	36.3879	34.6105	33.333	32.324	32.1111	32	
111	104.705	98.5371	92.6127	86.7523	81.5509	76.4071	71.5256	66.9192	62.4407	58.5381	54.757	51.0079	47.3995	43.9703	41.0529	38.5385	36.0882	34.284	32.5694	32.0896	32	
115	107.051	99.17	91.9769	84.9385	78.1407	72.0218	66.5303	61.056	56.4067	52.359	48.7152	45.226	42.0377	39.4165	37.4571	35.5751	34.5266	33.7532	33.0227	32.4899	32.2578	32.0945	32	
106	97.2802	89.5209	83.061	76.7519	70.5651	64.7268	58.9732	53.3797	47.9463	44.4998	41.091	38.1153	35.3468	33.8307	32.5501	31.5048	30.7421	30.1017	29.5085	29	
108	102.225	96.5545	91.0867	86.2443	81.4889	76.7624	72.1055	67.5644	63.5156	59.4784	55.6497	52.4061	49.5563	46.8976	44.5634	42.2349	39.9238	37.8791	35.9735	34.4096	32.9036	32.2664	32	
112	104.904	98.3098	92.4558	86.81	81.1643	75.6033	70.135	64.8363	59.6456	54.9022	50.1666	46.7267	43.5027	40.8649	38.2503	35.7976	33.7923	31.8795	30.1442	29.0644	28.4242	28.108	28	
121	113.172	105.708	98.2709	91.7591	85.3096	79.2604	73.8961	68.9233	64.0483	59.2534	54.9567	50.6689	46.7102	42.8049	39.1931	36.6756	34.3182	32.8592	31.8896	31	
114	106.291	98.9195	91.7203	84.7886	77.9433	71.7281	66.2812	60.9206	56.1124	51.3561	48.1535	44.9682	41.7916	38.8135	35.8354	33.0472	31.8905	30.8546	30.3626	30.1122	30	
116	108.124	100.704	93.7104	86.74	80.4075	74.9257	70.0976	65.4349	61.2606	57.0862	53.2741	49.6983	46.3825	43.1847	40.0185	37.4745	35.1589	32.9221	30.953	30	
120	112.901	106.143	99.5293	93.3064	87.4235	81.8156	76.3597	71.0267	65.9688	61.0555	56.3666	52.3651	48.5083	44.6515	40.9539	37.2708	34.5573	32.7265	31.1419	30.2229	29.4052	29.0724	29	
116	110.339	104.898	99.5438	94.3401	89.148	84.2048	79.3831	74.7525	70.2492	65.7922	61.341	57.1329	53.0405	49.3128	45.6315	42.5695	39.7563	37.5047	35.4267	33.7596	33.1287	32.5557	32	
113	106.068	99.3686	92.8284	86.4042	80.4876	74.6	69.0242	63.6514	59.6634	55.7118	51.8399	48.1347	44.4876	40.942	37.8677	35.0689	32.6616	30.7402	29.7251	29	
111	105.594	100.294	95.041	90.0458	85.2499	80.5126	76.0216	71.6127	67.3151	63.0704	58.9135	55.1436	51.4793	47.9439	44.4262	41.184	38.6336	36.2532	33.9725	32.5126	31.2931	31	
112	104.319	97.2264	91.3891	85.5989	80.4756	75.6112	71.3823	67.5928	63.8503	60.304	56.946	53.8313	51.0852	48.3392	45.7344	43.2002	40.8465	38.5869	36.7902	35.0014	33.2282	31.6512	31	
121	110.534	100.561	91.5055	83.1832	75.528	68.7039	62.525	56.6743	50.9657	45.6179	40.5436	36.2676	32.7572	30.909	29.9685	29.0717	28.6671	28.2953	28.0328	28	
108	100.028	93.6868	87.6272	81.7363	76.0223	70.5976	65.7997	61.0581	56.429	52.2419	48.0709	44.4544	41.3443	38.4028	35.5257	33.4603	32.1905	31.1297	30.2135	29.3536	29.1205	29.0563	29	
111	104.451	98.2949	92.4654	87.0622	81.8989	76.7823	71.8721	67.0952	62.4249	58.3542	54.5301	50.7525	47.0749	43.7104	41.2987	38.9602	36.6417	34.3632	32.2379	31.012	29.8395	29	
103	97.5608	92.5206	87.6608	82.9049	78.3732	74.0109	69.8781	65.893	61.9407	58.0212	54.293	50.7944	47.4161	44.2892	41.2717	38.4946	35.7395	33.4763	31.6724	31.2351	31	
112	105.65	99.3512	93.2749	87.8222	82.5921	77.4511	73.0609	68.9571	65.0823	61.2265	57.4344	53.8714	50.4801	47.1779	44.232	41.3116	38.5566	36.247	34.2555	32.3213	30.8133	29.7571	29	
117	109.415	102.012	94.842	87.9063	81.6286	75.6973	69.8526	65.2115	60.6309	56.2669	52.3011	48.5952	45.123	41.6767	38.8193	36.0398	33.5634	31.5286	30.0999	29.0348	27.9784	27	
109	101.246	94.3596	87.6302	81.2843	75.1574	69.5156	64.6094	59.9067	55.8221	51.941	48.4902	45.3289	42.2851	39.6637	37.7075	35.8061	33.9672	32.5666	31.2598	30.2895	30.0469	30	
101	95.3535	90.0292	84.8841	79.9419	75.1011	70.7379	66.5179	62.3278	58.2451	54.2698	50.587	46.9281	43.6214	40.9652	39.2163	37.4854	35.7783	34.9844	34.2562	33.5519	32.8953	32.2984	32	
101	94.2683	88.0608	82.4465	77.1356	72.1213	67.514	63.0377	59.189	55.4301	51.8642	48.4225	44.9877	41.6839	38.5801	36.4351	34.3935	32.5175	31.2415	30.0345	30	
107	99.5609	92.4126	85.3369	78.8429	72.3569	65.9032	60.653	55.9278	51.2511	47.1237	43.9009	41.4939	39.3049	37.116	35.0563	33.3763	31.7608	31.0339	30.3392	30.1615	30.0162	30	
113	104.826	96.8461	89.0091	81.8792	75.288	70.1363	65.1277	60.8935	56.8614	53.2501	50.1018	47.164	44.445	41.7513	39.4112	37.3235	35.4211	33.6449	32.1634	30.8165	30	
122	113.662	105.629	98.0675	90.7841	84.5187	78.7993	73.1354	67.7215	62.7332	58.1336	53.5618	49.2584	45.1864	41.5123	37.8567	35.3024	33.3312	31.8412	30.962	30.1013	29.4627	29.2314	29	
101	94.9917	89.1276	83.5019	77.9263	72.5389	67.2958	62.3599	57.4366	53.8869	50.4625	47.1573	43.9399	41.1365	38.4271	36.0375	33.993	31.9672	30.1484	28.6495	27.3638	27	
115	106.574	98.2433	90.7699	83.7988	77.2606	71.1641	65.3447	59.9324	54.9184	50.3893	46.3019	42.7773	39.452	37.313	35.6849	34.1002	32.7579	31.5196	31.052	31	
108	101.547	95.4013	89.2755	83.4833	77.7112	72.2593	67.1611	62.5834	58.1459	53.9085	50.0515	46.6149	43.1783	40.0686	37.7931	35.6845	33.8027	32.7083	31.7274	31.1735	31.0601	31	
114	108.317	102.952	97.5878	92.4433	87.3416	82.2888	77.438	72.5993	68.1461	63.7968	59.4598	55.5387	52.0458	48.6019	45.317	42.0565	38.9062	36.857	35.1136	33.4008	32.7035	32.2875	32	
105	98.4232	92.2485	86.1396	80.235	74.6072	69.5659	64.5312	59.9644	55.7732	51.7138	47.9048	44.8801	42.0859	39.4763	37.0974	35.0677	33.15	31.3905	30.4152	30	
123	114.215	105.955	98.0375	90.8433	84.6434	78.588	72.9394	67.4715	62.1301	57.0508	52.5319	48.0582	44.2804	40.6652	37.2489	34.158	31.3653	29.2775	27.9399	27.4519	27.0362	27	
121	112.774	104.623	96.7481	89.0395	81.3643	75.099	69.1174	63.4194	57.9216	53.0662	48.8198	44.8904	42.663	40.4522	38.4333	36.5895	35.163	33.7364	32.4766	31.7258	31	
105	99.3786	93.9128	88.4769	83.1728	77.9045	72.7081	67.8111	63.0876	58.4181	54.6225	50.9108	47.259	43.6131	40.0631	36.6148	33.6095	31.2507	28.9638	28.1197	28	
118	108.961	100.373	93.5714	87.0805	80.7	74.5903	68.7214	62.8826	57.6157	52.8503	49.0982	45.4365	41.865	38.5142	35.9359	34.2103	32.7557	32.0133	31.3913	31.1304	31	
123	115.81	109.474	103.182	96.9829	91.0591	85.4897	80.0432	74.727	69.4686	64.4127	59.5883	54.9592	50.5037	46.2579	42.4895	39.0394	36.1245	33.7087	31.4809	29.9475	29.0434	29	
105	98.7814	92.5627	86.4127	80.3749	74.4869	68.9044	63.5964	58.3695	53.2861	48.4958	43.8427	39.3581	36.0959	33.4388	31.9543	31.6113	31.3368	31.1809	31.0873	31.0187	31	
113	104.837	97.0469	89.443	82.2878	76.7076	71.3984	66.3263	61.4404	56.7324	52.3377	48.5442	45.0978	41.8886	39.1535	36.6048	34.1238	32.0322	30.8552	30.3133	30	
106	100.072	94.3668	88.6943	83.0546	78.2074	73.3865	68.5655	63.7511	59.2445	54.7969	50.7686	46.7991	43.0786	40.7664	38.631	36.7249	35.1266	33.9607	32.8668	32.1921	31.5306	31.0786	31	
107	99.7335	92.9036	86.8729	81.1603	76.1063	71.2004	66.5312	61.973	57.4666	53.6335	49.8671	46.2856	43.496	40.8395	38.3976	36.2517	34.1428	32.0487	30.6649	29.6438	29	
105	98.7901	92.9463	87.4753	82.1264	76.886	71.8964	67.0085	62.2358	57.7275	53.6395	49.5855	46.1958	42.9688	39.7893	37.2064	34.8675	32.8066	30.7795	29.0576	28	
106	99.7364	94.3067	88.9272	83.9301	78.9644	74.1429	69.6098	65.1582	60.9386	56.813	53.026	49.3707	46.2232	43.1447	41.0067	39.0003	37.0629	35.2133	33.4641	31.8151	31	
101	94.4492	88.3991	82.9282	77.7076	72.6014	67.717	62.8897	58.9278	55.0302	51.29	47.6141	44.5747	41.6212	39.1396	36.8511	34.7271	33.3612	32.1669	31.0155	30	
113	104.965	97.5747	90.4829	83.6195	76.9845	70.8959	65.1847	60.3475	55.5302	50.9414	46.6505	43.4026	40.4327	37.7807	35.983	34.1852	32.7747	32.3576	32.1391	32	
116	107.422	99.3863	92.3124	85.7544	79.5986	73.5564	67.5668	61.717	57.1264	52.5882	48.5922	45.0946	41.6407	38.659	36.0445	33.806	31.8474	30.7019	29.845	29.1367	28.5246	28	
106	99.2011	92.4567	85.9988	79.7318	74.1876	68.8003	63.7676	59.0622	54.7115	50.9131	47.3738	43.9642	40.7181	37.513	34.4239	32.5144	30.8369	29.5685	28.8251	28.4842	28.1637	28	
111	103.833	97.7068	91.9219	86.5039	81.3249	76.1714	71.1715	66.3849	61.641	57.0677	53.2111	49.7897	46.6925	43.6806	40.8479	38.5954	36.505	34.8924	33.7918	32.9812	32.3072	32	
103	94.6512	86.4344	78.5662	71.5272	64.6013	58.6271	54.2171	50.6175	47.3854	44.6528	42.0332	39.4795	37.7646	36.0967	34.6927	33.3923	32.2709	31.3192	30.6408	30.4429	30.2638	30.1319	30	
120	110.923	103.826	97.8938	91.9799	86.2585	80.7297	75.21	69.9104	65.0967	60.3839	55.7353	51.3892	47.7767	44.4301	41.7986	39.1854	36.6182	34.381	32.318	30.4842	28.6687	27	
118	110.914	103.843	96.8857	90.1429	83.6143	77.4357	71.6143	66.0286	60.6286	55.3	51.0071	46.9214	43.4	39.9571	36.9357	34.2	31.7643	29.5357	28.4071	28	
115	107.424	100.2	93.1128	86.5536	80.1166	73.9778	68.5653	63.5885	59.6743	55.806	52.2665	49.1397	46.12	43.4137	40.9521	38.9033	36.9844	35.3561	33.9953	33.1544	32.4587	32	
123	112.73	102.752	93.4727	84.5201	76.1736	68.1769	60.5648	52.9877	45.6554	42.2399	39.7103	37.4838	35.7702	34.488	33.264	32.3547	31.5271	30.816	30.2681	30	
106	97.1104	88.7725	80.7514	73.4046	66.1703	59.5082	52.8665	46.6846	43.4149	40.8297	38.4285	36.9775	35.7105	34.6069	33.6771	32.7677	31.8583	31.327	31.1635	31	
107	100.499	94.3701	88.2869	82.2624	76.4467	71.101	66.1992	62.1394	58.1839	54.2481	50.358	46.9965	43.6351	41.1091	38.8768	36.86	34.8953	33.0025	31.7166	31.0378	30.4308	30	
108	100.499	93.265	87.4836	82.2575	77.4954	72.779	68.2071	63.7798	59.4133	55.1989	51.0531	46.93	43.271	39.8782	36.7821	34.4923	32.834	31.1985	29.9889	29.4792	29.0609	29	
114	105.227	97.7544	90.6049	83.8232	77.5169	71.5335	65.6578	60.6613	56.2747	52.0585	48.1115	44.7117	41.7693	39.4101	37.3917	36.0192	34.7185	33.5075	32.5566	31.6775	30.8522	30.2691	30	
106	99.352	92.8968	86.4966	80.4955	75.0794	70.0074	65.0042	60.0148	55.5347	51.144	46.7946	42.8581	38.9285	35.226	32.1773	29.5897	28.9704	28.4749	28.1514	28.0206	28	
112	102.887	94.4808	86.5066	78.606	71.7067	65.1473	58.6431	53.9854	49.3552	46.59	44.2014	41.8588	39.6723	38.0279	36.3927	35.033	33.7009	32.7363	31.7717	31.3675	31.1562	31.0367	31	
110	102.321	94.9963	88.3974	81.8372	75.3464	70.2293	65.807	61.7319	57.6645	53.929	50.2167	46.8825	44.0732	41.3333	38.6938	36.1005	33.5304	31.9097	30.7674	29.7023	29.1466	29	
106	97.6761	89.4219	81.2571	73.3111	66.827	61.4767	57.8965	54.5252	51.3926	48.5583	46.1715	43.9339	41.9151	40.1051	38.315	36.6045	35.0929	33.5912	32.537	32	
113	105.909	98.9117	91.9292	85.6137	79.3563	73.1931	67.3489	61.9833	57.3355	52.869	48.5838	45.5312	42.5221	39.6218	37.4466	35.8877	34.5825	33.3716	32.2405	31.2399	30.7106	30.3118	30	
112	104.67	97.5064	91.53	85.7566	80.3064	75.1344	70.0301	65.0535	60.107	55.6041	51.1613	46.726	42.629	38.9003	35.9084	32.9239	30.2628	29.0524	28.3308	28.0451	28	
123	114.19	105.896	97.7185	90.8334	84.1381	77.6415	71.7503	66.7175	61.7932	57.5916	54.3208	51.3571	48.4115	45.484	42.6107	40.0084	37.8941	35.8702	33.9094	32.1023	31	
102	94.2793	86.9779	80.0482	74.1548	68.5542	62.9772	58.041	53.3896	49.3078	45.3604	42.4493	39.8626	37.8375	35.844	33.9692	32.2131	31.0027	29.8478	28.7324	27.704	27.2769	27	
113	104.392	96.0123	87.6679	80.6865	74.0919	68.016	62.1688	56.7437	51.4856	47.6519	43.8974	40.3187	37.1269	34.9551	32.9943	31.1302	29.5475	28.8793	28.2726	28	
113	104.306	96.431	88.8957	82.7455	76.7346	71.1245	65.6625	60.2963	55.0433	50.6267	46.7676	43.4398	40.3908	37.4116	35.5038	34.2145	32.9775	31.8624	31.4181	31	
115	106.512	98.4319	90.4931	83.8021	77.2085	70.6149	65.3843	60.6316	56.0647	51.6218	47.4532	43.3643	39.4082	35.9034	34.0359	32.4251	31.0887	30.1417	29.4248	29.1151	29.0177	29	
108	101.117	94.7359	88.4435	82.454	76.7081	71.1322	66.1987	61.3908	56.7011	52.6983	49.2936	46.3247	43.3557	40.5493	38.1786	36.155	34.2717	32.839	32.2038	31.6795	31.288	31	
112	106.219	100.472	94.7379	89.166	83.8167	78.7642	73.7387	68.8684	64.1127	59.6538	55.2624	51.0194	46.8304	43.181	39.7205	37.3595	35.1874	33.0895	32.1114	31.2345	30.7555	30.3575	30	
116	107.967	100.21	93.9472	88.1639	82.5675	76.971	71.667	66.6391	61.7249	57.8017	53.8867	50.0122	46.6169	43.441	40.3219	37.5522	34.9854	32.7598	30.8348	29.3077	28.3087	28	
112	102.929	93.9347	85.7073	77.8389	71.358	66.0024	60.6857	55.5241	51.6918	47.8692	44.5317	41.9412	39.4769	37.1193	34.8199	32.6272	30.483	28.6008	27.1552	27	
104	96.3927	89.9342	83.5441	77.2985	71.1975	65.3171	60.3419	56.0362	52.8107	49.6537	46.6336	43.9331	41.4531	39.1481	37.0257	34.9717	33.5187	32.3624	31.2974	30.3997	29.5629	29.2282	29	
119	109.545	100.627	91.7775	83.0675	74.9236	68.6469	62.4198	56.4509	51.1574	46.0823	43.1922	40.5306	37.8987	35.9918	34.1247	32.3171	31.473	30.6387	29.8343	29.139	29	
102	96.5908	91.2598	86.0572	81.0444	76.1656	71.7054	67.3178	63.0139	58.9445	54.8862	51.001	47.6461	44.3191	41.087	37.9554	35.315	33.9921	33.1938	32.429	31.681	31.2959	31	
122	113.756	105.571	98.718	92.0624	85.4668	79.5325	73.9418	68.5228	63.5847	58.7411	54.1465	50.136	46.4947	42.862	39.6415	36.8762	34.4372	32.0497	30.2033	28.9666	27.73	27	
118	110.238	102.586	95.0733	87.9355	81.5154	75.2201	69.2914	63.6826	58.5497	53.9393	49.6333	45.4598	41.3488	37.7682	35.2485	33.1345	31.3949	30.3261	29.273	29.0312	29	
117	106.426	97.2471	88.9773	80.8445	73.3345	66.5716	60.3568	54.5406	49.0232	43.8671	41.2392	38.7607	36.3819	34.1276	32.1224	30.2916	29.5817	29.0088	28.5978	28.2242	28	
109	101.509	94.4626	87.6725	81.4325	75.9913	72.0875	68.2214	64.4307	60.6475	57.1658	53.8499	50.5867	47.5646	44.7386	42.0104	39.7646	37.6093	35.6951	34.2933	33.1026	32.0928	31.422	31	
114	106.609	99.2189	92.1072	85.5688	79.2705	73.4216	67.7121	62.4287	57.6411	53.357	49.3751	45.6256	42.1472	39.8231	37.53	35.8334	34.4932	33.1917	32.1304	31.3015	30.519	30	
117	108.612	100.571	92.7621	85.4792	78.223	70.9846	65.0388	59.3871	53.7622	48.8148	44.1705	40.0343	36.1209	33.7408	32.4482	31.1646	29.9879	29.1767	28.4011	28.2318	28.0802	28	
118	109.89	102.281	95.199	88.2335	81.5452	75	68.5978	63.0004	57.8054	53.1736	48.7207	44.3304	41.7553	39.198	37.2129	35.3352	33.5379	32.5097	32.2325	32	
104	97.9187	92.206	86.508	80.81	75.3848	70.5419	65.9496	61.4826	57.1262	53.013	49.0399	45.4723	42.2363	39.3246	36.5457	34.9093	33.376	32.204	31.2752	30.7961	30.3833	30	
109	101.513	94.366	87.2746	80.2386	73.4638	66.9027	61.125	55.949	51.7384	47.8128	43.9505	40.6898	37.4448	35.2129	33.4717	31.7938	30.662	29.7756	29.1425	29	
116	108.316	101.118	94.5392	88.0931	81.788	75.8745	70.0863	64.5175	58.9565	53.8811	49.4714	45.6335	42.5789	39.7514	37.9029	36.1954	34.629	33.1408	31.7545	31.0495	30.5169	30	
102	95.648	89.6249	83.6276	77.8882	72.3552	67.0028	61.7729	56.8783	52.4996	48.2499	44.2517	41.3304	39.2991	37.416	35.6426	34.0111	32.7665	31.7347	30.9673	30.4579	30.0709	30	
110	101.905	94.287	87.1556	80.2886	74.3941	69.4636	64.7548	60.1825	56.668	53.2046	50.3384	47.6684	45.2031	42.8146	40.5285	38.4726	36.4936	35.0349	33.8492	32.689	31.8189	31	
102	96.785	91.6304	86.6514	81.7987	77.0448	72.5489	68.0586	63.8042	59.5993	55.6249	51.925	48.7685	45.667	42.5819	39.678	37.2242	34.9405	33.1619	31.5261	31.0375	30.6478	30.2855	30	
122	114.385	107.108	100.098	93.1119	86.3147	80.2255	74.514	69.7386	65.0262	60.4476	55.9003	51.4948	47.6556	44.2649	41.0157	38.2308	35.8706	33.9747	33.2115	32.5822	32	
103	96.7261	90.9031	85.2696	79.6426	74.2575	69.2972	64.3891	60.0889	55.9193	52.0177	48.4167	45.4497	42.7048	39.973	37.3981	35.0977	32.941	32.1633	31.4117	31.1503	31	
108	100.641	93.5981	86.6289	80.3957	75.3988	70.4682	65.7215	61.4679	57.4571	53.6598	50.0906	47.1175	44.2179	41.4435	39.1107	36.925	34.7982	33.3337	31.9575	30.8463	30	
115	104.542	94.7422	86.7376	78.9608	71.285	64.4565	58.273	53.1769	48.4475	44.009	40.9615	38.5715	36.1942	34.6135	33.0834	31.8695	30.8199	29.8589	29.1254	28.4805	28	
120	111.218	104.198	97.2178	90.2961	83.3743	76.5993	69.9713	63.774	58.5068	53.6116	49.3919	45.8478	42.4016	39.0044	35.6952	32.8658	31.1035	29.5175	28.7245	28	
120	112.663	105.705	98.7568	92.3009	85.8552	79.7066	73.5786	67.8092	62.255	57.1005	52.8068	49.1997	46.2381	43.3176	40.4687	38.0708	35.7344	33.9718	32.7113	31.8915	31.4406	31.0512	31	
105	97.7194	90.4388	84.4918	78.6068	72.7839	67.744	63.278	58.9437	54.625	50.4768	46.7163	43.0644	39.9862	37.2879	36.1016	35.0704	34.14	33.3956	32.7288	32.3179	32.1241	32	
112	104.708	97.4619	90.2781	83.5366	76.9813	71.3026	65.6394	60.3873	55.5154	51.1555	47.3232	44.1114	40.9618	38.1457	35.4925	33.4677	31.9162	30.8378	30.3336	30	
118	109.869	101.992	94.3157	86.9548	80.1804	73.4935	66.8153	60.6623	56.0322	51.4109	47.2184	44.7327	42.3082	40.3214	38.3696	36.6979	35.1925	33.7833	32.5755	31.5164	31.07	31	
105	96.5887	89.8139	84.374	79.0621	73.9787	68.9777	64.1229	59.6612	55.2362	51.0031	46.962	42.9575	39.7301	36.521	34.0891	31.9588	30.1851	28.8503	28.1371	28	
103	96.0617	89.3972	83.2384	77.3253	71.5457	66.2015	60.9276	56.1101	51.9527	48.1324	44.4806	40.9623	38.1252	35.4776	34.0591	32.7318	31.6854	30.8076	30.0702	30	
113	105.663	98.799	92.1948	85.873	80.2079	74.6955	69.3587	64.1135	58.8912	53.791	49.4696	45.7132	42.1477	38.6127	35.7344	33.4134	31.161	29.0462	27.2672	27.0458	27	
110	102.524	95.2607	88.0051	80.8046	74.9026	69.4334	64.1688	59.5101	55.3945	51.4598	48.0838	44.7944	41.8041	39.4511	37.1296	34.9734	33.2579	32.0539	31.0781	30.3699	30.181	30	
104	97.9732	92.1452	86.6403	81.4088	76.4133	71.9647	67.8515	64.0366	60.2341	56.5373	52.8777	49.3983	45.9748	42.8496	39.7305	36.8352	34.6606	32.5419	30.6095	29.2613	28.6524	28.1118	28	
103	96.3526	90.5707	85.2043	80.1979	75.5655	71.2724	67.0692	62.88	58.7877	54.7023	50.8107	47.4178	44.0802	41.2343	39.1639	37.3151	35.854	34.5661	33.4235	32.5234	31.8379	31.187	31	
105	97.3271	89.6633	82.1883	75.4689	69.2353	63.2715	57.7845	52.8731	48.6274	44.8045	41.8631	39.2994	36.8348	35.0627	33.5605	32.2293	31.0149	30.0344	29.3778	29	
112	104.023	96.5084	89.05	81.7195	75.0517	68.5995	62.2591	57.2523	52.3572	47.7018	43.3497	40.7145	38.814	37.0652	35.3244	33.895	32.6254	31.4515	30.4374	30.0141	29.5989	29.2795	29	
105	98.0338	91.1868	84.3748	77.9342	71.5357	65.3754	59.3694	53.8819	48.8149	45.5351	42.9841	40.6503	38.4848	36.4875	34.9246	33.9645	33.0744	32.2685	31.6307	31	
123	115.273	107.634	100.953	94.3995	88.0201	81.7437	75.9032	70.1656	64.8323	60.0061	55.4018	51.8832	48.5707	45.4721	42.5716	39.7425	37.0322	34.4567	33.3948	32.6578	32	
110	103.095	96.4687	89.9851	83.8476	78.4847	73.2121	68.3381	64.0734	59.8839	55.9576	52.1442	48.6091	45.3221	42.1104	38.9514	36.2812	33.6111	31.5201	29.745	28	
101	93.2257	86.6451	80.4941	75.115	69.7995	64.683	59.6063	54.6091	49.795	45.2911	41.1852	37.5408	35.074	33.4428	31.9388	30.7214	29.5835	28.6048	28.0796	28	
102	95.4582	89.2725	83.3268	77.923	72.9683	68.029	63.2368	58.4447	54.1247	49.89	45.872	41.9469	38.2928	35.9625	33.7019	32.7264	31.9522	31.5419	31.1935	31	
102	96.2226	90.4626	84.9581	79.651	74.8897	70.14	65.4368	60.8671	56.4194	52.3258	48.3542	44.8761	41.4097	39.4761	37.6877	36.2071	34.8019	33.4084	32.2006	31.3877	30.691	30.3019	30	
113	106.872	101.134	95.5442	89.9675	84.5655	79.4726	74.3863	69.4546	64.5969	59.9339	55.6405	51.4681	48.5319	45.6159	42.794	40.0661	37.5801	35.0941	33.0381	31.056	29.692	29.2352	29	
118	111.891	105.877	100.058	94.3015	88.715	83.4808	78.341	73.3333	68.3696	63.494	59.3042	55.2779	51.2642	47.8607	44.7088	41.6702	38.8267	36.0146	33.4163	31.378	30.0066	29.1447	29	
112	104.486	97.4746	90.6454	83.9075	77.1848	70.5837	64.6519	59.4121	54.2332	49.4497	44.9628	41.7459	38.7724	36.5594	34.7038	32.9014	31.1675	29.464	28.5438	27.7377	27	
117	110.398	103.883	97.5472	91.384	85.8782	80.5584	75.5441	70.7291	66.1664	61.7167	57.5392	53.6805	50.0344	46.6804	43.3863	40.1585	37.9868	35.8549	33.723	32.3216	31	
106	97.6738	90.3484	83.8912	77.6022	71.6144	66.2378	61.4015	56.6892	52.4906	48.3275	44.1732	40.2759	36.9454	33.978	32.3748	30.9398	29.5137	29.248	29.1063	29	
111	104.026	97.2049	91.3218	85.8096	80.6537	75.7232	70.8582	66.2404	61.7754	57.5212	53.4925	49.522	45.9441	42.9044	40.7446	38.6648	36.8031	34.956	33.4725	32.1344	31	
119	111.474	103.985	96.5225	89.8884	83.4091	77.312	71.8063	66.7557	61.8689	57.974	54.3885	51.1125	47.8364	45.0244	42.2307	39.4733	37.08	35.0051	33.0304	31.9838	30.9555	30	
105	96.2248	88.2289	82.1633	76.2394	70.59	65.0381	59.5923	54.2706	50.6843	47.3283	44.4328	41.6967	39.1553	36.8265	35.0024	33.4971	32.4433	31.8146	31.3011	31.0885	31	
108	101.048	94.4818	88.4252	82.587	76.9598	71.3982	66.0623	60.8283	55.8781	51.2192	46.7568	42.3963	38.2906	35.124	32.5106	30.8582	29.839	29.1475	28.485	27.8517	27.4004	27.1674	27	
103	96.9303	90.9642	85.0163	79.7876	74.5832	69.4398	64.5158	59.6283	54.9846	50.6152	46.8429	43.1012	39.3899	36.3916	33.442	31.2969	29.9135	29.1883	28.6582	28.1463	28.067	28.0305	28	
105	99.3307	93.7068	88.3267	83.1733	78.1503	73.2011	68.3992	63.6937	59.0052	54.3394	49.9798	46.0736	42.4169	39.724	37.1615	34.7975	33.0003	31.532	30.0806	28.9071	28	
117	109.411	101.921	94.4385	87.4362	80.4947	74.5972	69.1797	63.8994	58.8933	53.9787	49.8337	46.0772	42.5799	39.0977	35.7147	33.2307	31.4706	30.1448	30.0076	30	
110	101.984	93.9994	86.2489	78.6031	71.2473	64.6167	57.9941	52.9184	48.5355	44.7005	41.0186	38.231	35.8221	33.7273	32.0435	30.6819	29.417	28.6436	27.8943	27.4673	27.0564	27.0081	27	
116	109.176	102.541	95.9417	89.4296	82.9755	77.2104	72.3662	67.5728	63.3015	59.3348	55.6654	52.0613	48.6167	45.4912	42.663	39.9509	37.478	35.0269	32.6484	30.3496	28.6164	28	
102	96.3681	91.2387	86.121	81.0091	76.2185	71.4512	66.6957	61.9577	57.4592	53.1068	48.9998	45.7632	42.6435	39.7691	37.1051	35.0311	33.6231	32.221	31.4206	31	
101	95.3882	89.8048	84.5796	79.6557	75.1299	70.6211	66.2203	62.0242	58.3342	54.7408	51.3123	47.9065	44.8987	41.8967	38.9116	36.4838	34.2323	32.2195	30.3603	28.7853	27.4264	27.0512	27	
109	101.819	94.7304	88.4538	82.3064	76.6187	71.3044	66.0403	61.1641	56.7978	52.7043	48.6324	45.372	42.2265	39.3324	36.6537	34.5495	32.6536	31.1455	29.6374	29.0126	28.4381	28	
102	95.1883	89.3831	83.7481	78.354	73.0521	68.0762	63.5966	59.2232	55.0412	50.9443	46.8686	43.36	40.6239	38.051	36.045	34.1312	32.6356	31.218	30.1123	29.0561	28.241	28.0992	28	
104	99.3427	94.6993	90.0606	85.4685	80.8951	76.3963	71.9627	67.6597	63.3939	59.1702	55.31	51.5711	48.014	44.5828	41.2727	38.7879	36.317	34	32.373	30.8438	29.4406	28.345	28	
122	113.518	105.044	96.6928	88.9712	81.3021	73.8254	66.4798	59.8951	53.8087	48.7193	44.5656	41.6711	38.9078	36.1619	34.2031	32.6291	31.0638	30.163	29.3148	29	
106	97.9488	90.2907	82.9193	76.0885	69.405	63.3359	57.4224	52.4099	49.2238	46.4144	43.6133	41.1234	38.6417	36.4385	35.0707	33.8994	32.8674	32.0729	31.4013	31	
110	104.163	98.3438	92.5657	86.8584	81.1628	75.6851	70.2899	65.3659	60.4478	55.5886	50.7588	46.895	43.2962	40.0567	37.5535	35.1327	33.4011	31.799	30.2794	29.231	28.212	28	
102	95.6798	89.9161	84.212	79.2168	74.3342	69.5377	65.1984	60.9452	57.4141	54.0751	50.7891	47.5363	44.5749	41.7394	38.9172	36.4527	34.0081	32.438	30.9937	30.5896	30.2319	30	
119	111.594	104.34	97.7516	91.368	85.0979	79.2368	74.5949	70.2483	66.1061	62.0321	57.9657	54.4142	51.0898	48.1441	45.2514	42.5556	39.8901	37.2322	35.2633	33.5595	32.3479	31.6512	31	
121	112.987	105.638	98.5862	91.5431	84.79	78.1363	71.6069	66.2541	61.2162	56.3357	51.6541	47.4033	43.1774	39.399	36.5154	33.9882	32.2564	30.7649	29.5137	29	
102	96.1918	90.5917	85.5782	80.6024	75.7465	71.0735	66.6275	62.3518	58.4481	54.5949	50.9246	47.2669	44.0128	41.547	39.1443	37.019	35.4109	33.8532	32.5856	31.4126	30.618	30.0252	30	
120	112.239	104.613	97.1705	89.9582	83.1674	76.5357	70.2697	65.26	60.3379	55.9406	51.8216	48.0047	44.3071	41.1662	38.6534	36.4906	34.3595	32.4511	30.9084	29.4373	29	
119	111.098	103.296	95.8025	88.5851	81.6016	74.7351	68.1359	62.3971	56.817	51.6128	46.5088	42.7247	39.1996	36.3928	34.3295	32.7758	31.3306	30.1528	29.0501	29	
111	101.526	92.3758	83.2356	75.6617	68.6609	61.8034	55.8055	50.18	46.3501	42.9022	39.4639	36.5127	33.953	31.9283	30.0085	28.9293	28.0124	27.5062	27.0669	27	
118	106.896	97.7432	89.3851	83.0022	76.9203	71.1877	66.0452	61.0472	56.2058	51.5932	47.089	42.6812	38.6828	35.3829	32.7334	31.3244	30.0478	29.4336	29.0843	29	
111	103.629	96.3183	89.4387	82.9597	77.0855	71.7859	66.8416	62.4416	58.0719	54.0348	50.0356	46.0665	42.2411	38.9676	35.7772	33.8343	31.9292	30.3491	28.9127	27.8165	27.3704	27.0832	27	
105	95.8379	87.8322	80.6103	73.4668	68.0578	62.9329	57.9256	53.2025	48.744	44.3736	40.3266	37.3771	34.8588	32.9382	31.0568	29.6457	28.3621	27.6957	27.1274	27	
107	100.729	94.7424	88.8003	82.9658	77.5237	72.1131	66.8481	61.9502	57.4382	53.0275	49.0661	45.535	42.4849	40.0106	37.6312	35.2898	33.0497	30.9551	29.3161	27.9998	27.2215	27	
119	111.777	104.746	98.0042	91.3066	84.6533	78.2221	71.8797	66.344	60.9044	56.0052	51.3131	47.2427	43.2168	39.2648	36.6671	34.2693	31.9751	30.7688	29.6069	29	
123	115.799	109.198	102.658	96.1395	89.6213	83.1706	76.8024	71.1918	65.6487	60.3606	56.2502	52.4472	48.8168	45.5465	42.8687	40.4234	38.0007	35.8629	34.1602	33.2601	32.3975	32	
106	97.7745	90.4125	83.0772	76.365	69.7151	64.0712	58.8991	54.2166	49.543	45.4214	41.549	38.1751	35.8427	34.2047	32.6736	31.1424	30.0742	29.1573	28.3294	28	
106	97.6256	91.0446	84.675	78.4323	72.6633	67.8247	63.2146	58.7229	54.6288	50.6531	47.7939	45.0532	42.4986	39.9779	37.4825	35.4608	33.4476	31.9334	30.6054	29.3704	28.5921	28.1692	28	
108	100.954	94.0626	87.3048	80.9097	75.1364	69.6813	64.9887	60.5032	56.1584	52.3391	48.8233	45.5592	42.5245	39.5046	36.9362	34.5306	33.0577	31.9622	31.037	31	
109	101.572	94.3615	88.2428	83.089	77.9427	72.9535	68.3607	64.0896	60.185	56.3776	52.6675	49.2491	45.9429	42.8536	39.9289	37.0117	34.6405	32.9649	32.4413	32.1421	32.0673	32	
107	99.9007	93.0013	86.8805	81.2096	75.9315	71.0891	66.4467	62.0757	57.7618	53.4836	49.4626	45.4701	41.999	39.2992	36.8423	34.6068	32.5284	31.9428	31.4714	31	
118	110.221	102.467	94.7134	87.2257	80.412	74.322	68.648	63.0406	57.6744	53.0071	48.4147	44.0386	40.5277	37.6408	35.1199	32.7156	30.8437	29.1964	28.2396	27.3078	27	
115	108.572	102.315	96.1798	90.5549	84.9367	79.5022	74.1221	69.0821	64.1101	59.6958	55.574	51.6631	47.8134	44.1473	40.556	37.4817	35.0535	33.081	31.5166	30.2583	29.4761	29.0408	29	
117	109.906	102.819	95.9724	89.2928	82.693	76.5294	70.9182	65.4087	59.9937	54.7605	51.0536	47.3903	43.7634	40.4126	37.6579	35.2738	33.5439	32.6863	31.9812	31.3271	31	
102	95.6429	89.8602	84.1356	78.6885	73.5577	68.4397	63.4251	58.6944	54.0798	50.7819	47.613	44.8314	42.5274	40.5912	38.6744	36.7705	34.9182	33.124	31.6848	30.7296	29.7809	29.3808	29	
112	105.312	98.6649	92.1347	85.8654	79.8434	74.5217	69.2893	64.3934	59.676	55.2332	50.8729	47.4807	44.1298	40.7926	37.6957	34.6401	31.7217	30.1767	28.7073	28	
107	101.325	95.7555	90.2164	84.7819	79.7597	74.8668	70.0724	65.3826	61.2898	57.4862	54.0089	50.6915	47.3988	44.4077	41.8843	39.5948	37.7669	36.0128	34.4372	33.2494	32.677	32.3016	32	
113	105.84	99.0752	92.5725	86.0847	79.7464	73.6099	68.7964	64.0203	59.6029	55.2827	51.1195	47.8532	44.6168	41.9634	39.6388	37.4115	35.3934	33.5547	32.5083	32	
110	102.935	95.9051	89.0404	82.448	76.5506	70.8898	65.2934	60.0624	55.2328	50.4891	46.3473	42.3919	39.11	36.0359	33.0478	31.0343	29.7301	28.6338	28.0605	27.5518	27.129	27	
114	107.031	100.14	93.3901	86.8305	80.4754	74.1697	68.0615	62.8632	58.4337	54.3216	50.28	46.5488	43.3113	40.8637	38.4656	36.1098	34.022	32.2587	30.6575	29.7547	29.268	29	
116	109.959	103.997	98.0908	92.49	86.9932	81.5635	76.1584	71.2118	66.5954	62.1564	57.7417	53.3944	49.1265	45.1093	41.245	38.8176	36.6164	34.7637	33.9077	33.0884	32.2874	32	
116	107.451	99.7883	92.4005	85.5374	79.2677	73.9269	68.9989	64.4407	60.5877	56.9067	53.5268	50.1984	47.0507	44.3502	41.7184	39.3447	37.2806	35.2939	33.6255	32	
122	114.109	106.697	99.5192	93.0069	87.2164	81.4827	75.8057	70.8343	66.0494	61.4024	57.2015	53.0654	48.9618	45.4339	42.4251	39.4488	36.6265	33.9583	31.4199	29.1005	28.0867	27.292	27	
102	96.1209	90.3202	85.1172	79.9503	74.8317	69.8037	64.8541	60.1762	55.8604	52.0034	48.5689	45.1706	41.8085	38.6577	35.6215	33.8711	32.6216	31.7585	30.9617	30.2978	29.6519	29.2716	29	
107	98.7264	90.4893	83.9105	77.3408	71.4637	65.6412	60.2287	55.0167	50.4972	46.2875	42.6337	39.3716	36.5287	34.4148	32.9204	31.6994	30.5969	29.7313	28.9476	28.1822	28	
106	99.2731	92.8299	86.7396	81.0439	75.5212	70.1368	64.7594	59.9288	55.6795	51.7208	48.0321	45.0146	42.5093	40.011	37.6856	35.4571	33.5332	31.6715	30.5434	29.4915	28.5364	27.6852	27	
115	108.092	101.281	94.604	87.9478	81.3477	74.7896	68.7359	62.7874	57.1051	51.7521	46.5042	42.5245	40.0792	37.9423	35.9664	34.1237	32.4842	30.9848	30.0179	29.2542	28.5325	28	
102	95.4513	89.0096	82.9153	76.9346	71.3549	66.7374	62.1333	57.6227	53.1656	48.7686	44.4719	40.5026	37.9567	35.9921	34.1678	32.6509	31.3478	30.1317	28.9422	28.2406	28	
122	112.861	104.053	97.218	90.8321	84.5927	79.1832	73.8421	68.706	63.6871	58.844	54.0204	49.2261	44.9493	41.727	39.2078	36.7765	34.9017	33.4859	32.1579	31.2108	30.3613	30.0391	30	
113	104.251	97.118	90.385	83.7053	78.3225	73.0019	67.7434	62.6981	57.9371	53.5313	49.1522	45.466	42.2061	39.0972	37.1785	35.7307	34.4427	33.6788	32.9771	32.4086	32.0622	32	
103	96.001	89.4389	83.0596	76.9345	71.1986	65.709	60.7756	56.7319	53.1887	49.9076	47.1748	44.4975	42.1539	40.1122	38.2373	36.4499	34.853	33.288	32.2552	31.7786	31.3734	31	
113	105.562	98.4415	91.4119	84.4823	77.9432	71.8673	65.8368	60.1151	54.457	50.1794	46.5829	43.5222	40.625	37.7642	34.9397	32.1878	30.4895	29.3451	29.0454	29	
115	108.445	101.943	95.7532	89.6359	83.9692	78.4218	73.06	67.8573	62.7275	57.7766	53.0908	48.5111	44.4815	40.823	37.529	35.4811	33.5458	31.7166	30.2452	30	
112	103.509	96.9813	90.9273	85.502	80.3608	75.6244	71.112	67.2367	63.5423	60.0804	56.8597	53.6648	50.6249	47.7916	45.0015	42.2285	39.5072	37.096	34.7622	32.7213	30.7234	30	
119	112.563	106.244	99.9309	93.7428	88.3153	83.268	78.3382	73.5468	68.8244	64.1021	59.8292	55.8121	52.1407	48.7252	45.3442	42.143	39.0939	37.0127	35.1321	33.369	32	
106	97.4054	91.3929	85.4456	79.5356	73.7748	68.3216	63.0828	58.0025	53.1831	49.3239	45.6512	42.547	40.0395	37.9235	35.9473	34.1575	32.4423	30.9415	30.233	30	
109	100.853	93.1876	85.9867	78.9164	71.8461	65.4852	60.1682	55.2181	50.945	46.7533	43.0917	40.5474	38.264	35.9969	33.9745	32.2783	31.3649	30.5168	29.7992	29.2773	29.106	29	
113	105.449	98.1198	91.3186	84.6014	78.2668	72.1771	66.3474	60.6172	55.7974	51.2607	46.831	42.8375	40.0451	37.6199	35.6001	33.6722	31.8744	31.0481	30.306	30	
118	109.801	101.803	94.217	86.916	79.8667	73.8077	68.0172	62.3022	57.309	52.3409	47.9351	43.7726	40.1221	37.68	36.1107	34.6925	33.484	32.5106	31.7637	31.2769	31	
112	104.598	97.2449	89.9963	83.1428	77.3375	72.0644	67.1702	62.534	58.301	54.5356	50.8589	47.4161	44.207	41.4898	39.1032	36.8295	34.7251	32.6287	31.2983	31.129	31	
119	112.217	105.474	99.0441	93.1096	87.3381	81.5937	76.2228	71.2525	66.4995	61.7465	57.0478	52.6886	48.6281	45.1245	41.7159	38.348	35.374	33.0722	31.6462	30.5191	29.4666	28.5839	28	
114	106.245	98.5558	90.9411	83.7812	77.2993	72.1732	67.0637	62.2684	57.688	53.1408	49.2218	45.7741	42.9135	40.4993	38.143	36.3985	34.9185	33.6205	32.463	32	
115	108.578	102.201	95.8376	89.5523	83.4365	77.4381	72.209	67.2342	62.2595	57.3238	52.9554	49.1151	45.9137	42.7385	39.8436	37.366	35.8207	34.3994	33.2844	32.4564	32.0391	32	
114	106.483	100.03	93.982	88.5635	83.1606	77.8898	72.6735	67.5427	62.8161	58.1595	53.7205	49.6547	46.3352	43.109	40.0228	37.7994	35.9336	34.5732	33.3371	32.4587	32.1943	32	
119	111.009	103.649	96.6602	89.6957	83.1109	76.6958	70.2806	64.8512	59.4703	54.2267	50.2758	46.5592	43.4406	40.839	38.8757	37.1062	35.765	34.4238	33.1554	32.404	32.0162	32	
106	97.5423	89.3708	81.4943	73.7071	66.2329	59.7154	53.7163	48.361	45.5001	42.6838	40.2163	38.2941	36.8457	35.4957	34.3513	33.7881	33.2427	32.7957	32.456	32.1699	32	
121	112.461	104.155	97.2236	90.7587	84.7068	78.8076	73.1329	67.6826	62.2413	57.5184	53.0468	49.6527	46.3574	43.0801	40.0632	37.3066	34.5949	33.3109	32.413	32	
116	107.552	99.1838	90.9992	83.314	76.698	70.7917	65.9195	61.1612	56.5782	52.6874	48.8054	45.2827	42.5048	39.8584	37.5186	35.9939	34.548	33.3036	32.1469	31.1567	30.2541	30.0526	30	
108	101.648	95.3888	89.1431	83.2775	77.845	72.4459	67.6334	63.2208	58.9482	55.3288	51.856	48.4299	45.2305	42.131	39.1381	36.3719	33.759	31.8194	29.9263	28.0533	28	
107	99.3995	92.0724	85.0521	78.3716	72.5779	66.9252	62.4826	58.2306	54.4179	50.6466	46.9002	43.7506	40.8082	38.1227	35.5616	33.9287	32.3125	31.1521	30.6714	30.2569	30	
104	97.0074	90.1044	83.3882	76.8064	70.7253	65.2716	60.2961	55.3355	50.4123	45.9223	42.8892	39.9532	37.2413	34.649	32.729	31.205	30.2412	29.3522	28.5902	28.2764	28	
114	107.942	101.989	96.1109	90.3697	84.7965	79.273	73.8801	68.8232	64.0399	59.5552	55.8231	52.1532	48.8752	46.0513	43.3206	40.6398	38.1268	36.1239	34.3201	32.7091	32.0809	32	
119	111.53	104.234	96.9679	90.8159	84.6714	78.633	72.6098	67.0412	61.4953	56.0024	50.9944	46.0925	41.5542	37.1675	34.2354	31.7504	29.8563	28.7274	27.9622	27.3106	27.1515	27	
109	102.163	95.683	89.2878	83.4423	77.6509	72.0919	66.8038	61.5854	56.9632	52.3951	48.6633	45.5663	42.7016	40.2937	38.1104	36.167	34.2701	32.4894	30.8635	29.3227	28.1768	27.2168	27	
102	94.9465	88.0448	81.7791	75.8024	69.9052	64.6802	60.2573	56.109	52.1559	48.8676	45.7239	43.0716	40.535	38.5476	36.618	35.1148	33.7272	32.6071	32.1734	32	
101	94.9434	89.2935	83.9149	78.562	74.0357	69.5804	65.1767	61.3736	57.7383	54.3871	51.0618	47.7494	44.6177	41.9575	39.4134	37.0437	34.7386	33.3374	32.0848	31	
112	105.397	98.9429	92.5019	86.3973	80.3938	74.6998	69.6789	65.2233	60.8351	56.9045	53.2364	49.6558	46.1761	42.7167	39.7889	36.9958	34.6334	32.4191	30.9518	30.1442	29.6192	29.1077	29	
115	108.299	101.752	95.69	89.7333	84.2473	78.8245	73.5	68.3792	63.2655	58.9104	54.78	50.8183	47.2218	43.7939	40.7172	38.055	36.7344	35.47	34.2759	33.4049	32.6603	32.0913	32	
102	96.0708	90.1666	84.3123	78.7767	73.2661	68.2241	63.2133	58.8148	54.6537	50.9487	47.5686	44.3822	41.3208	38.4967	36.1101	34.0608	32.0302	30.512	29.4561	29.1375	29	
111	103.736	96.5233	89.5739	82.9025	77.0869	71.3445	66.1873	61.213	56.9117	52.6908	48.6968	45.3537	42.1351	39.3699	36.6341	34.3298	32.2815	31.0014	29.7724	28.5728	27.9656	27.4682	27	
113	104.651	96.4479	88.6496	81.2988	74.0513	67.8368	63.4384	59.1519	54.8998	51.0953	47.6093	44.5278	41.5324	38.5887	35.8773	33.7083	31.7544	30.2653	29.3529	29	
110	103.694	97.4845	91.6452	85.9656	80.4585	74.9706	69.8852	64.8636	60.596	56.373	52.4695	48.7576	45.3524	42.1581	39.7751	37.5071	35.5202	33.6036	32.6708	32	
121	113.897	107.128	100.375	93.6296	86.8988	80.7196	75.174	69.837	64.5299	59.5135	54.5791	49.8907	45.2544	41.2144	37.3235	34.7371	32.6202	30.5704	28.6995	27.805	27.2609	27	
111	104.496	98.0638	91.8303	85.6828	79.7402	73.8439	68.0599	62.6329	57.4439	52.4663	47.6739	43.1129	39.3252	36.1721	33.8916	31.7499	30.051	29.6081	29.2247	29.0925	29	
123	113.323	104.267	95.881	88.0469	80.8434	74.6056	68.8606	63.7955	58.7895	53.8525	49.5659	45.7424	42.0372	38.9725	36.5287	34.5775	32.6461	30.9019	30.1234	29.542	29.0985	29.0394	29	
120	110.322	101.673	94.1598	86.7153	79.5842	73.2074	67.2812	61.737	56.4769	52.5098	48.5525	45.0065	41.6957	38.571	36.2886	34.212	32.5566	31.6652	30.813	30.1763	30	
122	113.741	106.027	98.7964	92.3174	86.158	80.0331	74.0119	68.0166	62.0991	56.6135	51.8018	47.8193	43.8541	39.9322	37.2196	34.7748	32.3992	30.5764	28.9783	27.4751	27	
122	113.44	106.018	99.0046	92.7561	86.5857	80.4154	74.584	69.1437	64.0336	59.1842	54.361	50.1634	46.7654	43.4542	41.4293	39.4913	37.6315	35.8934	34.4247	33.3731	32.4519	32	
122	114.3	106.933	99.5889	92.3399	85.2332	78.5534	71.8893	65.4545	59.3913	53.5494	47.9684	43.4941	39.5415	36.7352	34.0949	32.7352	31.4071	30.9012	30.4664	30.1186	30	
123	115.701	108.903	102.175	95.7446	89.3845	83.3999	77.6735	71.9939	66.4474	60.9635	56.0272	51.7793	47.813	44.7073	41.844	39.3954	37.2676	35.4135	33.5986	32.0262	30.7823	30.2425	30	
114	105.534	97.0673	88.8002	80.553	72.4651	65.2339	58.8592	53.381	50.363	47.594	45.2234	43.0521	40.9803	39.0779	37.1954	35.771	34.4065	33.261	32.4941	31.7371	31.2092	31	
119	111.845	104.727	98.2016	91.7123	85.3161	78.9771	72.6525	67.3151	62.7219	58.4863	54.7159	50.9525	47.4468	44.4705	41.5586	39.5195	37.509	35.6775	33.9317	32.4007	32.1789	32.0215	32	
114	105.313	97.2659	89.4418	82.9078	76.5131	70.2297	64.0205	57.8114	52.948	49.2262	45.5044	42.3766	39.6387	37.1235	34.6825	32.5385	30.441	28.956	28.0742	28	
102	96.1686	90.7005	85.2851	80.0574	74.8765	70.0238	65.5872	61.2209	57.1536	53.1565	49.2415	45.4789	42.2614	39.2372	36.9633	34.8358	32.726	30.8974	29.1275	28.0491	27.4337	27.1524	27	
107	99.7926	92.6601	85.5725	78.5971	71.7116	65.118	59.1979	53.3901	49.4683	46.2426	43.5632	41.0335	38.8631	36.9097	35.1733	33.9908	33.3547	32.8382	32.3817	32	
102	95.523	89.3604	83.4163	77.9505	72.8878	68.2829	63.8146	59.7016	55.937	52.2886	49.2414	46.2694	43.762	41.3707	39.239	37.3192	35.6726	34.0807	32.4956	31.0335	29.6056	28.6832	28	
123	114.815	106.964	99.1474	92.1516	85.2647	78.3863	71.9183	65.5426	59.4014	53.6372	47.9987	42.821	38.4978	35.976	33.7558	31.8791	30.0778	29.1394	28.4524	28.1173	28	
116	108.124	100.429	92.9002	85.5029	78.1387	72.4257	66.9768	61.8913	56.946	52.2567	48.2361	45.1071	42.1103	39.3528	36.9504	34.6305	32.905	31.5758	30.2631	29.5944	29.066	29	
114	107.123	100.55	94.105	87.7642	81.4795	75.2348	69.0141	62.9936	57.0851	51.9213	48.1024	44.3476	41.5935	38.9595	36.3816	33.9157	31.4579	29.8086	29.2402	29	
101	94.6033	88.2475	81.9464	76.0896	71.4629	67.0207	62.64	58.2798	54.2067	50.6393	47.188	43.9076	40.7434	37.9278	35.3103	32.9935	31.4012	30.0139	28.7632	28.0661	27.4647	27.1572	27	
121	112.321	103.74	95.5618	88.6488	82.8251	77.423	72.2493	67.2688	62.868	58.6606	54.6902	51.3348	48.0232	44.9313	42.2258	39.7927	37.4035	35.6906	34.1095	32.8095	31.5797	31.1054	31	
122	112.036	103.449	97.365	91.3608	85.8952	80.5094	75.1735	69.9672	65.3594	61.0408	57.1012	53.1715	49.561	46.4991	43.5669	40.6446	37.8619	35.3086	33.1543	32.0772	31	
109	102.24	95.6462	89.5722	83.6489	77.7331	71.9454	66.9265	62.1863	58.5539	54.9668	51.3872	48.0111	44.7329	41.9672	39.3447	36.7297	34.6723	32.9843	31.9066	30.9345	30	
108	101.619	95.3536	89.5409	83.7409	77.9537	72.7855	67.8915	63.1699	58.7417	54.3264	50.7086	47.3013	44.0089	40.7357	37.5071	34.5975	33.0343	31.7709	30.514	29.2634	28.0893	28	
122	113.334	105.297	97.8623	90.6638	83.7361	77.2714	71.1299	65.2593	59.9914	54.8372	49.7441	45.1227	40.7896	37.7494	34.7355	32.3506	30.7606	29.4939	28.9173	28.4368	28	
117	108.024	99.552	91.2054	82.9306	75.9227	69.1933	63.0568	58.286	53.5692	49.023	44.6026	40.4248	37.4419	35.6809	34.4411	33.4258	32.4196	31.7906	31.2156	31	
108	101.014	94.5234	88.1383	81.7814	75.7706	70.4097	65.1546	60.5918	56.4669	52.5257	49.1706	45.8156	43.2305	40.6595	38.1238	36.1108	34.5498	33.2219	32.0918	32	
112	105.203	98.4917	91.9235	85.6559	80.0965	74.802	69.8508	65.1858	60.5996	56.6787	52.8151	48.973	45.5458	42.8985	40.2727	37.9831	35.7437	33.9693	32.9819	32.0732	31.5151	31.2361	31	
121	112.881	104.778	97.08	90.2092	83.8592	77.6911	71.6718	65.727	60.055	55.0114	50.53	46.6108	43.1713	39.7813	37.0032	34.6385	32.4391	30.8434	30.4217	30.0827	30	
111	104.993	99.2604	93.8117	88.4231	83.4729	78.5914	73.8216	69.1636	64.6173	60.1569	55.7825	51.5714	48.022	44.5671	41.4302	39.4622	37.7262	36.0159	34.4518	33.1369	31.8392	30.636	30	
108	99.3153	90.9068	82.9744	77.2703	71.7757	66.5954	61.9102	57.2346	52.9018	48.6928	44.5028	40.9508	37.8464	35.6277	33.5327	31.5139	30.3997	29.3617	28.4476	28.1524	28	
102	96.7502	91.6073	86.4698	81.6156	76.8042	72.0034	67.2401	62.6853	58.6223	54.57	50.7637	46.968	43.7657	40.8147	37.8691	35.0303	32.9935	31.7051	30.7214	29.8073	29	
117	108.942	101.256	93.7698	86.439	79.5842	72.7726	66.4112	60.1536	54.3114	49.9319	45.5871	41.5365	39.3814	37.3475	35.5386	33.8595	32.3622	31.1504	29.9907	28.9174	28.4241	28	
111	103.511	96.0224	89.0167	82.698	76.8172	71.1251	65.8482	61.1828	56.5778	52.0785	47.8736	44.6651	41.804	39.2901	36.8895	34.7606	32.6619	30.6916	28.9854	27.7927	27	
116	106.456	97.1892	88.2501	80.2833	73.1697	67.4848	62.3753	57.9206	53.5354	49.5173	46.2234	43.1974	40.1813	37.8498	35.7167	34.04	32.6213	31.391	30.1608	29	
119	111.39	103.872	96.8964	90.338	83.7951	77.3372	71.0804	65.0093	59.5336	54.1121	48.8995	43.9961	39.7579	36.4942	34.6922	33.0913	31.6837	30.5004	29.7347	29.1237	29	
106	97.4783	89.0799	81.4482	74.3805	67.7094	61.6287	55.7243	49.9257	46.1539	42.4967	39.4299	37.1827	35.0941	33.0672	31.199	29.9916	29.2338	28.6345	28.1498	28	
123	112.056	102.449	93.3115	84.222	76.0354	69.9917	64.538	59.2408	54.8224	50.5847	47.0211	43.4575	39.9421	36.6313	34.0429	31.8036	29.7449	28.4567	27.6381	27.0482	27	
121	112.735	105.247	98.7138	92.317	86.4917	81.0246	75.8731	70.7472	66.4059	62.0903	58.0049	53.9195	50.0218	46.4822	43.1474	40.6484	38.4138	36.418	34.6781	33.5267	32.5032	32	
111	103.113	95.3491	88.3532	82.1092	76.6743	71.3619	66.5482	61.857	57.1821	52.8751	49.2545	45.6421	42.1851	39.4635	36.7501	34.0776	31.5032	28.9778	27.425	27	
116	109.697	103.717	97.8825	92.1492	86.5361	81.1571	75.8478	71.3865	67.0011	62.6283	58.3884	54.1865	50.0099	45.8713	42.7009	39.9861	38.4864	37.0562	35.8412	34.7654	33.7529	32.7531	32	
110	101.372	92.7703	84.9233	77.9817	71.1821	65.0838	59.6868	55.3993	51.1563	47.1529	44.0105	41.2854	38.6845	36.1813	34.0508	32.1157	31.1748	30.509	29.9587	29.435	29	
120	110.468	101.16	91.881	82.6702	74.2471	66.5438	59.2782	52.4211	45.7002	43.3367	41.1385	39.1835	37.3939	35.6528	33.9215	32.3945	31.2176	30.2644	29.4669	29	
121	112.184	103.426	95.4034	87.6011	80.5541	74.1478	68.0379	62.3296	57.2141	52.615	48.6182	44.8509	41.619	38.5593	35.8629	33.7402	33.1187	32.6215	32.2008	32	
110	101.541	93.2653	86.1008	79.5223	73.3901	67.3278	61.4579	56.0255	51.0042	46.2279	43.1049	40.2356	37.9086	35.6079	33.5872	31.6976	30.018	28.9595	28.1547	27.5161	27	
112	105.099	98.2533	91.753	85.4669	79.3672	73.5784	68.1903	63.037	59.2653	55.9703	52.6891	49.4078	46.2786	43.2391	40.7661	39.0737	37.4434	35.8615	34.4454	33.2089	32.1727	32.0345	32	
104	97.4166	91.6737	85.9377	80.58	75.7125	70.95	66.2646	61.6843	57.216	53.0769	48.9867	45.0367	41.3178	37.9491	36.1211	34.4123	32.9135	31.5968	30.7494	30	
108	101.277	94.9094	89.0357	83.3291	78.2835	73.4816	68.7422	64.1004	59.5698	55.2411	50.9611	46.7298	42.5263	38.469	34.711	31.9481	29.4567	28.3988	27.5915	27.0696	27	
109	101.563	95.1718	89.0351	83.5487	78.3388	73.3831	68.4498	63.6361	59.2634	55.0626	51.1982	47.416	43.7385	41.1373	38.9173	36.9365	35.1874	33.7822	32.519	31.5473	30.7026	30	
117	107.424	99.0251	91.3009	83.7406	76.19	69.8158	64.6278	59.5651	55.081	50.7608	46.8554	43.4802	40.4426	37.839	35.2739	32.9981	30.9151	29.0251	28.0222	27.2025	27	
117	109.759	102.952	96.3714	89.8595	83.6132	77.6477	72.1984	67.4776	62.8176	58.4687	54.8712	51.7671	48.7995	45.8699	43.0162	40.6558	38.3031	36.1324	34.0908	32.5046	31.2371	30.0455	30	
105	99.039	93.3779	87.9517	82.6167	77.6535	72.8403	68.3011	64.0683	60.4813	57.0181	53.6006	50.3136	47.0787	44.7243	42.5525	40.609	38.9524	37.3154	35.7958	34.3022	32.9913	32	
121	111.89	102.87	96.5061	90.2231	83.94	78.1129	72.5088	66.9047	61.3209	56.0107	51.6632	48.7244	45.8362	43.1608	40.6982	38.4789	36.6345	34.8712	33.5335	32.2667	31.4256	31.0203	31	
104	96.8156	90.1438	83.7007	77.3838	71.3114	65.4519	59.7344	55.3102	51.6352	48.2441	45.1526	42.1795	39.5928	37.3137	35.0346	33.2523	31.5883	30.2949	29.1041	28.4416	28	
109	101.865	95.8385	89.8914	84.0666	78.7963	73.5979	68.6228	64.1732	59.8461	55.6341	51.5158	47.9518	44.395	41.1335	38.1959	35.4599	32.9255	30.8736	28.8432	27.36	27	
122	114.053	106.475	98.9047	91.4694	84.1237	77.4239	71.5312	66.5444	61.6473	57.091	52.5348	48.3462	44.7586	41.2427	38.274	35.3232	33.4217	32.2109	31.1436	30.1839	29.4664	29	
112	106.67	101.885	97.1116	92.3444	87.6192	82.9059	78.2226	73.6531	69.1255	64.7476	60.5314	56.3751	52.2967	48.2841	45.104	42.0377	39.0971	36.7076	34.7911	33.0184	31.5092	30.5809	30	
119	109.49	100.052	91.9316	84.9653	78.1522	71.3698	64.9653	58.6834	53.1062	48.1113	43.5965	39.5209	36.8141	34.8018	33.3003	32.1563	31.0531	30.3177	29.6129	29	
110	102.743	95.538	89.4051	83.2795	77.4917	71.726	65.9603	60.2754	55.5013	50.8079	46.2835	42.7947	40.0992	37.6827	36.1329	34.8109	33.5329	32.321	31.2266	30.5876	30	
106	98.7082	91.7041	84.7076	78.809	73.1224	67.9584	62.8548	57.9255	54.0108	50.1339	46.9915	43.8946	41.2595	38.6623	36.1106	34.5508	33.2332	32.052	30.8784	30.2044	30	
102	95.0298	88.1687	81.947	75.7799	69.8778	64.2252	59.4615	54.7757	50.9943	47.6262	44.414	41.2797	38.5821	35.9858	33.6	32.259	30.957	29.7797	29.2183	29	
110	102.073	95.1361	88.5405	82.0321	75.7615	70.0855	64.8375	59.8829	55.0947	50.4255	45.8989	42.2286	38.8356	35.9104	33.3102	31.5424	29.9807	28.5379	27.325	27	
119	110.537	102.711	95.3249	89.0786	83.0566	77.6001	72.9781	68.5267	64.1202	59.7675	55.4238	51.1877	47.1671	43.9093	41.0464	38.6681	36.4065	34.477	33.0141	32.341	32	
102	93.7789	85.8713	77.9986	70.7442	64.9354	59.5099	54.5546	49.608	45.48	41.3956	37.8947	35.8481	33.8277	31.9379	30.0655	28.6895	27.9405	27.4093	27.1306	27	
121	114.87	108.799	103.248	97.8078	92.4007	86.9936	82.0004	77.0663	72.2307	67.658	63.197	58.795	54.8465	50.9242	47.2055	43.5395	39.88	37.206	34.8473	32.9486	31.2601	30.0643	29	
104	98.2459	93.142	88.1137	83.2421	78.4925	74.0041	69.5622	65.1494	60.9223	57.3339	53.7978	50.3605	46.9811	43.6831	40.7044	38.0044	36.0651	34.1316	32.4071	30.7755	29.2832	28	
116	109.997	104.11	98.2597	92.47	86.6986	81.0246	75.6672	70.6873	66.03	61.397	57.3972	53.6105	49.8299	46.1101	42.5913	39.249	36.3329	33.5933	30.9754	29.1673	27.968	27	
111	105.61	100.249	94.9543	89.8275	84.751	79.9932	75.5094	71.0591	66.7989	63.1984	59.6146	56.0421	52.7715	49.7748	46.8172	43.9994	41.2599	38.526	35.8089	33.2371	31.5543	30.5535	30	
117	109.18	101.457	94.6288	88.1167	81.8678	75.9086	69.9845	64.2535	59.1193	54.3098	50.2112	46.8147	43.5059	40.3464	37.9066	35.7124	34.1502	32.904	32.158	32.0088	32	
111	103.214	96.0738	89.3034	82.5515	75.9936	69.4633	63.7644	59.4971	55.8672	52.7083	49.5586	46.566	44.0075	41.8	39.6386	38.1146	36.7291	35.4729	34.226	33.053	32.4156	32	
111	102.839	94.7884	87.5519	80.3324	73.7039	67.7177	62.9647	58.2802	53.7156	50.2643	46.8901	43.6872	40.8525	38.3262	36.3136	34.3354	32.7853	31.4065	30.1818	29	
116	108.23	100.686	94.9663	89.3729	83.9323	78.5188	73.4649	68.555	63.9328	59.4455	55.2909	51.3521	47.7641	44.3019	41.6041	39.0502	36.5233	34.6348	33.1061	32	
117	110.386	103.833	97.6444	91.5657	85.5832	79.9372	74.3119	68.9475	63.7893	59.0843	54.4205	50.0453	46.0821	42.1739	39.3715	36.9057	34.7559	32.6266	31.4933	30.518	29.6937	29	
116	109.225	102.464	95.9226	89.4289	83.3399	77.7377	72.1972	66.6841	61.3082	56.7002	52.3529	48.7323	45.1804	41.6627	38.385	35.6079	34.2228	33.2834	32.5497	31.9943	31.4731	31	
114	105.632	97.5063	90.318	83.7406	77.7992	72.0669	66.728	61.4059	56.6946	52.1172	47.5565	43.5481	39.9665	37.2218	34.8285	33.3556	32.0837	31.2971	30.7699	30.3515	30.0921	30	
115	108.452	102.567	96.8795	91.2116	85.5764	80.3485	75.2256	70.1619	65.2952	60.6123	55.9361	51.5817	47.7133	44.4754	41.4082	38.4133	35.5498	32.9883	31.3792	30.3547	30	
121	111.456	102.22	93.3494	84.9444	78.2223	72.1834	66.1741	60.8083	55.5118	50.9579	46.5722	42.3251	38.6621	35.3259	33.0093	31.6926	30.5343	29.5047	28.7226	27.9999	27.3069	27.0792	27	
122	112.646	103.546	95.3703	87.5398	80.1055	74.6008	69.2586	63.9367	58.9094	54.3289	50.1039	46.8234	43.5734	40.9328	38.4648	36.718	35.1844	33.7727	32.4422	31.7211	31.0914	31	
120	112.001	104.211	96.5365	90.3422	84.2643	78.4857	73.5967	68.7826	64.3926	60.3601	56.5686	52.8853	49.3184	45.818	42.7915	39.9313	37.2873	35.2253	33.1799	31.1761	29.4634	28.582	28	
110	101.992	94.2004	87.1598	80.3111	73.6626	67.4145	61.4834	57.0539	52.9913	49.2792	45.7005	42.4138	39.7194	37.2919	34.9978	33.0375	31.1188	30.1178	29.2169	29	
109	102.987	97.3944	91.8276	86.3002	81.8875	77.619	73.4685	69.3639	65.2921	61.2662	57.2862	53.4111	49.6213	46.3363	43.2087	40.2581	37.9501	35.8716	33.9635	32.3112	30.8884	29.7081	29	
123	115.655	108.553	102.012	95.8814	89.9175	83.9687	78.3538	72.8451	67.7385	63.1631	58.6484	54.331	50.3095	46.7053	43.177	40.2937	37.5545	35.0051	33.0929	31.196	29.4888	28.0016	27	
110	103.117	96.4676	90.8302	85.5645	80.3814	75.3911	70.6761	65.9886	61.363	56.7582	52.167	47.9683	44.1894	40.4311	36.8725	34.3876	32.0611	30.7326	29.769	28.826	28.1101	28	
101	92.7527	84.7398	77.1523	69.721	63.5138	58.9301	54.4765	50.6654	47.0192	43.7898	40.595	37.4524	34.4399	32.3824	30.3684	28.8318	28.2675	27.79	27.3386	27	
105	98.8548	92.7468	86.7747	80.8336	74.9666	69.7859	64.9266	60.4012	55.9809	52.1726	48.556	44.9765	41.9101	39.2084	37.1497	35.1838	33.4342	31.8392	30.3802	29.2797	28.204	28.0433	28	
115	107.17	99.818	92.818	86.0695	79.6479	73.6204	68.4228	63.7365	59.1006	54.7497	50.8096	47.5653	44.3545	42.2168	40.1964	38.2012	36.6335	35.1329	33.7329	32.3581	31.7629	31.2599	31	
120	113.612	107.279	101.049	95.238	89.454	83.8347	78.6339	73.6183	68.6577	64.0813	59.6489	55.2852	51.2646	47.2576	43.333	39.5731	36.0396	33.5833	31.223	29.7479	29	
107	100.881	94.9178	89.0542	83.2092	77.3766	71.6436	66.2032	61.4351	57.0031	52.5711	49.1351	45.7053	42.3999	39.2502	36.4367	34.2144	32.0233	30.5979	29.4961	28.6495	27.859	27.3859	27	
114	106.814	99.7676	92.8906	86.2606	80.0552	74.0813	68.3466	62.72	57.2323	51.8296	46.4886	41.3251	37.7438	34.5098	32.2561	30.9826	29.7168	28.7057	27.8413	27.3473	27.0077	27	
105	97.1794	89.8107	83.1024	76.5679	70.8675	66.488	62.3692	58.4415	54.5399	50.7252	47.3537	44.1559	41.4187	39.4462	37.4911	35.6315	33.9892	32.5554	31.4345	31	
115	106.963	98.9423	91.9829	85.3233	78.9634	73.0411	67.2078	61.8121	56.4325	51.1664	46.6861	42.2545	37.839	34.3634	32.4675	31.3009	30.2477	29.5914	29.1215	29	
103	97.6685	92.6793	87.7337	82.8043	77.9728	73.212	68.5109	64	59.4891	55.2554	51.1522	47.4891	43.9837	40.4946	37.1576	33.8859	31.25	29.2228	28.0272	27.4728	27.125	27.0489	27	
118	109.451	100.911	92.9962	85.622	78.6936	72.0482	65.6772	59.4949	53.5869	47.9619	42.6199	37.8266	33.2649	31.67	30.3409	29.5949	28.9346	28.3601	28.0943	28	
112	103.129	94.6238	87.4503	80.484	73.5473	67.6861	61.9828	57.3354	52.9247	49.2343	45.5835	42.347	39.15	36.5154	34.1966	31.9864	30.1017	28.592	28.2368	28.0592	28	
114	104.822	96.5646	88.573	81.3976	75.4656	69.6855	64.2375	59.0553	54.1009	49.5925	45.4923	41.4396	38.3929	35.7923	33.2297	31.8439	30.8758	30.0976	29.3478	28.6454	28.1708	28	
116	109.053	102.617	96.21	89.8876	84.0549	78.6409	73.2978	68.3024	63.4063	58.6734	54.0754	50.2366	46.5042	43.6588	40.9199	38.5357	36.2083	34.3208	33.3061	32.3411	31.3903	31	
107	99.4267	92.2648	85.1486	78.9924	73.0724	67.1905	61.88	57.3314	53.1333	48.981	44.9581	41.6438	38.4133	35.5638	32.76	30.3143	28.699	27.8076	27.0914	27	
116	107.271	98.7936	90.4502	82.9583	75.7531	68.7451	61.9969	56.2704	51.3863	47.2101	43.2311	39.8974	36.9669	34.377	32.7818	31.3569	30.1112	29.1972	29.0717	29	
110	101.205	92.8153	85.6052	79.3722	73.7467	68.7111	63.7018	59.2648	55.8226	52.3892	49.1847	46.077	43.3479	40.6275	38.0921	35.9792	34.2977	32.9508	32.0968	32	
119	109.523	100.095	91.1107	82.5021	75.2558	68.75	62.6983	57.0513	52.1053	48.3143	44.7603	41.6011	38.8171	36.1714	33.8119	31.7585	30.2085	28.6684	27.3751	27.1974	27.0395	27	
102	95.4774	89.0008	82.7278	76.4614	70.4643	64.4869	58.6408	53.5568	49.2609	45.5102	42.1865	38.8891	35.7231	33.3058	31.4141	29.7063	28.4911	27.7028	27.243	27.0394	27	
107	100.235	93.6332	87.7696	82.1053	76.4853	71.0869	65.8805	60.8144	56.125	51.8122	47.839	44.3238	40.8529	38.0318	35.3732	33.4384	31.8358	30.7281	29.8936	29.3545	29	
121	113.066	105.675	98.3086	91.8447	85.6205	79.5562	73.9552	68.7777	63.9598	59.3975	54.8512	50.8802	47.2528	43.7372	40.4933	37.3133	35.6274	33.9655	32.9668	32.4235	32	
113	106.162	99.5567	92.9797	86.8543	81.0888	75.4927	70.0448	64.9709	60.511	56.1781	52.0428	48.5355	45.2258	42.2408	39.3968	36.7717	34.2453	31.9871	30.6252	29.4678	28.5716	28	
102	96.1627	90.463	85.0388	79.7463	75.4296	71.1609	67.0418	63.3419	59.7437	56.1814	52.8526	49.8471	46.8716	43.9499	41.4054	39.0585	37.0708	35.2867	33.754	32.3052	31.2754	31	
120	112.346	105.098	98.0177	91.1129	84.3516	78.5471	72.8063	67.7274	62.6484	58.2073	54.0213	49.8832	46.1757	43.0103	40.5226	38.1386	35.8344	33.6098	31.7999	30.3807	28.9614	27.9169	27	
106	99.3303	92.8393	87.145	82.0208	77.0546	72.4525	67.8847	63.4748	59.4909	55.6512	51.8321	48.0268	44.5511	41.2747	38.2661	35.5117	33.2587	31.0469	30.1059	29.2816	29.1099	29	
101	93.4478	86.1622	79.5562	73.449	68.0644	62.7658	58.2327	53.7513	49.8978	46.2851	43.0423	39.8769	37.2448	35.2664	33.3913	32.5655	31.7741	31.3355	31.0258	31	
114	106.908	99.8684	92.8727	87.0208	81.1763	75.3318	69.5316	64.1225	58.8978	53.8355	48.7806	43.7848	39.5711	35.4239	32.996	31.8522	31.0922	30.3321	30.1623	30	
105	100.018	95.107	90.3471	85.5981	80.8598	76.1432	71.5943	67.2509	63.5565	60.0029	56.46	53.1227	49.8665	46.805	44.2411	42.0776	39.9356	37.864	36.1007	34.359	32.6822	31.3678	31	
122	113.594	105.302	97.4892	89.7637	82.5438	76.1436	70.0486	64.006	58.19	52.4263	46.9853	41.8756	37.978	34.4291	31.3685	29.2409	28.3864	27.8109	27.436	27.2006	27	
101	95.5415	90.1123	84.8236	79.8161	74.832	70.1524	65.6193	61.2267	57.045	52.8809	49.1735	45.5365	42.245	39.7149	37.337	35.2462	33.7644	32.4408	31.6911	31	
111	102.247	94.2217	86.524	79.5088	72.5936	66.1789	61.2928	56.5159	51.7481	47.4534	43.1587	39.7194	37.7995	35.9433	34.2145	32.5403	30.9935	29.8198	28.7643	28	
119	110.089	101.63	93.69	86.7872	79.9882	73.7173	67.7764	62.3825	57.1394	52.2076	48.5865	45.7763	42.9756	40.4578	38.0532	35.724	33.7908	32.3386	30.9619	30.4621	30	
113	106.582	100.212	94.0058	87.9699	82.582	77.3236	72.0993	67.066	62.3806	57.7906	53.6644	49.5518	45.5074	41.6472	38.1962	35.3453	33.3879	31.4715	30.0461	28.9139	28	
112	104.49	97.0283	90.0546	83.3173	77.4153	72.5298	67.6758	62.9637	58.4643	54.0437	49.8752	45.7304	42.3736	39.0956	36.18	33.4142	31.657	30.1992	28.8045	28.1268	27.6067	27.2443	27	
110	102.953	95.9573	89.5002	83.6618	77.9254	72.946	68.1341	63.526	58.9397	54.5428	50.4297	46.7752	43.3246	40.8422	38.469	36.1905	34.2031	32.4414	31.131	31	
106	98.9679	92.9434	87.0247	81.2538	75.934	70.8889	65.9777	61.44	57.0503	52.7098	48.5737	44.4869	40.8088	37.9551	36.257	34.7491	33.3258	32.1561	31.064	30	
118	110.161	102.375	95.0691	87.9987	81.0331	74.6173	69.1792	63.8371	58.9314	54.2353	49.7923	46.0388	42.7917	40.3301	38.1304	36.245	34.4468	32.8145	31.4965	30.1784	29	
115	105.643	96.7292	88.1382	81.201	75.2115	69.8069	65.5719	61.4378	57.4247	53.8048	50.2756	47.0087	44.2761	41.5839	39.1236	36.7439	34.4954	32.5594	30.8452	29.7764	29.363	29	
112	104.286	96.581	89.495	82.7972	76.1902	70.5991	65.0493	59.5324	54.0982	48.887	45.0301	41.5945	38.737	36.7136	34.9463	33.5093	32.1961	30.9986	29.8094	29.2065	29	
123	115.34	107.895	100.534	93.5126	86.5829	80.0302	73.8235	68.1783	63.0022	58.3261	53.7268	49.4352	45.3667	41.7365	38.9139	36.5297	34.43	32.9149	31.4844	30.0615	30	
115	106.825	98.8158	91.4617	84.4889	77.6736	71.4139	66.1076	60.8676	56.2578	52.3361	48.4725	45.0317	41.7816	38.9212	36.1768	34.502	33.333	32.2303	31.3017	30.7711	30.3068	30	
122	112.902	103.996	95.437	86.9789	78.7128	72.3578	66.4966	60.9554	55.6885	50.4673	46.5172	42.6219	39.5495	37.3093	35.2611	33.9443	32.9111	31.9327	31.2377	31	
114	106.05	98.947	92.0989	85.3328	78.9127	72.5017	66.4186	60.9091	55.5181	50.5004	45.5192	40.6563	38.1976	36.1486	34.1725	32.3421	30.6938	29.856	29.0546	29	
110	103.239	96.9898	90.9866	85.1474	79.6428	74.3704	69.2619	64.3378	59.441	55.1794	51.8944	48.6299	45.6386	43.016	40.6393	38.4607	36.3367	34.3494	33.1883	32.5327	32.2937	32.0615	32	
116	108.148	100.389	92.6537	85.2356	78.2258	71.3245	65.2316	59.8389	54.5878	49.8119	47.0196	44.4108	41.8103	39.4015	37.126	35.8174	34.6922	33.667	32.9168	32.6001	32.3001	32.1	32	
109	100.271	92.506	84.87	77.5281	70.7559	64.0296	57.5514	51.9279	48.6382	45.5691	42.5919	39.8904	37.5289	35.2133	33.2101	31.3999	29.8102	28.9373	28.2022	28	
116	108.068	100.424	93.2404	86.5086	79.8756	73.2589	66.8231	60.6914	55.4474	50.4664	46.0772	41.8607	38.6879	36.1399	33.6905	32.096	31.3891	30.8466	30.3288	30	
103	96.3922	90.0062	84.893	79.8728	74.8527	70.6835	66.5286	62.3809	58.5478	54.822	51.3179	47.9568	44.7816	41.964	39.8973	37.9808	36.286	34.5911	33.075	31.5804	30.2932	30.143	30	
113	104.465	96.2187	88.8	81.4075	74.817	68.6014	62.5165	56.4317	50.6606	45.5086	41.9518	39.136	36.7387	34.4285	32.6066	31.4994	30.9241	30.4184	30.1918	30	
117	107.981	100.063	92.5666	85.5008	79.019	72.8437	66.8981	61.9482	57.1228	52.6803	48.4772	44.3412	40.6743	37.735	35.5329	33.9531	32.8521	32.3734	32.1053	32	
112	105.814	99.7912	93.8678	88.0755	82.6952	77.3585	72.3152	67.765	63.9513	60.3561	56.8358	53.3279	49.8263	46.4246	43.4473	40.4762	38.042	36.2568	34.7214	33.2546	32	
119	109.73	100.736	93.1478	86.2762	79.8633	73.871	67.9455	62.345	57.0408	52.0615	47.2351	42.791	38.4807	36.359	34.352	32.5266	31.1599	30.2711	29.6499	29.3249	29.1242	29	
110	103.735	97.5387	91.3426	85.3287	79.3275	73.8226	68.5126	63.5607	59.0173	54.4928	50.2071	46.4806	43.0432	39.8446	37.3436	34.8802	32.8065	30.7579	29.853	29.0675	28.3511	27.6473	27	
121	112.206	103.446	94.9084	86.9183	78.9723	71.2032	65.0957	59.5097	54.454	50.017	46.0043	42.2832	38.6771	35.6631	33.6125	31.7211	30.2008	28.9192	28.053	28	
121	113.506	106.075	98.9658	92.3109	85.9773	79.7613	73.6629	67.8232	62.007	56.6062	51.8404	47.3332	43.9783	40.6234	37.8486	35.2305	33.0984	31.5934	30.3235	29.1399	28.1052	27.5487	27	
119	109.729	100.591	91.6811	84.3326	78.0693	72.0058	66.0756	60.3358	55.3289	50.3506	45.8863	42.0598	38.3094	35.8154	33.9878	32.56	31.3226	30.1423	29.0476	29	
109	102.21	95.7254	89.4926	83.6064	78.2163	72.9894	67.8373	63.2493	58.7293	54.386	50.3826	46.3995	43.103	40.2754	37.4818	34.9397	33.023	31.147	29.3118	28.4078	28	
113	105.163	97.3905	89.6662	82.0865	74.7962	68.1891	62.6832	57.2657	52.2742	48.6251	45.2813	42.018	39.1404	36.5764	34.2052	32.1636	30.548	29.5835	28.7475	28	
104	98.4018	92.9133	87.6267	82.4383	77.475	72.5751	67.8772	63.2313	58.6258	54.0318	49.8822	46.4425	43.7819	41.306	38.934	37.243	35.7367	34.3054	32.8857	31.6737	31.0504	30.5079	30	
105	98.1673	91.6431	85.6382	80.1299	75.3064	70.686	66.3441	62.3935	58.5783	54.8835	51.3618	47.9831	44.6796	41.5342	38.7424	36.5526	34.6112	33.5501	32.8503	32.3085	32.1354	32	
122	112.206	103.256	94.924	86.8169	79.1259	71.5923	64.6209	58.6165	53.0731	47.8558	44.1902	40.6707	37.4999	35.5996	34.5202	33.5194	32.6199	31.7316	31.0007	30.4835	30	
121	112.089	104.312	96.7857	89.4731	82.2255	74.9779	68.483	62.88	57.6674	52.975	48.5614	44.7704	41.1466	38.7029	36.8817	35.1534	33.8061	32.8119	31.892	31	
119	108.874	99.3165	92.1647	85.2706	78.6128	72.1053	66.0811	60.4327	55.9762	51.8419	47.9976	44.2069	40.7062	37.6887	35.3799	33.3182	31.3208	30.4832	30.1181	30.0537	30	
115	107.049	99.5857	92.3069	86.3814	80.616	75.0348	69.4857	65.4579	61.4462	57.5466	53.8471	50.1717	46.6484	43.6777	40.9551	38.4408	36.1186	34.1568	32.2831	30.9778	29.8968	29	
110	104.065	98.2999	92.7058	87.2884	81.9624	76.8071	71.7005	67.2093	62.7365	58.4282	54.5647	50.7866	47.2826	44.1321	41.1035	38.209	35.6618	33.8946	32.6331	31.9263	31.2986	31.0792	31	
101	94.0949	87.3326	80.7774	74.5221	69.1665	63.8466	58.8052	53.9138	49.5508	45.7876	42.0744	38.3827	35.3336	32.4844	31.042	30.1922	29.5995	29.0283	28.5213	28.0857	28	
108	101.738	95.4762	89.6821	83.9138	78.2301	72.8906	68.3891	63.9265	59.8407	55.8198	52.0783	48.4537	45.1668	42.4711	39.8728	37.7877	35.9104	34.5723	33.5785	32.6626	32.1104	32.0325	32	
104	98.5294	93.0653	87.6075	82.22	76.9731	71.9051	67.6297	63.514	59.4686	55.4934	51.9273	48.5146	45.8113	43.1783	40.5772	38.3787	36.1867	34.1544	32.2371	30.6969	29.2718	28	
101	95.1239	89.3773	83.7726	78.6549	73.6235	69.1101	64.8125	60.6135	56.4886	53.2577	50.335	47.5542	44.7734	42.4057	40.0504	37.8492	35.8946	34.0695	32.6143	31.3133	30.8201	30.3576	30	
119	112.393	105.863	99.6642	93.604	87.6753	82.0233	76.8002	71.5771	66.7276	61.9265	57.167	53.0715	49.2874	45.5447	42.3555	39.2148	36.5513	35.0363	33.5558	32.4628	31.5012	30.6987	30	
104	97.0832	90.2203	83.6036	77.6332	71.732	65.9616	60.9914	56.2058	52.0204	47.9196	44.0265	40.6566	37.379	34.4553	31.8933	30.2237	28.6388	27.277	27.0077	27	
120	111.561	103.789	96.3766	89.1783	82.0228	74.9786	68.0371	62.679	57.5007	52.3738	47.6405	44.2425	41.1612	38.1312	35.4608	33.5521	32.3024	31.2496	30.4964	30	
122	113.587	105.755	98.1254	90.4959	83.0941	75.9452	69.8838	64.0585	58.2331	52.5511	48.2853	44.9554	41.6928	39.4419	37.2922	35.4544	33.9201	32.5038	31.1718	30.4552	30.1433	30	
114	106.584	99.2284	92.1825	86.073	80.4166	75.3191	70.6822	66.1435	61.7634	57.5267	53.3203	50.2618	47.2184	44.7187	42.5135	40.3235	38.3222	36.3814	34.584	32.9604	31.3744	30	
106	99.8591	94.1244	88.6767	83.4601	78.4606	73.7341	69.0917	65.0024	61.0602	57.146	53.3228	49.7167	46.5868	43.926	41.2722	38.8144	36.7488	35.0472	33.5768	32.1343	31.4831	31	
107	100.117	93.5886	87.1059	80.7385	74.5634	68.6575	63.0592	58.0837	53.4697	48.971	45.6182	42.5883	39.8891	37.2668	34.8598	32.8066	31.1917	30.1074	29.3691	29	
110	101.958	94.0467	86.5888	79.4644	73.1646	67.3836	62.0751	57.1187	52.2456	47.6689	43.4722	40.1462	37.8579	35.6715	33.5592	32.1603	30.8725	29.6682	28.6398	27.6392	27	
110	102.143	94.8305	88.5738	82.4132	76.4766	70.692	65.1155	59.7709	54.6344	51.002	47.7857	44.9454	42.1291	40.2889	38.4568	36.8726	35.3524	33.9043	32.7522	31.6881	31.072	31	
112	103.445	95.6342	88.7229	82.0105	75.4884	68.975	62.7902	57.3494	52.0989	47.8517	44.3831	41.0701	38.4838	36.2521	34.3664	32.7056	31.0967	29.8943	29.0207	28.4238	28.1384	28	
116	107.794	100.403	93.0364	85.7559	78.5011	71.5118	65.1906	59.4347	54.9465	50.8351	47.3919	44.0942	40.8137	37.6874	34.6467	32.2141	30.6809	29.1563	28.3683	28.1799	28.0343	28	
122	113.237	104.786	96.6092	89.3953	82.9972	76.7183	70.4668	64.2154	58.4589	53.3991	48.4401	43.6277	39.0171	35.5614	33.1781	31.5007	29.9607	28.6133	27.77	27	
105	98.6657	92.4107	86.1624	79.9208	74.0762	68.8869	64.022	59.4549	55.232	51.7769	48.3748	45.1646	42.2986	39.6775	37.1556	34.7066	33.502	32.6018	31.9068	31.4501	31.1258	31	
109	102.454	96.3745	90.8118	85.2993	80.1099	75.0281	70.3339	65.7402	61.2613	57.1198	53.3802	49.7555	46.3318	43.1162	39.9508	37.4027	35.2207	33.1536	31.5888	30.2681	29.2704	28.6245	28	
119	111.871	104.938	98.8012	92.6648	86.8518	81.0689	75.4289	70.3679	65.3746	60.4189	55.5609	51.3046	47.2513	43.3785	40.3705	37.6106	35.0087	32.9256	31.1584	29.6995	28.3835	28.1278	28	
101	94.9327	89.1833	83.6458	78.2938	73.1671	68.0933	63.1917	58.4822	53.7794	49.2024	44.6585	41.0751	37.7367	35.5575	34.034	32.6099	31.4044	30.5036	29.7419	29.3511	29	
115	106.048	97.1685	90.4466	84.119	78.0403	71.9824	66.2875	60.9971	55.7172	50.6136	46.5369	42.5328	39.2757	36.1015	33.2696	31.2883	29.4937	28.7365	28.2593	28	
122	114.551	107.279	100.712	94.2375	87.9316	81.7255	75.5424	69.5051	63.6596	58.957	54.2852	50.1427	46.0309	42.7552	39.9245	37.554	35.3677	34.2861	33.4499	32.6827	32.1381	32	
110	101.233	93.6478	86.58	79.7757	72.9895	66.5304	61.6247	57.8001	54.2481	50.7051	47.1894	44.6366	42.2474	40.0943	37.9958	36.3061	34.6709	33.2809	32.7086	32.1363	32.0454	32	
113	105.266	98.0391	90.8281	83.8828	77.2266	71.0156	65.0391	59.1484	53.5781	48.8594	44.2031	40.0859	37.2344	35.0312	33.3281	31.7266	30.3516	29.0234	28.5	28.2578	28.0312	28	
101	92.9949	86.1415	79.3167	73.0916	66.9616	61.3076	56.7482	53.3216	50.0091	46.7347	43.7554	41.2235	38.7201	37.0448	35.8836	34.7604	33.9418	33.2184	32.7234	32.2284	32	
120	113.015	106.385	100.416	94.8029	89.2888	83.8671	78.4809	73.3931	68.547	63.7079	58.9968	54.3283	50.1075	46.5333	43.3285	40.3015	37.3242	34.4534	32.4141	31.6466	31.2558	31.0355	31	
105	98.9654	92.9686	87.6011	82.8628	78.244	73.7323	69.5918	65.6715	61.896	58.2211	54.7602	51.5762	48.6061	45.7115	43.0497	40.8159	38.733	36.7383	34.8568	33.5543	32.5097	32	
113	105.85	99.1545	92.4814	86.1185	79.8313	74.1645	68.6792	63.3605	58.3367	53.7594	49.7041	45.6639	42.5014	39.9668	37.5685	35.9721	34.6632	33.3846	32.4842	32	
107	98.6085	90.5345	82.8809	75.2874	70.0706	64.8624	60.1518	55.7244	52.1035	48.7315	45.5311	42.6567	39.9196	37.9547	36.4532	35.1404	34.0678	33.4072	32.7808	32.2746	32.0515	32	
104	97.3726	90.8652	84.9154	79.2408	74.138	69.0492	64.2075	59.4575	54.7711	50.3457	46.5556	43.2172	40.7823	38.4602	36.844	35.4324	34.1972	33.1809	32.1787	31.3458	31	
120	112.335	104.866	97.5137	90.2006	83.4187	77.051	71.2536	65.4719	59.7995	54.1428	48.9783	45.7827	42.5871	39.4931	36.7585	34.1176	31.8049	29.6641	29.2813	29	
118	110.409	103.259	96.2317	89.2432	82.3243	75.6834	70.695	65.7683	61.0734	57.0039	53.027	49.0734	45.39	42.7259	40.2394	37.8533	35.7838	33.7761	31.9073	31.2355	30.7336	30.278	30	
109	101.786	94.877	88.1501	81.5685	75.3725	69.9109	64.4639	59.2714	54.7189	50.2245	46.1447	43.083	40.1232	37.4178	35.7306	34.4143	33.2217	32.2254	31.5272	30.8872	30.3636	30.1018	30	
113	105.424	98.3652	92.0072	85.8111	79.6382	73.889	69.2266	64.6643	60.1405	55.6938	51.5785	47.6327	43.9875	41.4597	38.9782	36.9976	35.2019	33.6067	32.05	30.84	30.3006	30	
106	99.7806	93.6	87.5613	82.2129	76.9613	71.929	66.929	62.2194	57.5355	53.5677	49.9484	46.4258	43.1226	40.471	37.8903	35.4065	33.1032	31.3613	29.9613	28.729	27.7806	27	
123	112.422	103.265	95.2052	87.4254	79.7575	73.3657	67.2985	62.2276	57.4254	53.0821	48.8507	44.6194	40.8694	37.9925	35.5187	33.7612	32.4179	31.2201	30.0896	30	
104	98.3551	92.9138	87.4785	82.085	76.8113	71.9087	67.084	62.7381	58.4521	54.3636	50.305	46.4141	43.008	39.8175	37.1297	35.1304	33.5321	31.9578	31.1317	31.0299	31	
103	95.8755	88.8519	82.0876	75.597	69.9781	64.4528	59.6047	54.9223	50.4199	46.2274	42.9137	40.3419	38.0295	36.632	35.6595	34.7446	33.9162	33.2102	32.5691	32.0792	32	
105	96.3491	88.5203	82.4011	76.7584	71.2838	65.912	61.353	56.8687	52.4311	48.1991	44.2567	41.2298	38.6326	36.2877	34.3165	33.1954	32.2052	31.3363	31.028	31	
120	111.677	103.805	96.3111	89.1954	82.5842	76.162	70.1452	64.5157	59.0754	54.4817	50.8068	47.3661	43.9523	41.4573	39.3677	37.7284	36.1251	34.5939	33.0897	31.9818	31	
122	114.602	107.32	100.583	93.977	87.4706	81.064	74.8034	69.4493	64.1412	59.1404	54.2932	49.5843	44.9522	40.7503	36.9478	33.3144	30.91	29.0126	27.4839	27	
109	102.598	96.3888	90.4432	84.5667	78.9187	73.3952	68.4878	63.968	59.5312	55.1914	51.6406	48.1106	44.7674	41.5212	38.3649	35.4717	33.236	31.5818	30.412	29.5607	29	
114	107.437	101.072	95.312	89.6548	84.2516	78.9033	73.61	68.399	63.5176	59.0207	54.5718	50.4525	46.4361	42.9896	40.772	38.7742	36.8106	34.9913	33.6181	32.4373	31.277	30.1304	30	
113	104.912	97.7964	90.7603	84.4755	78.3145	72.3038	66.5052	61.9088	57.5245	53.2374	49.3216	45.7593	42.365	39.2094	36.7167	34.2506	32.4385	30.9005	30.1049	29.4862	29	
104	98.0978	92.3668	86.7774	81.1998	75.6282	70.1863	64.8449	59.6273	55.0944	51.1223	47.3508	43.7091	40.3567	37.8954	35.511	33.3862	31.5388	29.957	28.8061	27.8204	27	
109	103.3	97.7937	92.3675	87.0725	81.9658	76.8762	71.992	67.5072	63.0795	58.7031	54.3381	50.0473	45.9677	42.5613	39.4231	36.3533	33.6088	31.6574	30.037	29.2724	28.8159	28.3766	28	
105	96.1392	87.916	80.6167	74.3153	68.8454	63.8838	59.1161	54.3854	51.1885	48.1395	45.5339	42.9838	40.7663	38.7058	36.9965	35.4165	34.2431	33.3191	32.4137	31.6468	31.1663	31	
120	112.512	105.124	97.8866	90.7787	83.7923	76.9958	70.4726	64.8304	59.9703	55.1178	50.364	45.7621	41.3577	38.2593	35.2522	32.8753	30.6882	29.6858	29.0404	28.4025	28.1367	28	
111	103.307	95.9012	88.6468	82.5084	76.3939	70.7658	65.1854	59.8363	54.9894	51.394	47.8306	44.3628	41.3813	38.9339	36.7656	34.7567	32.963	31.2969	29.8141	28.3951	27.008	27	
115	108.431	101.937	95.5262	89.1355	83.2043	77.4513	71.7737	66.3704	61.0837	56.6336	52.3068	48.2543	44.4213	40.8488	38.3186	35.9118	34.1427	32.4148	30.8034	30.2068	29.72	29.3223	29	
107	99.0549	91.1429	83.9027	77.7987	72.1675	66.8514	61.9997	57.571	53.1671	49.5678	46.1177	42.8501	39.7732	37.252	34.7308	32.7901	31.4797	30.3104	29.4976	29	
115	106.84	98.9358	91.8126	85.1994	78.9563	73.1574	67.523	62.4973	57.85	53.3424	48.8432	44.459	40.6095	37.2371	33.8729	31.7179	30.3607	29.3325	28.6745	28.0905	28	
111	103.575	96.187	88.9132	82.0642	75.3441	68.9046	63.8835	59.2795	55.2444	51.27	47.9858	44.8685	41.827	38.96	36.6466	34.8339	33.0818	31.3828	29.7066	28.8267	28.1744	28.0303	28	
119	111.693	104.565	97.7157	90.8746	84.1732	77.7048	71.6946	65.894	60.1012	54.7665	49.6338	44.9824	40.401	37.5123	35.4235	33.3735	31.7428	30.4926	29.8403	29.2502	28.7144	28.264	28	
118	108.597	100.084	92.3176	84.9014	78.3081	71.7432	65.4622	59.427	54.0824	49.0878	44.8973	41.8419	39.0986	36.4595	34.3027	32.2311	30.7365	29.3459	28.2108	27.4446	27	
112	106.039	100.245	94.4757	88.9091	83.4738	78.2356	73.0751	67.9146	62.9213	58.7941	54.8699	51.1369	47.9892	45.1223	42.7093	40.6188	38.6478	36.838	35.2552	34.0248	32.878	32	
105	99.343	93.8363	88.4077	83.0873	78.0736	73.5467	69.2424	65.1243	61.0123	57.1528	53.3474	49.566	46.5241	43.5423	40.5966	38.24	36.2501	34.3925	32.583	31.1943	30.01	29	
116	107.83	100.39	93.0559	85.8613	78.8797	72.2833	66.1048	60.4589	56.1077	52.0351	48.5034	44.9962	42.2019	39.5797	37.1051	35.4334	33.8109	32.4179	32.1393	32	
120	111.637	103.59	95.9906	88.7861	81.9062	75.0351	68.9538	63.3025	57.695	52.2367	47.1383	43.2859	39.8547	36.5113	34.0191	32.6238	31.6234	30.9039	30.5967	30.2984	30	
118	110.733	103.811	96.9395	90.2002	83.7538	77.5199	71.4545	66.7663	62.1806	58.2835	54.6794	51.2658	48.3429	45.5959	42.8782	40.2411	38.0434	36.1462	34.5126	33.1501	32.3077	32.1465	32	
104	97.0915	90.4085	84.6349	78.9389	73.4473	67.991	62.7038	57.5013	52.7358	47.9773	43.8534	40.1171	36.9025	34.5198	32.412	30.5156	29.7261	29.2608	29.0282	29	
107	100.33	94.0166	87.8154	81.6352	75.7209	70.1496	64.9843	59.9869	55.4304	50.944	47.2205	44.0429	40.8793	37.9046	35.315	33.4602	31.6334	29.9326	28.8128	27.7209	27.266	27.07	27	
103	96.9711	91.1226	85.5604	80.1599	74.8776	69.6575	65.0845	60.5738	56.1376	51.714	47.4147	44.0736	40.7948	38.8971	37.0804	35.3632	33.9757	32.974	31.9972	31.4123	30.8773	30.3795	30	
108	99.8389	91.7452	84.2747	77.8907	72.0373	66.226	60.8611	56.1447	51.7062	48.0931	44.6231	41.3385	38.1044	35.9904	34.6344	33.4638	32.3099	31.2993	30.3897	29.5811	29	
108	100.523	93.0841	85.793	78.8586	72.2578	66.1456	61.2279	57.2566	53.386	49.7094	46.2112	42.8992	39.8431	37.4773	35.1969	33.4749	31.9779	31.1247	30.5507	30.0233	30	
103	96.3397	89.8887	83.4842	77.7698	72.1873	67.0931	62.6193	58.2928	54.0826	50.1206	46.9338	44.0107	41.1341	38.6142	36.4975	34.5824	33.0317	32.109	31.3026	30.6978	30.1551	30	
111	101.467	92.5939	83.9125	75.5469	67.7174	60.4335	55.6668	51.6468	47.7703	44.1331	41.0032	38.438	35.892	33.5565	31.8815	30.3596	28.8665	27.8232	27.1149	27.0287	27	
117	109.292	102.885	96.5487	90.2752	84.2841	78.5988	73.5801	68.7417	64.0367	59.4179	55.199	51.0193	46.8946	42.8012	39.092	35.4456	31.9795	28.5762	27.0706	27	
101	93.7618	86.5463	79.566	73.1927	67.085	60.9772	55.3854	49.9226	45.393	42.1002	39.1791	36.7587	34.8316	33.4052	32.563	31.9332	31.6601	31.4249	31.2049	31	
114	106.693	99.68	92.7114	85.9267	79.5982	73.7701	68.0819	62.5187	57.2131	52.7096	48.2944	44.3649	40.6193	37.3668	34.5484	32.0465	30.9648	29.8904	29.1177	29	
118	110.398	102.796	96.1911	89.6692	83.4381	77.2983	71.5574	65.9992	60.6322	55.4313	50.4131	46.6246	42.9773	40.2356	37.9675	36.4388	35.0098	33.639	32.3595	31.1216	30.4902	30	
117	108.626	100.922	93.2851	85.6652	78.9254	72.2443	66.0159	60.5084	55.068	49.8455	45.7883	42.6699	39.6688	36.8857	34.4212	32.7614	31.1519	29.9364	29.0478	28.2599	28	
114	106.256	99.6433	93.0468	86.5053	80.2076	74.0828	68.3983	63.2013	58.3659	53.6092	49.167	45.5267	42.0279	39.0481	36.3277	33.9376	32.3494	30.8555	29.4403	29.1572	29.0708	29	
119	111.394	103.98	96.6132	89.6076	83.2411	77.7522	72.4172	67.1515	61.9243	56.982	52.0858	47.6593	43.7947	40.0225	36.8508	34.4027	33.0324	31.8468	31.4157	31	
116	106.212	96.5859	87.4036	78.4332	71.4203	64.912	59.3925	54.6701	50.6844	47.3142	45.0338	42.7735	40.715	38.7777	36.8605	35.1955	33.6416	32.2491	30.9676	29.9283	29	
120	111.006	103.02	95.0845	87.3626	79.8747	72.9159	66.425	60.2495	54.1453	48.5192	45.4162	42.5777	39.9733	38.203	36.4735	34.7643	33.4824	32.5261	31.9767	31.4476	31	
105	98.1219	91.7276	85.6277	79.6471	73.9749	68.5342	63.3879	58.4028	53.4598	49.3512	45.5791	41.8351	38.659	36.3382	34.0245	32.2156	31.2901	30.7502	30.3576	30.1192	30.021	30	
108	100.597	93.5487	87.0561	80.7165	74.8683	69.7773	64.7025	59.6598	54.8749	50.96	47.8023	44.693	41.6561	38.7723	35.961	33.5846	31.4661	30.7733	30.1047	30	
103	96.8088	91.9803	87.2638	82.7153	78.2539	74.0601	69.9472	65.9524	62.0635	58.299	54.9639	51.6412	48.3247	45.2695	42.3139	39.6072	37.1121	34.8472	33.4596	32.2649	31.2756	30.336	30	
108	100.912	93.9342	87.2462	80.8014	74.4192	68.4918	63.0035	57.9072	53.5792	49.3218	45.9112	42.6966	39.5761	36.6203	34.2289	31.9944	30.1597	29.2659	28.4583	27.7684	27.4234	27.2117	27	
105	99.7559	94.6134	89.4762	84.4673	79.5386	74.7115	70.0608	65.7949	61.5825	57.6054	53.9436	50.3566	47.1492	44.0274	41.0445	38.532	36.2976	34.5495	32.8282	31.711	31.3849	31.1283	31	
123	115.076	107.24	99.665	92.1063	85.5163	79.0215	73.2175	67.9455	63.531	59.1403	54.9084	50.7003	46.643	42.697	38.8065	35.4241	33.2963	31.4304	29.9774	28.5483	27.3732	27	
106	98.5914	91.8504	85.3071	79.3819	74.0913	69.122	64.4	59.8098	55.368	51.3547	47.3743	44.284	41.7623	39.4384	37.3616	35.3674	33.4225	31.6095	30.1014	28.7994	28	
116	109.695	103.676	98.0454	92.6803	87.5032	82.4946	77.5961	72.8402	68.0907	63.6393	59.2786	55.0475	50.9395	47.7775	44.8099	41.933	39.5032	37.0799	35.2138	33.8207	32.7775	32	
121	110.595	100.242	91.0629	82.0094	74.5068	67.7377	62.205	56.9448	51.9046	47.6085	43.4694	39.6343	37.1823	35.2019	33.6092	32.5927	31.8068	31.1991	31.0524	31	
103	97.2279	91.5314	85.8664	80.2393	74.8453	69.5773	64.3849	59.2177	54.4602	49.9736	46.2935	42.7017	39.5951	36.8036	35.1211	33.4576	32.6762	32.0334	31.4222	31	
106	99.3014	93.3184	87.3712	81.8033	76.3928	70.9896	65.5863	60.3476	55.5455	51.001	47.0576	43.6153	40.6667	38.6485	37.0741	35.7	34.4476	33.4242	32.7944	32.2433	32	
110	101.863	94.3649	87.1021	79.9234	73.1566	66.457	60.3207	54.3608	49.4854	45.089	41.2811	38.7341	36.3636	34.1108	32.5221	31.1687	30.16	29.5296	29.227	29	
115	107.136	99.3857	92.4046	85.634	79.3332	73.4535	68.4161	63.7755	59.3374	54.9479	51.2306	47.5376	43.8851	40.5727	38.0621	35.8025	34.0856	32.474	31.6155	31.2511	31.1296	31.0081	31	
110	102.012	94.227	86.6708	79.6342	72.9851	66.9172	61.2897	56.3843	51.9897	47.6832	44.0107	40.6994	37.4937	35.2656	33.654	32.0863	30.7301	29.4883	28.6253	28.2554	28.0352	28	
115	106.342	98.2502	90.1855	82.2183	75.474	69.749	64.2277	59.3092	54.4171	49.8265	45.7941	41.9656	38.4472	35.762	33.183	31.6764	30.5509	29.6913	29.3456	29	
102	94.6455	87.6924	81.2922	74.9224	69.0145	63.9247	58.85	54.2222	50.1927	46.7692	43.8986	41.7854	39.8616	38.0135	36.2638	34.9005	33.6205	32.4237	31.3558	30.6968	30.0606	30	
103	96.1727	89.4973	83.2159	76.9967	71.1506	65.3114	60.2739	55.4367	51.5807	48.1533	45.4099	42.7011	40.0544	37.6151	35.4384	33.7108	32.2458	30.9191	30.3386	30	
117	108.923	100.954	93.4119	86.175	80.3212	75.3813	70.853	66.3742	62.0518	58.1163	54.2385	50.4759	46.7628	43.0743	39.7399	36.4219	34.6764	33.425	32.1983	31.1279	30.601	30.1729	30	
106	99.6529	94.2569	88.9533	83.7488	78.9208	74.2249	70.0441	65.8832	62.1053	58.3737	54.8204	51.3463	47.9449	44.5567	41.5582	38.8172	36.3735	34.3129	32.4305	30.786	30.2576	30	
104	97.9085	92.0605	86.4814	81.0753	76.0471	71.1022	66.2214	61.3469	56.5813	52.5524	48.6772	45.577	42.9316	40.568	38.7041	36.8593	35.1363	33.5094	31.9593	30.5693	29.98	29.442	29	
113	106.512	100.21	94.0046	88.0401	82.3167	76.7172	71.1522	65.8764	60.9451	56.1928	51.7504	47.4113	43.5613	40.2691	37.5624	35.2069	32.872	31.9836	31.1502	30.4132	30	
110	100.692	92.3148	84.276	77.293	71.2881	65.4383	60.9637	56.8087	53.5642	50.3293	47.3269	44.3729	41.7579	39.1816	36.954	34.891	33.322	31.7724	30.8523	30	
116	108.821	102.112	95.526	89.2942	83.0696	77.0329	71.1047	65.4295	60.4484	55.4673	50.4934	46.1412	42.6349	39.7647	37.1115	34.5234	32.5063	30.9231	29.8965	29	
102	94.5996	87.2525	80.1792	73.8969	68.2154	63.5075	58.9592	54.9738	51.1101	47.68	44.3867	41.4737	38.6291	35.8531	33.693	31.5634	29.6012	28.544	27.7606	27.289	27.0228	27	
102	96.2685	91.0644	86.0127	81.1368	76.3429	71.6252	67.1068	62.647	58.2224	53.9911	49.8947	46.267	43.0204	39.7795	36.7965	34.0011	32.3367	31.1236	30.1098	29.219	28.5157	28	
105	98.6589	92.4411	86.2686	80.2452	74.2737	69.1062	64.3602	59.9577	56.1972	52.5144	49.0392	45.6482	43.5929	41.6737	39.8907	38.1465	36.5969	35.1057	33.8673	32.7716	32.3242	32	
101	95.5328	90.1093	84.7625	79.64	74.5941	70.0518	65.9965	62.3681	58.9093	55.6969	52.5172	49.5565	46.6724	43.8211	40.9807	38.4797	36.318	34.6871	33.702	32.7935	32	
123	115.601	108.361	101.574	94.9142	88.5489	82.5833	76.7007	70.8482	65.1692	60.3198	55.938	51.8579	48.2227	44.7535	41.4502	38.2072	35.4996	33.0335	30.8162	29.6396	28.4933	27.4601	27	
114	103.219	93.8504	85.058	77.8742	70.7338	64.9193	59.5287	55.051	50.9211	47.7585	44.7371	41.8571	39.4987	37.2163	35.2492	33.3255	32.13	30.9563	30.0868	29.5325	29.0652	29	
108	101.047	94.614	88.8289	83.1634	77.709	72.4095	67.3704	62.4369	57.7708	53.1469	48.6145	44.42	40.4576	37.3188	34.6092	32.0192	30.2176	29.6123	29.2534	29	
107	99.2633	92.9573	86.6593	80.649	74.7506	69.5874	65.3035	61.0355	57.2152	53.4507	49.966	46.5053	43.0526	39.8556	36.9304	34.0531	32.8622	32.1509	31.5994	31.2398	31	
105	98.1517	91.3246	84.6664	78.4727	72.5676	66.9229	62.0735	57.4564	53.8668	50.5307	47.3423	44.6115	41.9651	39.4172	36.9327	34.786	32.7168	31.7314	30.8305	30.0915	30	
119	112.111	105.697	99.4551	93.2857	87.4546	81.6452	75.8789	70.2926	64.8791	59.4799	54.268	49.7111	45.5502	41.418	37.3651	33.8232	31.534	30.0726	29.3455	29	
118	109.312	101.116	93.1622	86.0593	79.3595	73.1164	67.384	62.0993	57.4238	53.0796	48.8519	44.7586	41.4803	38.3185	35.4881	32.8547	30.8483	29.0659	28.3493	28.0896	28	
112	105.18	99.0309	93.089	87.8114	82.8051	78.006	73.4996	69.0219	64.8583	60.7519	56.8526	52.9676	49.1896	45.4332	42.9336	40.5412	38.5844	36.7204	34.9136	33.6138	32.4569	31.6642	31	
111	104.007	97.4356	91.1379	84.9034	79.1181	73.3399	67.6109	62.0784	57.0515	52.3966	48.3737	44.6175	41.1983	38.4742	36.4171	34.8234	33.5104	32.3029	31.1374	30.007	30	
106	100.678	95.3658	90.1392	85.1521	80.2874	75.4866	71.069	66.6886	62.3615	58.1089	54.0426	49.9922	46.0057	42.7591	39.5496	36.915	34.685	32.5028	30.7889	29.4903	28.4205	28.016	28	
105	97.9924	91.7642	85.9763	80.2028	74.8623	69.5218	64.3546	59.7718	55.2324	50.9528	46.832	43.4906	40.5028	37.6665	35.0324	33.0766	31.4095	29.9589	28.8259	27.8949	27	
121	113.59	106.455	99.3493	92.7554	86.4953	80.8286	75.288	69.7622	64.4218	59.1185	54.1638	50.7519	47.481	44.3657	41.9032	39.7523	37.7793	35.8137	34.0485	32.2906	31	
112	105.123	98.3365	91.5714	85.2619	79.1768	73.5543	68.6259	64.0621	59.5754	55.1447	51.5343	48.001	44.671	42.1472	39.7286	37.317	35.0315	32.9845	30.9584	28.9885	28	
106	99.8027	93.8164	88.0906	82.7184	77.4516	72.3524	67.2655	62.5385	57.8983	53.3387	49.1017	45.0509	42.6005	40.1563	37.8176	35.5658	33.5248	32.5695	31.732	31	
111	102.743	94.5598	86.3853	78.3766	71.3462	64.3407	57.8906	53.2728	49.227	45.488	41.8318	38.9882	36.4264	33.9807	31.8914	30.4489	29.3379	28.2933	27.6384	27.0912	27	
117	109.141	101.425	93.8607	86.8103	80.1642	73.6781	67.6722	62.3991	57.1597	52.0382	47.9107	43.8169	40.06	36.7327	34.0962	32.4284	30.8363	29.3538	29.0674	29	
108	100.413	93.0393	86.0939	79.6374	73.6088	67.9928	62.438	56.9748	52.589	48.5699	44.6426	41.0056	37.4832	34.1136	31.1872	29.7354	28.5816	27.7182	27.0458	27	
117	109.48	102.314	95.1943	88.0827	81.3636	74.9192	68.726	63.2235	57.831	53.1449	49.2201	45.3896	41.7789	38.6156	35.57	32.5558	31.1429	30.0832	29.0628	29	
109	101.418	93.9959	87.2336	80.5678	74.6739	68.989	63.8027	58.6486	54.8453	51.1867	47.5523	44.4646	41.4091	38.6752	36.1585	33.9553	32.0657	30.4254	29.0584	27.9649	27.0965	27.0322	27	
121	111.825	103.217	95.1365	88.0902	81.5103	75.052	68.6749	62.612	58.4248	54.3795	50.4762	47.171	43.9469	41.0676	38.3302	36.708	35.1669	33.6462	32.2369	31	
120	110.665	101.458	92.5727	84.1177	76.3763	69.368	63.0341	56.8468	53.0641	49.6528	46.7009	43.7978	40.9926	38.7151	36.9557	35.2549	33.8669	33.0263	32.4203	32	
109	99.8222	91.4569	83.3779	76.1114	70.0267	64.5052	59.2423	54.7457	50.7108	46.9991	43.509	40.0742	36.6949	33.8418	31.0164	29.0775	27.3139	27.1385	27.0646	27	
123	112.961	103.264	94.1091	85.0247	77.3071	69.8959	63.3801	57.8423	53.4827	49.6769	46.6842	43.8799	41.1581	38.5424	36.1387	34.3006	32.8867	31.8027	30.8366	30.3299	30.0943	30	
121	112.252	104.197	96.9664	89.9311	83.1354	76.8986	71.336	66.0395	60.9649	55.908	51.5963	47.4444	43.3722	40.0187	37.0555	34.811	33.0721	31.6438	30.2509	29.5234	29.1065	29	
104	96.7243	90.1498	84.0282	78.1258	73.1731	68.3226	63.852	59.8708	56.2183	52.6169	49.4831	46.4004	43.3908	40.7756	38.5476	36.3707	34.4495	32.6086	30.9577	29.8839	29.1242	29	
106	98.0232	90.3497	83.2574	76.2746	69.5024	62.848	56.9687	51.2662	46.7092	43.1968	40.5435	38.7072	37.1405	35.6243	34.2345	33.2153	32.4572	31.9434	31.5644	31.219	31	
114	107.07	100.336	93.6796	87.0652	80.7874	74.9795	69.81	64.6475	59.6604	54.8486	50.3594	45.8773	41.9283	38.7999	35.9731	34.2266	32.9009	32.3818	31.8838	31.3858	31.007	31	
103	95.4946	88.329	81.405	76.1875	71.2796	66.4245	61.6147	57.258	53.1881	49.3373	45.5922	42.0056	38.8418	36.3124	33.798	32.1746	31.6385	31.1628	30.7098	30.2718	30.1284	30	
119	110.405	102.284	94.5086	86.947	80.1583	73.8259	67.9405	62.2507	56.8589	53.2923	49.7256	46.2521	42.8438	39.9105	37.1633	34.5745	32.3582	30.2908	28.9778	28	
102	95.7796	89.6251	84.8691	80.1592	75.4758	71.1287	66.8213	62.5138	58.3185	54.1231	50.4093	47.1837	44.6836	42.276	39.9606	37.9091	36.0027	34.5515	33.1135	31.7481	30.4617	30.0792	30	
118	107.784	98.3991	89.3193	80.5762	73.6638	66.804	60.7228	55.2097	51.1485	47.7712	44.8674	42.6159	40.5432	38.9124	37.3974	36.1664	34.9775	34.0095	33.2625	32.6313	32.0631	32	
109	101.864	95.0625	88.701	82.4307	76.555	70.8768	65.4111	60.4616	56.1877	51.9822	48.4143	45.2791	42.3641	39.6996	37.6272	35.5927	33.6266	32.579	31.9413	31.334	31	
110	101.057	92.4079	85.3338	78.3577	72.1055	65.9805	59.9534	54.2786	48.7407	44.8074	41.06	37.4692	34.348	32.1172	30.6202	29.3287	28.3698	27.7632	27.2153	27	
122	113.654	105.494	98.0397	90.6699	84.2759	78.0251	71.8247	65.7084	59.651	53.7955	49.0001	44.7347	40.8815	37.4742	34.3951	31.5515	29.7763	28.6658	28.018	27.387	27.0925	27	
121	114.115	107.474	101.399	95.4494	89.522	83.8964	78.5949	73.6615	68.7722	63.9566	59.2957	55.1502	51.0267	46.9106	43.5898	40.8212	38.2441	35.7332	33.3696	32	
103	96.1642	89.4328	83.7002	78.3852	73.5173	68.9626	64.4825	60.3526	56.3123	52.6223	49.0367	46.04	43.0656	40.2254	37.512	34.8582	32.4727	30.3407	28.902	28.3355	28.1044	28	
114	106.867	99.771	92.8652	86.1571	79.5662	73.5904	67.8563	62.9497	58.1677	53.5687	50.2	46.9192	43.7482	40.6285	37.6114	34.9018	32.529	30.6982	29.2702	28.2962	27.6152	27.0879	27	
110	101.362	93.2982	85.9528	78.7894	73.1296	67.5847	62.26	57.7972	53.9091	50.3944	47.4161	44.5526	41.7562	39.1322	36.671	34.7365	33.0127	31.5378	30.6664	29.9481	29.3926	29.1437	29	
102	95.2583	89.0608	83.2532	77.5512	72.832	68.3402	63.8647	59.5435	55.2629	51.2342	48.2776	45.5809	43.0548	40.7642	39.2047	37.702	36.2806	34.9322	33.7707	32.7798	32	
122	113.865	105.832	97.9198	90.1963	83.7258	77.7272	71.823	66.7512	61.9455	57.3886	53.2952	49.7338	46.3783	43.083	40.3111	37.5736	35.4539	33.7633	32.6134	31.8324	31.206	31.0601	31	
109	100.417	92.901	86.1478	79.52	73.3104	67.8535	62.6161	57.8387	53.8558	50.521	47.2803	44.1023	41.0707	38.3213	36.126	34.3593	32.603	31.6726	30.784	30	
106	99.8101	94.2224	88.7383	83.5261	78.7995	74.073	69.7867	65.5198	61.3565	57.5105	53.7034	50.1876	46.9114	44.4186	42.0423	39.6855	37.633	36.1179	34.7323	33.664	32.8935	32.4403	32	
122	113.251	104.817	96.4105	88.2912	80.5317	73.3655	66.2713	59.303	54.2678	49.3135	44.683	41.2033	37.8225	34.4957	33.0481	31.9421	31.2228	30.7553	30.3057	30	
115	108.031	101.268	94.8861	88.7805	82.9225	77.4253	72.2112	66.997	62.4761	58.1604	54.057	50.0102	46.0836	42.6099	39.2847	36.9853	35.1317	33.5187	32.0259	31.1839	31	
115	106.87	98.9442	91.0945	83.2957	75.5649	67.9358	62.6744	57.5742	52.6947	48.1631	44.1237	40.271	36.4522	33.0068	31.5981	30.2488	29.0438	28.3819	28.1612	28	
118	109.758	101.944	94.318	88.1709	82.9814	77.8089	72.8331	68.054	63.4116	58.9915	54.5886	50.6473	46.9197	43.3973	40.328	37.6435	35.2411	32.967	31.0519	29.2308	29.0427	29	
119	110.325	102.126	94.6672	87.4732	80.7235	74.4499	68.4407	62.4951	56.6975	51.9579	47.6732	44.2667	40.8706	37.6016	35.7184	34.2796	33.465	32.7245	32.0156	31.3914	31.0529	31	
107	99.9954	93.0049	86.3756	80.5255	74.8807	69.4342	64.0515	59.1858	55.3187	51.4516	47.8112	44.3266	41.2386	38.2498	35.9763	33.7595	32.3925	31.0256	29.7932	29	
114	105.823	97.8766	89.9719	82.2575	75.5352	68.8378	64.2819	59.8169	55.6993	51.7056	48.0262	44.5286	41.337	38.1702	35.5243	33.0437	31.5058	29.9927	29.2981	28.7938	28.3803	28	
109	99.8178	92.5793	85.6951	79.0407	72.4245	66.8425	61.4806	56.8177	52.2218	48.5356	45.5961	42.7046	39.9087	37.2278	35.9927	34.7767	33.666	32.5649	32.3064	32.1245	32	
121	113.09	105.323	98.1732	91.4957	85.4345	79.9811	74.5276	69.4709	64.5071	59.6446	55.2464	50.9917	46.9143	42.9044	39.0803	36.1256	33.1879	30.9761	28.7728	27.7091	27	
109	102.038	95.2951	88.552	82.1442	76.2978	71.2022	66.2232	61.3463	56.6517	52.6422	48.9317	45.4545	42.1522	39.1852	36.5025	33.9803	32.4494	30.9695	30.328	30.0656	30	
120	111.92	103.942	96.0055	88.3989	81.6967	75.155	68.6472	63.3141	58.2515	53.4594	49.9181	46.4951	43.0891	40.0633	37.2743	35.2543	33.5048	32.1525	31.1975	30.3016	29.5325	29	
118	110.497	103.642	96.9415	90.2484	84.6117	79.1138	74.1248	69.3209	64.5324	59.8673	55.8345	51.8788	48.3626	44.9775	42.564	40.1967	37.9528	36.1331	34.375	33.0641	32.6246	32.239	32	
104	98.27	92.5466	87.0052	81.7826	77.0347	72.2934	67.5715	63.0188	58.8823	54.9344	51.071	47.4028	43.8842	40.6452	37.6534	34.9868	32.3787	30.1804	28.4634	27.4618	27.1561	27	
105	98.591	92.2362	86.3072	80.5878	74.9563	70.0549	65.2076	60.6105	56.3581	52.4032	48.4956	45.1762	42.2489	39.5515	37.2597	35.5898	34.2377	32.9127	32.142	32.0338	32	
114	103.322	94.3953	86.0025	77.7164	70.0817	63.44	56.8838	51.673	47.7648	44.0382	41.4755	39.3293	37.2684	35.293	33.7661	32.4527	31.2247	30.1997	29.4629	28.8222	28.3524	28	
113	105.922	100.038	94.1682	88.5968	83.0468	77.8876	72.9274	68.0809	63.3907	59.1766	55.4529	51.7505	48.1405	45.1842	42.6402	40.2951	38.1916	36.2018	34.411	33.0964	32.1654	31.4619	31	
123	114.626	106.642	99.166	92.8075	86.7114	80.7508	75.332	70.0996	64.884	59.787	54.8001	50.1942	46.3757	42.9551	40.051	37.2231	34.7254	32.8204	31.3217	31	
117	106.064	95.538	87.6901	80.2398	73.8304	68.4854	63.1637	57.9006	53.6901	49.8538	46.2164	42.6959	39.2339	36.3333	33.8538	31.6082	29.9474	28.7076	27.6784	27	
109	102.874	97.3871	91.9189	86.5687	81.2619	76.0916	70.9896	65.9745	61.1022	56.8071	52.8037	49.0921	45.5108	41.9791	39.1302	36.6723	34.5868	32.6751	30.8752	30.1676	30	
105	97.2758	89.7636	84.0882	79.0172	73.9619	68.993	64.3695	59.8087	56.0487	52.6576	49.29	46.6839	44.1013	41.6993	39.5092	37.4447	35.7491	34.1321	32.6877	31.7771	31.3532	31	
110	102.95	96.2339	90.0573	84.4842	79.2873	74.2892	69.5751	64.9745	60.4379	56.2989	52.4154	49.0076	45.6992	42.4973	39.4658	36.7609	34.3825	32.778	31.2161	29.9027	28.8732	28	
112	104.647	97.5543	90.4619	83.8294	77.4193	71.4387	65.9794	60.7884	56.3489	52.0014	48.5817	45.7677	43.2834	40.9141	38.8746	36.927	35.1788	33.5763	32.3955	31.9124	31.4984	31.23	31	
113	106.733	100.752	94.9209	89.2756	83.709	78.2138	72.8615	67.9952	63.6504	59.3986	55.4327	51.8597	48.4011	45.0282	42.1699	39.3187	36.8248	34.5667	33.0446	31.5368	30.2005	29.1358	29	
123	111.426	100.805	91.0867	81.9579	74.6724	68.0013	61.5309	55.5119	50.7218	46.5837	42.9096	39.3233	36.3639	33.7933	31.8998	30.5079	29.5674	28.79	28.3135	28	
104	97.7263	92.2249	87.0781	81.9565	76.9299	72.3908	67.9467	63.6988	59.5585	55.4562	51.7148	48.1886	45.0865	42.0225	39.8067	37.61	35.5272	33.7546	32.0453	30.6589	29.5194	28.6964	28	
101	93.9912	87.7346	81.6608	75.7698	70.181	64.6134	59.0598	54.2865	49.6889	45.5554	41.8295	38.4692	35.819	33.6327	31.6503	30.3497	29.7452	29.2742	29.1265	29	
123	114.058	105.573	97.4652	89.4289	82.4869	75.6704	69.123	62.6205	56.952	52.0908	47.5525	43.068	39.0319	35.7134	33.4442	31.4531	29.6144	28.6996	28.2511	28	
104	98.0312	92.118	86.3037	80.5389	75.3795	70.6341	65.9691	61.3411	56.8429	52.3756	48.0628	44.7076	41.4452	38.6276	35.9954	33.7402	31.6455	29.6559	28.3893	28.1174	28.0433	28	
105	98.3988	91.8177	85.6233	79.8022	74.3213	69.6071	64.9263	60.5655	56.3781	52.5975	49.0902	45.7763	42.6557	39.6152	37.1148	34.681	32.534	30.8003	29.2334	29	
102	96	90.0602	84.1472	78.301	73.3177	68.6221	64.0134	59.786	55.7726	52.2341	48.9699	46.0067	43.1505	40.4281	38.1003	36.1137	34.2809	32.6421	31.4381	30.8094	30.2074	30	
101	94.1008	87.4419	81.093	74.7752	69.2171	63.9767	58.7829	54.3953	50.1008	46.5194	43.3101	40.5194	38.5581	36.7752	35.2946	33.907	33.031	32.1628	31.4186	31.0388	31	
101	93.5941	86.218	79.058	73.0603	67.3307	61.6087	56.8105	53.2715	50.2465	47.4451	44.666	42.036	39.7635	37.7817	36.0084	34.9132	33.9148	33.2368	32.76	32.447	32.1565	32	
109	101.226	93.6537	86.3539	79.1907	72.6699	66.7916	62.5113	58.4238	54.6575	51.0357	47.7994	44.5872	41.4634	38.6125	35.9303	33.7782	32.0837	30.831	30.1162	29.5541	29.0482	29	
111	103.11	96.3873	90.4457	84.6006	78.7958	73.8927	69.0782	64.5454	60.1093	55.6892	52.0421	48.7573	45.5449	42.6465	40.1668	37.8562	35.7226	33.7421	32.0997	31.1899	30.2801	29.467	29	
113	104.534	96.5397	89.0448	81.7281	74.6253	67.9235	62.211	57.0421	52.3811	48.4777	45.1447	41.8205	39.2182	36.714	34.3791	32.0709	30.1013	28.4616	27.5436	27.2139	27	
114	105.465	97.1644	89.6985	82.6735	76.4833	70.9589	65.8285	61.1201	57.1059	53.1197	49.3305	45.6914	42.1273	39.1259	36.5092	34.1175	32.5699	31.7914	31.0411	30.6096	30.2626	30	
105	97.3653	89.763	82.6562	75.9149	69.7178	63.6506	57.6566	52.9052	49.5426	46.2207	43.1912	40.1698	38.0175	35.9057	33.9564	32.5919	31.9097	31.3899	31.1949	31	
121	113.414	105.828	98.3255	91.4588	84.7008	78.0515	71.5026	66.0912	61.6165	57.2505	53.6123	50.3754	47.2724	44.2949	41.4846	38.9587	36.6503	35.1114	34.0324	33.1375	32.3178	32.1505	32	
107	97.8502	89.1246	80.8522	73.2932	66.9201	61.9548	57.3075	52.7664	49.2472	45.8341	42.6235	40.1842	38.4101	36.6457	34.9681	33.4833	32.3649	31.285	30.3884	29.8581	29.3278	29	
110	103.27	97.0216	90.8287	84.8148	78.8905	73.6068	68.7503	64.1073	59.7398	55.9234	52.4997	49.1243	45.7557	42.828	40.0105	37.5236	35.3743	33.4593	31.9575	31	
116	108.984	102.071	95.4753	89.0858	82.7036	76.6457	71.1111	65.6206	60.705	56.6443	52.8489	49.1346	45.5234	42.9072	40.3057	37.8663	35.8912	34.6457	33.5255	32.5822	32	
117	109.247	101.62	94.7744	88.3516	81.9757	75.7563	69.8185	64.3267	59.2729	54.6025	51.1446	47.7181	44.4871	41.4204	39.0422	36.7109	34.8959	33.214	31.7354	31.0078	31	
112	104.915	97.8375	91.3683	85.5223	79.8469	74.1938	69.0303	64.0449	59.5788	55.5207	51.4774	47.5603	44.0141	40.4828	37.7749	35.1338	32.7375	31.1944	30.319	30	
119	112.306	105.915	99.5505	93.3137	87.3256	81.3712	75.9006	70.6316	65.5911	60.7254	55.8664	51.1619	47.0959	43.5004	39.9183	37.2636	34.7232	33.7487	32.8213	32.1896	31.6049	31.0336	31	
111	103.299	95.714	88.5426	82.0806	76.2187	70.6064	65.2044	60.0441	55.3126	51.0643	47.3305	43.8773	40.7048	38.6001	36.7137	34.9832	33.2761	32.294	31.4209	31	
119	108.888	99.7888	91.9728	84.6203	77.5482	70.6377	65.3013	60.0942	54.9194	50.2622	45.8421	41.7346	38.3279	35.6435	33.164	31.493	29.8974	28.6253	28.1078	28	
117	108.744	100.765	92.9182	85.4693	78.5509	71.6324	64.7582	59.0002	54.5574	50.634	47.0533	43.8483	40.6764	37.6482	34.6753	32.0228	29.5362	28.4531	28.1989	28	
105	97.517	90.7213	83.9951	77.4465	71.145	64.9439	58.7582	53.1749	48.6805	44.7652	41.1975	38.7109	37.2204	35.7841	34.3863	33.2125	32.3013	31.475	30.7105	30.2239	30	
102	95.4474	89.072	82.9785	77.2787	71.8412	66.6463	62.2911	58.126	54.0594	50.2617	46.6541	43.1778	39.7146	37.3205	35.2282	33.6343	32.1454	30.7483	29.4102	28.446	28.0328	28	
102	95.0159	88.061	82.1121	76.3382	71.2132	66.6422	62.093	57.6168	53.403	49.6704	46.3752	44.0496	41.7386	39.7338	37.78	36.0813	34.39	33.1069	31.8457	31	
109	101.085	94.155	87.404	80.8679	74.878	69.6312	64.5098	60.0241	55.5383	51.2406	47.0862	43.1108	39.3145	36.906	35.3749	33.9424	32.8411	31.7666	30.9608	30.1908	29.5641	29.1253	29	
123	114.708	106.631	99.9645	93.7178	87.5177	81.5324	75.7992	70.4209	65.1732	60.1497	55.1542	50.8776	47.0399	43.4077	40.0369	37.0115	34.0049	31.0449	29.7657	29.1681	29	
106	99.1675	92.6504	86.6309	81.1859	75.762	70.5063	65.8532	61.2141	56.7713	52.6298	48.5163	44.6551	40.8149	37.5844	35.0896	33.0294	31.712	30.5557	29.4345	29	
122	115.047	108.432	101.825	95.3912	89.0784	82.9213	76.816	70.9875	65.6865	60.6103	55.7417	51.2017	46.6789	43.1939	39.9424	37.2098	34.7711	32.4449	30.6808	29.522	28.4843	28.2248	28	
122	114.628	107.264	100.104	93.041	86.3396	79.7437	73.5468	68.4417	63.5775	58.736	53.9245	49.1884	44.5426	41.3576	38.6544	36.0341	33.5644	31.2453	30.0179	29.009	28.2937	28.0376	28	
116	108.961	102.291	95.7	89.2936	83.2854	77.4407	71.7382	67.1378	62.701	58.6694	54.6947	50.7343	47.0582	43.4817	40.0688	36.734	34.1317	31.8421	30.3276	28.9838	27.967	27.1422	27	
108	102.103	96.2921	90.6404	85.0929	79.6068	74.7704	69.9523	65.4285	61.0274	56.6507	52.274	48.2774	44.5198	41.8043	39.1133	36.7963	34.5037	32.2663	30.3171	29.2076	28.6191	28.2697	28	
113	105.988	99.3667	92.8587	86.365	79.928	73.8033	67.8631	62.803	58.0906	53.4349	49.1413	44.8476	40.7171	37.6654	34.6563	32.8182	31.4698	30.2633	29.511	29.0284	29	
121	113.049	105.427	97.8153	90.9634	85.0641	79.3389	73.6229	68.0351	63.6015	59.745	56.1542	53.0214	49.8885	46.829	43.9344	41.1313	38.4198	36.2855	34.1878	32.8412	31.9435	31.284	31	
105	98.4542	92.0389	85.8297	79.9089	74.0431	68.2392	62.552	58.1423	54.0211	50.786	47.702	44.6936	41.9049	39.1643	36.6504	34.3151	32.282	30.9426	29.665	28.5729	27.6937	27	
108	100.483	92.9825	85.8418	79.0769	72.539	66.8546	61.4678	56.2062	51.2108	47.3116	43.6394	40.8677	38.7693	36.6709	35.0815	33.7191	32.482	31.3467	30.4463	30	
102	96.5827	91.2775	86.1199	81.1334	76.3298	71.6501	67.0236	62.4856	58.5259	55.0088	51.5035	48.1575	45.5432	43.2536	40.9639	38.7805	36.7977	35.0745	33.5815	32.7258	32	
103	95.1232	87.2463	79.4278	71.901	65.2245	59.9982	56.4141	52.8466	49.3874	46.9202	44.8363	42.9109	41.0355	39.21	37.4179	35.8009	34.3756	32.9836	32.1917	32	
102	95.747	89.846	84.297	78.8584	73.6337	68.8163	64.2956	59.8026	55.3717	52.328	49.4154	46.6064	43.825	41.0643	38.4347	35.957	33.4861	31.388	29.5038	29	
101	93.3672	86.9328	80.5353	74.5895	69.3811	64.2096	59.665	55.5167	51.5989	47.8747	44.169	41.2836	38.4536	35.9001	33.5679	31.9731	30.4521	29.3367	28.4978	28	
101	94.0757	87.5587	81.8063	76.0754	70.7732	65.5568	60.7262	56.1529	51.6796	48.3854	45.2126	42.2971	39.8461	37.5452	35.6587	34.0723	33.0361	32.4716	32.0071	32	
118	108.605	100.4	92.5921	85.0954	78.9015	72.7455	66.665	61.6703	57.3554	53.3709	49.4054	45.5531	41.9464	38.4529	35.6959	33.2505	31.1355	29.1527	27.8309	27	
116	109.311	102.651	96.146	89.8483	83.9127	78.1177	72.5665	67.1632	61.9521	56.7483	51.8107	47.6344	43.5616	40.0136	36.5321	33.2946	31.321	29.9387	29.0739	29	
112	105.041	98.4148	91.9237	85.6171	80.105	74.7773	69.5206	64.6541	60.2416	56.0702	52.6438	49.6217	46.8125	44.3721	42.0665	39.8035	37.6611	35.6889	33.8799	32.3405	32	
103	97.2206	91.7077	86.4672	81.3155	76.3297	71.6695	67.329	63.0892	58.962	54.8939	51.6667	48.5875	45.5202	42.7667	40.5165	38.3671	36.2827	34.4115	32.9074	31.5751	30.2605	30	
112	104.345	96.7307	89.7791	83.4742	77.4037	71.9232	66.4993	62.6194	58.7556	54.9888	51.319	47.8594	44.812	41.9505	39.9378	38.0624	36.2841	34.8291	33.8672	32.97	32.4607	32	
104	97.3111	91.1995	85.1422	79.3565	73.7609	68.7494	64.0706	59.4936	55.4871	51.8948	48.4858	45.2331	42.3878	39.624	37.1318	34.8704	33.0234	31.3529	29.8453	28.4125	27.292	27	
104	97.1479	91.1669	85.2133	79.342	73.6559	68.3539	63.148	58.2987	53.6689	50.2051	46.9197	44.0869	41.6588	39.3885	37.2485	35.2388	33.5447	32.1454	31.2812	31	
101	94.7773	88.7728	83.2609	77.9672	72.6985	67.7603	63.1275	58.5571	54.2112	50.0336	46.8537	43.8857	41.0862	38.7667	36.5033	34.7325	33.2174	31.8768	30.9166	30.0374	30	
109	102.596	96.9631	91.6191	86.2944	81.3422	76.4606	71.7011	67.1536	62.8694	59.1697	55.5342	52.0722	48.623	45.4885	42.4247	39.7912	37.4468	35.218	34.2417	33.4131	32.7451	32.2569	32	
105	98.379	91.9873	85.6164	79.6693	73.7569	67.9766	62.2449	57.3191	52.56	47.9677	43.5768	39.7626	36.1916	34.0379	32.0786	30.1472	28.7021	27.8337	27.264	27	
114	106.786	99.7019	92.9157	86.311	80.6426	75.3516	70.1622	65.0235	60.2551	55.9874	51.7343	48.5698	45.478	43.1554	41.1595	39.2144	37.5015	35.8685	34.3588	33.0597	32.5081	32	
110	102.383	95.3546	88.506	81.822	75.2477	69.2218	64.199	59.3486	54.5138	49.7025	45.2282	41.6158	38.1837	35.6292	33.7721	32.1736	31.1392	30.4026	29.8228	29.4075	29.1724	29.0705	29	
112	104.884	97.8638	91.0635	84.5493	78.1011	72.0197	66.217	60.6345	55.1179	49.8288	45.2806	40.8937	37.8567	35.2745	33.4478	32.3841	31.3645	30.7556	30.4768	30.2127	30	
104	98.3529	92.7228	87.1266	81.6489	76.5948	71.9021	67.328	63.104	59.4616	55.9492	52.6852	49.7939	47.0664	44.8188	42.6221	40.4593	38.4828	36.5176	35.0438	33.8579	33.0673	32.3332	32	
112	105.404	98.9648	92.7261	86.7699	80.9922	75.2294	69.816	64.9158	60.075	55.3457	51.5385	48.0437	44.5636	41.2026	38.1911	35.8116	33.7741	32.0192	30.4354	29.3349	28.3459	27.6097	27	
107	100.037	93.1104	86.2656	79.7907	73.4416	67.1961	61.5352	56.3405	52.3224	48.3856	45.2777	42.9245	40.6306	38.3736	36.1758	34.3333	32.5055	31.0551	29.627	28.3024	27.4884	27	
110	102.844	96.4052	90.2875	84.2503	78.2496	72.9871	68.1266	63.2953	58.5664	54.1225	49.9417	46.0679	42.6181	39.7383	36.9536	34.7024	32.9044	31.501	30.105	28.8917	28	
107	99.6512	92.7054	85.8837	79.9225	73.969	68.3178	63.3256	58.8372	54.5969	50.6279	46.7209	43.5736	40.4264	37.3643	34.3876	32.1705	30.4574	29.1085	28.124	27.4419	27	
109	102.879	96.8136	90.9102	85.5106	80.3101	75.2713	70.4938	65.9278	61.4551	57.2126	53.0136	49.0696	45.8224	42.8862	40.2238	37.58	35.3965	33.9471	32.9331	32.4292	32.2115	32.0062	32	
111	103.643	97.1393	91.117	85.2343	79.3827	73.9657	68.9678	64.0009	59.3523	54.8355	50.3188	45.9262	42.4028	39.0657	36.1632	33.3072	31.2351	30.296	29.3725	29.0776	29	
123	113.254	104.135	95.0562	86.3599	79.1065	72.6677	66.4057	60.3595	54.9317	50.2106	45.519	42.0346	38.9428	36.2142	33.7015	32.2586	31.5225	30.8256	30.1386	29.7656	29.3926	29.1276	29	
105	97.6288	91.5098	85.7037	79.9946	74.4196	69.2844	64.179	59.3493	55.3917	51.9483	49.2205	46.5746	43.9511	41.3872	38.8978	36.6842	34.7017	32.8235	31.2061	30.4012	29.7528	29.3503	29	
106	99.5142	93.0348	87.5218	82.4175	77.566	72.7535	67.9864	63.3491	58.8544	54.7683	51.0519	47.342	43.6515	40.2789	37.1916	34.727	32.2948	30.5436	29.7264	29.0454	29	
109	99.6579	91.0064	82.7769	75.6888	69.8572	64.7929	60.3808	56.2277	52.1609	48.1613	44.1712	40.5073	37.5531	34.9538	32.3545	30.3979	29.3332	28.7194	28.3165	28	
123	114.113	105.414	97.1531	88.8917	82.1755	75.6914	69.7254	64.9383	60.1511	55.7391	51.8183	47.969	44.8073	41.994	39.2253	36.5013	33.947	33.1164	32.3126	32.1518	32.0625	32	
107	98.6043	90.7996	83.1357	75.7156	68.727	63.0142	57.9768	53.2771	48.5868	44.1028	40.163	37.2456	35.088	33.4464	32.3489	31.3452	30.3977	29.6379	29.0563	29	
114	107.149	100.443	93.9797	88.0291	82.12	76.2386	70.7105	65.2794	60.9774	56.8695	53.5097	50.2191	47.3997	45.0721	42.8553	40.687	38.6365	36.87	35.3182	34.2791	33.4132	32.6581	32	
110	102.42	94.8486	87.6271	80.8627	74.3725	68.5984	62.9233	57.9033	53.5993	49.8667	46.1874	43.0261	40.0324	37.4272	35.439	33.5955	32.3081	31.5007	30.9293	30.419	30.099	30	
118	111.217	104.499	97.9777	91.6017	85.4147	79.3513	73.8695	68.8748	64.2218	59.8015	55.7883	51.8333	48.06	44.4176	41.8076	39.5902	37.5981	36.1586	34.7772	33.5195	32.5307	32	
114	107.722	101.902	96.1269	90.5424	85.1041	79.7549	74.6219	69.578	64.8331	60.3362	55.9538	51.5777	47.3162	43.22	40.3132	37.4955	35.3266	33.8954	32.4707	32	
101	93.4855	87.3508	81.3741	76.0623	71.399	66.8105	62.5711	58.6475	55.1895	51.7648	48.4065	45.5137	42.7623	40.3101	38.1987	36.4281	35.3142	34.2086	33.2527	32.3633	31.6733	31	
119	110.558	102.912	95.335	87.8359	80.4319	73.2615	66.3937	61.8268	57.4069	53.1254	49.3196	45.5658	42.2443	39.7273	37.6947	35.8178	34.3647	33.0413	31.7785	31.0259	31	
120	112.407	105.066	97.7969	90.6935	83.7087	76.9766	70.537	64.1605	57.9895	52.3478	46.88	43.3481	40.2902	37.4378	34.8856	32.689	30.6189	28.7778	28.0904	27.6558	27.3003	27.1343	27	
123	113.441	104.013	96.0583	88.7299	81.563	75.143	69.7224	64.3926	59.4867	54.9948	50.9773	47.0102	43.6286	40.2672	38.0162	35.9267	34.2813	32.8176	32.3836	32	
116	107.609	99.7476	92.0159	84.9061	78.7987	73.3688	68.2917	63.4559	58.8336	54.9167	51.0926	47.3242	44.1591	41.3467	38.9335	36.6873	34.8681	33.2438	32.8168	32.4641	32.232	32.0743	32	
115	107.905	101.095	95.0789	89.3257	84.0027	78.9277	74.1224	69.4994	65.1025	61.041	57.1326	53.5159	50.1617	46.8877	43.6283	40.8283	38.0647	35.549	33.3323	31.9688	30.9406	30	
104	97.1531	90.8844	84.8664	79.4056	74.126	69.3408	65.0293	60.7944	56.7964	52.9515	49.246	45.631	42.9146	40.421	37.9762	36.8548	35.7752	34.8697	34.013	33.2468	32.5572	32.0836	32	
113	106.602	100.308	94.041	88.2069	82.7302	77.2809	71.8591	66.6366	61.4829	56.336	51.3883	47.3065	43.3003	39.7271	36.2569	33.1234	31.5154	31.268	31.1168	31	
110	103.895	97.8683	92.0749	86.8329	81.6623	76.8161	71.9894	67.1886	62.498	58.6444	55.1217	51.6443	48.6795	45.9223	43.1781	40.7128	38.4292	36.2039	33.9917	33.2067	32.5255	32.2206	32	
108	100.566	93.4048	86.721	80.5222	75.21	70.1252	65.3056	60.5239	56.1665	52.1729	48.5279	45.3451	42.2079	39.5783	37.2518	35.077	33.8266	32.7581	31.7048	31	
121	111.903	103.067	95.5071	88.008	81.1221	74.578	68.1143	62.2739	56.9763	52.3119	48.1201	44.0489	40.5205	37.6756	35.4943	33.5843	31.6844	29.8147	28.3571	27.4323	27	
101	95.2484	89.68	84.5535	79.5911	74.6666	69.8052	65.0386	60.354	55.8588	51.8119	47.8975	44.1852	41.18	38.4274	36.0472	33.9069	32.1202	30.5608	29.2097	28.067	27.2273	27.0189	27	
109	101.886	94.8565	88.1885	81.6897	76.2215	71.3532	66.4926	61.955	57.5866	53.818	50.3418	47.0732	43.8891	40.7666	38.1518	35.7522	33.6449	31.5838	30.1609	28.7612	27.5845	27	
122	113.265	104.594	96.716	90.8955	85.3332	79.7986	74.4576	69.6794	65.0211	60.8978	57.0236	53.297	49.7364	46.3326	42.9934	39.9678	37.0344	34.4608	32.3392	31.0201	30.1069	29.4981	29	
103	96.2828	89.8612	83.5357	77.4614	71.9782	67.3449	63.1328	59.0833	55.4697	52.0927	48.7673	46.0627	43.698	41.3333	38.976	37.0473	35.163	33.552	32.1184	30.8991	29.8203	29	
101	94.936	89.0131	83.2434	77.8049	72.8507	68.0988	63.8743	59.754	55.6766	51.6299	47.8407	44.5971	41.5314	39.269	37.2456	35.2774	33.4502	31.8254	30.2803	28.9191	28.1895	27.5886	27	
120	112.378	105.133	98.1366	91.4612	85.0105	78.8085	72.9996	67.2791	61.6387	56.9531	52.5082	48.304	44.1319	40.2968	37.288	35.6673	34.1108	32.6185	31.1984	30.2998	29.6579	29.2166	29	
106	98.9915	92.2697	85.555	78.9479	72.3837	66.2065	60.7603	55.83	51.4873	47.2736	43.3036	40.6163	37.972	35.6287	34.0879	32.6189	31.4436	30.3257	29.43	29	
120	112.73	105.622	99.0043	92.7864	87.028	81.6994	76.6005	71.5165	66.7438	62.2082	57.6948	53.7373	49.9057	46.1112	42.3538	39.4857	36.8622	34.9501	33.29	32.5045	31.7263	31	
103	97.1536	91.3141	85.7718	80.4022	75.5716	70.7826	66.0211	61.3772	57.0373	53.0913	49.1522	46.2498	43.6237	41.2188	38.959	36.7683	34.785	33.0988	32.539	32.1797	32	
101	94.5422	88.1436	81.9418	76.2781	71.1723	67.1231	63.1001	59.0968	55.7432	52.9672	50.2436	47.566	45.0459	42.6112	40.3076	38.0435	36.0681	34.2568	32.5767	30.9885	30.2929	29.63	29	
105	99.6421	94.3222	89.2791	84.2903	79.5295	74.8502	70.578	66.5772	62.7609	59.0316	55.6008	52.2894	49.0106	45.8403	42.8601	39.9721	37.2253	34.7119	33.4199	32.1605	31.1671	30.2606	30	
101	94.5369	88.2679	82.0571	76.0403	70.593	66.2907	62.3701	58.6566	55.1501	52.1094	49.321	46.6231	44.1906	41.8486	39.5195	37.3975	35.3984	33.6904	32.1054	30.9473	29.951	29.4399	29	
122	114.817	107.87	100.988	94.1553	87.7283	81.5938	75.5813	70.1699	65.0186	60.3304	56.0404	52.4166	48.8578	45.364	41.9189	38.612	35.5651	33.0707	30.9907	29.4713	29	
119	110.071	101.676	94.6346	87.8595	81.418	75.2623	69.4878	64.0087	58.6534	53.5459	48.5242	43.531	38.9286	36.0699	33.8592	32.0773	30.8195	30.3812	30.0286	30	
123	114.883	107.101	99.3438	92.1153	85.0461	78.7233	72.543	67.1006	62.3375	58.5639	55.0419	51.5618	48.3501	45.2474	42.6059	40.0482	37.6164	35.8553	34.3627	33.1468	32.1237	31.26	31	
109	103.673	98.4532	93.3342	88.2259	83.2988	78.5048	73.8439	69.1937	64.682	60.2822	56.5695	52.9686	49.6288	46.582	43.8653	41.3192	38.8636	36.4932	34.1335	32.2319	31.1719	30.1598	30	
113	105.305	97.7306	90.4136	83.5776	76.9133	70.6183	64.4178	58.286	52.8069	48.0577	44.3305	41.4106	38.5422	35.9315	33.8961	32.0841	30.4438	29.542	28.7691	28.0391	27.4723	27	
114	105.868	97.8629	90.917	84.1981	78.0342	72.2572	67.464	62.8642	58.6764	54.5139	50.7887	47.3241	44.8603	42.4805	40.2016	38.1498	36.4091	34.7525	33.18	31.7505	30.3461	29.1436	28	
109	101.353	94.0568	87.0252	80.3284	73.9431	68.0951	62.7143	57.3802	52.5211	48.2773	44.1346	40.4358	37.0329	33.9337	31.5041	29.9467	28.5762	28.3738	28.1791	28.0467	28	
107	99.1448	91.5611	84.2579	77.1086	70.9367	65.0543	59.8869	55.3258	50.9729	46.8733	43.8778	41.0181	38.457	35.9955	33.552	31.2624	29.0452	27.4163	27.1719	27	
122	113.444	105.082	96.979	89.7283	83.0054	76.5696	71.1709	66.3093	61.5588	56.8361	52.3634	48.5668	45.122	41.9365	38.9547	36.26	33.9079	31.9077	30.176	29	
107	98.3678	89.7707	81.8154	74.5281	68.0584	63.0742	58.8548	54.7233	50.75	47.1459	44.0605	41.2475	39.3312	37.5556	36.026	34.5404	33.679	32.9933	32.3956	32.0703	32	
109	101.998	95.8232	89.9981	84.2185	78.5984	73.0315	67.4874	62.1104	57.3257	52.617	48.1513	44.6957	41.7186	38.8174	36.2201	33.8657	32.1493	30.9493	30.2658	30	
102	96.6051	91.961	87.496	83.0715	78.6585	74.3032	70.0347	65.9278	61.8498	57.9856	54.1964	50.5574	46.9877	43.5451	40.8245	38.2773	36.1574	34.1242	32.2816	30.7913	30	
102	96.2545	90.958	85.7191	80.6183	76.2948	72.0691	67.9067	64.0956	60.3362	56.692	53.0766	49.726	46.502	44.0207	41.7064	39.6223	37.6822	35.8687	34.4755	33.4796	32.6678	32.2994	32	
121	113.772	106.673	100.643	94.9014	89.266	83.6459	78.0257	72.4131	66.8308	61.2865	56.1972	52.1319	48.0817	44.3425	40.6639	37.8652	35.3926	33.0187	30.9632	30	
109	102.481	95.9895	89.5314	83.3961	77.6981	72.4845	67.5198	62.878	58.5928	54.4959	51.1255	48.2261	45.5419	43.1941	40.8934	38.7272	36.7898	35.108	33.9711	32.9015	32.2556	32	
111	102.296	94.0288	86.2807	79.0425	72.3323	66.3596	60.4234	54.7876	49.698	45.6555	42.1958	39.0819	36.1684	33.5008	31.4795	30.0501	28.9029	27.7648	27.0728	27	
113	105.241	97.8963	91.226	85.4006	79.949	74.6679	69.8338	65.0159	60.263	55.8025	51.9839	48.206	44.9399	41.7388	38.8951	36.2953	33.9716	32.0054	30.0799	28.9506	28	
113	105.085	97.5045	90.689	84.0039	77.9131	72.0016	66.204	60.5122	55.0892	49.7476	45.2854	41.5886	38.3804	35.5467	33.739	32.1268	30.8728	29.6514	29.4153	29.2687	29.1384	29.0326	29	
122	114.349	106.798	99.4482	92.2843	86.1106	80.4552	74.9004	69.4462	64.0539	59.1954	54.3911	49.8652	45.4787	41.595	38.6242	35.7075	33.3711	31.994	30.6324	29.8433	29.3946	29	
118	111.462	105.131	99.0392	93.1068	87.4538	81.8141	76.2476	71.1998	66.2784	61.3636	56.6217	51.973	47.537	43.5068	39.7425	37.5279	35.4396	33.4245	31.5557	29.7334	28.3368	27.1663	27	
108	100.452	93.5279	86.9343	80.6099	74.4548	69.1769	64.0374	59.1133	54.7124	50.5116	47.5572	44.772	42.1099	39.5402	37.2397	35.6702	34.3007	33.2081	32.2926	31.4232	31	
103	95.4964	88.4545	82.414	76.7179	71.7651	66.8513	62.1724	58.3462	54.7157	51.3199	47.9554	44.9431	42.1263	39.5364	37.2517	35.4834	34.0124	32.8622	31.9859	31.1487	31	
111	103.723	96.8376	90.0357	83.7547	77.4813	71.691	66.2858	61.039	55.9055	50.8777	46.3708	41.9243	37.8704	34.1712	32.2386	31.2799	30.457	29.7247	29.234	29	
105	99.6597	94.7854	89.955	85.1959	80.5245	75.9902	71.6478	67.6563	63.7744	60.0844	56.5644	53.0938	49.6944	46.487	43.3398	40.1926	37.3251	35.1868	33.4761	32.078	30.9431	30.0219	30	
115	108.06	101.309	94.7962	88.5349	82.5815	76.6701	70.8076	65.9595	61.1464	56.3963	52.6466	48.9948	45.4059	42.8385	40.355	37.8784	35.4159	33.0094	30.9876	28.9798	28.0494	27.3568	27	
118	111.189	104.431	97.6808	90.9686	84.6288	78.3118	72.4054	66.8486	61.2994	55.9402	51.5465	47.9433	44.553	41.8392	39.209	36.9513	34.7012	32.9529	31.3337	29.9578	29.0456	29	
105	97.985	92.4833	87.1009	81.9124	76.7611	71.8856	67.286	62.7609	58.4892	54.4413	50.6095	47.5903	44.6232	41.865	39.2036	36.6093	34.0896	32.2333	30.5112	29.1843	28.081	27.0969	27	
106	100.283	94.6006	89.3912	84.4184	79.6878	74.9688	70.4806	66.1192	62.1675	58.2389	54.8929	51.6623	48.5182	45.6279	42.7838	40.0436	37.338	34.6669	32.3997	30.1383	28.4769	27	
123	115.332	107.781	100.374	93.8592	87.6327	82.019	76.4233	70.8997	65.8627	60.9698	56.5455	52.1843	48.1475	45.0388	42.0022	39.4071	36.893	34.6584	33.1716	31.9912	31.4595	31	
109	99.3312	90.8776	82.4345	74.2345	66.0451	58.8278	53.7345	49.8459	45.9889	42.766	39.5536	36.3941	34.4392	32.6851	31.2162	29.8637	28.8175	28.2152	27.6235	27.2853	27	
105	98.7318	92.5138	86.5345	80.6746	74.9026	69.319	64.5581	60.2495	56.2173	52.43	48.806	45.6091	42.5001	40.2704	38.204	36.3324	34.8187	33.55	32.3629	31.358	31.0188	31	
110	102.742	95.7192	88.9567	82.6272	76.5103	71.0546	65.8037	60.7101	56.0968	52.1606	48.2873	45.0517	42.1152	39.2575	36.7462	34.3844	32.3297	30.3616	28.7477	27.8975	27.3779	27	
123	114.452	106.124	98.1554	90.677	83.4386	76.7401	70.5014	64.5227	60.0437	56.0346	52.3454	48.7461	45.3669	42.5075	40.118	37.8585	35.649	33.7594	32.0998	31	
123	113.785	105.36	97.3548	89.8379	82.487	75.7315	69.1811	63.8607	59.5459	55.231	51.0039	46.7964	42.9892	39.8458	36.9074	35.4821	34.2521	33.0611	32.0068	30.9817	30.0934	29.3222	29	
104	96.1216	88.7901	82.9282	77.0745	71.6616	66.4937	61.5789	57.3906	53.2596	49.2591	45.2995	42.1154	39.3233	37.4129	35.5106	33.9676	32.7021	32.1796	32.0571	32	
107	100.91	95.3342	90.1014	84.9003	79.7247	74.7395	69.9957	65.3789	61.0162	56.8439	52.7859	48.8994	45.8512	42.8093	39.7992	36.9288	34.4013	32.3628	30.6545	29.2574	28	
109	101.597	94.9603	88.6363	82.9216	77.4046	72.1345	67.5233	63.1014	58.8442	55.1552	51.8038	48.5676	45.7597	43.0588	40.5638	38.1346	35.7714	33.4904	32.1729	32	
116	109.327	102.935	96.6387	90.5477	84.9015	79.4264	74.3072	69.2085	64.363	59.805	55.9519	52.1262	48.4921	45.255	42.1821	39.5403	37.015	34.5101	32.0258	30.4106	30	
112	106.257	100.593	94.9894	89.4118	84.1585	78.9514	73.9627	69.0203	64.3029	59.7972	55.3179	50.9445	46.6174	42.4359	39.2733	36.382	34.3243	32.2864	30.6125	29.1305	27.7146	27	
109	102.563	96.2222	90.1723	84.2773	78.4534	72.6617	66.9734	61.4271	55.9906	51.6775	48.1198	44.5622	41.2435	37.9828	35.6649	33.4373	31.2614	29.389	28.0912	27.1808	27.0452	27	
116	108.808	101.955	95.7839	89.6592	83.5805	77.6554	72.2829	66.9717	62.1211	57.4393	52.7652	48.2139	44.1921	40.2241	37.1004	34.7748	32.48	30.3003	28.4813	27.4221	27.0461	27	
105	97.3679	89.8203	82.5956	76.0856	69.6832	63.3654	58.8461	54.5266	50.5453	47.0021	44.1199	41.2761	38.586	36.58	34.7892	33.252	31.7532	31.3459	31.1076	31	
113	106.256	99.5927	93.6981	87.8852	82.0994	76.5107	71.7856	67.1216	62.8315	58.8338	54.9041	51.3687	47.8809	44.6583	41.558	38.4917	35.8266	33.5898	31.8153	30.6323	30.1904	30	
122	112.432	103.814	95.409	88.0861	81.1881	75.7161	70.3251	65.1971	60.1095	55.204	50.9356	46.9101	43.1778	40.0525	37.8273	35.8853	33.9635	32.5576	31.5158	31.0809	31	
102	93.6222	85.3955	78.9917	73.098	67.2515	62.3495	58.2503	54.2172	50.5903	47.0956	44.4793	41.9386	39.6246	37.32	35.1854	33.693	32.6068	31.5773	30.6234	30	
103	96.7806	91.1224	85.5099	79.9627	74.8331	69.9255	65.2723	60.7171	56.201	51.7436	48.0825	44.5257	41.0603	37.7124	35.0432	33.1049	31.754	30.6511	29.7831	29	
102	96.107	90.2628	84.9744	79.8386	74.7761	70.1106	65.8114	61.5367	57.6589	54.2392	50.8316	47.4546	44.4073	41.641	38.9662	36.5052	34.3129	32.316	30.7587	29.5008	29.2137	29.0183	29	
113	105.643	98.6023	91.8455	85.3807	79.7053	74.1562	69.0254	63.9736	59.1664	54.4303	50.1757	45.9685	41.7692	38.9591	36.4016	34.7203	33.2205	31.9023	30.7815	30	
102	94.4594	88.4367	82.5043	77.1135	72.018	67.2344	63.1482	59.3902	55.7224	52.6783	49.7326	47.1069	44.6125	42.3397	40.1981	38.0565	36.0544	34.2165	33.2975	32.4605	31.7139	31.3036	31	
112	105.251	99.013	92.811	86.8496	81.0484	75.5534	70.4081	65.2702	60.4092	55.7814	51.1754	47.3493	43.6689	40.455	37.4305	34.4935	31.899	29.5377	28.3935	28	
108	100.438	93.2219	86.0879	79.176	73.2023	67.5329	61.9705	56.5727	51.9402	47.4886	43.1029	39.0216	36.4955	33.9859	31.4845	29.2463	27.8722	27.4937	27.2222	27	
120	112.581	105.338	98.6688	92.0682	85.4983	79.0202	72.8786	66.867	61.2072	55.6927	50.8666	46.7595	43.0271	39.3635	35.9676	33.3213	32.22	31.2869	30.4302	29.9713	29.5201	29.1453	29	
120	110.719	101.449	92.4661	84.1964	76.1714	68.1678	60.5473	53.4589	47.818	43.4224	39.9102	37.3771	35.1846	33.024	31.1828	29.3947	28.075	27.4896	27.149	27	
113	105.37	97.9645	91.1641	85.2262	79.3464	74.0139	68.9965	64.1533	59.335	54.5747	50.6355	46.7128	42.8233	39.0831	35.7078	32.5067	29.347	28.3518	27.6635	27.1161	27.0332	27	
123	114.195	105.687	97.8693	91.3802	85.2052	79.3175	74.1118	69.0139	64.6519	60.7028	56.7717	52.9303	49.1966	45.5436	42.3574	39.2251	37.0531	35.4106	34.1002	33.2655	32.4667	32.2244	32	
102	93.7264	86.2663	78.9966	71.7874	65.487	59.9222	55.7681	51.7352	47.7974	44.3183	41.4018	38.9439	36.6851	34.6686	33.0156	31.7261	30.5578	29.4587	29.026	29	
101	94.5502	88.2434	82.4828	77.3593	72.3074	67.7431	63.4129	59.4403	55.6627	51.9827	48.3482	45.2078	42.2364	39.5967	37.0805	34.8829	33.0819	31.5084	30.1886	30	
109	103.113	97.5467	92.3087	87.0767	82.1725	77.4078	72.7343	68.346	64.0123	59.7272	55.7698	51.8428	47.9218	44.1344	40.7476	37.9556	35.5035	33.1546	31.4551	30.0226	28.7359	27.6677	27	
116	108.455	101.257	94.5727	88.0269	81.5042	75.4041	69.9647	64.9862	60.3765	55.8975	51.7027	47.5309	43.5051	39.5869	36.0374	32.7646	29.8297	29.4072	29.0922	29	
122	114.193	107.064	100.022	93.2474	86.5831	80.5411	74.9088	69.686	64.5893	60.2331	55.9399	51.7176	47.9522	44.6516	41.3982	38.6332	36.0731	33.828	31.9217	31.4096	31	
109	100.964	93.3795	85.8292	78.5431	71.3592	65.7945	61.1842	56.7273	52.5601	48.5634	45.6319	43.297	41.1324	38.9764	37.1016	35.5421	34.0593	33.139	32.6106	32.1078	31.6136	31.3068	31	
114	103.925	94.5859	86.7598	79.1353	71.9647	66.1657	60.8608	55.6468	51.9757	48.7182	45.7229	43.1915	40.771	38.4918	36.2529	34.3467	32.834	31.5531	30.3631	30	
109	101.709	94.6645	87.9138	81.6188	75.8259	70.1874	64.912	60.4476	56.4157	52.4765	48.7845	45.3165	42.2964	39.5236	37.2527	35.9011	34.812	33.7924	32.7883	31.8228	31.0813	30.4403	30	
105	97.8952	91.052	85.1654	80.5297	76.1475	72.1495	68.2251	64.3416	60.4908	56.6972	53.2143	49.8622	46.5673	43.3133	40.3292	37.3695	34.508	32.2106	30.4528	29.7415	29.0874	28.4824	28	
117	110.135	103.615	97.2662	91.1657	85.0996	79.2263	73.4976	67.7895	62.1848	57.5164	53.151	48.9233	45.0606	41.5352	38.3748	35.2557	32.2605	29.3273	27.3787	27	
122	113.831	106.159	99.5566	93.1858	87.2859	81.5402	75.8972	70.2628	64.8511	59.4821	54.3273	49.943	46.672	43.4695	40.8835	38.6143	36.3794	34.4099	32.6288	31.3958	30.3939	30	
110	103.475	96.9775	90.4865	84.1713	78.3024	72.785	67.3083	62.1155	57.565	53.2242	49.8096	46.9428	44.3126	41.723	39.2347	37.0102	34.9345	33.6498	32.6423	32.2975	32	
123	114.929	106.956	99.2978	91.9308	84.669	78.4098	72.1992	66.118	60.9749	56.6727	52.4191	49.3866	46.629	43.9766	41.405	38.8739	36.5611	34.2725	32.17	30.4071	29.7521	29.3396	29	
123	114.018	105.082	97.0777	89.6623	82.591	76.3979	70.4221	64.8266	59.3397	54.1879	49.9686	45.7674	42.019	38.4607	34.9295	33.2002	32.0684	31.5885	31.2354	31	
123	115.569	108.217	101.043	94.1117	88.2951	82.5252	77.0283	72.272	67.9524	63.8512	59.8435	56.2958	52.7637	49.255	46.6586	44.0621	41.4891	39.0876	37.0915	35.306	33.5516	32	
113	103.926	96.1064	88.5451	81.0932	74.3279	68.5474	63.2048	57.9019	52.8179	48.4702	44.7094	41.267	38.1529	35.1384	32.5019	30.6215	29.6166	28.6217	27.7661	27.0099	27	
121	113.024	105.573	98.2043	91.4838	84.8289	78.3709	72.1017	66.5464	61.5408	56.7076	52.3093	48.6742	45.1539	41.9782	39.4673	37.0384	34.9705	32.9683	32.4349	32	
113	104.384	96.1947	88.1214	80.9204	74.0132	67.4353	61.3113	55.9173	51.6892	47.746	44.061	41.5954	39.379	37.2784	35.4981	34.0295	32.9168	32.4362	32.1246	32	
119	111.827	104.863	98.095	91.5364	85.2815	79.6847	74.1095	68.5561	63.1111	57.8035	53.1756	49.213	45.9373	42.9364	40.0801	37.4769	35.163	33.1238	32.191	31.3739	30.6436	30	
101	92.9824	86.44	80.0226	73.9636	69.5048	65.3877	61.4372	57.6034	54.1281	50.8694	47.8023	44.7687	41.8017	38.918	36.126	33.3841	30.7004	28.7752	27.9584	27.175	27	
122	114.656	107.345	100.725	94.4734	88.3537	82.661	77.1081	71.6537	66.265	61.0324	55.8327	50.9533	46.3943	42.5335	38.837	36.233	33.8508	32.2655	30.9347	29.604	28.3636	27.3861	27	
113	104.922	97.3083	89.8128	82.3257	74.9146	68.1956	61.7299	55.779	51.7105	48.0556	45.5233	43.1092	41.0497	38.9985	36.9811	35.0819	33.2334	31.714	30.2875	28.8779	28.3376	28	
105	96.0213	87.5009	80.5175	74.1722	67.9886	62.2994	57.2304	52.5298	47.8472	43.9106	40.5132	37.6192	35.2824	32.9995	31.4177	30.3032	29.71	29.3955	29.1348	29	
104	98.699	93.5751	88.5875	83.6885	78.7963	74.5718	70.4154	66.2864	62.205	58.2054	54.5396	51.0238	47.9235	45.1299	42.6429	40.6193	38.6842	36.9603	35.475	34.2349	33.4581	32.6814	32	
113	104.85	97.2202	90.1376	83.3541	77.7068	72.0681	66.6345	61.6024	56.7582	52.1874	47.8217	43.55	39.6371	37.4585	35.7327	34.135	32.956	32.0163	31.2388	30.5553	30	
105	97.8117	90.7917	84.1929	78.0763	72.5185	67.6191	63.0948	58.6088	54.23	50.0119	46.0081	42.2953	38.9882	36.1098	33.7826	31.8228	30.2152	28.8832	27.6124	27	
122	114.56	107.236	99.9739	92.9964	86.1422	80.3969	74.7056	69.0835	64.1469	59.8957	55.6908	51.5551	48.0124	44.6777	41.4739	38.7399	36.6605	34.6197	32.6404	31.3389	31.2002	31.0847	31	
106	98.6081	91.8045	85.2498	79.0044	73.0003	67.7807	62.5762	57.9524	53.6002	49.4442	45.5672	41.8335	38.1073	35.7691	33.4308	31.5677	29.8782	28.7694	28.0528	28	
103	96.7035	90.7923	84.8937	79.0709	73.3301	68.4925	64.1728	60.0172	56.1711	52.6282	49.1736	46.0601	43.4392	40.9952	38.7342	36.5238	34.7303	33.063	31.4841	30	
113	106.008	99.5594	93.2248	87.2044	81.2697	75.4707	69.7074	64.6725	59.7805	55.4812	51.2962	47.2112	43.8475	40.7337	37.9628	35.2132	32.9422	31.0639	30.2641	29.5428	29.1785	29	
120	110.745	101.858	93.5101	87.2407	80.9828	74.8857	69.0182	64.0693	59.2122	54.8489	50.6579	46.4668	42.2987	38.6702	35.7996	33.928	32.7568	31.8727	31.4134	31	
103	96.1225	89.62	83.3747	77.2474	71.2452	65.8057	60.3731	56.0521	52.2798	48.8897	45.7844	42.9639	40.7061	38.4692	36.5726	34.7594	33.0505	31.4249	30.2161	29.5075	28.8267	28.4029	28	
104	97.4526	91.38	85.365	79.458	74.3999	69.8383	65.4422	61.1756	57.3191	53.477	50.0162	46.6058	43.5335	40.9721	38.7345	36.5976	34.8636	33.7628	32.6619	32	
110	103.958	98.0037	92.2782	86.7385	81.3662	76.0125	70.7765	65.7016	61.0109	56.9522	53.4016	49.9006	46.6351	43.4749	40.3829	37.5387	34.7751	32.9967	31.5839	30.6854	29.8613	29.2107	29	
103	95.4941	88.9677	82.7061	76.5409	70.3837	64.4753	59.6427	55.0669	50.8925	46.9831	43.5071	40.1676	37.0207	35.1182	34.2271	33.4003	32.6136	32.1078	31.6984	31.3372	31	
118	109.305	100.665	92.1129	84.6515	77.342	70.0504	63.8757	58.1389	52.7953	47.9699	43.5646	40.4102	37.5865	35.0487	33.342	32.1446	31.0991	30.2234	30.0089	30	
118	110.441	104.14	98.0126	92.0672	86.4474	81.1154	75.8213	70.7998	65.7859	61.1053	56.5761	52.2136	47.8813	43.7082	40.3908	37.0962	34.3923	32.2944	30.2494	29.5451	28.8558	28.3711	28	
119	110.911	102.873	94.9267	87.4823	80.088	73.5218	66.989	61.7361	56.7257	52.0917	47.876	44.4883	41.4018	38.9342	36.7511	34.6181	33.3718	32.5437	32.2677	32	
120	113.876	107.824	102.091	96.3634	90.7078	85.3123	80.2937	75.3662	70.8547	66.3562	61.9552	57.7688	53.6668	49.8184	46.1975	42.7262	40.2949	37.8961	36.3555	34.8993	33.4822	32.4615	32	
121	112.547	104.362	97.1984	90.1298	83.3034	76.8231	71.2425	66.0427	61.0332	56.7505	52.7273	48.7474	44.9059	41.9556	39.5677	37.5345	35.8819	34.3073	32.7672	31.4262	30.1111	28.8046	28	
104	94.8424	87.0542	79.8064	73.2573	66.8106	60.5037	55.3426	50.3586	45.8124	42.5611	39.3564	36.9902	35.1363	33.5526	32.5465	31.7546	31.3726	31.1863	31.0186	31	
115	107.695	100.617	94.0371	87.5359	81.0522	75.2239	69.7101	64.4322	59.3554	55.4669	51.5784	47.8734	44.317	40.9003	38.0167	35.7885	34.0059	32.3195	31.2534	31	
106	99.1306	93.129	87.3826	81.855	76.4441	71.0477	66.14	61.3343	57.1047	53.0356	49.2144	45.5391	42.0314	38.5676	36.4601	34.4911	32.9962	31.5159	30.3199	29.525	29	
122	114.07	106.57	99.5542	92.5543	85.7451	79.349	73.0959	67.1925	61.3526	55.7193	50.3959	45.3505	40.6389	37.3575	35.4744	33.6708	32.471	31.4858	30.5165	30	
113	103.547	96.0765	89.4535	82.9074	76.4192	70.7973	65.6759	60.9012	56.1938	51.5249	47.0101	42.9958	40.1367	37.4509	35.362	33.3115	31.7713	31.0782	30.4332	30	
102	95.8061	89.724	84.1482	78.6053	73.4372	68.4597	64.3568	60.3196	56.6308	53.3104	50.2594	47.2348	44.3154	41.5472	39.1473	37.1484	35.3534	33.9331	32.5852	32	
111	103.148	95.8259	88.6965	82.4068	76.1927	70.5917	65.2425	59.9186	55.3672	50.8242	46.8102	42.9054	39.2693	36.7249	34.2225	32.3918	30.7879	29.6207	28.7474	28	
121	110.873	101.633	94.0265	86.5236	79.4005	72.3924	65.4994	58.6525	52.7606	48.8941	45.1082	42.5075	39.9413	37.6743	35.4994	33.9689	32.9678	32.0357	31.1841	31	
101	94.7839	88.892	83.6093	78.3331	73.5819	69.2586	65.0324	60.8452	56.7681	52.7494	48.8538	45.0166	41.5164	38.1653	35.5466	33.803	32.2798	31.0612	30.2964	29.5963	29.3371	29.0843	29	
107	100.555	94.2633	88.0177	81.9712	76.6482	71.385	66.2345	61.1239	56.073	51.4204	47.4646	44.0332	40.8938	38.0796	35.9226	34.177	32.6504	31.1704	30.3606	29.6173	29	
120	110.871	103.137	95.9486	88.9222	82.1688	75.5771	69.2079	62.9297	57.2681	52.0413	48.1793	44.378	41.0013	37.7358	34.7029	31.8519	29.8703	28.3741	28.0202	28	
104	96.5559	90.654	85.0911	79.6494	74.7082	69.8316	65.3264	60.9827	56.639	52.3518	48.4037	44.5444	40.7497	37.8593	35.7197	33.7497	31.7797	30.496	29.2364	28.09	27	
109	100.863	92.9902	85.4961	78.2045	71.3532	64.8454	58.6106	54.4716	50.6409	46.8278	43.182	39.9413	37.2378	34.5342	31.9276	30.6771	29.5323	28.7309	28.2818	28	
104	97.8365	92.041	86.3765	81.0988	76.0644	71.3232	66.6881	62.0841	57.5925	53.1882	48.9211	45.8643	42.8698	40.2248	37.7044	35.4648	33.3687	31.3163	30.5178	30.1372	30	
104	97.9396	92.0649	86.2095	80.7321	75.5301	70.5395	66.4523	62.4291	58.6237	54.9016	51.5254	48.5144	45.7212	42.9281	40.5705	38.4756	36.5601	34.6959	32.8829	31.3133	30.3844	30	
104	97.9853	92.0187	86.2086	80.5848	75.1596	69.9328	64.8504	60.3394	56.0509	52.5323	49.0619	45.7117	42.5059	39.7271	37.3152	34.9755	32.714	31.1261	29.6946	28.4375	27.7338	27.3549	27	
105	97.2425	89.8237	83.5232	77.4196	71.5522	66.0865	61.2666	56.62	52.0207	48.0513	44.0899	41.0184	38.0257	35.348	32.9301	30.5202	29.5988	28.7718	28.2048	28	
117	108.988	101.016	93.4087	86.4091	79.5472	72.9202	66.8766	61.5458	57.001	52.6181	48.6808	44.7759	41.4057	38.8781	37.2173	35.5808	34.0416	32.9317	32.3484	32.0405	32	
110	103.094	96.3268	89.7278	83.3406	77.085	71.2972	65.6408	60.0356	55.4097	50.9519	46.6109	42.5404	39.0838	37.0741	35.1229	33.7563	32.4189	31.4762	30.5846	30.1754	30	
121	114.27	107.697	101.148	94.7295	88.7131	83.3197	77.9836	73.1475	68.541	64.0738	59.7951	55.6311	51.5656	47.6967	43.9918	40.4426	37.3934	35.0246	32.8934	32	
122	114.629	107.557	101.088	94.8616	89.1262	83.431	78.4931	73.7324	69.0039	64.5977	60.1914	55.8254	52.0233	48.2292	44.8379	41.4547	38.0876	35.0749	33.2141	31.45	30.4511	30.1128	30	
117	109.943	103.217	96.6197	90.0573	83.5161	77.682	72.046	66.5938	61.382	56.3824	51.4394	47.4934	44.0001	40.6057	37.4518	34.7222	32.0986	29.9276	28.188	27.0141	27	
122	113.058	104.564	96.3246	88.5529	81.6254	75.0031	68.7267	62.5825	57.5471	53.0814	48.7479	45.9301	43.1225	40.3149	37.7209	35.2185	33.3874	31.6886	30.3967	30	
121	112.863	105.081	97.6541	90.6066	84.0378	78.1704	73.1694	68.2511	63.6628	59.2147	55.2289	51.276	47.4387	43.6343	39.9043	36.8922	34.2597	33.1951	32.2956	31.4126	31.0413	31	
103	97.6867	92.3951	87.2062	82.3528	77.586	73.1276	68.7828	64.8763	61.0618	57.2526	53.6491	50.3811	47.205	44.4997	41.9188	39.4731	37.5469	35.9454	34.4141	32.9154	31.7413	31.1894	31	
107	100.611	94.5926	88.8473	83.5288	78.6862	73.8996	69.232	64.5714	60.1976	56.0968	52.2409	49.1898	46.2017	43.2486	40.3514	37.6432	35.033	33.0875	31.2261	29.7635	28.6018	28	
121	112.556	104.164	96.2561	88.7205	82.3615	76.2188	70.1713	64.2362	58.5261	53.7244	49.2688	45.315	41.9148	39.3193	37.2775	35.4261	34.0505	32.8392	32.372	32.0692	32	
104	97.8328	91.6908	85.687	79.7587	73.9813	68.7885	63.6461	58.9122	55.0208	51.2174	47.634	44.4593	41.7497	39.0465	36.6764	35.2431	33.8474	32.6027	31.7665	31.0436	30.4149	30	
101	93.8072	86.6218	79.6144	73.4078	67.4311	62.7892	58.303	54.2097	50.1833	46.75	43.5614	41.1515	39.2161	37.3178	35.4269	33.9364	32.6314	31.7638	31.2892	31	
118	110.001	103	96.0172	89.1546	82.8645	76.6299	71.1804	65.8972	61.2605	56.6515	52.3196	48.4587	44.6164	40.9403	37.5782	34.3732	31.556	29.8658	28.6096	28	
104	97.7752	91.6785	85.8806	80.5522	75.672	70.9269	66.2886	61.7854	57.4316	53.2273	49.215	45.5157	42.1436	38.7929	35.8833	33.8629	32.4614	31.0671	30.5976	30.2134	30	
115	107.011	99.1141	91.5162	84.3671	77.3095	70.6509	64.4245	58.8549	53.4931	49.1288	45.5543	42.5949	39.86	37.3911	35.3129	33.376	31.4889	29.8014	28.8621	28.1056	27.4572	27	
123	115.989	109.123	102.906	96.7028	90.6658	84.6577	78.664	72.829	67.0517	61.3032	55.6269	50.1165	44.9883	41.2305	37.5088	33.8231	31.7171	29.8562	28.2117	27.3318	27	
109	102.654	96.8187	91.3842	86.0198	80.8148	75.6097	70.4938	65.6263	61.2367	57.0255	52.8971	48.8451	45.6278	42.5633	40.0978	38.0081	36.6256	35.294	34.1218	33.0961	32.1914	31.4205	31	
115	107.719	100.533	94.3135	88.1375	82.2616	76.532	70.9341	65.7826	60.8433	56.2553	52.5746	48.8939	45.7254	42.6375	39.6592	37.0323	34.6248	32.3418	30.5782	28.8952	27.4098	27.1171	27	
114	106.978	99.977	93.283	86.6675	80.2733	73.9933	67.8274	62.2539	56.8302	53.4761	50.1648	46.9177	43.7634	40.7447	38.1899	35.6565	33.2158	31.5887	29.9687	28.4344	27.05	27	
122	112.545	103.749	95.7094	88.1515	80.9965	74.2346	67.6792	62.2638	56.9467	51.9146	46.9219	42.6761	39.7964	36.9757	34.1648	32.4645	30.8035	29.5553	28.4546	27.6585	27	
103	96.5997	90.3719	84.2303	78.6988	73.6715	68.8497	64.3131	59.8694	55.5583	52.1095	48.6938	45.4572	42.2404	40.0915	38.586	37.1932	35.8335	34.5933	33.426	32.6234	32	
108	99.4175	93.1134	87.863	82.8198	77.8396	72.9404	68.2484	63.7185	59.3326	55.0639	50.9392	47.1928	44.0588	41.366	38.8984	36.4579	34.1074	32.9186	32.2522	32	
123	114.168	105.957	98.208	91.1387	84.8472	78.9889	73.357	67.8926	62.5265	57.3082	52.4148	48.5355	45.1682	42.3818	40.1074	37.8823	36.2183	34.6528	33.1464	32.0535	31.2757	31.1182	31	
108	102.169	96.3806	90.8896	85.4461	80.3243	75.2561	70.3129	65.5842	60.9746	56.4781	52.732	49.1408	45.9069	43.1673	40.5826	38.0693	35.7526	34.1029	32.4532	31.8576	31.268	31	
107	99.7492	93.8571	87.9649	82.3976	76.9264	72.186	67.6229	63.7022	59.8332	56.3259	52.8999	49.6437	46.7936	44.202	41.6177	39.0556	36.9365	34.8321	32.7425	31.9525	31.2584	31	
104	97.7226	92.0434	86.6034	81.7112	77.0583	72.4809	67.9161	63.5213	59.3091	55.4495	51.8417	48.3347	45.0544	42.561	40.0929	37.757	35.4966	33.4063	31.3411	30.3904	30	
101	94.2047	87.8051	81.4805	76.1862	71.0556	65.9864	61.1355	56.6871	52.4571	48.5478	44.9454	42.4552	40.1491	38.2797	36.424	34.8821	33.4493	32.2622	31.7096	31.2524	31	
115	108.338	101.696	95.9857	90.4328	85.1605	80.1348	75.1159	70.5626	66.3174	62.2845	58.2585	54.3351	50.7404	47.4607	44.2151	41.5585	39.2373	37.594	36.0055	34.6977	33.6501	32.7669	32	
108	99.8859	92.5758	85.9074	79.3853	73.6591	68.3715	63.3763	58.9415	55.1484	51.5422	48.0577	44.7357	41.4949	38.4003	36.386	34.4529	33.3402	32.5848	32.0406	32	
107	99.6405	92.8728	86.5044	80.4541	75.4098	70.4172	65.5799	60.9867	56.4453	51.9556	48.1686	44.6553	41.3861	39.0858	37	35.432	33.9157	33.0725	32.5104	32	
121	113.001	105.564	98.2068	90.9704	83.967	78.0478	72.731	67.5106	62.3383	57.2544	52.4677	48.3154	44.4202	41.0149	38.2761	35.7061	33.377	31.3932	29.5138	28.1003	27.5381	27	
113	105.853	98.9149	92.0379	85.2842	78.6151	72.5237	67.0637	62.0965	57.4066	52.8785	48.3503	44.4998	40.865	38.5239	36.7449	35.0353	33.5182	32.3246	31.8933	31.6161	31.3542	31.154	31	
121	112.956	105.146	97.4282	90.6289	83.9382	77.9993	72.7454	67.9675	63.3317	58.913	54.9704	51.1365	48.0542	45.6152	43.2012	41.0044	38.8828	36.8614	34.9486	33.1861	32	
122	114.798	108.102	101.51	95.1226	88.7594	82.4596	76.2626	70.1289	64.3672	59.8401	55.9937	52.1711	48.4671	44.8265	41.447	38.123	35.2105	33.9204	32.8678	31.9893	31.3561	31	
102	97.0298	92.3301	87.7106	83.1863	78.8574	74.5436	70.35	66.462	62.6942	59.1269	55.6798	52.2678	48.8608	45.7294	42.618	39.8974	37.1818	34.5264	32.392	30.438	29.2305	29	
109	101.529	94.2772	88.4007	82.5556	76.7733	71.9731	67.2357	62.569	58.1145	53.8799	50.3446	47.0135	43.9102	40.8148	38.1044	35.881	33.807	32.4478	32.1807	32	
114	106.587	99.189	92.0077	85.1626	78.6538	72.6009	67.2877	62.2287	57.2892	52.4543	47.7988	44.3688	41.7907	39.6983	37.7255	35.805	34.3627	33.1297	32.0088	31	
107	100.226	94.1475	88.1267	82.1561	76.3793	70.7962	65.5504	60.685	56.4008	52.4682	48.6146	45.206	41.991	38.8837	36.2214	33.803	31.686	29.6337	27.9473	27.5884	27.2512	27.0789	27	
110	101.512	93.2703	85.0554	77.0695	70.1679	63.3015	58.2068	53.3237	48.7666	44.6239	41.1334	38.7447	36.5323	34.5138	32.8391	31.3759	30.3182	29.4896	28.6875	28.2644	28.0617	28	
106	99.4888	93.0392	86.658	80.8377	75.1541	69.6278	64.4161	59.4644	54.7451	50.3747	46.1753	42.4068	39.6368	37.1199	35.4374	34.0832	32.8042	31.5662	31.0943	30.6839	30.3351	30.1641	30	
122	113.301	104.757	96.2706	87.9192	80.2621	73.0293	66.6549	60.5504	55.7768	51.5046	47.3964	43.9633	40.993	38.2253	35.8143	33.442	31.2722	29.218	27.8101	27	
114	105.675	97.7218	89.8782	83.5121	77.5091	71.8776	66.2629	61.6446	57.1867	52.7372	49.1235	46.1009	43.2134	40.3765	37.7085	35.1672	33.0986	31.8997	31.0723	30.4137	30.1857	30	
102	96.2625	90.5308	84.805	79.1729	74.1321	69.0971	64.068	59.1033	54.6713	51.0942	47.7161	44.3672	41.3228	38.4716	36.1766	33.9402	32.2306	30.5386	30.1171	30	
104	95.71	88.0552	80.4765	73.5752	67.3345	61.2292	56.0893	51.1356	47.5622	44.192	42.0412	39.9497	38.2646	36.6218	35.123	33.6581	32.3794	31.5327	30.7198	30.2794	30	
108	99.0497	90.879	83.33	76.9947	70.6792	65.0643	59.6073	54.1601	48.8511	43.8875	39.9798	36.3878	33.6938	31.5031	30.24	29.2138	28.5723	28.1678	28.0395	28	
102	95.8056	89.6179	83.7973	78.0902	72.5901	67.4904	62.5709	57.7049	53.4195	49.1743	45.7567	42.4325	39.5423	36.879	34.3425	32.2866	30.7914	29.3496	28.2949	27.5407	27	
116	108.615	101.374	94.4491	87.6771	81.7607	76.2802	71.7521	67.5226	63.6887	59.8628	56.2468	52.7357	49.2326	46.117	43.0902	40.2248	38.0455	36.2214	34.6636	33.7354	32.9444	32.4601	32	
109	101.168	93.7179	86.6084	79.8561	73.5605	67.8297	62.2485	57.3897	52.6639	48.1374	43.6608	41.0861	38.6277	36.2108	33.96	31.8753	30.0315	28.2458	27.5316	27	
121	110.892	101.449	93.4846	86.005	79.7777	73.8098	67.8532	62.0094	56.7636	52.1495	47.9415	43.8464	39.9994	36.8744	34.4941	32.9823	31.5609	30.444	29.5415	29	
122	112.407	102.854	93.7547	85.7321	78.9778	72.3644	66.808	61.9964	57.3459	52.7055	48.3771	44.2903	41.4517	38.6533	36.2375	33.9122	32.0701	30.7012	29.8053	29.0906	29	
103	97.6698	92.3505	87.2776	82.325	77.4544	73.1148	69.1527	65.4314	61.7265	58.2789	55.1158	52.0895	49.1289	46.5349	44.0449	41.637	39.5794	37.5436	35.6939	34.3203	33.1328	32.1423	32	
118	110.116	102.398	94.87	87.8329	81.0649	74.6848	69.0408	63.4839	58.2595	53.32	48.6339	44.3514	40.6389	37.9317	35.4224	33.491	31.7891	30.4275	29.2481	28.4882	27.7362	27	
116	108.039	100.411	92.8826	85.7882	79.4773	74.367	69.3734	64.4631	59.5612	54.7343	50.5243	46.381	42.5462	39.3699	36.9023	34.6014	33.0175	32.0504	31.4919	31	
107	100.211	93.5501	87.362	81.3011	75.7488	70.6415	65.6543	60.7024	55.9625	52.0278	48.1921	44.9355	41.9616	39.2914	36.6424	34.1064	31.7894	29.6773	27.9819	27.5581	27.1625	27.0424	27	
112	103.126	94.9787	86.8949	78.9164	71.4228	64.941	58.6068	53.0103	48.278	44.3152	41.3747	38.9927	37.1061	35.2617	33.5965	32.1631	30.7403	29.5177	28.8748	28.39	28.0843	28	
101	94.2362	87.6938	81.6009	75.6532	70.5009	65.4246	60.7218	56.4892	52.395	48.7987	45.7488	42.7681	40.555	38.4664	36.6406	35.2643	34.1578	33.0789	32.1107	32	
103	96.8126	92.1247	87.4841	82.9246	78.5542	74.3121	70.1444	66.0307	61.971	58.0059	54.3178	50.9133	47.644	44.6178	41.9901	39.4571	36.9578	35.0867	33.783	32.682	31.6214	31.2229	31	
115	108.301	101.712	95.326	89.274	83.399	77.8508	72.3707	67.0743	62.1252	58.1223	54.7798	51.4508	48.3806	45.7324	43.234	40.8786	38.53	36.3651	34.5339	33.077	31.7019	30.3336	30	
107	100.468	94.0155	87.7359	82.6789	77.941	73.2097	68.7109	64.385	60.5773	56.7896	53.1215	49.7857	46.4698	44.3035	42.1903	40.2101	38.3096	36.5021	34.7611	33.1929	32.143	31.4253	31	
109	102.606	96.9875	91.4369	86.1585	80.9413	75.8669	70.8605	66.5888	62.3443	58.1269	54.1069	50.1004	47.5633	45.3049	43.1351	40.9856	38.8701	37.0812	35.5507	34.1971	32.9115	32	
114	106.447	99.1567	91.9044	84.8446	77.8387	71.0484	66.8217	63.1032	59.5463	56.0203	52.7483	49.5841	46.7355	44.1872	42.07	39.9837	37.8973	35.9187	34.2711	33.0778	32	
112	103.449	95.4133	88.0601	80.8286	74.2239	69.2001	64.7003	60.2472	56.1965	52.3796	48.9275	45.5409	42.5005	39.7969	37.2616	34.9602	33.0144	31.1153	29.3939	28.4865	28	
110	100.047	91.6552	83.8075	76.1915	68.6864	62.5009	57.3027	52.7694	48.3368	43.9848	40.4085	37.2251	34.2735	31.7952	29.8711	28.8033	28.2693	27.7858	27.3727	27	
109	100.52	92.8769	86.4311	80.8914	75.386	69.9575	64.6914	59.4339	54.4584	49.7138	46.0122	42.5756	39.7972	37.5061	35.5997	33.8728	32.3169	31.4108	30.5559	29.7779	29.1197	29	
122	114.163	106.351	98.9399	92.3124	85.8296	79.4917	73.4946	67.7444	62.0454	56.5424	51.1074	46.8907	42.6995	39.8372	37.5201	35.3308	33.5674	32.8689	32.2385	32	
114	105.301	96.663	88.1975	79.9046	72.038	64.3135	58.1623	52.1634	46.5908	41.4039	37.2016	34.9076	33.4459	32.035	30.888	29.9846	29.3857	29.203	29.0812	29	
101	95.3567	90.1857	85.1342	80.274	75.5692	71.0319	66.5304	62.0827	57.8801	53.7552	49.8874	46.4141	43.461	41.0757	38.6905	36.4367	34.3743	32.3776	30.8054	29.9505	29.2451	29	
105	97.0085	89.1212	81.2578	74.011	68.1335	63.0007	57.8759	52.9834	48.3791	44.3513	40.6759	38.2656	35.8634	33.8375	32.5563	31.4833	30.4583	29.6015	28.9289	28.3603	28.04	28	
121	113.8	106.733	99.7252	92.7171	86.076	79.6101	73.2694	67.2541	61.3555	56.1077	51.2354	46.63	42.6838	39.3966	36.1845	33.7817	31.7544	30.1609	28.8343	28.4005	28.1502	28	
113	104.83	96.7933	88.8285	81.5878	74.5706	68.3668	62.5027	56.9784	52.3747	48.1644	43.9808	41.5762	39.5202	37.7234	35.9982	34.4517	32.9589	31.6448	30.581	30.1877	30	
123	112.978	103.378	94.9876	87.0542	79.3263	72.1006	65.0005	58.825	53.0832	48.1976	44.0426	39.8989	36.8511	34.18	32.2737	30.493	29.3743	28.4725	27.742	27.2055	27	
123	114.45	106.298	98.3057	90.9958	83.8099	77.4569	71.1925	65.5395	60.808	56.1562	51.5931	47.1185	42.9807	39.1352	35.3695	32.8442	31.6215	30.6114	30.0886	30	
120	111.078	103.376	95.6844	88.5431	81.4117	74.3491	67.9555	61.7487	56.7026	52.0795	47.8301	44.3382	41.0725	38.0134	36.1543	34.3542	32.6525	31.7377	31.2754	31	
120	110.783	101.787	93.6538	85.875	78.7048	71.9882	65.7806	60.0489	54.3946	49.0501	44.7236	41.6364	38.9919	36.8452	34.9199	33.1162	32.231	31.3458	30.5491	29.8078	29.3541	29.1217	29	
121	113.687	106.426	99.4714	92.5757	86.0681	79.5824	73.1992	67.021	61.1649	55.316	50.5067	46.1365	41.803	38.7505	35.9176	33.9997	32.6162	31.4303	30.3835	29.6369	29.0952	29	
112	104.797	97.8128	90.8811	84.3639	77.9597	72.3993	67.0951	61.8663	57.1347	52.7195	48.9222	45.155	41.5988	39.4892	37.7412	36.0836	34.6295	33.3713	32.5877	32	
111	103.708	96.7559	89.8685	82.9973	76.288	69.7729	63.4602	58.6447	54.0882	50.0172	46.1163	43.4455	40.9285	38.4601	36.2344	34.0169	31.9369	29.954	28.9748	28.0926	27.5342	27	
104	96.8798	90.0305	83.3113	76.8089	70.7507	64.8118	59.0355	53.7793	48.8483	44.0148	40.1025	36.3527	34.3478	32.4729	30.8473	29.3409	27.9754	27.13	27.065	27	
113	106.361	99.7566	93.2269	86.9014	81.0321	75.7824	70.8595	66.0047	61.2453	57.0033	53.3265	50.1263	47.2189	44.4681	42.0032	40.0286	38.1766	36.488	34.8539	33.4444	32.498	31.6468	31	
108	101.118	95.3216	89.8719	84.4523	79.2136	74.0955	69.0528	64.108	59.3065	54.7839	50.2915	46.0101	42.4673	39.0754	36.098	33.6256	31.1608	29.5402	27.9573	27.3844	27	
110	103.398	96.8927	90.6851	84.8374	79.1626	73.5087	68.173	63.4464	59.0657	55.2664	51.6055	48.2422	45.0104	42.1592	39.6055	37.5363	35.7855	34.2976	32.8789	31.6955	30.6782	30	
123	115.794	108.836	102.407	96.0163	89.6411	84.1201	78.801	73.5518	68.3337	63.1466	59.0544	55.0165	51.0641	47.1504	43.2834	39.5018	36.1162	33.0413	31.0534	29.6945	28.6695	27.6911	27	
114	104.891	95.7903	88.1531	82.025	75.8968	70.3943	65.2783	60.8616	56.537	52.6264	48.7249	45.0996	41.8331	38.861	36.671	35.0976	33.6806	32.4016	31.417	30.5797	30.2116	30	
119	110.966	103.309	95.8154	89.0929	83.1	77.1563	71.8521	66.5806	61.5469	56.587	53.1437	49.8481	46.5524	43.4453	40.4611	37.6819	35.1241	32.7466	30.8446	29.1804	29	
114	105.461	96.9739	89.1272	81.4558	74.2754	68.3224	62.8165	58.5819	54.6805	51.1034	47.8244	44.6331	41.7487	39.4254	37.1722	35.0154	33.0428	32.4028	31.8767	31.4296	31.1052	31	
121	113.417	106.292	99.8569	93.8404	88.4441	83.1409	77.9152	72.6973	67.6654	62.6491	57.7568	53.2211	49.4763	45.7315	42.3356	39.211	36.1252	33.0472	31.5353	30.5274	29.6435	29	
108	100.285	93.0718	85.8592	79.9351	74.5217	69.3597	64.5277	59.9864	55.8615	51.8466	48.2481	45.1996	42.3004	39.6369	37.6413	35.6692	34.2078	32.8407	32.33	32	
114	106.884	99.7827	93.0238	86.5234	80.616	74.8759	69.5007	64.3384	59.3281	54.7056	50.5849	46.8823	43.5142	40.1918	36.9454	35.3412	33.775	32.4293	31.4029	31.1521	31	
103	95.3745	88.5697	82.0199	75.5657	69.749	65.2151	60.7928	56.49	52.1952	48.0359	44.5777	41.2072	37.9163	35.6534	33.4701	31.8287	30.6892	29.7251	29.2231	29	
102	94.6724	87.5686	80.4723	74.8237	69.3765	64.1084	59.3178	55.3406	51.4305	47.6026	44.3119	41.6107	39.3497	37.1335	35.3725	33.8577	32.4773	31.246	30.4402	29.7238	29.1119	29	
106	98.7733	91.8098	84.9899	78.4412	72.0441	66.5802	61.2678	56.3783	51.72	47.1335	43.6637	41.0953	38.6944	36.5567	34.6822	33.1746	32.0579	30.9971	30.0319	30	
106	99.4844	93.3644	87.3379	81.8148	76.3061	71.0634	66.2666	61.7288	57.4282	53.6095	50.1	46.6768	43.4119	40.5856	38.011	36.019	34.1276	32.7612	31.6609	30.7044	29.8918	29.2949	29	
111	101.823	93.2491	84.6953	77.5287	70.9148	64.9543	59.4159	54.2093	49.274	44.7107	41.1424	38.137	35.5839	33.3123	31.1211	29.2214	27.5126	27.2312	27.1005	27	
116	107.119	99.1814	91.6836	84.8028	77.9594	71.6209	65.7965	60.0657	54.6714	49.3238	45.3973	41.7886	38.4137	36.8057	35.2724	33.9916	32.8791	32.0377	31.3833	31	
106	99.0091	92.2114	85.7357	79.5534	73.5142	68.1046	63.0743	58.1371	54.0942	50.9172	48.0765	45.2715	42.4809	39.7117	37.6152	35.5544	33.9516	32.5992	31.3327	30.288	29.6869	29.3148	29	
119	110.134	101.779	93.6888	85.8179	79.4718	73.208	67.985	63.5839	59.3106	55.1377	51.0196	47.1846	43.3861	40.0989	37.2683	34.9764	33.2872	31.8353	30.9953	30.4109	30	
116	107.127	98.4018	89.8149	81.9289	75.3342	68.7488	63.4361	58.5846	54.0929	49.8409	46.1423	42.868	39.6583	37.0112	34.65	32.4457	31.1544	30.0384	28.9685	28.3228	28	
116	108.58	101.747	94.9371	89.2434	84.0112	79.166	74.4101	69.7063	65.01	60.3508	55.7363	51.4791	47.594	44.0513	41.0742	38.2906	35.6484	33.0807	31.0488	29.2775	28.2504	27.2679	27	
101	93.1075	85.2966	78.2113	72.8953	68.2398	63.6902	59.695	55.7325	51.9412	48.2151	44.807	41.8799	39.0181	36.8656	34.8762	33.2781	31.7126	30.3918	29.0791	27.9295	27	
103	97.342	91.7884	86.2406	81.0638	75.9507	71.2957	66.6464	62.4203	58.229	54.6638	51.1101	48.0261	45.0812	42.2406	39.5507	36.9072	34.2986	32.2522	30.9478	29.7478	28.5826	27.7014	27	
114	105.886	97.8821	90.3696	83.0483	76.1731	70.6821	65.8194	61.0843	56.7042	52.4061	48.1535	43.9374	40.2403	37.2171	34.3031	31.7716	29.8047	28.7302	27.683	27.3096	27	
101	94.5754	88.239	82.0791	76.1429	70.4918	65.5733	60.7023	56.1501	52.2085	48.4026	45.0852	42.263	39.4883	37.1003	35.4314	33.9931	32.6566	31.4559	30.3704	29.6309	29.251	29	
111	102.766	94.6746	87.9895	81.7061	75.6809	70.0669	65.0173	60.5127	56.0751	51.8575	47.745	44.1108	41.1556	38.5925	36.2015	34.0019	32.2804	30.6737	29.306	29	
123	115.629	108.42	101.287	94.7987	88.3866	82.1102	76.2833	71.2367	66.2156	61.2285	56.7247	52.5433	48.4891	44.9014	42.4926	40.2958	38.1246	36.0805	34.3418	32.7557	31.5937	31	
121	111.993	103.088	94.7664	86.6025	78.8093	71.0718	64.0384	57.3202	51.2413	46.2744	41.808	39.1021	36.4797	34.0704	32.2541	30.8364	29.4649	28.6958	28.0286	27.5097	27.2502	27.0927	27	
102	96.0907	90.278	84.7067	79.1958	73.9988	69.0432	64.1117	59.47	54.9973	50.5427	46.5468	42.8165	39.3277	36.5088	34.8369	33.2615	31.7705	30.6841	29.7968	29.0845	29	
123	115.194	107.822	100.805	94.5013	88.8658	83.2477	77.8553	72.7321	67.6263	62.7637	58.3178	53.898	49.9905	46.1264	42.9222	39.8223	37.5907	35.5935	33.7353	32.6238	31.712	31	
102	96.3639	90.7451	85.2933	80.0602	74.9711	69.9337	65.2188	60.5211	56.2091	51.9202	48.6502	45.5703	42.5651	39.5888	36.929	34.7011	32.5538	30.5849	29.5314	28.8866	28.38	28	
116	109.02	102.447	95.9084	89.5313	83.2102	77.1694	72.0606	67.029	62.2566	57.6665	53.2445	49.4182	45.697	42.3402	39.2217	36.1383	33.6154	31.2398	29.3056	28.0021	27.4765	27.1331	27	
119	111.221	103.473	95.9206	88.651	81.6793	75.6252	70.7709	66.1362	61.5721	57.0237	52.5458	48.2248	44.9076	42.1001	39.5828	37.1204	34.9089	32.7131	30.5879	28.7215	28.1568	28	
114	106.764	99.6256	92.6382	85.7789	79.8166	74.2387	68.7211	63.2638	57.8668	52.6432	48.0829	43.5905	39.2412	35.3442	32.6005	30.2864	28.892	27.7161	27.0226	27	
121	113.034	105.287	97.7752	90.8241	83.9216	78.0667	72.2849	66.8928	61.6713	57.0263	52.8849	48.9302	45.1785	42.0602	39.0718	36.993	35.1009	33.8097	32.7459	32.0394	31.4304	31	
116	108.975	102.078	95.6665	89.2625	82.9572	76.7788	70.9108	66.3406	62.2499	58.7023	55.3098	52.0443	48.9622	46.0635	43.2071	40.4212	38.404	36.4504	34.5038	33.1073	32.536	32.1622	32	
110	102.086	94.3953	87.3362	81.1409	75.095	69.2733	64.3154	59.5484	55.1552	50.8035	46.568	42.6648	38.9609	36.9096	35.5476	34.6009	33.7372	32.915	32.1426	31.3869	30.6395	30	
30.24	17.92	12.32	23.52	20.16	17.92	32.48	13.44	26.88	23.52	32.48	12.32	13.44	26.88	21.28	30.24	22.4	28	19.04	14.56	17.92	12.32	33.6	24.64	11.2	16.8	16.8	12.32	15.68	28	16.8	21.28	15.68	22.4	22.4	13.44	25.76	15.68	13.44	14.56	29.12	11.2	23.52	25.76	14.56	32.48	31.36	30.24	13.44	28	17.92	21.28	26.88	28	23.52	31.36	23.52	28	22.4	12.32	11.2	12.32	15.68	12.32	12.32	33.6	12.32	26.88	24.64	12.32	25.76	24.64	12.32	22.4	23.52	23.52	14.56	26.88	15.68	33.6	24.64	11.2	26.88	13.44	29.12	29.12	23.52	30.24	16.8	29.12	22.4	11.2	12.32	19.04	13.44	28	22.4	17.92	30.24	21.28	24.64	30.24	21.28	23.52	15.68	14.56	31.36	28	20.16	15.68	17.92	21.28	30.24	17.92	14.56	28	11.2	32.48	33.6	24.64	21.28	15.68	32.48	31.36	13.44	33.6	11.2	12.32	12.32	24.64	22.4	21.28	32.48	21.28	29.12	13.44	33.6	23.52	33.6	33.6	29.12	26.88	11.2	17.92	29.12	31.36	26.88	12.32	22.4	29.12	26.88	13.44	32.48	13.44	31.36	33.6	14.56	32.48	16.8	14.56	20.16	26.88	11.2	13.44	12.32	12.32	12.32	19.04	32.48	14.56	25.76	22.4	30.24	31.36	30.24	28	12.32	29.12	19.04	19.04	22.4	19.04	29.12	12.32	12.32	28	32.48	17.92	15.68	23.52	15.68	32.48	30.24	19.04	32.48	13.44	32.48	20.16	15.68	17.92	11.2	29.12	19.04	14.56	22.4	19.04	12.32	29.12	23.52	23.52	25.76	13.44	14.56	17.92	26.88	31.36	13.44	26.88	30.24	14.56	30.24	15.68	29.12	26.88	28	30.24	24.64	26.88	19.04	31.36	21.28	24.64	16.8	19.04	17.92	29.12	16.8	11.2	13.44	24.64	19.04	23.52	21.28	12.32	12.32	29.12	11.2	17.92	14.56	19.04	26.88	32.48	11.2	12.32	21.28	17.92	20.16	12.32	26.88	20.16	24.64	25.76	20.16	16.8	24.64	32.48	20.16	32.48	24.64	24.64	23.52	21.28	14.56	16.8	11.2	30.24	25.76	19.04	29.12	15.68	26.88	23.52	26.88	33.6	24.64	28	23.52	21.28	21.28	31.36	16.8	16.8	16.8	13.44	23.52	28	22.4	22.4	15.68	20.16	13.44	15.68	12.32	20.16	16.8	28	30.24	29.12	14.56	11.2	22.4	32.48	25.76	29.12	13.44	23.52	17.92	16.8	17.92	28	29.12	22.4	17.92	17.92	23.52	22.4	31.36	28	23.52	33.6	21.28	12.32	20.16	14.56	14.56	12.32	16.8	11.2	16.8	32.48	13.44	33.6	30.24	28	12.32	25.76	24.64	22.4	14.56	23.52	17.92	19.04	30.24	31.36	15.68	19.04	19.04	22.4	31.36	33.6	15.68	30.24	19.04	19.04	32.48	17.92	21.28	20.16	21.28	26.88	33.6	13.44	21.28	23.52	25.76	31.36	33.6	12.32	15.68	22.4	14.56	22.4	15.68	28	32.48	32.48	26.88	31.36	31.36	21.28	32.48	19.04	12.32	14.56	31.36	15.68	33.6	23.52	22.4	31.36	33.6	12.32	32.48	28	26.88	14.56	11.2	16.8	29.12	17.92	20.16	32.48	31.36	16.8	16.8	24.64	19.04	16.8	22.4	16.8	14.56	24.64	11.2	17.92	15.68	16.8	20.16	15.68	13.44	16.8	29.12	16.8	21.28	22.4	11.2	22.4	13.44	13.44	29.12	13.44	29.12	15.68	25.76	17.92	31.36	12.32	31.36	15.68	31.36	25.76	21.28	19.04	22.4	31.36	24.64	32.48	30.24	16.8	26.88	32.48	15.68	30.24	22.4	19.04	31.36	24.64	17.92	23.52	23.52	20.16	31.36	14.56	17.92	33.6	22.4	15.68	25.76	33.6	11.2	26.88	29.12	26.88	14.56	33.6	16.8	17.92	14.56	21.28	28	17.92	26.88	32.48	12.32	14.56	25.76	29.12	28	23.52	26.88	30.24	11.2	14.56	14.56	22.4	25.76	13.44	15.68	24.64	14.56	15.68	31.36	11.2	17.92	16.8	30.24	20.16	29.12	15.68	31.36	11.2	22.4	11.2	19.04	15.68	32.48	23.52	12.32	22.4	31.36	30.24	29.12	12.32	23.52	20.16	14.56	12.32	17.92	32.48	15.68	28	11.2	11.2	30.24	31.36	22.4	15.68	20.16	22.4	32.48	12.32	16.8	28	26.88	11.2	21.28	26.88	26.88	31.36	15.68	33.6	22.4	22.4	19.04	30.24	26.88	33.6	22.4	29.12	15.68	22.4	17.92	25.76	21.28	21.28	30.24	31.36	21.28	32.48	17.92	29.12	14.56	20.16	23.52	28	31.36	30.24	32.48	24.64	11.2	14.56	32.48	16.8	20.16	15.68	32.48	11.2	30.24	21.28	21.28	23.52	14.56	28	19.04	29.12	21.28	33.6	20.16	22.4	12.32	14.56	16.8	13.44	33.6	32.48	14.56	21.28	23.52	31.36	32.48	14.56	19.04	15.68	14.56	13.44	16.8	30.24	19.04	20.16	19.04	23.52	28	17.92	25.76	20.16	33.6	33.6	15.68	16.8	16.8	13.44	22.4	12.32	13.44	17.92	11.2	25.76	12.32	22.4	21.28	24.64	19.04	29.12	19.04	15.68	17.92	21.28	25.76	32.48	14.56	26.88	20.16	11.2	15.68	25.76	28	20.16	13.44	19.04	20.16	12.32	30.24	26.88	15.68	30.24	30.24	29.12	22.4	31.36	29.12	30.24	17.92	21.28	30.24	21.28	32.48	12.32	32.48	24.64	23.52	33.6	11.2	24.64	21.28	25.76	29.12	28	28	19.04	20.16	21.28	22.4	29.12	23.52	29.12	19.04	23.52	21.28	29.12	23.52	11.2	11.2	31.36	29.12	21.28	28	17.92	33.6	23.52	13.44	26.88	15.68	30.24	14.56	29.12	19.04	29.12	13.44	33.6	29.12	13.44	20.16	32.48	21.28	23.52	15.68	19.04	11.2	12.32	20.16	15.68	11.2	19.04	16.8	11.2	19.04	22.4	11.2	31.36	25.76	26.88	20.16	26.88	15.68	16.8	23.52	32.48	14.56	32.48	29.12	21.28	26.88	28	32.48	29.12	20.16	15.68	23.52	14.56	24.64	29.12	21.28	28	14.56	19.04	29.12	28	15.68	11.2	30.24	32.48	26.88	21.28	23.52	12.32	13.44	13.44	22.4	14.56	11.2	26.88	12.32	20.16	21.28	29.12	15.68	13.44	20.16	30.24	26.88	26.88	24.64	24.64	22.4	24.64	29.12	32.48	16.8	13.44	17.92	12.32	17.92	17.92	23.52	14.56	20.16	23.52	16.8	33.6	14.56	16.8	30.24	22.4	24.64	29.12	20.16	29.12	31.36	13.44	23.52	12.32	19.04	28	25.76	11.2	26.88	33.6	21.28	19.04	17.92	22.4	32.48	33.6	14.56	32.48	15.68	20.16	28	23.52	13.44	22.4	20.16	17.92	15.68	17.92	22.4	21.28	30.24	12.32	12.32	23.52	25.76	11.2	28	13.44	16.8	21.28	16.8	20.16	23.52	14.56	31.36	21.28	29.12	28	15.68	17.92	24.64	11.2	24.64	31.36	20.16	16.8	24.64	20.16	12.32	26.88	29.12	22.4	24.64	23.52	23.52	14.56	15.68	26.88	13.44	28	30.24	14.56	22.4	19.04	25.76	21.28	22.4	17.92	29.12	32.48	33.6	33.6	23.52	25.76	11.2	33.6	14.56	33.6	20.16	13.44	25.76	31.36	31.36	24.64	13.44	19.04	23.52	22.4	14.56	15.68	17.92	21.28	19.04	14.56	15.68	14.56	30.24	13.44	15.68	30.24	20.16	20.16	31.36	28	28	23.52	22.4	11.2	11.2	31.36	26.88	28	16.8	32.48	25.76	30.24	33.6	33.6	32.48	21.28	25.76	24.64	21.28	30.24	14.56	23.52	28	21.28	28	16.8	16.8	23.52	26.88	15.68	13.44	31.36	28	13.44	30.24	15.68	30.24	31.36	17.92	24.64	26.88	25.76	30.24	22.4	16.8	33.6	13.44	17.92	23.52	25.76	29.12	11.2	26.88	19.04	12.32	12.32	11.2	21.28	12.32	29.12	
24.64	30.24	22.4	12.32	32.48	30.24	14.56	31.36	22.4	19.04	17.92	21.28	13.44	19.04	33.6	21.28	13.44	23.52	13.44	29.12	30.24	32.48	13.44	12.32	15.68	16.8	33.6	21.28	11.2	24.64	17.92	24.64	33.6	19.04	24.64	30.24	14.56	21.28	21.28	11.2	28	22.4	26.88	20.16	15.68	21.28	33.6	16.8	17.92	17.92	12.32	15.68	20.16	26.88	16.8	33.6	31.36	28	33.6	15.68	26.88	11.2	26.88	24.64	13.44	11.2	13.44	12.32	23.52	28	19.04	33.6	14.56	30.24	30.24	12.32	16.8	31.36	13.44	29.12	25.76	26.88	32.48	25.76	13.44	14.56	28	15.68	15.68	26.88	20.16	22.4	20.16	21.28	33.6	29.12	15.68	30.24	23.52	21.28	15.68	12.32	23.52	22.4	31.36	28	33.6	28	25.76	33.6	30.24	17.92	32.48	14.56	30.24	28	33.6	17.92	30.24	17.92	30.24	33.6	21.28	12.32	28	11.2	33.6	32.48	12.32	23.52	22.4	21.28	31.36	21.28	14.56	29.12	32.48	28	12.32	23.52	17.92	17.92	30.24	25.76	28	15.68	16.8	16.8	30.24	12.32	11.2	29.12	33.6	23.52	30.24	14.56	31.36	11.2	31.36	22.4	19.04	20.16	32.48	23.52	32.48	21.28	16.8	19.04	33.6	11.2	12.32	14.56	16.8	26.88	17.92	12.32	31.36	15.68	29.12	26.88	29.12	17.92	32.48	11.2	31.36	25.76	19.04	12.32	29.12	28	17.92	16.8	16.8	29.12	23.52	23.52	28	17.92	19.04	26.88	28	28	16.8	25.76	31.36	16.8	28	32.48	29.12	21.28	23.52	21.28	23.52	31.36	23.52	26.88	15.68	17.92	24.64	16.8	23.52	23.52	33.6	16.8	11.2	19.04	16.8	17.92	30.24	12.32	28	24.64	31.36	32.48	23.52	13.44	11.2	16.8	29.12	22.4	12.32	29.12	15.68	20.16	19.04	14.56	12.32	11.2	15.68	20.16	17.92	20.16	14.56	26.88	12.32	20.16	25.76	22.4	11.2	11.2	16.8	16.8	30.24	17.92	33.6	33.6	20.16	30.24	24.64	13.44	30.24	29.12	31.36	31.36	11.2	28	23.52	31.36	13.44	26.88	30.24	12.32	29.12	14.56	29.12	23.52	21.28	16.8	33.6	32.48	13.44	12.32	16.8	22.4	15.68	29.12	24.64	25.76	12.32	26.88	22.4	13.44	19.04	29.12	14.56	14.56	28	22.4	16.8	15.68	26.88	30.24	17.92	23.52	29.12	17.92	25.76	30.24	11.2	28	28	23.52	21.28	28	24.64	12.32	11.2	17.92	13.44	22.4	17.92	20.16	11.2	13.44	21.28	22.4	31.36	32.48	25.76	17.92	28	26.88	32.48	24.64	19.04	25.76	23.52	28	21.28	11.2	24.64	22.4	11.2	33.6	11.2	22.4	21.28	30.24	30.24	12.32	29.12	33.6	30.24	33.6	13.44	17.92	28	15.68	12.32	24.64	11.2	24.64	28	31.36	31.36	13.44	16.8	26.88	12.32	14.56	29.12	32.48	26.88	21.28	24.64	22.4	28	23.52	23.52	12.32	28	24.64	22.4	17.92	15.68	24.64	30.24	28	29.12	21.28	17.92	24.64	12.32	25.76	31.36	31.36	28	33.6	25.76	30.24	19.04	19.04	28	29.12	29.12	30.24	28	11.2	26.88	22.4	12.32	29.12	33.6	20.16	17.92	15.68	19.04	19.04	29.12	15.68	14.56	22.4	11.2	11.2	16.8	12.32	17.92	30.24	12.32	21.28	30.24	28	29.12	32.48	23.52	11.2	14.56	22.4	20.16	21.28	31.36	17.92	26.88	29.12	31.36	24.64	12.32	29.12	23.52	24.64	16.8	16.8	15.68	28	17.92	14.56	33.6	14.56	33.6	14.56	21.28	19.04	20.16	21.28	22.4	20.16	16.8	25.76	12.32	16.8	20.16	16.8	32.48	11.2	22.4	32.48	32.48	30.24	23.52	26.88	15.68	15.68	23.52	32.48	25.76	11.2	21.28	11.2	22.4	14.56	31.36	20.16	11.2	31.36	25.76	14.56	22.4	22.4	31.36	31.36	19.04	21.28	15.68	33.6	16.8	12.32	14.56	17.92	30.24	29.12	28	11.2	14.56	26.88	25.76	16.8	24.64	31.36	30.24	21.28	28	20.16	13.44	26.88	26.88	28	32.48	19.04	13.44	31.36	17.92	30.24	22.4	30.24	19.04	20.16	13.44	25.76	16.8	33.6	31.36	20.16	21.28	24.64	28	30.24	19.04	31.36	29.12	12.32	21.28	24.64	13.44	26.88	17.92	29.12	33.6	25.76	30.24	28	19.04	11.2	30.24	17.92	15.68	24.64	32.48	12.32	17.92	30.24	21.28	17.92	23.52	15.68	25.76	17.92	25.76	12.32	11.2	33.6	31.36	29.12	22.4	28	26.88	13.44	23.52	19.04	24.64	25.76	29.12	11.2	16.8	22.4	29.12	21.28	30.24	32.48	31.36	25.76	12.32	25.76	22.4	32.48	25.76	11.2	28	24.64	11.2	20.16	22.4	14.56	33.6	29.12	14.56	12.32	15.68	17.92	19.04	24.64	22.4	17.92	15.68	11.2	16.8	12.32	15.68	23.52	13.44	15.68	15.68	23.52	13.44	16.8	29.12	16.8	33.6	26.88	22.4	14.56	14.56	21.28	17.92	26.88	19.04	21.28	20.16	29.12	15.68	19.04	14.56	21.28	13.44	14.56	22.4	32.48	23.52	24.64	31.36	12.32	33.6	14.56	31.36	19.04	29.12	23.52	15.68	24.64	13.44	31.36	30.24	30.24	17.92	16.8	13.44	12.32	14.56	33.6	17.92	24.64	16.8	23.52	14.56	24.64	20.16	32.48	23.52	32.48	11.2	13.44	25.76	29.12	19.04	25.76	19.04	31.36	30.24	15.68	29.12	33.6	15.68	22.4	28	15.68	20.16	29.12	24.64	31.36	23.52	16.8	26.88	26.88	12.32	13.44	33.6	32.48	11.2	14.56	19.04	28	16.8	29.12	29.12	17.92	23.52	25.76	30.24	23.52	15.68	31.36	24.64	28	17.92	28	20.16	12.32	20.16	21.28	31.36	28	30.24	22.4	31.36	32.48	17.92	30.24	21.28	23.52	23.52	15.68	15.68	25.76	26.88	33.6	33.6	11.2	26.88	14.56	24.64	29.12	11.2	24.64	11.2	13.44	31.36	13.44	20.16	22.4	16.8	33.6	24.64	14.56	24.64	31.36	28	33.6	31.36	28	11.2	13.44	16.8	28	30.24	23.52	12.32	29.12	22.4	21.28	23.52	13.44	28	25.76	26.88	22.4	24.64	30.24	29.12	26.88	16.8	25.76	32.48	32.48	22.4	11.2	30.24	16.8	11.2	25.76	20.16	13.44	16.8	21.28	31.36	13.44	17.92	14.56	20.16	13.44	20.16	14.56	12.32	19.04	33.6	19.04	20.16	31.36	31.36	11.2	15.68	25.76	12.32	29.12	20.16	15.68	25.76	26.88	20.16	26.88	22.4	12.32	13.44	22.4	33.6	24.64	28	12.32	30.24	30.24	12.32	16.8	21.28	14.56	32.48	22.4	31.36	23.52	32.48	28	11.2	26.88	32.48	19.04	12.32	15.68	13.44	16.8	16.8	11.2	16.8	31.36	30.24	13.44	21.28	16.8	21.28	20.16	17.92	28	19.04	20.16	16.8	14.56	14.56	21.28	29.12	12.32	17.92	26.88	26.88	28	23.52	32.48	22.4	30.24	24.64	30.24	11.2	30.24	24.64	16.8	24.64	14.56	20.16	21.28	20.16	32.48	16.8	29.12	31.36	17.92	19.04	20.16	22.4	23.52	26.88	21.28	17.92	15.68	29.12	22.4	33.6	25.76	16.8	28	31.36	28	16.8	21.28	25.76	28	32.48	24.64	24.64	33.6	17.92	29.12	23.52	26.88	29.12	13.44	20.16	17.92	20.16	11.2	13.44	11.2	16.8	11.2	22.4	29.12	22.4	24.64	19.04	13.44	21.28	16.8	21.28	20.16	31.36	33.6	26.88	24.64	26.88	19.04	26.88	25.76	28	19.04	17.92	22.4	11.2	15.68	22.4	28	33.6	12.32	12.32	28	26.88	13.44	31.36	25.76	14.56	24.64	13.44	32.48	17.92	21.28	19.04	20.16	
17.92	31.36	25.76	12.32	11.2	23.52	16.8	11.2	32.48	25.76	23.52	26.88	26.88	17.92	29.12	12.32	25.76	28	15.68	17.92	20.16	19.04	30.24	11.2	20.16	25.76	32.48	12.32	26.88	31.36	24.64	28	21.28	17.92	33.6	21.28	32.48	23.52	12.32	21.28	16.8	33.6	23.52	22.4	16.8	
12	20	14	18	20	12	16	10	10	20	15	19	19	13	10	14	10	19	11	20	13	13	15	20	16	12	18	11	10	15	12	16	15	14	17	12	20	11	15	17	17	13	13	14	20	14	14	16	15	11	20	13	11	15	15	19	15	15	16	11	12	13	15	15	19	17	18	16	14	12	19	10	20	11	15	17	18	18	15	15	16	17	18	10	15	10	18	20	18	15	11	14	19	12	10	12	18	16	16	19	13	15	20	14	20	16	15	17	10	19	20	10	10	16	12	13	20	16	12	10	20	16	19	11	18	20	10	20	14	12	10	11	12	20	12	11	11	17	18	13	17	18	14	19	11	20	10	16	14	12	11	19	17	12	13	15	20	15	15	19	11	15	12	20	15	17	19	14	18	10	17	18	13	20	20	20	18	16	19	16	16	20	20	19	18	13	12	11	20	17	14	15	11	18	17	11	15	19	11	18	20	12	16	17	17	13	11	17	12	10	18	20	14	14	15	17	15	10	13	19	15	17	10	19	16	19	20	14	16	14	20	12	11	20	14	19	10	15	14	12	12	11	10	17	18	15	15	19	18	16	18	17	15	15	12	18	14	14	10	18	19	17	17	15	19	15	13	16	14	10	11	10	14	16	18	11	14	17	19	19	11	15	12	19	11	20	13	11	18	12	17	16	18	19	13	20	17	19	11	10	14	16	20	19	15	18	11	11	12	18	18	10	19	17	18	10	19	14	11	12	12	13	14	17	17	16	10	10	17	12	17	10	19	20	16	12	14	20	12	14	12	19	11	11	15	20	10	12	16	15	20	15	17	18	11	16	13	11	17	15	14	19	11	11	11	12	16	12	10	20	19	16	20	17	10	15	12	20	15	11	12	12	10	17	19	11	20	12	19	18	17	15	20	15	18	13	13	16	16	18	14	16	11	20	16	10	17	16	12	14	16	20	17	10	11	18	20	11	19	14	19	18	12	19	14	14	17	12	14	10	17	12	14	17	11	14	13	13	16	11	14	14	12	19	20	13	11	16	14	18	17	11	15	19	17	17	16	11	20	16	12	16	16	12	11	11	10	15	12	17	13	20	14	16	15	11	14	18	14	15	16	14	18	20	20	10	17	19	13	20	20	10	17	18	12	14	14	15	15	14	19	16	20	10	13	10	19	17	16	14	20	11	12	20	17	12	14	17	14	20	11	14	10	12	11	16	11	16	16	16	10	14	16	10	16	18	19	13	13	14	20	10	12	20	17	15	16	11	11	12	14	18	10	12	15	13	13	20	19	13	15	15	14	14	15	18	19	20	15	10	20	14	11	14	19	14	13	11	12	15	15	13	12	12	10	20	12	11	14	10	10	20	17	19	18	12	15	10	18	20	15	18	14	19	20	12	13	14	13	12	11	17	10	17	11	20	19	14	18	13	17	18	20	10	19	12	17	16	14	16	11	10	11	14	10	14	11	14	18	13	15	12	12	15	15	16	11	16	16	15	19	13	16	19	12	17	13	11	15	14	13	10	19	20	14	18	20	11	11	16	18	17	13	11	20	16	12	20	14	10	18	15	10	17	16	11	16	11	19	17	15	10	14	11	16	13	10	13	13	18	11	12	20	11	10	11	11	15	10	11	19	12	16	11	19	14	20	17	17	17	11	13	19	19	14	14	12	12	16	18	15	12	13	18	14	18	12	17	17	12	10	11	12	15	12	13	12	20	19	16	20	11	18	18	16	15	15	17	12	12	19	13	20	17	15	16	12	17	17	15	13	17	10	11	20	11	14	14	20	19	11	10	13	16	17	20	20	19	14	20	18	12	11	12	16	13	14	17	14	10	20	17	15	13	16	18	17	15	15	16	18	12	15	16	14	18	15	13	12	12	15	11	17	10	15	20	14	19	19	17	20	11	14	11	14	18	15	18	15	13	12	18	17	12	17	19	19	19	20	12	17	15	14	20	19	17	16	12	18	13	19	15	20	19	13	14	15	15	19	17	10	13	14	10	20	13	19	20	16	12	18	18	13	16	11	19	20	18	15	12	10	18	15	13	11	18	10	17	15	18	12	19	18	10	13	16	17	16	20	17	16	11	17	19	19	15	14	18	14	15	15	20	15	15	20	11	12	19	18	15	12	11	10	10	18	19	13	19	10	14	18	16	15	18	14	18	18	19	20	11	14	10	20	20	20	20	20	14	20	10	14	10	16	11	14	18	15	10	18	14	13	13	12	10	15	16	15	16	17	15	11	14	19	16	11	16	12	17	14	15	16	19	17	15	14	11	10	11	16	10	
1	1	1	1	1	1	1	1	1	1	1	1	1	1	1	1	1	1	1	1	1	1	1	1	1	1	2	2	2	2	2	2	2	2	2	2	2	2	2	2	2	2	3	3	3	3	3	3	3	3	3	3	3	3	3	3	3	3	3	3	3	3	3	4	4	4	4	4	4	4	4	4	4	4	4	4	4	4	4	4	4	4	4	4	4	4	5	5	5	5	5	5	5	5	5	5	5	5	5	5	5	5	5	5	5	5	5	5	5	5	5	5	6	6	6	6	6	6	6	6	6	6	6	6	6	6	6	6	6	6	6	6	6	6	6	6	6	7	7	7	7	7	7	7	7	7	7	7	7	7	7	7	7	7	7	7	7	7	7	7	7	7	7	7	7	7	8	8	8	8	8	8	8	8	8	8	8	8	8	8	8	8	8	8	8	8	8	8	8	8	8	8	8	8	8	9	9	9	9	9	9	9	9	9	9	9	9	9	9	9	9	9	9	9	9	9	9	9	9	10	10	10	10	10	10	10	10	10	10	10	10	10	10	10	10	10	10	10	10	10	10	10	10	10	10	10	10	10	11	11	11	11	11	11	11	11	11	11	11	11	11	11	11	11	11	11	11	11	11	11	11	11	11	11	11	11	11	12	12	12	12	12	12	12	12	12	12	12	12	12	12	12	12	12	12	12	12	12	12	12	13	13	13	13	13	13	13	13	13	13	13	13	13	13	13	13	13	14	14	14	14	14	14	14	14	14	14	14	14	14	14	14	14	14	14	14	15	15	15	15	15	15	15	15	15	15	15	15	15	15	15	15	15	16	16	16	16	16	16	16	16	16	16	16	16	16	16	16	16	16	16	16	16	16	16	16	16	17	17	17	17	17	17	17	17	17	17	17	17	17	17	17	17	18	18	18	18	18	18	18	18	18	18	18	18	18	18	18	18	18	18	18	18	18	18	18	19	19	19	19	19	19	19	19	19	19	19	19	19	19	19	19	19	19	19	19	20	20	20	20	20	20	20	20	20	20	20	20	20	20	20	20	21	21	21	21	21	21	21	21	21	21	21	21	21	21	21	21	21	21	21	21	21	21	21	21	21	22	22	22	22	22	22	22	22	22	22	22	22	22	22	22	22	22	22	22	22	22	22	22	22	22	22	22	22	22	23	23	23	23	23	23	23	23	23	23	23	23	23	23	23	23	23	23	23	23	23	23	24	24	24	24	24	24	24	24	24	24	24	24	24	24	24	24	24	24	24	24	24	25	25	25	25	25	25	25	25	25	25	25	25	25	25	25	25	25	25	25	25	25	25	25	25	26	26	26	26	26	26	26	26	26	26	26	26	26	26	26	26	26	27	27	27	27	27	27	27	27	27	27	27	27	27	27	27	27	27	27	27	27	27	27	27	27	27	28	28	28	28	28	28	28	28	28	28	28	28	28	28	28	29	29	29	29	29	29	29	29	29	29	29	29	29	29	29	29	29	29	29	30	30	30	30	30	30	30	30	30	30	30	30	30	30	30	30	30	30	30	31	31	31	31	31	31	31	31	31	31	31	31	31	31	31	31	31	31	31	31	31	31	31	31	32	32	32	32	32	32	32	32	32	32	32	32	32	32	32	32	32	32	32	32	32	32	32	32	32	32	33	33	33	33	33	33	33	33	33	33	33	33	33	33	33	33	33	33	33	33	33	33	33	34	34	34	34	34	34	34	34	34	34	34	34	34	34	34	34	34	34	34	34	34	34	34	34	34	34	35	35	35	35	35	35	35	35	35	35	35	35	35	35	35	35	35	35	36	36	36	36	36	36	36	36	36	36	36	36	36	36	36	37	37	37	37	37	37	37	37	37	37	37	37	37	37	37	37	37	37	37	37	37	38	38	38	38	38	38	38	38	38	38	38	38	38	38	38	38	38	38	38	38	38	39	39	39	39	39	39	39	39	39	39	39	39	39	39	39	39	39	39	39	39	39	39	39	39	40	40	40	40	40	40	40	40	40	40	40	40	40	40	40	40	40	40	40	40	40	40	40	40	40	40	41	41	41	41	41	41	41	41	41	41	41	41	41	41	41	41	41	41	41	41	41	41	41	41	42	42	42	42	42	42	42	42	42	42	42	42	42	42	42	42	43	43	43	43	43	43	43	43	43	43	43	43	43	43	43	43	43	43	43	43	43	43	43	43	43	43	44	44	44	44	44	44	44	44	44	44	44	44	44	44	44	44	44	44	44	44	44	44	44	44	44	45	45	45	45	45	45	45	45	45	45	45	45	45	45	45	45	45	
