3000
30	2
1513	32.48
23	23	23	22	23	21	24	24	21	21	22	24	21	23	22	23	23	23	24	23	24	23	24	24	24	22	21	22	21	23	21	21	22	22	23	21	21	21	23	23	22	22	21	24	21	23	23	21	23	23	22	24	21	22	24	24	24	23	24	22	22	21	23	23	22	24	23	21	24	21	21	24	21	24	21	21	24	23	21	23	24	23	23	22	24	22	21	23	21	21	22	24	24	21	23	21	23	21	24	24	24	21	23	22	22	22	22	23	23	24	23	21	22	24	21	23	24	21	24	21	21	24	22	22	21	21	21	23	22	24	21	21	23	21	24	21	21	23	22	21	24	21	21	23	21	21	23	24	22	23	23	21	23	22	24	21	24	23	21	23	22	22	24	21	23	21	22	24	22	22	22	22	24	24	21	23	23	22	23	23	22	23	21	23	21	24	22	22	23	24	24	21	22	21	23	24	22	21	23	23	23	22	24	21	21	22	23	21	22	23	22	24	24	23	22	21	23	21	24	21	22	23	22	24	23	23	24	21	22	24	23	21	23	21	22	21	21	22	24	21	21	24	22	24	24	24	21	21	23	24	22	23	24	24	22	24	22	23	23	22	24	21	22	21	21	21	24	23	21	24	24	22	21	23	23	23	22	21	24	22	21	23	23	24	22	21	24	24	24	24	23	24	23	21	22	21	21	24	23	23	21	23	21	22	24	22	23	23	22	24	23	21	24	24	23	23	23	21	24	22	22	22	23	21	23	22	23	22	24	24	23	21	21	22	22	21	24	21	21	23	21	24	24	24	23	21	21	21	22	21	23	22	23	22	21	24	24	22	23	24	22	22	21	24	23	23	21	22	24	21	23	24	23	23	23	24	23	23	21	22	21	21	23	21	22	22	21	23	24	24	24	22	23	24	21	23	23	23	22	24	22	22	22	21	21	23	23	23	24	23	24	22	24	21	21	21	21	21	21	24	21	21	21	24	23	21	21	21	23	22	22	24	23	24	22	23	21	23	24	24	24	23	22	22	21	22	24	24	21	22	21	22	21	23	24	23	22	24	24	23	23	22	24	21	24	24	24	21	22	21	23	24	24	24	23	21	22	22	24	23	23	21	24	23	21	23	21	23	24	24	22	24	24	21	21	22	23	23	23	21	24	24	23	22	23	23	22	23	22	22	22	21	24	22	22	22	23	23	24	21	24	21	23	23	21	21	21	24	22	23	21	24	22	24	23	23	21	22	21	24	22	21	22	23	23	22	23	22	21	24	23	23	22	24	23	23	24	21	24	22	21	21	24	21	21	24	21	23	21	21	22	22	21	21	22	21	22	22	24	24	24	24	21	22	24	24	22	21	21	23	21	24	24	24	22	22	22	22	21	21	21	22	23	21	21	21	24	22	21	23	21	21	22	24	22	22	24	23	22	24	24	23	23	22	22	23	24	23	22	24	21	22	23	21	22	24	23	21	23	22	22	22	24	22	24	22	22	21	23	24	22	23	24	24	22	23	23	22	23	24	21	23	21	21	21	24	21	21	21	24	23	21	24	21	21	23	21	22	24	21	21	22	23	23	23	21	23	21	22	21	21	21	22	22	23	23	23	22	23	22	22	24	23	22	21	22	21	21	21	24	22	24	21	21	24	23	24	24	24	22	23	21	22	24	22	23	21	21	24	22	23	23	22	23	21	21	22	23	21	22	23	21	21	21	22	24	21	23	24	23	22	23	24	21	22	21	22	24	24	22	22	22	22	23	22	22	23	21	22	22	24	22	22	24	23	24	24	21	22	24	24	21	23	23	21	23	21	24	24	21	24	21	23	22	24	21	24	21	24	21	22	21	21	22	21	23	21	24	22	21	23	24	23	24	21	21	22	21	22	24	23	23	24	23	21	22	24	23	23	22	24	22	24	24	23	21	22	23	21	21	23	22	23	21	24	22	21	24	22	21	21	24	22	21	23	21	24	22	24	24	21	21	24	22	24	22	21	23	23	21	23	23	23	21	23	22	22	23	22	22	21	23	22	22	21	23	22	21	24	21	22	23	23	23	24	21	24	23	21	23	23	23	22	24	23	22	23	23	22	21	21	21	24	23	21	23	21	21	21	24	23	22	22	22	24	23	22	24	21	23	21	21	23	21	23	23	23	23	21	23	24	22	22	22	21	21	24	24	22	21	21	23	22	24	23	23	24	22	23	22	23	22	23	24	22	23	21	23	21	23	21	23	24	21	23	24	23	22	21	23	21	22	24	21	23	22	21	24	22	24	21	23	21	23	22	24	22	21	24	22	23	23	21	24	22	23	24	22	24	22	24	21	23	21	24	21	24	24	23	21	23	23	24	24	22	23	23	21	21	23	24	21	21	21	24	21	24	24	22	24	24	23	24	24	23	23	21	24	23	22	23	23	22	22	22	22	23	24	23	21	22	21	24	21	23	22	22	23	22	24	23	24	22	23	24	21	21	23	23	21	22	24	23	21	24	22	21	24	21	22	21	24	22	24	21	23	23	22	22	23	21	21	23	24	22	23	23	21	24	24	23	21	21	22	24	22	23	21	24	24	21	24	21	24	21	24	21	23	22	23	22	21	24	22	24	24	23	22	22	23	24	23	22	22	21	23	22	22	22	24	23	24	22	24	23	24	24	21	23	24	22	21	23	23	24	21	21	24	22	21	24	21	22	23	22	24	24	23	21	21	24	22	22	23	21	23	21	24	23	21	22	23	22	22	21	22	24	21	24	23	22	22	24	23	22	21	21	23	24	24	21	24	23	21	24	23	21	22	21	22	23	23	24	24	23	23	23	22	23	22	21	23	24	22	21	23	21	23	23	21	22	24	21	24	24	24	24	21	22	24	24	23	22	23	24	21	22	24	21	23	21	24	22	24	21	24	24	23	21	22	22	22	24	22	23	22	21	22	21	21	23	21	21	21	24	24	24	21	24	23	23	21	22	21	21	23	23	21	21	22	21	22	24	23	23	22	24	21	23	21	24	23	21	22	24	24	24	22	23	22	23	21	24	24	24	24	21	24	22	23	22	22	23	22	24	23	24	22	22	21	22	21	22	24	22	22	21	22	21	21	21	21	24	23	23	23	23	24	24	24	23	24	23	22	22	24	24	23	24	23	24	22	21	22	23	21	22	22	21	24	24	22	23	21	24	23	21	22	23	22	24	21	24	24	24	24	23	23	22	23	22	21	23	24	23	23	22	21	23	24	23	23	21	24	22	22	21	21	22	22	24	22	24	21	22	23	22	22	21	24	24	23	24	21	24	23	24	21	21	23	21	23	23	21	22	24	23	23	21	21	22	24	21	23	24	21	22	23	21	22	23	23	22	24	21	24	22	24	22	22	24	24	21	23	23	22	24	24	23	22	22	21	23	23	21	22	24	21	23	23	24	22	22	22	21	21	23	22	23	23	21	24	21	24	24	22	21	24	22	21	21	21	22	23	21	23	23	21	22	23	21	24	24	21	23	23	23	21	22	22	21	23	24	21	23	24	22	22	23	21	22	22	24	24	23	21	23	24	23	23	21	22	22	21	22	22	21	22	23	24	22	22	23	21	24	23	21	22	21	23	22	21	21	23	23	21	22	24	24	23	24	23	24	24	22	24	22	24	23	22	22	23	24	22	24	22	24	24	21	21	23	21	24	24	24	22	22	24	24	22	23	23	23	21	21	21	21	22	22	22	24	22	22	22	21	24	23	22	23	22	24	22	24	22	24	23	22	23	22	24	24	21	21	24	22	22	24	21	22	22	21	21	23	22	21	24	21	23	23	22	23	22	23	23	24	21	24	23	24	21	23	22	21	21	24	22	21	24	24	23	22	24	21	24	21	22	21	23	24	23	23	23	23	21	24	21	22	21	23	21	24	22	22	22	23	22	21	22	21	23	21	24	24	21	24	24	21	23	21	24	23	21	22	21	21	24	21	24	22	22	24	24	21	22	21	24	24	23	22	22	22	24	23	24	22	24	22	21	23	22	23	21	23	21	22	24	21	21	24	23	21	23	21	24	23	21	23	23	21	23	22	21	22	23	21	23	21	24	22	22	24	21	24	21	22	21	24	22	22	24	21	22	24	22	21	22	22	22	23	21	24	22	24	21	21	24	23	22	21	21	21	24	22	23	24	21	23	23	23	23	23	23	21	21	24	23	24	23	24	24	24	22	24	24	23	23	21	21	23	21	23	22	22	22	22	23	24	21	22	23	22	24	24	22	22	24	23	24	22	22	24	23	22	21	24	21	21	23	23	24	22	23	24	24	21	24	24	24	24	23	23	22	24	22	21	23	22	21	22	23	24	23	22	21	23	24	21	21	23	21	23	21	22	22	23	21	23	23	22	22	24	21	24	24	22	22	22	21	22	22	24	23	22	23	24	22	24	24	23	23	24	24	22	24	22	21	24	21	22	24	24	23	24	24	22	21	21	21	22	24	23	24	23	22	21	23	23	21	22	24	23	22	23	22	22	23	23	23	24	23	24	24	22	21	23	22	23	23	23	21	22	24	21	23	21	24	24	22	23	23	21	21	22	22	21	22	24	23	24	24	22	23	22	21	23	22	21	22	21	23	21	24	22	24	21	21	23	23	24	24	21	21	24	24	24	24	22	23	23	23	21	23	23	22	23	24	24	21	23	21	23	24	24	23	24	23	23	21	24	24	23	24	23	23	22	22	22	24	23	23	23	21	23	21	22	24	22	21	21	22	21	21	21	23	24	24	21	24	24	21	23	21	22	21	23	24	21	24	21	22	23	22	23	23	21	22	24	24	21	23	21	24	23	21	21	21	24	22	21	24	22	22	21	24	21	22	23	24	24	24	22	24	23	21	22	22	23	22	22	22	23	22	22	21	21	22	21	24	21	21	23	21	24	21	24	24	21	24	24	21	24	24	22	21	24	23	21	21	24	21	21	24	23	24	23	23	23	21	22	21	23	23	24	24	24	21	21	24	22	21	24	23	24	24	21	24	22	23	22	23	22	22	21	22	21	21	24	24	21	22	21	24	24	23	21	22	22	21	21	24	24	22	21	22	24	24	23	24	24	21	22	24	23	21	22	23	21	22	24	23	21	21	22	24	22	24	24	24	23	22	24	23	22	23	23	23	24	21	23	23	24	21	24	21	23	23	22	21	24	24	21	24	24	22	22	22	22	24	24	24	23	24	21	24	21	21	22	24	21	22	24	22	21	21	23	23	24	21	23	22	23	23	21	23	24	23	23	23	21	21	22	22	22	22	23	21	21	23	23	22	22	23	24	22	21	23	23	21	22	23	23	23	23	24	24	23	23	24	24	23	24	24	23	21	24	24	23	22	24	24	22	23	24	23	22	24	22	22	22	21	21	22	22	21	23	24	22	24	23	23	22	21	21	22	23	23	24	22	22	24	24	23	21	21	21	24	23	23	22	23	23	23	23	24	21	23	23	23	22	23	22	21	22	22	21	24	23	22	24	24	23	23	22	22	22	21	23	21	21	23	24	24	21	22	24	24	24	22	23	22	24	23	24	22	24	23	24	21	24	21	23	22	23	23	23	22	23	23	22	22	23	22	24	21	21	24	22	21	22	21	22	23	21	22	21	21	23	22	21	21	22	24	22	21	23	21	21	22	21	24	23	21	23	23	21	23	22	23	24	21	22	24	22	22	24	22	23	22	22	23	24	24	24	24	22	22	22	22	22	21	21	22	22	24	22	24	23	23	22	22	23	22	22	23	24	21	22	21	22	23	24	21	23	22	23	23	22	23	24	23	21	22	22	24	22	23	24	22	21	23	24	24	21	24	24	22	22	23	24	22	24	23	21	23	21	21	24	22	23	23	23	23	23	21	22	22	23	23	24	21	23	21	24	23	23	22	21	23	22	21	23	24	24	23	23	21	24	23	21	24	23	24	22	24	21	21	24	21	24	24	23	23	24	23	24	24	23	22	21	22	22	21	24	21	22	23	21	23	23	23	21	23	23	21	23	23	23	22	23	22	24	22	24	22	22	23	21	24	23	21	23	21	21	21	21	22	21	22	24	22	23	24	23	24	23	24	23	23	24	21	22	22	21	22	24	23	23	21	23	24	22	22	24	21	21	24	22	21	23	21	23	21	24	21	23	23	21	24	22	23	21	23	24	21	22	24	23	22	21	21	22	22	24	21	24	23	21	24	22	24	23	22	24	22	24	22	22	22	22	23	21	22	24	21	23	22	22	23	21	21	21	21	21	23	22	24	24	23	24	22	23	23	24	21	24	21	22	21	23	23	24	24	23	24	24	23	24	23	23	23	21	21	22	22	24	23	24	23	21	22	21	21	22	24	21	24	24	23	24	24	24	21	24	22	24	21	23	22	21	24	23	21	23	21	21	24	23	24	23	23	23	23	24	24	24	24	22	22	22	21	23	24	24	22	22	24	23	21	22	23	21	21	21	22	24	24	23	21	23	21	22	24	23	24	23	24	24	21	22	23	24	24	24	23	23	21	24	24	23	21	22	22	24	22	21	23	22	23	21	22	24	22	22	22	24	23	24	21	24	21	23	24	21	22	24	23	23	23	22	24	24	21	23	22	24	23	24	21	23	22	24	21	21	23	24	21	23	23	24	24	22	22	21	23	24	21	22	21	23	23	22	22	21	21	24	21	21	21	22	21	24	21	23	21	23	22	22	22	23	24	22	24	21	22	23	21	21	21	22	23	24	21	24	23	23	23	23	23	23	21	23	21	23	24	22	22	23	22	22	21	21	23	21	21	22	21	21	21	23	22	24	22	23	23	22	23	23	22	21	21	24	22	24	24	22	21	21	21	24	24	24	22	24	21	23	23	23	22	22	24	
0	2	3	5	6	7	9	11	12	13	14	15	17	18	19	20	22	23	24	26	27	28	29	
0	2	3	5	6	7	8	9	10	11	12	13	15	16	17	20	21	22	23	24	26	28	29	
0	2	3	5	6	7	8	9	11	12	13	14	15	16	18	19	20	21	23	24	25	28	29	
0	2	3	4	5	6	9	10	11	14	15	16	17	18	19	20	21	24	25	26	27	29	
0	1	2	3	4	5	6	9	10	12	14	15	16	18	19	20	21	23	24	26	27	28	29	
0	1	2	4	5	6	7	8	9	13	14	15	16	17	18	20	22	23	25	27	28	
0	1	2	3	5	7	9	10	11	12	13	14	15	18	19	20	22	23	24	25	26	27	28	29	
0	1	3	4	5	7	8	10	11	12	13	14	15	16	17	18	19	20	21	22	25	26	27	29	
1	2	3	5	8	9	10	11	15	17	18	19	20	21	23	24	25	26	27	28	29	
0	2	3	4	6	9	10	12	13	15	16	17	18	19	20	21	22	24	26	28	29	
1	2	3	5	6	9	10	12	13	14	15	19	20	21	22	23	24	25	26	27	28	29	
0	1	4	7	8	9	10	11	12	15	16	17	18	19	20	21	22	23	24	25	26	27	28	29	
1	2	3	7	8	9	10	12	13	16	17	19	20	21	22	23	24	25	26	27	29	
0	1	2	4	5	6	8	10	11	12	15	16	17	18	20	21	22	23	24	25	26	28	29	
0	1	2	3	4	5	7	8	9	10	11	13	14	17	18	19	20	22	24	25	28	29	
0	1	2	3	4	5	6	7	8	10	11	12	13	14	15	16	17	19	24	25	26	27	29	
2	3	4	5	6	8	9	10	12	13	14	16	17	18	19	20	21	22	23	25	26	27	28	
1	2	3	4	5	6	7	8	10	11	13	15	16	17	19	20	21	23	24	25	26	28	29	
0	1	2	3	5	9	10	11	12	13	14	15	16	17	18	19	20	22	23	24	25	26	28	29	
1	2	3	4	5	8	9	10	11	12	13	15	17	18	19	21	22	23	24	25	26	27	28	
0	2	3	4	6	7	8	9	10	11	13	14	15	16	17	18	19	20	21	22	26	27	28	29	
1	2	3	4	6	7	8	9	10	11	14	15	16	17	18	19	20	21	22	23	25	26	27	
0	1	2	4	5	6	7	8	9	10	11	12	13	14	16	18	19	20	23	24	25	26	27	28	
0	1	2	4	6	7	8	10	11	12	13	14	15	16	17	18	19	20	21	23	24	25	26	28	
0	1	2	3	4	5	7	8	10	11	13	14	15	16	17	19	21	22	23	24	25	26	27	29	
1	4	5	6	8	9	10	11	13	16	17	18	19	20	21	22	23	24	25	26	28	29	
0	1	3	4	5	6	8	9	12	13	14	17	18	19	20	22	23	24	27	28	29	
1	2	4	5	6	7	8	9	10	14	16	17	18	19	20	22	23	24	25	26	28	29	
0	1	3	5	6	8	9	10	11	13	14	15	16	17	21	22	23	24	26	27	29	
1	2	3	4	6	8	9	10	11	12	13	16	17	18	19	20	22	24	25	26	27	28	29	
2	3	4	5	6	7	8	9	11	13	14	17	18	19	20	23	25	26	27	28	29	
0	1	3	4	5	6	7	10	11	13	14	15	16	17	18	19	22	23	24	25	27	
0	1	2	3	4	7	8	9	10	11	12	13	14	15	17	21	22	23	24	26	27	29	
0	1	2	4	6	7	9	10	11	13	15	16	17	18	20	21	24	25	26	27	28	29	
0	1	3	4	5	6	7	8	9	10	12	14	15	16	17	18	19	20	21	24	26	27	28	
0	2	3	5	7	8	9	12	13	16	17	18	19	22	23	24	25	26	27	28	29	
0	1	3	4	6	9	10	11	12	13	14	15	18	20	21	22	23	24	26	27	28	
0	2	3	4	6	7	9	10	11	12	13	14	15	17	18	20	23	24	27	28	29	
0	3	4	5	7	8	9	10	11	12	13	14	15	16	17	18	19	20	21	23	24	26	28	
0	1	2	3	4	5	6	7	8	11	13	14	15	16	17	18	23	24	25	26	27	28	29	
1	2	3	4	5	6	7	8	9	10	11	12	16	19	22	23	24	25	26	27	28	29	
0	4	5	6	8	9	10	11	12	13	15	16	18	21	22	23	24	25	26	27	28	29	
0	1	3	4	6	7	8	9	10	11	12	14	15	17	20	23	24	25	26	28	29	
0	1	2	3	5	6	7	8	9	10	11	14	15	16	17	18	19	20	21	22	24	25	27	28	
2	4	5	9	10	11	12	13	14	15	16	17	19	20	21	22	24	25	26	27	28	
2	3	4	5	6	7	8	10	11	12	13	15	16	17	18	20	21	22	23	24	25	27	28	
0	1	2	3	4	5	6	7	9	10	11	12	13	16	17	18	19	20	21	23	24	25	26	
1	4	5	6	7	8	10	11	12	13	14	15	16	18	19	22	24	25	27	28	29	
0	1	3	5	7	8	9	10	12	13	14	15	17	19	20	21	22	23	24	25	27	28	29	
0	2	3	4	5	6	7	8	9	10	11	13	14	15	18	19	21	22	23	26	27	28	29	
0	1	3	4	6	7	8	9	11	12	14	17	18	19	20	22	23	24	25	26	28	29	
0	2	3	4	5	6	7	8	9	10	11	12	14	15	16	17	18	19	23	24	25	26	27	28	
0	2	3	5	8	9	10	11	12	14	15	16	19	20	21	24	25	26	27	28	29	
0	1	2	4	7	8	10	11	12	13	14	15	16	17	18	19	20	21	23	25	26	28	
0	1	2	3	5	6	8	9	10	11	13	14	15	16	17	19	20	21	22	24	26	27	28	29	
0	2	3	4	5	6	7	8	10	13	15	17	18	19	20	21	22	23	24	25	26	27	28	29	
0	1	2	6	7	8	9	11	14	15	16	17	18	19	20	21	22	23	24	25	26	27	28	29	
0	1	4	6	7	8	10	11	12	13	14	16	19	20	21	22	23	24	25	26	27	28	29	
1	2	3	4	6	7	8	9	10	13	15	16	17	18	19	20	21	23	24	25	26	27	28	29	
0	1	2	3	4	5	6	7	8	10	11	12	14	15	16	18	19	21	23	24	28	29	
1	3	4	5	6	7	8	10	11	13	16	17	18	19	20	22	24	25	26	27	28	29	
1	3	4	5	6	7	8	10	12	13	14	18	19	20	21	22	23	24	25	27	29	
1	2	4	5	7	10	11	12	13	15	16	17	18	19	20	21	22	23	24	25	26	27	29	
0	1	2	3	5	6	7	8	11	12	13	14	15	18	19	20	21	22	23	25	26	27	29	
0	1	2	5	7	8	10	12	13	14	16	17	18	19	20	21	22	25	26	27	28	29	
0	1	2	4	5	7	10	11	12	15	16	17	18	19	20	21	22	23	24	25	26	27	28	29	
0	2	3	5	6	8	9	10	11	12	13	15	17	18	19	21	22	24	25	26	27	28	29	
0	1	2	3	5	6	8	9	10	11	12	14	17	18	20	21	23	25	27	28	29	
1	3	4	6	7	8	9	10	11	12	13	14	15	16	19	20	21	22	23	24	25	26	27	29	
1	2	3	4	6	7	8	9	12	14	15	17	18	21	22	23	24	25	26	27	29	
0	2	4	5	7	8	9	11	13	14	16	17	20	21	22	24	25	26	27	28	29	
0	1	2	3	4	5	6	7	8	9	11	12	13	14	16	17	18	20	21	22	23	24	25	28	
0	1	2	3	4	5	6	7	8	9	10	12	13	16	18	21	22	23	26	27	29	
0	2	3	4	5	6	8	9	10	11	12	13	15	16	17	19	20	23	24	25	26	27	28	29	
0	3	5	7	8	10	11	13	14	15	16	18	19	20	21	24	25	26	27	28	29	
0	1	2	3	4	5	7	8	9	10	12	13	15	17	18	20	21	22	24	25	28	
0	1	2	3	4	5	6	8	9	10	11	12	13	14	15	16	18	19	21	23	24	25	26	29	
0	1	2	3	5	6	8	9	10	11	13	14	15	16	19	20	22	23	24	25	26	27	29	
0	1	2	3	9	10	11	12	14	15	16	18	19	20	22	23	24	26	27	28	29	
1	2	3	4	5	6	7	8	9	10	11	14	15	16	19	20	22	23	24	26	27	28	29	
0	1	3	4	5	6	7	10	11	12	15	16	17	18	19	20	21	22	23	24	25	26	28	29	
0	1	2	3	6	7	8	9	10	12	13	14	16	17	18	19	20	22	24	25	26	28	29	
0	1	2	3	4	5	9	10	11	12	13	14	15	16	17	18	19	20	21	22	25	26	28	
0	2	3	4	5	6	7	8	9	10	11	15	17	19	20	23	24	25	26	27	28	29	
1	2	6	7	8	10	11	12	13	14	15	17	18	19	20	21	22	23	24	25	26	27	28	29	
0	3	5	6	8	9	10	11	12	13	14	15	17	18	19	20	22	23	24	26	27	29	
0	1	4	6	7	9	10	11	12	15	16	17	18	20	21	22	23	24	26	27	28	
0	1	2	3	5	6	7	10	11	12	13	14	15	16	17	18	20	22	23	24	25	27	28	
1	2	3	4	7	8	11	12	13	14	15	16	17	19	20	21	22	25	26	27	29	
1	2	3	5	7	8	9	10	12	13	14	15	17	18	20	21	22	23	25	27	29	
0	1	3	4	5	6	7	8	10	11	12	13	16	18	19	20	21	22	24	25	26	29	
0	3	4	5	6	7	8	9	10	11	12	13	14	15	17	18	19	20	22	24	25	26	28	29	
0	2	3	4	5	6	7	8	9	11	12	15	16	17	18	20	21	22	23	24	25	26	28	29	
0	2	4	5	6	7	11	13	14	15	16	17	19	20	21	23	24	25	26	27	28	
0	1	2	4	5	6	7	8	10	11	12	15	16	18	19	21	22	23	25	26	27	28	29	
0	2	3	6	7	8	9	12	15	16	17	18	19	20	21	23	25	26	27	28	29	
1	2	6	9	10	11	12	13	14	15	16	17	18	19	21	22	23	24	25	26	27	28	29	
0	1	2	5	6	8	9	10	11	13	16	17	18	20	21	22	23	24	26	28	29	
0	1	2	3	5	6	7	8	10	11	12	13	14	16	18	19	20	21	22	23	24	25	27	29	
0	1	2	4	6	7	8	9	10	12	15	16	17	18	19	20	21	22	23	24	25	26	28	29	
0	1	2	3	4	5	6	8	9	10	12	13	14	15	16	18	19	20	21	22	24	26	27	29	
1	2	4	5	6	7	8	9	10	11	13	14	15	16	17	19	20	22	24	25	26	
0	1	2	3	4	5	6	7	8	10	12	13	15	17	18	19	21	22	23	24	25	27	28	
0	1	2	3	4	5	6	8	10	11	13	15	16	17	19	20	22	23	24	25	27	29	
0	1	3	6	8	9	10	11	12	13	14	16	17	18	19	20	21	22	23	24	26	29	
0	1	3	4	5	6	7	8	9	10	11	13	17	18	19	20	21	23	24	25	27	28	
0	2	3	4	5	6	7	8	10	12	13	15	16	17	19	20	22	23	24	25	26	27	
0	1	2	3	4	7	8	9	10	11	12	13	14	15	16	17	18	19	21	23	24	26	27	
0	1	2	4	5	8	9	10	12	13	14	16	17	18	19	20	21	23	24	25	26	27	29	
0	1	2	3	4	6	7	8	11	12	13	14	16	17	18	20	21	22	23	24	25	26	27	28	
0	1	2	3	4	7	9	10	13	14	15	16	18	19	20	21	22	23	24	26	27	28	29	
0	1	2	4	5	7	10	11	13	14	15	17	19	20	21	22	25	26	27	28	29	
0	2	3	5	6	7	9	12	13	15	16	18	19	20	22	23	24	25	26	27	28	29	
0	1	2	3	4	5	7	9	10	11	13	14	15	18	19	21	22	23	24	25	26	27	28	29	
0	1	2	4	5	7	8	9	10	12	16	17	18	19	20	23	24	25	27	28	29	
0	1	2	3	4	6	10	13	14	15	16	17	18	19	20	21	22	23	24	25	26	28	29	
0	2	3	4	5	6	7	9	10	11	12	13	15	16	17	20	21	22	23	24	25	26	28	29	
2	5	7	8	9	12	13	14	15	16	17	18	19	20	22	23	24	25	27	28	29	
0	1	3	4	8	9	10	11	12	13	14	15	16	17	18	19	20	21	22	23	25	26	27	29	
0	1	3	4	5	6	7	9	10	12	13	14	16	17	20	21	22	25	26	28	29	
0	2	3	4	5	7	8	9	10	12	14	15	16	18	19	21	22	23	27	28	29	
0	1	2	3	4	6	7	9	10	11	13	14	15	16	17	19	21	22	23	24	25	26	27	29	
1	2	3	4	5	6	7	8	10	11	12	14	15	16	19	20	21	22	23	25	26	28	
1	2	3	4	5	6	7	9	10	11	12	13	14	16	18	20	21	22	26	27	28	29	
0	1	2	3	4	7	8	9	10	11	12	15	17	21	23	24	25	26	27	28	29	
1	2	3	4	5	6	7	9	10	11	13	14	16	17	19	20	21	22	25	28	29	
2	3	4	6	7	8	9	10	11	12	13	14	16	17	18	20	22	23	24	28	29	
0	1	4	5	6	7	8	9	10	11	12	13	14	15	16	17	18	19	20	22	25	26	29	
2	3	5	6	7	8	9	10	11	12	14	15	17	19	20	21	22	23	24	25	26	28	
0	1	2	3	4	5	6	8	9	10	11	12	13	14	16	18	19	20	21	22	23	24	25	26	
0	1	2	3	4	5	6	7	9	10	12	13	14	16	19	22	23	24	25	27	29	
0	1	2	3	5	6	7	8	11	12	13	14	15	18	20	21	22	23	24	26	27	
0	2	3	5	6	7	10	12	13	14	15	16	17	18	20	21	22	23	24	26	27	28	29	
1	2	4	5	9	10	11	12	13	15	17	18	19	20	22	24	25	26	27	28	29	
0	2	3	4	5	6	7	8	10	12	13	14	15	16	17	18	20	21	22	24	25	27	28	29	
1	3	4	6	7	8	9	10	11	12	13	14	15	16	17	20	21	22	23	24	29	
0	1	2	3	4	7	9	10	11	14	16	17	18	19	21	23	24	25	26	27	28	
0	1	3	4	5	6	7	9	10	11	12	14	15	17	18	19	20	23	24	25	26	27	28	
0	1	2	3	4	5	6	7	8	11	13	14	15	16	17	18	23	24	25	27	28	29	
1	2	3	4	5	6	7	8	10	11	13	14	17	18	19	20	21	23	26	27	29	
0	2	3	5	6	7	8	9	10	11	12	13	14	15	16	17	22	23	24	25	26	27	28	29	
1	2	3	7	8	9	11	12	13	14	15	16	18	20	21	22	23	24	25	27	29	
1	2	3	5	6	8	9	10	11	12	13	14	16	20	21	22	24	25	26	27	28	
0	2	3	4	5	7	8	9	10	11	12	13	14	15	16	17	18	19	22	23	26	27	28	
0	1	2	4	5	6	8	10	12	14	15	16	17	18	19	22	23	24	25	26	29	
0	1	2	3	4	5	7	8	11	13	15	16	17	21	22	24	25	26	27	28	29	
0	1	2	3	4	5	6	8	9	10	11	13	15	17	19	20	21	22	24	25	26	27	28	
0	1	2	3	4	7	8	9	10	11	12	13	14	15	16	19	20	22	23	25	26	27	28	29	
0	1	4	6	7	9	10	11	12	14	15	16	18	20	21	22	24	25	26	27	28	29	
0	1	2	4	5	7	8	9	10	11	12	13	14	15	17	18	21	22	23	24	26	28	29	
2	3	4	5	6	7	8	9	10	12	13	14	15	17	19	20	23	24	25	26	27	28	29	
0	5	6	7	8	9	11	12	14	15	16	17	18	19	21	22	24	25	26	28	29	
0	1	2	3	5	7	8	9	10	11	12	13	14	15	17	18	19	20	21	23	24	28	29	
1	2	3	4	5	7	9	10	11	12	13	14	15	17	18	22	23	24	25	27	28	29	
0	1	2	3	4	5	6	7	8	9	10	12	16	17	18	19	20	21	23	24	25	26	27	29	
0	1	2	4	5	6	7	8	9	10	11	15	16	17	18	20	25	26	27	28	29	
0	2	3	4	5	6	7	9	11	12	13	15	16	17	18	19	22	23	24	25	26	27	28	29	
0	1	3	4	5	6	7	8	10	11	13	14	15	16	17	18	19	21	23	24	25	26	27	
0	1	2	3	6	7	8	12	13	14	15	16	17	19	21	22	23	25	26	28	29	
0	1	2	4	5	6	7	8	9	10	12	14	15	16	17	18	20	21	22	23	25	26	27	
0	1	2	4	5	6	7	8	9	10	12	14	18	19	20	21	23	24	25	26	27	28	
0	2	3	4	5	6	7	9	11	12	13	14	15	16	19	20	21	22	23	24	26	28	
0	1	2	4	5	7	8	9	10	11	12	13	14	17	18	19	21	22	24	25	26	27	28	29	
0	2	3	4	6	9	10	12	13	14	15	16	17	18	19	20	22	24	26	27	28	
0	1	2	4	5	6	7	8	9	10	11	12	13	15	16	17	18	24	25	26	27	28	29	
0	3	4	6	7	8	10	11	12	14	15	16	17	18	22	23	24	25	26	27	29	
0	1	2	5	7	8	9	11	15	16	17	18	19	20	22	23	24	25	26	27	28	29	
0	1	2	3	4	6	8	9	10	11	12	13	14	16	17	18	20	21	22	23	24	26	27	28	
0	2	3	4	5	6	8	9	10	12	13	14	16	17	18	20	21	23	24	25	26	27	
0	2	3	4	6	8	9	11	13	15	17	18	19	20	21	22	23	25	26	27	28	29	
0	3	4	5	6	7	8	9	13	14	15	16	18	19	20	22	23	24	26	27	28	29	
0	2	3	4	5	8	10	12	14	15	16	18	19	20	21	22	23	24	25	26	27	29	
0	1	2	3	4	5	6	7	8	10	11	12	13	14	16	17	18	19	20	21	22	24	26	28	
0	2	3	4	5	6	7	9	10	11	12	13	15	16	17	18	19	20	23	24	25	27	28	29	
0	1	2	3	5	8	9	10	11	14	15	16	17	18	19	21	22	23	27	28	29	
0	1	2	3	4	6	7	9	10	11	12	13	14	15	16	17	18	20	21	22	23	24	28	
0	2	3	4	5	6	7	8	9	10	11	12	13	19	20	21	22	23	24	26	27	28	29	
0	1	2	5	6	7	13	14	16	17	18	19	20	21	22	23	24	25	26	27	28	29	
0	1	3	4	6	7	8	10	12	13	14	15	16	17	18	19	20	21	22	24	25	27	28	
0	1	2	3	5	7	8	10	11	12	14	15	16	17	18	20	21	22	23	25	26	27	29	
1	2	3	4	7	8	9	10	12	14	16	17	18	19	20	21	22	24	25	26	27	28	
0	1	2	3	4	7	8	9	10	11	12	14	15	16	17	18	19	20	24	25	26	27	29	
3	4	5	6	8	9	10	11	12	14	15	16	18	19	20	21	24	25	26	28	29	
2	3	4	5	6	7	8	9	10	12	13	14	15	16	17	19	20	21	22	24	25	26	29	
0	1	2	3	5	6	7	8	9	10	12	14	18	19	22	23	24	25	27	28	29	
0	1	2	3	6	7	8	9	11	12	14	15	16	17	19	20	21	22	24	25	26	27	28	29	
1	2	3	4	5	8	9	10	11	12	14	17	18	19	20	21	22	23	24	25	27	29	
2	3	6	7	8	9	10	11	12	13	15	16	17	18	19	20	21	23	24	25	28	29	
1	2	3	4	5	6	7	8	9	12	13	14	15	16	17	20	21	23	24	25	27	28	29	
0	1	2	4	7	8	10	12	13	14	15	16	17	18	19	20	21	22	24	25	26	27	28	29	
0	1	2	3	4	9	10	11	12	13	14	15	16	17	18	19	20	21	22	23	26	27	28	29	
0	2	3	4	6	10	11	13	14	17	18	19	20	21	22	23	24	25	26	28	29	
1	3	4	5	6	7	9	10	11	12	14	15	16	17	20	22	23	24	25	26	27	29	
0	2	4	5	8	9	10	11	12	15	17	18	19	20	21	22	24	25	27	28	29	
0	1	2	3	4	6	7	8	9	10	12	13	14	15	16	17	18	19	21	22	23	24	29	
0	1	3	4	6	7	8	9	10	11	13	15	16	17	18	19	20	21	22	23	24	27	28	29	
0	3	4	5	6	7	8	9	10	12	13	14	15	16	20	22	23	24	26	27	28	29	
0	1	4	6	7	8	10	11	12	13	14	15	17	19	20	23	24	26	27	28	29	
0	2	3	4	5	6	8	10	11	12	13	14	16	17	18	20	21	22	23	24	25	26	29	
1	2	3	4	6	7	8	9	10	12	13	14	16	17	18	20	21	23	24	26	27	28	29	
0	1	2	3	5	6	8	9	11	13	15	16	17	19	20	21	22	23	24	25	26	27	29	
1	3	5	7	8	9	10	11	13	14	15	16	17	18	21	22	24	25	26	27	28	29	
0	1	2	4	5	7	8	9	10	11	13	14	16	17	18	19	20	22	24	25	26	27	28	29	
0	1	3	4	5	8	9	10	11	12	13	14	16	19	21	22	23	24	27	28	29	
2	3	4	5	6	8	9	10	12	13	14	18	19	20	21	22	23	24	25	28	29	
0	1	2	3	4	5	7	9	10	11	12	13	14	15	17	18	19	20	22	23	25	29	
0	1	3	5	6	7	8	9	10	11	12	13	14	16	17	18	19	20	21	22	23	24	27	
0	1	2	3	5	7	8	9	15	16	17	18	20	21	22	23	24	26	27	28	29	
1	2	4	5	6	9	10	11	12	14	17	19	20	21	22	23	24	25	26	27	28	29	
0	1	2	3	6	8	9	10	11	12	13	14	16	17	18	19	21	22	23	26	27	28	29	
0	1	3	4	5	9	10	12	14	15	16	17	18	19	21	22	23	24	25	26	27	28	
0	1	2	4	5	7	8	9	10	11	12	13	14	15	17	18	20	22	23	25	26	27	28	29	
0	1	2	3	4	5	6	8	9	10	11	13	14	15	16	17	19	21	23	25	26	27	28	29	
0	2	4	5	6	8	9	11	12	13	14	15	16	17	19	20	22	23	24	25	26	27	28	
0	1	2	3	4	5	7	8	9	10	11	12	13	14	16	17	19	20	21	27	28	29	
1	2	3	5	6	7	9	10	14	16	17	18	20	21	22	24	25	26	27	28	29	
0	1	3	4	5	6	7	8	9	10	12	13	14	17	18	19	22	23	24	25	26	28	29	
0	1	3	5	6	7	10	11	13	14	15	16	17	18	19	20	21	22	23	26	29	
0	1	2	3	4	5	6	8	9	10	12	13	14	15	16	17	18	21	22	23	25	27	28	29	
0	4	5	8	9	11	13	14	15	16	17	19	20	21	22	23	24	25	27	28	29	
0	1	2	3	4	5	6	9	11	13	14	15	16	18	19	20	21	22	23	24	27	28	
0	1	2	3	5	6	7	9	10	11	12	13	14	15	16	18	19	20	23	24	26	28	29	
0	3	4	5	6	7	8	9	10	11	13	14	15	16	17	19	20	22	23	24	25	27	
0	2	3	4	5	7	8	9	10	11	12	13	15	16	17	19	20	21	24	25	26	27	28	29	
0	2	3	5	6	8	9	10	11	12	15	16	17	18	20	21	23	24	25	26	27	28	29	
0	1	2	3	4	5	10	11	12	13	14	15	16	17	18	20	21	22	23	24	26	27	28	
0	2	3	4	5	6	7	8	9	11	12	13	14	15	16	18	19	20	21	23	24	26	28	29	
0	2	3	4	5	6	7	8	9	11	12	13	15	16	17	19	20	21	23	27	29	
0	2	3	6	7	9	10	11	13	14	16	17	19	20	21	23	24	25	26	27	28	29	
0	2	5	6	7	8	9	10	11	12	13	14	15	16	17	18	20	21	22	24	25	26	27	29	
2	4	5	6	7	8	9	10	12	14	15	16	17	18	19	20	22	24	25	26	27	28	29	
0	1	2	3	4	5	6	7	8	11	12	14	15	19	20	21	23	25	26	27	28	
1	2	4	5	7	8	9	10	11	12	14	15	17	18	19	20	21	22	23	25	26	27	28	
0	1	2	3	4	7	8	9	12	13	14	15	16	17	18	19	20	21	23	26	28	
3	4	5	6	7	8	11	13	15	16	17	18	19	20	22	23	24	25	26	27	28	29	
0	1	3	5	6	7	8	9	13	14	15	17	18	20	21	23	24	25	27	28	29	
1	3	4	5	6	7	9	10	11	12	13	14	15	16	18	20	21	24	25	27	29	
0	1	2	3	4	5	6	7	8	9	10	11	12	13	14	18	20	21	22	26	28	29	
1	2	3	4	5	7	9	10	11	12	13	14	17	18	19	20	21	22	23	25	26	27	28	29	
1	3	4	5	6	7	9	11	14	15	16	17	18	20	21	22	24	25	26	28	29	
0	1	5	6	7	8	10	11	12	13	14	15	16	18	19	21	22	23	24	25	26	
0	1	2	3	4	5	6	7	8	10	11	12	15	16	17	19	20	21	22	23	24	25	28	29	
0	1	2	3	4	5	6	7	9	13	15	16	17	18	19	20	21	22	23	26	28	29	
0	3	4	5	6	7	9	10	11	12	13	14	15	16	18	19	20	22	23	24	25	27	28	29	
2	3	4	5	6	7	8	9	10	11	12	13	14	15	16	17	21	22	23	24	25	26	28	29	
0	2	3	4	5	6	7	8	9	10	11	12	13	15	16	19	20	21	22	23	25	26	27	28	
0	1	4	5	6	7	8	10	11	12	15	16	17	18	19	22	23	24	25	26	28	
0	1	2	4	7	8	11	13	14	15	16	17	19	20	21	22	24	25	26	28	29	
2	3	4	5	6	7	8	9	10	11	13	15	16	18	19	20	22	23	24	25	27	28	29	
1	2	3	4	6	9	10	12	13	14	15	16	17	18	19	20	21	22	23	24	25	26	28	29	
0	3	4	5	6	7	8	9	10	11	13	15	16	17	18	20	22	25	26	27	28	29	
2	3	4	7	8	9	10	13	14	15	16	17	18	19	20	21	22	24	25	26	27	28	29	
0	1	2	3	4	5	6	7	8	9	10	12	13	14	15	16	18	22	23	24	25	26	27	28	
0	1	4	5	6	7	8	9	10	11	12	13	15	16	17	19	20	21	22	23	25	26	28	29	
0	1	3	5	6	7	8	9	10	11	13	14	15	16	17	18	22	23	25	26	27	29	
0	1	2	3	4	6	7	8	9	10	11	12	14	15	16	17	18	21	22	24	25	26	27	28	
0	2	3	5	6	7	8	9	11	12	13	14	15	17	18	19	21	22	24	25	27	28	
0	1	2	3	4	5	6	8	9	11	13	14	15	17	19	21	22	23	24	26	27	28	29	
1	2	3	5	7	8	9	10	11	13	14	15	16	17	18	20	21	23	24	26	27	28	29	
0	1	2	3	7	8	9	10	11	12	13	14	15	16	18	21	22	23	25	26	27	28	
0	1	2	4	8	9	10	11	12	13	14	16	17	19	20	21	22	23	24	25	26	27	28	29	
1	3	4	5	8	10	11	12	14	15	16	17	20	21	22	23	25	26	27	28	29	
0	1	2	3	4	6	7	9	10	11	15	16	19	20	21	22	23	25	26	27	28	29	
1	2	3	5	6	7	10	12	13	14	15	16	18	19	20	21	23	25	26	28	29	
0	1	3	5	6	7	8	9	11	12	13	14	15	16	21	23	24	25	26	28	29	
0	2	3	6	8	10	12	13	14	17	18	19	21	22	23	24	25	26	27	28	29	
0	1	2	3	4	5	9	10	12	13	14	15	16	17	18	19	20	21	22	24	25	27	28	29	
0	1	2	3	5	7	8	10	11	12	13	14	17	18	19	20	21	22	23	24	25	28	29	
0	1	2	4	5	10	11	12	13	14	17	19	20	22	23	24	25	26	27	28	29	
0	1	2	3	4	6	7	8	9	11	12	13	14	15	16	17	18	19	22	24	26	27	28	29	
0	2	3	4	5	6	7	8	9	10	11	12	13	15	16	17	21	22	23	24	25	26	27	28	
0	3	4	7	8	9	10	11	12	13	14	15	16	17	18	19	20	23	24	25	26	27	
1	2	4	6	7	8	9	10	11	12	14	15	16	17	18	20	23	25	27	28	29	
0	1	2	3	4	5	6	7	8	9	10	12	13	14	16	17	18	20	21	22	25	28	29	
0	1	4	5	6	7	9	10	11	12	13	14	16	17	19	20	22	23	24	26	27	28	29	
0	1	2	3	4	5	6	7	9	10	11	12	13	14	15	16	17	20	22	23	24	25	27	
0	2	3	4	6	7	8	9	10	11	12	14	15	16	17	18	19	21	24	25	26	29	
0	4	6	7	8	9	10	11	13	14	15	16	17	18	19	22	24	25	27	28	29	
0	1	2	3	5	7	8	11	12	13	14	15	16	17	18	19	20	21	22	24	25	26	28	29	
3	5	6	7	8	9	10	12	13	14	15	17	18	19	20	21	22	23	25	26	27	28	
0	1	2	5	6	7	8	9	10	11	13	14	15	16	19	24	25	26	27	28	29	
1	3	5	6	7	8	9	10	11	12	13	14	17	19	20	21	22	23	24	25	26	27	28	
1	2	3	4	6	7	8	9	10	11	12	13	14	15	16	17	18	19	22	23	24	28	29	
1	2	4	5	6	7	8	9	10	11	12	13	14	15	17	18	19	20	21	22	23	24	26	28	
0	1	3	4	5	6	8	9	11	12	13	16	17	18	19	20	21	23	25	27	28	29	
0	4	5	6	7	10	11	12	14	15	16	17	18	20	21	23	24	25	26	27	29	
1	2	3	4	5	7	8	9	10	11	12	13	14	15	16	18	20	21	22	23	24	25	27	29	
0	1	2	4	5	6	7	8	9	11	12	14	15	16	17	20	21	22	23	24	25	26	28	29	
1	3	4	5	6	7	8	9	10	11	12	13	17	18	19	20	21	22	23	24	25	26	28	29	
0	1	2	4	5	6	7	9	10	12	13	14	15	16	17	19	22	23	24	25	26	27	28	29	
0	2	4	5	6	7	8	9	10	11	12	13	18	19	20	21	22	24	25	26	27	28	29	
1	2	3	4	6	7	8	9	10	11	12	13	14	16	17	18	20	21	22	23	25	26	28	29	
0	1	2	3	5	6	7	8	9	12	13	14	15	16	17	18	19	21	22	23	24	27	29	
1	2	3	4	7	8	10	11	12	13	14	15	16	17	18	22	23	25	27	28	29	
1	2	3	4	5	6	7	8	9	10	12	13	14	15	16	19	20	21	22	26	28	29	
1	4	5	8	9	10	11	12	13	14	16	17	19	20	23	24	25	26	27	28	29	
0	1	3	4	5	6	7	8	9	12	13	14	15	17	21	22	23	25	26	27	29	
0	2	3	5	6	7	8	9	10	11	12	14	15	16	19	21	22	23	24	25	26	27	28	29	
0	1	2	4	5	7	8	9	10	12	13	14	15	16	17	20	21	24	25	26	27	28	29	
0	1	2	3	4	5	6	8	9	11	12	15	16	17	19	20	21	23	24	25	26	28	29	
0	1	2	4	5	6	8	9	11	12	13	14	15	16	18	20	21	25	26	28	29	
0	1	2	4	5	6	7	8	9	11	12	13	16	19	20	21	23	24	25	26	27	28	29	
2	4	5	6	9	10	11	13	14	15	16	17	19	20	23	24	25	26	27	28	29	
0	1	2	4	5	6	8	9	11	13	14	16	17	18	19	20	21	23	25	27	28	29	
0	1	2	3	6	8	10	11	12	13	14	16	17	18	19	20	21	23	24	25	26	27	28	29	
0	1	3	6	7	8	9	10	12	13	16	17	18	19	20	21	22	23	24	25	28	29	
1	2	3	4	6	7	9	10	11	12	13	14	15	17	19	22	23	24	25	26	27	28	29	
0	3	4	5	6	7	8	10	11	12	15	16	17	18	20	21	23	24	25	26	27	28	29	
0	1	2	4	6	7	8	9	11	12	13	15	16	19	20	21	23	24	26	27	28	29	
0	1	2	3	4	6	8	9	10	11	12	13	14	15	16	17	18	20	22	23	25	26	27	29	
1	2	3	4	5	7	8	10	12	13	15	16	18	19	20	21	22	23	24	25	27	28	29	
0	1	2	5	8	9	10	11	12	14	15	18	19	21	22	23	24	25	27	28	29	
0	1	2	3	6	7	8	10	11	12	13	14	15	16	17	18	19	20	21	22	25	27	28	29	
0	1	3	5	6	8	9	10	11	12	13	14	17	18	19	20	21	22	24	25	26	27	28	29	
0	1	2	3	5	6	7	8	9	11	12	13	14	15	16	17	18	20	22	23	25	26	29	
0	1	2	5	6	7	8	9	10	11	12	15	16	17	18	19	21	23	24	25	26	27	28	
1	2	3	4	5	6	7	8	9	12	14	15	18	20	21	22	23	24	25	26	27	28	29	
0	1	2	3	5	6	7	8	9	13	15	17	18	19	21	22	24	25	26	28	29	
0	1	2	3	6	7	8	9	10	11	12	15	16	17	18	19	20	21	24	25	26	27	28	29	
0	2	4	5	6	8	9	11	12	13	15	16	17	18	20	21	22	23	24	25	28	29	
1	2	3	6	8	9	10	11	12	13	14	15	16	17	19	21	22	23	25	26	27	28	
0	1	2	3	4	5	7	8	9	12	13	14	15	16	17	18	19	20	23	26	27	28	
1	2	3	4	5	6	7	8	9	10	11	12	13	14	16	17	18	20	21	22	24	27	29	
0	1	2	3	4	5	6	7	9	10	13	14	15	16	17	19	20	23	27	28	29	
0	1	2	3	4	6	7	8	9	10	11	13	14	15	16	17	18	21	24	25	26	28	29	
0	2	4	5	6	7	9	10	12	13	14	15	16	18	19	21	23	25	26	27	28	29	
0	2	3	4	5	6	7	8	10	11	12	13	14	15	16	17	18	19	20	21	24	26	29	
2	3	4	7	8	9	10	12	13	14	16	18	19	21	22	23	24	25	26	27	28	29	
0	1	2	3	4	5	6	7	10	11	12	13	14	16	18	20	21	22	23	24	25	26	27	29	
1	2	3	6	7	8	9	10	11	12	13	14	15	16	17	19	20	21	23	24	25	26	27	29	
0	1	3	4	6	7	8	10	11	14	15	16	17	18	19	20	21	22	24	26	27	28	29	
3	5	7	8	9	10	11	13	14	15	18	19	20	21	23	24	25	26	27	28	29	
1	2	3	4	7	8	9	10	13	14	15	16	18	19	20	21	22	23	24	25	28	
0	1	2	3	6	7	8	9	10	11	12	13	15	17	19	20	21	23	24	25	26	28	
1	2	3	4	5	6	10	11	12	13	14	16	17	19	20	21	23	24	25	26	28	29	
0	1	2	3	4	8	9	10	11	12	14	15	16	17	18	20	24	25	26	27	29	
0	3	5	6	7	9	10	11	12	13	14	15	16	17	18	20	21	22	23	24	25	26	27	29	
0	1	2	3	5	7	8	9	11	12	13	14	15	16	17	19	21	22	24	27	29	
5	6	7	8	9	10	11	12	13	14	15	17	18	19	21	22	23	25	26	27	28	
0	2	3	4	5	6	8	9	10	11	12	13	14	16	18	19	20	22	24	25	26	28	29	
0	1	3	4	5	6	9	11	12	13	15	16	17	18	19	20	21	22	23	24	27	
2	3	4	5	7	8	9	10	12	13	14	15	17	18	19	20	21	23	24	25	26	27	28	29	
0	1	2	3	4	5	6	7	9	10	11	12	13	14	15	16	19	20	22	24	25	26	27	29	
0	1	3	5	6	7	8	11	12	13	14	15	16	17	18	19	20	21	23	25	26	27	28	29	
0	1	3	5	7	8	9	10	11	12	13	15	16	17	18	19	20	21	22	23	26	27	29	
2	3	4	6	8	9	10	11	13	16	17	19	20	21	22	23	24	25	27	28	29	
0	1	5	6	7	8	10	12	13	14	15	16	17	18	20	22	23	26	27	28	29	
1	2	3	4	5	7	8	9	13	14	15	18	19	20	21	22	25	26	27	28	29	
0	1	4	5	7	8	9	11	12	13	15	16	17	18	19	22	23	24	26	27	28	29	
0	2	3	5	6	7	9	10	12	14	15	17	18	19	20	23	24	25	27	28	29	
0	1	3	4	5	6	7	8	10	11	13	14	15	16	19	20	21	23	24	25	26	27	29	
0	1	4	5	6	8	9	11	13	14	15	17	18	20	21	22	23	24	26	27	28	29	
1	2	3	4	5	6	7	9	11	13	14	16	18	19	20	21	22	23	25	26	27	28	29	
0	1	2	3	4	5	6	7	8	10	11	12	13	14	16	17	21	24	26	27	28	29	
0	2	4	5	6	7	10	12	14	16	17	19	20	22	23	24	25	26	27	28	29	
0	1	2	5	6	9	10	11	12	13	14	15	16	18	19	20	21	22	23	24	25	26	27	29	
0	2	3	4	5	6	8	9	10	11	13	14	15	16	17	18	19	20	22	23	24	26	28	29	
0	1	2	3	4	5	6	7	8	10	12	13	14	15	16	21	22	23	24	26	28	29	
0	1	2	3	4	6	7	8	9	11	13	15	16	17	19	21	22	23	24	25	26	27	28	
0	1	2	3	4	6	8	9	10	13	14	16	17	19	20	21	22	23	24	25	26	27	28	29	
0	1	2	3	4	5	6	8	9	12	13	14	15	16	17	19	20	23	24	25	26	27	
1	3	4	5	7	8	9	10	11	15	16	17	18	19	20	21	24	25	26	27	28	29	
1	2	4	5	6	7	9	10	11	12	13	15	16	18	20	22	23	25	26	27	28	
0	1	3	4	5	6	7	8	9	10	11	12	13	14	15	16	17	20	22	23	24	25	26	28	
0	1	2	3	6	7	10	11	12	13	14	15	16	17	19	20	22	23	25	26	27	28	29	
4	5	6	7	8	9	10	11	12	13	14	15	16	17	18	20	21	22	23	24	27	28	29	
0	1	2	3	5	7	8	9	10	11	15	16	17	18	20	21	23	24	26	27	28	
1	2	3	4	5	6	7	8	9	10	11	12	13	15	16	17	21	23	24	25	26	29	
0	1	2	3	4	7	8	10	11	12	14	15	16	17	18	19	21	22	23	24	25	27	28	29	
0	1	3	7	8	9	10	12	13	15	16	17	19	20	21	22	23	25	27	28	29	
0	1	2	3	4	5	7	8	9	12	13	14	15	16	17	18	19	22	24	25	26	27	28	
0	2	3	4	6	7	8	9	10	13	14	15	16	17	18	19	20	21	23	24	25	27	28	29	
1	2	3	4	6	7	10	11	12	13	15	16	17	18	19	20	21	23	25	26	27	28	29	
0	1	3	4	5	6	8	9	11	14	15	16	18	19	20	21	22	23	24	25	26	27	28	
0	1	4	6	7	8	11	13	14	15	16	17	18	20	21	22	23	24	25	26	27	28	29	
1	3	4	5	6	7	8	9	10	11	12	13	15	17	18	19	20	21	22	23	24	25	26	27	
0	1	2	4	5	6	7	8	10	11	13	14	15	16	17	18	19	22	23	24	25	26	29	
0	2	3	4	5	6	8	9	10	11	15	16	17	19	20	21	22	24	25	26	27	28	29	
1	3	5	6	8	9	10	11	12	13	14	17	18	20	21	22	24	25	26	27	29	
0	1	2	3	5	6	8	9	10	11	12	13	14	16	19	20	21	23	25	26	28	29	
0	3	4	5	7	8	10	11	12	13	14	15	16	17	19	21	22	24	25	27	29	
1	2	3	4	5	7	8	10	12	13	14	15	16	17	18	20	21	23	25	26	28	
2	3	5	6	7	8	11	12	13	14	17	18	19	20	21	22	23	24	25	26	27	28	29	
0	1	2	3	5	6	7	8	9	10	11	12	14	15	16	18	19	24	26	28	29	
0	4	5	6	7	9	10	13	16	17	18	19	20	21	22	23	24	25	26	27	28	29	
1	2	3	5	6	7	8	9	10	11	14	16	17	18	21	22	23	25	26	27	28	29	
1	2	3	4	5	6	8	9	10	11	12	14	15	16	17	20	21	24	26	27	29	
0	1	2	4	5	6	7	10	11	12	13	14	16	18	19	20	22	23	24	25	26	27	28	
0	1	2	3	4	6	7	8	10	11	12	13	14	16	20	21	22	23	24	25	26	27	28	29	
1	2	3	4	5	6	7	9	10	11	12	13	14	16	18	20	21	22	24	25	26	27	28	29	
0	1	2	3	4	5	7	8	10	11	12	13	14	15	16	17	18	20	23	24	25	26	28	29	
1	4	6	7	8	10	11	12	13	14	15	16	17	18	19	20	22	23	24	26	27	28	
2	3	4	5	6	7	8	9	11	13	14	15	16	17	18	19	20	22	23	24	26	28	29	
0	1	2	3	5	6	7	8	9	11	13	14	15	16	17	18	19	20	22	24	25	26	27	28	
0	2	3	4	5	6	7	8	9	10	14	15	17	19	20	22	23	25	27	28	29	
0	1	2	3	4	5	6	7	8	10	11	13	14	17	18	19	21	23	24	25	26	28	29	
0	1	2	3	4	5	6	7	9	10	11	12	13	14	17	18	20	22	23	26	27	28	29	
0	1	2	3	4	5	6	7	9	12	13	14	15	17	18	20	21	22	25	26	27	28	29	
0	1	4	5	6	7	8	9	10	11	12	13	14	15	18	19	21	22	23	25	27	28	
1	2	3	4	6	8	9	10	12	13	14	15	17	19	20	21	22	23	24	25	26	27	28	29	
0	1	3	4	5	6	7	9	11	12	13	14	16	17	18	19	20	21	23	24	27	28	
1	2	3	5	6	7	8	9	11	13	14	15	16	18	19	22	23	25	26	27	28	29	
1	5	6	7	8	9	10	11	13	14	15	16	18	19	20	22	23	24	25	27	28	29	
0	1	2	3	4	5	6	8	9	11	12	13	17	19	20	22	23	24	26	28	29	
0	1	2	4	5	7	8	11	12	14	16	19	20	21	22	23	24	25	26	27	29	
0	2	3	4	5	6	7	10	11	12	13	14	15	16	19	20	21	22	23	24	25	26	28	
0	2	3	4	5	7	8	9	10	11	12	13	14	15	16	17	21	22	23	25	26	27	29	
0	1	2	3	4	5	6	9	10	11	12	14	15	16	17	19	20	22	23	24	26	28	29	
2	3	4	5	6	7	8	9	10	11	12	14	15	16	18	19	20	21	22	25	26	27	28	29	
0	2	3	5	7	8	10	11	12	13	14	15	17	18	19	20	22	23	24	25	26	28	29	
0	2	3	4	5	6	7	8	9	10	11	12	17	18	19	20	21	22	24	25	26	27	28	29	
0	1	2	3	4	6	7	8	10	12	13	14	16	17	18	19	20	21	24	26	27	29	
0	1	2	3	4	7	8	9	10	11	13	14	15	17	18	19	20	21	22	23	25	26	27	29	
0	1	2	3	8	9	10	11	12	13	14	15	17	19	20	21	22	26	27	28	29	
0	1	4	5	7	9	10	11	12	13	17	18	19	21	23	24	25	26	27	28	29	
0	2	3	6	7	9	10	11	12	13	14	15	16	17	19	22	23	26	27	28	29	
0	2	3	4	6	8	9	10	11	13	14	16	17	19	20	21	22	23	26	27	29	
0	1	3	6	7	8	9	10	11	13	14	15	16	21	22	23	24	25	27	28	29	
1	3	4	5	6	7	8	9	10	12	13	14	15	16	19	21	22	23	24	25	28	
0	1	2	3	4	5	6	8	9	10	13	14	15	16	17	18	19	21	22	24	25	26	27	28	
0	1	2	4	5	6	9	10	14	15	16	18	19	20	21	22	23	24	27	28	29	
2	4	5	6	7	8	9	11	13	14	16	17	19	21	22	24	25	26	27	28	29	
0	1	2	5	6	7	8	12	13	14	15	18	19	20	21	22	23	24	25	26	27	
0	1	2	3	5	6	7	8	10	11	12	13	14	15	17	18	19	21	22	24	25	26	27	28	
1	2	3	5	7	8	10	11	12	15	16	18	19	20	21	22	23	24	25	26	27	28	29	
0	2	3	5	6	7	8	10	11	12	13	14	18	19	20	22	23	25	27	28	29	
1	3	4	5	6	7	8	9	11	12	13	14	16	17	18	21	22	23	24	26	27	
0	1	2	3	5	6	7	8	9	10	11	12	13	15	16	17	19	22	26	27	28	
0	1	2	3	4	5	6	8	11	13	15	16	17	18	20	21	22	23	25	26	27	28	29	
0	1	2	3	4	5	6	7	8	9	10	11	12	15	16	19	20	21	22	24	26	29	
0	2	3	4	5	6	7	11	12	13	14	16	17	18	19	20	22	23	24	25	26	29	
0	1	2	3	7	8	9	10	11	12	13	14	15	16	18	19	20	21	23	24	25	26	27	28	
1	2	3	4	5	6	9	10	11	14	15	16	18	19	20	21	22	23	24	25	26	27	28	
1	2	3	4	5	7	8	9	10	11	12	13	14	15	16	17	18	19	20	21	23	24	26	27	
0	1	2	4	5	6	7	8	10	11	12	13	14	15	17	19	21	22	23	24	25	28	
0	1	2	3	5	6	7	8	10	11	13	14	15	16	17	18	19	20	23	24	25	27	29	
1	2	7	8	9	11	12	14	15	16	17	18	19	20	21	22	23	24	26	27	29	
1	2	3	4	5	8	9	10	11	13	14	15	17	18	19	20	21	23	24	25	27	28	29	
0	1	2	3	4	5	7	8	9	11	12	13	15	16	17	18	19	20	21	22	24	25	27	28	
0	1	3	4	5	6	7	9	10	11	12	13	16	17	18	19	21	22	23	25	26	27	28	29	
2	3	4	5	6	7	8	9	10	11	13	14	15	16	18	20	21	23	24	25	26	27	28	29	
0	1	2	4	6	7	8	9	10	11	12	14	15	17	18	19	20	21	25	26	27	28	29	
0	1	2	3	4	6	7	8	10	11	12	13	16	17	19	20	21	24	25	26	27	29	
0	1	4	6	8	9	10	12	13	15	16	18	19	20	21	23	24	25	26	27	28	29	
0	1	2	3	5	6	7	8	9	10	12	13	14	17	18	19	22	23	24	25	28	
0	1	2	3	4	6	7	8	9	12	13	16	17	19	20	21	22	23	24	25	28	29	
0	1	2	3	5	9	10	11	12	13	14	15	16	17	18	19	20	21	22	23	25	26	27	29	
0	1	3	4	5	6	7	8	9	10	12	14	15	17	19	20	21	23	24	25	26	27	28	29	
0	1	3	4	5	6	8	10	11	12	15	16	17	19	20	21	23	24	25	26	29	
0	1	2	3	6	8	10	11	12	13	14	16	18	19	21	22	23	25	26	27	28	29	
0	2	3	4	5	6	10	13	14	15	17	19	20	21	22	23	24	25	26	28	29	
0	3	5	7	8	9	10	11	12	13	14	15	16	18	19	20	21	22	23	24	26	27	
0	2	5	7	9	10	11	12	13	14	15	16	19	20	21	22	23	25	26	28	29	
2	3	4	5	6	7	8	9	10	11	13	14	15	17	18	19	21	22	24	25	26	27	29	
0	1	2	4	6	7	8	9	11	12	13	14	15	16	18	19	20	21	22	23	24	25	26	27	
1	2	3	4	7	8	9	10	11	12	15	16	17	19	21	22	23	24	25	26	27	28	29	
0	1	2	3	7	8	9	10	11	12	13	14	15	18	19	21	23	24	25	26	27	28	
0	1	2	3	4	5	6	7	9	10	11	12	13	14	15	16	19	21	23	24	26	27	28	29	
0	1	3	5	7	8	10	11	12	14	15	16	17	18	19	20	22	23	24	25	26	27	28	29	
1	2	3	4	5	6	7	8	9	10	11	12	13	14	16	18	19	22	23	24	27	28	29	
2	3	4	5	6	7	8	9	10	12	15	16	17	18	19	20	22	23	24	25	27	28	29	
0	2	3	5	8	9	10	11	12	15	16	17	18	19	20	21	22	24	25	27	28	29	
0	1	3	4	5	6	7	8	9	10	12	13	14	15	16	17	19	20	22	24	25	26	27	29	
1	2	3	5	6	7	8	10	13	14	15	16	17	19	21	22	23	25	26	27	29	
0	1	2	4	5	6	7	8	10	13	15	16	17	18	20	21	22	23	24	25	26	27	28	29	
0	2	3	4	5	6	8	9	10	11	12	15	16	17	19	20	21	23	24	25	26	27	28	29	
1	2	3	4	5	6	7	8	9	10	12	13	14	15	16	19	20	22	23	24	25	26	27	28	
2	3	4	5	7	9	13	14	15	16	17	18	19	20	21	22	23	24	26	27	29	
0	2	3	4	5	9	10	12	13	16	17	18	19	20	22	23	24	25	26	27	28	29	
1	3	4	5	6	7	8	11	12	13	14	15	16	20	21	22	23	24	25	26	27	
0	1	2	6	7	8	9	10	11	12	13	15	16	17	20	21	22	23	24	26	27	28	29	
0	1	3	4	5	6	7	8	9	11	12	13	14	15	18	20	21	22	24	25	26	27	28	29	
0	1	2	4	5	7	10	11	12	13	14	15	16	17	18	19	20	21	23	24	25	26	27	29	
0	1	2	3	4	6	7	8	9	10	11	12	13	14	15	16	17	18	19	22	23	24	26	27	
0	1	2	3	5	6	7	9	10	11	12	13	15	16	17	19	20	21	22	25	26	28	29	
0	2	4	5	6	7	10	12	13	14	16	18	19	20	21	23	24	25	26	27	28	
1	3	5	6	7	9	10	11	14	15	16	17	19	20	21	22	23	24	25	26	27	28	
0	1	2	3	4	5	6	8	9	10	12	13	15	17	18	19	21	22	23	26	28	29	
0	2	4	5	6	7	8	9	10	11	12	13	15	16	17	20	21	23	24	25	26	27	28	29	
0	1	2	4	6	7	8	10	11	13	15	16	17	18	19	20	21	22	23	24	25	26	29	
0	2	3	4	5	8	9	11	12	13	14	15	16	17	18	19	20	21	22	23	26	27	29	
1	3	5	6	7	8	9	11	12	13	14	16	17	19	20	21	22	23	24	25	26	
3	4	5	6	8	9	10	11	12	13	14	15	17	18	19	20	21	22	23	24	25	26	27	29	
0	2	3	5	6	7	8	9	10	11	12	13	15	16	18	19	20	22	23	24	25	26	27	
0	3	4	6	7	9	10	11	12	13	14	15	16	17	18	21	22	24	25	28	29	
0	1	2	3	4	5	6	7	8	9	10	11	12	13	15	18	19	20	21	22	23	25	28	
0	1	3	5	6	7	9	10	12	13	14	16	17	18	19	22	23	24	26	27	29	
0	3	4	5	7	8	10	11	13	14	15	16	17	18	19	20	22	23	24	25	26	27	28	
0	1	2	4	5	6	7	9	10	12	13	14	15	16	18	19	20	21	22	24	25	26	27	28	
0	1	2	3	4	7	8	9	10	11	13	14	15	17	18	20	21	22	24	25	26	27	28	29	
1	2	3	4	6	7	8	9	10	11	13	14	15	17	18	20	22	23	26	27	28	29	
0	2	3	4	5	6	7	8	9	10	11	16	17	18	19	20	21	22	24	25	26	27	28	29	
0	1	2	5	6	7	8	9	10	11	12	14	15	16	17	18	19	22	23	25	26	27	28	29	
0	1	2	3	4	6	7	9	13	14	16	18	19	20	21	22	23	24	25	26	27	
0	1	3	5	6	7	8	9	10	11	13	15	16	17	18	19	20	22	24	25	26	
0	1	2	3	9	11	13	14	15	16	17	18	19	20	21	22	24	25	26	27	28	29	
0	2	3	5	6	7	8	9	10	12	13	16	17	18	20	21	22	23	24	25	27	28	29	
2	3	4	5	6	7	8	9	10	11	12	13	14	16	17	18	19	20	21	24	25	27	29	
0	1	2	3	4	6	7	10	11	12	14	15	16	17	19	20	21	22	23	24	25	28	29	
0	1	2	3	4	6	9	10	11	14	15	16	17	18	21	22	23	25	26	27	28	
0	1	2	3	4	6	7	8	9	11	12	13	14	15	16	18	19	20	22	23	24	25	28	29	
0	1	2	3	4	6	7	10	11	13	14	15	16	19	20	21	22	23	24	25	26	27	28	29	
0	3	4	6	7	8	9	11	12	13	15	16	17	18	19	20	21	22	24	25	26	27	29	
1	3	4	7	8	9	11	12	13	14	15	16	17	18	19	21	22	23	24	26	27	28	
0	1	2	5	6	7	8	11	12	13	14	15	16	17	19	20	22	24	25	26	27	28	29	
2	3	4	5	6	7	9	11	13	15	16	17	18	19	20	22	23	24	25	26	27	28	29	
0	1	3	4	7	9	10	11	12	13	14	15	16	17	18	19	21	22	23	24	25	26	
0	1	2	3	4	5	6	7	10	14	15	16	17	18	20	21	22	23	24	25	26	27	29	
1	2	3	4	5	8	9	10	11	12	13	15	16	18	19	20	22	23	25	27	28	29	
0	1	2	3	5	6	7	8	10	12	13	14	15	17	19	21	23	24	26	27	28	29	
0	1	2	4	5	7	9	10	11	13	15	16	17	18	20	21	22	23	24	26	27	28	
0	2	4	6	7	8	9	10	11	12	13	15	16	17	18	19	22	24	25	26	27	
0	1	2	3	4	5	6	7	8	9	10	11	13	14	15	17	18	20	21	22	24	25	26	28	
0	1	2	3	5	6	8	9	10	11	12	13	14	15	17	18	22	23	25	27	28	29	
1	2	3	4	6	8	9	12	13	15	16	17	18	19	20	21	22	23	24	25	26	29	
2	5	6	7	8	10	11	12	13	14	15	16	18	19	20	21	24	25	26	27	28	29	
0	2	3	6	7	8	9	10	11	12	13	14	17	18	19	20	21	23	24	25	26	28	29	
0	1	3	4	6	7	8	9	11	13	14	15	16	18	19	21	22	24	25	26	27	28	29	
0	1	2	3	4	5	6	7	8	9	10	11	13	14	15	16	17	19	20	21	23	24	25	26	
0	1	4	6	7	8	9	14	15	16	17	18	19	21	22	24	25	26	27	28	29	
1	2	3	4	6	7	8	10	11	12	13	14	16	17	18	19	20	21	22	23	24	25	26	27	
0	1	6	7	9	10	12	13	14	15	17	19	20	22	23	24	25	26	27	28	29	
0	4	7	8	9	10	11	12	13	14	16	18	19	20	21	22	23	24	25	26	27	28	29	
0	1	2	4	5	6	7	9	10	12	13	14	16	17	18	19	21	22	24	25	26	27	29	
0	1	2	6	7	8	9	11	12	13	14	15	17	18	19	20	21	22	23	24	27	
0	1	2	3	4	6	8	9	10	11	13	14	15	18	19	20	22	24	25	27	28	
2	4	6	7	8	9	10	11	12	14	16	17	18	19	20	22	23	25	26	27	28	
0	1	2	3	4	5	6	7	11	12	13	14	15	16	18	19	20	21	22	23	24	25	26	27	
1	2	3	5	7	11	12	13	14	15	16	17	18	19	20	22	23	24	26	27	28	29	
0	1	2	5	6	7	8	9	11	12	14	15	17	18	19	21	22	23	24	25	27	28	29	
1	2	4	6	7	10	11	12	15	16	17	18	19	21	22	23	24	25	26	27	29	
0	1	2	3	4	9	10	11	12	13	14	15	16	17	18	19	21	22	24	25	26	27	28	29	
0	1	7	9	10	12	13	14	15	16	17	19	20	21	22	23	24	25	26	27	28	29	
0	1	3	4	5	6	8	9	10	11	12	13	14	17	18	19	20	21	22	23	24	25	26	28	
0	1	2	6	7	8	9	10	11	13	14	15	16	17	18	20	21	22	23	24	25	26	28	
0	2	3	4	5	6	7	8	9	11	13	14	15	16	17	18	19	22	23	25	26	27	28	
0	2	3	4	6	7	10	11	12	13	14	16	19	20	21	22	24	25	26	27	29	
0	1	2	4	6	9	10	11	14	15	16	17	18	19	21	22	24	25	26	27	28	29	
0	1	2	3	5	6	7	8	9	12	13	15	16	18	20	21	22	24	26	27	29	
1	2	4	5	6	7	8	9	11	12	13	14	15	16	17	19	20	22	23	24	25	26	28	29	
0	3	4	5	7	10	11	13	14	15	16	18	19	20	21	22	23	24	25	27	28	29	
0	1	2	3	4	5	6	8	10	11	14	17	18	19	20	22	24	25	27	28	29	
0	1	3	4	7	8	9	10	12	13	14	16	17	18	19	21	22	23	24	27	28	29	
0	1	4	5	7	8	9	10	11	15	16	17	18	19	20	21	22	23	24	25	26	27	28	
0	2	4	5	8	9	10	11	12	14	16	17	18	19	20	21	22	23	24	25	26	27	28	
0	5	6	7	8	10	11	12	14	15	16	17	18	20	21	22	24	25	26	27	28	29	
0	1	2	3	4	5	6	7	8	10	11	12	13	14	15	17	18	19	22	23	25	27	28	
0	2	3	4	7	8	9	10	12	13	14	15	16	17	18	19	22	23	24	25	27	29	
0	1	2	6	7	8	9	10	11	12	13	14	17	20	22	23	24	25	27	28	29	
0	1	4	5	6	8	9	11	12	13	14	15	16	17	18	19	20	22	23	24	25	26	27	29	
0	1	2	3	4	6	7	8	9	10	12	13	14	16	18	19	20	21	23	24	25	26	29	
1	2	3	4	5	6	7	8	9	11	13	15	16	20	21	22	23	24	25	26	27	28	29	
0	1	2	3	4	5	6	8	9	10	11	12	15	18	19	20	21	22	23	24	26	28	
0	1	2	3	4	6	7	10	11	12	13	14	16	17	18	19	20	21	22	23	25	26	28	29	
0	2	3	4	6	7	8	9	10	13	14	15	16	17	18	19	20	23	24	25	26	27	29	
0	3	5	6	7	8	9	11	12	14	15	16	17	18	19	20	21	22	24	25	26	27	28	
0	1	2	3	5	6	7	9	10	11	12	14	15	16	17	19	20	23	24	25	26	27	28	29	
1	2	5	6	7	9	10	12	13	14	15	16	17	18	20	21	22	23	24	25	28	
0	1	2	3	4	5	7	8	9	11	12	13	14	16	17	18	19	20	21	22	23	24	25	29	
0	1	2	3	4	5	6	8	9	11	12	14	15	19	20	21	23	24	25	27	28	29	
3	4	5	6	7	8	9	10	11	13	14	17	19	20	21	23	25	26	27	28	29	
0	1	2	3	4	5	6	7	8	9	12	14	15	16	17	18	21	22	23	25	26	
0	1	2	3	4	6	7	9	10	11	12	13	15	16	19	21	22	23	24	25	26	27	28	29	
0	1	2	3	4	7	8	9	11	13	15	17	19	20	22	23	24	26	27	28	29	
0	1	2	3	4	7	8	9	11	12	14	15	16	18	20	21	22	24	25	27	28	
0	2	3	5	6	9	10	11	12	13	14	15	17	18	19	20	21	23	24	25	26	27	28	29	
0	2	3	5	6	7	10	11	13	14	16	17	20	21	22	24	25	26	27	28	29	
0	3	4	5	7	8	9	10	11	14	15	16	17	18	19	20	21	22	23	24	25	27	28	
0	1	4	5	7	8	9	10	11	12	13	18	19	20	21	23	24	25	26	28	29	
0	1	2	3	4	5	6	7	10	12	14	15	16	17	18	19	20	22	23	25	28	
2	3	5	6	7	9	11	12	13	14	15	18	19	20	21	23	24	25	26	27	28	29	
0	1	3	4	6	7	8	11	12	15	16	17	18	19	21	22	23	24	25	27	28	29	
0	1	2	3	6	7	8	9	10	11	13	14	15	19	20	24	25	26	27	28	29	
0	1	2	3	4	5	6	7	9	10	15	18	19	21	22	23	25	26	27	28	29	
0	2	3	4	5	7	8	9	10	12	14	15	16	17	18	20	22	23	24	25	26	27	
0	1	3	4	5	6	7	8	10	11	14	15	18	19	21	24	25	26	27	28	29	
0	1	2	3	5	7	8	9	10	11	14	16	18	20	21	22	23	24	25	26	27	29	
0	1	2	3	4	5	6	7	8	11	13	14	15	16	19	20	23	24	25	26	27	28	
0	1	2	3	6	8	9	10	11	12	13	14	15	16	17	20	21	22	23	24	25	27	28	29	
0	1	3	4	5	6	7	9	10	11	12	13	15	16	17	18	19	20	21	22	24	25	27	28	
0	2	3	4	5	6	7	8	9	11	12	13	15	16	18	19	21	22	24	25	26	27	28	29	
0	1	3	4	6	7	8	10	12	13	14	16	17	18	19	20	22	23	24	25	26	27	28	29	
0	2	3	4	5	6	7	8	10	12	14	15	17	18	20	21	22	23	24	26	28	
0	1	2	4	6	7	8	9	10	11	12	14	15	16	17	19	20	21	23	27	28	29	
0	1	2	3	4	5	6	7	8	9	10	11	14	15	16	19	21	22	23	24	25	27	28	29	
0	1	2	4	5	7	8	9	10	11	12	13	14	15	16	17	19	20	22	23	25	26	27	28	
0	2	3	4	5	6	7	8	9	10	12	13	14	16	17	18	19	21	24	25	27	28	
0	2	3	4	5	6	7	8	10	12	14	17	18	19	21	22	23	24	25	28	29	
1	2	3	4	5	6	7	8	9	10	11	16	17	18	19	20	21	23	24	26	28	
0	1	2	3	4	5	6	9	12	13	15	16	17	18	19	20	21	22	24	25	27	28	29	
0	1	2	3	7	8	9	10	12	13	14	15	16	17	18	19	21	23	26	27	29	
0	1	2	3	4	5	6	7	8	9	10	11	12	13	14	15	16	19	22	23	26	27	28	29	
0	1	2	3	4	5	6	7	8	9	11	12	13	14	15	16	18	19	20	21	22	23	25	26	
0	1	2	3	4	5	6	7	9	10	13	15	16	18	19	20	21	22	23	25	26	27	28	29	
0	1	3	4	6	7	8	9	10	11	14	16	20	21	22	23	24	25	26	27	28	29	
0	1	2	4	5	6	7	9	10	13	15	16	17	19	20	21	22	23	24	25	26	28	
0	2	3	4	6	7	8	9	10	12	13	15	16	17	18	19	21	22	23	24	26	29	
0	1	3	4	5	6	7	8	9	12	13	16	18	19	22	23	24	25	26	27	28	29	
1	2	3	4	5	6	8	9	11	12	14	15	16	17	20	21	22	23	26	27	28	
0	1	2	3	6	7	8	11	12	14	15	16	18	21	22	23	24	25	26	27	29	
0	2	4	5	6	8	10	12	13	14	16	18	19	20	21	23	24	25	26	28	29	
0	3	5	6	7	8	9	10	11	12	13	14	16	17	20	22	23	25	26	27	28	29	
0	1	2	3	5	6	7	8	9	10	12	14	15	16	17	19	20	23	24	25	26	27	29	
1	2	4	5	6	8	9	10	11	12	13	14	15	16	17	20	21	22	25	26	28	
1	2	3	4	6	7	10	12	13	14	15	16	17	19	20	21	22	23	24	25	29	
0	2	4	6	8	9	13	14	15	16	17	19	20	21	22	23	24	26	27	28	29	
0	1	2	3	4	5	7	8	10	12	13	14	15	16	18	19	21	22	23	24	25	26	27	28	
0	1	4	5	6	7	8	9	10	11	12	13	15	16	17	18	19	24	26	27	28	29	
0	1	2	3	5	6	7	9	10	11	12	14	16	17	18	21	22	25	26	27	28	
0	1	2	3	4	5	8	9	11	12	13	14	16	19	20	22	23	24	25	26	27	28	29	
0	1	2	4	5	6	7	11	12	14	15	16	17	18	19	21	22	25	26	27	29	
0	1	2	4	7	8	10	11	13	15	16	17	18	19	21	23	24	25	26	27	28	
2	3	4	5	8	9	10	11	12	14	15	16	17	18	20	21	22	23	24	25	26	27	
0	1	2	4	5	6	7	8	9	10	11	15	16	17	19	20	21	22	23	24	25	26	27	29	
2	3	4	5	6	7	8	9	10	11	12	14	15	20	21	22	23	24	25	27	28	29	
0	1	2	3	4	5	7	8	9	10	11	12	13	14	16	17	20	21	25	26	27	29	
0	1	2	4	6	7	8	11	12	13	14	15	16	17	18	19	21	22	24	25	26	27	28	29	
0	2	4	6	7	8	9	10	11	12	13	14	15	16	17	19	22	23	25	26	27	28	29	
0	2	3	5	6	8	9	11	13	14	15	16	17	18	20	21	22	23	25	27	28	29	
0	1	2	3	5	7	8	9	10	11	12	13	14	15	16	18	19	20	21	22	24	26	27	28	
0	1	5	7	8	9	10	11	12	13	14	15	16	17	20	21	22	23	24	25	26	27	28	29	
1	2	3	6	7	8	9	12	13	14	15	16	17	19	20	21	22	23	24	25	26	28	29	
1	2	3	4	6	7	8	9	10	11	13	14	15	16	17	18	19	20	21	24	25	28	29	
1	2	3	4	5	6	7	8	9	10	11	12	13	15	19	21	22	23	24	25	26	29	
0	1	2	3	4	6	7	8	9	10	12	13	14	16	18	21	22	23	25	26	28	29	
0	1	2	3	4	5	7	9	11	12	13	14	15	16	18	20	22	23	24	26	27	28	29	
1	2	3	4	6	7	8	9	10	11	12	13	14	15	17	18	19	20	21	22	23	24	25	29	
0	1	5	6	7	8	10	13	14	16	17	18	19	20	21	22	23	24	25	26	27	28	29	
0	2	4	5	6	9	11	12	13	15	16	17	18	19	20	21	23	24	25	27	28	29	
0	2	4	5	6	7	8	9	11	12	13	14	15	17	18	20	22	23	24	25	26	27	28	29	
0	1	2	3	4	5	6	7	10	11	14	16	17	18	19	22	23	24	25	27	28	
2	4	5	6	8	9	11	12	13	14	15	16	18	19	20	21	22	24	25	26	27	28	
0	1	2	3	4	6	7	8	9	10	12	13	14	16	19	20	21	22	23	24	25	27	29	
0	3	5	6	8	9	11	12	15	16	18	19	20	21	22	24	25	26	27	28	29	
0	5	7	8	9	10	12	13	14	15	16	17	18	19	20	21	23	24	25	27	28	29	
0	1	2	3	4	5	7	8	9	10	11	12	13	14	15	17	18	19	20	21	23	25	27	29	
0	2	3	4	6	7	8	10	11	12	13	14	15	16	17	18	19	20	23	24	25	26	28	
0	1	2	3	5	7	10	12	13	14	15	18	19	20	21	22	23	24	25	28	29	
0	2	3	4	5	6	8	9	10	11	12	13	15	16	18	19	21	22	23	24	26	27	29	
0	1	3	4	5	7	8	9	10	11	12	13	15	17	19	21	22	23	24	25	28	29	
1	4	5	6	7	8	9	11	12	13	15	16	17	18	19	21	22	23	25	26	28	29	
0	2	3	5	6	8	11	12	13	15	17	18	19	20	21	22	23	24	25	27	28	29	
1	2	3	4	5	6	7	9	12	13	14	15	16	17	18	19	20	21	22	23	24	25	27	28	
0	1	2	4	5	7	10	11	12	13	14	15	17	18	21	22	23	24	26	27	28	29	
0	1	2	5	6	8	9	10	11	12	13	14	15	16	18	20	21	22	23	24	25	26	28	29	
0	1	2	4	7	8	10	11	12	14	17	18	19	20	21	22	23	24	25	26	28	29	
0	1	2	3	4	5	6	8	9	10	11	13	14	15	16	20	21	22	24	25	26	27	
0	1	3	4	5	6	7	8	9	10	11	12	15	16	17	18	19	23	26	27	28	
0	1	2	3	4	5	6	9	10	11	13	14	15	16	18	19	20	23	24	25	27	28	29	
0	1	2	3	4	5	6	7	8	9	11	13	14	15	16	18	20	21	23	24	25	26	27	29	
0	1	2	3	4	5	6	7	9	10	13	14	17	18	19	21	22	23	24	25	28	29	
0	1	3	5	6	7	8	9	10	11	12	14	15	17	18	19	20	21	22	24	25	26	29	
0	1	3	4	5	6	7	8	9	10	12	13	14	16	17	18	20	21	22	23	24	25	27	28	
0	1	2	4	5	6	7	8	10	11	12	13	15	16	19	20	21	22	23	24	25	26	27	29	
0	3	4	5	6	7	9	10	13	14	16	18	19	21	22	23	24	25	26	27	28	29	
0	2	3	4	5	7	9	10	12	13	14	16	17	18	20	21	22	24	25	26	27	28	29	
0	1	2	3	6	7	8	9	10	12	14	16	17	20	21	22	23	24	25	26	27	28	29	
0	2	3	6	7	8	9	11	14	15	16	17	18	19	20	21	22	23	25	26	27	29	
1	2	3	5	6	7	8	10	12	13	14	15	16	17	18	19	20	21	22	24	26	28	29	
0	1	2	4	6	7	8	9	11	12	13	14	17	18	19	20	21	22	23	24	25	26	28	29	
0	1	2	3	4	5	7	8	10	11	17	19	20	21	22	23	24	26	27	28	29	
0	1	3	4	5	6	8	9	10	11	12	13	15	16	18	19	21	22	24	25	26	28	29	
0	1	2	3	4	6	7	9	11	12	15	16	17	19	20	22	23	24	26	27	29	
0	1	2	7	8	9	10	11	12	13	14	15	16	18	20	21	22	24	26	27	29	
0	1	2	5	6	7	10	12	13	14	15	16	17	19	20	21	23	24	27	28	29	
0	3	4	5	6	8	9	10	11	12	13	14	15	16	17	18	21	22	23	24	25	26	28	29	
0	1	3	4	6	7	8	10	11	13	14	16	18	19	20	22	24	26	27	28	29	
1	3	4	5	6	7	9	13	14	15	16	17	20	21	22	23	25	26	27	28	29	
3	4	5	6	7	8	10	12	13	14	15	16	17	18	21	22	23	24	26	27	28	
0	1	2	3	4	5	8	9	10	12	14	15	16	17	18	19	21	22	23	24	25	26	27	29	
0	2	4	5	7	8	9	10	12	13	14	15	16	17	18	19	20	21	24	25	27	28	29	
0	1	4	5	6	8	9	11	12	13	14	15	16	18	20	21	25	26	27	28	29	
0	2	3	4	5	6	9	11	12	15	16	17	18	19	20	21	22	23	24	25	26	27	28	29	
1	2	3	5	6	7	8	9	11	12	15	16	18	22	23	24	25	26	27	28	29	
1	3	4	5	7	8	9	10	11	12	13	16	17	18	20	21	22	25	27	28	29	
0	1	2	3	5	6	7	8	11	12	14	15	16	18	19	20	21	22	23	24	25	28	29	
1	2	3	4	5	6	7	8	9	10	11	13	14	16	18	20	21	23	24	26	27	
0	1	2	3	4	5	8	10	12	13	14	15	16	17	20	21	22	23	24	26	28	29	
1	2	3	4	5	6	7	8	10	11	12	14	15	16	19	20	21	22	23	24	25	26	28	29	
0	1	2	3	4	5	6	7	14	16	17	18	19	20	21	22	23	25	26	28	29	
0	1	2	4	6	7	10	11	12	13	14	16	17	19	20	22	23	24	25	26	29	
0	2	3	5	6	7	8	9	10	12	13	14	15	16	18	20	21	23	25	26	27	29	
0	2	3	4	5	6	7	8	9	11	12	13	16	18	19	20	21	22	23	24	25	28	29	
0	2	3	4	5	6	7	8	9	10	11	12	13	14	15	16	19	23	24	25	27	28	29	
1	2	3	4	7	8	10	11	14	15	16	18	19	20	21	22	23	24	25	26	27	28	29	
0	1	2	5	7	8	9	10	11	13	14	15	17	18	19	21	22	24	25	26	29	
0	2	3	5	6	8	9	10	12	13	16	17	19	20	21	22	23	24	25	26	27	28	29	
0	2	5	6	7	8	9	11	12	13	14	15	16	17	18	19	20	21	22	26	28	
0	2	4	6	7	9	10	11	12	13	14	15	17	18	19	20	21	24	25	26	27	29	
0	2	3	4	8	11	12	13	14	15	16	17	18	19	20	23	24	25	26	28	29	
0	2	3	5	6	8	9	10	12	13	16	17	18	19	21	22	23	24	25	26	27	
1	3	4	5	6	7	8	9	10	11	12	13	15	16	18	22	23	24	26	28	29	
0	1	2	4	5	7	8	9	10	11	12	17	19	20	21	22	24	25	26	27	28	29	
1	2	4	5	6	8	9	10	12	14	16	18	19	20	21	22	23	24	25	26	27	29	
0	1	2	3	4	5	6	7	8	9	10	11	12	15	16	19	20	21	23	25	26	27	29	
0	1	3	4	5	6	7	8	10	11	12	14	15	17	19	20	21	22	23	25	26	27	29	
0	1	2	3	4	6	7	9	10	12	14	15	16	17	18	19	20	21	22	23	25	27	29	
0	1	3	4	5	6	7	8	10	12	13	14	16	19	20	22	23	24	25	26	27	28	
0	1	3	5	6	7	8	9	10	12	13	14	15	17	19	20	22	23	24	25	26	27	29	
0	3	5	6	7	8	10	11	12	13	14	15	17	18	19	21	22	24	25	26	27	29	
0	2	5	6	7	9	10	11	13	14	15	16	17	19	20	21	23	25	26	27	28	29	
0	1	3	5	7	8	9	10	12	14	15	16	17	18	19	20	21	22	23	24	25	26	27	29	
0	2	3	4	5	6	7	9	10	11	12	13	14	15	16	17	18	19	20	23	25	27	28	
0	1	2	3	4	7	8	9	10	11	12	13	16	18	20	21	22	23	24	27	28	29	
0	3	6	7	8	9	10	12	13	14	15	16	17	18	19	22	23	25	26	28	29	
1	2	4	5	6	7	8	9	10	11	13	15	16	17	18	19	23	24	25	26	28	29	
1	3	4	5	6	9	10	11	13	14	17	18	19	20	21	22	24	26	27	28	29	
1	5	8	9	10	11	12	13	14	15	17	19	20	21	22	23	24	25	26	27	29	
0	1	2	3	4	6	7	8	10	11	12	13	14	17	18	20	21	22	23	25	27	
0	2	4	5	8	9	10	11	12	13	14	15	16	18	19	20	21	23	24	25	26	27	28	29	
0	1	3	4	5	6	7	8	9	10	11	12	16	17	19	21	23	24	25	26	27	29	
0	1	2	3	4	5	7	8	9	10	11	12	13	14	15	17	18	19	22	23	24	25	26	27	
1	3	4	5	6	7	11	12	13	14	16	17	18	19	20	21	22	24	26	27	28	
0	1	3	4	6	7	8	9	10	11	14	15	17	18	19	21	22	24	25	27	29	
2	3	4	6	7	8	9	10	11	13	14	15	17	18	19	21	22	23	24	25	26	27	28	29	
0	1	3	4	6	7	8	9	11	12	13	14	17	19	20	21	22	23	24	25	26	27	29	
0	2	3	4	5	6	10	12	13	15	16	17	18	19	20	21	22	23	24	25	26	27	28	29	
0	1	2	5	6	7	9	10	11	14	15	16	17	18	19	20	21	22	23	25	26	27	28	29	
0	2	3	4	5	6	7	8	9	10	12	14	16	17	18	19	20	21	22	24	26	27	28	29	
0	1	2	5	6	7	8	9	10	11	12	14	15	16	18	19	20	21	22	27	28	29	
0	2	3	4	5	7	8	10	11	12	15	16	17	19	20	22	23	24	25	26	27	28	29	
0	1	2	4	9	10	12	13	14	15	16	17	19	21	22	23	24	26	27	28	29	
0	4	6	7	8	9	10	11	12	13	15	16	18	19	20	21	23	24	26	27	28	29	
0	1	2	3	4	5	6	7	8	9	10	11	13	14	15	16	17	18	22	23	26	27	28	29	
0	1	3	4	6	7	8	9	10	12	13	14	15	17	18	19	21	23	24	25	28	29	
0	1	3	4	6	7	9	10	11	12	13	14	15	16	17	19	20	21	23	24	25	27	28	
2	3	8	9	11	12	13	14	15	16	18	19	20	21	22	23	24	25	26	27	29	
2	3	4	7	8	9	10	11	12	13	14	15	17	20	21	23	24	25	26	27	29	
0	2	3	4	6	7	8	9	10	11	12	13	14	16	17	18	19	21	23	24	25	26	27	28	
0	1	3	4	5	6	7	8	9	10	11	14	15	16	18	19	21	22	24	25	27	29	
1	2	3	4	6	8	9	10	12	13	14	16	17	18	19	20	21	22	23	24	25	26	28	
0	2	3	4	5	7	9	10	12	13	14	15	16	17	19	20	21	22	23	24	25	26	28	
0	1	4	5	6	7	8	9	11	13	15	16	17	18	19	20	21	22	23	24	27	29	
0	1	2	3	4	6	7	9	10	13	14	15	17	18	19	20	22	23	25	26	27	28	29	
0	1	2	5	6	7	10	11	12	14	15	16	18	20	21	22	23	25	27	28	29	
0	2	3	4	7	8	9	10	12	13	14	15	17	18	19	20	23	24	25	26	28	
2	3	4	5	6	8	9	10	11	13	14	15	16	18	19	20	21	23	25	26	28	29	
0	1	2	3	6	7	9	11	12	14	16	17	18	19	21	22	23	24	25	26	27	28	29	
0	1	3	4	5	7	8	9	11	13	14	15	17	18	19	20	21	23	24	26	28	
0	1	3	5	6	7	8	9	10	11	13	16	17	18	21	22	23	24	25	26	27	28	
0	1	2	3	4	5	8	9	10	11	12	13	14	15	16	17	19	23	24	25	26	27	28	
0	1	2	3	5	7	9	10	11	12	13	14	15	18	19	21	22	24	25	28	29	
0	1	3	4	5	6	7	8	9	10	11	12	14	19	21	22	23	24	25	26	27	
0	1	2	4	5	6	7	8	11	13	14	15	16	18	19	21	22	23	27	28	29	
0	1	2	3	4	5	7	8	11	12	13	14	15	16	17	18	21	24	25	26	27	28	
1	2	3	4	5	6	9	10	11	12	15	16	17	18	19	20	21	23	24	25	26	27	28	29	
1	2	5	6	7	8	9	12	13	14	15	16	18	20	21	22	24	25	26	27	28	
0	1	3	4	5	6	7	8	9	10	11	12	14	15	16	17	18	21	23	24	26	27	29	
0	1	3	4	5	6	7	8	9	11	12	13	14	17	18	19	20	21	23	24	25	27	28	29	
1	2	3	4	5	6	8	9	11	12	13	15	16	17	18	21	22	23	25	26	27	28	29	
0	1	2	4	5	6	7	9	12	14	15	17	18	19	20	21	22	23	24	25	26	27	
0	1	2	3	4	5	9	11	12	13	14	15	17	18	19	20	21	24	25	26	27	28	29	
0	1	2	3	6	8	9	10	11	12	13	15	16	17	18	19	21	22	23	25	26	27	28	29	
1	2	4	5	6	7	10	11	13	15	17	18	19	20	21	22	23	24	25	26	28	
1	2	3	4	5	10	11	12	14	15	17	18	19	20	21	22	23	24	26	27	28	29	
1	2	3	5	6	8	9	12	13	14	15	17	18	19	20	21	22	23	24	25	26	
1	2	3	7	8	10	11	12	13	14	15	17	18	19	20	21	22	23	24	27	28	29	
0	1	2	4	6	7	9	10	11	12	13	14	15	16	17	18	19	21	23	24	25	26	27	28	
1	3	4	5	6	7	9	10	11	12	13	14	15	17	18	19	20	21	22	23	24	25	26	28	
0	1	2	3	4	5	7	8	9	10	11	14	15	16	18	22	23	24	25	26	27	29	
0	3	4	5	6	7	8	9	11	12	13	15	18	19	22	23	24	25	26	27	28	29	
0	1	3	4	5	6	7	8	9	10	13	14	16	17	18	19	21	22	23	24	26	27	
0	1	2	3	7	8	9	11	13	14	15	16	17	18	19	20	22	24	25	26	27	28	
1	2	3	4	5	6	8	9	11	12	14	15	16	17	18	19	22	23	24	25	27	28	29	
0	1	2	3	5	8	9	10	11	12	13	14	16	17	19	20	21	23	24	25	27	29	
0	1	2	3	4	6	7	8	9	10	11	12	13	15	17	18	20	21	24	27	28	29	
0	1	2	3	4	5	6	7	8	9	11	12	13	14	16	17	18	20	21	22	26	27	28	
0	1	2	3	6	7	9	10	13	14	15	16	17	20	21	22	24	25	27	28	29	
0	1	2	4	5	6	7	9	10	11	13	16	17	19	20	21	22	23	24	26	27	28	
1	2	3	4	5	8	10	12	13	14	15	16	19	20	21	22	24	25	26	27	28	29	
0	1	2	3	5	6	7	8	9	10	11	12	13	15	17	18	21	22	23	24	25	26	28	29	
0	2	3	4	5	7	8	9	10	12	13	14	15	16	17	18	22	23	24	27	28	29	
1	2	3	4	5	6	7	8	9	10	11	12	13	14	15	18	19	20	21	22	25	28	
0	1	5	6	7	8	9	12	13	14	15	16	17	18	19	20	21	22	23	24	25	26	27	29	
1	2	3	4	5	8	9	12	14	15	17	18	19	20	21	22	23	24	25	26	27	28	29	
0	2	3	5	6	8	9	10	11	12	13	14	15	16	17	18	19	20	22	24	25	26	27	29	
0	1	2	3	4	5	6	7	8	9	10	12	13	15	16	17	18	19	20	21	24	26	27	29	
0	1	3	4	5	7	8	13	14	15	16	18	19	21	22	23	24	25	27	28	29	
0	1	2	4	5	7	9	10	11	15	16	17	18	19	20	21	22	23	25	26	28	29	
1	2	3	4	7	8	9	10	11	12	13	15	16	18	19	20	21	22	24	25	26	27	28	29	
0	2	3	4	5	6	7	8	9	10	13	14	16	17	18	19	20	21	24	25	26	27	28	29	
1	2	3	4	5	6	8	9	10	12	14	18	19	20	21	22	23	24	26	27	29	
0	1	2	6	7	8	10	11	12	13	14	15	16	17	19	20	21	22	24	25	26	27	28	
0	1	2	4	5	6	9	10	11	13	14	16	17	18	19	20	21	22	23	24	26	28	29	
0	2	3	4	5	6	7	10	12	14	15	16	17	18	19	21	24	25	26	27	28	
0	1	2	3	4	5	6	7	8	9	10	12	13	14	17	18	19	20	21	24	25	26	29	
0	1	2	5	6	7	8	9	10	11	14	15	17	18	19	20	23	24	27	28	29	
0	3	4	5	6	9	10	12	13	14	15	16	17	18	19	20	21	22	23	24	25	26	27	28	
0	1	2	4	5	7	8	9	10	11	12	13	15	16	17	18	19	20	22	23	24	25	26	28	
1	2	3	5	6	8	10	13	14	15	16	17	18	20	22	23	24	26	27	28	29	
0	1	2	3	4	5	7	8	9	10	11	13	14	15	16	19	21	22	23	24	25	26	27	28	
1	2	3	4	5	6	9	10	11	12	14	15	18	19	21	22	24	25	26	27	28	
0	1	3	5	6	7	8	9	11	13	14	15	16	17	18	19	20	21	23	24	26	28	29	
0	1	2	5	7	8	9	10	12	13	14	15	16	17	18	19	21	22	23	26	28	29	
0	2	3	5	6	8	9	10	11	12	14	15	16	17	19	20	21	22	23	24	25	26	27	28	
0	1	2	3	8	9	10	11	13	14	15	16	18	19	20	23	25	26	27	28	29	
0	1	2	3	4	6	9	10	11	13	14	15	16	17	19	20	22	23	24	25	26	27	28	29	
0	1	2	3	5	7	8	9	10	11	12	14	15	17	18	20	21	23	24	25	27	
0	1	2	3	4	5	6	7	8	12	13	14	15	16	18	20	21	22	23	24	25	26	27	28	
0	3	5	6	7	9	10	12	13	14	15	16	18	19	21	23	24	25	26	28	29	
0	1	3	5	6	7	8	9	10	11	12	14	17	20	21	22	24	25	26	27	28	29	
0	3	4	5	6	7	8	11	12	13	14	15	19	21	23	24	25	26	27	28	29	
0	1	2	3	4	5	6	8	9	10	14	15	16	17	19	21	22	23	25	26	29	
1	2	3	4	5	7	12	13	14	15	16	17	18	20	21	22	23	24	25	26	27	28	
0	1	3	5	6	7	8	10	12	14	15	16	18	20	21	23	24	25	27	28	29	
0	2	4	5	7	8	10	12	14	15	16	17	18	19	20	21	22	23	24	25	26	27	28	
0	1	4	5	6	7	8	9	10	11	12	14	16	17	18	20	22	23	24	26	28	
0	1	2	4	5	6	7	8	9	11	13	14	15	16	17	18	20	21	22	23	24	27	28	29	
0	2	3	4	5	6	7	9	10	11	12	15	16	19	20	21	22	23	24	25	27	29	
1	3	4	5	6	7	8	9	10	11	12	13	14	15	16	21	22	23	24	25	27	
0	1	2	3	4	6	7	8	9	10	11	14	15	16	17	18	19	20	21	24	25	26	27	
0	1	2	3	6	7	8	9	10	11	12	13	14	15	16	17	20	21	22	23	24	26	27	28	
0	1	2	3	4	6	7	8	9	10	11	12	13	14	15	16	20	22	23	25	27	28	29	
0	1	3	4	5	6	7	8	9	10	11	12	14	15	16	18	20	21	22	23	24	25	26	28	
0	1	2	3	4	5	6	7	8	9	10	13	14	16	17	18	21	24	25	26	28	
1	2	4	6	8	9	10	11	12	13	15	16	17	18	19	21	22	24	26	27	28	
0	1	2	5	6	8	9	10	13	14	15	16	17	18	19	20	22	23	24	25	28	29	
2	3	4	5	6	7	8	9	10	13	14	15	18	20	21	22	23	24	25	27	28	
0	1	2	4	5	6	8	9	10	12	15	16	17	18	19	21	22	23	24	26	28	29	
0	1	2	3	4	5	6	8	9	11	12	14	15	16	17	18	20	21	23	24	25	26	28	29	
0	1	2	3	4	5	6	7	8	12	14	15	16	17	18	19	20	22	24	25	26	27	28	
0	1	2	4	5	6	7	8	10	11	12	14	15	16	17	18	19	22	24	25	26	27	29	
0	1	2	3	5	6	7	8	9	11	12	13	14	15	17	18	19	20	23	24	25	27	28	29	
1	2	3	4	5	6	7	8	9	10	12	13	16	18	19	20	22	23	24	26	27	28	29	
0	1	3	5	6	7	15	16	17	18	19	20	21	22	23	24	25	26	27	28	29	
0	1	3	4	5	7	8	9	10	11	12	13	15	16	17	21	23	24	26	27	28	29	
0	1	2	3	4	6	7	10	11	12	14	15	16	18	19	20	21	22	24	25	26	27	28	29	
1	3	4	5	6	7	8	10	11	12	13	14	18	19	21	22	23	24	25	26	27	28	29	
1	2	3	4	6	8	9	10	11	12	13	14	15	18	19	20	22	23	24	26	27	28	29	
0	1	2	3	4	5	6	7	9	10	11	13	16	17	18	22	23	24	25	26	28	29	
0	1	3	4	5	6	7	9	10	11	12	13	14	15	16	17	18	20	21	22	24	26	28	29	
1	2	3	6	7	8	9	11	13	14	16	17	18	21	22	23	24	25	26	27	28	29	
1	2	3	4	5	6	7	8	9	10	11	13	15	16	17	18	19	20	21	23	24	25	26	28	
0	1	2	4	5	6	9	11	12	14	15	16	17	18	19	20	21	22	23	24	25	26	28	29	
0	1	3	4	7	9	10	11	12	13	15	16	17	19	20	21	23	24	25	26	27	28	29	
0	1	3	4	7	8	10	12	13	14	15	16	17	19	22	23	25	26	27	28	29	
0	1	3	6	7	9	10	11	12	13	14	15	17	18	19	20	22	23	25	26	27	28	
0	1	2	3	4	6	7	8	10	12	13	14	15	17	18	19	20	22	24	25	26	27	28	
1	2	3	5	6	7	11	12	13	15	16	17	18	19	20	21	22	23	26	28	29	
1	2	5	7	8	9	10	11	12	13	14	17	18	20	21	22	23	24	26	28	29	
0	1	3	4	5	8	9	10	12	13	14	15	16	17	18	20	21	22	23	25	27	28	29	
3	4	5	6	7	9	10	13	14	15	17	18	19	20	21	22	23	24	25	26	27	28	
1	2	3	4	5	7	8	9	11	12	13	14	15	17	18	19	20	21	23	24	27	28	29	
2	3	4	5	7	8	10	11	12	13	14	15	17	19	20	21	22	23	25	26	27	
0	1	2	3	4	5	6	7	8	10	11	12	15	19	20	21	22	23	24	25	26	27	28	29	
0	1	2	3	4	5	6	7	10	11	12	13	14	16	17	21	23	24	25	26	27	29	
0	2	3	4	5	7	8	9	11	13	14	16	18	19	22	23	25	26	27	28	29	
0	3	4	6	7	8	9	10	13	14	15	16	17	18	19	20	21	22	23	24	25	27	28	29	
0	2	3	4	5	6	7	10	12	13	14	15	17	18	21	22	24	25	26	27	28	29	
0	1	2	3	8	10	12	14	15	16	17	18	20	21	22	24	25	26	27	28	29	
1	3	5	6	8	10	11	12	13	14	15	16	17	19	21	22	23	25	27	28	29	
0	2	3	4	5	6	7	8	11	12	13	14	15	16	18	19	20	21	23	24	25	27	28	29	
0	2	3	4	6	7	8	9	10	12	14	15	16	17	19	20	21	22	23	25	26	28	
0	1	2	3	4	6	8	9	11	14	15	16	20	21	22	24	25	26	27	28	29	
0	1	2	4	5	7	8	9	11	12	13	14	15	16	18	19	20	22	24	25	27	28	29	
1	2	3	4	5	6	7	8	10	12	13	15	17	19	20	21	24	25	26	27	28	
0	2	3	4	5	8	10	11	12	13	15	16	17	18	19	20	21	23	24	25	26	27	28	29	
0	1	3	5	7	8	10	12	13	14	15	16	17	18	20	21	22	23	25	26	28	29	
0	3	4	5	6	7	8	9	10	11	12	14	15	16	17	18	19	20	22	23	24	25	27	29	
0	1	4	5	6	7	8	9	10	11	12	13	15	16	17	18	20	21	24	25	26	27	28	29	
0	1	2	3	4	5	6	7	8	9	12	14	15	16	18	19	22	23	25	26	27	
1	3	4	5	6	7	8	9	11	13	14	15	18	20	21	24	25	26	27	28	29	
0	1	2	3	4	5	9	10	11	12	14	15	17	18	19	20	21	22	23	24	25	26	27	28	
1	2	3	5	6	7	8	9	10	11	12	13	14	15	17	18	19	21	24	25	27	28	
0	1	2	3	4	5	6	7	8	10	13	15	16	17	18	19	20	21	22	23	25	26	27	29	
0	1	2	3	5	7	8	10	11	12	13	14	15	16	18	19	20	21	23	24	25	26	
3	4	5	7	8	9	10	11	13	14	16	17	18	19	20	21	23	25	26	27	29	
0	1	2	5	7	9	10	12	13	14	15	16	17	18	19	20	22	23	24	26	27	28	29	
0	1	2	3	4	7	10	12	13	14	16	18	19	20	21	22	23	24	25	26	27	28	29	
1	2	3	4	5	7	8	9	11	12	13	15	16	18	19	20	21	22	24	25	29	
0	1	2	3	4	5	7	9	11	12	13	14	16	17	18	19	21	22	23	24	25	27	29	
0	1	2	3	4	5	6	8	10	11	15	16	17	18	20	21	22	23	25	26	27	28	29	
0	3	5	6	7	8	9	11	12	14	15	16	17	18	19	20	22	24	25	26	27	28	29	
0	2	5	6	7	8	10	11	14	15	16	17	18	19	22	23	24	25	26	28	29	
1	2	3	4	5	6	8	9	10	11	13	14	15	16	18	19	20	22	23	25	26	27	29	
1	2	3	4	6	8	9	10	11	12	13	14	17	18	19	20	21	23	26	27	28	29	
0	2	4	5	6	7	9	10	11	12	15	18	20	21	22	23	24	25	26	27	28	29	
1	2	3	4	5	6	7	9	10	12	13	14	15	17	19	20	22	23	24	25	27	28	29	
0	2	5	6	7	10	11	13	14	15	16	17	18	19	20	21	23	25	26	27	28	29	
0	1	3	5	6	9	10	12	13	14	16	17	18	19	20	22	23	24	25	26	28	29	
0	1	2	5	6	7	9	12	14	15	16	18	19	20	21	23	24	25	27	28	29	
0	1	2	3	6	8	9	12	13	14	15	16	17	18	19	20	21	24	25	26	27	28	29	
0	1	3	4	5	6	7	8	11	14	15	16	17	18	21	22	23	24	25	26	27	28	
0	2	3	4	5	7	10	11	12	14	15	16	17	18	20	21	22	23	24	26	28	29	
0	1	2	3	5	6	7	8	9	10	11	12	18	20	21	22	23	24	25	27	29	
0	4	5	6	8	9	11	12	13	14	15	16	17	18	19	20	21	22	24	25	27	28	29	
1	2	3	4	6	7	8	11	12	13	14	15	16	18	19	21	23	24	25	27	28	29	
0	2	3	5	6	7	9	10	11	12	13	14	16	17	19	21	22	23	25	27	28	
0	1	2	4	5	6	7	8	9	10	11	12	13	15	16	17	19	20	21	22	24	25	27	28	
0	2	3	4	5	6	7	8	9	12	13	15	17	19	21	22	23	24	26	28	29	
0	1	2	3	4	6	7	8	9	10	11	13	14	15	17	20	21	22	25	26	28	29	
0	2	3	4	5	6	7	8	9	10	11	16	17	18	20	21	22	23	24	25	26	28	29	
3	6	7	8	9	10	11	12	13	14	16	17	18	19	21	22	23	24	25	26	27	28	29	
0	2	3	4	7	8	9	10	11	14	15	16	17	18	19	20	21	23	24	26	27	28	29	
3	4	5	6	7	8	9	10	11	12	13	15	17	18	19	20	21	22	23	24	25	26	28	29	
0	2	3	4	5	6	7	9	11	13	14	16	18	19	20	21	24	25	26	27	28	
2	3	4	5	6	7	8	9	10	11	12	13	14	16	20	21	22	23	24	25	26	27	28	29	
0	1	2	4	5	6	8	9	10	11	12	13	14	15	16	17	18	21	22	24	25	26	28	
0	1	3	5	6	7	8	10	11	12	14	15	16	17	22	23	24	26	27	28	29	
0	1	2	4	5	7	8	9	10	12	14	15	17	19	20	21	22	23	24	25	26	27	28	
0	1	2	3	4	7	8	9	10	11	12	13	14	15	16	17	18	19	21	23	26	28	29	
0	2	3	4	5	6	7	8	9	10	12	13	15	16	17	20	21	22	23	25	26	27	29	
0	1	2	3	6	7	8	9	10	11	12	13	14	17	19	20	21	22	23	25	26	28	
0	1	2	3	4	7	8	10	12	13	14	15	16	17	18	19	20	21	22	24	25	26	27	28	
0	1	2	3	4	6	7	9	10	12	13	14	15	16	17	18	19	20	22	23	24	28	29	
1	2	3	4	5	6	7	8	9	11	13	15	17	18	19	21	22	23	26	27	28	29	
0	2	3	5	7	8	9	10	11	13	14	16	17	18	19	22	23	24	25	26	27	28	29	
0	1	2	3	4	5	7	8	11	12	13	14	15	16	17	20	22	23	24	25	26	28	29	
2	4	5	7	8	9	11	13	14	15	16	17	18	21	22	23	24	25	26	27	28	29	
1	4	5	7	8	9	10	11	13	15	16	18	19	20	22	23	24	25	27	28	29	
0	1	2	4	5	6	7	9	10	11	12	13	14	15	16	18	19	21	25	27	29	
1	2	3	4	5	6	7	10	12	13	16	17	18	20	21	22	23	25	27	28	29	
0	1	3	4	5	6	7	8	9	10	11	13	14	15	16	17	21	22	23	25	26	27	28	29	
0	2	3	4	5	6	7	8	9	11	13	14	15	16	18	20	21	22	24	26	27	28	29	
0	2	3	4	6	7	9	10	11	12	14	15	16	17	18	21	22	24	25	27	28	
0	1	2	3	4	5	6	7	8	10	12	13	14	16	17	19	21	22	23	25	26	27	29	
0	1	2	5	6	7	8	10	11	13	14	15	17	19	20	22	24	25	26	28	29	
1	2	3	4	5	6	7	8	9	10	11	12	13	15	18	20	21	22	26	27	28	
0	2	5	6	7	8	9	10	11	14	15	16	21	22	23	24	25	26	27	28	29	
0	1	3	4	5	6	8	9	10	11	12	13	15	16	17	19	20	22	23	24	25	26	27	28	
0	1	3	4	5	6	9	10	11	12	13	15	16	17	18	19	20	21	22	24	25	27	28	
3	4	6	8	9	10	12	13	14	16	17	18	19	20	21	22	23	24	25	26	27	28	
0	1	2	3	4	5	9	11	12	13	16	17	18	19	20	21	23	24	25	27	28	29	
0	2	3	4	7	8	10	11	12	13	14	15	16	17	19	21	22	23	25	27	28	29	
0	1	3	4	6	7	8	10	11	12	13	15	16	17	18	19	20	21	22	24	25	26	27	28	
0	1	2	4	5	6	8	9	10	11	12	13	14	16	17	18	19	20	21	23	25	28	29	
1	2	3	4	8	10	11	13	14	15	18	19	20	21	22	23	24	25	26	27	28	29	
0	1	3	4	5	6	7	8	10	13	14	15	16	17	18	19	20	21	23	24	25	26	28	29	
0	1	2	5	6	7	8	9	10	11	12	13	14	15	16	17	18	19	20	21	24	
0	1	2	3	4	6	7	8	9	10	11	12	16	17	18	19	21	22	23	25	26	27	29	
2	3	4	6	7	9	10	11	12	13	15	18	19	20	21	23	24	25	27	28	29	
2	3	4	5	6	8	9	10	11	12	13	14	15	16	17	19	20	22	25	27	29	
0	1	2	4	5	7	8	9	11	12	14	15	16	19	20	22	23	24	25	26	27	28	29	
1	2	4	5	7	8	10	11	12	13	14	17	18	19	20	21	23	24	26	28	29	
0	1	4	5	6	7	9	10	11	12	13	15	16	17	19	20	21	22	23	25	26	28	29	
0	1	2	3	5	7	8	9	11	12	13	14	15	16	17	19	20	21	22	23	25	27	28	
0	1	2	3	5	8	9	10	11	12	13	14	15	17	18	19	21	22	23	24	27	28	29	
0	2	4	5	6	7	8	10	11	12	13	14	15	16	17	18	20	21	24	25	26	28	29	
1	3	4	5	7	8	9	11	13	14	16	17	18	20	21	22	23	24	25	26	28	
1	2	3	5	6	8	9	10	11	12	13	15	16	17	18	19	22	23	25	26	27	28	29	
0	2	3	4	5	6	7	8	10	11	12	13	15	16	17	18	19	20	21	22	23	25	27	28	
0	1	2	3	4	5	6	7	8	9	11	12	14	16	17	19	20	21	22	26	27	29	
0	3	4	7	8	9	10	12	13	14	15	16	17	19	20	22	24	25	26	27	28	29	
0	1	2	3	5	6	7	8	9	10	11	12	14	17	18	21	24	25	26	27	28	29	
0	1	2	3	4	5	6	7	10	11	13	14	15	17	18	19	24	25	27	28	29	
1	3	4	5	6	7	8	9	10	11	12	13	14	15	16	21	22	24	25	27	29	
0	1	2	3	4	5	6	8	9	10	11	12	14	16	17	18	19	20	21	23	24	25	26	28	
0	2	3	4	5	6	7	8	9	10	11	12	13	14	15	18	19	20	21	22	25	26	27	28	
1	2	3	5	6	7	9	11	12	14	15	16	17	18	19	20	21	22	23	24	25	26	
0	2	3	4	6	7	8	9	10	12	13	14	15	18	19	22	23	24	25	27	29	
1	2	3	4	5	7	8	12	14	16	17	18	19	20	22	24	25	26	27	28	29	
1	2	4	6	7	8	9	10	11	14	15	16	17	18	19	20	22	24	25	26	27	28	29	
0	3	4	5	7	8	9	10	11	12	13	14	15	16	17	18	19	21	22	26	28	29	
2	4	6	7	8	9	10	11	12	13	14	16	17	18	19	20	21	22	24	25	26	27	28	29	
0	1	3	5	6	8	9	11	13	14	16	17	18	19	20	21	22	23	24	25	27	28	29	
0	2	3	5	6	7	8	9	10	11	12	13	14	20	21	22	23	24	25	26	27	28	29	
0	1	2	3	4	5	6	7	8	10	12	13	14	16	17	18	19	21	22	24	25	26	27	29	
0	1	2	3	6	7	9	10	11	12	13	14	15	17	18	19	21	23	25	27	28	29	
0	1	2	4	5	6	9	10	11	12	14	15	16	17	18	19	20	21	22	23	24	25	28	
0	1	2	4	5	6	7	8	9	10	11	14	15	16	17	18	19	21	23	25	26	28	
0	2	3	5	6	7	8	10	11	13	15	16	18	19	20	22	23	24	25	26	27	28	29	
0	1	2	3	4	5	7	9	10	11	12	13	14	17	18	20	21	22	24	26	27	28	
1	2	3	4	5	6	7	9	10	11	13	14	15	16	18	19	20	21	23	24	26	27	29	
0	1	3	4	6	7	8	9	10	11	12	13	14	15	16	17	18	19	20	21	22	23	24	29	
0	1	2	3	4	5	8	9	10	11	12	13	14	15	16	19	21	22	24	25	26	28	
0	1	2	3	4	5	6	10	11	12	13	14	16	17	21	22	23	24	25	26	27	28	29	
0	1	2	3	4	5	7	8	9	13	14	17	21	22	23	24	25	26	27	28	29	
0	2	5	6	7	8	9	11	12	15	16	18	19	20	21	22	23	24	25	26	27	28	29	
0	2	3	4	5	7	8	9	10	11	12	13	14	16	17	19	20	21	22	23	28	
0	2	3	4	5	6	7	8	9	11	12	13	14	15	20	21	22	23	25	26	27	28	29	
1	2	3	4	6	7	10	11	13	15	16	17	18	20	22	23	24	25	26	28	29	
0	1	3	4	8	9	10	11	12	13	14	15	16	17	18	20	21	23	24	25	26	27	28	
1	2	5	6	7	9	10	11	12	13	14	15	16	17	18	19	21	23	24	25	26	27	28	29	
0	1	3	5	7	8	10	11	12	13	14	16	17	18	19	21	23	24	25	27	28	
0	1	2	3	5	6	8	12	13	14	15	16	17	19	20	21	22	23	25	26	27	28	29	
0	2	6	7	8	9	10	11	12	13	14	15	16	17	18	19	20	21	22	23	24	26	27	29	
0	2	3	4	5	6	7	8	11	12	13	14	16	17	18	19	20	21	24	25	27	28	29	
1	2	4	6	7	8	9	10	12	13	14	15	16	18	21	22	23	24	26	27	28	29	
0	1	2	3	4	7	8	10	11	13	14	15	16	18	19	20	22	25	26	27	28	
0	1	3	4	5	6	8	9	10	11	13	14	15	16	19	20	23	24	25	26	27	28	29	
0	1	2	4	6	7	8	10	11	16	18	19	20	21	22	23	24	25	27	28	29	
1	4	5	7	8	10	11	12	14	15	16	17	18	19	20	21	22	24	25	27	28	29	
0	1	2	3	4	5	7	9	12	13	14	15	16	19	20	21	22	23	24	25	26	27	28	29	
1	2	3	4	6	7	8	9	11	12	13	14	15	18	20	21	24	26	27	28	29	
0	1	2	3	4	5	6	7	9	10	11	12	13	14	16	17	19	21	23	26	27	28	29	
0	1	3	4	5	6	7	9	10	11	12	14	15	16	17	19	20	21	22	23	28	29	
0	1	2	3	4	5	7	8	9	10	13	15	16	17	19	20	23	24	25	26	29	
0	1	2	3	6	8	9	10	11	12	13	14	16	17	18	19	21	22	23	24	25	26	27	28	
0	1	4	5	6	7	8	10	11	12	13	15	17	18	19	20	23	24	25	27	28	29	
0	1	2	3	4	5	7	8	9	10	12	13	15	16	17	18	19	21	22	23	24	27	28	29	
0	3	4	5	9	10	12	13	14	15	16	17	18	21	22	23	25	26	27	28	29	
1	2	4	6	7	8	9	10	12	13	14	15	18	19	20	21	22	23	24	25	26	27	29	
2	3	4	5	6	10	13	14	15	16	17	18	19	20	21	24	25	26	27	28	29	
0	1	2	3	4	5	9	10	12	13	14	15	16	18	19	20	21	22	23	24	25	26	28	
0	1	3	4	6	7	8	9	10	11	12	13	16	17	18	20	21	24	25	26	27	28	
0	1	3	7	8	9	10	11	12	13	15	16	17	18	19	20	21	22	23	24	25	26	28	29	
1	2	4	5	8	9	10	11	12	14	15	16	19	20	21	22	23	24	25	26	28	29	
1	2	3	4	5	7	8	9	10	11	14	15	17	20	21	23	24	25	26	27	28	
0	2	3	4	5	6	7	8	9	10	11	12	13	15	16	17	19	21	23	24	25	27	28	29	
0	1	2	3	5	6	7	8	9	10	11	12	14	16	17	21	22	23	26	27	28	29	
0	1	2	3	5	6	8	9	10	11	13	14	15	16	17	18	19	21	22	25	26	28	29	
0	1	2	3	4	5	6	8	9	10	12	14	16	19	21	22	23	24	25	26	27	28	29	
1	2	3	4	5	8	10	11	12	13	14	15	17	19	21	23	24	25	26	27	29	
0	1	3	4	5	6	7	8	9	11	14	15	17	18	19	20	21	22	23	24	25	27	28	29	
1	2	3	4	5	6	7	8	9	10	11	12	13	17	19	20	21	22	23	25	26	27	
0	1	4	5	6	8	9	11	13	14	15	16	17	18	19	22	23	24	25	26	27	28	29	
1	2	3	4	5	6	7	8	9	10	11	12	13	14	15	16	17	18	19	22	23	26	27	28	
1	3	4	5	6	8	9	10	11	12	13	15	18	20	21	22	23	24	26	27	28	29	
0	1	2	3	4	6	7	8	9	10	11	12	13	14	16	18	20	21	22	23	25	26	28	29	
2	3	4	5	7	8	9	10	11	12	14	15	18	20	21	22	23	24	26	27	28	29	
0	2	3	4	5	6	8	9	10	11	12	13	14	15	16	17	20	21	22	23	25	27	28	29	
0	3	5	7	8	9	10	13	14	15	16	17	18	19	20	21	22	23	24	25	29	
1	2	3	4	5	6	7	9	10	11	12	13	14	16	17	19	20	22	24	25	26	27	29	
0	1	2	3	4	7	8	9	10	11	12	13	15	16	17	21	23	26	27	28	29	
0	1	2	4	5	8	10	11	12	13	14	15	16	18	19	20	21	22	23	25	26	27	28	29	
0	2	3	4	6	7	8	9	10	11	12	13	14	15	17	20	21	24	25	28	29	
1	3	4	5	6	7	8	9	10	11	12	13	15	16	18	19	20	22	23	24	25	26	27	29	
0	1	3	4	5	6	7	8	9	10	13	15	16	18	19	20	21	22	23	24	26	27	28	29	
3	4	5	6	7	8	11	12	14	15	16	17	18	19	20	21	22	24	25	26	27	28	29	
0	2	4	5	6	8	9	10	11	13	14	16	18	20	21	22	23	24	25	26	29	
1	3	4	5	6	7	8	9	10	11	14	15	16	17	19	20	21	22	23	25	27	28	29	
0	1	2	3	5	6	7	8	10	11	12	14	15	16	18	19	23	24	25	26	27	28	29	
0	1	2	3	4	5	6	7	8	9	10	11	12	13	16	17	19	20	21	22	23	26	28	29	
0	2	3	4	5	6	8	9	10	11	12	13	15	16	18	21	22	23	24	25	26	27	28	29	
0	2	3	4	5	6	7	8	9	11	12	14	15	17	18	19	23	24	25	26	27	28	
0	1	5	6	7	8	10	11	13	14	15	17	18	19	20	21	22	23	24	25	26	27	28	
1	2	3	4	5	6	9	10	11	13	14	16	17	19	21	22	23	24	25	26	27	28	29	
0	1	2	3	4	6	7	8	9	11	12	13	16	18	19	20	21	24	25	26	28	
0	2	3	5	9	10	11	12	13	14	15	17	18	20	21	22	23	24	25	26	28	
0	1	3	4	5	6	7	8	9	10	11	14	15	16	17	18	21	22	23	25	27	28	29	
0	1	2	3	4	6	7	8	9	10	12	13	14	15	16	17	18	19	22	23	24	26	28	29	
1	2	4	5	9	13	15	16	17	18	19	20	21	22	23	24	25	26	27	28	29	
0	1	2	5	7	8	9	10	11	12	13	15	16	18	21	23	24	25	26	27	29	
1	2	3	4	5	6	7	8	9	10	11	13	15	17	18	20	21	22	26	27	28	
0	1	2	3	4	5	6	7	8	9	10	11	14	15	16	17	18	20	22	23	24	25	27	28	
1	2	3	4	5	6	7	8	9	11	13	15	17	18	19	22	25	26	27	28	29	
1	2	3	4	6	7	9	10	11	13	14	15	16	17	18	19	21	22	23	24	26	27	28	29	
1	2	3	4	5	6	7	8	9	10	11	13	14	15	18	20	21	22	23	24	25	26	27	29	
0	1	2	3	4	5	6	7	9	12	14	15	16	19	20	22	23	24	25	27	28	29	
1	2	5	6	7	8	9	10	11	12	13	14	15	16	17	18	19	20	21	22	24	26	27	28	
0	1	2	3	4	5	7	8	9	10	11	14	15	16	17	20	21	22	23	24	25	26	28	29	
0	1	2	5	6	7	8	9	10	11	13	14	15	17	20	21	22	24	25	26	27	28	29	
2	3	4	5	7	8	9	10	12	13	14	15	17	18	19	20	21	22	23	24	25	26	27	29	
0	1	2	3	6	7	8	10	11	12	13	15	17	18	19	21	22	23	24	25	26	27	28	29	
0	1	2	4	5	6	7	8	9	11	14	16	18	20	21	22	23	24	25	26	27	28	29	
1	2	3	4	5	6	8	9	10	12	13	14	16	17	18	19	20	22	23	24	26	27	29	
0	4	5	6	8	10	11	12	13	14	17	18	19	22	23	24	25	26	27	28	29	
0	2	4	5	6	7	8	9	11	12	13	16	17	18	19	20	21	22	23	24	25	27	28	29	
0	1	2	4	6	8	9	11	12	13	14	15	17	18	19	20	21	23	25	26	27	28	29	
0	1	2	3	4	5	6	7	8	9	10	12	13	14	16	18	19	20	23	24	25	27	
1	2	3	4	5	6	7	8	9	12	15	16	17	18	19	21	22	23	24	25	26	27	29	
0	1	2	3	4	5	6	7	8	9	10	11	13	14	15	16	17	18	21	22	24	25	29	
0	2	4	6	7	8	9	10	11	12	13	17	18	19	20	21	23	25	26	27	28	29	
0	2	3	4	6	7	8	9	10	12	13	16	17	18	20	21	22	23	24	25	27	29	
2	3	4	5	6	8	9	10	11	12	14	16	17	18	19	22	23	24	26	27	28	29	
0	1	3	4	5	6	7	8	9	10	11	12	14	15	16	20	21	23	24	27	28	29	
1	2	4	5	6	7	8	11	12	13	14	15	17	18	20	21	22	23	24	25	26	27	28	
1	2	3	6	7	8	9	11	12	13	14	15	16	17	18	19	20	21	22	24	26	27	28	29	
0	1	2	3	4	5	7	8	9	12	14	15	16	17	18	19	21	22	24	25	26	27	28	
0	1	2	3	4	5	6	7	11	13	14	15	17	18	19	20	24	25	27	28	29	
0	2	3	4	5	6	9	10	11	12	13	14	15	16	17	18	19	24	25	26	27	29	
0	1	2	3	4	5	7	8	9	10	14	16	18	19	21	22	23	24	26	27	28	
0	1	3	5	6	7	9	10	12	13	14	15	16	17	19	20	21	22	23	24	25	26	27	29	
0	2	3	4	5	6	7	9	10	11	12	14	15	16	18	21	22	23	25	26	29	
1	2	3	4	5	7	8	10	11	12	13	14	15	16	17	18	20	21	22	23	26	27	28	
0	1	4	6	8	9	10	11	13	14	15	16	17	18	19	20	23	25	26	27	28	29	
1	3	4	5	6	7	8	9	10	13	14	15	19	20	21	22	23	24	25	27	28	29	
0	2	3	4	5	6	7	8	9	10	12	13	14	15	17	21	22	24	25	26	27	28	29	
1	2	3	4	7	8	9	10	11	14	15	16	17	18	19	20	22	23	24	25	26	28	
0	3	4	6	7	8	9	10	11	13	15	16	17	18	19	20	21	23	24	25	26	27	28	29	
0	1	2	6	7	8	9	10	11	13	14	15	16	17	18	19	20	21	23	25	26	28	29	
1	2	3	4	5	6	7	8	9	11	12	13	14	15	16	18	20	21	22	23	25	26	27	29	
1	2	4	5	7	8	9	10	11	13	15	16	18	20	21	22	23	24	26	27	28	29	
0	1	2	3	4	5	6	7	8	9	10	11	12	13	15	16	17	19	20	21	23	25	27	
0	1	3	4	6	7	9	10	12	13	14	15	16	17	18	19	21	22	23	24	25	26	28	29	
0	4	6	7	8	9	11	12	13	14	16	18	19	20	22	23	24	26	27	28	29	
0	1	2	7	8	9	10	11	13	14	16	17	18	19	22	23	24	25	26	27	28	
0	2	3	4	6	7	9	10	11	12	13	14	15	16	17	18	19	20	21	24	25	26	27	
0	1	2	3	5	8	10	11	12	13	15	16	17	19	21	22	23	24	25	26	27	28	29	
0	1	2	3	4	6	7	10	11	12	13	15	16	17	19	20	21	23	27	28	29	
1	4	5	6	7	9	11	12	14	15	16	17	18	19	21	22	24	25	26	27	28	29	
0	1	2	4	5	6	8	9	10	11	13	14	16	17	18	19	20	21	23	24	26	27	28	29	
0	5	6	7	8	9	10	11	13	14	15	16	17	18	20	22	23	24	25	26	27	28	29	
0	1	2	5	7	8	11	13	14	15	16	17	19	20	21	23	24	26	27	28	29	
0	1	2	3	5	6	8	9	10	11	12	13	14	15	16	17	18	19	20	23	24	26	28	29	
0	1	2	3	4	6	8	9	10	12	14	17	18	19	20	21	22	23	24	27	28	29	
0	1	2	3	4	5	6	7	8	9	11	12	13	14	16	18	19	20	23	25	28	
0	1	2	5	6	7	9	10	11	12	13	14	15	16	17	18	19	20	21	22	23	24	28	29	
0	1	2	3	4	6	9	10	11	12	13	16	18	19	20	23	24	25	26	27	29	
0	1	2	4	5	7	8	9	11	12	13	14	15	18	19	20	21	23	25	26	27	29	
0	2	3	4	6	8	9	10	11	12	15	17	18	19	21	22	23	24	25	27	28	
1	2	3	4	5	6	8	9	10	11	13	14	15	16	17	18	21	22	23	24	25	26	27	29	
0	1	2	5	6	7	9	10	11	12	13	14	15	17	19	20	22	23	25	27	28	29	
0	2	3	4	5	7	8	10	12	13	14	15	16	18	19	20	21	22	23	24	25	27	28	29	
0	3	4	6	7	9	11	13	14	15	16	17	19	20	21	22	23	24	25	28	29	
0	1	2	3	5	6	8	9	11	12	14	15	17	18	20	21	23	24	25	26	27	28	29	
0	1	2	4	5	6	7	8	9	12	14	15	16	17	18	20	22	23	24	25	26	27	29	
0	1	2	3	4	5	6	7	8	9	10	13	14	15	16	18	21	22	23	24	27	29	
1	2	4	5	6	7	9	10	11	13	14	15	16	18	19	20	21	22	25	26	27	28	
0	1	3	4	5	7	8	9	12	13	14	15	16	17	18	19	20	22	24	26	27	28	29	
0	2	5	6	7	8	9	10	11	12	14	15	16	17	18	19	20	22	24	25	26	
0	1	2	3	4	5	6	9	10	11	12	14	17	18	20	21	22	23	24	25	26	
2	3	4	5	6	8	9	10	11	12	13	15	16	18	19	21	22	23	24	25	27	28	29	
0	1	2	4	5	6	7	9	10	11	12	14	15	16	17	20	21	22	23	24	25	26	28	29	
0	1	2	3	5	6	7	8	10	11	12	13	14	16	17	20	23	25	26	27	28	29	
0	1	2	3	4	5	6	7	9	11	12	13	14	15	16	17	18	19	20	21	22	24	27	
1	2	3	4	6	8	9	10	11	12	13	14	15	16	17	18	19	21	23	24	25	27	28	
1	2	3	4	5	6	7	9	10	11	12	13	15	19	20	22	23	24	26	27	29	
0	1	2	3	5	6	7	10	11	12	13	15	16	19	20	21	22	23	24	25	26	27	28	29	
0	1	2	3	4	6	7	8	9	10	11	13	14	15	16	18	19	20	21	22	24	25	27	29	
1	3	4	6	7	8	10	11	12	14	16	17	18	19	20	21	22	23	24	25	26	27	29	
1	2	3	5	9	11	12	13	14	15	16	17	18	19	20	21	22	23	25	26	27	
0	1	2	3	4	5	6	7	9	10	11	15	16	21	22	23	24	25	26	27	28	
0	1	2	3	4	5	6	8	9	10	14	15	16	18	20	21	23	24	26	27	28	29	
0	1	2	3	4	5	6	8	9	12	13	14	16	17	18	19	21	22	23	25	26	27	28	29	
0	2	3	4	6	7	8	9	10	11	12	15	16	17	19	21	23	25	26	27	28	29	
0	1	4	5	7	8	10	11	13	14	15	17	18	19	20	21	22	23	24	26	27	28	29	
2	3	4	5	6	8	9	10	12	13	15	16	17	18	19	22	24	25	26	27	29	
0	1	2	4	6	7	8	9	10	11	13	16	17	18	19	21	22	23	24	25	26	27	28	29	
0	1	2	4	6	7	9	10	11	12	13	15	16	18	19	20	21	22	23	24	26	27	28	29	
0	2	3	4	8	9	12	13	14	15	16	17	18	20	21	22	23	26	27	28	29	
0	1	3	4	6	7	10	11	12	13	14	16	17	18	19	20	21	22	23	25	26	27	28	29	
0	1	3	4	5	6	7	10	12	14	15	16	17	18	20	22	25	26	27	28	29	
0	1	3	4	6	8	9	10	11	12	13	15	16	17	18	19	20	21	22	23	26	27	28	29	
0	1	2	6	8	9	11	12	13	18	19	20	21	22	23	24	25	26	27	28	29	
0	1	2	3	5	6	7	8	10	11	12	13	15	16	17	18	19	20	21	22	25	26	28	29	
1	2	3	6	7	8	9	10	14	15	17	18	19	21	22	23	24	25	26	27	29	
0	1	3	6	7	9	10	11	12	14	15	16	17	18	19	20	21	23	24	25	26	28	29	
0	2	3	5	6	7	8	9	10	12	13	14	15	16	18	19	21	23	26	27	28	29	
0	2	4	5	6	7	8	10	11	12	14	15	16	17	18	19	21	22	23	25	26	27	28	
0	2	4	5	6	7	8	9	10	12	13	15	16	18	20	21	22	23	24	27	28	29	
0	1	2	4	5	7	8	9	10	12	15	16	17	18	19	20	23	25	26	28	29	
1	3	4	5	7	8	9	11	12	14	15	16	17	18	20	21	22	23	24	25	26	27	28	29	
0	1	2	3	4	5	6	7	10	11	12	13	14	15	16	17	19	22	23	24	26	27	
0	1	2	4	5	7	8	10	11	12	13	14	15	16	17	18	19	20	22	23	25	26	27	28	
0	1	3	4	5	6	8	9	10	11	12	14	15	16	17	18	19	20	22	23	26	27	28	29	
0	1	2	3	5	6	7	9	10	11	13	14	15	16	18	20	21	22	23	24	27	28	29	
0	1	2	3	4	5	6	9	11	13	14	15	17	18	20	21	22	23	25	26	27	28	
1	3	4	6	7	8	9	11	12	13	14	15	16	17	18	21	22	24	25	27	28	29	
0	1	2	3	5	6	7	8	10	12	13	14	15	16	18	19	21	22	23	24	26	27	28	
0	1	2	3	4	6	7	8	9	10	11	12	15	16	17	18	19	22	23	24	25	26	27	29	
0	2	3	4	5	6	7	8	9	10	11	12	13	14	16	17	18	21	22	24	26	28	29	
0	1	2	3	6	7	8	10	12	13	14	15	18	19	20	21	22	24	25	26	27	28	
0	1	3	4	5	6	7	8	9	10	11	13	14	18	19	20	21	23	24	25	26	29	
0	1	2	3	4	6	8	9	12	13	15	17	18	19	21	22	23	25	26	27	29	
0	1	2	3	4	5	6	7	9	10	11	14	15	16	17	19	20	21	23	26	27	28	29	
0	1	2	3	4	5	7	9	10	11	13	14	15	16	17	18	19	22	26	27	28	29	
0	2	3	4	6	7	8	9	14	16	17	18	19	20	21	22	23	25	26	27	28	29	
0	4	5	7	9	10	11	12	13	14	15	16	17	18	19	20	21	22	23	25	26	28	
0	1	4	5	6	8	9	10	11	12	13	14	15	17	19	20	21	22	23	25	26	27	28	29	
1	2	3	5	6	7	8	9	10	11	12	13	14	15	17	19	20	21	22	24	25	26	29	
0	1	2	3	4	5	6	7	8	9	10	13	14	16	18	19	20	21	23	24	25	26	27	28	
0	1	2	3	4	5	6	7	8	10	12	13	14	17	20	22	23	24	25	26	27	28	
0	1	2	3	4	6	7	8	10	11	12	13	14	15	16	18	19	20	22	23	25	26	28	29	
0	1	3	4	5	7	8	11	12	14	15	16	17	18	19	20	21	22	23	25	26	27	29	
0	2	3	4	5	6	7	8	9	10	11	12	16	17	18	19	20	21	22	23	25	27	28	29	
1	2	4	5	6	7	8	9	10	11	12	13	14	15	16	18	19	21	22	23	25	27	28	29	
0	1	2	3	4	5	6	7	9	10	12	15	18	20	22	23	24	26	27	28	29	
0	1	2	4	5	7	8	9	10	11	13	14	15	18	20	21	22	23	24	26	27	28	29	
0	1	3	5	6	7	8	9	10	11	13	14	15	16	18	19	20	22	23	24	25	26	27	29	
0	1	2	5	6	7	8	9	10	11	12	13	14	16	17	19	20	21	23	25	26	28	
1	3	4	5	6	7	8	9	10	11	14	15	17	18	19	21	22	24	26	27	28	
0	1	3	5	6	7	8	10	11	12	13	14	15	17	18	21	22	24	25	26	27	28	29	
0	1	3	4	5	9	10	11	12	13	16	17	19	20	21	22	23	24	25	26	27	28	29	
0	1	3	4	5	7	8	10	11	13	14	15	16	17	18	20	21	22	24	25	26	27	28	29	
0	1	2	3	4	6	7	9	12	14	15	16	17	18	19	20	23	24	25	28	29	
0	2	4	6	8	9	10	11	12	13	15	16	17	18	20	21	22	23	25	26	29	
0	1	3	4	6	8	9	10	11	12	13	15	17	18	19	20	21	22	23	24	25	26	27	28	
0	1	2	3	4	5	7	8	12	14	15	16	17	18	22	23	24	25	26	27	28	29	
1	3	4	5	6	8	9	10	13	15	16	18	19	22	23	24	25	26	27	28	29	
2	3	4	5	6	7	9	10	12	13	14	15	16	17	18	19	20	21	22	23	25	26	27	28	
0	1	2	4	5	6	7	8	9	12	13	14	15	17	20	21	22	25	26	28	29	
0	1	2	5	7	9	11	12	13	14	15	16	20	21	22	23	24	25	26	27	28	29	
0	1	2	3	5	7	8	10	11	12	13	14	15	16	17	18	20	23	24	25	27	28	29	
0	1	2	3	4	6	7	8	9	10	11	13	16	17	18	20	22	23	25	26	27	28	
1	2	3	4	5	6	7	8	9	10	11	12	14	17	18	19	20	21	22	23	24	25	28	29	
0	1	3	4	5	6	8	9	10	12	13	14	16	17	18	20	21	22	23	24	25	27	28	29	
0	1	3	4	5	6	7	9	10	11	14	15	16	17	18	21	22	23	24	25	26	28	29	
1	2	3	4	5	7	8	10	11	13	16	17	18	19	21	22	23	24	25	26	27	
1	3	4	6	7	8	9	11	12	13	14	15	17	18	19	20	22	23	24	28	29	
0	1	3	4	5	6	7	8	10	11	12	14	16	18	19	20	21	23	24	25	26	27	28	29	
0	1	2	3	4	6	10	11	12	13	14	15	16	18	20	22	23	24	25	26	28	29	
1	2	5	6	8	9	10	11	15	16	17	18	19	20	22	23	24	25	26	27	28	29	
0	1	2	3	4	6	7	8	12	13	14	15	17	19	20	21	22	23	24	25	27	28	29	
0	1	2	4	7	9	10	11	13	14	15	17	19	20	21	22	23	24	25	26	27	
0	1	2	3	4	6	7	8	11	12	14	15	16	17	18	20	22	23	24	25	26	27	29	
0	1	3	4	5	6	8	10	11	12	13	14	16	17	18	21	23	24	26	27	28	
0	2	5	7	8	9	10	11	12	13	15	16	18	19	20	21	22	23	24	25	26	27	28	29	
0	1	4	5	6	7	8	9	10	12	13	15	16	17	18	19	20	21	22	23	24	26	27	
0	1	3	4	6	7	8	10	12	14	15	16	18	21	22	23	24	25	26	27	28	
0	1	2	3	8	9	10	11	12	13	14	15	16	18	19	20	21	22	24	27	28	29	
0	1	3	4	5	6	7	8	9	10	13	14	15	16	17	18	20	21	22	23	25	27	28	
1	4	5	6	7	8	9	10	12	13	15	17	18	19	20	22	23	24	25	26	27	29	
0	1	2	3	4	5	7	8	9	10	11	12	13	14	16	17	18	20	21	23	25	29	
0	2	4	5	6	7	8	9	10	11	15	17	18	19	20	21	23	24	26	28	29	
0	1	2	3	5	8	9	10	11	13	14	15	17	18	19	21	23	24	25	26	28	29	
0	1	2	3	4	5	7	8	9	12	13	14	15	16	17	19	20	21	22	23	24	26	27	28	
0	1	2	3	4	5	6	8	10	11	12	13	18	19	22	24	25	26	27	28	29	
0	1	2	3	4	5	6	7	8	9	10	12	13	15	16	18	19	20	21	22	23	24	25	27	
2	4	5	6	7	8	9	10	11	12	13	14	15	16	17	18	19	20	21	22	23	24	28	
0	1	2	3	5	6	7	8	10	12	13	14	15	18	19	20	22	24	26	27	28	29	
0	1	4	5	7	8	10	11	13	14	15	16	18	19	20	21	22	23	24	26	27	29	
0	1	2	3	4	5	6	8	9	10	11	14	15	16	18	20	21	22	23	24	25	26	28	29	
1	2	4	5	6	7	9	10	11	12	13	14	16	17	18	19	21	22	23	24	27	28	29	
0	1	3	5	6	7	8	9	10	11	16	17	18	19	20	21	22	23	25	26	28	29	
0	1	2	4	5	6	7	9	10	11	12	13	14	16	18	19	21	22	23	28	29	
0	1	2	4	5	6	8	9	11	13	15	18	19	21	22	23	24	25	26	28	29	
3	5	6	8	9	10	11	12	14	15	16	18	19	20	21	22	23	24	25	26	27	28	29	
1	2	3	4	5	6	7	8	9	10	12	13	14	15	16	17	18	20	21	22	24	25	28	29	
1	3	4	6	7	8	9	10	12	13	14	15	16	17	18	19	20	22	24	25	26	27	28	29	
0	2	4	5	7	8	10	11	12	13	14	15	16	17	18	19	20	22	26	28	29	
0	1	2	3	4	5	6	7	8	9	10	11	12	13	14	16	18	19	20	21	22	24	25	27	
0	1	4	5	6	9	10	12	14	15	16	18	19	20	21	22	23	24	25	26	27	28	29	
1	2	3	4	6	8	9	10	11	12	15	16	17	18	19	20	21	23	25	27	29	
0	2	3	4	6	7	8	9	11	12	13	15	16	17	18	19	20	22	23	24	25	27	28	29	
1	2	3	4	5	6	7	8	9	10	11	12	15	16	17	19	20	22	24	25	26	27	28	
0	1	3	6	7	8	9	10	11	12	13	15	16	18	19	22	23	24	25	26	28	
0	2	4	5	6	8	9	10	12	13	15	16	17	18	20	22	23	24	25	26	27	29	
0	2	3	5	9	10	11	12	13	14	15	16	17	18	19	20	24	25	26	28	29	
0	1	2	4	5	6	7	9	12	14	15	17	18	19	20	21	22	23	24	25	26	28	
0	2	3	4	5	6	9	10	11	12	13	15	16	18	20	21	23	24	25	26	27	28	29	
0	1	3	4	5	6	10	12	13	14	15	16	17	18	19	20	21	22	23	25	26	27	29	
0	1	2	4	6	7	9	10	11	12	14	15	16	17	18	19	20	21	23	24	26	27	28	29	
0	2	3	4	5	6	7	8	10	11	12	13	14	15	18	19	20	21	22	23	24	25	26	27	
0	2	3	5	6	8	10	12	13	14	15	16	17	18	19	21	22	23	24	25	27	28	29	
0	1	2	4	5	6	8	10	11	12	13	14	15	16	17	18	19	21	22	23	24	27	29	
1	2	3	4	5	6	7	8	9	10	13	14	15	17	19	20	21	22	24	25	26	27	28	
0	1	2	3	4	7	8	9	10	11	13	14	16	17	18	19	20	21	25	26	27	29	
0	3	4	5	6	7	8	9	10	11	12	14	15	16	17	20	22	23	24	25	27	28	29	
0	2	4	5	6	7	9	11	12	14	16	17	18	19	21	22	24	25	26	27	28	29	
0	2	3	4	5	6	7	8	11	12	13	14	15	17	20	21	22	25	27	28	29	
1	2	3	4	5	6	7	8	9	10	12	13	14	15	17	18	20	22	24	25	26	27	29	
0	1	3	4	5	6	8	9	10	11	13	15	18	19	20	21	22	23	24	25	26	27	28	29	
0	2	4	5	6	8	10	11	12	14	15	16	17	18	20	21	23	24	25	26	27	29	
0	1	2	4	6	8	9	12	13	14	16	17	18	19	20	22	23	25	26	27	29	
0	1	3	6	9	10	11	12	13	14	15	16	17	18	19	20	21	23	24	25	26	27	29	
0	3	4	5	7	8	9	12	13	14	15	16	17	19	20	22	23	24	26	28	29	
0	3	4	5	6	7	8	9	10	11	12	14	17	18	19	20	22	23	24	25	26	27	29	
0	1	2	3	4	5	6	8	9	10	12	14	15	16	18	19	20	21	23	25	26	27	28	
0	2	4	5	7	8	9	10	11	12	13	14	16	17	18	20	23	24	25	28	29	
0	1	2	3	6	7	8	10	12	13	14	17	18	19	20	21	22	23	24	25	26	28	
0	1	3	4	5	6	8	9	10	11	12	14	15	16	17	19	20	21	22	25	26	27	28	29	
1	2	3	4	5	8	9	11	13	14	15	16	18	20	22	23	24	26	27	28	29	
0	1	2	3	5	6	7	8	9	10	11	12	13	14	16	19	20	21	23	24	25	27	28	29	
0	1	2	3	4	5	6	8	10	11	12	13	14	15	16	18	19	20	22	23	26	27	28	29	
0	1	2	3	4	5	7	8	9	10	11	12	13	14	16	17	18	19	23	24	25	26	27	29	
0	2	3	5	6	7	9	10	11	12	13	15	17	18	19	20	21	22	23	24	25	26	27	29	
2	3	4	5	6	7	8	10	11	12	13	14	15	18	20	22	23	25	26	27	29	
0	2	3	4	6	7	8	9	11	12	13	14	15	16	20	21	22	24	25	26	27	29	
0	1	2	3	4	6	7	9	10	11	12	14	15	18	19	20	22	23	24	25	26	27	28	29	
0	2	3	4	5	6	7	8	9	10	14	15	16	17	18	19	20	21	22	25	26	27	28	29	
0	1	2	4	5	6	8	9	11	12	13	14	15	16	17	18	19	22	23	24	26	27	29	
2	3	4	5	7	8	10	12	14	15	17	18	19	20	21	22	23	24	25	26	28	29	
0	1	2	3	5	6	7	8	9	11	13	14	15	17	18	19	20	22	23	24	26	27	28	
0	1	2	4	5	6	8	10	11	12	13	14	15	16	17	19	20	21	22	23	24	26	27	28	
0	1	2	3	4	5	7	8	9	10	13	15	16	19	20	22	24	25	26	27	29	
0	1	2	3	4	5	6	9	13	14	15	16	17	19	20	21	22	24	25	26	27	29	
0	1	3	4	5	7	8	9	10	11	12	13	15	16	17	18	19	21	22	23	24	25	28	29	
1	2	3	4	5	6	9	10	11	12	13	14	15	16	19	20	21	22	23	25	26	
1	2	3	4	7	8	9	10	11	12	15	16	17	18	19	20	21	22	23	24	25	27	28	
0	1	2	3	4	5	6	7	8	9	13	14	16	17	18	21	23	24	26	27	29	
0	1	2	3	4	6	7	8	10	12	13	14	15	16	17	18	20	21	23	24	25	26	27	28	
0	2	3	4	5	6	8	10	11	12	15	16	17	19	20	22	23	24	25	27	28	29	
1	2	3	4	5	6	8	9	10	11	13	14	15	16	17	18	21	22	23	25	26	27	28	29	
0	1	2	3	7	8	9	10	12	13	14	15	16	19	20	21	22	24	26	27	29	
1	2	3	4	5	6	7	8	9	11	12	13	14	15	16	18	19	21	22	23	24	25	26	29	
1	2	4	6	7	8	9	10	11	12	13	14	15	16	17	18	19	21	22	23	24	25	27	28	
0	1	2	3	4	6	10	11	12	13	14	15	16	17	18	19	20	21	22	23	25	26	27	
0	2	3	4	6	7	8	9	10	11	14	15	17	20	21	22	23	24	26	27	29	
2	4	6	7	9	10	11	13	14	15	16	17	19	20	21	23	24	25	26	27	28	29	
1	2	3	5	7	8	9	10	11	12	13	14	15	16	18	21	22	24	26	27	28	29	
0	1	2	3	4	5	6	7	8	9	10	11	12	14	15	17	18	23	24	27	28	29	
0	2	3	4	6	7	8	10	11	12	13	14	15	16	17	18	19	20	21	22	23	25	27	29	
1	2	4	5	7	8	9	10	12	13	14	16	19	20	21	22	23	24	25	26	27	29	
0	1	2	3	4	7	8	9	10	11	13	14	16	18	19	20	21	22	23	24	25	28	29	
0	1	5	6	7	8	9	10	11	12	13	14	15	18	19	20	23	24	25	26	27	29	
1	2	4	5	6	8	9	10	11	12	13	15	17	18	19	20	22	25	26	27	28	
0	1	2	4	5	6	7	8	9	10	11	15	16	18	19	20	22	24	25	27	28	29	
1	2	3	4	7	8	9	11	12	15	16	17	19	20	21	22	23	24	25	26	27	
0	1	2	3	4	5	6	7	8	9	11	13	14	17	18	22	23	24	25	27	28	
0	2	4	6	7	8	9	10	12	13	14	15	17	18	19	21	22	23	24	25	26	27	28	
1	2	3	6	8	9	10	11	13	15	16	18	19	20	22	23	24	25	26	28	29	
1	2	3	4	6	7	8	9	12	13	14	15	18	19	20	23	24	25	26	27	28	
2	3	4	6	7	8	12	13	15	16	17	18	19	21	22	23	24	25	26	28	29	
0	3	4	5	6	8	9	10	11	12	13	14	16	17	18	19	20	21	22	23	24	25	26	27	
0	2	3	4	5	6	7	8	9	10	11	13	14	15	16	17	18	19	20	22	23	26	27	28	
0	1	3	5	6	7	8	9	10	11	12	13	14	15	16	18	19	20	21	22	24	25	27	29	
1	6	7	8	12	13	14	15	16	17	18	19	20	21	22	24	25	26	27	28	29	
0	1	3	5	6	7	8	9	10	11	12	13	14	17	18	19	20	21	23	25	26	27	28	29	
0	1	2	3	7	8	9	10	11	12	13	14	15	17	18	21	22	23	25	26	27	28	29	
1	2	3	4	5	7	10	12	13	14	15	16	17	18	19	20	21	22	24	25	26	28	29	
0	2	4	5	6	7	8	10	11	15	16	17	18	20	21	22	23	24	27	28	29	
2	3	4	5	7	10	11	12	14	16	17	18	19	21	22	23	24	25	26	27	28	29	
3	4	5	6	7	9	10	11	13	14	15	16	17	20	21	23	24	25	26	27	29	
0	1	2	3	4	5	8	9	10	12	13	15	16	19	22	23	24	25	26	27	28	
0	1	2	6	7	8	9	10	11	12	13	14	15	17	18	19	20	21	22	23	24	25	28	
0	1	3	4	5	7	8	9	10	11	12	13	14	15	16	18	19	20	23	26	27	28	29	
1	3	4	5	7	8	10	11	12	13	14	16	17	18	19	24	25	26	27	28	29	
0	1	3	4	5	6	7	9	11	14	15	16	17	18	20	22	23	24	25	27	28	
0	1	2	4	6	7	8	9	11	12	14	15	16	17	18	19	20	21	22	24	25	28	
2	5	6	9	10	12	13	14	16	17	18	19	20	21	22	23	25	26	27	28	29	
1	2	4	5	6	7	10	12	13	14	16	17	18	19	21	22	23	24	25	26	27	28	
1	2	3	4	6	7	8	9	11	12	13	14	16	17	18	19	20	21	22	23	25	26	28	29	
0	1	2	3	4	5	7	8	9	10	12	13	14	15	16	17	18	21	22	23	25	26	27	
0	1	2	3	5	6	8	9	10	11	12	13	15	16	17	18	20	21	23	25	26	27	29	
0	1	3	4	5	6	7	8	10	11	12	14	17	19	21	22	23	25	26	27	28	29	
0	1	3	4	5	6	7	9	10	11	12	13	17	18	19	20	21	23	24	25	26	27	28	29	
0	1	2	3	4	7	10	11	12	13	15	17	18	19	20	21	25	26	27	28	29	
0	2	3	5	6	9	10	11	12	13	14	15	16	17	18	22	23	24	25	26	27	28	29	
0	2	5	6	8	11	12	13	14	15	17	18	19	20	21	22	23	24	25	26	28	
1	3	4	5	6	7	8	9	10	11	12	13	14	15	16	17	18	20	21	23	25	26	27	29	
0	1	2	3	5	7	8	10	12	13	14	16	17	19	20	21	22	23	24	25	26	27	28	
0	1	2	3	6	7	11	12	13	15	16	17	18	19	20	23	24	25	27	28	29	
0	1	2	3	4	5	6	7	9	10	11	13	15	16	17	19	21	22	23	26	27	29	
0	1	2	3	4	5	7	8	10	13	14	15	16	17	18	19	20	21	22	23	25	27	28	29	
0	1	4	5	6	8	9	10	11	12	13	14	15	16	17	18	19	20	21	22	26	27	28	29	
0	1	2	4	5	7	9	10	11	12	13	14	15	16	17	18	19	20	21	22	23	24	27	29	
3	4	5	6	9	11	12	13	14	15	16	18	19	20	22	23	24	25	26	27	28	29	
0	2	3	4	6	7	8	9	11	14	15	16	17	18	19	20	22	23	24	26	27	28	29	
0	2	3	5	6	7	8	10	11	12	13	14	15	16	17	19	20	22	24	25	28	29	
2	3	4	6	7	8	10	12	13	14	15	16	17	18	20	21	22	23	25	26	27	28	29	
0	2	3	5	6	7	9	10	11	12	13	14	15	17	18	20	21	23	25	26	29	
0	1	2	3	4	7	8	10	11	13	14	15	16	17	18	19	20	21	23	24	26	27	28	29	
0	1	2	3	4	7	10	11	12	13	14	15	16	17	18	19	20	23	24	25	26	27	28	29	
1	2	3	4	6	8	9	10	11	12	13	14	15	17	19	20	21	22	23	24	25	26	27	28	
0	1	2	4	5	6	7	8	9	10	12	13	14	15	16	17	18	19	22	23	24	25	27	28	
1	2	4	5	6	7	10	11	13	14	15	16	17	18	19	21	22	23	25	28	29	
0	1	2	3	5	6	7	10	11	12	15	16	17	18	19	21	22	23	24	25	26	27	28	29	
0	1	2	3	4	5	7	8	9	10	11	13	14	16	18	19	20	22	23	27	28	29	
0	1	2	3	4	6	8	9	11	12	14	15	16	17	18	19	21	22	23	24	26	28	29	
1	3	5	6	7	9	10	12	14	17	18	19	20	21	22	23	24	25	26	27	28	29	
0	1	2	5	6	7	9	12	14	15	16	17	18	19	20	21	22	24	26	27	28	29	
0	1	2	3	5	6	7	9	10	12	13	14	16	17	19	20	21	24	25	26	27	28	29	
0	1	2	3	4	5	6	7	9	12	13	15	17	18	19	20	22	23	25	26	27	28	
2	3	4	5	6	7	8	9	10	12	13	14	15	16	17	18	19	20	21	22	26	27	28	29	
1	2	3	5	6	7	8	9	10	11	12	13	14	16	17	18	21	22	23	24	27	28	29	
0	1	2	3	4	7	8	10	12	13	14	15	16	17	18	20	21	22	23	25	26	27	28	29	
0	1	2	3	4	5	7	8	9	11	12	13	14	16	17	18	21	23	25	27	28	29	
0	1	2	3	4	6	7	8	9	11	15	16	17	18	19	21	22	23	24	26	28	29	
0	1	2	3	5	10	11	14	15	16	17	18	19	20	21	23	24	25	26	28	29	
0	2	3	4	5	7	9	10	11	12	13	14	15	16	17	20	21	23	24	26	27	29	
0	1	2	4	5	6	7	9	11	12	13	16	17	18	19	21	22	26	27	28	29	
0	1	3	4	5	8	9	10	12	13	17	18	19	21	22	23	24	25	26	27	28	29	
0	1	2	3	4	6	7	8	9	10	11	12	13	14	15	16	19	21	22	23	25	27	28	29	
0	1	2	4	5	7	8	10	11	12	13	14	15	17	18	19	21	22	23	24	25	29	
0	1	4	5	7	8	9	10	11	12	13	14	15	16	18	19	20	21	22	23	24	26	
0	1	3	6	8	9	10	11	13	14	15	16	18	19	20	23	24	26	27	28	29	
0	1	2	3	5	6	7	10	11	12	13	14	16	20	22	23	24	25	26	27	28	29	
0	2	5	6	7	9	10	11	12	14	16	19	20	21	22	24	25	26	27	28	29	
0	1	3	6	7	8	9	11	12	13	14	15	17	18	19	20	22	25	26	27	29	
0	1	3	4	5	6	8	9	11	12	14	16	18	21	22	23	24	26	27	28	29	
0	2	3	4	5	7	8	9	11	13	14	16	17	18	20	22	23	24	25	27	29	
0	1	2	4	5	6	7	8	9	11	12	13	14	15	16	17	19	20	22	24	25	27	28	29	
0	1	2	4	5	6	7	8	9	10	12	13	15	18	19	20	21	22	23	24	27	28	29	
1	2	3	6	7	8	9	11	12	13	14	15	16	17	19	20	21	22	23	24	25	26	29	
1	2	3	4	5	6	8	9	10	11	13	14	15	16	17	18	20	21	22	23	24	26	29	
0	1	2	3	4	6	7	8	9	11	14	16	19	20	21	22	23	24	25	26	27	28	29	
0	1	2	3	4	5	6	7	8	10	11	12	13	14	15	16	17	18	19	21	22	25	27	29	
0	2	3	4	6	7	8	9	10	11	12	15	16	17	18	19	20	23	24	25	26	27	28	29	
0	1	3	4	5	6	7	8	9	10	12	13	14	15	17	19	20	22	23	25	26	27	28	29	
0	1	3	4	5	6	7	8	9	10	11	12	13	16	17	18	20	23	24	25	26	28	29	
0	3	4	7	8	9	10	11	12	13	14	15	16	17	18	19	20	21	23	24	25	26	27	28	
0	1	2	3	4	5	9	11	12	13	14	16	17	18	19	20	22	23	25	26	27	28	29	
0	1	2	3	4	5	6	7	12	13	14	15	16	17	18	19	20	21	23	25	28	29	
1	2	3	5	6	7	8	9	10	11	14	15	17	18	19	20	23	25	26	27	28	29	
0	1	2	5	6	7	9	10	11	12	13	14	15	16	17	18	20	21	23	24	25	26	27	29	
0	1	2	4	6	8	9	10	11	12	13	14	15	16	17	18	19	20	22	24	25	27	28	29	
0	1	2	3	4	5	6	8	9	10	11	12	14	15	16	18	19	20	21	23	25	27	28	
0	1	3	4	6	7	8	9	10	11	12	13	15	16	18	19	20	21	22	23	24	25	26	27	
0	2	3	5	6	7	8	9	10	13	14	15	18	19	20	21	22	23	24	25	26	27	28	
0	1	2	3	4	5	6	8	9	10	13	15	16	17	18	19	21	22	24	25	26	27	28	29	
0	1	2	3	4	5	6	7	8	11	12	13	14	16	18	19	20	21	22	24	26	27	
0	1	2	3	4	5	6	7	11	13	14	15	16	17	18	20	21	22	23	28	29	
0	2	3	4	6	8	9	10	11	16	17	18	19	21	22	23	24	25	26	27	28	29	
0	2	3	4	5	6	7	8	9	10	13	14	16	17	18	19	20	21	22	23	26	28	29	
0	1	2	3	5	6	9	10	11	12	14	15	16	17	18	20	22	23	25	26	29	
0	1	5	6	7	8	11	12	13	16	17	18	19	20	21	22	23	24	26	27	28	29	
3	4	6	8	9	10	12	13	14	15	16	17	18	20	21	22	23	24	26	27	28	29	
1	3	4	5	6	8	9	10	11	13	14	15	17	18	19	21	22	25	26	28	29	
0	1	2	3	4	5	6	7	8	9	10	11	14	15	17	18	19	20	21	22	25	26	27	29	
0	1	3	4	5	6	7	8	10	11	12	14	15	17	18	19	20	22	23	24	25	26	27	29	
2	3	4	5	6	7	9	11	12	14	15	16	17	18	19	20	21	22	23	24	25	29	
0	1	3	7	9	10	11	12	13	15	16	17	18	19	21	22	23	24	25	26	27	28	29	
0	1	3	4	5	7	8	9	11	12	13	14	16	18	20	21	22	25	26	27	29	
0	1	2	3	4	5	6	7	10	12	14	15	16	17	20	21	22	23	24	25	26	27	28	29	
1	3	4	5	6	7	8	9	10	11	13	14	16	17	18	19	21	22	23	25	26	27	29	
0	1	3	5	6	7	10	11	12	14	16	17	18	20	22	23	24	25	26	28	29	
1	3	6	8	9	10	11	12	13	14	15	17	18	20	21	22	23	25	26	27	28	29	
0	1	2	3	4	5	8	10	11	12	13	14	15	16	17	18	19	20	21	22	23	27	29	
0	1	2	4	5	6	7	8	9	10	11	12	14	15	16	18	19	20	21	22	23	29	
0	1	3	4	5	6	7	8	10	11	13	14	15	16	18	19	20	21	23	24	25	26	28	29	
0	2	5	6	7	8	9	10	11	12	13	14	15	16	17	18	21	22	23	26	29	
0	1	2	3	4	5	6	7	8	10	12	13	14	15	16	17	18	19	20	21	26	27	28	29	
0	1	2	3	4	6	8	9	10	11	13	14	15	16	17	20	21	22	23	24	26	27	28	29	
0	1	3	4	5	6	8	9	11	14	15	16	17	18	19	20	21	22	23	24	25	27	28	29	
0	1	2	3	4	5	7	9	11	14	15	16	17	18	19	20	21	22	24	25	26	27	28	29	
3	4	5	6	7	8	9	10	11	12	13	14	15	16	17	18	19	20	21	23	24	26	27	
1	2	4	5	6	8	9	11	12	14	15	16	17	18	20	21	22	23	24	25	26	27	28	
0	2	4	5	6	7	8	11	13	14	16	18	19	20	21	22	23	24	25	26	27	29	
2	3	4	6	7	8	9	10	11	13	14	15	16	17	18	19	21	22	23	24	26	27	28	
0	1	4	5	6	8	10	11	12	13	14	15	16	17	19	21	22	24	25	27	28	29	
1	3	4	5	6	7	8	9	11	12	14	16	18	21	22	23	24	25	26	28	29	
0	1	2	3	4	5	9	10	11	14	15	16	18	19	20	21	22	23	24	25	26	28	29	
0	1	2	3	4	5	6	7	8	9	10	12	13	14	15	16	18	20	21	22	24	25	26	27	
0	1	2	3	4	5	6	9	11	13	14	16	17	18	19	20	21	22	24	25	26	27	29	
0	1	2	3	5	6	8	9	10	11	12	13	14	16	17	19	20	21	22	23	26	27	29	
0	2	3	4	6	8	10	11	12	13	14	16	17	19	20	21	22	23	25	27	28	29	
0	1	2	3	4	5	7	8	9	10	12	14	16	17	18	19	20	21	22	24	28	
0	1	2	3	4	6	7	8	9	10	11	12	13	16	17	18	19	20	21	23	25	26	29	
1	3	4	5	6	7	8	9	10	11	12	13	15	16	18	20	22	23	24	25	26	27	28	29	
0	1	3	5	6	7	8	9	10	11	14	16	19	20	21	22	23	24	25	26	27	28	29	
2	3	4	5	7	8	9	10	11	12	13	15	16	17	19	20	21	22	23	24	25	27	29	
0	1	2	3	4	5	6	7	8	9	10	12	17	19	20	22	23	24	26	28	29	
0	1	2	3	4	5	6	7	9	10	11	12	13	15	17	18	19	20	22	23	25	26	27	29	
0	1	3	4	7	8	9	10	12	14	15	16	17	18	20	22	23	24	25	26	27	28	
1	2	3	5	6	7	8	10	11	12	14	16	17	19	20	22	24	25	26	27	28	29	
0	1	2	3	4	5	8	9	11	12	13	15	16	17	18	19	21	24	25	26	29	
0	1	3	4	5	6	7	8	10	13	16	17	18	21	22	23	24	25	26	27	29	
0	1	3	4	6	8	9	10	13	14	15	16	17	18	19	22	23	24	25	26	27	28	
0	1	4	5	6	7	9	11	12	14	15	18	19	20	21	22	23	25	26	27	28	29	
0	1	2	3	4	5	6	7	8	9	10	11	12	14	15	16	19	20	22	24	25	26	27	29	
0	1	3	4	6	7	8	11	14	15	16	17	18	19	20	21	24	25	26	27	28	29	
1	3	4	5	6	7	8	9	10	11	12	13	16	17	18	19	20	21	22	23	24	26	28	29	
1	2	4	6	7	9	10	11	12	13	16	20	21	22	23	24	25	26	27	28	29	
2	3	4	5	6	7	8	9	10	11	12	13	14	15	17	18	22	23	25	26	28	29	
0	2	3	4	5	6	7	8	9	10	12	13	15	17	18	19	20	23	24	25	26	27	29	
0	3	6	8	10	11	12	13	14	15	16	17	18	19	21	22	23	24	25	27	28	29	
0	5	6	7	8	10	11	12	13	14	15	16	17	18	20	21	22	23	24	27	28	29	
0	1	2	3	5	6	7	9	10	12	13	14	15	18	19	20	21	22	23	26	29	
1	4	5	6	7	8	9	10	12	13	14	15	17	18	19	20	21	22	23	24	26	27	28	29	
0	1	2	3	4	5	7	8	9	10	11	12	13	14	15	17	20	22	24	25	26	27	28	29	
0	2	3	4	5	8	11	12	13	14	15	17	18	19	20	21	22	23	24	25	26	28	29	
0	1	2	5	7	8	9	10	11	13	14	15	16	17	19	21	22	23	24	25	26	27	28	29	
1	2	3	5	8	9	10	11	12	13	14	16	17	18	19	20	21	23	25	28	29	
0	1	2	3	4	5	7	9	10	11	12	13	14	16	17	18	19	20	23	24	25	26	27	28	
0	1	2	3	4	6	7	9	10	11	12	13	14	15	16	17	19	20	21	23	25	26	28	
0	2	4	6	7	9	10	11	12	14	15	16	17	18	19	20	21	22	23	25	26	27	28	29	
0	2	5	7	9	10	11	12	14	15	17	18	19	20	21	22	24	25	26	27	28	
0	2	3	4	5	6	8	10	11	12	13	15	17	20	21	23	24	25	27	28	29	
1	3	4	5	6	9	10	11	12	13	14	15	16	17	18	20	22	23	24	25	26	27	29	
0	4	5	6	8	9	10	11	13	14	15	16	17	18	20	22	23	24	26	27	29	
0	2	4	5	6	7	8	9	10	12	13	15	17	19	20	21	22	23	24	25	27	28	29	
0	1	2	3	4	5	6	8	10	11	12	13	15	17	18	20	21	22	23	25	27	28	29	
1	2	3	4	6	7	8	9	10	11	14	15	19	20	21	22	24	25	27	28	29	
0	1	2	4	5	6	7	8	9	13	14	15	17	18	19	21	22	23	24	25	27	28	
0	1	2	3	4	6	7	8	9	10	13	14	16	17	18	19	20	22	23	24	25	27	28	29	
0	2	3	4	5	6	7	8	9	10	12	13	14	17	18	19	20	21	22	24	26	27	29	
0	2	3	5	6	7	9	10	11	12	13	14	16	17	18	19	21	22	23	25	26	28	29	
0	2	3	4	5	7	9	10	13	14	15	16	18	19	20	21	22	24	26	28	29	
0	2	4	6	7	8	10	12	13	14	15	17	18	19	20	21	22	23	26	27	29	
0	1	2	3	4	6	10	11	12	13	14	15	17	18	19	21	22	23	24	25	27	28	
1	2	3	4	5	6	7	8	9	10	11	12	13	15	16	17	18	19	20	21	23	24	25	27	
0	2	4	5	6	7	9	10	11	12	13	14	15	16	17	20	21	23	26	28	29	
2	3	4	5	6	7	8	9	10	11	12	14	16	17	18	19	20	21	22	23	24	25	29	
0	1	2	3	4	6	7	8	9	10	11	12	13	14	15	16	18	19	20	21	23	25	27	29	
0	1	2	4	5	6	8	9	10	11	12	13	15	16	17	18	20	26	27	28	29	
0	1	2	5	6	8	9	10	12	13	14	15	16	18	19	20	22	24	25	26	28	29	
2	3	4	5	6	7	8	10	11	12	13	14	16	17	18	19	20	21	23	24	25	26	29	
0	2	5	8	9	10	11	13	14	15	16	17	18	19	20	21	23	24	25	28	29	
0	2	3	5	6	7	8	9	10	11	12	13	14	15	16	17	19	21	22	25	26	27	
0	1	2	4	5	6	7	8	9	10	11	13	14	15	16	19	20	22	23	24	25	26	29	
0	1	4	5	6	7	9	11	12	13	14	15	16	17	18	22	23	24	25	26	27	28	29	
0	1	2	3	5	6	7	8	9	11	14	15	17	18	19	20	21	23	24	25	26	29	
0	2	4	5	6	7	8	9	10	12	13	14	15	16	17	18	19	20	21	22	26	27	28	29	
2	3	4	5	6	8	10	11	12	13	14	15	16	17	18	19	20	23	24	26	28	
0	1	3	4	6	7	8	9	10	11	12	13	15	16	17	18	20	21	22	23	25	26	28	29	
1	2	3	5	6	7	9	10	11	12	15	16	17	20	21	22	24	25	26	27	28	29	
1	2	3	4	5	6	7	8	9	10	12	14	16	17	18	19	20	21	22	23	24	25	26	29	
0	1	2	3	4	5	6	8	9	10	12	15	16	17	19	21	22	23	24	26	27	28	
0	1	2	3	4	5	7	8	9	10	11	12	13	14	16	21	22	23	25	26	28	29	
0	1	2	3	4	5	6	7	8	10	11	12	13	14	15	16	17	18	20	21	26	27	28	29	
0	1	2	3	4	5	6	7	8	9	10	11	12	13	14	16	17	18	19	21	22	23	24	25	
0	1	2	5	6	7	8	9	10	11	12	14	15	19	20	23	24	25	26	27	28	
1	2	3	4	6	7	8	9	10	12	14	15	16	17	19	20	21	22	23	25	26	27	28	
1	2	3	4	5	8	9	10	11	12	13	14	15	17	18	19	20	23	24	25	26	27	29	
1	2	4	5	7	8	9	10	12	13	14	15	16	17	19	20	21	22	23	24	27	28	
0	4	5	6	7	8	9	10	11	13	14	15	16	17	18	19	21	22	23	25	26	27	28	29	
0	2	3	4	5	6	7	8	9	11	12	13	14	15	16	17	18	20	22	24	26	27	28	29	
0	1	2	4	5	6	7	9	10	11	13	14	16	17	19	20	21	22	24	25	26	27	28	
0	2	3	4	7	8	10	11	12	14	15	17	18	19	21	22	23	24	25	26	28	29	
0	1	2	3	4	7	9	11	13	14	15	17	18	19	20	22	23	24	25	27	28	29	
3	4	5	6	7	8	9	11	12	13	14	15	16	17	18	19	23	24	25	26	28	
0	1	2	3	6	9	10	11	12	13	14	16	17	19	20	21	22	23	24	25	27	28	29	
1	2	3	4	5	6	7	9	10	11	12	14	15	16	17	18	19	21	23	24	26	27	29	
1	3	5	7	8	9	10	11	12	14	16	17	18	21	22	23	24	26	27	28	29	
0	1	3	4	5	6	7	9	11	13	15	16	17	19	20	22	23	24	25	27	28	29	
0	1	2	3	6	7	9	10	11	14	15	16	17	18	19	20	21	22	23	25	26	27	28	29	
0	2	3	5	8	9	11	12	13	15	16	17	18	19	20	21	23	24	25	26	29	
0	1	2	3	5	6	7	8	9	10	12	14	15	17	18	19	20	21	23	25	26	27	28	
0	1	2	3	4	6	8	9	10	11	12	14	15	16	18	22	23	24	25	26	27	28	29	
0	1	2	4	6	7	8	10	11	12	13	14	15	16	18	19	20	22	23	24	25	27	28	29	
0	1	2	3	4	6	7	8	10	11	12	14	15	16	17	20	22	24	25	26	28	29	
0	1	3	5	6	7	9	11	12	14	17	18	19	20	21	22	24	25	26	27	28	29	
1	3	5	6	7	8	9	10	11	13	14	15	16	18	19	21	22	23	24	25	26	29	
1	2	3	4	5	6	8	9	10	11	12	14	18	20	21	22	23	24	25	27	28	
0	3	4	6	7	10	11	13	14	15	16	17	18	19	20	21	23	24	26	27	28	
0	2	3	4	6	7	9	10	11	12	15	16	17	18	19	20	21	22	23	25	26	28	29	
0	1	2	3	4	5	6	8	9	12	14	15	16	17	21	22	23	24	25	26	28	29	
1	2	3	5	6	7	8	9	10	11	13	14	16	17	18	19	20	21	22	23	24	26	29	
0	1	2	3	4	5	6	8	10	13	14	15	16	17	18	19	20	21	23	24	25	26	29	
1	2	3	4	5	6	7	9	11	13	14	15	16	17	19	20	22	24	25	26	27	
0	2	3	4	5	6	7	8	9	10	11	13	14	16	17	18	20	21	22	23	26	27	28	29	
2	3	5	7	9	10	11	12	13	14	15	17	19	20	21	22	23	25	26	27	28	
0	2	4	5	6	7	8	11	12	13	14	15	16	17	18	19	20	22	23	24	25	26	27	29	
2	3	5	6	7	9	10	11	12	13	14	15	16	17	18	19	20	21	22	23	24	26	27	28	
0	2	3	4	6	9	10	11	12	13	14	16	18	19	20	22	23	24	25	27	28	29	
0	2	3	4	5	6	7	8	10	14	15	16	17	18	19	22	24	25	27	28	29	
1	2	3	4	6	8	10	11	13	14	15	17	18	19	20	21	22	23	24	25	26	27	28	29	
0	1	2	3	4	6	7	8	9	11	12	13	15	17	19	20	21	22	23	24	25	27	
0	1	2	4	5	6	10	11	12	13	14	15	16	17	20	22	23	25	26	28	29	
1	2	5	6	7	9	10	11	13	14	15	16	18	19	20	22	24	25	26	27	29	
0	1	4	5	6	7	8	9	10	12	14	16	17	18	20	21	22	24	27	28	29	
1	2	3	4	5	6	7	8	10	11	12	14	15	16	17	18	19	20	21	26	27	29	
0	1	2	3	4	7	10	11	13	14	15	16	17	18	19	20	22	23	24	25	26	27	28	
1	2	4	5	7	8	9	10	11	12	14	15	16	18	19	21	22	23	24	25	28	
0	1	3	4	7	8	11	12	13	14	16	18	19	20	21	22	23	24	25	26	27	28	29	
0	1	2	3	4	5	6	7	8	9	10	11	14	15	17	20	21	22	23	25	26	27	29	
0	1	2	4	6	7	8	9	11	12	13	15	16	19	20	21	22	23	25	26	28	
0	2	3	4	5	6	7	9	10	12	13	14	15	17	20	21	22	23	24	25	27	28	
0	3	4	5	6	7	8	9	10	11	12	16	17	18	19	22	23	24	25	26	27	28	29	
2	4	6	7	8	9	10	11	13	14	15	16	17	18	19	21	22	23	26	27	29	
0	1	2	3	4	5	6	7	8	10	12	14	15	16	18	19	20	21	22	23	24	27	28	29	
0	1	2	3	4	5	7	8	9	10	11	13	14	15	17	19	20	21	22	24	25	27	28	29	
1	3	4	7	8	10	12	13	14	17	18	19	21	22	23	24	25	26	27	28	29	
0	2	3	5	6	7	9	10	11	12	14	15	18	19	20	21	22	23	24	25	26	28	29	
0	1	2	3	4	5	6	7	9	11	12	13	14	16	17	20	21	22	23	24	27	28	29	
0	2	3	4	6	7	8	9	10	11	13	14	15	16	17	18	21	22	23	24	27	28	29	
0	5	6	8	9	10	11	12	13	14	15	17	18	19	20	21	22	26	27	28	29	
0	1	3	5	7	8	10	11	13	14	15	16	17	18	19	20	22	23	25	26	27	29	
0	1	2	3	4	5	6	7	8	9	11	13	14	16	17	18	21	22	24	25	27	29	
0	2	5	6	7	8	9	10	11	12	13	15	16	17	18	22	23	24	25	26	27	
0	1	2	4	5	6	7	8	9	11	15	16	17	18	19	20	21	23	24	25	26	28	29	
0	1	3	4	5	6	7	8	9	12	13	14	15	16	17	19	21	22	23	25	26	27	28	29	
0	1	2	3	7	8	9	11	12	18	19	20	21	22	23	24	25	26	27	28	29	
1	2	3	4	5	6	7	8	11	13	14	15	17	18	19	20	21	22	24	26	27	28	29	
0	1	2	3	6	7	8	9	11	12	13	14	16	17	18	19	20	22	24	25	26	27	28	29	
2	3	4	5	6	7	8	10	11	12	14	15	16	17	18	19	20	21	23	24	26	29	
1	2	4	5	6	7	8	9	12	13	15	16	17	18	19	20	21	23	24	27	28	29	
0	2	3	5	6	7	8	9	10	11	12	13	14	15	16	17	18	20	21	22	26	27	28	
0	1	2	3	4	5	8	9	14	15	16	17	20	21	23	24	25	26	27	28	29	
0	1	2	3	5	7	8	10	11	13	14	15	16	17	18	19	23	24	25	26	27	28	
0	2	3	4	5	6	7	8	9	10	13	16	17	19	21	22	23	24	25	26	27	29	
1	2	3	4	5	7	8	9	10	11	14	15	16	17	18	19	22	23	24	25	26	27	28	29	
0	1	3	4	5	7	8	10	11	12	13	16	17	18	19	20	21	22	23	24	25	26	27	28	
0	1	2	3	5	7	9	10	12	14	15	16	17	18	19	20	21	22	23	24	25	26	29	
0	1	2	3	4	6	8	9	11	13	17	18	19	20	21	22	23	24	27	28	29	
0	1	2	3	4	5	7	8	9	12	13	14	15	17	19	20	22	23	24	26	27	28	29	
0	1	2	3	4	6	8	9	10	11	12	14	15	16	18	19	20	21	23	24	26	27	28	29	
0	3	4	5	6	7	8	10	11	12	14	15	16	17	19	21	22	23	24	25	26	28	29	
1	4	5	6	7	8	9	10	11	13	14	15	16	17	19	22	23	24	25	26	27	28	29	
0	2	4	6	7	8	9	10	11	12	13	17	18	20	21	22	24	25	26	28	29	
0	3	4	5	7	8	9	11	12	15	16	17	18	20	22	23	24	25	26	27	28	29	
0	2	3	4	5	6	7	9	10	11	12	13	14	16	17	18	19	20	23	25	27	29	
0	1	3	4	5	7	8	10	11	12	14	15	16	17	19	24	25	26	27	28	29	
0	1	2	4	5	7	9	11	13	14	15	16	17	18	19	20	23	24	25	26	28	29	
0	1	2	3	5	6	8	9	10	12	14	16	17	19	20	21	22	23	24	25	27	29	
2	3	5	7	10	11	12	13	14	16	17	18	19	20	21	22	24	25	26	27	28	
0	1	2	4	6	7	8	9	10	11	12	13	14	15	17	18	19	22	24	26	28	29	
0	1	2	4	5	6	7	9	10	11	14	15	16	18	19	20	22	24	25	26	27	28	29	
0	1	2	3	4	6	8	9	10	11	12	14	15	16	18	20	21	22	23	24	25	26	27	29	
0	2	5	6	8	9	10	11	12	13	15	17	18	19	21	22	23	25	26	27	28	29	
1	3	5	6	8	9	10	11	13	14	15	16	17	18	19	20	21	22	24	25	26	29	
0	2	3	4	5	6	7	8	11	12	13	14	17	18	19	20	22	23	24	25	26	27	28	
1	3	4	5	6	8	10	11	13	14	15	16	17	19	20	21	22	23	24	25	27	
0	1	2	3	4	6	7	9	10	11	12	13	14	15	18	19	20	21	22	23	24	25	27	28	
0	2	3	4	6	7	8	10	11	13	14	15	16	17	18	19	21	22	24	25	26	27	28	
1	2	4	5	7	8	9	10	12	13	14	15	16	17	18	19	20	21	25	26	28	
0	1	3	4	7	8	9	10	11	12	13	14	15	17	19	20	21	22	23	24	26	27	
0	1	2	3	5	6	7	8	9	11	15	16	19	20	21	22	24	25	26	28	29	
0	1	2	3	5	7	8	9	10	11	12	13	14	16	19	21	23	24	25	26	27	28	29	
0	1	2	3	4	6	7	8	9	10	11	12	15	16	19	20	22	24	26	27	28	29	
0	3	4	5	6	7	8	9	10	11	12	15	17	19	20	21	22	23	24	26	28	
1	3	4	6	7	9	10	11	12	14	15	16	17	18	21	22	23	24	25	28	29	
0	1	2	3	4	5	6	7	10	12	13	14	17	18	19	21	23	24	25	26	27	28	29	
0	1	3	4	5	6	7	8	9	10	11	12	13	15	16	17	19	20	21	24	25	26	29	
0	1	2	3	4	8	10	11	13	14	15	16	18	20	21	22	24	26	27	28	29	
0	1	2	3	4	5	7	8	9	12	13	14	15	17	18	19	20	21	23	24	27	28	
0	1	2	3	8	9	10	11	12	13	14	15	18	19	20	21	22	23	24	25	26	27	28	29	
0	1	2	5	6	7	8	10	11	12	13	14	15	16	17	18	20	21	22	23	24	25	27	28	
0	2	3	5	6	9	11	12	13	14	15	16	17	18	19	21	22	23	24	25	26	27	28	
0	2	4	5	7	8	9	10	11	12	13	14	15	17	19	20	21	22	23	24	25	26	28	29	
1	2	4	6	7	8	10	11	12	13	14	15	18	20	21	22	23	24	25	26	27	28	29	
0	1	2	4	5	7	8	10	11	12	14	15	16	18	20	21	22	23	24	25	26	27	28	29	
1	3	4	5	6	7	8	9	10	11	14	15	17	19	20	21	22	23	24	25	26	27	28	29	
0	2	3	5	6	7	9	10	12	14	15	16	17	18	20	21	22	23	26	27	28	29	
0	2	3	4	6	7	8	9	10	11	12	13	14	15	16	17	19	20	23	24	25	27	28	29	
0	1	2	3	5	8	9	10	11	12	14	15	18	19	20	21	22	23	24	25	27	28	
0	1	3	4	5	6	7	8	9	10	11	12	14	15	16	17	18	19	20	21	22	23	24	26	
0	1	2	3	4	5	7	9	10	11	12	13	15	16	17	18	19	21	22	23	24	28	29	
1	3	4	6	8	9	10	11	14	15	16	17	18	19	20	22	23	24	25	26	27	29	
0	1	2	3	4	5	6	9	10	11	12	13	14	15	17	18	21	23	24	27	28	29	
0	1	2	3	4	5	6	7	8	11	13	14	16	17	18	20	21	22	23	26	27	28	29	
0	1	2	3	4	5	6	7	8	11	12	14	15	16	17	18	19	20	21	22	23	24	26	27	
0	1	3	4	5	7	8	9	10	11	13	14	15	16	18	19	21	23	25	26	28	29	
0	1	4	5	6	7	8	9	11	12	13	14	15	17	18	19	21	22	23	24	25	26	27	28	
0	3	4	6	7	8	9	11	13	14	15	16	17	18	19	20	21	22	25	26	28	29	
2	3	4	5	6	7	8	9	10	11	12	14	15	16	18	19	20	21	23	25	26	27	28	29	
0	1	2	3	4	5	6	7	8	9	10	12	13	14	15	17	18	23	24	25	26	27	28	29	
0	2	4	6	7	9	11	12	13	14	15	18	19	20	21	23	24	25	27	28	29	
1	2	3	5	6	7	8	10	11	13	14	15	16	17	18	21	22	23	24	26	27	
1	2	3	6	7	8	9	11	12	13	14	15	16	17	18	19	22	23	24	25	26	27	28	
0	2	3	4	5	7	8	9	11	12	13	16	17	18	20	21	24	25	26	28	29	
0	1	2	4	5	6	7	8	9	10	11	12	14	15	16	18	20	21	22	23	24	26	28	29	
1	2	3	4	5	6	7	9	10	11	13	14	16	17	18	19	20	21	22	25	26	27	28	29	
0	1	2	3	5	8	10	11	12	13	14	15	16	17	18	20	22	23	24	25	26	27	28	29	
0	1	2	3	6	8	9	10	12	13	14	15	16	17	18	19	20	21	24	25	26	29	
0	1	2	3	4	5	6	7	8	9	10	15	16	18	19	20	21	22	23	24	25	29	
0	2	4	5	6	7	8	10	12	13	14	15	16	18	19	20	21	22	23	24	25	27	28	29	
0	1	2	3	4	6	7	8	9	10	11	12	14	16	18	19	20	21	22	23	25	26	27	29	
0	1	2	3	4	7	9	10	11	12	13	15	18	19	20	21	22	23	24	25	26	28	
0	2	3	4	5	6	7	8	9	11	13	15	17	18	20	21	22	23	24	25	27	28	29	
0	1	2	3	4	6	8	9	10	12	13	15	16	18	19	21	22	23	25	26	27	28	29	
0	2	3	4	5	6	7	10	11	12	13	14	15	18	20	21	22	23	25	26	27	28	29	
0	1	2	3	4	7	8	9	10	12	14	15	18	19	20	21	22	23	25	26	27	
1	2	3	4	5	6	7	10	12	13	15	16	17	18	19	20	22	23	25	28	29	
1	3	4	5	6	7	9	10	11	14	15	17	18	19	20	21	23	24	26	27	28	
0	1	3	5	7	8	9	10	11	13	14	15	17	18	19	20	21	22	23	25	28	
0	1	2	4	6	7	8	9	10	13	14	17	18	19	21	22	23	24	25	26	28	29	
0	1	2	3	5	6	7	8	9	10	11	13	14	15	16	18	19	20	21	22	23	28	
1	2	3	4	7	8	9	11	12	13	14	15	16	17	18	19	20	21	22	25	26	29	
0	1	2	3	4	5	6	7	8	10	12	13	14	17	18	19	20	21	22	23	25	26	27	29	
1	3	4	5	6	7	8	9	11	12	14	15	16	17	20	21	22	23	24	27	28	29	
0	1	2	3	4	5	8	9	10	11	12	13	17	18	19	21	23	25	26	27	28	29	
0	1	2	3	4	6	8	9	11	12	13	15	16	19	20	21	24	25	26	27	28	29	
0	1	3	4	5	7	8	9	10	11	14	15	17	18	19	20	21	26	27	28	29	
0	1	2	3	4	5	7	9	11	12	13	14	16	17	18	19	20	21	22	24	25	26	27	28	
1	2	3	4	5	7	8	9	10	11	13	15	16	17	18	20	23	24	25	26	27	28	29	
0	2	3	5	7	8	9	10	11	13	14	15	16	18	19	21	22	24	26	27	28	29	
2	3	4	5	6	7	8	9	10	11	12	13	14	15	16	18	19	22	23	25	26	27	28	
0	1	3	4	5	6	7	8	9	10	12	14	15	16	19	22	23	25	26	27	28	29	
1	3	4	5	6	7	8	9	10	11	12	13	15	16	17	18	19	21	22	23	24	25	26	28	
0	2	3	4	5	6	7	9	10	11	12	13	16	18	20	21	22	23	24	25	27	28	
1	3	4	5	6	7	8	9	11	12	13	14	15	16	17	18	19	21	22	23	24	25	26	27	
1	2	3	4	6	7	8	9	10	11	12	13	15	16	17	18	19	25	26	27	28	29	
0	1	2	3	4	6	7	8	9	10	11	13	14	15	16	17	18	19	20	21	22	23	27	28	
1	2	3	5	6	8	9	10	11	12	13	14	15	16	17	18	19	20	23	24	27	28	29	
1	4	5	8	9	10	11	13	14	15	16	17	18	19	20	22	24	25	26	27	28	29	
0	1	2	3	4	5	6	7	10	11	15	16	17	18	19	20	22	23	24	26	27	28	29	
1	2	3	4	6	7	9	11	12	13	14	15	16	18	19	20	21	22	23	26	27	29	
0	1	2	4	5	6	7	8	10	11	12	14	15	16	17	18	19	20	21	22	24	26	27	29	
0	1	2	4	5	6	7	8	10	11	13	14	15	16	17	19	20	21	22	23	24	25	28	29	
2	5	6	7	8	9	12	13	14	15	16	17	19	21	22	23	24	25	26	28	29	
0	1	2	3	6	7	8	11	13	14	15	16	18	19	21	24	25	26	27	28	29	
0	2	3	4	5	6	7	8	9	10	12	13	14	15	16	17	19	20	21	22	24	26	27	29	
0	1	2	5	6	7	9	10	13	15	16	17	19	20	21	22	24	25	26	27	28	29	
1	2	3	4	5	7	8	10	11	13	14	15	16	17	18	19	20	21	24	26	27	28	
0	1	2	3	4	5	8	9	10	12	13	14	16	17	18	19	20	21	22	24	25	26	27	29	
0	3	4	6	7	8	10	12	13	15	16	18	19	20	21	22	23	24	25	27	28	
0	1	2	4	5	7	8	9	10	11	12	14	15	16	17	20	22	23	24	25	28	29	
0	1	2	4	5	6	8	11	12	13	14	15	16	17	19	20	21	22	23	25	26	28	
2	4	5	6	7	9	10	12	13	14	15	16	17	18	19	20	22	25	27	28	29	
0	1	2	3	4	5	6	7	10	12	13	14	16	17	19	21	22	25	26	28	29	
0	1	3	4	5	7	8	10	11	13	14	15	16	18	19	20	21	23	24	25	26	28	29	
0	1	4	6	7	8	9	10	12	13	15	16	17	18	20	23	24	25	26	27	28	29	
1	2	3	4	5	6	7	8	9	10	11	12	13	14	16	18	20	22	23	28	29	
0	1	2	3	4	5	6	7	8	10	11	12	13	14	15	16	17	18	19	23	24	26	27	29	
1	3	4	5	6	7	9	10	13	15	16	18	19	20	21	22	23	25	27	28	29	
0	2	3	4	5	6	7	8	9	10	11	14	15	18	19	20	21	24	25	26	27	28	29	
0	3	4	5	6	7	9	10	11	12	13	14	15	17	18	20	22	23	24	25	26	27	28	
0	1	4	5	6	8	9	10	13	14	15	16	18	19	20	22	23	25	26	27	28	29	
0	1	2	3	4	6	8	9	10	11	12	13	15	16	17	18	20	21	23	24	27	28	29	
0	1	2	4	8	9	11	12	13	14	16	17	19	20	21	22	23	24	26	27	28	29	
0	1	2	3	4	5	7	8	9	11	12	13	14	15	16	17	19	20	22	24	25	26	29	
2	3	4	5	6	7	8	9	10	11	12	13	14	15	17	18	20	21	23	25	26	27	28	
3	4	5	6	7	8	9	10	11	13	14	15	16	17	19	20	22	23	24	25	26	27	28	29	
0	1	2	3	4	5	7	8	9	10	11	15	17	18	20	21	23	24	25	27	28	
1	2	3	4	5	6	7	8	9	10	11	12	13	14	15	16	17	18	19	20	22	23	24	26	
0	1	3	5	6	7	8	9	10	12	13	14	17	18	19	20	22	23	24	25	27	28	29	
0	1	2	3	5	6	7	8	10	12	13	14	15	17	19	20	21	22	23	24	25	27	28	29	
0	1	3	4	5	7	8	10	11	12	14	16	18	19	21	23	24	25	26	27	28	
1	2	3	4	5	6	8	9	11	12	13	14	17	18	19	20	22	23	24	25	26	28	29	
0	1	2	3	5	7	8	11	12	13	15	16	17	19	20	22	23	24	25	26	27	28	
0	2	3	4	6	7	8	10	11	12	14	17	18	20	22	23	25	26	27	28	29	
0	2	4	5	6	9	10	11	12	13	14	16	17	18	19	21	22	23	24	27	29	
0	1	2	5	6	7	8	9	10	12	13	14	15	16	17	18	20	21	23	24	25	26	28	29	
1	2	3	4	5	7	8	9	10	11	13	15	16	18	19	20	22	23	24	26	28	29	
1	5	6	7	8	10	11	14	15	16	17	18	19	20	21	22	24	25	27	28	29	
0	1	2	3	4	5	6	8	9	10	11	12	13	14	17	19	21	23	24	25	26	27	28	29	
0	1	2	3	4	5	7	8	9	10	11	12	14	16	17	18	20	21	22	23	24	25	28	29	
0	2	3	4	6	8	9	10	11	12	13	15	16	18	19	21	22	23	24	25	27	28	29	
0	2	4	6	7	8	9	11	12	14	15	16	17	18	19	22	23	24	25	26	27	29	
0	2	3	4	5	6	7	9	10	11	12	13	14	15	16	17	18	20	22	23	24	25	28	29	
1	2	3	5	7	8	10	12	13	14	15	17	19	21	23	24	25	26	27	28	29	
0	1	2	3	4	5	6	7	8	9	11	13	14	17	19	20	21	22	23	25	26	27	28	29	
1	2	3	4	6	7	8	9	10	11	13	16	17	18	19	22	24	25	26	28	29	
0	1	2	4	5	6	7	8	10	11	12	13	15	17	19	20	23	24	25	26	28	29	
0	1	2	3	4	5	6	8	10	11	12	13	14	17	19	20	24	26	27	28	29	
2	5	6	7	8	9	10	11	12	13	15	16	17	18	19	20	21	22	23	26	27	28	29	
0	1	2	3	4	5	6	8	9	10	11	12	13	14	15	16	17	18	19	20	24	25	26	27	
0	1	2	4	5	6	7	8	10	12	14	15	16	17	18	19	21	23	24	25	27	28	29	
0	1	2	3	4	5	6	7	8	9	12	13	14	16	17	19	20	21	22	24	26	27	28	
0	1	3	5	7	10	11	12	13	14	15	18	19	20	21	22	23	24	25	26	27	28	29	
0	2	4	5	6	7	8	9	10	11	12	13	14	15	16	17	20	21	22	23	25	27	29	
0	1	2	3	4	5	7	8	11	12	15	16	17	18	20	21	22	23	25	28	29	
0	3	4	5	6	7	8	9	10	11	12	13	14	15	16	17	18	19	20	23	24	25	28	29	
0	1	4	6	7	9	10	11	12	13	14	17	18	19	20	21	22	24	25	26	27	
0	1	2	3	4	5	6	7	8	10	12	13	15	17	18	19	23	24	26	27	28	29	
0	2	3	4	5	6	7	8	9	10	11	13	14	15	16	17	19	21	22	24	29	
0	1	2	3	5	6	7	8	9	12	14	15	17	18	20	21	22	24	25	26	27	28	29	
0	1	2	3	5	6	7	8	11	14	16	18	19	20	21	22	25	26	27	28	29	
1	5	6	7	8	9	10	11	12	13	14	16	17	18	19	20	22	23	24	25	26	27	28	29	
0	3	4	5	6	8	9	10	11	12	13	14	17	18	19	20	21	22	25	26	28	29	
0	2	3	4	5	6	8	10	11	12	14	15	16	18	19	20	21	23	25	27	28	29	
0	1	2	3	4	6	8	9	10	11	12	13	16	18	19	20	22	23	24	25	26	28	
0	1	2	3	5	6	7	8	9	10	11	12	13	14	15	16	17	19	20	21	22	24	26	
0	1	3	5	7	9	10	11	12	13	14	15	17	18	19	20	21	22	23	25	26	29	
0	3	4	5	7	9	10	12	13	16	17	18	19	20	21	22	24	25	27	28	29	
0	1	2	3	4	5	6	8	9	10	14	15	16	17	18	19	20	24	25	27	28	29	
0	3	4	5	7	8	9	10	11	12	13	15	17	18	20	22	24	25	26	27	29	
0	1	3	4	7	8	9	10	11	13	15	16	18	19	20	21	22	23	24	26	27	28	29	
1	2	3	4	8	9	11	12	13	14	15	16	18	19	20	22	24	26	27	28	29	
0	2	3	4	5	6	7	10	11	13	14	15	16	17	19	20	21	23	24	25	26	27	28	29	
1	2	3	5	6	7	8	10	11	12	13	14	15	17	18	19	20	22	23	24	25	26	28	29	
1	2	4	6	8	9	11	12	13	14	15	17	18	19	20	22	25	26	27	28	29	
0	1	2	3	4	5	6	8	9	11	12	13	14	15	16	17	18	19	20	23	25	26	27	28	
0	1	3	4	5	6	8	9	10	11	13	15	16	17	18	20	21	23	24	25	26	27	28	29	
1	2	3	4	5	6	7	9	11	12	13	16	17	18	19	20	22	23	24	26	29	
0	1	2	3	4	6	7	9	10	11	12	13	15	17	18	19	21	22	23	24	27	28	29	
0	3	5	6	7	8	11	12	13	14	15	16	17	19	20	21	22	24	25	26	29	
1	2	3	4	6	7	8	9	10	11	14	15	16	18	19	20	21	22	23	24	26	27	28	29	
0	1	2	3	5	7	8	10	11	12	14	15	16	18	19	21	23	24	25	26	27	28	29	
0	4	5	6	7	8	10	11	12	13	14	15	18	19	20	21	24	25	27	28	29	
1	3	4	5	7	8	9	11	13	14	15	16	17	18	19	21	22	24	25	26	27	28	
1	3	8	9	10	13	14	15	16	17	18	19	20	21	22	23	24	26	27	28	29	
1	2	3	5	6	7	8	9	10	11	12	15	16	20	21	22	23	24	26	27	29	
0	1	2	3	4	5	6	7	8	9	11	12	13	15	17	18	20	21	22	23	24	25	26	28	
0	2	3	5	6	9	10	11	12	13	14	16	17	18	19	21	22	24	26	27	29	
0	3	4	5	6	7	8	9	10	11	12	13	14	17	18	20	21	22	23	24	26	27	28	29	
0	1	5	6	7	8	9	10	12	13	14	15	16	17	18	20	21	23	24	25	26	28	
0	1	2	3	4	6	10	11	12	13	14	15	16	19	20	22	23	24	25	26	27	29	
0	1	2	3	4	5	6	7	9	10	11	12	14	15	17	18	19	20	22	23	24	25	26	27	
2	3	4	5	6	8	9	10	11	12	13	14	15	16	17	19	20	21	22	23	25	26	28	29	
0	1	2	3	4	5	8	10	14	15	16	17	18	19	20	22	23	24	26	28	29	
0	1	2	3	4	5	9	10	11	12	13	14	15	17	18	20	21	22	23	24	27	28	
0	1	2	3	4	5	6	7	8	10	12	15	16	18	20	21	24	26	27	28	29	
0	1	3	4	5	7	8	9	11	12	13	14	15	18	19	21	22	23	24	25	26	27	28	29	
0	2	5	6	7	8	9	10	11	12	14	15	16	19	20	21	22	23	24	25	26	27	28	29	
1	2	3	4	5	6	7	8	9	10	12	13	14	16	18	20	21	22	23	24	25	27	29	
0	1	2	3	4	6	7	8	9	11	13	14	15	16	18	19	20	22	23	26	28	29	
0	1	2	3	4	5	6	7	9	11	12	14	15	17	18	19	20	22	24	26	28	29	
0	1	2	3	5	7	8	9	10	11	12	13	14	15	16	17	21	22	23	25	27	29	
0	1	3	4	5	6	7	8	9	11	13	14	15	16	17	18	19	20	21	23	24	26	27	29	
0	2	3	4	5	6	7	9	11	12	13	15	17	18	19	20	21	22	23	25	26	27	28	
0	2	3	4	5	6	7	8	9	12	13	14	15	17	18	19	20	21	23	24	25	26	28	29	
0	2	3	4	5	6	7	9	11	14	15	16	18	19	20	21	24	25	26	27	28	29	
0	1	2	3	4	5	6	7	8	9	10	11	12	13	15	17	19	20	23	24	26	27	28	29	
0	1	3	4	5	6	7	8	11	12	14	15	17	18	19	20	23	25	26	27	28	29	
0	1	3	4	5	6	7	8	9	10	13	15	17	18	19	21	22	24	25	27	28	
0	1	2	3	4	5	6	7	8	9	10	12	14	16	18	19	21	22	23	24	26	27	29	
0	1	2	3	4	5	7	8	9	10	12	16	18	19	20	22	24	25	26	27	28	29	
0	1	2	3	4	5	7	8	9	10	11	12	14	15	16	18	19	20	22	24	26	27	29	
3	4	5	6	7	8	9	10	11	12	13	14	15	18	20	21	22	25	27	28	29	
0	1	2	3	4	6	7	8	10	12	13	14	15	16	18	19	20	22	25	26	27	28	29	
1	2	3	4	5	6	7	8	9	10	11	14	15	16	17	20	22	23	24	27	28	
1	2	3	4	5	6	7	9	10	12	14	15	16	17	18	19	20	21	22	23	24	29	
0	1	2	3	4	5	6	9	10	11	12	13	14	15	16	18	21	22	23	24	26	27	28	29	
3	4	5	6	8	9	10	12	14	15	16	17	19	20	21	22	23	24	25	27	29	
0	1	2	3	5	6	8	9	11	12	14	15	16	19	22	23	24	25	26	27	29	
0	1	2	3	4	5	6	7	8	10	11	12	13	15	16	19	20	22	23	24	25	26	27	28	
2	3	4	5	6	7	8	9	10	12	13	15	16	18	19	20	21	22	23	24	26	28	29	
0	1	2	4	5	6	7	9	12	13	14	16	17	22	23	24	25	26	27	28	29	
1	2	4	6	7	8	9	10	11	12	14	15	16	17	19	20	21	22	23	24	25	28	29	
0	2	5	6	7	8	9	10	13	14	17	18	19	21	22	24	25	26	27	28	29	
1	4	5	6	7	8	9	10	11	12	13	14	16	17	18	19	20	21	22	23	24	25	26	28	
2	4	5	6	8	10	11	12	13	14	16	17	18	19	20	22	23	24	25	26	27	28	29	
0	2	4	8	9	10	11	13	16	17	18	19	20	21	22	23	24	25	27	28	29	
0	1	2	3	4	5	6	7	10	11	13	14	15	16	17	18	19	20	21	22	25	26	29	
1	2	4	5	7	8	9	10	12	13	14	15	16	18	19	20	21	22	23	25	26	27	29	
0	2	4	5	6	8	10	11	12	13	14	15	17	19	20	21	22	23	24	25	26	
0	1	2	3	5	6	7	8	9	10	13	15	16	17	18	20	21	22	23	24	26	27	29	
0	1	3	4	5	7	8	11	12	13	14	16	17	18	21	22	23	24	25	26	27	29	
0	1	3	4	5	6	7	9	10	12	13	14	16	19	20	21	23	24	25	27	28	
0	3	4	5	6	9	10	11	12	15	16	17	19	21	22	23	24	25	26	27	28	29	
1	3	5	6	7	8	9	10	11	12	13	14	15	16	17	18	21	22	23	24	26	28	29	
2	3	6	7	8	10	11	12	14	15	16	17	19	20	21	22	24	25	26	28	29	
0	1	2	4	5	6	8	9	10	11	12	13	16	17	18	19	20	21	22	24	25	26	28	
0	1	2	3	4	5	6	9	13	14	15	16	19	20	21	22	23	25	27	28	29	
0	1	3	4	5	6	7	8	9	10	11	13	17	18	19	20	21	22	23	24	25	26	28	29	
0	1	2	3	4	5	6	7	8	11	12	14	16	17	18	19	20	24	25	27	28	29	
1	3	4	5	6	7	8	9	10	11	12	13	14	16	18	19	20	21	22	24	25	27	
1	2	3	4	5	6	7	8	9	10	11	13	15	16	17	20	21	22	23	24	25	27	28	29	
3	4	6	7	8	9	11	12	13	14	16	17	18	19	20	21	22	23	27	28	29	
0	1	2	3	4	5	6	7	8	9	10	12	13	14	16	18	19	20	21	22	24	25	28	29	
1	2	4	5	6	10	11	12	14	15	16	17	18	19	20	21	22	24	25	27	28	
1	2	3	6	7	8	9	10	11	12	13	16	18	19	20	21	22	23	24	26	27	28	
1	4	6	9	10	11	12	13	14	16	17	18	19	20	21	22	24	26	27	28	29	
0	2	3	4	5	6	7	10	12	13	14	16	17	18	19	20	21	23	24	25	26	27	28	29	
0	1	3	6	7	8	10	11	12	13	15	16	18	19	20	21	23	25	26	27	28	29	
0	1	2	3	4	5	7	9	10	12	13	14	15	16	17	18	19	20	24	26	28	29	
0	1	3	4	5	6	8	9	10	11	12	13	14	16	17	18	19	20	23	24	25	26	28	29	
1	3	4	6	7	10	11	12	13	14	15	17	18	19	20	21	22	24	25	27	28	
0	1	2	3	4	6	7	9	11	12	13	15	16	17	18	19	20	21	24	26	27	29	
1	2	3	5	6	7	9	10	12	13	14	15	16	17	18	20	21	22	23	24	25	26	27	28	
0	1	2	3	4	5	6	8	10	11	12	16	18	19	20	22	23	24	25	26	28	29	
1	4	5	6	7	8	9	11	13	14	15	16	17	18	19	22	23	25	26	27	28	
2	3	4	5	6	7	8	9	11	12	14	15	17	18	19	20	23	24	25	26	27	29	
0	1	2	3	4	5	6	8	12	13	14	15	16	17	20	21	22	23	24	25	27	28	
0	1	2	4	8	9	10	11	14	15	16	17	18	19	20	21	23	24	25	26	27	29	
0	2	4	5	6	7	8	9	10	11	12	15	16	17	18	19	20	21	22	23	24	25	28	
1	2	3	4	5	6	7	8	9	10	11	12	14	15	16	17	21	23	25	28	29	
0	2	3	4	5	6	7	9	10	11	12	13	14	15	16	17	19	21	22	23	24	25	27	28	
0	1	3	5	6	7	11	12	13	14	15	17	18	19	20	22	24	25	26	27	28	29	
0	1	2	3	4	5	6	7	8	9	10	11	13	14	16	17	18	20	21	22	25	26	28	29	
0	2	3	4	6	7	9	10	13	14	15	19	20	21	22	23	24	25	26	28	29	
1	2	3	4	5	6	7	8	11	13	15	16	17	18	19	22	24	25	26	27	28	
0	2	4	6	7	8	9	10	11	12	13	14	15	16	17	19	20	21	22	23	25	26	27	29	
0	2	4	6	7	9	10	11	12	13	15	16	17	18	19	20	21	22	24	25	27	28	29	
0	2	3	4	6	7	8	9	11	13	17	18	19	20	21	23	24	25	26	27	28	29	
0	1	2	3	4	5	7	8	9	11	14	15	16	17	18	21	24	25	26	27	28	
0	1	2	5	6	7	8	9	11	12	15	16	17	19	20	21	22	23	27	28	29	
0	2	4	6	8	12	13	15	16	17	18	19	20	22	23	24	25	26	27	28	29	
0	1	3	6	7	9	11	12	13	15	16	17	18	19	20	21	22	23	24	25	26	27	28	29	
1	3	4	6	7	8	9	10	11	12	13	14	15	18	19	20	21	23	24	25	27	29	
0	1	2	3	4	6	9	10	11	13	14	15	16	17	18	19	20	22	23	25	26	27	29	
2	3	4	5	6	7	8	9	10	12	13	15	16	17	18	20	21	22	23	24	25	26	27	29	
0	1	2	3	4	5	6	7	8	10	11	12	13	14	18	19	20	21	24	26	28	
0	1	2	3	5	6	7	8	9	10	11	12	14	16	17	18	19	20	21	22	24	26	29	
0	2	3	4	6	7	9	10	11	13	14	16	17	18	20	21	23	24	25	26	27	28	29	
1	2	3	4	5	6	8	9	10	11	13	14	16	17	18	19	20	22	23	25	26	27	29	
0	1	2	3	4	6	8	9	12	13	14	15	17	18	19	20	21	22	23	25	26	27	29	
0	1	5	6	7	8	10	11	12	13	14	15	16	17	18	20	21	24	25	26	27	28	29	
0	1	2	5	6	7	8	10	11	12	14	15	17	18	19	20	21	24	25	26	27	28	29	
1	2	3	5	6	8	9	11	12	13	14	15	16	18	19	21	22	23	25	26	28	
0	1	4	5	6	7	10	11	12	13	14	15	16	19	20	22	24	25	26	27	28	
0	1	2	3	4	5	6	8	9	10	11	13	14	16	17	18	19	21	22	23	25	26	28	29	
0	1	2	4	6	7	8	9	11	12	13	14	15	16	18	20	22	23	24	25	26	27	29	
0	1	2	3	4	5	7	8	9	11	13	15	16	18	19	20	21	23	24	25	26	27	28	29	
0	1	2	3	4	5	6	8	10	11	13	14	15	16	17	18	19	21	22	23	25	26	29	
0	2	3	4	5	6	7	8	9	12	13	14	15	16	17	18	20	21	22	25	26	27	28	29	
0	1	3	4	6	7	8	9	11	12	13	14	15	17	18	19	21	22	23	24	25	26	27	28	
1	2	3	4	5	6	7	9	10	11	13	14	15	18	19	20	21	22	23	24	25	26	27	29	
2	4	6	7	8	9	10	11	12	13	15	16	17	18	19	21	22	24	25	26	28	29	
0	1	2	3	4	5	6	7	8	9	11	12	13	16	17	18	19	21	23	24	25	27	28	29	
0	1	3	4	5	6	7	8	9	10	11	13	14	15	16	18	19	20	21	22	23	25	28	29	
0	1	2	3	5	6	8	9	10	11	13	14	17	18	19	22	23	24	25	26	27	28	29	
0	1	2	3	4	6	7	8	10	11	12	13	14	15	16	18	20	21	22	23	24	28	29	
0	1	2	3	5	6	8	9	11	13	14	15	17	18	19	20	21	22	23	25	26	
0	1	2	3	5	6	10	11	14	15	16	17	18	19	20	21	22	23	24	27	29	
0	1	3	4	5	6	8	11	12	13	14	15	16	17	19	20	22	23	25	26	27	28	29	
2	3	4	5	6	7	8	9	10	12	14	15	18	19	21	22	23	24	26	27	28	
0	1	2	3	4	5	6	9	10	11	14	15	16	17	18	19	20	22	23	24	25	26	29	
0	1	3	4	5	6	7	8	9	10	12	14	18	19	20	21	22	24	25	26	28	29	
2	3	5	6	7	8	9	10	11	12	13	14	16	17	19	20	22	23	24	25	27	28	
0	4	5	6	7	8	9	10	11	12	13	14	15	18	19	22	23	25	26	27	28	29	
0	1	3	6	7	8	10	11	12	13	15	16	18	19	20	21	22	23	24	25	27	28	
0	1	2	3	5	6	7	8	10	11	13	16	18	19	20	21	22	23	24	25	26	27	28	
0	1	3	4	5	6	7	8	9	10	12	13	14	16	17	18	19	20	21	22	23	24	25	27	
0	1	2	4	5	6	8	9	11	12	15	18	19	21	22	23	24	26	27	28	29	
0	1	2	3	4	5	6	8	9	10	12	13	16	17	20	22	23	24	25	26	27	29	
0	1	2	3	4	5	8	9	12	13	14	15	16	18	19	20	21	22	23	24	25	28	29	
0	1	3	6	7	8	9	10	11	12	13	14	15	17	18	19	22	24	26	27	28	29	
0	1	3	4	5	6	7	8	9	11	14	15	16	18	19	20	21	22	23	25	26	27	28	29	
0	1	2	3	5	7	9	12	13	14	15	16	18	19	20	21	22	23	24	25	26	27	28	29	
2	3	4	5	7	8	9	10	12	14	15	16	18	19	20	22	23	24	26	27	28	29	
0	1	2	4	5	10	11	12	14	15	16	17	18	19	20	21	22	23	24	25	26	29	
0	1	2	3	4	5	6	8	11	12	13	15	16	17	18	19	20	21	22	23	25	26	28	29	
0	1	2	3	5	6	9	10	11	12	14	17	18	19	20	21	22	23	24	25	26	27	28	
0	1	2	4	6	7	8	10	11	12	14	15	17	19	20	21	22	23	24	25	26	27	28	29	
0	3	4	5	6	7	8	9	10	12	13	16	17	18	19	21	23	24	25	26	27	28	
0	2	3	4	5	6	7	8	9	10	11	12	13	14	15	18	20	22	23	24	25	26	
0	1	2	3	4	6	7	8	9	11	12	13	14	17	18	19	21	22	23	25	26	27	28	29	
0	2	4	5	6	8	9	10	11	12	13	15	17	18	19	20	22	23	24	25	26	27	28	
0	2	4	5	6	8	9	10	11	12	13	14	15	17	18	19	20	22	23	27	28	29	
0	1	3	5	6	9	10	12	13	14	15	18	19	20	21	22	23	24	25	26	28	
0	1	3	4	5	7	9	10	11	13	14	15	17	18	19	20	21	22	24	25	26	27	28	29	
0	1	2	4	7	8	9	10	11	12	13	14	15	16	17	18	19	21	23	25	26	
0	1	5	6	9	10	11	12	13	14	16	18	20	21	22	24	25	26	27	28	29	
2	3	4	5	7	8	10	11	12	14	15	16	17	18	20	21	22	23	24	25	27	28	29	
0	2	3	4	6	8	9	10	11	12	13	14	15	16	17	18	19	20	22	23	26	27	28	
0	2	4	6	8	9	10	11	12	13	14	15	16	17	18	19	20	22	23	24	25	26	27	29	
0	1	2	3	5	6	8	9	10	11	12	14	16	18	19	20	22	23	25	26	27	29	
0	1	2	4	5	7	8	10	12	13	15	16	17	19	20	21	22	23	24	25	27	28	29	
2	3	5	6	7	8	10	12	13	14	15	16	17	18	19	20	21	22	23	24	25	26	28	29	
0	1	2	3	6	7	8	9	10	12	15	16	18	19	20	21	22	23	24	25	26	27	28	29	
1	3	4	6	7	8	10	13	14	15	17	19	20	22	23	24	25	26	27	28	29	
0	1	2	3	4	5	7	8	9	10	11	12	13	16	18	19	20	23	24	25	26	27	28	29	
0	1	2	3	5	6	7	8	9	10	11	12	13	14	15	16	19	20	23	24	25	26	27	28	
0	1	3	5	8	9	10	11	12	13	14	15	16	17	18	19	21	22	23	25	26	27	28	29	
0	1	2	3	4	5	6	10	12	14	15	16	18	19	20	21	22	23	24	25	26	27	28	29	
0	2	3	4	5	6	7	8	9	10	11	12	13	14	15	16	19	20	22	23	26	27	29	
0	1	2	3	4	6	7	8	9	12	13	14	15	16	17	19	21	22	23	24	25	28	29	
0	1	2	3	4	5	8	9	10	11	13	14	17	18	19	20	21	24	26	27	28	29	
0	1	4	5	6	7	8	9	10	11	12	13	14	15	16	17	19	21	22	23	25	26	27	29	
0	3	4	5	7	8	9	10	11	12	13	14	15	16	18	21	22	23	24	25	26	29	
0	2	3	5	7	9	10	11	12	13	14	15	17	18	19	20	23	24	25	26	27	
0	1	2	3	4	6	7	10	11	14	15	16	17	18	20	21	22	23	24	26	27	28	29	
0	1	2	5	7	8	9	10	11	12	13	17	18	19	20	21	22	24	25	26	28	29	
0	1	2	3	4	5	6	9	10	12	13	16	17	19	21	22	23	24	25	27	29	
0	1	3	6	7	8	9	10	13	14	15	16	17	18	20	21	22	23	25	26	27	28	
0	1	2	3	4	5	7	8	10	11	12	15	17	18	19	20	22	23	24	25	26	27	28	
0	2	3	5	6	7	8	10	11	12	13	14	15	16	18	20	21	22	23	24	25	26	27	29	
0	1	2	4	5	6	7	11	12	13	14	15	16	18	19	21	22	23	24	26	27	28	29	
1	2	3	4	6	7	8	9	11	14	15	17	18	19	21	22	23	24	26	27	28	29	
0	1	3	4	5	7	13	14	15	16	17	18	19	20	22	23	24	25	27	28	29	
0	1	2	3	4	5	6	8	10	11	12	13	14	15	16	17	18	19	20	22	25	27	28	
0	1	2	4	5	6	7	8	9	12	16	17	18	19	20	21	22	23	24	25	26	27	28	29	
1	2	3	4	5	7	10	13	14	15	16	17	19	20	23	24	25	26	27	28	29	
1	3	4	5	6	7	8	9	12	13	15	17	18	19	20	21	22	24	25	26	27	
0	1	3	6	8	9	10	11	12	14	15	16	17	18	19	21	22	23	24	25	26	27	28	
0	3	4	6	7	8	10	11	12	13	15	16	17	20	21	22	23	25	26	27	29	
0	1	2	3	5	6	9	10	12	13	15	17	18	19	20	21	22	23	24	25	27	28	29	
0	2	3	4	5	6	7	8	9	10	11	13	14	17	18	24	25	26	27	28	29	
1	2	3	5	6	8	10	11	13	14	15	16	18	19	20	21	22	24	26	27	28	29	
0	1	2	3	5	6	8	11	12	13	15	16	18	19	20	21	22	23	24	25	26	28	
1	2	4	5	6	7	8	9	10	11	12	14	15	16	17	18	20	21	24	25	26	27	29	
0	2	4	6	7	8	9	10	11	12	13	15	16	17	19	20	21	23	25	26	29	
0	1	2	3	4	5	7	9	11	12	13	14	18	19	20	21	22	23	24	25	26	28	29	
0	2	3	4	5	6	7	10	11	12	14	15	16	17	18	20	21	22	23	24	26	27	29	
0	1	2	3	4	5	6	7	8	9	10	12	13	15	17	23	24	25	26	27	28	29	
0	1	2	3	4	5	6	7	8	9	13	14	17	18	19	22	23	25	26	27	28	29	
0	1	2	3	4	5	6	7	8	10	12	13	14	16	18	20	21	22	23	24	25	26	27	29	
0	1	3	4	5	6	7	8	9	10	11	13	14	15	17	18	21	24	25	27	29	
2	3	4	5	6	7	9	10	11	12	13	14	15	16	18	19	20	21	22	23	24	25	26	28	
0	3	4	5	6	8	9	10	11	12	13	14	15	16	18	19	21	22	23	24	25	26	27	29	
1	2	3	5	6	7	8	9	10	12	14	15	16	17	18	20	21	22	23	24	26	28	
2	4	5	6	7	8	9	10	11	12	13	14	15	16	18	19	20	24	25	26	27	29	
1	2	3	4	5	6	7	8	9	11	12	13	14	17	18	19	22	23	26	27	28	29	
1	2	3	4	6	8	9	10	12	13	14	15	17	19	20	21	22	24	25	27	28	
0	1	2	5	6	7	8	9	10	12	14	15	16	17	19	20	21	22	23	25	26	28	
0	1	2	3	6	7	8	12	13	14	15	16	18	19	20	21	23	24	25	26	28	29	
0	2	3	4	6	7	8	9	10	11	12	14	15	16	17	18	20	22	23	24	26	27	28	29	
0	1	2	4	5	6	8	10	11	12	13	14	15	16	19	21	22	23	24	25	26	27	29	
0	1	2	3	4	5	7	8	9	12	14	15	17	18	19	20	21	22	23	24	27	29	
1	2	3	4	5	6	7	13	14	15	16	17	18	19	20	21	22	23	24	25	27	28	29	
0	1	2	4	6	8	9	10	12	14	15	16	17	19	20	21	22	23	24	25	26	27	28	29	
0	2	4	5	6	8	10	11	12	13	14	18	19	20	21	22	23	24	25	26	27	28	
0	1	2	3	4	5	6	7	8	9	10	11	12	14	15	17	18	21	23	24	25	26	27	28	
0	1	2	3	4	5	6	7	9	12	14	15	17	18	19	20	22	23	24	25	26	27	28	29	
0	3	4	5	7	8	9	10	11	12	14	15	16	18	19	20	21	23	25	26	27	28	29	
0	1	2	5	6	7	8	9	11	14	15	16	17	18	19	21	23	24	25	26	27	28	29	
0	2	3	4	5	7	8	10	12	13	14	15	16	18	19	20	21	22	23	24	25	26	27	29	
0	3	4	5	6	8	9	10	11	12	13	14	16	17	19	20	21	23	24	25	26	27	28	29	
0	1	2	3	4	5	6	8	9	10	12	13	14	15	16	18	20	22	23	24	25	27	
0	1	2	4	5	6	7	9	10	11	12	13	14	15	16	17	18	19	20	23	24	25	27	29	
0	2	5	6	7	8	9	11	12	13	14	17	18	20	21	22	23	24	26	27	28	29	
0	1	2	3	4	6	10	11	12	14	15	17	18	19	20	21	23	24	25	26	28	
0	1	5	8	9	10	11	12	13	14	15	16	17	18	19	20	21	22	23	24	25	26	27	29	
0	1	2	3	4	6	7	8	9	10	11	13	16	17	19	23	25	26	27	28	29	
0	1	3	4	5	6	7	8	9	10	11	13	14	15	19	20	21	24	25	26	27	28	
0	1	2	3	4	6	7	8	9	10	11	12	13	14	15	16	18	19	20	21	25	26	27	29	
0	1	2	3	4	5	8	9	11	12	13	14	17	18	20	21	22	23	24	25	26	27	28	29	
0	1	3	4	5	6	7	8	10	11	13	14	15	17	18	19	20	21	22	26	27	28	29	
0	1	2	3	4	5	6	7	8	10	11	12	13	14	15	16	17	18	20	22	23	25	27	28	
0	1	2	3	4	5	7	8	9	10	11	13	14	15	16	17	20	21	22	23	24	26	27	28	
0	1	4	6	8	9	10	13	16	17	18	19	20	21	22	23	24	25	26	27	28	29	
0	1	2	3	4	5	6	7	8	9	10	15	16	17	19	20	22	23	25	28	29	
0	1	2	3	5	6	9	12	13	14	15	17	18	21	22	23	24	25	26	27	29	
1	2	3	4	5	7	8	9	10	12	13	14	17	19	21	22	23	25	27	28	29	
0	4	7	8	9	10	11	12	13	14	15	16	18	19	20	21	22	23	24	25	26	27	
3	4	5	6	7	8	9	10	11	12	13	14	15	16	17	18	19	20	23	25	26	27	28	29	
1	2	3	4	5	7	9	11	12	14	16	17	18	19	20	22	23	24	25	26	27	28	29	
0	1	3	4	5	6	7	8	9	10	11	13	14	15	16	17	18	19	21	22	23	24	26	29	
0	3	4	7	8	10	11	12	13	14	15	16	17	19	20	21	22	23	25	26	27	28	29	
0	2	3	4	7	9	10	11	12	13	14	15	16	17	18	21	22	23	25	26	28	29	
0	2	4	5	6	8	10	12	13	14	15	16	19	20	21	22	23	24	25	27	28	
0	1	2	3	4	5	7	9	10	11	12	13	14	15	17	18	19	20	23	24	25	27	29	
1	2	4	6	7	8	9	10	13	14	15	16	17	18	19	21	23	24	25	26	27	28	29	
0	2	3	4	5	6	8	9	10	12	15	16	17	19	22	23	24	25	27	28	29	
0	2	3	4	5	6	7	8	10	11	13	15	16	17	20	21	22	23	24	26	28	29	
0	1	2	3	4	5	6	7	8	9	12	14	15	17	18	19	21	22	23	24	25	26	27	29	
0	2	3	4	5	6	7	9	10	11	13	14	15	16	17	18	19	20	22	23	24	25	27	
2	3	4	5	6	7	8	9	10	11	13	14	16	17	18	20	21	23	24	25	27	29	
0	1	2	3	5	6	8	10	12	14	15	17	18	20	21	22	23	24	25	26	27	28	29	
0	1	2	3	4	5	9	10	11	12	13	14	15	16	17	19	20	21	22	24	25	28	
0	1	2	3	4	5	6	8	9	10	11	12	13	14	15	18	21	23	24	26	27	28	
0	1	2	4	6	7	8	9	10	11	13	14	16	17	18	19	20	22	23	24	25	26	27	
0	1	2	4	5	6	8	9	10	12	13	15	18	19	20	21	22	23	24	25	26	27	29	
1	2	3	4	5	6	7	9	10	11	12	14	15	16	18	19	20	22	23	24	25	27	28	
1	2	3	5	6	7	8	9	10	11	14	15	16	17	18	19	20	21	22	23	25	26	27	29	
0	1	2	3	5	6	7	8	9	11	12	13	17	18	20	21	22	24	25	26	27	28	29	
0	2	3	4	5	6	7	8	9	10	11	14	15	16	17	18	19	21	24	25	26	27	28	29	
0	1	2	3	4	5	6	8	10	11	12	14	16	17	18	19	20	22	23	24	25	27	28	29	
0	1	2	6	7	11	12	13	14	15	16	17	18	19	20	21	22	24	25	26	27	28	
0	2	4	6	8	9	10	11	12	13	14	17	18	19	20	21	23	24	25	27	29	
1	4	5	7	8	9	10	11	13	14	15	17	18	19	20	21	22	23	24	25	26	27	28	
0	1	2	3	4	7	8	9	11	13	14	17	19	20	21	22	24	25	26	27	28	29	
1	2	3	4	6	7	8	9	10	11	12	13	14	16	17	18	19	20	22	25	26	27	29	
0	1	3	5	6	7	8	9	10	11	13	14	15	16	18	19	20	21	23	26	27	28	29	
0	1	2	3	4	5	6	8	10	11	12	13	14	16	17	19	21	24	25	26	27	28	29	
0	1	5	6	7	8	9	10	11	13	14	15	16	18	20	22	23	24	26	27	29	
0	1	2	5	6	7	8	9	12	14	15	16	18	19	20	21	23	24	26	27	28	29	
2	3	5	6	7	8	10	11	12	13	14	15	16	17	18	19	22	23	24	25	26	27	28	29	
0	2	3	5	8	9	14	15	16	17	18	19	20	21	22	23	24	25	26	27	28	
0	2	3	4	5	6	7	8	10	11	12	13	14	15	16	17	18	21	22	23	27	28	29	
0	2	3	4	5	6	8	9	11	12	16	17	18	19	20	21	24	25	26	27	28	
0	2	3	4	5	6	7	8	9	10	11	12	13	16	19	20	21	22	23	24	26	27	28	29	
1	3	5	6	7	8	10	11	12	13	14	15	16	18	19	20	21	22	23	25	26	27	28	29	
0	2	3	4	5	6	7	8	9	10	13	16	19	20	21	22	23	25	26	27	28	29	
1	4	5	6	7	8	10	11	12	15	16	17	18	20	21	22	23	24	25	26	27	28	29	
1	4	5	7	8	9	10	11	13	14	15	17	18	19	20	21	22	23	25	26	27	28	29	
1	3	4	5	8	9	10	11	15	16	18	19	20	21	22	24	25	26	27	28	29	
1	3	4	7	9	10	11	12	13	14	15	18	20	21	22	23	24	26	27	28	29	
2	3	4	6	7	8	10	12	13	14	15	16	17	19	20	21	22	23	26	27	28	29	
0	1	2	3	4	5	6	7	10	11	12	14	15	16	17	18	19	20	21	22	26	28	
0	1	2	3	5	6	9	10	11	13	14	15	16	17	18	20	21	23	25	28	29	
0	1	2	3	4	5	8	10	12	13	15	16	19	20	21	22	23	24	25	27	28	29	
0	1	3	4	5	6	7	9	10	11	13	14	15	16	18	20	21	22	24	25	26	27	28	29	
0	2	5	6	7	8	9	10	11	12	13	14	15	17	18	19	20	21	25	26	27	28	29	
0	2	3	4	5	6	7	8	9	10	11	12	13	14	16	18	19	21	22	24	25	27	28	29	
0	2	3	4	5	6	7	8	9	11	12	13	14	16	17	19	20	21	23	24	26	27	28	29	
0	1	2	3	4	5	6	7	9	11	12	13	14	15	17	18	19	23	26	27	28	29	
0	1	2	3	4	5	9	10	11	12	13	14	16	17	19	22	23	24	25	26	27	28	29	
0	1	2	3	4	6	7	8	9	10	11	12	14	15	16	17	21	22	23	25	27	29	
0	1	2	3	7	8	9	11	12	13	14	16	17	18	20	21	22	24	25	26	28	
0	1	2	3	4	6	9	10	11	12	14	15	16	18	20	21	22	23	24	25	27	28	29	
2	3	4	7	8	9	11	12	13	14	15	16	17	18	22	23	24	25	26	27	28	29	
0	1	3	4	5	8	9	10	11	13	14	16	17	19	20	22	23	24	25	28	29	
1	2	3	4	7	9	10	12	13	14	16	17	18	19	20	21	22	23	24	25	28	29	
0	1	2	3	4	6	8	9	10	13	14	15	16	18	20	21	23	25	26	28	29	
0	2	3	5	6	8	9	11	12	13	15	16	17	18	19	20	21	23	24	26	27	28	29	
0	1	2	4	7	10	12	13	14	16	17	18	19	20	21	22	23	25	26	27	28	
0	1	2	3	5	6	8	9	11	12	13	14	15	16	17	18	19	21	23	24	25	26	27	28	
0	1	2	3	5	6	8	9	10	12	13	14	15	16	17	18	19	22	24	25	26	29	
0	1	2	3	4	5	6	7	8	9	10	11	12	13	14	18	20	21	22	23	24	25	26	28	
0	2	4	6	7	8	10	12	13	14	15	17	18	20	23	24	25	26	27	28	29	
1	2	3	4	5	7	8	10	11	12	13	15	18	20	21	22	23	24	26	28	29	
0	2	4	6	7	8	11	12	13	14	17	18	19	20	21	22	23	24	25	26	27	28	29	
0	2	3	5	6	9	10	14	15	16	17	18	19	20	21	22	23	24	25	26	27	28	29	
0	1	3	4	6	7	8	9	10	11	12	13	14	15	16	17	19	20	21	22	24	25	27	29	
0	2	4	5	7	8	9	10	11	12	13	14	15	16	17	18	20	21	22	23	24	25	27	28	
0	1	2	3	4	5	8	12	13	14	18	20	21	22	23	24	25	26	27	28	29	
0	1	2	3	5	8	9	10	11	12	14	15	16	18	19	20	21	25	26	28	29	
0	1	2	3	4	5	6	7	8	10	11	13	14	15	17	18	19	21	24	25	26	27	28	29	
0	2	3	6	8	9	11	12	13	14	15	16	17	18	19	20	21	22	23	24	26	27	28	29	
0	1	2	3	4	5	6	8	10	11	12	13	14	15	16	17	20	21	22	24	25	27	28	29	
0	1	2	4	7	8	9	10	11	12	13	14	15	16	17	19	20	22	24	25	26	27	28	29	
0	1	2	3	4	5	7	8	9	10	12	13	15	16	19	20	21	22	23	24	27	28	
0	1	2	3	4	7	8	9	10	11	12	13	15	16	18	19	21	23	24	25	26	27	29	
0	1	2	4	8	9	10	11	12	13	14	15	16	17	18	19	20	21	22	24	27	28	29	
0	1	3	4	5	6	7	8	9	10	11	12	14	15	18	19	20	21	22	23	24	28	29	
0	1	4	5	7	9	10	12	13	14	15	16	17	19	20	21	22	23	24	26	28	
0	1	3	4	6	7	8	9	12	13	14	15	16	17	18	21	22	23	25	26	27	28	29	
0	1	3	4	5	6	7	8	10	14	15	16	17	18	19	20	21	23	24	25	26	27	28	
0	2	6	8	9	10	11	12	13	14	15	16	17	18	19	20	21	22	24	25	27	28	
0	1	2	3	4	5	7	8	9	10	12	13	15	17	18	21	22	23	25	26	27	28	29	
0	1	2	3	4	6	7	8	9	10	12	14	16	17	18	19	20	21	22	24	25	26	27	29	
0	1	4	5	7	9	10	11	12	13	14	15	16	18	19	20	21	22	24	25	26	27	28	29	
0	1	2	3	4	5	8	9	10	11	12	13	17	18	19	20	21	24	25	28	29	
0	2	3	4	6	7	8	9	11	12	14	15	16	18	19	20	21	23	24	25	26	27	29	
1	2	3	5	6	7	9	10	11	12	13	14	16	20	21	22	23	24	27	28	29	
0	1	2	3	4	5	8	9	10	11	13	14	15	16	18	19	21	22	23	24	25	28	29	
0	1	3	4	5	7	8	9	10	11	13	14	16	17	19	20	21	22	23	24	25	26	27	29	
1	2	4	5	6	7	8	9	10	13	14	15	16	17	18	19	20	21	24	25	26	27	28	29	
0	1	2	3	4	5	6	10	11	12	13	15	16	17	18	21	22	23	24	26	27	28	29	
0	1	3	4	6	7	9	10	11	12	13	14	16	17	18	19	20	21	22	24	26	27	28	29	
0	1	2	3	4	5	6	7	8	9	10	12	15	16	17	18	19	20	21	23	24	26	27	
0	2	3	4	6	9	10	11	12	13	14	15	16	17	18	19	20	21	22	24	26	28	29	
1	2	3	4	5	6	7	9	10	11	12	13	14	15	17	20	21	24	25	26	29	
0	1	2	4	5	6	7	10	11	12	14	15	16	17	19	20	21	22	23	25	26	27	28	29	
0	2	3	4	5	9	10	11	12	13	14	16	17	18	19	20	21	22	23	24	25	27	28	29	
1	2	3	4	5	6	7	9	10	12	13	14	15	16	19	22	23	24	25	26	27	28	29	
0	1	2	3	4	5	6	7	8	9	10	11	12	13	16	17	20	21	22	23	24	26	27	28	
1	2	3	4	5	7	8	9	10	11	12	14	15	16	17	19	21	24	25	26	27	28	29	
0	1	2	3	4	5	6	9	10	11	12	14	15	17	18	19	20	21	22	23	24	28	29	
1	2	5	6	7	8	9	12	13	14	16	17	19	21	22	23	24	25	26	27	28	29	
0	1	2	3	4	5	6	7	8	9	10	11	12	13	14	16	20	21	22	25	28	29	
1	2	3	5	7	8	9	10	12	13	17	18	19	20	21	22	24	25	26	27	28	29	
0	1	3	4	5	7	8	10	11	13	14	15	16	17	18	19	20	21	23	24	25	26	27	28	
0	1	3	4	5	6	7	8	9	10	12	13	14	15	16	17	18	19	21	22	26	27	29	
0	2	4	5	6	8	9	10	12	13	14	15	16	17	18	19	20	22	23	24	26	27	28	
1	2	3	5	6	7	8	9	10	12	13	14	15	16	18	20	21	22	23	24	25	26	28	
0	1	3	4	6	8	9	10	11	12	13	14	15	17	18	19	21	23	25	26	27	
0	1	2	3	4	6	7	8	10	11	12	13	14	15	16	19	20	21	22	24	25	26	27	
2	3	6	8	9	10	12	13	14	15	16	17	18	19	20	22	24	26	27	28	29	
0	1	2	3	5	6	7	8	9	10	15	16	17	19	20	21	22	23	24	26	28	29	
0	1	2	3	5	7	9	10	11	12	13	14	15	16	17	18	19	21	22	23	24	25	27	28	
0	2	3	5	6	7	8	9	10	12	14	15	16	17	18	19	20	22	23	25	28	29	
0	2	3	4	5	6	7	10	11	12	17	18	19	21	22	23	24	26	27	28	29	
0	1	2	4	5	6	7	8	10	11	12	13	14	16	17	20	25	26	27	28	29	
0	1	2	5	6	7	8	10	11	12	15	16	17	18	19	20	21	23	25	26	27	28	
0	1	2	4	5	6	9	11	12	13	14	16	18	19	20	21	22	23	24	25	26	
0	1	2	3	4	6	8	9	10	12	13	14	15	16	17	20	22	23	25	27	29	
0	3	4	5	6	7	8	9	11	12	13	14	17	18	19	21	22	24	26	27	28	
0	1	2	5	6	7	8	11	13	14	15	16	17	18	19	20	21	22	23	25	27	28	29	
0	2	3	4	6	7	8	10	11	12	14	15	16	17	19	20	21	22	23	25	26	27	28	29	
0	1	2	3	4	5	7	8	9	10	11	12	14	15	16	18	19	20	22	23	25	26	27	29	
0	4	5	6	7	8	9	10	13	15	17	18	19	21	23	24	25	26	27	28	29	
0	1	2	4	5	7	8	9	11	12	14	15	17	18	19	20	21	22	23	24	25	27	28	29	
0	2	3	4	5	6	7	8	9	10	11	14	15	16	17	19	20	21	22	23	24	25	27	29	
0	2	3	4	8	9	10	11	16	17	18	19	21	22	23	24	25	26	27	28	29	
0	1	2	3	4	5	9	11	12	13	15	17	18	19	20	21	23	24	25	26	27	28	29	
0	1	2	3	4	5	8	9	11	13	14	16	17	18	19	21	22	23	24	25	26	
1	2	3	4	5	6	7	8	9	10	11	14	15	16	20	22	24	25	26	27	28	29	
1	2	3	4	5	8	10	11	13	15	16	17	18	19	20	21	22	23	24	28	29	
2	3	4	5	6	7	8	9	10	11	12	14	15	16	17	18	19	20	22	23	24	27	28	
0	2	3	4	5	6	7	9	10	11	12	13	14	15	18	19	21	22	23	24	25	26	27	29	
0	2	4	5	6	7	8	9	12	13	14	15	16	20	21	22	23	24	26	27	28	
1	3	4	6	7	8	9	10	11	13	14	15	16	17	18	19	20	21	23	24	26	27	28	29	
0	1	2	5	6	8	11	13	14	15	16	17	18	19	21	22	23	24	25	26	27	
0	1	2	3	5	6	8	10	11	12	16	17	19	20	21	22	23	25	26	27	28	29	
0	1	2	5	7	9	10	11	12	13	14	15	16	17	19	20	21	23	24	25	27	28	29	
0	2	3	4	5	8	9	10	12	13	14	15	17	18	19	20	22	23	24	25	26	27	
0	1	5	6	7	8	9	10	12	13	14	15	16	17	18	19	20	22	23	25	26	27	29	
0	1	2	3	4	5	7	8	9	10	11	12	13	15	17	18	20	23	24	25	26	28	29	
0	2	4	5	7	8	9	12	13	14	15	17	18	19	20	21	22	24	25	26	28	
0	2	3	4	5	6	8	9	10	11	12	14	15	17	18	19	21	22	23	25	26	27	
0	1	2	3	5	6	7	8	9	10	12	14	15	16	17	18	19	20	24	25	26	27	28	29	
0	1	2	3	4	5	6	7	8	10	11	12	13	14	15	16	18	20	21	22	24	25	28	29	
0	3	4	7	8	9	10	13	14	15	17	18	19	20	22	23	24	26	27	28	29	
0	1	3	4	6	7	9	10	13	15	16	17	18	19	20	21	22	23	24	25	26	27	29	
1	2	5	7	10	11	12	13	14	16	17	18	19	20	21	22	24	25	26	27	28	
0	3	4	5	7	8	9	10	11	12	13	14	15	16	19	20	21	22	23	24	25	27	28	29	
0	1	4	5	6	8	9	10	11	12	13	14	15	16	17	19	21	22	25	26	27	28	29	
0	1	2	3	4	6	7	8	10	12	13	14	15	17	19	21	22	23	25	27	28	
0	1	2	3	4	6	7	8	9	11	12	13	14	15	17	20	21	24	25	26	29	
0	1	6	7	8	9	10	13	15	16	17	18	19	20	21	22	24	25	26	27	28	
0	1	2	3	5	8	9	10	11	13	14	15	16	17	18	19	20	22	24	25	26	27	28	29	
0	2	3	5	6	8	11	12	13	14	16	17	18	19	21	22	23	24	25	26	27	28	
0	1	2	4	5	7	9	11	12	13	15	16	18	19	20	21	22	23	26	27	29	
0	1	2	3	4	5	6	8	9	13	14	15	16	17	18	19	20	22	23	24	25	26	28	29	
1	2	3	4	5	6	7	8	9	10	11	12	13	15	16	17	21	22	23	24	25	26	
1	2	3	4	5	6	7	9	10	14	15	17	19	20	21	22	23	24	26	27	28	29	
0	5	6	8	9	10	12	13	15	16	17	18	19	20	22	23	24	25	26	27	28	
0	1	2	4	5	6	7	8	9	10	11	12	13	14	15	16	17	19	21	22	23	26	27	29	
2	3	5	6	10	11	12	13	15	16	17	18	20	21	22	23	24	25	26	27	28	
0	1	2	3	5	6	7	8	9	11	12	13	15	17	18	20	23	24	25	26	27	28	
1	2	3	4	5	7	8	9	10	12	13	15	16	17	18	19	20	21	22	23	24	25	27	
1	2	3	4	5	6	8	9	12	13	14	15	16	17	18	20	21	22	23	24	25	26	27	29	
0	1	2	4	6	7	8	9	11	12	13	16	18	19	20	21	22	23	24	25	26	27	28	29	
1	2	3	4	5	7	9	10	11	12	13	14	15	16	17	18	20	21	24	25	26	27	28	29	
0	1	2	4	5	6	7	8	10	11	12	14	15	16	19	22	23	24	25	26	27	28	
0	2	3	4	5	6	7	8	9	10	11	14	15	17	18	19	20	21	22	24	26	27	28	29	
0	1	4	6	8	9	10	12	13	15	16	17	18	19	20	21	22	23	24	25	26	27	28	
2	3	4	5	7	8	9	10	12	13	14	15	17	18	20	21	22	24	26	28	29	
1	2	4	5	7	9	10	11	12	13	14	15	16	18	19	20	21	22	23	26	27	29	
0	1	3	4	5	7	9	10	11	12	13	14	16	18	19	20	21	22	23	24	27	29	
1	2	3	4	6	7	8	9	10	12	13	14	15	16	18	19	20	21	23	24	26	27	28	
1	2	3	4	5	8	10	11	12	14	15	16	17	19	20	21	22	25	26	27	28	29	
1	2	3	4	5	6	7	8	9	10	13	15	16	17	18	20	21	22	23	26	27	28	
0	1	2	4	5	6	7	8	9	10	12	13	15	16	17	18	19	21	24	26	28	29	
0	2	3	4	7	8	9	10	11	12	13	14	17	18	20	21	22	23	24	25	26	27	28	
0	1	4	5	6	7	9	10	12	13	14	16	17	19	20	21	22	23	25	27	28	29	
1	2	5	6	8	9	10	11	12	14	15	16	17	18	19	20	23	24	25	26	27	28	
0	1	2	3	4	5	8	10	12	13	14	15	17	18	19	20	23	24	25	26	28	
0	1	4	5	6	7	8	9	11	13	16	17	18	19	20	23	25	26	27	28	29	
0	1	2	3	4	5	6	7	8	9	12	13	14	15	16	18	21	22	25	26	27	28	
0	1	3	4	5	7	10	12	13	14	16	18	19	20	21	22	23	25	26	27	29	
0	2	3	4	5	6	7	8	9	10	11	12	13	15	16	17	18	19	20	21	23	26	27	28	
0	2	3	5	6	7	9	13	14	15	16	18	19	20	21	22	23	24	26	27	28	
1	2	3	4	5	6	7	8	10	11	12	13	17	20	21	23	24	25	27	28	29	
1	2	4	5	8	11	12	13	14	15	16	17	18	19	21	22	23	24	25	26	27	28	29	
1	3	5	6	7	8	9	10	12	13	14	15	16	17	19	20	22	24	26	27	29	
0	1	2	3	5	6	7	8	9	10	12	13	14	15	16	18	19	21	23	24	25	27	28	29	
2	4	5	7	8	9	10	12	13	15	16	17	18	19	22	23	25	26	27	28	29	
2	3	4	5	6	7	8	10	11	12	14	15	16	18	19	20	21	22	24	25	26	27	28	29	
0	1	2	3	4	5	7	8	9	10	11	13	14	15	17	18	20	22	23	24	25	26	28	29	
0	1	2	3	5	7	8	9	10	12	13	15	16	19	20	21	23	24	25	28	29	
0	2	4	5	7	8	9	10	11	12	13	14	15	16	17	18	20	21	22	23	24	25	28	29	
0	1	2	3	4	5	9	11	12	13	14	15	16	18	19	20	21	22	24	25	26	27	28	29	
0	2	3	4	5	7	9	10	11	14	16	18	19	21	23	24	25	26	27	28	29	
0	1	2	3	4	5	6	7	9	10	11	13	14	16	17	18	19	20	21	22	23	25	26	28	
0	1	2	3	5	6	7	8	9	10	12	14	15	17	18	19	20	21	22	23	25	26	28	29	
0	1	2	3	4	5	6	7	9	10	12	13	14	15	16	18	19	21	23	24	27	28	
2	4	5	6	7	8	9	11	12	14	15	16	18	19	21	22	23	24	26	28	29	
0	1	2	3	4	7	8	9	10	11	12	13	14	16	17	19	20	21	22	23	24	26	28	29	
0	2	3	5	6	7	8	9	10	11	13	15	17	18	19	20	21	23	24	25	26	28	29	
0	1	2	5	6	10	11	12	13	14	15	16	19	20	21	22	24	25	26	27	29	
1	2	3	4	5	6	7	9	10	11	12	14	15	18	20	21	23	24	25	26	28	
0	2	3	5	6	7	8	9	10	11	12	13	14	16	17	18	20	21	22	23	24	27	28	29	
0	1	3	4	5	7	9	10	11	12	13	14	16	18	20	21	22	23	24	25	27	
1	3	4	5	6	7	8	9	10	11	12	13	15	17	18	21	23	24	25	28	29	
0	1	2	3	4	5	6	7	9	11	14	15	16	18	19	20	21	22	23	25	26	27	28	29	
0	1	2	3	4	5	6	7	8	9	10	11	12	14	15	16	19	21	22	23	24	28	29	
0	1	2	4	5	6	8	10	11	12	13	14	15	16	17	18	19	20	21	22	23	24	26	27	
0	1	3	5	7	8	10	11	12	13	14	16	17	18	19	20	21	22	23	24	25	28	29	
0	1	2	4	5	7	10	11	12	13	14	15	16	17	19	21	22	23	24	25	26	28	29	
0	2	3	4	6	7	8	9	10	11	12	13	14	16	17	18	20	22	23	26	27	28	29	
1	2	5	7	8	9	10	11	14	16	17	18	19	20	22	24	25	26	27	28	29	
0	1	2	3	4	5	6	8	11	12	16	17	20	21	22	23	24	25	26	27	28	29	
1	2	3	5	8	9	10	13	15	16	17	18	19	20	21	22	24	25	27	28	29	
2	3	5	6	7	10	11	13	14	15	16	18	19	20	21	22	23	24	25	26	27	28	29	
0	1	2	6	7	9	11	12	13	14	15	17	18	19	20	21	22	23	24	26	27	28	29	
0	1	2	4	5	6	7	10	11	13	14	15	16	17	18	20	21	22	23	24	25	26	28	29	
1	2	3	4	5	6	7	8	11	13	14	15	16	17	18	19	21	22	23	24	25	26	27	29	
0	2	3	5	6	7	8	9	10	11	13	15	16	17	18	20	21	23	24	25	26	27	28	29	
0	1	2	3	4	6	7	9	10	11	12	13	15	16	17	19	21	22	23	24	26	
1	3	4	5	6	7	9	11	12	15	17	18	19	20	21	23	24	26	27	28	29	
0	1	2	4	5	6	8	9	10	11	12	13	14	15	17	18	19	20	22	23	25	26	28	29	
1	4	5	6	8	10	11	12	13	14	16	18	20	21	22	23	24	25	26	27	28	29	
0	1	2	3	4	5	7	8	11	12	13	18	19	20	21	22	23	24	25	26	28	
0	3	4	5	6	7	9	10	11	12	13	15	16	17	18	19	20	21	22	23	24	26	27	29	
0	1	3	4	5	6	7	9	12	13	14	15	16	17	18	19	20	22	23	25	27	28	29	
0	1	2	3	4	5	6	7	9	10	12	13	15	16	17	18	19	20	22	23	24	25	26	29	
0	1	3	4	5	6	7	8	9	10	13	14	16	17	18	19	20	21	22	24	25	27	28	29	
0	2	3	4	5	6	7	8	9	11	13	15	16	17	18	20	21	22	24	25	26	
0	1	2	5	6	7	8	10	11	12	13	14	16	17	18	20	21	22	23	24	25	26	27	29	
0	1	2	3	4	5	7	10	11	12	14	15	18	19	20	21	22	23	24	25	27	29	
1	3	6	7	8	9	10	11	12	13	14	16	17	18	19	21	22	24	25	26	27	28	29	
2	5	6	7	8	9	10	11	12	13	16	17	18	19	22	23	24	25	26	27	28	29	
0	3	4	5	6	8	9	11	12	13	14	15	16	17	20	21	22	23	24	26	27	28	29	
0	2	3	5	6	7	8	9	10	11	14	15	16	18	20	22	23	24	25	27	28	29	
0	1	2	3	7	9	10	11	13	14	15	18	19	20	21	22	23	24	25	27	28	29	
0	1	3	5	6	7	11	12	14	15	16	17	18	19	20	22	23	24	25	27	29	
0	1	2	3	4	5	6	7	10	12	13	14	16	17	19	21	22	23	24	25	26	27	
0	1	3	4	8	9	10	11	12	13	15	16	18	20	22	23	24	25	26	27	29	
1	3	6	7	8	10	11	12	14	17	18	19	20	21	22	23	24	25	27	28	29	
0	1	2	3	4	5	6	8	9	10	11	13	14	15	16	17	18	19	20	21	22	24	28	29	
0	1	2	3	4	5	6	7	8	9	10	12	14	15	16	17	18	21	22	23	25	26	28	29	
1	2	3	4	5	8	9	11	12	13	14	15	18	19	20	21	24	26	27	28	29	
0	1	2	3	4	5	7	9	10	11	12	13	15	16	17	18	19	20	23	25	26	29	
0	1	2	5	7	8	10	11	12	15	16	17	18	19	20	22	24	25	26	27	29	
1	2	3	5	6	7	9	11	12	13	14	15	16	17	19	20	21	22	23	24	25	26	28	29	
0	1	2	3	4	5	6	7	9	10	11	12	13	14	16	17	19	20	22	23	25	26	27	28	
0	1	2	3	4	6	7	8	9	10	11	13	15	17	18	20	21	22	23	24	25	26	28	
0	2	4	6	7	8	13	14	15	16	17	18	19	20	21	22	23	25	26	27	29	
1	2	3	4	5	6	8	11	12	13	14	15	16	17	18	21	22	23	25	27	28	29	
0	2	5	6	7	8	9	10	11	13	15	16	17	19	21	22	23	24	25	27	28	29	
0	2	3	4	5	7	10	11	12	13	14	15	16	18	19	21	22	24	25	26	29	
0	1	2	3	7	8	9	10	11	12	13	14	15	16	17	18	20	21	23	27	29	
0	1	4	5	6	7	8	9	11	12	13	14	15	16	17	18	19	20	21	25	26	27	28	29	
0	2	3	4	5	6	7	8	9	10	11	15	16	17	18	19	20	21	22	24	25	26	28	29	
0	1	3	4	5	7	10	12	13	14	15	16	18	19	21	22	23	24	25	27	28	29	
0	1	3	4	6	7	9	11	12	13	14	16	19	20	22	23	24	25	27	28	29	
1	2	4	5	6	7	8	9	10	11	12	14	18	19	20	22	23	24	25	27	28	29	
1	2	4	5	7	8	10	11	12	13	14	15	16	17	18	19	20	21	22	24	25	27	28	29	
0	1	2	3	5	6	7	8	9	10	12	13	14	16	17	18	19	20	21	22	24	25	26	29	
0	2	3	5	6	7	9	10	11	12	13	14	15	16	17	18	19	20	22	24	25	27	28	
1	2	3	4	5	7	8	9	12	13	14	15	17	18	19	20	21	22	23	24	25	26	27	28	
0	1	2	3	4	5	7	8	9	10	12	13	14	16	17	18	20	22	23	24	25	26	27	28	
2	3	4	6	9	10	11	12	13	14	16	17	18	19	21	22	23	24	26	27	28	
0	1	2	3	5	7	8	9	10	11	12	15	16	17	18	20	21	23	24	27	28	29	
1	2	3	4	5	8	10	11	12	13	14	15	16	17	18	19	20	21	22	23	24	26	27	29	
0	2	3	4	5	6	7	8	9	11	12	13	15	16	18	20	21	22	23	24	25	28	29	
0	1	2	3	5	6	7	9	11	12	13	14	15	16	17	18	19	21	24	25	29	
0	1	2	3	4	5	6	7	8	9	10	12	13	15	16	20	24	25	26	27	28	29	
1	2	3	4	5	6	7	10	12	14	16	17	18	19	20	21	22	23	24	25	26	28	29	
0	1	3	4	6	7	8	10	11	12	13	16	17	18	20	21	23	24	25	26	28	
0	1	2	3	4	6	7	10	11	12	16	17	18	19	20	21	22	23	24	27	28	29	
0	1	2	4	5	6	7	8	11	12	13	14	15	16	18	20	21	22	23	24	25	26	27	29	
1	2	3	4	5	7	8	9	10	11	12	14	15	16	18	20	23	24	25	26	27	28	29	
0	1	3	5	6	7	8	10	11	12	15	16	18	19	20	21	23	24	26	27	29	
1	2	3	4	7	8	10	12	13	14	15	16	17	18	19	20	21	22	24	26	28	
0	1	2	3	5	6	8	9	11	12	15	16	17	18	19	20	21	23	25	27	28	29	
1	3	5	6	7	8	9	10	11	12	13	14	15	16	18	19	20	21	22	23	25	26	28	29	
0	1	2	3	5	6	7	8	9	10	11	12	15	17	18	19	20	23	24	26	27	28	
0	1	2	3	4	5	7	8	10	11	13	14	15	16	17	19	20	22	23	24	25	27	28	29	
0	1	2	3	4	5	6	8	9	10	11	12	13	15	19	20	21	22	24	25	26	27	28	29	
0	1	3	4	6	7	8	9	10	11	12	13	14	15	19	20	21	22	23	25	26	27	28	29	
0	1	2	3	4	5	6	8	10	11	12	14	16	17	19	20	21	22	23	24	25	27	28	
0	1	2	3	4	5	6	7	8	9	10	12	13	14	15	16	18	19	22	23	24	27	
0	1	3	4	5	6	8	9	10	11	12	13	14	17	18	19	20	21	22	24	25	26	27	28	
0	1	2	3	4	5	6	7	8	9	10	12	14	15	16	18	22	23	24	25	27	28	29	
0	1	2	3	4	6	7	8	11	12	13	14	16	17	18	20	21	23	26	27	28	29	
0	1	2	3	4	5	6	7	8	9	10	11	12	14	16	18	21	22	23	24	25	26	28	
0	1	2	3	4	6	8	9	12	14	17	18	19	20	21	22	23	24	25	26	27	28	29	
2	3	4	5	7	8	9	10	13	15	17	18	19	20	21	22	23	24	25	26	27	28	29	
0	2	3	4	5	7	8	9	11	12	13	14	15	16	17	18	19	21	22	23	25	26	27	29	
0	1	3	5	6	8	9	10	11	13	15	16	17	18	19	22	23	24	25	27	29	
0	1	4	6	7	8	9	10	11	12	13	14	16	17	21	22	23	24	25	26	27	28	29	
0	1	3	4	5	6	7	8	10	11	13	15	16	17	18	19	21	23	24	25	26	28	29	
0	1	2	3	5	8	9	10	11	12	13	14	15	16	17	18	19	20	21	22	23	24	25	29	
2	4	5	7	8	9	11	12	14	15	16	17	18	21	22	23	24	25	26	27	29	
0	1	2	4	5	6	7	8	9	11	12	14	15	16	17	18	19	20	21	22	23	27	28	29	
1	2	3	6	7	9	10	12	13	14	15	17	18	19	20	21	22	23	26	28	29	
0	1	2	3	4	5	8	10	11	12	13	14	16	17	18	19	20	21	23	24	26	27	28	
0	1	2	3	5	6	7	8	9	10	13	14	16	17	18	19	21	23	24	25	27	28	29	
0	1	2	4	5	6	7	8	11	13	14	15	16	17	18	19	20	22	24	26	27	29	
0	1	2	4	5	6	7	11	12	13	15	17	18	19	21	23	24	25	26	27	29	
0	2	5	6	8	9	10	11	13	14	15	16	17	18	19	20	21	22	23	24	25	26	28	29	
2	3	5	6	7	9	11	12	13	14	15	16	17	18	19	20	21	22	23	24	26	27	28	29	
0	3	4	5	7	8	9	10	11	12	13	14	15	16	18	20	22	23	24	25	26	
0	1	2	3	4	5	6	7	8	9	10	12	13	15	16	18	19	20	21	22	24	26	27	29	
0	1	2	3	5	6	8	9	10	11	12	17	18	19	20	21	22	23	24	25	26	27	28	29	
1	3	4	5	7	8	10	12	13	14	16	18	19	20	21	22	23	24	25	26	28	29	
0	1	2	3	4	5	8	9	10	11	12	13	14	15	16	20	21	23	26	27	28	29	
0	3	4	5	6	7	8	9	10	11	12	13	14	15	16	17	21	22	24	26	27	28	
0	1	3	4	7	8	9	10	12	13	14	16	17	18	19	20	21	23	24	26	28	29	
0	1	2	3	5	6	7	8	11	12	14	15	16	17	19	20	22	23	24	25	26	27	28	29	
0	1	2	3	4	5	6	7	8	9	10	12	14	15	16	17	18	19	22	23	24	25	28	29	
0	2	3	4	5	6	7	8	9	10	15	16	17	18	19	20	21	22	23	24	26	27	28	29	
0	1	2	3	4	5	7	9	10	11	14	15	16	17	18	19	20	21	22	23	24	26	27	
0	1	2	3	5	6	9	10	11	12	13	14	15	16	17	21	22	23	24	25	26	27	28	29	
2	4	5	7	8	9	10	14	15	16	17	18	19	21	22	23	24	25	26	28	29	
1	2	3	4	5	6	7	8	9	10	11	13	14	15	16	17	18	21	23	24	25	26	27	29	
0	1	2	4	5	6	7	8	10	11	13	14	15	17	20	21	22	24	25	26	28	
1	3	5	6	7	8	9	10	12	16	17	18	19	20	21	22	24	26	27	28	29	
0	1	4	5	6	7	8	10	11	12	13	14	15	17	18	20	21	22	23	24	25	27	
1	2	3	4	7	9	10	11	12	13	14	15	16	18	19	20	22	23	24	25	26	27	28	29	
0	1	2	3	4	5	8	9	10	13	14	16	18	19	20	22	23	24	25	28	29	
0	1	2	3	7	8	9	10	11	13	14	15	16	17	19	20	21	22	23	25	26	27	
1	2	3	4	6	7	9	10	11	12	14	15	17	18	19	20	22	23	24	25	26	27	28	29	
2	3	4	5	6	7	8	9	10	12	15	16	17	18	20	21	22	23	24	26	27	29	
0	2	5	6	7	9	11	12	13	14	15	16	18	19	22	23	24	25	26	28	29	
1	2	3	6	7	8	10	12	13	14	15	17	20	21	22	23	24	25	26	27	29	
0	1	2	3	4	5	8	9	10	11	12	13	14	15	16	17	18	19	22	24	26	27	29	
0	1	2	3	4	5	6	7	9	10	11	12	14	15	17	19	20	24	25	26	27	28	29	
1	2	3	4	5	6	9	10	11	12	13	14	15	17	18	20	21	22	23	24	25	27	28	29	
0	1	2	3	6	7	8	9	10	11	12	13	16	18	20	21	22	23	27	28	29	
0	1	2	4	5	6	7	8	9	10	11	12	14	15	18	19	20	22	23	25	27	28	29	
0	2	3	4	5	7	8	12	13	14	15	17	18	19	20	21	22	23	24	25	28	29	
0	1	2	3	4	5	6	7	8	10	11	12	13	14	15	16	17	18	19	20	22	25	27	
0	1	2	3	4	5	6	7	8	9	10	11	13	14	15	16	17	18	19	21	24	25	28	
0	5	6	7	8	9	10	11	12	13	14	15	17	18	19	21	23	25	26	28	29	
1	2	3	4	6	7	8	9	11	12	13	14	15	17	18	19	20	22	23	25	26	27	28	
3	4	5	6	7	8	9	10	11	12	13	14	16	17	19	20	21	22	23	25	26	27	28	29	
0	1	2	3	4	5	8	10	11	12	13	14	15	16	17	18	19	20	21	22	23	27	29	
0	4	5	6	7	8	10	11	12	13	15	16	17	18	19	20	21	22	23	24	26	28	29	
0	1	2	3	4	5	6	9	11	12	13	15	17	18	19	20	22	23	25	26	27	28	29	
0	1	4	5	6	7	8	9	10	11	12	13	14	18	19	20	21	26	27	28	29	
0	2	4	5	8	9	11	12	13	14	15	17	18	19	20	22	23	25	26	27	29	
1	2	3	4	8	9	10	11	13	14	15	17	19	20	21	22	23	25	26	27	28	29	
0	1	2	4	5	6	8	10	14	15	16	17	19	20	21	22	24	25	26	27	28	29	
0	1	2	4	5	6	7	9	10	12	14	15	16	17	18	19	22	23	24	26	27	29	
0	1	2	3	4	5	7	8	9	10	11	12	13	16	19	21	23	24	25	26	28	29	
1	3	4	5	6	7	8	9	11	12	14	15	16	17	18	20	22	24	25	26	27	28	29	
0	1	2	3	7	8	10	12	13	14	15	16	17	21	23	24	25	26	27	28	29	
0	1	2	3	5	6	8	9	10	11	12	14	16	17	18	20	21	22	25	26	29	
0	1	2	5	6	7	9	10	11	12	13	14	15	16	18	20	21	22	23	24	25	26	29	
0	1	2	4	5	6	7	9	12	13	14	15	17	18	19	22	23	24	25	26	27	28	29	
2	3	4	5	8	9	10	11	12	14	15	17	18	19	20	23	24	25	26	27	28	29	
1	3	4	6	7	8	9	10	11	12	13	14	15	17	18	19	22	23	26	27	28	29	
2	4	6	7	9	10	12	13	14	15	17	18	19	20	21	22	23	24	25	26	27	28	29	
0	1	2	3	4	7	9	10	11	13	14	15	16	17	19	20	21	22	23	24	25	26	27	29	
0	1	3	4	5	6	7	8	9	10	12	13	14	15	16	17	18	20	22	23	26	27	
1	3	5	6	7	8	10	13	14	15	16	19	20	21	22	23	24	25	27	28	29	
0	2	3	4	5	6	10	11	12	13	14	15	16	17	19	20	21	22	23	25	26	27	28	
0	1	2	4	5	6	7	8	10	11	13	14	15	16	17	18	19	20	22	24	26	27	29	
0	1	2	4	5	8	9	11	12	14	17	18	19	20	21	22	23	25	26	27	28	
0	2	3	4	6	7	8	13	14	16	17	18	19	20	21	22	23	24	25	26	27	29	
1	2	3	4	5	6	7	8	9	10	11	12	13	14	15	16	18	19	20	21	27	28	29	
0	1	3	4	5	6	10	11	12	13	14	16	18	20	21	22	23	24	25	26	27	28	29	
0	1	2	3	4	8	9	11	12	14	15	17	18	19	20	21	22	23	24	25	26	27	29	
0	1	2	3	4	6	7	8	9	11	13	14	15	16	17	20	23	24	25	26	27	28	29	
0	1	2	3	4	6	7	8	9	10	11	12	14	15	17	19	20	21	22	23	25	27	28	29	
0	1	2	3	4	6	7	8	9	10	12	14	15	16	18	19	21	22	23	24	25	27	28	29	
0	2	3	4	5	6	7	8	9	10	11	13	14	16	17	18	20	21	23	24	26	27	28	
0	1	2	3	4	5	6	7	9	10	11	12	13	14	15	16	18	19	20	21	23	26	29	
0	2	3	5	6	7	8	10	11	12	13	14	15	17	18	19	20	21	22	24	25	26	28	29	
0	1	2	3	4	5	6	8	9	11	14	15	16	17	18	19	20	21	22	23	25	26	28	29	
0	1	3	4	5	6	7	8	9	10	12	14	15	16	17	18	20	22	24	25	27	28	29	
0	1	2	3	4	5	6	8	9	10	11	16	17	19	20	21	22	23	24	25	26	27	28	29	
0	2	3	4	5	6	7	8	9	10	13	14	15	16	17	18	19	23	24	25	26	27	28	29	
0	1	2	3	4	5	6	7	8	9	10	11	12	13	14	15	16	17	20	25	26	28	29	
0	1	4	5	6	8	11	12	13	14	15	16	17	18	19	20	21	23	24	27	29	
0	1	2	3	4	5	6	7	8	9	10	11	13	14	16	17	18	19	20	21	24	25	27	28	
0	1	2	4	5	6	7	8	10	12	13	14	15	17	18	19	20	21	24	25	26	27	28	29	
1	2	3	4	6	7	8	9	10	13	14	15	17	19	20	21	22	23	24	25	27	28	29	
0	2	3	5	6	7	8	9	10	11	12	13	14	16	17	18	21	22	23	24	25	28	
0	2	3	4	5	6	8	9	10	11	12	14	16	17	18	19	20	21	22	23	24	26	27	29	
0	1	2	3	4	5	6	8	9	10	11	12	13	14	15	16	17	19	20	23	24	25	26	29	
0	1	2	4	5	6	7	9	10	11	12	13	15	17	19	20	21	22	23	24	27	29	
0	2	3	4	6	8	9	10	11	12	13	16	17	18	19	22	23	24	25	26	27	28	29	
0	1	2	3	4	5	6	7	8	9	10	11	12	13	14	15	16	17	18	20	23	25	28	29	
1	2	3	6	7	8	10	11	12	13	14	15	16	17	18	19	20	21	24	25	27	28	29	
1	2	3	4	6	7	8	9	10	13	14	15	16	17	18	19	20	21	23	27	28	29	
0	1	2	3	4	5	6	7	8	9	10	11	12	13	14	15	17	19	20	22	23	25	28	29	
0	3	6	8	11	12	13	14	15	16	17	18	19	20	21	22	23	24	26	27	28	29	
0	1	2	3	5	6	7	11	13	14	16	18	19	20	21	22	23	24	25	26	27	28	
0	2	3	5	8	9	10	11	12	14	16	17	18	20	21	22	24	25	26	27	28	29	
0	1	2	4	6	9	11	12	13	14	15	16	17	18	19	20	23	24	26	28	29	
1	2	3	6	7	8	9	10	13	14	15	16	19	20	21	23	24	26	27	28	29	
0	2	4	5	8	9	10	11	12	15	16	17	18	19	21	23	24	25	26	27	28	29	
0	3	4	6	8	9	10	12	13	14	15	16	18	19	20	21	22	23	24	25	28	29	
0	1	2	3	5	6	7	9	11	14	15	17	18	19	23	24	25	26	27	28	29	
0	1	2	4	5	7	9	10	11	12	13	14	15	16	17	18	19	20	21	22	23	24	29	
1	2	3	4	5	6	9	10	11	13	14	15	16	17	18	19	20	21	22	24	25	27	28	29	
1	2	5	6	7	9	11	12	13	15	16	17	18	19	21	22	24	25	26	27	28	29	
0	1	3	4	6	7	8	12	13	14	15	16	17	18	19	20	21	22	23	25	26	27	28	29	
0	1	2	3	4	7	9	10	12	13	14	15	16	17	18	19	20	21	23	24	26	28	29	
0	4	6	7	8	9	11	12	14	15	16	17	18	19	20	21	22	23	24	26	27	28	29	
1	2	3	4	5	8	9	11	12	13	14	15	16	18	21	22	23	24	26	27	28	29	
0	1	4	5	6	7	9	10	11	12	13	14	15	16	17	20	21	22	26	28	29	
1	4	5	6	7	8	9	11	14	15	16	17	18	20	21	22	24	26	27	28	29	
0	1	3	5	7	8	9	11	12	13	14	16	17	18	20	21	22	23	24	25	26	29	
0	1	3	4	5	6	7	8	9	11	12	13	14	15	16	17	18	20	21	25	26	27	29	
0	1	3	4	5	6	8	9	11	12	13	14	15	18	19	20	21	22	23	24	27	28	29	
1	2	4	5	7	8	9	10	11	13	14	15	16	17	18	19	20	21	22	23	24	26	28	29	
0	1	2	3	4	5	6	7	8	9	10	11	13	14	15	16	17	19	21	22	27	28	
1	3	4	5	6	7	8	9	10	11	12	15	16	17	18	20	21	23	24	27	28	29	
0	1	2	3	4	5	6	8	9	10	11	12	13	16	17	19	21	22	23	24	26	27	28	29	
0	1	4	6	7	8	9	10	11	13	14	15	16	18	19	20	21	22	23	24	25	27	28	29	
0	1	2	5	6	7	9	11	12	13	14	16	17	18	19	20	22	23	24	25	26	28	29	
1	4	5	6	7	8	9	10	11	13	15	16	18	19	20	21	22	23	25	27	29	
1	2	3	6	7	8	9	10	11	12	13	14	15	16	19	20	21	23	24	25	29	
1	2	3	4	5	6	7	12	13	15	16	19	20	21	22	23	24	25	27	28	29	
1	3	5	6	8	9	10	11	12	13	15	16	18	19	20	21	22	23	24	25	26	27	28	29	
2	3	4	5	7	8	9	10	11	12	13	14	16	17	18	20	21	22	24	25	26	28	29	
1	2	4	5	6	7	8	9	10	12	13	14	15	17	18	19	21	22	23	24	26	27	28	
0	1	3	5	8	9	10	11	12	14	15	16	18	19	20	21	22	23	25	27	28	29	
3	4	5	6	7	8	9	10	11	12	13	14	15	18	19	20	21	22	23	24	25	27	29	
0	1	3	5	6	10	11	12	13	14	16	17	18	19	20	21	22	23	24	25	26	28	29	
1	2	3	4	7	8	10	11	12	13	14	15	16	19	20	21	22	23	24	25	26	28	29	
0	1	2	4	6	7	8	10	11	12	13	14	16	17	18	19	20	21	23	24	25	28	29	
0	1	2	3	4	5	6	9	10	11	12	13	14	16	17	18	19	20	21	22	24	25	26	28	
0	2	4	5	6	7	8	11	13	14	15	18	20	21	22	23	24	25	26	28	29	
0	1	3	4	7	8	9	10	11	12	13	15	16	19	20	21	22	23	24	25	26	27	29	
0	2	4	5	7	9	10	12	14	15	16	17	18	19	20	21	22	24	25	26	27	28	29	
0	1	2	3	5	6	7	10	12	14	15	17	18	19	20	21	22	23	24	26	27	28	29	
0	2	3	6	7	8	9	10	11	12	14	16	17	18	19	20	21	24	25	26	28	29	
1	2	3	4	6	7	8	10	11	12	14	15	16	17	19	20	21	22	25	26	27	28	29	
0	1	2	4	5	6	7	8	9	10	11	12	13	15	16	17	19	25	26	27	28	29	
0	1	2	3	5	7	8	9	10	11	13	14	16	17	18	19	20	21	22	23	24	
1	2	3	6	8	9	10	11	12	14	16	17	18	19	20	21	22	23	24	25	26	28	
2	3	7	8	9	10	11	12	14	15	16	17	18	19	21	22	23	24	25	27	28	29	
0	2	4	5	6	7	8	9	11	12	13	15	18	20	23	24	25	26	27	28	29	
0	2	3	4	5	7	8	9	11	13	14	15	16	17	18	19	21	22	23	24	25	27	28	29	
0	1	3	4	5	6	7	9	10	11	13	14	15	17	18	20	21	23	24	25	26	27	29	
0	1	3	5	6	7	8	9	12	14	15	16	18	19	22	23	24	25	26	27	28	29	
1	3	4	5	6	7	8	9	10	11	12	13	14	15	16	17	19	22	23	24	25	26	27	28	
0	2	3	4	5	6	7	9	10	11	12	13	14	16	18	19	20	21	22	23	25	27	28	29	
0	1	3	5	6	7	8	9	10	11	12	13	14	15	16	17	21	22	25	26	27	28	29	
0	4	5	6	7	8	9	10	11	13	14	15	16	17	18	19	23	24	25	26	27	28	29	
0	2	5	6	7	9	10	12	13	14	15	17	18	19	20	21	22	25	26	27	28	29	
1	2	3	4	5	7	12	13	14	15	16	18	19	20	22	23	24	25	26	27	28	29	
0	2	3	4	5	6	9	10	11	13	14	15	17	19	20	21	22	24	26	27	28	29	
2	3	4	5	6	7	8	9	10	11	13	14	15	18	19	21	24	25	27	28	29	
0	2	3	4	5	7	8	10	11	12	13	15	16	17	18	20	22	23	24	26	27	28	29	
0	2	6	7	8	9	10	11	12	14	15	16	18	19	20	21	22	25	26	28	29	
0	1	2	3	5	6	10	11	12	13	15	16	17	18	19	20	22	23	24	25	27	
0	1	2	4	6	7	8	10	11	12	13	14	17	18	19	21	22	23	24	26	27	28	29	
0	1	2	3	5	6	7	8	9	10	11	13	14	15	16	20	22	23	24	25	26	27	28	29	
0	1	2	3	5	7	8	9	11	12	13	14	15	16	17	18	19	21	22	23	24	25	26	29	
2	3	4	5	6	7	9	11	12	14	16	17	19	21	22	23	24	26	27	28	29	
0	1	3	4	6	8	9	10	11	12	13	14	15	16	17	19	20	23	25	26	27	28	
0	1	2	3	4	5	6	7	9	10	11	14	15	16	17	18	19	21	22	23	25	26	27	28	
0	1	3	4	6	7	8	9	11	12	13	14	15	16	18	19	20	21	23	24	25	26	28	29	
1	2	3	4	5	6	7	8	9	10	11	12	13	14	15	17	18	20	21	22	23	25	27	28	
0	1	3	4	5	6	7	8	10	11	14	15	16	17	18	19	20	21	23	27	28	29	
0	1	2	3	4	5	6	7	9	10	12	13	14	16	17	18	19	20	23	24	26	27	28	
0	1	3	4	5	6	8	10	11	12	13	14	17	18	19	20	22	24	25	27	28	29	
1	2	3	4	5	6	8	10	11	12	14	16	17	18	19	20	21	22	23	24	25	26	27	28	
0	1	2	3	4	5	6	7	9	10	11	12	13	15	17	18	20	21	24	25	27	28	29	
0	1	2	4	8	9	10	11	12	13	14	15	17	18	19	21	22	23	24	25	26	27	28	29	
1	2	4	5	7	8	9	13	14	15	16	17	18	19	20	21	22	23	25	26	27	29	
0	1	2	3	4	5	7	8	9	10	11	15	16	17	18	19	20	21	22	23	24	27	28	29	
0	1	2	6	7	8	9	10	11	12	13	14	18	19	20	21	22	23	24	25	26	27	28	
0	1	2	5	6	8	9	10	11	12	14	15	16	17	18	19	20	21	22	24	26	27	28	29	
0	1	2	5	7	8	10	12	13	16	17	19	20	21	22	23	24	25	27	28	29	
0	1	3	4	5	6	7	8	10	11	12	14	15	16	17	18	21	22	23	24	25	26	27	28	
2	3	5	6	7	8	9	10	13	14	17	18	19	20	21	23	24	25	26	28	29	
0	1	2	3	5	6	8	9	10	11	12	14	15	16	17	20	23	24	25	26	27	28	29	
0	2	3	5	6	7	9	10	11	12	15	17	18	19	21	22	23	24	25	26	27	28	
0	1	3	5	6	7	8	9	10	11	12	13	14	15	16	17	18	19	20	22	23	26	28	
1	2	3	4	5	6	8	9	10	12	13	15	16	17	18	19	20	21	22	24	26	28	29	
1	4	5	6	7	8	9	10	11	12	15	16	17	20	21	22	23	24	25	26	27	28	29	
0	1	2	3	4	5	6	8	9	10	11	14	16	17	18	22	23	24	26	27	28	29	
0	1	3	5	8	9	11	12	13	14	16	17	18	19	20	21	22	23	24	26	27	28	29	
0	1	3	5	6	8	9	10	12	13	14	15	16	17	18	20	21	22	23	24	25	28	29	
0	2	3	4	5	6	7	8	9	10	11	12	15	17	19	20	22	23	24	25	26	28	
0	3	4	5	6	7	9	10	12	13	15	16	17	18	19	21	22	23	24	26	27	29	
0	1	2	4	6	8	10	11	12	13	14	15	16	17	19	20	21	23	24	25	26	27	28	
0	1	2	3	4	6	7	8	9	10	11	12	14	15	17	18	19	21	22	24	25	26	
0	1	2	3	4	5	6	8	9	10	11	13	14	15	16	17	19	20	21	24	25	27	28	29	
0	1	2	4	5	6	7	8	9	10	11	12	13	14	15	17	19	23	25	27	28	
0	3	4	5	6	8	10	12	13	14	16	17	19	20	22	23	24	25	27	28	29	
1	2	3	4	5	8	9	10	13	14	15	16	17	18	19	20	21	22	23	25	26	27	28	29	
0	1	2	3	4	5	6	7	9	10	11	14	15	17	18	19	20	21	23	24	25	29	
0	2	4	5	6	9	10	11	12	13	17	18	19	21	22	23	24	25	26	27	28	
1	2	3	4	5	6	8	9	10	12	13	14	16	19	20	21	22	23	24	25	26	28	
1	2	3	4	5	6	7	8	9	10	13	16	17	18	19	22	23	24	25	26	27	
0	2	3	4	6	7	8	10	11	12	13	15	19	20	21	22	23	24	25	26	27	28	
0	1	2	3	4	5	7	8	9	11	12	14	15	16	18	19	21	22	23	24	25	26	28	
2	3	5	6	7	8	9	10	14	15	17	18	19	20	21	22	23	24	25	27	28	
0	1	2	3	4	5	8	10	12	14	15	16	17	18	20	21	22	24	26	27	28	29	
0	1	4	5	6	7	8	9	10	11	13	16	17	20	22	24	25	26	27	28	29	
0	1	2	6	8	9	10	11	12	14	15	17	18	19	21	22	24	26	27	28	29	
0	2	3	5	7	8	9	10	11	13	14	16	17	18	20	21	22	23	24	25	26	27	28	
0	2	3	4	5	7	8	9	10	13	14	15	16	18	19	20	21	22	23	24	27	29	
0	2	3	4	5	6	7	9	10	12	13	15	18	19	20	21	22	24	25	27	29	
1	2	3	4	8	10	11	12	13	14	17	18	19	20	21	22	23	24	25	26	29	
0	1	2	4	5	6	7	8	9	11	12	14	15	16	18	19	22	24	25	26	27	28	
0	1	2	3	4	5	7	8	9	10	11	12	13	14	15	17	20	21	23	24	25	27	28	29	
1	2	3	4	5	8	9	11	12	13	14	16	18	19	21	22	23	25	26	27	28	29	
0	1	2	4	8	9	10	11	12	13	15	16	19	20	23	24	25	26	27	28	29	
0	1	2	3	4	5	7	8	12	13	14	15	18	20	21	22	23	24	25	26	27	28	29	
1	2	4	5	9	10	11	13	14	16	17	18	19	20	21	22	23	24	25	26	28	
0	1	2	3	4	7	8	9	10	11	12	16	17	18	20	21	22	24	27	28	29	
4	5	7	9	10	11	13	14	15	16	17	18	19	20	22	23	24	25	26	27	28	29	
1	3	5	7	8	9	10	11	12	14	15	16	18	19	20	21	23	24	27	28	29	
0	1	2	3	4	6	7	8	9	10	11	12	14	16	17	18	19	20	22	23	25	27	28	29	
0	1	3	4	5	6	7	8	9	10	12	13	14	16	17	18	19	21	23	25	26	28	29	
0	1	2	5	6	7	8	9	12	13	14	15	18	19	22	23	24	25	26	27	29	
1	3	5	6	7	8	9	10	11	13	14	15	16	18	19	20	21	22	23	24	26	27	28	
1	2	3	4	5	6	7	9	10	11	13	14	15	16	18	19	20	22	24	25	26	27	29	
0	3	6	7	9	10	11	14	15	16	18	19	20	21	23	24	25	26	27	28	29	
1	4	5	6	7	8	9	10	11	13	15	16	17	18	19	20	21	24	25	26	27	28	29	
0	1	3	5	6	7	9	10	11	12	14	16	17	18	19	20	22	23	26	27	28	29	
1	3	4	5	8	9	11	12	13	14	15	16	17	18	19	21	22	23	24	25	26	28	29	
2	3	7	8	9	10	11	12	13	14	15	16	17	18	19	20	21	22	23	24	25	27	28	29	
1	2	3	5	6	7	8	11	12	14	16	17	18	19	21	22	23	24	26	27	29	
1	2	5	6	8	9	10	12	13	15	17	18	19	20	21	22	23	24	25	27	28	29	
0	1	2	4	5	6	7	8	9	11	12	13	14	15	16	17	18	19	20	23	24	25	26	27	
0	1	4	6	7	9	10	11	12	13	14	16	17	18	19	20	21	22	23	24	27	29	
0	2	3	4	5	6	7	8	9	12	13	14	15	17	20	21	22	23	24	26	27	29	
1	2	3	4	5	8	9	11	12	13	14	15	17	18	19	20	21	22	23	24	25	26	28	29	
0	3	5	6	7	8	9	10	11	12	13	15	17	19	20	22	23	24	26	27	28	29	
0	1	2	3	4	7	8	10	12	14	15	16	18	19	20	21	22	24	25	26	27	28	29	
0	1	2	3	4	5	6	9	10	11	12	14	16	17	18	19	20	21	22	23	24	29	
0	2	3	5	6	7	9	10	11	12	13	14	17	19	20	21	22	23	25	26	28	29	
1	2	4	5	6	7	9	10	11	13	15	17	18	19	20	21	22	23	24	25	26	27	29	
0	1	2	3	4	7	8	9	10	11	13	14	17	18	19	20	21	22	24	25	26	27	28	29	
1	2	3	4	5	6	7	8	9	10	11	12	13	14	15	17	18	21	22	24	25	26	28	29	
0	1	2	4	5	6	7	9	10	11	12	13	14	15	17	18	19	20	21	22	23	25	28	29	
0	1	4	5	6	7	8	9	10	11	13	14	17	18	19	20	21	22	23	24	25	26	28	29	
0	1	3	4	6	9	11	12	13	14	16	19	20	21	22	23	24	25	26	27	28	29	
1	2	3	4	6	7	8	9	10	11	13	15	16	18	19	21	22	23	24	25	26	28	
0	1	2	3	4	7	8	9	10	11	12	15	16	18	19	20	21	23	24	27	28	29	
0	4	6	7	8	9	10	11	12	13	14	16	17	20	21	22	23	24	25	26	27	29	
0	2	3	4	5	7	8	9	11	12	13	14	15	17	18	19	21	22	24	26	28	29	
1	2	3	4	6	9	10	11	12	14	15	16	17	19	20	21	22	25	27	28	29	
0	1	2	3	5	7	8	9	10	13	14	15	18	19	20	21	22	23	24	25	28	
0	3	4	5	9	10	11	12	13	14	15	16	17	18	20	21	22	25	26	27	28	29	
0	1	2	3	4	6	8	9	10	11	12	14	15	16	17	18	19	21	22	26	27	29	
1	2	3	5	6	8	9	10	11	12	13	15	17	18	19	20	21	22	23	24	26	27	28	29	
0	2	3	5	6	8	9	10	11	12	13	14	15	18	19	20	21	22	25	26	27	29	
0	1	3	5	6	7	8	9	10	11	13	14	15	18	19	20	21	22	24	25	26	27	28	29	
0	1	2	4	5	6	7	8	10	11	12	13	14	16	17	18	19	20	21	24	26	28	29	
0	1	2	3	6	7	8	9	10	12	13	14	15	16	17	18	19	21	22	24	25	27	29	
0	1	2	4	5	6	7	8	10	13	15	16	17	18	19	20	21	22	25	26	27	28	
0	1	2	5	6	7	8	10	11	13	14	15	16	17	18	21	22	23	24	27	28	29	
3	4	6	7	8	10	11	12	13	14	15	17	18	19	20	21	22	24	25	26	27	28	29	
0	1	3	4	5	6	8	9	10	11	13	14	15	17	19	20	21	22	23	26	28	29	
0	1	2	3	4	5	7	8	9	11	12	13	14	15	17	18	20	21	22	24	26	29	
0	1	2	3	4	5	6	7	8	9	11	12	15	16	17	18	21	22	23	24	25	27	29	
0	1	2	3	6	7	8	9	10	11	14	16	17	18	19	21	22	23	24	25	26	27	28	29	
0	1	4	5	6	8	9	11	13	14	15	17	19	20	22	23	24	25	27	28	29	
1	2	4	5	6	8	10	11	12	13	16	18	19	21	22	23	24	25	26	27	28	29	
0	1	2	3	4	6	7	8	9	10	11	13	15	17	23	24	25	26	27	28	29	
0	1	2	4	5	6	9	10	11	12	14	15	17	19	20	21	22	23	25	27	28	29	
0	2	3	4	5	6	7	8	9	11	13	14	16	17	18	20	21	22	24	25	26	27	29	
0	1	2	3	4	5	6	7	9	11	12	13	15	16	17	18	19	20	21	23	25	26	27	29	
0	1	2	3	4	5	8	11	14	15	16	17	18	20	21	22	23	24	25	26	27	
0	1	2	4	6	7	8	9	10	14	15	16	17	18	19	22	23	24	25	26	27	28	29	
0	1	3	4	6	7	9	10	11	12	13	16	17	19	20	21	22	24	25	26	27	28	
1	3	4	6	7	8	9	10	11	12	14	15	16	17	19	21	22	23	25	26	27	28	29	
1	2	3	4	6	8	9	10	11	12	13	14	15	16	18	19	20	23	24	25	27	28	29	
0	3	4	5	6	7	8	9	10	11	12	13	15	16	17	18	20	22	23	25	27	29	
0	1	3	4	5	7	8	11	12	13	14	15	16	18	19	20	21	22	23	24	25	28	29	
0	2	3	4	5	6	7	9	10	12	13	14	15	16	18	19	20	22	23	24	26	27	28	29	
3	4	5	7	8	9	10	12	13	15	16	17	18	19	20	22	23	24	25	26	27	28	29	
0	1	2	4	5	6	7	8	9	10	11	15	16	18	19	20	22	23	24	27	29	
0	2	3	4	5	6	7	8	11	13	14	16	18	19	20	21	22	23	25	26	27	28	
0	2	5	6	7	8	9	10	11	12	13	14	15	16	18	19	20	22	24	25	26	27	
1	3	4	5	7	8	9	10	11	12	13	14	16	17	18	19	20	21	24	25	26	27	28	29	
1	2	3	4	6	8	9	11	13	14	15	16	20	21	22	23	24	25	26	27	28	29	
0	1	2	3	4	5	6	7	9	11	12	13	15	16	17	18	19	20	21	22	26	28	29	
0	2	3	4	5	7	8	9	10	12	13	14	16	17	18	19	20	21	23	24	25	27	28	29	
1	3	4	5	6	8	9	11	12	13	14	15	17	18	19	20	21	22	25	26	28	29	
0	4	5	6	7	8	10	11	12	13	14	16	19	20	21	22	23	24	26	28	29	
1	2	3	4	6	8	9	11	12	13	14	15	16	17	18	20	21	22	23	26	27	28	29	
1	2	3	4	5	6	8	9	10	11	12	13	14	15	16	18	19	20	21	22	24	25	26	29	
0	1	3	4	6	7	8	9	10	11	12	13	15	16	17	19	20	21	22	24	25	26	27	29	
0	1	2	3	6	7	8	9	10	11	12	13	14	16	20	21	22	23	25	27	29	
0	1	2	3	5	7	9	10	11	12	13	14	15	16	17	18	19	20	21	22	24	25	26	29	
1	2	3	5	6	8	9	11	12	13	14	15	16	17	19	21	22	23	24	25	26	27	28	29	
0	1	4	5	6	7	8	9	10	11	12	13	16	17	18	20	21	24	26	27	28	29	
0	2	3	5	6	8	9	10	11	12	13	14	15	18	21	22	23	24	26	27	28	29	
0	2	3	5	6	8	9	11	12	13	14	15	17	19	20	21	22	23	24	25	26	28	29	
0	1	2	3	5	6	7	8	10	11	13	14	15	16	17	19	21	22	23	25	26	27	28	29	
0	2	3	4	5	6	8	9	10	12	14	15	17	18	19	22	23	25	26	27	28	29	
0	1	2	3	5	6	7	8	9	10	13	14	15	17	18	19	20	21	22	24	26	27	28	29	
0	1	3	4	6	7	8	9	10	12	13	14	15	17	18	19	20	21	22	23	25	26	29	
0	4	5	6	7	9	10	11	12	13	14	16	17	18	19	20	24	25	26	27	29	
1	2	3	4	5	6	7	8	10	11	13	14	15	16	17	19	21	22	24	25	27	28	29	
0	2	3	4	6	7	9	10	11	12	14	17	18	19	20	22	23	24	25	26	28	
1	3	4	6	7	8	9	10	11	12	13	14	16	20	21	22	23	24	25	26	27	
0	1	2	3	4	5	6	7	8	9	10	11	12	13	14	16	17	18	20	22	24	25	28	29	
0	1	2	3	4	5	9	10	11	14	15	17	18	19	22	23	24	25	26	27	28	29	
0	1	2	3	4	5	7	8	9	11	12	14	15	16	18	19	20	21	22	23	24	26	27	
1	3	4	5	6	7	8	9	10	11	12	13	15	17	18	19	21	24	25	26	27	28	29	
0	1	2	3	4	7	8	11	12	14	15	16	17	18	19	21	22	23	24	25	26	28	29	
1	2	3	4	5	6	7	8	9	10	11	12	13	14	15	18	21	24	25	26	27	28	29	
0	1	2	5	6	7	8	9	10	11	12	14	15	16	18	19	21	22	24	25	26	27	28	
0	3	5	6	7	8	9	11	12	16	17	18	19	20	22	23	24	25	26	28	29	
0	1	2	3	6	7	9	10	11	13	15	17	19	21	22	23	24	25	26	27	28	29	
0	2	3	5	6	9	10	11	12	13	14	15	16	17	18	19	20	21	26	27	28	29	
0	1	2	3	6	8	9	10	12	13	14	15	16	18	19	20	22	23	24	25	27	28	29	
0	1	2	3	7	9	11	12	13	15	16	17	18	19	20	21	22	23	24	26	27	28	29	
0	2	3	4	5	6	8	10	11	12	13	14	15	16	17	18	19	20	21	22	23	24	25	28	
1	2	3	4	5	6	7	10	11	12	13	14	15	18	19	20	21	25	26	28	29	
0	2	5	6	7	8	9	10	11	14	15	16	17	18	19	20	21	23	24	26	27	28	29	
0	1	2	5	6	7	8	9	10	11	14	17	18	20	22	24	25	26	27	28	29	
0	1	2	3	4	5	6	8	9	10	11	13	15	16	17	18	20	21	22	24	25	26	27	29	
2	4	5	6	7	8	9	10	11	12	13	14	16	17	18	19	20	22	23	24	25	26	28	
0	1	2	4	7	9	10	11	12	13	14	15	16	17	20	21	22	24	25	26	27	28	29	
0	1	2	4	6	7	10	11	12	13	14	15	17	18	20	22	23	24	25	26	27	29	
1	2	4	5	6	7	8	9	10	12	14	16	17	19	20	21	22	23	24	27	28	
0	1	2	3	4	5	7	8	9	10	11	12	13	15	16	17	19	20	22	23	24	26	28	
0	1	4	5	8	9	11	12	13	14	15	16	18	19	20	21	22	24	25	26	27	28	
0	1	3	8	9	10	11	12	15	16	17	18	19	20	21	22	23	24	26	27	28	
0	1	2	3	5	6	7	8	10	11	12	13	15	18	19	20	21	22	23	26	27	28	29	
0	1	3	4	5	6	7	8	9	10	11	15	16	17	19	20	21	22	23	24	25	27	28	29	
0	1	3	4	6	7	8	9	10	11	12	13	14	16	17	18	21	23	24	25	26	27	28	29	
1	2	3	5	7	8	9	10	11	12	13	14	15	16	17	18	19	22	24	25	26	27	28	
0	1	2	4	5	6	7	8	9	11	13	14	15	17	18	19	21	23	24	26	27	28	29	
0	1	4	6	7	9	10	14	15	16	18	19	20	21	22	23	25	26	27	28	29	
1	2	3	4	6	7	8	10	11	12	13	14	15	16	17	18	20	21	22	25	26	27	28	29	
0	2	3	4	5	6	7	8	10	12	13	14	15	16	19	22	23	24	25	26	27	28	29	
0	1	2	6	7	8	9	10	11	12	14	15	16	17	18	20	22	24	25	27	29	
0	3	4	5	6	7	9	10	11	12	14	16	17	18	19	20	21	22	23	24	25	26	27	29	
0	1	3	4	5	6	8	9	10	12	15	16	17	18	20	22	23	24	25	26	27	28	29	
0	2	3	4	5	6	8	9	10	11	12	13	15	17	18	19	20	21	22	23	25	26	27	29	
0	2	3	4	5	6	8	9	10	12	13	15	17	18	19	20	23	24	25	26	27	29	
0	1	2	4	5	7	8	9	10	14	15	16	18	19	20	21	22	23	24	25	26	27	28	29	
0	1	2	3	4	5	6	7	9	10	11	13	16	17	18	21	22	25	26	27	29	
1	2	4	5	6	7	9	10	11	12	13	15	16	17	18	20	23	24	25	27	29	
0	1	2	3	5	6	7	8	9	10	11	13	14	15	17	18	19	20	21	23	24	25	28	29	
0	3	5	7	8	10	11	14	15	16	17	18	19	20	22	24	25	26	27	28	29	
0	1	3	4	6	7	8	10	12	14	15	16	18	19	20	21	22	23	24	25	26	27	28	29	
0	2	4	5	6	7	8	9	10	12	13	15	16	18	20	21	22	23	24	25	26	27	28	29	
0	1	2	3	5	6	7	8	9	12	14	15	16	18	20	21	22	23	24	25	26	27	28	
1	2	3	4	5	8	9	10	11	12	13	14	16	17	18	20	22	23	24	25	26	27	29	
0	1	3	4	5	6	7	8	9	11	12	14	15	16	18	19	20	21	24	25	26	27	28	29	
0	1	2	3	4	5	6	7	8	9	11	12	13	14	15	16	17	18	21	25	27	28	29	
0	1	2	3	4	5	6	9	11	12	13	14	15	16	17	18	19	21	22	23	26	27	28	29	
0	1	2	3	4	5	6	7	8	10	11	13	17	18	19	21	22	23	24	25	26	27	28	29	
0	1	2	3	4	5	6	7	8	9	10	12	14	15	16	17	18	19	20	21	22	24	27	
1	3	4	5	6	7	9	10	11	12	13	14	16	17	19	20	21	22	23	25	27	28	
0	1	3	5	6	8	11	12	13	15	16	18	20	21	22	23	24	25	26	28	29	
1	4	5	6	7	8	10	11	12	15	16	18	19	20	21	22	23	25	26	27	28	29	
1	2	3	4	5	6	7	9	10	12	13	14	15	16	17	18	19	20	25	26	27	29	
0	2	4	5	7	9	10	11	12	14	15	16	19	21	22	24	25	26	27	28	29	
0	1	2	3	4	5	6	8	9	11	12	13	14	16	17	18	20	21	22	24	25	26	28	29	
0	1	2	3	4	5	6	8	9	10	12	13	14	16	17	18	20	21	23	28	29	
0	4	5	6	7	8	9	10	11	12	15	16	17	18	21	22	23	24	25	26	27	29	
1	2	3	4	5	6	7	8	9	10	11	12	13	14	15	16	17	19	20	21	23	26	29	
0	1	2	3	4	5	8	9	10	12	13	14	18	19	20	22	23	25	26	27	29	
1	3	4	5	8	9	10	11	12	13	15	16	18	19	20	21	22	23	24	25	26	28	29	
0	1	3	4	6	9	10	11	12	13	14	15	16	18	19	20	21	22	23	24	25	27	29	
0	1	3	4	6	7	9	10	11	12	13	14	15	17	19	20	22	23	24	25	26	28	29	
0	3	5	6	7	8	9	10	12	13	17	18	19	20	22	23	24	25	26	28	29	
0	1	2	4	6	7	8	9	11	12	13	14	15	16	17	19	20	22	23	24	25	28	29	
0	1	4	5	6	8	9	10	11	12	13	17	18	19	20	21	23	24	25	26	27	28	29	
1	2	3	4	5	8	9	10	11	14	15	17	20	21	22	24	25	26	27	28	29	
0	1	2	3	5	6	7	8	9	11	12	13	14	16	17	18	19	20	21	23	24	26	27	
0	1	3	5	6	7	9	10	12	15	16	17	18	19	20	21	22	23	25	26	27	28	29	
0	1	2	3	5	6	7	10	11	12	14	15	16	17	18	19	20	21	22	24	26	27	28	
0	1	2	3	4	5	6	7	8	9	10	12	14	15	17	18	19	21	22	26	27	29	
0	2	3	5	6	7	8	9	10	11	12	13	14	18	19	20	21	22	23	25	27	28	29	
0	1	2	3	5	6	7	10	12	13	17	19	20	21	22	23	24	25	26	27	28	29	
2	3	5	6	7	8	9	10	11	13	16	17	18	19	20	21	22	23	24	25	26	27	28	29	
0	1	3	4	6	7	8	10	12	14	16	17	18	19	20	21	22	23	24	25	26	27	
1	2	3	4	5	7	9	10	11	12	15	16	17	18	20	21	22	23	24	25	26	27	28	29	
1	2	3	4	5	6	8	9	11	12	13	14	15	16	18	19	21	23	26	27	28	29	
0	1	2	3	7	8	10	11	13	15	17	18	19	20	21	23	24	25	26	27	28	29	
0	2	3	4	5	7	8	9	10	13	14	15	18	19	20	21	22	23	24	25	26	27	29	
0	1	2	3	5	6	7	8	9	10	11	14	16	17	18	20	22	23	25	26	27	
0	1	2	3	4	5	6	7	8	9	12	13	14	18	19	20	21	22	23	24	26	27	28	29	
0	2	4	5	7	8	9	10	11	12	13	14	16	17	18	19	20	21	22	23	25	27	29	
0	2	3	4	5	6	7	8	11	12	13	15	16	17	18	19	21	23	25	26	27	
0	1	2	3	4	5	7	8	9	10	11	13	14	16	17	18	21	22	23	24	27	28	29	
0	1	3	4	5	6	7	10	12	13	14	16	17	18	19	22	23	25	26	28	29	
0	2	3	4	7	8	9	10	11	12	14	15	16	18	20	21	22	24	25	28	29	
0	1	2	3	5	6	7	9	10	11	14	15	17	18	19	21	22	23	24	25	27	
0	1	2	3	6	7	8	9	10	11	13	15	17	18	22	24	25	26	27	28	29	
0	1	2	3	4	7	9	11	12	13	14	15	17	18	19	20	21	22	23	24	26	27	
0	1	2	3	5	6	7	8	9	11	12	14	15	16	17	19	23	24	25	26	27	
1	3	4	6	7	10	11	12	13	14	15	17	19	20	21	22	23	24	26	27	28	29	
0	1	2	3	5	6	7	8	9	12	13	14	16	18	19	20	21	22	23	24	25	26	27	29	
0	2	3	4	5	6	7	8	12	13	14	15	16	17	18	19	21	24	25	26	28	29	
1	3	4	6	7	8	9	10	11	13	14	15	16	17	18	19	20	21	22	23	24	25	26	
0	1	3	4	5	6	7	8	9	11	13	14	15	18	19	20	21	22	23	24	25	26	27	29	
0	2	3	4	5	6	7	8	9	11	12	14	15	16	18	19	21	23	24	25	26	27	29	
0	1	3	4	5	7	8	10	11	13	14	15	16	18	19	20	21	22	23	25	26	27	28	29	
2	3	4	5	6	7	8	9	10	13	14	15	16	17	18	21	22	23	24	25	26	27	28	
0	2	3	4	5	7	8	9	10	14	15	16	17	18	19	20	21	22	23	24	25	26	27	28	
1	2	3	5	6	7	8	9	10	12	13	14	15	16	18	19	20	21	23	26	27	28	29	
1	2	4	5	6	7	8	10	12	13	14	16	17	18	19	20	23	24	25	26	27	28	29	
0	1	2	4	5	6	8	11	12	13	14	15	16	18	19	20	21	23	24	25	26	27	28	29	
1	3	4	6	7	9	10	11	13	14	15	16	17	19	22	23	24	25	26	27	29	
0	2	4	5	7	9	10	11	14	15	16	17	18	19	20	21	22	23	24	25	28	29	
0	2	3	5	6	7	8	9	10	11	13	14	15	17	18	19	20	22	23	25	26	27	
0	1	3	4	5	6	9	11	12	14	15	17	18	19	20	21	22	23	24	25	26	
0	3	4	5	8	12	13	14	15	16	17	18	19	20	21	22	23	24	25	26	28	29	
1	2	3	4	5	6	7	8	10	11	12	13	14	15	17	19	21	22	23	24	25	26	27	29	
0	1	2	3	4	5	8	9	10	11	13	14	15	17	19	22	23	24	25	26	27	28	29	
0	1	3	5	6	7	8	9	11	14	15	16	17	18	19	20	21	22	24	26	27	28	29	
1	3	4	5	6	7	9	11	12	15	16	17	18	19	21	22	23	25	26	27	29	
0	1	2	4	7	8	9	10	11	12	13	14	15	16	17	18	19	20	22	24	26	28	29	
0	3	4	6	7	8	10	11	12	13	14	15	16	17	18	19	21	22	23	24	26	27	28	29	
0	1	2	3	4	5	6	9	10	11	13	14	15	17	20	21	23	24	25	26	28	29	
0	1	2	3	5	6	8	9	10	11	14	15	17	19	20	22	23	24	25	26	28	29	
0	1	2	3	4	5	7	8	9	11	12	13	14	15	16	17	18	19	20	21	22	24	26	27	
1	2	3	6	7	10	11	12	13	14	17	18	19	20	22	23	24	26	27	28	29	
1	2	4	6	7	8	10	12	13	14	15	16	17	18	19	20	21	22	24	25	26	
0	1	3	4	5	6	7	8	9	13	14	15	16	17	18	19	21	23	24	25	26	27	28	29	
0	2	3	4	7	8	9	10	11	13	14	15	16	17	19	20	22	23	26	27	28	29	
0	1	2	3	6	7	8	9	11	12	13	14	15	16	19	21	22	24	25	28	29	
0	2	3	4	5	6	8	9	10	11	13	15	16	17	18	19	20	21	22	23	24	26	29	
0	3	4	6	9	10	11	12	13	14	16	18	19	20	21	22	23	24	27	28	29	
0	1	2	4	5	6	11	12	13	14	15	17	19	20	21	22	23	24	25	26	27	28	29	
1	2	3	4	5	7	8	9	10	12	15	17	18	19	21	22	23	25	26	27	28	
0	1	3	5	6	7	11	12	13	14	15	16	17	18	19	21	22	23	24	25	26	27	28	29	
0	4	5	6	8	9	10	12	14	15	16	17	20	21	22	23	24	25	27	28	29	
0	3	4	5	6	7	8	9	11	12	13	14	15	18	19	21	22	23	24	25	27	28	29	
1	3	4	5	8	9	10	11	12	13	14	15	16	18	20	21	22	23	24	26	27	28	29	
0	1	2	3	4	5	7	8	9	10	11	12	13	14	16	18	20	21	22	27	29	
0	1	3	4	5	6	7	8	10	11	13	16	17	18	19	20	21	22	23	24	25	27	28	29	
0	2	3	4	5	6	7	9	11	13	15	16	17	19	20	21	22	24	26	27	28	29	
0	1	2	3	4	5	7	10	11	12	13	14	15	16	18	19	20	21	22	23	25	26	29	
0	2	4	5	6	7	9	10	11	12	14	15	16	18	19	22	24	26	27	28	29	
0	1	3	4	6	8	9	10	12	13	14	15	16	17	18	19	20	21	22	24	25	27	29	
0	1	2	5	6	7	8	9	10	11	12	16	17	18	19	20	21	22	23	24	25	27	28	29	
1	3	4	5	6	9	10	11	15	16	17	18	19	20	21	22	24	25	26	27	28	
0	1	3	4	5	6	9	11	12	13	14	15	16	17	18	20	23	24	25	26	28	29	
0	1	2	3	4	5	6	8	9	10	11	12	13	14	16	18	19	20	22	23	24	26	27	29	
0	1	3	4	5	6	8	9	10	13	14	15	16	17	18	19	20	21	23	24	25	28	29	
0	1	2	4	5	6	7	9	10	11	12	13	14	15	16	18	23	24	25	27	28	29	
1	2	3	4	5	6	8	11	12	13	15	17	19	20	21	23	25	26	27	28	29	
1	2	3	4	5	6	7	8	9	10	11	14	15	16	20	21	22	23	24	27	29	
0	1	2	4	5	6	7	8	9	10	11	12	14	17	19	22	23	24	25	27	28	29	
1	2	3	4	5	6	7	9	11	12	13	15	16	17	18	19	21	22	23	25	27	28	
1	2	3	4	5	6	7	8	10	12	13	15	16	17	19	20	21	22	23	24	26	27	28	29	
0	1	2	4	7	8	9	10	11	12	15	16	18	19	20	22	24	26	27	28	29	
0	1	2	5	6	7	8	10	11	12	13	14	15	16	18	19	20	21	22	23	24	26	27	29	
3	4	5	6	7	8	9	10	11	13	14	16	17	18	19	20	21	22	23	24	26	27	29	
1	2	3	5	6	7	8	11	12	14	16	17	18	19	20	21	22	24	25	26	29	
0	1	2	3	5	6	7	9	10	12	13	14	15	16	17	19	20	21	22	23	24	25	26	27	
0	3	4	7	8	9	11	14	15	16	17	18	19	20	21	22	23	24	25	26	28	29	
0	1	2	4	6	8	9	10	12	13	15	16	17	19	20	21	22	23	24	25	26	27	28	29	
0	1	2	3	4	5	6	7	8	9	11	12	13	17	18	20	21	22	23	25	27	28	29	
1	2	3	4	5	6	7	8	10	11	12	14	15	16	18	20	21	22	25	26	28	29	
0	1	2	4	5	6	8	9	12	13	14	15	16	17	19	20	22	23	24	25	26	27	28	29	
0	1	2	3	4	7	8	10	11	12	13	14	15	16	17	19	20	23	24	26	28	29	
1	2	3	4	6	7	8	10	12	13	14	15	17	18	20	21	22	23	24	25	26	27	28	29	
0	1	3	4	5	6	7	9	10	11	12	13	14	16	18	20	21	22	24	26	27	29	
1	2	3	4	6	8	9	11	12	14	15	16	17	18	19	20	22	23	24	25	26	27	
0	1	3	5	7	9	10	11	12	13	14	15	17	18	19	22	23	24	25	26	27	28	
0	2	4	5	7	8	9	10	11	12	13	14	15	16	17	18	19	20	22	23	24	25	
0	1	2	3	4	5	7	8	9	11	12	15	16	17	18	19	20	21	22	23	24	25	27	
0	1	2	3	4	5	6	10	12	13	14	15	16	17	19	20	21	22	24	28	29	
0	1	2	3	4	6	7	8	9	10	11	12	14	16	17	19	20	23	24	25	27	29	
0	1	2	5	7	9	10	11	12	13	14	15	16	17	18	19	20	21	22	23	24	27	28	29	
2	5	9	10	11	13	14	15	16	17	18	19	20	21	23	24	25	26	27	28	29	
1	2	3	4	5	6	8	10	12	15	16	17	18	19	20	21	23	24	25	26	27	28	29	
0	1	3	5	6	8	9	10	11	12	15	16	18	19	20	21	22	24	25	26	27	28	
2	3	5	6	7	8	9	10	11	13	14	15	16	17	18	19	20	22	24	26	28	29	
0	1	2	3	4	6	7	8	10	11	12	13	14	15	16	17	20	21	22	23	24	27	28	
0	1	4	6	7	9	10	11	12	13	15	17	19	20	21	23	24	26	27	28	29	
1	2	3	4	7	8	9	10	11	12	14	15	18	19	20	23	24	25	26	28	29	
0	1	2	3	4	5	6	8	9	10	12	13	15	16	17	18	20	22	25	27	28	
0	1	2	3	6	7	8	11	12	13	15	16	17	19	20	21	22	24	25	26	29	
0	1	2	4	5	6	7	8	9	10	11	15	16	18	19	20	21	22	23	25	26	
0	2	3	4	5	7	8	9	12	14	15	16	17	18	19	20	22	23	25	26	27	28	29	
1	2	3	4	6	8	9	11	13	14	16	17	18	19	20	21	22	23	24	25	28	29	
0	1	3	4	5	6	7	8	10	11	12	13	14	16	18	19	20	21	23	25	26	27	28	29	
0	1	2	3	4	6	7	8	9	10	11	14	15	16	18	19	20	21	22	23	25	27	28	29	
0	1	2	3	4	5	6	7	8	9	10	11	12	13	14	15	17	18	19	20	21	22	29	
0	1	2	3	5	6	7	9	10	12	13	14	15	16	17	18	19	20	21	22	24	27	28	29	
2	3	4	5	7	8	9	10	13	14	15	16	17	18	19	20	21	23	26	27	28	29	
0	1	2	3	4	5	7	8	9	10	12	13	15	16	17	19	20	21	22	23	25	28	29	
0	1	3	4	5	6	7	8	9	10	11	12	13	16	17	19	22	23	24	25	26	28	29	
0	1	2	4	5	6	7	8	9	11	12	13	15	16	17	18	19	20	21	23	25	26	28	29	
0	1	2	3	4	6	7	9	10	11	12	13	16	17	22	23	25	26	27	28	29	
4	5	6	7	8	9	10	11	12	13	14	15	17	18	19	20	21	22	23	25	26	27	28	29	
0	1	2	5	6	7	8	10	12	13	15	16	17	18	19	20	21	23	25	28	29	
0	2	4	5	9	10	11	13	14	16	18	19	20	21	22	23	24	25	26	27	28	29	
1	2	5	6	7	8	9	10	11	13	14	15	17	18	19	20	22	24	26	28	29	
1	3	4	5	6	7	9	10	11	12	13	14	16	18	19	20	22	24	25	26	27	28	29	
1	5	6	7	8	9	10	11	12	14	15	16	18	19	20	22	23	24	25	26	27	28	29	
0	1	2	4	5	6	7	8	9	10	13	14	15	16	17	18	20	21	22	24	26	27	28	29	
1	2	3	4	5	8	9	10	11	12	13	14	16	17	18	20	21	22	24	25	26	27	28	29	
0	1	2	3	6	7	8	10	11	13	15	16	17	18	19	20	22	23	25	26	27	28	29	
0	1	2	3	4	6	7	8	9	10	11	13	14	15	16	17	19	20	21	22	23	24	27	29	
0	1	2	4	6	8	10	11	12	14	15	16	17	18	20	21	22	23	24	25	26	27	28	29	
0	1	2	3	4	5	6	7	8	9	10	11	14	15	16	17	19	20	21	25	26	27	28	
0	1	3	4	5	6	7	8	10	12	13	14	15	17	18	19	20	21	22	23	25	26	27	28	
0	2	3	5	6	7	9	10	11	13	14	15	17	18	19	22	23	24	25	26	27	28	29	
0	1	2	3	4	6	7	8	9	10	11	14	15	16	17	19	21	22	25	26	27	28	29	
0	1	3	4	6	9	10	11	12	13	15	16	17	18	19	20	21	23	24	25	26	27	28	
1	2	3	6	7	8	10	12	13	15	16	19	20	21	22	23	24	25	27	28	29	
0	1	2	3	4	7	9	12	13	14	15	16	17	19	20	21	22	24	25	26	29	
0	1	2	3	5	6	7	9	11	12	13	14	15	17	19	20	21	22	23	24	25	26	
0	2	3	4	5	6	8	10	11	12	13	14	15	16	17	18	19	23	24	26	27	28	
0	1	2	3	5	6	7	8	11	12	13	14	15	16	17	18	19	21	23	25	26	27	28	29	
0	1	2	4	5	6	7	8	9	10	12	13	14	15	17	19	20	21	22	24	25	26	29	
0	1	2	3	4	7	8	9	10	11	12	13	14	16	17	18	20	21	23	24	25	26	27	28	
0	2	4	5	7	9	10	12	13	14	15	16	17	18	19	20	21	22	23	25	26	28	29	
0	1	2	3	4	5	6	10	11	12	13	14	15	16	19	24	25	26	27	28	29	
0	1	2	4	5	7	8	9	10	12	13	14	15	16	17	20	21	22	23	24	27	29	
0	2	3	6	7	8	9	10	12	16	17	18	19	20	23	24	25	26	27	28	29	
0	1	2	3	4	5	6	7	8	10	11	12	14	15	16	18	19	21	22	24	26	
0	1	4	5	6	7	11	12	13	14	16	18	20	21	22	23	24	25	26	27	28	29	
0	1	2	3	4	5	6	7	8	10	11	12	13	14	15	16	18	20	21	22	24	26	27	29	
1	3	4	5	6	7	8	9	10	12	14	15	16	17	18	20	22	23	26	27	28	
0	1	2	3	4	5	6	7	10	11	12	13	14	15	16	17	18	19	21	23	24	26	28	29	
1	2	3	5	7	8	9	10	11	13	14	15	16	17	18	19	20	21	22	23	24	25	26	29	
1	2	3	4	5	6	7	8	9	11	13	14	15	16	18	19	21	23	24	25	26	27	28	
1	3	4	5	6	7	8	9	11	13	14	15	16	17	19	20	21	22	23	24	25	27	28	29	
0	3	4	5	6	7	8	9	11	13	14	15	16	18	19	20	22	23	24	25	26	27	28	29	
1	3	4	5	6	7	8	10	11	12	13	14	16	17	18	19	20	21	22	23	24	25	27	29	
0	1	2	5	6	7	8	10	11	14	15	16	18	19	21	22	24	25	26	27	29	
2	3	4	5	6	7	9	10	11	12	13	14	17	18	19	20	21	22	23	24	25	26	27	28	
0	1	3	4	5	7	8	10	11	12	13	14	15	17	20	21	22	24	25	26	27	28	
0	1	2	3	4	5	6	7	8	9	11	13	15	16	17	19	20	21	22	25	26	27	28	29	
1	4	5	6	7	8	9	11	12	13	14	15	16	17	19	22	23	24	25	28	29	
1	4	5	6	7	8	9	10	12	14	16	17	18	19	20	21	22	23	24	25	27	28	29	
2	3	7	8	9	11	12	14	15	16	17	18	19	20	21	22	23	24	26	27	28	29	
0	1	2	3	4	5	6	8	11	13	14	16	17	19	21	23	24	25	26	27	29	
1	2	3	5	7	9	10	11	12	13	15	16	17	18	19	20	21	22	23	24	26	27	28	29	
0	2	3	5	6	8	9	10	11	12	13	15	16	17	19	20	22	23	24	26	27	28	29	
0	1	2	5	7	8	9	10	12	13	15	16	19	20	21	22	25	26	27	28	29	
0	2	3	5	6	7	9	10	12	13	14	15	16	17	18	19	20	23	24	25	26	28	29	
0	1	2	3	5	6	7	9	10	11	12	13	14	15	16	17	20	23	24	28	29	
0	2	4	5	6	7	11	12	13	14	15	16	19	20	21	22	23	25	26	27	28	
0	1	2	4	5	7	8	9	10	12	13	14	15	16	17	18	19	20	22	23	24	26	27	29	
0	1	2	3	4	5	6	7	8	9	10	11	12	13	14	15	17	18	20	22	23	24	26	
0	1	3	4	5	6	7	8	9	10	11	12	13	15	16	17	18	19	20	23	24	26	28	29	
0	1	2	4	7	9	10	11	12	13	14	15	16	18	19	20	21	22	23	24	25	26	27	
0	1	2	3	4	5	6	7	8	9	10	11	13	15	18	19	20	21	24	26	27	28	29	
0	1	2	3	4	5	6	7	9	10	12	13	14	15	16	18	19	20	21	22	25	27	28	
0	1	5	6	7	9	12	13	14	15	16	17	18	19	20	21	22	23	24	25	27	28	29	
0	2	3	4	5	6	7	9	11	12	13	15	16	17	18	19	20	21	22	23	24	25	28	29	
1	2	3	5	6	8	9	10	11	12	13	14	15	16	17	18	19	20	21	22	25	27	28	29	
0	1	2	4	5	6	7	8	9	11	12	13	14	15	16	19	20	21	22	23	26	27	28	29	
1	2	3	5	6	7	8	10	12	13	14	15	16	17	19	20	21	22	23	24	25	26	27	29	
0	1	2	3	4	5	6	7	8	9	10	11	12	14	15	16	18	21	22	24	27	29	
0	1	4	5	6	7	8	9	10	12	14	15	17	18	19	21	22	24	26	27	28	29	
0	2	4	5	6	7	8	9	11	12	16	17	18	19	20	21	23	24	25	26	27	28	
2	3	4	5	6	7	9	10	11	12	13	14	15	17	21	22	23	26	27	28	29	
0	1	2	4	5	6	7	8	9	10	13	14	16	17	18	19	20	21	22	25	26	27	28	
1	2	3	4	5	7	9	10	11	12	13	14	15	17	18	20	22	23	24	25	26	27	28	29	
0	1	3	4	5	6	7	8	9	10	11	12	13	14	15	16	17	19	20	22	25	26	28	29	
0	2	4	6	7	8	10	11	12	14	15	16	18	19	21	22	23	24	25	26	27	29	
2	4	5	6	7	8	9	10	11	12	13	15	16	17	19	20	21	23	24	25	26	27	
0	1	2	4	5	6	9	10	11	12	13	14	15	17	18	19	22	23	24	25	26	27	28	29	
0	1	2	5	6	7	8	9	10	11	12	15	16	17	20	21	22	23	25	26	27	28	29	
0	1	2	3	4	5	6	7	8	11	12	14	16	17	19	20	23	25	26	28	29	
0	1	2	3	4	5	6	8	10	13	14	15	16	20	21	22	23	24	25	27	28	29	
1	2	3	4	5	7	8	9	10	11	12	13	15	16	17	20	21	22	23	24	26	27	29	
0	3	7	8	10	12	13	14	15	16	18	19	20	21	22	23	24	25	26	27	29	
0	1	2	5	7	9	13	14	15	16	17	18	19	20	21	22	23	24	25	27	29	
0	2	5	6	8	9	10	11	13	14	15	16	17	18	19	20	21	24	25	26	28	
0	3	4	7	8	9	10	11	13	14	15	17	18	19	20	22	24	25	26	27	28	29	
1	2	3	4	5	6	7	8	10	11	12	13	14	15	16	17	18	19	20	21	23	26	28	29	
1	2	4	5	6	7	8	9	10	12	13	14	15	16	17	18	19	20	22	23	24	25	28	29	
0	1	2	3	4	5	6	9	10	12	14	16	18	19	20	21	22	23	24	25	26	28	29	
0	1	2	3	4	5	6	7	10	11	12	14	18	19	20	21	24	25	27	28	29	
0	2	3	5	7	8	9	10	11	12	13	14	15	17	18	20	21	22	23	25	26	28	29	
0	1	3	4	6	7	8	9	10	12	14	16	17	18	19	20	21	24	25	27	28	
0	3	4	5	6	9	11	12	13	14	16	17	18	19	20	21	22	24	25	27	28	29	
0	1	2	3	4	5	6	8	9	10	11	13	14	15	16	17	18	19	20	21	23	24	26	27	
0	1	2	4	5	7	8	10	11	12	13	15	16	17	20	21	22	23	24	25	26	27	29	
0	2	3	7	9	10	11	12	13	14	15	16	17	19	20	21	22	23	24	25	26	27	28	29	
0	1	2	3	5	6	7	8	9	10	12	13	14	15	16	18	19	20	21	23	24	25	26	
0	1	3	4	5	7	8	9	11	12	13	14	15	16	17	18	19	21	22	23	24	25	26	28	
0	1	2	4	5	6	7	9	12	13	15	16	17	18	19	20	21	22	23	24	25	26	27	29	
0	1	2	3	6	7	8	10	11	12	13	14	15	18	19	22	23	24	25	27	28	
1	2	3	4	5	7	9	10	11	12	13	14	15	16	19	21	22	23	24	25	26	27	
2	3	4	5	6	7	8	10	12	13	15	16	17	18	20	21	22	23	24	26	27	28	29	
0	2	3	4	5	6	7	9	10	11	14	16	17	18	19	20	21	22	23	24	25	26	28	29	
0	1	2	3	4	5	6	7	8	9	10	11	12	14	15	17	19	20	22	23	25	27	28	29	
0	2	3	4	5	6	9	10	11	12	13	14	15	16	17	18	21	22	23	24	25	26	27	29	
1	2	3	4	6	7	9	11	12	13	15	16	18	19	20	21	22	23	24	25	26	28	29	
0	1	2	4	5	7	8	9	11	12	13	14	15	18	19	21	22	23	24	26	27	28	29	
0	1	2	5	6	7	11	14	16	17	18	19	20	21	23	24	25	26	27	28	29	
0	1	3	4	7	8	9	10	11	12	14	15	16	17	19	20	21	22	23	24	26	27	28	29	
0	3	4	6	7	9	10	11	12	14	15	16	18	19	20	21	22	23	24	25	26	27	28	29	
0	1	2	3	4	5	6	7	11	12	14	15	16	17	18	19	20	21	23	24	25	27	28	
1	2	3	6	7	8	9	11	12	13	15	18	20	21	22	24	25	26	27	28	29	
0	1	2	3	4	5	6	7	10	11	14	15	16	18	20	21	22	24	25	27	28	29	
0	1	2	3	6	8	9	11	12	13	15	16	18	19	20	21	22	24	25	26	27	29	
0	2	3	4	5	6	7	8	9	11	12	13	16	17	18	20	21	22	23	24	25	27	28	29	
0	1	2	3	4	5	6	7	8	9	10	11	12	14	17	19	20	23	24	26	28	29	
1	2	3	5	7	8	10	13	15	16	17	18	19	20	21	22	23	24	25	26	29	
1	2	3	5	6	8	9	10	11	12	13	14	16	17	20	21	22	23	24	25	26	28	29	
0	1	2	4	5	6	8	10	11	12	13	14	16	17	20	21	24	25	26	27	28	29	
0	1	3	4	6	9	12	13	14	15	16	17	18	19	20	21	22	23	25	26	27	28	29	
0	2	3	4	5	6	7	8	9	10	14	17	18	19	20	21	22	25	26	27	28	
2	3	4	5	6	8	9	10	12	13	14	15	17	18	20	21	22	24	25	26	28	29	
0	1	2	3	6	8	10	11	12	13	14	15	17	18	19	20	22	23	24	25	26	27	28	29	
0	1	4	5	6	8	9	12	13	14	15	16	17	18	19	20	21	22	24	25	27	28	
1	3	4	5	6	7	8	9	11	12	14	15	16	17	18	20	23	25	26	27	28	29	
0	2	3	4	5	8	9	10	12	13	14	15	16	17	18	20	21	22	25	26	27	28	
0	1	4	5	6	7	8	9	11	12	13	14	15	16	18	20	21	22	23	25	26	27	28	29	
0	1	2	4	5	6	9	10	11	12	14	15	16	17	19	20	21	23	24	25	26	27	29	
0	1	2	4	6	7	8	9	10	11	12	13	14	15	16	17	18	21	22	24	25	27	28	29	
2	3	4	5	6	7	8	10	11	14	16	19	20	22	23	24	25	26	27	28	29	
1	2	3	4	5	6	7	8	9	10	12	14	15	17	18	19	20	21	22	24	25	26	28	29	
0	1	2	3	4	5	6	7	8	9	10	12	14	15	18	19	21	22	25	26	28	
0	1	3	5	6	8	9	10	11	12	13	14	15	16	17	18	19	21	23	24	26	27	28	
0	1	2	4	5	6	9	10	12	13	14	15	16	17	18	20	21	22	23	24	26	27	28	29	
2	4	5	6	8	9	10	11	12	15	16	17	18	19	20	21	25	26	27	28	29	
1	2	3	5	7	9	10	13	14	15	16	17	19	20	22	23	24	25	26	27	28	29	
0	1	2	3	4	7	8	9	10	11	12	14	15	16	17	18	19	20	23	25	26	27	28	29	
0	2	3	4	5	6	9	10	11	12	13	15	16	18	19	20	22	23	24	26	27	28	29	
0	1	4	5	7	8	9	11	12	13	14	15	16	18	19	20	21	23	25	26	27	28	29	
0	2	3	5	6	7	8	9	10	12	13	14	15	16	17	20	21	22	23	24	25	27	28	
0	1	2	4	5	8	9	10	12	13	14	15	16	17	18	20	21	23	24	25	27	28	
0	1	2	3	4	5	6	7	8	9	10	12	14	15	16	17	18	19	20	22	23	24	26	28	
0	4	5	6	7	8	9	10	11	12	13	15	16	17	19	20	21	22	23	24	25	26	27	29	
1	2	3	5	6	7	8	9	11	12	16	17	18	19	20	23	24	26	27	28	29	
0	3	7	8	9	10	11	12	14	15	16	17	18	19	20	21	22	23	25	26	27	28	29	
0	1	2	3	4	5	8	9	12	13	15	16	17	18	19	21	22	24	25	26	28	29	
1	2	4	5	6	8	10	11	13	14	15	16	17	18	19	20	21	22	23	24	25	27	28	29	
0	3	4	5	6	10	11	12	13	14	15	16	17	19	20	21	22	23	24	25	26	27	29	
0	2	3	4	5	6	7	8	9	10	12	13	14	17	18	19	21	22	23	25	26	27	28	29	
0	1	2	3	4	5	6	8	10	11	13	14	15	16	17	19	21	22	23	25	28	
0	2	3	4	5	6	8	9	11	13	14	16	19	20	21	22	23	24	25	26	27	28	29	
0	1	2	3	4	5	6	7	8	9	10	11	14	16	19	20	21	22	24	25	26	28	
0	1	2	4	5	6	7	8	10	11	12	13	14	16	17	18	20	21	22	23	25	27	28	29	
0	1	2	3	4	6	7	9	11	14	15	16	17	18	19	20	21	24	26	27	29	
1	3	5	6	7	8	9	10	11	13	14	15	19	20	21	22	23	24	25	26	27	
0	2	4	6	7	8	9	10	11	12	14	15	18	19	21	22	23	24	25	26	27	28	29	
0	1	2	3	4	5	6	7	9	10	11	12	13	15	16	18	21	22	24	25	26	27	28	29	
0	1	3	4	5	6	7	8	9	10	11	12	13	14	16	19	20	21	22	24	28	
0	2	3	4	5	7	9	10	11	12	13	14	15	16	17	19	20	21	22	24	25	26	28	
0	1	2	3	5	7	8	9	12	13	15	16	17	18	19	20	21	22	23	25	26	27	29	
0	1	2	3	4	6	7	8	9	10	11	12	14	15	16	17	19	20	22	23	25	26	27	28	
0	2	3	4	5	9	10	11	12	13	14	15	16	17	18	19	20	21	22	23	24	25	26	27	
0	1	2	3	4	5	6	8	9	10	11	12	14	15	16	17	18	19	20	22	28	29	
2	3	6	7	8	9	10	11	12	15	17	18	19	20	21	22	23	24	26	27	28	29	
0	1	3	4	5	7	8	9	10	12	15	16	17	18	20	22	23	24	26	27	29	
0	1	2	3	4	5	6	7	8	9	10	11	12	13	14	15	16	18	19	20	24	25	26	
0	2	3	4	5	6	7	8	9	10	11	12	14	15	16	17	18	19	20	21	24	26	28	29	
2	3	4	5	7	8	9	10	11	12	13	14	15	16	19	20	21	22	24	28	29	
0	2	3	4	5	6	7	8	9	10	11	13	14	15	16	17	18	19	20	21	23	25	
3	4	6	7	9	10	12	13	14	15	18	19	20	21	23	24	25	26	27	28	29	
0	1	2	3	4	5	6	8	9	10	12	13	14	18	20	21	22	23	25	26	27	28	29	
0	1	3	4	5	6	7	8	9	10	11	13	14	15	18	19	20	21	22	23	25	26	28	
0	1	2	3	4	5	6	7	8	11	12	13	16	18	19	20	21	22	23	25	26	28	
0	1	2	3	4	6	9	12	13	14	15	16	17	18	19	21	22	24	25	27	28	29	
1	2	3	4	5	6	7	8	11	12	14	16	17	19	20	22	24	25	27	28	29	
0	2	3	4	6	8	10	13	14	15	16	17	18	19	21	22	23	24	26	27	28	
1	2	3	4	5	6	7	8	11	12	13	14	17	18	19	20	21	22	23	24	26	27	28	29	
0	1	2	7	8	10	11	12	14	16	17	18	19	20	21	23	24	25	26	27	28	
0	2	3	5	7	8	9	11	12	13	15	18	19	21	22	23	25	26	27	28	29	
1	2	5	6	7	8	9	10	12	14	15	16	17	18	19	20	21	23	26	27	29	
0	2	3	4	6	8	10	11	12	13	14	15	16	17	18	19	21	22	23	24	26	28	
0	1	2	3	4	5	6	8	10	11	12	13	18	20	21	22	23	24	25	26	29	
0	2	3	4	5	7	8	9	10	11	12	13	14	16	17	18	19	21	24	25	26	27	28	29	
0	1	2	3	5	6	8	9	11	13	15	16	17	19	20	21	23	24	25	26	28	
0	1	2	3	5	6	9	10	11	13	15	17	18	19	20	21	22	23	25	26	27	28	29	
0	1	2	3	4	5	6	12	14	15	16	17	20	21	22	23	24	25	26	27	28	
0	1	4	5	6	8	9	10	11	12	13	14	15	18	19	20	21	22	25	26	27	28	29	
1	3	4	5	6	8	9	10	11	12	14	16	17	18	19	20	22	23	24	25	27	29	
0	1	2	4	5	6	8	10	11	12	13	14	16	18	19	20	21	25	26	27	28	29	
1	2	3	5	6	7	8	9	10	11	12	13	15	16	17	19	20	23	24	26	27	28	
2	3	4	5	6	7	8	9	10	12	14	15	16	17	18	19	20	22	25	26	27	28	29	
0	1	2	4	5	6	7	8	9	10	11	12	13	15	16	18	21	22	23	24	25	27	28	29	
0	1	2	3	5	9	10	11	13	14	15	16	17	18	20	21	22	24	26	27	28	29	
0	1	2	4	5	6	8	10	11	12	13	14	15	16	17	18	19	20	21	22	23	27	28	29	
0	1	3	5	6	7	8	11	12	13	14	16	17	18	19	20	23	25	26	28	29	
0	3	4	5	6	7	8	10	11	12	13	14	15	16	17	19	21	22	23	27	28	29	
1	3	4	6	7	8	10	12	13	14	15	16	17	18	19	21	23	24	25	26	27	28	29	
0	1	2	3	5	6	8	10	11	12	13	14	15	16	17	23	24	25	27	28	29	
0	3	4	5	7	8	9	10	11	13	14	16	18	19	20	21	23	24	25	26	28	
0	1	3	4	6	8	9	11	12	13	14	15	16	18	19	21	22	23	24	25	26	
1	3	5	6	7	8	9	10	11	12	13	16	17	18	19	21	22	23	24	25	26	29	
0	1	2	4	5	6	7	8	9	10	11	13	15	16	17	18	19	20	22	25	26	27	29	
0	1	2	3	4	5	7	8	9	10	12	13	14	17	18	20	21	22	23	24	26	27	28	29	
2	3	4	5	6	7	9	12	13	14	15	16	17	18	21	22	24	25	27	28	29	
0	2	4	5	10	11	12	13	14	15	16	17	18	19	20	21	22	23	24	25	26	27	28	29	
0	1	2	3	5	6	7	8	9	10	11	12	13	14	16	18	19	20	21	23	24	25	27	
0	1	2	4	5	7	10	11	12	14	15	16	17	18	19	20	21	22	23	24	26	28	29	
0	1	2	4	5	7	12	13	14	15	16	17	18	19	20	21	22	23	24	25	27	28	29	
1	2	3	4	6	7	8	9	10	11	12	13	14	15	17	18	20	21	24	25	26	27	29	
0	2	3	4	6	7	8	10	11	12	13	14	15	18	21	22	23	24	25	26	27	28	29	
0	2	3	5	6	8	9	10	11	12	13	14	15	16	17	18	19	20	22	23	26	27	28	
1	2	3	4	5	6	7	8	9	10	14	15	16	17	18	20	21	22	27	28	29	
0	1	2	3	4	5	6	7	8	10	11	14	15	16	19	20	21	22	23	24	26	27	29	
0	1	4	5	6	7	10	11	12	13	14	15	16	17	20	21	22	24	25	27	29	
0	3	5	6	7	8	9	10	11	12	13	14	15	16	17	18	20	21	22	24	25	26	27	
0	1	2	3	4	5	8	10	11	12	13	14	15	16	17	18	19	20	21	23	25	26	27	28	
2	3	4	5	6	7	8	9	10	11	12	13	14	15	16	17	21	23	25	26	27	28	
0	1	2	3	4	5	6	9	10	12	13	14	15	19	20	21	23	24	25	26	28	29	
0	2	3	4	5	6	8	9	10	11	13	14	17	18	19	20	21	22	25	26	27	28	29	
1	2	3	4	5	8	10	11	12	13	14	15	16	17	19	20	21	24	25	27	28	29	
1	2	3	4	6	7	9	11	12	13	15	16	17	18	19	20	21	22	25	26	27	28	
0	3	4	7	8	9	10	11	12	15	16	17	18	19	20	22	23	25	26	28	29	
0	2	3	8	9	10	11	12	13	14	16	18	19	20	22	24	25	26	27	28	29	
0	1	2	3	5	8	9	11	12	14	15	16	17	18	19	20	22	23	24	25	27	28	29	
0	1	3	4	5	7	9	10	11	13	14	17	18	20	21	22	23	25	26	27	28	
0	1	3	5	8	9	10	11	12	13	14	15	18	19	20	21	24	26	27	28	29	
0	1	2	3	4	5	6	8	9	10	11	13	15	16	17	18	20	21	24	25	26	28	
0	3	5	6	7	8	9	10	11	12	13	17	18	19	20	21	22	24	25	26	28	
0	1	2	3	7	8	9	11	13	15	16	17	18	19	20	22	24	25	26	27	29	
0	1	2	3	4	5	6	7	10	11	12	14	15	21	22	23	25	26	27	28	29	
1	2	4	6	7	8	9	11	12	13	14	15	16	17	18	19	20	21	22	25	27	28	29	
0	1	2	5	6	7	8	10	11	12	13	14	16	17	18	19	20	22	23	24	26	28	
0	1	2	3	4	7	8	9	10	11	12	13	14	15	16	17	18	20	22	23	24	26	27	28	
0	1	3	4	6	7	8	9	11	12	13	14	16	18	19	23	24	25	26	27	28	29	
0	1	2	4	5	6	7	8	10	11	13	14	15	16	17	18	19	22	25	26	27	28	29	
0	1	4	5	6	7	9	10	12	13	14	15	16	17	18	19	20	21	22	24	26	27	29	
0	1	2	3	4	6	7	8	9	10	11	13	15	16	18	19	20	22	23	24	26	29	
0	1	2	5	6	8	9	10	11	12	15	16	17	18	19	20	21	22	23	24	26	28	29	
0	1	2	3	4	5	9	10	11	12	13	14	15	16	17	18	21	22	24	26	27	28	29	
0	1	2	4	5	6	8	9	10	11	12	13	14	15	16	17	21	22	23	24	26	28	
0	1	4	5	6	7	8	12	13	14	15	16	17	18	19	20	23	24	25	26	28	
1	2	3	4	5	6	8	9	10	11	13	16	17	18	19	22	23	24	27	28	29	
1	2	3	4	7	8	9	10	11	12	13	14	15	16	17	18	20	21	22	23	24	25	26	27	
0	2	3	4	5	7	8	10	13	15	16	17	18	20	21	22	23	24	25	26	27	28	
0	1	2	3	5	6	7	9	10	11	12	13	14	15	17	18	19	21	22	23	25	26	27	28	
0	1	2	3	4	5	7	8	9	10	11	12	15	16	17	19	20	23	24	25	26	27	28	29	
0	1	2	8	9	10	11	12	13	16	17	18	19	20	22	23	24	25	26	27	28	29	
0	2	3	4	5	6	7	8	10	11	12	14	15	18	21	22	23	24	26	28	29	
0	1	2	3	5	6	7	10	12	13	14	15	17	18	20	22	23	24	26	27	28	
0	1	3	4	5	8	10	11	12	13	15	17	19	20	21	22	24	25	26	27	28	
1	2	3	4	5	6	7	8	10	11	12	14	15	17	19	20	21	22	23	24	25	26	27	28	
0	1	2	3	4	5	6	8	10	11	12	13	14	15	16	17	19	20	24	25	26	27	28	29	
1	2	3	4	6	7	8	9	10	11	13	15	16	17	18	19	20	22	24	25	26	27	28	29	
2	3	4	5	6	8	11	12	13	14	15	17	18	19	21	22	23	24	25	26	27	29	
0	1	2	3	4	6	7	8	9	10	11	14	15	17	18	19	20	21	22	23	26	27	28	29	
0	1	3	4	7	8	10	11	12	14	15	16	17	19	21	22	23	24	26	27	29	
0	1	2	4	5	6	7	8	10	11	12	13	14	15	17	18	20	21	23	24	25	27	28	
1	2	3	4	6	7	8	10	11	12	13	14	16	19	20	21	22	23	24	25	26	27	29	
0	1	2	3	4	6	8	10	12	13	14	16	17	18	19	21	22	23	24	25	26	28	29	
0	3	5	6	7	8	9	10	12	13	15	16	17	19	20	22	23	24	25	26	27	28	
1	2	3	4	5	7	8	9	10	13	14	15	16	18	19	21	24	25	26	27	28	29	
0	1	2	3	4	5	6	7	8	9	12	13	15	16	17	18	19	22	23	25	26	27	28	29	
123.00	113.87	105.66	97.95	90.88	83.92	77.23	71.54	65.85	61.69	57.62	53.72	49.97	46.38	42.81	39.80	36.89	34.67	32.82	31.33	30.17	29.24	29.00	
118.00	109.90	101.86	94.24	86.76	79.34	72.47	66.87	61.69	56.84	53.02	49.58	46.73	44.20	41.78	39.85	37.96	36.47	35.05	33.69	32.63	32.13	32.00	
112.00	105.28	98.89	92.78	86.77	81.06	75.89	70.87	65.85	61.38	56.95	52.98	49.62	46.38	43.31	40.73	38.35	36.09	34.80	33.73	32.81	32.26	32.00	
115.00	107.17	99.40	91.69	84.10	76.59	69.71	62.84	57.41	52.34	48.09	44.25	40.63	37.55	35.28	34.08	33.37	32.78	32.37	32.17	32.04	32.00	
123.00	115.21	107.97	100.75	94.26	88.00	81.81	75.78	69.92	64.17	58.58	54.09	50.12	46.91	43.77	40.85	37.94	35.39	33.20	31.03	28.99	28.02	28.00	
110.00	101.67	94.19	87.35	81.24	75.29	69.41	64.26	59.70	55.50	51.36	47.45	43.74	40.82	38.14	35.86	33.65	31.48	30.08	29.24	29.00	
107.00	100.18	93.45	86.76	80.08	73.86	67.70	62.20	57.29	52.44	47.70	43.46	41.45	39.48	37.63	35.92	34.22	32.69	31.71	30.95	30.44	30.16	30.05	30.00	
111.00	104.02	97.49	91.45	85.51	79.82	74.32	69.08	64.10	60.02	55.98	52.32	48.81	45.51	42.39	39.45	36.94	35.00	33.12	31.66	30.39	29.12	28.55	28.00	
114.00	106.38	98.91	91.98	85.28	80.05	75.07	70.17	65.44	60.78	56.27	51.88	48.28	44.79	42.00	39.38	37.40	35.62	34.12	32.80	32.00	
116.00	107.21	98.46	90.40	82.93	75.67	69.18	62.85	57.09	52.53	48.18	43.86	39.63	37.37	35.36	33.80	32.54	31.43	30.50	29.62	29.00	
117.00	109.40	101.83	95.33	88.88	83.88	78.95	74.17	69.51	64.87	60.37	55.98	51.62	48.12	44.63	41.91	39.38	36.93	35.05	33.71	32.54	32.00	
110.00	103.81	97.76	91.88	86.16	80.61	75.42	70.80	66.20	62.08	58.10	54.16	50.35	47.11	44.37	41.75	39.62	37.88	36.24	34.82	33.59	32.75	32.02	32.00	
117.00	109.36	101.81	94.39	87.29	80.20	73.38	66.75	61.22	56.20	52.29	48.68	45.30	42.29	39.48	37.02	34.73	32.62	30.92	29.96	29.00	
113.00	104.10	95.34	87.34	80.14	73.80	67.62	61.78	56.13	50.81	45.56	41.23	38.75	36.90	35.26	33.70	32.28	31.34	30.46	29.82	29.31	29.05	29.00	
122.00	114.12	106.28	99.29	92.41	86.05	79.78	73.52	67.97	62.44	57.29	52.36	47.78	44.38	41.26	38.67	36.22	34.04	32.68	32.21	32.05	32.00	
121.00	113.17	106.63	100.13	93.93	87.84	82.02	76.31	70.82	65.54	60.71	56.54	52.41	48.36	44.65	42.16	39.68	37.96	36.57	35.48	34.43	33.46	33.00	
111.00	103.45	96.21	89.07	83.01	77.16	71.33	66.09	61.07	56.36	53.09	50.20	47.31	44.73	42.25	40.06	38.12	36.69	35.30	34.19	33.19	32.32	32.00	
114.00	105.80	98.05	90.64	83.95	77.46	71.07	64.99	59.62	56.08	53.24	50.50	47.76	45.02	42.33	40.31	38.45	36.63	34.90	33.56	32.49	32.23	32.00	
102.00	95.53	89.43	83.76	78.22	72.93	67.67	62.78	58.45	54.15	49.97	45.92	42.03	39.10	36.85	34.81	33.32	31.90	30.54	29.71	28.94	28.58	28.28	28.00	
109.00	103.24	97.78	92.62	87.48	82.76	78.07	73.42	69.06	64.74	60.65	56.62	52.70	48.80	45.07	41.61	38.61	35.70	33.71	32.91	32.52	32.18	32.00	
123.00	116.64	110.31	103.99	98.01	92.06	86.49	80.96	75.67	70.74	66.03	61.51	57.19	53.06	49.17	45.38	41.68	38.56	35.55	32.74	31.16	29.85	28.76	28.00	
112.00	105.74	99.83	94.24	88.87	83.63	78.71	73.85	69.05	64.37	60.39	56.49	52.76	49.24	45.90	42.86	39.95	37.24	35.70	34.35	33.21	33.06	33.00	
118.00	109.32	101.15	93.58	86.14	80.23	74.42	68.79	63.79	59.63	56.03	52.65	49.29	45.98	42.83	39.68	37.56	35.65	33.93	32.42	31.05	29.82	28.76	28.00	
115.00	108.39	101.84	95.49	89.69	84.35	79.30	74.37	69.66	65.26	60.95	56.79	53.18	49.61	46.39	43.19	39.99	37.71	35.65	34.16	33.19	32.23	31.58	31.00	
119.00	110.55	103.46	96.38	89.33	83.72	78.41	73.79	69.86	66.32	62.81	59.56	56.41	53.44	50.55	47.67	44.87	42.12	39.55	37.52	35.57	34.47	33.61	33.00	
104.00	97.17	90.41	83.88	77.42	71.20	65.26	59.41	53.58	49.24	45.31	41.94	38.57	35.93	33.41	32.09	31.05	30.04	29.27	28.66	28.13	28.00	
102.00	95.33	89.02	83.07	77.19	71.51	65.94	61.04	56.39	52.42	49.35	46.57	43.94	41.84	39.77	37.80	36.05	34.43	33.56	33.24	33.00	
102.00	95.10	88.30	81.72	75.87	70.22	64.65	59.16	54.51	50.94	47.61	44.65	41.88	39.15	37.09	35.04	33.20	31.84	30.65	29.57	29.28	29.00	
115.00	105.05	96.14	87.82	80.73	74.01	67.52	61.93	57.01	52.86	49.15	45.48	42.28	39.66	37.32	36.18	35.10	34.27	33.56	33.01	33.00	
121.00	114.24	107.70	101.23	94.91	89.08	83.38	77.93	72.81	68.08	63.61	59.31	55.25	51.75	48.35	45.07	41.92	39.01	36.51	34.07	31.66	29.27	29.00	
106.00	99.71	93.42	87.21	81.20	75.31	69.91	64.56	59.33	54.71	50.42	46.18	42.08	39.06	36.90	34.77	33.25	31.92	30.69	30.16	30.00	
118.00	108.18	98.95	91.27	84.01	77.26	70.56	64.33	59.29	54.47	50.35	46.76	43.22	39.69	36.40	34.41	32.72	31.66	31.29	31.03	31.00	
105.00	98.12	92.07	86.24	80.69	75.14	69.67	64.58	59.80	55.11	50.44	46.62	43.61	40.66	38.41	36.50	34.75	33.06	31.74	30.86	30.11	30.00	
106.00	98.00	90.27	83.16	76.14	70.25	64.66	60.25	56.51	53.19	50.05	47.05	44.39	41.99	39.97	38.40	36.89	35.79	34.72	33.95	33.25	33.00	
109.00	102.64	96.56	90.59	84.72	78.92	74.48	70.09	65.81	61.97	58.32	55.01	51.90	48.86	45.92	43.11	40.39	38.22	36.11	34.23	32.46	31.27	31.00	
122.00	114.35	106.81	99.47	92.51	85.91	79.63	73.53	67.53	62.26	57.30	53.15	49.35	45.64	41.95	38.87	36.02	33.65	32.24	30.97	30.00	
122.00	114.32	106.68	99.35	92.23	85.22	78.56	72.06	66.33	60.68	55.87	51.44	47.03	42.77	40.26	38.12	36.49	35.19	33.97	33.47	33.00	
103.00	95.60	88.41	81.52	74.80	68.57	62.66	57.36	52.42	47.52	42.92	39.62	36.71	34.78	33.03	31.34	30.38	29.59	29.12	29.04	29.00	
111.00	103.08	95.29	87.92	81.03	74.42	68.80	63.48	58.24	53.16	48.07	43.98	40.95	38.19	36.07	34.11	32.42	31.23	30.17	29.67	29.39	29.13	29.00	
122.00	114.31	106.70	99.34	92.31	85.44	78.88	72.50	66.42	61.04	56.64	53.08	49.68	46.47	43.47	40.88	38.73	36.87	35.08	33.60	32.24	30.94	30.00	
109.00	100.25	92.02	85.07	78.38	72.30	66.30	61.73	57.48	53.29	49.18	45.15	41.40	37.97	35.46	34.11	32.78	31.51	30.63	29.82	29.40	29.00	
115.00	107.99	100.99	94.09	87.71	81.43	75.48	69.71	64.70	60.17	55.90	52.30	48.82	45.89	43.27	40.75	38.43	36.13	33.89	31.75	29.91	29.00	
103.00	95.38	88.10	80.89	74.33	68.86	63.71	59.06	54.43	50.31	46.71	43.62	40.71	38.14	35.63	33.39	31.69	30.10	29.10	28.36	28.00	
104.00	98.85	93.77	88.71	84.09	79.53	75.12	70.92	67.07	63.26	59.84	56.56	53.42	50.39	47.61	44.84	42.15	40.19	38.29	36.67	35.08	33.73	32.56	32.00	
123.00	114.65	106.65	98.94	91.30	84.40	77.76	71.19	65.49	60.01	54.57	49.62	45.49	41.92	39.46	37.05	35.27	33.64	32.42	32.14	32.00	
107.00	100.82	94.97	89.56	84.19	79.05	74.40	69.76	65.18	60.96	56.79	52.95	49.32	45.92	42.74	39.84	37.24	35.08	33.03	31.23	29.93	29.24	29.00	
101.00	96.00	91.10	86.23	81.38	76.86	72.46	68.10	63.83	59.59	55.71	52.35	49.17	46.15	43.43	40.90	38.59	36.42	34.36	32.55	30.76	29.36	29.00	
101.00	94.08	87.22	81.27	75.36	70.38	65.58	61.09	56.67	52.51	48.47	44.44	40.70	38.31	36.99	35.73	34.84	34.21	33.66	33.12	33.00	
102.00	93.65	86.88	80.90	75.08	70.25	65.78	61.58	57.75	54.07	50.88	47.70	44.76	42.17	40.31	38.53	36.83	35.13	34.28	33.69	33.30	33.14	33.00	
111.00	104.45	97.94	91.75	85.71	79.74	73.81	67.88	62.11	57.61	53.29	49.44	46.38	43.52	41.24	38.95	37.18	35.49	34.25	33.31	32.62	32.17	32.00	
104.00	97.84	91.69	85.57	79.58	73.66	68.38	63.44	58.57	54.63	50.78	47.34	44.15	41.59	39.06	36.97	35.14	33.52	32.30	31.28	30.31	30.00	
109.00	101.34	93.93	86.86	81.03	75.81	70.69	65.76	61.16	57.13	53.78	50.58	47.40	44.47	41.63	39.02	36.88	34.79	32.80	30.96	29.28	28.46	28.18	28.00	
123.00	114.33	106.37	98.49	90.68	83.72	77.39	71.46	65.84	61.17	56.58	52.16	48.35	44.55	40.92	37.51	34.60	33.03	31.48	31.05	31.00	
101.00	94.60	88.44	82.46	76.60	71.27	66.08	61.60	57.38	53.44	49.71	47.06	44.43	41.91	39.45	37.11	35.24	33.44	31.68	30.18	29.53	29.00	
119.00	112.51	106.15	99.89	93.81	87.84	81.96	76.56	71.39	66.81	62.66	58.65	54.67	50.93	47.30	44.38	41.57	38.98	36.63	35.21	33.86	32.59	31.71	31.00	
119.00	111.27	104.02	97.57	91.22	85.28	79.65	74.37	69.16	64.47	59.91	55.39	51.62	47.95	44.72	41.59	38.67	37.04	35.57	34.55	33.75	33.00	32.29	32.00	
122.00	114.21	106.81	99.85	93.19	86.85	80.64	74.96	69.30	64.59	60.32	56.25	52.49	49.06	46.10	43.18	40.33	37.54	34.91	32.91	31.44	30.30	29.44	29.00	
101.00	94.91	89.84	84.94	80.10	75.27	70.53	66.05	61.57	57.54	53.55	50.39	47.25	44.37	41.58	38.83	36.23	34.63	33.16	32.00	31.16	30.32	30.00	
117.00	109.49	102.26	95.34	88.54	82.37	76.40	70.65	65.64	60.81	56.30	53.23	50.40	47.83	45.49	43.16	41.46	39.94	38.45	37.00	35.73	34.49	33.27	33.00	
115.00	107.14	99.83	92.67	86.73	81.33	76.25	71.25	66.32	61.91	57.71	53.89	50.09	46.59	43.23	39.95	36.94	34.29	31.81	30.59	29.56	29.00	
116.00	108.78	101.66	94.88	88.12	81.38	75.39	70.76	66.27	62.12	58.21	54.73	51.25	47.89	44.73	41.96	39.63	37.41	35.32	34.13	33.12	33.00	
101.00	92.80	86.02	79.55	73.42	67.99	63.31	58.83	54.77	50.73	46.78	42.84	39.80	37.00	34.27	32.06	30.96	30.58	30.23	30.09	30.00	
120.00	112.17	104.78	97.44	90.13	83.55	77.92	72.80	68.17	63.93	59.70	55.83	52.25	48.81	45.49	42.52	39.86	37.43	35.66	34.05	33.29	33.01	33.00	
115.00	108.33	101.78	95.51	89.64	83.85	78.15	72.52	67.00	62.16	57.56	53.05	48.59	45.31	42.43	39.81	37.32	34.86	32.88	31.31	30.20	30.09	30.00	
122.00	113.83	105.95	98.65	91.62	84.94	78.33	71.83	66.32	61.09	56.14	52.57	49.05	45.81	42.64	39.73	36.94	34.39	32.24	31.38	30.64	30.00	
112.00	106.24	100.75	95.32	90.27	85.25	80.36	75.65	71.25	67.29	63.56	60.09	56.64	53.34	50.09	47.02	43.99	40.97	38.01	35.35	33.44	31.61	30.22	30.00	
102.00	95.34	89.13	83.27	77.60	72.62	67.75	63.03	58.72	54.56	51.50	48.56	45.70	42.96	40.39	37.84	35.43	33.85	32.32	30.82	29.51	28.67	28.00	
113.00	104.94	97.11	90.05	83.24	76.52	69.87	63.75	57.73	52.48	48.18	45.28	43.15	41.23	39.37	37.55	35.74	34.30	33.43	32.64	32.00	
104.00	98.35	92.80	87.29	81.78	76.70	72.25	67.91	63.58	60.06	56.56	53.13	49.75	46.70	43.97	41.43	39.10	36.83	35.55	34.29	33.35	32.76	32.33	32.00	
122.00	114.13	106.37	98.70	91.35	84.05	77.14	70.44	64.53	58.67	54.04	49.86	45.89	42.57	39.34	36.96	35.28	33.86	32.76	31.73	31.00	
116.00	108.82	101.68	94.76	87.86	81.05	74.46	68.71	63.06	57.79	53.70	49.67	45.79	42.52	39.81	37.45	35.14	32.86	30.72	29.41	29.00	
112.00	104.31	96.91	89.96	83.01	76.97	71.57	66.56	62.18	57.85	53.78	50.17	46.95	43.76	40.83	38.26	35.90	33.84	31.82	30.45	29.54	28.84	28.15	28.00	
121.00	112.80	105.31	98.16	91.38	84.75	78.14	71.91	66.34	62.17	58.04	54.26	50.48	46.82	43.43	40.21	37.23	34.37	31.79	30.50	30.00	
109.00	102.13	95.71	89.83	84.21	78.67	73.41	69.01	64.70	60.45	56.64	52.97	49.60	46.86	44.15	41.79	39.63	37.48	35.59	34.62	33.86	33.37	33.01	33.00	
101.00	95.16	89.40	83.74	78.33	73.46	68.67	63.91	59.25	54.73	51.21	48.18	45.27	42.76	40.73	38.74	36.87	35.29	33.74	33.13	33.00	
108.00	100.46	93.19	86.02	79.76	73.51	67.33	61.21	56.53	51.99	47.88	43.88	40.24	38.25	36.25	34.40	33.53	32.68	32.37	32.17	32.00	
105.00	98.97	93.20	87.54	82.13	76.84	71.89	67.20	62.63	58.35	54.45	50.82	47.21	44.24	41.84	39.70	38.05	36.57	35.46	34.46	33.69	33.26	33.03	33.00	
121.00	111.19	101.62	93.18	85.51	78.15	71.27	65.28	59.85	54.78	50.60	47.00	43.49	40.00	37.76	36.09	34.48	32.92	31.37	30.18	29.50	29.24	29.00	
107.00	99.80	93.07	86.68	80.86	75.57	70.54	65.83	61.26	57.03	52.84	48.91	45.09	41.48	38.52	36.34	34.53	32.95	31.99	31.14	31.00	
120.00	112.48	105.27	98.07	91.58	85.13	79.32	73.58	67.88	62.74	57.99	53.60	49.21	46.02	43.22	40.49	37.94	36.19	34.90	34.14	33.41	32.69	32.00	
109.00	102.74	96.97	91.21	85.55	80.74	76.01	71.33	66.95	62.59	58.49	54.67	50.90	47.41	43.93	41.17	38.97	36.96	34.98	33.43	32.49	32.18	32.06	32.00	
114.00	107.53	101.13	95.09	89.09	83.17	77.36	71.94	66.61	61.36	56.20	51.49	47.35	43.62	40.79	38.03	36.08	34.24	32.67	31.80	31.12	30.49	30.00	
122.00	114.95	107.93	101.03	94.53	88.12	81.77	76.60	71.80	67.31	63.06	58.96	54.88	51.25	48.11	45.14	42.54	39.98	37.60	35.53	34.03	32.64	32.00	
121.00	112.57	104.62	97.05	89.68	82.53	76.16	70.20	64.91	60.13	55.74	52.18	48.62	45.54	42.55	39.72	37.38	35.81	34.78	33.79	33.10	33.00	
103.00	97.41	92.19	87.28	82.49	77.83	73.51	69.35	65.25	61.18	57.12	53.12	49.22	45.89	43.36	41.25	39.15	37.30	35.52	33.76	32.18	31.16	30.48	30.00	
108.00	99.11	90.24	84.06	78.62	73.27	68.10	63.19	58.39	53.61	49.04	44.64	40.52	37.42	35.90	34.44	33.13	31.92	30.94	30.13	29.56	29.00	
111.00	103.11	95.86	88.83	82.58	76.66	70.85	65.06	59.85	55.04	50.24	45.89	42.20	39.14	36.21	33.40	31.17	29.61	28.63	28.24	28.00	
101.00	95.53	90.17	84.98	79.97	75.40	71.11	67.13	63.27	59.53	55.84	52.29	48.94	45.76	43.39	41.06	39.03	37.01	35.49	34.04	32.95	32.39	32.00	
101.00	94.91	89.40	84.13	79.00	73.97	69.09	64.83	60.81	56.80	52.90	49.09	45.56	42.12	38.98	36.28	33.81	31.77	30.38	30.12	30.00	
108.00	97.74	88.11	81.29	74.70	68.24	62.94	57.78	53.18	49.39	45.75	42.67	40.23	38.02	35.83	33.79	31.95	30.40	29.09	28.03	28.00	
115.00	107.69	100.59	93.61	87.07	81.36	75.83	70.43	66.13	61.92	57.71	53.97	50.27	46.66	43.08	40.01	37.32	35.23	33.22	31.34	29.70	29.00	
122.00	114.14	106.92	99.72	92.79	86.04	79.43	73.59	67.87	63.00	58.26	53.99	49.90	46.05	42.68	39.82	37.21	34.71	32.66	31.15	29.94	28.89	28.43	28.00	
117.00	110.57	104.42	98.51	92.82	87.50	82.31	77.40	72.53	67.69	63.01	58.67	54.34	50.57	46.89	43.26	40.04	36.96	34.09	31.44	29.44	28.46	28.11	28.00	
101.00	94.10	87.49	81.21	74.97	69.29	64.09	59.30	54.73	50.96	47.35	44.02	40.80	37.93	36.06	34.36	33.10	31.89	30.79	30.36	30.00	
106.00	99.82	93.83	87.96	82.30	76.74	71.77	66.93	62.41	58.19	54.08	50.23	46.43	42.72	39.28	36.40	33.59	32.08	31.04	30.22	29.45	29.11	29.00	
118.00	107.83	98.53	90.14	82.04	74.04	66.77	59.50	53.59	49.58	45.84	42.52	39.46	36.41	33.42	31.83	30.71	29.82	29.47	29.16	29.00	
116.00	108.25	100.56	93.35	86.39	79.68	74.02	68.58	63.40	58.53	54.17	50.41	46.80	43.30	40.21	37.29	34.45	32.30	30.92	29.94	29.06	28.39	28.00	
110.00	102.45	94.97	87.85	81.01	74.25	68.60	63.51	58.81	54.17	49.70	45.56	41.43	37.31	35.24	33.30	31.59	30.78	30.07	30.02	30.00	
118.00	111.40	105.69	100.24	94.85	89.56	84.33	79.18	74.05	69.22	64.67	60.22	55.93	51.65	47.44	43.59	39.86	36.19	33.14	30.26	29.68	29.27	29.07	29.00	
109.00	101.20	94.01	86.88	80.30	74.58	69.36	64.45	60.38	56.81	53.55	50.33	47.23	44.57	41.95	39.88	37.99	36.16	34.57	33.02	31.58	30.19	29.32	29.00	
122.00	114.66	107.51	100.50	93.74	87.06	80.59	74.36	69.19	64.35	59.58	55.03	51.03	47.73	44.43	41.18	38.93	36.96	35.14	33.42	31.90	30.82	29.84	29.00	
113.00	104.88	97.06	89.34	82.13	74.99	68.24	62.51	58.50	54.93	51.74	48.98	46.27	43.84	41.49	39.27	37.09	35.36	34.03	32.88	32.00	
113.00	104.88	96.91	89.83	83.09	76.46	70.89	65.53	60.65	56.00	51.59	48.40	45.37	42.39	40.07	37.98	35.97	34.28	32.79	31.34	30.16	30.08	30.00	
112.00	105.35	98.83	92.32	86.09	80.01	74.08	68.53	63.18	58.11	53.26	48.81	45.16	41.73	39.01	36.65	34.98	33.81	32.66	31.98	31.31	31.00	
119.00	111.74	104.79	98.09	91.58	85.18	78.95	73.45	67.99	62.88	58.65	54.70	51.23	47.86	44.56	41.72	39.48	37.32	35.21	33.60	32.06	31.00	
123.00	114.77	106.67	100.19	94.10	88.18	82.47	76.77	71.11	65.63	60.16	54.71	49.52	46.29	43.27	40.26	37.75	35.50	33.47	31.55	29.79	29.00	
115.00	107.97	101.33	94.82	88.48	82.94	77.51	72.23	67.02	62.63	58.25	54.49	51.07	47.67	44.66	42.45	40.27	38.39	36.55	34.80	33.28	33.00	
103.00	96.41	89.83	83.79	77.88	72.11	66.74	61.74	57.35	53.24	49.21	45.30	41.45	38.43	36.24	34.12	32.51	31.03	30.00	29.12	28.62	28.30	28.00	
116.00	109.32	102.93	96.65	90.41	84.18	78.06	72.04	66.42	61.38	56.45	52.23	48.07	45.10	42.72	40.52	38.37	36.28	34.85	33.56	32.44	32.18	32.00	
113.00	105.81	98.76	92.40	86.61	81.16	75.75	70.62	65.86	61.21	56.78	52.92	49.25	46.08	43.03	40.31	37.77	35.29	33.24	31.80	31.05	30.43	30.05	30.00	
103.00	96.80	91.11	85.47	80.34	75.32	70.97	66.78	62.63	58.70	55.44	52.36	49.29	46.31	43.60	40.95	38.43	36.42	35.02	33.96	33.32	33.01	33.00	
116.00	108.97	102.13	95.74	89.54	83.35	77.49	71.72	66.31	61.06	55.95	50.88	46.99	43.39	39.93	36.97	34.65	33.22	31.82	30.90	30.00	
122.00	114.07	106.68	99.42	92.62	85.88	79.18	72.61	66.43	60.62	54.83	49.33	45.58	42.53	39.83	37.54	35.33	34.42	33.95	33.49	33.05	33.00	
114.00	106.37	98.95	91.97	85.60	79.46	73.87	68.41	63.00	58.85	54.93	51.49	48.29	45.19	42.51	39.95	37.69	36.00	34.89	33.93	33.09	32.50	32.01	32.00	
116.00	108.50	101.20	93.96	87.87	82.07	76.27	70.59	65.20	60.17	55.16	50.69	46.29	42.34	38.63	35.11	31.87	30.68	29.72	29.02	29.00	
107.00	100.20	93.62	87.80	82.02	76.56	71.55	67.11	62.73	58.45	55.02	51.68	48.51	45.56	42.74	40.62	38.61	36.66	34.91	33.45	32.23	32.02	32.00	
105.00	98.62	92.32	86.13	79.96	73.83	67.84	62.17	57.43	53.60	49.92	46.45	43.03	41.01	39.02	37.50	36.11	34.75	33.42	32.17	31.06	30.09	29.44	29.00	
119.00	110.75	102.91	95.50	88.47	81.65	74.87	68.16	62.02	56.19	50.56	45.34	42.83	40.35	38.08	36.47	35.08	33.77	32.55	32.13	32.00	
113.00	104.78	96.70	88.76	81.46	75.20	69.53	63.98	59.37	55.02	50.87	47.54	44.28	41.40	39.05	37.47	36.13	35.20	34.56	34.18	33.84	33.49	33.18	33.00	
107.00	99.49	92.50	85.70	79.10	72.69	66.47	60.63	55.81	51.07	47.11	43.16	39.27	36.36	34.14	32.35	30.68	29.75	29.27	29.07	29.00	
117.00	110.38	103.87	97.95	92.24	86.54	81.04	75.68	70.56	65.65	61.24	57.02	53.21	49.41	45.80	42.63	39.70	36.80	34.12	31.96	30.00	
117.00	108.64	101.49	94.97	88.83	82.85	76.90	71.06	65.90	61.89	58.09	54.42	50.88	47.43	44.15	41.37	38.91	36.46	34.12	32.11	30.36	29.24	29.01	29.00	
106.00	99.28	92.70	86.31	79.97	74.15	68.43	63.35	58.50	53.86	49.62	45.86	42.35	38.98	36.96	35.47	34.15	32.89	32.12	31.47	31.09	31.00	
103.00	94.86	87.73	80.99	74.87	69.02	63.20	57.46	53.04	48.82	44.70	42.45	40.43	38.42	36.72	35.87	35.02	34.23	33.50	32.82	32.39	32.00	
114.00	106.82	99.74	92.68	86.29	80.03	73.91	68.14	62.73	58.14	53.78	49.42	46.06	42.73	39.92	37.15	35.11	33.92	33.59	33.28	33.00	
103.00	94.72	87.48	80.82	74.42	68.22	62.31	56.47	51.09	47.54	44.77	42.07	39.53	37.08	35.62	34.42	33.32	32.23	32.10	32.01	32.00	
114.00	103.75	94.04	85.00	76.69	69.68	63.74	58.19	52.91	48.06	44.63	41.82	39.10	36.55	34.26	32.94	31.88	30.91	30.20	29.50	29.00	
118.00	109.38	101.47	93.64	87.33	81.05	75.59	70.16	64.75	59.71	54.91	50.48	46.54	43.25	40.59	38.37	36.36	34.89	33.52	32.44	31.39	31.12	31.00	
118.00	109.19	101.44	94.09	87.30	80.65	74.03	68.44	62.93	57.95	53.35	49.14	45.09	41.68	38.57	35.56	33.14	30.76	29.42	28.47	28.12	28.00	
108.00	101.55	95.18	88.94	83.54	78.29	73.08	68.24	63.44	58.84	54.67	50.70	46.86	43.18	40.80	38.99	37.46	36.34	35.40	34.55	34.00	33.52	33.26	33.00	
118.00	109.85	102.26	95.08	88.13	81.34	74.62	68.22	61.85	55.62	51.15	48.13	45.34	42.69	40.16	38.13	36.26	35.11	34.01	33.37	33.00	
115.00	107.80	100.65	93.78	87.17	81.51	76.08	71.06	66.12	61.29	56.87	52.66	49.63	46.84	44.07	41.32	38.61	36.08	33.62	33.14	33.00	
117.00	108.29	99.79	91.69	83.82	77.07	71.30	65.91	60.68	56.00	51.99	47.99	45.34	42.83	40.34	37.88	35.58	33.77	32.31	31.18	30.38	30.04	30.00	
123.00	113.50	105.49	97.50	89.94	82.59	76.28	70.01	63.88	58.37	53.35	48.44	44.37	41.09	38.20	35.74	33.55	31.79	30.21	28.94	28.00	
104.00	97.88	91.84	86.39	81.23	76.19	71.16	66.41	61.99	57.83	54.10	50.40	46.96	43.66	41.33	39.09	37.12	35.62	34.24	33.07	32.00	31.04	30.50	30.00	
115.00	105.44	97.54	89.79	82.73	76.47	70.25	64.29	58.61	53.36	48.45	43.76	39.96	37.91	35.89	33.87	31.90	30.46	29.41	29.06	29.00	
110.00	103.25	96.63	90.21	83.79	77.49	71.45	66.22	61.11	56.08	51.15	47.23	43.59	40.32	37.34	35.54	34.48	33.83	33.39	33.02	33.00	
113.00	106.36	99.85	93.72	87.62	81.63	75.64	69.95	64.90	60.16	55.67	51.48	48.12	45.31	42.66	40.10	37.61	35.61	33.65	31.69	30.69	29.77	29.00	
107.00	100.93	95.08	89.73	84.37	79.56	75.11	70.72	66.40	62.43	58.60	54.84	51.22	47.64	44.10	40.71	37.56	34.45	32.06	29.81	28.81	28.00	
111.00	103.89	97.54	91.52	85.96	80.43	75.02	69.76	64.69	60.43	56.62	52.87	49.27	45.89	42.62	40.03	37.96	36.26	35.01	33.98	33.00	
121.00	113.45	106.87	100.37	94.07	87.79	81.61	75.57	69.90	65.28	61.03	56.96	52.89	49.03	45.46	42.19	39.75	37.74	36.02	34.76	33.98	33.42	33.15	33.00	
104.00	97.11	91.04	85.04	79.18	73.82	69.25	64.68	60.86	57.07	53.34	49.63	46.01	43.06	40.26	37.87	35.56	33.27	31.70	31.05	31.00	
101.00	95.31	89.73	84.34	79.30	74.64	70.03	65.51	61.04	56.74	52.57	49.09	45.65	42.36	39.27	36.20	33.35	30.79	29.93	29.20	29.00	
102.00	94.62	89.37	84.55	80.02	75.54	71.22	66.95	62.77	58.60	54.86	51.31	47.83	44.42	41.54	38.79	36.28	34.22	32.17	30.50	29.40	29.15	29.00	
118.00	110.75	104.03	97.34	91.41	85.77	80.37	75.12	70.17	65.22	60.37	55.69	51.01	46.70	42.97	39.69	37.17	35.03	33.25	32.07	31.00	
112.00	105.82	99.72	93.82	87.97	82.14	76.69	71.47	66.39	61.50	56.72	52.08	47.59	43.15	39.21	36.92	35.44	34.24	33.09	33.01	33.00	
117.00	110.64	104.27	98.14	92.29	86.52	80.83	75.16	69.70	64.55	59.85	55.44	51.10	46.89	42.70	39.33	37.44	35.89	34.46	33.44	32.50	31.59	31.00	
113.00	106.52	100.05	93.87	88.07	82.42	77.06	71.73	66.81	62.13	57.50	52.95	49.15	45.68	42.51	40.06	37.62	36.11	34.70	33.43	32.27	31.14	30.34	30.00	
115.00	108.86	102.73	96.61	90.60	84.72	78.85	73.12	68.01	63.36	58.83	54.74	51.61	48.52	45.45	42.42	39.57	36.73	34.76	33.53	32.59	32.00	
114.00	106.58	100.00	93.66	87.52	81.45	75.40	69.58	64.58	59.98	55.68	51.40	47.80	44.53	41.26	38.56	36.32	34.76	33.88	33.03	32.19	31.45	31.00	
116.00	109.00	102.16	95.74	89.76	83.84	78.08	72.38	67.65	62.94	58.46	54.19	50.57	47.24	44.53	42.18	39.88	37.67	35.56	33.66	31.78	31.02	31.00	
103.00	95.95	90.25	84.56	79.16	73.90	68.79	63.69	59.58	55.65	51.93	48.23	44.93	41.68	38.53	35.61	33.69	31.99	30.95	30.30	30.00	
114.00	107.65	101.88	96.16	90.55	85.43	80.34	75.41	70.51	65.76	61.37	57.30	53.35	49.43	46.05	43.99	42.18	40.48	38.83	37.23	35.64	34.26	33.00	
101.00	93.89	86.81	80.28	74.10	68.22	62.87	57.92	53.93	50.36	46.82	43.55	40.34	37.89	35.76	33.85	32.25	31.27	30.35	29.65	29.13	29.00	
113.00	106.17	99.85	93.63	87.55	82.04	76.73	71.78	67.70	63.74	59.88	56.25	52.77	49.61	46.60	43.87	41.23	39.15	37.35	35.60	34.08	32.96	32.22	32.00	
115.00	107.55	100.24	93.36	87.10	81.72	76.71	71.83	66.97	62.20	58.17	54.32	50.67	47.10	43.56	40.08	37.70	35.46	34.49	33.70	33.00	
109.00	101.23	94.35	87.74	81.26	76.43	71.64	67.01	62.42	58.53	54.78	51.07	47.52	44.43	41.50	38.77	36.08	33.84	31.89	30.85	29.84	29.16	28.56	28.00	
106.00	99.54	93.28	87.02	81.51	76.21	70.91	65.97	61.13	56.40	51.77	47.60	44.16	40.90	38.16	36.36	34.59	32.96	31.61	30.63	29.71	28.83	28.00	
112.00	103.56	95.13	87.00	79.85	73.93	68.11	62.30	56.49	52.11	47.74	43.82	40.11	36.87	33.89	31.02	29.65	29.15	28.72	28.33	28.00	
112.00	105.03	98.26	92.35	86.65	81.27	75.90	70.56	65.41	60.62	56.62	52.98	49.37	45.95	42.58	39.72	37.08	34.53	32.51	30.87	29.34	28.66	28.00	
111.00	104.87	98.86	92.92	87.10	81.33	75.63	70.23	65.25	60.33	56.40	52.62	49.29	46.10	43.46	41.08	38.93	36.81	34.94	33.46	32.36	32.00	
119.00	111.53	105.04	98.57	92.51	86.65	80.97	76.21	71.66	67.15	62.66	58.21	53.91	49.65	45.46	41.42	38.91	36.59	34.72	32.92	32.02	32.00	
105.00	98.64	92.32	86.28	80.55	75.18	70.00	64.97	60.41	56.10	52.14	49.20	46.37	43.65	41.24	38.86	36.61	34.64	32.78	31.65	30.58	29.59	28.68	28.00	
112.00	103.23	94.48	85.74	77.35	70.91	65.11	59.72	54.61	50.25	46.12	42.89	40.91	39.12	37.48	36.03	34.89	34.12	33.45	33.04	33.00	
118.00	109.70	101.57	94.04	87.28	80.73	74.27	68.01	63.32	58.95	54.71	50.51	46.96	43.54	40.13	37.77	35.96	34.19	33.15	32.12	31.47	31.05	31.00	
105.00	97.66	91.07	85.10	79.94	74.82	69.84	65.03	60.35	55.70	51.28	47.10	42.97	39.05	35.24	33.31	31.67	30.06	28.56	28.27	28.00	
122.00	114.84	108.37	101.89	95.62	89.44	83.35	77.34	71.53	66.04	61.01	56.21	51.47	48.05	45.10	42.17	39.75	37.55	35.47	34.50	33.74	33.00	
107.00	99.75	93.01	86.42	80.24	74.40	69.66	65.26	60.91	56.86	53.09	49.50	45.96	43.44	40.98	39.13	37.37	35.86	34.39	33.12	31.84	30.75	30.07	30.00	
103.00	95.90	88.91	82.55	76.56	70.94	65.52	60.21	55.17	50.69	46.71	43.95	41.47	39.06	37.56	36.21	34.88	34.11	33.58	33.14	33.02	33.00	
109.00	102.89	97.04	91.41	85.87	80.66	76.17	71.80	67.45	63.16	59.18	55.21	51.86	48.53	45.22	42.27	39.55	37.02	35.14	33.28	31.69	31.00	
110.00	101.98	94.57	87.19	81.03	74.94	69.17	63.86	59.79	55.81	51.98	48.61	45.42	42.99	40.80	38.67	36.58	34.62	33.53	32.76	32.33	32.00	
115.00	107.61	100.63	94.27	87.95	81.93	76.02	70.33	64.99	59.68	55.61	51.56	48.63	45.99	43.47	41.07	38.77	36.78	35.48	34.29	33.22	33.00	
118.00	109.69	101.63	93.99	87.13	80.41	74.47	68.60	63.48	58.48	54.18	50.74	47.38	44.02	40.88	38.17	35.87	33.81	32.14	31.42	30.80	30.24	30.04	30.00	
116.00	109.28	102.59	96.89	91.77	86.78	81.93	77.15	72.49	67.86	63.35	59.22	55.11	51.03	47.09	43.50	40.09	36.88	34.48	33.10	31.83	30.70	29.68	29.00	
118.00	108.89	99.79	91.88	84.14	76.59	69.40	62.50	56.18	50.19	46.07	42.85	39.74	37.41	35.31	33.36	31.77	30.33	29.15	28.36	28.00	
105.00	99.13	93.56	88.14	82.83	77.67	72.54	67.59	62.78	58.49	54.26	50.56	47.13	43.77	40.68	37.98	35.65	33.78	32.34	30.91	30.00	29.38	29.00	
117.00	109.33	101.68	94.62	87.92	81.93	76.19	70.94	65.93	61.12	56.81	53.36	50.38	47.48	44.64	42.10	39.86	37.89	36.31	35.10	34.26	33.45	33.00	
105.00	98.38	92.00	85.84	79.89	74.57	69.39	64.28	59.66	55.52	51.47	48.45	45.44	42.44	39.50	37.03	34.79	32.74	31.75	31.05	30.43	30.00	
115.00	108.33	101.67	95.24	89.48	84.01	78.66	73.48	68.32	63.40	58.56	54.69	51.46	48.28	45.10	42.29	39.69	37.80	35.94	34.54	33.14	31.95	31.00	
108.00	101.65	95.61	89.62	83.62	77.91	72.42	67.24	63.01	59.10	55.43	51.91	48.57	45.47	42.43	39.47	36.62	33.83	31.81	31.54	31.29	31.13	31.00	
121.00	112.26	103.55	95.57	88.23	81.15	75.52	70.35	65.37	60.43	55.52	51.28	47.32	43.60	39.93	36.61	34.52	33.23	32.38	31.63	31.29	31.00	
118.00	109.80	102.04	94.30	86.99	79.74	73.03	67.72	62.85	58.35	54.28	50.62	47.21	43.84	41.35	39.30	37.40	35.77	34.57	33.39	32.56	32.07	32.00	
117.00	109.56	102.37	95.90	89.75	83.74	77.98	72.23	66.75	61.79	56.84	52.97	49.20	45.80	42.45	39.64	37.07	34.94	33.26	31.62	30.00	
107.00	101.22	95.56	90.03	84.64	79.48	74.52	69.84	65.86	61.95	58.06	54.52	51.18	47.97	45.50	43.09	41.07	39.18	37.57	36.22	35.00	33.87	33.00	
122.00	111.69	102.06	93.15	84.98	77.19	69.56	62.09	55.21	50.83	46.94	43.52	40.79	38.41	36.33	34.39	33.08	31.97	31.04	30.43	30.00	
104.00	98.16	92.62	87.12	82.12	77.52	73.18	69.03	64.93	61.10	57.30	54.03	50.78	47.54	44.45	42.07	39.84	37.87	36.17	34.49	33.56	33.06	33.02	33.00	
106.00	99.31	92.62	86.09	79.58	73.71	68.22	62.92	57.65	52.98	48.49	44.07	40.43	37.51	35.07	33.34	32.12	30.93	30.05	29.48	29.20	29.00	
120.00	112.23	104.89	97.80	91.21	84.69	78.24	72.01	65.89	60.14	54.76	50.23	46.14	42.62	39.52	37.29	35.30	33.62	31.99	30.63	29.30	28.00	
103.00	95.41	88.42	81.45	75.04	69.80	64.65	60.05	55.98	51.92	48.30	44.83	42.04	39.29	37.02	34.84	32.88	31.19	29.67	28.82	28.14	28.02	28.00	
107.00	100.47	93.97	87.51	81.07	75.11	69.63	64.57	60.20	55.91	51.67	48.06	44.87	41.79	39.01	36.30	34.26	33.08	32.16	31.38	30.79	30.47	30.16	30.00	
108.00	100.26	92.93	86.61	80.28	74.38	68.65	63.71	59.04	54.54	50.08	45.65	41.69	38.53	35.76	33.92	32.28	30.90	30.19	29.68	29.25	29.03	29.01	29.00	
106.00	98.92	92.25	85.71	79.20	72.96	67.33	62.02	57.50	53.65	49.91	46.52	43.19	40.12	37.29	34.50	32.43	30.54	29.05	28.21	28.00	
119.00	110.60	102.61	95.27	88.22	81.50	75.06	68.77	62.74	56.73	52.18	47.73	43.62	39.93	37.93	36.13	34.50	33.89	33.32	33.16	33.04	33.00	
111.00	104.41	97.93	91.50	85.15	79.24	74.01	69.06	64.53	60.04	55.84	52.08	48.71	45.70	42.79	40.62	38.69	36.81	35.31	34.06	33.00	
112.00	105.24	98.55	92.15	85.81	79.46	73.33	67.81	63.10	58.49	54.29	50.36	46.47	43.86	41.56	39.52	37.86	36.60	35.41	34.27	33.36	33.09	33.00	
113.00	106.67	100.41	94.19	88.03	82.29	76.80	71.63	66.54	62.07	57.79	53.57	50.02	46.55	44.18	42.25	40.39	38.59	37.35	36.11	35.02	33.98	33.12	33.00	
112.00	104.75	97.87	91.03	84.24	77.63	71.57	65.58	60.18	55.01	50.80	47.60	44.73	42.05	39.67	37.49	35.43	33.49	31.89	30.73	29.74	29.00	
121.00	112.01	103.44	95.31	88.34	81.40	74.66	68.43	62.70	57.87	53.43	49.34	45.55	41.97	38.96	36.14	33.43	30.81	29.30	28.15	28.00	
110.00	103.91	97.85	92.01	86.27	80.85	75.52	70.47	65.42	60.75	56.16	52.41	49.08	45.86	42.66	39.82	37.93	36.34	34.78	33.75	32.87	32.10	32.00	
115.00	107.91	101.63	95.62	89.70	83.79	78.07	73.03	68.21	63.83	59.45	55.15	50.97	46.80	42.94	39.47	36.41	33.72	32.19	31.57	31.30	31.13	31.00	
105.00	99.10	93.34	87.64	82.48	77.81	73.24	69.15	65.14	61.14	57.18	53.65	50.37	47.22	44.39	41.61	39.02	37.32	35.83	34.38	33.25	33.04	33.00	
111.00	104.44	98.18	92.05	85.96	80.15	74.53	69.11	63.74	58.48	53.86	49.83	45.90	42.88	39.93	37.01	34.22	31.61	30.49	29.61	29.10	29.00	
116.00	108.98	102.13	95.72	89.47	83.24	77.39	71.69	66.62	61.69	57.02	52.48	48.54	45.45	42.93	40.83	38.75	36.99	35.59	34.49	33.53	32.63	31.79	31.00	
111.00	102.32	93.89	85.85	78.00	70.26	62.53	56.23	51.99	47.96	44.47	41.03	38.00	35.95	34.00	32.30	30.89	30.21	29.71	29.31	29.00	
121.00	113.72	106.83	100.48	94.42	88.90	83.55	78.35	73.20	68.65	64.30	59.95	55.62	51.46	47.75	44.16	40.69	37.76	36.03	34.32	33.00	
122.00	114.60	107.53	101.06	94.59	88.39	82.25	76.44	70.78	65.15	59.65	55.00	50.35	46.08	41.88	37.72	34.37	32.91	31.83	31.44	31.15	31.00	
103.00	96.10	89.88	83.88	77.95	72.11	66.28	61.25	56.96	52.91	48.97	45.32	42.27	39.39	36.53	34.24	32.43	30.81	29.63	28.96	28.46	28.04	28.00	
105.00	97.55	90.40	83.37	76.87	70.98	65.38	59.92	54.51	50.20	46.32	42.57	39.13	35.74	32.94	30.56	28.92	28.48	28.22	28.08	28.00	
120.00	112.24	104.60	97.28	90.17	83.17	77.28	71.63	65.99	60.70	56.09	51.55	48.29	45.19	42.32	39.67	37.41	35.36	33.76	32.68	32.06	32.00	
113.00	105.22	98.62	92.32	86.04	80.01	74.48	68.98	64.55	60.13	56.43	52.77	49.45	46.41	43.44	40.75	38.10	35.50	33.19	30.89	30.11	29.53	29.00	
103.00	96.47	90.13	83.93	78.94	74.16	69.54	65.52	61.62	57.95	55.04	52.12	49.28	46.64	44.07	41.55	39.28	37.08	35.35	34.18	33.26	33.00	
114.00	107.46	101.20	94.93	88.67	83.27	78.48	73.78	69.14	64.73	60.62	56.58	52.79	49.44	46.11	42.84	39.71	37.50	35.86	34.45	33.27	32.33	31.40	31.00	
116.00	109.50	103.17	97.11	91.09	85.49	79.99	74.73	69.50	64.52	60.44	57.08	53.76	50.48	47.23	44.69	42.21	39.96	37.71	35.65	34.31	33.42	33.11	33.00	
112.00	104.56	97.86	91.42	85.30	79.78	74.31	68.99	63.84	58.99	54.60	50.46	46.34	42.73	40.05	37.58	35.54	33.88	32.23	30.90	29.87	29.26	29.00	
108.00	100.26	93.85	87.79	81.89	76.12	70.67	65.23	60.65	56.10	52.02	48.08	44.89	42.48	40.12	37.92	35.81	34.30	32.80	31.74	30.71	30.00	
107.00	99.72	92.56	85.63	79.84	75.07	70.34	65.61	60.96	56.33	51.86	47.52	43.71	40.91	38.53	36.32	34.60	33.20	31.89	30.90	30.00	
107.00	98.95	91.38	84.00	78.00	72.12	66.70	62.89	59.19	55.72	52.25	48.95	45.73	42.75	40.15	37.83	35.86	34.05	32.78	31.57	30.98	30.42	30.00	
110.00	101.51	93.79	86.49	79.71	73.22	67.46	61.94	56.80	51.83	47.73	43.74	40.39	37.14	34.31	31.89	29.87	29.14	28.73	28.36	28.00	
117.00	109.40	101.98	94.57	87.62	81.62	75.74	70.64	65.73	60.88	56.05	52.49	49.07	45.74	42.60	40.03	38.08	36.21	35.10	34.05	33.13	32.23	31.60	31.00	
108.00	101.62	95.43	89.38	83.80	78.44	73.18	68.25	63.91	59.64	55.50	51.59	47.89	44.36	40.87	38.07	35.68	33.61	32.96	32.39	32.00	
105.00	99.68	94.36	89.26	84.18	79.24	74.56	69.93	65.41	61.24	57.14	53.15	49.44	45.81	42.65	39.61	37.20	36.04	34.99	34.03	33.34	33.00	
120.00	110.89	102.13	94.11	86.61	80.10	73.98	67.93	62.20	57.60	53.27	48.99	44.73	41.28	38.06	35.12	32.92	31.48	30.27	29.09	28.33	28.10	28.00	
102.00	96.21	90.52	85.28	80.10	75.00	70.22	65.55	60.99	57.14	53.35	50.12	47.34	44.92	42.65	40.44	38.36	36.41	35.17	34.02	33.14	33.00	
113.00	105.39	98.84	92.60	86.43	80.31	74.80	69.82	65.23	60.99	56.78	52.65	48.73	45.65	43.26	40.97	38.80	36.70	35.15	33.93	33.15	32.69	32.31	32.00	
113.00	105.86	99.20	92.92	86.77	80.72	74.70	69.24	63.78	59.11	54.53	50.55	47.07	44.25	41.83	39.41	37.61	36.02	34.65	34.00	33.54	33.14	33.00	
109.00	103.06	97.38	91.77	86.52	81.51	76.57	71.90	67.52	63.32	59.32	55.66	52.40	49.22	46.37	43.71	41.29	38.95	36.74	34.65	32.78	31.09	30.00	
123.00	114.85	107.15	99.59	92.35	85.91	79.67	73.85	68.27	63.58	58.95	54.82	51.43	48.06	44.95	41.98	39.05	36.51	34.77	33.06	31.57	30.51	29.49	29.00	
107.00	99.39	92.52	85.83	80.00	74.26	68.67	63.21	57.80	53.07	48.71	44.60	41.23	38.91	37.22	35.55	34.10	33.22	33.09	33.03	33.00	
104.00	96.37	89.32	82.83	77.34	72.05	66.80	62.25	57.89	53.69	49.55	45.99	43.27	40.92	38.64	36.43	34.25	33.10	32.26	31.58	31.04	31.00	
110.00	103.46	97.55	91.84	86.65	81.61	76.58	71.71	67.39	63.48	59.84	56.22	52.65	49.31	46.34	43.83	41.44	39.32	37.29	35.43	33.91	32.43	32.19	32.00	
116.00	109.71	103.44	98.27	93.31	88.52	84.07	79.85	75.64	71.45	67.34	63.29	59.51	55.78	52.17	48.68	45.29	42.45	39.66	36.91	34.62	32.78	32.00	
123.00	116.51	110.01	103.84	97.74	91.74	85.79	80.15	74.68	69.33	64.08	59.15	54.41	49.89	45.46	41.94	38.44	35.68	33.76	31.94	31.00	
107.00	98.44	90.62	82.91	75.69	68.68	62.95	58.14	53.46	49.72	46.16	43.36	40.95	38.79	36.62	34.87	33.32	31.98	30.77	29.65	28.70	28.10	28.00	
119.00	108.25	98.63	89.61	82.03	74.65	67.76	60.96	56.81	52.89	49.55	46.50	43.72	41.00	38.32	35.90	34.21	32.76	31.40	30.45	30.00	
108.00	101.78	95.55	89.86	84.20	78.57	72.98	67.65	62.52	58.17	53.97	50.08	46.34	42.93	40.04	37.28	34.99	33.41	31.93	30.82	30.33	30.00	
107.00	98.64	90.64	82.92	76.39	70.27	64.38	59.86	55.69	51.55	47.46	44.25	41.52	39.57	38.11	36.79	35.56	34.41	33.41	32.64	32.00	
105.00	97.96	90.97	84.28	77.66	71.72	65.96	61.33	56.75	52.46	48.31	44.63	41.28	38.11	35.71	33.48	31.75	30.56	29.47	29.07	29.00	
116.00	107.76	99.87	92.08	84.56	77.29	70.91	65.37	60.17	55.18	50.27	45.97	43.18	40.40	38.05	35.77	34.26	33.26	32.45	31.71	31.22	31.00	
110.00	103.49	97.43	91.59	85.76	80.26	75.49	70.94	66.41	61.91	57.55	54.09	50.63	47.33	44.24	41.42	39.66	38.08	36.55	35.20	34.10	33.60	33.22	33.00	
115.00	109.04	103.08	97.36	91.72	86.16	80.93	75.73	70.75	66.05	61.43	57.06	52.87	48.74	45.83	42.95	40.09	37.35	34.63	32.13	32.00	
120.00	111.28	103.13	95.51	88.10	81.50	75.40	69.33	63.35	58.45	53.64	49.03	44.91	41.48	38.34	36.53	35.00	33.99	33.56	33.18	33.00	
116.00	108.71	101.91	95.27	88.64	83.48	79.19	74.90	70.84	66.80	63.04	59.35	55.73	52.28	48.87	45.53	42.37	39.39	37.09	34.95	33.02	31.37	30.48	30.00	
121.00	113.43	106.40	99.63	92.99	86.50	80.06	73.84	68.00	63.01	58.36	53.89	49.72	45.83	42.05	38.65	36.67	34.92	33.61	32.48	32.19	32.00	
119.00	111.00	103.04	95.20	88.02	80.85	74.20	67.92	62.38	57.11	51.99	48.48	44.99	42.01	39.07	36.14	33.92	31.82	30.59	29.57	28.69	28.21	28.10	28.00	
116.00	108.07	100.58	93.37	86.22	79.44	73.08	67.39	62.41	57.90	53.56	49.39	45.53	42.42	39.94	37.98	36.09	34.48	33.38	32.60	31.97	31.43	31.02	31.00	
119.00	111.07	103.43	95.91	88.58	82.06	75.74	71.04	66.69	62.88	59.16	55.61	52.11	48.61	45.24	42.49	39.82	37.49	35.27	33.26	31.49	30.07	29.17	29.00	
115.00	107.42	99.90	93.04	86.56	80.44	74.48	68.80	63.15	58.27	53.96	49.97	47.20	44.69	42.20	39.90	37.61	35.45	33.44	31.63	31.00	
116.00	108.09	100.35	92.74	86.02	79.72	73.71	68.17	62.66	57.54	52.84	48.80	44.86	41.79	39.32	37.51	35.73	34.82	34.01	33.39	33.00	
101.00	95.11	89.49	84.89	80.31	75.75	71.35	66.95	62.67	58.48	54.35	50.65	47.48	44.63	42.08	40.16	38.50	36.94	35.48	34.18	33.66	33.32	33.00	
104.00	97.50	91.31	85.42	79.59	74.38	69.49	65.16	60.84	56.59	52.56	48.63	46.05	43.78	41.63	40.01	38.49	37.12	36.20	35.32	34.66	34.06	33.50	33.00	
119.00	111.38	103.83	96.99	90.43	84.10	77.87	71.93	66.84	62.37	58.48	54.61	51.12	47.72	44.36	41.03	38.15	36.20	34.57	33.30	32.06	31.00	
112.00	103.82	95.95	88.34	80.97	74.24	67.55	62.62	57.81	53.17	48.70	45.08	41.89	39.52	37.27	35.47	34.03	32.89	32.57	32.34	32.20	32.07	32.00	
112.00	104.83	97.85	90.91	84.37	78.15	72.59	67.26	62.75	58.40	54.17	50.70	47.37	44.03	40.86	38.19	35.69	33.37	31.24	30.28	29.47	28.85	28.30	28.00	
122.00	114.85	108.00	101.61	95.37	89.76	84.23	79.26	74.33	69.92	65.62	61.51	57.44	53.60	49.81	46.26	42.88	39.71	37.26	35.59	34.14	32.71	31.81	31.00	
123.00	115.83	109.04	102.50	96.01	89.77	84.18	78.64	73.64	68.86	64.17	59.81	55.82	51.94	48.20	44.47	41.72	39.29	37.38	35.74	34.23	33.00	
119.00	111.25	103.67	97.54	91.57	85.89	80.56	75.47	70.39	65.38	60.47	56.09	52.26	48.46	44.83	41.57	38.74	36.53	34.39	32.99	32.35	31.77	31.37	31.00	
111.00	103.05	95.18	87.72	80.38	73.63	67.98	62.72	57.91	53.57	49.62	45.96	43.41	41.11	39.02	37.02	35.46	34.15	33.32	32.59	32.19	32.00	
108.00	101.59	95.25	89.13	83.57	78.16	73.02	67.95	63.29	59.04	54.87	50.86	47.26	44.79	42.41	40.28	38.28	36.35	34.89	33.80	33.06	32.34	32.00	
117.00	108.33	100.41	93.00	85.59	80.10	74.67	69.46	64.40	59.66	55.29	51.11	47.43	44.26	41.45	38.67	36.85	35.45	34.08	33.03	32.58	32.20	32.00	
121.00	112.33	104.37	96.63	89.62	82.86	76.40	70.50	64.61	59.58	55.27	51.03	47.09	43.36	40.55	37.75	35.14	33.38	32.71	32.12	32.05	32.00	
116.00	109.74	103.83	98.27	92.84	87.52	82.38	77.38	72.40	67.96	63.87	60.11	56.43	53.28	50.20	47.15	44.14	41.28	38.53	36.21	34.60	33.60	33.05	33.00	
123.00	113.13	103.49	95.38	88.13	81.51	75.06	68.67	62.97	57.35	52.62	48.41	44.27	40.83	39.06	37.30	35.84	34.46	33.30	32.37	32.00	
120.00	110.99	102.38	94.35	86.86	79.42	72.39	65.54	58.75	53.35	48.08	43.47	39.95	36.94	34.06	32.28	31.28	30.48	29.76	29.43	29.19	29.00	
106.00	99.86	93.81	87.85	82.14	77.07	72.09	67.27	62.73	58.35	53.98	50.22	46.82	43.53	40.82	38.23	36.48	34.99	33.61	33.04	33.00	
116.00	106.84	98.97	91.90	84.90	78.64	72.58	66.67	60.86	55.25	49.69	44.28	41.09	38.69	36.50	34.98	33.88	33.28	33.10	33.03	33.00	
108.00	99.27	90.89	83.22	75.62	69.68	64.76	60.11	55.58	51.18	47.50	44.20	41.29	38.93	37.01	35.27	33.89	32.72	31.66	31.26	31.00	
116.00	108.34	100.70	93.75	87.49	81.37	75.32	69.29	63.74	58.63	54.01	50.19	46.73	43.37	41.60	39.99	38.39	36.84	35.33	33.90	32.86	31.99	31.42	31.00	
101.00	94.66	88.35	82.26	76.37	70.69	65.77	60.92	56.08	52.50	49.27	46.11	43.03	40.60	38.43	36.55	35.18	33.90	32.66	32.07	31.53	31.18	31.00	
122.00	113.19	104.41	96.80	90.09	83.75	77.83	71.95	66.32	61.13	56.27	51.44	47.43	43.46	39.88	37.10	34.38	32.14	30.28	29.30	29.00	
102.00	95.76	89.80	84.30	78.93	73.86	69.27	64.81	60.59	56.55	52.55	48.60	44.72	42.08	40.03	38.22	36.59	35.30	34.07	32.94	31.81	31.25	31.04	31.00	
115.00	105.72	98.29	91.84	85.44	79.58	73.80	69.12	64.62	60.21	56.15	52.73	49.34	46.27	43.68	41.20	39.35	38.17	37.01	35.96	34.93	34.14	33.40	33.00	
121.00	111.35	103.04	94.91	87.08	79.87	72.99	66.80	60.98	55.57	50.28	45.14	41.89	38.78	36.94	35.19	33.60	32.51	31.75	31.15	31.06	31.00	
118.00	108.62	99.25	90.01	82.14	75.24	68.78	62.55	57.02	51.91	47.53	44.28	41.90	39.53	37.42	35.76	34.55	33.95	33.57	33.19	33.00	
116.00	107.76	99.91	92.55	85.71	79.41	73.82	68.27	63.93	59.84	55.81	52.09	48.43	45.23	42.47	39.94	37.82	36.06	34.44	33.09	31.76	30.46	30.00	
112.00	105.15	98.39	91.73	85.08	78.66	72.92	67.65	62.93	58.39	54.01	49.64	45.52	41.97	38.52	35.54	33.65	31.82	30.41	29.53	29.22	29.10	29.00	
120.00	112.36	105.26	98.76	92.60	86.89	81.24	76.05	70.97	66.10	61.35	56.77	52.31	47.84	43.56	40.27	37.55	35.30	33.14	31.86	30.58	29.44	29.00	
101.00	92.57	85.11	78.16	72.20	66.48	60.82	55.98	52.28	49.22	46.59	44.10	41.74	39.77	38.41	37.22	36.05	34.97	34.17	33.58	33.09	33.00	
123.00	111.50	100.18	89.08	78.34	71.87	66.57	61.65	56.73	52.81	49.01	45.22	41.67	38.46	35.70	33.56	32.50	31.56	31.13	31.03	31.00	
109.00	102.13	96.30	90.52	85.47	80.46	75.75	71.17	66.90	62.81	58.74	54.88	51.19	47.52	44.05	40.70	38.41	36.56	34.81	33.18	31.86	30.96	30.36	30.00	
112.00	103.98	96.84	89.96	83.64	77.40	71.60	66.66	62.14	57.93	53.77	49.89	46.66	43.50	40.51	38.34	36.21	34.47	33.18	32.42	32.02	32.00	
122.00	110.14	99.86	89.97	80.95	72.39	64.69	57.11	49.64	44.12	41.22	38.48	35.79	33.82	31.90	30.61	29.68	28.85	28.44	28.22	28.00	
101.00	93.62	86.83	80.65	74.81	69.23	64.23	59.47	55.32	51.56	48.37	45.33	43.09	40.96	38.96	37.13	35.40	33.83	32.31	31.32	30.84	30.38	30.00	
117.00	108.75	100.61	92.60	84.69	78.73	72.87	67.81	63.92	60.09	56.54	53.19	49.92	46.70	43.58	41.03	39.01	37.16	35.98	34.92	34.05	33.52	33.00	
109.00	102.87	96.89	90.95	85.16	79.50	74.01	69.22	64.72	60.35	56.17	51.99	48.18	44.61	42.23	39.85	37.86	36.28	34.86	33.50	32.32	31.20	30.42	30.00	
103.00	95.98	89.11	82.98	77.65	72.37	67.69	63.17	59.08	55.07	51.11	47.32	43.72	40.21	37.15	34.18	32.66	31.21	30.27	29.64	29.26	29.00	
116.00	107.84	100.45	94.34	88.29	82.28	76.53	71.09	66.05	61.26	56.61	51.99	47.44	43.63	40.34	37.07	34.46	31.87	30.25	30.05	30.00	
118.00	111.12	104.27	97.63	91.17	84.76	79.06	73.49	67.93	63.02	58.19	54.17	50.66	47.91	45.21	42.96	40.76	38.59	36.88	35.31	34.02	32.99	32.04	32.00	
104.00	98.34	92.75	87.22	82.06	77.00	72.20	67.84	64.26	60.86	57.55	54.52	51.85	49.24	46.73	44.24	42.09	40.07	38.13	36.45	35.10	34.25	33.53	33.00	
111.00	104.32	98.14	92.00	85.87	79.78	73.71	68.14	63.55	59.14	55.30	51.69	48.10	44.91	42.27	39.75	37.51	36.20	34.98	33.78	32.67	31.85	31.42	31.00	
113.00	105.11	97.31	90.34	84.60	79.63	74.70	69.97	66.10	62.39	59.02	55.70	52.48	49.40	46.41	43.84	41.42	39.33	37.30	35.69	34.21	33.44	33.01	33.00	
118.00	109.82	101.76	94.46	88.23	82.01	76.36	70.88	65.50	60.29	55.43	50.77	46.16	42.12	38.98	37.05	35.16	33.33	31.73	30.17	28.74	28.25	28.00	
116.00	109.74	103.50	97.33	91.17	85.28	79.89	74.53	69.38	64.64	59.97	55.34	50.76	46.34	42.59	38.88	35.90	33.65	32.24	31.02	30.30	29.65	29.03	29.00	
121.00	114.23	107.87	101.54	95.33	89.16	83.89	78.69	73.57	68.56	63.58	59.12	54.70	51.25	47.81	44.51	41.71	39.00	36.48	34.25	32.37	31.29	31.00	
101.00	93.23	85.58	78.43	72.56	67.54	63.67	59.89	56.22	52.69	50.01	47.48	45.41	43.37	41.36	39.54	37.83	36.20	34.56	33.13	33.00	
113.00	105.86	98.96	92.21	85.47	79.71	74.14	68.57	63.03	58.28	53.77	49.42	45.27	42.12	39.00	35.92	33.07	31.50	30.02	29.48	29.08	29.00	
112.00	104.76	97.52	90.78	84.73	78.91	73.39	67.96	62.71	57.92	53.20	48.71	45.14	41.79	38.90	36.12	33.84	31.67	30.01	28.42	28.00	
116.00	108.88	101.76	95.01	88.35	81.87	75.54	69.44	64.09	59.30	55.12	51.04	47.39	44.17	41.00	38.63	36.29	34.60	32.99	31.55	31.00	
114.00	107.83	101.66	95.56	89.88	84.36	78.88	74.14	69.47	65.00	61.30	57.61	54.02	50.48	47.75	45.24	42.79	40.61	38.65	36.87	35.37	34.21	33.40	33.00	
120.00	112.71	105.42	98.31	91.27	84.32	77.60	71.36	65.86	60.61	55.48	50.37	46.09	43.17	40.42	37.80	35.47	33.76	32.10	30.57	29.74	29.18	29.00	
102.00	96.25	90.58	85.20	79.97	75.10	70.31	65.61	61.56	57.72	54.01	50.68	47.51	44.47	41.64	39.40	37.50	35.72	34.19	33.07	32.05	31.16	31.00	
105.00	98.53	92.66	87.67	82.72	78.38	74.15	69.95	65.87	61.80	57.80	53.92	50.12	46.57	43.13	40.04	37.25	34.69	32.95	31.39	30.00	
122.00	113.77	105.73	97.99	90.58	83.54	76.90	71.19	65.59	60.61	55.78	51.45	47.48	43.95	40.86	38.12	35.59	33.24	30.97	30.04	29.14	28.54	28.00	
112.00	103.76	96.02	88.51	81.81	75.47	70.01	64.55	59.16	54.08	49.22	45.12	41.91	39.28	36.69	34.79	33.54	32.39	31.41	30.60	30.00	
106.00	98.88	91.97	85.13	79.82	74.56	69.42	64.39	59.42	54.50	49.80	45.19	41.46	38.76	36.68	35.18	33.89	32.61	31.38	30.17	29.30	29.00	
117.00	109.04	101.37	94.24	87.69	81.35	75.69	70.20	64.81	59.76	55.98	52.31	48.91	45.51	43.42	41.33	39.65	38.27	36.94	35.67	34.55	33.78	33.17	33.00	
113.00	104.48	96.14	88.27	80.82	73.39	67.29	62.26	57.69	53.31	49.86	46.69	43.63	41.03	38.49	36.44	34.70	33.21	31.90	31.20	30.59	30.00	
117.00	109.19	102.15	95.75	89.48	83.56	77.66	72.16	66.90	62.28	58.12	54.09	50.16	47.18	44.49	42.31	40.42	38.66	36.93	35.40	34.19	33.16	33.00	
114.00	107.20	100.62	94.58	88.69	82.93	77.58	72.34	67.11	62.24	57.78	53.33	50.00	46.67	43.39	40.19	37.16	34.72	32.52	30.79	29.67	28.58	28.00	
118.00	110.65	103.73	97.69	91.64	85.65	79.67	74.35	69.71	65.32	61.19	57.08	53.06	49.20	45.57	41.93	38.56	35.99	34.26	32.95	31.86	31.00	
114.00	107.35	100.87	94.58	88.53	82.80	77.08	71.53	66.46	61.46	56.60	52.53	48.49	44.47	41.55	39.21	37.19	35.23	33.99	32.96	31.95	31.14	30.40	30.00	
103.00	96.40	89.85	83.30	76.97	71.26	66.22	61.48	56.85	52.30	49.52	46.89	44.46	42.21	40.08	38.27	36.91	35.78	34.67	33.75	33.18	33.09	33.00	
115.00	106.54	98.85	91.37	83.95	77.45	72.08	66.72	61.98	57.72	53.80	49.92	46.07	42.25	38.82	35.93	33.37	31.77	30.50	29.23	29.00	
106.00	96.72	89.58	82.63	77.42	72.63	68.23	64.15	60.15	56.31	52.80	50.23	47.75	45.57	43.52	41.56	39.67	37.97	36.45	35.09	33.75	33.11	32.51	32.00	
120.00	111.57	103.78	96.91	90.06	83.34	76.87	71.49	66.28	61.39	56.55	52.83	49.21	45.60	42.65	40.17	37.81	35.50	33.31	32.04	31.11	30.26	29.43	29.00	
118.00	111.14	104.29	97.71	91.13	85.27	79.53	73.83	68.14	62.84	58.01	53.26	49.46	46.39	43.67	41.04	38.71	36.49	34.36	32.26	30.44	29.31	29.00	
110.00	103.76	97.64	92.09	86.65	81.54	76.45	71.48	66.85	62.24	58.07	53.90	50.48	47.45	44.42	41.45	38.80	36.74	34.91	33.30	32.12	31.18	31.00	
117.00	109.93	102.87	95.88	89.02	83.20	77.43	72.33	67.42	62.78	58.81	54.87	51.00	47.42	44.58	41.85	39.24	36.71	34.19	32.00	31.60	31.21	31.00	
101.00	95.25	89.65	84.14	78.79	73.50	68.31	63.15	58.53	54.03	50.13	46.28	43.29	40.40	37.98	35.66	33.37	31.41	29.90	29.36	29.00	
121.00	113.15	105.85	98.70	91.81	85.74	79.89	74.17	68.54	63.47	59.26	55.18	51.63	48.38	45.23	42.41	40.14	37.87	36.00	34.53	33.10	31.93	31.13	31.00	
101.00	94.98	88.99	83.20	77.84	72.64	67.87	63.27	58.80	55.14	51.66	48.28	44.95	41.91	38.92	36.69	34.73	33.00	31.63	30.75	30.12	30.00	
120.00	110.62	101.31	92.35	86.15	80.11	74.15	68.78	63.85	59.05	54.29	50.07	45.96	42.80	40.33	38.17	36.48	34.84	33.19	32.29	31.51	31.00	
122.00	113.07	104.27	95.65	88.63	81.71	75.09	68.57	62.07	55.97	50.86	46.68	43.24	40.77	38.57	36.54	34.67	33.07	31.69	30.76	30.17	30.00	
105.00	98.76	92.66	86.82	81.04	76.39	71.81	67.26	62.75	58.30	54.05	50.01	46.14	42.33	38.68	35.41	33.28	31.22	29.90	29.23	28.59	28.06	28.00	
114.00	106.32	98.99	91.75	85.23	78.73	72.68	66.72	61.26	56.79	53.28	49.93	46.59	43.86	41.60	39.47	37.53	36.07	34.66	33.68	33.00	
102.00	94.40	87.53	80.90	74.52	68.49	63.73	59.18	54.76	50.47	47.43	45.29	43.22	41.18	39.41	37.74	36.19	34.80	33.54	32.60	31.83	31.21	31.00	
111.00	103.69	96.54	89.52	82.77	76.11	69.89	63.99	58.11	52.40	47.37	42.87	40.00	38.30	36.70	35.21	33.99	32.79	32.03	31.48	31.19	31.00	
108.00	100.99	94.36	87.88	81.41	75.18	69.16	63.84	59.24	55.45	51.73	48.01	44.46	41.56	38.87	36.45	34.33	32.87	31.51	30.66	30.23	30.03	30.00	
101.00	94.05	87.52	81.22	75.40	70.64	66.15	61.70	57.74	53.92	50.52	47.27	44.63	42.05	39.51	37.37	35.40	33.60	31.93	30.40	28.97	28.00	
101.00	95.99	90.99	86.06	81.27	76.54	71.91	67.37	62.85	58.58	54.41	50.59	47.07	43.72	41.35	39.18	37.13	35.09	33.24	31.89	30.98	30.17	30.03	30.00	
103.00	98.26	93.60	88.96	84.43	80.03	75.72	71.62	67.76	64.22	60.78	57.37	54.06	50.78	47.70	44.80	42.27	39.84	37.42	35.96	34.79	33.81	33.30	33.00	
105.00	98.17	91.90	85.85	80.82	75.94	71.19	66.51	62.13	57.79	53.51	49.95	46.39	43.77	41.76	39.84	38.23	36.77	35.59	34.52	33.82	33.16	33.00	
114.00	106.63	99.29	92.52	85.77	79.78	74.02	69.08	64.15	59.41	54.90	50.80	46.70	42.84	39.09	36.06	33.62	32.26	31.18	30.21	30.00	
104.00	97.02	90.23	83.95	78.29	73.53	68.78	64.21	59.79	55.50	51.51	47.89	44.80	41.76	38.83	36.27	34.10	32.26	30.79	29.80	29.00	
115.00	107.08	99.24	91.50	84.15	77.11	70.57	64.35	59.64	55.74	51.84	48.18	44.63	41.66	39.08	36.93	34.81	32.86	31.22	29.69	28.63	28.00	
116.00	108.87	102.09	95.92	89.91	84.03	78.24	72.65	67.17	62.56	58.46	54.69	50.95	47.38	44.14	41.47	38.94	36.47	34.12	31.79	29.96	29.00	
123.00	115.20	108.03	101.15	94.58	88.03	82.05	76.29	70.60	65.41	60.29	55.38	51.17	47.58	44.22	41.34	38.51	35.92	34.03	33.09	33.00	
107.00	101.41	95.96	90.66	85.44	80.42	75.90	71.45	67.24	63.09	59.80	56.63	53.73	51.05	48.50	46.08	43.65	41.36	39.22	37.16	35.58	34.30	33.24	33.00	
116.00	107.73	99.83	91.98	85.50	79.07	73.49	68.64	64.37	60.14	56.00	52.03	48.20	44.44	40.85	37.75	35.40	33.08	32.12	32.04	32.00	
118.00	109.61	101.51	93.88	86.53	79.43	73.09	67.39	61.74	56.22	51.41	46.80	43.29	40.04	36.86	34.00	31.52	29.70	29.03	28.51	28.00	
108.00	100.97	93.97	87.04	80.28	74.14	68.56	63.61	59.10	55.34	51.64	48.37	45.14	41.92	38.88	36.69	34.53	32.52	31.28	30.23	29.37	29.15	29.00	
103.00	96.46	89.91	83.74	77.73	72.68	67.77	63.16	59.04	55.41	51.82	48.31	44.94	42.22	39.76	37.32	35.29	33.36	32.00	30.66	30.00	
113.00	105.23	97.98	91.17	85.09	79.32	74.40	69.85	65.68	61.53	57.41	53.36	49.41	45.56	41.76	38.53	36.82	35.12	33.67	32.28	31.09	30.12	30.02	30.00	
106.00	99.98	94.01	88.07	82.30	76.74	71.36	66.42	61.85	57.46	53.98	50.75	47.65	44.59	42.21	39.92	38.01	36.50	35.04	33.66	32.59	31.84	31.25	31.00	
118.00	110.40	103.08	95.97	89.56	83.39	77.27	71.77	66.70	62.05	57.55	53.33	49.25	45.74	42.34	39.13	36.66	34.50	32.56	31.12	29.95	29.10	28.41	28.00	
105.00	98.92	92.97	87.04	81.37	76.10	70.93	66.11	61.80	57.75	53.95	50.19	46.83	43.53	40.37	37.77	35.47	33.67	32.21	31.14	30.53	30.03	30.00	
110.00	102.04	94.66	87.28	81.31	75.58	70.09	64.60	59.48	55.36	51.54	48.01	44.64	41.85	39.44	37.27	35.62	34.24	32.90	32.15	32.00	
123.00	114.87	106.77	98.70	91.28	84.20	77.17	70.36	64.05	58.30	52.65	48.64	44.95	41.35	38.12	35.14	32.27	30.32	29.37	28.54	28.00	
109.00	102.46	96.02	89.70	83.52	77.39	71.43	66.51	61.67	56.90	52.71	48.94	45.19	41.63	38.70	36.02	33.46	30.94	29.39	29.01	29.00	
104.00	97.64	91.51	85.58	79.94	74.77	69.66	64.68	59.84	55.17	50.57	46.80	43.26	39.88	37.27	34.74	32.95	31.34	30.38	29.64	29.03	29.00	
114.00	106.80	99.84	92.94	86.09	79.30	73.75	68.33	63.27	58.23	53.46	50.72	48.19	45.70	43.40	41.12	39.04	37.26	35.57	33.97	33.00	
105.00	98.63	92.44	86.55	81.05	75.87	71.14	66.60	62.07	58.23	54.59	51.49	48.75	46.02	43.43	41.45	39.78	38.19	36.82	35.47	34.28	33.31	33.00	
107.00	99.90	92.83	86.55	80.39	74.99	69.91	65.08	60.32	56.66	53.27	50.28	47.52	44.78	42.12	39.46	36.81	35.32	34.40	33.48	32.57	32.00	
103.00	97.88	92.85	87.85	82.94	78.11	73.50	69.10	64.84	61.49	58.20	55.04	52.14	49.50	46.95	44.48	42.07	40.04	38.04	36.07	34.16	33.12	33.00	
111.00	103.59	96.76	90.03	83.76	77.67	72.24	67.58	62.95	58.63	54.55	50.52	46.56	43.08	40.51	38.26	36.32	34.42	32.52	30.92	30.45	30.00	
112.00	103.59	95.92	88.87	82.15	76.22	70.37	64.51	59.38	54.36	49.35	45.29	41.32	38.32	35.54	33.21	31.07	29.55	28.41	28.02	28.00	
111.00	104.57	98.41	92.33	86.31	80.65	75.31	70.10	65.02	60.26	55.64	51.02	47.18	44.15	41.63	39.13	36.87	34.89	33.02	31.39	29.87	28.81	28.26	28.00	
103.00	96.83	90.92	85.08	79.98	75.07	70.22	65.65	61.19	56.85	52.84	48.95	45.33	42.20	39.48	36.81	34.85	32.97	31.20	29.49	28.45	28.27	28.12	28.00	
111.00	104.19	97.46	90.83	84.55	78.60	72.70	68.33	64.10	60.34	56.78	53.47	50.32	47.66	45.13	42.61	40.18	37.88	36.10	34.45	33.15	32.00	
103.00	96.62	90.52	84.94	79.69	74.71	69.89	65.83	61.82	57.97	54.16	50.57	47.01	43.92	41.14	38.90	36.97	35.08	33.36	31.68	30.47	29.66	29.00	
109.00	102.06	95.59	89.36	83.23	77.37	72.45	67.71	62.98	58.31	53.96	49.79	46.00	43.65	41.31	39.12	37.21	35.83	34.52	33.30	32.82	32.41	32.05	32.00	
111.00	104.54	98.33	92.14	86.01	80.00	74.82	69.74	64.71	59.80	54.90	50.37	46.25	42.21	39.69	37.32	35.40	33.92	33.35	32.85	32.39	32.00	
116.00	106.96	98.28	91.18	84.21	77.28	71.38	65.60	59.83	54.54	49.35	45.51	41.89	39.46	37.08	34.71	32.98	31.35	30.12	29.28	28.62	28.00	
114.00	104.85	97.02	89.47	82.00	75.47	69.78	64.41	59.79	55.23	51.54	48.04	44.69	41.95	39.54	37.29	35.14	33.00	31.30	30.33	30.00	
110.00	103.36	97.13	91.26	85.56	79.91	74.63	69.44	64.62	59.89	56.27	52.72	49.16	45.61	43.33	41.05	39.03	37.37	36.03	35.10	34.32	33.64	33.05	33.00	
108.00	101.13	95.18	89.33	84.22	79.12	74.07	69.13	64.39	60.37	56.52	52.74	49.88	47.03	44.36	41.83	39.35	37.64	36.30	35.00	34.18	33.55	33.00	
123.00	115.60	108.35	101.17	94.42	87.77	81.19	74.66	68.37	62.99	57.81	52.88	48.42	44.36	40.43	38.04	35.75	34.25	33.15	32.34	31.65	31.06	31.00	
122.00	113.27	105.29	98.11	91.21	84.43	78.22	72.10	67.34	62.96	58.63	54.49	50.64	46.88	43.39	40.41	38.22	36.11	34.57	33.18	32.00	
120.00	113.42	106.95	100.52	94.71	89.14	83.65	78.26	73.30	68.44	63.81	59.32	54.99	50.81	46.75	43.28	40.14	37.88	35.86	34.20	33.32	33.00	
106.00	100.66	95.37	90.50	85.74	81.14	76.62	72.23	67.89	63.63	59.88	56.53	53.24	50.01	46.82	43.63	40.64	37.74	35.36	33.40	31.78	30.87	30.35	30.00	
110.00	100.93	93.43	86.05	79.07	73.11	67.61	62.86	58.28	54.54	51.26	48.05	45.00	42.01	39.49	37.25	35.11	33.71	32.39	31.09	31.00	
118.00	109.99	102.21	95.84	90.01	84.19	78.77	73.57	68.41	63.67	59.43	55.58	51.98	48.80	46.03	43.58	41.29	39.08	37.39	35.93	34.52	33.24	32.00	
108.00	101.76	95.60	89.62	83.73	78.12	72.78	67.80	63.38	59.26	55.63	52.43	49.25	46.09	43.16	40.33	38.06	36.83	35.69	34.68	33.72	32.89	32.33	32.00	
123.00	116.72	110.51	104.66	99.16	93.70	88.25	82.85	77.53	72.22	67.00	62.20	58.35	54.79	51.46	48.20	45.09	42.07	39.24	36.55	34.41	32.46	32.00	
116.00	108.46	101.55	95.07	89.70	84.55	79.54	75.14	70.75	66.47	62.51	58.58	54.95	51.41	48.26	45.20	42.45	39.73	37.19	35.94	34.78	33.67	33.00	
107.00	99.52	92.54	85.80	79.16	72.66	66.85	61.62	56.62	52.68	48.79	45.93	43.43	41.29	39.26	37.51	35.84	34.47	33.51	32.60	32.15	32.06	32.00	
111.00	105.14	99.30	93.71	88.37	83.12	78.34	73.60	68.92	64.70	60.63	56.66	52.95	49.70	46.47	43.48	40.63	37.86	35.93	34.00	32.79	31.62	31.28	31.00	
120.00	111.27	103.15	95.05	87.69	81.38	75.59	70.22	65.32	60.44	55.70	51.04	47.24	44.39	41.80	39.28	36.82	34.56	32.68	31.25	29.97	29.40	29.00	
110.00	104.39	98.95	93.70	88.52	83.61	78.70	73.88	69.18	64.53	60.42	56.43	53.07	49.75	46.44	43.21	40.03	37.04	34.35	31.84	29.90	28.41	28.00	
106.00	98.50	91.51	85.00	79.00	73.06	67.71	62.68	58.77	55.43	52.21	49.10	46.07	43.30	40.66	38.05	35.81	33.85	32.38	31.19	31.00	
109.00	102.22	95.61	89.09	82.65	77.28	72.00	66.94	62.07	57.46	53.06	49.70	46.64	43.84	41.05	38.30	35.91	33.57	31.38	29.97	29.14	29.00	
116.00	108.38	101.01	93.71	86.42	79.53	72.87	67.38	62.20	57.66	53.19	49.01	45.11	41.39	39.17	37.06	35.51	33.96	32.99	32.08	32.00	
120.00	110.49	101.92	93.45	86.69	80.58	74.56	69.19	63.95	58.94	54.09	49.88	46.08	42.42	39.16	36.00	33.27	30.91	29.39	28.26	28.00	
109.00	102.31	95.75	89.19	82.91	76.93	71.98	67.13	62.81	58.49	54.42	50.49	46.67	43.44	40.24	37.30	34.39	32.54	31.16	29.87	29.12	29.05	29.00	
116.00	107.05	98.16	89.97	82.93	76.36	69.88	64.92	60.47	56.13	51.94	48.75	45.66	42.70	40.09	38.39	36.85	35.31	34.05	32.86	32.00	
103.00	96.31	89.74	83.20	77.94	73.16	68.73	64.60	60.49	56.67	52.98	49.65	46.50	43.44	40.81	38.20	35.72	34.48	33.44	32.87	32.40	32.00	
104.00	97.07	91.06	85.25	80.07	75.06	70.11	65.26	60.86	56.95	53.08	49.34	45.94	42.93	40.43	38.21	36.03	33.94	32.42	31.10	29.81	29.00	
111.00	103.69	97.10	90.62	84.21	78.31	72.91	67.61	62.43	57.68	52.96	49.12	45.31	41.55	38.11	35.60	33.10	30.77	29.37	29.01	29.00	
122.00	112.65	103.37	94.33	85.90	77.97	71.52	65.69	59.90	55.40	51.50	47.70	44.97	42.50	40.18	37.96	35.92	33.92	32.07	30.26	28.90	28.21	28.00	
112.00	105.66	99.48	93.74	88.36	83.02	77.84	72.81	67.93	63.35	59.28	55.26	51.34	47.51	43.96	40.87	38.18	36.46	34.98	33.65	32.77	31.95	31.43	31.00	
109.00	102.97	97.04	91.38	85.77	80.41	75.21	70.58	66.08	61.61	57.41	54.03	50.66	47.41	44.27	41.54	39.28	37.03	34.79	33.05	31.70	30.50	29.56	29.00	
104.00	97.05	90.84	84.92	79.33	73.74	68.46	63.63	58.91	54.85	51.15	47.64	44.49	41.45	39.19	36.98	35.05	33.31	31.83	30.58	29.96	29.62	29.29	29.00	
111.00	103.78	96.81	90.62	84.53	78.59	72.86	67.27	61.93	57.11	52.39	48.10	44.20	41.05	38.20	36.10	34.45	32.94	31.43	30.36	29.49	29.00	
112.00	103.85	95.77	89.69	83.68	77.77	71.91	66.32	61.77	58.36	55.06	51.87	49.07	46.36	43.67	40.99	38.60	36.71	34.89	33.68	32.80	32.01	32.00	
111.00	105.59	100.27	95.01	89.90	85.31	80.88	76.72	72.95	69.29	65.70	62.37	59.12	55.92	52.91	49.90	46.99	44.10	41.46	39.07	36.91	34.76	33.72	33.00	
109.00	102.47	96.42	90.42	84.98	79.72	74.58	69.66	65.17	61.03	56.96	53.05	49.43	46.13	42.84	39.95	37.39	35.32	33.73	32.69	32.00	
115.00	108.49	102.16	96.19	90.27	84.41	78.73	73.37	68.07	63.28	58.82	54.60	50.49	46.69	42.97	40.56	38.21	36.45	34.84	33.65	33.09	32.54	32.00	
104.00	97.85	91.74	86.04	81.12	76.21	71.36	66.77	62.59	58.80	55.29	51.79	48.65	46.03	43.80	41.69	39.60	37.76	36.31	35.22	34.33	33.56	33.00	
114.00	105.47	97.05	89.84	82.93	76.13	69.61	63.59	58.52	54.13	49.77	46.33	43.96	41.76	39.75	37.85	36.33	34.82	33.46	32.42	31.64	31.05	31.00	
108.00	101.21	94.77	88.43	82.26	76.18	70.10	64.20	59.13	54.10	50.43	46.95	43.52	40.17	37.62	35.14	32.95	31.98	31.24	30.72	30.28	30.00	
120.00	112.25	104.55	97.01	89.92	82.98	76.12	70.00	64.18	58.79	53.92	49.40	45.19	42.35	39.66	37.51	36.16	35.29	34.51	33.85	33.23	32.66	32.11	32.00	
122.00	113.58	105.33	97.10	89.47	82.16	75.58	69.44	63.50	57.57	52.01	47.51	43.81	40.91	38.26	35.79	33.42	31.75	30.34	29.06	28.23	28.00	
103.00	96.94	91.03	85.16	79.64	74.24	69.57	64.96	60.41	56.56	52.97	49.42	46.05	42.70	39.93	37.37	35.20	33.05	31.61	30.56	30.01	30.00	
101.00	92.78	84.73	77.81	71.53	66.85	62.61	58.41	54.38	50.39	46.61	43.63	40.77	37.92	35.12	33.12	31.67	30.43	29.26	28.62	28.30	28.00	
122.00	112.58	104.24	96.61	89.51	83.14	76.90	70.72	64.91	59.11	53.69	48.78	44.51	41.39	39.11	36.86	34.89	33.24	31.87	31.39	31.00	
108.00	99.37	92.65	85.99	79.52	73.67	67.86	62.44	57.12	52.43	47.86	44.00	41.36	38.88	37.21	35.73	34.33	33.22	32.48	32.03	32.00	
108.00	99.53	91.62	84.27	77.94	71.78	66.15	60.92	56.01	52.03	48.20	45.14	42.51	39.96	37.89	36.06	34.58	33.16	31.78	30.91	30.07	29.35	29.00	
119.00	110.51	102.83	95.26	88.16	81.25	74.63	68.74	63.82	59.97	56.17	52.50	48.91	45.46	42.24	39.50	36.82	34.44	32.20	31.60	31.07	31.02	31.00	
109.00	101.44	94.45	87.57	81.55	76.59	71.80	67.05	62.37	58.16	54.04	50.06	46.25	43.21	40.18	37.17	35.18	33.81	32.51	31.55	31.30	31.15	31.00	
114.00	107.59	101.48	96.03	90.71	85.46	80.50	75.59	71.00	66.52	62.12	57.86	53.68	49.79	45.91	43.13	40.46	38.39	36.41	35.13	33.97	33.13	32.41	32.00	
114.00	105.91	98.09	90.48	83.14	75.90	69.34	65.04	60.88	56.84	53.67	50.94	48.37	46.03	43.78	41.64	39.62	37.96	36.45	35.03	34.23	33.48	33.00	
111.00	103.75	96.79	89.95	83.74	78.46	73.87	69.44	65.23	61.02	57.27	53.59	50.04	46.66	43.30	40.59	38.36	36.37	34.83	33.55	32.67	31.94	31.34	31.00	
117.00	108.81	100.97	93.66	86.42	79.58	72.80	66.08	59.77	53.79	49.57	46.43	43.45	40.49	38.29	36.13	34.35	32.61	31.11	29.64	28.39	28.00	
119.00	111.82	104.79	98.29	91.79	85.72	80.05	74.53	69.21	64.47	60.05	56.63	53.35	50.38	47.51	45.04	42.69	40.52	38.39	36.56	34.95	33.76	33.17	33.00	
119.00	109.71	100.72	92.19	83.74	77.10	71.41	66.01	60.90	56.12	51.85	47.66	43.68	40.44	37.96	35.83	34.59	33.77	33.20	33.01	33.00	
118.00	109.08	100.64	92.50	85.07	77.84	70.92	64.84	59.39	54.09	49.32	45.09	42.11	39.52	37.60	35.76	34.05	32.68	31.69	31.20	31.00	
107.00	98.91	91.11	83.94	77.24	71.27	65.58	59.94	55.01	50.51	46.59	43.22	40.20	37.95	35.97	34.49	33.14	31.95	31.08	30.44	30.00	
114.00	106.31	99.59	92.91	86.72	80.87	75.40	69.97	64.57	59.38	54.61	49.95	45.35	42.03	38.98	36.54	34.74	32.95	32.33	32.15	32.00	
106.00	99.10	92.38	86.12	80.05	74.49	68.95	63.82	58.78	54.60	50.50	47.01	44.32	41.73	39.32	37.26	35.33	33.74	32.50	31.70	31.00	
123.00	113.20	103.91	94.64	85.49	76.88	69.07	61.74	56.65	52.33	48.98	45.72	42.51	39.94	37.76	35.95	34.59	33.66	32.75	32.09	32.00	
101.00	95.40	89.81	84.97	80.39	75.90	71.46	68.00	64.63	61.33	58.04	54.77	51.51	48.71	46.15	43.66	41.23	38.92	36.72	35.15	33.61	32.12	31.51	31.00	
119.00	110.43	102.92	95.76	88.69	82.15	76.21	70.29	64.86	59.44	54.37	49.50	44.88	40.49	36.62	33.83	31.88	30.11	29.20	28.34	28.00	
116.00	108.28	100.60	93.38	86.71	80.16	73.77	67.78	62.75	57.90	53.87	50.51	47.19	44.55	42.14	39.84	37.95	36.41	34.94	33.60	33.00	
115.00	108.47	101.96	95.83	89.83	84.14	78.49	73.27	68.22	63.58	59.45	55.87	52.37	49.04	45.89	43.01	40.24	37.56	35.59	33.76	33.00	
107.00	100.29	93.79	87.63	81.58	75.82	70.99	66.48	62.24	58.68	55.23	52.42	49.66	46.91	44.49	42.34	40.21	38.37	36.84	35.39	34.11	32.93	32.15	32.00	
110.00	103.81	97.73	91.80	85.94	80.17	74.77	69.88	65.17	61.18	57.20	53.27	49.36	45.66	43.01	40.57	38.36	36.82	35.34	33.98	33.41	33.02	33.00	
118.00	109.51	101.05	93.28	85.58	78.93	72.88	67.03	61.32	55.86	51.32	47.09	43.05	40.18	37.84	36.61	35.43	34.34	33.69	33.26	33.00	
106.00	99.49	93.10	86.87	80.82	74.79	68.94	63.10	57.69	52.38	47.19	42.40	39.04	35.91	32.98	31.65	30.51	29.52	28.77	28.08	28.00	
119.00	109.19	99.60	90.49	82.18	73.93	67.44	61.58	56.50	51.44	47.22	43.34	39.51	36.60	34.42	32.44	30.59	29.75	29.02	28.29	28.00	
115.00	107.75	100.58	93.75	87.61	82.15	76.92	72.15	67.86	63.65	59.98	56.33	52.69	49.10	45.99	43.59	41.34	39.24	37.30	35.49	34.26	33.08	32.00	
116.00	107.16	98.34	89.72	82.04	74.46	67.10	61.17	55.58	51.72	48.89	46.18	43.47	40.92	38.41	36.21	34.29	32.42	30.82	30.43	30.09	30.00	
107.00	99.66	92.54	85.78	79.60	73.59	68.02	62.59	57.28	51.97	47.99	45.04	42.27	39.96	37.93	35.95	34.67	33.50	32.48	31.73	31.05	31.00	
108.00	101.51	95.52	89.91	84.74	80.01	75.66	71.49	67.70	64.12	60.68	57.28	53.98	50.78	47.86	45.09	42.37	39.96	37.58	35.96	34.57	33.29	32.19	32.00	
116.00	109.40	102.90	96.46	90.79	85.33	79.89	74.69	69.60	64.60	59.70	55.06	50.55	46.95	43.56	40.21	37.87	35.76	33.75	32.02	30.43	29.64	29.00	
119.00	112.65	106.30	100.04	94.33	88.73	83.35	78.01	73.01	68.22	63.55	58.90	54.39	50.15	46.06	42.55	39.81	37.67	35.64	33.80	32.04	30.60	30.23	30.00	
116.00	108.78	101.60	94.89	88.57	82.59	77.08	71.85	66.64	61.88	57.29	53.19	49.39	45.65	41.98	38.65	36.24	34.31	33.01	32.10	31.32	31.00	
102.00	95.97	90.42	85.08	79.91	75.30	70.73	66.17	61.92	57.72	53.58	49.67	46.39	43.28	40.55	37.90	35.41	33.35	31.71	30.53	29.64	28.81	28.00	
107.00	99.43	91.95	84.86	78.49	72.74	67.20	61.80	56.56	52.15	48.17	45.17	42.31	39.88	37.87	36.14	34.86	33.92	33.01	32.28	32.00	
123.00	115.78	108.98	102.73	96.55	90.46	84.40	78.59	73.02	67.48	62.83	58.88	54.99	51.49	48.37	45.70	43.08	40.46	37.91	35.53	33.83	32.20	31.00	
109.00	102.64	96.45	90.27	84.21	79.09	73.98	68.91	63.92	59.13	54.39	49.90	46.58	43.74	40.99	38.87	36.90	35.02	33.30	31.96	30.73	29.57	28.48	28.00	
120.00	113.57	107.22	101.07	94.97	89.09	83.42	77.77	72.26	66.75	61.64	56.96	52.71	48.47	45.34	42.36	39.68	37.05	34.99	33.60	32.40	31.76	31.24	31.00	
121.00	114.09	107.54	101.13	94.72	88.40	82.51	77.55	72.88	68.26	63.80	59.59	55.60	51.63	47.97	44.46	41.02	37.81	34.71	32.43	30.87	29.39	29.13	29.00	
111.00	103.85	97.66	91.82	85.99	80.28	74.67	69.16	63.85	59.43	55.09	50.89	47.13	44.36	41.72	39.22	37.47	35.90	34.49	33.26	32.25	32.05	32.00	
116.00	109.97	104.05	98.22	92.76	87.41	82.67	77.98	73.31	68.67	64.05	59.62	55.57	51.52	47.64	44.39	41.26	38.33	36.61	34.91	33.28	32.00	
123.00	115.74	108.82	102.16	95.65	89.16	83.03	76.97	71.27	65.66	61.29	57.02	52.87	48.77	45.17	41.76	38.43	35.97	33.77	32.13	31.06	31.00	
113.00	104.75	96.67	88.92	81.69	75.79	70.29	64.80	59.40	54.52	49.86	45.55	41.46	37.95	34.70	32.34	30.46	29.26	28.10	28.01	28.00	
112.00	104.44	97.36	90.48	84.46	78.66	73.16	68.00	63.04	59.12	55.57	52.13	48.88	45.89	43.28	40.88	38.88	36.95	35.61	34.34	33.48	33.00	
112.00	107.39	102.80	98.34	93.92	89.54	85.20	80.89	76.76	72.66	68.64	64.65	60.75	56.89	53.35	50.12	46.92	43.71	41.11	38.56	36.06	34.89	33.79	33.00	
117.00	109.91	102.95	96.23	89.73	83.71	78.07	73.73	69.43	65.46	61.62	57.99	54.48	51.27	48.11	45.01	42.23	39.63	37.06	34.63	32.75	31.34	30.15	30.00	
101.00	95.27	89.64	84.08	78.63	73.20	68.18	63.54	59.01	54.67	50.73	46.81	43.17	39.67	36.33	33.57	31.82	30.53	29.41	29.09	29.00	
110.00	103.04	96.15	90.10	84.19	78.45	73.20	67.96	62.74	57.86	53.18	48.58	44.21	40.96	38.05	36.67	35.30	34.30	33.76	33.34	33.09	33.00	
113.00	105.55	98.40	91.73	85.09	78.68	72.56	67.26	61.99	57.54	53.69	49.97	46.69	43.62	40.68	37.78	34.95	33.68	32.45	31.25	31.00	
118.00	110.85	103.79	97.00	90.82	84.71	78.68	73.57	68.52	63.51	58.84	54.35	50.49	47.00	43.69	41.08	38.67	36.36	34.31	32.29	31.48	31.00	
106.00	98.42	91.16	84.48	78.51	72.56	66.66	61.66	56.94	52.42	47.98	43.85	39.73	36.96	34.40	32.21	30.71	29.27	28.64	28.09	28.00	
120.00	114.04	108.14	102.30	96.48	91.03	85.63	80.39	75.17	70.11	65.05	60.33	55.90	52.42	49.18	46.17	43.31	40.57	38.08	35.59	33.34	31.22	31.00	
103.00	96.27	89.57	83.39	78.40	73.47	68.56	64.16	60.25	56.35	52.66	49.70	46.84	44.25	41.95	40.31	38.76	37.24	35.74	34.46	33.45	32.51	31.66	31.00	
117.00	111.63	106.29	100.97	95.94	90.91	85.98	81.07	76.49	71.93	67.46	63.62	59.98	56.55	53.27	50.02	46.86	43.71	40.70	37.81	35.06	33.05	33.00	
103.00	97.30	91.78	86.28	81.19	76.27	71.46	67.26	63.42	59.63	55.87	52.24	48.63	46.01	43.53	41.06	38.65	36.28	34.61	33.36	32.12	32.00	
117.00	110.75	104.75	98.80	93.07	87.36	81.65	75.98	70.66	65.53	61.26	57.02	53.17	49.73	47.08	44.49	41.91	39.40	37.37	35.52	34.40	33.43	32.71	32.00	
119.00	111.91	105.15	99.00	92.98	87.01	81.24	75.49	69.81	64.48	59.29	54.48	49.90	45.98	42.63	39.80	37.04	34.75	32.82	31.51	30.85	30.42	30.11	30.00	
102.00	95.02	88.20	81.54	75.23	69.64	64.70	60.29	56.42	52.97	49.95	47.56	45.22	42.95	40.76	38.84	36.98	35.50	34.23	33.19	32.40	32.10	32.00	
103.00	96.61	90.36	84.39	78.71	73.13	67.81	63.00	58.29	54.18	50.66	47.56	44.98	42.66	40.64	38.78	37.15	35.54	34.21	32.93	31.70	31.05	31.00	
120.00	112.34	105.09	98.16	91.52	85.01	78.82	73.17	68.14	63.31	58.66	54.98	51.31	47.96	44.64	41.78	39.15	36.55	35.49	34.44	33.62	33.00	
112.00	104.14	96.45	88.91	82.11	76.16	70.26	64.48	58.91	53.99	49.26	45.63	42.10	38.77	35.61	33.90	32.51	31.26	30.31	29.70	29.11	28.52	28.24	28.00	
121.00	109.80	100.16	91.74	85.20	79.11	73.11	67.38	62.50	57.96	53.66	50.24	46.84	43.86	41.21	38.89	36.63	35.08	33.71	33.18	33.00	
101.00	96.05	91.37	86.76	82.38	78.03	73.94	69.99	66.06	62.60	59.15	55.74	52.76	49.97	47.19	44.51	42.01	39.54	37.12	35.44	33.99	32.75	31.81	31.00	
106.00	100.44	95.22	90.30	85.47	80.64	76.21	71.89	67.64	63.51	59.96	56.82	53.76	51.03	48.53	46.14	43.94	41.75	39.65	37.89	36.30	34.76	33.23	33.00	
109.00	101.05	93.15	85.99	79.01	73.61	69.23	65.12	61.05	57.11	53.32	49.82	46.36	43.14	39.93	36.99	34.43	32.40	31.35	30.48	29.75	29.32	29.02	29.00	
110.00	101.76	94.06	87.38	81.18	75.18	69.45	63.81	58.55	53.84	50.67	47.60	44.86	42.17	39.96	38.33	36.80	35.31	33.99	32.72	32.00	
113.00	105.91	98.93	93.11	87.57	82.15	77.15	72.59	68.30	64.12	59.96	56.19	52.78	49.48	46.90	44.33	42.06	39.80	37.69	35.64	34.06	33.00	
112.00	104.18	96.57	89.83	83.20	77.16	71.65	66.37	61.23	56.16	51.15	46.52	41.98	37.46	33.88	31.87	30.47	29.11	28.46	28.15	28.00	
111.00	103.58	96.62	90.47	84.56	78.71	73.50	68.35	63.21	58.51	54.32	50.38	46.70	43.22	40.30	37.88	35.69	33.56	31.67	29.96	29.61	29.29	29.00	
109.00	100.65	93.09	85.69	79.39	73.40	67.55	61.82	56.48	52.48	49.40	46.54	44.32	42.47	40.71	39.11	37.53	35.98	34.74	33.57	32.93	32.53	32.23	32.00	
116.00	109.81	103.80	98.00	92.28	86.71	81.49	77.26	73.07	68.95	64.88	60.81	56.76	52.86	49.55	46.57	43.59	40.80	38.04	35.45	33.55	32.43	31.68	31.00	
106.00	99.24	93.31	87.42	81.53	76.18	71.03	66.12	61.93	57.89	53.86	50.30	46.75	43.34	39.97	37.26	35.25	33.24	31.33	29.88	29.24	28.75	28.34	28.00	
106.00	100.20	94.77	89.59	84.53	79.47	74.45	69.62	65.10	60.65	57.15	53.69	50.59	47.59	44.70	41.98	39.30	36.97	34.93	33.28	32.15	31.14	31.00	
106.00	98.06	90.60	83.49	76.54	69.97	64.58	59.38	54.92	50.54	47.33	44.87	42.73	40.77	38.97	37.19	35.44	34.40	33.45	33.21	33.00	
120.00	112.95	105.97	99.51	93.15	86.98	80.99	75.39	70.43	65.56	60.81	56.21	52.18	48.42	45.21	42.09	39.25	36.74	34.37	32.84	31.35	30.00	
114.00	106.70	99.40	92.62	85.91	79.26	73.82	68.64	63.53	58.45	53.45	49.31	46.36	43.43	40.64	38.60	36.81	35.16	33.65	32.63	31.66	31.00	
103.00	95.65	88.86	82.44	77.16	72.02	66.94	61.89	58.28	55.17	52.12	49.09	46.36	44.19	42.04	40.18	38.34	36.63	34.96	33.32	32.06	31.62	31.23	31.00	
122.00	115.42	109.04	103.04	97.06	91.16	85.51	79.87	74.45	69.52	64.61	59.88	55.25	51.05	47.33	44.15	41.50	39.53	37.63	36.08	34.67	33.33	32.00	
102.00	96.21	90.54	85.23	79.96	75.36	70.83	66.48	62.34	58.38	54.63	50.92	47.54	44.23	41.18	38.35	35.97	34.03	32.67	31.33	30.25	29.43	29.00	
122.00	113.55	105.13	97.67	90.27	82.89	75.76	69.04	63.19	58.02	53.06	48.58	45.04	41.57	39.22	36.96	34.76	32.87	31.59	30.47	30.00	
114.00	106.68	99.51	92.92	86.90	80.99	75.68	70.48	65.66	60.86	56.12	52.02	48.24	44.76	41.50	38.74	36.53	35.10	33.75	32.47	31.77	31.43	31.10	31.00	
120.00	112.10	104.93	97.85	90.79	83.89	77.10	70.83	65.01	59.93	55.23	51.20	47.35	43.70	40.26	37.87	35.72	34.33	33.04	31.76	31.05	30.39	30.00	
103.00	96.72	90.54	84.56	78.67	72.82	67.27	62.60	58.36	54.32	51.02	47.89	44.88	41.91	39.07	36.47	34.33	32.60	31.01	30.16	30.00	
116.00	107.09	100.08	93.52	87.37	81.56	75.80	70.78	66.09	61.44	57.00	53.00	49.02	45.25	41.75	38.71	35.69	32.78	30.61	29.73	28.89	28.15	28.00	
110.00	102.32	94.74	87.20	80.25	73.49	66.91	61.13	55.56	51.63	48.20	45.09	42.32	39.60	37.52	35.56	33.67	32.27	32.09	32.02	32.00	
113.00	105.33	98.14	91.32	85.40	79.72	74.22	69.06	63.90	59.28	54.85	50.97	47.98	45.30	42.70	40.17	37.93	35.97	35.02	34.08	33.58	33.18	33.00	
109.00	101.90	95.10	88.57	82.36	76.79	71.60	66.54	61.56	57.38	53.34	50.26	47.25	44.26	41.71	39.37	37.34	35.78	34.32	32.97	32.11	31.45	31.16	31.00	
108.00	101.26	94.71	88.24	81.78	75.76	70.31	65.65	61.07	56.82	53.26	49.87	46.62	44.23	41.86	39.90	38.08	36.30	35.19	34.12	33.26	32.42	32.15	32.00	
117.00	109.41	102.20	95.21	88.39	81.57	75.69	69.86	64.26	58.76	53.50	48.89	45.20	42.27	39.39	36.83	34.96	33.61	32.48	31.75	31.06	31.00	
102.00	95.34	88.71	83.51	78.37	73.49	68.90	64.80	61.03	57.28	53.70	50.52	47.77	45.28	42.86	40.70	39.07	37.48	36.00	34.59	33.71	33.07	32.44	32.00	
108.00	101.68	95.54	89.73	84.31	78.91	73.54	68.24	63.24	58.50	53.85	50.26	47.06	44.11	41.23	38.60	36.12	34.28	32.52	30.77	29.94	29.14	28.42	28.00	
118.00	109.84	101.93	94.83	87.73	80.91	74.29	68.03	62.32	57.79	53.73	49.90	46.09	42.92	40.05	37.72	35.82	34.04	32.72	31.71	31.00	
114.00	107.34	100.82	94.40	88.12	81.99	76.20	70.69	65.59	61.66	57.79	53.98	50.50	47.05	43.91	40.97	38.10	35.30	32.89	30.96	30.00	
108.00	100.46	93.72	87.01	81.03	75.43	69.85	64.88	59.95	55.42	51.44	47.61	44.16	41.29	38.81	36.50	34.82	33.26	32.02	30.91	30.31	30.00	
117.00	109.66	102.88	96.15	89.91	83.99	78.44	73.46	68.53	63.81	59.16	54.57	50.42	46.68	44.20	41.77	39.45	37.40	35.36	33.98	32.84	32.34	32.00	
107.00	101.25	95.59	90.30	85.12	80.14	75.46	70.99	66.62	62.59	58.65	55.38	52.11	49.24	46.53	43.85	41.20	38.61	36.37	34.25	32.21	31.07	30.00	
114.00	105.72	97.58	90.30	83.33	76.46	69.92	64.33	59.41	54.93	50.54	47.02	43.69	40.96	38.56	36.34	34.56	33.51	32.70	31.93	31.19	30.48	30.00	
108.00	99.74	92.11	84.96	78.51	72.32	66.72	61.42	56.19	51.51	47.40	43.41	39.80	37.28	35.53	33.86	32.24	31.27	30.53	30.22	30.00	
112.00	105.55	99.37	93.43	87.54	81.68	76.80	72.00	67.35	62.86	58.89	54.97	51.52	48.52	45.75	43.33	41.08	38.90	37.44	36.09	34.91	34.04	33.46	33.00	
105.00	98.80	92.68	86.84	81.51	76.68	71.89	67.34	62.93	58.73	54.58	50.52	46.62	43.01	39.81	36.62	34.87	33.36	32.09	31.47	30.94	30.55	30.26	30.00	
106.00	100.05	94.46	89.25	84.04	79.05	74.21	69.59	65.11	60.69	56.64	52.73	49.26	45.80	42.43	39.47	36.76	34.68	33.37	32.25	32.15	32.07	32.00	
107.00	100.39	93.82	87.93	82.71	77.71	72.91	68.25	63.86	59.55	55.84	52.49	49.28	46.38	43.60	40.86	38.78	37.10	35.45	34.03	33.38	33.00	
111.00	103.55	96.29	89.32	82.80	76.51	70.56	65.35	61.03	56.79	52.79	48.88	45.44	42.50	39.91	37.47	35.14	33.94	32.91	32.00	31.09	30.21	30.00	
105.00	98.68	92.48	86.34	80.29	74.42	68.76	63.64	58.66	53.79	48.99	45.67	42.66	39.71	37.21	34.85	33.59	32.36	31.19	30.22	29.36	29.01	29.00	
121.00	112.63	104.51	96.79	90.27	83.82	77.45	71.47	65.84	60.66	55.54	51.46	47.76	44.28	41.23	38.30	35.66	33.33	31.29	29.81	28.58	28.00	
110.00	102.32	95.51	88.81	82.36	76.30	71.09	66.07	61.05	57.34	53.67	50.04	46.77	44.67	42.65	40.83	39.14	37.47	35.90	34.48	33.57	33.25	33.00	
113.00	105.99	99.16	92.59	86.28	80.16	74.06	68.46	63.02	58.39	53.85	49.36	46.02	42.88	40.08	37.58	35.20	32.83	30.61	29.26	28.37	28.00	
102.00	95.88	89.89	84.44	79.29	74.43	69.62	65.37	61.14	57.04	52.97	49.16	45.90	42.71	39.57	36.80	34.49	33.00	32.16	31.73	31.32	31.00	
111.00	103.68	97.26	90.94	84.69	78.47	72.82	67.54	63.21	59.23	55.35	51.55	47.78	44.27	41.14	38.58	36.27	35.09	34.12	33.63	33.29	33.00	
112.00	103.24	95.29	88.16	81.37	74.97	68.57	62.46	57.70	53.21	48.91	44.87	41.22	39.04	37.34	35.87	34.61	33.40	32.38	31.58	31.00	
110.00	103.73	97.55	91.50	85.52	79.70	74.07	68.45	62.99	57.54	53.36	49.29	45.72	42.34	40.03	37.73	36.06	34.42	32.89	31.38	30.49	29.70	29.10	29.00	
112.00	104.14	96.84	90.03	83.54	77.37	71.36	66.32	61.63	57.16	52.93	48.92	45.38	42.36	39.46	36.92	34.42	32.24	30.67	29.71	28.76	28.00	
123.00	114.28	106.33	98.44	91.05	83.69	76.42	70.01	64.09	59.18	54.70	50.79	47.61	44.49	42.16	40.07	38.14	36.42	34.96	33.64	33.05	33.00	
119.00	110.96	103.99	97.13	90.34	83.98	77.70	71.49	65.92	60.40	55.95	51.63	47.54	43.66	40.50	37.60	35.10	32.65	30.66	29.10	28.26	28.00	
114.00	107.48	101.29	95.41	89.92	84.81	79.85	75.14	70.46	65.85	61.31	56.87	52.66	49.40	46.16	43.80	41.80	39.86	37.94	36.06	34.75	33.53	33.00	
122.00	114.35	106.72	99.47	92.52	86.57	80.73	75.45	70.18	65.16	60.72	56.45	52.20	48.51	45.61	42.79	40.00	37.22	34.98	32.95	31.18	29.44	29.00	
119.00	110.54	102.18	94.34	87.04	80.74	74.80	69.74	64.78	60.14	55.87	51.69	47.59	43.78	40.47	37.30	34.44	32.07	31.07	30.07	29.18	28.34	28.13	28.00	
119.00	111.77	104.89	98.04	91.50	85.70	80.17	74.64	69.34	64.08	58.87	54.63	50.83	47.36	44.04	41.61	39.29	37.23	35.22	33.59	33.00	
115.00	107.82	100.69	93.69	86.84	80.10	73.53	67.59	62.07	57.43	53.14	49.06	45.16	42.32	39.49	36.97	35.37	33.80	32.41	31.33	30.75	30.30	30.06	30.00	
110.00	102.55	95.43	88.33	81.54	75.74	70.12	65.13	60.16	56.02	51.92	48.79	45.77	43.02	40.54	38.31	36.44	34.59	32.74	31.15	31.00	
107.00	102.21	97.43	92.65	87.96	83.27	78.65	74.35	70.23	66.21	62.23	58.27	54.44	50.78	47.57	44.63	41.80	39.08	37.28	35.71	34.18	32.87	32.00	
107.00	101.16	95.93	90.77	85.71	80.80	75.99	71.21	66.66	62.43	58.32	54.78	51.33	47.91	44.86	41.90	39.18	36.91	34.82	33.25	31.98	31.30	31.00	
104.00	96.79	90.07	83.88	78.66	73.44	68.94	64.54	60.44	56.77	53.13	49.69	46.39	43.36	40.67	38.32	36.42	35.34	34.31	33.28	33.00	
108.00	100.50	93.31	86.24	79.19	72.30	65.57	59.55	54.93	50.36	46.30	42.76	39.24	36.14	33.58	31.81	31.02	30.27	29.63	29.03	29.00	
119.00	110.90	103.14	95.77	88.43	81.15	74.15	68.03	62.62	57.43	52.72	48.65	44.76	41.09	37.92	35.13	32.37	30.59	29.56	28.58	28.00	
101.00	95.80	90.77	86.06	81.42	77.07	72.90	68.74	64.72	60.74	57.01	53.48	50.03	46.89	44.04	41.22	39.18	37.31	35.56	34.06	32.65	31.25	30.53	30.00	
120.00	110.87	101.86	93.69	86.74	80.21	73.92	67.82	62.50	57.32	52.45	48.49	44.62	40.78	37.44	34.43	32.09	30.95	30.21	29.59	29.04	29.00	
123.00	115.47	108.25	101.22	94.50	88.29	82.10	76.29	70.91	65.55	60.72	56.30	52.09	48.06	44.13	41.10	38.13	35.26	32.45	30.21	29.69	29.32	29.00	
109.00	99.10	89.51	81.51	74.13	67.36	61.81	56.28	52.06	48.34	44.69	41.39	39.04	36.71	34.56	32.95	31.68	30.45	29.47	28.55	28.00	
115.00	107.09	99.20	92.26	85.80	79.99	74.46	68.98	63.59	58.55	53.99	50.26	47.42	44.72	42.42	40.24	38.21	36.28	34.62	33.13	32.61	32.21	32.09	32.00	
113.00	105.62	98.30	91.88	86.01	80.24	74.62	69.24	64.36	59.49	54.68	50.27	46.03	42.86	39.98	37.65	36.35	35.50	34.68	33.94	33.31	33.00	
120.00	110.04	101.71	94.05	86.54	79.24	73.12	68.52	64.05	59.64	55.40	51.25	47.21	43.17	39.67	36.58	33.73	32.35	31.17	30.38	29.72	29.30	29.13	29.00	
106.00	99.30	92.99	87.04	81.65	77.08	72.51	68.03	63.59	59.23	55.26	51.39	47.99	45.01	42.06	39.21	37.09	35.26	33.46	32.30	31.24	30.35	30.00	
102.00	96.07	90.23	84.58	79.30	74.48	70.15	65.92	61.73	57.60	53.84	50.74	47.77	45.07	42.65	40.32	37.99	35.75	33.67	31.95	30.88	29.80	29.00	
120.00	110.97	102.04	93.83	86.03	78.28	71.41	64.84	58.38	52.26	48.80	45.40	42.53	39.83	37.65	35.86	34.23	33.42	33.21	33.08	33.00	
122.00	112.35	103.33	94.38	86.68	80.01	74.30	69.08	63.99	59.14	54.66	50.44	46.26	42.79	40.50	38.21	36.35	34.58	33.16	31.92	31.19	31.00	
121.00	112.67	104.36	96.26	88.16	80.20	73.80	68.38	63.44	58.54	54.22	50.49	47.10	43.84	40.59	37.43	36.19	35.02	34.17	33.41	33.00	
122.00	114.75	107.52	100.86	94.36	88.40	82.67	77.03	71.80	66.67	62.52	58.38	54.33	50.39	46.87	43.47	40.77	38.10	35.71	33.72	32.27	31.07	30.05	30.00	
112.00	104.61	97.56	90.70	83.93	77.42	71.00	65.81	60.66	55.74	51.03	47.49	43.99	40.75	37.95	35.46	33.94	32.70	31.74	31.07	30.41	30.00	
123.00	114.58	107.37	100.29	93.53	86.99	80.53	74.44	68.42	63.32	58.62	53.97	49.35	45.37	41.81	38.88	36.88	34.93	33.31	31.80	31.00	
110.00	102.46	96.20	90.60	85.33	80.13	75.03	69.96	64.99	60.32	56.44	52.80	49.47	46.34	43.92	41.91	39.92	37.98	36.11	34.25	33.43	33.00	
102.00	94.28	86.57	79.00	71.49	65.31	59.19	55.03	50.90	47.52	44.51	42.74	40.98	39.22	37.48	36.02	35.06	34.09	33.25	32.44	31.65	31.17	31.00	
114.00	107.46	101.00	95.94	91.17	86.53	81.91	77.35	72.92	68.90	65.08	61.37	57.73	54.17	50.63	47.11	43.61	40.15	36.75	33.78	31.50	31.05	31.00	
103.00	97.09	91.19	85.56	79.98	74.57	69.24	64.04	59.02	54.49	50.30	46.71	43.67	40.83	38.18	35.53	33.91	32.45	31.61	30.90	30.34	30.00	
123.00	114.57	106.22	99.34	92.70	86.23	79.93	74.32	69.20	64.70	60.56	56.64	52.83	49.26	46.38	43.50	40.98	39.17	37.44	35.88	34.49	33.24	33.00	
123.00	111.78	101.36	92.24	84.60	77.36	70.28	64.65	60.52	56.63	53.16	49.77	46.72	44.43	42.35	40.27	38.55	36.95	35.57	34.23	33.47	33.00	
118.00	109.99	102.84	95.94	89.19	82.87	76.59	70.79	65.19	60.42	55.66	51.12	46.86	42.86	39.34	36.75	35.01	33.49	32.04	30.62	30.00	
111.00	102.77	94.54	87.43	80.68	74.76	68.88	63.87	58.88	54.76	50.66	47.14	43.94	41.88	40.30	38.79	37.32	35.89	34.73	33.58	32.64	32.23	32.07	32.00	
119.00	112.62	106.38	100.20	94.02	87.88	82.41	77.08	71.92	67.71	63.61	59.73	55.90	52.26	48.63	45.09	42.01	39.02	36.03	33.68	32.80	32.28	32.00	
112.00	105.83	99.73	93.91	88.23	82.56	77.02	71.79	66.72	61.72	57.00	52.75	48.61	44.76	41.15	37.93	35.73	33.65	31.77	30.78	29.81	29.18	29.00	
120.00	112.81	105.70	98.78	91.88	85.02	78.28	72.28	66.50	60.85	55.65	50.84	46.02	43.06	40.44	38.22	36.01	33.81	31.84	30.52	29.35	29.00	
116.00	109.58	103.36	97.15	91.20	85.31	79.77	74.27	68.82	63.90	59.51	55.40	51.53	47.76	44.19	40.83	38.02	35.67	33.75	32.46	31.36	30.30	29.45	29.00	
116.00	107.86	100.38	92.91	85.52	78.40	71.40	65.34	60.91	56.75	52.72	48.74	45.19	41.66	38.32	35.66	33.78	32.08	31.11	30.25	29.61	29.18	29.00	
107.00	100.96	95.22	89.57	84.18	78.85	73.58	68.42	63.51	59.14	54.94	51.07	47.26	43.78	41.08	38.97	37.29	35.98	34.73	33.49	32.34	32.02	32.00	
113.00	106.64	100.60	94.63	88.80	83.11	77.52	71.95	66.49	62.02	57.90	53.86	50.15	46.45	43.08	39.71	36.97	34.47	32.29	30.46	28.89	28.36	28.04	28.00	
120.00	110.79	101.64	92.56	84.33	77.05	70.49	64.02	58.26	53.35	48.50	43.71	40.34	37.11	34.44	31.78	29.31	28.52	28.31	28.11	28.00	
106.00	98.19	90.99	84.06	77.45	72.80	68.62	64.53	60.54	56.63	52.77	49.95	47.20	44.95	42.88	40.93	39.05	37.63	36.32	35.22	34.23	33.46	33.18	33.00	
120.00	112.21	104.44	97.12	90.14	84.30	78.68	73.33	68.05	62.88	57.82	52.97	48.30	44.07	40.49	38.47	36.54	34.63	33.25	31.89	31.36	31.00	
112.00	104.88	97.85	91.11	85.27	79.73	74.28	69.31	64.48	60.06	56.11	52.40	48.78	45.21	41.92	39.00	36.29	33.70	32.29	31.25	31.00	
118.00	107.42	96.87	87.88	80.05	72.22	66.85	61.66	56.51	52.18	47.87	43.72	40.09	37.38	34.73	33.16	31.74	30.58	29.60	28.65	28.00	
111.00	104.70	98.53	92.39	87.40	82.57	77.78	73.03	68.33	63.63	59.68	55.76	52.23	48.89	45.63	42.42	39.24	36.22	33.55	31.16	29.89	28.85	28.26	28.00	
123.00	112.77	103.14	93.91	84.90	77.73	70.58	63.85	58.97	54.70	50.68	46.81	43.58	40.72	38.31	36.16	34.60	33.12	31.97	30.88	30.00	
117.00	109.33	101.79	95.06	88.45	81.87	75.60	69.60	63.61	57.65	52.18	46.84	42.67	39.31	36.96	34.83	32.76	31.11	29.56	28.48	28.00	
111.00	104.79	98.86	93.12	87.64	82.21	77.14	72.50	67.98	63.84	59.73	55.81	52.05	48.48	45.17	42.87	40.68	38.51	36.67	34.99	34.07	33.43	33.17	33.00	
118.00	110.00	102.10	95.01	87.94	80.95	74.31	67.74	61.30	56.03	51.16	46.62	42.14	38.94	35.81	33.75	32.44	31.26	30.24	29.40	29.00	
122.00	114.64	107.40	100.32	93.35	86.64	81.23	75.89	70.87	66.02	61.36	57.09	53.12	49.75	46.58	43.55	40.74	38.58	36.79	35.49	34.27	33.40	33.00	
111.00	102.74	94.58	86.50	78.86	71.37	64.63	59.27	54.25	49.36	45.78	42.45	39.40	37.01	34.79	32.88	30.99	29.39	28.28	28.02	28.00	
102.00	95.26	89.07	83.39	78.44	73.53	68.80	64.37	59.99	55.86	52.04	48.47	45.10	42.08	39.15	36.59	34.89	33.41	33.08	33.02	33.00	
103.00	97.14	91.34	85.72	80.52	75.48	70.48	66.01	61.59	57.33	53.47	50.08	46.77	43.91	41.24	38.74	36.35	34.17	32.50	31.07	30.05	30.00	
112.00	104.55	97.26	90.27	83.63	77.22	70.84	64.87	59.38	54.78	50.68	46.94	43.40	40.36	37.38	34.85	32.63	31.02	29.64	28.48	28.14	28.00	
121.00	112.50	104.04	96.37	89.17	82.32	75.66	69.30	63.68	58.18	52.86	47.63	42.45	39.20	37.18	35.45	33.95	33.14	32.33	32.14	32.00	
123.00	112.97	103.36	93.82	86.34	79.17	72.74	67.48	62.25	57.21	52.91	48.90	45.71	42.69	39.79	36.97	35.07	33.42	32.05	31.52	31.00	
118.00	108.54	99.88	91.41	82.96	75.53	69.90	64.92	59.98	55.11	50.73	46.94	43.42	39.93	36.72	33.82	32.45	31.40	30.62	29.90	29.27	29.00	
107.00	99.79	93.26	87.14	81.02	75.22	69.85	64.63	59.94	55.30	50.99	46.91	44.07	41.28	38.50	36.48	34.54	32.93	31.98	31.45	31.00	
101.00	93.14	86.96	81.52	76.49	71.54	67.31	63.09	58.92	54.91	51.14	48.20	45.47	42.82	40.41	38.23	36.26	34.52	33.24	32.21	32.02	32.00	
104.00	96.69	89.87	83.36	77.12	71.33	66.45	62.14	57.84	53.98	50.19	47.13	44.10	41.47	38.97	36.90	35.02	33.28	32.17	31.57	31.18	31.00	
108.00	100.49	93.38	87.22	81.15	75.09	69.08	63.40	58.07	52.76	47.87	44.09	41.48	39.04	36.73	34.78	33.16	31.93	30.93	29.97	29.38	29.18	29.02	29.00	
102.00	95.34	89.41	83.47	77.99	72.54	67.11	61.73	56.85	52.93	49.92	47.24	44.73	42.38	40.29	38.30	36.52	35.19	33.87	33.01	32.30	31.60	31.20	31.00	
105.00	99.44	93.98	88.55	83.34	78.24	73.49	68.81	64.46	60.21	56.11	52.04	48.52	45.60	42.76	40.29	38.21	36.21	34.42	32.69	31.40	30.25	30.04	30.00	
105.00	98.99	93.01	87.06	82.08	77.37	72.68	68.01	63.41	59.61	55.82	52.11	49.17	46.50	44.07	41.75	39.54	37.33	35.88	34.61	33.58	32.57	32.23	32.00	
107.00	98.51	90.28	83.14	76.27	70.01	64.92	60.79	57.17	53.67	50.66	47.69	45.15	42.92	40.84	38.89	37.16	35.69	34.35	33.31	33.00	
121.00	113.54	106.17	98.99	92.06	85.54	79.83	74.42	69.43	64.72	60.05	55.55	51.36	47.39	43.83	40.32	36.82	33.61	31.52	30.22	29.17	29.00	
108.00	101.41	95.08	89.63	84.23	79.26	74.32	69.39	64.85	60.38	56.80	53.45	50.48	47.92	45.98	44.05	42.14	40.26	38.41	36.70	35.17	33.64	32.41	32.00	
108.00	102.42	96.88	91.38	86.03	80.79	75.61	70.95	66.59	62.58	58.70	54.92	51.21	47.91	44.84	42.04	39.45	36.89	34.56	32.44	31.09	30.69	30.30	30.00	
117.00	108.91	101.10	94.40	87.72	81.21	75.05	69.10	63.33	57.72	53.14	49.04	45.28	41.70	38.61	37.24	36.21	35.21	34.33	33.61	33.23	33.00	
108.00	99.26	91.18	83.37	75.76	68.66	61.62	57.22	52.93	49.06	45.59	42.50	39.70	37.44	35.33	33.25	32.16	31.40	30.70	30.27	30.00	
117.00	109.58	102.41	96.03	89.75	83.58	77.51	71.64	66.17	61.41	56.78	52.22	48.09	44.22	40.50	36.93	33.93	31.48	29.93	28.45	28.00	
120.00	110.97	102.44	94.55	87.34	80.30	73.37	66.47	59.62	53.67	48.87	44.95	41.35	38.08	36.50	35.04	33.88	33.01	32.66	32.33	32.15	32.04	32.00	
102.00	95.85	89.75	83.88	78.21	72.54	66.91	61.40	55.98	50.87	46.48	43.41	40.65	38.28	36.15	34.20	32.67	31.98	31.49	31.08	31.00	
111.00	104.47	98.98	93.59	88.28	83.30	78.46	73.82	69.35	65.03	60.94	56.86	52.89	49.21	45.69	42.48	39.86	37.27	34.73	32.39	30.32	28.66	28.05	28.00	
122.00	114.59	107.31	100.45	93.70	87.49	81.42	76.09	70.94	66.43	62.12	57.91	53.83	49.78	46.18	43.28	40.83	38.43	36.60	34.80	33.17	31.74	31.35	31.00	
118.00	110.82	103.86	96.94	90.07	83.66	77.48	71.90	66.37	60.96	55.62	52.00	48.47	45.73	43.26	40.93	38.94	37.20	35.47	34.00	32.93	32.53	32.19	32.00	
103.00	97.18	91.50	85.87	80.41	75.17	70.19	65.26	60.42	55.88	51.42	47.35	43.40	39.72	37.39	35.57	33.92	32.36	30.82	29.45	28.58	28.00	
111.00	103.92	96.90	90.26	84.13	78.73	73.47	68.59	63.72	59.01	54.52	50.05	45.92	42.74	39.66	36.68	33.93	31.69	30.45	29.86	29.42	29.00	
117.00	108.34	100.10	92.01	83.95	77.60	71.50	65.98	60.86	55.82	51.30	46.94	42.68	38.77	35.80	34.21	32.69	31.21	30.01	29.25	28.56	28.00	
102.00	95.52	89.29	83.24	77.37	72.34	67.57	63.56	59.70	55.86	52.11	48.43	45.05	42.01	39.21	36.71	34.94	33.58	32.62	32.24	32.02	32.00	
106.00	99.34	92.99	86.71	80.50	74.72	69.11	64.27	59.89	55.58	51.35	47.51	43.98	41.58	39.45	37.47	35.91	34.40	33.46	33.22	33.00	
106.00	99.77	94.37	88.99	83.68	78.61	73.66	69.33	65.01	60.77	56.70	52.66	48.86	45.59	42.72	40.22	38.08	35.96	33.86	33.01	33.00	
106.00	99.34	92.75	86.24	80.38	74.59	69.45	64.46	59.72	55.10	51.86	48.66	45.84	43.66	41.49	39.64	37.83	36.12	34.50	33.03	33.00	
117.00	108.91	101.10	93.80	87.11	80.54	74.12	68.27	62.75	57.94	53.17	48.67	44.54	40.59	37.52	34.52	32.26	30.65	29.38	29.21	29.07	29.00	
102.00	95.15	88.31	81.87	75.56	69.58	63.72	58.92	54.37	49.90	46.48	43.11	40.36	37.68	35.47	33.43	32.15	31.30	30.80	30.50	30.21	30.09	30.00	
118.00	108.62	100.55	92.96	85.78	79.58	73.60	68.12	62.93	58.54	54.36	50.21	46.82	43.93	41.15	38.49	36.22	34.36	33.04	32.28	32.00	
105.00	97.26	89.84	82.52	75.45	69.23	64.02	59.48	55.06	51.13	47.32	43.72	40.97	38.60	36.54	34.78	33.14	31.61	30.32	29.38	29.00	
111.00	103.42	95.91	88.70	82.35	76.03	70.34	65.08	60.27	56.42	52.78	49.27	45.78	42.30	39.27	36.34	34.21	32.11	30.40	29.10	29.00	
110.00	104.53	99.12	93.96	88.87	83.84	78.84	73.86	69.02	64.27	60.29	56.31	52.44	48.63	45.02	42.40	39.86	37.43	36.27	35.12	33.99	33.20	32.47	32.00	
108.00	101.21	94.79	88.48	83.02	77.58	72.27	67.14	62.25	57.41	52.58	48.96	45.49	42.09	39.21	36.80	35.45	34.22	33.81	33.45	33.19	33.00	
106.00	98.84	91.97	85.32	79.04	72.78	66.92	61.11	55.61	50.89	46.28	43.10	40.22	37.92	35.84	33.79	32.94	32.55	32.30	32.13	32.00	
114.00	107.75	101.65	95.70	89.84	84.25	78.83	73.96	69.28	64.60	60.10	55.73	51.42	47.23	43.39	40.08	37.22	35.03	32.94	31.34	29.86	29.07	29.00	
108.00	100.45	93.13	86.07	79.04	73.00	68.14	63.52	58.99	54.54	50.29	46.95	43.66	41.41	39.40	37.85	36.48	35.18	34.27	33.58	33.00	
107.00	100.62	94.28	88.15	82.08	76.44	71.06	66.17	61.57	57.27	52.99	48.98	45.00	41.17	38.24	35.33	33.83	32.32	31.19	30.24	30.00	
117.00	108.93	101.63	94.63	88.23	81.87	75.73	69.79	64.76	60.22	55.95	51.68	47.76	43.92	41.21	38.59	36.82	35.12	33.56	32.53	31.52	31.00	
122.00	113.83	105.88	98.35	91.40	84.54	78.11	72.23	66.49	61.05	55.82	52.29	48.99	45.96	43.18	40.45	38.18	35.93	33.87	32.16	30.72	29.49	29.01	29.00	
112.00	104.47	97.43	90.77	84.33	78.13	72.06	66.36	60.94	56.71	52.52	49.76	47.03	44.35	41.71	39.36	37.27	35.21	33.53	32.04	31.52	31.00	
116.00	108.50	101.33	94.29	87.89	81.56	75.84	70.58	65.95	61.56	57.31	53.54	49.90	46.49	43.21	40.77	38.44	36.14	34.38	32.99	32.30	32.00	
106.00	99.84	94.20	88.71	83.28	77.92	72.62	67.90	63.23	59.24	55.29	51.44	47.82	44.46	41.26	38.46	35.77	33.14	31.11	29.86	29.13	28.57	28.18	28.00	
105.00	97.78	91.32	85.39	79.73	74.52	69.71	64.90	60.49	56.41	52.46	48.52	44.60	42.05	39.65	37.80	35.99	34.29	32.65	31.14	30.28	30.13	30.00	
109.00	101.21	93.64	86.23	79.83	74.26	69.57	65.32	61.17	57.31	53.47	50.16	46.88	43.98	41.37	39.06	37.48	35.93	34.38	33.18	33.07	33.00	
115.00	108.73	102.77	96.86	91.58	86.32	81.43	76.53	71.88	67.59	63.51	59.59	55.72	51.96	48.25	45.24	42.67	40.16	37.80	35.74	33.71	32.49	31.50	31.00	
121.00	114.17	107.36	100.68	94.30	88.09	81.95	75.99	70.15	64.59	59.12	53.86	48.74	44.67	42.31	40.05	37.92	35.85	34.00	32.23	30.70	29.18	28.58	28.00	
104.00	98.58	93.49	88.47	83.48	78.82	74.25	69.94	65.77	61.66	57.66	53.80	49.98	46.28	43.77	41.38	39.19	37.08	35.50	33.95	32.43	31.17	31.00	
106.00	99.97	94.39	88.82	83.41	78.30	73.55	69.01	64.48	59.99	55.96	52.09	48.30	44.65	41.81	39.08	36.40	34.11	32.38	31.47	31.28	31.12	31.00	
109.00	102.80	96.61	90.72	85.06	79.84	74.68	69.82	64.96	60.20	55.55	51.15	47.63	44.13	41.44	38.76	36.81	35.35	34.39	33.56	33.21	33.00	
122.00	113.30	104.77	96.50	88.61	81.64	74.78	68.54	62.37	56.27	50.18	46.06	43.20	40.70	38.58	36.54	34.74	32.96	31.34	29.87	28.50	28.00	
103.00	96.00	89.89	83.78	78.16	72.61	67.09	61.82	57.38	53.05	49.72	47.28	44.88	42.54	40.35	38.35	36.42	34.52	32.99	31.50	30.60	30.12	30.00	
104.00	98.82	93.93	89.13	84.35	79.78	75.20	70.74	66.36	62.30	58.53	55.12	52.00	49.13	46.58	44.08	41.69	39.43	37.74	36.26	34.82	33.87	33.40	33.00	
105.00	99.82	94.73	89.91	85.10	80.33	76.02	71.74	67.61	63.53	59.62	55.72	51.94	48.49	45.05	42.03	39.35	36.97	34.76	32.68	31.79	31.17	31.00	
122.00	111.15	102.98	95.21	87.61	80.30	73.19	66.28	59.91	54.08	49.30	44.54	41.51	38.94	36.71	34.51	32.82	31.58	30.52	29.79	29.08	29.00	
112.00	105.67	99.38	93.20	87.07	81.23	75.46	70.57	66.10	61.71	57.76	53.84	50.04	46.43	43.50	40.58	38.39	36.28	35.22	34.21	33.39	32.83	32.38	32.00	
115.00	105.84	96.92	89.83	83.16	76.85	70.78	66.47	62.34	58.27	54.28	50.49	46.71	43.29	40.01	36.95	34.77	32.60	30.44	28.39	28.00	
118.00	108.71	100.78	93.46	86.59	79.72	72.94	66.77	61.33	56.62	52.11	48.43	45.02	41.80	38.82	36.24	33.81	31.81	30.77	29.76	28.81	28.00	
122.00	114.24	106.53	99.64	92.98	86.58	80.88	75.34	70.06	64.96	60.38	55.89	51.59	47.49	43.58	40.10	36.70	34.04	33.15	32.35	31.71	31.14	31.00	
115.00	107.72	100.83	94.11	87.44	81.21	75.01	68.95	63.27	58.48	54.66	51.03	47.45	43.89	40.45	38.46	36.63	35.21	34.19	33.35	33.00	
106.00	99.52	93.15	87.23	81.42	75.74	70.27	65.22	60.29	56.01	52.22	48.52	45.90	43.42	41.15	39.12	37.15	35.57	34.08	33.16	32.48	32.00	
116.00	109.57	103.16	96.81	91.04	85.51	80.10	74.72	69.46	64.25	59.71	55.31	51.64	48.08	44.82	41.81	39.15	36.99	35.28	33.66	32.27	30.93	30.25	30.00	
102.00	95.20	88.54	82.07	76.96	72.13	67.45	62.96	58.46	54.42	50.76	47.96	45.22	42.72	40.25	38.20	36.20	34.40	32.59	31.82	31.26	31.10	31.00	
122.00	114.14	106.59	99.04	92.28	85.85	79.91	74.11	68.59	63.63	59.06	54.66	50.30	46.08	42.71	40.42	38.24	36.15	34.36	33.10	32.00	
120.00	111.75	103.55	95.74	88.63	81.61	75.41	70.81	66.23	62.10	57.97	54.56	52.15	49.88	47.61	45.36	43.31	41.28	39.28	37.35	35.59	34.20	33.00	
119.00	111.07	103.82	96.59	89.80	83.68	77.81	71.99	66.17	61.13	56.61	52.24	47.88	43.59	41.02	38.90	36.96	35.61	34.70	33.88	33.22	33.00	
109.00	101.62	94.38	87.67	81.79	76.07	70.43	65.56	60.86	56.28	52.34	49.10	45.95	42.86	39.87	37.56	35.30	33.51	32.36	31.78	31.33	31.00	
107.00	98.04	89.75	81.95	74.92	69.63	64.94	60.42	55.93	51.50	47.97	44.80	41.69	39.00	36.44	34.08	32.47	31.60	30.91	30.35	30.12	30.00	
113.00	105.78	98.68	91.96	85.73	79.77	74.57	69.53	64.97	60.72	56.58	52.83	49.47	46.16	42.99	39.95	37.32	35.34	33.67	32.54	31.75	31.34	31.15	31.00	
114.00	105.39	97.60	90.24	83.25	76.95	71.13	65.38	60.48	56.01	52.08	48.44	44.84	41.25	38.53	35.95	34.07	32.58	31.21	29.94	29.09	29.00	
104.00	96.62	89.91	83.74	77.84	72.11	66.75	61.45	56.41	51.89	47.68	45.24	42.87	40.75	38.89	37.22	35.75	34.62	33.69	32.78	32.05	31.51	31.10	31.00	
114.00	107.55	101.15	95.41	89.89	84.37	78.98	73.80	68.81	64.30	59.91	55.68	51.47	47.65	44.61	41.97	39.49	37.14	35.17	33.42	32.12	31.00	
114.00	104.28	95.70	88.53	81.39	74.41	68.06	61.94	56.24	50.80	45.65	41.32	38.35	35.74	33.26	31.71	30.15	29.56	28.98	28.60	28.26	28.00	
119.00	110.52	102.18	94.64	87.17	80.04	73.11	66.64	61.30	57.05	52.87	49.10	45.69	42.55	39.63	37.05	35.34	33.86	32.64	31.49	31.00	
110.00	103.66	97.54	91.65	86.11	81.11	76.21	71.62	67.09	62.98	58.87	54.82	51.16	47.54	44.09	40.90	38.18	35.87	33.69	32.38	31.64	31.16	31.00	
123.00	115.48	108.07	101.53	95.02	88.91	83.11	77.72	72.70	67.69	63.01	58.37	53.79	49.47	45.43	41.53	38.63	36.18	33.84	32.16	30.61	29.17	28.47	28.00	
114.00	107.32	101.06	94.87	88.72	83.07	77.66	72.26	66.87	61.48	56.91	52.67	48.48	45.30	42.25	39.34	36.73	34.62	32.82	31.57	30.35	30.00	
104.00	98.49	93.06	87.64	82.37	77.76	73.91	70.25	66.61	63.00	59.46	55.93	52.53	49.21	45.94	42.66	39.76	38.06	36.46	35.10	33.83	32.80	32.00	
109.00	101.96	95.62	89.36	83.16	77.64	72.34	67.10	62.19	57.93	54.08	50.40	47.04	43.90	41.05	38.60	36.29	34.04	32.27	30.81	30.01	29.47	29.06	29.00	
122.00	113.10	104.98	97.47	89.98	83.20	76.57	70.90	65.42	60.40	57.00	53.81	50.63	47.55	44.70	41.92	39.26	36.81	34.67	32.88	31.72	30.64	30.29	30.00	
121.00	111.38	102.04	93.38	84.77	76.64	69.45	64.90	60.37	56.24	52.76	49.33	46.14	43.43	40.99	38.75	36.82	34.99	33.82	33.29	33.10	33.00	
103.00	95.70	88.44	82.83	77.32	71.98	67.17	62.66	58.61	54.83	51.12	47.56	44.05	40.69	38.07	35.97	33.90	31.99	30.36	29.42	28.75	28.24	28.00	
114.00	104.62	95.43	87.23	79.04	71.22	64.81	59.19	53.83	48.77	44.65	41.33	38.27	35.33	33.55	32.08	30.87	29.89	29.18	28.72	28.38	28.15	28.00	
102.00	96.27	90.63	85.06	79.55	74.46	69.43	64.50	59.73	55.47	51.29	47.20	43.21	39.24	36.13	34.49	32.88	31.37	30.17	29.05	28.44	28.00	
120.00	112.23	104.70	97.91	91.18	84.50	78.72	73.24	67.76	62.39	57.06	51.95	47.71	44.46	41.37	38.75	36.90	35.26	33.78	33.18	32.74	32.33	32.00	
123.00	116.01	109.28	102.55	96.67	90.86	85.07	79.59	74.17	69.15	64.24	59.52	54.81	50.32	46.35	42.45	38.86	35.97	33.32	30.86	29.65	28.53	28.18	28.00	
107.00	100.51	94.04	87.71	81.44	75.68	70.00	64.85	60.14	55.48	50.90	46.55	42.87	39.28	36.00	33.75	31.94	30.69	29.49	29.23	29.00	
117.00	110.03	103.10	96.33	89.67	83.12	76.74	70.93	65.21	59.72	55.71	52.20	48.70	45.80	42.95	40.18	37.55	35.20	33.33	31.86	30.41	29.34	29.00	
122.00	113.58	105.69	97.83	90.14	83.03	75.92	69.02	62.53	56.21	51.85	47.66	43.90	40.73	37.85	35.24	33.33	32.25	31.78	31.33	31.00	
112.00	104.85	98.01	91.38	85.38	80.09	74.86	70.06	65.29	60.78	56.41	52.14	48.00	43.96	40.53	37.47	34.86	33.03	32.54	32.17	32.00	
116.00	108.59	101.33	94.18	87.83	81.58	75.73	70.02	64.40	59.12	53.92	48.93	44.03	40.01	36.00	32.32	31.16	30.07	29.04	28.26	28.00	
103.00	97.06	91.52	86.40	81.40	76.44	71.53	67.04	62.85	58.92	55.19	51.48	48.07	44.82	42.26	40.26	38.36	36.62	35.19	34.23	33.66	33.25	33.11	33.00	
108.00	98.77	89.71	83.00	76.29	70.05	64.45	59.39	54.47	49.71	46.60	43.82	41.11	39.05	37.31	35.91	34.78	33.95	33.19	32.47	32.00	
103.00	96.70	90.76	85.18	79.65	74.32	69.04	63.96	59.04	54.79	50.60	47.53	44.52	41.53	38.67	35.90	33.33	30.93	29.40	28.52	28.00	
116.00	106.76	97.92	90.87	84.05	77.42	70.93	64.86	59.16	53.99	49.84	46.31	42.89	39.50	37.09	34.88	33.03	31.46	30.31	29.19	29.00	
106.00	98.98	92.05	85.70	79.39	73.78	68.26	62.75	58.46	54.41	50.83	47.79	45.40	43.02	40.71	38.68	36.99	35.34	33.83	32.50	31.46	30.42	30.16	30.00	
120.00	112.52	105.19	97.96	91.24	84.77	78.69	72.66	66.75	61.15	55.63	50.63	45.73	40.93	37.49	34.60	31.91	30.80	29.96	29.31	29.11	29.01	29.00	
119.00	110.70	102.41	94.35	87.92	82.34	76.90	71.47	66.14	60.96	56.13	51.88	47.65	43.66	40.24	37.28	34.89	33.35	31.89	30.83	30.00	
113.00	106.12	99.57	93.16	86.75	80.77	74.89	69.08	63.33	58.63	54.97	51.46	48.04	44.62	41.43	38.64	35.86	33.25	31.42	29.92	28.57	28.18	28.01	28.00	
120.00	110.65	101.64	92.99	84.96	77.96	71.28	65.40	59.59	54.10	48.79	44.40	40.74	37.20	34.81	32.61	30.89	29.26	28.55	28.22	28.00	
103.00	96.32	89.70	83.46	77.59	72.19	67.41	62.67	58.23	54.44	50.91	48.03	45.18	42.60	40.31	38.03	35.97	34.17	33.15	32.29	32.00	
110.00	103.57	97.31	91.29	85.38	79.71	74.15	69.00	64.30	59.85	55.50	51.51	47.64	43.99	40.46	38.48	36.76	35.28	34.21	33.44	32.82	32.31	32.00	
121.00	112.74	104.49	96.66	88.88	81.56	76.47	71.61	66.89	62.22	57.58	53.11	48.65	45.18	42.08	39.08	36.29	33.75	31.62	29.68	29.00	
121.00	113.61	106.91	100.40	94.01	87.95	82.21	77.09	72.01	67.36	62.81	58.34	53.89	49.83	46.00	43.01	40.49	38.66	36.83	35.23	33.77	33.00	
122.00	114.05	106.38	99.31	92.45	85.62	78.89	72.29	67.35	62.47	57.79	53.43	49.76	46.18	43.05	40.48	38.00	35.81	34.17	32.61	31.12	29.77	28.63	28.00	
117.00	110.07	103.35	96.85	90.47	84.16	78.48	73.38	68.35	63.46	58.76	54.46	50.23	46.47	42.99	39.86	37.33	35.07	33.56	32.56	32.00	
118.00	111.00	104.32	97.94	91.63	85.47	79.33	73.56	67.96	62.41	57.20	52.49	48.31	44.68	41.15	37.70	34.31	31.77	29.32	28.47	28.00	
104.00	96.65	89.55	83.44	77.86	72.32	67.06	62.27	57.99	54.55	51.12	47.95	44.98	42.49	40.02	37.88	35.79	34.41	33.08	32.09	32.02	32.00	
121.00	114.26	107.63	101.01	94.47	88.06	81.87	75.69	69.71	63.77	59.05	54.62	50.45	47.19	44.36	41.82	39.48	37.28	35.36	34.20	33.75	33.32	33.00	
116.00	109.08	102.22	95.44	88.77	82.77	76.81	70.88	65.43	60.21	55.00	50.07	45.14	40.62	37.06	34.04	32.24	30.92	29.71	28.53	28.25	28.05	28.00	
113.00	106.45	99.97	93.86	88.30	82.79	77.53	72.46	67.65	62.91	58.21	54.24	50.40	46.57	43.13	39.73	36.42	34.01	32.72	31.65	30.62	29.80	29.00	
113.00	106.23	99.62	93.04	86.65	80.43	74.70	70.17	65.70	61.44	57.24	53.35	49.48	46.01	42.80	39.79	37.29	35.16	33.41	32.04	31.00	
118.00	110.54	103.09	95.72	89.38	83.84	78.50	73.59	68.73	64.07	59.44	54.92	50.51	46.42	42.38	38.89	35.54	32.64	30.80	29.36	28.65	28.09	28.00	
122.00	113.12	104.44	96.12	88.09	80.18	72.78	66.21	60.97	56.78	52.65	48.96	45.70	42.80	40.09	37.38	35.20	33.58	32.46	32.17	32.00	
113.00	105.90	99.73	93.72	87.90	82.28	77.05	71.95	66.98	62.01	57.40	53.59	50.01	46.77	43.57	40.45	38.06	35.78	33.89	33.35	33.07	33.00	
108.00	99.81	92.11	84.93	78.74	73.39	69.27	65.20	61.20	57.32	53.54	49.87	46.45	43.06	40.25	37.68	35.49	33.68	32.16	30.74	30.00	
106.00	100.03	94.34	88.81	83.55	78.89	74.69	70.65	66.66	62.79	58.93	55.22	51.59	47.97	44.83	41.81	38.80	36.02	33.97	32.65	32.00	
104.00	97.84	92.08	86.37	80.75	75.21	69.70	64.65	59.96	56.26	53.10	50.00	47.06	44.19	41.35	39.30	37.35	35.88	34.47	33.20	33.00	
120.00	112.25	104.88	97.53	90.75	84.56	78.64	72.88	67.18	62.10	57.47	52.99	48.86	45.08	41.51	38.64	36.51	35.17	34.19	33.23	32.42	32.00	
112.00	105.31	98.65	92.24	86.21	80.22	74.55	69.12	64.16	59.31	54.61	51.46	48.51	45.96	43.53	41.37	39.21	37.43	35.76	34.59	33.55	33.00	
118.00	110.56	103.47	96.86	90.74	84.83	78.99	73.34	68.33	63.66	59.02	54.67	51.14	47.66	44.28	40.92	38.38	35.99	33.84	32.52	31.41	31.09	31.00	
120.00	113.52	107.29	101.17	95.07	89.32	83.62	78.18	73.19	68.42	63.72	59.69	56.07	52.87	49.69	46.59	43.62	40.66	37.85	35.75	33.81	33.10	33.00	
120.00	112.02	104.41	97.54	90.93	84.61	78.36	72.35	66.47	61.06	55.91	51.42	47.22	43.22	39.80	38.18	36.95	35.77	34.86	33.96	33.18	33.07	33.00	
104.00	98.29	92.63	86.97	81.46	76.60	72.08	67.65	63.36	59.28	55.34	51.40	47.84	44.37	41.12	38.62	36.37	34.29	32.62	31.67	31.08	31.00	
114.00	106.71	99.52	92.36	85.65	79.05	73.32	68.11	62.91	57.96	53.34	49.39	45.47	42.22	40.11	38.39	36.83	35.46	34.30	33.46	32.65	32.07	32.00	
112.00	105.00	98.23	91.50	84.95	78.76	72.60	66.77	61.61	56.59	52.84	49.77	46.73	43.87	41.07	38.36	35.67	33.07	31.08	29.71	29.01	29.00	
116.00	108.26	101.00	93.81	86.81	80.26	74.22	69.02	64.08	59.14	54.59	50.87	47.17	44.32	41.63	39.46	37.46	35.45	33.81	32.34	31.38	31.00	
119.00	111.18	103.39	95.74	89.11	82.82	76.60	70.85	66.26	62.30	58.48	54.84	51.22	47.93	45.05	42.67	40.40	38.28	36.23	35.01	34.26	33.78	33.37	33.00	
122.00	114.56	107.24	100.27	93.51	86.93	80.60	74.81	69.43	64.25	59.47	55.05	50.83	46.70	43.09	39.93	37.24	35.71	34.34	33.62	32.98	32.46	32.00	
122.00	111.81	102.34	93.96	85.98	78.01	70.88	64.96	59.51	54.12	49.08	45.25	42.00	39.99	38.10	36.28	34.74	33.71	32.76	32.40	32.16	32.00	
111.00	103.88	97.07	90.74	84.65	78.89	73.25	67.80	62.44	57.17	52.22	48.02	44.09	41.33	38.81	36.79	34.85	33.09	31.45	30.35	30.00	
109.00	103.48	98.42	93.57	88.77	84.05	79.46	74.93	70.42	66.23	62.72	59.23	55.83	52.43	49.11	46.33	43.65	41.04	38.49	36.03	33.97	33.00	
120.00	109.92	100.35	91.88	84.69	77.72	71.89	66.47	61.70	57.07	52.77	48.52	44.28	40.56	37.38	35.02	33.68	32.40	31.75	31.31	31.00	
113.00	105.49	98.13	90.80	83.66	76.83	70.50	64.85	59.24	54.23	49.35	45.80	42.66	39.58	37.10	34.64	32.24	30.12	29.41	29.14	29.00	
105.00	97.84	90.76	84.08	77.52	71.08	64.74	58.82	53.30	49.16	45.29	41.77	38.27	35.91	33.85	32.24	30.68	29.66	28.75	28.04	28.00	
103.00	95.36	87.81	81.17	75.24	69.91	65.03	60.20	56.30	52.58	49.00	45.98	43.16	40.46	37.87	35.75	33.82	32.06	30.41	29.41	28.90	28.45	28.20	28.00	
111.00	103.53	96.13	88.93	82.04	75.30	68.80	62.95	59.13	55.66	52.26	48.87	45.79	42.79	40.20	37.94	35.85	33.83	31.97	30.17	29.01	29.00	
109.00	103.24	97.48	91.81	86.49	81.32	76.24	71.30	66.46	61.62	57.65	53.92	50.84	47.78	44.89	42.05	39.32	36.82	34.52	32.77	31.20	29.79	29.04	29.00	
108.00	98.82	90.53	82.39	74.79	67.21	60.30	53.79	48.45	44.80	41.66	39.34	37.43	36.20	35.01	33.92	32.85	32.04	31.62	31.23	31.00	
103.00	95.74	88.71	81.90	75.22	69.78	64.34	59.21	54.22	49.31	44.44	40.24	36.46	34.29	32.71	31.70	30.92	30.21	29.62	29.24	29.00	
114.00	104.64	95.37	86.96	78.86	71.71	66.28	61.15	56.09	52.16	48.39	44.71	41.84	39.48	37.39	35.42	33.51	32.20	31.09	30.42	29.82	29.37	29.12	29.00	
107.00	100.39	94.37	88.75	83.77	78.98	74.21	69.80	65.50	61.36	57.24	53.33	49.95	46.75	43.67	40.62	37.71	35.52	33.33	31.16	29.61	28.19	28.00	
121.00	113.03	105.06	97.14	89.79	82.64	76.27	69.92	63.63	57.51	51.86	48.57	45.54	42.71	40.33	37.97	35.97	34.04	32.31	30.65	29.08	28.31	28.05	28.00	
101.00	95.89	91.06	86.47	81.97	77.52	73.11	69.17	65.29	61.47	57.83	54.21	50.90	47.72	44.58	41.90	39.23	37.44	35.77	34.13	32.59	31.57	31.26	31.00	
122.00	113.69	105.51	97.68	89.97	83.57	78.33	73.29	69.03	65.13	61.28	57.50	53.85	50.84	47.85	45.05	42.58	40.12	37.70	35.47	33.35	31.35	30.31	30.00	
117.00	108.65	101.67	94.80	88.33	82.02	75.77	69.75	64.09	58.72	53.40	48.89	44.61	41.04	38.19	35.43	33.10	32.14	31.25	30.38	29.64	29.00	
114.00	106.13	99.29	92.76	86.58	80.40	74.68	68.96	63.77	59.08	54.62	50.22	46.42	43.67	41.38	39.41	37.46	35.73	34.06	33.13	33.06	33.02	33.00	
113.00	105.74	99.08	92.66	86.33	80.69	75.34	70.19	65.15	60.44	55.75	51.23	47.00	43.41	40.43	38.08	35.88	33.90	32.49	31.44	31.00	
121.00	110.54	101.85	93.60	86.17	79.14	72.23	65.80	59.65	54.84	51.12	47.59	44.85	42.11	39.40	36.71	34.58	32.80	31.83	31.00	30.43	30.00	
103.00	96.44	90.42	84.53	78.64	73.12	67.71	62.60	58.02	53.63	49.70	46.35	43.22	41.00	38.91	37.71	36.71	35.76	34.87	33.99	33.14	32.33	32.17	32.00	
110.00	102.82	95.69	88.62	81.95	75.43	68.93	62.99	57.70	53.86	50.53	47.21	44.79	42.50	40.29	38.12	36.09	34.11	32.79	31.66	31.12	31.00	
112.00	104.50	97.75	91.09	84.50	78.60	72.86	67.50	62.54	58.26	54.02	50.57	47.29	44.41	41.94	39.51	37.59	35.70	33.95	32.39	31.11	29.97	29.00	
116.00	108.17	100.50	92.98	85.91	79.59	73.37	67.72	62.48	57.30	52.25	47.56	43.14	39.30	35.59	33.57	31.72	30.42	29.46	29.06	29.00	
120.00	111.95	104.22	96.78	89.93	83.57	77.49	71.52	65.55	60.61	55.74	51.09	47.13	43.29	40.66	38.47	36.49	34.84	33.60	33.28	33.00	
117.00	109.06	101.35	94.02	86.82	80.18	73.71	67.82	62.80	58.66	54.77	51.20	48.27	45.73	43.38	41.17	39.22	37.40	35.73	34.37	33.20	32.26	31.40	31.00	
108.00	100.42	93.80	87.59	81.41	75.55	70.05	65.19	60.75	57.08	53.59	50.86	48.20	45.58	42.99	40.91	38.89	36.99	35.53	34.11	33.37	33.00	
106.00	99.00	92.37	86.00	79.93	74.60	69.71	64.87	60.43	56.21	52.04	49.25	46.82	44.43	42.06	40.30	38.56	37.02	35.63	34.27	33.03	32.17	32.00	
123.00	115.28	108.17	101.13	94.71	88.31	82.07	76.52	71.58	67.20	63.00	58.81	54.85	51.11	47.41	44.73	42.45	40.25	38.19	36.29	34.66	33.81	33.00	
123.00	115.34	107.89	100.98	94.17	87.48	80.90	74.47	68.14	62.73	57.37	52.70	48.46	44.27	40.44	37.13	34.44	33.49	32.73	32.38	32.09	32.00	
110.00	103.82	97.74	91.84	86.91	82.01	77.22	72.48	67.96	63.68	59.60	55.70	52.00	48.52	45.25	42.36	40.13	38.04	36.44	34.91	34.16	33.53	33.00	
107.00	99.26	91.64	84.54	78.21	72.66	67.32	62.48	57.81	54.43	51.06	47.91	45.04	42.49	39.95	37.71	35.82	34.41	33.04	32.27	32.00	
122.00	113.42	105.28	97.30	89.54	81.80	74.75	67.86	62.89	58.12	53.78	49.74	46.52	43.44	40.43	38.09	36.36	34.74	33.30	32.11	32.00	
111.00	103.36	96.17	89.09	82.01	75.17	68.40	61.68	56.59	51.51	46.58	43.01	39.98	37.10	35.38	33.72	32.28	30.87	30.11	29.34	29.06	29.00	
121.00	113.55	106.54	100.28	94.31	88.43	83.10	78.24	73.56	68.92	64.49	60.17	56.32	52.65	49.18	45.82	42.52	39.49	36.47	34.31	33.14	32.43	32.00	
118.00	109.28	100.64	92.14	84.03	76.74	70.42	64.53	59.24	54.22	49.89	45.78	41.75	38.41	35.10	33.29	32.37	31.96	31.57	31.28	31.00	
122.00	113.25	104.64	96.49	88.40	80.81	73.31	66.85	60.93	55.20	50.44	46.21	42.15	38.40	35.30	33.37	31.62	30.07	28.69	28.39	28.12	28.00	
107.00	100.23	94.19	88.36	82.63	77.03	71.61	66.47	61.53	56.59	52.30	48.70	45.23	41.80	38.47	35.75	33.62	32.06	31.04	30.23	29.80	29.38	29.00	
115.00	108.23	101.47	94.72	88.09	81.54	75.00	68.90	62.93	57.72	53.03	48.98	45.07	41.49	38.65	36.32	34.45	32.62	31.13	29.93	29.00	
106.00	99.34	92.95	86.88	80.85	75.35	70.25	66.04	61.93	58.34	54.89	51.56	48.31	45.25	42.32	39.63	37.02	34.42	32.17	30.61	30.00	
113.00	102.35	93.34	85.15	78.01	71.36	65.02	60.13	56.34	52.79	49.49	46.31	43.21	40.72	38.29	35.90	34.38	33.52	32.70	32.14	32.00	
122.00	114.58	107.24	100.02	93.27	86.91	81.09	75.52	70.10	64.70	59.64	55.23	51.26	47.85	44.86	42.15	39.46	37.26	35.21	33.58	32.26	31.00	
108.00	100.91	94.63	88.35	83.13	78.36	73.99	69.70	65.56	61.78	58.02	54.49	51.10	47.94	44.93	42.31	39.85	37.57	35.32	33.67	32.43	31.23	30.43	30.00	
107.00	98.60	90.37	83.04	76.06	69.39	62.99	57.81	52.75	49.66	46.59	43.80	41.15	38.64	36.84	35.20	33.71	32.24	31.37	30.62	30.00	
104.00	97.81	91.75	85.83	80.34	75.15	70.04	65.37	60.84	56.52	52.54	48.69	44.94	42.23	40.30	38.56	36.85	35.40	33.97	32.55	31.28	30.10	30.00	
115.00	108.66	102.46	96.43	90.48	84.55	79.08	73.90	68.97	64.23	59.50	55.81	52.36	48.96	45.71	42.51	39.40	36.83	34.34	32.19	30.13	29.67	29.23	29.00	
106.00	98.23	90.57	83.13	75.72	68.73	63.13	57.77	54.01	50.32	47.03	44.55	42.10	39.97	37.86	36.23	34.70	33.25	32.06	31.09	30.26	29.46	29.00	
104.00	97.80	91.68	85.61	79.95	74.47	69.11	63.78	58.52	54.43	50.90	47.51	44.23	41.04	38.04	35.35	33.50	32.59	31.81	31.42	31.17	31.00	
103.00	96.92	90.87	84.97	79.38	73.91	68.46	64.20	60.13	56.28	52.74	49.23	45.99	42.78	40.24	37.80	35.88	34.54	33.79	33.25	33.11	33.03	33.00	
118.00	109.83	101.96	94.89	88.09	81.55	75.39	69.51	64.33	59.22	54.14	50.47	46.95	44.09	41.36	39.09	36.97	34.84	32.97	31.73	30.54	29.66	29.29	29.00	
121.00	112.55	104.18	95.98	88.26	81.13	74.27	67.72	62.08	56.43	51.23	46.61	42.06	38.79	36.20	34.04	31.91	30.80	30.12	30.04	30.00	
119.00	110.97	103.05	95.22	87.81	80.45	74.40	68.58	63.19	57.87	52.78	48.53	45.07	41.71	38.56	36.20	33.85	32.45	31.17	30.52	30.03	30.00	
106.00	98.91	91.82	85.13	78.94	72.98	67.19	61.91	56.77	52.00	47.60	43.47	39.49	35.99	32.94	31.32	30.04	29.24	28.58	28.27	28.00	
101.00	94.76	88.59	83.39	78.39	73.47	68.90	64.38	60.01	55.98	52.00	48.15	44.33	41.68	39.23	37.51	35.93	34.47	33.47	32.62	31.77	31.00	
104.00	98.36	92.75	87.53	82.57	77.79	73.02	68.30	63.65	59.13	55.07	51.61	48.62	45.99	43.39	41.18	39.07	37.17	35.46	33.82	32.28	30.77	29.85	29.00	
106.00	98.36	91.15	85.12	79.58	74.60	69.75	64.90	60.12	56.12	52.35	49.39	46.67	43.98	41.70	39.87	38.05	36.51	35.10	34.04	33.20	32.60	32.29	32.00	
115.00	107.55	100.15	92.80	86.09	79.40	72.92	67.89	63.12	58.37	54.26	50.32	47.04	43.86	40.99	38.46	35.95	34.32	33.07	32.25	32.02	32.00	
104.00	97.59	91.58	86.25	81.16	76.20	71.33	66.59	61.86	57.16	53.02	49.23	46.32	43.55	40.98	38.43	36.15	34.18	32.27	31.26	31.01	31.00	
114.00	107.08	100.72	94.37	88.77	83.22	77.88	73.19	68.55	64.05	60.02	56.24	52.90	49.61	46.37	43.36	40.46	37.99	35.80	33.74	33.02	33.00	
115.00	108.53	102.31	96.11	89.96	83.92	77.92	72.19	66.57	61.02	55.89	50.90	46.72	43.08	39.68	36.75	34.55	32.87	31.31	30.02	28.93	28.00	
107.00	99.72	93.85	88.87	84.09	79.57	75.06	70.73	66.49	62.42	58.66	54.92	51.25	47.60	44.30	41.24	38.67	36.25	33.96	31.73	30.45	29.58	29.00	
119.00	108.95	99.67	91.88	84.42	77.68	71.42	65.96	61.64	58.21	54.85	51.57	48.32	45.15	42.46	39.89	37.60	35.43	33.46	32.14	31.12	31.00	
109.00	102.81	96.66	90.81	85.13	79.49	74.02	68.79	63.65	58.55	54.49	51.01	47.77	44.58	42.20	39.93	37.76	35.77	34.06	32.86	32.26	32.00	
108.00	102.03	96.30	90.61	85.38	80.17	75.00	70.12	65.30	61.01	56.78	52.58	48.54	44.83	41.32	38.62	36.46	34.90	33.84	33.05	32.37	32.11	32.00	
114.00	106.85	100.30	94.19	88.18	82.26	76.83	72.16	67.75	63.43	59.24	55.05	50.92	47.04	43.27	39.66	36.08	32.97	30.84	28.90	28.00	
114.00	106.68	99.51	92.78	86.13	80.17	74.88	69.64	64.44	59.31	55.03	50.80	46.61	43.22	39.91	37.52	35.42	33.56	31.82	30.18	29.30	29.00	
104.00	96.81	90.61	84.51	78.77	73.12	68.21	63.69	59.47	55.30	51.27	47.24	43.85	40.75	38.47	36.27	35.38	34.74	34.12	33.50	33.07	33.00	
106.00	99.98	94.54	89.11	83.91	78.81	73.75	68.82	64.01	59.43	55.74	52.62	49.54	46.79	44.33	41.89	39.83	37.94	36.22	34.65	33.43	32.47	31.56	31.00	
121.00	113.15	105.32	97.50	90.57	83.67	77.71	71.89	66.23	60.57	55.90	52.01	48.22	45.24	42.56	40.14	37.86	35.86	34.53	33.45	32.42	32.00	
115.00	106.45	98.09	89.80	81.82	74.56	67.60	61.84	57.09	52.81	48.91	45.41	42.15	39.61	37.59	35.79	34.28	32.79	31.76	30.83	30.25	30.00	
110.00	104.37	98.79	93.50	88.30	83.26	78.41	73.83	69.27	64.98	60.93	56.92	53.06	49.42	46.60	43.95	41.35	38.76	36.68	34.68	33.11	31.62	30.44	30.00	
122.00	114.75	107.54	100.54	93.62	86.78	80.49	74.48	68.64	63.66	58.91	54.34	50.48	47.49	44.53	41.78	39.04	36.45	34.90	33.81	33.25	33.06	33.00	
115.00	108.59	102.55	96.97	91.52	86.09	81.21	76.66	72.14	67.66	63.23	58.87	54.59	50.73	47.38	44.15	41.06	38.11	35.59	33.30	31.97	30.98	30.14	30.00	
102.00	96.69	91.38	86.48	82.36	78.26	74.17	70.21	66.52	63.27	60.10	56.95	53.87	51.03	48.18	45.58	43.11	40.65	38.49	36.63	34.97	33.52	32.11	31.00	
102.00	96.15	90.39	85.20	80.31	75.56	70.83	66.12	61.80	57.58	53.48	49.52	45.79	42.36	40.18	38.25	36.47	34.94	33.84	33.08	33.00	
119.00	111.40	103.81	96.64	89.48	82.57	75.82	69.13	64.09	59.12	54.54	50.50	46.79	43.98	41.26	38.62	36.35	34.13	32.16	30.22	30.03	30.00	
120.00	112.23	104.68	97.26	89.84	82.65	75.57	68.78	62.25	57.78	53.49	49.79	46.21	42.65	39.72	36.82	34.56	32.99	31.49	30.65	29.84	29.09	28.37	28.00	
105.00	99.35	93.93	88.59	83.38	78.60	73.93	69.34	64.94	60.57	56.24	52.07	48.29	44.73	41.34	37.98	35.03	32.94	31.40	30.09	29.21	28.60	28.08	28.00	
118.00	110.12	102.32	95.16	88.19	81.95	76.35	71.07	66.01	60.98	56.54	52.18	48.25	44.71	41.22	37.80	35.06	33.00	31.21	29.59	28.00	
106.00	98.76	92.19	85.83	80.40	75.32	70.34	66.08	62.08	58.10	54.63	51.26	48.07	45.36	43.07	40.81	38.74	36.69	35.01	33.65	32.34	31.40	31.00	
121.00	111.94	102.94	94.15	85.65	77.65	71.21	64.89	58.84	54.01	50.13	46.70	43.29	40.21	37.82	35.46	33.61	31.95	30.72	30.39	30.11	30.04	30.00	
110.00	102.17	95.07	88.74	82.68	76.81	72.10	67.42	63.06	58.92	55.12	51.45	47.96	44.54	41.61	39.14	36.93	34.78	32.88	31.51	31.00	
123.00	114.63	106.86	99.27	92.46	86.04	80.08	74.28	68.59	63.04	57.72	53.96	50.32	46.79	43.88	41.15	38.77	36.45	34.28	32.51	31.07	29.75	29.00	
107.00	97.59	90.65	83.76	78.71	73.67	68.71	63.92	59.20	55.04	51.16	47.36	44.16	41.00	37.93	35.57	33.87	32.49	31.76	31.34	31.00	
103.00	96.06	89.24	83.27	77.65	72.07	66.67	62.00	57.76	53.80	50.24	46.87	43.92	41.05	38.49	36.41	34.49	32.77	31.30	29.96	29.42	29.12	29.02	29.00	
122.00	113.35	104.81	96.48	90.02	83.59	78.97	74.89	70.86	66.85	62.93	59.20	55.49	51.82	48.20	45.03	42.12	39.24	36.96	34.73	33.59	32.65	32.06	32.00	
123.00	114.67	106.35	98.88	91.75	84.91	78.22	71.57	65.00	59.53	54.49	49.58	44.68	40.41	36.30	32.69	29.92	29.03	28.55	28.21	28.00	
102.00	97.28	92.76	88.25	83.94	79.96	76.01	72.13	68.45	64.84	61.27	57.79	54.42	51.21	48.19	45.30	42.95	41.04	39.13	37.28	35.55	33.89	33.06	33.00	
104.00	97.16	90.62	84.14	77.98	72.31	66.74	61.17	56.27	51.72	47.17	42.64	39.55	37.08	34.62	32.46	30.77	29.63	28.50	28.21	28.00	
120.00	111.28	102.59	94.31	86.80	80.40	74.09	67.89	62.43	57.22	53.09	49.01	45.20	41.57	38.18	35.68	33.45	31.96	30.81	29.93	29.38	29.11	29.00	
110.00	102.17	95.81	89.48	83.30	77.16	71.08	65.33	60.24	55.58	51.24	47.64	44.43	42.44	40.52	38.71	37.06	35.44	33.86	32.53	31.43	31.00	
110.00	103.33	96.94	90.74	84.57	78.63	73.70	69.14	64.63	60.26	55.96	51.97	48.09	44.93	41.83	39.86	37.92	36.58	35.48	34.38	33.46	32.60	32.04	32.00	
119.00	110.70	102.65	95.50	89.18	83.15	77.16	71.81	66.61	61.72	57.59	53.72	50.86	48.11	45.44	42.80	40.29	38.20	36.19	34.45	33.00	
103.00	96.66	91.33	86.04	81.27	76.60	72.05	67.67	64.37	61.21	58.09	55.00	52.09	49.24	46.51	43.94	41.76	39.84	38.04	36.43	35.00	34.14	33.35	33.00	
115.00	107.15	99.63	92.36	85.67	79.17	73.26	67.67	62.31	57.09	52.07	48.23	45.39	42.69	40.17	38.27	36.55	34.87	33.25	32.36	32.00	
120.00	113.44	106.91	100.55	94.34	88.21	82.21	76.31	70.59	65.21	60.02	55.02	50.57	46.77	43.47	40.25	37.16	34.34	31.89	29.80	28.83	28.19	28.04	28.00	
108.00	100.06	92.37	84.93	78.38	72.11	66.67	61.50	56.54	52.01	47.50	43.83	40.51	37.57	35.36	33.32	32.65	32.26	32.14	32.06	32.00	
116.00	107.09	98.31	89.80	81.63	75.15	68.92	63.25	58.86	54.48	50.49	46.49	43.16	40.65	38.86	37.28	35.78	34.52	33.53	32.66	32.15	32.00	
115.00	108.47	102.28	96.19	90.20	84.24	78.40	72.80	67.58	62.50	58.59	54.80	51.07	47.61	44.44	41.31	38.21	35.56	33.16	32.40	32.00	
109.00	99.78	92.41	85.27	78.80	73.08	67.37	61.89	57.26	53.14	49.29	45.82	42.83	40.02	37.33	35.13	33.61	32.13	30.93	30.18	30.00	
105.00	96.65	89.59	82.71	75.83	69.08	62.65	57.14	51.81	47.76	44.14	41.53	39.03	36.55	34.46	33.24	32.11	31.01	30.66	30.39	30.17	30.00	
117.00	108.87	100.78	93.69	87.17	81.03	75.03	69.25	64.80	60.50	56.23	51.99	48.06	44.29	40.99	37.83	35.76	33.71	31.90	30.34	30.00	
117.00	110.41	104.46	98.73	93.02	87.48	82.02	77.50	73.03	68.61	64.81	61.07	57.35	53.71	50.47	47.39	44.52	41.68	39.10	36.87	35.15	33.62	33.00	
103.00	95.90	89.71	83.69	77.70	72.01	66.41	61.03	57.27	53.86	50.62	47.43	44.40	41.88	39.93	38.23	36.63	35.15	34.30	33.65	33.00	
111.00	104.26	97.59	91.82	86.11	80.52	75.10	69.73	64.69	59.86	55.05	50.46	46.80	43.90	41.00	38.15	35.80	33.58	31.76	30.08	29.10	28.31	28.14	28.00	
113.00	105.92	99.73	93.57	87.54	82.03	76.72	71.47	66.73	62.02	57.46	52.92	48.54	44.53	41.56	38.78	36.33	34.00	31.79	31.39	31.09	31.00	
120.00	112.31	104.78	98.09	91.44	85.12	79.05	73.17	67.66	62.65	57.91	54.03	50.31	46.72	43.33	40.02	36.97	34.66	32.80	31.37	30.00	
105.00	98.96	93.27	87.93	82.71	77.61	72.89	68.36	63.85	60.14	56.62	53.46	50.32	47.63	45.12	42.63	40.89	39.18	37.63	36.18	34.75	33.64	33.00	
119.00	112.02	105.07	98.20	91.50	84.92	78.46	72.01	65.57	60.61	56.59	52.88	49.33	46.43	43.92	41.65	39.77	38.14	36.70	35.31	34.20	33.50	33.23	33.00	
123.00	114.38	107.04	99.76	92.94	87.23	81.60	76.47	71.43	66.53	61.70	57.26	52.91	48.68	44.60	41.28	39.09	37.20	35.35	33.84	32.50	31.58	31.00	
120.00	113.59	107.31	101.19	95.57	89.96	84.83	79.72	74.66	69.75	65.05	60.37	55.92	51.64	47.65	44.48	41.71	39.56	37.42	35.85	34.41	33.86	33.32	33.00	
102.00	96.71	91.49	86.30	81.12	75.99	70.87	66.30	61.87	57.69	53.95	50.21	46.73	43.25	39.91	36.94	35.04	33.14	31.90	30.69	30.00	
108.00	98.79	89.61	81.16	74.22	68.36	62.67	58.12	53.90	50.24	47.08	44.37	42.38	40.49	38.67	37.09	35.52	34.08	32.82	31.77	31.00	
102.00	95.53	89.09	82.96	77.31	72.18	67.47	62.84	58.43	54.31	50.43	46.72	43.85	41.42	39.50	37.68	36.04	34.64	33.42	32.52	32.01	32.00	
106.00	97.53	90.14	83.72	77.42	72.01	66.66	61.55	56.49	52.54	48.69	44.85	41.19	38.16	36.25	35.03	34.11	33.39	33.18	33.03	33.00	
115.00	106.37	98.55	90.98	83.53	76.19	70.15	64.24	58.86	54.50	50.24	46.75	43.58	40.58	37.87	35.37	33.14	31.24	30.06	29.49	29.05	29.00	
109.00	103.78	98.58	93.42	88.33	83.55	78.90	74.60	70.32	66.23	62.16	58.37	54.60	51.01	47.45	44.67	42.12	39.62	37.24	35.30	33.59	32.28	31.03	31.00	
120.00	111.39	103.81	96.75	90.36	84.47	78.66	72.90	67.59	62.41	57.87	53.52	50.31	47.24	44.49	41.84	39.20	36.67	34.14	32.49	31.81	31.19	31.00	
107.00	100.64	95.07	89.52	84.14	78.99	74.45	69.97	65.69	61.63	57.67	53.72	49.81	46.30	43.01	40.07	37.42	35.39	33.39	31.98	30.65	30.11	30.00	
116.00	109.16	102.63	96.59	90.63	84.83	79.38	73.94	68.68	63.97	59.71	55.87	52.28	49.52	47.10	44.70	42.31	40.02	37.93	36.30	35.04	33.91	33.17	33.00	
123.00	112.60	103.67	94.84	86.38	79.91	73.77	68.15	62.92	57.72	53.35	49.39	45.56	42.22	39.08	36.50	34.35	33.17	32.06	31.09	30.13	29.29	29.00	
115.00	106.50	98.31	90.74	83.61	76.58	70.03	64.26	58.84	53.71	50.35	47.05	43.78	40.98	38.23	35.50	34.30	33.18	32.36	32.15	32.00	
113.00	104.40	97.59	91.78	86.04	80.64	75.59	70.62	65.67	60.93	56.57	52.40	48.78	45.26	41.89	38.65	35.99	34.49	33.36	33.13	33.03	33.00	
112.00	105.91	100.65	95.54	90.69	85.89	81.19	76.49	72.02	67.79	63.80	59.83	56.08	52.81	49.65	46.93	44.47	42.16	39.96	37.79	35.86	34.19	32.66	32.00	
107.00	100.09	93.84	87.66	81.89	76.15	70.65	65.20	59.91	55.34	50.91	46.77	43.16	40.10	37.91	36.03	34.24	32.59	31.08	29.77	28.60	28.11	28.00	
110.00	104.04	98.44	92.92	87.99	83.11	78.35	73.65	68.99	64.33	60.19	56.60	53.02	49.51	46.35	43.55	41.06	38.98	37.07	35.40	33.76	32.33	32.00	
109.00	101.21	93.72	86.50	79.80	73.76	67.87	62.40	57.38	52.60	48.17	44.17	40.29	36.92	33.58	31.14	29.56	28.92	28.50	28.28	28.11	28.00	
113.00	106.09	99.28	92.82	86.71	81.13	75.98	71.03	66.18	61.85	57.81	53.99	50.28	46.64	43.28	40.55	38.11	35.79	33.75	31.84	30.10	28.96	28.24	28.00	
102.00	95.93	90.11	84.43	79.28	74.20	69.36	64.70	60.13	56.06	52.31	49.00	45.82	42.70	39.96	37.98	36.02	34.29	33.15	32.34	32.07	32.00	
107.00	99.22	91.93	85.88	80.07	74.40	69.65	65.19	60.80	57.01	53.61	50.53	47.64	44.85	42.70	40.72	38.84	37.10	35.74	34.54	33.82	33.11	32.52	32.00	
120.00	113.88	107.81	101.87	95.98	90.84	85.74	80.86	76.28	71.78	67.43	63.19	59.38	55.58	51.99	48.88	45.83	43.11	40.47	38.23	36.34	34.72	33.33	32.00	
108.00	99.70	93.61	88.13	82.74	77.41	72.80	68.23	63.67	59.15	54.92	50.85	46.89	44.31	41.82	39.36	37.14	35.07	33.31	31.93	30.69	29.77	29.00	
106.00	98.21	90.99	84.27	77.93	72.11	66.32	61.22	56.37	52.06	48.45	44.86	41.52	39.38	37.42	35.55	34.08	32.62	31.56	31.13	31.00	
123.00	114.68	106.39	98.17	89.97	82.11	74.96	68.18	62.46	57.29	52.65	48.10	44.25	41.13	38.69	36.72	34.79	32.86	31.07	29.60	28.52	28.00	
103.00	95.25	89.56	84.12	78.87	74.01	69.19	64.39	59.90	56.66	53.56	50.54	48.00	45.48	43.20	41.02	38.90	36.98	35.09	33.49	32.28	31.62	31.00	
113.00	106.93	101.04	95.32	89.91	84.74	79.60	74.70	69.96	65.34	60.72	56.27	52.19	48.26	44.34	40.59	37.54	35.32	33.59	32.06	31.00	
106.00	99.20	92.45	85.90	79.49	73.20	67.32	61.46	56.17	51.06	46.14	42.41	38.81	36.07	34.29	32.70	31.50	30.94	30.45	30.16	30.00	
101.00	94.40	88.05	81.91	75.96	70.06	65.20	60.44	55.75	52.36	49.08	45.87	43.05	40.26	37.94	36.08	34.90	33.92	32.95	32.57	32.20	32.07	32.00	
118.00	110.42	103.20	96.02	89.00	82.81	76.98	71.36	66.09	61.38	56.70	52.15	47.80	43.61	40.17	36.85	34.39	32.52	31.20	30.29	29.50	29.00	
105.00	99.39	93.88	88.56	83.46	78.42	73.48	68.88	64.40	60.06	55.79	51.98	49.02	46.06	43.47	41.51	39.63	38.32	37.04	35.84	34.70	33.78	33.00	
116.00	108.65	102.06	95.87	90.04	84.26	78.66	73.23	67.97	62.83	57.77	52.70	47.84	43.33	38.87	35.87	33.63	31.66	29.73	28.66	28.00	
103.00	96.78	90.62	84.88	79.75	75.17	71.09	67.11	63.27	59.87	56.54	53.31	50.12	46.97	44.17	41.77	39.58	37.79	36.04	34.54	33.82	33.41	33.09	33.00	
121.00	111.95	103.83	95.85	87.92	80.37	73.10	66.40	60.22	54.06	49.44	44.92	41.47	38.51	35.90	33.54	31.61	30.28	29.12	28.53	28.15	28.00	
123.00	114.23	106.02	98.28	91.13	84.18	77.53	71.20	65.72	60.29	55.72	51.15	46.76	42.61	39.20	36.07	33.49	31.27	30.67	30.26	30.00	
116.00	108.25	101.27	94.85	88.47	82.44	76.49	71.26	66.15	61.86	57.79	54.39	51.13	48.04	45.02	42.10	39.38	37.22	35.24	33.55	32.03	30.72	29.81	29.00	
119.00	110.28	102.17	94.66	87.17	79.74	72.37	66.20	61.58	57.17	53.24	49.32	45.86	42.64	39.52	36.72	34.06	31.80	30.49	29.78	29.22	29.00	
102.00	96.38	91.01	85.68	80.47	75.29	70.44	66.30	62.36	58.69	55.03	51.68	48.41	45.23	42.14	39.18	36.39	33.86	31.65	29.68	29.00	
104.00	96.91	89.88	83.12	76.61	71.13	66.33	61.63	57.01	53.61	50.36	47.21	44.08	41.17	38.80	36.52	34.37	32.45	31.25	30.52	30.00	
106.00	99.37	93.30	87.28	81.70	77.11	72.65	68.66	64.75	60.85	57.20	54.09	51.27	48.50	45.72	43.21	40.78	38.37	36.34	34.66	33.01	31.38	30.11	29.00	
119.00	111.16	103.71	96.95	90.52	84.23	77.97	71.97	66.26	60.69	55.36	51.19	47.15	43.64	40.45	37.93	36.55	35.20	34.34	33.53	33.01	33.00	
109.00	102.35	95.92	89.54	83.29	77.30	71.52	65.90	60.55	55.43	50.54	46.22	43.01	40.12	37.25	34.88	32.91	31.14	30.14	29.35	29.00	
102.00	96.19	90.90	85.78	80.71	76.07	71.56	67.14	62.74	58.34	53.98	49.70	46.18	42.77	40.32	38.18	36.69	35.35	34.04	32.90	32.42	32.11	32.00	
112.00	105.50	99.20	92.98	86.99	81.23	75.51	70.16	64.87	60.06	55.72	52.12	48.52	45.09	41.80	38.72	35.66	33.18	31.89	30.91	30.00	
113.00	105.49	98.63	92.02	85.82	79.64	73.62	68.41	64.41	60.60	56.80	53.04	49.90	46.86	43.93	41.17	38.42	36.20	34.45	32.87	32.26	31.66	31.08	31.00	
111.00	103.47	95.98	88.63	81.64	76.01	71.24	66.56	62.05	57.62	54.07	50.69	47.96	45.33	42.99	40.73	38.55	36.51	34.55	33.08	31.64	31.00	
106.00	99.69	93.77	87.85	82.03	76.23	71.05	66.13	62.01	58.41	54.90	51.53	48.24	45.08	41.96	39.18	36.88	34.81	33.48	32.44	31.65	30.92	30.29	30.00	
106.00	100.56	95.19	90.15	85.15	80.26	75.37	70.52	65.70	61.15	57.47	54.30	51.26	48.28	45.39	42.72	40.38	38.34	37.12	35.96	34.85	33.73	33.18	33.00	
110.00	103.41	96.90	90.47	84.43	78.42	73.41	68.70	64.04	59.43	55.19	51.07	47.21	43.49	40.55	37.91	35.74	33.82	32.06	30.80	30.00	
114.00	106.55	99.25	92.10	85.50	79.23	73.13	67.35	62.38	58.19	54.13	50.22	46.39	42.66	39.22	35.88	33.63	31.68	29.81	29.10	29.00	
103.00	97.90	92.89	87.93	83.06	78.23	73.70	69.35	65.28	61.36	57.52	53.90	50.36	47.09	44.12	41.43	38.92	36.52	34.53	32.58	30.72	30.29	30.14	30.00	
108.00	101.09	94.23	87.57	81.33	75.73	70.37	65.07	59.83	55.39	51.11	46.82	43.05	39.41	36.26	34.43	33.78	33.24	32.71	32.25	32.09	32.00	
116.00	107.26	99.01	91.54	84.36	77.50	71.03	64.97	59.22	53.71	48.64	44.54	41.49	38.91	36.41	34.68	32.97	31.26	29.57	29.00	28.54	28.27	28.03	28.00	
118.00	110.33	102.99	95.98	89.65	83.50	77.56	72.13	67.20	62.67	58.52	54.81	51.12	47.69	44.70	41.82	39.20	36.94	35.15	33.58	32.05	31.00	
114.00	105.63	97.51	89.74	82.84	76.01	69.45	63.51	57.89	52.72	47.87	43.12	39.09	35.98	33.02	31.89	31.01	30.48	30.25	30.09	30.00	
117.00	110.28	103.56	97.33	91.11	84.94	79.41	74.48	69.56	64.67	59.83	55.18	50.54	46.75	43.27	40.24	37.39	34.72	32.71	32.00	31.50	31.15	31.00	
122.00	113.18	104.88	96.98	90.04	83.55	77.10	71.78	67.05	62.75	58.61	54.55	50.68	47.20	44.18	41.80	39.54	37.29	35.11	33.19	31.69	30.20	29.00	
112.00	104.57	97.21	89.93	82.80	76.32	70.96	65.85	61.26	56.97	52.83	49.48	46.80	44.14	41.70	39.62	37.73	36.24	34.96	33.98	33.00	
121.00	112.89	105.01	97.35	90.42	83.71	77.23	70.82	64.95	59.31	54.44	50.10	46.44	43.58	41.44	39.81	38.19	36.88	35.66	34.44	33.61	33.01	33.00	
116.00	109.46	102.93	96.61	90.74	85.39	80.05	74.91	69.84	65.54	61.38	57.32	53.53	49.76	46.35	43.27	40.46	37.75	35.92	34.27	32.71	31.30	30.00	
102.00	95.90	90.96	86.16	81.46	77.07	72.84	68.77	64.74	60.77	57.22	53.80	50.89	47.99	45.14	42.37	39.67	37.08	35.13	33.78	32.91	32.35	32.00	
121.00	112.17	103.57	95.10	87.14	79.36	72.66	66.48	60.50	55.46	50.65	46.04	43.22	40.40	37.91	35.48	33.10	30.92	29.37	29.02	29.00	
119.00	109.89	102.52	95.50	88.51	82.33	76.72	71.26	66.02	61.50	57.51	53.65	50.02	46.75	43.89	41.38	39.01	36.68	34.96	33.50	32.27	31.27	31.00	
117.00	107.88	99.64	91.57	84.26	76.96	70.18	64.23	58.32	53.62	49.22	45.23	42.81	40.53	38.36	36.31	34.33	32.61	31.16	29.77	29.11	29.00	
113.00	106.05	99.10	92.23	85.65	79.15	73.51	68.31	63.96	59.75	55.85	52.03	48.37	45.04	42.22	39.66	37.46	35.35	33.80	32.74	32.16	32.00	
120.00	112.04	104.40	97.12	90.25	84.40	78.56	72.76	67.41	62.25	57.14	53.17	49.66	46.43	43.66	40.88	38.15	35.86	34.39	32.96	31.84	31.37	31.00	
114.00	106.43	99.02	92.17	85.39	79.53	73.70	68.23	63.01	58.10	53.61	49.40	45.25	42.46	39.91	37.85	35.82	34.57	33.41	32.37	32.05	32.00	
120.00	110.71	102.21	94.04	86.52	79.09	72.13	66.06	60.29	55.45	50.88	46.51	42.35	38.64	36.54	34.99	33.50	32.57	31.70	31.41	31.20	31.00	
111.00	102.69	94.57	86.61	79.63	73.49	68.22	63.24	58.83	54.76	50.70	46.64	43.01	39.78	37.67	35.59	33.94	32.51	31.29	31.11	31.00	
113.00	105.68	98.70	92.32	86.04	80.13	75.50	70.95	66.42	61.96	57.80	53.78	50.33	46.88	44.05	41.33	38.61	36.44	34.80	33.29	32.35	32.06	32.00	
118.00	110.25	103.00	95.82	88.75	82.13	76.09	70.78	65.73	61.00	56.31	51.76	47.24	42.87	38.72	35.11	32.37	30.84	29.31	28.33	28.09	28.00	
112.00	104.80	97.88	91.30	84.78	79.34	73.99	68.95	64.14	59.58	55.36	51.40	47.53	44.15	41.34	38.98	36.89	35.08	34.24	33.71	33.19	33.00	
121.00	113.43	107.07	100.91	95.06	89.24	83.42	77.71	72.09	66.55	61.54	56.81	52.52	48.34	44.98	41.75	39.69	37.68	35.81	33.99	33.00	
113.00	105.96	99.22	92.92	86.62	80.44	74.41	68.68	63.76	58.89	54.37	50.21	46.54	43.33	41.11	39.17	37.32	36.15	35.16	34.19	33.66	33.26	33.00	
103.00	97.87	92.75	87.94	83.15	78.45	73.83	69.23	64.82	60.51	56.32	52.26	48.50	45.03	41.94	39.23	36.66	34.58	32.68	30.93	30.35	30.00	
113.00	106.00	99.77	93.66	87.59	81.58	75.58	69.89	64.55	59.32	54.75	50.20	45.78	41.70	38.77	36.05	33.45	31.78	30.24	29.47	29.00	
122.00	114.69	107.43	100.43	93.53	86.85	80.73	74.97	69.52	64.09	58.67	53.40	48.49	44.82	41.93	39.04	36.61	34.58	32.78	31.14	29.70	28.82	28.23	28.00	
105.00	96.81	88.84	81.05	73.70	67.57	62.73	57.97	53.41	49.53	46.96	44.58	42.32	40.23	38.46	37.00	35.75	34.88	34.07	33.43	33.00	
109.00	100.77	93.16	85.60	79.11	73.72	68.35	63.76	59.58	55.77	52.17	48.61	45.59	42.60	40.46	38.79	37.47	36.23	35.00	33.94	33.45	33.00	
114.00	106.34	98.86	91.51	84.62	78.52	72.62	67.12	62.24	57.41	53.20	49.08	45.28	42.66	40.07	38.31	36.65	35.57	34.86	34.29	33.78	33.37	33.00	
105.00	98.97	93.42	87.92	82.74	77.63	72.55	67.59	62.92	58.43	54.45	50.77	47.14	43.76	40.50	37.94	35.54	33.30	31.46	30.29	29.19	28.34	28.00	
111.00	103.68	96.47	89.52	82.77	76.30	70.13	65.17	60.45	55.98	51.54	47.39	44.65	42.05	39.62	37.33	35.39	33.56	31.87	30.20	29.75	29.32	29.00	
119.00	112.39	105.81	99.37	93.09	86.96	80.96	74.99	69.08	64.09	59.16	54.98	50.93	47.83	44.93	42.63	40.45	38.27	36.57	34.94	33.46	32.11	30.92	30.00	
114.00	105.50	97.27	89.69	82.23	75.69	69.55	64.98	60.47	56.22	52.15	48.19	44.45	41.27	38.60	35.99	34.00	32.66	31.44	30.41	30.00	
113.00	106.53	100.37	94.33	88.31	82.34	76.51	71.40	66.38	61.45	57.42	53.58	49.94	46.35	42.84	39.34	36.31	33.37	30.82	30.08	29.47	29.05	29.02	29.00	
119.00	111.81	105.08	98.44	92.06	86.12	80.30	74.50	69.04	63.86	59.67	55.63	51.91	48.60	45.83	43.12	40.93	38.81	37.15	35.89	34.67	33.49	33.00	
119.00	110.65	102.88	95.56	88.61	82.32	76.21	70.27	64.38	58.49	53.88	49.86	46.05	42.48	38.93	36.57	34.60	32.65	31.69	31.10	31.00	
107.00	99.97	93.57	87.43	81.64	76.07	70.75	65.77	60.87	56.68	52.86	49.61	46.85	44.33	42.13	39.96	38.18	36.65	35.14	34.20	33.53	33.12	33.00	
102.00	93.66	86.05	79.34	73.96	69.27	65.07	60.88	56.84	53.35	50.36	47.65	45.07	42.90	40.84	38.95	37.42	36.13	35.17	34.26	33.36	33.18	33.00	
104.00	98.45	93.22	88.09	82.99	78.32	73.90	69.86	65.90	62.13	58.48	55.25	52.28	49.36	46.69	44.04	42.06	40.24	38.43	36.83	35.26	34.06	33.00	
122.00	114.09	106.55	99.17	91.96	85.62	79.30	73.17	67.40	62.08	57.03	52.32	47.62	42.95	38.62	36.68	35.09	33.57	32.37	31.67	31.19	31.00	
122.00	114.75	107.55	100.37	93.76	87.37	81.35	75.46	70.15	64.88	59.71	54.68	50.23	45.82	41.66	37.92	34.80	32.01	29.73	29.52	29.32	29.19	29.08	29.00	
102.00	95.71	89.43	83.42	78.10	72.90	67.75	62.73	58.13	53.56	49.18	45.26	41.65	38.39	36.11	33.84	31.58	29.43	28.86	28.38	28.25	28.11	28.00	
106.00	98.67	91.39	84.28	77.34	70.59	64.19	57.86	52.05	46.50	42.70	39.74	36.82	34.48	32.99	31.67	30.51	29.57	28.68	28.35	28.05	28.00	
110.00	103.72	97.71	91.78	85.95	80.30	74.66	69.02	63.68	58.69	53.83	49.50	45.37	42.68	40.16	38.01	36.25	34.54	33.31	32.73	32.30	32.08	32.00	
105.00	98.90	92.85	86.99	81.42	76.18	71.06	66.33	61.98	57.69	53.51	49.99	46.99	44.04	41.10	38.81	36.58	34.72	33.65	32.61	31.91	31.42	31.00	
123.00	114.13	105.43	98.20	91.00	84.04	77.44	70.95	65.70	60.47	56.77	53.35	50.66	48.00	45.39	42.92	40.53	38.30	36.51	34.81	33.65	33.00	
123.00	113.32	104.34	95.75	87.42	80.32	73.68	67.05	61.78	56.56	51.59	46.83	42.29	39.82	37.50	35.19	33.59	32.21	30.96	30.36	30.00	
121.00	109.90	101.73	93.59	85.78	78.36	71.71	65.79	60.53	55.36	50.66	46.17	42.11	38.71	36.25	34.39	32.84	31.50	30.50	29.69	29.00	
121.00	111.69	103.03	95.24	88.57	82.76	77.15	71.56	65.99	61.83	57.72	53.73	50.27	46.86	43.73	41.05	38.76	36.50	34.47	32.88	32.00	
123.00	115.28	107.63	100.41	93.34	86.87	81.09	75.43	70.02	65.02	60.72	57.15	53.73	50.33	47.51	44.86	42.46	40.28	38.31	36.37	34.49	32.82	32.15	32.00	
115.00	108.55	102.51	96.75	91.14	85.61	80.16	74.91	69.88	65.00	60.13	55.47	51.17	47.52	43.95	40.87	38.54	36.87	35.31	34.31	33.32	32.40	32.00	
113.00	104.47	96.06	87.66	81.13	74.60	68.37	62.51	57.55	53.08	49.30	46.30	43.44	40.65	37.89	35.30	33.15	31.32	29.76	29.15	29.00	
106.00	99.05	92.17	85.54	79.19	73.22	67.53	62.27	57.37	53.13	49.22	45.84	42.48	39.39	36.68	34.58	32.83	31.47	30.32	29.35	28.62	28.27	28.00	
102.00	95.38	89.32	83.50	77.72	72.46	67.58	62.75	58.70	54.74	51.13	47.54	44.15	41.77	39.75	37.83	36.06	34.37	32.77	31.87	31.00	
116.00	108.80	101.69	95.12	88.74	82.62	76.79	71.44	66.34	61.48	56.76	52.18	48.06	44.74	41.89	39.76	37.67	35.76	34.09	33.08	33.00	
101.00	94.66	88.37	82.87	77.52	72.43	67.92	63.88	59.87	56.05	52.48	49.16	45.95	42.97	40.02	37.12	34.65	32.21	30.01	28.36	28.00	
105.00	99.41	93.87	88.43	83.00	77.74	72.67	67.69	62.80	58.03	53.55	50.47	47.49	44.67	41.91	39.36	36.87	34.52	32.75	31.42	30.77	30.35	30.11	30.00	
119.00	109.19	99.38	90.74	82.20	75.34	69.60	65.10	61.06	57.25	54.10	51.01	48.02	45.05	42.12	39.43	37.07	35.32	33.58	32.38	31.43	31.15	31.00	
103.00	96.30	89.60	83.15	77.96	73.26	68.80	64.36	60.09	55.92	51.88	48.01	45.06	42.13	39.99	37.95	36.19	34.85	33.76	33.40	33.20	33.00	
121.00	113.58	106.55	99.76	93.17	86.81	80.65	74.63	68.88	63.27	57.70	52.90	48.63	45.06	42.08	39.33	37.34	35.55	34.06	32.97	32.02	32.00	
113.00	104.04	96.09	89.11	82.72	76.75	70.86	65.23	60.27	55.67	52.05	48.53	45.49	42.59	39.78	37.43	35.10	32.92	31.04	30.05	30.01	30.00	
106.00	98.59	91.52	84.94	78.55	74.03	69.53	65.28	61.20	57.16	53.14	49.48	46.32	43.54	40.83	38.77	36.88	35.29	33.93	32.74	31.72	30.95	30.22	30.00	
102.00	96.37	90.87	85.63	80.39	75.27	70.51	65.95	61.81	57.73	53.69	49.67	46.49	43.73	41.05	38.40	36.25	34.29	33.04	31.92	30.84	30.24	30.00	
107.00	100.31	93.72	87.21	81.47	76.26	71.57	67.12	62.68	58.36	54.10	49.93	45.84	42.80	40.33	38.12	36.85	35.80	34.95	34.10	33.29	33.00	
101.00	95.54	90.38	85.40	80.47	75.61	71.15	66.93	62.98	59.11	55.50	52.03	48.66	45.53	42.52	39.81	37.18	35.63	34.23	33.02	32.23	32.10	32.03	32.00	
120.00	111.45	102.98	94.84	86.88	80.02	73.65	67.67	61.97	56.66	51.38	46.13	41.63	38.51	35.50	33.73	32.50	31.71	31.20	31.04	31.00	
113.00	105.36	97.86	90.90	84.91	78.91	73.51	68.93	64.57	60.43	56.42	52.56	49.07	45.64	43.39	41.38	39.37	37.57	35.81	34.24	32.94	32.44	32.00	
122.00	113.38	105.74	98.88	92.23	85.69	79.20	73.70	68.39	63.12	58.10	53.12	48.66	44.92	41.81	38.74	35.84	33.27	31.05	28.91	28.00	
122.00	113.84	105.97	98.45	91.58	85.27	79.06	72.99	67.04	61.31	57.21	53.32	49.59	45.91	42.96	40.04	37.34	34.87	32.57	30.32	30.00	
117.00	110.68	104.69	98.81	93.36	87.97	82.58	77.22	71.89	67.25	62.72	58.34	54.59	51.01	47.64	44.28	41.36	38.58	35.86	33.60	31.47	29.85	29.00	
113.00	105.18	98.79	92.77	86.96	81.44	75.98	70.69	65.67	60.86	56.09	52.14	48.65	45.20	41.78	38.86	36.67	34.81	33.01	31.74	31.00	
102.00	96.04	90.60	85.29	80.39	75.48	70.69	66.12	61.63	57.34	53.10	49.45	46.36	43.46	40.96	38.64	36.72	35.13	33.89	32.98	32.38	32.09	32.00	
108.00	101.35	94.71	88.40	82.22	76.56	71.04	65.55	60.06	54.98	50.44	46.50	42.65	39.05	36.86	34.82	33.05	31.50	30.54	29.58	28.66	28.03	28.00	
103.00	95.75	88.68	81.86	75.13	69.41	63.72	58.32	53.52	49.96	46.51	43.11	40.11	37.50	35.21	33.12	31.27	30.39	29.74	29.12	28.58	28.09	28.00	
106.00	98.66	92.07	85.77	79.98	74.37	68.77	63.94	59.25	54.87	50.86	47.39	44.51	41.68	38.87	36.99	35.13	33.28	32.02	31.12	30.28	29.60	29.00	
118.00	108.35	100.90	93.54	86.55	79.99	73.81	67.82	62.47	58.05	53.83	50.15	46.62	43.25	40.04	37.27	35.10	33.04	31.73	30.55	30.00	
108.00	101.21	95.03	89.37	83.92	78.58	73.85	69.25	64.76	60.34	55.92	51.58	47.85	44.73	41.62	38.82	36.50	34.41	32.87	31.64	30.60	29.74	29.00	
121.00	111.30	103.36	95.45	87.75	81.37	75.05	70.07	66.04	62.02	58.07	54.45	51.47	49.02	46.62	44.30	42.18	40.08	38.01	36.14	34.59	33.37	33.15	33.00	
119.00	112.24	105.53	99.01	93.06	87.14	81.69	76.30	71.06	66.03	61.11	56.27	51.81	47.43	43.69	40.64	37.80	35.41	33.15	31.92	30.92	30.00	
103.00	95.37	87.79	80.83	75.03	69.60	64.53	60.12	55.83	52.34	48.88	45.87	43.48	41.45	39.50	37.62	35.91	34.31	33.38	33.16	33.06	33.00	
113.00	106.32	99.87	93.90	87.97	82.60	77.27	71.98	67.12	62.51	57.92	53.36	49.43	45.54	42.52	39.61	37.31	35.13	33.35	31.69	30.08	29.00	
109.00	99.83	90.85	83.33	75.91	68.59	61.59	56.19	50.90	47.34	44.28	41.89	39.71	37.60	36.19	34.81	33.68	32.61	31.57	31.20	31.00	
121.00	112.35	103.81	95.55	87.79	80.50	74.42	68.58	62.95	57.89	53.42	50.12	47.03	44.43	41.92	39.61	37.41	35.47	34.26	33.59	33.00	
117.00	109.69	102.52	95.97	90.05	84.16	78.79	73.53	68.78	64.55	60.39	56.57	52.82	49.08	45.47	41.90	39.39	37.25	35.64	34.26	33.09	32.18	32.02	32.00	
102.00	96.38	91.12	86.09	81.35	76.79	72.33	68.34	64.39	60.61	57.01	53.46	49.98	46.55	43.46	40.84	38.37	36.27	34.19	32.14	30.93	30.34	30.06	30.00	
106.00	100.06	94.30	88.69	83.73	78.82	73.92	69.64	65.50	61.36	57.37	53.68	50.44	47.30	44.47	41.68	39.07	36.47	34.50	32.86	31.86	31.00	
103.00	97.17	91.60	86.08	80.75	75.81	71.09	66.49	62.19	57.92	53.77	49.84	46.72	43.77	41.02	38.53	36.22	34.44	32.79	31.40	31.00	
103.00	97.29	91.60	85.96	80.42	75.02	69.83	64.91	60.08	55.50	51.27	47.46	43.97	40.66	37.55	34.81	32.49	30.31	29.15	28.37	28.00	
113.00	106.27	99.56	92.96	86.38	80.07	74.15	68.91	64.25	60.17	56.23	52.88	49.71	46.90	44.12	41.72	39.53	37.34	35.20	34.17	33.23	32.43	32.00	
120.00	111.61	103.46	96.11	89.84	83.84	78.12	72.50	67.22	61.98	56.80	51.96	47.39	43.40	39.47	36.15	33.86	32.33	31.00	29.76	29.10	29.00	
101.00	93.84	87.44	81.38	76.37	71.55	67.15	63.07	59.13	55.77	52.48	49.52	46.56	44.21	41.91	40.29	38.69	37.11	35.77	34.44	33.21	32.16	31.19	31.00	
115.00	107.34	99.80	92.27	84.90	77.77	70.91	64.55	58.84	53.74	49.78	46.29	42.82	40.27	37.83	35.59	34.32	33.47	32.70	32.13	31.57	31.13	31.00	
103.00	96.42	90.94	85.52	80.53	75.54	70.67	66.50	62.40	58.34	54.33	50.50	46.71	43.07	40.16	37.83	35.53	33.28	31.32	30.09	28.94	28.24	28.00	
117.00	109.05	101.67	94.90	88.24	81.91	75.84	69.82	64.21	59.86	55.53	51.91	48.29	44.96	41.68	38.91	36.17	34.11	32.36	31.00	29.92	29.38	29.17	29.00	
104.00	98.46	92.99	87.52	82.47	77.55	72.71	68.12	63.88	59.87	56.00	52.17	48.67	45.45	42.57	39.78	37.26	35.19	33.80	32.57	32.07	32.00	
104.00	96.93	90.03	83.15	77.03	72.17	67.58	63.07	58.69	55.06	51.49	48.47	45.49	42.59	39.72	37.16	34.72	32.56	31.04	29.85	29.28	29.10	29.00	
109.00	101.31	93.84	87.03	81.16	75.51	70.22	65.24	60.93	56.68	52.91	49.24	46.01	42.85	39.95	37.45	35.88	34.31	33.48	32.82	32.28	32.00	
102.00	96.68	91.37	86.24	81.20	76.23	71.52	67.06	62.67	58.33	54.16	50.43	47.03	43.86	41.58	39.80	38.38	37.06	35.98	34.95	34.11	33.51	33.00	
119.00	109.10	100.35	91.98	84.51	77.31	70.95	64.88	60.29	55.78	51.64	47.88	44.21	41.08	38.61	37.22	36.03	35.08	34.29	33.51	33.08	33.00	
121.00	114.49	108.21	101.92	95.79	89.92	84.47	79.02	73.79	68.84	64.24	59.76	55.45	51.41	47.93	44.50	41.26	38.32	35.71	33.96	32.55	31.64	31.00	
102.00	95.72	89.99	84.51	79.51	74.61	70.17	65.94	61.75	57.76	53.91	50.42	47.36	44.49	41.84	39.19	36.64	34.73	33.24	32.07	30.99	30.48	30.03	30.00	
120.00	109.99	101.79	93.85	86.83	80.40	74.34	68.47	63.27	58.09	53.58	49.14	45.49	42.14	39.12	37.58	36.38	35.20	34.17	33.40	33.09	33.00	
104.00	97.30	90.62	84.73	78.84	73.19	67.84	63.50	59.33	55.18	52.46	49.92	47.39	44.87	42.49	40.26	38.30	36.62	35.10	33.75	32.81	32.07	32.00	
101.00	93.34	86.90	80.56	74.27	69.01	64.36	59.80	55.81	51.92	48.75	45.71	42.82	40.08	38.30	36.68	35.17	34.01	32.87	31.87	31.00	
113.00	105.36	97.83	90.93	84.13	77.66	71.41	66.00	60.77	56.23	51.83	48.47	45.52	43.14	41.01	39.10	37.20	35.33	33.68	32.04	30.80	29.66	29.00	
115.00	106.61	98.63	90.90	83.27	75.79	70.56	65.45	60.65	56.33	52.13	48.37	44.88	41.83	39.16	36.58	34.48	32.99	31.97	31.27	31.00	
115.00	107.05	99.33	91.65	84.73	78.25	71.91	66.43	61.50	56.77	52.36	48.23	44.43	41.66	39.03	37.35	35.84	34.38	33.19	32.48	31.85	31.39	31.00	
111.00	102.32	93.69	85.31	77.18	71.56	66.81	62.07	57.76	53.72	49.86	46.36	43.36	40.66	38.26	35.99	34.31	32.97	32.01	31.09	31.00	
113.00	104.87	97.67	91.01	84.65	78.66	72.74	67.34	62.50	58.22	54.73	51.41	48.34	45.29	42.40	39.68	37.11	34.74	32.91	31.24	30.51	30.06	30.00	
116.00	108.39	100.92	94.68	88.88	83.74	78.62	73.60	68.58	63.76	59.53	55.67	51.98	48.50	45.51	42.62	39.81	37.07	34.44	32.64	31.36	31.02	31.01	31.00	
103.00	97.80	92.63	87.51	82.40	77.61	73.00	68.57	64.54	60.52	56.86	53.35	49.93	46.54	43.21	40.16	37.51	35.43	33.47	31.57	30.00	
113.00	105.95	98.99	92.22	85.62	79.35	73.23	68.23	63.54	59.21	54.96	50.92	47.24	43.75	41.24	38.98	37.36	36.11	35.22	34.46	33.69	33.11	33.00	
123.00	115.28	108.11	101.38	94.70	88.39	83.12	78.19	73.39	68.84	64.85	60.94	57.04	53.15	49.28	45.96	42.70	40.16	37.87	35.92	34.02	32.68	31.80	31.00	
113.00	103.86	95.27	88.01	81.71	75.65	69.82	64.84	60.53	56.26	52.44	48.88	45.50	42.49	39.72	37.36	35.26	33.33	31.54	29.87	28.64	28.31	28.00	
110.00	104.21	98.59	92.98	87.52	82.12	76.81	71.64	66.48	62.06	57.88	53.77	49.95	46.14	42.81	39.69	36.73	33.87	31.73	30.14	28.89	28.00	
116.00	109.18	102.62	96.16	89.72	83.53	77.54	71.84	66.75	61.72	56.95	52.57	48.82	45.62	42.56	39.65	37.16	35.03	32.94	31.06	31.00	
108.00	101.44	95.63	89.88	84.39	79.49	74.75	70.08	65.47	61.07	56.78	52.54	49.34	46.25	43.22	40.25	37.67	35.78	33.92	33.28	32.81	32.38	32.00	
107.00	99.54	92.15	84.97	77.84	72.62	67.76	62.90	58.16	54.03	50.26	46.65	43.30	40.62	37.94	36.31	34.78	33.70	32.61	31.58	31.00	
116.00	108.87	101.96	95.43	89.08	83.06	77.16	71.32	65.79	60.33	54.87	50.47	46.24	42.75	39.27	35.91	33.70	31.84	30.10	30.06	30.02	30.00	
108.00	101.11	94.51	87.94	81.53	75.18	69.44	64.63	60.00	55.39	51.84	48.53	45.54	43.17	40.86	38.62	36.79	35.08	33.40	31.85	30.58	29.34	28.45	28.00	
107.00	98.10	90.47	83.28	76.41	69.78	63.19	56.66	52.12	48.38	44.71	41.25	38.65	36.16	33.99	32.12	30.77	29.70	29.28	29.04	29.00	
115.00	107.73	100.73	93.74	87.49	81.37	75.44	69.94	64.47	59.05	54.42	50.39	46.53	43.00	39.95	37.74	35.74	34.28	32.93	32.00	31.58	31.22	31.00	
114.00	104.58	95.94	87.97	80.60	73.37	67.42	61.75	56.07	50.63	46.59	43.02	40.28	37.67	35.57	34.29	33.26	32.22	31.28	30.72	30.33	30.00	
110.00	102.89	95.95	89.48	83.48	77.76	72.72	67.88	63.59	59.30	55.04	51.00	47.11	43.69	41.12	38.75	36.59	34.70	33.56	33.26	33.00	
109.00	102.62	96.42	90.41	84.52	78.99	73.49	68.43	64.11	59.87	55.70	51.88	48.50	45.38	42.39	39.78	37.62	35.74	34.06	32.91	32.09	31.67	31.30	31.00	
121.00	112.54	104.10	95.87	87.74	80.78	74.46	68.18	62.84	57.77	53.29	49.85	46.52	43.28	40.09	37.27	34.77	32.44	30.99	30.26	30.11	30.00	
103.00	97.08	91.19	85.38	79.68	74.50	69.55	64.64	59.73	54.87	50.75	47.23	44.08	40.97	38.75	36.81	35.08	33.39	31.99	30.71	30.09	29.58	29.17	29.00	
109.00	101.42	94.05	87.30	81.06	74.84	68.62	62.53	56.85	51.68	48.46	46.06	43.69	41.42	39.20	37.10	35.46	34.24	33.39	32.69	32.00	
102.00	95.81	89.64	84.47	79.63	75.16	71.19	67.22	63.53	59.96	56.44	53.09	50.16	47.28	44.44	41.96	39.64	37.55	35.57	33.60	32.37	31.23	31.00	
118.00	108.27	99.04	90.34	81.82	73.56	65.83	58.59	53.76	49.32	44.99	41.89	39.11	36.65	34.91	33.37	32.05	30.76	29.76	29.06	29.00	
101.00	94.58	88.23	82.00	75.86	70.00	64.23	59.73	56.12	52.69	49.43	46.31	43.92	41.52	39.42	37.52	35.81	34.44	33.52	32.74	31.99	31.39	31.00	
117.00	109.07	101.19	93.36	85.93	78.95	72.31	65.78	59.85	54.70	49.57	45.85	42.64	39.60	37.22	35.05	33.06	31.79	30.59	29.72	29.33	29.00	
118.00	111.09	104.26	97.47	90.69	84.15	77.69	72.14	66.81	61.80	57.31	52.85	48.57	44.42	41.52	38.76	36.05	33.93	32.09	30.41	29.44	28.65	28.24	28.00	
116.00	108.25	100.73	93.68	87.67	81.76	76.11	70.77	65.64	60.55	55.89	51.55	47.31	43.95	40.87	38.41	35.95	34.14	32.51	31.47	31.07	31.00	
123.00	113.91	105.28	97.20	89.67	82.24	74.84	67.56	60.99	55.71	50.54	46.14	43.07	40.21	37.84	35.88	34.08	32.40	31.35	31.16	31.00	
118.00	109.90	102.87	96.38	90.39	84.40	78.75	73.92	69.26	64.79	60.39	56.62	52.86	49.31	46.01	43.00	40.04	37.56	35.27	33.03	32.41	31.92	31.46	31.00	
105.00	98.28	92.29	86.55	81.05	75.65	70.41	65.48	60.90	56.58	52.32	48.87	45.55	42.33	39.13	35.99	33.80	31.87	30.65	29.66	29.13	29.00	
121.00	113.87	107.14	100.80	94.60	88.75	82.93	77.30	72.03	66.80	61.64	56.49	51.75	47.71	43.70	39.75	37.21	35.00	33.86	32.81	31.81	30.82	30.00	
116.00	108.24	101.41	94.99	88.70	82.59	76.81	71.06	65.47	61.03	56.60	52.99	49.40	46.04	42.96	40.74	38.53	36.56	34.60	32.96	31.45	30.11	29.00	
119.00	108.15	98.31	88.50	80.51	72.98	65.96	59.49	53.01	48.77	45.00	42.15	39.61	37.37	35.49	34.24	33.18	32.38	32.21	32.09	32.00	
111.00	103.94	97.05	91.15	85.78	80.51	75.47	70.46	65.48	60.55	55.63	51.51	47.74	44.04	41.48	39.12	36.87	34.73	32.70	31.45	30.48	29.68	29.02	29.00	
123.00	114.64	106.97	99.42	92.29	85.56	79.03	73.34	67.79	62.45	57.80	53.28	48.93	44.80	40.87	37.16	34.96	33.38	32.02	30.79	29.83	29.00	
115.00	106.96	99.48	92.04	85.12	78.20	71.43	65.26	59.17	53.76	49.19	45.39	41.64	38.51	35.37	33.05	31.20	29.79	28.62	28.33	28.08	28.02	28.00	
104.00	98.12	92.33	86.82	81.43	76.28	71.64	67.16	62.89	58.97	55.27	51.73	48.27	45.09	42.32	39.54	37.02	34.79	33.14	31.53	29.99	28.57	28.08	28.00	
106.00	99.07	92.47	85.94	79.45	74.04	68.65	63.67	58.74	54.23	50.07	46.03	42.26	38.78	35.35	32.62	30.77	29.70	28.73	28.46	28.21	28.00	
103.00	97.89	92.83	88.09	83.46	78.96	74.51	70.06	65.69	61.65	58.01	54.64	51.39	48.29	45.33	42.42	40.33	38.40	36.76	35.49	34.42	33.54	33.17	33.00	
116.00	107.41	99.51	91.66	84.13	76.64	69.27	62.26	55.88	50.36	46.71	43.46	41.11	39.18	37.58	36.06	34.81	33.61	32.93	32.41	32.14	32.00	
105.00	97.63	90.41	83.26	77.06	72.86	68.83	64.97	61.25	57.52	53.89	50.66	47.74	45.06	42.58	40.13	38.07	36.14	34.43	33.57	33.03	32.56	32.11	32.00	
108.00	99.17	90.65	82.65	74.72	67.18	61.16	55.21	49.53	44.43	41.04	38.17	35.85	33.72	31.80	30.44	30.00	29.59	29.32	29.07	29.00	
103.00	96.54	90.29	84.46	79.47	74.48	69.75	65.04	60.66	56.79	53.73	50.72	48.05	45.44	42.89	40.40	38.19	36.09	34.78	33.48	32.24	31.11	30.00	
123.00	113.50	104.77	96.69	88.82	81.09	73.81	67.23	60.90	54.90	49.59	46.52	43.75	41.02	38.32	36.17	34.49	32.96	31.65	31.06	31.00	
117.00	110.13	103.53	97.24	91.06	84.90	78.78	72.78	67.90	63.71	59.71	55.75	52.27	49.13	46.05	43.45	41.01	38.70	36.41	34.43	32.59	31.44	30.40	30.00	
103.00	96.43	90.52	84.71	79.42	74.17	69.22	64.60	60.09	55.80	51.60	47.66	44.62	41.71	38.94	36.76	35.31	34.14	33.01	32.07	32.00	
122.00	113.42	105.11	97.20	90.87	84.76	78.67	72.73	66.82	61.95	57.13	52.81	49.17	45.53	42.33	39.54	37.30	35.38	33.48	31.67	30.25	29.21	28.50	28.00	
104.00	98.31	92.64	87.21	81.81	76.69	72.11	67.73	63.48	59.59	55.97	52.37	49.21	46.43	43.67	41.01	38.96	37.26	35.63	34.03	33.30	32.69	32.31	32.00	
106.00	99.30	92.63	86.01	79.61	73.29	67.76	62.62	57.83	53.55	49.73	46.08	42.68	40.02	37.65	35.87	34.31	32.75	31.60	30.55	29.61	29.05	29.00	
115.00	106.41	98.56	90.79	83.12	76.40	69.92	63.68	57.68	51.75	45.91	41.16	37.03	34.95	33.18	31.79	30.76	29.84	29.12	28.53	28.00	
122.00	113.90	106.20	98.98	91.81	84.80	78.04	71.32	65.35	60.16	55.36	50.57	47.12	43.67	40.31	37.17	34.61	32.14	30.45	29.18	28.27	28.03	28.00	
107.00	100.08	93.49	87.24	81.20	75.26	69.46	64.68	60.13	56.58	53.06	49.84	47.07	44.70	42.50	40.48	38.80	37.31	36.12	35.13	34.31	33.55	33.00	
115.00	108.19	102.09	96.09	90.15	84.82	79.67	74.87	70.22	65.61	61.21	57.26	53.43	49.81	46.36	43.02	40.51	38.60	36.91	35.45	34.08	33.07	32.28	32.00	
118.00	110.87	103.85	96.84	90.22	83.82	78.16	73.10	68.11	63.19	58.33	54.23	50.26	46.35	42.75	39.64	37.03	35.69	34.42	33.44	32.50	31.88	31.32	31.00	
115.00	105.08	96.13	87.21	78.47	71.16	63.97	59.75	55.57	51.40	47.38	43.88	40.84	37.89	35.06	33.31	31.99	30.74	29.59	28.47	28.19	28.00	
123.00	114.98	106.95	100.21	94.01	87.97	82.21	76.48	70.85	65.73	60.75	56.59	52.80	49.27	45.79	42.59	39.91	37.62	35.47	33.85	32.47	31.43	31.00	
115.00	106.89	99.26	91.77	84.95	78.71	72.64	67.17	62.10	57.52	53.70	50.03	46.37	43.01	39.96	37.03	35.19	33.63	32.73	31.97	31.41	31.04	31.00	
112.00	103.93	96.24	89.00	81.77	75.60	70.18	64.95	59.90	56.20	52.51	48.86	45.33	42.34	39.42	36.62	33.84	31.31	30.15	29.40	29.00	
122.00	112.75	103.91	96.38	88.86	81.46	74.79	68.36	62.26	56.19	51.26	46.91	43.09	39.45	36.20	33.67	31.58	30.03	29.11	28.54	28.00	
121.00	111.78	104.18	96.93	90.24	83.71	77.96	72.28	66.79	61.41	56.04	50.80	45.94	41.84	39.37	37.63	36.15	34.77	33.72	32.99	32.35	32.09	32.00	
118.00	110.51	103.04	96.10	89.28	82.49	75.98	69.51	63.13	58.80	55.27	51.97	48.71	45.80	42.90	40.45	38.10	36.00	33.90	32.03	31.02	30.03	29.34	29.00	
114.00	104.15	94.45	86.51	79.25	72.35	65.73	59.72	53.86	50.32	46.83	44.10	41.93	40.24	38.64	37.37	36.17	35.09	34.15	33.28	33.00	
121.00	112.20	103.80	96.49	89.43	82.44	75.57	69.37	63.43	57.66	52.94	48.52	44.10	39.94	37.16	35.20	33.78	32.39	31.70	31.18	31.00	
120.00	110.75	101.63	92.90	85.90	79.66	74.11	68.58	63.07	57.92	53.73	50.05	46.45	43.15	40.16	37.23	34.87	33.59	32.74	32.05	32.00	
117.00	109.51	102.13	94.87	88.28	82.12	76.17	70.52	65.26	60.13	55.65	51.79	48.08	44.50	41.23	37.97	35.44	33.89	32.60	31.76	31.04	30.49	30.25	30.00	
110.00	103.39	96.98	90.63	84.45	78.38	72.95	67.62	62.29	57.13	53.05	49.10	45.72	42.36	39.29	36.45	33.76	31.30	28.90	28.13	28.00	
118.00	110.61	103.28	96.00	88.80	81.86	74.92	69.02	63.69	59.70	56.21	52.74	49.62	46.59	43.75	41.36	39.09	37.19	35.78	34.47	33.27	32.26	31.40	31.00	
104.00	98.09	92.38	86.89	81.64	76.73	72.10	67.52	63.35	59.44	55.66	51.97	48.56	45.30	42.28	39.28	36.91	34.55	32.84	31.50	30.38	29.33	28.60	28.00	
115.00	105.74	96.84	88.83	81.06	73.46	66.11	60.65	55.84	52.11	48.47	45.15	42.09	39.15	37.44	35.81	34.32	33.19	32.07	31.36	31.08	31.00	
104.00	97.67	91.91	86.25	80.96	75.74	70.78	65.99	61.27	57.18	53.19	49.31	45.67	42.49	39.77	37.63	35.56	34.64	33.87	33.10	32.37	31.75	31.27	31.00	
107.00	101.84	96.74	91.66	86.60	81.66	76.80	72.43	68.10	63.87	60.05	56.24	52.57	49.01	46.38	43.83	41.31	38.88	36.84	35.10	33.74	32.40	32.02	32.00	
101.00	95.92	90.90	85.91	81.15	76.76	72.39	68.05	63.92	59.84	55.78	51.77	48.62	45.62	42.68	40.10	37.91	36.24	35.09	34.05	33.08	32.24	32.00	
101.00	95.28	89.70	84.18	79.05	74.30	69.86	65.49	61.12	56.86	52.95	49.19	46.16	43.49	40.94	38.61	36.74	34.98	33.22	31.52	29.96	28.47	28.17	28.00	
108.00	102.56	97.41	92.27	87.15	82.24	77.37	72.57	67.80	63.29	58.86	54.80	51.08	47.61	44.24	41.17	38.25	35.48	33.64	31.92	30.64	29.98	29.48	29.00	
105.00	98.18	91.81	85.93	80.38	75.16	70.11	65.20	60.52	56.96	53.55	50.21	47.16	44.13	41.29	38.52	35.90	33.47	31.33	29.34	28.46	28.08	28.00	
108.00	102.13	96.31	90.59	84.95	79.48	74.53	69.67	64.84	60.05	55.43	50.87	46.46	42.62	39.24	36.40	34.03	32.70	31.51	30.68	30.30	30.12	30.00	
113.00	104.05	95.15	87.97	80.94	74.02	67.27	60.84	55.15	49.67	45.43	41.38	37.68	36.03	34.46	33.85	33.37	32.94	32.55	32.25	32.00	
102.00	96.44	91.00	85.58	80.42	76.00	71.60	67.31	63.04	58.77	54.94	51.27	47.71	44.64	41.71	38.93	36.38	34.19	32.37	31.07	29.86	28.93	28.39	28.00	
108.00	102.06	96.15	90.60	85.40	80.64	75.99	71.54	67.26	63.07	59.25	55.58	52.14	49.06	46.06	43.08	40.30	38.12	36.05	34.06	32.29	30.58	30.00	
118.00	109.95	102.51	95.22	88.38	81.68	75.16	68.82	62.73	57.31	52.05	47.46	43.65	40.25	37.47	35.01	32.75	30.93	29.31	28.55	28.24	28.00	
101.00	94.78	89.29	84.00	78.73	73.82	68.93	64.52	60.40	56.85	53.36	50.08	46.80	43.68	40.58	38.23	36.12	34.39	32.88	31.82	31.09	30.49	30.00	
121.00	114.37	107.87	101.45	95.32	89.29	83.30	77.65	72.26	67.08	61.96	57.49	53.09	49.69	46.36	43.13	40.41	38.26	36.27	34.35	33.39	32.45	32.00	
123.00	112.74	103.51	95.64	88.45	81.57	75.48	69.44	63.87	58.41	53.04	47.85	43.13	39.10	36.95	35.25	34.05	33.35	32.76	32.25	32.11	32.00	
118.00	109.78	101.61	93.68	85.91	79.10	72.85	66.81	61.00	55.22	50.84	46.60	43.13	39.94	36.79	33.89	32.51	31.47	31.25	31.14	31.05	31.00	
120.00	111.46	103.43	96.51	89.94	83.38	76.96	70.81	64.71	58.65	53.45	49.04	45.37	42.77	40.21	37.91	35.69	33.81	33.04	32.57	32.26	32.00	
108.00	100.90	93.88	87.24	81.03	74.85	69.17	63.78	58.68	53.75	48.81	44.45	40.75	37.20	33.77	32.59	31.53	30.57	29.65	28.86	28.25	28.00	
123.00	114.97	107.04	99.34	92.11	85.59	79.24	73.18	67.15	61.60	56.50	51.52	46.97	42.97	40.04	37.52	35.08	33.05	31.72	30.64	29.59	28.73	28.00	
116.00	107.01	98.31	90.02	82.17	75.59	69.57	63.84	58.62	53.62	49.08	44.68	41.24	38.57	36.19	34.71	33.50	32.61	31.98	31.38	30.80	30.41	30.07	30.00	
117.00	107.93	99.52	91.58	85.19	79.18	73.67	68.26	63.16	58.40	53.95	49.74	45.56	41.59	38.35	35.75	33.71	31.76	30.73	29.94	29.33	29.08	29.00	
113.00	105.45	97.96	90.84	84.35	78.14	72.22	66.76	61.42	56.93	53.27	49.72	46.64	43.99	41.58	39.42	37.43	35.49	33.80	33.29	33.00	
105.00	99.01	94.01	89.18	84.38	79.60	75.00	70.49	66.26	62.46	58.78	55.21	51.66	48.29	45.12	42.38	39.77	37.87	36.02	34.37	33.20	33.00	
115.00	108.21	101.49	95.08	88.68	82.29	76.03	70.23	64.85	59.71	54.64	50.02	46.24	43.34	40.75	38.31	36.86	35.56	34.37	33.47	33.00	
123.00	114.06	105.84	98.78	91.77	85.20	79.19	73.64	68.29	63.08	58.05	53.34	48.92	44.92	41.34	37.78	35.04	33.17	32.00	31.04	30.63	30.27	30.04	30.00	
122.00	113.14	104.52	95.94	88.32	80.92	75.87	71.07	66.33	61.70	57.09	52.95	48.83	44.73	42.30	39.97	37.66	35.54	33.85	32.69	32.00	
110.00	103.23	96.91	90.71	84.73	78.76	74.15	69.67	65.21	60.93	57.00	53.51	50.04	46.83	44.08	41.53	39.05	36.69	34.58	33.00	31.58	30.45	30.00	
102.00	95.48	89.46	83.86	78.52	73.21	68.13	63.22	58.76	54.40	50.28	46.68	43.43	40.58	38.06	35.62	33.59	31.67	29.92	28.96	28.46	28.00	
105.00	98.60	92.62	86.71	80.89	76.19	71.60	67.10	62.81	58.52	54.44	50.80	47.73	44.97	42.68	40.44	38.28	36.59	35.03	33.56	32.16	31.00	
116.00	109.79	103.61	97.52	91.92	86.63	81.36	76.14	71.24	66.39	61.69	57.43	53.53	49.80	46.15	42.82	40.01	37.33	34.76	32.30	30.65	29.38	29.00	
106.00	99.16	92.40	86.04	80.02	74.58	69.26	64.84	60.48	56.30	52.58	49.14	45.84	42.80	39.91	37.60	35.46	33.82	32.52	31.40	30.43	30.00	
117.00	110.97	105.15	99.37	93.59	88.16	83.29	78.57	74.09	69.65	65.25	60.93	56.71	52.90	49.20	45.61	42.35	39.15	37.09	35.68	34.58	33.50	33.06	33.00	
118.00	109.50	101.85	94.77	87.77	81.28	74.87	68.58	63.39	58.46	53.89	49.36	45.84	42.77	39.72	37.41	35.97	34.73	33.52	32.62	31.86	31.14	31.00	
114.00	106.29	99.04	92.49	86.30	80.29	74.63	69.05	63.81	58.98	54.81	50.67	46.62	42.75	39.54	36.52	34.50	32.51	31.11	29.86	28.86	28.14	28.04	28.00	
119.00	111.49	104.00	97.10	90.47	83.90	77.41	70.99	65.77	61.26	57.07	52.91	49.35	45.83	42.58	39.57	36.61	33.81	32.39	31.72	31.30	31.00	
112.00	104.15	96.95	89.75	82.75	76.01	70.22	64.60	58.99	54.68	50.45	46.86	43.40	39.96	36.60	34.09	32.68	31.69	30.77	29.94	29.13	28.46	28.00	
110.00	104.08	98.21	92.34	86.98	81.68	76.73	71.93	67.18	62.53	57.99	53.60	49.23	45.26	41.94	38.80	36.83	35.01	33.38	32.22	31.14	30.46	30.17	30.00	
119.00	108.19	97.65	87.50	78.28	70.14	63.03	56.30	51.68	47.56	44.21	41.08	38.04	35.48	33.77	32.81	31.84	31.00	30.18	29.47	29.00	
114.00	104.79	95.84	87.43	79.75	73.56	67.86	62.41	57.24	52.29	47.54	43.95	40.44	37.40	34.36	32.73	31.26	29.98	28.73	28.09	28.00	
103.00	96.94	90.90	84.90	79.01	73.32	68.46	63.63	59.95	56.31	52.91	49.86	46.82	43.96	41.25	39.01	36.90	35.19	33.85	32.54	31.62	31.23	31.00	
107.00	100.52	94.11	88.59	83.10	77.77	72.48	67.36	62.43	57.73	53.05	49.09	45.25	41.84	38.88	36.31	34.34	32.50	31.24	30.37	29.51	28.68	28.00	
108.00	100.91	93.91	87.09	80.70	74.74	69.18	63.88	59.24	54.70	50.54	46.84	43.23	39.71	36.39	33.75	32.28	31.00	30.18	29.37	29.00	
111.00	102.71	95.25	88.06	81.27	75.87	70.58	65.68	60.97	56.87	53.04	49.26	45.91	42.83	40.40	38.15	36.11	34.06	32.10	30.42	30.19	30.00	
116.00	108.32	100.83	93.70	86.69	79.73	74.41	69.51	65.14	61.22	57.82	54.50	51.68	48.88	46.35	43.87	41.73	39.64	37.71	36.08	34.47	33.49	33.18	33.00	
107.00	100.32	94.09	88.19	82.86	77.75	72.75	68.11	63.64	59.18	54.84	51.06	47.39	43.84	40.95	38.08	35.38	33.44	31.58	30.72	29.96	29.32	29.00	
108.00	101.39	94.79	88.54	82.77	77.01	71.25	66.15	61.44	56.96	53.02	49.76	46.65	43.57	40.88	38.53	36.18	34.44	33.83	33.28	33.00	
111.00	103.77	96.85	90.42	84.18	78.85	73.64	68.82	64.53	60.51	56.65	52.84	49.47	46.23	43.32	40.65	38.08	35.79	33.74	32.35	30.98	30.06	29.52	29.00	
102.00	95.98	89.98	84.36	78.86	73.46	68.10	62.81	57.77	53.43	49.88	46.52	43.38	40.36	37.95	36.31	34.68	33.82	32.99	32.21	31.46	31.00	
111.00	103.77	96.60	89.65	82.96	77.02	71.42	66.10	60.96	56.03	51.74	47.82	44.24	41.84	39.76	37.70	36.22	35.04	33.86	33.15	33.00	
122.00	114.71	107.57	100.77	94.39	88.32	82.68	77.32	72.33	67.54	63.03	58.82	54.85	51.07	47.46	44.07	41.00	38.22	35.48	33.25	31.34	30.11	29.10	29.00	
114.00	105.22	98.14	91.07	84.47	78.02	72.16	66.32	60.66	55.18	50.97	47.56	44.18	40.83	38.55	36.42	35.09	34.02	33.40	33.04	33.00	
121.00	112.90	104.93	97.19	90.37	83.62	77.04	70.57	64.15	59.00	53.94	49.59	45.35	41.17	38.45	36.37	34.43	32.81	31.41	30.18	29.53	29.00	
101.00	95.29	89.66	84.16	78.87	74.44	70.14	65.84	61.75	58.04	54.40	50.83	47.40	44.12	41.11	38.50	36.35	34.48	32.84	31.29	30.00	
107.00	101.20	95.76	90.95	86.57	82.21	78.00	73.86	69.97	66.12	62.29	58.76	55.24	51.86	48.58	45.54	42.69	39.98	37.60	35.40	34.01	32.67	31.65	31.00	
115.00	105.27	95.58	87.82	80.88	74.33	67.79	61.42	56.07	51.91	48.05	45.43	43.02	40.86	38.93	37.26	35.80	34.55	33.65	33.03	32.51	32.00	
104.00	96.32	90.28	84.30	78.34	72.92	67.77	63.31	58.96	55.05	51.19	47.79	44.91	42.29	39.71	37.88	36.43	35.15	34.26	33.56	32.88	32.35	32.01	32.00	
116.00	107.06	98.23	89.50	81.81	74.17	66.97	60.47	54.42	48.45	42.66	37.60	35.51	33.83	32.53	31.25	30.10	29.70	29.33	29.12	29.00	
121.00	112.45	104.19	96.05	89.57	83.48	77.66	72.47	67.29	62.21	57.14	53.09	49.30	45.56	42.16	39.73	37.84	36.39	35.13	33.97	32.93	32.19	32.00	
113.00	106.57	100.21	93.95	87.69	81.49	75.39	69.47	63.80	59.19	55.08	51.26	48.05	44.96	41.98	39.64	37.41	35.33	33.37	31.98	31.20	30.48	30.00	
112.00	104.82	98.02	91.37	84.82	79.30	73.90	68.65	63.41	58.39	53.40	49.47	46.02	42.58	39.98	37.58	35.77	34.69	33.76	33.07	32.48	32.00	
109.00	103.52	98.09	92.83	87.71	82.83	78.00	73.25	68.56	64.21	60.35	56.51	52.81	49.36	45.99	42.97	40.09	37.97	36.35	34.93	33.58	33.00	
117.00	109.97	103.23	96.72	90.42	84.40	78.67	73.38	68.09	63.03	58.06	53.45	49.55	45.68	42.16	39.27	36.99	35.05	33.74	32.51	31.28	30.58	30.00	
115.00	106.62	99.48	92.50	85.53	78.61	71.96	65.83	59.88	54.34	49.61	44.88	40.38	36.44	32.65	30.96	29.36	28.59	28.29	28.03	28.00	
121.00	110.17	100.95	92.39	84.45	76.55	69.24	63.06	57.09	51.72	46.60	43.02	39.51	36.37	33.81	31.84	30.55	29.26	28.36	28.10	28.00	
119.00	111.49	104.09	96.79	90.25	83.80	77.42	71.28	66.07	60.92	55.95	51.00	46.87	43.41	40.44	37.70	35.16	32.64	31.00	29.44	28.68	28.14	28.00	
115.00	107.94	101.52	95.18	88.97	82.84	77.39	72.03	67.20	63.00	58.85	55.28	51.87	48.62	45.81	43.50	41.41	39.32	37.25	35.65	34.32	33.76	33.29	33.00	
101.00	92.84	84.74	76.85	69.35	63.76	58.53	53.52	48.80	44.09	40.37	37.24	35.74	34.63	33.60	32.64	31.79	31.01	30.36	29.71	29.13	29.00	
116.00	107.78	99.72	91.73	84.49	78.69	73.61	68.82	64.27	60.11	56.01	51.92	48.09	44.41	40.74	37.78	35.03	33.34	31.70	30.37	29.13	28.51	28.00	
110.00	103.80	97.63	91.51	85.60	79.96	74.57	69.36	64.75	60.23	56.20	52.33	48.84	45.37	41.92	38.50	35.85	34.19	32.58	31.24	30.16	30.07	30.00	
122.00	113.08	104.84	97.30	90.17	83.66	78.25	72.86	67.60	62.61	58.05	53.62	49.37	45.79	42.28	38.81	35.77	33.01	30.66	29.23	29.00	
103.00	96.96	91.21	85.66	80.54	75.49	70.73	65.97	61.29	56.71	53.15	49.60	46.15	43.46	40.95	38.90	37.45	36.07	34.70	33.63	32.72	32.32	32.04	32.00	
116.00	108.90	102.68	96.67	90.84	85.11	79.65	74.21	68.88	64.16	59.72	55.59	52.13	48.74	45.66	42.82	40.42	38.07	36.31	34.81	33.67	32.89	32.41	32.00	
121.00	112.62	104.41	96.33	89.04	82.36	76.04	70.23	64.78	60.35	56.04	52.14	48.63	45.19	41.84	39.78	37.97	36.21	34.91	33.68	32.73	31.86	31.00	
121.00	112.57	104.38	97.17	90.05	82.98	77.67	72.61	67.60	62.74	58.76	54.84	51.23	47.84	44.70	41.96	39.67	37.50	35.34	33.81	33.00	
114.00	105.75	97.52	90.00	82.69	75.50	68.54	63.45	58.68	53.99	49.79	46.00	42.41	39.19	36.37	35.08	33.97	33.02	32.48	32.08	32.00	
113.00	104.22	96.08	87.96	79.96	73.83	67.72	62.92	58.19	53.53	50.49	47.58	44.76	42.28	40.19	38.39	36.74	35.16	34.08	33.12	32.46	32.00	
115.00	107.27	100.21	93.26	86.41	80.16	74.79	69.67	64.59	59.52	55.09	50.84	46.98	43.45	40.08	37.33	34.73	33.10	31.62	30.75	29.96	29.47	29.17	29.00	
104.00	97.61	91.68	86.04	80.96	75.89	70.87	65.97	61.13	56.57	52.49	48.42	44.93	41.78	38.76	36.62	34.53	33.50	32.66	31.83	31.12	31.00	
123.00	114.53	106.16	97.79	89.47	81.44	73.88	66.61	59.87	55.70	51.80	47.98	44.51	41.30	38.11	36.13	34.76	33.48	32.52	31.56	31.17	31.06	31.00	
112.00	103.32	95.51	88.62	81.75	74.94	68.52	62.18	56.65	51.51	46.71	42.54	38.60	35.95	34.79	34.04	33.32	32.86	32.47	32.21	32.00	
122.00	114.17	106.40	99.55	92.81	86.26	80.12	74.34	68.70	63.39	58.13	54.89	51.80	48.98	46.43	43.91	41.47	39.13	37.08	35.05	33.65	32.54	31.57	31.00	
117.00	110.02	103.32	96.76	90.39	84.33	78.28	72.28	67.32	62.74	58.25	53.86	49.50	45.65	42.34	39.50	37.29	35.77	34.45	33.44	32.59	31.92	31.43	31.00	
121.00	114.08	107.17	100.27	93.68	87.56	81.60	75.99	70.40	64.91	59.53	54.36	49.30	44.68	40.42	36.57	33.89	31.44	29.63	28.79	28.00	
123.00	115.41	108.74	102.44	96.15	89.95	84.26	78.81	74.26	69.95	65.69	61.58	57.81	54.04	50.75	47.57	44.64	41.76	39.15	36.59	35.56	34.63	33.78	33.00	
103.00	96.94	90.98	85.13	79.71	75.01	70.38	65.83	61.60	57.43	53.27	49.25	45.35	41.92	38.72	35.60	33.56	32.27	31.14	30.37	30.00	
123.00	112.82	102.83	95.11	87.64	81.26	75.71	70.20	65.68	61.38	57.14	53.00	49.02	45.70	42.55	39.75	37.55	36.20	35.36	34.78	34.24	33.72	33.35	33.00	
110.00	102.08	94.62	87.20	80.80	74.86	69.04	63.41	58.86	54.93	51.45	48.79	46.20	43.62	41.04	38.52	36.11	33.75	31.88	31.26	31.00	
119.00	111.67	104.63	97.92	92.56	87.22	81.93	76.75	71.91	67.14	62.50	58.11	53.76	50.24	46.94	43.65	40.99	38.43	36.23	34.04	31.96	30.26	28.79	28.00	
103.00	96.06	89.28	83.72	78.67	73.65	68.65	63.76	59.53	55.65	51.90	48.58	45.34	42.60	39.90	37.34	34.83	33.45	32.37	31.60	31.00	
108.00	101.99	96.13	90.56	85.26	80.56	76.16	71.81	67.52	63.39	59.59	55.92	52.45	49.27	46.55	43.86	41.41	39.74	38.19	36.78	35.41	34.08	33.00	
103.00	96.63	90.30	84.02	78.84	73.82	68.81	63.84	59.48	55.23	51.71	48.24	45.36	42.49	39.93	37.46	35.14	32.95	31.90	31.18	31.01	31.00	
117.00	110.45	104.17	98.31	92.65	87.02	81.43	75.90	70.78	65.82	61.03	56.47	52.17	48.05	43.97	39.93	37.20	34.88	32.59	31.38	30.19	29.57	29.00	
116.00	109.31	102.63	96.07	89.60	83.39	77.24	71.15	65.14	59.97	55.03	50.62	46.60	43.52	40.45	37.48	34.91	32.67	31.34	30.13	29.35	29.00	
112.00	105.45	98.97	92.72	86.55	80.90	75.36	70.04	64.85	59.67	54.59	50.49	46.48	43.22	40.11	37.41	34.72	32.45	30.70	29.83	29.00	
114.00	106.91	100.47	94.29	88.27	82.40	76.99	72.03	67.56	63.14	59.18	55.30	51.56	48.16	45.01	41.96	39.02	36.42	34.31	32.84	31.43	30.89	30.38	30.00	
119.00	110.41	103.96	97.86	91.78	85.82	80.06	74.35	68.90	63.51	58.89	54.58	50.59	47.36	44.26	41.49	39.09	37.02	35.47	33.99	33.18	33.00	
107.00	100.03	93.10	87.04	81.04	75.36	70.17	65.46	61.12	56.99	53.35	50.51	47.77	45.18	42.82	40.53	38.48	36.72	35.31	33.92	32.60	31.68	31.04	31.00	
105.00	98.22	91.86	85.60	79.61	73.73	68.20	63.09	58.43	54.25	50.61	47.29	44.43	42.05	39.88	37.92	36.01	34.73	33.51	32.49	31.62	30.81	30.15	30.00	
112.00	104.99	98.13	91.83	86.40	80.97	75.58	70.42	65.32	60.72	56.38	52.53	49.09	45.71	42.36	39.40	37.26	35.17	33.65	32.46	31.52	30.73	30.00	
121.00	113.29	105.81	98.65	92.12	85.80	79.67	73.56	67.74	62.04	56.45	50.94	46.98	43.53	40.20	37.18	34.96	33.21	31.82	30.58	30.26	30.00	
105.00	97.97	91.30	85.73	80.28	75.08	69.92	64.77	60.24	55.91	51.60	47.45	44.72	41.99	39.58	37.80	36.16	34.59	33.09	32.08	32.03	32.00	
102.00	96.08	90.30	84.78	79.37	74.23	69.11	64.08	59.64	55.41	51.70	48.18	45.13	42.20	39.32	37.13	34.96	33.49	32.13	30.93	30.23	29.55	29.00	
107.00	101.32	95.70	90.08	84.52	78.97	73.84	69.12	64.56	60.00	56.12	52.35	48.82	45.32	41.92	38.97	36.11	33.98	32.76	31.95	31.19	30.50	30.11	30.00	
123.00	114.90	106.81	98.82	91.16	83.89	76.95	70.68	64.62	59.40	54.86	50.65	46.45	43.03	39.91	37.45	35.36	33.36	31.49	30.65	30.30	30.02	30.00	
105.00	97.43	90.52	84.03	77.97	72.41	67.77	63.67	59.76	55.98	52.40	48.88	46.04	43.27	40.76	38.40	36.66	35.21	33.78	33.29	33.11	33.00	
118.00	110.46	103.01	95.91	89.14	82.67	76.33	70.37	64.47	58.81	53.45	48.20	43.18	39.80	37.34	35.13	33.27	32.35	31.54	30.92	30.32	30.00	
120.00	112.88	105.97	99.15	92.50	85.94	79.73	73.80	68.02	62.65	57.36	52.50	48.79	45.26	42.05	39.53	37.34	35.18	34.20	33.32	33.00	
113.00	105.83	98.79	91.79	84.91	78.44	72.19	66.40	61.56	57.23	53.22	49.49	46.05	43.55	41.13	39.05	37.04	35.36	33.75	32.16	30.91	30.01	30.00	
101.00	93.61	86.44	80.52	75.21	69.95	65.02	60.11	56.30	52.56	49.11	45.80	42.88	41.00	39.22	37.55	36.16	35.00	34.07	33.31	33.11	33.00	
103.00	97.40	91.98	86.64	81.32	76.19	71.43	66.86	62.44	58.44	54.94	51.72	48.65	45.63	42.75	40.32	38.01	35.87	33.78	31.96	30.17	29.00	
113.00	105.83	98.92	92.32	85.72	79.30	72.93	67.74	62.59	57.96	53.53	49.28	45.44	42.49	39.82	37.52	35.63	34.21	32.95	32.25	32.02	32.00	
103.00	97.72	92.55	87.41	82.32	78.10	74.03	69.96	66.03	62.12	58.23	54.41	51.04	47.74	44.48	41.28	38.48	35.71	33.86	32.86	32.09	31.47	31.01	31.00	
121.00	111.60	102.36	94.39	86.52	79.05	71.69	65.31	59.73	54.26	49.49	45.15	42.11	39.22	37.34	35.51	33.84	32.25	31.03	30.24	29.78	29.36	29.00	
101.00	94.80	89.27	84.12	79.00	74.10	69.25	64.56	60.12	56.06	52.26	48.48	44.75	41.46	39.10	36.96	35.41	34.17	33.10	32.17	31.43	30.79	30.35	30.00	
116.00	108.59	101.45	94.68	87.91	81.42	75.08	68.92	63.97	59.41	55.04	50.74	46.72	43.45	40.53	38.40	36.49	34.74	33.19	31.67	30.24	30.00	
105.00	98.34	92.17	86.14	80.42	75.14	69.88	64.87	60.18	56.13	52.63	49.14	45.84	42.84	39.95	37.38	35.51	33.76	32.40	31.22	30.06	28.93	28.17	28.00	
105.00	98.53	92.09	85.83	79.85	74.25	69.19	64.40	59.93	55.59	51.43	47.34	43.62	40.30	37.97	35.77	34.26	32.95	31.82	30.86	30.06	29.31	29.00	
102.00	95.19	88.39	82.29	76.43	70.69	65.17	60.58	56.38	53.01	50.04	47.45	44.94	42.61	40.29	38.14	36.53	35.43	34.59	33.93	33.32	32.82	32.38	32.00	
112.00	104.97	98.32	92.80	87.30	82.05	76.95	72.00	67.35	62.77	58.47	54.68	51.26	48.06	45.03	42.21	39.58	37.08	35.02	33.76	32.79	32.12	31.46	31.00	
122.00	113.89	106.03	98.63	91.76	85.00	78.31	71.86	66.15	60.45	55.33	50.25	46.04	41.94	38.00	35.46	33.65	32.14	30.66	29.80	29.00	
122.00	113.19	104.85	96.58	88.88	81.20	73.90	67.08	60.69	55.62	50.79	46.32	44.06	42.02	40.44	38.94	37.53	36.29	35.33	34.52	33.86	33.43	33.00	
104.00	98.51	93.05	87.62	82.57	77.82	73.16	68.62	64.21	60.25	56.67	53.37	50.12	47.28	44.96	42.66	40.41	38.24	36.28	34.84	33.86	32.99	32.20	32.00	
119.00	109.23	100.22	91.30	82.43	75.24	68.84	62.59	56.40	50.60	47.23	43.90	41.64	39.48	37.57	36.00	34.70	33.80	33.51	33.25	33.08	33.00	
115.00	106.11	97.89	89.82	82.41	76.30	70.89	65.87	60.91	56.17	51.92	47.82	43.99	40.36	36.96	34.35	32.69	31.14	29.70	28.68	28.00	
109.00	101.48	94.09	87.34	81.28	75.54	70.16	64.92	59.69	54.85	50.64	46.58	42.57	39.38	37.03	35.46	34.17	32.92	32.24	31.58	31.28	31.12	31.00	
121.00	112.29	105.40	98.66	92.04	85.80	79.69	73.62	67.91	62.39	57.15	52.40	48.79	45.64	42.93	40.23	37.71	35.80	34.03	33.27	32.57	32.04	32.00	
105.00	99.21	93.67	88.30	83.05	77.85	72.91	68.90	64.90	61.21	57.74	54.67	51.82	49.26	46.73	44.24	42.03	40.04	38.42	36.87	35.63	34.45	33.61	33.00	
107.00	100.26	93.67	88.47	83.40	78.61	74.03	69.62	65.32	61.03	56.78	52.79	48.90	45.10	41.32	38.00	35.01	32.65	30.86	29.27	28.00	
118.00	109.17	101.06	93.31	85.88	79.54	73.35	67.43	62.01	56.95	52.20	48.33	45.24	42.33	39.45	36.75	34.43	32.42	30.56	28.89	28.00	
114.00	107.47	101.12	94.96	88.82	83.14	77.64	72.22	66.98	62.01	57.66	53.95	50.81	48.00	45.18	42.60	40.10	38.14	36.49	35.02	33.84	33.33	33.14	33.00	
101.00	95.19	89.48	83.99	79.04	74.23	69.78	65.65	62.00	58.37	54.89	51.44	48.21	45.41	43.02	40.72	38.61	36.50	34.50	32.91	32.12	32.00	
109.00	102.93	97.01	91.19	85.42	79.92	74.59	69.32	64.35	59.83	55.92	52.10	48.35	45.15	42.77	40.52	38.38	36.62	35.03	33.94	33.00	
112.00	105.47	99.14	92.98	87.04	81.57	76.31	71.49	66.95	62.56	58.33	54.41	50.72	47.39	44.94	42.55	40.54	38.61	37.02	35.70	34.40	33.29	32.57	32.00	
119.00	110.14	101.51	93.70	87.28	80.92	74.74	69.76	65.05	60.76	56.58	52.48	48.60	44.76	41.08	37.70	34.46	32.51	31.69	31.33	31.00	
113.00	104.91	97.16	89.95	82.76	75.57	68.88	62.82	57.70	53.42	49.55	46.16	42.98	40.04	37.16	34.30	31.64	29.70	28.95	28.49	28.10	28.00	
113.00	105.98	99.10	92.56	86.13	79.84	73.90	68.69	63.60	58.72	54.49	50.34	46.23	42.52	38.97	36.34	33.72	32.61	31.53	31.00	30.48	30.08	30.00	
120.00	112.30	104.73	97.64	90.75	84.32	78.01	72.07	66.26	61.51	57.43	53.60	50.05	46.88	43.76	40.79	37.89	35.16	33.81	32.73	32.04	32.00	
101.00	95.24	89.78	84.48	79.24	74.08	69.30	64.69	60.35	56.01	51.92	48.34	45.17	42.00	39.67	37.84	36.19	34.95	34.03	33.25	32.73	32.38	32.11	32.00	
107.00	101.34	95.93	91.10	86.33	81.63	77.31	73.11	69.06	65.13	61.44	57.84	54.46	51.22	48.23	45.61	43.00	40.80	38.72	36.79	35.17	34.19	33.34	33.00	
103.00	95.83	89.12	82.72	76.51	70.86	65.68	61.37	57.56	54.37	51.38	48.66	46.01	43.38	40.96	38.66	36.37	34.29	32.76	31.37	30.15	29.08	29.00	
118.00	110.74	104.00	97.44	91.00	84.59	78.37	73.21	68.20	63.27	58.38	53.87	49.40	45.63	42.08	38.67	35.68	33.05	31.53	30.63	30.00	
123.00	111.79	101.86	92.59	83.95	76.06	70.80	65.80	60.84	57.00	53.37	49.78	46.25	42.88	40.20	37.81	35.65	33.49	31.35	29.48	29.00	
105.00	99.72	94.47	89.30	84.21	79.20	74.30	69.42	64.54	59.67	55.33	51.52	47.79	44.36	41.24	38.43	35.90	33.80	32.43	31.32	30.50	29.69	29.31	29.00	
121.00	114.10	107.29	100.90	94.83	89.04	83.73	78.48	73.32	68.27	63.31	58.48	53.71	49.01	44.68	40.47	37.10	34.42	31.90	30.07	29.11	29.00	
123.00	113.70	104.46	95.75	89.68	84.18	78.91	74.08	69.28	64.52	59.77	55.19	50.82	47.18	44.00	40.85	37.99	35.51	33.21	32.27	31.53	31.00	
113.00	106.82	100.75	94.89	89.10	83.37	77.65	72.74	68.04	63.53	59.53	55.58	51.77	48.52	45.31	42.15	39.11	36.38	33.99	31.73	29.86	28.59	28.00	
116.00	107.27	98.95	91.21	83.47	75.79	68.36	61.66	55.74	50.40	46.70	43.15	40.30	37.55	35.07	33.14	31.54	30.69	29.90	29.40	29.00	
109.00	101.38	94.64	87.93	81.28	75.00	69.27	63.64	59.28	55.27	51.51	48.69	46.19	43.79	41.42	39.62	37.91	36.65	35.72	34.86	34.05	33.52	33.00	
106.00	99.41	92.95	86.72	80.59	74.78	69.18	63.80	59.37	55.30	51.30	47.62	44.35	41.32	38.82	36.57	34.66	33.25	31.93	31.47	31.00	
105.00	98.24	91.96	85.70	79.65	74.49	69.84	65.24	60.94	56.95	53.18	49.72	46.46	43.38	40.78	38.32	35.94	33.59	31.48	30.35	29.38	28.65	28.14	28.00	
109.00	102.00	95.49	89.28	83.08	76.97	70.89	64.91	59.26	54.59	50.50	46.54	43.18	40.48	38.02	36.57	35.19	33.85	32.85	31.98	31.28	31.06	31.00	
114.00	106.97	100.15	93.68	87.28	81.37	75.87	70.98	66.36	61.82	57.51	53.51	49.63	46.06	43.40	40.86	38.36	35.87	33.40	31.06	29.00	
121.00	111.26	102.13	94.44	87.04	80.87	74.83	69.29	64.01	59.33	55.61	51.98	48.76	45.66	42.63	40.20	38.09	36.54	35.02	33.82	33.17	33.00	
111.00	104.01	97.03	90.15	83.67	77.19	71.31	65.58	60.06	54.54	50.20	46.60	44.00	41.64	39.57	38.05	36.62	35.58	34.61	33.69	33.15	33.01	33.00	
118.00	108.69	99.59	91.35	83.38	76.05	69.04	62.13	56.49	51.27	47.33	44.04	41.32	39.39	37.92	36.58	35.73	34.90	34.27	33.78	33.37	33.00	
116.00	109.52	103.13	97.02	90.92	84.99	79.08	73.17	67.33	61.94	57.58	53.27	49.00	44.77	41.40	38.55	36.42	34.45	32.53	31.42	30.57	30.00	
101.00	92.57	84.30	77.81	71.36	66.17	61.29	56.45	52.37	48.56	44.85	42.34	40.07	37.93	36.33	35.17	34.64	34.14	33.69	33.33	33.00	
107.00	101.28	95.98	90.78	85.73	80.94	76.39	71.89	67.61	63.49	59.52	55.65	52.03	48.76	45.66	42.62	39.79	37.29	35.11	33.23	32.04	31.00	
110.00	104.26	98.59	92.93	87.30	81.72	76.36	71.42	67.10	62.96	59.02	55.21	51.45	48.48	45.89	43.42	41.29	39.16	37.14	35.16	33.24	31.69	30.21	30.00	
120.00	110.47	101.35	92.43	86.04	79.73	73.83	68.32	62.92	57.57	53.00	49.81	46.75	43.93	41.15	38.56	36.75	35.21	33.92	33.17	33.00	
110.00	103.39	96.99	90.67	84.35	78.09	71.85	66.52	61.78	57.32	53.80	51.21	48.63	46.56	44.60	42.70	40.83	39.03	37.32	35.82	34.77	34.14	33.55	33.00	
115.00	106.51	98.72	92.16	86.00	80.40	75.02	70.25	65.73	61.42	57.59	54.02	50.62	47.23	43.97	40.80	38.17	35.63	33.57	31.93	30.92	30.40	30.00	
102.00	95.30	89.36	83.68	78.79	73.90	69.05	64.30	59.65	55.43	51.49	47.81	44.27	41.29	38.81	36.38	34.06	32.21	30.96	29.79	29.23	29.00	
111.00	101.81	92.68	85.18	78.48	72.56	67.48	62.59	58.58	55.13	51.94	48.95	46.13	43.49	41.08	38.67	36.79	35.12	34.30	33.61	33.17	33.00	
115.00	108.73	102.69	97.01	91.35	86.29	81.36	76.72	72.11	67.51	63.17	58.88	54.93	51.24	47.63	44.05	41.01	38.25	35.74	34.04	33.43	32.84	32.34	32.00	
108.00	100.74	94.24	88.15	82.59	77.30	72.39	67.48	62.58	58.45	54.57	50.70	46.90	43.68	40.46	37.89	36.54	35.33	34.35	33.42	32.54	31.76	31.00	
101.00	94.87	89.13	83.57	78.33	73.49	68.81	64.38	60.10	55.83	52.20	48.60	45.02	41.98	39.22	37.16	35.38	33.75	32.15	30.83	29.86	29.00	
117.00	108.30	100.00	91.70	83.68	75.83	68.44	62.40	56.44	50.87	47.16	43.56	40.44	37.39	35.60	34.09	33.22	32.50	32.18	32.04	32.00	
101.00	94.02	87.64	81.54	76.01	70.51	65.14	59.80	55.35	50.95	47.18	43.83	40.68	37.82	35.14	33.20	31.93	30.77	30.02	29.40	29.00	
103.00	97.18	91.64	86.24	80.91	75.93	71.16	66.50	62.24	58.22	54.57	51.17	47.84	44.93	42.19	39.90	38.02	36.23	34.78	33.44	32.40	32.17	32.00	
102.00	95.77	89.58	84.48	79.51	74.98	70.81	66.78	62.99	59.32	56.17	53.13	50.15	47.31	44.50	41.86	39.29	37.35	35.67	34.28	33.13	32.10	31.21	31.00	
123.00	115.46	107.94	101.18	95.03	88.98	83.07	77.90	72.78	68.14	63.67	59.45	55.56	51.72	48.20	45.00	41.89	39.33	37.28	35.75	34.55	33.78	33.04	33.00	
107.00	98.58	91.24	83.93	77.06	70.76	64.75	59.58	54.96	50.54	46.30	42.98	40.57	38.18	35.87	34.37	32.89	31.65	30.48	30.11	30.00	
104.00	96.40	89.02	82.40	76.32	70.78	65.73	61.51	57.52	53.65	49.93	46.29	42.74	40.04	37.39	35.54	34.08	32.82	31.63	31.13	30.77	30.48	30.22	30.00	
122.00	114.00	106.36	98.74	91.56	84.86	78.89	73.11	67.41	61.81	56.71	52.19	48.43	45.04	41.96	38.95	36.34	34.07	32.13	30.22	28.68	28.04	28.00	
116.00	108.66	101.85	95.13	88.43	82.02	75.70	69.44	63.58	57.96	53.08	48.71	45.32	41.96	39.20	36.48	34.11	32.53	31.17	29.99	29.00	
104.00	97.37	91.45	85.93	80.60	75.79	71.03	66.41	61.86	57.65	53.92	50.31	46.83	43.78	40.88	38.57	36.39	34.88	33.40	32.22	31.24	30.43	30.16	30.00	
120.00	111.90	103.91	96.53	90.17	84.10	78.79	73.58	68.75	63.94	59.25	54.84	51.11	48.33	45.84	43.49	41.36	39.36	37.44	35.60	34.00	32.42	31.00	
103.00	95.61	88.85	82.75	76.98	71.56	66.75	62.33	58.13	54.29	50.56	46.94	43.43	40.18	37.15	35.05	33.28	31.53	30.80	30.29	30.00	
119.00	111.10	103.25	95.46	87.77	80.84	74.39	68.47	63.14	57.83	53.54	49.75	46.14	42.62	39.79	37.29	35.00	32.80	30.89	29.16	29.03	29.00	
109.00	100.00	91.89	83.83	76.95	70.81	64.88	59.72	55.58	51.83	48.27	45.13	42.09	39.11	36.30	34.00	33.38	32.87	32.37	32.03	32.00	
112.00	103.21	94.60	87.31	80.92	74.82	69.27	64.09	59.07	54.28	49.48	45.50	41.62	39.09	36.92	34.74	32.91	31.44	30.19	29.54	29.13	29.00	
113.00	105.92	98.92	93.24	87.59	81.98	76.71	72.03	67.46	63.53	59.63	55.79	52.18	48.63	45.24	41.91	38.67	35.76	33.24	30.86	29.41	28.38	28.00	
103.00	97.53	92.16	86.82	81.77	77.11	72.87	68.87	64.98	61.28	57.60	53.96	50.52	47.15	43.92	40.75	38.36	36.08	33.92	32.17	30.90	30.07	30.00	
121.00	112.62	105.88	99.30	93.16	87.37	81.67	76.05	70.88	65.76	60.77	55.78	50.96	46.68	43.15	39.84	36.96	34.61	33.20	31.98	30.85	30.01	29.34	29.00	
113.00	105.91	99.06	92.98	86.96	82.02	77.36	72.85	68.35	63.98	59.79	55.72	51.65	47.86	44.66	41.76	39.25	36.75	34.72	33.20	32.28	31.61	31.08	31.00	
106.00	100.40	94.80	89.37	84.12	79.19	74.48	69.79	65.39	61.33	57.39	53.53	49.78	46.30	42.89	40.00	37.44	35.20	33.14	31.39	29.98	28.68	28.00	
107.00	100.54	94.40	88.28	82.20	76.99	71.89	67.21	62.93	58.69	54.51	50.45	47.00	43.66	40.68	38.12	35.82	34.40	33.13	32.21	31.40	31.17	31.00	
104.00	97.61	91.88	86.67	81.48	76.34	71.50	66.68	61.93	57.69	53.50	49.38	45.72	42.20	38.72	35.52	33.03	32.02	31.09	30.21	29.41	29.03	29.00	
109.00	101.94	95.22	89.01	82.86	76.87	71.11	65.65	60.34	56.19	52.39	49.17	46.42	43.86	41.51	39.30	37.37	35.63	34.00	32.55	31.59	31.00	
121.00	113.97	106.95	99.96	93.00	86.10	79.43	73.30	67.68	62.40	57.46	53.08	48.72	44.41	41.40	39.01	36.98	35.00	33.84	32.70	31.89	31.42	31.00	
112.00	103.56	95.93	89.14	82.50	76.31	70.28	64.31	58.39	54.17	51.09	48.02	45.23	42.64	40.17	37.75	35.33	33.39	31.66	30.27	29.29	29.00	
108.00	101.46	94.98	88.79	82.68	76.64	70.73	65.16	59.69	55.19	51.30	47.73	44.36	41.28	38.52	36.86	35.63	34.75	34.08	33.48	33.00	
106.00	97.92	90.82	83.94	77.18	70.62	64.22	58.05	52.09	47.80	44.68	41.90	39.29	36.86	35.03	33.38	31.89	30.69	29.77	28.96	28.31	28.09	28.00	
101.00	95.75	90.50	85.61	80.77	76.08	71.70	67.44	63.34	59.56	55.84	52.17	48.74	45.55	42.57	39.60	37.31	35.76	34.35	33.17	31.98	31.15	31.05	31.00	
107.00	100.23	93.83	87.51	81.45	75.48	69.64	63.93	58.74	54.11	50.00	46.76	43.74	40.74	38.11	35.95	34.32	33.31	32.53	31.89	31.33	31.00	
120.00	112.87	106.09	99.47	93.13	86.81	80.74	75.03	69.52	64.08	59.23	55.04	51.66	48.52	45.42	42.46	39.73	37.00	34.66	32.46	31.00	
123.00	114.73	106.56	98.81	91.16	84.73	78.57	72.54	68.00	63.83	59.86	55.94	52.14	48.56	45.72	43.36	41.13	39.03	37.11	35.76	34.43	33.44	33.00	
103.00	97.42	91.84	86.28	80.97	75.76	70.73	65.85	61.48	57.34	53.28	49.49	46.03	42.64	39.51	37.19	35.00	33.40	32.46	31.65	31.00	
115.00	108.65	102.65	96.65	90.70	84.83	79.26	74.03	68.82	64.16	59.58	55.19	51.34	47.63	44.26	41.63	39.03	36.56	34.87	33.36	32.17	31.38	31.00	
121.00	113.46	106.02	98.70	91.63	84.58	77.90	71.67	65.94	60.62	55.34	50.27	47.03	44.00	41.01	38.78	37.22	36.01	35.14	34.27	33.52	33.18	33.00	
112.00	104.03	96.26	88.95	82.41	75.91	69.59	63.48	58.06	52.80	48.26	44.40	40.63	38.01	36.15	34.49	32.96	31.67	30.55	30.15	30.00	
105.00	98.33	91.70	85.18	78.82	72.90	67.34	62.08	57.79	53.89	50.17	46.67	43.17	40.30	37.78	35.59	33.44	31.47	29.50	28.40	28.07	28.00	
104.00	98.35	92.90	87.89	83.01	78.71	74.41	70.49	66.68	62.88	59.51	56.61	53.82	51.14	48.54	45.96	43.55	41.16	39.30	37.65	36.13	34.87	33.71	33.00	
117.00	106.35	95.80	88.37	82.27	76.30	70.69	65.85	61.11	56.40	52.31	48.54	44.94	41.54	38.26	35.77	33.56	31.46	29.71	28.69	28.00	
108.00	101.49	95.30	89.40	83.81	78.44	73.19	68.02	63.75	59.72	55.83	52.49	49.66	47.12	44.95	42.92	40.92	38.98	37.59	36.25	35.02	33.90	33.23	33.00	
103.00	96.96	91.00	85.59	80.59	75.94	71.31	66.74	62.42	58.13	54.05	50.07	46.10	43.21	40.62	38.27	36.16	34.56	33.24	31.94	30.82	29.72	28.80	28.00	
108.00	102.18	96.67	91.22	85.82	80.47	75.29	70.69	66.11	62.16	58.28	54.44	50.89	47.45	44.18	41.04	38.05	36.23	34.78	33.38	32.12	31.37	31.18	31.00	
116.00	105.71	97.41	89.34	81.94	75.99	70.23	65.81	61.78	57.76	53.76	49.98	46.22	42.95	39.80	37.27	34.94	33.49	32.18	31.08	30.18	29.32	29.02	29.00	
103.00	94.80	87.33	80.82	74.48	68.18	62.31	57.85	53.84	50.60	47.53	44.54	41.82	39.28	37.18	35.81	34.76	33.77	32.79	32.37	32.00	
103.00	98.26	93.80	89.42	85.04	80.72	76.60	72.55	68.64	64.86	61.42	58.04	54.73	51.52	48.51	45.52	42.70	40.05	37.61	35.31	33.81	33.00	
111.00	103.77	96.83	89.98	83.67	77.72	72.39	67.71	63.17	58.95	54.92	50.92	48.34	45.78	43.27	40.90	38.56	36.24	34.18	32.28	30.39	29.50	28.61	28.00	
103.00	97.06	91.16	85.46	79.79	74.27	68.77	64.07	59.82	56.11	52.56	49.29	46.31	43.50	40.99	38.60	36.47	34.40	32.36	30.88	29.60	28.80	28.10	28.00	
119.00	112.14	105.34	98.94	92.84	87.13	81.53	76.02	70.71	65.72	61.26	56.82	52.51	48.35	44.57	41.56	38.60	35.80	33.20	31.52	30.17	29.44	29.00	
109.00	102.90	96.87	91.17	85.74	80.45	75.19	69.98	64.99	60.35	55.74	51.42	47.09	43.14	40.52	38.01	36.04	34.78	33.61	32.51	31.73	31.00	
123.00	115.65	108.54	101.47	95.50	89.60	84.02	78.53	73.17	68.01	63.23	58.68	54.17	50.16	46.43	43.05	40.43	37.99	36.19	34.68	33.78	33.28	33.00	
116.00	109.52	103.13	97.10	91.22	85.37	80.01	74.76	69.51	64.45	60.16	56.19	52.41	48.63	45.55	42.60	39.97	37.34	34.76	33.14	31.58	30.48	29.44	29.00	
105.00	98.78	92.67	86.71	80.84	75.21	69.63	64.15	59.10	54.30	49.76	45.56	42.26	39.29	36.90	35.26	33.73	32.21	30.86	29.67	29.00	
106.00	98.29	91.31	85.33	79.43	73.62	68.05	62.60	57.78	53.00	48.81	45.33	42.29	39.90	37.70	36.39	35.22	34.13	33.27	32.48	32.05	32.00	
103.00	97.03	91.33	85.71	80.22	74.76	70.12	65.56	61.04	57.57	54.34	51.16	48.34	45.59	43.13	41.17	39.31	37.77	36.38	35.49	34.74	34.02	33.46	33.00	
102.00	91.88	83.93	77.10	70.75	64.54	59.49	54.53	49.88	46.16	43.17	40.52	38.14	35.80	33.71	32.15	30.74	29.85	29.46	29.12	29.00	
111.00	104.64	98.41	92.81	87.81	82.90	78.09	73.45	68.89	64.74	60.62	56.63	52.76	49.23	45.82	42.51	39.60	36.73	34.31	32.53	31.14	30.05	30.00	
112.00	103.44	95.36	88.24	81.45	75.67	69.93	64.63	59.81	55.56	52.05	48.82	45.61	42.79	39.98	37.20	34.99	33.56	32.74	32.10	32.00	
107.00	99.01	91.94	85.19	78.70	72.88	67.51	62.75	58.82	54.91	51.03	47.71	45.20	42.82	40.57	38.41	36.65	35.06	33.60	32.16	31.21	30.48	30.07	30.00	
120.00	112.36	104.74	97.41	90.11	83.39	77.80	72.82	68.19	63.68	59.19	54.74	51.02	47.36	44.25	41.15	38.25	35.84	34.00	32.54	32.08	32.00	
122.00	113.39	105.07	97.30	89.70	82.45	75.54	70.19	65.23	61.11	57.27	53.74	50.51	47.51	44.82	42.16	39.66	37.38	35.24	33.19	31.29	30.17	29.17	29.00	
113.00	105.80	98.72	91.65	85.23	79.48	74.16	68.89	63.67	58.67	53.89	49.54	45.95	42.61	39.26	37.51	35.82	34.41	33.03	32.33	32.00	
113.00	106.08	99.18	93.05	87.21	81.45	75.80	70.36	65.00	60.52	56.77	53.04	49.39	46.06	43.15	40.31	38.19	36.70	35.37	34.14	33.29	32.71	32.25	32.00	
121.00	113.71	106.69	99.72	93.04	86.39	79.99	74.22	68.52	63.21	59.15	55.15	51.55	47.96	44.50	41.18	38.65	36.22	34.45	32.95	31.64	30.61	29.65	29.00	
108.00	101.50	95.19	88.93	82.87	77.04	71.25	65.81	60.84	56.78	52.86	49.01	46.02	43.06	40.38	37.84	35.50	34.07	32.66	31.29	30.46	30.07	30.00	
111.00	102.12	93.27	84.98	78.67	73.03	67.60	62.20	56.86	52.35	48.53	44.93	42.09	39.41	37.43	36.20	35.02	33.95	33.01	32.33	32.00	
103.00	97.03	91.21	85.42	79.83	74.86	69.96	65.39	60.96	56.66	52.58	48.67	45.30	42.63	40.67	38.80	37.12	35.91	34.76	33.80	32.85	32.00	
123.00	113.92	104.88	95.87	86.95	79.14	71.45	65.69	60.61	55.63	51.06	47.24	44.12	41.21	38.56	36.14	34.40	33.01	31.81	31.41	31.08	31.00	
104.00	96.92	90.29	83.91	77.83	72.32	67.13	62.32	57.89	53.54	49.42	45.50	42.07	38.75	36.04	33.94	32.47	31.15	30.59	30.26	30.08	30.00	
108.00	100.71	93.52	86.75	80.20	74.59	69.14	63.99	59.23	55.46	51.83	48.25	45.38	42.58	40.15	38.09	36.03	34.38	32.85	31.40	30.30	29.69	29.33	29.00	
106.00	98.80	92.17	85.54	79.45	73.37	67.43	62.57	58.20	54.00	50.36	47.12	43.89	41.04	38.40	36.09	33.89	31.71	29.90	28.95	28.06	28.00	
109.00	102.02	95.78	89.88	84.06	78.38	73.16	68.44	64.06	60.03	56.02	52.24	48.78	45.40	42.33	39.78	38.10	36.46	35.04	33.79	33.36	33.09	33.00	
107.00	100.50	94.00	87.63	82.17	76.84	71.84	67.14	62.72	58.67	54.91	51.49	48.54	45.70	42.86	40.32	37.87	35.58	33.30	31.12	30.45	30.00	
123.00	115.31	107.63	100.46	93.32	86.48	79.85	73.21	67.31	61.51	56.67	52.14	47.81	43.74	39.98	37.56	35.15	33.15	31.37	31.17	31.00	
107.00	98.38	92.50	87.36	82.26	77.17	72.39	67.62	62.97	58.63	55.47	52.51	49.68	46.92	44.24	41.77	39.59	37.48	35.57	34.05	32.59	32.00	
115.00	105.51	96.41	88.04	80.53	73.49	67.34	61.56	56.49	51.58	47.20	43.27	40.79	38.39	36.01	33.74	31.86	30.33	28.84	28.08	28.00	
121.00	110.78	100.71	90.81	82.80	74.91	68.39	62.73	57.12	52.63	48.20	44.35	40.55	36.75	34.37	32.26	31.12	30.20	29.64	29.09	29.00	
120.00	111.87	103.95	96.62	89.48	82.85	77.28	72.04	67.04	62.35	57.89	53.55	50.14	47.02	44.24	42.04	39.86	37.72	36.03	34.53	33.23	32.48	32.00	
119.00	111.89	104.80	97.97	91.24	85.05	78.94	73.19	67.83	62.79	57.92	53.78	49.99	46.24	42.68	39.68	36.74	35.11	33.66	33.02	33.00	
113.00	104.26	96.16	88.68	82.26	76.01	70.04	64.34	58.75	54.67	51.10	48.08	45.33	42.82	40.41	38.10	36.34	34.78	33.36	32.24	32.00	
101.00	90.69	81.34	72.66	65.20	58.58	53.33	49.18	45.27	41.57	38.88	36.34	33.93	32.96	32.01	31.11	30.37	29.66	28.99	28.41	28.00	
114.00	107.41	101.06	94.82	88.64	83.36	78.45	73.70	69.22	64.84	60.97	57.19	53.52	49.89	46.64	43.45	40.47	37.66	35.01	32.55	30.44	29.51	28.59	28.00	
108.00	100.13	92.33	84.94	77.66	70.57	64.48	59.90	56.01	52.36	49.06	45.87	42.96	40.35	38.49	36.71	35.02	33.34	31.76	30.39	29.09	28.43	28.19	28.00	
111.00	104.84	98.77	92.95	87.33	81.93	77.07	72.36	68.44	64.53	60.90	57.51	54.13	50.78	47.45	44.30	41.35	38.45	36.35	34.89	33.83	32.83	32.14	32.00	
123.00	114.63	106.71	99.11	91.56	84.12	76.95	70.17	63.60	57.08	51.28	47.23	43.80	40.91	38.84	37.06	35.53	34.40	33.82	33.36	33.00	
107.00	101.03	95.26	89.78	84.38	79.57	74.81	70.17	65.56	61.38	57.56	53.83	50.48	47.77	45.33	42.89	40.56	38.37	36.23	34.26	32.36	31.13	30.34	30.00	
107.00	101.09	95.36	89.67	84.16	78.68	74.27	69.93	65.71	61.54	57.71	53.93	50.19	46.72	43.56	40.49	38.03	35.72	34.15	33.49	32.88	32.43	32.00	
123.00	113.62	104.90	96.39	88.45	81.46	74.49	68.37	63.12	58.00	53.13	48.66	44.37	40.30	36.48	33.54	31.71	30.40	29.61	29.02	28.56	28.19	28.00	
109.00	102.52	96.05	89.67	83.84	78.05	72.27	67.02	62.18	57.79	53.60	50.03	46.92	44.45	42.08	39.81	37.57	35.34	33.81	32.32	32.00	
102.00	94.89	88.62	82.72	77.11	72.38	67.82	63.38	59.00	55.09	51.44	47.91	44.71	42.03	39.47	37.00	34.88	32.93	31.98	31.37	31.18	31.00	
105.00	94.35	84.00	74.21	67.88	62.36	56.92	52.44	48.41	44.82	42.36	40.39	38.56	36.90	35.39	34.01	33.09	32.36	32.08	32.03	32.00	
119.00	110.03	101.46	93.71	87.02	80.69	75.07	69.83	64.68	59.81	55.12	50.50	46.44	42.92	39.86	37.59	35.50	33.62	32.77	32.31	32.00	
111.00	104.89	98.97	93.48	88.09	82.80	77.84	73.14	68.48	63.92	59.67	55.45	51.50	47.60	43.89	41.48	39.29	37.26	35.78	34.75	33.76	33.31	33.00	
110.00	103.09	96.46	90.00	84.28	78.56	72.88	67.31	62.65	58.36	54.58	50.93	47.29	43.98	40.83	37.71	34.80	32.49	31.41	30.55	29.91	29.34	29.00	
112.00	104.03	96.39	88.87	81.59	74.70	68.15	62.14	56.83	51.97	48.36	44.80	42.07	40.06	38.08	36.16	34.56	33.66	32.90	32.23	32.00	
104.00	96.02	88.09	80.98	74.61	68.45	62.30	57.48	52.74	48.16	44.12	40.26	37.44	34.89	32.93	31.09	29.43	28.92	28.48	28.13	28.00	
103.00	96.09	89.75	83.93	78.58	73.64	69.05	64.59	60.32	56.21	52.49	48.82	45.77	42.85	40.03	37.70	35.63	33.64	32.55	31.89	31.41	31.00	
113.00	103.35	94.07	85.23	77.05	69.69	63.59	57.90	52.47	47.53	43.09	39.93	37.97	36.03	34.45	32.97	31.63	30.43	29.41	29.14	29.00	
115.00	103.72	95.27	88.57	82.04	76.69	71.36	66.33	62.02	57.88	54.39	50.98	47.64	44.81	42.43	40.12	38.18	36.28	34.71	33.73	33.22	33.00	
107.00	99.40	92.94	86.61	80.70	74.98	69.40	64.19	59.18	55.13	51.33	47.83	44.88	42.46	40.05	38.03	36.02	34.03	32.74	31.55	30.60	29.80	29.33	29.00	
121.00	112.63	104.47	96.67	89.37	83.35	78.24	73.29	68.56	63.87	59.55	55.38	51.35	47.90	44.57	41.61	38.67	35.79	34.07	32.54	31.24	30.18	30.00	
103.00	96.46	91.11	85.86	80.72	76.08	71.73	67.44	63.34	59.45	55.57	51.73	48.48	45.27	42.62	40.41	38.26	36.25	34.47	32.88	31.43	30.20	29.00	
103.00	97.20	91.67	86.19	81.00	75.82	70.89	66.76	62.63	58.62	54.82	51.15	47.93	44.85	42.26	39.69	37.27	35.19	33.16	31.17	29.49	29.00	
101.00	94.27	87.68	82.59	77.67	73.24	68.89	64.81	61.49	58.21	55.30	52.60	49.95	47.53	45.12	42.72	40.34	38.18	36.22	34.68	33.39	32.19	31.21	31.00	
121.00	112.27	104.21	97.40	91.40	85.45	79.56	73.68	68.43	63.27	58.29	54.23	50.46	47.13	43.90	40.77	37.70	35.08	33.94	32.93	32.00	
114.00	105.22	96.95	89.01	81.39	74.45	67.81	61.36	56.90	52.46	48.23	44.56	41.36	39.14	37.30	35.89	34.75	33.89	33.38	32.94	32.53	32.19	32.00	
113.00	103.61	95.92	88.94	82.53	76.31	70.50	65.59	60.84	56.13	51.70	47.47	44.05	40.92	37.89	35.29	33.77	33.12	32.53	32.05	32.00	
114.00	107.22	100.77	94.72	88.86	83.01	77.25	72.06	66.94	62.10	57.83	53.67	49.52	45.91	42.33	39.02	36.25	33.54	31.61	30.45	29.45	28.54	28.02	28.00	
103.00	95.51	88.05	81.03	75.05	69.46	63.94	59.68	55.94	52.37	49.52	46.75	44.00	41.32	38.84	37.06	35.54	34.44	33.71	33.49	33.29	33.11	33.00	
117.00	109.34	101.73	94.32	87.21	80.14	73.38	67.69	62.76	57.89	53.20	49.21	45.33	41.55	38.09	34.94	32.20	29.96	28.98	28.29	28.00	
113.00	104.63	96.89	89.34	81.91	75.74	69.64	63.78	59.37	55.44	51.71	48.13	44.85	42.13	39.87	37.70	35.84	34.10	33.11	32.21	32.07	32.00	
117.00	110.01	103.37	97.06	90.83	85.69	80.59	75.49	70.77	66.35	62.02	58.09	54.36	51.04	48.15	45.31	42.75	40.26	37.79	35.65	34.53	33.92	33.37	33.00	
118.00	111.23	104.62	98.08	91.57	85.32	80.14	74.98	69.92	65.71	61.60	57.98	54.71	51.71	48.79	45.93	43.08	40.39	37.74	35.64	33.94	32.83	32.04	32.00	
117.00	110.29	104.14	98.22	92.59	87.03	81.48	75.95	70.61	65.43	60.62	55.89	51.28	47.02	43.43	40.73	38.15	35.75	34.29	32.94	32.51	32.16	32.04	32.00	
103.00	95.70	88.66	81.79	75.16	68.70	63.48	58.45	53.89	49.87	46.27	42.96	39.66	37.03	34.87	32.75	31.23	30.04	28.97	28.56	28.25	28.00	
113.00	105.80	98.82	92.37	85.94	79.90	74.65	69.77	65.07	60.39	55.99	51.96	47.97	44.15	40.64	37.69	34.91	33.13	31.42	30.18	29.33	28.59	28.00	
120.00	111.27	103.05	95.17	87.89	80.84	74.20	67.64	61.92	56.56	51.99	47.59	43.35	39.88	36.53	34.59	33.21	32.42	31.75	31.16	31.02	31.00	
107.00	100.56	94.20	87.94	81.69	75.81	70.00	64.36	58.99	54.15	49.44	45.37	41.57	38.39	35.25	33.89	32.66	31.49	30.33	29.51	28.89	28.36	28.00	
116.00	108.91	101.94	95.06	88.22	81.86	75.79	70.06	64.83	59.76	54.80	50.64	46.61	42.83	39.13	36.69	34.95	33.22	31.92	30.89	30.00	
101.00	94.41	88.28	82.25	76.42	71.00	66.36	62.05	58.03	54.09	50.69	47.90	46.07	44.24	42.45	40.86	39.39	37.97	36.82	35.69	34.82	34.07	33.40	33.00	
105.00	99.47	93.96	88.53	83.14	78.71	74.31	69.91	65.62	61.52	57.72	54.04	50.98	47.98	45.11	42.42	40.11	37.87	35.82	34.36	33.20	32.09	31.25	31.00	
108.00	100.89	93.86	87.64	82.56	77.74	73.19	68.74	64.61	61.37	58.63	55.92	53.31	50.79	48.30	45.97	43.69	41.47	39.43	37.44	35.47	34.08	33.26	33.00	
103.00	97.64	92.80	87.99	83.56	79.19	74.83	70.63	66.51	62.49	58.53	54.90	51.45	48.14	44.94	42.26	39.72	37.41	35.44	33.48	32.27	31.13	30.07	30.00	
122.00	113.09	104.34	95.92	87.64	79.50	71.96	64.84	58.03	52.37	47.10	42.22	38.84	35.68	33.38	32.15	31.33	30.60	30.10	30.01	30.00	
109.00	102.81	96.81	90.87	85.04	79.33	73.65	68.13	63.07	58.10	53.34	48.89	44.87	41.24	38.68	36.13	34.04	31.97	30.68	29.51	28.57	28.28	28.03	28.00	
121.00	112.66	105.34	98.14	91.28	84.75	78.75	73.12	67.61	62.71	57.92	53.17	49.16	45.37	41.82	39.19	36.84	34.56	32.33	30.67	29.33	28.00	
110.00	104.26	98.58	92.89	87.64	82.49	77.40	72.38	67.39	62.50	57.98	53.63	49.58	45.84	42.17	39.06	36.87	34.90	33.16	31.85	30.77	30.09	30.00	
114.00	106.67	99.43	92.44	85.64	79.20	73.07	68.46	63.88	59.46	55.37	51.51	48.01	44.62	41.32	38.14	35.56	33.54	32.79	32.04	32.01	32.00	
107.00	98.69	90.96	83.32	75.84	69.73	63.70	58.81	54.22	50.27	46.66	43.49	40.77	38.16	35.71	33.91	32.34	31.33	30.31	29.64	29.09	29.00	
104.00	98.43	92.93	87.43	81.99	76.71	71.55	66.60	61.67	57.65	53.84	51.22	48.81	46.48	44.45	42.42	40.43	38.59	36.99	35.53	34.09	33.29	33.00	
103.00	96.82	90.99	85.16	79.39	73.85	68.53	63.42	58.69	54.87	51.06	47.76	44.47	41.87	39.40	37.04	34.75	32.68	30.63	28.90	28.23	28.00	
119.00	112.26	105.93	99.65	93.43	87.49	82.09	76.93	71.87	66.85	61.90	57.11	52.52	49.23	46.25	43.87	41.56	39.35	37.14	35.36	33.84	32.34	32.12	32.00	
117.00	107.29	98.52	90.33	83.08	76.44	70.87	65.97	61.58	57.22	53.24	49.36	46.04	42.97	40.22	37.50	35.10	32.94	31.33	30.24	29.21	28.33	28.00	
110.00	103.05	96.59	90.38	84.31	78.55	72.99	67.60	62.94	59.02	55.12	51.22	47.39	44.32	41.55	38.83	36.24	33.79	31.90	30.80	30.10	29.39	29.18	29.00	
117.00	110.15	103.43	97.34	91.42	85.53	79.92	74.78	70.28	66.16	62.41	58.68	55.06	51.54	48.10	45.06	42.12	39.39	36.78	34.72	33.77	33.00	
123.00	113.15	105.70	98.97	92.48	86.06	80.20	74.64	69.74	65.41	61.18	57.22	53.39	49.60	45.87	42.16	39.10	36.46	35.02	34.32	33.65	33.00	
115.00	105.67	97.67	89.98	82.31	75.24	68.37	62.25	56.56	51.47	46.44	43.02	39.82	37.09	35.44	34.06	32.82	31.61	31.30	31.08	31.00	
116.00	109.01	102.55	96.11	90.00	83.90	77.89	71.91	66.40	61.20	56.28	51.78	48.03	44.45	40.89	37.44	35.81	34.43	33.16	32.17	31.51	31.00	
122.00	113.66	106.09	98.85	91.74	85.08	78.75	73.05	67.50	62.35	57.61	53.11	49.01	45.30	41.83	39.08	37.21	35.66	34.41	33.53	33.00	
115.00	107.26	99.69	92.17	85.91	79.68	73.51	67.82	62.43	57.89	53.34	49.29	45.64	42.13	38.84	36.81	35.01	34.21	33.51	32.87	32.32	32.00	
117.00	109.36	101.82	94.50	87.92	81.73	75.65	69.87	64.97	60.25	55.82	51.50	47.58	43.91	40.52	37.64	35.25	33.10	31.30	29.51	28.78	28.23	28.06	28.00	
107.00	98.95	91.20	84.55	78.01	72.09	66.79	61.70	56.83	53.19	49.85	46.64	43.52	41.17	38.89	36.61	34.69	33.13	31.68	30.75	30.03	30.00	
103.00	95.50	89.33	83.28	77.45	71.65	66.17	61.15	56.69	52.65	48.96	45.48	42.18	39.80	37.73	36.12	34.62	33.37	32.40	31.47	30.69	30.00	
120.00	110.96	101.99	93.67	86.48	79.62	73.05	66.62	60.92	55.24	50.07	46.15	43.30	40.51	37.82	35.61	33.86	32.73	32.31	32.02	32.00	
118.00	110.72	103.52	96.83	90.30	83.95	77.79	71.67	65.84	60.14	55.03	50.23	45.81	41.38	37.88	35.78	34.17	32.89	32.21	31.60	31.02	31.00	
112.00	104.25	96.51	88.86	81.25	73.81	66.74	61.62	57.26	53.09	49.21	45.42	41.71	38.74	36.34	34.20	32.61	31.43	30.72	30.13	30.00	
114.00	104.34	95.08	86.41	78.41	72.21	66.03	60.44	54.89	49.92	45.39	41.18	37.84	34.84	31.84	30.60	29.47	28.69	28.33	28.11	28.00	
108.00	99.81	91.82	84.19	76.57	70.16	63.78	57.57	53.19	49.37	45.78	42.75	40.63	38.60	36.60	34.68	33.37	32.20	31.73	31.36	31.00	
105.00	98.15	91.55	85.32	79.20	73.87	68.65	63.70	58.81	54.48	50.49	46.74	43.02	40.06	37.20	34.62	32.61	31.46	30.47	29.64	29.00	
116.00	109.66	103.36	97.20	91.33	86.16	80.99	75.96	71.11	66.36	61.61	57.37	53.30	49.87	46.56	43.48	40.57	38.17	35.84	33.88	31.92	30.30	28.95	28.00	
109.00	102.93	96.93	90.97	85.12	79.32	74.14	69.01	63.98	59.10	54.76	51.19	47.74	44.61	42.04	40.18	38.73	37.29	35.86	34.59	33.67	33.33	33.00	
110.00	104.23	98.65	93.27	87.95	82.70	77.52	72.37	67.26	62.68	58.58	54.69	50.93	47.46	44.63	42.17	39.73	37.44	35.18	33.50	32.04	30.85	30.00	
119.00	111.08	103.64	96.73	90.46	84.54	78.62	72.74	67.27	61.96	57.53	53.34	49.34	45.63	42.00	38.40	36.32	35.02	33.96	32.98	32.30	31.64	31.00	
118.00	111.78	105.70	99.77	93.87	89.05	84.38	79.71	75.05	70.40	65.81	61.37	56.95	53.43	49.93	46.69	43.84	41.41	39.09	36.86	34.89	33.01	32.00	
103.00	95.04	88.69	82.99	77.71	72.44	67.21	62.33	57.69	53.56	49.79	46.20	43.05	40.39	38.03	36.11	34.40	32.86	31.34	30.36	29.41	28.53	28.10	28.00	
113.00	105.81	98.65	91.61	85.54	79.47	74.02	68.78	64.02	59.43	54.99	50.84	47.73	44.67	42.09	39.59	37.11	34.71	32.52	31.16	29.86	29.05	28.30	28.00	
113.00	106.21	99.49	92.85	86.30	80.09	74.00	68.17	63.03	58.41	53.96	49.73	45.96	42.76	40.33	37.90	35.64	33.83	32.12	30.78	29.51	29.27	29.07	29.00	
103.00	97.04	91.42	86.05	80.88	75.79	70.73	65.74	60.87	56.66	53.13	50.01	46.99	44.09	41.40	39.53	38.05	36.59	35.16	33.84	32.81	32.27	32.00	
107.00	101.06	95.24	89.65	84.17	78.77	73.49	68.23	63.55	59.55	55.89	52.34	48.82	45.33	42.71	40.52	38.51	36.53	34.84	33.52	32.40	32.12	32.02	32.00	
120.00	112.94	106.19	99.61	93.62	87.62	81.67	75.98	70.67	65.51	60.37	55.26	50.24	45.84	41.73	37.90	35.22	33.69	32.36	31.07	30.23	29.53	29.00	
103.00	96.67	90.46	84.55	78.84	73.24	67.63	62.90	58.24	53.81	49.76	46.00	42.73	39.80	36.95	35.25	33.60	32.23	31.17	30.32	30.11	30.00	
112.00	105.07	98.50	92.14	86.21	80.44	75.17	69.97	65.21	61.18	57.28	53.47	49.91	46.46	43.07	40.15	37.24	34.34	32.34	30.72	30.22	30.00	
103.00	96.02	89.45	83.89	78.87	73.97	69.08	64.29	60.18	56.08	52.89	49.82	46.77	43.97	41.25	38.81	36.82	34.85	32.95	31.06	29.61	28.93	28.37	28.00	
104.00	97.90	91.93	86.51	81.23	76.33	71.67	67.28	63.55	59.86	56.43	53.04	49.68	47.25	45.11	43.10	41.10	39.17	37.42	35.75	34.56	33.75	33.24	33.00	
106.00	99.34	93.03	86.98	81.10	75.60	70.63	65.84	61.10	56.51	52.71	49.64	46.65	43.77	41.22	38.80	36.40	34.08	32.37	30.83	29.80	28.82	28.00	
104.00	97.74	91.97	86.92	82.07	77.32	72.81	68.36	64.03	59.76	55.68	51.72	48.15	44.97	41.84	39.35	37.51	35.82	34.24	32.69	31.16	29.63	28.58	28.00	
121.00	113.11	105.68	98.44	91.42	84.66	78.63	72.76	67.82	63.07	58.97	55.06	51.26	47.65	44.83	42.58	40.37	38.48	36.86	35.32	33.80	32.53	32.00	
121.00	113.18	105.56	98.22	91.45	85.29	79.24	73.91	69.01	64.45	60.35	56.31	52.28	48.37	44.83	42.11	39.51	37.25	35.84	34.59	33.50	32.70	32.14	32.00	
111.00	104.28	97.74	91.35	85.43	79.55	74.02	68.58	63.31	58.47	53.97	49.82	46.08	42.45	39.12	36.16	33.56	31.51	30.03	28.91	28.25	28.00	
107.00	99.22	91.69	85.55	79.56	74.54	69.65	64.82	60.20	55.94	51.93	48.44	45.10	42.17	39.32	36.49	34.30	32.16	31.39	31.19	31.00	
112.00	105.60	99.79	94.05	88.44	82.82	77.47	72.15	67.05	62.02	57.48	53.28	49.43	45.62	42.40	39.30	36.29	33.95	32.68	31.42	30.41	30.00	
101.00	94.83	88.74	83.09	77.50	72.24	67.29	62.38	57.78	54.22	50.81	47.48	44.83	42.17	39.72	38.11	36.58	35.28	34.05	33.72	33.42	33.15	33.00	
104.00	97.41	91.16	84.99	79.11	73.25	67.54	61.83	56.88	52.13	47.57	43.34	39.69	36.89	34.29	32.19	31.21	30.34	29.51	29.12	29.00	
107.00	97.94	89.33	81.19	73.85	66.76	60.46	54.22	48.21	44.44	41.78	39.40	37.86	36.44	35.22	34.01	32.93	32.29	31.81	31.37	31.15	31.00	
120.00	111.63	103.64	96.43	89.65	83.17	76.83	70.96	66.05	61.74	57.61	53.48	49.62	46.20	43.68	41.23	38.96	36.94	35.01	33.32	32.14	32.00	
104.00	97.46	91.34	85.50	79.89	74.70	69.73	64.91	60.40	56.06	51.93	48.14	44.74	41.79	38.88	36.49	34.41	33.36	32.32	31.50	31.00	
111.00	105.00	99.28	93.77	88.33	83.10	78.03	73.18	68.37	63.60	59.19	55.02	51.08	47.62	44.28	41.21	38.42	37.00	35.63	34.36	33.68	33.00	32.33	32.00	
111.00	104.70	98.62	93.32	88.12	83.30	78.70	74.16	69.82	65.85	62.12	58.58	55.06	51.86	48.86	45.95	43.14	40.86	38.67	36.53	34.79	33.85	33.31	33.00	
108.00	98.86	90.43	82.03	75.27	68.93	62.64	57.06	52.51	49.15	46.15	43.21	40.72	38.23	36.26	34.32	32.62	30.94	29.68	29.09	29.05	29.00	
109.00	102.23	95.59	89.01	82.94	76.96	71.76	66.59	61.52	57.32	53.44	49.69	46.19	43.42	41.59	39.78	38.08	36.44	34.91	33.57	32.47	32.16	32.00	
112.00	104.67	97.89	91.21	84.62	78.46	72.86	67.75	62.68	57.64	52.71	48.75	45.10	41.87	39.35	37.00	35.03	33.26	31.78	30.40	30.00	
123.00	114.42	105.85	98.00	90.41	83.21	76.44	69.93	63.58	57.87	53.77	49.86	46.16	42.96	40.02	37.60	35.54	33.59	31.80	30.32	29.31	28.44	28.10	28.00	
119.00	109.85	100.89	93.17	86.70	80.47	74.73	69.62	64.76	60.19	55.78	52.61	49.74	47.12	44.51	42.08	39.77	37.59	35.49	34.12	33.35	33.01	33.00	
108.00	100.55	93.15	85.86	79.17	73.59	68.39	63.23	58.87	55.06	51.34	47.69	44.07	40.99	38.23	36.03	34.64	33.29	32.14	31.10	31.00	
105.00	97.17	89.92	83.05	76.52	70.15	64.46	59.93	55.42	50.99	46.91	43.73	40.62	37.62	35.70	33.85	32.83	32.27	31.78	31.36	31.16	31.00	
114.00	106.08	98.69	91.41	84.42	78.14	72.04	66.09	60.63	55.99	51.75	48.62	45.84	43.13	40.70	38.52	36.36	34.24	32.31	30.88	30.44	30.20	30.00	
121.00	112.75	104.63	96.54	88.68	81.18	73.74	67.21	60.94	55.62	50.41	45.63	42.14	39.50	37.73	36.04	35.15	34.43	33.76	33.44	33.15	33.00	
115.00	107.75	100.65	93.75	87.17	80.62	74.41	68.23	62.17	57.22	52.61	49.54	46.56	43.70	41.06	38.85	36.73	34.69	32.67	31.83	31.03	30.59	30.17	30.00	
110.00	102.70	96.01	89.59	83.57	77.76	72.22	67.19	62.56	58.04	54.27	50.85	47.47	44.11	40.91	38.36	35.91	34.10	32.34	30.81	30.00	
122.00	114.71	107.84	101.03	94.32	87.87	82.23	77.37	72.56	67.95	63.37	59.44	55.69	52.50	49.48	46.64	43.97	41.43	38.99	36.56	34.49	32.54	30.62	30.00	
121.00	114.04	107.32	100.75	95.25	89.80	84.54	79.39	74.32	69.42	65.12	61.01	57.01	53.43	49.92	46.49	43.30	41.39	39.50	37.85	36.27	34.72	33.18	33.00	
104.00	98.56	93.20	87.94	82.96	78.12	73.48	68.87	64.29	59.84	55.53	51.70	47.96	44.48	41.03	37.69	35.56	34.24	33.45	32.94	32.48	32.22	32.04	32.00	
104.00	96.18	88.76	81.95	75.65	70.01	64.97	61.01	57.20	53.61	50.38	47.29	44.64	42.02	39.99	38.04	36.09	34.31	33.06	31.84	30.67	29.66	29.14	29.00	
107.00	99.10	91.86	86.11	80.38	74.86	69.40	63.97	58.80	54.95	51.42	48.13	45.22	42.73	40.28	37.92	35.66	34.36	33.44	32.56	31.93	31.36	31.00	
120.00	112.11	104.30	96.61	89.13	81.70	75.09	68.94	62.82	56.84	52.26	48.12	45.63	43.16	40.79	38.80	36.84	35.11	33.42	32.18	31.14	30.20	30.00	
103.00	95.66	88.62	82.38	76.23	70.64	65.60	60.79	56.74	52.69	49.19	45.70	42.52	39.57	36.84	35.12	33.50	31.99	30.66	29.67	28.80	28.00	
121.00	113.16	105.36	98.11	91.58	85.14	78.96	73.23	67.56	62.52	58.20	54.26	50.58	47.39	44.45	41.51	38.63	36.09	34.14	33.19	32.55	32.11	32.00	
122.00	113.70	106.20	98.76	92.52	86.47	80.43	75.28	70.26	65.74	61.34	56.95	52.69	49.39	46.12	43.01	39.97	38.35	36.83	35.33	34.11	33.00	
114.00	107.68	101.43	95.38	89.39	83.42	77.86	72.73	67.64	62.63	58.25	53.91	49.76	45.71	42.14	39.08	36.22	33.50	30.97	29.87	29.00	
108.00	101.12	94.28	87.73	81.74	76.16	70.77	65.52	61.09	56.76	53.28	49.84	46.45	43.42	40.52	38.38	37.02	35.92	34.85	34.24	33.68	33.21	33.00	
116.00	108.10	100.46	93.05	85.91	79.24	72.83	66.80	61.51	57.15	53.29	49.48	46.13	43.16	40.52	38.29	36.27	34.42	32.72	31.12	29.99	29.34	29.14	29.00	
110.00	102.35	94.83	87.31	80.57	73.86	67.35	61.36	56.50	52.58	49.12	45.93	42.84	40.53	38.30	36.15	34.59	33.07	31.94	30.86	30.22	29.59	29.00	
113.00	105.84	99.17	93.19	87.25	81.58	76.14	70.74	65.73	61.02	56.83	52.92	49.21	46.10	43.32	41.39	39.65	38.05	36.67	35.31	33.95	32.92	32.00	
103.00	95.26	87.86	81.55	75.84	70.16	64.78	59.98	55.42	51.03	47.14	43.32	41.23	39.27	37.69	36.29	35.04	34.35	33.89	33.48	33.21	33.00	
115.00	107.12	99.42	92.39	85.76	79.91	74.21	69.23	64.34	59.64	54.96	50.52	46.27	42.36	40.04	38.03	36.53	35.06	33.98	33.20	33.00	
103.00	95.60	88.59	81.60	75.09	68.92	64.11	59.90	55.80	51.75	47.81	44.23	42.06	40.11	38.54	37.00	35.54	34.39	33.31	32.37	31.81	31.25	31.00	
118.00	110.15	102.78	95.73	89.06	82.95	76.92	71.56	66.75	62.01	57.46	53.20	49.37	45.71	42.27	38.88	36.46	34.30	32.44	30.59	28.98	28.19	28.08	28.00	
123.00	113.55	105.36	97.69	90.04	82.54	75.35	68.69	62.18	56.99	52.91	49.04	45.23	41.54	39.27	37.15	35.73	34.36	33.18	32.73	32.29	32.05	32.00	
114.00	107.46	101.04	94.73	88.51	83.12	77.88	72.90	68.30	63.70	59.20	55.17	51.41	47.67	44.39	41.98	39.79	37.79	35.87	34.08	32.89	32.14	32.00	
111.00	102.96	95.90	89.78	84.11	78.61	73.21	67.86	63.19	59.67	56.22	52.82	49.79	46.85	44.03	41.40	39.19	37.15	35.25	33.49	32.00	
120.00	111.23	103.16	96.13	89.30	82.96	76.79	70.69	64.79	59.36	54.88	50.56	46.32	43.47	41.11	38.87	36.76	34.92	34.00	33.20	32.67	32.39	32.12	32.00	
104.00	97.56	91.23	85.55	80.64	75.95	71.32	67.06	63.08	59.41	55.78	52.61	49.69	46.93	44.38	41.98	39.68	37.95	36.49	35.19	34.00	33.00	
122.00	113.21	105.52	97.88	90.51	83.43	76.46	69.59	63.75	58.73	53.98	49.26	44.91	42.12	39.40	36.87	34.79	32.76	30.84	29.76	29.19	29.00	
105.00	98.46	91.93	85.89	79.95	74.18	69.60	65.46	61.37	57.73	54.19	50.84	47.98	45.14	42.32	39.53	37.17	34.87	33.40	32.10	32.00	
117.00	109.32	102.25	95.29	88.61	82.47	76.76	71.83	67.12	62.49	58.03	53.78	49.59	45.55	42.23	38.94	36.03	33.37	31.12	29.37	29.00	
116.00	109.74	103.57	97.53	91.52	85.59	80.24	75.13	70.07	65.04	60.23	55.44	50.66	46.08	42.76	39.60	36.86	34.62	32.98	32.22	32.10	32.00	
123.00	115.29	107.99	101.04	94.93	89.24	83.56	78.00	72.52	67.77	63.03	58.29	53.69	50.03	46.49	43.28	40.07	37.69	35.96	34.46	33.19	32.00	
117.00	109.98	103.17	96.50	89.94	83.50	77.31	71.80	66.31	61.41	56.70	52.26	49.13	46.22	43.69	41.30	38.95	36.88	34.94	33.03	31.49	30.11	29.55	29.00	
118.00	109.86	101.78	94.57	87.60	81.71	76.19	71.16	66.29	61.48	56.78	52.27	47.84	43.49	40.74	38.31	36.09	34.17	32.65	31.19	30.32	30.00	
103.00	95.83	88.85	82.43	76.21	70.34	64.85	59.67	54.81	51.51	48.36	45.66	43.04	40.96	38.92	37.31	35.98	35.24	34.61	34.15	33.73	33.33	33.09	33.00	
119.00	111.19	103.46	95.90	88.56	81.46	74.45	67.50	61.80	56.49	51.24	47.67	44.17	41.03	38.09	35.59	33.21	31.84	30.58	29.67	29.00	
111.00	104.15	97.65	91.29	85.52	79.76	74.13	68.62	63.57	58.76	54.15	49.71	45.92	42.14	39.36	36.57	34.50	32.60	31.16	29.85	28.83	28.00	
104.00	98.05	92.22	86.64	81.24	76.29	71.44	66.69	62.06	57.47	53.09	49.75	46.86	44.08	41.46	39.01	36.73	34.70	32.92	31.24	29.82	28.75	28.00	
118.00	110.07	102.26	94.67	87.53	80.63	74.25	68.11	63.06	58.28	53.73	50.07	46.94	43.87	41.43	39.25	37.33	35.44	34.20	33.61	33.18	33.00	
104.00	93.70	83.82	76.28	69.30	62.35	57.89	53.44	49.87	46.98	44.14	41.65	39.30	37.48	35.77	34.10	33.14	32.31	31.52	30.86	30.21	30.00	
123.00	113.92	105.12	96.51	88.34	80.75	73.79	67.61	61.71	56.69	51.97	48.29	45.03	42.00	39.29	37.21	35.22	33.38	32.44	31.51	31.00	
115.00	106.84	99.18	92.49	86.08	79.71	73.86	68.51	63.40	58.43	54.81	51.32	47.94	44.61	42.00	39.58	37.30	35.22	33.43	31.75	30.24	29.07	29.01	29.00	
106.00	98.72	93.62	88.54	83.46	78.54	73.83	69.19	64.64	60.27	55.95	51.69	47.70	44.84	42.21	39.62	37.49	35.79	34.58	33.68	33.29	33.13	33.01	33.00	
103.00	97.37	92.48	87.69	83.10	78.99	74.90	70.96	67.10	63.28	59.47	55.93	52.51	49.61	46.87	44.25	41.66	39.67	37.90	36.22	34.60	33.68	33.00	
109.00	103.80	98.61	93.67	88.77	83.96	79.68	75.49	71.51	67.60	63.77	60.02	56.31	53.13	50.16	47.38	44.71	42.06	39.42	37.06	34.73	32.81	31.86	31.00	
123.00	114.72	106.64	98.85	91.15	84.01	76.93	70.88	65.14	59.62	54.12	49.39	45.36	41.70	38.45	35.75	33.54	31.83	30.14	29.02	28.00	
103.00	97.91	92.96	88.27	83.62	79.02	74.70	70.44	66.45	62.51	58.60	54.78	51.10	47.91	45.03	42.26	39.57	37.34	35.37	33.82	33.07	32.40	32.17	32.00	
122.00	112.50	103.83	95.18	86.63	78.67	70.99	64.57	58.68	54.46	50.39	47.28	44.43	41.63	39.15	36.79	34.66	32.89	31.15	29.57	29.33	29.12	29.00	
118.00	109.99	102.52	95.85	89.24	83.33	77.93	72.71	67.72	63.16	59.10	55.35	51.95	48.67	46.04	43.53	41.04	38.56	36.54	34.67	33.17	32.12	32.01	32.00	
111.00	102.54	94.67	87.11	79.95	73.46	68.31	63.27	59.27	55.70	52.36	49.29	46.40	44.07	41.78	39.77	37.79	35.99	34.20	33.43	33.00	
109.00	102.72	96.47	90.67	84.87	79.22	73.60	68.14	63.40	58.69	54.10	49.67	45.31	41.18	37.77	35.47	33.91	32.38	31.39	30.53	30.00	
118.00	110.00	102.77	95.62	88.86	82.22	75.84	69.47	63.22	57.50	51.81	46.57	43.05	39.55	37.11	35.55	34.46	33.37	32.42	31.76	31.30	31.07	31.00	
117.00	110.14	103.52	96.98	90.53	84.28	78.68	73.26	67.90	62.63	57.61	53.33	49.36	45.64	41.99	38.44	35.15	33.88	32.69	31.55	31.00	
115.00	106.26	97.91	89.91	82.13	76.86	71.73	66.81	62.49	58.38	54.27	50.19	46.48	43.06	40.17	37.79	35.86	34.35	32.85	31.66	30.54	29.62	29.00	
114.00	106.64	99.65	92.91	87.41	82.00	76.65	71.55	66.51	61.66	57.11	52.64	48.96	45.36	42.10	39.91	37.86	35.98	34.22	32.69	31.68	30.73	30.00	
118.00	107.60	97.29	87.05	77.19	68.29	60.56	53.74	48.18	43.07	38.98	35.21	33.65	32.38	31.42	30.57	29.82	29.18	28.64	28.10	28.00	
121.00	112.73	104.73	97.08	90.71	84.41	78.22	72.27	66.35	60.93	55.79	51.54	47.34	43.27	39.73	37.01	34.90	33.27	32.04	31.40	31.15	31.00	
112.00	104.23	96.49	89.54	83.56	77.74	72.59	67.43	62.67	58.10	53.76	49.84	46.85	44.53	42.24	40.20	38.54	36.91	35.44	34.07	33.06	32.33	31.60	31.00	
110.00	103.12	96.64	90.82	85.06	79.51	74.10	69.24	64.63	60.47	56.32	52.42	48.70	45.00	41.33	38.43	35.97	34.02	32.63	31.25	30.15	29.10	29.00	
102.00	94.10	86.48	79.09	72.39	66.24	60.81	56.43	52.22	48.20	45.16	42.43	40.12	38.01	35.96	34.28	32.77	31.58	30.59	29.71	29.38	29.16	29.00	
122.00	113.81	106.03	98.60	91.28	84.24	77.46	71.01	64.67	58.96	53.91	49.05	44.81	41.79	39.36	36.93	35.11	33.35	31.81	30.40	29.00	
111.00	104.29	98.11	92.04	86.31	80.78	75.48	70.22	65.22	60.29	55.49	50.74	46.29	43.02	40.09	37.51	35.78	34.33	33.42	33.16	33.00	
102.00	95.72	89.93	84.36	78.91	73.59	68.32	63.10	58.41	54.13	49.94	45.92	41.91	38.18	35.89	34.05	32.22	30.71	29.32	28.55	28.16	28.00	
107.00	100.06	93.77	87.51	81.32	75.19	69.10	64.65	60.50	56.42	52.74	49.14	46.69	44.27	41.97	40.24	38.69	37.25	35.98	34.84	33.77	32.92	32.19	32.00	
111.00	102.53	94.64	87.04	79.55	72.40	65.75	59.92	54.56	49.97	45.47	42.64	40.36	38.36	36.38	34.95	33.63	33.10	33.06	33.03	33.00	
112.00	105.51	99.10	92.97	86.91	81.07	75.55	70.82	66.64	62.61	58.69	54.84	51.13	47.91	44.93	41.98	39.40	37.76	36.12	35.14	34.18	33.52	33.00	
118.00	110.09	102.35	95.03	87.83	80.69	74.74	68.87	63.28	57.78	52.79	48.10	44.56	41.04	38.20	36.55	35.08	33.72	32.43	31.56	30.69	30.02	30.01	30.00	
103.00	96.86	90.82	84.80	78.86	73.00	67.66	62.35	57.80	53.59	50.71	47.95	45.25	42.74	40.62	38.55	36.65	34.88	33.14	31.73	31.00	
123.00	114.45	106.10	97.98	91.26	84.65	78.31	72.15	66.84	62.15	57.57	53.47	49.48	45.51	41.77	38.78	35.94	33.31	30.75	29.28	28.09	28.00	
113.00	104.98	97.09	89.27	81.70	75.16	69.51	64.75	60.07	56.37	52.69	49.12	45.87	42.85	40.36	38.26	36.19	34.25	32.33	31.42	30.52	30.14	30.00	
117.00	108.47	100.17	92.75	85.42	78.85	72.48	67.07	62.13	57.44	53.15	49.46	46.66	44.44	42.31	40.40	38.51	36.71	35.14	33.87	33.00	
112.00	105.07	98.27	92.00	85.89	80.41	75.28	70.46	66.19	62.04	58.24	54.47	51.13	47.85	44.88	42.31	39.86	37.59	35.75	34.15	33.47	33.00	
111.00	102.98	95.28	87.63	81.27	75.05	69.02	63.50	58.71	54.09	49.81	46.03	42.70	40.24	38.00	36.27	34.68	33.30	32.30	31.33	30.57	30.13	30.00	
112.00	104.30	96.81	89.56	83.25	77.63	72.72	67.90	63.30	59.31	55.64	52.09	48.84	45.62	42.64	39.83	37.27	34.76	32.37	31.61	30.90	30.41	30.00	
105.00	98.10	91.27	85.07	79.71	75.37	71.35	67.36	63.48	59.73	56.14	52.59	49.41	46.34	43.38	40.95	38.62	36.64	34.69	33.40	32.59	32.00	
113.00	104.43	96.34	88.36	80.77	73.81	68.16	63.21	58.52	54.07	50.28	46.79	43.35	40.70	38.08	36.98	36.09	35.21	34.53	33.90	33.44	33.15	33.08	33.00	
117.00	107.65	99.00	90.53	82.84	75.28	68.46	61.74	55.73	50.90	46.28	42.26	38.75	35.31	33.63	32.08	30.70	29.36	28.46	28.01	28.00	
108.00	100.60	93.37	87.54	81.91	76.63	72.33	68.52	64.78	61.16	57.81	54.54	51.48	48.48	45.97	43.72	41.54	39.43	37.47	35.55	33.65	31.95	30.65	30.00	
104.00	97.24	90.64	84.15	77.73	71.38	65.74	61.56	57.56	54.15	50.91	47.74	44.76	41.82	39.02	36.36	35.13	33.97	33.11	32.30	31.58	31.00	
117.00	110.51	104.15	97.89	91.72	85.81	79.89	74.01	68.26	63.32	58.52	54.34	50.30	46.38	42.67	39.52	37.23	35.24	33.71	32.17	30.94	29.76	29.36	29.00	
121.00	113.26	105.86	98.53	91.53	84.89	78.42	72.54	67.36	62.83	58.31	53.91	49.90	45.97	42.59	39.45	36.44	33.48	30.90	29.24	28.11	28.00	
111.00	103.59	96.24	89.03	82.89	76.75	70.63	64.65	59.72	54.94	50.44	46.41	42.56	38.80	35.15	31.59	30.19	29.33	28.68	28.23	28.02	28.00	
111.00	104.38	98.02	91.98	86.09	80.57	75.45	70.34	66.01	61.73	57.87	54.03	50.58	47.20	43.94	40.95	38.19	35.81	33.90	32.50	31.58	30.71	30.33	30.00	
108.00	101.47	95.30	89.27	83.56	77.94	72.60	67.52	63.16	58.93	54.93	50.97	47.02	43.15	40.82	38.60	36.46	35.13	33.82	32.63	31.87	31.52	31.23	31.00	
109.00	101.04	93.54	86.20	80.66	76.00	71.87	67.74	63.75	59.79	56.18	52.85	49.98	47.30	44.66	42.11	39.67	37.36	35.68	34.08	33.00	
108.00	101.90	96.06	90.53	85.09	79.89	74.69	69.62	64.57	60.39	56.23	52.29	48.39	44.65	41.13	37.70	34.46	32.19	31.10	30.55	30.21	30.05	30.00	
119.00	110.90	102.83	94.85	87.54	80.70	74.17	68.22	63.01	57.82	53.33	49.66	46.15	43.20	40.42	37.92	35.51	33.50	31.92	30.62	29.36	28.63	28.00	
116.00	109.30	102.62	96.13	89.68	83.70	78.10	72.56	67.05	61.75	57.05	52.91	48.87	45.13	42.26	39.62	37.13	34.70	33.45	32.41	32.15	32.00	
103.00	96.18	90.03	83.88	77.82	72.81	67.98	63.77	59.70	56.62	53.95	51.34	48.89	46.54	44.19	41.94	39.82	38.04	36.64	35.24	33.91	32.68	32.14	32.00	
123.00	115.18	107.63	100.77	93.94	87.61	81.42	75.86	70.35	64.89	59.58	54.90	50.26	45.76	42.82	39.98	37.94	35.98	34.21	32.98	32.07	31.62	31.27	31.00	
122.00	113.02	104.59	96.31	89.32	82.39	75.64	69.51	63.79	58.44	53.49	48.62	44.70	40.95	38.39	36.15	34.12	32.21	30.74	29.45	28.70	28.32	28.00	
116.00	106.80	98.06	89.43	82.93	77.24	71.82	66.90	62.40	57.89	53.84	50.13	46.53	43.57	40.74	38.40	36.66	34.96	33.59	32.70	32.30	32.00	
115.00	108.13	101.34	94.85	88.57	82.30	76.05	70.01	64.36	58.80	53.32	48.29	43.47	38.96	36.51	34.31	32.59	31.16	30.13	29.22	29.06	29.00	
122.00	113.06	104.19	95.53	87.85	80.36	73.09	66.80	61.65	56.63	52.73	49.77	46.83	43.93	41.19	38.55	35.97	33.53	31.38	29.53	28.00	
120.00	113.26	106.94	100.85	94.93	89.10	83.54	78.62	73.70	69.30	65.15	61.03	56.93	53.05	49.24	45.69	42.58	39.67	36.86	34.27	33.19	32.18	32.00	
117.00	108.72	101.59	95.31	89.11	83.36	78.02	72.72	67.52	62.37	57.45	52.79	49.09	45.49	42.39	39.43	36.77	34.29	32.40	31.02	29.92	28.88	28.00	
117.00	109.33	102.35	95.56	89.36	83.28	77.33	71.62	66.27	61.11	56.00	51.21	46.50	42.77	39.39	36.13	33.28	31.38	29.74	29.07	29.00	
123.00	115.34	108.31	101.58	94.89	88.33	81.80	75.74	69.76	63.77	59.18	54.82	50.51	46.49	42.67	39.54	36.79	34.19	31.92	29.95	28.06	28.00	
104.00	96.20	88.41	81.37	74.45	67.70	62.43	57.19	52.28	48.07	44.80	42.43	40.17	38.15	36.15	34.16	32.24	30.58	29.84	29.14	28.53	28.18	28.02	28.00	
114.00	106.59	99.60	92.98	86.69	80.96	75.39	70.16	65.04	60.09	55.47	51.19	47.53	44.53	41.89	39.54	37.77	36.06	34.71	33.47	33.00	
114.00	106.51	99.24	92.16	85.14	78.70	73.32	68.38	63.67	59.21	54.96	50.87	47.14	43.69	40.96	38.35	36.24	34.29	32.67	31.80	31.37	31.01	31.00	
101.00	95.64	90.32	85.07	80.01	75.08	70.23	65.38	60.80	57.19	53.57	50.38	47.26	44.39	41.82	39.47	37.23	35.01	33.43	32.09	31.36	30.65	30.00	
107.00	101.83	96.98	92.23	87.50	82.88	78.33	73.96	69.93	65.94	62.39	58.99	55.73	52.54	49.49	46.62	43.84	41.16	38.52	36.23	34.26	32.49	32.11	32.00	
110.00	101.99	94.24	86.99	80.73	74.89	69.37	63.93	58.78	55.21	51.67	48.19	45.04	41.97	38.97	36.42	34.96	33.54	32.41	31.44	30.50	30.00	
119.00	110.31	102.39	95.25	88.92	82.77	77.37	72.10	66.87	62.33	57.93	53.67	49.43	45.28	41.22	37.53	35.29	33.41	31.79	30.25	29.04	28.00	
101.00	95.42	90.40	85.73	81.06	76.43	71.84	67.52	63.20	59.09	54.99	51.06	47.20	43.93	40.78	37.68	34.67	31.81	30.09	29.26	29.10	29.00	
115.00	107.81	100.98	94.49	88.83	83.26	77.79	72.47	67.24	62.03	56.95	51.90	47.55	43.75	40.02	37.08	34.73	32.53	30.97	30.09	30.00	
111.00	101.83	93.85	87.12	81.01	75.55	70.72	66.04	61.69	57.40	53.23	49.31	45.71	42.11	38.90	35.87	32.85	31.32	30.10	29.05	28.00	
112.00	104.95	98.20	91.99	85.91	79.92	73.94	67.98	62.19	56.52	51.28	46.98	43.13	39.41	36.47	34.48	32.71	31.19	29.72	28.74	28.30	28.04	28.00	
118.00	108.80	100.33	91.90	84.34	77.52	72.07	66.66	61.34	57.73	54.12	50.78	47.45	44.15	41.54	39.11	36.84	35.20	33.96	32.74	31.58	31.00	
104.00	98.27	92.70	87.38	82.34	77.47	72.62	68.39	64.34	60.64	57.00	53.56	50.15	47.01	43.99	41.28	39.29	37.33	35.60	33.98	33.12	32.56	32.00	
107.00	101.58	96.20	90.84	85.59	80.42	75.67	71.23	66.78	62.53	58.44	54.35	50.29	46.70	43.23	40.45	38.36	36.45	34.63	33.77	33.33	33.03	33.00	
107.00	100.61	94.27	88.25	82.26	76.91	71.97	67.40	62.86	58.37	53.94	49.89	46.30	43.11	40.58	38.18	36.00	34.47	33.15	32.17	32.00	
114.00	107.03	101.01	95.13	89.48	83.86	78.36	73.04	67.88	62.79	58.48	54.17	51.10	48.10	45.77	43.45	41.41	39.44	37.63	36.05	34.67	33.80	33.36	33.00	
109.00	101.63	94.95	88.32	82.27	76.54	70.91	65.36	60.57	56.60	52.90	49.27	45.95	42.87	40.14	37.44	34.88	32.58	30.38	30.08	30.00	
121.00	113.23	105.72	98.82	92.23	86.28	80.60	75.18	70.04	65.27	60.51	55.78	51.25	47.44	44.67	41.98	39.43	37.01	34.91	33.44	32.27	31.25	31.04	31.00	
108.00	101.67	95.51	89.67	83.84	78.21	72.80	67.42	62.12	57.77	53.70	50.28	47.24	44.35	41.62	38.98	36.43	34.41	33.09	32.08	31.12	30.18	30.01	30.00	
108.00	101.09	94.37	88.25	82.38	76.51	71.06	65.70	60.82	56.07	51.49	47.33	43.25	40.02	38.15	36.33	34.53	32.91	31.69	30.73	30.03	30.00	
123.00	113.06	104.61	96.66	89.02	81.93	75.27	68.77	62.96	57.19	52.42	47.70	43.34	39.78	36.34	33.46	31.06	28.78	28.28	28.08	28.00	
107.00	101.79	96.62	91.63	86.67	81.96	77.28	72.71	68.49	64.30	60.41	56.53	52.99	49.45	46.47	43.51	40.83	38.19	35.73	33.69	32.89	32.27	32.03	32.00	
107.00	100.21	94.13	88.42	82.76	77.35	72.24	67.34	62.80	58.39	54.05	49.76	45.82	42.63	39.50	37.36	35.35	33.47	31.90	30.51	30.24	30.00	
113.00	105.50	98.45	91.59	85.19	79.38	73.75	68.13	62.54	57.45	52.59	49.03	45.49	42.30	39.45	37.44	35.63	34.33	33.32	33.07	33.00	
107.00	99.32	92.26	85.28	78.46	72.30	66.20	60.13	55.93	52.21	48.80	45.96	43.36	40.79	38.32	36.04	34.06	32.44	31.07	29.74	29.00	
108.00	100.81	93.76	87.17	81.03	74.94	69.27	63.65	58.58	54.19	49.89	46.29	42.81	39.89	37.40	35.81	34.26	32.94	32.47	32.07	32.00	
102.00	96.10	90.62	85.41	80.30	75.22	70.32	65.82	61.43	57.29	53.41	49.85	46.75	44.09	41.59	40.01	38.42	36.85	35.33	34.12	33.48	33.00	
123.00	114.68	106.42	98.71	91.79	84.94	79.09	73.25	67.76	62.58	57.43	52.37	47.76	44.51	42.00	39.52	37.35	35.34	33.47	31.67	30.32	29.08	29.00	
115.00	105.90	96.82	88.98	82.62	76.93	71.44	66.21	61.26	56.55	52.08	47.68	44.26	41.32	38.54	36.61	35.09	33.98	33.39	33.08	33.00	
113.00	105.85	99.60	93.39	87.25	81.17	75.73	70.53	65.54	60.58	55.95	51.99	48.60	45.60	42.95	40.30	38.00	36.11	34.55	33.13	32.17	31.57	31.00	
112.00	104.24	96.90	89.71	82.55	75.55	69.13	63.02	57.20	53.17	49.91	46.93	43.98	41.13	39.34	37.66	36.04	34.42	32.83	31.51	31.10	31.02	31.00	
114.00	105.64	97.80	90.64	84.25	78.14	72.29	66.54	60.80	55.56	50.65	46.11	42.82	39.63	36.78	33.99	32.74	31.63	30.93	30.29	30.00	
120.00	112.39	105.42	98.52	92.08	85.73	79.87	74.51	69.48	64.72	60.02	55.52	51.49	47.97	44.91	41.87	39.69	37.52	35.49	33.79	32.28	31.00	
114.00	106.70	99.63	92.68	85.94	79.92	73.99	68.13	62.85	57.71	53.16	48.95	45.69	42.51	40.24	38.11	36.17	34.43	32.71	31.27	30.66	30.12	30.00	
117.00	109.07	101.59	94.52	87.65	81.13	75.51	70.39	65.32	60.47	55.95	51.45	47.29	43.77	40.79	38.14	35.51	33.96	32.60	32.02	32.00	
101.00	95.41	90.34	85.52	80.71	76.03	71.87	67.83	63.83	59.88	56.00	52.14	48.35	45.80	43.45	41.21	39.24	37.38	35.68	34.00	32.50	31.71	31.15	31.00	
112.00	106.75	101.60	96.45	91.32	86.40	81.59	76.79	72.12	67.96	63.82	59.74	55.74	52.04	48.45	45.00	42.37	39.77	37.37	35.21	33.05	31.40	30.66	30.00	
116.00	108.58	101.57	94.58	88.85	83.23	77.68	72.46	67.37	62.61	58.49	54.70	51.19	47.98	44.80	41.70	38.71	36.70	34.78	33.79	33.00	
106.00	98.31	91.03	84.94	78.92	73.11	67.37	61.86	56.59	51.76	47.46	43.76	40.90	38.06	35.72	34.02	32.39	31.45	30.55	29.92	29.46	29.02	29.00	
119.00	111.48	104.16	97.82	91.91	86.08	80.64	75.37	70.13	65.16	60.37	55.61	50.94	46.31	42.07	39.04	37.30	35.61	34.04	32.76	31.58	30.46	30.00	
103.00	97.26	91.94	86.78	81.70	76.98	72.43	67.89	63.42	59.10	54.93	51.07	47.23	43.38	40.37	38.21	36.07	34.65	33.74	32.96	32.48	32.03	32.00	
108.00	102.00	96.06	90.45	85.08	79.73	74.41	69.29	64.25	59.44	55.15	51.21	47.62	44.04	40.91	37.87	34.83	32.34	30.69	29.49	29.00	
108.00	101.30	94.61	88.23	81.88	76.25	71.57	66.98	62.62	58.29	54.15	50.06	46.29	42.68	39.78	36.98	34.95	33.49	32.45	31.88	31.41	31.00	
117.00	109.62	102.77	95.94	89.17	82.63	76.40	71.03	65.86	60.76	56.11	51.53	47.87	45.15	42.58	40.09	37.73	35.85	34.92	34.10	33.42	33.00	
108.00	99.42	91.30	83.44	76.02	68.93	62.08	57.46	53.03	48.81	44.61	41.53	39.36	37.47	35.66	34.20	32.96	32.15	31.39	30.65	30.00	
105.00	97.84	91.52	85.47	79.85	74.83	70.33	65.94	61.56	57.29	53.19	49.18	45.22	41.34	38.09	35.57	33.30	32.29	31.33	30.56	29.83	29.15	29.00	
114.00	108.12	102.46	97.10	91.87	86.73	81.83	77.04	72.46	68.00	64.00	60.37	56.86	53.38	50.62	48.00	45.41	42.99	40.61	38.28	36.11	34.48	32.95	32.00	
111.00	102.95	95.10	88.05	81.16	74.46	69.52	64.66	59.96	55.28	51.42	47.88	44.57	41.69	38.85	36.04	33.40	31.64	30.67	30.13	30.00	
109.00	102.85	97.17	91.63	86.14	81.00	75.96	70.92	66.21	61.49	56.83	52.50	48.77	45.36	42.06	38.94	36.43	35.14	33.90	33.19	32.52	32.12	32.00	
107.00	99.29	92.40	86.15	80.25	74.85	69.50	65.55	61.70	57.87	54.07	50.35	46.84	43.49	40.18	37.90	35.91	34.14	32.41	30.89	29.83	29.30	29.09	29.00	
122.00	115.50	109.42	103.45	97.53	92.15	86.87	81.64	76.47	71.51	66.57	61.64	56.72	52.28	48.03	43.88	40.22	36.69	33.35	31.06	31.01	31.00	
114.00	105.61	98.65	93.33	88.09	82.95	78.05	73.21	68.65	64.34	60.33	56.99	53.67	50.55	47.85	45.30	42.88	40.58	38.41	36.37	34.58	33.00	
114.00	107.18	100.55	94.00	87.63	81.78	76.41	71.38	66.50	61.88	57.49	53.45	49.78	46.82	44.03	41.55	39.09	36.99	35.15	33.92	32.74	31.75	31.00	
107.00	100.91	94.95	89.50	84.21	78.94	73.98	69.68	65.40	61.26	57.21	53.49	50.02	46.97	44.38	42.12	39.90	38.08	36.30	34.65	33.00	
106.00	99.86	93.83	87.95	82.09	76.59	71.41	66.31	61.61	57.40	53.63	50.22	47.19	44.19	41.24	39.14	37.19	35.61	34.08	32.62	32.24	32.00	
120.00	110.98	102.53	94.53	86.69	79.04	72.64	66.41	60.35	54.84	49.67	46.34	43.05	40.03	37.23	34.65	32.52	31.51	30.58	29.68	28.81	28.00	
101.00	93.91	87.02	80.63	74.78	69.18	63.83	58.89	54.27	50.30	46.52	43.24	40.34	37.59	35.33	33.18	31.15	29.93	29.47	29.01	28.64	28.29	28.14	28.00	
104.00	98.14	92.40	86.73	81.70	77.01	72.43	67.89	63.80	59.83	55.91	52.33	48.80	45.30	42.68	40.62	38.60	36.73	35.64	34.65	33.70	32.90	32.32	32.00	
118.00	108.22	99.95	92.07	85.33	78.58	72.67	66.97	61.59	57.12	52.89	48.87	45.18	41.66	38.31	35.46	33.07	31.02	30.51	30.25	30.12	30.03	30.00	
104.00	94.19	85.71	78.36	71.08	63.98	57.64	52.21	48.35	45.44	42.57	40.23	38.03	36.20	34.37	32.57	30.85	29.61	28.97	28.34	28.00	
115.00	107.80	101.07	94.47	87.91	81.36	75.15	69.36	64.42	60.12	55.97	52.51	49.39	46.49	43.65	40.96	38.88	37.01	35.23	33.53	32.75	32.24	32.00	
122.00	114.33	107.29	100.66	94.13	87.96	82.78	77.60	72.56	67.59	62.81	58.30	54.03	50.07	46.47	43.35	40.74	38.61	37.01	35.54	34.23	33.15	33.02	33.00	
106.00	100.46	95.00	89.57	84.16	79.47	74.96	70.58	66.39	62.29	58.33	54.69	51.20	48.04	44.92	41.84	39.19	36.84	34.54	32.43	30.68	29.42	29.00	
113.00	106.24	99.64	93.31	87.00	80.69	74.41	68.65	63.40	58.16	53.28	49.99	46.91	43.99	41.81	40.08	38.44	36.94	35.69	34.50	33.69	33.03	33.00	
113.00	107.61	102.32	97.31	92.30	87.61	82.94	78.37	73.83	69.29	64.88	60.65	56.47	52.34	48.65	45.20	41.89	38.63	36.65	34.79	33.00	
101.00	95.34	89.75	84.19	79.17	74.39	70.19	66.22	62.25	58.57	54.94	51.38	47.85	44.39	41.45	38.64	36.00	33.51	31.05	29.36	29.01	29.00	
105.00	97.76	90.57	83.44	76.58	71.65	66.93	62.99	59.18	55.61	52.20	48.98	45.80	42.78	39.78	37.52	35.44	33.56	32.46	32.16	32.02	32.00	
108.00	100.73	93.76	87.18	80.60	74.23	68.32	62.48	56.77	51.14	45.78	41.75	38.29	35.18	33.05	31.69	30.50	29.32	28.79	28.32	28.00	
120.00	111.36	103.11	95.05	87.38	80.41	73.62	67.43	61.41	55.80	50.58	45.82	41.40	38.20	36.17	34.14	32.18	31.01	29.89	29.00	28.11	28.00	
116.00	107.98	100.50	94.30	88.45	83.04	77.66	72.52	67.43	62.46	57.74	53.07	48.77	44.75	42.00	39.44	36.95	34.58	32.42	30.57	29.26	29.00	
117.00	107.82	99.62	92.50	85.69	79.52	73.68	67.86	62.76	57.82	53.11	48.64	44.63	41.24	38.65	36.09	34.30	32.69	31.10	30.37	30.00	
113.00	102.94	93.92	86.61	79.51	72.85	67.85	63.36	58.99	55.38	51.81	48.33	45.17	42.39	39.67	36.96	35.02	33.22	31.68	30.59	30.18	30.00	
105.00	97.78	90.60	83.60	76.71	71.10	66.15	61.43	57.67	54.10	50.63	47.96	45.45	43.00	40.69	38.90	37.14	35.61	34.10	32.68	31.79	31.02	31.00	
115.00	108.18	101.45	94.79	88.44	82.25	76.09	70.54	65.05	59.84	54.83	50.27	45.89	42.74	39.62	37.08	35.45	34.16	32.97	32.23	31.52	31.06	31.02	31.00	
115.00	106.87	99.33	92.58	86.32	80.16	74.40	69.08	63.98	59.03	54.68	50.66	46.81	43.23	40.04	36.95	34.95	33.21	32.32	31.50	31.04	31.00	
115.00	107.61	100.23	93.67	87.25	81.41	75.64	70.06	64.84	59.90	55.24	51.29	47.41	44.61	42.01	40.34	38.75	37.27	35.80	34.68	33.63	33.00	
108.00	101.44	95.00	88.84	82.75	76.97	71.53	66.25	61.20	56.45	51.93	48.16	44.62	41.30	38.29	35.83	33.43	32.18	30.96	29.96	29.13	29.05	29.00	
117.00	109.52	102.20	94.96	87.84	81.00	74.55	68.64	63.01	57.74	52.81	49.16	46.14	43.16	40.45	38.29	36.13	34.09	33.03	32.25	32.00	
103.00	97.41	91.93	86.51	81.68	77.17	72.72	68.29	63.88	59.95	56.35	53.16	50.02	47.27	44.57	41.96	40.14	38.33	37.19	36.04	34.91	34.00	33.24	33.00	
120.00	111.99	104.05	96.20	89.44	82.86	77.65	72.54	67.89	63.24	58.60	54.05	50.62	47.68	45.20	43.02	41.16	39.48	37.89	36.31	34.78	33.46	33.00	
107.00	100.07	93.14	86.52	80.04	74.11	68.83	63.67	59.21	54.87	51.12	47.51	44.27	41.26	39.15	37.09	35.33	33.78	33.03	32.50	32.00	
111.00	103.03	96.38	89.82	83.33	76.85	70.89	65.02	59.77	54.89	50.66	47.36	44.35	41.70	39.74	37.78	35.88	34.09	32.94	32.26	32.09	32.00	
108.00	100.62	93.59	86.64	79.80	73.75	68.03	62.61	58.16	54.38	50.86	47.85	44.88	42.42	40.16	37.93	36.00	34.14	33.15	32.45	32.00	
106.00	98.54	91.75	85.23	79.00	73.17	67.62	62.41	58.02	54.23	50.48	46.88	43.72	40.81	38.55	36.34	34.89	33.54	32.63	31.76	31.46	31.20	31.00	
102.00	95.42	88.99	83.32	77.91	73.05	68.31	64.20	60.19	56.25	52.64	49.17	45.76	42.91	40.36	38.11	36.46	35.06	34.01	33.02	32.25	32.00	
115.00	107.09	99.80	92.96	86.23	81.33	76.50	71.79	67.54	63.60	59.71	55.95	52.26	48.85	45.57	42.66	39.93	37.22	34.56	32.04	30.00	
121.00	113.10	105.21	97.65	90.61	84.05	77.52	71.49	65.61	60.63	56.56	52.60	48.70	44.86	41.18	38.05	34.99	32.58	31.01	30.02	30.00	
103.00	96.45	89.90	83.58	77.98	72.39	67.20	62.32	57.54	53.02	48.80	45.12	42.68	40.27	38.06	36.15	34.49	33.93	33.68	33.43	33.20	33.05	33.00	
113.00	105.71	98.81	92.51	86.69	81.19	75.88	71.01	66.40	61.95	57.94	54.02	50.67	47.67	44.75	42.04	39.68	37.73	35.91	34.55	33.34	33.13	33.00	
122.00	112.80	103.70	95.46	87.69	80.45	74.91	69.51	64.24	59.29	55.15	51.22	47.31	43.79	40.75	37.74	34.87	32.47	30.52	30.25	30.00	
101.00	94.62	88.49	82.47	76.53	71.09	65.66	61.08	56.64	52.28	48.13	44.18	41.31	38.67	36.96	35.38	34.58	33.78	32.99	32.32	32.05	32.00	
118.00	109.04	101.30	93.90	86.97	80.35	73.83	67.80	61.79	56.13	50.77	46.58	43.17	40.42	37.71	35.45	33.52	31.89	30.82	29.82	28.92	28.27	28.08	28.00	
115.00	106.79	99.68	92.77	86.51	81.09	76.00	70.97	65.99	61.29	56.77	53.16	49.62	46.40	43.39	40.42	37.47	35.40	33.59	32.35	31.15	30.19	29.38	29.00	
110.00	101.19	93.66	86.79	80.36	74.19	68.50	63.45	59.83	56.28	53.11	50.13	47.17	44.53	41.93	39.41	37.09	34.88	32.87	31.44	30.34	29.25	29.00	
118.00	110.97	104.06	97.17	90.70	84.37	78.31	72.71	67.10	61.92	58.29	54.77	51.50	48.30	45.12	42.51	39.98	38.32	36.67	35.06	33.69	32.52	31.36	31.00	
120.00	111.35	103.42	95.68	88.33	81.12	75.13	69.17	63.83	58.90	54.48	50.63	47.09	44.26	41.56	38.99	36.62	34.61	32.89	31.93	31.16	30.40	30.00	
114.00	106.93	100.11	93.32	87.09	81.99	76.91	71.92	67.39	62.91	58.51	54.67	50.93	47.21	43.73	40.32	38.10	36.09	34.23	32.76	31.42	30.75	30.11	30.00	
106.00	99.24	93.07	87.20	81.35	75.62	70.13	65.01	60.41	56.19	52.00	48.21	44.66	42.62	40.75	38.91	37.11	35.85	34.88	33.97	33.13	32.37	32.15	32.00	
118.00	111.61	105.47	99.39	93.40	87.43	81.52	75.64	69.88	64.20	59.41	55.08	50.99	46.96	43.28	40.33	37.65	35.41	33.25	31.51	31.13	31.00	
110.00	104.60	99.23	93.92	89.14	84.41	79.83	75.30	70.81	66.46	62.13	58.09	54.61	51.16	47.76	45.28	42.83	40.53	38.37	36.28	34.76	33.40	32.15	32.00	
117.00	108.35	99.70	91.78	84.44	77.37	70.90	65.19	60.54	56.04	51.81	48.02	44.90	42.21	40.47	38.84	37.38	35.92	34.82	34.01	33.44	33.00	
120.00	112.11	104.58	97.07	90.12	83.63	77.27	71.48	65.88	60.62	55.62	51.03	46.71	43.57	40.58	38.32	36.07	34.05	32.44	31.01	29.65	29.17	29.06	29.00	
121.00	113.67	106.79	99.92	93.33	87.05	81.47	75.95	70.51	65.30	60.19	55.72	51.79	47.97	44.47	41.28	38.68	36.37	34.29	32.45	30.71	29.25	28.00	
114.00	107.96	101.94	96.09	90.39	84.77	79.88	75.11	70.61	66.25	61.93	57.90	53.90	49.99	46.19	42.60	39.17	35.98	33.68	32.59	31.51	31.00	
103.00	95.86	88.75	81.70	74.80	68.28	62.00	56.69	51.89	47.37	43.47	39.91	37.45	35.57	33.81	32.17	31.01	30.14	29.45	28.80	28.17	28.00	
115.00	107.35	100.21	93.25	86.77	80.67	74.87	69.21	64.18	59.48	54.92	50.36	45.83	41.56	37.73	34.78	33.13	31.59	30.11	29.08	28.45	28.01	28.00	
105.00	99.20	93.57	88.25	83.19	78.38	73.71	69.17	65.00	61.18	57.45	53.75	50.09	46.62	43.80	41.23	38.71	36.38	34.22	32.61	31.31	30.06	29.47	29.00	
103.00	97.38	91.99	86.72	81.56	76.50	71.45	66.45	61.46	57.12	53.23	49.71	46.49	43.29	40.48	38.29	36.18	34.12	32.34	31.07	30.39	30.00	
109.00	101.58	94.73	87.95	82.49	77.92	73.59	69.57	65.55	61.58	57.61	53.90	50.51	47.19	43.94	40.84	38.00	35.21	32.49	31.25	30.01	29.56	29.14	29.00	
101.00	93.95	87.49	81.98	76.73	71.91	67.16	62.47	57.85	53.94	50.30	47.46	44.73	42.05	39.45	37.01	34.81	33.23	32.08	31.07	30.53	30.00	
121.00	113.88	106.79	100.07	93.36	87.05	80.93	75.09	70.14	65.57	61.29	57.22	53.41	49.79	46.33	43.12	40.43	38.62	36.81	35.23	33.89	32.63	31.47	31.00	
111.00	104.37	98.04	91.73	85.52	79.80	74.35	69.18	64.08	59.10	54.32	50.42	47.24	44.26	41.56	39.20	36.96	34.72	32.91	31.16	29.55	28.55	28.03	28.00	
108.00	101.12	94.45	87.78	81.53	76.39	71.62	67.46	63.59	59.78	56.20	52.93	49.94	46.97	44.08	41.23	38.68	36.24	33.97	33.32	33.00	
123.00	114.75	106.91	99.22	92.34	85.62	79.49	73.64	68.00	62.69	57.70	53.27	49.09	45.04	41.23	37.97	35.34	33.80	33.13	32.49	32.00	
103.00	96.84	90.81	85.52	80.36	75.94	71.56	67.21	62.97	58.97	56.36	53.81	51.28	48.83	46.44	44.15	42.18	40.24	38.34	36.56	34.77	33.04	33.00	
110.00	102.95	96.46	90.32	84.39	79.51	74.84	70.27	65.87	61.66	57.79	53.94	50.38	47.10	44.50	41.97	39.46	36.98	35.03	33.87	33.00	
107.00	98.79	91.24	85.31	79.65	74.31	69.55	65.29	61.14	57.07	53.31	49.74	47.20	45.00	42.88	40.80	38.75	36.72	34.78	33.36	32.55	31.83	31.22	31.00	
116.00	108.30	101.26	95.16	89.09	83.04	77.00	71.71	67.15	63.03	59.02	55.26	51.54	48.57	45.61	43.25	41.13	39.05	37.05	35.64	34.32	33.20	32.34	32.00	
111.00	104.30	97.75	91.22	85.91	80.72	75.79	71.34	67.10	62.86	58.78	54.80	51.24	47.92	45.18	42.93	41.10	39.32	37.68	36.29	35.10	33.92	33.38	33.00	
105.00	97.14	89.41	82.05	74.96	69.27	63.73	59.14	54.88	51.02	48.25	46.08	44.08	42.12	40.37	38.71	37.27	35.86	34.58	33.63	33.08	33.00	
106.00	98.93	91.94	85.02	78.31	72.70	67.42	62.27	57.79	53.70	49.93	46.22	42.51	39.47	36.70	34.75	33.19	31.69	30.51	29.74	29.24	29.00	
112.00	105.85	99.77	93.86	88.07	82.68	77.60	72.89	68.22	63.59	59.12	54.81	50.87	46.98	43.73	40.93	38.60	36.67	34.85	33.11	31.61	30.25	30.05	30.00	
103.00	97.54	92.14	86.77	81.77	77.36	73.08	68.92	64.77	60.87	57.21	53.67	50.17	46.89	43.89	41.04	38.29	36.01	33.81	32.17	30.68	29.37	28.23	28.00	
108.00	100.19	93.02	87.17	81.51	76.00	71.42	67.20	63.20	59.20	55.54	51.91	48.63	45.62	42.65	39.68	37.60	35.86	34.68	33.74	33.20	33.00	
108.00	100.60	93.83	87.56	81.38	75.82	70.40	65.25	60.77	56.34	51.95	48.12	44.39	41.48	39.03	36.63	34.26	32.85	31.58	30.36	29.49	29.08	29.00	
118.00	109.93	102.44	95.26	88.49	82.06	76.11	70.35	64.59	59.02	53.54	48.68	43.96	40.32	36.81	34.36	32.76	31.27	29.87	28.72	28.23	28.11	28.00	
111.00	104.67	98.39	92.32	86.37	80.74	75.22	70.17	65.38	60.87	56.75	52.71	49.18	45.70	42.82	40.36	38.23	36.24	34.44	33.23	32.27	31.62	31.00	
119.00	110.07	101.68	93.76	87.33	80.94	74.72	68.53	62.47	56.77	51.64	46.74	42.79	38.95	35.11	31.68	29.43	28.58	28.32	28.15	28.00	
107.00	100.20	93.49	86.85	80.39	74.83	69.53	64.25	60.02	56.24	52.90	49.59	46.45	43.43	40.61	37.81	35.24	32.95	31.32	30.52	30.00	
102.00	95.49	89.02	82.79	76.88	70.97	65.53	60.90	56.80	53.06	49.42	45.92	42.70	39.48	36.34	33.82	31.95	30.73	29.97	29.24	29.00	
109.00	101.58	94.18	86.99	80.21	73.82	68.38	63.88	59.68	55.58	51.82	48.26	45.22	42.41	39.72	37.05	34.74	33.70	33.39	33.13	33.00	
111.00	105.57	100.20	95.08	89.97	85.03	80.21	75.47	70.78	66.27	61.93	57.86	53.94	50.24	46.96	44.13	41.37	39.20	37.08	35.48	33.95	33.00	
111.00	101.08	91.64	82.79	74.84	67.97	61.22	55.47	50.47	46.21	43.20	40.59	38.40	36.86	35.71	34.82	34.14	33.55	33.34	33.19	33.04	33.00	
123.00	111.96	101.58	92.04	82.77	74.93	67.68	61.31	55.66	51.01	47.08	43.58	40.12	37.97	35.90	33.98	32.48	31.40	30.63	29.86	29.22	29.00	
120.00	112.91	105.92	99.25	92.65	86.05	79.77	75.00	70.26	65.92	61.67	57.45	53.81	50.49	47.38	44.78	42.28	39.91	37.63	35.41	33.39	32.12	31.22	31.00	
122.00	112.41	103.07	93.97	86.34	79.35	72.42	66.34	60.46	55.24	50.33	46.04	42.31	38.65	35.39	32.84	31.30	30.06	29.21	28.77	28.38	28.00	
101.00	94.26	88.01	81.98	76.24	70.52	65.27	60.44	55.80	51.23	46.78	43.02	40.18	37.59	35.30	33.73	32.21	30.99	29.98	29.06	28.45	28.00	
118.00	109.51	101.35	93.19	85.66	78.41	71.66	66.65	62.02	57.50	53.59	50.12	46.67	43.33	40.20	38.03	36.29	34.91	33.90	33.20	32.54	32.00	
109.00	103.14	97.34	91.59	85.94	80.43	75.13	69.86	64.90	59.97	55.05	50.29	46.53	42.84	39.61	36.48	34.39	32.63	31.22	29.94	29.00	
123.00	114.85	107.24	100.14	93.21	86.74	80.53	74.56	68.77	63.70	58.78	54.39	50.69	47.01	43.35	40.68	38.03	35.70	33.76	32.03	31.20	30.42	30.13	30.00	
120.00	111.06	103.17	95.61	88.21	80.84	73.88	68.23	62.73	57.59	52.56	48.38	44.41	40.68	38.16	35.74	34.00	32.60	31.54	31.01	30.59	30.23	30.00	
102.00	95.61	89.28	83.93	78.62	73.32	68.44	63.67	59.10	54.85	51.22	47.60	44.78	42.05	39.47	37.14	35.07	33.72	32.66	31.68	30.76	30.00	
104.00	98.01	92.21	86.48	81.52	76.64	72.39	68.22	64.39	60.76	57.14	53.66	50.21	47.06	44.48	42.17	40.00	37.95	35.95	34.61	33.29	32.15	32.00	
114.00	106.31	99.48	92.86	86.25	80.07	74.19	68.55	63.24	58.17	54.28	50.67	47.90	45.49	43.11	40.84	38.68	36.79	35.33	33.92	32.90	32.00	
104.00	97.44	91.38	85.64	80.43	75.53	70.81	66.41	62.09	57.89	53.84	49.82	46.04	43.43	40.88	39.24	37.63	36.11	34.59	33.35	32.11	31.70	31.32	31.00	
117.00	108.51	100.30	93.39	87.26	81.42	75.62	69.89	64.35	59.67	55.18	51.04	46.93	42.86	39.33	35.82	32.92	30.10	28.86	28.27	28.10	28.00	
122.00	115.45	108.92	102.42	96.07	90.19	84.37	79.31	74.31	69.35	64.87	60.40	56.54	52.71	49.21	45.84	42.80	39.81	37.74	35.82	34.41	33.33	32.55	32.00	
115.00	107.86	100.86	93.88	86.95	80.09	73.44	66.93	61.27	56.04	50.96	47.01	44.81	42.66	40.60	38.58	36.68	35.56	34.61	33.80	33.30	33.00	
105.00	99.00	93.36	87.99	82.91	78.33	73.88	69.60	65.66	62.10	58.68	55.28	51.97	48.84	45.72	42.68	39.85	37.13	35.74	34.42	33.19	31.96	31.44	31.00	
119.00	111.12	103.47	96.33	89.61	83.57	77.73	72.12	66.78	61.76	57.05	52.96	49.25	45.55	41.91	38.73	36.47	34.38	32.55	31.26	30.19	29.23	29.00	
101.00	95.20	89.77	84.89	80.20	75.59	71.25	67.26	63.45	59.68	55.99	52.65	49.40	46.42	43.54	40.84	38.76	37.11	35.72	34.70	33.80	33.00	
111.00	104.14	97.59	91.64	85.80	80.53	75.57	70.79	66.14	61.82	57.72	53.71	50.69	47.87	45.14	42.43	39.83	37.25	35.20	33.19	31.39	29.89	29.00	
114.00	107.45	101.05	94.73	88.49	82.62	76.84	71.33	65.84	60.63	56.01	52.27	48.70	45.72	43.02	40.83	38.76	36.83	35.11	33.94	32.80	32.00	
117.00	109.90	102.89	96.10	89.49	83.09	76.71	70.65	65.75	61.37	57.15	53.75	50.44	47.28	44.29	41.74	39.31	37.03	35.34	34.57	33.92	33.36	33.13	33.00	
118.00	111.76	105.82	99.93	94.05	88.52	83.27	78.32	73.67	69.22	64.97	60.90	56.85	53.37	50.13	46.94	44.22	41.66	39.42	37.28	35.66	34.20	33.13	33.00	
111.00	103.62	96.40	89.40	82.68	76.31	70.17	64.84	60.10	56.42	52.91	49.62	46.47	43.49	40.68	37.89	35.30	32.98	32.17	31.45	31.00	
112.00	104.84	97.69	90.97	84.51	78.19	72.60	67.75	63.24	59.00	54.97	51.29	47.87	44.55	41.55	39.03	36.68	34.37	32.71	31.20	31.00	
102.00	95.21	88.77	82.68	77.07	71.90	66.84	62.30	57.93	54.18	50.64	47.37	44.27	41.35	38.50	36.26	34.02	32.29	30.78	29.72	29.37	29.19	29.08	29.00	
115.00	106.35	98.23	91.69	85.43	79.56	74.70	69.92	65.62	61.38	57.18	53.24	49.55	45.99	43.01	40.20	37.84	36.16	34.82	33.78	33.02	33.00	
113.00	106.08	99.38	92.76	86.20	79.84	73.50	67.50	61.62	56.43	51.72	47.26	43.10	39.67	36.25	33.36	31.38	29.55	28.92	28.42	28.16	28.00	
115.00	107.70	100.59	93.55	86.63	80.41	74.61	68.85	63.87	59.72	55.92	52.28	48.89	45.88	43.43	41.08	38.87	37.04	35.27	33.60	32.08	31.11	30.51	30.00	
119.00	110.72	102.62	94.93	87.36	80.18	73.06	66.19	59.59	53.95	49.33	45.79	42.29	40.21	38.16	36.16	34.66	33.55	32.65	31.77	31.00	
120.00	113.10	106.42	99.86	93.96	88.20	82.53	76.85	71.55	66.42	61.33	56.45	51.67	47.29	43.65	40.08	36.82	35.40	33.99	32.86	31.86	31.00	
103.00	95.97	89.54	83.11	77.53	72.11	67.31	62.97	58.71	54.93	51.40	47.89	44.48	41.82	39.18	37.45	36.09	34.84	33.81	32.86	32.35	32.00	
104.00	97.43	91.03	84.82	78.74	73.36	68.19	63.18	58.35	53.65	49.02	45.34	41.68	38.12	35.01	31.91	29.76	28.88	28.38	28.08	28.00	
104.00	98.17	92.40	86.77	81.20	75.67	70.24	65.09	59.94	54.96	50.04	45.27	42.46	39.71	37.40	35.47	33.87	32.37	30.99	29.69	29.00	
112.00	105.37	98.78	92.49	86.43	81.23	76.24	71.46	66.85	62.77	58.92	55.22	51.77	48.46	45.43	42.49	39.97	37.86	35.86	34.82	33.82	33.39	33.00	
107.00	100.79	94.59	88.40	82.24	76.42	70.68	65.38	60.36	56.42	53.06	49.87	47.43	45.16	42.93	40.75	38.74	37.01	35.44	34.07	33.00	32.00	
119.00	112.29	105.59	99.02	92.57	86.19	80.34	74.92	70.15	65.50	60.95	56.56	52.67	49.01	45.59	42.42	39.36	37.20	35.44	33.85	33.00	
122.00	113.33	106.23	99.32	92.43	85.63	79.18	72.83	66.54	61.33	56.32	51.39	47.69	44.05	40.98	38.36	36.17	34.30	32.67	31.81	31.11	30.67	30.26	30.00	
107.00	100.64	94.30	88.22	82.25	76.71	71.39	66.25	61.22	56.42	52.03	47.73	43.49	40.02	37.10	34.77	32.68	30.76	29.60	29.07	29.00	
109.00	101.88	95.08	88.67	82.77	76.96	71.81	66.70	62.12	57.89	53.71	49.73	46.98	44.44	42.07	39.85	37.79	35.88	34.41	33.03	31.96	31.48	31.00	
116.00	108.66	101.43	94.61	88.18	82.14	76.40	71.42	66.71	62.74	58.90	55.08	51.41	48.24	45.14	42.11	39.53	37.66	36.20	34.87	33.79	33.01	33.00	
115.00	108.34	102.07	95.97	89.95	83.94	78.17	72.49	66.90	61.67	56.72	52.50	48.62	45.06	41.70	38.77	36.19	33.75	32.01	30.38	29.55	29.00	
101.00	95.22	89.58	84.01	78.65	73.36	68.18	63.35	58.59	54.32	50.92	47.80	44.76	42.06	39.72	37.77	35.82	34.16	32.80	31.51	30.51	29.56	29.00	
123.00	114.39	106.58	99.19	92.55	85.97	79.44	73.32	67.28	61.36	55.69	50.15	45.51	42.50	39.63	37.59	35.61	33.89	32.39	31.49	30.72	30.00	
122.00	115.95	110.10	104.44	98.85	93.71	88.62	83.70	78.89	74.23	69.66	65.18	60.86	56.68	52.70	49.05	45.56	42.07	39.17	36.70	34.62	33.04	32.00	
115.00	106.24	98.08	90.27	83.80	77.66	72.89	68.47	64.23	60.02	56.22	52.42	48.87	45.40	42.64	40.09	37.79	35.54	33.95	32.84	32.31	32.14	32.00	
117.00	110.02	103.56	97.13	90.73	84.74	79.11	73.87	68.83	63.99	59.20	54.77	51.03	47.58	44.43	41.39	39.22	37.22	36.09	35.24	34.40	33.76	33.30	33.00	
118.00	109.08	100.60	93.20	86.02	78.85	71.96	65.81	60.08	54.97	50.44	46.30	42.59	39.27	36.90	34.93	33.48	32.20	31.51	31.04	31.00	
106.00	98.16	90.32	83.09	77.54	72.33	67.26	62.31	57.61	53.36	49.63	46.58	43.89	41.71	39.65	37.61	35.64	34.55	33.48	32.52	31.72	31.19	31.02	31.00	
106.00	99.25	92.99	86.78	81.40	76.04	70.70	65.47	60.93	56.76	52.76	48.96	45.51	42.61	39.79	37.80	35.99	34.35	33.04	31.78	31.04	30.32	30.00	
113.00	106.00	99.30	93.52	88.11	82.74	77.39	72.22	67.16	62.44	58.31	54.43	50.67	47.08	43.88	40.87	38.80	37.05	35.42	33.86	32.42	31.74	31.33	31.00	
104.00	94.14	86.73	79.50	72.49	65.99	60.30	55.03	51.27	47.80	44.49	41.94	39.55	37.19	35.02	33.06	32.17	31.37	31.20	31.05	31.00	
117.00	108.83	101.39	94.48	87.92	82.13	76.37	70.62	65.33	60.43	55.67	51.72	47.91	44.29	41.07	39.27	37.96	36.79	35.68	34.86	34.14	33.55	33.00	
106.00	99.25	92.75	86.35	80.15	74.72	69.35	64.16	59.03	54.51	50.10	46.15	42.58	39.75	36.93	34.78	32.66	31.73	30.83	30.15	29.51	29.00	
111.00	102.62	95.18	88.13	81.16	74.39	67.75	61.16	55.33	49.66	44.25	39.70	36.13	32.92	31.12	30.15	29.27	28.78	28.45	28.18	28.00	
114.00	106.37	99.08	91.95	84.90	77.86	71.21	64.68	59.75	55.05	50.86	47.15	44.20	41.98	39.75	37.70	36.21	34.87	33.65	32.50	32.00	
106.00	99.33	93.34	87.93	82.74	77.69	72.68	68.16	63.65	59.27	55.31	51.38	47.69	44.86	42.07	39.34	36.67	34.11	31.85	30.28	28.93	28.47	28.08	28.00	
108.00	99.36	91.58	84.10	78.06	73.22	68.82	64.43	60.25	56.36	52.66	48.96	45.55	42.28	39.46	37.55	35.71	34.42	33.13	32.62	32.19	32.00	
122.00	113.78	105.87	97.98	90.24	83.46	77.07	70.71	64.45	58.61	53.38	48.63	44.42	41.40	38.46	35.84	33.71	32.40	31.09	29.91	29.00	
109.00	102.45	96.66	91.07	85.61	80.40	75.23	70.10	65.19	60.58	56.12	52.11	48.66	45.27	41.96	38.84	36.22	33.62	31.55	30.38	29.38	28.56	28.07	28.00	
109.00	103.86	98.76	93.78	88.89	84.12	79.46	74.98	70.51	66.34	62.19	58.05	54.18	50.65	47.14	43.78	41.63	39.56	37.79	36.38	35.15	34.01	32.88	32.00	
113.00	106.06	99.69	93.51	87.47	81.98	76.73	71.55	66.56	61.71	57.22	53.27	49.44	45.71	42.10	38.89	36.26	33.72	31.34	29.80	28.79	28.12	28.00	
103.00	96.88	90.85	85.37	79.98	74.71	69.62	64.53	59.76	55.02	50.90	46.81	43.07	40.34	38.08	36.08	34.18	32.87	31.78	30.78	30.38	30.00	
102.00	96.48	91.35	86.22	81.13	76.71	72.42	68.26	64.16	60.19	56.33	52.72	49.23	46.29	43.49	40.84	38.32	36.31	34.55	33.44	32.77	32.34	32.13	32.00	
108.00	100.18	93.30	87.10	81.69	76.51	71.42	66.56	61.72	57.29	52.99	49.12	45.29	41.74	38.81	36.57	34.67	33.25	32.13	31.09	31.00	
107.00	101.00	95.17	89.63	84.12	78.91	74.08	69.75	65.42	61.53	57.97	54.42	51.18	48.15	45.27	42.77	40.44	38.45	36.57	35.02	33.57	32.47	32.12	32.00	
107.00	98.92	91.84	85.45	79.21	73.18	67.26	62.18	57.14	52.09	47.93	44.19	40.49	37.35	34.57	32.61	30.78	29.55	28.86	28.31	28.00	
111.00	104.75	98.54	92.39	86.44	81.01	75.93	71.15	66.41	61.79	57.16	52.79	48.64	45.49	42.49	40.19	38.16	36.65	35.29	33.95	33.45	33.00	
102.00	95.37	89.38	83.86	78.42	73.00	67.59	62.31	57.16	52.80	49.26	45.85	42.48	39.30	36.75	34.71	32.92	32.20	32.10	32.05	32.00	
103.00	97.59	92.26	86.94	81.68	76.50	71.76	67.28	62.81	58.37	53.95	49.92	46.17	42.74	39.86	37.22	35.42	33.76	32.20	30.88	29.61	28.39	28.00	
105.00	99.76	94.54	89.54	84.57	79.77	75.13	70.69	66.32	62.09	58.33	54.61	51.19	47.87	44.81	41.88	39.35	37.52	35.81	34.13	32.61	31.09	29.82	29.00	
113.00	105.79	98.80	92.24	85.92	79.86	73.99	68.13	62.42	57.39	52.40	49.18	46.16	43.18	40.28	37.68	35.76	34.26	33.13	32.36	32.17	32.05	32.00	
119.00	110.92	104.34	97.87	91.72	85.75	79.84	73.96	68.73	64.03	59.35	54.66	50.03	45.79	41.60	38.24	35.66	33.41	31.70	30.45	29.57	28.71	28.00	
107.00	100.28	94.59	89.02	83.55	78.17	73.16	68.23	63.51	59.19	55.62	52.48	49.38	46.32	43.58	40.96	38.58	36.25	33.94	31.88	29.99	28.79	28.00	
110.00	102.50	95.08	88.12	81.28	75.10	69.11	63.55	58.25	53.51	49.71	46.08	43.14	40.29	38.06	35.84	33.85	31.94	30.41	28.92	28.48	28.16	28.00	
119.00	110.93	102.95	95.04	87.39	80.98	75.15	69.49	64.27	59.30	54.55	49.88	45.40	41.23	37.52	34.55	32.26	30.84	29.50	28.47	28.00	
107.00	100.72	94.48	88.53	82.88	77.59	72.58	67.90	63.37	59.42	55.98	52.81	49.94	47.18	44.48	42.11	40.09	38.31	36.62	35.06	34.17	33.56	33.14	33.00	
115.00	107.88	100.86	94.10	88.30	82.54	76.81	71.36	66.24	61.59	57.10	53.08	49.12	45.80	42.58	40.03	37.62	35.25	34.11	33.17	33.00	
111.00	105.37	100.00	94.99	90.10	85.35	80.67	76.18	71.73	67.36	63.06	58.78	54.74	50.98	47.42	44.58	41.83	39.10	36.42	34.15	32.94	32.00	
101.00	94.18	87.69	81.37	75.34	69.43	64.57	60.33	56.27	52.29	49.18	46.25	43.76	41.81	39.86	38.09	36.39	34.79	33.26	32.07	31.00	
108.00	101.33	94.89	88.58	83.08	77.63	72.33	67.09	62.23	57.63	53.14	49.13	45.64	42.51	39.76	37.12	35.44	33.79	32.13	30.86	30.47	30.17	30.00	
122.00	114.26	106.60	99.29	92.11	85.02	77.99	71.78	65.76	60.15	54.72	49.38	44.47	40.72	37.29	33.89	31.57	31.00	30.52	30.18	30.00	
104.00	98.04	92.14	86.45	81.04	75.98	70.96	65.97	61.65	57.56	53.52	49.60	45.93	42.32	39.26	37.18	35.51	33.91	32.62	31.76	30.99	30.39	30.02	30.00	
104.00	97.01	90.08	83.48	77.04	71.35	65.79	60.69	55.78	51.06	47.37	43.83	41.27	39.03	36.87	34.75	32.78	31.62	30.59	29.78	29.18	29.00	
106.00	97.66	90.45	83.63	76.82	70.95	65.15	59.66	54.39	49.84	45.83	42.43	39.13	37.33	35.91	34.49	33.81	33.14	32.55	32.20	32.09	32.00	
111.00	103.81	96.87	90.04	84.19	78.63	73.32	68.73	64.15	59.68	55.96	52.87	49.86	47.36	44.94	42.54	40.18	37.92	36.01	34.14	32.54	32.00	
106.00	98.44	91.24	84.99	78.79	73.42	69.22	65.17	61.33	57.50	53.81	50.16	46.69	43.39	40.17	37.43	35.24	33.82	32.50	31.32	30.34	29.45	29.00	
110.00	102.60	95.45	88.87	82.34	76.83	71.44	66.12	61.52	57.40	53.89	50.61	47.57	44.72	41.92	39.24	36.90	35.19	33.69	32.49	31.55	31.00	
119.00	109.09	99.99	90.94	83.71	76.94	70.50	64.17	58.93	54.03	49.74	45.92	42.88	40.34	38.33	36.63	35.09	34.11	33.23	33.02	33.00	
114.00	106.31	98.67	91.29	84.26	77.44	71.71	66.18	60.86	55.67	51.33	47.18	43.12	39.21	35.39	32.27	30.68	29.71	28.86	28.28	28.12	28.00	
113.00	104.82	97.80	90.87	83.96	77.90	72.03	66.43	61.26	56.79	52.72	48.76	44.81	41.16	37.64	34.89	33.16	31.59	30.49	30.15	30.00	
120.00	112.29	105.16	98.16	91.63	85.37	79.32	73.54	68.54	63.72	59.00	55.02	51.07	47.62	44.53	42.18	40.20	38.23	36.64	35.09	33.60	33.10	33.00	
116.00	107.89	100.04	92.38	85.56	79.33	73.42	67.88	62.85	57.89	53.15	48.90	45.36	41.86	38.37	34.95	32.46	31.26	30.32	30.03	30.00	
119.00	112.33	105.81	99.44	93.54	87.97	82.85	77.89	72.97	68.35	63.73	59.19	55.05	50.99	47.47	43.97	40.97	38.33	36.42	34.52	32.63	31.94	31.40	31.00	
117.00	110.27	103.70	97.45	91.42	85.57	79.96	74.80	69.72	64.69	59.76	55.45	51.35	47.41	43.48	39.70	36.28	34.01	32.11	30.54	29.33	28.22	28.06	28.00	
108.00	101.03	94.12	87.32	80.56	74.55	68.76	63.63	58.83	54.19	50.02	46.06	42.68	40.21	38.41	36.78	35.17	33.70	32.93	32.34	32.00	
121.00	111.67	103.48	95.46	88.21	81.96	75.81	70.30	65.61	60.95	56.33	52.85	49.53	46.47	43.46	40.55	37.85	36.21	34.69	33.31	32.16	31.61	31.14	31.00	
114.00	106.28	98.58	91.65	85.28	79.19	73.21	67.58	62.83	58.59	54.63	50.93	47.91	45.38	43.02	40.77	38.83	36.97	35.26	34.14	33.63	33.16	33.03	33.00	
119.00	108.96	99.10	89.37	81.50	73.70	67.39	61.18	55.08	49.67	44.34	40.15	36.70	34.49	32.68	31.07	29.79	28.76	28.33	28.03	28.00	
107.00	100.78	94.56	89.48	84.43	79.39	75.03	70.71	66.43	62.18	58.04	53.92	49.90	45.96	42.34	39.05	36.48	34.21	32.13	30.60	29.45	29.03	29.00	
113.00	105.11	97.41	89.96	83.29	76.76	70.47	64.90	59.33	54.13	50.42	47.06	43.72	40.58	38.41	36.50	34.71	33.62	32.67	32.10	32.00	
123.00	112.58	103.91	95.45	87.04	80.44	74.11	68.57	63.29	58.67	54.06	49.50	45.51	41.87	38.33	35.18	33.76	32.36	31.02	30.01	29.20	28.46	28.07	28.00	
119.00	111.15	103.57	96.26	89.48	83.18	76.97	70.91	64.90	60.51	56.22	52.10	47.99	44.28	40.58	37.22	34.69	33.14	31.79	30.57	29.75	29.32	29.00	
121.00	111.94	103.29	94.78	86.39	78.72	71.20	64.02	57.12	51.33	46.17	43.18	40.27	37.89	35.84	34.29	33.77	33.36	33.07	33.03	33.00	
112.00	104.84	98.48	92.21	86.46	80.78	75.50	70.42	65.64	61.13	56.68	52.47	48.48	44.75	41.14	38.26	36.30	34.47	33.22	32.11	31.03	30.00	
114.00	107.53	101.25	94.98	89.33	83.85	78.41	72.99	67.72	62.98	58.27	54.28	50.46	47.18	44.21	41.65	39.68	37.71	35.91	34.16	33.00	
103.00	95.44	88.71	83.14	77.79	72.72	67.74	62.90	58.38	54.13	50.22	46.51	42.86	39.92	37.52	35.94	34.74	33.84	33.24	33.01	33.00	
110.00	102.37	94.96	88.15	81.34	74.87	68.60	63.18	58.40	54.39	50.40	46.57	42.94	40.03	37.49	35.18	33.55	32.04	30.79	29.76	28.85	28.45	28.22	28.00	
108.00	100.73	93.50	87.06	80.77	75.14	69.55	64.47	59.87	55.53	51.92	48.33	45.18	42.22	39.40	36.68	34.20	32.02	29.97	28.18	28.00	
105.00	99.53	94.09	89.01	84.09	79.68	75.62	71.79	67.99	64.46	61.04	57.73	54.46	51.20	48.08	45.39	42.95	40.79	38.65	36.62	35.39	34.54	33.71	33.00	
106.00	98.54	91.80	85.88	80.39	75.20	70.19	65.29	60.69	56.09	52.00	48.41	45.61	43.04	40.57	38.61	36.98	35.68	34.52	33.89	33.43	33.00	
110.00	104.02	98.18	92.42	86.69	80.99	75.85	70.91	65.98	61.10	56.25	51.41	46.66	42.05	38.75	35.77	33.65	31.91	30.38	29.47	28.57	28.00	
106.00	99.05	92.45	86.66	80.97	75.95	71.05	66.47	62.31	58.46	54.75	51.43	48.21	45.07	42.00	39.34	36.78	34.34	32.66	30.99	29.38	28.43	28.20	28.00	
106.00	98.62	91.29	84.73	78.69	73.04	67.94	63.17	58.48	54.27	50.10	46.63	43.57	40.63	37.71	35.23	34.16	33.33	32.60	31.93	31.51	31.19	31.10	31.00	
114.00	106.23	98.69	91.16	83.81	77.00	70.43	63.91	58.33	53.18	49.18	45.26	41.76	38.60	36.10	34.38	32.73	31.14	30.28	29.48	29.00	
102.00	94.91	88.49	82.30	76.42	70.58	65.15	59.71	55.61	52.58	49.56	46.60	43.72	41.15	38.77	36.99	35.24	33.91	32.86	31.99	31.42	31.00	
121.00	113.76	106.57	99.51	92.53	85.68	79.44	73.26	67.66	62.13	56.86	51.74	46.76	42.34	38.56	35.53	33.93	32.99	32.27	32.04	32.00	
121.00	113.00	105.02	97.06	89.70	82.63	76.04	69.67	64.13	59.58	55.19	51.29	47.75	44.26	41.67	39.38	37.18	35.31	33.97	32.94	32.14	31.52	31.08	31.00	
106.00	98.91	92.30	85.96	80.79	75.63	70.93	66.37	61.88	57.56	53.54	49.60	45.67	41.87	38.29	34.77	33.01	31.75	31.05	30.57	30.10	29.67	29.27	29.00	
117.00	109.03	101.80	95.13	89.01	83.30	77.64	73.30	69.34	65.56	62.15	58.73	55.69	52.69	49.75	46.87	44.07	41.54	39.14	36.77	34.73	33.42	33.00	
105.00	96.86	89.22	82.49	76.30	71.31	66.78	62.37	57.98	54.00	50.03	46.13	42.49	38.95	35.73	33.84	32.02	30.99	30.12	29.67	29.23	29.00	
110.00	103.98	98.05	92.13	86.36	80.96	75.65	70.34	65.50	60.76	56.25	52.57	48.96	45.60	42.33	39.22	37.06	35.50	34.18	33.03	32.36	32.00	
108.00	99.05	90.30	82.53	75.93	69.77	63.66	58.84	54.59	50.37	46.32	42.36	38.62	35.06	32.74	32.08	31.45	30.85	30.34	30.18	30.02	30.00	
111.00	104.02	97.34	90.93	84.84	79.16	73.51	68.08	63.32	59.88	56.69	53.59	50.76	48.29	45.96	43.91	41.94	40.25	38.67	37.12	35.59	34.19	32.87	32.00	
118.00	110.14	102.31	94.73	87.36	80.33	73.40	67.63	61.91	57.02	53.14	49.65	46.16	43.56	41.17	38.91	37.06	35.39	33.89	32.82	32.06	31.31	31.00	
102.00	95.70	89.62	84.26	79.19	74.87	70.56	66.31	62.15	58.51	55.25	52.05	48.90	45.89	43.24	40.87	38.74	36.68	35.55	34.69	34.05	33.43	33.16	33.00	
111.00	104.72	98.63	92.59	86.64	80.91	75.45	70.24	65.06	60.23	56.35	52.67	49.08	45.92	42.92	40.05	37.86	35.96	34.27	33.00	32.38	32.00	
112.00	105.20	98.64	92.14	86.46	81.01	75.60	70.65	65.70	60.99	56.48	52.73	49.00	45.64	42.37	39.58	37.48	36.03	34.64	33.41	32.78	32.42	32.08	32.00	
108.00	101.39	95.24	89.11	83.11	77.14	71.76	66.48	61.67	57.71	53.96	50.69	47.57	44.50	41.65	39.05	36.66	34.55	32.58	31.08	29.91	29.00	
111.00	103.67	96.62	90.34	84.09	78.50	73.34	68.20	63.29	58.88	54.80	50.71	46.83	43.08	39.58	36.80	34.18	32.41	31.06	30.13	30.00	
115.00	104.84	94.98	86.05	78.53	71.70	64.92	58.89	53.27	48.37	45.01	42.12	39.27	36.93	34.61	32.57	31.42	30.39	29.45	28.77	28.42	28.13	28.00	
103.00	97.47	91.94	86.58	81.22	76.61	72.01	67.56	63.13	58.76	54.56	50.62	47.03	43.84	40.95	38.10	35.73	33.93	32.50	31.11	30.50	30.00	
113.00	103.37	94.14	85.36	77.12	69.03	61.67	57.12	52.61	48.91	45.27	41.85	38.47	35.13	32.02	31.13	30.39	29.80	29.23	28.71	28.34	28.15	28.00	
121.00	109.94	99.98	90.39	81.69	73.33	65.20	59.17	53.28	48.38	43.95	39.91	36.06	33.79	31.79	29.88	29.19	28.56	28.32	28.13	28.00	
113.00	104.89	96.82	89.22	82.76	77.12	71.51	66.42	61.79	57.61	53.90	50.19	47.09	44.15	41.30	38.48	35.92	33.94	32.36	31.21	30.63	30.15	30.00	
118.00	108.47	98.95	90.95	83.09	76.65	70.77	65.02	59.79	54.70	49.98	46.09	43.19	40.50	38.60	36.72	34.84	33.61	32.67	32.07	32.00	
119.00	110.30	101.97	94.50	87.51	80.91	74.93	69.20	63.82	58.60	54.28	50.23	46.59	43.27	40.01	36.99	34.47	32.09	30.29	28.93	28.30	28.00	
103.00	96.83	90.67	84.55	79.12	73.95	68.81	63.80	59.66	55.59	52.04	48.64	46.07	44.00	42.06	40.21	38.66	37.32	36.10	35.02	33.96	33.31	33.08	33.00	
112.00	103.32	94.92	86.67	78.67	71.84	65.08	59.28	53.61	48.57	43.63	40.20	37.28	34.81	32.93	31.59	30.62	30.11	30.03	30.01	30.00	
118.00	110.33	102.99	96.08	89.91	83.94	78.38	73.05	67.93	63.33	58.78	54.40	50.05	46.51	43.15	40.01	36.98	34.13	31.66	29.68	29.00	
120.00	113.49	107.19	101.04	94.98	89.09	83.30	77.64	72.18	67.44	62.87	58.33	53.84	49.38	45.00	40.62	37.17	34.48	32.08	29.81	28.95	28.48	28.23	28.00	
103.00	98.02	93.07	88.16	83.51	78.88	74.32	70.03	65.80	61.93	58.18	54.48	50.82	47.77	44.79	41.90	39.25	36.80	35.75	34.79	34.07	33.51	33.00	
110.00	103.66	97.72	92.08	86.49	81.12	76.16	71.38	66.65	62.01	57.49	53.20	49.37	45.59	41.96	38.37	34.88	32.23	30.62	29.06	29.00	
121.00	113.29	105.60	98.22	91.15	84.21	77.83	71.53	65.93	61.01	56.92	52.85	48.82	45.87	43.11	40.40	37.85	35.39	33.12	30.89	30.53	30.23	30.00	
120.00	111.88	104.21	97.25	90.33	83.64	77.41	71.20	65.13	59.51	54.57	50.20	46.02	42.30	38.65	35.64	33.73	31.89	30.23	28.80	28.00	
110.00	103.63	97.46	91.47	85.87	80.55	75.83	71.25	66.73	62.26	57.80	53.63	49.75	45.89	42.13	38.72	35.99	34.11	32.60	31.20	30.09	29.06	28.15	28.00	
101.00	94.93	88.97	83.03	77.48	72.33	67.78	63.51	59.30	55.21	51.59	47.99	45.06	42.47	40.63	38.96	37.39	35.95	34.52	33.47	32.50	32.23	32.00	
105.00	96.85	88.78	80.83	73.41	66.45	59.63	55.02	50.77	46.62	43.39	40.63	37.96	37.07	36.19	35.33	34.53	33.94	33.54	33.24	33.00	
113.00	106.52	100.28	94.12	88.06	82.06	76.08	70.15	64.70	59.30	53.97	49.68	45.89	42.11	38.62	36.05	33.87	32.24	31.16	30.14	29.20	28.49	28.00	
108.00	101.69	95.53	89.53	83.60	77.68	72.09	66.60	61.64	56.98	52.97	49.36	45.83	42.61	40.13	37.76	36.02	34.58	33.22	31.88	30.73	29.64	29.00	
104.00	97.28	90.85	84.59	78.88	73.59	68.38	63.23	58.17	53.44	48.96	44.70	41.63	38.86	37.04	35.32	33.66	32.34	31.33	30.37	30.00	
116.00	107.74	100.67	93.91	87.34	80.84	74.42	68.29	63.63	59.21	54.87	50.96	47.78	44.79	42.23	39.88	38.21	36.71	35.25	33.92	33.04	32.33	32.00	
123.00	115.57	108.65	101.85	95.14	88.48	81.99	75.80	70.01	64.33	59.55	55.50	51.54	47.84	44.76	42.34	40.02	37.74	35.84	34.67	33.62	33.00	
123.00	115.14	107.71	100.36	93.33	86.34	79.61	73.52	67.78	62.36	57.01	52.37	48.17	44.11	40.42	37.22	34.77	32.77	31.05	29.53	29.00	
117.00	107.66	98.79	90.61	83.69	77.02	70.79	64.75	58.91	53.30	49.21	45.53	42.40	40.12	37.91	35.76	34.04	32.35	31.96	31.62	31.31	31.00	
104.00	97.13	90.36	84.27	78.28	73.09	68.11	63.16	58.48	54.42	50.94	47.77	44.88	42.23	39.98	38.04	36.85	35.80	34.84	34.22	33.67	33.17	33.00	
103.00	93.47	84.09	75.27	67.09	61.62	57.03	52.93	49.29	46.29	43.47	41.27	39.09	37.07	35.18	33.36	32.08	30.87	29.69	29.33	29.00	
122.00	114.22	106.90	99.76	92.95	86.25	79.84	73.94	68.32	63.26	58.29	53.77	49.79	46.40	43.10	39.90	36.85	34.49	32.57	30.78	29.32	28.44	28.00	
121.00	112.28	103.73	95.55	87.87	80.68	74.34	68.44	62.58	57.24	53.46	49.71	46.07	42.82	40.02	37.31	34.62	32.45	31.62	31.15	31.00	
121.00	113.99	107.40	100.97	94.55	88.15	81.80	75.85	70.35	66.02	61.77	57.64	53.85	50.23	46.82	43.87	41.29	39.05	37.34	35.72	34.30	33.06	32.50	32.00	
112.00	102.90	94.67	86.90	79.23	72.16	65.61	59.65	53.71	49.28	44.95	41.07	38.26	36.10	34.23	32.42	31.10	30.12	29.19	28.35	28.16	28.00	
101.00	95.44	89.88	84.44	79.14	74.13	69.54	65.01	60.61	56.54	52.51	48.54	44.58	40.63	37.04	34.86	33.36	32.15	31.64	31.29	31.14	31.00	
102.00	95.63	89.63	83.65	77.71	72.29	67.74	63.43	59.30	55.33	51.63	48.71	45.80	43.20	40.66	38.62	36.79	35.10	33.58	32.59	31.65	30.71	30.25	30.00	
102.00	92.95	86.79	80.67	75.26	69.95	65.45	61.50	57.74	53.99	50.34	47.21	44.51	41.92	39.42	37.59	36.25	35.21	34.29	33.37	33.00	
120.00	111.45	103.12	95.21	88.35	82.66	77.00	71.36	65.87	60.45	55.18	49.96	46.29	42.65	39.47	37.41	35.86	34.70	33.55	32.41	31.46	30.71	30.08	30.00	
110.00	102.62	95.40	88.99	83.35	77.86	72.47	67.49	62.55	57.62	52.73	48.29	44.14	40.54	37.21	35.15	33.23	32.01	31.42	31.10	31.00	
118.00	108.81	99.80	91.55	83.66	76.94	70.75	65.02	59.33	53.69	49.82	46.16	42.77	39.39	36.60	33.83	32.51	31.36	30.23	29.67	29.23	29.00	
123.00	114.14	105.44	97.50	89.84	82.49	75.25	69.20	63.54	58.34	54.50	50.87	47.70	44.57	41.49	38.80	36.34	35.14	34.08	33.28	33.00	
121.00	112.79	105.47	98.74	92.09	85.62	79.46	73.41	67.59	62.18	57.27	52.56	47.90	44.77	42.81	41.01	39.24	37.71	36.49	35.31	34.41	33.60	33.16	33.00	
102.00	96.61	91.32	86.08	81.12	76.27	71.54	67.06	63.11	59.39	55.89	52.55	49.39	46.43	43.85	41.39	39.40	37.56	35.84	34.54	33.27	33.00	
107.00	100.57	94.19	88.07	82.31	76.75	71.20	65.72	60.40	55.17	49.94	44.82	40.84	38.20	35.96	34.34	32.78	31.26	29.74	28.84	28.30	28.00	
102.00	96.32	91.03	85.87	80.93	76.09	71.33	67.05	63.34	59.94	56.69	53.91	51.16	48.53	46.09	43.71	41.37	39.13	37.13	35.16	33.35	32.70	32.21	32.00	
120.00	113.01	106.16	99.39	93.02	87.00	81.08	75.32	69.78	64.33	58.94	54.02	49.15	44.33	40.43	36.92	33.87	32.24	31.20	30.31	30.00	
105.00	95.67	87.18	78.90	72.51	66.26	60.94	55.76	52.24	49.09	46.34	43.97	41.75	39.55	37.54	35.59	33.75	32.48	31.72	31.22	31.08	31.00	
116.00	109.62	103.28	97.56	91.88	86.20	80.69	75.24	70.84	66.60	62.52	58.53	55.11	51.73	48.48	45.39	42.56	39.98	37.54	35.11	34.33	33.81	33.40	33.00	
114.00	105.95	97.97	90.13	82.58	75.23	67.95	62.09	56.71	52.62	49.72	46.94	44.22	41.78	39.48	37.57	35.93	34.46	33.30	32.41	32.19	32.00	
121.00	113.44	106.26	99.10	92.00	85.48	79.35	73.37	68.44	63.55	59.08	55.11	51.50	48.31	45.17	42.08	39.05	36.08	34.40	33.25	33.00	
120.00	110.57	101.61	93.01	85.61	78.53	71.69	65.11	59.63	54.27	49.19	45.28	41.62	38.36	35.36	33.51	31.79	30.87	30.07	29.47	29.02	29.00	
123.00	113.30	104.54	96.48	88.94	81.50	75.85	70.61	65.59	60.65	55.86	51.46	47.23	43.42	39.86	36.73	34.21	32.39	30.84	29.88	29.12	29.00	
112.00	104.62	98.01	91.65	85.46	79.68	73.98	68.48	63.83	59.21	55.34	51.50	48.41	45.33	42.51	39.69	37.03	34.92	34.15	33.42	33.02	33.00	
107.00	100.94	94.91	88.92	83.01	77.53	72.26	68.08	63.95	59.90	55.88	51.86	47.90	44.10	40.34	36.92	34.12	33.07	32.10	31.38	30.78	30.39	30.00	
101.00	95.43	89.86	84.38	78.98	73.76	68.58	63.49	58.56	54.22	50.32	46.51	42.73	39.39	36.65	34.59	32.68	30.99	29.53	28.43	28.00	
114.00	108.20	102.45	97.03	91.60	86.66	81.79	76.95	72.21	67.84	63.65	59.55	55.73	52.49	49.34	46.28	43.24	40.24	38.06	36.06	34.41	33.32	33.13	33.00	
122.00	113.09	105.10	97.80	91.17	84.72	79.38	74.55	70.13	65.77	61.50	57.26	53.69	50.50	47.43	44.49	41.75	39.08	36.96	35.29	33.88	33.00	
114.00	106.59	99.35	92.37	85.99	80.18	74.56	69.29	64.52	60.01	55.93	52.43	49.22	46.59	44.04	41.66	39.33	36.99	34.75	32.52	30.77	29.20	28.42	28.00	
101.00	95.30	90.15	85.03	80.10	75.26	70.63	66.24	62.20	58.23	54.27	50.46	47.14	43.84	40.70	38.30	36.06	34.09	32.19	30.45	29.00	
101.00	95.02	89.25	83.50	77.82	72.34	67.06	62.37	57.71	53.09	48.61	44.60	41.29	38.33	35.88	33.56	31.48	29.57	28.95	28.36	28.00	
117.00	109.48	102.10	95.78	89.56	84.26	78.98	73.78	68.65	63.82	59.41	55.23	51.11	47.53	44.03	41.50	39.30	37.18	35.50	34.86	34.26	33.69	33.30	33.00	
123.00	111.46	99.92	90.28	81.42	72.74	64.19	57.76	53.26	49.83	46.48	43.92	41.42	39.30	37.78	36.65	35.55	34.53	33.77	33.03	32.32	32.08	32.00	
104.00	96.91	90.29	83.80	77.48	71.38	66.46	61.86	57.37	53.55	49.76	46.20	42.97	40.20	37.65	35.18	32.89	31.53	30.58	30.16	30.03	30.00	
113.00	105.68	98.61	91.64	84.93	78.82	72.88	68.18	63.63	59.08	54.55	50.27	46.38	42.90	39.46	36.41	33.55	31.32	29.60	28.22	28.00	
121.00	110.65	100.51	92.07	84.24	77.55	72.06	66.62	61.46	56.81	52.22	48.07	44.36	41.25	38.47	36.33	35.12	34.28	33.67	33.15	33.00	
121.00	110.39	101.08	91.78	84.05	77.05	70.72	64.42	59.70	55.00	50.58	46.83	43.16	39.88	38.00	36.23	34.57	33.02	31.50	30.58	30.00	
106.00	98.05	90.12	83.23	76.93	70.71	64.50	59.76	55.09	51.37	47.76	44.74	41.90	39.15	37.20	35.26	33.62	32.07	30.61	29.74	28.90	28.34	28.03	28.00	
101.00	93.81	86.68	79.94	73.23	66.77	61.56	56.56	52.25	48.24	44.72	41.49	39.40	37.53	36.08	34.71	33.57	33.06	32.70	32.35	32.09	32.00	
107.00	99.98	93.27	87.02	81.19	75.66	70.46	65.53	60.61	55.76	51.08	47.38	44.31	41.80	39.48	37.44	35.88	34.61	33.35	32.28	31.64	31.28	31.00	
101.00	93.82	87.77	82.17	76.85	71.95	67.36	63.38	59.45	56.15	52.88	49.78	46.91	44.18	41.98	39.93	37.93	36.24	34.63	33.30	32.16	31.12	30.51	30.00	
123.00	115.06	107.30	99.72	92.44	86.15	80.26	74.48	68.86	63.48	58.15	52.99	48.60	44.65	41.37	38.75	36.80	35.04	33.52	32.37	32.00	
119.00	111.67	104.40	98.32	92.38	86.51	80.88	75.36	69.88	65.02	60.20	55.61	51.16	47.05	43.11	39.98	38.22	36.55	35.09	33.81	32.55	31.68	31.00	
102.00	95.80	89.84	84.03	78.30	73.51	68.78	64.28	60.10	56.13	52.39	49.00	45.68	42.72	39.80	37.37	35.45	33.64	32.11	31.02	30.56	30.25	30.00	
104.00	95.20	87.22	80.75	74.54	68.33	62.82	58.29	54.05	50.00	46.77	44.12	41.60	39.22	37.07	35.03	33.00	31.01	29.56	28.94	28.33	28.12	28.00	
117.00	109.84	102.81	96.00	89.27	83.32	77.46	71.69	66.28	60.90	56.34	52.19	48.25	44.62	41.03	37.62	35.01	33.66	32.64	31.70	31.42	31.20	31.00	
119.00	109.88	100.98	94.03	87.16	80.28	74.29	68.52	62.87	59.21	56.00	52.98	50.03	47.14	44.48	42.05	39.74	37.45	35.54	33.70	32.42	31.19	31.00	
102.00	96.16	90.48	84.95	79.70	74.47	69.26	64.48	60.14	56.54	52.98	49.46	46.18	42.91	40.35	37.90	36.13	34.49	33.08	31.91	30.77	29.77	29.00	
122.00	113.73	105.53	98.09	90.67	83.72	76.95	70.77	64.75	59.11	55.15	51.27	47.52	44.01	40.76	37.97	35.29	33.00	31.67	30.51	30.00	
104.00	97.83	91.78	85.79	80.43	75.51	70.67	65.84	61.31	56.78	52.47	48.50	44.66	41.49	38.62	35.77	33.28	31.72	30.39	29.24	29.00	
109.00	101.82	95.10	88.76	82.80	77.09	71.39	65.93	61.46	57.77	54.10	50.60	47.13	44.62	42.13	39.87	38.20	36.76	35.46	34.25	33.26	32.34	32.13	32.00	
122.00	113.62	105.69	97.94	90.80	83.76	76.84	70.21	63.58	57.59	51.82	46.66	41.89	38.51	35.41	33.14	31.91	31.09	30.35	29.83	29.42	29.02	29.00	
107.00	101.13	95.27	89.95	84.74	79.57	74.44	69.57	64.88	60.58	56.59	52.72	49.25	46.08	42.91	40.32	38.08	35.87	34.53	33.50	32.61	31.87	31.31	31.00	
116.00	107.82	100.17	92.95	85.98	79.78	74.05	68.52	63.48	58.54	53.61	49.63	45.76	42.95	40.28	38.10	35.92	34.03	32.73	31.53	30.58	30.17	30.00	
120.00	111.97	104.13	96.86	89.96	83.09	76.70	70.70	64.85	59.30	54.00	49.22	44.76	41.27	38.01	35.69	34.78	33.94	33.19	32.55	32.02	31.48	31.08	31.00	
112.00	105.07	98.27	92.51	86.97	81.61	76.34	71.07	65.99	61.15	56.62	52.24	48.23	45.80	43.54	41.31	39.32	37.62	35.96	34.37	33.23	32.72	32.31	32.00	
103.00	97.81	92.64	87.54	82.55	77.65	72.79	68.21	63.70	59.31	55.61	52.34	49.20	46.33	43.59	40.99	38.53	36.08	35.14	34.24	33.45	33.18	33.03	33.00	
110.00	102.65	95.75	89.67	84.02	78.47	72.94	67.81	62.77	58.51	54.64	50.94	47.45	44.19	40.97	37.82	35.13	32.61	30.83	29.44	28.63	28.00	
109.00	101.48	94.12	87.63	81.43	76.76	72.37	68.44	64.75	61.06	57.78	54.51	51.35	48.45	45.65	43.29	41.15	39.27	37.67	36.44	35.24	34.09	33.02	33.00	
116.00	109.50	103.05	96.61	90.78	85.17	79.67	74.34	69.08	64.68	60.31	56.12	52.03	48.09	44.24	40.74	37.31	35.30	33.30	31.92	31.28	30.77	30.32	30.00	
120.00	112.91	105.89	98.88	91.95	85.26	79.15	73.12	67.97	62.94	57.99	53.47	49.44	45.79	42.90	40.13	37.45	35.16	33.59	32.03	30.57	30.05	30.00	
104.00	96.76	89.63	82.59	75.98	69.62	64.01	59.08	54.33	49.81	46.50	43.94	41.42	39.06	36.76	34.82	32.92	31.71	30.62	29.58	28.89	28.44	28.00	
108.00	101.73	95.50	89.30	83.37	77.54	71.78	66.06	60.35	54.91	49.57	44.31	40.61	37.67	35.01	32.57	31.27	30.57	29.99	29.47	29.00	
122.00	113.50	105.58	97.84	90.76	83.96	77.37	71.93	66.98	62.07	57.44	52.96	48.95	44.96	41.31	38.05	35.48	32.94	31.11	29.63	29.00	
117.00	108.04	99.21	91.10	83.21	75.54	68.53	63.26	58.49	54.20	50.41	46.62	43.61	40.85	38.48	36.83	35.22	33.83	32.45	31.73	31.34	31.10	31.00	
116.00	107.25	98.99	90.77	83.61	76.58	69.84	63.90	58.21	53.20	48.31	44.23	41.53	39.03	36.63	34.34	32.62	31.38	30.32	29.55	29.00	
121.00	111.17	102.40	95.76	89.15	82.63	76.21	70.00	63.84	58.36	53.63	49.34	45.85	43.07	40.44	38.25	36.15	34.87	34.16	33.67	33.29	33.01	33.00	
114.00	106.78	100.39	94.02	87.72	81.47	75.26	69.26	63.76	58.44	54.17	50.14	46.53	43.22	40.60	38.37	36.35	34.40	32.72	31.41	30.63	30.00	
121.00	112.13	104.25	97.21	90.35	83.63	77.47	71.50	65.76	60.30	55.82	51.36	46.94	43.26	39.68	36.17	34.56	33.63	32.97	32.53	32.16	32.00	
123.00	114.40	105.94	98.34	91.45	84.56	77.71	71.71	66.49	62.16	58.37	54.71	51.25	47.88	44.57	41.45	38.66	36.01	33.73	32.04	30.66	30.00	
119.00	111.08	103.65	96.46	89.49	82.54	75.88	69.29	63.43	58.44	53.52	49.39	46.06	42.89	40.69	38.59	36.54	34.55	33.18	32.04	31.23	31.00	
105.00	98.01	91.91	86.17	80.50	74.97	69.66	64.96	60.97	57.04	53.30	49.81	46.39	43.24	40.09	37.44	34.97	32.74	31.66	30.75	30.08	29.52	29.00	
103.00	97.38	91.79	86.48	82.00	77.58	73.18	68.84	64.77	60.79	56.84	53.24	50.57	48.31	46.19	44.12	42.05	40.01	38.43	36.88	35.65	34.55	33.64	33.00	
113.00	104.84	96.89	89.03	82.30	75.65	70.57	65.51	60.62	56.57	52.60	48.79	45.19	42.31	39.79	37.90	36.72	35.65	34.61	33.77	33.00	
116.00	108.95	102.11	95.79	89.68	83.68	77.84	72.53	67.72	62.95	58.19	53.72	49.33	45.11	41.29	37.83	34.79	32.48	30.64	29.31	28.12	28.00	
112.00	105.45	99.13	92.96	87.50	82.12	76.75	71.66	66.69	61.78	57.48	53.32	50.11	47.04	44.24	41.66	39.46	37.50	35.60	33.94	32.65	32.15	32.00	
111.00	103.95	97.23	90.75	84.28	78.21	72.22	66.69	61.24	56.32	51.46	46.80	42.23	38.73	36.67	35.03	33.65	32.41	31.41	30.64	30.16	30.00	
101.00	94.52	88.27	82.17	76.51	71.05	65.72	60.45	56.60	52.93	49.45	46.06	42.78	40.08	37.54	35.16	33.18	31.77	30.93	30.16	29.58	29.33	29.17	29.00	
110.00	104.24	98.93	93.69	88.56	83.57	78.63	74.03	69.77	65.63	61.90	58.19	54.48	50.90	47.46	44.23	41.22	38.31	35.50	32.80	31.20	29.87	28.71	28.00	
106.00	99.61	93.64	87.92	82.62	77.33	72.20	67.47	63.21	59.19	55.24	51.72	48.34	45.02	42.01	39.00	36.09	33.91	31.95	31.24	30.58	30.00	
116.00	108.95	102.18	95.59	89.02	82.94	76.98	71.72	66.48	61.77	57.26	52.96	49.04	45.52	42.25	39.21	36.55	34.99	33.88	33.10	32.39	32.00	
117.00	108.83	101.38	94.13	87.43	80.98	74.58	69.26	64.14	59.44	54.92	50.43	46.11	42.52	39.07	36.46	34.76	33.62	32.79	32.24	31.73	31.37	31.07	31.00	
121.00	113.62	106.27	99.23	92.35	85.55	79.72	74.11	68.67	63.34	58.18	53.30	48.84	45.22	41.83	39.17	37.22	35.57	34.31	33.19	32.38	31.64	31.00	
123.00	115.73	108.47	101.76	95.34	88.95	82.95	77.02	71.26	65.72	60.33	54.99	49.85	45.89	43.09	40.29	37.72	36.20	34.78	33.42	32.79	32.37	32.05	32.00	
116.00	108.00	100.63	93.29	86.28	79.47	73.12	66.92	60.94	55.07	50.90	47.07	43.33	40.53	38.02	35.53	34.71	33.92	33.16	32.55	32.02	32.00	
111.00	103.02	95.90	88.96	82.16	75.84	69.65	64.13	60.08	56.26	52.59	49.04	45.90	42.93	40.40	38.76	37.20	35.68	34.62	33.59	32.68	32.00	
115.00	107.53	100.36	94.34	88.91	83.55	78.18	72.95	68.10	63.71	59.41	55.43	52.01	48.78	45.56	42.40	39.61	37.22	35.37	34.52	33.86	33.37	33.16	33.00	
118.00	111.25	104.57	98.50	92.53	86.63	81.05	75.64	70.30	65.20	60.61	56.23	51.93	48.22	44.82	41.53	38.74	35.96	33.70	31.75	30.88	30.07	30.00	
108.00	101.71	95.45	89.41	83.75	78.13	72.96	68.07	63.46	59.04	54.70	50.88	47.37	44.57	42.28	40.12	38.09	36.39	34.87	33.50	32.65	32.00	
113.00	106.36	100.47	94.75	89.41	84.18	79.03	73.97	69.09	64.28	59.48	54.79	50.19	46.21	43.25	40.59	38.13	36.25	34.55	32.95	32.00	
112.00	105.14	98.97	93.08	87.28	81.95	76.63	71.32	66.25	61.44	56.73	52.11	48.00	44.35	41.76	39.20	36.94	35.24	33.62	32.52	31.67	31.25	31.04	31.00	
114.00	104.22	94.99	85.89	76.82	68.27	62.69	57.94	53.77	49.66	45.69	42.11	38.83	36.36	33.97	32.19	31.04	30.24	29.47	29.04	29.00	
121.00	113.13	105.31	97.75	90.24	83.02	76.61	70.56	64.58	59.77	55.88	52.46	49.05	45.68	42.64	39.81	37.48	35.92	34.52	33.23	33.00	
103.00	97.80	92.61	87.56	82.61	78.30	74.02	69.74	65.48	61.23	57.00	53.03	49.88	46.74	43.91	41.14	38.37	36.18	34.39	32.76	31.28	30.32	30.00	
121.00	113.08	105.59	98.61	91.88	85.90	80.50	75.13	70.01	64.95	60.64	56.34	52.30	48.89	45.56	42.24	39.78	37.56	35.67	34.10	32.72	32.16	32.00	
112.00	106.00	100.53	95.18	90.03	85.02	80.00	75.27	71.11	66.98	62.97	59.06	55.23	51.40	47.71	44.17	41.01	38.59	36.56	34.80	33.40	32.09	31.16	31.00	
121.00	112.05	104.23	96.46	88.88	81.78	76.06	70.56	65.58	60.94	56.44	52.75	49.18	46.09	43.26	40.62	38.17	35.75	33.38	32.56	31.78	31.00	
103.00	96.48	90.14	84.67	79.27	74.01	68.96	64.18	60.58	57.16	53.80	50.52	47.40	44.53	42.31	40.17	38.27	36.42	34.76	34.07	33.52	33.07	33.00	
107.00	102.07	97.18	92.50	88.00	83.59	79.32	75.06	70.88	66.76	62.78	58.91	55.62	52.33	49.05	45.81	43.10	40.38	37.96	35.57	33.53	31.68	30.67	30.00	
114.00	106.33	99.37	92.43	85.88	79.68	74.17	69.12	64.40	59.73	55.36	51.33	47.49	44.11	41.15	38.46	36.17	34.67	33.37	32.46	31.55	31.36	31.18	31.00	
118.00	107.48	97.47	90.18	82.90	75.72	69.04	62.40	55.84	50.69	46.10	42.99	40.27	37.76	35.33	33.89	32.83	31.86	31.20	30.58	30.00	
101.00	94.77	88.56	82.43	76.31	70.22	64.45	59.33	54.95	50.71	46.54	42.84	40.05	37.72	35.90	34.38	33.22	32.15	31.27	30.45	29.93	29.50	29.17	29.00	
118.00	110.11	103.28	96.60	90.09	84.14	78.22	73.25	68.31	64.09	59.88	56.41	53.16	49.92	47.02	44.33	41.78	39.35	37.06	35.20	33.95	32.70	31.61	31.00	
111.00	105.04	99.39	93.93	88.80	83.87	79.00	74.36	69.95	65.65	61.54	57.45	53.50	49.66	46.58	43.50	40.92	38.64	36.64	34.90	33.65	32.53	31.55	31.00	
121.00	112.86	105.30	98.49	92.16	85.95	80.20	74.50	68.86	63.30	58.70	54.25	49.83	45.52	41.48	37.65	35.88	34.35	32.85	31.61	30.45	29.43	29.06	29.00	
103.00	96.04	89.94	83.85	78.17	73.23	68.45	63.86	59.52	55.21	50.92	47.07	43.86	40.71	38.04	35.62	33.61	32.09	30.72	29.76	29.08	29.02	29.00	
119.00	111.78	104.72	98.21	91.71	85.64	79.75	74.37	69.63	65.20	61.45	57.73	54.24	50.81	47.39	44.02	40.89	38.01	35.59	33.60	31.76	30.12	29.00	
120.00	111.49	103.62	96.12	89.21	83.23	77.57	72.07	67.19	62.46	57.84	54.05	50.74	47.72	45.03	42.42	40.02	37.72	35.87	34.36	33.49	33.00	
105.00	98.36	91.83	85.63	79.59	74.26	69.11	64.10	59.40	55.20	51.31	47.47	44.23	41.43	39.14	36.84	34.76	32.89	31.59	30.50	29.62	29.20	29.09	29.00	
113.00	106.20	99.54	93.17	86.82	80.50	75.24	70.04	64.88	59.94	55.27	51.16	47.15	43.21	40.25	37.36	34.71	32.32	30.93	29.67	28.80	28.00	
122.00	113.94	106.20	99.26	92.48	86.46	80.97	75.62	70.37	65.27	60.45	55.93	51.79	48.49	45.39	42.66	39.99	37.40	35.25	33.17	32.00	
115.00	105.93	97.05	90.23	83.67	77.73	72.32	67.70	63.37	59.94	56.60	53.57	50.65	47.77	44.94	42.22	39.83	37.59	36.31	35.06	33.81	33.28	33.00	
121.00	111.74	102.66	95.00	87.62	80.61	74.68	69.01	64.34	59.92	56.29	52.67	49.66	46.66	43.67	40.70	38.37	36.88	35.44	34.01	33.09	33.00	
121.00	111.90	103.22	95.12	87.12	80.73	74.49	68.27	62.99	57.87	52.98	48.19	44.35	40.90	38.63	36.36	35.19	34.30	33.53	33.04	33.00	
102.00	95.04	88.10	81.56	75.02	69.58	64.85	60.99	57.41	53.88	50.81	48.07	45.36	42.78	40.32	38.05	36.55	35.17	34.10	33.68	33.27	33.00	
112.00	105.82	99.82	94.24	88.91	83.79	78.68	73.61	68.58	63.57	58.71	54.13	50.00	46.67	43.52	40.60	38.15	36.52	35.12	34.01	33.13	32.36	32.00	
119.00	111.74	104.68	98.02	91.72	85.84	80.23	74.94	70.21	65.50	61.18	57.39	53.63	50.23	47.45	44.70	42.33	40.13	38.20	36.40	35.16	34.15	33.39	33.00	
119.00	109.41	102.14	95.58	89.20	83.10	77.05	72.11	67.57	63.11	58.89	54.84	50.81	47.15	44.49	41.84	39.38	37.22	35.46	34.05	32.71	32.29	32.00	
112.00	105.60	99.45	93.60	88.17	82.79	77.50	72.76	68.28	63.91	59.55	55.59	51.67	48.24	44.88	41.64	38.83	36.11	33.48	31.09	29.20	29.00	
119.00	109.80	101.10	93.29	85.82	79.48	73.50	67.61	61.81	56.39	51.71	47.75	43.85	40.49	37.52	35.12	33.01	32.21	31.80	31.40	31.00	
116.00	109.22	102.89	96.63	90.81	85.01	80.06	75.12	70.56	66.08	61.87	57.75	53.99	50.49	47.48	44.60	41.85	39.31	37.15	35.18	33.79	33.17	33.00	
105.00	98.88	92.93	87.22	82.17	77.35	73.00	68.75	64.52	60.48	56.72	53.17	49.88	47.08	44.53	42.23	40.02	37.84	36.16	34.55	33.02	32.17	31.47	31.00	
117.00	108.00	99.25	90.76	82.56	74.43	67.01	59.84	54.89	50.74	46.81	42.93	39.92	37.27	35.52	34.03	32.73	31.45	30.25	29.24	29.00	
107.00	100.05	93.33	87.05	80.96	75.11	69.82	64.98	60.29	55.66	52.15	48.71	45.40	42.63	39.88	37.39	34.90	32.56	30.80	29.56	29.00	
121.00	111.83	103.14	95.60	88.37	81.45	74.97	68.91	63.26	57.62	52.99	48.89	45.08	42.71	40.54	38.47	36.91	35.71	34.52	33.39	32.32	31.50	31.00	
106.00	98.26	91.00	84.25	77.79	72.67	67.67	62.87	58.35	53.84	50.02	46.25	42.52	39.32	36.80	34.51	32.43	30.43	29.09	28.25	28.00	
123.00	112.40	102.43	93.55	86.74	80.38	74.04	68.05	63.33	58.97	54.76	50.89	47.27	43.70	41.09	39.38	37.68	36.00	34.66	33.38	32.68	32.03	32.00	
101.00	93.20	85.96	79.23	72.73	66.98	61.65	56.88	52.45	48.20	44.20	40.81	38.86	37.54	36.48	35.46	34.65	33.86	33.46	33.09	33.00	
108.00	101.75	95.88	90.18	84.89	79.89	75.05	70.41	65.94	61.62	57.72	53.84	50.06	46.32	42.63	39.38	36.37	34.69	33.53	32.40	31.32	31.00	
103.00	95.70	89.08	82.80	76.99	71.47	66.24	61.23	56.35	52.48	48.74	45.02	42.25	39.99	37.88	35.84	33.83	32.16	31.35	30.69	30.08	30.00	
113.00	104.88	96.89	88.97	81.25	75.14	69.50	64.65	59.91	55.43	51.69	48.04	44.40	41.60	39.21	36.98	34.91	33.67	32.46	31.79	31.50	31.24	31.00	
116.00	107.50	100.00	93.06	86.16	79.88	73.86	68.76	63.72	58.79	53.90	49.25	45.37	42.30	39.94	37.69	35.93	34.34	33.30	32.56	32.00	
105.00	98.80	92.77	87.25	82.02	77.04	72.34	68.24	64.32	60.44	56.65	53.07	49.87	46.69	44.04	41.43	38.94	37.10	35.52	34.01	32.90	32.11	32.00	
122.00	115.25	108.56	101.96	95.45	90.08	84.79	79.66	74.58	69.79	65.26	61.06	56.90	53.00	49.69	46.48	43.73	41.21	38.79	36.50	34.60	33.53	33.00	
105.00	98.68	92.73	87.71	82.75	77.89	73.15	68.68	64.22	60.02	56.14	52.55	49.00	45.70	42.76	40.05	38.22	36.43	34.71	33.20	32.19	32.00	
102.00	95.53	89.39	83.78	78.57	73.83	69.58	65.69	62.04	58.48	54.93	51.39	47.87	44.61	41.52	38.51	36.59	34.94	33.66	32.45	31.25	31.00	
101.00	94.65	88.66	83.37	78.10	72.98	67.86	63.53	59.94	56.48	53.71	51.04	48.58	46.16	43.76	41.44	39.24	37.14	35.91	34.73	34.06	33.42	33.09	33.00	
111.00	103.67	96.43	89.75	83.80	77.90	72.03	66.33	60.96	55.91	51.51	48.40	45.48	42.67	39.96	37.50	35.78	34.13	33.50	33.11	33.00	
102.00	97.12	92.52	87.94	83.46	79.07	74.69	70.38	66.21	62.11	58.31	54.77	51.51	48.37	45.58	42.88	40.57	38.35	36.19	34.20	33.12	32.31	32.11	32.00	
112.00	103.45	95.07	88.74	82.69	77.06	72.02	66.99	63.06	59.21	55.40	51.75	48.21	44.90	42.46	40.10	37.76	36.10	34.63	33.49	32.68	31.99	31.37	31.00	
109.00	101.66	94.69	88.01	81.72	75.57	69.75	63.97	59.49	55.30	51.14	47.14	43.89	40.92	38.40	36.53	34.78	33.18	31.68	30.25	28.95	28.00	
101.00	94.41	88.52	83.19	78.00	73.07	69.44	65.89	62.42	59.00	55.59	52.23	48.99	45.83	42.75	39.85	37.53	35.71	34.08	32.78	32.02	32.00	
119.00	111.19	104.04	96.94	90.22	83.50	77.02	71.35	65.86	60.70	55.57	50.46	45.65	41.36	38.44	36.14	33.86	31.80	30.31	29.13	29.06	29.00	
104.00	98.01	92.12	86.43	80.80	75.27	69.93	64.81	60.17	56.00	52.50	49.05	45.89	42.86	40.10	37.67	35.63	34.17	32.87	31.62	31.00	
109.00	100.61	93.27	86.40	79.53	73.30	67.22	61.77	56.62	51.77	48.06	44.81	41.88	39.07	36.49	34.30	32.15	30.13	29.22	28.54	28.24	28.00	
112.00	104.51	97.03	89.63	83.56	77.72	72.09	67.48	63.05	58.65	54.37	50.19	46.13	42.78	39.60	37.24	35.14	33.27	31.46	30.22	29.46	29.00	
102.00	95.67	89.72	83.98	78.81	73.65	68.61	64.41	60.74	57.18	53.63	50.52	47.76	45.32	43.05	40.92	38.87	37.26	35.79	34.51	33.45	32.77	32.21	32.00	
108.00	101.47	94.96	88.53	82.16	75.96	70.08	64.34	58.64	53.41	48.68	45.19	42.25	39.71	37.49	35.54	33.84	32.23	30.67	30.02	29.54	29.07	29.00	
115.00	107.38	99.89	93.21	87.09	80.97	75.35	70.07	65.26	60.82	56.93	53.13	49.45	46.03	42.70	39.75	36.84	34.22	32.74	31.61	31.26	31.00	
118.00	108.22	99.04	90.78	83.52	76.54	70.03	63.60	58.14	53.91	49.71	46.82	44.45	42.38	40.43	38.68	36.97	35.80	34.79	34.03	33.27	33.05	33.00	
109.00	102.34	96.11	90.05	84.06	78.69	73.58	68.47	63.57	58.71	54.18	50.51	47.15	44.07	41.23	38.48	36.68	35.32	34.04	32.91	31.82	31.01	30.36	30.00	
119.00	112.27	105.81	99.36	93.09	86.98	81.16	75.58	70.14	64.89	59.76	55.14	50.83	47.32	43.81	40.39	37.66	35.15	33.37	31.98	30.76	30.00	
111.00	103.52	96.36	90.53	84.91	79.42	74.04	69.02	64.04	60.13	56.32	52.58	49.20	45.82	42.44	39.73	37.34	34.98	32.79	30.83	29.08	28.48	28.08	28.00	
119.00	112.44	105.91	99.50	93.18	87.42	81.80	76.31	71.27	66.98	62.99	59.48	56.11	52.86	49.87	46.96	44.15	41.64	39.22	36.83	35.40	34.27	33.22	33.00	
123.00	114.15	105.98	98.37	90.75	83.37	76.15	70.63	65.17	60.12	55.68	51.51	47.88	44.44	41.78	39.41	37.12	35.00	33.46	32.68	32.01	31.39	31.00	
110.00	103.97	97.99	92.10	86.27	80.80	75.55	70.37	65.28	60.30	55.50	51.01	47.51	44.06	41.03	38.34	36.18	34.47	33.04	31.70	31.05	30.48	30.00	
112.00	105.84	99.71	93.90	88.17	82.99	77.93	73.45	69.14	64.98	60.95	57.05	53.32	49.98	46.90	44.14	41.49	39.27	37.13	35.22	33.63	32.29	31.50	31.00	
107.00	99.60	92.56	85.69	79.09	72.59	66.25	61.64	57.12	52.82	48.78	46.17	43.87	41.99	40.17	38.52	36.93	35.77	34.65	33.54	32.55	31.73	31.07	31.00	
112.00	103.68	96.47	89.48	82.53	75.77	69.13	63.38	57.79	53.39	49.73	46.24	43.06	39.97	37.61	35.56	33.64	31.93	30.72	29.90	29.26	29.00	
106.00	98.78	91.70	85.55	80.09	74.65	69.28	64.57	60.17	56.24	52.42	49.02	45.63	42.56	40.02	38.04	36.13	34.44	32.86	31.35	29.89	28.54	28.15	28.00	
118.00	109.06	101.40	94.13	86.90	80.10	74.13	68.17	62.65	57.56	53.47	49.87	46.54	43.22	40.15	37.66	35.61	34.07	32.84	31.69	31.04	31.00	
104.00	96.48	89.64	83.08	76.57	70.79	65.76	60.77	56.95	53.27	50.08	46.98	44.22	41.50	39.07	37.48	35.90	34.52	33.37	32.46	32.00	
111.00	102.43	94.28	86.37	78.96	71.84	66.59	62.42	58.41	54.60	50.96	47.37	44.41	41.53	38.74	36.67	34.78	33.38	32.00	31.14	30.55	29.97	29.42	29.00	
118.00	107.96	98.80	89.78	81.96	74.79	68.44	62.35	56.91	52.61	48.31	44.45	41.61	38.78	36.21	34.16	32.46	31.23	30.03	29.16	29.00	
101.00	94.68	88.36	82.22	76.58	71.06	66.20	61.43	57.06	53.63	50.24	47.03	43.97	40.99	38.15	36.62	35.08	33.71	32.69	31.83	31.27	31.00	
114.00	107.92	101.86	96.29	90.74	85.38	80.16	75.22	70.31	66.20	62.21	58.34	54.71	51.09	47.52	44.23	41.81	39.70	37.64	35.79	34.43	33.23	32.10	31.00	
123.00	115.30	107.65	100.45	94.34	88.44	82.61	76.84	71.18	65.76	60.36	55.77	51.38	47.05	43.23	39.96	37.00	34.32	32.10	31.13	30.48	30.18	30.05	30.00	
118.00	111.66	105.37	99.19	93.02	86.94	81.36	75.93	70.77	65.66	60.91	56.55	53.30	50.46	47.68	44.97	42.49	40.02	37.80	35.70	33.83	32.58	32.00	
112.00	105.88	99.79	93.76	88.46	83.18	77.91	72.81	67.84	62.91	58.46	54.97	51.71	48.66	45.66	42.90	40.18	37.99	35.97	34.04	32.27	30.84	30.05	30.00	
106.00	97.37	89.89	82.83	76.23	71.10	66.24	61.44	56.69	52.16	48.23	44.33	42.05	39.77	37.71	36.19	34.69	33.35	32.14	31.14	30.29	29.62	29.26	29.00	
117.00	108.52	100.50	92.90	85.45	78.20	71.62	66.03	61.40	57.12	53.57	50.10	46.82	44.14	41.97	40.20	38.58	37.26	36.06	34.96	33.91	33.00	
101.00	94.00	87.59	81.66	76.31	71.31	66.49	61.89	57.77	54.13	50.62	47.63	44.98	42.67	40.80	39.00	37.28	35.58	33.92	33.15	33.00	
112.00	103.88	96.61	89.65	82.79	76.08	70.11	64.19	59.17	54.25	49.70	45.57	41.73	38.16	35.12	32.95	31.35	30.28	29.44	29.20	29.00	
101.00	94.77	88.62	82.92	77.45	72.07	67.04	62.55	58.29	54.23	50.34	46.93	43.58	40.86	38.24	36.00	33.87	32.06	31.05	30.46	30.00	
104.00	96.29	88.96	82.09	76.16	70.45	64.80	59.32	54.48	50.11	47.15	44.25	41.36	38.53	37.00	35.66	34.76	34.14	33.57	33.25	33.09	33.00	
106.00	101.12	96.40	92.08	87.86	83.85	79.91	76.15	72.43	68.84	65.29	61.91	58.71	55.56	52.52	49.49	46.93	44.45	41.98	39.61	37.34	35.53	34.08	33.00	
119.00	111.50	104.30	97.16	90.16	83.75	77.78	72.42	67.94	63.53	59.22	55.08	51.26	47.64	44.33	41.30	38.57	36.50	34.67	33.24	32.34	31.46	31.00	
110.00	103.65	97.33	91.59	86.35	81.17	76.27	71.97	68.07	64.28	60.49	56.78	53.36	50.03	46.81	43.68	40.58	37.50	34.45	31.79	30.78	29.95	29.44	29.00	
109.00	102.46	95.93	90.08	84.38	79.36	74.41	69.68	65.59	61.51	57.47	53.66	49.85	46.41	43.16	40.25	37.37	35.63	33.93	33.09	32.58	32.14	32.00	
112.00	103.77	96.83	90.34	84.09	78.27	72.96	68.21	63.56	59.05	54.94	50.97	47.08	43.57	40.57	37.58	34.74	32.89	31.22	30.54	30.04	30.00	
116.00	108.83	101.88	95.29	89.28	83.39	77.69	72.36	67.20	62.23	57.51	53.62	49.77	45.94	43.23	40.71	38.23	35.87	34.25	33.49	33.00	
103.00	95.87	88.82	81.90	75.07	69.97	64.93	60.18	56.34	52.84	49.53	46.45	43.73	41.10	38.62	36.16	33.73	31.46	30.64	29.83	29.18	28.52	28.00	
122.00	113.75	106.27	99.08	92.15	85.61	79.08	72.97	67.20	62.08	57.22	53.18	49.21	45.39	42.50	39.77	37.07	34.87	33.25	31.81	31.21	31.08	31.00	
108.00	100.32	92.97	85.90	79.00	72.60	66.76	61.78	56.92	52.37	48.16	44.41	40.74	38.60	36.61	35.73	34.90	34.10	33.35	33.06	33.00	
120.00	111.59	103.57	96.20	89.21	82.41	75.76	69.14	62.68	56.39	50.42	44.91	41.96	39.29	36.75	34.60	32.86	31.55	30.25	29.67	29.24	29.00	
101.00	95.38	89.81	84.37	79.33	74.32	69.43	64.66	60.06	56.05	52.48	49.61	46.94	44.43	42.07	40.17	38.36	36.73	35.35	34.10	33.35	32.65	32.06	32.00	
102.00	97.04	92.24	87.69	83.34	79.16	74.99	70.90	66.86	63.14	59.58	56.19	52.97	49.95	46.99	44.24	41.52	39.49	37.78	36.08	34.45	33.07	32.00	
116.00	108.57	101.48	94.74	88.39	82.25	76.40	70.68	65.47	60.35	55.30	50.43	45.71	41.53	37.57	34.51	32.57	31.16	29.80	28.98	28.45	28.00	
114.00	105.93	98.96	92.28	86.11	80.02	74.48	69.20	64.32	59.87	55.85	51.89	48.28	44.67	41.56	38.48	35.76	33.25	30.86	29.83	29.35	29.13	29.00	
114.00	106.45	99.21	92.05	85.70	79.43	73.22	67.39	62.02	56.73	52.10	47.65	44.27	40.93	37.70	35.26	33.46	31.85	30.33	29.12	29.03	29.00	
101.00	95.07	89.16	83.42	77.70	72.92	68.13	63.35	59.62	56.01	52.43	49.08	45.85	42.95	40.62	38.57	37.12	35.68	34.54	33.75	33.10	33.00	
110.00	100.78	91.90	83.99	76.58	69.42	62.94	57.63	53.13	48.91	44.88	41.26	38.68	36.36	34.83	33.53	32.43	31.36	30.32	29.28	28.46	28.03	28.00	
103.00	96.87	90.76	84.72	78.91	73.27	67.70	62.30	57.07	52.11	48.67	45.58	43.07	40.63	38.61	36.93	35.45	34.11	32.81	31.74	31.39	31.18	31.00	
118.00	110.69	103.80	97.05	90.33	83.63	77.20	70.94	65.40	60.41	55.53	51.07	46.95	44.70	42.54	40.61	39.03	37.45	36.32	35.23	34.26	33.30	33.00	
110.00	104.08	98.25	92.95	87.80	82.69	77.75	73.15	68.58	64.21	60.05	55.94	51.95	48.27	44.82	41.87	39.22	36.89	34.78	33.26	32.02	31.01	30.07	30.00	
107.00	100.47	94.37	88.50	82.85	77.41	72.42	67.62	62.95	58.56	54.34	50.28	47.42	44.61	41.90	39.27	36.99	35.13	33.50	32.00	30.74	29.53	29.00	
121.00	113.54	106.32	99.22	92.13	85.62	79.30	73.24	68.08	63.00	58.90	55.21	51.64	48.44	45.67	43.15	40.83	38.56	36.88	35.38	34.42	33.72	33.21	33.00	
101.00	95.62	90.31	85.07	80.00	75.11	70.31	65.57	61.02	56.71	52.81	49.25	45.68	42.33	40.61	39.00	37.81	36.63	35.70	34.87	34.10	33.59	33.27	33.00	
109.00	100.89	93.82	87.03	80.52	74.08	68.41	63.76	59.84	55.94	52.45	49.33	46.28	43.26	40.63	38.06	35.85	34.28	32.76	31.64	30.52	30.00	
101.00	95.69	90.57	85.51	80.61	76.03	71.76	67.50	63.32	59.20	55.11	51.33	47.84	44.38	40.99	37.84	34.74	32.24	30.49	29.06	28.00	
108.00	101.14	94.73	88.44	82.44	77.47	72.63	67.87	63.43	59.62	56.22	53.01	50.05	47.34	44.69	42.11	39.89	38.20	36.61	35.07	33.81	33.18	33.00	
108.00	100.83	93.75	86.68	79.64	72.70	65.97	59.93	54.58	49.55	44.54	39.88	36.55	34.38	32.67	31.54	30.82	30.28	29.82	29.45	29.17	29.00	
121.00	112.44	104.31	96.34	88.75	81.34	74.28	67.91	61.78	56.37	51.73	47.25	44.19	41.32	39.11	37.16	35.50	34.08	32.88	31.74	30.63	30.09	30.00	
118.00	109.36	101.12	93.66	87.27	81.89	76.67	72.00	67.38	62.87	58.42	53.98	49.86	46.52	43.23	40.27	37.48	35.19	33.22	32.14	31.37	30.62	30.00	
110.00	102.91	95.97	89.04	82.52	76.04	71.23	66.48	61.92	57.62	53.36	49.51	46.46	43.56	40.85	39.06	37.28	35.63	34.37	33.55	32.75	32.36	32.00	
114.00	106.17	98.36	91.19	84.33	78.06	71.98	66.30	60.79	55.37	50.10	44.86	39.96	37.35	34.82	33.75	33.11	32.66	32.38	32.16	32.00	
111.00	103.90	97.12	90.34	83.62	77.08	71.41	65.79	60.17	55.12	50.53	47.13	44.47	41.87	39.46	37.24	35.38	33.66	32.20	30.92	30.35	30.00	
109.00	102.69	96.58	90.50	84.61	79.04	73.77	68.74	63.72	58.95	54.34	50.29	46.56	43.12	39.70	36.58	34.37	32.34	31.05	30.00	29.19	28.48	28.03	28.00	
102.00	93.99	86.06	78.91	72.23	65.72	59.77	55.21	50.91	46.73	42.62	39.89	37.51	35.34	33.37	31.77	30.50	29.75	29.48	29.22	29.00	
112.00	103.14	94.95	88.05	82.12	76.94	71.78	67.47	63.39	59.50	55.93	52.45	49.06	45.77	42.49	39.37	37.01	34.70	32.73	31.02	29.58	28.59	28.00	
121.00	113.47	106.05	98.68	91.52	84.95	78.38	72.00	65.78	60.00	54.52	51.07	47.64	44.27	41.01	38.23	36.10	34.03	32.52	31.75	31.00	
104.00	98.17	92.58	87.21	81.90	76.91	72.05	67.34	62.80	58.38	54.34	51.03	47.91	44.82	42.56	40.61	38.75	36.93	35.29	33.69	32.38	31.58	31.06	31.00	
114.00	106.97	100.28	94.20	88.39	82.67	77.04	71.83	66.83	62.44	58.05	53.91	49.92	46.18	43.00	40.19	37.45	35.80	34.32	32.95	31.77	30.70	30.03	30.00	
101.00	95.38	89.83	84.29	79.07	74.15	69.23	64.46	60.07	55.68	51.31	47.99	45.31	42.77	40.79	38.90	37.20	35.65	34.19	32.90	32.11	32.00	
116.00	107.70	100.25	93.20	86.29	79.80	73.46	67.62	61.89	57.33	53.58	49.98	46.43	43.05	39.68	36.56	34.11	33.15	32.33	31.57	30.83	30.25	30.00	
105.00	98.52	92.48	87.17	81.93	77.38	73.03	68.70	64.47	60.36	56.59	53.67	51.03	48.46	46.11	43.76	41.44	39.13	37.10	35.88	34.68	33.80	33.00	
111.00	103.50	96.17	89.01	82.60	76.34	70.45	64.89	59.70	55.52	51.43	47.47	43.98	40.69	37.48	34.89	32.49	30.92	29.63	28.53	28.00	
107.00	100.27	94.28	88.40	83.11	78.04	73.34	68.74	64.40	60.11	56.38	53.21	50.11	47.21	44.70	42.27	39.86	37.69	35.81	34.00	33.00	
120.00	112.30	104.71	97.87	92.20	86.56	81.03	75.71	70.73	66.15	61.64	57.36	53.32	49.32	45.38	41.56	37.77	34.17	32.34	30.61	29.80	29.00	
104.00	96.79	90.48	84.51	78.56	73.65	68.99	64.41	60.04	55.94	52.00	48.47	45.17	41.88	39.02	36.28	33.79	31.97	31.21	30.67	30.22	30.00	
112.00	102.64	94.77	87.22	79.85	73.51	67.25	61.15	55.35	50.37	45.78	41.37	37.65	34.25	32.50	30.80	29.61	28.70	28.31	28.15	28.00	
121.00	113.72	106.55	99.50	92.55	86.00	79.48	73.52	67.81	62.21	57.18	52.82	48.47	44.74	41.56	38.87	36.39	34.46	32.98	31.80	31.16	31.00	
113.00	105.40	98.00	90.98	84.70	78.53	74.00	69.50	65.11	61.39	57.68	54.17	50.76	47.73	45.33	42.98	40.78	38.69	37.06	35.55	34.26	33.32	32.57	32.00	
104.00	98.61	93.30	88.03	83.02	78.04	73.20	68.74	64.28	59.94	55.62	51.79	48.07	44.36	41.21	38.91	36.88	35.09	33.90	32.84	32.40	32.16	32.00	
102.00	96.56	91.31	86.46	81.82	77.46	73.17	68.99	64.91	60.89	56.91	53.37	49.85	46.70	43.71	41.21	39.02	37.23	35.57	33.97	32.53	31.58	31.10	31.00	
120.00	113.68	107.43	101.28	95.22	89.21	83.47	77.77	72.11	66.73	62.33	58.03	53.80	49.66	45.61	42.69	40.35	38.34	36.81	35.48	34.59	33.79	33.14	33.00	
112.00	106.17	100.45	94.91	89.44	84.69	80.05	75.41	71.31	67.35	63.56	59.77	56.05	52.34	48.92	45.53	42.33	39.20	36.31	34.34	32.86	32.00	
108.00	103.09	98.26	93.59	88.96	84.50	80.13	76.01	71.96	67.96	64.11	60.42	56.86	53.57	50.52	47.80	45.09	42.49	39.91	37.57	35.40	33.45	32.00	
103.00	95.72	88.54	81.92	75.48	69.33	64.11	59.74	55.75	51.81	48.51	45.41	42.34	39.63	37.66	35.84	34.84	34.26	33.81	33.37	33.07	33.00	
102.00	96.49	91.26	86.05	80.86	75.90	70.97	66.07	61.68	57.73	53.81	50.35	46.92	43.86	41.12	38.88	36.78	34.73	33.41	32.42	32.00	
118.00	110.56	103.34	96.13	89.26	83.25	77.79	72.63	67.54	62.52	58.01	54.09	50.29	46.70	43.39	40.12	37.12	34.39	32.35	30.90	29.74	28.76	28.00	
122.00	113.78	106.21	98.86	91.68	84.71	77.98	71.49	65.19	59.52	54.25	49.59	45.28	41.68	38.29	36.61	35.34	34.23	33.23	32.31	31.64	31.00	
106.00	99.30	92.90	86.70	81.16	75.80	71.12	67.09	63.19	59.40	55.70	52.62	49.82	47.02	44.33	41.72	39.29	37.03	35.16	33.69	33.00	
103.00	96.16	89.50	83.13	77.03	71.31	65.60	60.47	55.43	51.07	47.98	44.90	41.96	39.38	37.37	35.67	34.27	33.34	32.50	31.89	31.33	31.00	
103.00	95.72	88.62	81.70	75.96	70.81	65.98	61.23	56.61	52.60	48.84	45.29	42.51	40.21	38.02	35.83	33.89	32.06	30.77	29.86	29.00	
108.00	101.74	95.51	89.30	83.39	77.76	72.36	67.12	61.99	57.02	52.16	47.32	42.70	38.79	36.65	34.68	32.93	31.23	30.27	29.72	29.29	29.01	29.00	
104.00	97.65	91.38	85.95	80.55	75.66	70.99	66.48	62.01	57.66	53.55	49.86	46.27	43.20	40.41	38.48	36.99	35.57	34.28	33.07	33.00	
115.00	107.16	100.05	93.46	86.98	81.34	76.13	71.66	67.30	63.10	59.32	55.59	51.98	48.49	45.16	42.58	40.07	37.75	35.60	33.78	32.36	31.41	30.66	30.00	
121.00	111.53	104.07	96.70	89.61	83.36	77.34	71.33	65.70	60.34	55.57	51.44	48.32	45.67	43.15	40.67	38.32	36.33	34.66	33.44	32.43	32.00	
112.00	105.35	98.95	92.77	87.13	81.84	76.66	71.51	66.58	62.04	57.62	53.42	49.60	45.84	42.91	40.37	38.16	36.07	34.23	32.39	30.78	29.44	28.65	28.00	
104.00	96.89	90.07	83.46	77.49	71.55	65.64	60.65	55.87	51.09	46.35	42.07	39.22	36.44	34.03	32.87	31.88	30.90	30.47	30.19	30.00	
102.00	95.53	89.12	83.75	78.96	74.28	69.90	65.72	61.64	57.64	53.81	50.40	47.42	44.84	42.49	40.16	37.94	36.15	34.62	33.75	33.00	
104.00	98.05	92.11	86.44	80.83	75.78	70.84	65.96	61.09	56.28	51.48	47.65	44.41	41.58	39.20	37.01	35.51	34.14	33.13	32.14	31.19	30.53	30.00	
114.00	106.14	98.50	91.66	86.55	81.59	77.08	72.58	68.19	63.86	59.66	55.91	52.19	48.72	45.43	42.18	39.17	36.35	34.23	32.14	30.95	30.22	30.00	
109.00	101.80	95.14	88.85	82.77	77.57	72.75	67.95	63.15	58.48	54.16	50.09	47.06	44.49	42.48	40.50	38.78	37.16	35.61	34.53	33.74	32.98	32.43	32.00	
121.00	113.97	107.37	101.12	95.13	89.20	83.41	77.87	72.44	67.22	62.26	57.37	52.49	48.26	44.34	40.92	38.03	35.28	32.65	31.05	29.84	29.26	29.10	29.00	
110.00	102.24	95.33	89.09	83.40	78.16	73.06	68.17	63.46	58.92	54.39	50.23	46.45	42.79	39.59	36.68	34.42	33.10	32.17	31.46	31.00	
111.00	103.27	96.27	89.60	83.17	77.71	72.81	68.44	64.29	60.19	56.14	52.21	48.92	45.95	43.09	40.48	38.85	37.22	35.62	34.21	33.00	
101.00	95.47	90.14	85.06	80.45	75.84	71.32	67.12	63.22	59.70	56.60	53.53	50.53	47.59	44.99	42.61	40.25	38.14	36.07	34.70	33.55	32.81	32.25	32.00	
109.00	102.53	96.20	90.02	84.59	79.20	73.85	68.71	63.77	59.36	55.32	51.66	48.28	45.25	42.36	39.57	37.02	34.91	34.29	33.69	33.17	32.71	32.29	32.00	
113.00	107.53	102.27	97.30	92.39	87.75	83.16	78.69	74.29	69.91	65.71	61.53	57.49	53.77	50.10	46.44	43.22	40.67	38.24	35.98	34.33	32.85	31.77	31.00	
122.00	113.71	105.81	97.98	90.80	83.61	76.76	70.36	65.08	59.93	54.79	50.61	46.59	42.77	39.20	36.09	33.05	31.14	29.30	28.94	28.64	28.35	28.11	28.00	
115.00	106.86	98.76	91.28	83.90	76.62	69.35	62.99	57.79	53.85	50.24	46.83	43.87	40.93	38.37	35.84	33.46	32.25	31.11	30.06	29.22	29.00	
112.00	105.09	98.38	92.17	86.01	80.26	74.81	69.61	64.90	60.50	56.26	52.17	48.32	45.17	42.32	39.53	37.35	35.84	34.66	33.73	32.84	32.05	32.00	
114.00	108.07	102.18	96.29	90.56	85.07	79.73	74.40	69.26	64.44	60.32	56.33	52.55	48.86	45.62	42.42	39.33	36.91	35.06	33.39	32.12	31.06	31.00	
108.00	100.73	94.14	87.89	81.87	76.24	71.07	66.15	61.58	57.10	53.05	49.30	45.64	42.78	39.92	37.14	35.18	33.64	32.37	31.94	31.60	31.28	31.00	
109.00	100.91	94.06	87.67	81.34	75.25	69.53	63.94	59.03	54.12	49.78	45.62	41.57	37.79	35.12	32.73	30.60	29.36	28.62	28.05	28.00	
106.00	99.57	93.15	86.75	80.49	74.44	69.24	65.04	61.08	57.14	53.23	49.38	46.54	43.71	41.45	39.32	37.48	35.73	34.74	33.87	33.13	32.38	32.00	
123.00	111.86	102.11	93.96	87.44	80.91	75.17	69.88	64.86	60.30	56.18	52.19	49.56	47.01	44.84	42.90	40.96	39.05	37.46	35.89	34.56	33.27	32.00	
107.00	100.49	94.28	88.27	82.58	77.03	71.69	66.77	61.97	57.60	53.58	49.60	46.02	42.60	39.89	37.31	34.83	32.82	31.02	29.68	28.56	28.00	
106.00	99.81	93.71	88.07	82.72	78.03	73.85	69.66	65.62	61.66	57.71	53.89	50.23	46.90	43.60	41.29	39.15	37.04	35.06	33.66	32.52	31.49	31.00	
119.00	110.94	103.33	96.11	89.01	82.25	75.65	69.90	64.58	59.37	54.45	50.19	46.05	43.19	40.59	38.01	35.77	33.75	32.34	30.99	30.34	29.79	29.26	29.00	
107.00	101.29	95.64	90.14	84.74	79.38	74.05	69.27	64.50	60.25	56.26	52.44	48.77	45.66	42.63	39.87	37.24	35.04	33.01	31.16	29.84	28.85	28.23	28.00	
101.00	93.71	87.36	81.22	75.08	68.96	63.57	58.42	53.37	48.40	45.16	42.51	40.08	37.96	36.42	35.18	34.08	33.17	32.57	32.08	32.00	
101.00	93.69	87.10	80.66	75.45	70.31	65.75	61.56	57.91	54.34	50.90	47.64	45.27	43.06	40.88	38.83	37.08	35.99	34.90	34.04	33.55	33.17	33.00	
118.00	110.79	103.60	96.80	90.15	83.60	77.28	71.04	65.24	60.07	56.34	52.73	49.15	45.64	42.17	38.80	35.72	33.06	30.75	29.52	29.00	
103.00	96.45	90.32	84.23	79.01	73.88	68.81	64.24	59.90	56.19	52.62	49.18	46.00	42.83	40.32	37.93	35.63	33.89	32.46	31.04	29.78	28.78	28.00	
114.00	106.24	98.98	91.73	85.02	78.56	72.69	68.10	63.55	59.72	56.31	53.19	50.08	47.10	44.66	42.54	40.55	38.68	36.81	35.52	34.24	33.21	32.25	32.00	
119.00	112.69	106.61	100.68	95.09	89.88	85.28	80.76	76.43	72.20	68.00	63.88	59.90	56.02	52.73	49.50	46.45	43.71	41.00	38.37	35.92	33.86	33.29	33.00	
108.00	102.46	96.96	91.60	86.34	81.24	76.45	71.68	67.35	63.27	59.38	55.63	51.92	48.31	44.74	41.19	37.65	35.12	33.10	31.49	30.22	29.03	28.00	
114.00	107.30	100.64	94.54	88.54	82.78	77.09	71.46	66.55	61.93	57.72	53.79	50.21	46.69	43.35	40.44	37.64	35.43	34.02	33.41	32.81	32.45	32.18	32.00	
116.00	106.23	96.74	87.62	79.67	72.62	66.83	61.91	57.56	53.34	50.03	46.95	44.19	41.50	39.21	36.99	34.97	33.02	31.28	30.09	29.38	29.17	29.00	
121.00	112.82	105.51	98.36	91.31	85.13	79.23	73.35	67.97	62.80	57.91	53.47	49.25	46.25	43.44	40.73	38.27	36.23	34.90	34.29	33.70	33.18	33.00	
105.00	97.49	90.02	84.29	78.60	72.91	67.36	62.29	57.79	53.53	49.53	45.62	42.31	39.12	36.50	34.01	31.73	29.83	28.91	28.13	28.00	
102.00	95.92	89.95	84.26	78.74	73.45	68.41	63.41	58.98	54.71	51.21	48.07	45.00	42.26	39.58	36.92	34.40	32.38	30.94	29.84	28.87	28.31	28.09	28.00	
111.00	104.33	97.68	91.48	85.51	79.83	74.54	69.96	65.50	61.06	57.67	54.39	51.12	48.28	45.52	42.90	40.50	38.20	36.21	34.65	33.48	32.51	32.06	32.00	
122.00	114.27	106.67	99.84	93.25	86.92	80.97	75.08	69.27	64.21	59.24	54.46	50.08	46.00	42.04	39.61	37.79	36.08	34.58	33.17	32.53	32.17	32.00	
104.00	98.91	93.98	89.11	84.25	79.51	74.80	70.16	65.62	61.37	57.64	54.08	50.82	47.74	44.66	41.65	38.65	35.75	33.11	30.87	29.27	28.55	28.14	28.00	
123.00	115.90	109.01	102.33	95.98	89.67	83.56	78.02	72.57	67.34	62.15	57.27	53.05	48.88	45.47	42.78	40.18	38.05	36.03	34.39	32.98	31.96	31.00	
112.00	104.01	96.86	89.96	83.36	77.92	72.83	67.76	62.75	58.70	54.81	51.11	47.49	44.05	40.65	37.79	35.77	33.98	32.30	30.74	29.65	28.60	28.00	
123.00	115.27	107.56	99.93	92.46	85.39	78.73	72.31	65.95	59.75	54.32	49.71	45.50	41.56	37.81	34.21	32.15	30.99	29.92	29.09	28.52	28.00	
107.00	99.25	92.10	85.46	78.91	72.79	66.74	61.93	57.36	52.93	48.85	45.20	41.86	38.56	36.67	34.89	33.66	32.53	31.51	30.51	30.16	30.00	
103.00	96.45	90.16	84.00	78.19	72.82	67.54	62.95	58.85	55.48	52.35	49.25	46.40	44.12	41.88	39.95	38.08	36.56	35.41	34.27	33.14	33.00	
118.00	111.18	104.37	97.84	91.57	85.39	79.47	73.75	68.90	64.28	59.72	55.85	52.04	48.37	44.75	41.55	38.41	35.65	32.90	31.17	30.09	29.15	28.52	28.00	
119.00	111.20	103.46	95.88	88.79	82.59	76.58	70.87	65.32	59.86	54.97	50.47	46.01	41.88	38.81	36.28	34.42	32.77	31.34	29.94	29.23	29.10	29.00	
122.00	114.04	106.16	98.70	91.29	84.04	76.89	70.24	63.73	58.76	54.52	50.29	46.29	42.31	39.17	37.21	35.35	33.91	32.77	31.73	30.87	30.01	30.00	
115.00	107.82	101.15	95.35	89.67	84.01	78.53	73.49	68.51	63.89	59.86	55.87	52.16	48.53	45.04	41.75	38.56	35.51	32.73	30.39	28.85	28.38	28.00	
119.00	110.35	102.22	94.39	86.58	79.55	73.35	67.23	61.75	56.88	52.58	48.55	44.55	40.89	37.43	35.29	33.67	32.35	31.23	30.23	30.00	
123.00	114.75	106.79	99.49	92.96	87.20	81.69	76.38	71.17	66.68	62.24	57.91	53.96	50.18	46.78	43.43	40.14	38.03	35.96	33.95	32.63	31.49	31.00	
102.00	95.62	89.80	84.07	79.03	74.34	69.69	65.17	60.65	56.20	51.78	47.81	43.99	40.72	37.92	35.54	33.21	31.03	29.67	29.33	29.00	
111.00	104.24	97.50	90.90	84.42	78.78	73.64	68.90	64.36	60.38	56.46	52.97	49.66	46.48	43.31	40.32	37.81	35.32	33.04	30.96	29.65	29.00	
107.00	99.62	93.08	87.44	82.51	78.25	74.05	69.90	65.97	62.18	58.47	54.90	51.36	48.20	45.08	42.04	39.30	36.84	34.90	33.76	32.90	32.49	32.13	32.00	
116.00	108.88	101.87	95.68	89.65	83.68	78.27	72.91	67.86	62.81	57.98	53.74	49.66	45.64	41.76	37.97	34.69	33.10	31.63	30.61	30.08	30.00	
104.00	95.66	89.10	83.12	77.58	72.07	66.86	61.85	57.26	52.76	48.62	44.68	41.20	38.11	35.50	33.75	32.34	31.29	30.59	30.22	30.00	
115.00	106.73	98.75	91.76	85.10	78.86	72.94	67.85	63.07	58.65	54.35	50.79	47.40	44.02	40.71	38.27	36.15	34.07	33.14	33.04	33.00	
122.00	113.58	106.96	100.36	94.02	87.75	81.50	75.84	70.45	65.35	60.58	55.84	51.41	47.63	44.16	40.79	38.06	36.21	34.42	32.73	31.68	31.00	
108.00	101.95	96.11	90.55	85.22	79.91	74.75	69.84	65.12	60.56	56.28	52.42	48.71	45.43	42.33	39.88	37.58	35.39	33.86	33.42	33.00	
118.00	110.59	103.21	96.50	90.35	84.45	78.57	72.72	66.97	61.36	56.06	51.38	47.31	43.26	39.33	37.65	36.12	34.90	33.82	33.39	33.00	
105.00	98.24	91.63	85.07	79.48	74.09	68.79	63.82	59.25	55.11	51.16	48.05	45.09	42.49	39.98	37.93	36.80	35.68	34.58	33.71	33.00	
106.00	99.86	93.79	87.82	82.31	76.86	71.54	67.05	63.44	59.88	56.48	53.54	50.76	48.26	45.83	43.59	41.35	39.39	37.63	36.11	34.68	33.34	33.00	
123.00	115.71	108.43	101.79	95.27	88.96	82.71	76.74	71.03	65.79	60.61	55.94	51.50	48.00	44.92	42.09	39.36	36.85	34.61	32.48	30.44	29.56	29.07	29.00	
114.00	106.64	99.47	92.78	86.26	80.00	73.77	68.45	63.59	58.88	54.44	50.77	47.21	43.85	40.74	37.77	34.80	32.54	30.45	29.57	28.85	28.44	28.13	28.00	
113.00	105.25	97.57	90.15	83.01	76.14	70.03	63.98	58.61	53.72	49.17	44.75	41.55	38.87	36.59	34.74	33.38	32.30	31.33	31.09	31.00	
122.00	113.83	106.15	98.72	91.35	84.60	79.19	74.52	70.33	66.28	62.40	58.56	55.18	51.81	48.74	45.67	42.68	40.21	38.04	36.16	34.33	33.69	33.20	33.00	
123.00	116.20	110.06	104.09	98.12	92.21	86.83	81.68	76.96	72.52	68.14	63.80	59.69	55.65	51.80	48.14	44.71	41.60	38.89	36.18	33.87	32.06	31.34	31.00	
121.00	112.57	104.15	95.79	88.45	81.96	75.81	70.03	64.33	58.85	53.72	49.30	44.95	40.72	37.16	34.31	32.21	30.29	28.67	28.25	28.00	
107.00	100.68	94.63	88.80	83.09	77.55	72.18	67.40	62.66	58.67	54.75	50.92	47.22	43.84	40.64	37.72	34.84	32.38	30.75	29.56	28.90	28.35	28.00	
114.00	104.74	95.61	87.63	80.75	73.88	67.30	61.11	55.31	50.36	45.82	42.34	38.85	35.46	33.06	31.72	31.09	30.56	30.23	30.02	30.00	
106.00	100.05	94.17	88.31	82.47	76.98	71.71	67.10	63.05	59.09	55.19	51.65	48.17	44.91	41.98	39.17	36.97	35.38	34.45	33.56	33.24	33.00	
115.00	107.23	99.78	92.35	85.32	78.35	72.22	66.30	60.46	56.08	51.73	47.52	43.98	41.24	38.68	36.52	34.35	32.25	30.28	29.64	29.00	
108.00	100.40	93.46	87.14	81.00	74.99	69.16	63.37	58.26	53.52	49.90	47.39	44.93	42.63	40.41	38.20	36.16	34.26	32.71	31.20	30.61	30.26	30.00	
120.00	112.49	105.19	98.74	92.88	87.47	82.81	78.54	74.32	70.37	66.42	62.48	58.60	55.14	51.72	48.76	46.17	43.65	41.18	38.81	36.92	35.09	33.54	33.00	
110.00	102.48	95.18	88.11	81.05	74.07	67.46	61.00	55.67	50.65	47.18	44.06	41.20	38.61	36.22	34.54	33.45	32.61	32.33	32.13	32.00	
123.00	115.99	109.20	102.89	96.70	90.69	84.89	79.09	73.63	68.29	63.21	58.56	54.00	49.55	45.40	41.68	38.66	35.69	33.80	32.00	30.41	29.23	28.59	28.00	
114.00	106.93	100.03	93.17	86.54	79.94	73.35	67.75	62.99	58.28	53.93	49.66	45.55	41.87	38.54	35.24	33.03	31.47	30.02	29.37	29.00	
118.00	110.90	103.91	97.12	90.40	84.43	78.56	73.06	68.15	63.43	58.87	54.46	50.52	47.39	44.42	41.51	39.47	37.96	36.62	35.28	34.01	33.00	
119.00	111.99	105.32	98.74	92.22	86.11	80.10	74.65	69.48	64.58	61.12	57.75	54.43	51.34	48.33	45.74	43.21	40.81	38.53	36.58	34.82	33.11	32.00	
115.00	107.87	100.92	94.05	87.33	80.71	74.62	68.67	62.76	57.02	51.29	47.22	44.14	41.14	38.65	36.26	34.22	32.26	30.48	28.71	28.23	28.00	
110.00	102.01	94.45	87.25	80.19	73.40	67.07	61.25	55.65	50.45	46.13	43.12	40.52	38.16	36.12	34.27	33.05	32.07	31.27	30.47	29.86	29.37	29.00	
112.00	105.21	98.58	91.97	85.77	79.63	73.98	69.24	64.96	60.78	56.83	53.11	49.64	46.46	44.10	41.81	39.52	37.41	35.53	34.25	33.38	33.16	33.00	
121.00	113.03	105.27	97.74	90.41	83.41	77.09	70.91	65.12	59.99	54.93	49.93	45.34	41.48	37.63	35.21	33.35	32.02	30.72	30.19	30.00	
113.00	104.25	95.89	87.83	79.99	73.80	68.89	64.02	59.23	54.51	50.10	46.44	42.91	39.58	36.52	34.35	32.75	31.24	30.08	28.93	28.18	28.00	
106.00	100.31	94.84	89.79	84.78	79.76	74.94	70.11	65.38	61.11	57.00	53.25	49.55	46.44	43.78	41.14	38.53	36.41	34.77	33.26	32.13	31.19	30.34	30.00	
102.00	96.00	90.58	85.22	80.11	75.28	70.56	66.13	61.93	58.08	54.27	50.63	47.75	44.88	42.11	39.39	36.88	34.62	32.70	30.91	29.73	28.73	28.21	28.00	
104.00	96.30	89.48	82.93	76.64	70.56	65.25	60.53	55.92	51.90	48.02	45.05	42.17	40.09	38.45	36.90	35.56	34.49	33.82	33.19	33.00	
112.00	104.80	97.86	91.37	85.23	79.26	73.88	68.66	63.60	58.83	54.08	49.34	44.85	41.17	38.23	35.36	32.69	31.22	30.20	29.27	28.70	28.22	28.00	
105.00	97.11	89.77	83.35	77.21	72.11	67.16	62.44	57.76	53.34	49.11	45.63	42.21	38.89	36.48	34.19	32.25	30.33	29.00	28.22	28.00	
110.00	103.44	97.31	91.53	86.21	80.92	75.87	70.83	66.13	61.51	57.25	53.26	49.38	45.67	43.65	41.71	39.81	37.96	36.27	34.71	33.14	31.77	31.04	31.00	
110.00	102.76	95.96	89.81	83.69	78.07	72.61	67.56	62.65	57.98	53.58	49.91	46.45	43.04	39.65	36.65	34.94	33.28	31.64	30.18	29.12	28.33	28.00	
119.00	110.77	103.26	95.92	88.58	82.97	77.50	72.03	66.71	61.47	57.00	52.63	48.32	44.15	40.41	37.14	34.01	31.77	30.37	29.03	29.00	
104.00	97.60	91.66	85.78	79.98	75.33	70.90	66.62	62.42	58.31	54.45	50.64	47.20	44.01	41.09	38.24	35.40	32.93	30.59	29.46	29.00	
108.00	100.35	92.75	86.01	79.30	72.91	66.60	60.68	54.95	49.33	45.19	42.20	39.96	37.87	36.28	34.87	34.27	33.82	33.40	33.17	33.00	
104.00	97.90	92.13	86.66	81.26	75.99	71.17	66.35	62.17	58.09	54.19	50.86	47.75	44.64	41.81	39.14	36.92	34.74	33.39	32.06	30.78	29.73	29.30	29.00	
108.00	101.14	94.54	87.95	81.41	75.00	69.56	64.16	59.11	54.10	50.87	47.67	44.57	41.58	38.74	36.44	34.38	32.62	31.14	29.77	29.09	29.00	
111.00	102.63	95.20	88.83	82.68	77.26	72.05	66.90	62.20	57.77	53.49	49.34	45.45	42.00	39.31	36.71	34.94	33.41	32.79	32.20	32.00	
119.00	110.30	101.96	93.68	86.41	80.56	74.78	69.41	64.98	60.87	56.99	53.33	50.02	46.70	43.55	40.58	38.33	36.30	34.79	33.36	32.13	31.47	31.05	31.00	
103.00	97.08	91.33	85.78	80.24	74.97	70.57	66.35	62.28	58.49	54.93	51.56	48.24	44.96	42.02	39.45	36.90	35.09	33.52	32.27	31.10	30.00	
105.00	98.64	92.38	86.38	80.65	75.24	69.90	64.83	59.87	55.32	50.98	47.34	44.38	42.23	40.16	38.25	36.54	35.13	34.05	33.29	32.60	32.00	
122.00	113.95	106.07	98.82	91.80	84.93	78.49	72.50	66.67	60.86	55.32	50.13	45.78	41.72	38.22	34.72	32.62	30.70	29.77	29.31	29.00	
119.00	109.08	100.20	92.69	85.40	79.12	73.70	68.58	63.77	59.35	55.58	52.56	49.54	46.63	43.91	41.21	39.02	36.89	35.04	33.64	32.51	31.59	31.28	31.00	
101.00	93.80	87.12	80.86	74.92	69.47	64.98	60.51	56.61	52.84	49.90	47.01	44.19	41.41	38.76	36.76	34.92	33.74	32.75	32.37	32.00	
109.00	102.18	96.08	90.02	84.43	78.97	73.65	68.37	63.36	58.76	54.24	50.16	46.61	43.31	40.01	37.63	35.50	33.91	32.99	32.53	32.15	32.00	
106.00	100.18	94.47	89.22	84.07	78.94	74.09	69.70	65.36	61.03	57.06	53.21	49.50	46.58	43.83	41.37	39.31	37.40	35.53	33.74	32.12	31.18	31.00	
102.00	94.66	88.14	81.81	75.82	70.21	65.52	60.95	56.93	53.44	50.14	47.20	44.41	41.69	39.06	36.84	34.80	33.04	31.96	31.20	30.78	30.40	30.11	30.00	
109.00	103.05	97.18	91.54	85.92	80.48	75.09	70.19	65.33	60.49	56.21	52.85	49.76	46.95	44.25	41.84	39.52	37.47	35.85	34.46	33.57	32.85	32.22	32.00	
113.00	105.38	97.82	90.53	84.26	78.31	73.14	68.13	63.93	59.90	55.96	52.08	48.34	45.21	42.12	39.85	37.64	35.93	34.40	32.95	31.59	31.14	31.03	31.00	
116.00	108.56	101.43	94.57	87.78	81.36	75.04	68.73	62.43	56.32	50.21	46.43	43.06	40.72	38.41	36.34	34.29	32.90	31.67	31.42	31.20	31.00	
118.00	110.65	103.53	96.59	90.09	83.73	77.52	71.74	65.95	60.36	56.32	53.16	50.17	47.33	44.87	42.42	40.07	37.75	35.90	34.16	32.70	32.01	31.50	31.00	
114.00	106.74	100.86	95.00	89.16	83.35	77.85	72.36	66.92	61.67	56.69	52.43	48.45	45.12	42.34	39.80	37.42	35.63	34.33	33.23	32.14	31.19	31.00	
109.00	101.81	94.73	87.75	80.81	73.88	67.89	63.49	59.16	55.33	51.51	48.33	45.18	42.12	39.23	36.81	35.01	33.55	32.65	32.30	32.00	
108.00	99.92	93.09	86.60	80.39	74.41	68.64	63.25	58.22	53.73	49.79	46.14	42.94	40.91	39.05	37.19	35.56	34.18	32.80	31.49	30.51	30.00	
110.00	102.60	96.06	89.56	83.37	77.24	71.27	65.74	61.19	56.82	53.28	50.16	47.18	44.41	41.67	39.39	37.29	35.42	33.70	32.18	31.25	31.00	
113.00	105.42	97.86	90.69	83.68	77.07	71.10	65.13	59.70	54.48	49.42	44.80	42.99	41.34	39.73	38.35	36.99	36.13	35.32	34.54	33.87	33.35	33.00	
120.00	111.15	103.14	95.48	88.31	81.28	74.45	67.86	61.61	55.44	51.05	47.00	43.85	41.74	40.12	38.64	37.18	35.80	34.47	33.15	32.18	32.00	
103.00	97.34	91.72	86.34	81.05	76.00	71.21	66.45	62.20	57.97	54.49	51.03	47.79	44.81	41.84	38.87	36.38	35.03	33.87	33.03	32.27	32.00	
108.00	100.91	93.82	87.77	81.81	76.25	71.42	66.60	61.84	57.27	52.76	49.35	46.21	43.11	40.52	38.19	36.15	34.60	33.11	31.88	30.91	30.00	
118.00	107.31	97.24	88.89	82.42	76.27	70.99	66.39	62.01	57.92	54.20	50.64	47.24	44.20	41.58	39.09	36.96	35.03	33.38	31.89	31.06	30.36	30.00	
110.00	102.37	94.82	87.34	80.30	73.48	68.68	64.26	60.49	56.94	53.45	50.06	47.08	44.31	42.20	40.32	38.52	36.78	35.31	34.05	32.84	32.00	
116.00	109.24	102.65	96.30	89.95	84.18	78.72	73.76	69.10	64.83	60.56	56.79	53.26	49.74	46.48	43.35	40.55	37.85	35.21	34.39	33.68	33.00	
105.00	98.25	91.68	85.26	79.07	73.10	67.31	61.91	56.61	51.73	48.09	45.59	43.10	40.79	38.65	37.10	35.68	34.48	33.45	32.58	32.00	
106.00	99.91	93.89	88.60	83.55	78.59	73.64	68.99	64.47	60.01	55.55	51.45	47.71	44.22	41.02	38.41	35.99	33.86	32.15	31.44	31.00	
123.00	116.28	109.63	103.37	97.20	91.48	85.75	80.59	75.55	70.61	65.68	61.11	56.90	52.78	48.66	44.58	40.82	38.30	36.34	34.39	32.60	31.00	
119.00	111.25	103.53	96.38	89.48	82.66	76.03	70.33	64.87	59.54	54.57	50.20	45.89	42.13	38.79	35.89	33.26	31.43	30.13	28.89	28.00	
109.00	102.61	96.27	90.94	85.76	80.64	75.61	70.91	66.38	61.99	57.68	53.75	50.71	47.84	44.99	42.73	40.61	38.51	36.45	34.57	32.85	31.60	31.19	31.00	
102.00	95.67	89.43	83.27	77.56	71.93	66.43	61.17	55.96	50.84	47.16	44.40	41.69	39.03	36.56	34.13	31.92	29.83	28.88	28.23	28.00	
109.00	101.67	94.35	87.15	81.36	75.93	70.72	66.14	61.61	57.17	52.84	48.71	45.21	42.10	39.15	36.38	34.49	33.27	32.19	31.49	31.00	
112.00	105.37	99.14	93.27	87.52	81.84	76.24	71.59	66.97	62.53	58.33	54.50	51.15	47.90	44.83	41.78	39.24	36.84	34.62	32.70	30.99	29.97	29.00	
114.00	106.80	99.61	92.74	86.01	79.45	72.95	67.13	62.03	57.03	52.86	48.84	45.52	42.35	39.23	36.65	35.04	33.47	32.39	31.65	31.00	
116.00	109.18	102.42	95.75	89.42	83.11	76.85	70.63	64.79	59.13	54.13	49.49	45.49	42.07	38.92	36.68	34.54	32.42	30.97	29.71	28.96	28.50	28.18	28.00	
108.00	99.72	92.32	85.32	78.43	72.32	66.92	61.87	57.21	53.18	49.19	45.72	42.73	40.31	37.97	36.49	35.16	33.95	33.05	32.18	32.00	
110.00	103.71	97.44	91.57	86.07	80.79	75.56	70.67	66.07	62.10	58.52	54.97	51.87	48.95	46.16	43.40	41.16	39.07	37.04	35.21	34.05	33.13	32.33	32.00	
112.00	105.11	98.61	92.15	85.74	79.49	73.99	68.60	63.32	58.21	53.49	50.26	47.48	44.84	42.35	40.68	39.09	37.56	36.42	35.29	34.26	33.47	33.01	33.00	
110.00	99.85	89.97	80.16	72.78	66.12	60.55	55.03	50.25	45.97	42.77	39.86	37.88	35.99	34.57	33.21	32.52	32.02	31.62	31.28	31.00	
113.00	106.19	100.20	94.42	88.98	83.54	78.14	72.87	67.84	62.92	58.34	54.11	50.17	46.67	43.44	40.36	37.53	34.81	32.23	31.14	30.11	29.48	29.08	29.00	
117.00	110.64	104.49	98.79	93.41	88.14	82.95	78.19	73.51	68.95	64.47	60.07	55.72	51.49	47.55	43.96	40.50	37.63	35.66	33.77	32.02	30.70	30.03	30.00	
111.00	102.37	94.48	86.65	78.99	71.41	63.84	57.43	52.79	49.85	46.96	44.18	41.44	38.90	36.62	34.44	32.60	31.55	30.64	30.11	30.00	
108.00	101.22	94.52	88.01	81.53	75.20	69.16	64.98	61.19	57.49	53.79	50.18	46.97	44.30	41.74	39.20	36.82	34.78	32.93	31.68	30.68	29.71	29.31	29.00	
106.00	100.14	94.51	89.04	83.61	78.29	73.08	68.47	64.31	60.17	56.18	52.26	49.23	46.50	43.82	41.76	40.04	38.72	37.56	36.45	35.42	34.45	33.68	33.00	
108.00	100.71	93.95	87.75	81.87	75.99	70.61	66.32	62.06	58.15	54.26	50.94	47.69	44.50	41.77	39.31	36.90	35.52	34.65	34.01	33.45	33.00	
105.00	96.60	88.35	80.40	72.83	66.30	60.34	55.41	50.64	46.92	43.35	40.27	38.54	36.89	35.30	33.74	32.86	32.01	31.54	31.20	31.00	
114.00	106.51	99.09	91.91	85.30	78.82	73.24	67.99	62.76	57.65	52.72	48.14	43.88	39.97	36.84	34.88	33.42	32.44	31.51	30.61	29.72	29.01	28.50	28.00	
105.00	97.86	90.91	84.30	78.70	73.15	68.01	63.06	58.19	53.37	49.08	44.95	40.92	39.26	37.66	36.55	35.53	34.59	34.10	33.73	33.48	33.22	33.00	
111.00	101.97	93.39	84.87	76.63	68.53	62.89	58.81	55.27	52.06	49.22	46.69	44.20	41.84	39.61	37.54	35.56	33.97	32.86	32.20	32.00	
108.00	100.62	93.29	87.24	81.29	75.69	70.15	65.02	59.99	55.00	50.56	46.16	42.16	38.18	34.82	32.28	30.53	29.11	28.52	28.21	28.00	
104.00	98.67	93.37	88.37	83.39	78.54	73.71	69.03	65.11	61.33	58.02	54.86	51.71	48.70	46.24	43.79	41.47	39.41	37.74	36.13	34.54	33.36	32.32	32.00	
101.00	93.73	86.54	80.56	74.91	69.63	64.38	59.16	54.79	50.91	47.74	45.11	42.96	40.88	38.85	37.28	35.79	34.47	33.17	32.42	32.00	
121.00	113.44	106.01	98.61	91.93	85.27	78.68	72.44	66.29	60.94	55.63	50.50	45.37	40.47	36.05	33.33	31.00	29.26	28.63	28.14	28.00	
105.00	99.12	93.35	87.77	82.34	77.18	72.26	67.48	63.30	59.57	56.00	52.50	49.19	46.46	43.87	41.37	39.12	37.08	35.45	33.90	32.38	31.66	31.21	31.00	
106.00	98.32	91.80	85.59	79.87	74.19	70.07	66.14	62.59	59.08	55.76	52.50	49.37	46.80	44.32	42.15	40.23	38.45	36.73	35.15	33.93	33.09	33.00	
102.00	95.25	88.75	82.42	76.16	69.99	63.99	58.42	53.34	49.55	46.42	43.57	41.26	39.28	37.64	36.01	34.45	33.27	32.17	31.12	30.16	29.60	29.22	29.00	
111.00	104.21	98.20	92.35	86.50	81.07	76.01	71.34	67.02	62.74	59.25	55.89	52.78	49.97	47.53	45.14	42.94	40.76	38.61	36.48	34.94	33.89	33.00	
120.00	112.18	104.50	97.22	89.95	82.70	76.08	69.80	64.04	59.99	56.11	52.32	48.70	45.16	42.14	39.13	37.13	35.41	33.73	32.26	31.54	31.19	31.00	
118.00	108.93	100.15	91.92	84.08	78.11	72.26	66.63	61.09	56.03	51.27	47.00	43.06	39.23	36.92	34.77	32.80	31.51	30.36	29.30	28.56	28.19	28.00	
105.00	98.38	91.79	85.49	79.66	74.06	68.60	63.38	58.81	54.44	50.23	47.37	44.56	41.94	39.36	37.18	35.60	34.14	32.74	31.43	31.00	
113.00	105.23	97.55	89.88	83.55	77.47	72.33	67.21	62.33	57.51	52.89	48.75	44.82	41.03	37.61	35.01	32.48	31.94	31.52	31.12	31.03	31.00	
117.00	109.61	102.22	95.12	88.78	82.54	76.61	70.98	65.72	60.89	56.35	52.15	48.28	44.44	41.01	37.89	34.97	33.98	33.05	32.41	32.00	
115.00	107.60	100.23	93.83	87.74	82.00	76.95	72.10	67.56	63.30	59.30	55.57	52.21	49.04	45.88	43.18	40.51	38.03	35.95	33.90	31.89	30.16	29.00	
123.00	114.51	106.36	98.60	90.97	83.86	76.93	70.13	63.61	57.60	51.62	46.30	42.25	38.65	35.83	34.48	33.15	32.04	31.50	31.04	30.63	30.25	30.00	
108.00	101.73	95.53	89.52	83.75	78.23	73.13	68.64	64.29	60.21	56.25	52.36	48.90	45.44	42.35	39.36	37.10	34.94	33.76	33.00	32.41	32.14	32.03	32.00	
108.00	100.89	93.79	86.71	80.11	73.56	68.86	64.77	60.79	57.02	53.30	50.00	46.94	43.90	41.31	39.05	36.92	34.92	33.69	32.64	31.90	31.48	31.08	31.00	
121.00	113.02	105.10	98.02	91.06	84.46	78.20	72.42	66.71	61.80	56.96	52.35	48.80	45.62	42.49	39.62	36.76	34.23	32.52	31.08	29.73	28.90	28.07	28.00	
104.00	97.13	90.66	84.46	79.17	74.25	69.37	64.57	60.40	56.47	52.86	49.42	46.16	43.23	40.63	38.37	36.40	34.82	33.44	32.40	32.00	
115.00	107.99	101.25	94.65	88.15	81.70	75.38	69.24	63.60	58.15	53.50	49.13	45.11	41.26	37.88	35.36	33.06	31.89	30.82	30.01	30.00	
107.00	101.86	97.00	92.23	87.49	82.92	78.51	74.31	70.14	66.11	62.17	58.26	54.43	50.62	46.86	43.38	40.30	37.93	35.68	33.59	31.76	30.57	29.40	29.00	
112.00	102.92	94.42	85.98	78.39	71.45	65.28	59.44	54.01	50.14	46.56	43.63	40.73	39.16	37.71	36.27	34.89	33.72	32.55	31.76	31.11	31.00	
109.00	99.92	92.82	86.06	79.45	72.98	66.76	61.05	55.85	51.92	48.29	45.14	42.14	39.25	37.29	35.34	33.62	32.30	31.18	30.42	30.00	
119.00	111.43	104.16	98.55	93.02	87.53	82.06	76.66	71.41	66.19	61.21	56.80	52.49	48.29	44.41	41.59	39.06	36.82	34.89	33.82	33.17	32.59	32.16	32.00	
115.00	107.93	100.88	94.31	88.03	81.96	76.47	71.56	66.69	62.63	58.59	54.65	51.41	48.18	45.20	42.31	39.77	37.56	35.78	34.20	32.92	32.31	32.00	
121.00	114.73	108.58	102.58	96.87	91.19	85.70	80.22	74.76	69.39	64.14	59.08	54.72	50.68	47.03	43.53	40.31	37.64	35.04	32.66	30.88	30.13	29.56	29.00	
122.00	115.30	108.73	102.26	95.93	89.97	84.03	78.15	72.74	67.57	62.65	57.98	53.32	49.90	46.76	43.69	40.77	38.19	35.66	33.51	31.54	30.09	28.93	28.00	
121.00	113.40	105.84	98.43	92.11	86.18	80.28	74.80	69.49	64.21	59.02	53.94	48.90	44.10	39.32	35.29	32.13	30.01	28.85	28.20	28.00	
121.00	112.21	103.48	94.90	86.56	79.59	73.30	68.05	63.31	59.19	55.62	52.07	48.58	45.48	42.99	40.59	38.70	37.12	35.76	34.58	33.41	32.34	32.13	32.00	
102.00	94.32	86.93	79.56	72.19	67.14	62.29	57.67	53.14	49.43	45.76	42.44	39.26	37.18	35.48	33.95	32.52	31.30	30.48	29.74	29.25	29.00	
102.00	95.00	88.97	83.54	78.24	73.00	67.78	63.17	58.99	54.88	51.05	47.55	44.15	41.59	39.08	36.76	34.79	32.85	31.40	30.06	28.81	28.16	28.00	
104.00	95.52	87.17	79.65	72.38	65.55	59.31	53.73	48.59	44.25	40.42	37.20	35.07	33.31	31.68	30.25	29.15	28.72	28.45	28.18	28.05	28.00	
103.00	96.35	89.85	83.68	78.27	73.01	67.87	62.82	57.92	53.34	49.14	45.98	43.18	40.43	37.72	35.37	33.48	31.69	30.85	30.11	29.54	29.09	29.00	
112.00	103.37	94.83	87.67	81.64	75.65	69.74	64.37	59.04	54.51	50.49	46.54	42.90	39.60	36.56	33.96	31.59	29.30	28.57	28.05	28.03	28.00	
112.00	105.71	99.51	93.55	87.66	81.78	76.58	71.79	67.62	63.48	59.43	55.66	52.13	48.61	45.33	42.26	39.41	37.42	35.84	34.28	33.47	33.00	
120.00	110.42	101.05	93.67	87.20	80.93	74.87	68.98	63.98	58.99	54.73	50.88	47.53	44.22	41.23	38.42	36.34	34.28	32.38	31.04	31.00	
116.00	106.74	97.87	89.38	81.67	74.19	68.12	62.92	58.14	54.96	51.87	48.85	45.91	43.12	40.64	38.42	36.27	34.27	33.02	31.83	30.79	30.00	
118.00	108.34	99.22	90.85	83.13	75.80	68.60	62.32	56.12	51.36	46.84	42.48	39.58	37.59	35.97	34.41	32.97	31.62	30.71	30.10	30.00	
116.00	108.15	100.65	94.08	87.68	81.34	75.36	69.76	64.31	59.37	55.05	51.20	47.46	44.07	40.73	37.42	35.38	33.36	31.55	31.02	31.00	
112.00	105.35	98.82	92.38	85.98	79.59	74.03	68.63	63.70	59.71	56.34	53.17	50.20	47.40	44.61	41.94	39.57	37.41	35.98	34.75	33.67	32.96	32.33	32.00	
115.00	108.54	102.11	95.88	89.88	83.88	78.11	72.43	67.00	62.04	57.51	53.25	49.09	45.79	42.53	39.43	36.66	33.97	31.82	30.61	29.55	29.11	29.03	29.00	
102.00	95.38	89.18	83.00	77.13	71.74	66.41	61.41	56.86	52.87	49.08	45.36	41.74	38.22	36.19	34.30	32.51	30.79	29.21	28.39	28.00	
111.00	104.44	97.99	91.72	85.52	79.65	74.13	68.76	63.49	58.26	53.60	49.14	45.57	42.63	40.17	37.99	35.81	33.84	31.89	30.50	29.26	29.00	
104.00	96.59	89.64	83.23	77.02	70.87	64.98	59.53	54.68	50.23	45.93	41.71	38.71	35.75	33.13	31.02	29.92	29.12	28.61	28.17	28.00	
116.00	108.36	100.86	93.40	86.39	79.85	74.00	68.96	64.18	59.48	55.51	51.70	48.12	44.82	41.53	39.22	37.03	35.18	33.46	32.17	31.29	30.59	30.08	30.00	
108.00	101.10	94.63	88.17	81.83	75.97	70.31	65.29	60.41	56.50	52.79	49.35	45.94	42.59	39.37	36.96	34.60	32.95	32.08	31.22	30.53	30.08	30.01	30.00	
122.00	114.66	107.42	101.09	94.97	89.40	83.85	78.44	73.43	68.45	63.75	59.78	55.86	52.15	48.63	45.31	42.99	40.80	38.64	36.78	34.99	33.55	33.00	
110.00	102.04	94.13	86.49	79.19	72.15	66.21	60.32	54.96	49.65	45.41	41.35	37.51	35.26	33.09	31.49	30.24	29.42	28.72	28.29	28.00	
110.00	101.53	93.34	85.73	79.64	73.79	68.59	63.87	59.15	54.92	51.07	47.37	43.70	40.35	37.28	34.98	33.34	32.11	31.01	30.10	29.32	29.00	
116.00	109.50	103.14	96.80	90.68	84.67	78.69	72.90	67.68	62.97	58.36	53.99	50.37	46.87	43.47	40.10	37.47	35.23	33.05	31.06	30.43	30.00	
119.00	109.57	100.97	93.02	85.95	79.00	72.08	65.64	59.21	54.21	49.81	46.10	42.48	39.44	36.66	34.26	32.31	30.78	29.68	28.78	28.00	
101.00	93.67	87.06	80.46	74.19	68.99	64.38	59.79	55.35	51.02	47.44	44.48	41.74	39.05	36.62	34.30	32.44	30.99	30.28	30.05	30.00	
118.00	109.45	100.95	93.63	86.36	80.29	74.55	69.58	64.77	60.25	55.92	51.99	48.11	44.59	41.25	38.49	36.24	34.20	32.82	31.46	30.25	29.37	28.56	28.00	
110.00	102.17	94.98	87.86	81.84	75.89	70.37	64.99	59.66	54.83	51.50	48.38	45.57	42.84	40.55	38.35	36.27	35.16	34.09	33.42	32.84	32.46	32.18	32.00	
120.00	112.17	105.09	99.20	93.72	88.43	83.53	78.76	74.41	70.17	66.08	62.22	58.57	54.99	51.43	47.97	44.81	41.70	38.73	36.45	34.18	32.00	
101.00	94.40	87.90	81.49	75.18	70.58	66.46	62.81	59.28	55.84	52.43	49.21	46.23	43.65	41.18	39.14	37.30	35.54	34.47	33.60	33.00	
101.00	94.57	88.34	82.12	76.37	70.93	65.90	60.96	56.50	52.87	49.42	46.05	42.89	39.87	36.89	34.77	33.27	31.90	30.84	29.93	29.17	29.00	
111.00	105.44	100.37	95.31	90.41	85.62	80.84	76.28	71.88	68.06	64.28	60.52	56.85	53.24	49.85	46.49	43.37	40.51	37.74	35.40	33.36	32.20	31.12	31.00	
122.00	112.40	103.15	94.50	86.02	79.37	73.34	67.45	61.59	56.12	51.34	46.98	43.53	40.67	37.90	35.23	33.11	31.45	29.86	29.22	28.68	28.36	28.17	28.00	
115.00	105.41	96.85	89.02	83.05	77.36	72.17	67.16	62.23	57.56	53.27	49.48	46.53	43.76	41.02	38.32	35.70	33.36	31.48	29.69	28.21	28.07	28.00	
116.00	108.66	101.53	94.48	87.99	82.35	76.76	71.24	66.83	62.57	58.43	54.73	51.06	47.66	44.44	41.66	38.97	36.68	34.61	32.70	31.33	30.48	30.22	30.00	
107.00	101.63	96.53	91.54	86.74	82.39	78.05	73.81	69.81	65.94	62.22	58.57	55.01	51.55	48.14	45.67	43.21	41.44	39.69	38.01	36.33	34.88	33.87	33.00	
110.00	100.53	91.86	84.64	77.57	71.36	65.73	60.15	55.34	50.74	46.26	42.32	39.85	37.69	35.99	34.93	34.05	33.52	33.19	33.08	33.00	
103.00	96.37	90.42	84.57	78.78	73.35	68.08	63.06	58.58	54.73	50.98	47.51	44.72	42.03	39.46	37.36	35.46	33.63	32.01	31.29	30.64	30.00	
111.00	104.11	97.31	90.74	84.35	78.10	72.71	67.39	62.39	57.68	53.01	49.42	45.92	43.25	41.01	38.81	37.09	35.46	33.97	32.82	31.83	31.23	31.09	31.00	
104.00	96.96	89.94	83.09	76.83	71.04	66.15	62.11	58.17	54.58	50.99	47.56	44.31	41.44	38.58	35.75	34.27	32.81	32.06	31.32	30.71	30.19	30.00	
102.00	96.18	90.49	84.90	79.68	74.51	69.90	65.38	61.01	56.77	53.02	49.39	45.86	43.00	40.24	37.52	35.20	32.93	30.88	29.41	29.00	
116.00	106.17	96.52	89.07	82.11	75.52	69.86	64.29	59.08	54.05	49.25	45.23	41.35	38.60	36.09	34.33	33.47	32.65	32.00	31.49	31.15	31.00	
101.00	94.97	89.22	83.54	77.98	73.27	68.62	64.48	60.58	56.75	53.25	49.82	46.51	43.75	41.07	38.70	36.71	34.77	32.94	31.67	30.75	30.12	30.00	
119.00	108.85	99.12	90.63	83.14	76.70	70.37	64.47	58.84	53.45	48.62	44.43	40.50	36.91	34.96	33.13	31.80	30.57	30.16	30.05	30.00	
123.00	115.26	108.07	101.17	94.33	88.00	81.98	76.07	70.23	65.36	60.93	56.64	52.79	49.24	45.73	42.33	39.54	37.56	35.68	34.23	32.98	32.00	
111.00	104.50	98.26	92.16	86.14	80.94	75.83	70.89	66.07	61.41	56.99	52.99	49.04	45.16	41.41	38.91	36.43	34.09	31.97	30.18	29.36	28.57	28.23	28.00	
110.00	101.84	94.75	87.74	80.99	74.48	68.28	62.16	56.12	52.25	48.55	45.20	42.10	39.04	37.10	35.16	33.84	32.64	31.57	30.51	29.86	29.39	29.00	
116.00	105.69	95.91	86.50	78.10	72.74	67.42	62.40	57.82	53.95	50.16	46.42	43.43	40.45	38.18	36.12	34.27	32.84	31.74	30.86	30.00	
115.00	107.39	99.87	92.41	85.80	79.85	73.93	68.17	62.52	56.89	52.16	47.96	43.85	40.14	38.00	35.98	34.11	32.58	31.30	30.06	30.00	
101.00	94.56	88.14	82.02	76.54	71.59	67.09	62.72	58.41	54.29	50.25	47.35	44.75	42.31	39.90	37.60	35.57	34.13	32.87	31.96	31.44	31.00	
115.00	108.47	102.14	95.89	90.09	84.48	78.98	73.53	68.62	63.76	59.39	55.46	51.59	47.81	44.15	40.85	37.56	35.21	33.14	31.30	30.17	29.09	28.30	28.00	
114.00	105.19	96.66	88.43	80.42	73.16	66.63	60.45	55.67	51.43	47.79	44.34	41.24	38.50	35.89	33.58	31.30	29.95	28.64	28.31	28.08	28.00	
103.00	95.04	87.51	81.65	75.86	70.48	65.52	61.27	57.09	53.22	49.55	46.05	42.59	39.45	36.31	34.42	32.69	31.76	30.83	30.26	29.70	29.28	29.03	29.00	
107.00	100.69	94.49	88.28	82.33	76.64	70.99	65.80	60.69	55.66	50.99	47.04	43.40	39.88	36.83	34.86	33.07	31.30	29.90	28.94	28.55	28.18	28.09	28.00	
104.00	98.00	92.04	86.43	81.03	75.73	70.62	65.69	60.80	56.53	52.41	48.36	44.48	40.90	38.58	36.94	35.56	34.32	33.13	31.98	30.85	29.77	28.69	28.00	
113.00	106.15	99.69	93.58	87.62	81.96	76.36	71.02	65.96	61.24	56.68	52.73	49.14	45.57	42.77	40.11	37.88	35.96	34.51	33.31	32.30	31.43	31.00	
113.00	104.87	96.82	88.95	81.09	73.26	66.50	61.13	55.96	51.19	47.76	44.50	41.60	39.14	36.84	34.78	33.30	31.97	30.71	29.58	29.21	29.00	
120.00	112.32	104.71	97.73	90.82	84.07	78.13	72.33	66.73	62.07	57.54	53.53	49.90	46.45	43.61	40.79	38.11	36.03	34.14	32.39	30.79	29.35	28.62	28.00	
101.00	95.30	89.99	84.73	80.11	75.71	71.35	67.30	63.64	60.04	56.61	53.32	50.26	47.33	44.63	42.10	39.65	37.60	35.73	33.87	33.05	32.26	32.00	
103.00	95.97	89.48	83.11	76.96	71.07	65.43	59.99	54.83	49.80	46.20	42.64	39.76	37.26	35.85	35.25	34.66	34.11	33.74	33.38	33.11	33.00	
107.00	100.52	94.20	88.18	82.21	76.41	71.39	66.49	61.74	57.55	53.38	49.94	46.53	43.57	40.72	38.23	36.51	34.87	33.38	32.51	31.76	31.32	31.00	
115.00	107.24	99.83	93.33	87.06	81.45	76.75	72.09	67.72	63.37	59.08	54.87	51.12	47.53	44.12	41.28	38.96	36.76	34.61	33.24	32.75	32.37	32.00	
123.00	115.93	109.11	102.45	95.98	89.72	83.61	77.71	72.03	66.63	61.60	56.65	52.00	47.57	43.46	39.78	36.72	33.95	31.98	30.69	29.70	29.29	29.00	
103.00	95.45	88.34	81.99	76.17	70.35	66.44	62.56	58.84	55.15	51.69	48.42	45.87	43.53	41.20	38.89	37.02	35.14	33.70	32.31	31.16	30.07	29.27	29.00	
120.00	112.06	104.21	96.99	89.91	82.89	76.42	70.11	64.54	59.33	54.27	49.30	44.81	40.84	37.42	35.12	33.26	31.41	30.16	29.43	29.00	
122.00	111.61	101.33	91.21	82.14	73.53	67.56	62.62	57.69	52.81	49.05	45.33	42.05	39.71	37.85	36.19	34.70	33.69	32.69	31.79	31.16	30.55	30.00	
111.00	103.74	96.59	90.04	83.74	78.41	73.32	68.53	64.49	60.62	56.96	53.32	49.74	46.66	43.88	41.15	38.47	36.55	34.68	33.08	31.55	30.13	29.00	
107.00	101.10	95.53	90.23	84.97	79.87	74.79	69.87	65.04	60.35	55.89	52.01	48.56	45.34	42.87	40.47	38.70	37.02	35.90	34.84	33.80	32.91	32.43	32.00	
106.00	99.12	92.82	87.10	81.60	76.20	70.96	65.75	60.72	56.11	51.62	47.79	44.28	40.88	38.09	35.86	33.67	31.54	31.24	31.02	31.00	
110.00	103.56	97.74	92.09	87.08	82.18	77.53	73.00	68.51	64.08	59.76	55.98	52.25	48.84	45.49	42.42	39.55	37.81	36.26	35.16	34.08	33.23	32.48	32.00	
123.00	114.58	107.19	99.87	92.70	85.84	79.54	73.78	68.23	63.04	57.93	52.88	48.90	45.96	43.13	40.34	37.58	34.96	32.77	31.16	31.00	
118.00	109.99	102.26	94.76	87.69	80.94	74.24	68.28	62.35	56.95	52.53	48.26	44.10	40.56	37.67	35.57	33.74	32.15	30.93	29.75	28.79	28.09	28.00	
103.00	95.57	88.31	81.72	75.22	69.84	64.94	60.14	55.63	51.55	47.83	44.15	40.90	38.22	35.88	33.94	32.28	30.72	29.57	28.65	28.32	28.05	28.00	
111.00	101.31	91.85	83.37	74.92	67.63	61.44	56.80	52.80	48.83	45.75	43.14	40.84	38.55	36.29	34.53	33.11	31.94	30.87	30.11	29.44	29.00	
120.00	111.25	103.21	96.02	89.54	83.84	78.28	73.15	68.24	63.48	58.75	54.11	49.55	45.23	41.15	37.60	34.81	32.17	30.60	29.23	29.00	
117.00	110.80	104.64	98.81	93.24	87.71	82.22	77.46	73.00	68.64	64.37	60.20	56.38	53.10	49.89	46.92	44.00	41.13	38.33	36.47	34.70	33.56	33.25	33.00	
121.00	112.89	105.39	98.28	92.06	85.97	79.95	74.29	68.71	63.94	59.34	54.86	51.09	47.88	44.78	41.80	38.84	36.29	34.11	32.65	31.35	30.73	30.14	30.00	
107.00	99.45	92.60	86.12	80.12	74.43	68.85	63.77	58.81	53.91	49.69	46.37	43.25	40.82	38.41	36.56	34.70	33.79	33.05	32.51	32.00	
112.00	105.65	99.54	93.58	87.83	82.13	76.70	72.12	67.72	63.37	59.19	55.37	51.58	47.92	44.40	41.43	39.24	37.60	36.26	34.93	34.21	33.60	33.24	33.00	
101.00	95.76	90.61	86.20	81.96	77.87	73.83	69.84	66.07	62.31	58.64	55.11	51.63	48.55	45.56	42.87	40.43	38.36	36.42	34.61	33.02	32.09	31.44	31.00	
104.00	98.11	92.53	87.06	82.05	77.19	72.40	67.68	63.31	59.11	55.21	51.32	47.63	44.29	41.60	39.15	37.02	35.43	34.29	33.19	33.04	33.00	
112.00	105.48	99.25	93.16	87.14	81.29	75.66	70.19	65.15	60.56	56.67	52.78	48.91	45.31	42.09	39.07	37.05	35.19	33.45	31.71	29.99	29.00	
122.00	115.14	108.42	101.75	95.28	89.03	83.06	77.24	71.56	66.02	61.32	56.67	52.11	47.94	43.80	40.10	36.59	34.03	31.78	30.22	28.65	28.00	
123.00	113.67	105.12	97.32	89.70	82.96	76.98	71.10	65.61	60.43	55.39	51.60	48.44	45.48	42.55	40.14	37.86	35.77	33.68	32.04	31.32	31.00	
104.00	98.75	93.65	88.72	83.82	78.98	74.60	70.38	66.33	62.52	58.85	55.56	52.30	49.05	45.97	43.03	40.10	37.92	35.78	34.11	32.64	31.21	30.48	30.00	
110.00	103.23	96.63	90.75	85.02	79.54	74.08	68.71	63.92	59.38	54.98	51.08	47.51	44.54	41.81	39.16	37.11	35.38	33.78	32.37	31.26	30.28	29.39	29.00	
115.00	108.61	102.28	96.07	90.04	84.09	78.51	73.60	68.78	63.98	59.20	54.47	50.09	46.25	42.80	39.60	37.53	35.78	35.01	34.48	33.96	33.50	33.15	33.00	
110.00	103.10	97.09	91.31	85.64	80.03	74.89	69.79	65.13	60.55	56.17	51.99	48.37	44.87	41.58	38.35	36.33	34.38	32.50	31.15	30.34	29.56	29.00	
113.00	105.38	98.71	92.17	85.66	79.40	74.14	69.00	63.98	58.99	54.22	51.58	48.95	46.53	44.13	41.75	39.54	37.50	35.57	33.75	32.01	30.54	29.65	29.00	
105.00	98.36	91.87	85.55	79.56	73.78	68.11	63.54	59.05	54.98	50.95	47.22	43.75	40.87	38.32	36.36	34.87	33.96	33.12	32.43	32.00	
121.00	112.67	104.75	97.60	90.60	83.83	77.21	71.41	66.07	61.03	56.49	52.53	48.62	45.21	42.05	39.57	37.22	35.32	34.19	33.26	32.35	31.77	31.22	31.00	
107.00	100.32	94.05	88.07	82.35	76.73	71.32	65.96	60.61	56.35	52.58	49.01	45.78	42.72	39.68	37.78	35.88	34.40	33.02	32.21	32.00	
112.00	102.99	95.25	88.21	81.29	74.44	67.92	62.95	58.35	53.87	49.51	45.25	41.32	37.51	34.34	31.76	30.70	30.02	29.51	29.19	29.00	
101.00	94.79	88.83	83.21	78.04	72.98	68.29	63.82	59.38	55.14	51.04	46.95	43.84	40.73	37.91	35.33	32.81	31.29	30.02	28.90	28.35	28.00	
104.00	97.92	92.17	86.46	80.83	75.29	70.37	65.69	61.08	56.96	52.85	49.65	46.85	44.16	41.71	39.39	37.39	35.51	34.21	33.35	32.52	31.77	31.09	31.00	
112.00	102.86	93.75	84.70	76.11	68.70	62.85	57.61	52.90	48.99	45.24	41.80	38.50	35.45	33.62	32.05	30.69	29.46	28.58	28.08	28.00	
104.00	96.20	88.40	81.66	76.78	72.11	67.45	62.89	58.44	54.50	51.06	47.84	44.84	41.85	38.88	36.23	33.57	31.01	30.09	29.23	29.04	29.00	
101.00	95.25	89.73	84.23	78.96	74.14	69.41	64.75	60.30	56.40	52.88	49.39	46.23	43.81	41.67	39.63	38.07	36.53	35.66	34.79	34.02	33.37	33.05	33.00	
116.00	108.59	101.19	93.96	87.01	80.07	74.43	69.08	64.03	59.85	55.75	52.28	49.20	46.23	43.64	41.19	38.95	36.80	34.81	33.15	31.94	31.00	
107.00	99.00	91.17	83.53	76.59	71.38	66.86	62.55	58.24	53.98	50.03	46.16	42.46	39.69	37.41	35.39	33.67	32.05	30.54	29.10	29.00	
111.00	102.95	94.96	87.02	79.31	71.61	64.39	58.83	53.46	48.56	44.02	40.14	37.39	35.29	33.61	31.99	30.62	29.34	28.40	28.14	28.00	
113.00	105.89	99.01	92.60	86.51	80.68	74.90	69.23	63.60	59.53	55.54	51.67	48.00	44.34	41.55	39.06	36.61	34.34	32.34	30.55	29.15	28.26	28.00	
109.00	102.00	95.48	89.28	83.31	77.85	72.43	67.05	61.86	56.82	52.54	48.69	45.03	42.30	39.67	37.26	35.09	33.93	33.00	32.14	31.43	31.05	31.00	
115.00	107.60	101.14	94.92	88.84	83.02	77.22	71.89	66.64	61.65	56.70	53.24	49.90	46.59	43.36	40.52	38.18	36.22	34.42	33.16	32.02	31.03	30.42	30.00	
116.00	109.11	102.41	95.88	89.58	83.92	78.72	73.78	68.90	64.23	59.67	55.32	51.03	46.87	43.31	39.85	36.60	33.87	31.66	30.08	29.00	
110.00	102.56	95.28	88.41	82.16	76.28	70.58	65.21	60.48	56.14	51.91	47.71	43.85	40.08	37.20	34.37	33.03	31.73	30.52	29.34	28.61	28.26	28.00	
115.00	107.65	101.22	94.89	89.08	83.40	77.74	72.15	66.65	62.12	57.69	53.68	49.88	46.38	43.02	40.08	37.52	35.34	34.14	33.11	32.29	32.00	
121.00	113.54	106.10	98.83	91.60	84.76	78.00	72.11	66.33	61.06	55.95	51.02	46.23	41.57	38.64	36.15	33.67	31.82	30.48	29.75	29.46	29.18	29.00	
102.00	95.90	89.83	84.37	79.19	74.07	69.09	64.15	59.30	54.46	50.56	46.91	43.96	41.34	39.10	36.88	34.67	33.24	32.59	32.06	31.62	31.24	31.00	
102.00	94.85	88.19	81.58	75.67	70.57	65.67	61.02	57.65	54.38	51.51	48.79	46.09	43.41	40.77	38.54	36.53	35.05	34.30	33.62	33.00	
112.00	105.11	98.72	92.45	86.26	80.61	75.18	70.04	64.96	60.31	56.11	51.97	48.29	44.81	41.35	38.21	36.39	34.98	34.07	33.38	32.70	32.21	32.00	
111.00	104.17	97.81	91.59	85.48	79.36	73.41	67.74	62.71	58.21	53.77	50.03	46.75	43.66	41.50	39.49	37.61	35.87	34.44	33.04	31.85	30.85	30.39	30.00	
117.00	109.22	101.80	94.64	88.55	83.12	77.76	72.80	67.94	63.32	58.72	54.16	50.49	46.91	43.97	41.43	38.89	36.45	35.02	33.83	32.82	31.89	31.00	
107.00	98.98	91.76	84.71	77.80	72.16	67.93	63.73	59.68	55.71	51.83	48.43	45.37	42.85	40.62	38.54	36.77	35.29	34.04	32.80	31.61	30.46	30.00	
117.00	108.97	100.96	93.35	86.66	80.01	74.13	68.28	63.11	58.32	53.81	49.56	45.49	42.26	40.01	37.91	36.45	35.07	33.88	32.74	31.99	31.48	31.00	
123.00	111.74	100.93	91.39	81.93	74.35	67.84	62.65	57.87	54.50	51.55	48.63	45.72	42.94	40.41	38.28	36.36	35.02	33.85	33.07	33.00	
114.00	107.29	100.70	94.23	88.35	82.70	77.32	72.11	67.01	62.08	57.17	52.76	48.64	45.38	42.55	40.00	37.57	35.19	33.63	32.21	32.00	
114.00	104.85	96.65	89.26	82.76	76.35	70.17	65.13	60.34	55.78	51.74	47.77	44.43	41.25	38.09	35.06	32.10	29.55	28.92	28.32	28.12	28.00	
110.00	103.79	97.59	91.53	85.47	79.51	73.64	68.81	64.00	59.56	55.21	50.98	47.20	44.13	41.42	38.90	36.71	35.35	34.15	33.53	33.14	33.00	
108.00	101.24	94.52	88.25	82.44	77.03	72.47	68.11	63.89	60.20	56.84	53.53	50.48	47.42	44.63	42.10	39.83	37.83	35.85	33.97	32.42	32.00	
117.00	107.18	98.68	91.45	85.73	80.03	74.34	68.79	63.60	58.53	53.58	48.85	45.20	41.59	39.26	37.06	35.38	34.01	32.67	31.54	30.48	30.00	
112.00	105.48	99.10	92.77	86.95	81.28	75.62	70.47	65.73	61.19	56.67	52.54	48.64	45.82	43.10	40.95	38.94	37.28	36.02	35.13	34.27	33.55	33.00	
107.00	99.04	91.31	83.79	76.79	70.34	64.61	59.34	54.21	50.22	46.67	43.93	41.23	38.55	36.00	33.69	31.83	30.63	29.87	29.34	29.00	
110.00	101.62	93.34	86.38	79.49	73.00	66.70	60.88	56.97	53.11	49.27	45.67	42.18	39.04	36.01	33.70	32.16	31.24	30.72	30.31	30.00	
102.00	95.63	89.44	83.50	77.88	72.49	67.30	63.38	59.55	55.77	52.04	48.50	45.08	42.48	39.88	37.55	35.23	33.04	31.13	29.66	28.70	28.13	28.00	
123.00	114.60	107.22	100.12	93.07	86.41	80.07	74.55	69.12	64.19	59.69	55.79	52.13	48.60	45.41	42.32	39.41	36.89	34.64	32.64	30.67	29.65	29.00	
123.00	115.84	108.83	102.15	95.60	89.25	83.07	77.03	71.30	65.58	60.62	56.65	52.76	49.23	45.87	43.33	40.95	38.79	37.00	35.32	33.74	33.00	
107.00	100.45	94.00	87.82	81.78	75.83	70.70	65.93	61.61	57.48	53.80	50.26	47.05	44.10	41.21	38.77	36.71	35.00	33.37	33.09	33.01	33.00	
112.00	104.19	96.50	89.50	82.69	76.28	71.23	66.35	61.49	56.87	52.72	48.66	45.12	41.74	38.58	36.13	35.16	34.47	33.94	33.53	33.27	33.05	33.00	
103.00	97.06	91.24	85.84	80.56	75.43	70.40	65.67	61.15	57.43	53.80	50.36	47.16	44.51	42.21	40.29	38.45	36.81	35.40	34.04	32.94	32.00	31.47	31.00	
105.00	97.66	90.96	84.28	77.75	72.87	68.62	64.65	61.01	57.51	54.03	50.81	47.98	45.32	43.01	40.88	39.10	37.40	36.11	34.84	33.57	33.00	
113.00	103.84	95.93	88.49	81.33	74.90	69.42	64.43	59.61	55.21	51.00	46.88	43.06	39.44	37.00	35.02	33.15	31.36	30.39	29.61	29.00	
109.00	103.44	97.94	92.58	87.76	82.94	78.25	73.62	69.04	65.15	61.33	57.64	53.96	50.29	47.04	43.93	40.87	38.27	35.96	34.07	32.57	31.30	31.00	
101.00	94.90	88.88	83.76	79.13	74.53	70.22	66.07	62.18	58.34	54.80	51.37	48.11	45.03	42.34	39.75	37.18	34.88	33.55	32.77	32.39	32.12	32.00	
118.00	109.34	100.83	92.51	84.54	77.42	70.99	65.09	60.04	55.24	50.71	46.20	42.27	39.30	37.60	36.02	34.64	33.38	32.14	31.18	31.00	
116.00	109.81	104.01	98.51	93.05	87.77	82.62	77.63	72.73	67.87	63.05	58.30	53.61	49.05	45.67	42.42	39.18	36.38	33.91	31.55	30.12	30.00	
118.00	110.32	103.75	97.71	92.06	86.56	81.24	76.09	71.20	66.36	62.49	58.85	55.37	51.97	48.61	45.41	42.61	40.01	37.90	36.09	34.68	33.73	33.00	
111.00	102.82	95.42	88.99	83.13	77.32	71.54	66.01	61.58	57.17	53.11	49.28	46.19	43.14	40.18	37.90	35.74	34.75	33.80	33.15	32.69	32.27	32.00	
103.00	96.75	90.56	84.39	78.35	72.75	67.16	62.26	57.72	53.59	50.29	46.99	43.77	40.61	38.60	36.80	35.97	35.15	34.45	33.79	33.26	33.07	33.00	
113.00	105.00	97.35	90.52	83.71	78.35	73.26	68.55	63.88	59.42	55.24	51.58	48.17	44.89	41.68	38.56	35.81	33.97	33.19	32.42	31.73	31.10	31.00	
103.00	95.55	88.55	81.76	75.70	69.99	64.44	59.43	55.01	50.61	46.86	43.75	40.78	38.26	36.07	34.11	32.56	31.44	30.39	29.72	29.18	28.65	28.22	28.00	
114.00	108.17	102.38	96.60	91.21	85.86	80.92	76.03	71.19	66.58	62.32	58.17	54.10	50.26	46.60	42.96	39.64	36.48	33.70	32.28	31.07	30.04	29.03	29.00	
102.00	95.79	89.68	83.61	77.84	72.45	68.36	64.65	60.95	57.50	54.43	51.43	48.51	45.74	43.18	40.88	38.61	36.51	34.77	33.25	32.13	31.56	31.00	
106.00	99.34	92.86	86.51	80.18	74.37	68.60	63.49	58.41	54.01	51.01	48.15	45.39	42.89	41.03	39.36	37.73	36.17	34.93	33.80	33.40	33.13	33.00	
103.00	97.14	91.40	85.84	80.28	75.05	69.97	65.77	61.95	58.47	55.04	51.77	48.60	45.49	42.47	39.64	36.93	34.89	33.46	32.40	31.39	30.47	29.60	29.00	
111.00	103.66	96.60	89.69	83.86	78.05	72.98	68.36	63.91	59.47	55.43	51.61	47.98	44.90	42.44	40.69	39.11	37.64	36.27	34.97	33.81	32.72	31.75	31.00	
123.00	114.28	105.69	97.14	88.81	80.52	72.82	66.98	61.95	58.35	55.15	51.96	48.88	46.08	43.34	40.86	38.40	36.63	35.08	33.57	33.22	33.02	33.00	
114.00	107.46	101.17	94.92	89.09	83.41	77.75	72.15	66.73	61.39	56.87	52.40	47.97	45.08	42.26	40.08	38.17	37.01	35.92	34.88	34.10	33.41	33.17	33.00	
123.00	115.25	107.81	100.52	93.79	87.80	82.19	77.06	72.06	67.07	62.44	57.93	53.65	50.11	46.86	43.91	41.16	38.74	36.48	34.58	32.75	31.47	30.64	30.00	
104.00	98.47	92.95	87.59	82.27	77.36	72.51	67.89	63.43	59.57	55.74	51.98	48.53	45.67	42.86	40.24	37.90	35.62	33.66	32.05	30.77	30.33	30.00	
113.00	104.27	95.87	87.85	79.85	72.95	66.06	59.79	53.54	48.49	43.72	40.05	37.57	35.35	33.44	31.81	30.79	29.95	29.61	29.30	29.00	
117.00	111.16	105.37	99.61	93.86	88.11	82.74	77.40	72.40	67.63	63.42	59.53	55.83	52.28	49.05	45.95	42.88	40.10	37.77	36.06	34.44	33.01	31.60	31.00	
117.00	109.45	102.00	94.76	88.05	81.34	75.11	68.87	64.38	60.16	56.47	52.94	49.51	46.15	43.44	40.82	38.64	36.79	35.16	33.62	33.15	32.72	32.33	32.00	
110.00	103.67	97.41	91.35	85.49	79.98	74.70	69.64	64.80	60.08	56.15	52.29	48.62	45.28	42.15	39.19	36.55	34.12	31.94	29.82	28.82	28.31	28.00	
111.00	103.29	96.57	90.07	84.06	78.52	73.15	67.84	62.71	57.85	53.76	49.74	45.78	41.95	39.39	37.73	36.39	35.36	34.35	33.48	32.62	32.00	
106.00	99.84	93.85	88.11	82.60	77.31	72.02	67.34	62.70	58.44	54.58	50.99	47.58	44.83	42.80	40.83	38.98	37.39	36.19	35.06	34.05	33.15	32.50	32.00	
119.00	110.65	102.39	94.51	86.99	80.02	73.41	67.95	62.62	57.50	52.40	48.28	44.25	40.46	37.66	35.69	33.80	31.94	30.23	29.63	29.20	28.78	28.39	28.00	
123.00	115.97	108.99	102.21	95.63	89.34	83.12	76.92	71.08	65.79	61.29	57.30	53.48	50.16	47.37	44.74	42.10	39.48	37.23	35.60	34.06	33.00	
113.00	104.74	96.76	89.09	82.87	76.68	70.83	65.43	60.68	57.00	53.56	50.35	47.55	44.80	42.30	40.16	38.45	36.80	35.26	33.94	32.81	32.01	32.00	
108.00	100.52	93.12	85.78	78.66	73.39	69.08	64.99	60.97	57.06	53.20	49.36	45.90	42.68	39.73	37.56	35.46	33.46	31.80	30.29	29.59	29.32	29.11	29.00	
112.00	105.73	99.65	93.64	88.22	82.87	77.74	73.23	68.87	64.54	60.59	56.85	53.16	49.70	46.47	43.27	40.45	38.22	36.07	35.05	34.12	33.45	33.00	
110.00	101.62	93.74	86.81	81.06	75.63	70.35	65.78	61.39	57.15	53.09	49.23	46.06	43.49	41.21	39.22	37.59	36.07	34.63	33.50	32.56	32.00	
123.00	113.79	104.97	96.90	88.85	81.01	73.72	66.85	60.36	55.16	50.62	46.57	42.94	39.76	37.31	35.24	33.34	31.78	30.48	29.54	28.96	28.51	28.13	28.00	
118.00	109.31	101.48	93.70	86.09	78.99	71.95	64.94	59.94	55.58	51.78	48.01	44.99	42.09	39.20	36.35	33.79	31.65	29.70	28.94	28.18	28.00	
112.00	102.49	94.48	87.11	80.40	73.81	68.25	63.30	59.36	55.57	51.92	48.82	45.78	43.33	40.91	38.89	37.01	35.33	33.74	32.45	31.19	30.00	
106.00	96.56	88.30	80.35	74.34	68.81	63.51	58.69	54.14	49.68	45.51	41.35	38.42	35.83	33.61	32.10	31.00	30.28	29.63	29.01	28.40	28.00	
119.00	110.03	102.21	94.66	87.13	79.84	73.09	66.91	61.40	55.92	50.91	45.98	41.35	38.30	35.58	33.04	31.19	29.67	29.33	29.14	29.00	
118.00	111.03	104.39	97.79	91.34	85.15	79.19	73.53	68.21	63.30	58.84	54.57	51.09	47.62	44.54	42.06	39.61	37.51	35.49	34.08	33.00	
120.00	111.83	103.72	96.03	88.40	80.78	74.96	69.71	64.76	60.36	56.05	51.76	47.77	44.22	41.09	38.35	35.88	33.70	31.67	30.29	29.35	29.00	
101.00	92.97	85.51	79.06	73.43	68.49	63.70	59.06	54.64	50.39	46.87	43.59	40.68	37.91	36.00	34.29	32.66	31.37	30.56	30.14	30.04	30.00	
117.00	108.53	100.26	92.57	85.62	79.34	73.07	67.10	61.57	56.24	52.20	48.39	44.63	41.13	37.66	35.16	33.39	31.79	30.22	29.02	28.00	
108.00	101.33	94.93	88.75	82.58	77.06	71.74	66.80	62.77	59.07	55.43	52.15	48.99	46.11	43.42	40.90	38.55	36.54	35.28	34.23	33.72	33.22	33.00	
108.00	101.11	94.42	87.78	81.73	75.92	70.48	65.30	60.23	55.32	50.78	47.06	43.65	40.75	38.07	36.21	34.51	33.48	32.66	31.84	31.20	30.57	30.20	30.00	
119.00	111.13	103.27	96.16	89.06	82.29	75.98	70.38	65.46	61.18	57.31	53.63	50.18	46.91	43.76	40.82	38.17	35.94	33.88	32.51	31.75	31.00	
105.00	99.62	94.35	89.28	84.74	80.23	75.87	71.55	67.28	63.04	59.51	56.12	52.76	49.86	46.98	44.12	41.79	39.84	37.91	36.30	35.23	34.34	33.62	33.00	
109.00	102.87	97.03	91.37	86.03	81.20	76.41	71.69	67.15	63.13	59.18	55.59	52.04	48.55	45.17	41.92	38.89	35.99	33.30	31.42	30.10	29.21	29.00	
102.00	96.44	90.90	85.52	80.56	75.68	71.19	66.79	62.72	58.77	54.86	51.12	47.85	44.65	41.72	38.80	36.04	33.43	31.23	29.26	28.36	28.11	28.00	
112.00	104.33	96.88	89.59	82.85	76.53	71.05	65.78	60.91	56.29	52.17	48.63	45.18	42.51	39.96	37.43	34.89	32.65	31.25	30.43	29.63	29.00	
117.00	109.47	102.14	95.25	88.37	81.56	75.13	69.01	63.92	58.95	54.10	49.43	45.07	40.72	36.92	35.20	33.63	32.37	31.81	31.36	31.00	
102.00	94.41	87.47	80.87	74.60	68.77	62.99	57.50	52.35	47.27	43.95	40.66	37.73	35.53	33.35	32.01	30.81	29.85	29.43	29.20	29.00	
110.00	104.22	98.47	92.82	87.37	82.15	77.10	72.26	67.57	63.05	58.68	54.50	50.53	46.75	43.11	40.09	37.10	35.11	33.66	32.84	32.28	32.00	
115.00	107.46	100.37	93.56	87.78	82.56	77.35	72.33	67.45	62.69	58.16	54.26	50.59	47.14	44.21	41.84	39.61	37.47	35.68	34.07	32.60	32.24	32.00	
103.00	97.46	92.14	86.90	81.99	77.18	72.39	67.66	63.09	58.61	54.29	50.86	47.75	44.71	42.01	39.74	37.60	35.50	33.66	32.36	31.66	31.12	31.00	
120.00	112.88	106.10	99.58	93.14	86.77	80.45	74.21	69.13	64.15	60.69	57.48	54.40	51.42	48.65	45.93	43.30	40.91	38.57	36.33	34.36	32.75	31.49	31.00	
115.00	107.73	100.77	94.53	88.47	82.42	76.70	71.32	66.68	62.30	58.14	54.27	50.68	47.13	43.69	40.60	37.71	34.85	32.36	30.80	29.43	29.00	
114.00	104.74	97.02	90.35	83.72	77.51	71.61	66.54	61.86	57.52	53.20	49.29	46.51	43.78	41.31	39.17	37.16	35.25	33.71	33.26	33.05	33.00	
101.00	95.51	90.13	84.80	79.75	75.06	70.38	65.78	61.58	57.71	54.14	50.81	47.50	44.24	41.21	38.98	36.91	35.30	33.96	32.79	31.85	31.46	31.20	31.00	
105.00	98.73	92.69	87.21	81.73	76.46	72.14	67.95	63.77	59.74	55.76	51.96	48.64	45.41	42.40	39.46	36.91	34.47	32.25	31.32	30.74	30.25	30.13	30.00	
116.00	109.60	103.36	97.51	91.73	86.04	80.45	74.85	69.34	64.71	60.13	55.78	51.72	47.92	44.26	41.27	38.29	35.76	34.03	32.86	32.49	32.18	32.00	
107.00	99.76	93.15	87.31	81.70	76.43	71.32	66.50	61.95	57.56	53.23	49.26	45.76	42.54	39.73	37.72	35.88	34.17	33.37	33.10	33.00	
111.00	103.24	95.84	88.58	81.45	74.71	69.30	63.89	59.43	55.20	51.15	47.21	43.54	40.45	37.60	34.82	32.59	30.95	29.44	28.17	28.00	
103.00	95.29	87.88	81.42	75.13	69.73	64.34	59.44	54.99	50.61	46.76	43.11	40.14	37.40	35.37	33.47	31.98	31.01	30.41	30.10	30.00	
105.00	98.11	91.28	84.60	78.25	72.20	66.85	61.76	57.05	52.38	48.88	45.81	43.32	40.96	39.14	37.82	36.67	35.58	34.58	33.73	32.95	32.23	31.61	31.00	
122.00	112.82	103.63	95.85	88.07	80.42	73.00	65.72	59.68	53.95	49.49	46.01	42.89	40.70	38.52	36.38	34.40	32.70	31.07	29.60	28.51	28.22	28.00	
107.00	98.96	91.23	84.51	78.63	72.91	67.25	61.79	56.66	52.39	48.13	44.39	40.68	37.16	34.80	33.09	31.49	30.44	29.46	28.85	28.50	28.22	28.00	
114.00	105.63	97.42	89.78	83.60	77.49	71.92	66.63	61.72	56.97	52.97	49.53	46.29	43.17	40.63	38.34	36.32	34.83	33.92	33.01	32.31	32.00	
108.00	99.55	91.71	85.06	78.78	72.89	67.70	63.22	59.14	55.17	51.40	47.70	44.09	41.20	39.42	37.72	36.17	34.89	33.64	32.82	32.38	32.19	32.00	
110.00	102.34	94.80	87.67	80.77	74.00	67.73	62.12	57.16	52.34	48.74	45.27	42.04	39.26	36.64	35.00	33.37	31.96	31.24	30.63	30.19	30.02	30.00	
116.00	109.21	102.63	96.27	90.02	84.08	78.39	72.94	67.55	62.79	58.15	53.67	49.71	45.83	42.43	39.14	36.46	33.94	31.87	29.92	28.83	28.27	28.00	
115.00	107.01	99.02	91.15	84.96	78.88	73.30	68.34	63.80	59.51	55.26	51.37	47.70	44.23	41.11	38.90	36.82	35.17	33.64	32.29	31.22	30.44	30.00	
104.00	97.84	91.82	85.93	80.81	76.15	71.51	66.99	63.16	59.57	55.99	52.55	49.34	46.29	43.62	41.00	38.57	36.21	34.78	33.34	32.26	31.39	30.53	30.00	
103.00	95.52	88.43	81.43	74.97	68.57	62.73	57.02	52.98	49.49	46.01	43.13	40.59	38.57	36.69	34.97	33.45	32.15	31.30	30.54	30.00	
103.00	97.31	91.61	86.07	80.94	75.94	70.99	66.47	62.00	57.56	53.17	49.37	45.88	42.70	39.72	36.77	34.45	32.70	30.97	29.33	28.71	28.19	28.00	
117.00	109.66	102.39	96.06	89.98	84.25	78.58	73.46	68.65	64.17	60.01	55.96	51.97	48.06	44.68	41.46	39.01	36.89	34.78	32.88	31.14	30.43	30.00	
112.00	105.64	99.65	93.82	88.47	83.20	77.96	72.80	67.71	62.64	58.02	53.84	49.77	45.76	42.47	40.01	37.62	35.42	33.80	32.28	31.48	31.08	31.00	
112.00	105.60	99.20	92.91	86.95	81.09	75.23	69.68	64.91	60.36	56.41	52.55	48.71	44.97	41.46	38.24	36.75	35.31	34.16	33.32	32.55	32.00	
101.00	94.74	88.59	82.47	76.49	70.72	65.25	60.23	55.67	51.52	47.37	43.61	40.86	38.66	36.95	35.36	33.96	32.72	31.57	30.92	30.59	30.26	30.00	
115.00	107.40	99.98	92.63	85.42	78.40	71.48	64.82	59.28	54.38	49.51	44.65	39.95	36.95	35.04	33.12	31.94	30.80	30.02	29.44	29.07	29.00	
113.00	103.60	95.06	86.61	78.81	72.21	66.40	61.51	56.88	52.29	47.77	43.46	40.76	38.62	36.53	34.72	33.06	32.08	31.14	30.54	30.00	
104.00	98.35	92.95	87.62	82.31	77.08	72.24	67.50	62.78	58.23	53.69	49.31	45.78	42.60	39.55	36.68	34.10	32.34	31.84	31.52	31.24	31.00	
113.00	104.01	96.39	89.42	82.66	76.87	71.21	65.75	60.34	55.21	50.22	45.52	42.10	38.89	36.99	35.11	33.78	32.52	31.40	30.78	30.20	30.00	
123.00	112.34	104.59	96.99	90.45	84.00	77.61	71.57	65.61	60.39	55.62	51.20	47.04	43.41	40.04	37.08	34.58	32.18	31.32	30.59	30.00	
115.00	108.90	102.84	96.86	90.92	85.00	79.57	74.52	69.49	64.47	59.72	55.08	50.82	46.89	43.40	40.52	38.35	36.20	34.26	32.45	30.79	29.49	28.53	28.00	
120.00	112.22	106.02	99.88	93.97	88.08	83.14	78.27	73.53	68.83	64.22	59.69	55.28	50.93	47.61	44.73	42.34	39.96	37.63	35.58	33.82	32.27	31.00	
123.00	113.20	104.05	95.52	87.21	79.05	72.12	65.64	60.83	56.14	51.64	47.70	43.95	40.97	38.17	36.17	34.30	33.33	32.68	32.05	32.02	32.00	
106.00	100.46	94.93	89.54	84.63	79.80	75.50	71.20	67.01	62.87	58.87	54.87	51.48	48.24	45.59	43.18	40.82	38.91	37.06	35.68	34.29	33.07	32.32	32.00	
119.00	111.19	103.42	95.69	88.26	81.10	74.54	68.77	63.14	58.30	53.69	49.86	46.60	43.44	40.60	38.09	35.71	33.70	32.52	32.03	31.56	31.34	31.15	31.00	
108.00	100.48	93.06	86.07	79.55	73.28	67.69	63.83	60.05	56.36	53.02	49.76	46.55	43.99	42.12	40.37	38.65	37.13	35.76	34.51	33.73	33.09	33.00	
118.00	111.44	104.90	98.59	92.40	86.54	81.10	75.83	70.74	65.71	61.11	56.62	52.40	48.18	44.59	41.35	39.03	37.11	35.92	34.75	33.59	32.65	32.00	
111.00	104.42	98.25	92.28	86.38	80.58	75.29	70.09	65.19	60.43	56.23	52.46	49.07	45.83	42.63	39.51	36.47	33.69	33.05	32.51	32.01	32.00	
112.00	104.74	97.59	90.77	84.07	78.07	72.23	66.78	61.69	56.82	51.95	47.56	43.95	41.56	39.23	37.22	35.23	33.52	31.83	30.87	30.09	30.00	
121.00	113.67	106.38	99.17	92.62	86.25	80.21	74.17	68.25	63.41	58.58	54.30	50.39	46.95	43.71	40.53	37.42	35.07	33.01	31.52	30.15	30.00	
116.00	108.18	100.63	93.45	86.89	80.45	74.24	68.37	62.57	57.45	52.71	48.42	44.25	40.17	36.44	33.64	31.24	29.55	29.33	29.12	29.00	
106.00	99.89	94.07	88.74	83.53	78.33	73.19	68.54	63.97	59.58	55.37	51.22	47.46	44.12	41.47	39.34	37.24	35.20	33.19	31.39	30.01	29.11	29.00	
121.00	113.48	106.35	99.34	92.92	86.55	80.73	75.06	69.65	64.42	59.29	54.45	49.81	46.00	42.21	38.68	35.47	33.98	32.95	31.95	31.00	
120.00	112.29	104.60	96.91	89.71	82.85	76.04	69.72	63.63	57.54	51.48	46.95	42.83	39.02	36.91	35.75	34.66	33.88	33.15	32.51	32.00	
115.00	107.06	99.63	92.45	85.28	78.71	72.14	66.19	60.38	55.08	49.78	44.97	40.60	36.27	33.88	32.41	31.38	30.48	29.68	28.95	28.39	28.16	28.00	
113.00	105.65	98.71	92.00	85.89	80.09	74.36	68.84	63.49	58.33	53.52	50.20	47.16	44.19	41.34	38.86	36.85	34.86	32.99	31.94	31.51	31.29	31.08	31.00	
102.00	97.44	92.91	88.40	84.09	80.02	75.98	72.14	68.34	64.57	60.81	57.22	53.98	51.11	48.24	45.40	42.69	40.37	38.23	36.22	34.37	33.46	33.12	33.00	
115.00	106.09	97.89	90.07	83.36	76.70	70.14	64.86	59.70	54.68	50.34	46.53	43.77	41.06	38.64	36.53	35.10	33.77	32.99	32.25	32.00	
106.00	99.71	93.49	87.76	82.38	77.03	71.82	66.97	62.49	58.08	54.00	50.02	46.07	42.36	39.07	35.86	33.46	31.41	29.95	28.60	28.01	28.00	
117.00	109.97	103.03	96.11	89.84	83.66	78.00	72.42	66.86	61.88	57.33	52.89	48.66	44.46	41.17	38.41	36.61	35.52	34.44	33.44	32.62	31.83	31.16	31.00	
114.00	107.97	102.18	96.76	91.39	86.09	81.17	76.33	71.60	66.88	62.54	58.24	54.45	51.10	47.81	44.57	41.62	39.53	37.60	36.14	34.74	33.55	32.44	32.00	
120.00	112.01	104.12	96.43	90.23	84.11	78.18	72.30	66.62	61.03	55.69	51.15	47.08	44.27	42.33	40.42	38.62	36.88	35.16	34.02	32.99	32.53	32.23	32.00	
116.00	107.54	99.19	91.13	83.14	76.77	70.54	64.74	59.89	55.78	52.04	48.44	44.85	41.83	38.93	36.17	33.74	32.18	30.64	29.23	29.06	29.00	
112.00	104.28	97.15	90.51	83.96	77.82	72.46	67.20	61.96	57.35	53.15	49.05	45.08	41.47	37.94	35.72	33.49	31.38	29.60	28.88	28.41	28.11	28.00	
122.00	114.03	106.28	99.04	91.82	85.17	78.80	72.55	66.89	61.27	56.66	52.75	49.06	45.75	43.18	41.08	39.00	36.93	35.43	34.08	33.48	33.00	
102.00	96.51	91.16	85.95	80.83	75.79	70.76	65.93	61.52	57.25	53.29	49.45	45.78	43.01	40.45	38.09	35.78	33.67	32.00	30.66	29.68	28.82	28.34	28.00	
119.00	112.27	105.62	99.09	92.83	86.66	80.72	74.83	69.05	63.64	58.32	53.07	48.19	43.40	40.64	37.90	35.35	33.09	32.08	31.39	31.16	31.01	31.00	
120.00	113.20	106.43	100.06	93.74	87.91	82.46	77.02	72.05	67.87	63.82	59.91	56.25	52.89	49.79	46.79	43.82	41.22	38.79	36.59	34.68	32.90	31.19	30.00	
102.00	96.85	91.73	86.71	81.79	77.06	72.35	67.75	63.63	59.78	56.02	52.53	49.34	46.38	43.56	40.94	38.82	36.91	35.18	33.82	33.11	33.00	
102.00	96.08	90.33	84.62	79.43	74.53	70.06	65.81	62.05	58.47	54.88	51.69	48.68	45.76	42.84	39.93	37.43	35.64	34.03	32.47	31.12	30.42	30.10	30.00	
117.00	110.49	104.19	98.40	92.73	87.05	81.71	76.70	71.82	67.05	62.85	58.80	54.81	50.85	47.36	43.96	40.64	37.34	34.48	32.34	30.61	29.38	29.00	
111.00	104.60	98.80	93.14	87.52	81.97	76.89	71.90	67.16	62.56	57.99	53.44	49.33	46.38	44.03	41.78	39.88	38.22	36.68	35.57	34.49	33.45	33.03	33.00	
101.00	95.28	90.06	84.91	80.15	75.46	70.79	66.66	62.55	58.64	54.90	51.24	47.87	44.56	41.30	38.45	36.20	34.13	32.06	31.16	31.00	
121.00	113.06	105.34	98.29	91.52	84.90	79.53	74.17	68.88	63.78	59.25	54.84	50.55	46.44	43.23	40.39	37.97	35.85	33.98	32.16	30.81	30.36	30.15	30.00	
103.00	96.69	90.48	84.37	78.28	73.16	68.15	63.32	59.21	55.14	51.13	47.40	43.90	40.67	37.72	34.91	33.97	33.17	32.39	31.67	31.00	
123.00	114.18	105.75	98.33	90.97	84.76	79.22	73.93	68.69	63.87	59.23	54.88	50.55	46.23	42.15	38.71	35.80	33.58	32.09	31.27	30.48	30.01	30.00	
115.00	106.94	99.21	91.87	85.21	78.75	73.20	67.76	62.56	57.63	53.87	50.39	47.18	44.17	41.76	39.48	37.66	36.14	34.69	33.24	32.29	32.00	
109.00	102.21	95.47	88.76	82.35	76.42	70.96	65.62	61.00	57.38	53.77	50.42	47.40	44.58	41.83	39.28	37.20	35.88	34.63	33.54	32.50	32.16	32.00	
104.00	96.31	88.90	81.98	75.17	68.97	63.59	58.30	54.51	51.11	47.76	44.53	41.31	38.16	35.51	33.52	31.84	30.38	29.14	28.71	28.29	28.13	28.00	
123.00	116.10	109.38	102.77	96.63	90.89	85.27	79.79	74.38	68.99	63.95	59.28	54.86	51.45	48.32	45.46	42.90	40.50	38.25	36.16	34.17	32.73	32.00	
121.00	114.14	107.27	100.52	93.79	87.13	81.04	75.20	69.83	64.89	60.09	55.43	51.25	48.19	45.28	42.73	40.51	38.41	36.52	34.92	33.96	33.00	
106.00	99.71	93.44	87.38	81.45	75.65	69.99	64.45	60.01	55.90	51.96	48.33	44.75	42.15	39.65	37.24	35.00	32.85	31.27	29.76	28.90	28.35	28.00	
104.00	97.91	92.47	87.15	81.85	77.09	72.38	68.12	64.00	59.98	55.97	52.33	49.13	46.06	43.00	40.29	37.69	35.63	33.90	32.23	31.55	31.13	31.00	
114.00	105.58	97.97	90.50	83.43	76.51	70.46	65.22	60.25	55.55	51.08	47.13	43.18	39.81	37.10	34.40	33.49	32.60	31.78	31.31	31.03	31.00	
105.00	97.16	89.89	82.67	75.70	69.30	64.92	60.81	56.88	53.12	49.55	46.08	42.81	40.74	38.66	36.69	35.01	33.71	32.88	32.22	31.60	31.00	
109.00	102.99	97.36	92.12	87.03	82.20	77.57	73.06	68.68	64.36	60.15	56.28	52.50	49.66	46.99	44.51	42.11	39.74	37.39	35.35	33.55	32.45	32.00	
115.00	106.33	97.85	89.43	81.03	73.36	66.02	58.82	53.11	49.50	45.97	42.49	39.31	36.94	35.16	33.74	32.40	31.14	30.33	29.58	29.23	29.00	
117.00	110.41	104.21	98.21	92.32	86.57	81.19	75.82	70.52	65.69	61.54	57.62	53.94	50.38	46.83	43.59	40.95	38.38	35.84	33.42	32.15	31.56	31.23	31.00	
105.00	94.92	86.70	79.04	73.13	67.38	62.92	58.53	54.14	50.11	46.37	43.07	40.60	38.40	36.41	34.82	33.65	32.69	31.97	31.26	31.00	
109.00	100.64	92.91	85.57	78.83	72.33	67.15	62.71	58.33	54.39	50.68	47.45	44.72	42.20	40.05	37.99	36.14	34.48	32.97	31.79	31.00	
118.00	111.80	105.93	100.11	94.52	89.19	83.96	78.78	73.64	68.89	64.26	59.92	56.01	52.09	48.30	44.65	41.52	39.00	36.90	35.26	33.78	32.50	31.54	31.00	
116.00	106.33	96.67	88.91	81.31	74.07	67.19	61.41	56.41	51.93	47.65	44.37	41.21	38.12	35.73	33.58	32.04	30.99	29.94	29.42	29.13	29.00	
111.00	102.59	94.34	87.04	79.93	72.84	65.86	58.94	52.59	47.87	44.41	41.57	38.80	36.90	35.07	33.48	31.97	30.85	29.75	29.08	29.00	
119.00	110.92	103.24	96.06	89.19	82.36	75.78	69.22	62.73	56.57	51.43	47.12	44.30	41.48	38.69	36.21	34.10	32.56	31.16	30.05	28.98	28.00	
102.00	95.63	89.90	84.43	79.27	74.14	69.25	64.37	60.10	55.98	52.14	48.37	44.67	41.45	38.55	36.46	34.70	33.09	32.66	32.31	32.00	
111.00	105.40	99.94	94.65	89.41	84.38	79.43	74.55	69.75	65.34	61.03	56.75	52.50	48.67	45.02	42.11	39.22	36.64	35.17	33.75	32.41	32.00	
106.00	100.35	94.74	89.70	84.98	80.50	76.10	71.83	67.73	63.85	60.17	56.57	53.73	50.92	48.25	45.59	43.34	41.13	38.99	36.93	35.34	33.92	33.00	
111.00	104.30	97.96	91.62	85.31	79.14	73.16	68.09	63.28	58.68	54.40	50.34	46.31	42.70	39.24	36.23	33.56	32.01	31.49	31.03	31.00	
108.00	101.98	96.43	91.01	85.74	80.54	75.46	70.50	65.55	60.63	56.07	52.08	48.19	44.62	41.43	38.68	36.33	34.05	32.05	31.11	30.34	30.00	
123.00	114.25	105.91	98.23	90.56	83.08	76.16	70.37	65.16	60.25	55.76	51.60	48.12	44.67	41.66	38.65	36.56	34.91	33.90	33.29	33.00	
110.00	102.54	95.31	88.43	82.09	76.26	70.52	66.59	62.69	59.11	55.57	52.29	49.25	46.56	43.93	41.33	39.02	36.78	34.59	33.11	33.00	
111.00	104.53	98.30	92.48	87.00	81.61	76.24	70.90	65.59	60.34	56.11	52.04	48.34	45.59	42.97	40.68	38.63	36.84	35.09	33.80	32.95	32.34	32.00	
102.00	94.81	87.78	81.18	74.72	68.89	64.21	60.00	56.05	52.12	48.97	45.87	43.13	40.87	38.63	36.43	34.29	32.41	31.16	30.13	30.04	30.00	
103.00	97.31	91.95	86.61	81.35	76.31	71.40	66.56	61.81	57.13	53.06	49.47	46.21	43.17	40.17	37.50	34.86	33.40	32.08	31.24	31.00	
106.00	99.50	93.16	86.96	81.55	76.53	71.61	66.70	61.92	57.28	53.00	49.32	45.77	42.34	38.97	36.18	34.14	32.18	30.84	30.15	30.00	
122.00	114.42	107.16	99.91	92.99	86.50	80.07	73.93	68.16	62.42	56.77	51.57	46.65	43.03	39.78	36.99	34.55	33.18	32.50	31.98	31.49	31.00	
111.00	103.84	97.37	91.46	85.88	80.34	75.30	70.79	66.48	62.23	58.14	54.39	51.45	48.78	46.19	43.75	41.40	39.37	37.65	36.07	34.56	33.61	32.67	32.00	
118.00	109.82	101.74	93.72	87.48	81.25	75.70	70.24	64.80	59.67	55.08	51.53	48.37	45.49	43.12	40.78	38.58	36.79	35.47	34.29	33.45	33.00	
119.00	110.58	102.43	94.57	87.07	79.69	72.50	65.96	60.07	54.40	49.32	45.25	41.66	38.07	34.81	33.22	31.86	30.70	29.58	28.51	28.00	
101.00	94.76	88.63	82.74	77.37	72.64	68.07	63.89	59.73	55.89	52.06	48.43	44.85	42.05	39.57	37.60	35.64	33.90	32.41	30.94	29.53	28.59	28.00	
106.00	99.20	92.44	85.67	78.93	73.06	67.38	61.95	57.00	53.14	50.01	46.92	44.09	41.61	39.17	37.31	36.15	35.23	34.44	33.66	33.00	
113.00	105.37	97.86	90.40	83.33	76.40	70.21	64.24	59.24	54.45	50.29	46.37	43.01	40.89	38.89	36.92	35.00	34.38	33.77	33.31	33.00	
107.00	99.47	92.25	85.69	79.38	73.48	67.95	63.85	60.11	56.46	53.27	50.23	47.46	44.71	42.24	40.06	38.40	36.85	35.47	34.17	33.20	33.00	
102.00	95.81	89.70	84.12	78.98	73.88	68.98	64.47	60.08	55.82	51.98	48.23	44.84	41.70	38.71	36.07	34.08	32.18	30.63	29.09	29.00	
113.00	106.12	99.57	93.06	86.66	80.62	75.07	69.54	64.45	59.46	55.19	51.01	47.41	43.96	40.51	37.89	35.98	34.31	32.68	31.57	30.85	30.22	30.09	30.00	
117.00	108.72	100.77	92.95	85.62	78.70	72.22	65.83	60.14	54.96	50.29	46.14	42.59	39.23	36.38	34.41	32.66	31.38	30.22	29.67	29.35	29.16	29.00	
109.00	102.24	95.50	89.03	83.08	77.26	72.05	67.01	62.14	57.67	53.40	49.26	45.42	41.90	38.56	36.08	33.91	32.58	31.71	31.24	31.00	
110.00	103.30	96.64	90.10	84.35	78.78	73.50	68.80	64.15	59.56	55.22	51.45	48.44	45.53	43.31	41.10	39.12	37.26	35.53	34.63	33.91	33.24	33.00	
107.00	100.22	93.61	87.04	80.74	74.48	68.89	63.81	59.24	54.96	51.06	47.35	43.80	40.61	38.38	36.45	34.52	32.60	30.75	29.85	29.33	29.01	29.00	
117.00	108.89	101.31	93.74	86.54	80.25	74.53	68.91	63.60	58.93	54.29	49.93	45.84	41.77	38.89	36.38	34.03	31.79	29.88	28.13	28.00	
113.00	104.99	97.18	89.76	83.03	76.76	70.73	65.18	59.65	55.21	51.15	48.15	45.34	42.65	40.05	37.91	35.78	34.46	33.33	32.55	32.29	32.08	32.00	
109.00	103.16	97.50	91.86	86.31	81.00	75.77	71.19	66.62	62.14	57.92	53.77	50.04	46.38	42.78	39.47	37.14	35.01	33.39	32.01	30.93	30.00	
105.00	99.27	93.63	88.30	83.07	78.28	73.48	68.72	64.24	60.04	55.86	51.94	48.15	44.55	41.60	38.99	36.61	34.43	32.86	31.34	30.38	29.48	29.00	
101.00	95.46	90.04	84.82	79.60	74.59	69.84	65.31	61.26	57.49	54.00	50.75	47.56	44.65	42.04	39.44	36.86	34.48	32.49	31.05	29.85	29.20	28.55	28.00	
101.00	93.78	87.24	80.81	74.50	68.51	64.06	59.66	55.39	51.37	47.44	43.60	40.37	37.16	34.37	32.29	30.68	29.34	28.59	28.07	28.00	
116.00	108.69	101.47	94.30	87.54	80.90	74.31	68.31	63.87	59.62	55.48	51.72	47.96	44.43	41.50	39.16	37.20	35.72	34.31	33.06	32.27	32.00	
111.00	103.40	96.24	90.11	84.37	78.90	73.54	68.44	63.79	59.46	55.21	52.07	49.08	46.15	43.66	41.35	39.57	38.17	36.90	35.81	34.74	33.73	33.06	33.00	
109.00	103.12	97.31	91.64	86.12	80.62	75.32	70.07	65.22	61.03	56.85	52.98	49.31	46.05	43.12	40.55	38.24	36.60	35.21	34.06	33.39	33.00	
118.00	110.56	103.21	96.86	90.94	85.13	79.53	74.42	69.34	64.76	60.26	55.90	51.60	47.35	43.54	40.53	37.69	35.46	34.06	32.68	31.39	31.00	
116.00	109.78	103.67	97.75	91.91	86.36	81.09	75.86	70.78	65.73	61.81	57.96	54.50	51.28	48.40	45.75	43.18	40.96	38.84	36.72	35.07	33.71	33.18	33.00	
103.00	94.41	86.48	78.83	73.43	68.06	62.79	58.31	54.34	50.46	47.15	44.93	42.74	40.87	38.99	37.20	35.95	35.07	34.24	33.75	33.29	33.00	
117.00	110.80	105.06	99.36	94.20	89.22	84.25	79.55	74.91	70.60	66.40	62.21	58.16	54.37	50.90	47.45	44.22	41.28	38.37	35.94	34.68	33.82	33.00	
112.00	105.80	99.65	93.68	87.89	82.12	76.39	71.33	66.41	61.58	56.85	52.17	47.56	43.33	41.21	39.10	37.04	35.51	34.36	33.24	32.50	32.00	
106.00	99.48	93.00	86.61	80.26	74.11	68.30	62.84	58.24	53.76	49.90	46.53	43.17	40.52	38.29	36.14	34.32	32.59	30.95	29.68	29.24	29.00	
101.00	94.27	87.80	81.41	75.20	69.16	63.82	58.75	54.07	50.68	47.49	44.66	42.07	39.71	37.47	35.27	33.23	31.50	30.50	29.53	28.78	28.08	28.00	
105.00	98.38	92.05	86.13	80.45	75.57	70.72	66.01	61.32	57.53	54.48	51.75	49.28	46.89	44.51	42.27	40.07	38.25	36.90	35.87	34.93	34.21	33.57	33.00	
108.00	101.92	95.83	89.94	84.19	79.15	74.68	70.28	66.00	61.77	57.66	53.62	50.64	48.08	45.76	43.61	41.74	40.08	38.44	36.82	35.40	34.20	33.52	33.00	
120.00	109.46	100.64	92.36	84.88	77.85	71.76	66.84	62.06	57.78	53.97	50.29	46.91	43.74	40.93	38.43	36.24	34.55	32.94	31.36	30.01	28.80	28.11	28.00	
112.00	105.07	98.18	91.57	85.14	78.91	73.38	68.22	63.74	59.83	56.01	52.29	49.39	46.94	44.54	42.26	40.14	38.06	36.07	34.67	33.39	32.25	31.41	31.00	
102.00	95.48	89.27	83.24	78.17	73.29	68.52	63.77	59.15	55.39	51.68	48.16	44.66	41.39	38.45	36.53	34.92	33.67	32.62	31.65	31.28	31.00	
110.00	103.61	97.24	91.20	85.67	80.15	74.84	69.56	64.68	60.29	56.11	52.12	48.27	44.89	41.65	38.42	35.29	33.85	32.52	31.57	31.07	31.00	
110.00	102.81	95.76	88.79	82.50	76.43	70.50	65.86	61.25	56.69	52.40	48.69	45.63	42.71	40.15	37.94	36.11	34.35	33.01	31.70	31.12	31.00	
120.00	112.33	105.50	98.74	92.09	85.79	79.52	73.48	68.93	64.42	60.27	56.28	52.70	49.20	45.72	42.35	39.15	36.85	34.58	32.87	31.39	30.00	
120.00	111.09	103.14	95.86	88.68	81.86	75.24	69.29	63.58	58.16	53.69	49.23	45.08	41.54	38.38	35.33	33.72	32.34	31.43	30.64	30.18	30.00	
119.00	110.35	102.67	95.59	88.77	82.22	76.28	70.52	64.81	59.22	53.77	48.52	43.27	39.17	35.90	32.92	30.41	28.88	28.23	28.03	28.00	
106.00	98.98	92.35	86.06	80.05	74.35	68.65	63.02	58.34	54.23	50.60	47.08	43.77	40.62	37.71	35.92	34.41	32.98	32.10	31.43	31.00	
120.00	111.49	103.89	96.61	89.50	82.60	75.98	69.50	63.49	58.20	53.25	48.37	44.76	41.32	38.21	35.17	32.58	31.26	30.19	30.09	30.01	30.00	
115.00	108.16	101.47	95.17	88.96	83.24	78.17	73.27	69.02	64.86	60.79	56.91	53.19	49.81	46.52	43.24	40.66	38.64	36.76	34.90	33.21	33.00	
121.00	114.51	108.07	101.69	95.62	89.59	84.20	78.85	73.64	68.47	63.97	59.52	55.22	51.09	47.10	43.79	40.57	38.50	36.46	34.65	32.87	31.40	30.52	30.00	
101.00	96.04	91.11	86.20	81.42	76.75	72.09	67.86	63.72	59.64	55.86	52.12	48.78	45.67	42.78	40.00	37.83	35.69	33.89	32.42	30.96	30.00	
111.00	105.57	100.17	94.94	89.80	84.75	79.92	75.11	70.34	65.71	61.77	57.88	54.06	50.41	46.87	44.11	41.60	39.28	37.76	36.28	35.31	34.41	33.60	33.00	
117.00	110.03	103.18	96.56	89.95	83.98	78.03	72.16	66.38	61.08	55.89	51.18	46.68	42.51	38.81	35.21	32.67	31.20	30.37	29.80	29.41	29.05	29.00	
114.00	107.80	101.91	96.07	90.33	84.73	79.20	74.14	69.22	64.32	59.73	55.19	51.07	47.21	43.77	40.61	37.52	34.73	32.39	30.58	29.37	28.18	28.00	
109.00	101.77	95.02	88.71	82.59	77.11	71.78	66.65	61.98	57.52	53.21	49.01	45.21	41.48	38.42	35.74	33.62	31.96	30.61	29.54	28.71	28.00	
116.00	108.39	100.79	93.34	86.32	79.76	74.37	69.21	64.27	59.35	54.67	50.10	45.64	41.63	37.73	34.43	31.99	30.81	29.95	29.44	29.12	29.00	
117.00	109.46	102.15	95.93	89.83	83.97	78.40	73.12	67.85	62.68	57.68	53.05	48.48	44.69	41.82	39.25	37.04	35.23	33.50	31.95	30.77	30.35	30.00	
110.00	103.88	98.18	92.66	87.22	81.90	76.61	71.37	66.15	61.53	57.30	53.48	49.88	46.33	42.79	39.84	38.32	36.94	35.57	34.56	33.62	33.00	
122.00	111.07	100.84	91.72	82.95	74.54	67.13	60.24	56.08	51.99	48.03	44.15	40.74	38.14	36.47	34.99	33.98	33.03	32.18	31.35	31.16	31.00	
104.00	97.42	91.46	85.68	80.12	74.87	70.04	65.73	61.45	57.17	53.31	49.91	46.55	43.39	40.87	38.73	36.71	35.10	33.72	32.58	31.86	31.41	31.00	
113.00	107.02	101.05	95.27	89.62	84.30	79.01	74.11	69.70	65.57	61.60	57.67	53.84	50.93	48.40	45.92	43.45	41.00	38.61	36.42	35.28	34.34	33.52	33.00	
117.00	108.28	99.69	91.79	83.96	76.21	68.84	62.26	56.82	51.94	47.62	44.04	40.58	37.65	35.00	33.00	31.00	29.47	28.79	28.26	28.00	
113.00	106.59	100.35	94.17	89.00	83.96	78.93	74.09	69.51	65.19	61.04	56.92	52.85	49.13	45.55	42.81	40.32	38.31	36.45	35.13	34.02	33.00	
102.00	96.03	90.28	84.72	79.24	74.50	69.79	65.30	60.96	56.95	53.03	49.20	45.51	42.70	40.54	38.76	37.08	35.69	34.36	33.04	33.00	
110.00	102.92	95.88	89.04	82.49	77.32	72.59	68.27	63.97	59.92	56.00	52.16	48.41	44.82	41.73	38.82	36.71	34.75	33.17	32.05	31.40	31.00	
103.00	96.30	89.81	84.06	78.57	73.25	68.24	63.27	59.29	55.88	52.47	49.30	46.49	43.79	41.17	38.76	36.80	35.66	34.65	33.76	32.90	32.45	32.00	
109.00	99.58	91.40	84.11	78.35	73.74	69.34	65.19	61.10	57.04	53.00	49.08	45.24	41.45	38.51	37.10	35.80	34.94	34.19	33.46	32.88	32.51	32.13	32.00	
102.00	95.19	88.94	83.21	77.75	72.38	67.34	62.39	57.56	52.96	48.83	45.37	42.60	40.01	37.63	35.32	33.21	31.71	30.42	30.05	30.00	
115.00	108.99	103.19	97.45	91.80	86.16	80.64	75.29	70.05	64.92	60.27	55.80	51.76	47.93	44.14	40.36	36.75	34.09	32.03	30.36	29.60	29.08	29.00	
111.00	101.53	92.12	83.73	76.55	69.46	62.50	57.08	51.83	46.70	42.53	39.94	37.41	35.57	33.88	32.85	31.90	31.27	30.70	30.25	30.04	30.00	
113.00	105.74	98.72	92.41	86.16	80.40	75.32	70.36	65.66	61.08	56.69	53.04	49.52	46.12	42.92	39.87	37.56	35.40	33.79	32.38	31.47	30.68	30.00	
107.00	101.25	95.66	90.70	85.77	81.24	76.73	72.29	67.88	63.82	60.10	56.61	53.32	50.08	47.14	44.41	41.73	39.21	36.73	34.40	32.16	31.03	31.00	
105.00	98.45	91.90	86.07	80.61	75.68	70.77	65.92	61.51	57.42	53.37	49.48	45.81	43.03	40.49	38.14	35.86	34.44	33.66	33.25	33.12	33.00	
102.00	95.39	89.30	83.29	78.66	74.19	70.01	66.07	62.20	58.45	55.05	51.73	48.62	45.74	43.53	41.48	39.50	37.58	36.11	35.02	33.95	32.97	32.00	
113.00	106.17	99.42	93.39	88.19	83.49	78.85	74.34	69.93	65.57	61.25	57.21	53.40	49.91	46.57	43.60	40.94	38.90	37.27	35.66	34.14	32.74	31.71	31.00	
122.00	115.07	108.46	102.07	95.74	89.79	84.22	79.14	74.09	69.09	64.11	59.22	54.37	51.27	48.34	45.54	42.84	40.17	37.63	35.80	34.29	33.00	32.00	
121.00	111.62	102.59	93.97	85.54	77.47	70.26	63.82	57.79	52.53	47.45	43.93	41.64	39.40	37.25	35.57	33.90	32.42	31.12	29.92	29.00	
115.00	107.13	99.61	92.84	86.12	79.93	73.82	67.96	62.58	57.78	53.44	49.16	45.48	42.20	39.20	36.41	34.33	32.48	30.87	29.54	28.37	28.00	
108.00	101.87	95.87	90.34	84.95	79.78	74.82	69.91	65.73	61.83	58.03	54.45	51.12	48.50	45.91	43.63	41.43	39.24	37.06	35.08	33.25	32.00	
122.00	115.59	109.25	103.03	96.87	90.81	84.96	79.31	73.91	68.53	63.43	58.35	53.28	48.46	44.87	41.92	39.12	36.36	33.98	33.08	32.19	31.59	31.03	31.00	
102.00	96.16	90.60	85.04	79.53	74.09	69.24	64.58	60.36	56.24	52.24	48.78	45.64	42.63	39.82	38.15	36.55	34.96	33.47	31.99	31.20	31.00	
117.00	109.69	102.74	96.22	89.74	83.40	77.61	72.20	67.40	62.67	58.31	54.48	50.68	47.05	43.42	40.44	37.65	35.51	34.20	33.14	32.37	31.68	31.00	
115.00	109.25	103.61	98.03	92.78	87.60	82.47	77.48	72.69	68.02	63.77	59.54	55.32	51.15	47.04	43.25	40.59	38.41	36.28	35.05	34.06	33.08	32.36	32.00	
120.00	110.50	101.87	93.74	86.01	78.45	71.02	63.84	57.95	53.24	48.95	45.17	42.76	40.41	38.20	36.29	34.83	34.24	33.72	33.36	33.09	33.00	
118.00	109.44	101.58	93.77	86.10	78.96	71.83	64.97	58.32	51.96	46.96	43.21	40.29	37.64	35.19	33.22	31.44	30.09	28.88	28.37	28.00	
113.00	105.52	98.63	92.71	86.91	81.38	75.87	71.04	66.55	62.55	58.63	54.76	51.88	49.10	46.61	44.15	41.84	39.78	37.74	35.96	34.49	33.50	33.00	
102.00	96.11	90.79	85.49	80.41	75.85	71.49	67.27	63.05	58.89	54.84	51.49	48.19	45.06	42.10	39.28	36.97	34.91	32.97	31.61	30.27	28.94	28.04	28.00	
101.00	94.01	87.10	81.14	75.20	70.11	65.26	60.51	56.63	52.81	49.28	45.87	42.71	39.92	37.16	35.14	33.50	32.02	30.59	30.06	29.62	29.25	29.01	29.00	
105.00	99.03	93.21	87.50	81.85	76.75	71.71	66.85	62.22	57.92	53.64	49.75	46.50	43.52	40.68	38.20	35.91	33.65	32.51	31.53	31.00	
110.00	103.23	96.98	91.21	85.55	79.94	74.48	69.77	65.12	61.37	57.75	54.44	51.47	48.72	46.06	43.49	41.50	39.65	37.92	36.24	35.06	34.15	33.38	33.00	
116.00	108.47	100.99	93.81	86.68	79.57	72.50	65.98	59.64	53.75	48.94	44.67	40.48	38.14	36.10	34.47	32.86	31.47	30.46	29.51	28.64	28.10	28.01	28.00	
107.00	99.96	93.65	87.45	81.67	76.39	71.34	66.33	61.54	57.20	52.99	48.84	44.94	41.33	39.19	37.04	34.91	33.06	32.09	31.41	31.08	31.00	
102.00	95.91	89.83	84.16	78.54	73.05	68.29	63.56	59.36	55.91	52.48	49.23	46.20	43.43	40.86	38.32	35.97	34.36	32.99	32.52	32.08	32.00	
114.00	106.54	99.12	92.21	85.68	79.52	74.44	69.40	64.37	59.62	54.93	50.68	46.46	43.34	40.48	37.85	35.45	33.25	31.87	30.76	29.80	28.90	28.00	
119.00	112.48	106.03	99.65	93.55	87.49	81.61	75.78	71.11	66.61	62.40	58.19	54.27	50.80	47.93	45.40	43.11	40.95	38.79	36.96	35.29	33.77	32.30	32.00	
113.00	104.66	97.67	91.26	85.10	79.07	73.44	67.87	62.72	57.80	53.13	48.64	44.60	40.60	37.68	35.42	33.56	32.02	30.92	30.33	30.09	30.00	
101.00	94.51	88.25	82.42	76.82	71.35	65.90	60.68	56.61	52.68	49.32	46.09	43.05	40.19	37.65	35.35	33.16	31.53	30.67	29.86	29.50	29.19	29.07	29.00	
110.00	102.08	94.28	86.91	79.99	73.57	67.99	62.49	57.44	52.57	47.81	44.62	41.69	39.13	36.99	35.07	33.17	31.56	30.83	30.24	29.68	29.34	29.00	
106.00	98.76	92.20	85.95	79.90	73.97	68.80	63.77	58.93	54.11	49.58	45.19	40.96	37.48	34.66	32.49	31.13	30.14	29.20	29.04	29.00	
117.00	110.59	104.21	97.90	91.82	86.29	80.84	75.89	71.36	67.05	62.77	58.57	54.55	51.19	48.03	45.29	42.59	40.07	37.59	35.54	33.81	32.25	32.00	
103.00	96.15	89.31	83.10	77.23	71.36	65.82	61.60	57.56	53.72	50.08	46.65	43.27	40.39	38.03	35.76	33.80	32.33	31.07	29.97	29.00	
117.00	109.47	102.15	94.99	87.93	81.38	74.93	70.00	65.16	60.33	55.62	50.99	47.83	44.78	42.15	39.75	37.42	35.51	33.72	32.31	31.00	
114.00	107.72	101.46	95.23	89.08	83.07	77.43	72.71	68.00	63.78	59.65	55.79	51.99	48.71	45.87	43.29	40.89	38.79	37.15	35.53	34.06	33.32	33.04	33.00	
102.00	95.96	90.11	84.70	79.59	74.73	70.00	65.44	61.04	56.83	53.00	49.30	46.02	43.13	40.47	38.01	35.67	33.97	32.54	31.16	30.25	30.00	
121.00	113.38	106.36	99.66	92.99	86.31	80.15	74.33	68.97	64.06	59.33	54.88	50.63	46.58	42.96	39.35	36.89	35.18	33.70	32.41	31.20	30.10	30.00	
113.00	106.35	99.85	94.01	88.19	82.53	76.98	71.56	66.45	61.57	57.10	52.73	48.62	44.59	41.83	39.16	36.49	34.52	32.86	31.21	29.71	28.26	28.00	
107.00	99.71	92.73	85.83	78.98	72.39	67.19	62.23	57.62	53.38	49.32	45.55	41.84	38.30	35.28	32.74	31.09	29.75	28.53	28.37	28.21	28.10	28.00	
110.00	101.42	92.92	84.59	78.25	73.32	68.59	64.18	59.82	55.51	51.63	47.90	44.99	42.08	39.35	36.69	34.23	33.14	32.37	31.71	31.17	31.06	31.00	
119.00	110.05	101.57	93.32	86.97	80.64	74.60	68.98	63.66	58.89	54.21	50.34	46.73	43.32	40.31	37.57	35.47	33.67	32.95	32.53	32.10	32.05	32.00	
102.00	93.93	86.66	79.72	74.04	68.85	63.96	59.27	54.75	51.18	47.62	44.29	41.07	38.35	35.95	33.63	31.50	30.62	29.91	29.30	29.00	
114.00	106.80	99.81	92.96	86.16	79.43	73.38	67.35	61.57	55.97	50.80	46.54	42.64	38.77	36.22	34.13	33.16	32.29	31.46	30.63	30.26	30.00	
121.00	112.29	105.78	99.33	93.05	87.09	81.23	75.90	70.76	65.66	60.80	56.19	51.85	47.52	43.22	39.18	35.23	32.52	30.71	29.13	28.16	28.00	
102.00	95.98	90.23	84.59	79.41	74.61	70.02	65.44	61.06	56.76	53.18	49.64	46.24	42.87	39.97	38.18	36.59	35.19	33.83	32.56	31.36	30.60	30.00	
102.00	95.88	90.13	84.76	79.83	74.93	70.25	65.64	61.54	57.66	53.82	49.97	46.44	43.45	40.68	38.36	36.36	34.72	33.22	31.75	30.95	30.20	30.00	
122.00	114.98	108.31	101.89	95.48	89.14	82.87	77.36	71.96	66.69	62.19	57.84	53.49	49.22	44.98	41.00	38.08	35.40	32.94	31.00	30.50	30.18	30.06	30.00	
112.00	103.80	95.82	88.65	81.58	75.05	69.12	64.06	59.21	54.54	50.14	46.38	43.71	41.05	38.50	36.12	33.85	31.65	29.81	28.49	28.00	
122.00	113.60	105.49	98.15	90.85	83.63	76.83	70.87	65.42	60.86	56.72	52.67	48.63	45.03	42.36	40.04	38.02	36.19	34.60	33.10	31.98	31.42	31.00	
109.00	101.11	93.48	85.88	78.50	71.58	65.54	59.74	54.07	49.14	44.41	39.89	36.06	33.21	31.28	30.34	29.41	29.25	29.11	29.02	29.00	
108.00	100.79	93.76	86.94	80.72	75.04	69.86	65.85	61.90	58.43	55.20	51.99	48.80	45.61	42.89	40.24	37.76	35.53	33.30	31.55	29.84	29.45	29.15	29.00	
102.00	95.98	90.42	84.97	79.60	74.37	69.32	64.54	60.31	56.11	52.05	47.99	44.06	40.50	37.47	35.34	33.71	32.53	31.44	30.36	29.42	29.01	29.00	
120.00	112.29	104.64	97.21	90.49	84.07	77.73	71.41	65.15	59.33	53.53	50.06	46.72	43.65	41.59	39.84	38.23	36.77	35.33	33.99	32.99	32.14	32.00	
122.00	114.23	106.89	100.34	93.95	87.60	81.26	75.12	70.16	65.62	61.12	56.68	52.30	48.10	44.25	40.99	37.96	35.15	34.20	33.26	33.05	33.00	
120.00	110.70	101.57	93.28	85.07	77.16	69.27	61.72	56.66	51.87	47.37	43.05	39.01	36.43	33.97	31.57	29.67	28.96	28.53	28.24	28.00	
121.00	112.53	104.14	95.94	87.99	80.32	73.11	66.47	60.59	55.38	51.11	47.03	43.13	39.97	37.56	36.27	35.31	34.38	33.66	33.00	32.42	32.13	32.00	
110.00	103.27	96.72	90.32	84.41	78.66	72.96	67.48	62.36	57.43	53.18	49.09	45.03	41.76	38.79	37.39	36.55	35.73	34.98	34.23	33.49	33.00	
106.00	99.69	93.70	87.88	82.34	77.16	72.37	67.65	62.99	58.45	54.15	49.92	45.88	42.09	38.62	36.12	33.97	32.57	31.61	30.76	30.00	
106.00	99.60	93.32	87.77	82.27	76.76	71.34	66.33	62.45	58.59	54.91	51.50	48.34	45.48	43.19	40.93	38.73	36.63	34.65	33.49	32.80	32.40	32.00	
108.00	101.00	94.05	87.24	80.60	73.99	68.99	64.36	59.82	55.41	51.18	47.80	44.87	42.23	39.87	37.73	35.60	34.05	32.90	31.75	30.72	30.13	30.04	30.00	
109.00	102.55	96.40	90.61	84.89	79.32	74.08	69.04	64.37	59.72	55.13	50.94	46.86	42.80	39.07	35.78	33.20	32.01	30.91	29.89	28.98	28.46	28.10	28.00	
110.00	102.48	95.08	88.01	82.05	76.21	70.55	65.93	61.71	57.86	54.34	51.21	48.44	45.82	43.20	40.75	38.63	36.72	35.34	34.06	32.82	32.11	32.00	
105.00	95.61	86.89	78.65	71.42	64.73	59.81	55.22	51.10	47.35	43.77	40.94	38.47	36.07	33.94	32.31	31.49	30.75	30.03	29.37	29.14	29.02	29.00	
119.00	110.03	101.10	92.65	84.56	76.91	69.45	62.51	56.25	50.09	45.17	40.74	36.60	34.47	32.55	31.17	30.03	29.16	28.37	28.04	28.00	
109.00	102.89	96.96	91.23	85.58	80.71	75.90	71.61	67.40	63.21	59.18	55.43	51.94	48.85	45.97	43.11	40.45	38.39	36.38	34.59	32.87	32.09	31.54	31.00	
120.00	111.74	103.59	95.92	88.31	81.92	76.09	70.49	64.92	59.85	55.22	50.90	46.77	43.82	41.17	38.52	36.34	34.38	32.84	31.38	30.44	30.01	30.00	
109.00	102.72	96.48	90.44	84.75	79.19	73.68	68.21	62.85	58.04	53.62	49.48	45.41	41.97	38.71	35.94	33.92	32.07	30.43	30.21	30.00	
114.00	106.82	99.72	92.81	86.36	80.10	74.03	68.66	63.42	58.79	55.22	51.92	48.75	45.81	43.49	41.26	39.03	37.01	35.11	33.47	32.17	31.31	30.62	30.00	
120.00	113.03	106.06	99.17	92.70	87.04	81.67	76.69	72.00	67.46	62.92	58.63	54.41	50.47	46.75	43.25	40.11	37.54	35.17	33.45	31.89	30.39	30.00	
102.00	95.83	89.69	83.67	77.73	72.14	66.66	61.98	58.11	54.38	50.85	47.38	44.62	42.14	39.78	37.59	35.50	33.55	32.36	31.41	30.73	30.29	30.02	30.00	
107.00	100.33	93.87	87.53	81.26	75.55	70.03	64.92	60.27	56.38	53.02	49.80	46.70	43.70	41.75	40.01	38.36	37.04	35.77	34.54	33.37	33.00	
115.00	107.65	100.48	93.48	86.56	80.28	75.06	69.89	65.58	61.46	57.49	53.62	50.33	47.15	44.03	41.14	38.68	36.37	34.79	34.28	33.80	33.34	33.16	33.00	
101.00	94.82	88.73	82.71	76.81	70.95	65.14	60.21	55.40	51.04	46.82	42.99	39.21	35.72	32.52	30.39	28.97	28.69	28.42	28.16	28.00	
113.00	105.54	98.25	91.22	84.25	77.39	70.63	64.68	59.01	53.49	50.04	46.62	43.27	40.41	37.82	35.66	33.59	32.14	31.32	31.07	31.00	
107.00	101.04	95.53	90.06	84.68	79.45	74.71	69.98	65.30	61.14	57.05	53.21	49.81	47.07	44.56	42.26	39.99	37.99	36.35	34.75	33.72	32.87	32.13	32.00	
106.00	97.61	89.68	82.66	76.11	69.73	63.94	58.72	53.58	48.78	44.61	41.49	38.98	36.47	34.25	32.50	31.40	30.33	29.48	29.10	29.00	
106.00	100.12	94.24	88.51	82.79	77.96	73.26	68.59	63.97	59.74	55.97	52.47	49.51	46.97	44.58	42.20	39.87	37.69	36.52	35.40	34.48	33.66	33.21	33.00	
114.00	102.49	92.29	83.02	73.83	65.74	60.79	56.43	52.45	49.24	46.40	43.93	42.09	40.28	38.48	36.74	35.34	33.96	32.61	31.50	30.68	29.91	29.46	29.00	
117.00	109.78	102.66	95.74	89.29	83.06	76.88	71.63	66.44	61.75	57.37	53.29	49.82	46.48	43.38	40.84	38.60	36.97	35.52	34.09	33.26	33.02	33.00	
116.00	107.55	99.55	92.54	85.90	79.41	73.15	67.69	62.91	58.51	54.35	50.37	46.57	43.31	40.48	37.86	35.71	33.78	32.00	30.56	29.39	28.32	28.00	
103.00	96.61	90.48	84.62	79.02	73.52	68.15	63.36	58.65	54.02	49.95	46.59	43.53	40.53	37.63	35.31	33.05	31.43	29.82	29.42	29.10	29.06	29.03	29.00	
112.00	105.66	99.34	93.06	86.84	80.93	75.59	70.28	65.13	60.05	56.29	52.58	49.06	45.66	42.43	40.19	38.60	37.12	35.80	34.53	33.60	33.08	33.00	
120.00	109.73	99.65	90.46	82.09	75.39	69.40	63.94	58.84	54.87	51.01	47.38	43.87	41.73	39.60	37.53	35.82	34.48	33.44	32.61	31.99	31.53	31.09	31.00	
118.00	110.82	103.81	96.90	90.30	83.89	77.59	71.61	66.58	61.78	57.42	54.13	50.86	47.90	44.98	42.35	39.84	37.70	35.82	34.27	33.08	32.19	31.43	31.00	
111.00	103.36	96.31	89.72	83.40	77.22	71.05	65.30	60.59	56.11	52.09	48.51	45.50	42.59	40.04	37.51	35.47	33.46	31.59	30.13	28.71	28.09	28.00	
116.00	107.83	100.55	94.40	88.47	82.66	77.08	71.68	66.59	61.74	57.75	54.31	50.90	47.81	44.99	42.20	39.61	37.58	35.60	34.45	33.62	33.00	
121.00	113.17	105.35	97.89	91.05	84.86	78.70	73.21	67.96	63.05	58.18	53.61	50.46	47.36	44.40	41.45	38.73	36.33	34.00	32.66	32.00	
123.00	115.03	107.70	100.61	93.54	86.71	80.04	73.54	67.99	62.85	58.02	53.42	48.85	44.96	41.77	38.99	36.25	33.96	32.68	31.75	31.11	31.00	
115.00	107.41	100.20	93.11	86.03	79.15	72.58	66.86	61.75	57.11	52.55	49.01	45.60	42.54	39.57	36.73	34.23	32.00	31.15	30.49	30.02	30.00	
122.00	114.05	106.63	99.49	92.47	85.53	78.93	72.77	66.92	61.82	56.88	52.00	47.88	44.04	41.54	39.49	37.69	35.90	34.54	33.26	33.00	
106.00	97.38	90.88	84.72	78.60	73.61	69.05	64.68	60.39	56.15	52.25	48.35	44.58	41.95	39.60	37.48	35.58	33.81	32.42	31.09	29.79	28.60	28.06	28.00	
114.00	104.89	95.99	87.82	81.08	74.64	69.14	64.62	60.27	56.43	52.69	49.16	45.65	42.51	39.40	36.34	33.94	32.66	31.68	30.77	30.00	
119.00	110.58	102.20	94.25	86.38	78.72	71.08	65.20	59.74	55.28	51.46	48.46	45.69	43.02	40.40	37.88	35.60	33.40	32.51	32.11	32.04	32.00	
108.00	101.29	94.66	88.64	82.81	77.21	71.66	66.36	61.16	55.99	51.46	47.52	43.63	39.84	36.65	34.07	32.48	31.45	30.66	29.91	29.55	29.21	29.00	
118.00	110.55	103.37	96.30	89.73	83.17	76.94	70.87	65.09	60.06	55.29	50.75	46.84	42.94	39.26	36.69	34.64	33.11	31.86	30.63	30.00	
105.00	99.26	93.55	87.91	82.65	77.45	72.49	67.91	63.51	59.31	55.18	51.06	47.01	43.82	41.04	39.11	37.27	35.51	34.28	33.05	32.04	31.23	31.00	
111.00	103.03	97.03	91.59	86.29	81.28	76.30	71.54	67.15	62.92	59.08	55.43	52.31	49.43	46.67	43.97	42.06	40.22	38.44	36.77	35.26	33.77	33.00	
102.00	96.04	90.14	84.44	78.96	73.53	68.33	63.25	58.48	54.19	49.94	46.35	42.85	39.52	36.70	34.60	32.53	31.14	30.12	29.22	28.45	28.01	28.00	
113.00	105.43	98.06	91.44	85.23	79.34	73.49	67.76	62.31	57.40	52.51	47.68	43.93	40.48	37.36	34.56	32.79	32.19	31.71	31.33	31.00	
119.00	111.65	104.43	97.79	91.39	85.08	78.96	72.90	67.37	62.05	57.57	53.94	50.33	46.84	43.87	40.97	38.21	35.49	33.10	30.85	29.42	28.43	28.00	
101.00	94.57	88.91	83.91	78.92	74.06	69.36	64.77	60.30	56.50	52.73	49.03	45.67	42.41	39.27	36.88	34.87	33.06	31.66	30.46	29.41	28.56	28.00	
118.00	110.02	102.32	94.68	87.42	80.17	73.58	67.71	61.96	56.27	50.67	46.96	43.33	40.00	37.64	36.05	34.60	33.29	32.11	31.55	31.00	
113.00	106.96	100.94	95.00	89.17	83.70	78.24	72.99	68.00	63.32	59.45	55.69	51.94	48.46	45.06	42.25	39.61	37.20	35.15	33.25	31.38	29.66	28.00	
107.00	101.43	96.47	91.51	86.56	81.73	77.06	72.52	68.35	64.24	60.47	56.85	53.50	50.16	46.98	43.96	41.26	38.67	36.48	34.36	32.48	31.33	31.00	
121.00	114.38	107.79	101.35	95.06	88.93	83.01	77.30	71.79	66.30	60.82	55.52	50.78	47.49	44.50	42.00	39.58	37.17	35.81	34.64	33.88	33.26	33.00	
104.00	98.33	92.87	87.49	82.60	78.16	73.72	69.34	64.97	60.69	56.42	52.46	48.60	44.77	41.42	38.94	37.06	35.38	34.12	33.47	33.16	33.00	
123.00	115.72	108.72	102.25	95.93	89.83	84.01	78.26	72.61	67.47	62.40	57.49	53.22	49.02	45.35	42.31	39.48	36.92	34.42	32.85	32.42	32.16	32.00	
121.00	112.16	104.06	96.07	88.34	80.79	73.45	67.80	62.24	57.07	52.45	48.97	45.60	42.60	39.84	37.51	35.56	33.90	32.66	31.56	31.14	31.00	
114.00	106.89	100.24	93.87	87.59	81.49	75.46	70.18	65.22	60.29	55.59	51.17	46.93	43.43	40.25	37.73	35.37	33.65	32.14	30.91	29.76	28.65	28.03	28.00	
123.00	114.16	105.46	97.31	89.97	83.00	76.48	70.38	64.51	60.14	56.18	52.29	48.99	45.99	43.15	40.40	37.70	35.67	34.14	32.99	32.35	32.00	
122.00	114.46	107.19	99.99	93.42	87.77	82.37	77.00	71.85	66.86	62.43	58.24	54.26	50.75	47.60	44.91	42.23	40.11	38.01	35.90	33.97	32.85	32.07	32.00	
114.00	106.83	99.69	92.73	85.91	79.84	74.24	68.80	63.81	58.95	54.30	50.69	47.24	43.91	41.18	38.73	36.51	34.32	33.61	32.94	32.29	32.00	
103.00	96.50	90.13	83.83	77.94	72.06	66.76	61.78	57.08	52.52	48.19	44.28	41.50	39.06	36.86	34.99	33.39	32.23	31.14	30.67	30.27	30.00	
123.00	115.01	107.16	99.54	93.15	86.99	80.90	75.58	70.36	65.55	60.99	56.74	52.50	48.63	45.43	42.43	39.55	37.42	35.32	33.98	33.03	32.20	32.00	
108.00	101.39	94.82	88.99	83.22	77.57	71.93	67.07	62.30	57.59	53.12	48.90	44.90	42.24	39.71	37.56	36.36	35.19	34.11	33.32	33.00	
114.00	106.74	99.85	93.08	86.71	80.97	75.38	71.07	66.84	62.85	58.93	55.01	51.32	47.76	44.23	41.09	38.48	36.64	35.55	34.51	33.55	33.11	33.01	33.00	
104.00	97.55	91.45	85.41	79.75	74.21	68.71	63.51	58.36	53.31	48.55	44.54	40.58	38.04	36.04	34.10	32.87	31.70	30.91	30.22	30.10	30.04	30.00	
112.00	103.63	96.78	90.56	84.47	78.39	72.51	66.88	61.74	56.80	51.98	47.21	43.45	40.21	37.12	34.13	31.34	29.69	28.82	28.16	28.00	
102.00	95.59	89.59	83.90	78.23	72.90	67.76	62.92	58.64	54.78	50.96	47.72	44.86	42.02	39.59	37.72	36.13	34.64	33.45	32.71	32.24	32.10	32.00	
101.00	93.75	86.96	80.22	73.62	67.23	60.83	56.39	52.58	48.79	45.00	41.75	39.29	37.21	35.21	33.41	31.64	30.15	29.47	29.05	29.00	
114.00	106.84	99.77	92.93	86.08	79.38	73.23	67.28	61.41	55.81	50.26	45.21	41.70	38.93	36.32	33.80	32.26	31.43	30.74	30.16	30.00	
115.00	106.40	97.87	89.53	83.10	76.83	70.59	65.02	59.78	54.69	49.61	45.24	41.74	39.27	37.27	35.34	33.65	32.35	31.75	31.31	31.00	
118.00	110.90	103.94	97.12	90.43	84.33	78.84	73.57	68.32	63.09	58.69	54.29	50.11	46.10	42.86	40.07	37.95	36.08	34.58	33.68	33.00	
122.00	113.08	104.39	95.90	87.66	80.50	73.74	67.37	61.21	55.40	51.20	47.01	43.34	40.35	37.37	34.39	31.76	29.60	29.03	28.48	28.01	28.00	
107.00	100.73	94.54	88.73	83.17	77.66	72.71	68.36	64.04	59.71	55.48	51.44	47.59	44.01	40.77	37.86	35.18	34.00	33.44	33.19	33.00	
104.00	96.42	89.01	82.69	76.55	70.44	64.99	59.99	55.23	51.34	48.16	45.07	42.46	40.36	38.40	36.86	35.40	34.03	33.04	32.39	32.07	32.00	
110.00	101.55	94.02	86.65	79.32	72.41	67.42	62.54	57.91	53.73	49.57	45.46	41.36	38.89	36.99	35.36	33.76	32.30	31.18	30.37	29.64	28.94	28.31	28.00	
114.00	104.73	96.81	89.56	82.80	76.32	70.58	64.96	60.17	55.93	52.48	49.08	45.69	42.43	39.51	37.78	36.12	34.55	33.03	31.99	31.28	31.00	
109.00	100.77	92.68	85.11	77.64	70.74	64.66	59.84	55.68	51.61	47.71	44.55	41.52	38.72	36.74	35.14	33.63	32.29	30.99	29.88	29.30	29.06	29.00	
123.00	113.66	104.88	96.27	88.23	81.32	74.71	69.04	63.88	58.85	53.94	49.88	46.49	43.54	40.75	38.23	35.75	33.79	32.01	31.45	30.99	30.53	30.17	30.00	
107.00	100.39	93.91	87.73	81.74	76.26	71.63	67.30	63.17	59.24	55.42	52.13	48.87	45.70	42.56	39.50	37.19	35.35	33.58	31.93	30.53	29.41	29.00	
123.00	115.85	108.83	102.30	95.90	89.58	83.31	77.36	72.31	67.64	63.28	59.00	54.79	51.38	48.08	45.05	42.19	39.44	36.71	34.13	31.60	29.89	29.16	29.00	
105.00	97.36	89.96	82.65	76.21	69.96	64.60	59.61	55.34	51.81	48.44	45.12	42.48	40.15	38.11	36.42	35.26	34.16	33.27	32.55	32.12	32.03	32.00	
107.00	101.05	95.45	90.26	85.19	80.27	75.40	70.76	66.13	61.69	57.40	53.22	49.42	46.03	43.01	40.59	38.26	36.17	34.58	33.51	32.52	31.63	31.17	31.00	
113.00	104.60	96.30	88.31	81.31	75.27	69.28	64.55	59.84	55.36	50.99	47.19	44.32	42.10	40.00	38.00	36.01	34.43	33.15	32.14	31.48	31.23	31.00	
115.00	106.35	98.07	90.01	83.59	77.18	71.17	66.62	62.11	57.65	54.13	50.61	47.21	43.93	40.90	38.16	35.82	33.93	32.48	31.07	29.73	29.25	29.00	
104.00	96.52	89.08	82.69	76.35	70.74	65.88	61.30	57.37	53.59	50.00	46.55	43.86	41.42	39.35	37.31	35.30	33.50	32.16	31.21	30.39	29.62	29.12	29.00	
102.00	95.65	89.35	83.32	77.57	72.24	67.53	62.91	58.37	53.83	49.39	46.01	43.13	40.42	38.00	36.41	34.91	33.61	32.59	32.29	32.00	
120.00	111.58	103.30	95.61	88.53	81.77	75.71	70.50	65.89	61.58	57.59	54.12	50.66	47.92	45.21	42.88	40.66	38.57	36.85	35.26	33.78	33.00	
113.00	105.99	99.32	92.74	86.88	81.09	75.33	70.02	64.88	59.87	55.12	50.52	46.28	43.34	40.92	38.75	36.79	35.04	33.40	32.06	32.01	32.00	
122.00	113.39	104.85	96.40	88.08	80.89	73.92	67.28	61.75	56.50	51.75	47.93	44.29	40.72	37.49	34.85	32.32	29.91	28.81	28.12	28.00	
122.00	112.70	103.83	95.04	87.23	79.56	73.33	67.10	60.99	55.60	51.19	47.32	43.88	40.85	38.00	35.78	33.90	32.03	31.19	31.07	31.01	31.00	
111.00	105.47	100.39	95.46	90.61	85.89	81.23	76.65	72.10	67.76	63.49	59.38	55.36	51.38	47.62	44.75	41.93	39.66	37.57	35.79	34.26	33.33	32.52	32.00	
109.00	100.62	92.46	85.05	78.40	72.81	67.35	62.16	58.52	54.94	51.71	48.76	46.05	43.49	41.33	39.42	37.79	36.50	35.43	34.41	33.67	33.24	33.00	
106.00	99.43	92.92	86.50	80.11	74.39	69.02	64.38	59.84	55.36	51.20	47.59	44.57	41.70	39.06	36.53	34.31	32.25	31.11	30.04	29.21	29.01	29.00	
109.00	102.64	96.30	90.11	83.97	77.83	71.99	67.19	62.58	58.16	53.87	49.61	45.42	41.40	38.26	36.26	34.44	32.71	31.33	30.00	29.00	
108.00	101.97	96.17	90.47	84.78	79.29	74.14	69.16	64.31	59.47	54.84	50.72	47.34	44.05	41.08	38.42	36.39	35.04	33.91	33.49	33.18	33.02	33.00	
107.00	101.75	96.82	91.90	87.05	82.21	77.83	73.65	69.51	65.42	61.42	57.63	53.84	50.19	46.66	43.28	40.57	38.37	36.42	34.67	33.06	31.73	31.17	31.00	
109.00	101.50	94.04	87.49	81.05	75.45	70.13	64.95	60.07	56.02	52.08	48.33	45.21	42.10	39.14	36.44	34.34	32.37	31.12	30.11	29.42	29.00	
102.00	95.98	90.05	84.18	78.58	73.40	68.42	63.48	58.94	54.40	49.88	46.74	43.96	41.24	38.98	37.10	36.01	34.93	33.87	32.91	32.42	32.00	
113.00	106.19	99.40	92.69	86.29	80.27	74.84	69.52	64.41	59.74	55.65	52.76	50.42	48.18	46.06	44.06	42.09	40.21	38.48	37.12	35.78	34.51	33.42	33.00	
118.00	109.35	100.89	92.45	84.37	76.66	70.67	65.02	59.44	55.39	51.58	48.31	45.35	42.40	39.48	37.19	35.20	33.36	32.05	31.50	31.00	
112.00	103.98	96.49	89.19	82.75	76.63	71.12	66.01	61.05	56.45	52.51	48.58	44.92	41.46	39.19	36.99	35.38	34.04	32.90	32.13	32.00	
116.00	108.23	101.21	94.61	88.02	82.20	76.84	71.84	67.04	62.44	58.16	53.98	50.03	46.10	42.35	39.06	36.30	34.21	33.18	32.51	31.88	31.39	31.04	31.00	
111.00	103.78	97.07	90.46	84.29	78.22	72.63	67.13	61.96	56.97	52.84	49.04	45.50	42.37	39.43	37.15	35.28	33.87	33.10	32.43	32.17	32.00	
110.00	101.51	93.35	85.32	77.78	70.39	64.33	59.37	54.50	50.53	46.90	43.51	40.49	37.73	35.74	34.47	33.42	32.58	31.77	31.06	31.00	
108.00	102.02	96.19	90.48	84.95	79.79	74.75	69.78	64.88	60.26	55.93	51.68	47.92	44.68	41.77	38.93	36.10	34.26	32.55	31.07	29.98	29.06	29.00	
118.00	108.20	98.86	89.84	82.99	76.30	69.87	63.70	58.84	54.50	50.25	46.28	43.79	41.51	39.63	38.13	36.74	35.43	34.21	33.04	32.00	
108.00	99.17	92.09	85.26	78.50	72.03	66.99	62.34	58.01	53.88	49.81	46.65	44.18	41.71	39.64	37.73	35.84	34.11	32.43	30.90	29.51	28.44	28.00	
117.00	109.40	102.00	95.28	89.07	83.06	77.15	71.33	66.35	61.42	57.25	53.18	49.46	45.94	42.57	39.57	36.61	34.57	32.96	31.60	31.00	
118.00	110.64	103.39	96.54	90.01	83.70	77.54	71.75	66.55	61.72	57.01	53.02	49.61	46.26	43.39	40.74	38.18	35.99	34.02	32.17	30.37	28.58	28.27	28.00	
101.00	94.52	88.61	82.80	77.30	72.13	67.46	63.03	58.86	54.76	51.18	47.84	44.72	42.00	39.35	37.63	36.13	34.67	33.79	33.30	33.00	
103.00	96.11	90.09	84.57	79.57	74.57	69.71	65.14	60.71	56.32	51.94	47.74	44.11	40.88	38.35	36.42	34.70	33.05	31.50	30.09	29.38	29.10	29.00	
102.00	94.94	88.78	82.93	77.25	71.94	67.44	63.12	58.99	55.40	51.86	48.45	45.54	42.96	40.62	38.30	36.41	35.27	34.29	33.48	32.91	32.44	32.00	
112.00	103.04	94.33	87.03	80.33	73.95	67.76	62.56	57.46	53.59	49.75	46.12	42.94	40.84	39.05	37.61	36.17	34.80	33.96	33.16	33.00	
110.00	103.11	96.66	90.80	85.10	79.50	74.30	69.28	64.30	60.17	56.12	52.19	48.65	45.27	42.08	39.25	36.78	34.52	32.42	30.38	29.03	28.62	28.29	28.00	
111.00	103.31	95.74	88.55	81.45	75.54	69.66	64.38	59.23	54.33	49.89	46.50	43.45	40.64	37.94	35.46	33.40	31.42	30.08	28.79	28.20	28.00	
106.00	98.90	92.49	86.13	81.09	76.51	72.02	67.81	63.65	59.59	55.61	51.64	47.69	44.72	41.81	39.45	37.30	35.23	33.65	32.72	32.27	32.08	32.00	
120.00	109.98	101.24	92.97	85.06	77.58	70.73	64.07	57.97	52.83	48.37	44.71	42.13	39.59	37.21	35.64	34.26	33.09	32.04	31.08	31.00	
103.00	96.88	90.84	84.86	79.47	74.10	68.87	64.31	60.12	56.08	52.94	49.97	47.19	44.68	42.46	40.24	38.05	36.46	34.91	33.95	32.99	32.07	32.00	
112.00	105.59	99.19	93.10	87.16	81.40	76.07	70.92	66.02	61.23	57.26	53.45	49.87	46.64	43.80	41.01	38.72	36.99	35.54	34.10	32.70	31.33	30.11	30.00	
123.00	113.87	104.85	96.29	87.93	80.37	73.31	66.99	61.34	56.60	52.06	48.15	44.31	41.04	37.86	34.95	33.01	31.29	30.25	29.52	29.00	
116.00	108.73	101.85	95.03	88.45	82.64	76.93	71.60	66.33	61.17	57.13	53.37	49.61	46.15	42.86	39.60	36.60	33.79	31.51	29.27	28.06	28.00	
104.00	98.77	93.70	88.68	83.68	78.81	74.13	69.78	65.56	61.42	57.44	53.69	50.46	47.33	44.71	42.27	40.21	38.37	36.58	34.81	33.67	32.84	32.17	32.00	
108.00	102.37	96.83	91.40	86.34	81.43	76.62	71.86	67.22	62.61	58.48	54.52	50.66	47.09	43.71	40.35	37.42	35.07	33.04	31.32	29.59	28.12	28.00	
118.00	108.34	99.63	91.05	82.48	74.77	67.59	61.50	55.43	51.33	47.44	43.71	40.53	38.10	35.88	33.94	32.01	30.72	29.59	28.52	28.17	28.00	
116.00	108.23	100.56	93.46	86.65	80.86	75.30	70.23	65.63	61.28	57.10	53.02	49.19	45.46	42.06	38.81	35.71	32.66	31.18	30.48	30.00	
111.00	103.78	96.62	89.96	83.31	76.81	70.97	65.31	59.85	54.76	50.06	45.61	42.07	39.20	36.96	35.67	34.48	33.76	33.37	33.18	33.00	
116.00	108.00	100.60	93.73	87.27	80.86	74.55	69.25	64.10	59.21	54.34	49.58	46.28	43.39	40.50	37.94	35.68	33.48	31.51	30.27	29.22	29.00	
113.00	106.28	99.76	93.87	88.27	82.95	78.04	73.18	68.44	64.10	59.77	56.05	52.54	49.13	46.02	43.25	40.70	38.66	36.72	35.01	33.59	33.00	
118.00	110.02	102.39	95.08	88.12	81.84	75.62	69.42	63.35	59.53	55.95	52.72	49.55	46.52	43.71	41.04	38.55	36.35	34.34	32.55	31.36	30.19	29.59	29.00	
114.00	106.18	98.48	90.89	84.65	78.53	72.65	67.42	62.21	57.17	52.34	47.71	43.97	41.27	39.04	36.87	35.40	34.45	33.53	33.20	33.00	
102.00	96.16	90.40	84.88	79.75	74.91	70.59	66.31	62.16	58.54	54.97	51.50	48.29	45.14	42.02	39.97	38.02	36.31	34.60	33.49	32.87	32.44	32.03	32.00	
121.00	111.72	103.17	96.02	88.99	82.44	76.08	70.02	64.18	58.75	54.17	49.61	46.03	43.01	40.20	37.49	35.28	34.08	33.10	32.32	31.57	31.16	31.00	
111.00	101.76	92.66	83.78	77.01	71.02	65.86	60.82	55.84	51.37	47.07	43.39	40.22	37.63	35.68	33.94	32.75	31.58	30.58	30.18	30.00	
115.00	108.91	102.90	97.06	91.49	86.47	81.69	77.13	72.70	68.31	63.99	59.68	55.75	51.82	48.62	45.53	42.71	40.01	37.80	35.67	34.27	33.41	33.12	33.00	
102.00	95.28	88.64	82.09	75.92	70.43	65.68	61.26	57.41	53.91	50.71	47.85	45.01	42.44	40.00	37.94	36.30	34.68	33.36	32.49	32.13	32.00	
114.00	105.92	98.38	91.16	84.21	78.50	72.92	67.67	62.94	58.55	54.52	50.90	47.78	44.71	41.87	39.42	37.28	35.17	33.14	31.17	30.46	29.75	29.10	29.00	
118.00	109.38	101.58	94.05	86.92	80.70	74.62	68.56	62.61	57.98	53.49	49.23	45.09	41.57	38.66	35.98	33.48	32.05	30.86	30.06	29.56	29.13	29.00	
109.00	102.10	95.27	88.94	82.70	77.15	71.62	66.22	61.54	56.93	52.66	48.87	45.54	42.42	40.12	38.21	36.40	34.77	33.63	32.82	32.12	32.00	
121.00	112.90	105.27	97.99	91.27	85.39	79.70	74.29	69.33	64.77	60.44	56.23	52.07	47.94	43.83	40.61	37.99	35.70	33.54	31.86	30.29	29.47	28.67	28.00	
123.00	115.35	108.53	101.82	95.91	90.12	84.53	79.21	74.10	69.00	63.93	58.92	54.28	50.11	46.13	42.33	38.59	35.36	33.13	30.95	29.16	28.00	
106.00	100.22	94.46	88.93	83.57	78.22	73.36	68.57	63.92	59.37	55.17	51.32	47.60	44.12	40.91	38.33	35.89	33.61	31.92	30.24	29.67	29.20	29.02	29.00	
113.00	104.01	95.07	87.85	80.76	73.95	67.49	62.25	57.20	52.17	48.16	44.37	41.42	38.62	36.43	34.32	33.29	32.46	31.65	30.84	30.16	30.00	
101.00	94.52	88.88	83.66	78.61	73.63	68.75	64.30	59.98	55.69	51.53	48.51	45.71	43.00	40.50	38.14	35.85	33.62	31.49	29.46	28.13	28.00	
108.00	101.49	95.00	88.53	82.53	77.08	71.89	66.92	61.99	57.93	53.94	49.95	46.01	42.58	39.59	36.82	34.70	32.94	31.70	30.62	30.07	30.00	
106.00	100.19	94.70	89.47	84.38	79.31	74.25	69.28	64.32	59.64	55.12	50.89	46.84	43.77	41.03	38.43	37.02	35.80	34.59	33.60	32.68	32.00	
103.00	96.10	89.39	83.53	77.82	73.00	68.22	63.61	59.36	55.79	52.24	48.87	45.55	42.35	39.50	36.77	34.36	32.70	31.06	29.68	28.78	28.10	28.00	
111.00	102.34	94.86	87.77	81.41	75.08	69.32	64.21	59.95	55.82	51.76	47.71	44.11	40.83	37.75	35.23	32.93	31.17	29.92	28.79	28.00	
118.00	110.45	103.13	95.92	88.83	82.13	75.66	69.81	64.07	58.67	53.70	48.73	44.66	40.77	37.31	34.80	33.60	32.64	31.71	30.82	30.25	30.00	
106.00	101.23	96.58	92.01	87.60	83.24	78.98	74.91	71.05	67.34	63.83	60.59	57.37	54.19	51.10	48.02	45.21	42.89	40.64	38.53	36.46	35.12	33.81	33.00	
112.00	103.41	95.05	86.76	79.03	71.39	64.16	57.80	52.45	48.03	43.94	40.62	38.54	37.14	35.74	34.74	33.86	33.07	32.31	31.56	31.00	
115.00	107.98	101.07	94.34	88.14	81.95	75.91	70.09	65.06	60.09	55.83	52.19	48.59	46.02	43.90	41.96	40.17	38.40	36.75	35.34	34.29	33.51	33.00	
123.00	113.67	104.97	96.33	88.96	81.97	75.10	69.40	64.18	59.22	55.43	52.20	49.21	46.36	43.54	40.80	38.18	35.82	33.47	32.00	30.60	30.00	
105.00	98.17	91.39	84.84	78.40	72.31	67.11	62.33	57.66	53.54	49.77	46.08	42.42	39.14	36.63	34.26	32.21	30.18	29.27	28.57	28.12	28.00	
123.00	115.29	107.73	100.40	93.35	86.59	80.64	74.77	68.95	63.72	58.91	54.23	49.86	45.96	42.34	38.93	35.85	33.28	31.59	30.31	29.61	29.05	29.00	
111.00	105.17	99.33	93.91	88.49	83.12	77.96	73.24	68.54	63.89	59.24	54.96	50.90	47.04	43.23	40.05	37.19	35.45	33.72	32.61	32.00	
104.00	97.66	91.35	85.21	79.38	73.78	68.25	62.95	57.75	52.96	48.97	45.82	42.87	39.97	37.20	34.43	31.80	29.93	29.24	29.04	29.00	
112.00	102.72	95.00	88.01	81.26	74.89	68.70	64.08	59.52	55.23	51.11	47.52	43.99	40.79	37.84	35.27	32.89	30.73	28.96	28.25	28.00	
117.00	109.71	102.46	95.65	88.96	83.13	77.43	71.80	66.31	61.38	56.46	52.15	47.90	43.77	39.81	37.40	35.56	34.02	32.96	32.32	32.00	
109.00	99.81	91.06	83.97	77.12	70.71	65.23	60.11	55.11	50.25	45.76	41.33	37.05	35.09	33.73	32.55	31.55	30.84	30.31	30.11	30.00	
109.00	102.88	96.83	91.14	85.61	80.09	74.89	69.92	65.28	60.74	56.54	53.01	49.53	46.24	43.07	40.19	37.77	35.48	33.64	32.69	31.78	31.01	31.00	
119.00	110.61	103.32	96.68	90.10	83.87	78.24	73.12	68.04	63.09	58.55	54.06	49.62	45.36	41.38	37.84	34.86	32.16	30.67	29.35	28.52	28.00	
118.00	111.15	104.34	97.63	91.17	85.28	79.50	74.09	68.69	63.90	59.40	54.95	51.31	47.74	44.71	41.72	38.86	36.04	33.45	31.89	30.75	29.64	29.05	29.00	
115.00	106.59	98.29	91.68	85.42	79.30	73.33	67.94	62.82	58.33	54.17	50.18	46.50	43.58	40.84	38.19	35.92	33.90	31.89	30.33	29.41	28.70	28.23	28.00	
109.00	102.59	96.43	90.46	84.57	78.99	73.42	67.86	62.59	57.35	53.30	49.50	45.79	42.35	39.05	35.94	33.96	32.53	31.22	30.81	30.41	30.15	30.00	
107.00	100.81	95.07	89.40	83.74	78.10	72.73	68.46	64.34	60.33	56.77	53.32	50.27	47.25	44.27	41.65	39.04	37.20	35.74	34.55	33.64	33.21	33.08	33.00	
103.00	96.37	90.11	84.05	78.74	73.45	68.29	63.90	59.50	55.62	51.99	48.56	45.27	42.31	39.52	37.00	34.50	32.24	30.48	29.27	28.36	28.00	
120.00	113.18	106.49	99.84	93.42	87.05	80.70	74.36	68.24	62.40	56.81	52.65	49.19	45.91	42.94	40.44	38.25	36.27	34.33	32.80	31.48	30.39	30.00	
109.00	102.35	95.91	89.65	83.54	77.79	72.23	66.75	62.11	57.49	52.97	49.31	45.89	43.01	40.13	37.39	34.71	32.48	30.97	29.87	28.99	28.35	28.00	
119.00	112.13	105.35	99.13	92.96	87.40	82.10	76.91	71.77	66.81	62.09	57.59	53.37	49.75	46.21	42.79	39.45	36.18	33.36	31.40	30.09	29.04	28.22	28.00	
121.00	113.37	105.90	98.61	91.43	84.58	77.93	71.86	65.87	60.11	55.08	50.32	45.63	41.80	39.75	37.75	35.84	34.52	33.55	33.09	33.00	
102.00	95.01	88.72	82.49	76.56	70.69	65.35	60.23	55.27	50.93	47.65	44.94	42.47	40.06	38.00	36.14	34.43	33.24	32.06	31.17	30.58	30.19	30.01	30.00	
101.00	93.55	86.23	79.66	73.86	68.33	62.93	57.98	53.55	49.19	45.10	42.36	39.91	37.89	35.98	34.43	33.06	31.74	30.58	30.01	30.00	
101.00	96.21	91.48	86.89	82.32	77.77	73.35	68.94	64.62	60.42	56.37	52.31	48.69	45.11	41.66	38.41	36.34	34.46	32.76	31.27	30.02	30.00	
117.00	109.28	101.85	94.49	87.56	80.72	74.26	68.13	62.51	57.40	52.96	48.79	44.86	41.62	38.60	35.57	32.82	30.42	29.31	28.29	28.00	
109.00	102.66	96.46	90.28	84.14	78.24	72.34	66.47	61.68	57.12	53.34	49.66	46.51	43.35	40.39	38.44	36.84	35.34	34.22	33.46	33.21	33.05	33.00	
112.00	105.03	98.09	91.39	84.86	78.43	72.49	66.87	61.32	56.32	52.48	49.25	46.15	43.20	40.86	38.86	36.88	34.98	33.11	31.46	29.88	28.68	28.00	
112.00	104.98	98.03	91.79	85.77	80.20	74.64	69.12	64.75	60.45	56.20	52.06	49.08	46.35	43.84	41.46	39.38	37.36	35.50	34.34	33.23	32.26	31.37	31.00	
107.00	100.29	93.88	88.03	82.79	77.84	72.91	68.23	63.61	59.17	55.33	52.26	49.28	46.37	44.14	41.97	39.82	37.78	36.20	34.74	33.60	32.80	32.15	32.00	
108.00	101.17	94.52	88.23	82.42	76.62	70.82	65.43	60.71	56.68	52.73	48.85	45.26	42.19	39.14	36.86	34.63	32.44	30.47	29.51	28.80	28.34	28.00	
101.00	96.01	91.09	86.21	81.39	76.69	72.31	67.98	63.66	59.82	56.00	52.19	48.72	45.60	42.90	40.27	38.48	36.72	35.33	34.65	34.05	33.58	33.23	33.00	
108.00	101.89	96.13	90.80	85.61	80.43	75.41	71.04	66.75	62.54	58.54	54.60	50.70	48.07	45.44	42.88	40.42	38.04	35.76	34.06	33.09	32.69	32.34	32.00	
112.00	105.85	99.75	93.81	88.05	82.35	76.71	71.16	66.23	61.36	56.57	52.17	48.36	44.77	41.74	38.74	36.48	34.28	32.12	30.68	29.37	28.57	28.00	
116.00	108.63	102.06	95.64	89.26	83.21	77.86	72.74	67.75	63.10	58.82	54.88	51.04	47.25	44.59	42.22	39.84	37.63	35.58	33.81	32.42	32.22	32.07	32.00	
121.00	113.06	105.15	97.53	90.03	82.97	76.45	70.56	65.42	60.83	56.43	52.35	49.06	46.03	43.08	40.43	37.84	35.32	33.06	30.85	28.76	28.37	28.00	
110.00	101.73	93.79	86.56	80.48	74.42	68.37	62.82	58.05	53.76	49.93	46.31	43.39	40.99	38.89	37.02	35.74	34.52	33.33	32.28	31.37	30.53	30.00	
122.00	114.00	106.70	99.45	92.31	85.50	78.74	72.69	67.47	62.42	58.17	54.26	50.47	47.05	43.69	40.53	37.69	35.68	33.78	31.94	30.14	29.34	29.00	
115.00	107.69	100.45	93.50	86.91	80.35	74.15	69.22	64.32	60.03	55.88	52.27	48.92	46.18	43.54	41.16	38.86	36.58	34.84	33.69	33.00	
108.00	101.28	94.67	88.18	81.95	75.97	70.24	64.61	59.28	54.22	50.24	47.08	43.99	40.90	38.61	37.03	35.74	34.65	33.82	33.13	33.00	
112.00	104.44	97.49	90.54	83.74	78.02	72.55	67.48	62.51	58.17	54.23	50.66	47.30	44.07	41.18	39.17	37.18	35.27	33.68	32.54	32.02	32.00	
119.00	112.26	105.59	99.06	92.87	87.24	81.80	76.60	71.64	66.95	62.40	57.93	53.77	50.01	46.69	43.67	41.03	38.57	36.59	34.82	33.83	33.00	
110.00	103.42	96.98	90.63	84.51	78.87	73.35	68.27	63.31	58.62	53.98	49.55	45.32	41.41	38.99	36.81	34.82	32.83	31.31	29.86	29.35	29.20	29.05	29.00	
123.00	116.37	109.82	103.31	96.92	90.59	84.42	78.31	72.41	67.05	61.78	56.58	52.10	48.09	44.30	41.48	39.15	37.06	35.26	33.67	32.32	31.04	31.00	
104.00	97.15	90.41	84.11	77.89	72.12	67.30	62.79	58.30	54.90	51.57	48.44	45.45	42.47	39.90	37.53	35.77	34.13	32.77	31.52	30.52	29.73	29.04	29.00	
120.00	111.20	102.55	94.88	87.52	81.10	74.87	69.83	65.26	61.07	57.13	53.21	49.63	46.47	43.37	40.35	37.94	35.71	33.50	32.03	30.89	30.05	30.00	
117.00	109.91	103.00	96.27	89.60	82.94	76.70	70.77	65.42	60.50	55.82	51.19	46.98	43.03	39.82	37.44	35.90	34.88	33.94	33.03	33.00	
117.00	109.52	102.26	95.39	88.75	82.51	76.70	71.36	66.41	61.50	57.41	53.37	49.85	46.34	42.90	39.94	37.54	35.19	33.37	32.24	31.22	31.00	
107.00	99.68	92.75	85.82	79.09	72.81	67.27	62.31	57.40	52.97	49.71	46.93	44.21	41.50	38.95	37.27	35.62	33.99	33.00	32.15	32.00	
104.00	97.02	90.32	83.76	77.24	70.83	64.66	58.82	53.17	49.03	45.21	41.64	39.01	36.49	34.53	32.98	31.47	30.31	29.62	29.18	29.00	
120.00	112.37	105.10	98.45	91.83	85.26	78.76	72.39	66.53	60.98	56.09	51.51	47.23	43.70	40.84	38.36	35.96	34.04	32.29	31.15	31.02	31.00	
104.00	97.32	90.82	84.76	79.37	73.99	68.61	63.50	59.13	55.08	51.15	47.55	44.10	40.97	39.24	37.60	36.05	34.80	33.66	32.61	31.79	31.04	30.33	30.00	
123.00	115.33	108.12	101.05	94.10	87.47	80.84	74.31	68.82	63.52	58.83	54.27	49.90	45.76	42.11	38.63	35.93	33.79	32.10	30.70	30.00	
112.00	104.32	97.14	90.26	84.04	78.79	73.81	69.18	64.75	60.68	56.63	52.89	49.18	45.52	42.08	39.25	36.57	35.12	33.67	32.83	32.15	31.55	31.23	31.00	
105.00	99.36	93.85	88.41	83.15	78.00	72.86	67.93	63.01	58.64	54.34	51.42	48.79	46.32	44.06	41.85	39.97	38.08	36.59	35.25	34.13	33.58	33.04	33.00	
106.00	100.61	95.43	90.54	85.75	81.38	77.05	72.79	68.56	64.49	60.60	56.83	53.09	49.49	46.06	43.10	40.23	37.38	34.60	33.38	32.46	32.12	32.00	
107.00	100.58	94.24	88.96	83.82	78.98	74.68	70.47	66.62	62.83	59.29	55.75	52.51	49.29	46.28	43.52	40.91	38.46	36.15	34.56	33.93	33.42	33.05	33.00	
117.00	109.76	102.68	95.83	89.11	82.63	76.28	70.47	64.98	59.72	54.57	50.06	45.58	42.27	39.46	36.80	34.57	33.53	32.79	32.08	31.45	31.23	31.03	31.00	
123.00	116.36	109.96	103.59	97.61	91.72	86.04	80.50	74.97	69.69	64.49	59.72	55.26	51.34	47.46	43.80	40.64	38.27	35.94	34.06	32.18	31.27	30.50	30.00	
114.00	104.76	95.73	88.18	81.01	74.07	68.16	62.67	57.34	52.26	47.25	43.44	40.45	37.48	36.29	35.13	34.03	33.03	32.03	31.50	31.00	
116.00	108.17	100.49	94.40	88.44	82.57	78.09	74.12	70.25	66.40	62.60	59.02	55.55	52.38	49.32	46.55	43.91	41.31	39.14	37.56	36.00	34.85	33.87	33.00	
110.00	102.63	96.35	90.12	85.27	80.61	76.16	71.73	67.51	63.30	59.43	55.76	52.21	48.69	45.26	42.21	39.20	36.59	34.02	31.72	29.79	28.00	
113.00	106.44	100.18	94.05	88.85	84.07	79.95	75.90	71.96	68.03	64.10	60.30	56.65	53.28	49.94	46.64	43.38	40.45	38.07	35.72	33.83	33.46	33.20	33.00	
110.00	102.66	95.33	89.07	82.82	76.85	70.91	65.03	60.68	56.56	52.90	49.45	46.04	42.68	39.76	37.53	35.35	33.49	31.65	31.06	31.00	
110.00	102.95	96.15	89.64	84.20	79.30	74.61	70.07	65.57	61.10	56.96	53.02	49.55	46.21	42.87	39.65	36.92	34.57	32.90	31.38	30.59	30.30	30.00	
114.00	106.21	100.18	94.60	89.14	83.73	78.57	73.81	69.24	64.81	60.54	56.41	52.64	49.01	45.47	41.97	39.15	36.56	34.17	33.18	33.07	33.00	
118.00	110.49	103.37	96.43	89.73	83.29	77.14	71.07	65.39	59.78	54.62	49.48	44.50	41.23	39.12	37.41	35.79	34.27	33.17	32.26	32.00	
102.00	96.34	90.70	85.09	79.81	75.20	70.65	66.17	62.16	58.34	54.91	51.58	48.65	45.95	43.30	40.71	38.48	36.55	34.70	32.95	31.50	30.51	30.05	30.00	
109.00	101.61	95.85	90.12	84.91	79.72	74.97	70.39	65.99	61.71	57.53	53.78	50.16	46.61	43.14	39.89	37.09	34.36	32.35	30.57	29.43	29.15	29.00	
107.00	100.02	93.98	88.06	83.19	78.34	73.98	69.65	65.39	61.26	57.38	53.76	50.43	47.20	44.01	41.41	38.87	36.77	34.94	33.90	33.00	
103.00	95.95	89.14	82.40	76.04	69.75	63.67	58.32	54.58	50.95	47.43	44.39	41.68	39.19	37.56	35.93	34.37	33.24	32.29	31.83	31.42	31.20	31.00	
107.00	99.89	93.17	86.70	80.56	74.46	69.35	64.54	59.87	55.32	51.37	47.52	43.75	40.49	37.68	34.98	32.52	30.79	29.49	28.69	28.00	
119.00	111.35	104.54	97.97	91.41	85.45	79.51	73.60	67.94	62.41	57.13	51.93	47.12	42.37	39.56	37.18	35.49	34.30	33.57	33.06	33.00	
103.00	97.37	92.01	86.98	81.97	77.05	72.28	67.83	63.47	59.30	55.37	51.44	48.00	44.88	41.79	39.59	37.57	35.64	33.78	32.41	31.38	30.37	29.53	29.00	
119.00	111.82	105.33	99.01	92.72	86.79	81.42	76.07	70.81	65.81	61.18	56.98	53.17	49.93	47.15	44.45	41.88	39.53	37.38	36.13	35.02	33.95	33.00	
102.00	96.45	90.97	85.55	80.22	75.19	70.43	65.80	61.65	57.61	53.60	50.12	46.66	43.49	40.68	38.01	35.38	33.11	31.18	29.73	28.71	28.39	28.09	28.00	
107.00	100.87	94.95	89.03	83.17	77.47	71.79	66.14	60.57	55.27	50.75	47.58	44.85	42.31	40.40	38.49	36.98	35.76	34.61	33.49	32.45	31.43	31.00	
104.00	97.29	90.80	84.61	78.55	72.53	67.04	62.34	57.74	53.51	49.42	45.70	42.44	39.91	37.65	35.94	34.43	33.13	31.97	31.45	31.08	31.02	31.00	
108.00	100.92	94.39	88.20	82.11	76.33	70.76	65.55	60.38	55.59	51.09	46.71	42.47	39.51	36.72	34.41	32.60	31.37	30.37	29.38	28.63	28.04	28.00	
113.00	106.57	100.20	94.19	88.36	82.62	77.39	72.40	67.44	62.81	58.83	54.95	51.22	47.74	44.59	41.80	39.36	37.09	35.04	33.01	32.14	31.50	31.00	
112.00	105.24	98.58	92.21	86.40	80.63	74.89	69.36	64.70	60.57	56.55	52.56	49.30	46.25	43.38	40.95	38.88	37.07	35.28	33.85	32.43	31.83	31.34	31.00	
107.00	100.42	94.58	88.86	83.59	78.71	74.46	70.45	66.61	62.80	59.05	55.36	51.68	48.05	44.47	41.16	38.11	35.98	34.28	32.97	31.92	30.93	30.31	30.00	
122.00	114.34	106.82	99.98	93.80	87.72	81.86	76.71	71.57	66.47	61.88	57.50	53.16	49.15	45.55	42.78	40.43	38.10	35.84	33.73	32.25	30.97	30.38	30.00	
116.00	108.85	102.42	96.58	91.19	86.29	81.43	76.65	72.11	68.01	64.14	60.39	56.74	53.12	49.73	46.46	43.48	40.59	37.86	35.33	33.46	32.00	31.22	31.00	
123.00	115.78	108.66	101.58	94.86	88.67	82.80	77.00	71.21	66.11	61.41	56.91	53.36	49.82	46.44	43.09	40.16	37.57	35.41	33.44	31.71	31.00	
101.00	94.38	88.03	81.76	75.86	70.34	65.17	60.17	55.75	52.10	48.65	45.21	42.10	39.29	36.67	34.19	31.94	30.29	29.59	28.96	28.44	28.00	
116.00	108.34	101.02	93.78	86.73	79.70	73.10	67.09	61.95	56.87	52.95	49.12	46.21	43.35	40.77	38.58	36.67	35.04	33.82	32.98	32.45	32.00	
103.00	96.98	91.39	85.81	80.71	75.84	70.98	66.66	62.44	58.24	54.42	51.25	48.13	45.10	42.56	40.12	37.89	35.98	34.65	33.78	33.00	
103.00	94.32	86.10	79.26	73.43	67.94	63.05	58.81	54.69	50.83	47.80	44.90	42.08	39.74	38.47	37.22	36.12	35.17	34.33	33.84	33.38	33.05	33.00	
105.00	97.68	90.38	83.94	77.62	71.78	68.02	64.38	60.90	57.51	54.64	51.89	49.24	46.75	44.31	41.92	39.85	37.87	36.17	34.80	33.71	32.73	31.77	31.00	
115.00	108.50	102.32	96.18	90.16	84.42	78.95	73.57	68.19	63.62	59.35	55.56	52.31	49.14	46.08	43.04	40.31	37.78	35.86	34.52	33.32	32.66	32.02	32.00	
122.00	113.34	105.00	96.74	88.73	82.05	75.65	69.45	64.29	59.22	54.30	50.28	46.69	43.17	40.20	37.41	35.27	33.28	31.55	30.26	30.06	30.00	
107.00	100.91	94.84	89.00	83.29	78.25	73.45	68.67	63.93	59.64	55.48	52.10	48.81	45.68	42.63	40.39	38.17	36.21	34.63	33.36	32.15	31.00	
113.00	105.67	98.46	92.15	85.95	80.44	75.05	70.07	65.34	61.12	56.91	52.86	49.46	46.11	42.89	39.78	37.18	34.86	33.30	31.83	30.63	29.51	28.51	28.00	
121.00	112.48	104.37	96.51	89.68	83.12	77.19	71.51	66.21	61.11	56.13	51.71	47.46	43.45	39.47	36.26	33.57	31.52	30.32	29.45	29.15	29.07	29.00	
111.00	104.56	98.15	91.86	85.78	79.90	74.24	68.75	63.61	59.14	54.97	51.36	47.76	44.19	40.66	37.70	35.60	33.74	32.81	32.34	32.00	
101.00	94.02	87.05	80.78	75.03	69.29	63.61	58.37	54.01	50.43	47.31	44.20	41.82	39.65	37.86	36.41	35.10	33.93	32.76	31.65	31.14	31.00	
112.00	103.67	95.83	88.74	82.03	75.47	69.28	63.37	58.06	54.22	51.05	47.95	45.01	42.45	40.06	38.01	36.25	35.15	34.22	33.36	33.11	33.01	33.00	
118.00	108.61	99.32	90.11	80.97	73.45	67.13	62.34	57.61	53.06	49.75	46.73	43.90	41.53	39.32	37.21	35.22	33.52	32.96	32.43	32.00	
114.00	105.56	97.94	90.73	83.54	77.49	72.33	67.35	62.95	58.87	54.82	51.13	47.46	43.98	41.05	38.12	36.06	34.57	33.48	32.73	32.00	
104.00	96.49	89.82	83.15	76.55	69.98	64.90	60.12	55.41	51.11	47.09	44.37	41.76	39.21	37.19	35.52	34.05	32.67	31.84	31.17	31.00	
120.00	110.84	102.29	94.52	87.69	81.04	74.50	68.45	62.61	57.90	53.49	49.18	45.30	41.47	37.90	36.05	34.23	32.61	31.57	30.94	30.38	30.00	
116.00	107.55	99.58	91.80	84.20	77.47	71.21	65.07	59.17	54.69	50.31	46.61	43.33	40.57	38.68	37.29	36.19	35.12	34.11	33.12	32.39	32.11	32.03	32.00	
117.00	110.09	103.30	96.59	90.12	83.94	78.09	72.66	67.32	62.49	57.72	53.84	50.26	46.79	43.65	40.86	38.28	35.82	33.41	31.26	29.29	28.13	28.06	28.00	
101.00	95.32	89.69	84.16	78.63	73.70	68.79	63.94	59.72	55.52	51.52	47.90	44.41	41.33	38.56	35.84	33.56	31.87	30.42	29.34	28.73	28.29	28.00	
101.00	94.73	88.86	83.37	77.95	72.58	67.40	62.65	58.00	54.16	50.42	47.22	44.21	41.56	39.37	37.26	35.35	33.95	32.60	32.10	32.00	
102.00	96.68	91.50	86.47	82.27	78.13	74.16	70.20	66.37	62.60	58.86	55.15	51.64	48.26	45.80	43.50	41.33	39.33	37.66	36.16	34.77	33.88	33.00	
121.00	109.05	98.65	89.95	81.74	73.84	66.42	60.06	54.07	48.11	42.44	37.30	33.75	32.09	30.94	29.86	29.06	28.34	28.12	28.05	28.00	
111.00	104.17	97.39	91.51	85.68	80.24	75.04	70.07	65.47	60.94	56.69	52.50	48.32	44.83	42.06	39.31	36.89	35.07	33.52	32.74	32.01	32.00	
104.00	97.21	90.58	84.35	78.21	72.11	66.65	61.79	57.41	53.30	49.32	45.77	42.58	40.88	39.25	37.69	36.56	35.82	35.07	34.36	33.84	33.51	33.23	33.00	
114.00	106.68	99.45	92.60	85.92	79.60	73.36	67.96	62.79	57.66	52.57	47.72	43.88	40.14	37.53	35.14	33.91	32.87	32.16	31.70	31.29	31.10	31.00	
103.00	97.69	92.59	87.54	82.56	77.79	73.39	69.27	65.32	61.41	57.89	54.56	51.27	48.02	44.84	41.74	39.12	36.92	35.40	34.25	33.28	32.45	31.69	31.00	
113.00	106.32	99.93	93.77	87.72	81.83	76.01	70.94	66.18	61.50	56.89	52.35	47.91	44.09	40.86	38.21	36.41	34.74	33.61	32.51	32.05	32.01	32.00	
104.00	97.88	91.94	86.02	80.18	74.63	69.47	64.98	60.84	56.97	53.15	49.42	45.88	43.34	41.01	38.82	36.88	35.10	33.38	31.85	30.53	29.32	28.38	28.00	
116.00	109.20	102.69	96.18	89.86	83.56	77.45	71.38	65.58	59.88	54.92	50.76	46.63	43.32	40.15	37.54	35.49	33.50	31.84	30.99	30.21	29.55	29.25	29.00	
110.00	103.73	97.62	91.70	85.79	79.97	74.34	69.00	64.05	59.73	56.15	52.78	49.59	46.59	43.62	40.72	37.87	35.60	34.20	33.50	33.00	
113.00	105.61	98.24	91.50	84.94	79.37	73.92	68.64	63.69	58.90	54.62	51.08	47.68	44.61	41.59	38.95	36.33	34.09	32.87	32.17	31.52	31.00	
110.00	103.92	98.20	92.71	87.36	82.02	76.78	71.81	66.90	62.12	57.76	53.52	50.34	47.55	45.06	42.74	40.44	38.36	36.28	34.28	32.56	31.61	31.00	
107.00	101.60	96.21	90.89	85.79	80.81	75.95	71.10	66.58	62.08	58.12	54.79	51.49	48.36	45.64	43.20	40.86	38.53	36.65	35.12	33.98	32.98	32.43	32.00	
114.00	105.25	97.42	90.62	84.37	79.10	74.32	69.88	65.49	61.46	57.89	54.52	51.19	48.15	45.43	42.80	40.46	38.60	37.04	36.01	35.04	34.14	33.35	33.00	
104.00	97.03	90.60	85.22	79.87	74.78	69.75	64.87	60.03	55.87	51.93	48.93	46.23	43.76	41.31	38.98	36.85	34.91	33.30	32.09	31.30	30.72	30.24	30.00	
106.00	100.22	94.53	89.26	84.05	79.54	75.04	70.61	66.39	62.24	58.14	54.10	50.15	46.66	43.32	40.00	36.89	34.59	33.47	32.43	31.63	31.15	31.00	
101.00	94.27	87.89	81.66	75.84	70.11	64.42	59.82	55.50	51.42	47.57	44.00	40.52	38.11	36.17	34.81	34.28	33.75	33.25	32.76	32.37	32.17	32.00	
107.00	98.92	91.20	84.00	77.01	70.14	64.73	60.37	56.22	52.32	48.66	45.88	43.29	40.83	38.42	36.03	34.41	33.04	31.69	30.48	30.00	
105.00	98.85	93.04	87.39	81.90	76.41	70.95	65.87	60.85	56.07	52.07	48.17	44.87	41.88	39.14	37.19	35.34	33.57	31.82	30.40	29.47	28.68	28.19	28.00	
101.00	95.18	89.76	84.56	79.61	74.76	70.51	66.49	62.62	59.10	56.00	52.94	49.99	47.11	44.49	41.96	39.51	37.91	36.41	35.18	34.24	33.34	32.55	32.00	
106.00	100.71	95.53	90.39	85.30	80.30	75.38	70.70	66.15	61.67	57.34	53.30	49.51	46.21	42.98	39.96	37.00	34.69	32.62	30.86	29.44	29.07	29.00	
117.00	109.01	101.06	93.13	85.60	78.11	72.22	67.46	62.76	58.35	53.96	49.58	45.25	42.65	40.52	38.80	37.20	35.80	34.56	33.63	33.00	
112.00	105.17	98.57	92.13	86.21	80.56	75.28	70.28	65.37	60.65	55.96	51.75	47.54	44.10	40.83	38.19	35.96	33.94	33.57	33.25	33.11	33.00	
121.00	113.14	105.56	98.01	91.07	84.56	78.20	71.92	65.88	59.96	54.33	49.68	45.64	42.10	38.79	36.63	34.77	33.60	32.64	32.36	32.09	32.00	
109.00	103.14	97.63	92.27	87.32	82.55	77.88	73.34	68.93	65.24	61.68	58.30	54.93	51.82	48.75	46.02	43.48	41.00	38.66	36.72	34.94	33.64	32.50	32.00	
108.00	101.35	94.77	88.36	81.97	76.12	70.49	65.53	60.86	56.31	52.22	48.53	44.97	41.66	39.14	36.67	34.54	32.59	31.32	30.70	30.28	30.00	
119.00	109.28	99.83	90.55	82.56	75.53	68.51	61.93	55.92	50.80	47.29	44.35	41.46	38.79	36.84	35.60	34.45	33.40	32.36	32.11	32.00	
110.00	101.68	93.91	86.47	79.21	72.32	66.45	61.77	57.16	53.06	49.09	45.28	41.93	38.81	36.29	34.39	32.67	31.17	30.11	29.58	29.31	29.07	29.00	
102.00	95.08	88.31	81.86	75.79	69.72	64.06	59.14	54.38	49.77	45.41	42.06	40.06	38.22	36.77	35.38	34.06	32.77	31.81	31.17	30.56	30.00	
105.00	99.27	93.65	88.03	82.82	77.88	73.25	68.74	64.70	60.73	56.83	53.12	49.61	46.16	42.88	39.84	36.86	33.92	31.82	29.88	28.65	28.21	28.00	
109.00	101.25	93.91	87.63	81.51	76.44	71.50	66.59	62.22	58.33	54.49	50.70	47.48	44.27	41.16	38.15	35.47	33.57	32.73	32.06	32.00	
102.00	95.38	89.36	83.49	77.62	71.97	66.52	61.30	56.72	52.28	47.87	44.10	40.52	37.24	35.10	33.00	31.48	30.02	29.08	28.46	28.05	28.00	
109.00	102.28	95.71	89.15	83.47	78.27	73.07	68.31	64.21	60.14	56.26	53.40	50.53	47.72	45.07	42.45	39.87	37.58	35.35	33.21	31.62	30.49	29.50	29.00	
121.00	113.85	106.71	99.84	93.27	87.46	81.67	76.19	70.92	66.01	61.17	56.75	52.75	49.10	45.62	42.20	40.16	38.46	36.87	35.44	34.14	33.00	
113.00	104.52	96.86	89.85	83.68	77.84	72.17	66.87	62.58	58.32	54.21	50.12	46.68	43.42	40.22	37.31	35.33	33.64	32.26	30.92	30.41	30.00	
122.00	111.31	101.93	92.64	84.95	77.99	71.88	66.13	60.55	55.33	50.79	46.68	43.09	39.67	37.15	34.90	33.38	31.91	31.19	30.53	30.08	30.00	
109.00	101.21	94.04	87.81	82.14	76.83	72.02	68.02	64.09	60.16	56.45	52.96	49.52	46.20	43.77	41.37	39.10	36.91	34.87	33.19	31.68	30.60	29.58	29.00	
104.00	96.35	89.33	83.09	77.08	71.12	65.26	60.09	56.10	52.63	49.82	47.32	44.90	42.57	40.33	38.13	36.30	34.53	33.69	33.01	32.45	32.09	32.00	
108.00	101.92	95.92	90.37	84.85	79.65	75.12	70.60	66.20	62.15	58.68	55.25	52.41	49.72	47.02	44.37	41.73	39.29	37.23	35.74	34.65	33.63	32.71	32.00	
123.00	113.69	104.55	95.97	88.03	80.63	73.38	66.32	59.58	54.24	49.17	44.67	41.42	38.39	35.71	33.50	31.47	30.64	29.85	29.40	29.00	
103.00	96.84	90.87	84.94	79.05	73.27	68.07	63.25	58.96	54.75	51.73	48.86	46.04	43.34	40.81	38.88	36.98	35.20	33.92	32.81	32.11	31.49	31.10	31.00	
115.00	107.71	100.92	94.64	88.58	82.63	76.95	71.39	66.33	61.36	56.81	52.29	48.70	45.41	42.34	39.35	36.58	34.75	32.97	32.35	32.00	
121.00	113.89	106.97	100.28	94.85	89.42	84.05	78.80	73.82	68.94	64.61	60.57	56.55	52.74	49.01	46.03	43.08	40.61	38.21	35.93	33.76	31.68	30.00	
116.00	109.31	102.65	96.29	90.48	84.76	79.21	74.69	70.23	65.82	61.87	57.95	54.22	50.86	47.70	44.75	41.84	39.03	37.13	35.35	33.71	32.18	30.93	30.00	
118.00	110.33	102.92	95.64	88.53	81.71	75.18	68.81	62.59	56.53	51.83	47.61	43.94	40.57	37.38	34.61	32.28	30.06	28.54	28.17	28.00	
101.00	93.66	86.87	80.18	74.07	67.99	62.27	57.45	53.31	50.38	47.67	44.96	42.42	39.91	37.73	36.02	34.40	33.13	31.87	30.98	30.25	30.00	
109.00	102.22	96.25	90.91	86.01	81.32	77.02	72.93	68.93	64.97	61.10	57.34	53.74	50.44	47.23	44.32	41.44	38.95	36.54	34.72	33.32	32.50	32.20	32.00	
108.00	99.84	93.19	87.29	82.11	76.99	71.98	67.25	62.63	58.49	54.36	50.51	47.61	44.99	42.90	40.85	38.82	37.04	35.32	33.68	32.25	31.15	31.00	
113.00	105.64	98.75	92.39	86.04	79.79	74.11	68.66	63.96	59.55	55.43	51.61	48.09	44.65	41.27	38.62	36.54	34.79	33.18	31.72	30.46	29.55	29.00	
113.00	106.46	100.36	94.72	89.15	84.07	79.12	74.20	69.68	65.32	61.08	57.53	54.00	50.51	47.14	44.12	41.30	38.72	36.22	33.75	31.72	30.11	30.00	
121.00	111.49	103.54	96.14	88.83	82.33	76.95	71.76	66.67	61.82	57.88	54.32	50.86	47.73	44.89	42.40	40.05	38.20	36.41	34.89	33.59	33.00	
122.00	113.17	104.76	96.87	88.99	81.27	73.58	66.38	59.72	54.93	50.42	46.56	44.37	42.23	40.26	38.41	36.66	35.27	34.07	33.48	32.92	32.50	32.22	32.00	
113.00	105.91	98.85	92.02	85.48	80.40	75.39	70.67	66.04	61.43	56.84	52.35	48.33	44.45	40.70	36.99	33.65	32.13	30.64	29.76	29.12	28.54	28.24	28.00	
112.00	102.51	94.34	86.21	79.29	72.41	65.70	59.71	54.28	49.34	45.30	41.34	38.52	36.48	34.70	33.04	31.49	30.24	29.49	29.04	29.00	
106.00	100.23	94.51	89.02	83.76	78.80	74.29	69.82	65.48	61.22	57.14	53.33	50.05	46.94	43.99	41.23	38.59	36.25	34.17	32.42	31.35	31.08	31.00	
105.00	99.09	93.20	87.47	81.84	76.59	71.57	66.62	62.11	57.68	53.40	49.26	45.17	41.82	39.04	37.09	35.15	33.30	31.59	30.39	29.32	29.00	
107.00	102.06	97.27	92.56	88.05	83.56	79.13	74.70	70.29	66.00	61.71	57.83	54.13	50.43	46.87	43.57	40.85	38.31	36.60	35.35	34.45	33.62	33.28	33.00	
110.00	104.01	98.46	93.02	87.75	82.65	77.81	73.28	68.80	64.43	60.13	56.31	52.52	48.73	45.08	41.77	39.17	37.56	35.97	34.59	33.66	33.23	33.00	
113.00	107.09	101.45	95.90	90.39	85.07	79.94	74.89	69.92	65.59	61.55	57.52	53.55	49.69	45.83	42.18	38.65	35.26	32.20	29.56	28.99	28.47	28.07	28.00	
116.00	107.78	99.67	92.39	85.46	79.33	73.63	68.28	63.01	58.62	54.92	51.24	47.90	44.78	41.82	39.16	37.04	35.51	34.09	32.76	32.00	
113.00	105.60	98.61	91.67	85.40	79.19	73.52	68.18	62.94	58.73	54.60	50.90	47.82	45.08	42.35	39.71	37.65	36.21	35.02	34.08	33.38	33.01	33.00	
118.00	109.97	102.37	95.23	88.11	81.88	76.39	71.12	65.98	61.10	56.29	52.17	48.25	44.46	40.78	37.84	34.92	33.46	32.01	31.56	31.24	31.00	
106.00	99.86	93.92	88.02	82.19	76.82	71.69	66.66	62.47	58.42	54.75	51.17	47.88	44.61	41.59	39.52	37.50	35.82	34.16	32.69	31.50	30.38	29.56	29.00	
118.00	105.84	95.54	85.62	77.02	68.60	61.19	55.96	51.32	46.87	42.73	39.90	37.42	35.28	33.32	31.54	30.62	29.70	28.92	28.37	28.00	
123.00	114.37	105.80	97.27	89.82	83.70	77.94	72.26	66.64	61.13	56.21	51.64	47.64	44.02	40.81	38.14	35.86	33.87	33.05	32.36	32.00	
107.00	98.97	91.73	85.06	78.52	72.16	67.11	62.24	57.47	52.99	48.80	45.88	42.99	40.18	37.59	35.06	33.15	32.04	30.94	30.48	30.27	30.13	30.00	
118.00	110.76	103.69	96.91	90.35	83.90	77.93	72.05	66.33	61.31	56.89	52.58	48.37	44.78	41.58	39.53	37.80	36.26	34.82	33.56	32.57	31.68	31.23	31.00	
123.00	114.48	106.90	99.55	92.49	85.48	78.62	71.79	65.08	59.97	54.99	50.87	47.04	43.91	41.16	38.63	36.80	35.09	34.18	33.55	33.00	
115.00	106.99	99.03	91.14	84.49	78.02	72.42	67.30	63.17	59.05	55.09	51.46	47.85	44.62	42.31	40.16	38.32	36.49	35.02	33.67	32.60	31.58	31.00	
105.00	97.49	90.70	84.20	78.50	72.85	67.62	62.98	58.40	54.30	51.28	48.47	45.80	43.53	41.30	39.28	37.34	35.41	33.92	33.11	32.50	32.14	32.00	
114.00	107.39	100.78	94.56	88.35	82.39	76.45	70.88	65.32	59.85	55.92	52.32	49.13	46.36	43.96	41.76	39.80	37.91	36.36	34.89	33.63	32.82	32.33	32.00	
113.00	106.30	100.06	94.20	88.35	82.93	78.27	73.66	69.23	65.02	60.95	57.14	53.68	50.50	47.35	44.23	41.74	39.38	37.55	35.81	34.63	33.61	33.15	33.00	
119.00	112.18	105.43	98.80	92.53	86.69	81.02	75.36	69.73	64.24	59.25	54.30	50.15	46.29	42.81	39.63	36.66	34.24	32.20	31.09	31.02	31.00	
105.00	99.26	93.60	87.98	82.38	76.80	71.42	66.19	61.28	57.58	53.95	50.38	47.11	44.18	41.30	38.81	36.55	35.15	34.04	32.96	32.01	32.00	
111.00	103.76	96.54	90.40	84.78	79.19	73.73	68.30	62.97	57.68	52.48	47.80	43.31	38.88	34.77	31.42	29.84	28.86	28.37	28.15	28.00	
112.00	104.79	97.78	91.09	84.48	77.91	73.40	68.90	64.53	60.46	56.44	52.63	49.18	45.83	42.72	39.74	36.87	34.99	33.71	32.65	32.10	32.02	32.00	
102.00	96.51	91.20	85.91	80.73	76.20	71.74	67.84	64.04	60.51	57.14	53.87	50.76	47.67	44.91	42.24	39.98	37.81	35.98	34.41	33.09	32.08	31.40	31.00	
104.00	97.33	90.83	84.49	78.82	73.40	68.05	62.78	57.69	53.37	49.24	45.27	41.32	37.77	35.00	33.14	31.80	30.86	30.07	29.49	29.00	
103.00	96.17	89.89	83.71	77.77	72.12	66.92	62.07	57.46	52.93	48.79	44.93	41.96	39.18	36.56	34.38	33.26	32.18	31.33	30.68	30.15	30.00	
122.00	113.80	106.16	99.43	93.06	86.70	80.41	74.32	68.30	62.49	57.73	53.27	49.28	45.74	42.60	39.48	37.05	35.14	34.05	33.35	33.00	
123.00	115.52	108.66	101.97	95.76	89.64	83.70	77.85	72.35	66.88	61.63	56.70	51.79	46.98	42.33	38.28	34.46	33.16	32.00	31.07	30.26	29.59	29.00	
103.00	95.93	89.24	82.91	76.62	70.69	65.77	61.35	57.00	53.39	50.08	47.05	44.08	41.40	38.72	36.57	35.28	34.03	32.84	31.87	31.06	30.50	30.00	
115.00	107.47	100.28	93.18	86.22	80.49	75.10	69.77	64.76	60.01	55.90	51.81	48.04	44.30	41.39	38.51	36.00	34.36	33.34	32.38	31.52	31.00	
110.00	104.12	98.42	92.86	87.48	82.13	76.79	71.64	66.61	61.63	57.04	52.56	48.46	45.09	42.24	39.56	36.92	34.55	32.20	30.37	30.12	30.00	
123.00	114.22	105.72	97.24	88.76	80.98	73.23	65.95	59.58	54.49	49.61	45.31	41.71	38.20	35.00	33.32	32.02	30.98	30.06	29.48	29.00	
120.00	111.62	103.74	95.93	88.18	81.07	74.40	67.78	62.67	57.96	53.62	49.74	46.45	43.41	40.75	38.15	36.01	33.95	32.45	31.17	30.00	
122.00	114.26	106.81	99.43	92.40	85.95	79.78	74.30	68.87	64.29	60.05	55.98	52.50	49.01	46.13	43.27	40.57	37.92	35.65	33.57	31.53	29.73	28.85	28.00	
123.00	114.58	107.25	100.00	93.11	86.30	79.65	73.63	67.96	62.32	56.75	51.36	46.22	41.34	38.19	35.89	33.94	32.36	30.86	29.48	29.00	
103.00	96.10	89.69	83.92	78.36	73.04	68.31	63.75	59.51	55.42	51.60	48.31	45.46	42.81	40.32	37.92	35.98	34.19	32.73	32.15	32.00	
108.00	100.30	92.65	85.06	77.89	72.33	66.86	62.49	58.20	54.55	51.14	47.85	45.10	42.64	40.27	38.23	36.60	35.01	33.99	33.43	33.00	
101.00	94.61	88.54	83.51	78.51	73.94	69.48	65.42	61.41	57.47	53.81	50.28	47.04	44.06	41.48	38.95	36.66	35.51	34.41	33.45	32.54	32.00	
101.00	94.63	88.45	82.43	76.54	70.75	65.82	61.03	56.29	51.78	47.77	44.07	40.92	38.09	35.87	33.72	32.18	30.80	29.90	29.33	29.00	
117.00	109.78	103.05	96.59	90.51	84.66	79.30	74.57	69.95	65.35	60.88	56.87	53.19	49.72	46.35	43.84	41.35	38.93	36.56	34.31	32.15	31.38	31.14	31.00	
110.00	101.53	93.22	85.63	78.68	72.52	67.40	62.33	57.27	53.07	49.43	45.84	42.32	39.53	36.88	34.25	31.98	30.45	29.33	28.52	28.00	
110.00	102.58	95.25	88.47	82.50	77.05	71.72	66.46	61.50	56.85	52.56	48.90	45.65	43.10	40.62	38.36	36.38	34.52	32.93	31.45	30.87	30.36	30.00	
114.00	105.74	97.69	90.39	83.34	76.35	70.09	63.98	58.60	54.05	49.77	45.85	42.60	39.49	36.61	34.90	33.33	31.79	30.25	29.23	29.00	
104.00	97.80	91.75	85.76	80.54	75.32	70.44	65.60	60.88	56.54	53.09	49.65	46.26	43.07	39.88	37.12	34.95	33.64	32.51	31.42	30.45	30.07	30.00	
111.00	104.84	98.72	92.66	86.71	81.09	75.61	70.31	65.22	60.15	55.18	50.29	46.26	43.16	40.58	38.08	35.63	33.43	31.60	29.81	28.33	28.00	
115.00	108.11	101.72	95.44	89.30	84.09	79.03	74.24	69.51	64.88	60.35	56.50	52.92	49.38	45.84	42.37	39.02	35.76	32.88	30.70	28.73	28.00	
110.00	102.23	95.59	89.24	83.19	77.17	71.38	66.30	61.56	56.95	52.54	48.38	44.24	40.32	36.98	34.44	32.24	31.34	30.53	29.96	29.39	29.00	
106.00	99.63	93.41	87.28	81.93	77.07	72.28	67.56	62.87	58.78	54.87	51.47	48.13	44.88	42.00	39.23	36.47	34.95	33.84	32.79	31.86	31.39	31.00	
117.00	109.16	102.36	95.88	89.94	84.90	79.96	75.08	70.35	65.72	61.13	56.66	52.33	48.56	45.12	41.85	39.52	37.28	35.63	34.04	33.14	32.46	32.01	32.00	
108.00	100.61	93.63	87.33	81.41	75.99	71.04	66.45	62.11	57.84	54.08	50.38	46.73	43.57	41.16	38.91	36.87	34.94	33.69	32.77	32.36	32.00	
117.00	107.92	99.79	92.57	85.86	79.26	73.04	67.21	62.01	56.89	52.40	47.97	44.95	42.38	40.15	38.40	36.79	35.19	33.59	32.15	30.84	30.04	29.27	29.00	
113.00	104.25	95.76	87.75	79.79	72.10	64.75	57.52	52.24	47.04	42.49	39.28	36.80	35.28	34.43	33.60	33.09	32.61	32.28	32.11	32.00	
112.00	104.75	97.89	91.40	85.44	79.82	74.48	69.44	64.51	60.20	55.91	51.66	47.78	44.01	40.36	36.86	33.49	30.27	28.75	28.38	28.17	28.00	
113.00	106.61	100.24	94.16	88.47	82.84	77.73	73.18	68.75	64.39	60.53	56.75	53.19	49.72	46.34	42.97	39.71	36.71	33.93	31.31	29.83	28.64	28.00	
120.00	112.46	104.93	97.84	90.76	83.97	77.50	71.73	65.97	60.53	55.17	50.93	46.74	42.57	38.59	36.10	34.59	33.35	33.18	33.08	33.00	
111.00	102.03	93.59	85.33	77.79	71.28	64.80	58.40	53.69	49.94	46.30	42.86	39.43	36.61	33.95	31.48	29.65	29.08	28.56	28.24	28.00	
119.00	110.34	101.85	94.01	86.71	79.52	72.72	66.78	60.90	55.14	50.26	45.43	42.23	39.49	37.03	34.81	33.40	32.05	31.69	31.34	31.00	
102.00	96.05	90.37	85.03	80.01	75.03	70.21	65.47	61.00	56.92	53.11	49.42	46.13	43.32	40.79	38.26	36.56	34.95	34.11	33.62	33.20	33.00	
120.00	111.55	103.20	95.78	88.44	81.79	75.48	70.15	65.01	59.94	55.61	51.48	47.81	44.47	41.30	38.17	35.31	32.87	31.21	29.87	29.17	29.07	29.00	
121.00	113.53	106.58	99.83	93.70	87.82	82.08	76.62	71.25	66.00	60.95	56.78	52.72	49.36	46.36	43.52	40.83	38.57	36.44	34.56	33.19	31.90	30.86	30.00	
113.00	106.12	99.40	92.80	86.64	80.63	74.74	69.68	64.68	59.72	55.18	51.04	47.53	44.35	41.91	39.52	37.25	35.16	33.12	31.20	31.00	
123.00	114.85	107.10	99.49	92.43	86.35	80.70	75.13	69.66	64.28	59.62	55.18	51.27	47.39	43.86	40.75	37.98	35.46	33.48	32.70	31.96	31.44	31.19	31.00	
115.00	107.93	101.21	94.68	88.67	82.68	76.88	71.70	66.99	62.33	58.11	54.23	50.44	46.66	42.91	39.30	35.97	33.54	31.13	29.95	29.11	29.03	29.00	
122.00	112.77	104.45	97.17	90.12	83.51	77.80	72.33	67.41	62.54	58.37	54.50	50.71	47.07	43.97	40.92	38.64	36.54	34.74	33.82	32.94	32.17	32.00	
107.00	100.82	94.65	88.50	82.51	77.04	71.97	67.13	62.95	58.95	55.03	51.25	47.57	44.32	41.24	38.87	36.87	35.08	33.39	31.94	30.52	29.12	29.00	
109.00	101.71	94.75	88.12	82.33	76.59	71.57	66.72	62.60	58.83	55.32	51.84	48.35	44.91	41.53	38.30	36.28	34.27	32.77	31.43	30.19	29.46	29.00	
109.00	102.77	96.94	91.24	85.82	80.77	75.88	71.16	66.54	61.98	57.70	53.65	49.68	46.21	42.86	39.75	36.83	34.39	32.26	30.17	28.60	28.09	28.00	
123.00	115.10	107.51	100.14	92.86	86.18	79.92	73.75	68.47	63.68	59.10	54.91	50.76	47.34	43.93	40.78	37.87	35.32	33.01	31.41	30.04	29.38	29.00	
116.00	108.52	101.32	94.46	88.34	82.31	77.13	72.08	67.17	62.37	57.79	53.76	49.78	46.25	42.78	39.54	36.98	34.77	32.77	30.94	30.00	
105.00	99.45	93.94	88.43	83.11	78.04	73.01	68.43	63.88	59.40	55.08	51.22	47.70	44.43	41.43	38.62	35.91	33.63	32.00	30.40	29.31	28.36	28.00	
103.00	96.28	90.08	83.98	77.93	71.88	66.82	62.09	57.45	52.86	48.29	44.05	40.66	37.74	34.87	32.42	30.41	29.44	28.49	28.18	28.00	
105.00	98.74	92.55	86.43	80.35	74.40	68.75	63.21	57.78	52.73	48.05	44.27	40.82	37.79	35.31	33.58	32.16	31.01	30.12	29.58	29.25	29.12	29.00	
115.00	108.52	102.12	95.98	89.86	84.19	78.81	73.53	68.96	64.77	60.78	56.82	52.87	49.03	45.20	41.67	38.39	35.88	33.38	30.95	29.39	28.46	28.05	28.00	
115.00	106.86	98.84	91.70	84.63	79.39	74.88	70.45	66.05	61.82	57.75	53.70	49.86	46.39	43.08	40.38	37.72	35.25	32.90	31.76	30.81	30.00	
110.00	102.68	95.40	88.24	81.65	75.30	69.12	63.61	58.81	54.11	51.03	48.11	45.21	42.51	40.19	38.14	36.14	34.37	33.12	32.43	32.02	32.00	
121.00	113.80	107.12	100.52	94.26	88.08	82.40	76.74	71.13	65.82	60.72	56.26	52.50	48.83	45.20	42.50	40.07	37.77	35.66	33.94	32.43	31.41	31.00	
103.00	97.90	92.85	88.07	83.39	79.07	74.84	70.75	66.77	62.91	59.19	55.74	52.47	49.43	46.42	43.65	40.93	38.49	36.22	34.46	33.41	33.00	
105.00	98.32	91.95	85.78	79.77	74.39	69.15	64.42	59.92	55.49	51.09	47.23	43.47	40.41	37.81	35.27	32.99	30.82	29.44	28.87	28.41	28.00	
107.00	98.42	90.53	83.55	76.56	69.69	63.21	58.71	54.49	50.36	46.24	42.95	40.46	38.06	35.95	34.05	32.22	30.76	29.76	29.37	29.00	
111.00	101.96	93.24	85.88	78.75	71.89	65.92	60.21	55.14	50.90	46.78	42.69	38.88	35.90	34.43	33.13	32.13	31.51	31.27	31.08	31.00	
119.00	111.91	105.01	98.20	91.45	85.29	79.46	74.13	69.70	65.28	61.47	57.69	54.05	50.44	47.04	43.95	40.97	38.20	36.35	34.55	33.37	33.03	33.00	
109.00	99.57	92.55	85.90	79.46	73.34	68.86	64.45	60.41	56.47	52.78	49.11	45.57	42.18	39.08	37.43	35.95	34.55	33.84	33.22	33.00	
117.00	108.72	100.54	93.27	86.37	79.95	73.74	67.77	62.18	56.69	52.28	48.36	44.93	42.13	39.51	37.17	35.34	33.95	32.56	32.18	32.00	
105.00	98.16	91.51	85.51	79.54	73.60	67.85	62.32	56.96	52.43	48.13	44.89	42.76	40.89	39.05	37.41	36.26	35.13	34.19	33.31	32.60	32.00	
122.00	110.91	100.53	91.05	81.86	74.38	66.92	59.64	53.74	48.81	45.64	42.95	40.61	38.62	36.93	35.74	34.81	34.03	33.46	33.21	33.00	
122.00	113.56	105.92	98.55	92.03	85.51	79.32	74.24	69.46	65.09	60.77	56.51	52.27	48.04	44.18	40.41	36.83	33.33	31.88	30.75	30.00	
106.00	99.34	93.06	87.19	82.01	76.90	72.15	67.50	63.16	58.92	54.73	50.72	46.75	43.53	41.07	38.92	36.98	35.49	34.22	33.55	33.00	
111.00	104.44	98.34	92.42	86.64	80.93	75.24	70.24	65.43	60.79	56.58	52.95	49.35	46.30	43.40	40.73	38.53	36.48	34.50	32.98	31.83	30.80	30.00	
115.00	106.68	98.50	90.38	82.52	75.52	69.99	64.69	59.87	55.53	51.38	48.02	44.69	42.01	39.81	37.70	36.25	34.83	33.47	32.63	32.05	32.00	
111.00	104.47	98.19	91.91	86.49	81.15	76.34	71.67	67.05	62.62	58.52	55.23	52.22	49.24	46.27	43.33	40.63	38.82	37.47	36.13	34.97	33.98	33.22	33.00	
123.00	114.74	106.52	98.53	90.68	84.27	78.26	72.49	66.84	61.21	55.61	50.64	45.68	40.98	36.73	33.31	30.00	29.24	28.59	28.31	28.14	28.00	
105.00	98.52	92.12	85.74	79.92	74.18	69.07	64.01	59.30	54.59	49.95	45.70	41.57	37.75	35.11	33.45	31.82	30.53	29.40	28.79	28.19	28.06	28.00	
103.00	96.65	91.08	85.70	80.39	75.22	70.08	65.47	61.30	57.20	53.29	49.76	47.14	44.59	42.20	39.97	38.20	36.51	35.38	34.49	33.66	33.33	33.00	
110.00	102.37	95.29	88.47	82.20	76.32	70.90	65.59	60.73	56.85	52.98	49.46	45.98	42.81	39.76	37.27	34.86	32.76	31.06	30.29	29.60	29.00	
119.00	109.91	102.20	94.70	87.33	80.14	73.10	67.68	62.67	58.00	54.17	50.76	47.42	44.32	41.53	39.02	37.20	35.74	34.36	33.09	31.86	31.30	31.00	
118.00	109.62	102.15	94.76	88.13	81.51	75.15	69.65	64.24	59.21	54.46	50.44	46.95	43.66	40.53	37.71	35.30	33.59	31.92	31.24	30.65	30.16	30.00	
102.00	95.47	89.66	84.19	78.86	74.13	69.66	65.18	61.04	56.96	53.02	49.51	46.09	43.15	40.25	37.47	34.98	33.07	32.13	31.55	31.03	31.00	
120.00	111.92	103.96	96.75	89.62	82.60	76.41	70.35	64.35	58.51	53.10	48.12	43.44	39.59	36.42	33.69	31.47	30.21	29.19	28.19	28.00	
123.00	114.63	106.71	99.06	92.59	86.14	79.72	74.21	69.00	64.19	59.60	55.07	50.63	46.86	43.24	39.91	36.76	34.66	32.66	31.28	30.00	
120.00	114.23	108.48	103.00	97.64	92.46	87.30	82.27	77.44	72.65	68.09	63.84	59.63	55.60	52.07	48.59	45.83	43.24	40.70	38.17	35.99	34.00	32.61	32.00	
108.00	100.08	92.39	85.20	78.53	72.34	66.37	60.93	56.51	52.69	49.13	46.00	43.09	40.19	37.40	35.15	33.35	31.93	30.57	29.32	28.61	28.00	
113.00	105.12	97.70	90.54	83.91	77.68	71.88	67.23	62.96	58.93	55.40	52.08	49.04	46.04	43.20	40.79	38.60	36.96	35.43	33.95	32.56	31.77	31.10	31.00	
108.00	100.96	93.98	87.19	80.50	74.15	67.95	63.12	58.34	53.68	49.31	46.12	43.17	40.96	38.98	37.25	35.76	34.47	33.56	32.68	32.43	32.22	32.07	32.00	
103.00	95.72	88.79	82.33	76.95	72.55	68.45	64.35	60.55	56.80	53.51	50.70	47.92	45.30	42.74	40.38	38.32	36.29	34.39	32.53	31.14	31.00	
119.00	110.27	101.82	93.42	85.41	77.78	70.87	64.16	58.61	54.92	51.25	47.66	44.31	41.36	38.86	36.47	34.31	33.26	32.55	32.08	32.00	
101.00	93.48	86.75	80.03	73.76	67.99	63.18	58.45	53.89	49.41	45.80	42.37	39.21	36.36	34.00	32.22	31.03	30.17	29.30	29.13	29.00	
106.00	98.34	90.89	83.64	77.37	71.21	65.82	61.17	56.92	53.34	50.13	47.23	44.60	42.00	39.53	37.54	35.57	34.21	33.02	32.28	32.00	
104.00	98.34	93.01	88.16	83.45	78.77	74.30	69.93	65.66	61.60	57.72	54.18	51.13	48.23	45.44	42.75	40.38	38.54	36.83	35.29	33.91	32.77	32.02	32.00	
103.00	96.67	90.38	84.18	78.15	72.56	68.05	63.78	60.47	57.18	54.04	51.01	48.05	45.14	42.53	40.09	37.72	36.19	34.74	33.42	32.50	31.64	31.24	31.00	
119.00	111.83	104.92	98.25	91.75	85.43	79.11	72.96	68.19	63.48	58.99	55.25	51.60	48.11	45.11	42.11	39.13	36.19	33.84	32.09	30.50	29.29	28.36	28.00	
107.00	99.20	91.94	85.30	79.62	74.17	69.48	64.99	61.18	57.46	54.21	50.97	47.75	44.62	41.78	39.29	36.85	35.23	33.69	32.63	32.21	32.00	
105.00	98.30	91.84	85.72	79.86	74.04	69.00	64.11	59.27	54.69	50.58	46.59	43.13	40.68	38.52	36.57	34.95	33.37	32.44	31.55	30.71	30.29	30.04	30.00	
105.00	97.62	90.54	84.36	78.51	72.88	67.33	62.52	57.95	53.39	49.55	46.07	42.86	39.87	37.02	34.29	31.62	30.07	29.34	29.05	29.00	
107.00	100.72	94.45	88.21	82.11	76.64	71.36	66.35	61.80	58.08	54.42	51.15	47.93	44.78	41.72	38.84	36.21	33.86	32.24	30.78	29.78	29.17	29.00	
120.00	112.97	106.00	99.30	92.90	86.61	81.10	75.91	70.73	65.83	61.11	56.43	51.74	47.50	43.51	40.73	37.99	35.48	33.34	32.85	32.42	32.16	32.00	
118.00	109.61	101.91	94.29	87.03	80.24	74.82	69.67	65.58	61.72	58.55	55.55	52.55	49.62	46.80	44.03	41.31	38.70	36.10	33.83	32.14	30.44	29.00	
121.00	113.30	105.94	98.65	92.35	86.06	80.48	75.05	69.68	64.59	59.84	55.15	50.51	46.18	42.15	38.81	35.67	33.72	31.94	30.29	28.91	28.00	
109.00	101.35	94.28	87.28	80.73	74.24	68.20	62.43	57.84	54.21	51.22	48.26	45.61	43.13	40.81	38.81	36.91	35.67	34.62	33.69	33.19	33.00	
121.00	112.87	104.95	98.13	91.54	85.06	78.73	72.74	66.96	61.44	56.30	51.83	47.72	44.61	41.57	38.68	36.06	34.07	32.13	30.88	29.74	28.63	28.19	28.00	
14.56	17.92	31.36	32.48	21.28	21.28	11.20	32.48	11.20	29.12	22.40	29.12	33.60	30.24	13.44	15.68	25.76	33.60	15.68	33.60	29.12	24.64	12.32	29.12	17.92	30.24	19.04	11.20	25.76	17.92	12.32	14.56	20.16	31.36	24.64	25.76	32.48	25.76	20.16	16.80	19.04	21.28	14.56	25.76	22.40	29.12	23.52	12.32	13.44	26.88	25.76	19.04	12.32	16.80	19.04	28.00	32.48	29.12	13.44	24.64	33.60	33.60	32.48	24.64	33.60	22.40	29.12	25.76	20.16	17.92	12.32	33.60	19.04	21.28	20.16	12.32	16.80	33.60	13.44	30.24	12.32	23.52	20.16	16.80	12.32	17.92	31.36	15.68	13.44	19.04	25.76	31.36	21.28	23.52	17.92	31.36	11.20	22.40	13.44	17.92	24.64	12.32	14.56	22.40	22.40	16.80	14.56	28.00	24.64	28.00	33.60	13.44	22.40	24.64	14.56	11.20	16.80	28.00	25.76	32.48	25.76	30.24	14.56	33.60	15.68	15.68	19.04	19.04	13.44	29.12	33.60	12.32	26.88	14.56	12.32	17.92	25.76	15.68	21.28	19.04	31.36	21.28	26.88	20.16	12.32	15.68	26.88	26.88	25.76	15.68	16.80	25.76	25.76	19.04	30.24	28.00	19.04	15.68	15.68	30.24	22.40	20.16	25.76	25.76	13.44	14.56	13.44	13.44	17.92	13.44	14.56	21.28	12.32	21.28	12.32	21.28	26.88	28.00	25.76	14.56	33.60	28.00	26.88	16.80	16.80	22.40	20.16	23.52	30.24	21.28	22.40	30.24	16.80	21.28	21.28	32.48	16.80	13.44	33.60	20.16	23.52	31.36	19.04	22.40	15.68	12.32	28.00	17.92	31.36	20.16	11.20	23.52	12.32	14.56	14.56	20.16	15.68	15.68	28.00	25.76	17.92	33.60	28.00	30.24	22.40	32.48	15.68	30.24	24.64	21.28	22.40	23.52	30.24	21.28	25.76	25.76	28.00	28.00	33.60	14.56	32.48	22.40	13.44	33.60	14.56	30.24	20.16	20.16	30.24	15.68	19.04	19.04	17.92	12.32	15.68	29.12	21.28	13.44	15.68	12.32	21.28	19.04	26.88	13.44	26.88	21.28	15.68	30.24	13.44	15.68	22.40	24.64	30.24	13.44	30.24	33.60	16.80	23.52	15.68	26.88	13.44	29.12	30.24	26.88	29.12	13.44	33.60	33.60	17.92	25.76	15.68	29.12	21.28	32.48	23.52	12.32	15.68	17.92	15.68	21.28	25.76	31.36	32.48	15.68	13.44	13.44	32.48	14.56	11.20	28.00	13.44	24.64	28.00	25.76	23.52	14.56	16.80	12.32	17.92	21.28	32.48	31.36	23.52	28.00	20.16	19.04	15.68	26.88	20.16	33.60	19.04	14.56	20.16	14.56	33.60	33.60	28.00	14.56	17.92	14.56	22.40	24.64	29.12	13.44	17.92	20.16	31.36	33.60	13.44	14.56	33.60	33.60	12.32	29.12	25.76	29.12	23.52	13.44	30.24	22.40	30.24	25.76	12.32	11.20	12.32	28.00	11.20	33.60	14.56	23.52	12.32	21.28	28.00	33.60	22.40	12.32	13.44	24.64	15.68	33.60	22.40	16.80	31.36	15.68	20.16	13.44	17.92	17.92	12.32	19.04	21.28	22.40	23.52	33.60	29.12	29.12	25.76	12.32	17.92	17.92	26.88	19.04	17.92	32.48	21.28	17.92	19.04	12.32	20.16	24.64	17.92	20.16	11.20	26.88	32.48	13.44	24.64	23.52	12.32	33.60	14.56	11.20	33.60	32.48	13.44	23.52	24.64	11.20	26.88	22.40	16.80	19.04	15.68	11.20	12.32	33.60	21.28	33.60	14.56	29.12	13.44	22.40	13.44	20.16	22.40	13.44	21.28	20.16	14.56	31.36	21.28	20.16	13.44	30.24	11.20	32.48	33.60	12.32	32.48	12.32	30.24	21.28	11.20	31.36	22.40	16.80	28.00	20.16	25.76	22.40	21.28	21.28	17.92	16.80	28.00	24.64	17.92	13.44	32.48	24.64	16.80	11.20	15.68	25.76	17.92	20.16	17.92	32.48	33.60	20.16	16.80	13.44	11.20	30.24	19.04	26.88	28.00	22.40	19.04	26.88	25.76	28.00	22.40	28.00	32.48	26.88	25.76	24.64	29.12	28.00	26.88	21.28	13.44	22.40	30.24	26.88	20.16	19.04	23.52	25.76	31.36	21.28	24.64	16.80	17.92	11.20	15.68	28.00	28.00	12.32	26.88	21.28	32.48	22.40	32.48	15.68	23.52	29.12	12.32	24.64	28.00	23.52	29.12	16.80	17.92	26.88	32.48	11.20	11.20	29.12	23.52	14.56	31.36	19.04	24.64	11.20	22.40	21.28	14.56	19.04	32.48	14.56	26.88	31.36	13.44	16.80	30.24	13.44	30.24	28.00	21.28	11.20	28.00	19.04	23.52	26.88	22.40	25.76	16.80	29.12	16.80	19.04	32.48	24.64	16.80	15.68	13.44	32.48	26.88	22.40	15.68	28.00	29.12	15.68	11.20	21.28	32.48	11.20	14.56	13.44	22.40	29.12	33.60	19.04	28.00	14.56	33.60	11.20	31.36	31.36	30.24	29.12	22.40	11.20	31.36	17.92	15.68	22.40	20.16	33.60	25.76	14.56	22.40	11.20	20.16	28.00	32.48	14.56	21.28	12.32	21.28	19.04	26.88	28.00	30.24	26.88	25.76	28.00	12.32	12.32	15.68	28.00	17.92	21.28	19.04	14.56	11.20	13.44	31.36	26.88	21.28	15.68	17.92	14.56	11.20	12.32	28.00	21.28	33.60	28.00	30.24	31.36	12.32	12.32	25.76	22.40	31.36	17.92	17.92	16.80	12.32	21.28	29.12	29.12	32.48	33.60	28.00	21.28	11.20	17.92	24.64	24.64	20.16	17.92	23.52	25.76	11.20	30.24	31.36	33.60	21.28	17.92	24.64	11.20	12.32	30.24	25.76	32.48	14.56	12.32	13.44	19.04	20.16	25.76	29.12	22.40	33.60	12.32	20.16	11.20	23.52	24.64	32.48	26.88	26.88	26.88	24.64	16.80	19.04	31.36	32.48	11.20	29.12	29.12	21.28	24.64	11.20	20.16	30.24	22.40	14.56	14.56	33.60	24.64	12.32	28.00	23.52	17.92	12.32	32.48	20.16	14.56	12.32	19.04	16.80	26.88	28.00	31.36	17.92	11.20	25.76	24.64	23.52	20.16	30.24	23.52	20.16	15.68	16.80	15.68	24.64	20.16	11.20	22.40	20.16	33.60	33.60	15.68	23.52	20.16	26.88	19.04	30.24	17.92	29.12	22.40	19.04	19.04	16.80	24.64	33.60	14.56	14.56	20.16	13.44	11.20	26.88	21.28	16.80	20.16	26.88	17.92	25.76	25.76	11.20	20.16	25.76	30.24	31.36	23.52	25.76	33.60	26.88	24.64	21.28	28.00	25.76	21.28	21.28	15.68	22.40	11.20	23.52	26.88	32.48	20.16	19.04	28.00	26.88	23.52	30.24	15.68	22.40	30.24	22.40	20.16	15.68	24.64	32.48	13.44	23.52	13.44	33.60	15.68	23.52	31.36	24.64	33.60	28.00	17.92	32.48	28.00	22.40	12.32	26.88	33.60	16.80	33.60	13.44	23.52	15.68	16.80	19.04	33.60	23.52	15.68	12.32	22.40	22.40	22.40	25.76	19.04	21.28	33.60	12.32	28.00	22.40	23.52	11.20	29.12	13.44	17.92	29.12	13.44	24.64	33.60	11.20	22.40	15.68	12.32	33.60	20.16	23.52	15.68	32.48	22.40	31.36	29.12	16.80	28.00	32.48	28.00	28.00	14.56	25.76	33.60	29.12	15.68	30.24	19.04	23.52	14.56	30.24	21.28	15.68	17.92	12.32	21.28	30.24	23.52	21.28	14.56	20.16	14.56	21.28	19.04	11.20	29.12	26.88	23.52	17.92	16.80	28.00	19.04	28.00	16.80	25.76	15.68	24.64	21.28	17.92	15.68	14.56	26.88	28.00	26.88	15.68	19.04	16.80	12.32	15.68	32.48	25.76	13.44	33.60	13.44	14.56	30.24	31.36	15.68	29.12	28.00	29.12	17.92	16.80	12.32	12.32	28.00	24.64	21.28	30.24	20.16	14.56	24.64	24.64	31.36	33.60	23.52	30.24	31.36	21.28	14.56	17.92	12.32	17.92	24.64	33.60	17.92	21.28	14.56	19.04	22.40	26.88	25.76	13.44	13.44	23.52	31.36	26.88	19.04	11.20	12.32	12.32	20.16	33.60	25.76	23.52	19.04	14.56	16.80	29.12	31.36	33.60	33.60	22.40	20.16	14.56	20.16	14.56	23.52	21.28	31.36	31.36	24.64	32.48	31.36	28.00	28.00	13.44	31.36	32.48	33.60	13.44	17.92	14.56	16.80	14.56	13.44	13.44	17.92	21.28	13.44	29.12	29.12	15.68	30.24	16.80	31.36	24.64	17.92	15.68	29.12	19.04	13.44	24.64	20.16	13.44	17.92	19.04	14.56	11.20	22.40	13.44	26.88	25.76	17.92	17.92	26.88	23.52	20.16	19.04	21.28	14.56	28.00	21.28	26.88	21.28	13.44	19.04	30.24	30.24	28.00	14.56	11.20	32.48	14.56	11.20	20.16	19.04	12.32	13.44	11.20	22.40	14.56	25.76	14.56	28.00	14.56	20.16	14.56	13.44	22.40	26.88	14.56	21.28	16.80	12.32	20.16	30.24	24.64	29.12	26.88	32.48	30.24	21.28	15.68	23.52	22.40	11.20	24.64	29.12	20.16	29.12	32.48	25.76	30.24	19.04	12.32	22.40	16.80	30.24	16.80	17.92	24.64	11.20	23.52	16.80	22.40	26.88	12.32	14.56	25.76	24.64	20.16	15.68	16.80	16.80	29.12	19.04	32.48	22.40	24.64	26.88	23.52	32.48	19.04	22.40	11.20	28.00	23.52	28.00	15.68	32.48	17.92	19.04	29.12	12.32	23.52	29.12	17.92	17.92	29.12	11.20	23.52	13.44	11.20	21.28	15.68	21.28	13.44	20.16	19.04	11.20	22.40	31.36	12.32	12.32	23.52	33.60	28.00	11.20	31.36	11.20	32.48	23.52	31.36	20.16	17.92	15.68	16.80	29.12	22.40	17.92	25.76	29.12	15.68	32.48	19.04	20.16	29.12	28.00	16.80	19.04	14.56	20.16	11.20	28.00	13.44	28.00	12.32	17.92	31.36	26.88	22.40	25.76	24.64	22.40	25.76	17.92	26.88	21.28	14.56	17.92	28.00	12.32	25.76	32.48	13.44	25.76	22.40	13.44	31.36	20.16	30.24	24.64	17.92	11.20	26.88	33.60	14.56	19.04	32.48	24.64	12.32	14.56	22.40	24.64	32.48	25.76	17.92	32.48	17.92	33.60	29.12	17.92	24.64	19.04	22.40	29.12	19.04	24.64	21.28	11.20	22.40	15.68	15.68	28.00	26.88	29.12	14.56	24.64	30.24	24.64	30.24	14.56	15.68	17.92	16.80	20.16	33.60	31.36	16.80	29.12	29.12	19.04	13.44	26.88	33.60	24.64	17.92	13.44	25.76	29.12	31.36	31.36	19.04	23.52	19.04	28.00	11.20	20.16	16.80	15.68	22.40	22.40	13.44	24.64	31.36	30.24	31.36	13.44	16.80	17.92	21.28	21.28	21.28	17.92	21.28	12.32	19.04	33.60	14.56	17.92	33.60	33.60	29.12	23.52	30.24	33.60	19.04	16.80	13.44	16.80	16.80	11.20	19.04	17.92	31.36	33.60	23.52	17.92	15.68	31.36	16.80	21.28	12.32	24.64	20.16	11.20	23.52	20.16	29.12	23.52	22.40	20.16	30.24	13.44	25.76	26.88	32.48	28.00	23.52	13.44	29.12	23.52	24.64	19.04	21.28	11.20	33.60	12.32	22.40	23.52	26.88	30.24	25.76	31.36	30.24	33.60	22.40	21.28	16.80	15.68	14.56	16.80	25.76	25.76	25.76	28.00	21.28	14.56	28.00	25.76	30.24	28.00	19.04	30.24	22.40	32.48	14.56	32.48	30.24	28.00	23.52	14.56	31.36	23.52	12.32	26.88	33.60	20.16	26.88	11.20	17.92	31.36	20.16	15.68	16.80	32.48	11.20	23.52	32.48	25.76	15.68	26.88	21.28	28.00	30.24	26.88	28.00	26.88	25.76	11.20	20.16	19.04	17.92	28.00	11.20	24.64	21.28	21.28	20.16	23.52	12.32	15.68	31.36	25.76	30.24	22.40	21.28	33.60	29.12	14.56	21.28	15.68	19.04	22.40	28.00	23.52	15.68	28.00	11.20	28.00	30.24	33.60	32.48	29.12	31.36	26.88	33.60	19.04	31.36	31.36	31.36	17.92	15.68	21.28	22.40	17.92	19.04	24.64	15.68	28.00	30.24	17.92	17.92	29.12	16.80	17.92	21.28	17.92	14.56	24.64	19.04	22.40	33.60	26.88	20.16	13.44	20.16	32.48	22.40	29.12	32.48	33.60	30.24	22.40	33.60	28.00	28.00	28.00	24.64	23.52	26.88	15.68	13.44	21.28	25.76	25.76	29.12	15.68	16.80	23.52	23.52	11.20	21.28	15.68	28.00	17.92	21.28	17.92	17.92	13.44	25.76	33.60	21.28	19.04	23.52	15.68	11.20	33.60	14.56	33.60	11.20	11.20	12.32	11.20	16.80	24.64	22.40	17.92	33.60	32.48	21.28	26.88	22.40	29.12	11.20	17.92	26.88	22.40	12.32	22.40	13.44	28.00	19.04	12.32	22.40	31.36	29.12	25.76	14.56	15.68	13.44	11.20	33.60	16.80	26.88	14.56	19.04	17.92	32.48	32.48	25.76	23.52	17.92	13.44	12.32	30.24	15.68	22.40	29.12	33.60	21.28	30.24	16.80	33.60	20.16	26.88	30.24	15.68	20.16	24.64	32.48	33.60	16.80	30.24	32.48	19.04	21.28	16.80	25.76	16.80	17.92	20.16	19.04	17.92	21.28	22.40	16.80	25.76	28.00	25.76	12.32	20.16	24.64	21.28	14.56	12.32	13.44	33.60	32.48	28.00	23.52	11.20	20.16	15.68	16.80	30.24	13.44	13.44	21.28	26.88	33.60	14.56	26.88	23.52	22.40	30.24	13.44	20.16	23.52	25.76	14.56	25.76	31.36	21.28	20.16	12.32	12.32	13.44	29.12	28.00	28.00	30.24	28.00	17.92	16.80	24.64	25.76	31.36	12.32	26.88	29.12	28.00	26.88	26.88	25.76	30.24	20.16	14.56	16.80	13.44	15.68	13.44	19.04	16.80	24.64	15.68	12.32	12.32	23.52	29.12	25.76	11.20	21.28	16.80	33.60	29.12	20.16	30.24	28.00	33.60	21.28	24.64	19.04	29.12	17.92	26.88	31.36	11.20	19.04	19.04	14.56	11.20	33.60	31.36	14.56	30.24	26.88	15.68	29.12	13.44	28.00	26.88	13.44	20.16	23.52	22.40	13.44	31.36	23.52	12.32	20.16	20.16	22.40	23.52	20.16	13.44	23.52	17.92	23.52	26.88	30.24	13.44	24.64	15.68	16.80	30.24	24.64	11.20	30.24	11.20	21.28	32.48	13.44	26.88	28.00	24.64	19.04	32.48	29.12	11.20	24.64	28.00	23.52	17.92	23.52	12.32	19.04	25.76	19.04	33.60	29.12	29.12	15.68	17.92	24.64	21.28	14.56	22.40	12.32	31.36	11.20	22.40	29.12	33.60	21.28	21.28	11.20	26.88	33.60	31.36	12.32	17.92	15.68	12.32	12.32	32.48	15.68	13.44	22.40	24.64	32.48	30.24	31.36	12.32	11.20	15.68	13.44	33.60	16.80	23.52	14.56	31.36	29.12	15.68	11.20	25.76	12.32	26.88	15.68	17.92	15.68	26.88	22.40	32.48	31.36	28.00	28.00	25.76	13.44	11.20	15.68	30.24	24.64	17.92	20.16	19.04	13.44	25.76	23.52	30.24	30.24	14.56	24.64	29.12	22.40	22.40	30.24	17.92	32.48	17.92	12.32	33.60	19.04	15.68	25.76	28.00	30.24	30.24	30.24	28.00	29.12	29.12	21.28	30.24	17.92	29.12	29.12	13.44	25.76	24.64	29.12	32.48	29.12	21.28	21.28	31.36	20.16	33.60	22.40	32.48	15.68	12.32	15.68	22.40	24.64	20.16	20.16	14.56	23.52	20.16	15.68	24.64	12.32	23.52	14.56	28.00	11.20	24.64	14.56	13.44	24.64	16.80	29.12	17.92	32.48	20.16	24.64	13.44	12.32	33.60	20.16	33.60	31.36	25.76	14.56	15.68	12.32	21.28	26.88	30.24	16.80	28.00	23.52	25.76	26.88	33.60	16.80	17.92	15.68	26.88	19.04	33.60	29.12	28.00	31.36	14.56	31.36	15.68	28.00	12.32	14.56	30.24	17.92	21.28	28.00	17.92	13.44	14.56	17.92	26.88	31.36	13.44	33.60	32.48	31.36	28.00	30.24	15.68	26.88	28.00	30.24	15.68	19.04	16.80	33.60	15.68	23.52	14.56	26.88	24.64	21.28	16.80	25.76	14.56	16.80	20.16	21.28	20.16	11.20	26.88	20.16	17.92	30.24	28.00	19.04	20.16	28.00	21.28	15.68	28.00	24.64	23.52	14.56	25.76	21.28	17.92	23.52	14.56	11.20	24.64	32.48	31.36	13.44	25.76	11.20	22.40	33.60	32.48	19.04	32.48	12.32	29.12	29.12	23.52	16.80	29.12	33.60	32.48	15.68	23.52	30.24	31.36	19.04	19.04	16.80	17.92	31.36	14.56	24.64	14.56	20.16	29.12	13.44	17.92	24.64	31.36	15.68	28.00	19.04	16.80	13.44	13.44	16.80	22.40	33.60	33.60	30.24	16.80	11.20	12.32	26.88	32.48	14.56	12.32	24.64	30.24	31.36	30.24	23.52	33.60	13.44	28.00	31.36	20.16	17.92	23.52	26.88	29.12	32.48	11.20	11.20	16.80	15.68	11.20	23.52	33.60	25.76	17.92	20.16	15.68	28.00	31.36	14.56	19.04	17.92	19.04	19.04	25.76	12.32	12.32	28.00	15.68	32.48	24.64	32.48	25.76	33.60	22.40	31.36	16.80	32.48	24.64	21.28	11.20	25.76	25.76	26.88	31.36	26.88	25.76	23.52	13.44	14.56	25.76	20.16	12.32	23.52	22.40	23.52	12.32	17.92	21.28	15.68	11.20	25.76	16.80	32.48	23.52	16.80	31.36	24.64	31.36	19.04	16.80	29.12	31.36	25.76	28.00	20.16	20.16	11.20	12.32	12.32	29.12	30.24	16.80	12.32	25.76	23.52	22.40	20.16	11.20	31.36	13.44	25.76	14.56	33.60	13.44	12.32	24.64	30.24	16.80	17.92	28.00	12.32	28.00	11.20	25.76	24.64	31.36	13.44	28.00	16.80	22.40	21.28	30.24	12.32	13.44	21.28	22.40	23.52	11.20	11.20	20.16	17.92	29.12	29.12	11.20	21.28	31.36	29.12	16.80	14.56	12.32	23.52	12.32	24.64	21.28	16.80	29.12	23.52	28.00	12.32	26.88	15.68	21.28	13.44	19.04	11.20	24.64	25.76	28.00	16.80	21.28	11.20	16.80	30.24	11.20	22.40	17.92	25.76	17.92	21.28	16.80	28.00	25.76	31.36	29.12	29.12	21.28	30.24	19.04	24.64	25.76	16.80	25.76	16.80	23.52	25.76	24.64	26.88	17.92	21.28	23.52	24.64	17.92	12.32	17.92	33.60	23.52	20.16	28.00	17.92	11.20	28.00	26.88	31.36	20.16	11.20	19.04	26.88	26.88	21.28	25.76	23.52	28.00	17.92	16.80	30.24	24.64	17.92	13.44	23.52	28.00	14.56	21.28	13.44	31.36	32.48	25.76	24.64	26.88	12.32	11.20	20.16	23.52	21.28	16.80	17.92	12.32	15.68	25.76	33.60	22.40	19.04	29.12	12.32	19.04	21.28	23.52	15.68	21.28	25.76	24.64	25.76	30.24	32.48	14.56	30.24	14.56	32.48	32.48	15.68	13.44	28.00	24.64	21.28	20.16	12.32	31.36	12.32	23.52	11.20	17.92	32.48	22.40	15.68	13.44	24.64	25.76	20.16	29.12	16.80	12.32	13.44	31.36	20.16	30.24	30.24	22.40	13.44	33.60	33.60	31.36	19.04	28.00	21.28	26.88	29.12	32.48	13.44	19.04	32.48	14.56	31.36	19.04	13.44	29.12	22.40	12.32	19.04	26.88	23.52	17.92	20.16	22.40	17.92	29.12	29.12	21.28	17.92	17.92	15.68	22.40	12.32	33.60	20.16	12.32	16.80	16.80	11.20	13.44	26.88	22.40	25.76	21.28	19.04	13.44	15.68	19.04	23.52	28.00	25.76	16.80	16.80	25.76	13.44	15.68	31.36	19.04	15.68	16.80	16.80	19.04	33.60	29.12	28.00	12.32	12.32	32.48	23.52	24.64	12.32	25.76	31.36	20.16	12.32	15.68	15.68	16.80	20.16	33.60	24.64	25.76	24.64	26.88	29.12	16.80	15.68	26.88	17.92	24.64	31.36	25.76	11.20	23.52	20.16	15.68	30.24	11.20	25.76	29.12	29.12	29.12	29.12	33.60	23.52	16.80	30.24	21.28	19.04	28.00	33.60	31.36	21.28	20.16	30.24	30.24	25.76	31.36	23.52	33.60	33.60	22.40	12.32	28.00	19.04	31.36	12.32	19.04	16.80	33.60	12.32	15.68	33.60	16.80	14.56	24.64	21.28	25.76	16.80	31.36	24.64	33.60	33.60	31.36	23.52	25.76	19.04	11.20	13.44	25.76	11.20	11.20	26.88	29.12	21.28	30.24	20.16	29.12	13.44	28.00	12.32	20.16	23.52	26.88	25.76	25.76	25.76	14.56	21.28	13.44	20.16	29.12	21.28	21.28	30.24	29.12	12.32	32.48	29.12	28.00	22.40	20.16	26.88	33.60	33.60	13.44	16.80	31.36	11.20	19.04	25.76	29.12	14.56	23.52	32.48	13.44	13.44	33.60	30.24	12.32	31.36	23.52	28.00	31.36	24.64	14.56	31.36	32.48	12.32	30.24	13.44	32.48	19.04	20.16	11.20	32.48	24.64	26.88	12.32	14.56	17.92	20.16	11.20	25.76	15.68	11.20	15.68	15.68	16.80	12.32	26.88	11.20	29.12	19.04	28.00	31.36	21.28	21.28	17.92	21.28	28.00	30.24	32.48	16.80	19.04	12.32	24.64	29.12	16.80	26.88	11.20	23.52	20.16	13.44	16.80	33.60	32.48	20.16	28.00	28.00	21.28	15.68	19.04	23.52	30.24	14.56	31.36	23.52	22.40	17.92	23.52	33.60	30.24	12.32	26.88	30.24	26.88	26.88	19.04	17.92	31.36	33.60	17.92	21.28	16.80	13.44	33.60	24.64	32.48	15.68	22.40	22.40	29.12	16.80	31.36	32.48	23.52	16.80	25.76	11.20	26.88	20.16	33.60	13.44	33.60	24.64	15.68	25.76	33.60	22.40	26.88	15.68	13.44	31.36	33.60	33.60	23.52	30.24	11.20	19.04	32.48	25.76	33.60	23.52	33.60	14.56	28.00	20.16	22.40	12.32	11.20	12.32	33.60	30.24	26.88	19.04	28.00	14.56	11.20	11.20	11.20	15.68	14.56	12.32	33.60	33.60	25.76	24.64	28.00	19.04	29.12	12.32	29.12	12.32	29.12	25.76	22.40	25.76	12.32	17.92	21.28	12.32	15.68	14.56	26.88	30.24	24.64	15.68	23.52	19.04	23.52	12.32	15.68	11.20	11.20	23.52	12.32	26.88	17.92	19.04	26.88	26.88	14.56	32.48	33.60	19.04	33.60	33.60	24.64	20.16	17.92	22.40	26.88	28.00	25.76	25.76	14.56	33.60	14.56	28.00	20.16	32.48	12.32	17.92	19.04	33.60	33.60	28.00	33.60	24.64	21.28	26.88	16.80	14.56	19.04	14.56	14.56	20.16	28.00	32.48	33.60	32.48	29.12	26.88	21.28	12.32	25.76	23.52	24.64	15.68	31.36	17.92	28.00	16.80	33.60	32.48	32.48	21.28	31.36	17.92	13.44	14.56	12.32	14.56	28.00	13.44	12.32	11.20	25.76	12.32	25.76	25.76	19.04	17.92	19.04	31.36	12.32	21.28	29.12	31.36	24.64	33.60	28.00	23.52	33.60	19.04	11.20	31.36	24.64	29.12	24.64	17.92	20.16	29.12	13.44	21.28	30.24	33.60	32.48	20.16	14.56	24.64	11.20	32.48	23.52	14.56	20.16	28.00	21.28	13.44	30.24	14.56	28.00	21.28	33.60	29.12	23.52	20.16	32.48	17.92	26.88	11.20	33.60	29.12	13.44	19.04	17.92	22.40	13.44	25.76	33.60	29.12	13.44	19.04	12.32	14.56	21.28	17.92	33.60	26.88	23.52	24.64	28.00	26.88	31.36	23.52	30.24	32.48	15.68	16.80	14.56	22.40	28.00	11.20	12.32	31.36	20.16	12.32	32.48	23.52	21.28	12.32	26.88	32.48	31.36	22.40	30.24	21.28	33.60	33.60	13.44	23.52	22.40	11.20	33.60	30.24	28.00	28.00	21.28	20.16	13.44	30.24	14.56	31.36	12.32	30.24	26.88	31.36	12.32	32.48	26.88	12.32	17.92	12.32	25.76	19.04	30.24	24.64	13.44	15.68	16.80	22.40	28.00	14.56	13.44	28.00	19.04	24.64	20.16	12.32	32.48	33.60	13.44	11.20	24.64	14.56	15.68	31.36	22.40	23.52	13.44	21.28	25.76	16.80	17.92	31.36	13.44	32.48	26.88	12.32	23.52	29.12	17.92	13.44	31.36	16.80	28.00	28.00	23.52	29.12	31.36	32.48	22.40	28.00	20.16	19.04	16.80	29.12	15.68	13.44	17.92	26.88	12.32	33.60	21.28	32.48	31.36	23.52	21.28	21.28	13.44	12.32	23.52	13.44	19.04	16.80	33.60	19.04	25.76	11.20	31.36	14.56	22.40	15.68	11.20	
22.40	28.00	28.00	23.52	14.56	12.32	16.80	33.60	13.44	33.60	22.40	23.52	32.48	19.04	32.48	20.16	21.28	12.32	15.68	13.44	32.48	29.12	29.12	22.40	33.60	24.64	20.16	17.92	21.28	31.36	24.64	13.44	19.04	25.76	15.68	30.24	31.36	17.92	32.48	31.36	28.00	13.44	14.56	11.20	14.56	12.32	19.04	17.92	32.48	22.40	15.68	14.56	31.36	19.04	33.60	25.76	12.32	21.28	26.88	23.52	16.80	16.80	15.68	33.60	23.52	17.92	20.16	11.20	13.44	17.92	31.36	26.88	33.60	32.48	25.76	17.92	21.28	21.28	24.64	24.64	14.56	19.04	20.16	11.20	31.36	15.68	23.52	14.56	25.76	19.04	22.40	29.12	23.52	16.80	31.36	33.60	14.56	17.92	32.48	30.24	19.04	28.00	17.92	17.92	22.40	23.52	31.36	23.52	26.88	28.00	23.52	22.40	12.32	22.40	30.24	16.80	30.24	23.52	23.52	12.32	11.20	11.20	29.12	29.12	11.20	30.24	20.16	28.00	24.64	16.80	14.56	22.40	17.92	30.24	21.28	32.48	16.80	14.56	26.88	19.04	13.44	22.40	16.80	26.88	20.16	31.36	23.52	26.88	11.20	31.36	24.64	13.44	16.80	13.44	12.32	21.28	31.36	17.92	15.68	23.52	25.76	26.88	25.76	16.80	29.12	16.80	16.80	24.64	23.52	28.00	19.04	17.92	24.64	26.88	32.48	33.60	14.56	28.00	17.92	29.12	25.76	20.16	21.28	28.00	20.16	23.52	33.60	14.56	26.88	32.48	20.16	23.52	23.52	15.68	15.68	17.92	17.92	15.68	17.92	32.48	23.52	22.40	13.44	11.20	28.00	23.52	11.20	14.56	14.56	26.88	13.44	32.48	30.24	16.80	22.40	32.48	15.68	17.92	32.48	14.56	25.76	13.44	20.16	32.48	15.68	16.80	12.32	24.64	15.68	15.68	19.04	12.32	21.28	22.40	15.68	21.28	17.92	23.52	17.92	25.76	20.16	14.56	20.16	29.12	23.52	30.24	24.64	12.32	19.04	33.60	11.20	26.88	23.52	25.76	12.32	24.64	13.44	22.40	13.44	33.60	31.36	28.00	28.00	26.88	24.64	19.04	12.32	13.44	12.32	12.32	29.12	26.88	11.20	30.24	26.88	20.16	29.12	15.68	21.28	26.88	13.44	33.60	30.24	13.44	28.00	25.76	30.24	16.80	24.64	15.68	13.44	22.40	26.88	12.32	24.64	32.48	32.48	19.04	26.88	28.00	23.52	22.40	26.88	15.68	32.48	31.36	32.48	20.16	23.52	24.64	16.80	32.48	17.92	11.20	24.64	33.60	31.36	21.28	33.60	19.04	33.60	31.36	33.60	19.04	14.56	20.16	31.36	31.36	30.24	33.60	11.20	17.92	13.44	25.76	15.68	32.48	12.32	30.24	22.40	14.56	12.32	13.44	21.28	20.16	33.60	19.04	24.64	20.16	21.28	12.32	32.48	22.40	20.16	22.40	11.20	11.20	13.44	25.76	20.16	12.32	32.48	12.32	13.44	28.00	32.48	13.44	22.40	16.80	19.04	16.80	30.24	23.52	19.04	16.80	33.60	22.40	21.28	14.56	14.56	31.36	11.20	29.12	29.12	13.44	30.24	17.92	17.92	20.16	23.52	24.64	31.36	29.12	29.12	33.60	33.60	22.40	14.56	22.40	31.36	13.44	12.32	28.00	12.32	29.12	19.04	14.56	17.92	30.24	22.40	30.24	32.48	19.04	33.60	33.60	15.68	15.68	32.48	13.44	24.64	19.04	15.68	14.56	28.00	28.00	31.36	13.44	29.12	30.24	25.76	17.92	25.76	22.40	26.88	11.20	17.92	25.76	14.56	22.40	29.12	21.28	11.20	31.36	30.24	12.32	12.32	25.76	29.12	26.88	22.40	25.76	30.24	15.68	16.80	12.32	16.80	23.52	23.52	23.52	32.48	29.12	26.88	26.88	25.76	25.76	14.56	13.44	21.28	24.64	16.80	17.92	26.88	16.80	13.44	14.56	15.68	17.92	30.24	29.12	21.28	20.16	30.24	16.80	31.36	24.64	31.36	29.12	23.52	14.56	26.88	21.28	15.68	19.04	28.00	23.52	21.28	26.88	24.64	23.52	25.76	13.44	19.04	30.24	31.36	31.36	32.48	26.88	33.60	23.52	23.52	20.16	25.76	11.20	15.68	22.40	24.64	21.28	33.60	31.36	24.64	32.48	25.76	13.44	28.00	25.76	13.44	16.80	22.40	33.60	22.40	29.12	14.56	25.76	20.16	32.48	33.60	12.32	29.12	13.44	28.00	16.80	14.56	29.12	32.48	19.04	29.12	24.64	24.64	19.04	16.80	21.28	19.04	12.32	13.44	25.76	23.52	24.64	31.36	13.44	30.24	28.00	15.68	26.88	11.20	22.40	26.88	17.92	12.32	23.52	14.56	30.24	26.88	30.24	12.32	30.24	23.52	11.20	15.68	12.32	30.24	15.68	22.40	11.20	15.68	24.64	15.68	11.20	32.48	29.12	21.28	33.60	25.76	29.12	28.00	21.28	24.64	31.36	22.40	23.52	26.88	19.04	15.68	12.32	32.48	15.68	21.28	24.64	22.40	15.68	22.40	25.76	16.80	14.56	15.68	30.24	30.24	12.32	15.68	28.00	20.16	22.40	12.32	20.16	11.20	13.44	24.64	17.92	23.52	23.52	20.16	15.68	17.92	28.00	17.92	31.36	26.88	25.76	20.16	20.16	12.32	23.52	24.64	14.56	11.20	14.56	31.36	23.52	23.52	19.04	21.28	13.44	22.40	13.44	23.52	33.60	31.36	23.52	22.40	19.04	24.64	15.68	13.44	20.16	22.40	33.60	22.40	26.88	11.20	28.00	24.64	16.80	17.92	29.12	29.12	22.40	20.16	14.56	30.24	19.04	26.88	31.36	22.40	20.16	25.76	20.16	30.24	26.88	31.36	13.44	14.56	12.32	29.12	29.12	12.32	14.56	23.52	33.60	11.20	23.52	15.68	24.64	33.60	22.40	24.64	29.12	17.92	16.80	14.56	26.88	21.28	23.52	31.36	15.68	28.00	12.32	20.16	21.28	14.56	22.40	19.04	30.24	20.16	31.36	32.48	15.68	32.48	13.44	30.24	21.28	12.32	15.68	19.04	15.68	14.56	33.60	32.48	25.76	16.80	14.56	29.12	30.24	14.56	28.00	33.60	21.28	11.20	14.56	23.52	20.16	22.40	28.00	11.20	13.44	19.04	11.20	12.32	11.20	28.00	15.68	30.24	21.28	26.88	19.04	28.00	12.32	24.64	21.28	21.28	22.40	23.52	17.92	14.56	15.68	14.56	19.04	25.76	15.68	24.64	28.00	17.92	17.92	26.88	17.92	11.20	29.12	14.56	28.00	19.04	33.60	12.32	26.88	14.56	32.48	13.44	28.00	30.24	28.00	24.64	13.44	17.92	13.44	19.04	31.36	12.32	11.20	24.64	14.56	19.04	25.76	11.20	33.60	25.76	31.36	33.60	12.32	21.28	20.16	30.24	20.16	21.28	24.64	31.36	30.24	15.68	14.56	30.24	21.28	26.88	31.36	15.68	32.48	19.04	28.00	32.48	13.44	11.20	25.76	17.92	14.56	12.32	13.44	19.04	26.88	11.20	29.12	16.80	32.48	13.44	22.40	19.04	21.28	25.76	25.76	31.36	22.40	19.04	16.80	30.24	12.32	28.00	28.00	22.40	22.40	28.00	22.40	29.12	17.92	23.52	33.60	11.20	19.04	22.40	30.24	12.32	26.88	30.24	19.04	31.36	17.92	28.00	15.68	17.92	26.88	19.04	26.88	31.36	29.12	32.48	20.16	15.68	25.76	16.80	32.48	31.36	22.40	11.20	11.20	24.64	11.20	29.12	28.00	29.12	23.52	24.64	28.00	14.56	17.92	24.64	26.88	24.64	30.24	25.76	16.80	22.40	24.64	32.48	21.28	21.28	20.16	13.44	15.68	21.28	28.00	31.36	31.36	30.24	11.20	24.64	25.76	28.00	29.12	25.76	14.56	22.40	20.16	14.56	29.12	17.92	33.60	23.52	20.16	16.80	29.12	30.24	15.68	19.04	15.68	24.64	28.00	14.56	28.00	26.88	24.64	26.88	14.56	28.00	33.60	32.48	31.36	29.12	32.48	12.32	29.12	14.56	30.24	19.04	26.88	29.12	11.20	11.20	24.64	22.40	30.24	31.36	33.60	20.16	32.48	19.04	31.36	16.80	22.40	17.92	26.88	22.40	33.60	22.40	22.40	26.88	16.80	24.64	11.20	20.16	22.40	28.00	14.56	29.12	30.24	30.24	24.64	12.32	28.00	28.00	19.04	29.12	28.00	26.88	12.32	21.28	19.04	11.20	19.04	33.60	30.24	19.04	26.88	31.36	28.00	25.76	31.36	15.68	16.80	21.28	31.36	31.36	26.88	22.40	12.32	12.32	19.04	13.44	16.80	11.20	14.56	28.00	13.44	14.56	33.60	19.04	24.64	15.68	21.28	14.56	21.28	23.52	26.88	12.32	33.60	14.56	21.28	13.44	31.36	20.16	25.76	23.52	21.28	16.80	14.56	25.76	33.60	29.12	24.64	15.68	33.60	11.20	12.32	17.92	32.48	19.04	14.56	21.28	22.40	21.28	21.28	17.92	11.20	29.12	19.04	30.24	29.12	12.32	11.20	11.20	16.80	26.88	16.80	19.04	16.80	22.40	21.28	32.48	20.16	24.64	33.60	31.36	25.76	30.24	22.40	29.12	33.60	24.64	16.80	16.80	13.44	11.20	15.68	11.20	16.80	23.52	12.32	24.64	25.76	29.12	21.28	13.44	31.36	17.92	14.56	31.36	25.76	26.88	17.92	14.56	15.68	31.36	21.28	25.76	19.04	24.64	26.88	13.44	16.80	26.88	29.12	33.60	16.80	16.80	21.28	13.44	12.32	28.00	16.80	16.80	19.04	25.76	11.20	15.68	16.80	20.16	21.28	19.04	24.64	14.56	33.60	24.64	13.44	19.04	14.56	33.60	23.52	25.76	21.28	23.52	29.12	23.52	31.36	21.28	17.92	16.80	24.64	33.60	20.16	30.24	16.80	31.36	33.60	11.20	23.52	30.24	22.40	17.92	23.52	33.60	11.20	28.00	29.12	17.92	21.28	16.80	21.28	25.76	33.60	25.76	19.04	20.16	33.60	23.52	15.68	21.28	25.76	25.76	12.32	21.28	24.64	16.80	28.00	30.24	16.80	23.52	26.88	15.68	32.48	14.56	14.56	26.88	19.04	19.04	20.16	24.64	31.36	20.16	28.00	17.92	15.68	15.68	13.44	19.04	33.60	29.12	17.92	22.40	32.48	22.40	11.20	24.64	12.32	33.60	14.56	11.20	12.32	19.04	25.76	24.64	11.20	19.04	28.00	33.60	22.40	26.88	13.44	16.80	21.28	30.24	30.24	16.80	17.92	21.28	12.32	24.64	30.24	15.68	22.40	32.48	32.48	13.44	11.20	29.12	13.44	14.56	28.00	15.68	28.00	33.60	12.32	20.16	26.88	20.16	24.64	14.56	32.48	29.12	14.56	16.80	25.76	21.28	25.76	16.80	22.40	14.56	20.16	17.92	25.76	30.24	13.44	22.40	11.20	16.80	13.44	24.64	20.16	32.48	19.04	11.20	29.12	20.16	15.68	13.44	19.04	21.28	12.32	17.92	29.12	12.32	28.00	23.52	19.04	29.12	32.48	21.28	19.04	15.68	25.76	32.48	22.40	23.52	31.36	26.88	28.00	30.24	33.60	16.80	33.60	14.56	13.44	16.80	19.04	16.80	12.32	17.92	24.64	30.24	30.24	21.28	20.16	17.92	20.16	22.40	16.80	21.28	22.40	12.32	33.60	33.60	21.28	33.60	28.00	24.64	13.44	15.68	19.04	30.24	23.52	30.24	33.60	19.04	21.28	22.40	31.36	28.00	22.40	16.80	15.68	23.52	11.20	12.32	29.12	12.32	11.20	12.32	24.64	20.16	19.04	15.68	17.92	28.00	29.12	12.32	33.60	33.60	20.16	22.40	30.24	28.00	15.68	31.36	30.24	32.48	15.68	17.92	26.88	11.20	22.40	17.92	22.40	21.28	29.12	30.24	25.76	19.04	19.04	31.36	30.24	13.44	33.60	21.28	33.60	23.52	22.40	17.92	24.64	28.00	28.00	22.40	28.00	26.88	15.68	12.32	19.04	16.80	14.56	20.16	28.00	19.04	11.20	29.12	17.92	16.80	21.28	19.04	33.60	24.64	19.04	31.36	28.00	24.64	15.68	26.88	12.32	31.36	29.12	14.56	21.28	31.36	29.12	12.32	13.44	14.56	25.76	16.80	12.32	23.52	31.36	23.52	11.20	11.20	22.40	12.32	29.12	13.44	19.04	23.52	20.16	30.24	30.24	28.00	11.20	19.04	31.36	15.68	19.04	26.88	17.92	21.28	19.04	32.48	11.20	14.56	23.52	28.00	29.12	15.68	12.32	22.40	32.48	16.80	33.60	11.20	19.04	17.92	30.24	24.64	26.88	17.92	29.12	20.16	19.04	19.04	25.76	33.60	22.40	12.32	22.40	30.24	26.88	23.52	28.00	11.20	12.32	25.76	17.92	24.64	15.68	13.44	17.92	29.12	13.44	33.60	26.88	11.20	16.80	33.60	15.68	25.76	23.52	17.92	32.48	28.00	33.60	22.40	29.12	29.12	15.68	28.00	25.76	23.52	26.88	32.48	15.68	16.80	32.48	24.64	20.16	15.68	14.56	20.16	26.88	32.48	23.52	28.00	13.44	17.92	22.40	13.44	31.36	22.40	17.92	30.24	13.44	30.24	22.40	14.56	24.64	15.68	12.32	25.76	17.92	22.40	19.04	21.28	16.80	17.92	31.36	12.32	21.28	16.80	24.64	30.24	16.80	24.64	31.36	25.76	29.12	28.00	24.64	33.60	24.64	21.28	23.52	20.16	13.44	30.24	29.12	31.36	32.48	13.44	21.28	21.28	14.56	12.32	25.76	13.44	20.16	31.36	15.68	16.80	15.68	26.88	22.40	29.12	26.88	25.76	23.52	11.20	16.80	19.04	19.04	16.80	20.16	29.12	28.00	14.56	32.48	19.04	32.48	24.64	17.92	28.00	26.88	29.12	28.00	13.44	17.92	14.56	29.12	12.32	30.24	25.76	26.88	13.44	22.40	13.44	31.36	24.64	14.56	25.76	13.44	33.60	12.32	26.88	13.44	19.04	29.12	33.60	15.68	16.80	28.00	15.68	28.00	28.00	16.80	25.76	20.16	14.56	20.16	25.76	21.28	20.16	12.32	20.16	21.28	24.64	17.92	32.48	25.76	29.12	19.04	32.48	23.52	25.76	14.56	11.20	28.00	29.12	19.04	25.76	29.12	23.52	12.32	31.36	24.64	21.28	19.04	26.88	25.76	32.48	17.92	29.12	13.44	16.80	32.48	21.28	19.04	14.56	28.00	22.40	23.52	12.32	12.32	17.92	30.24	23.52	26.88	30.24	28.00	24.64	22.40	15.68	30.24	16.80	19.04	24.64	30.24	26.88	26.88	29.12	16.80	23.52	16.80	25.76	26.88	29.12	31.36	14.56	33.60	13.44	29.12	30.24	24.64	17.92	22.40	11.20	30.24	28.00	14.56	30.24	33.60	14.56	29.12	22.40	11.20	32.48	15.68	11.20	16.80	26.88	11.20	19.04	20.16	29.12	29.12	26.88	20.16	13.44	19.04	29.12	17.92	25.76	29.12	23.52	33.60	19.04	30.24	17.92	20.16	29.12	28.00	19.04	22.40	19.04	28.00	16.80	16.80	17.92	33.60	32.48	16.80	16.80	21.28	25.76	11.20	29.12	32.48	25.76	11.20	22.40	12.32	33.60	16.80	16.80	15.68	24.64	29.12	31.36	23.52	26.88	13.44	23.52	12.32	32.48	17.92	12.32	23.52	15.68	12.32	15.68	23.52	31.36	30.24	22.40	33.60	28.00	14.56	29.12	19.04	12.32	21.28	28.00	24.64	12.32	19.04	22.40	19.04	17.92	12.32	22.40	20.16	20.16	22.40	16.80	13.44	12.32	14.56	31.36	16.80	32.48	24.64	32.48	23.52	20.16	31.36	33.60	25.76	30.24	31.36	31.36	33.60	25.76	26.88	23.52	20.16	33.60	26.88	16.80	11.20	25.76	31.36	20.16	19.04	22.40	23.52	23.52	15.68	20.16	21.28	21.28	26.88	12.32	12.32	16.80	22.40	31.36	17.92	25.76	13.44	30.24	19.04	28.00	12.32	13.44	11.20	33.60	16.80	12.32	23.52	20.16	31.36	15.68	30.24	20.16	20.16	13.44	31.36	29.12	11.20	17.92	29.12	21.28	17.92	15.68	11.20	32.48	24.64	23.52	14.56	33.60	23.52	28.00	26.88	32.48	30.24	17.92	19.04	20.16	24.64	16.80	26.88	13.44	33.60	22.40	12.32	31.36	33.60	26.88	14.56	19.04	23.52	23.52	26.88	17.92	26.88	25.76	22.40	11.20	25.76	15.68	25.76	14.56	23.52	16.80	11.20	17.92	12.32	12.32	11.20	25.76	21.28	30.24	16.80	16.80	13.44	11.20	17.92	28.00	22.40	21.28	26.88	16.80	16.80	11.20	32.48	31.36	16.80	29.12	33.60	32.48	31.36	13.44	20.16	13.44	32.48	16.80	14.56	12.32	26.88	22.40	32.48	17.92	22.40	26.88	23.52	11.20	13.44	21.28	16.80	29.12	11.20	16.80	26.88	33.60	14.56	31.36	33.60	32.48	20.16	16.80	31.36	26.88	19.04	14.56	19.04	17.92	26.88	23.52	16.80	14.56	17.92	30.24	24.64	24.64	26.88	11.20	31.36	19.04	32.48	23.52	13.44	29.12	22.40	13.44	12.32	30.24	31.36	30.24	14.56	19.04	20.16	13.44	30.24	23.52	24.64	28.00	25.76	16.80	16.80	11.20	26.88	23.52	31.36	23.52	13.44	13.44	28.00	19.04	25.76	16.80	25.76	28.00	33.60	21.28	19.04	12.32	12.32	24.64	17.92	12.32	17.92	33.60	12.32	17.92	33.60	25.76	12.32	16.80	17.92	19.04	19.04	28.00	24.64	33.60	12.32	17.92	26.88	33.60	23.52	20.16	12.32	17.92	22.40	21.28	19.04	29.12	12.32	19.04	24.64	21.28	33.60	16.80	26.88	19.04	20.16	20.16	19.04	13.44	26.88	21.28	13.44	11.20	28.00	31.36	26.88	28.00	22.40	26.88	31.36	12.32	23.52	22.40	25.76	15.68	32.48	23.52	14.56	11.20	19.04	20.16	19.04	11.20	28.00	22.40	25.76	12.32	14.56	11.20	16.80	22.40	19.04	28.00	17.92	23.52	20.16	17.92	16.80	32.48	14.56	19.04	24.64	32.48	29.12	20.16	30.24	31.36	17.92	12.32	20.16	28.00	12.32	20.16	21.28	13.44	20.16	17.92	13.44	21.28	24.64	33.60	14.56	25.76	19.04	28.00	28.00	11.20	29.12	24.64	30.24	29.12	19.04	16.80	17.92	13.44	32.48	21.28	22.40	23.52	19.04	16.80	31.36	33.60	24.64	13.44	32.48	33.60	32.48	28.00	15.68	19.04	16.80	33.60	30.24	15.68	15.68	32.48	28.00	13.44	20.16	19.04	16.80	32.48	30.24	32.48	25.76	23.52	24.64	16.80	23.52	15.68	28.00	17.92	33.60	17.92	25.76	26.88	28.00	15.68	20.16	21.28	11.20	33.60	29.12	14.56	15.68	28.00	23.52	23.52	15.68	33.60	15.68	33.60	31.36	19.04	26.88	28.00	14.56	24.64	26.88	12.32	29.12	25.76	28.00	16.80	28.00	14.56	28.00	32.48	28.00	31.36	14.56	33.60	26.88	30.24	15.68	32.48	23.52	29.12	26.88	16.80	17.92	17.92	19.04	23.52	22.40	32.48	17.92	17.92	13.44	17.92	25.76	25.76	20.16	31.36	12.32	26.88	26.88	32.48	17.92	17.92	26.88	17.92	14.56	19.04	26.88	22.40	11.20	22.40	12.32	11.20	29.12	17.92	20.16	29.12	30.24	20.16	11.20	11.20	23.52	21.28	12.32	31.36	21.28	31.36	21.28	31.36	28.00	17.92	23.52	16.80	16.80	15.68	28.00	22.40	20.16	15.68	31.36	21.28	14.56	15.68	24.64	22.40	12.32	26.88	12.32	29.12	11.20	14.56	23.52	12.32	26.88	24.64	24.64	32.48	33.60	26.88	32.48	20.16	17.92	32.48	16.80	20.16	32.48	14.56	15.68	28.00	33.60	24.64	14.56	32.48	11.20	26.88	32.48	17.92	11.20	12.32	25.76	15.68	30.24	20.16	16.80	14.56	26.88	17.92	13.44	21.28	30.24	31.36	16.80	16.80	33.60	30.24	24.64	20.16	14.56	33.60	30.24	23.52	29.12	23.52	23.52	26.88	11.20	15.68	28.00	32.48	14.56	31.36	22.40	13.44	31.36	32.48	26.88	19.04	16.80	17.92	20.16	15.68	15.68	17.92	16.80	28.00	32.48	32.48	28.00	20.16	24.64	31.36	28.00	16.80	14.56	16.80	23.52	14.56	31.36	11.20	24.64	17.92	24.64	19.04	15.68	23.52	11.20	28.00	33.60	22.40	12.32	16.80	22.40	19.04	13.44	12.32	12.32	23.52	32.48	32.48	28.00	31.36	11.20	32.48	15.68	23.52	12.32	14.56	30.24	33.60	11.20	20.16	25.76	28.00	23.52	33.60	13.44	26.88	30.24	22.40	26.88	14.56	12.32	28.00	21.28	29.12	32.48	19.04	19.04	22.40	19.04	15.68	12.32	30.24	28.00	17.92	22.40	25.76	28.00	26.88	24.64	11.20	17.92	15.68	11.20	28.00	14.56	25.76	20.16	16.80	11.20	25.76	15.68	17.92	17.92	23.52	30.24	32.48	17.92	11.20	16.80	29.12	32.48	12.32	24.64	23.52	25.76	30.24	20.16	31.36	29.12	15.68	30.24	31.36	28.00	12.32	15.68	28.00	22.40	12.32	12.32	23.52	21.28	13.44	23.52	24.64	11.20	19.04	15.68	13.44	31.36	33.60	31.36	17.92	24.64	31.36	28.00	33.60	26.88	24.64	12.32	19.04	33.60	12.32	20.16	33.60	17.92	15.68	30.24	22.40	26.88	24.64	15.68	20.16	15.68	22.40	26.88	19.04	17.92	30.24	15.68	30.24	33.60	14.56	14.56	26.88	24.64	30.24	14.56	16.80	23.52	26.88	20.16	21.28	21.28	13.44	33.60	17.92	26.88	26.88	30.24	12.32	20.16	29.12	16.80	16.80	25.76	21.28	28.00	28.00	31.36	19.04	20.16	23.52	28.00	13.44	15.68	14.56	30.24	23.52	12.32	22.40	28.00	11.20	12.32	19.04	22.40	26.88	28.00	16.80	31.36	24.64	30.24	22.40	12.32	33.60	14.56	16.80	21.28	17.92	30.24	15.68	26.88	13.44	26.88	17.92	33.60	33.60	28.00	21.28	20.16	20.16	16.80	31.36	17.92	11.20	16.80	26.88	30.24	14.56	14.56	21.28	12.32	19.04	23.52	29.12	25.76	30.24	21.28	20.16	31.36	28.00	32.48	14.56	29.12	23.52	11.20	28.00	29.12	24.64	15.68	20.16	11.20	28.00	33.60	26.88	14.56	21.28	16.80	23.52	29.12	15.68	13.44	15.68	31.36	32.48	32.48	19.04	31.36	32.48	21.28	17.92	31.36	13.44	17.92	21.28	21.28	13.44	17.92	28.00	21.28	19.04	22.40	19.04	14.56	16.80	24.64	24.64	15.68	13.44	21.28	26.88	15.68	33.60	29.12	21.28	12.32	32.48	11.20	28.00	32.48	26.88	22.40	15.68	31.36	28.00	22.40	30.24	21.28	11.20	23.52	26.88	23.52	32.48	22.40	22.40	20.16	28.00	17.92	28.00	16.80	32.48	30.24	15.68	23.52	22.40	12.32	24.64	22.40	11.20	26.88	32.48	19.04	12.32	23.52	11.20	28.00	28.00	11.20	15.68	24.64	25.76	22.40	33.60	21.28	12.32	20.16	31.36	15.68	24.64	31.36	17.92	13.44	20.16	33.60	26.88	33.60	17.92	33.60	29.12	11.20	32.48	32.48	17.92	11.20	19.04	25.76	23.52	22.40	17.92	29.12	13.44	16.80	20.16	22.40	26.88	20.16	16.80	15.68	32.48	23.52	32.48	14.56	28.00	31.36	30.24	15.68	17.92	12.32	32.48	31.36	26.88	15.68	15.68	32.48	26.88	19.04	13.44	26.88	28.00	22.40	15.68	22.40	24.64	13.44	12.32	25.76	30.24	25.76	25.76	21.28	17.92	17.92	17.92	13.44	12.32	33.60	24.64	21.28	31.36	24.64	21.28	15.68	32.48	19.04	25.76	29.12	25.76	28.00	22.40	22.40	29.12	23.52	19.04	19.04	22.40	19.04	23.52	30.24	17.92	24.64	28.00	26.88	33.60	16.80	30.24	16.80	16.80	20.16	25.76	15.68	29.12	33.60	12.32	25.76	19.04	23.52	13.44	30.24	30.24	12.32	31.36	32.48	25.76	16.80	14.56	31.36	15.68	12.32	25.76	11.20	16.80	16.80	17.92	23.52	26.88	26.88	20.16	17.92	31.36	16.80	32.48	20.16	21.28	29.12	21.28	22.40	16.80	14.56	22.40	29.12	21.28	28.00	12.32	17.92	32.48	11.20	15.68	30.24	33.60	24.64	21.28	25.76	19.04	29.12	26.88	13.44	24.64	28.00	13.44	23.52	30.24	16.80	21.28	32.48	20.16	22.40	19.04	13.44	24.64	11.20	19.04	22.40	31.36	22.40	15.68	25.76	26.88	31.36	33.60	14.56	26.88	19.04	20.16	13.44	26.88	14.56	14.56	30.24	22.40	32.48	26.88	26.88	22.40	28.00	24.64	19.04	12.32	14.56	24.64	21.28	13.44	32.48	11.20	15.68	32.48	20.16	24.64	21.28	21.28	13.44	12.32	29.12	21.28	21.28	26.88	14.56	11.20	22.40	16.80	16.80	31.36	29.12	28.00	22.40	15.68	23.52	29.12	17.92	24.64	22.40	
19.04	32.48	26.88	16.80	33.60	13.44	17.92	24.64	12.32	25.76	25.76	19.04	16.80	32.48	14.56	13.44	30.24	33.60	21.28	24.64	19.04	28.00	30.24	11.20	22.40	32.48	22.40	29.12	12.32	12.32	
20	19	20	13	20	17	17	18	18	20	20	11	11	11	17	10	10	10	10	20	16	14	11	13	20	13	14	11	12	15	20	19	12	18	13	15	15	20	17	13	15	14	10	12	17	17	14	11	13	15	10	16	20	16	11	19	19	13	18	14	18	19	16	13	19	18	13	20	11	14	12	18	15	19	15	13	10	15	16	20	19	17	16	17	10	11	19	17	13	12	13	10	19	19	11	18	11	19	14	16	19	11	15	13	12	16	15	11	13	17	16	18	12	10	11	18	13	11	11	12	18	19	13	12	19	16	15	16	18	10	16	15	13	14	14	16	18	11	14	12	14	16	13	12	12	18	11	20	17	18	18	10	20	15	13	12	11	17	19	12	19	17	14	19	20	19	10	19	11	10	11	17	17	13	12	16	17	15	12	17	19	16	19	11	12	13	11	17	18	16	15	11	18	10	13	11	12	12	15	12	15	19	17	17	11	13	11	16	12	19	12	17	14	17	16	14	19	19	13	11	18	20	20	14	15	10	13	19	13	13	16	12	15	17	13	10	16	10	16	18	10	19	10	13	16	11	20	10	15	16	19	12	10	19	15	15	11	20	13	19	12	19	15	10	10	14	11	10	10	11	17	11	20	17	18	10	19	17	19	11	13	20	11	18	19	18	12	15	17	16	16	17	12	17	14	17	14	19	19	11	12	19	17	18	18	20	16	16	11	15	13	17	11	20	19	17	10	16	18	10	12	18	10	17	15	12	17	19	10	14	16	13	20	20	16	15	16	18	10	16	15	20	18	16	16	17	13	11	11	16	10	20	20	20	15	16	20	16	20	13	13	11	16	16	16	15	13	12	11	10	13	14	12	16	16	15	19	19	17	18	16	15	12	20	10	20	19	16	16	20	19	15	17	17	17	14	12	16	10	14	18	16	18	17	14	19	20	19	14	12	17	12	10	13	14	15	11	14	11	12	20	13	19	17	14	12	10	10	11	17	20	15	20	11	19	12	12	19	10	11	14	15	19	17	15	15	18	12	12	15	15	20	11	20	13	16	16	13	11	14	18	18	18	10	17	19	15	20	12	20	16	19	15	18	16	10	13	12	15	12	18	13	14	20	16	15	11	15	12	10	16	16	12	20	17	11	18	14	11	15	11	11	13	13	17	11	16	20	11	13	16	10	20	18	20	12	11	18	18	11	12	17	12	17	13	17	13	20	11	16	15	18	19	19	20	19	13	16	13	17	17	10	14	10	20	19	18	10	19	13	15	16	17	19	17	14	15	12	17	20	12	20	14	18	15	11	16	11	15	15	13	19	20	17	20	19	19	11	17	16	19	10	14	15	20	14	15	16	19	16	14	11	14	16	13	12	15	11	16	16	20	15	17	10	12	16	11	17	18	17	12	16	10	15	20	11	10	12	14	10	13	12	12	19	13	18	18	16	18	12	10	19	13	12	15	10	19	16	20	11	10	12	15	16	19	10	15	11	20	12	16	17	12	19	19	14	17	14	15	17	18	16	16	13	17	18	12	17	10	18	20	15	16	12	19	14	13	13	11	12	20	11	18	17	19	13	20	11	12	15	20	16	20	11	20	18	16	14	20	19	13	20	18	18	13	20	15	15	19	20	14	14	14	10	12	17	16	13	11	14	16	12	18	14	17	12	17	14	12	10	10	19	11	15	20	12	13	20	19	20	13	14	19	15	17	15	13	13	15	12	20	16	16	19	13	12	11	20	18	14	12	18	13	12	14	11	20	16	13	20	11	12	14	11	10	19	13	19	20	12	20	11	16	16	10	18	11	13	11	14	10	17	15	12	10	20	19	16	16	14	12	17	10	14	19	18	15	17	20	15	17	19	16	10	10	17	11	13	17	14	20	20	11	18	13	18	16	12	14	20	20	15	20	18	13	10	15	15	12	20	17	14	10	11	16	10	19	14	16	15	14	16	12	17	13	20	14	13	11	19	20	18	14	12	13	20	15	18	16	11	20	11	11	10	18	15	18	16	14	11	20	15	16	11	16	17	13	18	17	17	15	12	12	15	10	15	15	13	16	12	12	14	10	20	18	14	19	13	20	11	19	18	18	11	18	18	11	20	15	16	18	17	18	11	10	18	16	17	19	17	18	10	15	13	12	11	19	15	14	10	15	12	13	19	16	17	15	10	12	19	10	11	10	13	12	14	20	20	12	19	14	18	17	15	17	15	15	16	20	12	16	20	13	12	13	20	10	16	11	18	10	17	11	10	17	14	20	17	17	19	15	18	12	17	17	16	18	20	11	11	14	10	11	13	15	18	14	14	16	20	14	14	14	20	11	10	16	16	12	11	11	12	16	11	15	17	14	20	10	14	17	12	17	17	20	11	16	14	16	19	10	16	20	18	15	15	12	16	11	16	16	19	11	16	20	12	13	20	11	11	12	14	20	10	19	10	19	10	17	11	13	13	12	14	18	13	16	15	15	12	19	18	13	10	18	12	11	18	18	12	11	10	15	19	17	11	16	13	16	17	11	20	15	16	14	18	19	20	11	15	12	11	18	12	18	20	19	14	11	17	16	15	12	16	10	16	16	14	15	11	20	13	11	16	19	11	12	16	12	13	20	19	12	20	19	12	13	13	11	11	10	15	20	13	16	15	16	13	20	18	10	15	15	17	13	19	17	10	16	16	18	13	18	19	12	13	16	20	13	18	11	17	20	15	18	16	19	20	14	18	16	15	12	12	19	18	18	14	17	19	10	14	20	12	11	16	12	20	18	15	19	14	17	19	18	19	10	12	10	12	13	14	11	15	18	16	12	19	20	17	12	18	15	19	18	14	18	10	16	13	16	13	12	18	10	10	16	13	11	16	20	18	13	14	10	14	11	18	10	12	17	11	17	10	12	18	15	10	16	12	10	15	11	20	17	18	12	20	20	18	16	20	15	18	14	20	20	15	14	19	18	17	14	12	19	15	11	18	14	13	12	19	18	17	18	11	16	10	13	16	20	16	20	15	20	20	20	10	12	19	20	16	20	13	10	17	20	18	17	12	11	10	16	15	20	19	16	18	16	18	13	16	11	20	15	13	20	11	20	10	20	10	10	15	10	19	11	18	10	16	12	11	11	17	14	11	19	12	12	13	11	14	15	18	20	12	20	16	17	11	18	17	19	12	17	18	18	13	12	16	18	11	13	20	20	18	11	13	18	12	18	16	14	10	16	18	16	20	18	11	18	11	19	19	19	13	12	19	16	20	20	13	18	14	11	19	15	12	17	14	17	20	10	12	11	10	20	12	14	10	18	10	18	14	20	18	20	15	15	13	20	15	20	15	17	18	20	18	17	11	11	18	16	18	15	10	11	18	18	10	19	17	13	13	11	13	17	16	14	16	15	16	12	14	16	18	20	10	11	15	11	11	16	15	19	14	18	15	17	13	20	19	20	11	14	20	20	10	10	20	12	14	16	20	16	11	10	10	20	10	15	13	18	13	17	17	15	12	13	20	15	12	20	18	13	11	14	13	10	17	11	16	20	17	18	10	15	17	10	20	14	15	12	16	14	20	16	12	10	10	20	13	15	11	13	19	13	16	10	11	18	17	16	20	20	18	17	16	19	10	20	13	12	12	19	16	20	13	20	18	17	18	12	15	14	16	20	20	19	10	13	12	11	13	10	11	11	12	18	18	16	12	12	14	20	10	10	19	15	20	15	20	10	16	17	12	19	10	15	16	20	17	20	10	12	19	15	20	15	20	11	11	10	20	16	16	14	13	13	19	17	18	13	16	13	13	11	17	19	12	19	11	10	20	14	16	17	20	17	18	19	13	15	18	12	18	14	13	17	15	16	15	10	13	14	17	14	13	16	15	16	12	10	14	16	18	20	15	14	18	15	15	17	14	16	13	16	20	10	14	18	19	13	19	16	13	10	16	15	16	20	13	19	13	20	20	16	17	16	11	14	16	10	11	14	10	14	17	16	17	14	16	13	10	15	10	11	17	16	10	14	11	20	10	10	15	11	14	17	13	11	18	15	14	10	20	13	10	16	20	13	16	19	13	12	12	13	17	19	10	11	19	11	16	10	14	19	15	11	18	16	17	11	10	20	12	16	16	11	14	17	13	15	10	11	20	16	12	13	10	20	18	17	14	19	15	12	17	19	20	15	17	19	13	20	13	14	20	19	13	11	16	14	17	17	13	14	13	14	12	12	13	17	20	17	20	19	18	16	18	14	18	17	14	12	12	18	13	17	20	11	17	14	19	20	12	18	17	18	14	19	13	20	16	13	14	18	16	10	16	11	17	19	14	20	20	20	19	11	11	17	14	14	17	13	10	17	13	13	11	14	17	11	14	12	12	19	18	17	17	13	13	15	17	19	18	15	20	18	19	10	13	15	19	14	14	12	15	15	20	17	16	10	12	20	15	17	10	16	10	13	13	14	11	18	19	13	11	20	17	12	19	12	20	19	16	10	12	13	18	19	12	16	16	19	10	12	12	18	15	17	15	13	18	17	20	13	10	16	13	10	13	17	20	11	20	10	16	10	15	20	20	13	12	18	19	18	20	14	20	12	10	20	10	15	11	11	11	13	12	13	18	18	17	12	11	15	14	15	16	13	18	17	14	17	18	12	14	15	17	13	13	14	11	16	19	16	17	20	18	20	18	18	10	18	18	20	13	18	19	17	18	12	14	19	14	10	12	17	17	19	10	13	13	20	14	10	18	11	14	13	17	20	10	11	11	14	12	19	19	18	20	19	13	18	17	11	16	13	17	20	14	17	16	11	12	10	17	10	11	20	10	12	12	15	17	16	18	10	19	19	14	17	11	13	17	19	17	10	13	19	19	13	16	13	20	13	14	10	11	10	18	19	19	11	18	11	10	16	19	16	13	19	10	10	16	16	14	13	20	16	20	16	11	16	19	18	18	17	12	17	11	17	18	20	20	14	20	20	14	20	20	19	15	10	15	18	13	20	11	16	16	14	11	11	17	20	13	15	12	18	20	15	13	13	20	14	10	16	18	17	18	19	14	14	12	11	12	17	19	11	13	12	15	17	15	17	18	12	10	17	11	18	16	17	17	11	12	15	13	13	17	13	16	20	15	15	10	20	19	10	18	14	11	20	11	17	16	13	16	17	10	14	17	14	10	10	14	16	18	20	14	20	16	17	15	19	10	16	18	14	19	15	15	19	11	14	12	18	19	19	18	17	20	19	19	15	13	17	15	10	15	14	20	14	15	14	11	14	13	19	14	17	17	12	13	19	10	16	16	20	13	11	10	15	10	15	12	19	12	19	15	13	18	12	10	18	13	17	15	19	17	12	17	17	17	20	17	10	13	12	11	19	13	13	13	16	12	17	20	11	18	18	17	13	19	17	17	15	20	10	13	12	19	19	13	10	20	16	13	11	14	12	10	17	12	13	16	14	20	20	16	11	13	13	15	19	16	16	14	19	18	13	13	19	15	13	11	15	10	14	13	14	12	11	11	17	20	10	11	11	10	10	19	11	11	16	10	14	13	11	17	18	16	16	11	20	16	20	15	18	20	17	14	10	12	20	10	16	17	20	12	19	12	11	20	18	11	10	16	17	19	17	12	16	13	14	10	10	15	16	20	19	11	20	12	15	18	15	19	11	16	18	10	20	15	20	18	20	14	15	12	12	10	17	12	13	14	20	20	11	15	18	18	10	11	15	15	19	10	11	16	14	14	18	20	15	11	16	13	12	12	15	17	12	20	20	17	11	20	12	12	10	10	16	17	13	10	14	15	13	13	14	20	18	10	18	11	10	20	11	18	19	11	10	12	18	14	10	20	19	13	10	17	16	19	11	11	19	20	10	12	16	12	13	10	16	14	11	14	10	15	11	18	18	18	18	18	20	18	17	15	10	20	14	20	12	14	18	17	18	17	11	12	17	19	20	13	16	17	14	11	17	12	14	16	12	11	18	10	12	15	11	20	13	12	11	15	12	13	14	14	19	17	13	13	17	10	20	13	17	12	13	12	16	10	12	11	16	12	14	16	11	11	20	15	15	16	13	11	16	16	19	20	13	10	11	17	19	19	10	14	20	15	17	15	20	10	20	11	13	11	13	11	14	19	16	17	18	11	15	19	20	12	16	11	11	12	16	11	12	13	19	11	13	10	11	14	19	15	17	20	14	20	13	13	11	19	10	13	20	16	15	14	18	19	19	19	12	12	14	17	11	11	10	17	20	14	18	10	12	18	18	18	18	17	11	16	18	13	13	17	19	19	10	19	16	20	15	13	20	12	10	12	10	19	18	19	20	12	10	17	13	13	20	20	18	18	18	11	12	16	16	17	13	11	20	14	20	13	13	16	13	18	18	16	13	13	14	13	19	18	11	20	13	17	15	15	13	14	13	12	15	17	19	11	17	14	11	12	13	10	11	13	12	10	11	15	16	18	17	20	13	18	17	15	19	15	16	12	17	18	17	18	19	20	19	13	16	13	20	16	11	15	20	12	20	12	17	11	16	16	11	10	16	14	12	19	11	13	18	10	15	10	17	15	12	12	19	16	11	15	10	14	18	14	20	12	16	14	16	13	12	14	20	16	14	17	12	17	12	18	11	10	10	19	14	12	12	17	12	17	13	13	19	20	11	19	12	18	14	17	18	15	17	16	14	12	10	11	19	13	16	13	10	14	17	20	18	14	13	16	11	20	10	18	18	20	15	16	20	15	15	11	17	10	10	13	15	17	10	20	13	14	20	10	18	16	19	19	14	17	19	16	11	17	10	13	15	19	12	10	17	18	10	14	14	10	17	20	19	18	12	15	18	20	16	11	15	19	15	14	14	20	16	18	12	18	19	14	
1	1	1	1	1	1	1	1	1	1	1	1	1	1	1	1	1	1	1	1	1	1	1	1	1	1	1	1	1	1	1	1	1	1	1	1	1	1	1	1	1	1	1	1	1	1	1	1	1	1	1	1	1	1	1	1	1	1	1	1	1	1	1	1	1	1	1	1	1	1	1	1	1	1	1	1	1	1	1	1	1	1	1	1	1	1	1	1	1	1	1	1	1	1	1	1	1	1	1	1	1	1	1	1	1	1	1	1	1	1	2	2	2	2	2	2	2	2	2	2	2	2	2	2	2	2	2	2	2	2	2	2	2	2	2	2	2	2	2	2	2	2	2	2	2	2	2	2	2	2	2	2	2	2	2	2	2	2	2	2	2	2	2	2	2	2	2	2	2	2	2	2	2	2	2	2	2	2	2	2	2	2	2	2	2	2	2	2	2	2	2	2	2	2	2	2	2	2	2	2	2	2	2	2	2	2	2	2	2	2	2	2	3	3	3	3	3	3	3	3	3	3	3	3	3	3	3	3	3	3	3	3	3	3	3	3	3	3	3	3	3	3	3	3	3	3	3	3	3	3	3	3	3	3	3	3	3	3	3	3	3	3	3	3	3	3	3	3	3	3	3	3	3	3	3	3	3	3	3	3	3	3	3	3	3	3	3	3	3	3	3	3	3	3	3	3	3	3	3	3	3	3	3	3	3	3	3	3	3	3	4	4	4	4	4	4	4	4	4	4	4	4	4	4	4	4	4	4	4	4	4	4	4	4	4	4	4	4	4	4	4	4	4	4	4	4	4	4	4	4	4	4	4	4	4	4	4	4	4	4	4	4	4	4	4	4	4	4	4	4	4	4	4	4	4	4	4	4	4	4	4	4	4	4	4	4	4	4	4	4	4	4	4	4	4	4	4	4	4	4	4	4	4	4	4	4	4	4	4	4	4	4	4	4	4	4	4	5	5	5	5	5	5	5	5	5	5	5	5	5	5	5	5	5	5	5	5	5	5	5	5	5	5	5	5	5	5	5	5	5	5	5	5	5	5	5	5	5	5	5	5	5	5	5	5	5	5	5	5	5	5	5	5	5	5	5	5	5	5	5	5	5	5	5	5	5	5	5	5	5	5	5	5	5	5	5	5	5	5	5	5	5	5	5	5	5	5	5	5	5	5	5	5	5	5	6	6	6	6	6	6	6	6	6	6	6	6	6	6	6	6	6	6	6	6	6	6	6	6	6	6	6	6	6	6	6	6	6	6	6	6	6	6	6	6	6	6	6	6	6	6	6	6	6	6	6	6	6	6	6	6	6	6	6	6	6	6	6	6	6	6	6	6	6	6	6	6	6	6	6	6	6	6	6	6	6	6	6	6	6	6	6	6	6	6	6	6	6	6	6	6	6	6	6	6	6	6	6	6	6	6	7	7	7	7	7	7	7	7	7	7	7	7	7	7	7	7	7	7	7	7	7	7	7	7	7	7	7	7	7	7	7	7	7	7	7	7	7	7	7	7	7	7	7	7	7	7	7	7	7	7	7	7	7	7	7	7	7	7	7	7	7	7	7	7	7	7	7	7	7	7	7	7	7	7	7	7	7	7	7	7	7	7	7	7	7	7	7	7	7	7	7	7	7	7	8	8	8	8	8	8	8	8	8	8	8	8	8	8	8	8	8	8	8	8	8	8	8	8	8	8	8	8	8	8	8	8	8	8	8	8	8	8	8	8	8	8	8	8	8	8	8	8	8	8	8	8	8	8	8	8	8	8	8	8	8	8	8	8	8	8	8	8	8	8	8	8	8	8	8	8	8	8	8	8	8	8	8	8	8	8	8	8	8	8	8	8	8	8	8	8	9	9	9	9	9	9	9	9	9	9	9	9	9	9	9	9	9	9	9	9	9	9	9	9	9	9	9	9	9	9	9	9	9	9	9	9	9	9	9	9	9	9	9	9	9	9	9	9	9	9	9	9	9	9	9	9	9	9	9	9	9	9	9	9	9	9	9	9	9	9	9	9	9	9	9	9	9	9	9	9	9	9	9	9	9	9	9	9	9	9	9	9	9	9	9	9	9	9	9	9	9	9	9	9	9	9	10	10	10	10	10	10	10	10	10	10	10	10	10	10	10	10	10	10	10	10	10	10	10	10	10	10	10	10	10	10	10	10	10	10	10	10	10	10	10	10	10	10	10	10	10	10	10	10	10	10	10	10	10	10	10	10	10	10	10	10	10	10	10	10	10	10	10	10	10	10	10	10	10	10	10	10	10	10	10	10	10	10	10	10	10	10	10	10	10	10	11	11	11	11	11	11	11	11	11	11	11	11	11	11	11	11	11	11	11	11	11	11	11	11	11	11	11	11	11	11	11	11	11	11	11	11	11	11	11	11	11	11	11	11	11	11	11	11	11	11	11	11	11	11	11	11	11	11	11	11	11	11	11	11	11	11	11	11	11	11	11	11	11	11	11	11	11	11	11	11	11	11	11	11	11	11	11	11	11	11	11	11	12	12	12	12	12	12	12	12	12	12	12	12	12	12	12	12	12	12	12	12	12	12	12	12	12	12	12	12	12	12	12	12	12	12	12	12	12	12	12	12	12	12	12	12	12	12	12	12	12	12	12	12	12	12	12	12	12	12	12	12	12	12	12	12	12	12	12	12	12	12	12	12	12	12	12	12	12	12	12	12	12	12	12	12	12	12	12	12	12	12	12	12	12	12	12	12	12	13	13	13	13	13	13	13	13	13	13	13	13	13	13	13	13	13	13	13	13	13	13	13	13	13	13	13	13	13	13	13	13	13	13	13	13	13	13	13	13	13	13	13	13	13	13	13	13	13	13	13	13	13	13	13	13	13	13	13	13	13	13	13	13	13	13	13	13	13	13	13	13	13	13	13	13	13	13	13	13	13	13	13	13	13	13	13	13	13	13	13	13	13	13	13	13	13	13	13	13	13	13	13	13	13	13	14	14	14	14	14	14	14	14	14	14	14	14	14	14	14	14	14	14	14	14	14	14	14	14	14	14	14	14	14	14	14	14	14	14	14	14	14	14	14	14	14	14	14	14	14	14	14	14	14	14	14	14	14	14	14	14	14	14	14	14	14	14	14	14	14	14	14	14	14	14	14	14	14	14	14	14	14	14	14	14	14	14	14	14	14	14	14	14	14	14	14	14	14	14	14	14	14	14	14	14	14	14	14	14	14	15	15	15	15	15	15	15	15	15	15	15	15	15	15	15	15	15	15	15	15	15	15	15	15	15	15	15	15	15	15	15	15	15	15	15	15	15	15	15	15	15	15	15	15	15	15	15	15	15	15	15	15	15	15	15	15	15	15	15	15	15	15	15	15	15	15	15	15	15	15	15	15	15	15	15	15	15	15	15	15	15	15	15	15	15	15	15	15	15	15	15	15	15	15	15	15	15	15	15	15	15	15	16	16	16	16	16	16	16	16	16	16	16	16	16	16	16	16	16	16	16	16	16	16	16	16	16	16	16	16	16	16	16	16	16	16	16	16	16	16	16	16	16	16	16	16	16	16	16	16	16	16	16	16	16	16	16	16	16	16	16	16	16	16	16	16	16	16	16	16	16	16	16	16	16	16	16	16	16	16	16	16	16	16	16	16	16	16	16	16	16	16	16	16	16	17	17	17	17	17	17	17	17	17	17	17	17	17	17	17	17	17	17	17	17	17	17	17	17	17	17	17	17	17	17	17	17	17	17	17	17	17	17	17	17	17	17	17	17	17	17	17	17	17	17	17	17	17	17	17	17	17	17	17	17	17	17	17	17	17	17	17	17	17	17	17	17	17	17	17	17	17	17	17	17	17	17	17	17	17	17	17	17	17	17	17	17	17	17	17	17	17	17	17	17	17	17	17	17	17	17	17	18	18	18	18	18	18	18	18	18	18	18	18	18	18	18	18	18	18	18	18	18	18	18	18	18	18	18	18	18	18	18	18	18	18	18	18	18	18	18	18	18	18	18	18	18	18	18	18	18	18	18	18	18	18	18	18	18	18	18	18	18	18	18	18	18	18	18	18	18	18	18	18	18	18	18	18	18	18	18	18	18	18	18	18	18	18	18	18	18	18	18	18	18	18	18	18	18	18	18	18	18	18	19	19	19	19	19	19	19	19	19	19	19	19	19	19	19	19	19	19	19	19	19	19	19	19	19	19	19	19	19	19	19	19	19	19	19	19	19	19	19	19	19	19	19	19	19	19	19	19	19	19	19	19	19	19	19	19	19	19	19	19	19	19	19	19	19	19	19	19	19	19	19	19	19	19	19	19	19	19	19	19	19	19	19	19	19	19	19	19	19	19	19	19	19	19	19	19	19	19	20	20	20	20	20	20	20	20	20	20	20	20	20	20	20	20	20	20	20	20	20	20	20	20	20	20	20	20	20	20	20	20	20	20	20	20	20	20	20	20	20	20	20	20	20	20	20	20	20	20	20	20	20	20	20	20	20	20	20	20	20	20	20	20	20	20	20	20	20	20	20	20	20	20	20	20	20	20	20	20	20	20	20	20	20	20	20	20	20	20	20	20	20	20	20	20	20	20	20	20	20	20	21	21	21	21	21	21	21	21	21	21	21	21	21	21	21	21	21	21	21	21	21	21	21	21	21	21	21	21	21	21	21	21	21	21	21	21	21	21	21	21	21	21	21	21	21	21	21	21	21	21	21	21	21	21	21	21	21	21	21	21	21	21	21	21	21	21	21	21	21	21	21	21	21	21	21	21	21	21	21	21	21	21	22	22	22	22	22	22	22	22	22	22	22	22	22	22	22	22	22	22	22	22	22	22	22	22	22	22	22	22	22	22	22	22	22	22	22	22	22	22	22	22	22	22	22	22	22	22	22	22	22	22	22	22	22	22	22	22	22	22	22	22	22	22	22	22	22	22	22	22	22	22	22	22	22	22	22	22	22	22	23	23	23	23	23	23	23	23	23	23	23	23	23	23	23	23	23	23	23	23	23	23	23	23	23	23	23	23	23	23	23	23	23	23	23	23	23	23	23	23	23	23	23	23	23	23	23	23	23	23	23	23	23	23	23	23	23	23	23	23	23	23	23	23	23	23	23	23	23	23	23	23	23	23	23	23	23	23	23	23	23	23	23	23	23	23	23	23	23	23	23	23	23	23	23	23	23	23	23	23	23	23	23	23	23	23	23	24	24	24	24	24	24	24	24	24	24	24	24	24	24	24	24	24	24	24	24	24	24	24	24	24	24	24	24	24	24	24	24	24	24	24	24	24	24	24	24	24	24	24	24	24	24	24	24	24	24	24	24	24	24	24	24	24	24	24	24	24	24	24	24	24	24	24	24	24	24	24	24	24	24	24	24	24	24	24	24	24	24	24	24	24	24	24	24	24	24	24	24	24	24	24	24	25	25	25	25	25	25	25	25	25	25	25	25	25	25	25	25	25	25	25	25	25	25	25	25	25	25	25	25	25	25	25	25	25	25	25	25	25	25	25	25	25	25	25	25	25	25	25	25	25	25	25	25	25	25	25	25	25	25	25	25	25	25	25	25	25	25	25	25	25	25	25	25	25	25	25	25	25	25	25	25	25	25	25	25	25	25	25	25	25	25	25	25	25	25	25	25	25	25	25	25	25	25	25	25	25	25	25	25	26	26	26	26	26	26	26	26	26	26	26	26	26	26	26	26	26	26	26	26	26	26	26	26	26	26	26	26	26	26	26	26	26	26	26	26	26	26	26	26	26	26	26	26	26	26	26	26	26	26	26	26	26	26	26	26	26	26	26	26	26	26	26	26	26	26	26	26	26	26	26	26	26	26	26	26	26	26	26	26	26	26	26	26	26	26	26	26	26	26	26	26	26	26	26	26	26	26	26	26	26	26	27	27	27	27	27	27	27	27	27	27	27	27	27	27	27	27	27	27	27	27	27	27	27	27	27	27	27	27	27	27	27	27	27	27	27	27	27	27	27	27	27	27	27	27	27	27	27	27	27	27	27	27	27	27	27	27	27	27	27	27	27	27	27	27	27	27	27	27	27	27	27	27	27	27	27	27	27	27	27	27	27	27	27	27	27	27	27	27	27	27	27	27	27	27	27	27	27	27	27	27	27	27	27	27	27	27	27	27	28	28	28	28	28	28	28	28	28	28	28	28	28	28	28	28	28	28	28	28	28	28	28	28	28	28	28	28	28	28	28	28	28	28	28	28	28	28	28	28	28	28	28	28	28	28	28	28	28	28	28	28	28	28	28	28	28	28	28	28	28	28	28	28	28	28	28	28	28	28	28	28	28	28	28	28	28	28	28	28	28	28	28	28	28	28	28	28	28	28	28	28	28	28	28	28	28	28	28	28	28	28	28	28	28	28	28	28	28	28	28	28	28	29	29	29	29	29	29	29	29	29	29	29	29	29	29	29	29	29	29	29	29	29	29	29	29	29	29	29	29	29	29	29	29	29	29	29	29	29	29	29	29	29	29	29	29	29	29	29	29	29	29	29	29	29	29	29	29	29	29	29	29	29	29	29	29	29	29	29	29	29	29	29	29	29	29	29	29	29	29	29	29	29	29	29	29	29	29	29	29	29	29	30	30	30	30	30	30	30	30	30	30	30	30	30	30	30	30	30	30	30	30	30	30	30	30	30	30	30	30	30	30	30	30	30	30	30	30	30	30	30	30	30	30	30	30	30	30	30	30	30	30	30	30	30	30	30	30	30	30	30	30	30	30	30	30	30	30	30	30	30	30	30	30	30	30	30	30	30	30	30	30	30	30	30	30	30	30	30	30	30	30	30	30	30	30	30	30	30	30	30	30	30	30	30	30	30	
