5000
15	3
5405	21.28
12	12	11	12	11	11	11	11	12	11	11	12	11	11	12	12	12	12	12	12	11	12	11	12	12	11	11	12	11	11	12	11	11	11	11	12	12	12	11	11	12	11	12	11	12	12	12	11	12	12	11	11	12	11	11	12	12	12	11	11	11	12	11	12	11	11	12	12	11	12	12	12	11	11	11	12	11	11	12	12	11	11	12	11	12	11	11	11	12	12	11	12	12	12	12	12	11	12	12	12	11	12	12	12	12	11	12	12	12	12	12	12	11	12	12	12	11	11	12	11	11	11	11	12	11	12	11	11	11	12	12	12	12	12	11	12	12	11	12	11	12	11	11	11	12	12	11	11	12	12	11	12	12	11	12	11	11	11	12	12	12	11	12	11	12	12	11	11	11	11	12	12	11	12	12	11	11	11	11	11	12	12	11	12	12	12	12	12	12	12	12	11	11	11	11	11	11	11	11	12	11	12	12	12	11	11	11	12	12	11	11	12	12	11	11	12	11	11	12	11	12	11	12	12	11	12	12	11	11	11	11	12	11	11	11	12	12	12	11	12	11	12	12	11	11	12	11	12	11	11	12	12	11	12	11	12	12	12	11	12	11	12	12	11	12	11	11	11	12	12	11	12	11	11	12	11	11	11	11	11	11	12	11	11	12	12	12	12	12	12	12	12	12	12	11	11	12	11	12	12	12	12	11	12	11	11	12	11	12	12	11	12	12	11	11	11	12	12	11	11	12	11	11	12	11	11	11	12	12	12	12	12	11	11	12	12	11	12	11	11	12	11	12	12	12	11	11	11	11	11	12	11	12	12	11	12	11	12	12	12	12	11	12	11	12	12	12	11	11	12	11	11	11	11	11	11	12	11	12	12	11	11	12	12	11	12	11	12	12	12	12	11	11	12	12	12	12	12	12	12	12	12	11	12	12	12	11	12	12	11	11	12	11	12	12	12	11	11	12	11	12	12	12	11	11	11	11	12	12	11	11	12	12	11	12	12	12	12	11	11	11	11	12	11	11	11	12	11	12	12	12	11	12	11	11	12	12	12	12	12	11	11	11	11	11	12	11	11	11	12	11	12	12	11	11	11	11	11	11	11	11	12	11	11	12	11	11	11	11	11	11	11	11	11	11	11	11	12	11	11	11	12	11	12	11	11	12	12	12	12	12	12	11	12	11	12	12	12	11	11	11	11	11	11	12	11	11	11	12	11	11	11	12	11	11	12	12	12	12	12	12	12	11	11	12	11	11	12	11	12	11	11	11	11	11	12	12	11	11	12	11	12	12	11	11	11	12	12	12	11	11	11	12	11	12	12	12	12	11	11	12	12	12	12	11	11	12	12	12	12	12	11	11	11	11	12	12	12	11	11	11	11	12	12	12	12	11	12	12	12	11	12	11	12	11	12	11	11	11	12	12	12	12	11	11	11	11	12	11	12	12	11	12	12	11	12	12	11	12	12	11	12	11	12	12	11	12	11	11	11	11	12	11	12	12	11	11	11	12	12	11	12	12	12	11	11	12	12	12	12	11	11	11	12	11	12	12	11	11	11	12	12	11	12	11	12	12	12	11	11	11	12	12	12	11	11	11	11	11	11	11	12	12	11	11	11	12	12	11	11	12	12	11	12	11	12	11	12	11	12	12	11	11	12	11	12	11	11	12	11	11	11	12	11	12	11	11	11	12	11	11	11	12	12	11	12	11	11	12	11	11	12	12	12	12	12	12	12	11	12	12	11	12	11	12	11	12	12	12	11	12	12	11	11	12	12	11	12	12	11	11	12	12	11	11	11	12	11	12	12	12	11	12	12	11	12	11	11	11	12	12	11	11	11	11	12	12	11	12	12	12	12	11	11	11	11	12	11	11	11	11	11	12	12	12	12	12	11	11	11	12	12	12	12	11	12	11	11	11	12	12	11	11	11	12	11	11	11	11	11	12	11	12	11	12	12	11	11	11	12	11	12	12	11	12	11	11	11	11	11	12	11	11	11	12	11	11	12	12	12	12	12	11	12	12	12	11	12	11	11	11	12	11	12	11	11	12	11	11	11	11	12	12	12	12	12	12	11	11	11	12	11	11	11	11	12	11	12	11	12	11	12	11	12	11	11	11	11	11	11	11	11	11	11	11	11	12	11	11	12	12	12	12	12	11	11	11	11	12	12	12	11	11	12	12	12	11	11	11	12	12	11	11	12	12	11	12	11	11	12	12	11	11	11	12	11	11	11	11	11	12	12	11	11	12	11	11	11	11	11	11	12	12	12	12	12	11	12	11	11	12	12	11	12	11	12	11	12	12	11	12	11	12	11	11	11	12	12	12	11	11	12	12	12	11	11	12	11	12	11	12	12	12	12	12	12	11	12	12	11	11	12	11	12	12	11	11	11	12	11	12	12	11	11	12	12	11	12	11	12	12	12	11	12	11	12	12	11	12	12	12	12	11	11	12	12	12	12	12	12	12	11	12	12	11	12	12	12	11	11	11	12	12	12	12	12	11	11	12	11	11	12	11	12	11	12	11	11	11	12	11	12	12	12	12	12	12	12	11	12	12	11	12	11	12	11	12	11	12	12	11	11	12	11	12	12	12	11	11	12	11	12	12	12	12	12	12	12	11	12	11	11	11	12	11	12	11	12	11	12	12	11	12	11	11	11	11	11	11	11	12	11	12	11	12	11	11	12	12	12	11	12	11	12	11	11	11	11	11	12	11	11	11	12	12	11	12	12	12	11	11	12	12	11	11	12	12	12	12	11	11	12	11	12	12	12	12	12	11	12	12	12	12	12	11	11	12	12	12	12	11	12	11	12	11	11	11	11	11	12	12	12	12	11	11	11	11	11	11	11	11	11	12	11	12	12	11	11	12	12	11	11	11	11	11	12	11	12	11	11	11	11	12	11	11	11	12	12	12	12	12	12	12	12	12	12	11	11	11	12	11	12	12	12	12	12	12	11	11	12	11	12	12	12	12	12	12	12	12	11	11	11	12	11	12	12	11	11	12	11	11	12	11	12	12	12	12	11	12	12	11	11	11	12	12	12	11	11	12	11	11	11	11	11	12	12	11	12	12	12	11	12	11	11	12	12	11	11	11	11	12	11	12	11	11	11	11	12	11	12	12	12	12	12	12	11	12	12	11	11	12	12	11	11	12	12	12	12	11	12	12	12	12	12	12	12	11	11	11	11	12	11	12	12	11	11	12	12	12	12	11	11	12	11	12	11	12	12	12	11	11	11	12	12	12	11	11	12	12	12	11	11	12	12	11	12	11	11	12	11	11	12	11	11	12	12	11	11	11	12	12	11	11	12	12	11	11	11	12	11	11	11	12	11	11	12	12	12	11	12	11	11	12	12	12	12	12	12	11	12	12	11	11	12	11	11	11	12	11	11	12	12	11	11	11	11	11	11	11	12	11	12	11	12	12	11	11	11	12	11	12	11	12	11	12	11	12	12	11	12	11	12	12	11	11	12	11	12	12	11	11	12	11	12	12	12	12	11	12	11	11	11	12	11	12	11	11	11	12	12	11	12	11	11	12	11	12	11	11	12	11	12	12	12	11	11	12	11	11	12	12	12	11	11	11	12	11	12	12	12	12	11	11	12	12	12	11	12	11	11	12	11	11	11	12	11	11	11	11	12	11	12	11	11	11	11	12	11	12	12	11	11	12	12	12	12	12	12	11	12	11	12	12	11	11	11	11	11	12	11	12	11	12	11	12	12	12	12	11	11	12	11	11	12	12	11	12	12	11	12	12	11	11	11	11	12	12	11	11	12	11	12	11	12	12	12	12	11	12	12	12	12	11	12	12	12	12	12	12	12	11	11	12	12	11	11	12	11	12	12	12	12	11	11	11	12	12	12	12	11	12	11	12	11	12	11	11	11	12	11	12	12	12	11	11	12	11	12	12	11	12	12	11	12	12	12	11	12	12	11	11	12	12	11	11	11	11	11	12	11	12	12	11	11	11	12	12	12	12	12	12	11	11	11	11	11	11	11	11	12	12	12	11	12	12	12	11	12	11	12	12	11	11	11	12	12	12	11	12	11	12	11	12	11	12	11	11	11	11	11	11	11	12	12	12	12	11	12	11	11	11	12	11	11	12	11	12	12	12	12	11	12	11	12	11	11	12	12	12	12	12	11	12	11	12	12	12	12	12	12	11	11	11	11	11	12	12	12	11	11	12	12	11	11	12	12	11	12	11	11	12	11	11	11	12	12	12	12	12	12	12	11	11	12	12	11	12	11	11	11	11	11	11	12	12	12	12	11	12	11	11	12	11	11	12	12	11	12	11	12	11	12	12	12	11	12	11	11	12	11	12	12	11	11	12	11	12	12	11	12	12	11	11	11	11	11	11	11	12	12	11	11	12	12	12	12	12	11	11	11	12	12	11	11	11	11	11	12	12	11	12	12	11	11	12	12	12	12	11	12	12	12	12	12	12	11	12	11	11	11	11	12	12	12	12	11	11	12	12	11	12	11	12	11	11	11	11	12	11	12	11	11	12	11	12	12	11	12	11	11	12	11	11	12	11	12	12	12	11	11	11	12	11	12	12	12	11	11	11	11	11	11	12	11	11	12	11	12	11	11	12	11	11	11	11	11	12	11	12	12	11	11	12	11	12	12	11	12	11	11	11	11	12	11	11	12	11	12	12	11	12	11	12	11	12	11	12	11	12	12	11	11	11	12	12	11	11	12	12	11	12	12	11	12	12	12	12	12	11	12	12	12	12	11	12	11	12	11	11	11	12	12	11	11	12	11	12	11	11	11	11	12	12	11	11	12	12	12	12	11	11	12	11	12	11	11	12	11	11	12	12	12	12	11	11	11	12	11	12	11	12	11	11	12	11	11	12	12	11	12	11	11	11	11	11	11	12	11	12	11	11	12	12	12	12	11	12	11	12	12	11	11	11	11	12	12	11	12	11	11	11	12	11	11	11	11	12	11	12	12	12	11	12	12	12	12	12	11	11	11	11	12	12	11	12	12	12	12	12	12	11	11	12	11	11	11	12	11	11	11	12	11	11	12	11	12	12	12	11	12	12	11	11	12	12	12	12	12	12	11	11	11	12	11	12	11	12	12	11	11	12	12	11	11	12	11	11	12	11	12	12	12	12	11	12	12	12	11	12	12	12	12	12	11	11	12	12	11	11	11	12	11	12	12	11	12	12	12	11	12	12	12	12	12	12	12	12	12	11	12	11	12	12	12	11	11	11	12	12	11	11	11	12	11	11	11	12	12	11	11	11	11	12	11	12	12	12	12	11	11	12	12	12	12	11	11	12	12	12	11	12	12	12	11	12	12	12	12	12	11	12	12	11	11	11	11	12	11	11	12	11	12	11	12	11	12	12	11	11	11	11	12	12	11	11	11	12	11	11	12	12	12	12	11	12	11	11	12	11	12	12	11	12	12	11	11	12	11	12	11	11	11	11	11	12	12	11	12	12	11	12	12	12	11	12	11	11	11	12	11	11	12	12	11	11	11	11	12	11	12	12	12	12	11	12	11	11	12	12	11	11	12	11	12	12	11	11	12	11	12	12	12	11	11	11	12	11	12	12	11	12	11	11	11	11	12	11	12	12	12	12	12	12	11	12	12	12	11	12	11	11	12	12	11	11	11	12	12	12	11	11	11	12	11	12	11	11	12	12	12	11	11	11	12	12	12	11	12	12	12	12	12	12	12	11	12	12	11	12	11	12	11	12	12	12	11	11	11	11	12	11	12	12	12	11	11	11	11	12	11	11	11	12	12	12	12	11	12	12	12	11	12	12	12	11	12	12	12	12	12	12	12	12	12	12	11	11	12	12	11	11	11	12	11	11	11	12	11	12	12	11	11	12	12	11	12	12	12	11	11	12	12	12	12	12	12	12	11	11	12	12	12	11	12	11	12	11	11	11	12	11	11	12	11	11	11	12	11	11	12	12	12	11	12	12	11	12	12	12	11	12	11	11	11	11	12	12	11	12	11	11	12	12	11	11	11	12	11	11	11	12	12	12	12	11	12	11	12	11	12	11	11	12	11	12	12	11	12	11	11	11	12	12	12	12	12	11	12	11	12	12	11	12	12	11	11	11	12	12	12	12	11	12	12	11	12	11	12	11	12	11	12	12	12	11	11	12	11	11	12	11	12	12	12	12	12	12	11	12	11	11	11	12	12	12	11	12	11	11	11	11	11	11	12	12	12	12	11	11	11	11	11	11	11	12	11	11	12	11	11	11	11	12	12	11	12	11	11	11	11	11	11	12	12	11	11	12	12	12	11	11	12	12	12	12	12	12	12	11	12	11	12	12	11	12	11	12	12	12	11	11	11	11	11	12	11	12	11	11	11	12	12	11	11	12	11	12	12	12	11	11	11	11	11	11	11	12	11	12	11	11	12	11	12	12	11	12	11	12	11	11	12	12	11	12	12	12	12	12	11	12	11	12	11	12	12	12	11	12	12	12	11	12	11	12	11	11	11	11	11	11	12	11	11	11	12	11	12	12	11	12	11	12	12	11	12	11	11	12	12	11	11	12	12	11	12	11	11	12	12	11	12	11	11	11	11	11	11	12	12	11	12	11	11	12	12	12	12	12	12	11	12	11	12	12	12	12	12	12	12	11	12	12	12	11	12	12	12	11	12	12	11	11	11	11	12	12	12	12	12	11	11	12	12	11	12	12	11	11	12	12	12	12	11	11	12	11	12	11	11	12	12	12	11	12	12	11	12	12	11	12	11	11	11	11	12	11	11	12	12	12	12	12	11	11	11	12	12	11	12	12	12	11	11	11	12	11	11	11	12	12	11	11	12	12	11	12	12	12	11	12	11	12	11	12	12	11	11	11	11	12	11	12	12	12	11	12	12	12	11	11	12	12	12	12	11	12	12	12	11	12	12	12	11	11	11	11	12	12	12	12	11	11	11	11	11	11	11	11	11	12	11	11	11	11	12	11	11	11	12	12	12	11	12	12	11	11	12	11	12	11	11	11	11	12	11	11	11	12	12	12	11	11	11	12	11	12	11	12	11	12	12	12	12	11	12	12	12	12	11	12	12	11	12	11	11	11	11	11	12	12	11	11	12	12	12	12	12	11	12	11	11	12	12	11	11	11	12	12	11	12	11	12	12	11	11	11	12	12	11	12	12	11	12	12	12	11	11	11	12	11	12	11	12	12	12	11	12	12	12	12	11	12	12	11	12	11	11	12	11	12	12	12	11	12	12	11	11	11	12	12	11	11	12	12	12	12	12	11	12	11	11	12	11	11	11	12	12	12	12	11	12	11	11	12	11	11	11	11	12	11	12	11	11	11	12	11	12	12	11	11	12	12	12	11	11	11	12	12	12	11	12	12	12	12	11	12	11	11	12	12	12	12	11	11	11	12	12	11	11	11	12	12	12	12	11	12	11	12	12	12	12	12	12	12	11	11	12	12	11	11	11	12	11	12	11	12	12	12	12	11	12	12	11	11	12	11	12	11	12	11	12	12	12	12	11	11	11	11	11	12	12	11	11	12	12	11	12	12	11	11	11	12	12	11	12	11	11	12	12	12	12	11	12	12	12	12	11	11	12	12	12	12	12	12	12	11	12	12	11	11	11	12	11	12	12	11	12	11	11	11	11	12	12	12	12	11	11	12	12	11	11	11	12	11	12	11	12	12	11	12	11	12	12	11	11	12	12	11	11	12	12	12	12	11	11	12	11	12	11	12	12	11	11	11	12	12	11	11	11	11	12	12	11	11	12	12	11	12	12	12	11	11	11	12	12	12	11	11	12	11	12	11	11	12	12	12	11	11	12	12	12	11	12	12	11	12	11	11	12	11	11	11	11	12	11	11	12	12	11	11	12	12	12	11	12	11	11	12	11	12	12	11	12	12	12	12	11	11	12	11	11	12	11	11	12	11	11	11	12	11	12	12	11	11	11	11	12	11	12	11	11	11	12	12	11	11	12	11	12	12	12	12	12	12	11	11	11	12	12	11	12	12	12	11	11	12	12	11	11	11	12	12	12	12	11	11	12	12	11	12	12	11	11	11	11	11	12	11	12	12	12	12	12	11	11	12	12	11	11	12	11	11	11	11	11	11	11	11	12	12	11	12	12	11	12	11	12	12	12	11	11	11	11	12	11	12	11	11	12	12	11	11	12	11	11	11	11	12	12	12	11	11	12	11	12	11	12	12	11	12	12	11	12	11	11	11	12	11	12	11	12	11	12	12	11	12	12	11	11	11	11	12	11	12	11	11	11	11	12	12	12	12	11	12	11	12	12	12	12	12	11	12	11	11	12	11	11	11	12	12	12	12	12	11	11	11	11	11	12	12	12	12	12	11	11	11	11	12	11	11	12	11	11	12	11	12	11	11	11	12	11	12	12	12	12	12	11	12	12	12	11	11	12	12	11	11	11	11	12	11	11	12	12	12	12	11	11	12	11	11	12	12	11	12	11	12	11	11	11	12	12	11	11	11	12	12	11	11	11	11	12	11	11	11	11	12	12	12	11	12	11	11	12	11	12	11	11	12	12	11	11	12	12	12	11	11	11	12	11	11	11	11	12	11	12	11	12	12	11	11	11	12	12	11	11	12	12	12	12	11	11	12	11	12	12	12	12	12	11	12	12	11	11	11	12	12	11	11	12	12	12	12	12	11	11	11	12	11	12	11	12	11	12	11	11	12	12	12	11	12	12	11	11	11	11	11	12	12	11	11	11	11	11	12	12	11	11	11	12	12	11	12	11	12	12	11	11	12	12	11	11	11	12	11	12	12	12	11	12	11	12	11	12	11	12	11	12	11	12	11	11	12	11	12	12	12	12	11	12	11	12	11	12	12	11	11	11	11	11	11	12	12	11	11	12	12	12	12	12	12	11	11	12	11	12	11	12	12	11	12	11	11	11	11	11	12	11	12	11	11	11	12	11	12	11	11	12	12	11	11	11	11	11	12	12	11	12	11	11	12	12	11	11	11	12	12	12	12	12	12	11	11	11	11	12	12	11	12	11	12	11	11	11	11	11	12	12	12	11	11	11	11	12	11	11	11	11	11	11	12	11	12	12	11	12	11	12	12	11	11	12	11	11	11	12	12	12	11	11	12	11	11	12	11	11	11	11	12	11	12	12	11	11	11	11	12	12	12	12	11	11	11	12	12	12	11	11	11	11	11	11	11	11	12	12	12	11	12	11	11	11	11	12	12	11	12	12	11	12	11	11	11	11	11	12	11	12	11	11	11	11	12	12	12	11	11	12	11	12	11	11	12	12	12	12	12	11	11	11	11	12	12	11	12	11	11	12	11	11	12	12	11	11	11	11	11	11	12	12	11	12	12	12	11	11	11	12	11	12	12	11	12	12	12	12	11	12	11	12	11	11	11	11	12	12	11	11	11	11	11	12	12	12	12	12	11	11	12	11	12	11	12	11	11	11	11	11	12	12	11	12	11	11	12	12	12	12	11	12	11	11	11	11	12	11	11	11	12	11	11	11	11	11	11	12	12	12	12	11	11	12	12	11	11	11	11	12	12	11	11	12	12	11	11	11	12	11	11	11	11	11	12	12	12	12	11	11	12	11	11	11	11	11	12	11	11	11	12	12	12	12	12	11	12	12	12	12	12	11	11	12	11	12	12	11	12	12	12	12	11	12	11	11	11	12	12	12	12	12	11	11	12	12	12	12	11	12	12	12	12	11	11	11	12	11	12	12	12	11	12	12	11	11	12	12	12	11	12	11	12	12	12	11	11	11	11	12	11	12	12	12	12	11	11	11	11	11	12	12	11	12	11	12	12	12	11	12	12	12	12	11	12	12	11	11	12	11	12	12	11	11	12	11	11	12	12	11	11	11	11	12	11	11	12	12	12	12	11	12	11	11	12	11	11	12	11	12	12	12	11	12	12	12	11	11	12	11	12	11	11	12	12	11	12	11	12	12	11	11	12	11	12	12	12	11	12	12	12	11	12	11	11	12	12	11	12	12	11	11	11	12	12	11	12	12	11	12	11	11	12	12	12	12	12	12	12	12	12	11	12	12	11	11	11	12	11	12	11	11	11	11	12	11	12	12	12	11	12	11	12	11	11	11	12	11	12	11	12	11	11	11	12	11	12	12	11	11	12	11	12	11	12	12	11	12	11	12	12	11	11	11	12	11	11	12	12	12	12	12	11	11	11	12	11	11	11	11	12	11	12	11	11	12	11	12	11	11	11	11	12	12	11	12	11	12	11	12	12	11	11	12	12	12	12	11	11	11	11	11	11	11	11	11	11	12	11	12	12	12	12	12	12	11	11	12	11	11	11	11	11	11	12	12	12	12	11	11	11	11	12	12	11	11	12	11	12	12	11	12	11	11	11	11	12	11	12	11	12	11	11	11	11	11	12	12	11	12	12	12	12	11	11	11	12	11	12	11	12	12	12	11	12	11	12	11	12	11	11	11	12	11	11	11	11	12	11	12	12	11	12	12	12	11	12	12	12	12	11	11	11	11	12	11	11	12	11	11	11	11	12	12	12	12	11	12	12	12	11	12	12	12	12	11	12	11	11	11	12	11	12	12	12	11	11	11	12	12	11	12	12	11	12	11	12	12	11	11	11	12	12	11	11	11	12	12	11	11	12	11	11	12	11	12	12	12	12	12	11	11	12	11	12	12	11	12	11	12	12	12	12	11	11	11	11	12	12	12	12	11	11	12	12	11	11	11	11	12	11	12	11	12	12	12	12	11	11	11	11	12	11	11	11	12	12	12	12	11	11	11	11	12	11	12	12	11	11	11	11	11	11	12	12	11	12	12	12	12	11	11	12	11	12	12	12	12	11	11	11	11	11	12	12	11	12	11	12	12	12	11	11	11	11	11	12	12	12	11	12	12	11	12	11	11	12	11	12	11	12	12	11	12	12	11	11	12	11	12	11	12	11	12	12	11	11	12	12	12	11	12	12	12	11	11	12	12	12	11	12	12	11	11	12	11	12	12	11	12	12	11	12	11	12	11	12	12	11	12	11	11	11	12	12	12	11	11	11	11	12	12	12	12	12	12	11	12	12	12	12	12	11	12	12	12	11	12	12	11	12	11	11	11	12	11	11	12	12	11	12	11	11	11	12	11	12	11	12	11	11	11	12	11	11	11	11	12	11	12	12	12	11	12	11	11	11	11	11	11	11	12	11	11	11	12	11	11	11	11	12	12	12	11	11	12	12	11	11	11	11	12	11	11	11	11	12	12	12	12	12	12	12	12	12	11	12	12	11	12	11	11	12	11	11	11	12	12	11	11	11	11	11	11	11	11	11	12	12	12	12	12	12	11	12	12	12	11	11	11	11	11	12	11	11	12	11	11	12	12	12	11	11	11	11	11	12	11	12	11	12	11	
0	1	2	4	5	6	8	9	10	12	13	14	
1	2	3	4	5	7	8	9	10	12	13	14	
0	1	2	3	4	5	6	9	12	13	14	
1	2	3	4	5	6	8	9	11	12	13	14	
0	1	2	3	4	6	8	10	12	13	14	
0	1	3	4	5	6	7	8	9	11	12	
1	2	3	4	5	6	8	9	10	11	12	
2	3	4	5	6	7	8	11	12	13	14	
0	2	3	4	5	6	7	8	10	11	12	14	
0	1	2	4	5	6	7	10	11	12	13	
1	2	5	6	7	8	9	10	11	13	14	
0	1	2	3	4	5	6	7	8	10	11	12	
0	1	2	3	4	6	7	9	10	11	14	
2	3	5	7	8	9	10	11	12	13	14	
0	1	2	3	5	6	7	8	9	11	12	14	
1	3	4	5	6	7	8	10	11	12	13	14	
0	1	2	3	4	7	8	9	10	11	12	13	
0	2	3	4	5	6	7	10	11	12	13	14	
0	2	3	5	6	7	8	9	10	11	12	14	
0	1	2	3	4	5	7	8	9	10	11	13	
0	3	4	5	6	7	8	10	12	13	14	
1	3	5	6	7	8	9	10	11	12	13	14	
0	1	3	5	6	7	9	11	12	13	14	
0	1	2	3	5	7	8	9	10	11	12	14	
0	1	2	5	7	8	9	10	11	12	13	14	
0	1	2	3	4	5	6	7	11	13	14	
0	1	3	4	5	9	10	11	12	13	14	
0	1	2	3	4	5	6	7	8	11	13	14	
0	2	4	6	8	9	10	11	12	13	14	
0	2	3	4	5	6	8	10	12	13	14	
0	1	3	4	5	6	8	9	10	12	13	14	
1	2	3	4	5	6	9	10	11	12	14	
0	1	3	4	6	7	8	10	12	13	14	
1	2	3	4	5	8	9	10	12	13	14	
0	1	2	3	4	5	6	8	10	12	14	
0	2	3	4	5	7	8	9	10	12	13	14	
1	2	5	6	7	8	9	10	11	12	13	14	
1	2	3	4	5	6	7	9	10	12	13	14	
0	1	2	3	4	5	6	7	11	13	14	
0	1	2	3	4	5	6	9	10	11	12	
0	1	2	3	5	7	8	10	11	12	13	14	
1	2	3	4	6	8	9	10	11	13	14	
0	1	2	5	6	7	8	9	11	12	13	14	
0	1	2	4	6	7	9	10	11	12	14	
0	2	3	4	6	7	8	9	10	11	12	14	
0	3	4	5	6	8	9	10	11	12	13	14	
0	1	2	3	4	5	6	7	8	11	13	14	
0	1	2	3	4	7	8	9	10	11	12	
0	1	2	3	4	5	6	7	8	9	11	13	
0	1	2	3	4	5	6	7	8	9	12	13	
0	1	3	5	6	7	8	9	10	11	12	
0	1	2	4	5	6	7	10	11	12	13	
0	1	2	3	4	5	6	8	9	11	12	14	
1	2	4	5	6	7	8	10	11	12	13	
0	1	3	4	6	8	10	11	12	13	14	
0	1	2	3	5	6	8	10	11	12	13	14	
0	1	2	3	5	6	7	10	11	12	13	14	
0	2	3	4	5	6	7	8	9	11	13	14	
0	1	5	6	7	9	10	11	12	13	14	
0	2	3	4	5	6	7	8	11	13	14	
0	1	3	4	5	7	8	9	10	11	12	
1	2	3	4	5	6	7	8	9	10	12	13	
0	1	2	3	5	7	8	9	10	12	14	
0	1	2	3	5	6	8	9	11	12	13	14	
0	1	3	4	5	6	7	8	9	10	12	
0	1	3	4	6	7	9	10	11	13	14	
0	1	2	3	5	6	7	8	9	10	11	13	
1	2	3	4	6	7	8	9	10	11	12	13	
1	2	3	4	5	6	7	8	10	12	14	
0	2	3	4	5	7	8	9	10	11	13	14	
0	1	2	3	5	6	7	8	9	10	12	13	
0	2	3	4	5	7	8	10	11	12	13	14	
0	1	2	3	5	7	8	11	12	13	14	
0	2	3	4	5	6	7	8	9	11	14	
0	2	4	5	6	8	9	10	11	13	14	
0	1	2	3	5	6	7	8	10	12	13	14	
0	1	3	6	7	8	9	10	12	13	14	
0	3	5	6	8	9	10	11	12	13	14	
0	1	2	5	6	7	8	9	10	11	12	13	
0	1	2	3	4	5	6	7	8	9	12	13	
0	1	4	5	6	7	8	9	11	12	13	
0	1	2	4	6	8	9	10	11	12	14	
0	1	2	3	5	6	7	8	9	10	11	12	
1	3	4	5	6	7	8	9	10	12	14	
1	3	4	5	6	7	9	10	11	12	13	14	
0	2	3	4	5	6	7	8	10	11	12	
0	1	2	3	7	8	9	11	12	13	14	
1	2	3	4	5	6	8	10	11	13	14	
0	1	3	4	6	7	8	9	10	11	12	13	
0	1	2	3	4	6	9	10	11	12	13	14	
0	1	4	5	6	7	8	11	12	13	14	
1	2	3	4	5	6	7	8	9	12	13	14	
0	1	2	3	4	6	7	9	10	11	13	14	
0	1	2	3	4	5	6	8	11	12	13	14	
0	1	4	5	6	7	8	9	10	11	13	14	
0	1	2	3	4	5	6	9	10	11	12	14	
0	1	2	4	6	7	8	9	10	11	13	
0	1	2	3	4	5	6	7	8	9	11	13	
0	1	2	3	4	6	7	8	9	10	11	14	
0	1	2	4	6	7	8	9	10	11	13	14	
0	1	2	3	4	5	8	10	11	12	14	
0	2	3	4	6	7	8	9	10	11	12	13	
0	1	2	4	5	6	8	10	11	12	13	14	
0	1	2	3	4	5	7	9	10	11	12	14	
1	2	3	4	5	6	9	10	11	12	13	14	
0	1	2	4	5	6	8	9	10	11	14	
0	1	3	5	6	7	8	9	10	11	12	13	
0	1	2	4	5	6	8	9	10	12	13	14	
0	2	3	4	5	6	8	9	10	11	13	14	
0	1	2	3	4	5	6	7	10	11	12	13	
0	1	2	3	4	5	8	9	10	11	13	14	
0	2	3	4	5	7	8	9	10	12	13	14	
2	3	6	7	8	9	10	11	12	13	14	
0	1	2	3	6	7	8	9	10	12	13	14	
0	2	3	5	6	7	8	9	11	12	13	14	
0	2	3	4	5	6	7	8	10	11	12	14	
3	4	5	6	7	8	10	11	12	13	14	
0	1	2	4	5	6	7	8	10	11	13	
1	2	3	5	7	8	9	10	11	12	13	14	
0	3	5	6	7	8	9	10	12	13	14	
0	1	2	3	6	8	9	10	11	12	14	
0	1	3	4	5	7	8	9	11	12	14	
0	1	2	3	4	5	6	7	8	10	11	
0	1	3	4	5	6	7	8	9	11	12	14	
1	2	3	5	6	7	9	10	11	12	13	
0	2	3	4	5	7	9	10	11	12	13	14	
1	2	4	5	6	8	9	11	12	13	14	
0	2	3	4	5	6	8	11	12	13	14	
1	3	4	5	6	7	8	9	12	13	14	
1	2	3	4	5	6	7	8	9	10	13	14	
0	1	2	3	4	5	8	9	10	11	13	14	
0	1	2	3	6	7	8	9	11	12	13	14	
0	2	3	4	5	6	7	8	9	12	13	14	
0	1	2	3	4	8	9	10	11	12	13	14	
1	2	4	5	6	7	8	9	11	13	14	
0	1	2	3	4	5	6	7	10	11	13	14	
0	1	2	3	4	5	6	8	10	11	13	14	
0	1	2	6	7	8	9	11	12	13	14	
0	1	2	3	4	6	8	9	10	11	12	13	
1	2	3	4	5	6	8	9	11	12	13	
0	2	3	4	5	7	8	9	10	11	13	14	
2	3	4	5	6	7	9	10	11	13	14	
1	2	4	5	6	7	9	10	12	13	14	
1	2	3	4	5	7	8	9	10	11	14	
0	1	2	3	4	5	6	7	8	10	12	14	
0	1	2	4	6	7	8	9	10	12	13	14	
0	2	4	5	6	7	8	9	10	13	14	
0	2	3	5	6	7	8	9	11	12	13	
0	1	2	3	4	5	6	7	8	9	11	13	
0	2	3	4	5	6	7	8	11	12	13	14	
0	1	3	4	8	9	10	11	12	13	14	
0	1	2	4	5	6	9	10	11	12	13	14	
0	1	2	3	5	6	7	8	10	11	12	13	
0	3	5	6	7	8	9	11	12	13	14	
0	1	2	3	5	6	7	9	10	12	13	14	
0	4	5	6	8	9	10	11	12	13	14	
1	4	5	6	7	8	10	11	12	13	14	
3	4	5	7	8	9	10	11	12	13	14	
1	2	3	5	6	7	9	10	11	12	13	14	
1	2	4	5	6	7	9	10	11	12	13	14	
0	1	2	4	5	6	7	9	10	11	12	14	
0	1	3	5	7	8	9	11	12	13	14	
0	2	3	5	7	8	9	10	11	12	13	14	
0	4	6	7	8	9	10	11	12	13	14	
0	2	3	4	5	6	8	9	10	11	13	14	
0	1	2	3	5	6	7	8	9	10	13	14	
0	1	2	5	7	8	9	10	11	12	13	
0	2	3	4	6	7	8	9	10	13	14	
1	2	4	5	6	7	8	10	12	13	14	
0	1	3	4	6	7	9	10	11	12	13	
0	1	2	3	5	7	8	9	10	12	13	14	
0	1	2	3	4	6	7	8	9	10	12	14	
0	1	2	4	5	6	8	9	10	11	12	
0	1	3	4	5	6	7	9	10	11	13	14	
0	1	2	3	4	5	7	8	9	10	12	14	
0	1	2	3	5	7	8	9	10	12	13	
1	2	4	5	6	7	9	10	11	13	14	
0	1	2	3	6	7	8	9	10	11	12	
0	1	2	3	4	5	6	8	9	12	13	
0	1	2	3	4	5	6	7	9	10	14	
0	2	3	4	6	7	8	9	10	11	12	14	
0	1	2	3	5	6	7	8	9	12	13	14	
0	1	2	4	5	7	9	10	11	12	14	
0	1	2	3	4	5	6	7	9	10	11	12	
0	1	2	4	5	6	7	10	11	12	13	14	
0	1	2	3	4	5	6	7	8	9	13	14	
0	1	2	3	4	5	7	8	11	12	13	14	
0	2	3	4	6	7	8	9	11	12	13	14	
0	1	2	3	4	5	7	8	10	12	13	14	
1	2	4	5	7	8	9	10	11	12	13	14	
0	1	2	5	6	7	8	9	10	12	13	14	
0	1	2	3	4	7	9	10	11	12	14	
0	2	3	4	5	6	7	9	10	12	14	
1	3	4	5	6	8	9	10	11	13	14	
0	1	3	4	5	6	9	10	11	12	13	
0	1	3	4	6	7	8	10	11	12	13	
1	2	3	4	5	6	8	9	10	13	14	
0	1	2	3	4	5	7	8	9	11	13	
0	1	2	5	7	8	9	10	11	12	14	
1	3	4	5	6	7	8	9	10	12	13	14	
1	2	3	4	5	7	8	11	12	13	14	
0	1	2	3	4	5	6	7	8	10	12	14	
0	1	2	3	4	6	7	9	10	11	12	14	
0	2	3	4	5	6	7	8	9	11	12	13	
0	1	2	5	6	7	9	11	12	13	14	
0	1	2	4	5	9	10	11	12	13	14	
2	3	4	5	6	8	9	11	12	13	14	
0	2	3	4	6	7	9	10	11	12	13	14	
0	1	2	3	4	5	6	8	9	10	12	14	
0	1	2	3	4	6	8	9	11	12	14	
0	2	3	5	6	8	9	11	12	13	14	
0	1	2	3	4	5	6	7	10	11	13	14	
0	1	2	3	4	5	6	7	10	11	12	14	
0	3	5	7	8	9	10	11	12	13	14	
0	1	3	4	5	6	7	10	11	12	13	
0	1	2	4	5	7	8	9	11	12	13	14	
0	2	4	5	6	7	9	11	12	13	14	
0	1	2	3	4	5	8	9	10	11	14	
0	1	3	4	5	6	7	8	9	11	12	14	
1	2	3	4	7	8	10	11	12	13	14	
1	2	3	4	5	6	7	9	10	11	13	14	
0	1	2	3	4	5	6	7	8	12	14	
0	1	2	3	4	6	8	9	10	11	13	14	
0	2	3	4	5	6	7	8	9	10	13	14	
1	2	3	4	5	7	9	10	11	12	13	
0	1	4	5	6	8	9	10	11	12	13	14	
0	2	4	5	6	7	8	9	10	11	12	14	
1	2	4	5	6	7	8	9	10	12	13	
1	2	4	5	8	9	10	11	12	13	14	
0	1	2	3	4	5	6	7	10	11	13	
0	2	4	5	6	7	8	9	12	13	14	
1	3	4	5	6	7	8	9	10	11	12	14	
0	1	2	3	4	8	10	11	12	13	14	
0	1	2	3	4	7	9	11	12	13	14	
0	1	2	3	4	5	9	10	11	12	13	
0	2	3	5	6	7	8	9	10	11	12	13	
0	1	2	3	5	7	8	9	10	11	13	14	
0	1	2	3	4	5	7	8	9	11	12	13	
0	1	2	4	5	7	8	9	10	12	14	
0	1	2	3	5	6	8	9	10	11	13	14	
0	1	2	3	4	5	8	9	11	13	14	
1	2	3	4	6	8	9	10	11	12	13	14	
1	2	3	5	6	7	8	9	10	12	13	14	
0	1	4	5	6	7	8	9	10	11	14	
1	2	3	4	5	7	8	10	11	12	13	
0	2	3	4	5	6	7	8	9	11	13	14	
1	3	4	5	6	8	9	11	12	13	14	
1	2	3	4	5	6	7	8	10	12	13	14	
1	3	4	5	7	8	9	10	11	12	14	
1	2	3	4	6	7	8	11	12	13	14	
0	1	3	4	5	6	7	9	10	11	12	13	
1	2	3	4	5	7	8	9	10	11	12	14	
1	2	3	4	5	6	7	8	11	12	13	
0	1	2	3	5	7	9	10	11	12	13	14	
0	1	3	4	5	6	7	8	9	10	12	
0	1	2	3	4	6	7	8	9	10	11	14	
0	1	3	4	5	6	7	8	9	10	11	12	
0	1	2	3	5	6	7	9	10	12	13	14	
0	1	2	3	5	7	8	9	10	12	13	
0	1	3	4	6	7	9	10	11	12	13	14	
0	1	5	6	7	8	9	10	11	12	14	
0	1	2	3	4	6	8	9	10	12	13	14	
0	2	3	4	5	6	7	8	9	10	12	13	
0	2	4	5	6	7	8	10	12	13	14	
0	1	2	3	4	5	6	8	9	10	11	13	
0	1	2	3	4	5	7	10	12	13	14	
1	2	4	6	7	8	9	10	11	12	14	
0	1	2	3	4	7	8	9	11	12	14	
0	1	2	3	5	6	7	8	9	10	13	14	
0	1	3	4	5	6	7	9	10	11	12	14	
0	1	2	3	4	5	7	8	10	11	14	
0	1	2	3	5	6	7	9	10	11	12	13	
1	4	6	7	8	9	10	11	12	13	14	
2	3	4	6	7	8	9	10	11	13	14	
1	2	3	5	7	8	9	10	11	12	13	14	
0	1	3	4	6	7	8	10	12	13	14	
2	3	4	5	6	8	9	10	11	12	13	
0	2	3	4	5	6	7	8	9	10	12	
0	2	3	4	6	7	8	9	11	13	14	
1	2	3	4	7	8	10	11	12	13	14	
2	3	4	6	7	8	9	10	11	13	14	
0	2	3	4	5	6	7	9	10	11	12	13	
1	2	3	5	6	7	8	9	12	13	14	
0	1	2	3	6	9	10	11	12	13	14	
0	1	2	3	4	6	7	9	10	12	13	14	
0	2	4	5	6	7	8	9	10	11	12	13	
0	1	2	3	4	6	7	8	9	10	11	14	
0	1	2	3	5	7	8	9	10	12	13	14	
0	2	3	4	5	7	8	10	11	12	13	14	
0	1	2	3	4	6	7	9	11	12	13	14	
0	1	3	4	5	6	7	9	10	11	13	14	
1	3	5	6	7	8	9	10	11	12	13	14	
0	1	2	3	4	5	6	7	8	11	13	14	
1	2	3	4	5	6	7	8	10	12	13	14	
2	3	4	5	6	7	9	10	11	13	14	
0	1	2	3	4	6	7	9	12	13	14	
0	1	2	4	6	7	8	9	10	11	12	13	
0	1	2	4	5	6	9	11	12	13	14	
0	2	3	5	6	7	8	9	10	11	12	14	
0	1	2	3	4	5	7	8	9	10	11	14	
0	1	2	3	5	6	7	8	9	10	11	13	
0	1	3	5	6	7	9	10	11	12	13	14	
0	3	4	6	7	8	9	11	12	13	14	
0	2	3	4	5	7	8	9	10	11	12	14	
0	1	2	3	4	5	6	7	8	9	10	
0	1	5	6	7	8	9	11	12	13	14	
0	1	2	3	5	6	7	9	11	12	13	14	
0	1	2	3	4	5	7	8	10	12	13	
1	2	3	4	5	6	8	9	10	11	12	13	
0	1	4	5	6	7	8	9	10	11	13	14	
0	2	4	5	6	8	9	10	11	13	14	
0	1	2	3	4	5	7	8	9	11	12	13	
0	1	2	4	5	6	7	9	11	12	13	14	
0	1	2	3	4	6	7	8	10	12	13	
2	3	4	5	6	7	8	10	11	12	14	
0	1	2	4	5	7	9	10	11	12	14	
0	1	2	3	4	6	7	8	11	12	13	14	
0	1	2	5	7	8	9	10	11	12	13	14	
0	2	3	4	5	6	7	9	10	12	13	
0	1	2	3	4	6	8	10	11	12	14	
0	1	3	4	6	7	8	9	10	11	13	14	
1	2	3	4	5	6	7	10	11	13	14	
1	2	3	4	5	6	7	10	11	13	14	
0	2	3	4	5	6	7	9	10	11	13	14	
1	2	3	4	5	8	9	10	11	12	14	
0	1	3	4	7	8	9	10	12	13	14	
0	1	2	3	5	6	7	8	10	13	14	
0	1	3	4	5	6	7	8	9	10	12	14	
0	1	2	4	5	6	7	8	10	12	13	14	
0	1	2	3	5	6	7	8	11	12	13	14	
1	2	5	6	7	8	9	10	11	12	13	14	
0	1	2	3	5	7	8	9	10	12	13	14	
0	1	3	4	5	6	8	9	10	11	13	
0	1	2	3	4	6	7	9	12	13	14	
0	2	3	4	6	8	9	10	11	12	13	14	
0	2	3	4	5	7	8	9	10	12	13	14	
0	1	2	3	5	6	8	10	12	13	14	
0	1	2	3	4	5	6	8	10	11	13	14	
0	1	4	6	7	9	10	11	12	13	14	
0	1	2	3	4	5	7	8	9	12	13	
0	1	2	4	7	8	9	10	11	12	13	14	
0	1	4	5	6	8	10	11	12	13	14	
0	2	5	6	7	8	9	10	11	12	13	14	
0	1	2	3	4	6	7	8	9	11	12	14	
0	1	3	4	5	6	8	9	10	11	12	13	
1	2	4	5	6	7	8	9	10	13	14	
0	1	2	3	7	8	9	10	12	13	14	
0	1	2	3	5	6	7	9	11	12	14	
0	1	2	4	7	9	10	11	12	13	14	
0	1	2	4	5	6	7	9	11	12	14	
2	3	4	5	6	7	8	9	10	11	12	13	
0	1	2	3	5	6	8	9	10	11	12	
0	1	4	5	6	7	8	9	11	12	13	14	
0	1	2	3	4	5	7	8	9	12	13	14	
0	2	4	5	6	7	9	10	11	12	14	
0	1	2	3	4	5	6	8	9	11	12	14	
0	1	4	5	7	8	9	10	11	12	14	
0	2	3	5	7	8	9	10	11	12	13	14	
1	3	4	6	7	8	9	10	11	12	13	14	
1	2	3	4	5	7	8	9	10	11	12	13	
0	1	2	3	4	6	7	9	10	11	12	13	
0	2	3	4	5	6	7	9	11	12	14	
0	1	2	4	5	6	8	9	10	11	13	14	
0	1	2	3	5	6	7	8	10	12	13	
0	1	2	3	5	6	7	8	9	10	11	12	
0	1	2	4	5	6	7	8	9	10	13	14	
1	2	4	5	7	8	9	10	11	12	13	14	
0	1	3	5	6	7	8	10	12	13	14	
0	1	2	3	4	7	8	9	10	11	12	
0	1	2	3	4	5	6	7	8	10	13	14	
0	1	3	4	6	7	9	10	11	13	14	
0	1	2	5	7	8	9	10	11	13	14	
0	2	3	5	6	7	8	10	11	13	14	
1	2	3	4	6	7	9	11	12	13	14	
0	1	2	3	6	7	8	9	12	13	14	
0	1	3	4	5	8	9	10	11	12	14	
1	2	3	4	5	6	7	9	10	12	13	14	
0	1	2	4	5	6	7	10	12	13	14	
1	2	4	5	7	8	9	10	11	12	13	14	
0	1	2	3	4	5	6	8	10	11	13	14	
0	2	3	5	7	8	9	10	11	13	14	
0	2	4	5	8	9	10	11	12	13	14	
0	2	3	4	5	6	7	8	9	10	12	13	
0	2	3	4	5	7	8	9	10	11	12	13	
0	1	2	4	6	7	8	10	12	13	14	
0	1	2	3	4	5	6	8	10	11	13	14	
0	2	5	6	7	8	9	10	11	12	14	
0	2	3	4	6	7	8	9	10	12	13	14	
0	1	2	4	5	7	8	9	11	12	13	14	
0	1	2	3	5	6	7	8	9	10	11	13	
0	1	2	3	4	5	6	8	10	11	13	14	
1	2	3	5	7	8	9	10	12	13	14	
0	2	3	4	5	7	8	9	11	12	13	
0	1	2	3	4	5	6	7	10	12	13	14	
1	3	4	5	6	7	8	9	10	11	13	14	
0	3	4	5	6	7	8	9	11	12	13	14	
2	3	4	5	6	7	8	10	11	12	13	14	
0	1	2	3	5	6	7	9	10	11	12	14	
0	1	2	3	5	6	7	9	10	11	13	14	
0	1	2	3	4	6	7	8	9	10	13	14	
0	1	2	3	4	5	7	8	11	12	13	14	
0	1	3	4	5	6	7	9	11	12	13	14	
0	1	2	4	5	7	8	10	11	12	14	
0	2	3	4	5	6	7	8	9	11	12	14	
0	2	3	4	5	6	7	8	9	10	12	13	
0	1	2	3	4	5	6	9	11	12	13	14	
0	1	4	6	7	8	9	10	12	13	14	
1	2	3	4	6	7	8	9	11	12	13	14	
0	1	3	4	5	6	7	8	9	10	11	12	
2	3	4	5	6	8	9	11	12	13	14	
1	2	3	6	7	8	9	10	12	13	14	
0	2	4	5	6	7	8	9	11	12	13	14	
1	2	3	6	7	8	9	11	12	13	14	
0	2	4	5	6	8	9	10	11	12	13	14	
0	1	2	3	5	6	7	8	9	12	13	14	
0	1	2	3	4	5	6	8	9	11	12	13	
0	1	2	4	5	6	7	8	11	13	14	
0	1	3	4	5	6	7	8	10	11	13	
0	1	2	3	4	6	7	8	10	11	13	14	
0	1	2	3	4	7	8	9	12	13	14	
0	1	2	3	4	5	8	10	11	12	13	14	
0	1	2	3	4	6	7	8	9	11	12	13	
0	1	2	3	4	6	7	8	9	11	12	14	
1	3	4	6	7	8	9	10	12	13	14	
1	2	4	5	6	7	8	9	10	12	14	
0	1	2	5	6	7	8	9	10	11	13	
1	2	4	5	6	7	8	10	12	13	14	
1	2	3	4	6	7	8	9	11	12	13	14	
0	1	2	4	5	6	7	9	10	11	13	14	
0	1	2	4	6	7	9	10	11	12	14	
1	2	3	6	7	8	9	11	12	13	14	
0	2	3	4	6	7	8	10	11	12	13	14	
1	3	4	5	6	7	8	9	10	11	12	13	
1	2	4	5	6	7	9	10	11	13	14	
0	1	2	3	6	7	8	9	11	12	13	14	
0	1	2	3	4	5	6	8	9	10	13	14	
0	2	3	4	5	6	7	9	10	11	12	14	
0	1	2	3	4	5	7	8	9	11	12	14	
1	2	4	5	6	7	8	9	11	12	13	
0	2	3	5	6	7	9	11	12	13	14	
0	1	2	3	4	6	7	8	10	12	13	
0	4	5	6	7	8	9	10	11	12	14	
2	3	4	5	6	7	8	9	10	12	13	14	
0	2	3	6	7	8	9	10	11	12	13	
0	1	2	5	7	8	9	10	11	13	14	
1	3	4	5	6	7	8	9	10	13	14	
0	1	2	4	5	6	7	8	9	11	12	14	
0	1	2	6	7	8	9	10	11	12	14	
1	2	3	4	6	7	9	10	11	12	13	14	
0	1	2	4	5	7	8	10	11	12	13	14	
1	2	3	4	6	7	8	9	11	12	13	14	
0	2	3	5	7	8	10	11	12	13	14	
2	3	4	5	6	7	8	9	10	12	13	14	
0	1	2	3	4	6	7	8	9	11	14	
3	4	5	6	7	8	9	10	11	13	14	
0	2	4	5	6	7	8	9	10	11	13	14	
0	1	2	3	4	5	6	7	8	10	13	14	
0	2	3	4	5	6	8	9	10	11	12	14	
0	1	3	4	5	7	8	9	10	11	12	14	
0	2	3	5	6	7	8	10	11	12	13	14	
1	2	3	4	5	6	7	9	10	11	12	
1	4	5	6	7	8	10	11	12	13	14	
0	1	2	5	7	8	9	10	11	12	13	
1	2	3	5	6	7	8	11	12	13	14	
0	1	2	3	5	7	8	11	12	13	14	
0	1	2	3	4	5	6	7	9	11	12	14	
0	2	3	6	7	8	9	10	12	13	14	
2	3	4	5	6	7	8	11	12	13	14	
0	1	2	3	4	7	10	11	12	13	14	
0	3	4	5	6	7	8	9	10	12	13	14	
0	1	2	3	4	5	7	8	12	13	14	
0	1	2	3	4	5	6	10	11	12	13	14	
0	1	2	3	5	6	7	8	9	10	12	13	
0	1	2	3	4	5	6	8	10	13	14	
0	1	3	4	5	7	8	9	11	13	14	
0	1	3	4	5	6	9	10	12	13	14	
1	2	3	4	5	6	8	10	11	13	14	
0	1	2	4	7	8	9	10	11	12	14	
0	1	2	5	6	7	9	11	12	13	14	
1	3	4	5	6	7	8	10	11	13	14	
0	1	2	3	4	5	9	10	11	12	14	
2	3	5	6	7	8	9	10	11	12	13	14	
0	1	3	4	8	9	10	11	12	13	14	
0	1	2	3	4	5	7	9	10	12	14	
1	2	3	4	5	6	7	8	9	11	12	13	
0	2	3	4	6	7	8	10	11	12	13	
1	2	3	6	8	9	10	11	12	13	14	
1	2	3	4	5	7	8	9	11	13	14	
0	1	2	3	4	5	6	8	9	10	12	
1	3	4	5	6	7	8	9	10	11	13	
0	1	2	4	5	8	9	11	12	13	14	
0	1	3	4	5	7	8	10	11	12	14	
0	1	3	4	5	6	7	10	11	12	14	
0	1	2	5	7	9	10	11	12	13	14	
1	3	5	6	8	9	10	11	12	13	14	
0	2	3	4	5	6	7	9	11	13	14	
0	2	3	4	6	7	8	10	12	13	14	
0	1	2	3	5	6	7	8	9	11	12	13	
0	1	2	4	5	6	7	8	9	10	12	
1	3	4	7	8	9	10	11	12	13	14	
0	2	3	4	5	7	8	9	10	11	14	
1	2	3	4	5	6	9	10	11	12	13	14	
1	2	4	6	7	9	10	11	12	13	14	
0	1	3	4	5	6	7	9	10	11	12	14	
1	3	5	6	7	8	9	10	11	12	14	
2	3	4	6	7	8	9	10	11	12	14	
0	2	3	4	5	6	7	9	11	12	13	14	
0	2	4	5	6	7	8	9	11	12	13	14	
0	1	2	3	4	8	9	10	11	12	13	14	
0	1	2	3	4	5	6	8	9	10	11	12	
0	2	3	4	5	6	8	9	10	11	12	13	
0	1	2	5	6	8	9	10	11	12	13	14	
0	1	4	5	6	7	8	9	11	12	14	
0	1	2	3	4	5	8	9	10	11	12	13	
0	1	2	5	6	7	8	10	11	12	13	
1	2	3	5	6	7	8	9	10	11	12	13	
0	2	3	4	5	6	7	8	10	12	13	14	
0	1	2	3	4	5	7	9	10	11	12	14	
0	1	3	4	5	7	8	11	12	13	14	
0	2	3	4	5	6	7	8	9	13	14	
0	1	2	3	4	5	6	8	9	11	13	
0	2	4	6	7	8	9	10	11	12	14	
0	1	2	3	5	6	7	9	10	11	13	
1	2	3	4	5	6	8	9	12	13	14	
0	2	4	5	6	7	8	10	11	12	13	14	
0	1	3	5	6	8	9	11	12	13	14	
0	1	2	3	6	7	9	10	11	12	13	
0	1	3	4	5	6	10	11	12	13	14	
0	1	2	3	4	5	6	7	8	9	11	13	
0	1	2	3	4	6	7	8	9	11	14	
2	3	4	6	7	8	9	10	11	12	13	
0	1	2	3	5	7	8	9	12	13	14	
0	1	2	3	4	5	7	8	9	11	13	14	
0	1	2	3	4	5	6	7	10	11	12	
1	3	4	5	6	7	8	9	11	12	13	
0	1	2	4	5	7	9	10	11	12	13	14	
0	1	2	3	4	6	7	8	10	11	12	14	
0	1	2	4	5	6	7	8	9	10	12	14	
0	1	2	4	5	7	8	9	10	11	13	14	
0	1	2	3	4	5	6	7	9	10	12	13	
0	2	3	4	5	7	8	9	10	11	13	14	
2	3	4	5	6	7	8	9	10	11	13	14	
0	2	3	4	5	6	8	10	12	13	14	
0	1	3	5	6	7	9	10	11	12	14	
0	1	3	4	5	6	8	9	10	12	13	14	
0	1	3	4	6	7	8	10	11	13	14	
0	2	3	4	5	8	9	11	12	13	14	
0	3	4	6	7	8	9	10	11	12	13	14	
0	1	3	4	5	9	10	11	12	13	14	
1	3	4	5	6	7	8	10	11	12	13	14	
0	1	2	4	5	6	7	10	11	12	13	
0	2	3	4	5	6	8	10	11	12	14	
0	1	2	3	5	6	7	10	12	13	14	
1	4	5	6	7	8	9	10	12	13	14	
0	1	5	6	7	8	9	10	11	12	13	
0	2	3	4	5	6	8	10	11	12	13	14	
0	1	2	3	5	7	8	9	10	11	12	14	
0	3	4	5	6	7	9	10	11	12	14	
0	1	3	5	7	8	9	10	11	12	13	
0	1	3	4	6	7	8	9	10	11	12	14	
0	1	2	3	7	8	9	10	12	13	14	
0	1	2	3	4	5	6	8	10	11	12	13	
0	1	3	5	7	8	9	10	11	12	13	14	
0	1	3	4	5	8	9	10	11	13	14	
0	4	5	7	8	9	10	11	12	13	14	
0	1	3	6	7	9	10	11	12	13	14	
0	1	2	4	5	6	9	10	11	12	13	14	
0	1	3	4	5	6	7	9	10	12	13	14	
1	2	3	4	5	6	7	9	10	12	13	14	
0	1	3	4	5	8	10	11	12	13	14	
0	1	2	3	4	5	7	8	9	11	14	
0	2	4	6	7	8	10	11	12	13	14	
0	1	3	5	6	7	8	9	10	12	13	14	
0	2	3	4	5	7	8	10	11	13	14	
0	1	2	3	6	7	8	9	10	11	12	13	
0	1	2	3	4	5	7	8	9	11	12	13	
0	1	2	4	6	7	8	9	10	11	12	14	
0	1	2	3	4	5	7	8	10	11	13	14	
1	3	4	5	6	7	8	9	10	11	12	
0	1	3	4	5	6	8	9	10	13	14	
0	1	2	4	5	6	7	10	11	12	13	14	
0	1	2	3	5	7	8	9	11	12	13	14	
0	1	2	3	4	5	7	8	9	10	11	13	
0	1	2	3	4	5	6	8	9	10	11	12	
0	1	2	3	4	6	8	9	11	12	14	
0	2	3	4	7	9	10	11	12	13	14	
0	1	2	3	4	6	7	8	10	11	13	14	
0	2	3	4	5	6	7	9	10	11	12	14	
1	3	4	5	6	7	8	9	11	12	13	14	
0	1	2	3	4	5	7	9	10	11	13	14	
1	2	4	5	6	7	9	10	11	12	13	14	
0	3	4	5	6	8	9	10	11	12	14	
0	1	2	3	4	5	6	8	10	11	13	
1	2	4	5	8	9	10	11	12	13	14	
0	1	5	6	8	9	10	11	12	13	14	
0	1	3	4	5	6	7	8	9	11	12	13	
0	1	2	3	5	7	9	10	11	12	13	14	
0	1	2	4	5	6	7	8	10	11	12	13	
0	1	3	4	6	8	10	11	12	13	14	
0	1	2	3	4	6	8	9	10	11	12	
0	2	3	4	6	7	8	10	11	13	14	
0	2	3	5	6	7	9	10	11	12	14	
0	1	3	5	6	7	8	9	10	11	13	14	
0	2	3	4	5	6	7	8	9	10	12	13	
0	2	3	4	5	7	9	10	11	12	13	14	
0	1	3	4	5	6	7	8	9	11	12	14	
0	2	3	6	7	8	9	10	11	12	14	
0	1	2	3	4	5	6	7	10	12	13	14	
0	1	2	4	5	6	7	8	9	11	12	13	
0	1	2	5	6	7	8	9	10	12	13	14	
0	2	3	4	6	7	8	11	12	13	14	
0	2	3	5	6	7	9	10	11	12	13	14	
0	1	2	3	4	5	6	8	9	12	14	
0	2	4	5	6	7	8	10	11	12	13	14	
1	2	4	7	8	9	10	11	12	13	14	
0	1	2	3	4	6	7	8	9	10	12	14	
0	1	2	3	5	7	9	11	12	13	14	
0	1	3	4	6	7	8	10	11	13	14	
1	3	4	6	7	8	10	11	12	13	14	
0	1	2	3	5	6	7	8	9	11	12	14	
0	1	4	5	6	7	8	9	10	12	13	14	
1	2	4	5	7	8	9	10	11	12	13	14	
0	1	2	3	5	6	7	8	9	10	12	14	
0	2	3	5	6	7	8	10	11	12	14	
1	2	3	5	6	8	9	10	11	12	13	
0	1	3	5	6	7	9	11	12	13	14	
2	3	4	5	6	7	8	10	11	12	13	
1	2	3	4	5	6	9	10	11	12	13	14	
0	1	2	4	6	7	9	10	11	12	13	
1	2	3	4	5	6	7	8	9	10	12	13	
0	1	2	3	4	5	6	9	10	11	12	13	
2	3	4	5	6	7	8	9	11	12	13	
0	2	3	4	5	7	8	10	11	12	13	14	
0	1	2	3	5	7	8	9	10	11	12	13	
1	2	4	6	7	8	9	11	12	13	14	
0	1	2	3	4	5	7	8	9	10	11	12	
0	2	3	4	6	8	9	10	11	12	13	14	
0	1	4	6	7	8	9	11	12	13	14	
0	2	3	4	5	6	7	8	9	11	13	14	
0	1	2	4	6	7	8	9	10	11	12	14	
0	3	4	5	7	8	9	10	12	13	14	
1	2	3	5	6	7	8	9	10	12	13	14	
0	1	2	3	4	5	6	9	10	11	13	
1	2	3	4	6	7	9	10	11	12	13	14	
0	1	2	4	5	6	7	8	9	10	11	14	
1	2	4	5	6	7	9	11	12	13	14	
0	1	3	5	6	7	8	9	10	11	13	14	
0	2	5	7	8	9	10	11	12	13	14	
1	2	4	5	6	7	9	10	11	12	13	
0	1	2	3	4	5	6	8	9	10	12	
0	3	4	6	7	8	9	10	11	12	13	
0	2	3	4	5	7	8	9	10	11	13	14	
0	2	3	5	6	7	8	9	11	12	13	
0	1	3	4	5	6	7	8	11	12	13	14	
0	1	2	3	4	5	6	10	11	12	13	14	
0	1	3	4	5	7	8	9	10	12	14	
2	3	4	6	7	8	9	10	11	12	14	
0	2	4	5	6	7	8	9	10	11	13	
0	1	2	3	6	7	8	9	10	11	13	14	
0	2	4	5	6	8	9	10	11	12	13	14	
0	2	3	4	5	6	9	10	11	12	13	
0	3	4	6	7	8	9	10	11	12	13	14	
1	2	3	4	5	7	8	9	10	11	12	14	
0	1	2	3	4	6	7	9	10	11	13	14	
0	1	2	4	5	6	7	8	9	13	14	
1	3	4	5	6	8	9	10	12	13	14	
1	2	4	5	6	7	8	9	10	11	13	14	
0	2	3	4	5	6	7	8	11	12	13	14	
0	2	3	6	7	8	9	10	11	12	13	14	
0	1	2	3	4	5	6	7	10	11	12	13	
1	2	3	4	5	7	8	11	12	13	14	
0	1	2	3	4	5	6	7	10	13	14	
3	4	6	7	8	9	10	11	12	13	14	
0	2	4	5	6	7	8	9	10	12	13	14	
0	2	3	5	6	7	8	10	11	12	14	
0	1	3	5	7	8	9	10	11	12	13	14	
0	1	4	5	6	7	8	9	11	12	13	14	
1	3	4	5	6	7	8	10	12	13	14	
0	1	3	4	5	6	7	8	9	11	12	
0	1	2	3	6	7	8	10	11	13	14	
0	1	2	3	4	5	6	7	9	10	12	13	
0	2	3	4	5	6	8	9	10	11	13	14	
0	1	3	4	5	6	9	10	11	12	14	
1	2	3	4	5	6	8	10	11	12	13	14	
0	1	2	4	5	6	9	10	11	12	14	
1	3	4	5	7	8	9	10	11	12	13	14	
0	1	2	3	4	5	6	7	9	10	11	12	
0	1	2	4	5	6	7	10	11	12	13	14	
0	1	2	4	5	6	7	11	12	13	14	
0	1	3	4	5	6	7	8	9	10	11	
0	1	3	4	6	7	8	9	11	12	14	
0	1	2	3	4	5	8	9	10	11	13	14	
0	1	3	4	5	7	8	9	10	11	12	13	
2	3	4	5	6	7	8	9	10	11	12	13	
0	2	5	6	7	8	9	10	11	12	13	
0	1	3	4	5	8	9	10	11	12	14	
0	1	3	4	5	6	7	9	12	13	14	
0	1	2	3	5	6	7	8	9	10	14	
0	3	4	5	6	8	9	10	11	12	14	
1	3	4	5	6	7	8	9	10	11	14	
0	1	4	5	6	7	8	10	11	12	14	
1	2	3	4	6	7	9	10	11	12	13	14	
0	1	2	3	4	5	7	9	11	12	13	14	
0	1	2	3	4	5	9	10	11	12	13	
0	1	2	4	5	7	8	10	11	12	14	
0	2	3	4	5	7	9	10	11	12	13	
0	1	2	3	4	5	6	7	9	10	11	14	
0	1	3	4	6	7	8	9	10	11	13	14	
0	1	2	4	5	7	9	10	12	13	14	
0	2	3	4	5	6	8	9	10	11	14	
0	2	3	4	5	6	7	8	9	11	12	13	
0	1	2	3	4	5	7	8	9	10	12	14	
0	2	3	4	5	6	8	9	10	11	13	
0	1	3	4	5	6	7	8	10	12	13	14	
1	2	3	4	5	8	9	10	12	13	14	
0	1	2	3	4	5	6	7	9	10	12	13	
0	1	2	4	5	6	8	11	12	13	14	
0	1	2	3	6	7	8	9	10	11	12	14	
0	1	2	3	4	5	6	10	11	13	14	
0	2	3	4	7	8	9	10	11	12	13	14	
1	2	3	4	5	6	8	9	10	11	13	14	
0	1	4	6	7	8	9	10	11	12	14	
0	1	2	4	5	6	8	9	10	11	13	
0	1	3	4	5	6	7	9	10	11	13	14	
0	1	3	4	5	6	7	9	11	12	13	
1	2	4	5	6	8	9	10	11	12	13	14	
1	3	4	5	6	8	9	10	11	12	13	
1	2	3	4	5	6	8	9	10	11	12	
1	2	4	5	6	7	8	9	10	11	13	14	
0	1	3	4	5	6	7	8	9	10	14	
0	1	2	4	7	9	10	11	12	13	14	
0	1	2	3	4	5	6	8	9	11	13	
0	1	2	4	5	6	7	9	11	12	13	14	
1	2	3	4	5	6	8	10	11	12	13	
0	1	2	3	4	7	9	10	11	12	13	14	
0	1	2	3	4	5	7	8	10	11	14	
0	1	2	5	6	8	9	10	11	13	14	
0	2	3	4	5	7	8	9	11	13	14	
0	1	2	3	4	5	7	8	9	10	11	14	
0	2	3	4	5	6	7	8	9	11	14	
0	1	2	3	4	6	7	9	10	11	13	
0	2	3	4	5	6	8	10	11	12	13	
1	2	4	5	6	7	8	9	10	12	13	14	
0	1	2	3	4	6	7	9	10	11	13	14	
0	1	2	4	5	6	7	8	9	10	14	
0	1	3	4	6	7	9	10	11	12	13	14	
0	1	2	3	4	5	6	10	11	12	13	
0	2	4	5	6	7	10	11	12	13	14	
0	1	3	4	5	8	9	10	11	12	13	14	
1	3	4	5	6	8	9	11	12	13	14	
0	1	3	5	7	8	10	11	12	13	14	
0	1	2	3	4	5	6	7	8	9	10	13	
2	3	4	5	6	8	9	10	11	12	13	14	
0	1	2	3	4	5	6	7	10	11	12	13	
1	2	3	5	6	7	9	10	11	12	13	14	
0	1	2	3	4	5	8	9	10	11	12	14	
0	1	3	5	6	8	9	10	11	12	13	14	
0	1	3	4	5	7	8	9	11	12	13	14	
0	1	2	4	5	6	8	10	11	12	13	
1	2	3	4	6	7	8	9	11	12	13	14	
0	1	2	3	5	6	9	10	11	12	13	14	
0	1	4	5	7	8	9	11	12	13	14	
0	1	2	3	4	5	7	8	9	11	12	13	
0	3	4	5	6	7	8	9	11	13	14	
1	2	3	4	5	7	9	10	11	12	13	14	
0	1	2	3	4	8	9	10	11	13	14	
0	1	2	3	4	6	7	8	9	10	13	14	
0	1	2	4	5	6	7	8	10	12	13	14	
1	3	4	6	7	8	9	10	11	12	13	14	
1	2	4	6	7	8	9	10	11	13	14	
0	2	3	5	6	7	9	10	11	12	13	14	
0	2	4	5	6	7	8	9	10	12	13	14	
0	1	2	3	4	5	7	8	9	10	11	
0	1	2	3	4	8	9	10	11	13	14	
0	1	2	3	4	5	7	9	10	11	12	14	
0	2	3	4	5	6	9	10	11	12	13	14	
0	1	2	4	5	8	9	11	12	13	14	
0	1	2	3	4	5	6	8	10	11	12	14	
0	1	3	4	5	6	7	8	9	11	13	14	
0	1	2	3	5	6	7	10	11	13	14	
0	2	3	5	6	7	8	9	11	13	14	
1	3	5	6	7	8	9	10	11	12	13	14	
0	1	2	3	5	6	8	9	10	12	13	14	
1	2	3	4	5	6	8	9	10	13	14	
0	1	2	4	5	6	9	11	12	13	14	
0	1	2	3	5	6	7	9	10	13	14	
0	1	2	3	5	6	7	8	11	12	13	14	
0	1	3	5	6	7	8	9	10	13	14	
0	3	4	5	6	7	8	9	10	11	12	14	
0	1	2	3	5	6	7	8	9	11	12	13	
0	2	3	4	5	8	9	10	11	12	13	14	
0	1	2	4	5	6	7	8	9	11	14	
0	1	2	3	4	5	6	7	8	11	12	13	
0	1	2	3	5	7	8	9	10	11	13	14	
1	2	3	4	7	8	9	11	12	13	14	
0	2	3	4	5	6	7	10	11	12	13	14	
0	1	3	4	5	6	9	10	11	12	13	
0	1	4	5	6	8	9	10	11	12	14	
0	3	4	5	6	8	9	10	11	13	14	
0	1	2	4	5	7	8	9	10	11	13	14	
0	1	2	3	4	6	8	9	10	11	12	13	
1	3	4	5	7	8	9	10	12	13	14	
0	1	2	3	4	5	6	10	11	12	13	
0	1	3	4	5	7	8	10	11	13	14	
2	3	4	5	6	7	8	9	11	12	14	
0	1	4	5	6	7	8	9	11	12	13	14	
0	1	2	3	4	5	6	8	9	10	13	14	
1	2	4	5	6	7	8	9	10	11	12	
0	1	2	3	4	6	7	8	9	10	11	13	
0	1	3	4	5	6	7	8	9	10	11	13	
0	1	2	3	5	7	8	9	10	11	12	13	
1	2	3	5	6	7	9	10	11	12	13	14	
0	2	3	4	5	6	8	9	10	11	13	
0	1	2	4	5	6	7	8	10	11	12	
0	2	3	4	5	6	9	10	12	13	14	
1	2	3	4	5	6	8	9	11	12	14	
0	1	2	3	4	5	6	7	8	9	10	13	
0	1	2	5	6	7	8	9	11	13	14	
0	1	3	4	5	8	9	10	11	13	14	
0	1	3	4	5	6	7	9	11	13	14	
1	3	4	5	6	8	9	10	11	12	13	
0	3	6	7	8	9	10	11	12	13	14	
0	1	3	5	6	7	8	9	10	11	13	14	
0	1	3	4	5	7	8	9	10	12	13	14	
0	1	4	5	6	7	8	10	11	12	13	14	
0	1	2	3	4	5	6	8	9	11	13	14	
0	1	2	3	4	5	6	7	8	9	12	14	
1	2	3	6	7	8	9	11	12	13	14	
1	2	3	4	5	6	7	8	12	13	14	
0	3	5	6	7	8	9	10	11	12	14	
0	1	2	3	4	7	8	9	10	11	12	13	
1	2	3	5	6	7	9	10	11	12	13	14	
0	1	2	3	5	6	7	8	10	11	12	13	
1	4	5	6	7	8	9	10	11	12	13	14	
0	1	2	3	4	5	6	7	11	12	14	
0	1	2	3	5	6	7	10	11	12	13	14	
0	1	2	3	6	7	8	9	10	11	12	
0	5	6	7	8	9	10	11	12	13	14	
0	2	4	6	7	8	9	10	11	12	13	
0	2	3	5	6	7	8	9	11	12	13	14	
0	2	3	4	5	6	7	8	10	11	12	13	
0	2	3	4	5	7	8	9	11	12	14	
2	4	5	6	7	8	9	10	12	13	14	
1	2	4	5	8	9	10	11	12	13	14	
0	1	2	3	4	6	7	8	9	11	13	14	
0	1	2	3	4	5	7	10	11	13	14	
0	2	3	4	6	7	8	9	10	13	14	
0	1	2	3	6	8	9	10	12	13	14	
0	1	3	4	5	6	8	9	10	12	13	
0	1	2	3	4	6	8	9	10	11	12	
0	1	2	4	5	6	7	8	9	10	12	14	
0	2	3	4	6	7	8	9	10	12	14	
0	1	2	3	4	5	6	7	8	9	11	14	
0	1	2	3	5	7	8	9	10	13	14	
0	1	3	4	5	7	8	9	11	12	13	14	
0	1	2	3	4	5	6	7	9	10	13	14	
0	1	2	3	4	6	7	8	10	12	14	
0	1	5	6	7	8	9	11	12	13	14	
0	3	4	5	6	7	8	10	11	13	14	
1	2	3	5	6	7	9	10	11	12	13	14	
0	1	2	3	5	6	7	9	10	11	14	
0	3	4	5	6	7	8	9	10	11	12	14	
1	3	4	5	6	7	8	9	10	11	12	13	
0	2	3	4	5	6	7	8	9	13	14	
0	1	2	3	4	5	7	8	9	11	12	13	
0	2	3	4	5	7	8	9	10	11	13	
3	4	5	6	7	8	9	11	12	13	14	
3	4	5	6	7	8	9	10	11	12	13	
2	4	5	7	8	9	10	11	12	13	14	
0	1	3	4	5	7	8	11	12	13	14	
0	2	3	5	6	7	8	9	10	12	13	14	
0	1	2	3	4	5	6	9	11	12	14	
1	3	4	7	8	9	10	11	12	13	14	
0	2	3	4	5	8	9	10	11	12	13	
0	1	2	3	4	5	6	7	10	12	13	14	
0	1	3	4	5	7	8	10	11	12	13	
0	1	2	4	6	8	9	10	11	12	13	
1	2	3	4	5	6	7	8	9	10	11	13	
0	1	2	3	4	5	6	7	8	11	12	13	
0	1	2	3	4	6	7	8	10	11	12	14	
0	1	2	4	5	6	7	8	9	10	12	13	
0	2	3	5	6	8	9	10	11	12	13	14	
0	1	2	6	7	8	9	10	11	12	14	
2	3	4	5	7	8	9	10	11	12	13	14	
0	1	2	3	4	5	6	7	8	9	10	13	
0	1	2	3	4	6	9	10	11	12	13	14	
0	2	3	5	6	8	9	11	12	13	14	
0	1	2	5	6	7	8	9	10	11	12	14	
0	2	3	5	6	8	9	10	11	12	14	
1	2	3	4	5	7	8	10	11	12	14	
0	1	2	5	6	7	8	10	12	13	14	
0	1	2	4	5	6	7	8	9	11	12	14	
0	1	2	4	5	6	7	10	11	12	14	
0	1	2	3	4	7	8	9	10	11	12	14	
0	1	2	3	5	8	9	10	12	13	14	
0	1	4	5	7	8	9	10	11	13	14	
0	1	2	3	4	6	8	9	10	11	13	14	
0	1	2	4	7	8	9	10	11	13	14	
1	2	4	5	6	7	8	11	12	13	14	
0	1	2	3	6	8	10	11	12	13	14	
0	1	5	6	7	8	9	10	11	12	14	
0	1	2	3	5	7	8	10	11	12	13	14	
0	1	2	4	5	6	7	9	11	12	13	14	
0	1	2	4	5	6	7	8	9	10	12	13	
0	2	3	4	5	6	7	8	9	10	11	14	
0	1	2	3	4	5	6	7	8	9	10	12	
0	1	2	3	5	6	7	10	11	12	13	14	
0	1	4	5	6	7	9	10	11	13	14	
0	1	4	7	8	9	10	11	12	13	14	
0	1	2	3	4	5	6	7	8	12	13	
0	1	3	4	5	6	7	8	10	12	13	14	
1	3	4	5	8	9	10	11	12	13	14	
0	3	4	5	7	8	9	10	11	13	14	
0	2	4	5	6	7	8	9	11	13	14	
0	1	2	3	4	5	6	7	8	10	13	
0	2	3	5	6	7	9	10	11	12	13	14	
0	2	3	4	5	7	8	9	10	12	13	
1	2	3	4	5	6	7	8	9	10	11	13	
0	3	4	5	6	7	9	11	12	13	14	
0	1	2	4	5	6	7	8	10	11	12	14	
0	1	2	3	4	5	7	8	9	10	14	
0	1	3	4	6	7	8	10	11	12	13	14	
0	1	2	3	7	8	9	10	12	13	14	
1	2	4	6	7	8	9	10	11	12	13	14	
0	1	2	6	7	9	10	11	12	13	14	
0	1	2	3	4	6	7	9	11	12	14	
0	1	5	6	7	8	9	10	11	12	14	
0	1	3	6	7	8	9	10	11	12	14	
1	2	3	4	5	6	7	10	12	13	14	
0	1	3	4	6	7	10	11	12	13	14	
0	1	3	5	7	8	9	11	12	13	14	
0	2	3	4	5	6	7	9	10	12	14	
0	1	2	3	5	6	8	9	10	11	12	
0	1	3	4	5	6	7	9	10	12	14	
0	1	2	3	5	6	8	9	10	12	14	
0	1	3	4	5	6	7	8	9	12	14	
1	2	3	4	5	6	7	8	9	12	13	14	
1	2	4	5	6	7	9	10	11	12	13	
0	2	3	4	5	6	9	10	12	13	14	
0	1	2	3	4	6	7	8	9	10	12	14	
1	2	4	5	6	7	8	9	10	11	12	13	
1	2	3	5	6	7	8	9	10	12	13	14	
0	1	2	3	4	6	8	10	11	12	13	14	
0	2	3	5	6	8	9	10	11	12	13	14	
1	3	4	5	7	8	9	10	11	13	14	
0	1	2	3	4	6	7	8	9	11	12	
0	1	5	6	7	8	9	10	11	12	13	
0	1	2	3	4	5	6	11	12	13	14	
0	1	2	3	4	6	7	9	10	11	13	14	
0	1	2	3	4	5	7	8	9	11	12	14	
2	4	5	6	7	8	9	10	11	12	13	14	
0	3	4	5	6	7	8	9	10	12	13	
0	2	3	4	5	6	7	8	9	13	14	
0	1	2	3	4	5	6	7	8	9	11	13	
1	2	3	4	5	7	8	10	11	12	13	14	
0	1	2	4	5	8	9	10	11	12	13	14	
1	2	3	4	5	6	8	10	11	12	14	
0	1	3	5	6	7	9	10	11	12	14	
0	1	2	3	4	5	6	7	8	11	12	
1	3	4	5	6	7	8	10	11	12	13	14	
0	1	2	3	4	5	6	7	8	10	13	14	
1	3	4	5	7	8	9	10	12	13	14	
0	1	5	6	7	8	9	10	11	12	13	
0	1	2	3	4	5	6	7	9	10	13	14	
0	1	3	4	5	6	9	10	11	12	13	14	
0	1	2	4	5	9	10	11	12	13	14	
0	1	4	5	6	7	8	9	10	11	12	13	
0	1	3	4	8	9	10	11	12	13	14	
0	1	2	3	4	5	6	8	9	11	14	
0	1	2	3	4	5	6	7	8	10	11	12	
0	1	2	4	5	6	8	9	10	11	12	13	
0	2	3	4	5	6	7	9	10	11	13	
0	1	2	3	5	7	8	9	10	11	14	
0	1	2	4	7	8	9	10	11	12	13	
2	3	4	5	6	7	8	9	10	11	13	14	
0	1	3	4	5	6	7	10	11	12	13	
0	1	2	3	5	7	8	9	11	13	14	
0	1	2	4	5	6	7	11	12	13	14	
0	2	4	5	6	8	9	11	12	13	14	
0	1	4	5	7	8	9	10	12	13	14	
0	1	2	3	4	6	7	8	10	11	12	14	
0	1	4	5	6	7	8	10	11	12	13	14	
0	1	2	3	4	5	6	8	9	13	14	
0	1	2	3	4	6	7	9	11	13	14	
0	1	2	3	4	5	6	8	9	10	11	12	
1	2	3	4	5	7	8	9	11	12	13	
1	2	3	4	6	8	10	11	12	13	14	
0	1	2	3	5	6	7	9	11	13	14	
0	1	2	4	5	6	8	9	11	12	14	
1	3	4	5	6	8	9	10	11	12	13	
0	1	2	4	6	7	8	9	10	11	12	
1	2	4	5	6	8	9	10	11	12	13	14	
0	1	3	4	5	6	7	8	9	10	11	12	
0	1	2	3	4	5	6	8	9	10	11	13	
0	1	2	3	4	5	6	8	10	11	12	14	
0	1	3	5	6	7	8	9	10	11	12	14	
0	2	3	4	5	7	8	10	11	13	14	
1	2	4	5	7	8	9	10	11	12	13	14	
1	2	3	5	6	8	9	11	12	13	14	
0	1	3	4	5	6	8	9	12	13	14	
0	2	3	4	5	6	7	8	9	11	12	14	
0	2	3	4	5	7	8	9	10	11	12	14	
2	4	5	6	7	8	10	11	12	13	14	
0	1	3	4	6	7	8	10	11	12	13	14	
1	2	3	5	6	7	8	9	11	13	14	
1	2	3	4	6	7	8	9	10	11	12	13	
1	2	3	4	5	7	8	9	12	13	14	
0	1	2	3	4	5	6	7	8	9	10	14	
1	2	3	5	6	7	8	9	10	11	12	14	
0	1	2	5	6	7	8	9	10	11	14	
0	1	2	3	4	6	7	8	9	11	13	14	
0	2	3	4	5	6	7	8	9	10	11	
0	1	2	3	4	5	6	8	9	11	12	14	
0	1	3	4	5	7	8	10	12	13	14	
1	2	3	4	7	8	9	10	11	12	13	
2	3	4	5	6	7	8	11	12	13	14	
2	3	4	6	7	8	9	10	11	12	13	14	
0	1	2	3	4	5	6	7	8	10	11	13	
0	3	4	5	6	7	8	9	10	11	12	13	
0	4	5	6	7	9	10	11	12	13	14	
0	1	2	3	4	5	7	10	11	13	14	
1	2	3	4	5	6	7	8	9	10	11	14	
0	1	2	3	4	6	8	9	10	11	13	14	
2	3	4	5	6	7	9	10	11	12	13	14	
0	2	3	4	6	7	8	10	12	13	14	
1	2	3	4	5	7	8	9	11	12	13	
0	1	2	3	5	7	9	10	11	12	13	14	
1	2	3	5	6	7	8	10	11	12	14	
0	1	2	4	5	7	8	9	11	12	13	14	
0	1	2	3	4	5	10	11	12	13	14	
0	2	4	5	6	7	8	9	10	12	13	14	
0	2	3	4	6	7	8	9	10	11	13	14	
0	2	3	4	5	6	7	8	11	12	13	14	
0	1	2	3	4	7	8	10	11	12	13	14	
0	1	2	3	6	8	9	10	11	12	13	14	
0	1	2	3	5	6	7	8	9	10	11	12	
1	2	3	4	6	7	8	9	11	13	14	
0	1	2	3	4	5	7	8	9	10	11	14	
0	2	3	4	5	6	8	9	10	11	12	14	
0	2	3	4	5	6	8	9	12	13	14	
0	1	3	4	5	6	8	9	11	12	14	
0	2	3	4	5	6	7	8	9	12	13	14	
3	4	5	6	7	8	9	11	12	13	14	
0	1	3	5	7	8	9	10	11	12	13	14	
0	3	4	5	6	7	9	10	11	12	13	14	
0	1	2	3	4	6	10	11	12	13	14	
0	1	2	3	4	5	6	7	10	11	12	
0	1	2	3	4	5	6	10	12	13	14	
0	3	4	5	6	7	8	9	10	11	12	14	
0	1	2	3	6	7	8	9	10	12	14	
0	1	2	3	4	6	7	9	10	11	12	14	
0	1	2	3	4	5	7	9	10	11	13	14	
0	2	3	4	5	6	7	8	9	10	13	
2	3	4	5	7	8	9	10	11	12	14	
0	2	3	4	5	6	8	9	10	11	12	13	
0	1	2	6	7	8	9	10	11	12	13	14	
0	3	5	6	7	8	9	11	12	13	14	
1	2	3	4	5	6	7	9	11	12	13	14	
0	1	2	3	4	5	6	8	9	10	11	
1	3	4	5	6	7	8	9	11	12	13	14	
0	2	3	4	5	7	8	9	11	12	13	14	
0	1	4	5	6	7	8	9	10	11	13	14	
0	1	4	5	6	8	9	11	12	13	14	
0	1	2	4	5	7	8	9	10	12	13	14	
1	2	3	4	5	7	8	9	10	13	14	
1	2	3	5	6	8	9	10	11	12	13	14	
0	2	3	4	6	8	9	10	11	12	13	14	
0	2	5	6	7	8	9	10	11	12	13	
0	1	2	3	4	5	6	9	10	11	12	13	
0	1	2	3	5	7	8	9	10	11	13	14	
0	2	3	4	5	6	7	8	10	11	12	13	
1	2	4	5	6	7	8	9	10	11	13	14	
0	1	2	3	4	6	9	10	11	12	13	
0	1	2	3	5	6	7	8	9	11	14	
0	1	2	3	5	6	7	8	11	12	13	14	
0	1	2	4	5	6	7	8	10	11	12	14	
0	1	2	4	5	6	7	8	9	10	13	14	
1	2	3	4	5	6	7	8	9	10	12	13	
0	1	2	3	5	7	9	10	11	12	13	14	
0	1	2	3	4	5	6	8	9	11	12	14	
0	2	3	5	6	7	8	9	10	12	13	14	
0	1	3	4	6	7	10	11	12	13	14	
0	2	3	4	5	6	9	10	11	12	13	14	
0	1	2	3	4	5	7	8	9	11	13	14	
0	1	2	4	5	6	8	9	10	11	14	
0	1	3	4	5	7	8	9	11	12	13	14	
1	2	3	4	5	7	8	9	10	11	12	14	
0	1	2	3	5	6	8	9	10	11	13	14	
1	2	3	4	5	8	9	10	12	13	14	
1	2	3	4	6	7	8	11	12	13	14	
1	2	3	4	5	6	9	10	11	12	14	
1	2	3	4	5	6	7	9	11	12	13	14	
1	2	4	5	6	7	8	9	10	11	12	14	
0	1	2	3	4	5	6	7	8	10	11	12	
0	1	2	5	6	7	8	9	10	11	12	13	
0	2	3	4	5	6	7	8	9	12	13	14	
0	2	4	5	6	7	10	11	12	13	14	
2	3	4	7	8	9	10	11	12	13	14	
0	1	2	3	6	7	8	9	10	11	13	14	
0	2	4	5	6	7	8	9	10	12	14	
0	1	2	3	4	5	6	9	10	12	14	
0	1	2	3	5	7	8	9	10	12	13	14	
0	1	2	4	5	6	9	10	11	13	14	
0	1	2	3	5	6	7	9	11	12	13	14	
0	2	3	4	5	7	8	9	11	12	14	
0	2	3	4	5	6	7	8	9	10	13	14	
0	1	2	4	5	6	8	10	11	12	13	
0	2	3	4	5	6	7	10	11	13	14	
1	2	3	4	5	7	8	9	10	11	12	
1	2	3	4	5	6	7	9	10	12	13	14	
0	3	4	5	7	8	9	10	11	12	13	
2	3	4	5	7	8	9	10	11	12	13	14	
0	1	3	4	5	7	8	9	11	12	13	14	
0	2	3	4	7	8	9	10	11	12	13	14	
0	1	3	4	5	7	8	9	10	11	12	13	
0	1	3	5	6	8	9	10	11	12	13	14	
0	2	3	5	6	7	8	10	11	12	13	14	
0	1	2	3	4	5	6	7	8	9	11	13	
0	1	2	3	6	7	9	10	11	12	13	
0	1	2	3	4	5	6	7	8	9	10	13	
0	1	2	3	4	7	8	9	11	12	13	14	
0	1	2	4	5	6	8	9	11	12	14	
0	2	4	6	7	8	9	10	11	12	13	14	
0	1	2	3	5	6	8	9	10	11	14	
1	2	4	6	7	8	9	10	11	12	13	14	
0	1	2	4	5	6	8	10	11	12	13	
0	2	4	5	6	8	9	10	11	12	13	14	
1	2	3	4	6	8	9	10	12	13	14	
0	1	2	3	4	5	7	8	9	10	12	13	
0	2	3	5	6	7	8	9	10	12	13	14	
3	5	6	7	8	9	10	11	12	13	14	
0	1	2	3	5	6	8	10	11	13	14	
1	3	4	5	7	8	9	10	11	12	13	14	
1	2	3	4	5	7	8	9	11	12	13	
0	1	2	3	4	6	7	8	9	10	11	12	
0	1	2	3	4	6	7	9	10	11	12	14	
0	1	2	3	4	7	8	9	11	12	13	14	
1	2	3	4	5	9	10	11	12	13	14	
0	1	2	3	4	5	6	9	10	11	12	
0	2	3	4	6	7	8	9	10	11	12	13	
0	1	2	3	5	6	8	9	10	11	13	
0	1	3	4	5	7	8	9	10	11	12	14	
2	4	5	6	7	8	9	10	11	12	13	14	
1	2	3	4	5	7	8	9	10	12	13	14	
1	2	3	4	5	6	7	10	11	12	13	14	
0	1	2	3	4	5	7	8	10	12	13	14	
0	1	2	3	4	7	8	9	11	12	13	14	
2	4	5	6	7	8	9	10	11	12	13	14	
0	1	2	4	5	6	7	8	9	13	14	
1	2	3	5	6	7	8	9	11	12	13	14	
0	1	2	3	4	6	7	9	10	13	14	
0	2	3	4	5	7	8	9	11	12	13	
0	3	4	5	7	8	9	10	11	12	13	
3	4	5	6	7	8	9	10	11	12	13	14	
0	1	2	3	7	8	10	11	12	13	14	
0	1	2	3	7	8	9	10	11	12	13	14	
0	2	4	5	6	8	10	11	12	13	14	
0	1	2	3	4	5	6	7	8	9	11	14	
0	1	2	3	6	7	8	10	11	13	14	
1	2	3	4	5	6	7	10	11	12	13	14	
0	1	2	3	4	6	7	8	9	11	12	13	
0	1	2	4	5	6	7	8	9	11	12	
0	3	4	5	6	8	9	10	11	12	13	14	
1	3	4	5	6	8	9	10	11	12	14	
0	3	6	7	8	9	10	11	12	13	14	
0	1	3	6	7	8	9	10	11	12	13	
0	2	3	4	5	6	8	9	11	12	14	
0	1	2	5	6	9	10	11	12	13	14	
1	2	3	4	7	8	10	11	12	13	14	
0	1	2	3	4	5	7	8	11	12	14	
0	2	3	5	6	7	8	10	11	12	13	14	
2	3	4	5	8	9	10	11	12	13	14	
0	1	2	4	5	6	7	9	10	12	13	14	
0	3	5	6	7	8	10	11	12	13	14	
0	1	2	4	5	7	9	10	11	12	13	14	
0	1	5	6	7	8	9	10	11	12	14	
0	1	2	3	4	5	6	7	8	10	14	
0	1	2	3	5	7	8	9	10	12	13	14	
0	1	2	3	5	7	8	10	11	12	13	14	
0	1	2	3	5	6	7	8	9	10	12	14	
0	4	5	6	7	8	9	10	11	12	14	
0	1	2	4	5	6	9	10	11	12	13	14	
0	1	4	5	6	7	8	9	11	13	14	
0	3	4	5	6	8	9	10	11	12	13	14	
0	2	3	4	5	6	7	8	9	11	12	
0	1	2	3	4	5	9	10	12	13	14	
1	3	4	7	8	9	10	11	12	13	14	
0	2	3	5	7	8	9	10	11	13	14	
1	2	3	4	5	6	7	10	12	13	14	
1	2	4	5	6	7	8	9	10	11	12	14	
0	1	2	3	4	5	6	7	9	10	12	
0	1	2	3	4	5	7	9	10	13	14	
3	4	6	7	8	9	10	11	12	13	14	
0	1	2	3	4	5	6	7	8	11	12	13	
0	1	2	3	4	6	7	8	9	11	12	13	
1	2	5	6	7	8	9	10	11	13	14	
1	2	3	4	5	7	8	9	10	12	13	14	
0	1	2	3	4	5	6	7	8	10	13	14	
0	2	3	4	5	6	7	8	10	11	12	13	
3	4	5	7	8	9	10	11	12	13	14	
0	1	5	6	7	8	10	11	12	13	14	
1	2	3	4	5	6	8	9	10	11	12	14	
0	1	2	3	4	5	6	7	9	11	12	14	
0	2	4	5	6	7	8	9	11	12	13	
0	3	4	5	7	9	10	11	12	13	14	
2	3	4	5	6	7	8	9	10	12	13	14	
1	2	3	4	5	6	7	9	10	11	12	13	
0	1	3	4	5	6	8	9	10	12	13	14	
0	1	2	3	4	6	7	8	10	11	12	13	
2	3	4	5	6	7	8	10	11	12	14	
0	1	2	6	7	8	10	11	12	13	14	
0	1	2	3	5	6	7	9	11	12	13	14	
0	1	2	3	5	6	7	10	11	13	14	
0	2	3	6	7	8	9	10	11	12	13	14	
0	1	2	3	6	7	8	9	10	11	12	13	
0	2	3	5	6	7	8	9	10	11	12	14	
0	2	4	5	7	8	9	10	11	12	13	14	
2	3	4	5	6	7	8	9	10	11	12	14	
0	2	3	4	6	7	9	10	11	12	14	
0	1	2	3	5	6	8	9	10	11	13	14	
1	2	3	4	5	6	8	9	10	12	13	14	
0	1	4	5	6	7	8	10	11	12	13	14	
0	1	2	5	6	7	8	9	10	11	13	14	
0	3	5	6	7	8	9	10	11	12	13	14	
0	1	3	4	5	6	7	9	11	12	13	
1	3	4	5	7	8	10	11	12	13	14	
0	1	4	5	6	7	8	9	10	11	13	14	
1	2	3	4	5	7	8	9	10	11	12	14	
0	1	3	5	6	8	9	10	11	12	13	14	
0	2	3	4	6	7	8	9	10	11	12	13	
0	3	5	6	7	8	9	10	12	13	14	
2	3	4	5	6	7	8	9	10	11	12	13	
1	3	4	5	6	7	8	10	11	12	13	
0	1	3	5	6	7	8	9	10	11	12	14	
0	1	2	3	4	7	8	9	10	11	13	
0	1	2	4	5	6	9	11	12	13	14	
1	3	4	6	7	8	9	10	11	12	13	
0	1	2	3	5	6	7	8	10	13	14	
0	3	4	5	6	7	8	10	12	13	14	
1	2	3	4	5	6	7	8	9	10	12	13	
0	1	2	3	5	6	8	9	11	12	13	14	
0	2	3	5	6	7	9	10	11	12	13	14	
0	1	3	4	5	7	8	9	10	11	13	14	
0	2	4	5	6	8	10	11	12	13	14	
0	1	2	4	5	6	7	10	11	12	13	
0	1	2	3	4	5	6	10	11	13	14	
0	1	2	3	4	5	7	8	11	12	13	
0	1	3	5	6	7	8	10	11	12	13	
1	2	3	4	5	7	8	9	10	11	12	
1	2	3	4	5	7	8	9	11	13	14	
1	2	3	5	6	7	8	10	12	13	14	
0	1	2	3	4	9	10	11	12	13	14	
0	1	2	4	5	6	7	9	10	11	12	14	
0	1	4	5	6	7	8	10	11	13	14	
0	1	2	3	5	6	7	9	10	12	13	14	
0	2	4	5	6	8	9	10	11	12	13	14	
0	1	3	4	5	6	7	8	9	12	13	
2	3	4	5	6	7	8	9	11	12	13	
1	2	3	4	5	6	8	9	10	11	13	14	
1	3	4	5	6	7	8	9	10	11	12	14	
0	1	2	4	5	6	8	9	12	13	14	
0	2	3	4	5	6	7	9	10	12	14	
0	2	4	5	6	7	10	11	12	13	14	
1	2	3	5	6	7	8	9	10	12	13	
0	1	2	4	5	8	9	11	12	13	14	
1	2	3	4	5	6	7	8	9	10	11	12	
2	3	4	5	6	7	9	10	12	13	14	
0	1	2	3	5	6	7	8	9	12	13	14	
1	2	4	5	6	8	9	10	11	12	13	
0	2	3	4	6	7	8	10	11	12	13	
1	2	3	5	6	7	9	10	11	12	13	
0	1	2	3	4	5	6	7	11	12	13	
0	1	3	4	5	6	7	9	10	11	12	13	
0	1	2	5	6	7	9	10	11	13	14	
1	3	4	5	6	7	8	10	12	13	14	
0	1	2	3	6	8	9	10	11	12	13	
0	1	2	3	4	6	8	10	11	12	13	14	
0	2	3	6	7	8	9	10	11	12	13	14	
0	1	2	3	4	5	6	8	9	12	13	14	
1	2	3	4	5	6	8	9	10	11	12	13	
0	1	2	3	6	7	8	9	10	11	12	13	
0	1	3	4	6	7	8	9	10	11	12	14	
0	1	3	4	5	6	7	8	9	10	11	13	
0	3	4	5	6	7	9	10	11	12	13	14	
3	4	5	6	7	8	9	10	11	12	13	14	
0	1	2	3	4	5	6	7	9	12	13	14	
0	1	2	5	6	7	8	9	10	12	13	
0	1	5	6	7	9	10	11	12	13	14	
0	1	2	3	5	7	8	9	10	12	14	
0	1	3	4	5	7	8	9	11	12	13	14	
2	3	4	5	6	7	10	11	12	13	14	
0	3	4	5	6	7	8	9	10	11	13	14	
0	1	3	4	5	6	7	9	10	11	12	13	
0	2	3	4	6	7	8	9	11	12	13	14	
0	1	3	4	5	6	7	10	11	12	13	14	
0	3	4	5	6	7	8	9	10	11	13	14	
0	1	3	4	6	7	8	9	10	11	13	14	
0	1	2	3	5	6	7	8	10	13	14	
0	2	4	6	7	8	9	10	12	13	14	
0	2	3	4	5	6	8	9	10	11	12	14	
0	1	2	3	4	6	7	8	10	13	14	
1	2	3	4	5	6	7	8	9	11	12	13	
0	1	2	3	6	7	8	9	10	11	13	14	
0	1	2	3	4	5	6	7	8	10	11	12	
0	2	3	4	5	6	8	9	11	12	13	14	
0	2	4	5	6	7	8	9	10	12	13	14	
0	1	2	3	5	6	7	8	9	10	13	14	
0	1	2	3	4	5	7	8	9	10	13	14	
0	1	2	3	4	6	7	8	9	10	12	14	
1	2	4	5	7	8	10	11	12	13	14	
0	1	3	4	5	6	7	9	12	13	14	
0	1	4	5	6	9	10	11	12	13	14	
0	1	2	3	5	6	7	8	11	12	13	14	
1	2	4	5	6	7	8	9	11	12	13	
0	1	2	3	4	5	6	7	8	9	10	11	
1	2	3	4	7	8	9	10	11	12	13	14	
0	2	3	5	6	8	9	10	11	13	14	
0	2	3	4	5	6	7	10	12	13	14	
1	2	3	4	5	6	7	8	9	11	12	14	
0	1	2	3	4	5	7	8	9	10	13	
0	2	3	4	6	7	8	9	10	13	14	
0	1	2	3	7	8	9	10	11	12	13	14	
1	3	4	5	6	7	8	9	10	11	12	
0	2	3	4	5	6	7	8	10	11	13	14	
0	1	2	4	6	7	8	9	10	12	13	14	
0	1	3	4	5	6	7	8	9	10	11	12	
0	2	3	6	7	8	9	10	11	12	13	14	
1	2	4	5	6	8	9	10	11	13	14	
1	2	3	4	5	6	8	10	11	12	13	14	
0	1	3	4	5	6	7	8	9	10	11	14	
0	1	2	3	5	6	7	8	11	12	14	
1	2	3	4	6	7	8	9	10	12	13	
0	1	2	3	6	7	8	9	10	13	14	
1	2	3	4	5	6	9	10	11	12	13	14	
1	2	3	4	5	7	8	9	10	11	12	13	
0	1	2	5	6	8	9	10	11	12	13	14	
0	1	2	3	5	7	8	10	11	13	14	
1	2	3	4	7	8	9	10	11	12	14	
0	1	3	5	6	7	9	10	11	12	13	14	
0	1	2	4	5	7	8	11	12	13	14	
0	1	2	3	4	5	6	7	8	13	14	
0	2	3	5	7	9	10	11	12	13	14	
0	3	4	6	7	8	9	10	11	12	14	
0	1	3	4	5	7	10	11	12	13	14	
0	1	2	4	5	7	9	10	11	12	13	14	
0	1	2	3	5	6	7	8	9	11	12	14	
0	2	3	4	8	9	10	11	12	13	14	
0	1	2	3	5	6	7	9	10	11	12	14	
1	2	4	5	6	7	8	9	10	11	12	14	
0	1	2	3	5	6	7	8	10	11	12	13	
0	2	3	4	7	8	9	10	11	12	14	
0	1	2	4	5	6	8	9	10	12	13	14	
1	2	3	4	7	8	9	10	11	12	13	
1	2	3	4	5	6	7	8	10	11	14	
0	1	2	3	4	5	7	8	9	10	13	14	
0	2	3	4	5	6	7	10	11	12	13	14	
0	1	2	4	5	6	7	8	9	11	14	
0	1	2	3	4	5	7	8	10	11	13	
0	1	2	3	4	5	6	7	8	11	12	
1	2	4	5	6	8	9	11	12	13	14	
0	1	2	3	4	5	8	9	11	12	13	14	
0	1	2	3	5	7	8	11	12	13	14	
1	2	3	4	5	6	7	8	9	11	12	14	
0	3	4	5	7	8	9	11	12	13	14	
1	3	4	5	6	7	8	9	11	12	13	
0	2	3	5	6	8	9	10	11	12	13	
0	1	3	6	8	9	10	11	12	13	14	
0	1	2	5	7	8	9	10	11	12	13	14	
0	1	2	3	6	7	8	9	11	12	13	
1	2	3	6	7	8	9	10	11	12	13	14	
0	1	2	3	5	6	7	8	9	12	13	14	
0	3	4	5	6	7	8	9	10	12	13	14	
0	2	4	6	7	8	9	10	11	12	13	14	
0	1	2	3	5	7	8	10	11	12	13	14	
0	2	3	4	5	6	7	8	10	12	13	14	
0	1	2	3	7	8	9	10	11	13	14	
0	1	3	6	7	8	9	10	11	12	13	14	
0	1	2	3	4	5	6	8	9	10	12	14	
1	5	6	7	8	9	10	11	12	13	14	
0	1	2	4	5	6	7	8	11	12	14	
1	2	5	6	7	8	9	10	11	12	13	14	
2	3	4	6	7	8	9	10	11	12	13	14	
0	1	2	3	4	5	6	7	10	11	13	
0	1	2	3	4	7	8	9	10	13	14	
1	2	3	4	5	7	8	10	11	12	13	14	
0	1	2	5	6	7	8	9	10	11	13	14	
0	1	3	4	5	6	9	10	11	12	13	14	
0	1	2	3	4	5	6	7	10	11	12	14	
0	3	4	5	6	7	8	9	11	12	13	
0	1	2	3	5	7	8	9	10	11	13	14	
0	2	3	4	5	6	8	9	10	11	12	13	
1	2	3	4	5	6	7	8	9	11	12	14	
0	1	2	3	4	6	8	10	11	12	13	14	
0	1	2	3	4	7	8	9	10	11	12	13	
0	1	3	4	5	6	7	8	9	11	13	14	
0	1	3	4	5	6	8	10	11	12	13	14	
0	1	4	5	6	7	9	10	11	12	13	
0	1	3	4	5	6	7	8	9	13	14	
0	2	3	6	7	8	10	11	12	13	14	
0	1	2	5	7	8	9	10	11	12	14	
0	1	2	5	6	7	8	9	10	11	12	13	
0	1	3	4	5	6	7	9	10	12	13	
0	2	3	4	6	7	8	9	10	11	13	14	
1	2	3	4	5	7	8	9	10	11	13	14	
0	2	4	5	6	8	9	10	11	13	14	
2	3	4	6	7	8	9	10	11	12	14	
0	3	4	5	6	7	8	9	10	12	13	14	
1	2	3	4	6	7	8	10	11	12	13	14	
0	2	3	4	5	6	8	9	11	12	13	14	
0	2	3	4	5	6	7	9	11	12	13	14	
0	2	3	4	5	6	7	9	10	12	13	
0	2	3	4	5	6	7	8	9	11	14	
0	1	2	3	4	5	6	7	8	10	11	12	
0	1	3	4	5	7	8	9	10	11	13	
0	1	3	4	5	6	7	8	9	10	11	13	
0	2	4	6	7	8	9	10	12	13	14	
0	1	2	3	4	5	8	10	11	12	13	14	
0	1	3	4	6	7	8	9	11	12	13	14	
0	1	2	3	5	6	7	8	11	12	13	14	
1	2	3	5	6	7	9	10	11	13	14	
1	3	5	6	7	8	9	10	11	12	13	
0	3	4	5	6	7	8	9	11	12	14	
0	2	3	4	5	7	8	9	10	12	13	14	
0	1	4	5	6	7	8	10	11	12	13	14	
0	1	2	4	5	6	7	9	10	11	13	14	
0	1	2	3	4	5	6	7	9	10	11	
0	2	4	5	6	7	8	9	10	11	12	
0	2	3	4	5	7	8	9	11	12	13	14	
2	3	4	5	6	7	8	9	10	11	12	13	
1	2	3	4	5	6	7	8	11	12	13	14	
0	1	2	3	5	7	8	10	12	13	14	
0	1	2	3	4	5	7	9	10	13	14	
0	1	2	3	5	7	8	9	10	11	13	14	
0	2	3	4	5	6	7	8	10	11	12	14	
0	1	5	7	8	9	10	11	12	13	14	
0	1	2	3	4	6	8	9	11	12	13	14	
1	2	3	4	5	7	9	10	11	12	14	
0	2	3	4	5	6	7	10	12	13	14	
0	1	2	4	5	6	7	8	9	10	13	14	
0	1	3	5	7	8	9	11	12	13	14	
0	1	2	3	5	7	8	9	10	11	14	
1	2	4	5	6	7	8	9	10	11	13	14	
0	1	2	3	4	5	10	11	12	13	14	
0	1	2	4	5	6	8	9	10	11	14	
0	1	2	3	4	6	7	8	9	10	12	13	
1	2	3	5	6	7	8	9	10	11	12	14	
0	1	2	4	5	8	9	10	11	12	13	
2	3	4	5	6	8	9	10	12	13	14	
0	1	2	3	4	7	9	10	11	12	14	
0	1	4	5	7	8	9	10	11	12	13	14	
0	1	3	4	5	7	8	9	10	11	12	13	
0	1	2	3	5	7	9	10	11	13	14	
1	2	3	4	5	8	10	11	12	13	14	
0	1	2	3	4	5	7	8	9	12	13	14	
0	1	2	3	4	7	8	9	11	12	13	14	
1	2	3	4	5	6	9	10	11	12	14	
0	1	2	4	7	8	9	10	11	12	14	
0	1	2	4	5	7	9	11	12	13	14	
0	1	4	5	6	7	8	10	11	12	13	14	
1	2	4	5	6	7	8	9	11	12	13	
0	1	4	5	6	7	8	10	11	12	13	
1	2	5	6	8	9	10	11	12	13	14	
0	1	3	4	5	6	7	8	9	10	13	14	
2	3	6	7	8	9	10	11	12	13	14	
0	3	5	7	8	9	10	11	12	13	14	
1	2	3	5	6	7	9	10	11	12	13	14	
1	2	3	4	5	6	7	8	9	11	12	14	
0	1	3	4	5	6	7	8	9	11	12	13	
0	1	2	4	5	8	10	11	12	13	14	
1	2	4	5	6	7	8	9	10	11	12	14	
0	1	2	4	5	6	7	10	11	12	14	
0	3	4	5	6	7	8	9	11	12	14	
2	3	4	5	6	7	8	10	11	12	13	14	
1	3	4	5	6	8	9	10	11	12	13	14	
0	2	3	4	6	7	8	9	10	12	13	14	
0	1	2	3	4	5	6	7	9	11	12	13	
0	1	3	4	5	6	7	8	9	11	12	13	
0	1	3	4	5	6	7	8	9	11	12	13	
0	3	4	5	6	7	8	9	11	12	14	
0	1	2	4	5	6	7	8	10	12	13	14	
0	1	2	4	5	6	7	9	10	11	13	14	
0	1	4	5	6	7	8	9	10	12	13	
0	1	3	4	5	6	8	9	10	11	14	
0	1	3	4	5	6	7	9	11	12	13	14	
0	2	3	5	6	7	8	9	11	12	13	
0	1	2	3	5	6	8	9	10	12	13	
0	1	3	4	5	7	8	9	12	13	14	
0	1	4	5	6	7	8	9	10	11	13	14	
0	1	2	3	6	8	9	10	11	12	13	
0	1	3	4	6	7	8	9	10	12	14	
0	1	2	4	5	6	7	8	9	10	13	14	
0	3	4	5	6	7	8	9	10	11	12	14	
0	1	3	4	6	8	10	11	12	13	14	
1	2	3	4	6	7	9	11	12	13	14	
0	1	2	4	5	6	7	9	10	11	14	
2	3	4	5	6	7	8	9	10	13	14	
0	2	3	4	5	6	7	9	10	12	13	
0	1	2	4	5	6	7	8	9	12	13	
0	1	3	5	6	7	8	9	10	11	13	
0	2	3	4	5	7	8	10	11	12	13	14	
0	2	4	5	6	8	9	11	12	13	14	
0	1	3	4	5	6	7	8	9	10	11	14	
1	3	4	5	6	7	9	10	12	13	14	
0	2	3	4	5	6	7	8	9	10	13	14	
1	2	3	4	6	7	9	10	11	12	13	14	
1	2	3	4	5	6	8	9	12	13	14	
0	3	5	6	7	9	10	11	12	13	14	
0	2	3	4	7	8	9	10	11	13	14	
0	1	2	3	4	5	6	7	9	10	12	14	
0	1	3	4	5	6	8	9	11	12	13	
0	1	2	3	4	5	7	9	10	11	13	14	
0	1	2	3	4	6	7	8	9	12	13	
0	2	3	4	6	7	9	10	11	12	13	14	
0	1	2	3	4	5	7	8	9	10	11	
1	2	3	4	6	7	8	9	10	12	13	14	
0	1	4	5	6	8	9	11	12	13	14	
0	1	2	3	4	5	6	7	10	11	12	14	
0	1	2	3	5	7	8	9	10	11	13	14	
1	2	3	4	7	9	10	11	12	13	14	
0	2	3	4	5	8	9	10	11	12	13	14	
0	1	2	3	5	6	7	8	11	12	14	
0	3	4	6	7	8	9	10	11	12	13	14	
0	1	2	4	6	7	9	10	11	12	13	14	
0	3	4	6	8	9	10	11	12	13	14	
0	1	2	4	6	7	8	11	12	13	14	
0	1	2	4	5	6	7	9	10	11	13	14	
0	1	2	3	4	8	9	10	11	13	14	
0	1	2	3	4	5	6	9	10	11	12	14	
0	1	3	4	6	7	8	10	11	12	13	14	
2	3	4	6	7	9	10	11	12	13	14	
0	2	4	5	6	7	9	11	12	13	14	
0	1	2	3	7	8	9	10	11	12	13	14	
1	3	4	5	7	8	9	11	12	13	14	
0	1	4	5	6	7	8	10	11	12	13	14	
0	1	2	3	5	6	8	9	10	12	13	14	
0	1	2	3	5	7	8	10	11	12	13	14	
0	1	2	5	7	8	9	10	11	12	13	14	
0	1	2	4	7	8	9	10	11	13	14	
0	3	4	5	6	7	8	9	10	11	12	13	
0	1	3	4	5	6	7	9	11	12	13	
0	1	3	5	7	8	9	10	11	13	14	
1	2	3	4	5	6	8	9	10	12	13	
0	1	2	3	5	6	7	9	10	12	13	14	
0	1	2	3	6	7	8	10	11	12	14	
0	1	2	3	4	5	6	8	10	11	13	14	
0	1	3	4	6	8	9	10	11	12	13	
0	1	2	4	6	7	8	10	11	12	13	
0	1	3	4	6	7	8	9	10	11	13	
0	1	2	4	5	6	7	8	9	10	11	14	
0	1	2	3	4	5	7	8	9	10	13	14	
0	1	3	4	5	6	9	10	11	12	13	
0	1	2	3	4	5	7	8	9	10	12	13	
2	4	5	6	8	9	10	11	12	13	14	
0	4	5	6	7	8	9	11	12	13	14	
1	2	3	4	5	6	7	9	10	11	12	13	
1	2	3	4	5	6	7	9	10	12	13	
0	1	2	3	6	7	9	10	11	12	13	14	
0	1	2	3	7	8	10	11	12	13	14	
0	1	3	4	5	6	7	8	10	12	13	
0	1	2	3	5	6	7	8	9	12	13	14	
0	2	3	4	5	6	7	10	11	12	13	
0	1	3	4	5	8	9	10	11	12	13	14	
0	1	3	4	5	6	7	8	9	11	12	14	
0	2	3	5	6	7	8	9	10	11	12	14	
0	1	2	4	5	6	9	11	12	13	14	
0	2	3	4	5	6	7	8	9	10	13	
1	2	4	5	6	7	8	9	10	11	13	14	
0	1	2	3	4	5	6	10	11	12	14	
0	1	2	3	4	5	8	9	10	11	13	
0	1	2	3	5	6	8	10	11	12	13	14	
0	1	2	4	6	7	9	10	11	12	13	14	
1	3	4	5	6	7	8	9	11	12	13	14	
1	3	4	5	7	8	9	10	12	13	14	
0	2	3	4	6	7	8	9	12	13	14	
0	1	4	5	6	7	8	9	10	12	14	
0	2	3	4	5	6	7	8	9	10	13	14	
0	1	3	4	5	7	9	11	12	13	14	
0	1	2	3	5	7	8	9	10	12	13	14	
0	2	3	6	7	8	9	10	11	12	13	14	
0	1	2	3	4	5	6	7	10	11	12	14	
0	2	4	6	7	8	9	10	11	12	13	14	
1	2	3	4	5	7	8	9	12	13	14	
0	1	2	4	5	6	8	9	10	12	14	
0	1	2	3	5	6	7	8	9	10	12	14	
1	2	3	4	5	6	7	8	9	10	12	14	
0	1	2	3	4	6	7	8	9	11	12	13	
0	2	3	7	8	9	10	11	12	13	14	
0	1	2	3	4	7	8	9	10	11	12	14	
0	2	3	4	7	8	9	11	12	13	14	
0	1	2	3	4	6	9	10	12	13	14	
0	1	2	3	4	5	7	9	10	11	12	14	
0	4	5	6	7	8	9	10	11	13	14	
0	1	2	4	5	6	7	8	9	10	11	
0	1	3	4	5	7	8	9	10	13	14	
0	1	2	3	4	5	6	8	9	12	13	14	
0	2	3	4	5	6	7	9	11	13	14	
3	4	5	6	7	8	10	11	12	13	14	
0	1	3	4	5	8	10	11	12	13	14	
0	1	2	4	5	6	7	8	9	11	13	
0	1	2	4	5	6	7	8	9	10	13	14	
0	2	3	4	7	8	9	10	11	12	14	
1	2	3	4	5	6	7	8	10	11	13	14	
0	1	3	4	7	8	10	11	12	13	14	
0	1	2	4	6	8	9	10	12	13	14	
0	2	4	5	6	7	8	9	11	13	14	
0	1	2	3	4	6	8	11	12	13	14	
0	2	3	4	5	6	7	8	9	11	12	14	
0	3	4	6	7	8	9	10	12	13	14	
0	1	3	5	6	7	8	10	11	12	13	14	
0	1	4	5	6	7	8	9	11	12	13	14	
1	3	4	5	6	7	9	10	11	12	13	
0	1	3	4	5	6	7	8	9	10	12	
0	1	2	3	4	7	8	9	10	12	13	14	
0	1	2	4	6	7	8	9	11	12	13	14	
0	1	3	4	5	6	7	8	9	11	12	13	
0	1	2	5	6	7	9	10	11	12	13	14	
1	2	3	4	6	7	8	9	11	12	13	14	
0	1	2	3	4	6	7	8	9	10	11	14	
0	2	4	5	8	9	10	11	12	13	14	
0	1	2	3	4	5	6	7	8	11	13	14	
0	1	2	3	4	5	7	9	10	12	14	
0	1	2	4	6	7	8	9	10	11	12	13	
0	1	2	3	5	7	8	9	10	12	13	14	
0	2	3	4	8	9	10	11	12	13	14	
0	3	5	6	7	9	10	11	12	13	14	
0	1	2	5	6	8	9	10	11	13	14	
0	1	3	5	6	7	9	10	12	13	14	
0	1	3	4	5	6	7	10	11	12	13	
0	1	2	3	5	6	8	10	11	12	13	14	
0	1	2	3	4	5	6	8	10	12	14	
0	1	3	4	5	6	7	8	9	10	11	14	
0	1	2	5	6	8	9	10	11	13	14	
0	1	2	3	5	6	7	9	10	11	12	13	
0	1	4	6	7	8	9	10	11	13	14	
0	1	2	5	6	7	8	9	11	12	13	14	
1	2	3	4	5	6	7	8	9	12	13	14	
0	1	2	3	5	6	7	8	9	11	12	13	
0	3	4	5	6	7	9	10	11	12	13	14	
0	1	2	3	4	5	7	8	9	11	13	
0	1	2	4	5	8	9	10	11	12	13	
0	1	2	3	6	7	8	9	10	12	13	14	
0	2	3	4	5	7	8	10	11	12	13	
0	3	4	5	6	7	8	9	10	11	12	
0	1	2	3	4	6	7	8	9	11	13	14	
0	2	3	4	6	7	8	9	10	11	13	14	
0	2	3	4	5	7	8	9	10	11	12	
1	2	4	5	6	8	9	10	11	12	13	14	
2	3	4	5	6	8	9	10	11	12	13	14	
2	4	5	6	7	8	9	10	11	12	14	
0	2	3	4	5	6	7	8	9	12	13	14	
0	2	3	4	5	7	8	9	10	12	13	14	
1	2	3	7	8	9	10	11	12	13	14	
2	3	4	5	6	8	10	11	12	13	14	
0	2	3	4	5	6	8	10	11	12	13	
0	1	3	4	5	8	10	11	12	13	14	
0	2	3	4	5	7	9	10	11	12	13	14	
0	1	2	5	6	7	8	9	10	11	12	14	
0	2	4	6	7	8	9	10	11	12	13	
0	1	2	3	5	6	7	8	11	12	14	
0	1	3	4	6	7	9	10	11	12	13	14	
0	1	4	5	6	7	8	9	10	11	12	
0	2	4	5	6	8	9	10	11	12	13	14	
2	3	4	5	6	7	8	10	11	13	14	
2	3	4	5	6	7	8	9	10	11	13	14	
2	3	4	5	6	8	9	10	11	12	13	14	
0	1	3	4	5	6	9	10	11	12	13	14	
0	1	2	4	5	6	7	10	11	12	13	14	
0	2	4	5	7	8	9	10	11	12	14	
0	1	3	4	5	6	8	9	10	11	12	13	
0	1	2	4	5	6	8	10	11	12	13	14	
0	1	3	4	5	7	8	9	10	12	13	14	
0	1	3	5	6	7	8	10	11	12	13	14	
0	2	3	4	6	7	8	9	10	11	12	
0	1	3	4	5	6	7	9	10	11	12	14	
0	2	3	4	5	6	7	8	10	11	12	13	
0	1	2	3	4	5	6	7	8	9	11	13	
1	2	3	4	6	7	8	9	10	11	12	14	
0	1	2	3	4	5	7	8	11	12	13	14	
0	1	2	4	5	6	7	8	9	11	13	14	
3	4	5	6	7	8	9	10	11	12	13	14	
0	1	3	4	6	7	9	11	12	13	14	
1	2	3	4	7	8	9	10	11	12	13	
0	2	4	5	6	7	8	9	10	11	13	14	
1	2	3	4	5	7	8	9	10	11	13	14	
0	2	3	5	6	7	8	9	11	12	14	
1	3	4	5	7	9	10	11	12	13	14	
1	2	3	4	5	6	7	8	9	11	12	13	
0	1	3	5	6	7	8	10	11	12	13	
0	1	2	3	4	5	6	7	9	11	12	14	
0	1	3	4	6	7	8	10	11	12	13	14	
0	1	2	4	5	7	8	9	11	12	13	14	
0	2	3	4	5	6	8	9	10	12	13	14	
1	2	3	5	8	9	10	11	12	13	14	
2	3	4	5	6	7	8	9	11	12	14	
0	2	4	5	6	7	9	10	11	12	14	
0	1	2	4	5	6	7	8	9	10	11	13	
0	1	2	3	5	6	8	9	10	11	13	14	
0	2	3	4	5	6	7	10	11	12	13	14	
0	1	2	3	4	6	7	8	9	10	12	14	
0	2	3	4	5	7	8	9	11	13	14	
1	3	5	6	7	8	9	10	11	12	13	14	
0	1	2	3	5	6	7	10	11	12	13	
0	2	3	4	7	8	9	10	11	12	13	14	
0	1	2	4	5	7	8	10	11	13	14	
0	1	3	4	5	6	8	9	10	11	13	14	
1	2	5	6	7	8	9	10	11	13	14	
1	2	5	6	7	8	9	10	11	13	14	
0	1	2	5	6	7	8	9	10	12	14	
0	3	4	5	6	7	8	9	10	12	13	14	
1	2	3	5	6	7	8	9	10	12	13	
0	1	2	3	4	5	6	7	8	10	11	12	
0	2	3	4	5	6	7	9	10	12	13	14	
0	1	2	3	4	6	7	9	10	11	12	13	
0	2	4	5	7	8	9	10	11	12	13	
0	1	2	4	5	7	8	9	11	12	13	
0	2	3	4	5	6	8	9	10	11	13	14	
2	3	4	5	6	7	8	10	11	12	13	
0	1	2	3	4	5	7	8	9	10	11	14	
0	1	2	3	4	5	7	8	9	11	12	14	
2	5	6	7	8	9	10	11	12	13	14	
1	2	3	5	6	7	9	10	11	12	13	14	
0	1	2	4	6	8	9	10	11	12	13	14	
0	1	2	3	5	6	7	8	9	11	13	
1	2	3	4	5	7	8	9	11	12	13	14	
1	2	3	5	6	8	9	10	11	12	13	14	
1	3	4	5	6	7	8	9	10	11	13	14	
0	1	3	4	5	6	7	8	10	11	14	
0	1	2	3	4	5	7	8	9	10	11	12	
0	1	3	4	5	6	8	9	10	12	13	14	
0	3	4	5	6	7	8	9	10	11	13	
0	1	3	5	6	7	9	11	12	13	14	
0	1	2	3	4	5	6	8	11	12	13	14	
0	1	2	5	7	8	9	10	11	12	13	14	
0	1	2	4	5	8	9	10	12	13	14	
1	2	3	4	6	8	9	10	11	13	14	
0	2	3	4	5	6	8	9	10	11	14	
0	1	4	6	7	9	10	11	12	13	14	
0	1	2	3	4	6	7	8	11	12	14	
0	1	2	3	5	6	7	8	10	12	13	14	
0	2	3	5	6	7	8	10	11	12	14	
0	1	3	4	6	8	9	10	11	12	13	14	
0	2	3	5	6	7	8	9	10	11	12	14	
0	1	3	4	6	7	8	10	11	12	14	
0	2	3	4	5	7	8	10	11	13	14	
0	2	3	4	5	7	8	11	12	13	14	
1	2	3	5	6	7	8	9	10	12	13	14	
0	2	3	4	6	7	8	9	10	11	12	13	
0	1	2	3	4	5	6	7	9	11	13	14	
1	2	3	5	6	7	8	9	11	12	13	14	
0	1	2	3	4	8	9	10	11	12	13	14	
0	2	3	4	6	7	8	10	11	12	13	14	
0	1	2	3	5	8	9	10	11	13	14	
1	2	3	4	6	8	9	10	11	13	14	
0	1	2	5	6	7	8	10	12	13	14	
0	2	5	6	7	8	10	11	12	13	14	
0	4	5	7	8	9	10	11	12	13	14	
1	4	5	6	7	8	9	10	11	13	14	
0	1	2	3	4	5	10	11	12	13	14	
1	2	4	6	7	8	9	10	11	13	14	
1	2	3	4	6	7	9	10	11	12	13	14	
0	1	3	4	5	7	8	9	11	12	13	14	
0	1	3	4	5	6	7	8	9	10	12	14	
1	2	3	4	5	6	7	8	9	11	13	
1	2	3	4	5	6	8	9	10	12	13	14	
0	1	2	3	5	6	7	8	9	10	13	14	
0	1	4	5	6	7	9	10	11	12	13	14	
0	1	2	3	4	6	7	9	10	12	14	
0	1	2	4	5	7	8	9	11	12	13	14	
0	3	5	6	7	8	9	10	11	13	14	
2	3	4	5	6	7	8	9	10	11	12	13	
0	1	3	4	5	6	9	10	11	12	13	14	
0	1	2	3	4	5	6	7	9	12	13	
0	1	3	4	6	7	8	9	11	12	13	
0	1	2	3	4	5	6	7	11	12	14	
0	2	3	5	6	7	9	10	11	12	13	14	
0	1	2	3	5	6	7	9	10	12	13	14	
0	1	2	4	5	6	7	8	9	10	12	14	
0	2	3	4	5	7	8	10	11	12	13	
0	1	2	3	4	6	7	10	11	12	13	14	
0	2	3	4	6	7	8	9	10	13	14	
0	1	2	3	4	5	7	8	9	10	11	13	
0	2	3	6	7	8	10	11	12	13	14	
0	2	3	4	6	7	8	9	11	12	13	14	
0	1	5	6	7	8	9	10	11	13	14	
0	2	3	4	5	7	8	9	10	11	13	14	
1	3	5	7	8	9	10	11	12	13	14	
0	1	2	3	4	6	9	10	11	13	14	
1	2	3	4	5	6	8	10	11	13	14	
0	1	3	4	5	7	8	11	12	13	14	
0	1	3	4	5	6	7	8	9	13	14	
0	1	2	3	4	5	6	8	9	11	12	
0	1	2	4	6	7	9	10	12	13	14	
0	1	2	5	6	8	9	10	11	12	13	14	
1	2	3	4	5	6	7	8	9	10	13	14	
0	1	4	5	6	7	8	9	10	11	12	13	
0	1	3	4	5	6	7	8	9	10	11	14	
0	1	3	4	5	6	7	9	11	12	14	
0	1	2	5	6	7	8	9	10	12	13	14	
2	3	4	5	6	8	9	10	12	13	14	
0	1	2	4	5	7	9	11	12	13	14	
0	1	2	3	4	5	6	7	11	12	14	
0	1	2	4	5	6	7	8	9	11	12	14	
0	2	3	4	6	7	8	9	10	13	14	
1	3	4	5	6	7	8	9	10	12	14	
0	1	3	4	5	7	8	9	11	12	13	14	
0	1	2	3	5	7	8	9	10	11	12	
0	1	3	5	6	7	8	9	10	12	13	14	
0	1	2	3	4	6	7	8	9	12	13	14	
0	1	2	3	4	5	6	7	8	10	11	14	
0	1	2	3	4	5	6	7	8	10	13	14	
1	2	3	5	6	7	8	9	11	12	13	
0	1	3	4	6	7	8	9	10	11	13	14	
0	1	3	4	6	7	8	9	12	13	14	
0	1	2	3	5	6	7	10	11	12	13	14	
0	1	3	4	5	7	8	10	11	12	14	
0	1	2	4	5	6	7	8	10	13	14	
0	1	3	4	5	6	7	10	11	12	13	14	
0	1	3	4	5	7	8	9	10	11	12	14	
0	1	2	3	5	6	8	9	10	11	12	14	
1	2	3	4	6	7	8	9	10	11	13	14	
0	1	2	3	4	5	7	8	10	11	12	14	
0	1	4	5	7	8	9	10	11	12	14	
0	1	3	4	6	7	8	9	10	11	13	14	
0	1	4	6	7	9	10	11	12	13	14	
0	1	2	4	5	6	7	9	11	12	13	14	
1	2	5	6	7	8	9	10	11	12	13	14	
0	1	2	3	4	6	7	8	10	11	12	13	
0	1	2	3	4	5	6	8	10	12	13	14	
0	1	3	4	6	7	8	9	10	11	12	13	
0	1	2	3	4	6	8	9	10	11	12	14	
0	1	3	4	6	7	8	9	11	12	13	
0	1	4	5	6	7	8	10	12	13	14	
0	1	2	3	5	7	9	10	12	13	14	
2	3	5	6	7	9	10	11	12	13	14	
0	1	2	3	4	5	6	8	9	13	14	
1	2	3	4	6	7	8	9	10	11	12	13	
0	1	2	3	4	6	7	8	9	11	12	13	
0	1	2	3	4	7	8	9	11	12	13	14	
0	2	3	5	6	7	9	10	11	12	13	
0	1	4	6	7	8	9	10	12	13	14	
1	2	3	4	5	8	9	10	11	12	13	14	
0	2	3	4	5	8	9	10	11	12	13	14	
0	1	2	4	7	8	9	10	11	12	13	
0	1	2	3	4	5	7	8	9	10	11	
0	2	3	4	6	7	8	9	10	11	13	14	
0	1	2	4	5	6	7	9	10	11	13	14	
2	3	4	5	6	7	8	9	10	12	13	
1	2	3	5	6	7	8	9	10	12	13	14	
0	1	2	3	4	5	8	10	11	13	14	
0	1	2	5	7	8	10	11	12	13	14	
0	2	3	4	5	6	8	9	10	12	13	14	
0	1	2	3	4	5	8	9	11	13	14	
1	3	4	5	6	7	9	10	11	13	14	
0	2	3	4	5	7	8	10	11	13	14	
0	4	5	6	7	8	9	10	11	12	13	14	
0	1	2	3	5	6	7	8	10	11	13	14	
0	2	3	4	5	6	7	9	10	11	12	13	
1	2	3	4	5	6	8	10	11	12	13	14	
0	1	2	3	4	5	6	7	8	9	12	14	
2	3	4	6	7	8	9	10	11	12	13	14	
0	1	2	4	5	6	7	8	9	11	12	14	
1	2	4	5	6	8	9	10	12	13	14	
1	3	4	5	6	7	9	10	11	12	14	
0	1	2	3	4	5	6	7	8	9	13	14	
0	1	2	3	4	5	6	8	11	12	13	14	
0	1	2	4	8	9	10	11	12	13	14	
0	1	2	3	4	5	6	7	8	9	12	14	
0	1	2	3	4	5	7	10	11	12	13	
0	1	4	5	7	8	9	10	11	12	14	
0	1	2	4	6	8	9	10	11	13	14	
2	3	4	5	6	7	8	9	10	11	13	
0	1	3	4	6	7	8	10	11	12	13	
0	1	2	3	5	6	7	8	9	11	12	
0	1	2	3	4	5	6	8	10	11	13	14	
0	1	2	3	4	5	7	9	11	12	13	14	
0	1	2	3	4	5	6	7	8	12	13	14	
0	1	3	4	5	6	7	8	9	11	12	13	
2	3	4	5	7	8	9	10	11	12	13	
0	2	3	4	5	6	8	9	10	11	13	14	
0	1	2	4	5	7	8	9	10	12	14	
0	2	4	5	6	7	8	9	11	13	14	
0	1	2	3	4	6	7	8	9	11	12	13	
1	3	4	5	6	8	9	10	11	13	14	
0	1	3	5	6	8	9	10	11	12	14	
0	1	2	3	4	6	7	8	9	10	11	14	
1	3	4	5	6	7	8	9	11	12	13	14	
0	1	2	4	5	7	8	9	11	12	13	
0	1	2	3	4	5	6	9	10	11	13	14	
0	1	3	4	5	6	7	8	9	10	12	
0	2	3	5	6	7	8	10	11	12	13	14	
1	3	4	5	7	8	10	11	12	13	14	
0	1	3	4	6	8	9	10	11	12	13	14	
0	1	2	3	5	6	7	8	10	11	13	14	
0	1	2	3	4	5	6	7	8	11	13	14	
1	2	5	7	8	9	10	11	12	13	14	
2	3	4	5	6	7	8	9	10	11	12	14	
0	2	3	6	7	8	9	10	11	12	13	
0	1	2	3	4	6	7	8	9	10	12	
0	1	3	4	5	6	7	8	10	12	13	14	
0	2	3	4	5	7	8	9	10	11	13	
1	2	3	4	6	7	8	9	10	12	13	14	
0	1	2	3	5	7	8	9	10	12	13	14	
0	2	3	4	5	6	7	11	12	13	14	
0	1	2	5	6	7	9	10	11	12	13	
0	1	2	3	4	5	7	9	11	12	13	14	
0	1	2	3	5	6	8	9	11	13	14	
1	2	3	4	5	6	7	8	10	11	12	14	
1	2	4	5	6	7	8	9	10	11	12	14	
0	1	2	3	4	5	8	11	12	13	14	
0	1	2	3	4	5	7	9	10	11	12	14	
0	1	2	4	5	6	7	8	9	10	13	14	
1	2	3	4	5	6	8	10	12	13	14	
0	2	3	4	5	6	7	8	11	12	13	
0	1	3	4	5	6	7	8	10	12	14	
1	2	4	5	6	7	8	9	11	12	14	
2	3	4	6	7	8	9	10	12	13	14	
1	3	5	7	8	9	10	11	12	13	14	
1	2	3	4	5	7	9	10	12	13	14	
0	1	2	3	5	6	7	8	9	10	11	12	
0	1	2	3	5	7	9	10	11	12	13	14	
0	1	3	4	6	7	9	10	11	12	14	
0	1	2	3	4	5	7	8	11	13	14	
0	1	5	6	7	8	9	10	11	12	13	14	
0	1	4	5	6	7	8	9	10	12	13	14	
0	1	2	4	5	6	7	8	9	12	13	14	
0	1	2	3	4	5	6	7	8	10	12	14	
0	1	2	6	7	8	9	10	11	12	13	14	
1	2	4	5	6	8	9	10	11	13	14	
0	2	3	4	5	7	8	9	10	11	13	
0	1	3	5	6	8	9	10	11	12	14	
0	1	3	4	6	7	8	10	11	12	13	14	
0	1	2	3	4	5	6	8	9	11	13	14	
0	1	2	3	4	5	8	10	11	12	13	
0	1	2	3	7	8	9	10	12	13	14	
0	1	3	4	5	7	8	9	12	13	14	
0	1	2	4	5	7	8	9	11	12	13	
1	2	5	6	7	8	9	11	12	13	14	
0	2	3	4	6	7	8	9	10	11	12	13	
0	2	3	5	6	7	8	9	10	12	13	14	
0	1	2	4	5	6	7	9	11	13	14	
1	2	3	4	5	7	8	9	10	11	13	14	
0	1	3	4	5	6	7	8	10	12	13	14	
0	1	3	4	6	7	8	9	10	12	13	
0	1	2	3	4	7	8	9	10	11	14	
0	2	4	5	6	7	8	9	10	12	13	14	
0	1	2	3	4	5	7	8	9	10	13	14	
0	1	2	3	4	5	6	8	10	11	12	13	
0	1	2	3	4	6	8	9	10	11	12	13	
0	1	2	6	7	8	9	10	12	13	14	
0	1	2	4	5	6	7	8	10	11	12	13	
0	3	4	5	7	8	9	10	11	12	13	14	
0	1	2	3	4	5	6	7	8	9	11	12	
0	1	2	3	4	6	7	8	9	10	12	14	
0	1	2	5	6	7	8	9	10	11	12	14	
0	2	3	4	6	8	9	10	11	12	13	14	
0	1	2	4	5	7	9	10	11	12	14	
0	1	2	3	6	7	8	9	10	11	12	13	
1	2	3	4	6	9	10	11	12	13	14	
0	2	3	4	5	7	8	10	11	12	13	
0	1	2	3	6	7	8	9	10	13	14	
1	2	4	5	7	9	10	11	12	13	14	
1	2	3	4	5	7	8	9	11	12	13	14	
0	1	2	3	6	7	9	10	11	12	13	14	
0	1	2	3	4	6	7	9	10	11	13	14	
0	2	4	5	6	7	8	9	10	11	12	13	
0	1	3	5	6	7	10	11	12	13	14	
0	1	2	3	4	5	6	7	9	11	14	
0	1	3	4	5	7	8	9	10	11	13	14	
0	2	3	5	6	7	8	9	10	11	12	13	
0	1	2	3	4	7	8	10	12	13	14	
1	2	3	4	5	7	8	9	10	11	13	14	
0	1	2	3	4	6	7	8	9	11	12	
0	3	4	5	7	8	9	10	11	12	13	14	
0	2	3	4	5	6	7	9	10	11	12	
0	1	2	4	5	6	7	11	12	13	14	
0	1	2	3	5	7	9	10	11	12	13	
1	2	3	4	5	6	8	9	11	12	14	
0	2	4	5	6	7	8	9	11	12	13	14	
1	2	3	4	5	6	9	10	11	12	13	
0	1	2	3	4	5	6	10	11	12	13	14	
2	4	5	6	7	9	10	11	12	13	14	
1	2	3	5	6	8	9	10	11	13	14	
0	3	4	5	6	7	8	9	11	12	13	14	
0	1	2	3	5	7	8	9	12	13	14	
1	3	4	5	6	7	8	9	10	11	12	13	
0	1	2	3	4	5	6	7	8	11	12	14	
0	4	5	6	7	8	9	10	11	12	13	
0	3	4	6	7	8	9	10	11	12	13	14	
1	2	3	4	5	6	7	11	12	13	14	
0	1	4	5	6	8	9	10	11	12	14	
0	1	2	3	5	6	7	8	9	10	13	14	
0	1	2	3	4	7	8	9	10	11	14	
0	1	2	4	7	8	9	10	11	12	14	
0	1	2	3	4	5	7	8	10	11	12	14	
0	1	2	3	4	5	6	9	10	11	13	
0	3	4	5	7	8	9	10	11	12	13	14	
0	2	3	4	5	6	7	9	10	11	12	13	
1	2	3	4	5	7	8	10	11	12	13	14	
1	2	3	4	5	7	9	11	12	13	14	
0	2	3	4	5	6	7	8	9	10	14	
0	1	2	3	6	7	8	10	12	13	14	
0	1	2	3	4	5	6	8	9	10	11	14	
1	2	6	7	8	9	10	11	12	13	14	
1	2	3	4	6	7	9	10	11	12	13	14	
0	1	2	3	5	6	7	8	10	11	12	14	
1	2	3	5	6	7	8	9	11	12	13	14	
0	2	3	4	5	6	8	9	10	11	12	
0	1	3	5	6	7	8	10	11	13	14	
0	1	2	4	5	7	8	11	12	13	14	
0	2	3	4	5	6	9	11	12	13	14	
0	1	3	4	5	6	9	10	11	12	14	
0	1	2	5	6	7	8	9	12	13	14	
0	1	2	3	4	5	7	9	10	11	12	13	
0	2	3	4	5	6	9	10	11	12	14	
1	2	4	5	6	7	8	9	10	11	14	
0	1	2	3	5	6	7	8	9	10	12	14	
0	1	2	3	4	5	6	7	10	11	14	
0	1	2	3	5	6	7	8	11	12	13	14	
0	2	3	4	5	8	10	11	12	13	14	
0	1	3	4	6	7	8	9	11	12	14	
0	1	2	3	5	6	7	10	11	12	13	14	
0	1	3	4	5	6	9	10	11	12	13	
0	1	2	3	4	5	8	9	10	11	12	
0	2	5	6	7	8	9	10	12	13	14	
0	1	2	3	6	7	8	9	10	11	14	
3	4	5	6	7	8	9	10	11	13	14	
1	2	3	5	7	8	9	10	11	12	13	14	
0	1	2	7	8	9	10	11	12	13	14	
0	2	3	5	6	7	8	9	10	12	13	14	
0	1	2	3	5	6	7	8	10	11	12	13	
0	1	2	3	5	6	7	9	10	11	14	
0	1	2	3	4	5	6	7	8	10	13	
0	1	2	4	5	6	7	9	10	11	12	14	
0	1	2	4	5	6	8	9	10	12	13	
1	2	4	6	7	8	9	10	11	12	13	14	
0	1	2	3	5	6	7	8	9	10	13	14	
0	1	2	4	5	6	7	8	11	13	14	
0	2	3	4	5	7	8	9	10	11	12	14	
0	1	2	4	5	6	8	9	11	12	13	
0	1	2	3	4	5	6	7	11	13	14	
0	2	3	4	5	6	8	9	11	12	13	
0	1	2	5	6	7	8	10	11	12	14	
0	1	4	5	6	7	8	9	11	12	13	14	
0	1	2	4	5	6	7	8	10	12	14	
2	3	4	5	7	8	10	11	12	13	14	
0	1	2	3	5	6	7	8	9	10	12	13	
0	2	3	4	5	6	8	11	12	13	14	
0	2	3	4	5	6	8	9	10	12	13	14	
0	1	4	5	7	8	9	10	11	12	13	14	
0	1	2	3	6	7	9	11	12	13	14	
0	2	3	4	5	6	7	9	10	11	13	14	
0	1	2	3	4	5	6	7	8	9	13	
0	1	2	3	4	7	8	9	10	11	12	13	
1	3	4	6	7	8	9	10	11	12	13	
0	1	3	4	5	6	8	9	10	12	13	14	
0	1	2	3	5	6	7	8	10	13	14	
0	1	2	3	4	6	7	8	9	10	13	14	
0	1	3	4	5	6	7	8	10	12	14	
0	2	3	4	5	6	8	9	10	11	12	13	
0	1	2	3	5	6	7	8	9	10	11	14	
2	3	4	5	6	7	8	9	11	12	13	
1	2	3	4	5	7	8	9	10	11	12	
0	1	4	5	6	7	8	10	11	12	13	
0	3	4	5	6	8	9	10	11	12	13	14	
2	3	4	5	6	7	8	9	10	12	13	14	
0	1	4	5	6	7	10	11	12	13	14	
0	1	2	4	5	6	7	9	12	13	14	
0	1	2	3	4	5	6	7	10	11	13	14	
1	2	3	4	5	8	9	10	11	12	13	14	
0	1	4	5	6	7	8	9	11	12	14	
0	1	2	4	5	6	9	10	11	12	13	14	
0	1	2	3	4	5	6	7	8	9	12	14	
0	1	2	4	5	7	8	9	10	11	12	
1	2	3	4	5	7	9	10	11	12	13	14	
0	1	2	3	4	6	7	8	9	10	11	12	
1	2	3	4	5	6	7	9	11	12	13	14	
0	2	3	4	5	6	7	8	9	10	12	14	
0	1	2	3	4	5	6	7	9	12	13	14	
0	1	4	5	7	8	9	10	11	12	14	
0	1	2	3	4	5	6	7	8	9	10	11	
0	2	3	5	6	7	8	9	10	11	13	14	
0	2	3	4	6	8	9	10	11	12	13	14	
0	1	2	3	4	5	6	8	10	11	12	14	
0	2	3	4	5	6	7	9	10	11	14	
0	2	3	4	5	6	7	8	9	11	13	14	
1	2	3	4	5	6	7	9	12	13	14	
0	2	3	6	7	8	9	10	11	12	13	14	
0	1	2	3	4	5	7	8	9	10	14	
0	1	2	4	6	7	8	10	12	13	14	
1	2	3	4	5	8	10	11	12	13	14	
0	2	3	4	6	7	9	10	11	12	13	14	
0	1	2	4	5	6	7	8	9	11	12	13	
0	1	2	3	4	5	6	8	10	12	14	
0	1	4	5	6	7	8	11	12	13	14	
0	1	2	4	5	7	8	9	10	11	12	13	
2	3	5	6	7	8	9	10	11	13	14	
0	1	3	6	7	8	9	10	11	12	13	14	
0	1	3	4	6	7	8	11	12	13	14	
0	1	2	3	4	7	8	9	10	11	13	
0	1	2	4	5	7	9	10	12	13	14	
0	1	2	3	4	5	7	8	9	11	14	
0	1	3	4	5	7	8	10	11	12	13	14	
2	3	4	5	6	7	8	9	11	12	13	14	
0	3	4	5	6	7	9	10	12	13	14	
0	2	4	5	6	8	9	10	11	13	14	
0	1	2	3	4	5	6	7	9	12	13	14	
0	1	2	4	5	6	7	8	9	11	13	14	
0	1	2	4	5	6	7	8	9	10	12	14	
1	2	3	4	6	7	8	10	11	12	13	14	
1	2	3	4	5	6	7	11	12	13	14	
0	1	2	4	5	7	8	9	10	11	12	
0	2	3	4	5	6	7	8	10	11	12	14	
0	1	2	3	4	5	6	7	9	10	13	
0	2	3	4	6	7	9	10	11	12	13	14	
0	1	2	4	5	8	9	10	12	13	14	
0	1	2	4	6	7	8	9	10	12	14	
1	2	3	5	6	7	8	9	10	11	13	14	
0	1	3	4	5	6	8	10	12	13	14	
0	1	2	3	4	6	7	10	11	13	14	
0	1	2	4	5	6	7	9	11	12	13	14	
0	1	2	3	5	6	7	9	10	11	12	13	
0	1	2	3	5	6	7	8	9	10	12	13	
0	1	2	4	5	7	8	9	10	12	13	14	
0	1	3	4	6	8	9	10	11	12	13	
0	1	3	4	5	8	10	11	12	13	14	
0	1	4	5	6	7	10	11	12	13	14	
0	1	2	5	6	8	9	10	11	12	13	14	
1	2	3	4	5	6	7	10	11	13	14	
0	1	3	4	5	6	7	8	9	10	11	12	
0	1	2	4	6	7	8	9	11	12	13	
0	1	2	3	4	6	7	8	9	10	11	13	
0	1	2	3	5	6	8	10	11	12	13	
0	1	3	4	5	6	7	8	9	10	14	
0	1	2	3	4	5	6	9	10	11	13	14	
0	1	2	4	5	6	7	9	10	11	12	
0	1	2	4	5	6	8	9	11	13	14	
0	1	2	3	4	5	6	7	8	10	12	14	
0	1	2	3	5	7	8	10	11	12	13	14	
0	1	2	3	4	8	9	10	12	13	14	
0	1	2	3	4	5	6	7	8	10	11	13	
1	2	3	4	5	6	9	11	12	13	14	
0	1	3	4	5	6	8	10	11	12	13	
0	2	3	5	7	8	9	11	12	13	14	
2	4	5	6	7	8	9	10	11	12	14	
0	1	2	3	5	6	7	8	10	12	14	
0	2	4	5	6	9	10	11	12	13	14	
0	2	3	4	5	6	7	8	10	11	13	14	
0	1	2	3	4	5	6	8	10	12	14	
0	1	2	3	4	5	7	9	11	12	13	14	
1	2	3	4	5	6	7	8	9	10	14	
0	2	4	6	7	8	9	10	11	13	14	
0	1	2	4	6	7	8	9	10	11	13	14	
0	1	3	4	5	6	9	10	11	12	13	14	
0	1	2	3	5	8	9	10	11	12	13	14	
0	1	3	4	5	6	7	8	9	11	13	14	
0	1	2	4	5	8	9	10	11	13	14	
0	1	2	4	5	7	8	9	10	12	13	14	
1	3	4	7	8	9	10	11	12	13	14	
0	1	2	3	4	5	6	8	10	11	13	14	
0	3	4	5	6	8	9	10	11	12	13	14	
0	1	3	4	6	7	9	11	12	13	14	
0	3	4	5	6	7	8	9	10	12	13	
0	1	2	3	6	7	8	9	11	12	13	
1	2	4	5	6	7	8	10	11	12	13	
0	1	2	3	4	6	7	9	10	11	12	14	
1	2	3	4	6	8	9	10	11	12	13	14	
0	1	2	3	4	5	6	9	10	11	13	
0	1	2	4	5	6	7	8	10	11	12	13	
0	2	3	5	6	7	8	10	11	12	13	
0	1	2	4	5	9	10	11	12	13	14	
0	1	2	4	5	7	9	10	11	12	13	
0	1	2	3	4	5	6	8	9	10	11	13	
0	1	3	5	8	9	10	11	12	13	14	
0	1	2	3	4	6	7	9	10	12	14	
0	1	2	3	4	5	8	9	10	11	13	
0	2	3	4	5	6	7	8	9	11	13	
0	1	2	3	4	5	7	10	11	12	13	14	
0	1	2	5	7	9	10	11	12	13	14	
0	1	2	3	4	5	6	7	10	11	12	13	
0	1	2	3	4	6	8	9	10	12	13	14	
0	1	2	3	4	5	6	7	8	10	11	12	
0	1	2	4	7	8	9	10	11	12	14	
1	2	3	4	5	8	9	10	11	12	13	14	
1	2	3	4	5	6	8	9	11	12	13	14	
1	2	3	4	5	7	8	9	10	11	12	13	
0	1	2	3	4	6	8	9	10	11	13	14	
0	1	2	3	4	5	6	8	10	11	12	14	
0	1	2	3	5	6	7	8	11	12	14	
2	3	4	5	6	8	10	11	12	13	14	
0	1	2	3	4	5	6	8	9	10	12	
0	2	3	4	5	7	9	10	11	13	14	
0	1	2	3	4	5	6	7	8	10	11	12	
0	1	2	3	5	7	8	9	10	11	12	14	
0	1	2	3	4	6	7	8	9	12	13	
0	1	2	3	4	6	7	8	9	11	13	14	
0	3	4	5	6	8	9	10	11	12	13	14	
0	1	2	3	4	5	6	7	8	11	12	13	
1	2	3	4	5	6	7	8	9	10	12	14	
1	2	3	4	5	6	7	9	10	11	13	14	
0	2	3	5	6	7	9	10	11	12	13	14	
0	3	4	5	7	8	10	11	12	13	14	
1	2	3	5	6	7	8	9	11	12	13	
0	1	2	3	4	5	8	10	11	12	13	14	
2	3	4	5	6	9	10	11	12	13	14	
0	2	4	5	6	7	9	10	11	12	14	
1	2	3	4	6	7	8	11	12	13	14	
0	2	3	4	5	7	8	9	11	12	13	14	
0	1	4	5	6	7	8	9	11	12	14	
0	1	2	4	5	6	8	9	10	12	14	
0	1	3	4	6	7	9	10	11	12	14	
1	2	4	5	6	7	8	10	11	12	13	14	
1	2	4	5	6	8	9	10	12	13	14	
0	1	2	3	5	6	7	10	12	13	14	
0	1	4	5	7	8	9	10	11	12	13	14	
0	1	2	3	5	8	10	11	12	13	14	
0	1	3	4	5	8	9	10	11	12	13	14	
0	1	4	5	6	8	9	10	11	12	13	14	
0	1	2	3	4	7	8	9	10	11	13	14	
0	1	2	4	5	6	7	8	9	11	14	
0	1	2	3	4	5	7	8	9	11	12	14	
0	1	2	4	5	6	7	9	10	11	13	14	
2	3	4	6	8	9	10	11	12	13	14	
0	1	2	3	4	7	8	9	10	11	14	
0	1	2	3	5	6	7	8	9	12	13	14	
0	1	2	3	4	5	7	8	10	11	12	14	
0	1	3	4	7	8	9	10	11	12	13	14	
0	1	2	3	4	5	7	9	10	11	13	14	
0	1	2	4	5	6	7	9	10	11	12	13	
1	2	3	4	5	6	7	8	9	11	13	14	
1	2	3	4	5	6	8	9	12	13	14	
0	1	2	3	5	6	7	8	9	12	14	
0	1	3	4	5	8	9	10	12	13	14	
0	1	2	3	4	6	7	8	10	12	13	14	
0	1	4	5	6	7	8	9	11	12	13	
0	2	3	4	5	7	8	9	10	11	13	14	
0	1	2	4	5	6	7	9	10	11	12	
0	1	2	3	4	5	6	7	8	10	13	14	
1	4	5	6	7	8	9	10	11	12	13	14	
0	1	2	3	4	5	6	9	10	12	14	
0	2	4	5	7	8	9	10	11	12	14	
0	2	3	5	6	7	9	10	11	12	13	14	
0	2	3	4	5	6	7	8	10	11	12	14	
0	1	4	5	7	9	10	11	12	13	14	
1	2	3	4	5	6	7	8	12	13	14	
0	1	2	3	4	5	6	7	8	9	11	14	
0	1	2	3	6	9	10	11	12	13	14	
0	1	2	3	5	6	9	10	11	12	13	
1	2	3	4	5	6	7	8	9	10	12	13	
0	1	4	5	6	7	9	11	12	13	14	
0	1	3	4	5	6	7	8	9	11	13	14	
0	1	2	3	4	5	7	8	9	10	11	13	
0	1	2	3	4	5	6	9	10	11	13	14	
0	1	2	3	4	5	6	9	10	11	12	13	
0	1	2	3	5	6	9	11	12	13	14	
1	2	3	5	6	7	9	10	11	12	13	14	
0	1	2	3	4	5	8	9	10	11	12	14	
1	3	4	5	6	7	8	9	10	12	13	14	
1	4	5	7	8	9	10	11	12	13	14	
0	1	2	4	5	6	7	8	11	12	13	14	
0	1	2	3	4	6	7	8	10	11	12	14	
0	1	2	3	4	5	6	7	9	10	11	14	
0	1	2	3	4	7	8	9	11	12	13	14	
0	1	2	4	6	7	8	9	10	11	12	13	
0	2	3	4	6	7	8	10	11	12	13	
0	3	4	5	7	8	10	11	12	13	14	
0	2	3	4	5	8	9	10	11	12	13	14	
1	2	3	5	6	7	8	9	11	12	13	14	
2	3	4	6	7	8	9	10	11	13	14	
0	2	3	5	6	7	8	10	11	13	14	
0	1	3	5	6	8	10	11	12	13	14	
0	2	3	4	5	6	9	10	11	12	13	14	
0	2	3	6	8	9	10	11	12	13	14	
0	1	3	4	5	6	7	8	10	11	12	13	
1	2	3	4	5	6	7	8	9	10	12	14	
0	1	2	3	4	5	7	9	11	13	14	
0	1	2	5	6	7	8	9	10	11	13	14	
0	1	2	3	4	5	7	10	11	12	13	14	
0	1	4	5	7	8	9	10	11	12	13	14	
0	1	2	3	4	6	7	9	10	11	13	
0	1	2	3	4	5	7	8	9	11	12	13	
0	1	2	3	4	5	7	8	9	11	12	13	
0	1	2	4	5	6	7	10	11	12	13	14	
2	3	4	6	7	8	9	10	11	12	13	14	
0	1	2	3	4	6	8	9	10	11	13	14	
1	2	3	5	7	8	9	10	11	12	13	14	
2	3	4	5	6	7	8	9	10	11	12	14	
1	2	4	5	6	7	8	9	10	11	12	14	
0	2	3	4	5	6	7	8	10	12	13	14	
0	2	3	4	5	6	8	10	11	12	14	
0	1	2	3	4	7	8	9	10	11	12	14	
0	2	3	4	5	6	7	11	12	13	14	
0	2	3	4	5	6	9	10	11	12	13	14	
1	2	4	5	6	8	9	10	11	12	13	14	
0	1	2	4	5	7	8	9	10	11	13	14	
0	1	2	3	4	5	6	7	10	13	14	
2	3	4	5	8	9	10	11	12	13	14	
1	3	4	5	6	8	9	10	11	12	13	
0	1	3	4	5	6	8	9	11	12	13	14	
0	2	3	4	6	7	8	9	10	11	12	13	
0	2	3	5	6	7	8	10	11	13	14	
1	2	3	4	5	8	9	10	11	12	13	
0	3	4	5	6	7	8	9	12	13	14	
1	2	3	5	6	7	8	9	10	12	13	14	
1	2	3	5	6	7	8	9	11	12	14	
0	1	2	4	5	7	9	10	11	12	14	
0	1	2	3	5	6	7	8	11	12	13	
2	4	5	6	7	8	9	10	11	12	13	14	
0	1	2	3	4	8	9	10	11	12	13	14	
0	2	3	4	7	8	10	11	12	13	14	
1	2	5	7	8	9	10	11	12	13	14	
0	1	3	5	7	8	9	10	11	12	13	
0	1	3	4	5	6	8	9	10	11	14	
0	1	2	4	5	6	7	9	11	12	13	14	
0	1	2	3	4	6	7	8	11	12	14	
0	1	2	3	4	6	7	9	10	11	12	14	
0	1	2	3	5	6	7	8	9	10	13	14	
1	3	4	5	6	7	8	9	10	11	13	14	
1	2	3	4	5	6	7	8	10	12	13	14	
0	3	4	5	6	7	8	9	11	12	14	
0	2	3	4	5	6	7	8	12	13	14	
0	1	2	3	5	7	8	9	10	11	12	14	
2	3	5	6	7	8	9	10	11	12	13	14	
0	1	2	3	4	5	7	8	9	10	13	14	
0	1	2	3	4	6	7	8	10	11	12	13	
1	2	3	4	5	6	7	9	11	13	14	
1	2	3	4	5	6	7	9	10	12	13	
0	1	4	5	6	7	9	10	11	12	13	14	
0	1	2	3	4	5	7	9	10	11	12	14	
0	1	3	4	5	6	7	8	9	12	13	14	
0	1	3	4	5	6	7	8	10	11	14	
0	1	2	3	4	5	6	7	8	11	13	14	
0	2	3	4	5	6	7	9	10	11	12	13	
0	1	2	3	5	6	8	9	10	12	13	14	
1	2	3	4	5	7	8	9	10	11	12	
0	1	3	4	5	6	7	8	9	11	12	14	
0	1	2	3	5	6	7	8	9	11	12	14	
0	1	2	3	4	5	6	7	9	10	13	14	
0	1	3	5	6	7	8	9	10	11	12	14	
0	1	4	5	6	8	9	10	11	12	13	14	
0	2	4	5	6	8	9	11	12	13	14	
1	3	4	5	6	7	9	10	11	12	13	14	
0	1	2	5	7	8	9	10	11	12	13	14	
2	4	6	7	8	9	10	11	12	13	14	
0	1	2	3	4	5	6	8	9	10	12	
1	2	3	5	7	8	9	10	11	12	13	
0	1	2	3	5	6	7	8	9	12	13	
1	2	3	4	5	6	7	9	10	11	13	14	
1	2	3	4	5	6	7	9	10	11	12	
0	3	5	6	8	9	10	11	12	13	14	
0	1	2	3	4	6	7	8	10	12	13	14	
1	2	4	5	7	8	9	10	11	12	13	
0	1	2	3	4	5	6	7	9	10	11	13	
2	4	5	6	8	9	10	11	12	13	14	
0	1	3	4	5	6	7	8	9	11	13	14	
0	1	3	4	6	8	9	10	11	12	13	
0	2	4	5	6	7	8	9	10	11	12	13	
0	1	2	4	5	6	7	8	9	11	12	14	
0	1	4	6	7	8	9	10	12	13	14	
0	1	4	5	6	7	8	9	10	11	13	
0	2	4	5	7	8	9	10	11	13	14	
1	2	3	4	5	6	7	9	10	11	12	
0	2	3	4	5	6	7	8	10	11	12	14	
0	1	3	4	5	6	7	8	9	11	12	14	
0	1	2	5	7	8	10	11	12	13	14	
0	1	5	7	8	9	10	11	12	13	14	
0	1	2	3	4	7	8	10	11	13	14	
0	1	2	3	5	6	7	8	9	10	12	14	
3	5	6	7	8	9	10	11	12	13	14	
1	2	3	6	7	8	9	11	12	13	14	
0	1	2	3	5	8	9	10	11	12	13	14	
0	1	2	3	4	5	6	7	8	9	12	13	
0	1	2	3	5	6	8	9	10	12	13	14	
0	1	2	3	6	7	8	9	11	12	13	14	
0	2	4	5	6	7	8	9	10	11	14	
0	1	3	4	5	7	8	9	11	12	13	14	
0	1	2	4	5	7	8	9	10	12	13	
0	1	2	4	5	7	8	9	11	12	14	
0	1	2	4	5	6	7	10	11	12	13	14	
1	3	5	6	7	9	10	11	12	13	14	
0	1	2	3	4	5	7	8	9	11	13	14	
0	1	2	3	5	6	7	8	10	11	13	14	
0	1	2	3	4	5	6	7	9	12	13	
0	1	2	3	4	5	6	7	8	10	11	13	
0	1	2	3	4	6	8	9	10	11	13	14	
0	1	3	4	5	6	8	9	10	11	12	
0	2	3	4	5	7	8	10	11	12	13	
0	1	3	4	5	7	8	9	10	11	12	14	
0	1	2	3	4	5	8	9	10	11	13	
0	1	2	3	4	7	8	10	11	12	13	14	
0	1	2	3	4	7	8	9	10	12	13	
1	2	3	5	6	8	10	11	12	13	14	
0	1	2	4	5	8	9	10	12	13	14	
0	1	2	3	6	8	9	10	12	13	14	
0	1	2	3	5	6	7	8	9	12	14	
0	2	4	5	7	8	9	10	11	12	13	14	
0	1	2	3	4	5	6	7	8	10	11	14	
1	3	4	5	6	8	9	10	11	13	14	
0	1	2	4	5	6	8	9	10	12	13	14	
1	2	4	5	6	7	9	10	11	12	13	14	
0	1	3	4	5	6	8	10	12	13	14	
0	2	3	4	5	7	8	9	10	12	13	14	
0	1	2	3	4	6	8	9	10	11	12	13	
0	2	3	4	5	6	8	9	10	11	12	13	
1	2	3	4	5	8	9	11	12	13	14	
0	2	3	5	6	7	8	9	10	11	13	14	
0	1	4	5	6	7	8	9	12	13	14	
0	1	2	4	5	6	9	10	12	13	14	
0	3	5	6	7	8	10	11	12	13	14	
0	1	2	3	4	5	6	7	8	11	12	14	
0	1	3	4	6	7	8	11	12	13	14	
0	1	2	4	5	6	7	8	9	10	11	
1	2	3	4	5	6	7	8	10	11	13	14	
1	2	3	4	5	6	7	8	9	10	12	14	
0	1	2	3	5	6	7	8	10	12	13	
0	3	4	5	6	8	10	11	12	13	14	
0	1	2	4	6	7	9	10	11	12	13	
0	2	3	4	5	8	9	11	12	13	14	
0	1	2	3	4	6	7	8	10	11	13	14	
0	2	4	5	6	7	9	10	12	13	14	
1	2	3	4	6	7	8	9	11	12	13	14	
0	1	2	3	4	5	6	7	8	9	11	14	
0	1	2	3	4	5	6	7	8	9	11	12	
1	2	3	5	6	7	8	9	10	11	12	13	
0	1	2	5	6	7	8	10	12	13	14	
0	1	2	3	4	7	8	9	10	11	13	14	
0	1	2	4	5	6	7	8	9	13	14	
0	1	2	3	4	6	7	8	10	13	14	
0	4	5	6	7	8	9	10	11	12	13	14	
0	1	3	4	5	6	7	8	9	10	11	14	
0	1	3	5	6	7	8	9	11	12	13	
0	1	5	6	7	8	9	10	11	13	14	
1	2	3	4	5	6	7	9	11	12	13	14	
0	1	2	4	5	6	7	8	9	10	12	
0	3	4	5	6	7	8	9	11	12	13	14	
1	2	3	4	5	6	7	8	9	10	11	13	
0	2	3	4	6	7	8	11	12	13	14	
0	1	3	4	6	8	10	11	12	13	14	
0	2	3	4	5	6	7	8	10	11	12	14	
2	3	5	6	7	9	10	11	12	13	14	
0	1	2	3	4	5	6	7	8	10	11	12	
0	1	2	3	4	5	6	7	10	11	13	14	
1	2	3	5	6	7	9	10	11	12	13	14	
1	2	5	6	7	8	9	10	11	12	14	
1	3	4	6	7	8	10	11	12	13	14	
0	1	3	4	5	8	9	10	12	13	14	
1	2	3	4	5	6	7	8	9	10	11	12	
1	2	3	4	5	6	7	8	9	10	14	
1	2	3	4	5	7	9	10	11	12	13	14	
1	2	3	4	5	6	7	8	10	11	13	14	
1	2	3	4	5	7	8	9	10	12	14	
0	1	3	4	5	6	7	8	9	11	12	14	
0	1	2	5	6	8	10	11	12	13	14	
0	2	3	4	6	7	9	10	11	13	14	
1	2	4	6	7	8	9	11	12	13	14	
0	2	3	4	6	7	8	9	10	12	14	
0	1	2	4	5	6	7	8	9	10	11	12	
0	2	3	4	5	6	7	9	10	11	14	
0	1	3	4	5	6	7	8	9	10	11	13	
0	1	2	3	4	5	6	8	9	10	11	12	
0	1	3	5	6	7	8	9	10	11	12	13	
0	1	2	3	4	5	8	9	10	11	13	14	
0	1	4	5	7	8	9	10	11	12	13	14	
0	1	2	3	5	7	8	10	11	12	13	14	
0	2	4	5	6	7	9	10	11	12	13	
0	1	3	4	6	7	8	9	10	11	12	13	
0	1	2	3	4	6	7	8	9	11	13	14	
0	1	2	4	5	6	7	8	9	10	11	12	
0	1	2	3	4	6	8	9	10	13	14	
1	2	3	4	6	7	8	9	11	12	13	14	
1	4	5	6	7	8	9	10	12	13	14	
1	2	3	5	7	8	9	10	11	13	14	
0	1	2	3	5	7	8	9	10	11	12	13	
0	1	2	3	4	5	6	9	10	12	13	14	
0	1	3	4	7	9	10	11	12	13	14	
0	1	2	3	5	6	7	8	9	13	14	
0	2	3	4	6	7	9	10	11	13	14	
0	1	2	4	5	7	8	9	10	11	12	13	
0	1	2	3	4	5	7	8	9	10	11	13	
0	2	3	4	5	6	8	9	11	12	13	14	
0	1	2	4	5	7	8	9	11	12	14	
2	3	4	6	7	8	9	11	12	13	14	
0	1	5	6	7	8	9	10	11	12	13	
1	2	3	4	5	6	7	8	10	11	12	14	
0	1	2	3	4	5	6	9	11	13	14	
1	2	3	4	5	6	7	8	10	11	12	14	
0	1	2	4	5	7	8	9	11	12	13	
0	2	5	6	8	9	10	11	12	13	14	
1	2	3	4	5	7	8	9	10	11	12	14	
0	2	5	6	7	8	9	10	11	12	13	14	
1	2	3	4	5	7	8	10	11	12	13	14	
0	2	3	4	5	6	7	10	12	13	14	
1	2	3	4	7	8	10	11	12	13	14	
0	1	3	6	8	9	10	11	12	13	14	
1	2	3	5	6	7	8	9	10	11	12	13	
0	1	2	3	4	6	7	8	9	10	12	13	
0	1	2	3	4	6	7	8	10	11	12	14	
1	2	4	6	7	8	9	10	11	13	14	
1	2	3	4	6	8	9	10	11	12	13	14	
0	2	3	4	5	6	8	9	10	11	12	13	
0	1	2	3	4	6	9	10	11	12	13	14	
0	1	2	3	4	5	6	7	9	10	11	12	
0	2	3	5	6	7	8	9	10	11	12	14	
0	2	3	4	5	6	7	8	9	10	12	14	
0	2	3	5	6	8	9	10	11	12	13	14	
1	2	3	4	5	6	8	9	10	11	14	
1	2	3	4	5	6	7	9	10	11	12	14	
0	1	2	6	7	8	9	10	11	12	13	14	
2	4	5	6	7	9	10	11	12	13	14	
0	1	2	3	7	8	9	10	11	12	13	14	
0	1	2	3	4	5	7	8	10	11	12	
0	1	2	3	4	6	7	8	9	10	13	14	
0	1	4	5	6	7	9	10	12	13	14	
1	2	4	5	6	7	8	10	11	12	13	14	
0	1	2	3	4	5	8	9	11	12	13	14	
1	2	4	5	6	7	8	9	10	12	13	14	
0	1	3	5	6	8	9	10	12	13	14	
0	1	2	3	6	7	8	9	11	13	14	
0	1	2	4	5	6	7	8	10	11	14	
0	1	3	4	6	8	9	10	11	13	14	
0	1	2	3	4	5	6	9	10	11	13	14	
0	2	3	4	5	6	9	10	11	13	14	
1	3	4	5	6	7	8	9	10	11	13	14	
0	2	3	4	5	6	7	9	10	11	12	14	
0	2	4	5	6	8	9	10	11	12	13	14	
0	2	3	4	5	6	7	9	10	11	13	
1	2	3	6	7	8	9	11	12	13	14	
1	2	4	6	7	8	9	10	11	12	13	
3	4	5	6	7	8	10	11	12	13	14	
0	1	2	3	4	5	6	7	8	9	10	14	
1	2	3	5	6	7	9	10	11	12	14	
0	2	3	6	7	8	9	10	11	12	13	
0	1	4	5	7	8	9	10	11	13	14	
1	2	3	5	7	8	9	10	11	12	13	14	
0	1	3	4	5	6	7	10	11	12	13	14	
0	1	2	4	5	7	8	9	10	12	13	14	
1	2	4	5	6	7	9	10	11	12	13	14	
1	2	4	6	7	8	9	10	11	13	14	
0	1	2	4	5	7	8	9	10	12	13	14	
0	1	2	3	5	7	8	9	10	12	13	14	
1	2	3	5	6	7	8	9	10	11	13	14	
0	1	2	3	4	5	7	10	12	13	14	
0	1	3	4	5	6	8	9	10	12	13	14	
0	1	2	3	5	6	7	8	9	10	13	14	
0	1	2	3	4	5	6	7	9	10	11	13	
1	2	3	6	7	9	10	11	12	13	14	
0	1	3	4	5	6	7	9	10	11	12	13	
0	2	3	4	5	6	7	9	10	11	12	14	
0	1	2	3	4	6	7	9	10	12	13	14	
0	1	2	3	4	6	7	10	11	12	13	14	
2	3	4	5	6	7	9	10	11	12	13	14	
0	1	3	4	5	7	9	10	11	12	13	14	
0	1	2	3	4	6	7	9	10	11	13	14	
0	1	2	3	4	5	6	8	10	11	13	14	
1	2	3	4	5	7	8	9	10	12	13	14	
0	1	2	4	5	6	7	8	9	12	13	14	
1	2	4	5	6	7	9	11	12	13	14	
1	2	4	5	6	7	8	10	11	12	13	
0	1	3	4	5	6	7	8	9	10	11	14	
1	2	3	4	6	7	9	10	11	12	13	14	
3	4	5	6	7	8	9	10	11	12	14	
0	1	3	4	6	7	8	9	12	13	14	
0	1	3	4	5	6	8	11	12	13	14	
1	2	3	4	5	6	8	9	10	11	13	14	
2	3	4	5	6	7	8	9	10	11	14	
0	1	2	3	4	5	6	7	10	12	13	
0	1	2	3	7	8	9	10	11	13	14	
0	1	2	3	6	7	8	10	11	12	13	14	
1	2	4	5	7	8	9	10	11	12	13	
0	1	2	3	4	5	7	8	9	11	12	13	
1	2	3	4	5	8	9	10	11	12	13	14	
1	2	4	5	7	8	10	11	12	13	14	
0	1	2	3	4	5	6	10	11	12	13	
1	2	3	4	5	6	7	9	10	11	12	14	
0	1	2	5	6	7	8	10	11	12	13	14	
0	1	2	3	4	5	9	11	12	13	14	
0	1	2	4	5	6	7	8	10	11	12	14	
0	1	2	3	4	5	6	9	10	11	12	14	
0	2	4	6	7	8	9	10	11	12	13	14	
1	3	4	5	6	7	8	9	10	11	14	
0	2	3	4	7	8	9	10	11	12	14	
0	1	3	4	5	6	7	8	9	10	11	13	
0	2	3	5	6	7	8	9	10	11	12	13	
1	2	3	5	6	7	8	9	10	11	13	14	
0	1	3	4	5	6	7	9	10	11	12	13	
0	2	3	4	5	6	7	8	10	11	13	14	
0	1	2	4	5	6	7	8	9	10	13	14	
1	2	3	4	5	6	7	9	10	11	12	13	
0	1	2	3	4	5	7	8	9	13	14	
2	4	5	7	8	9	10	11	12	13	14	
0	2	3	5	6	8	9	10	11	12	13	14	
0	1	2	4	5	7	8	9	10	11	12	14	
0	1	2	3	4	8	9	10	11	12	13	14	
0	1	2	3	4	5	6	8	9	13	14	
0	1	2	3	4	5	6	8	9	10	12	14	
1	2	4	5	7	8	9	10	12	13	14	
1	2	3	4	5	6	7	10	11	12	13	14	
0	1	2	4	7	9	10	11	12	13	14	
0	1	4	5	7	9	10	11	12	13	14	
0	3	4	5	6	7	9	10	11	13	14	
0	2	3	5	6	7	8	9	10	11	12	14	
2	3	4	5	7	8	10	11	12	13	14	
2	4	5	6	7	8	9	10	11	12	14	
0	1	2	3	4	5	6	7	8	11	12	13	
1	2	4	5	6	7	8	10	11	12	13	
0	3	5	6	7	8	9	11	12	13	14	
0	1	3	4	6	7	9	10	11	13	14	
0	1	2	3	6	7	8	9	10	12	13	14	
1	2	3	4	5	6	8	10	11	12	14	
0	2	3	4	6	7	8	10	11	13	14	
2	3	5	6	7	8	9	10	11	12	13	14	
0	1	2	3	5	6	7	8	9	11	12	13	
0	1	2	3	4	5	6	8	10	11	12	13	
0	1	2	5	6	7	9	10	11	12	14	
0	3	4	5	6	7	8	9	10	11	12	13	
0	2	3	4	5	6	7	9	11	12	13	14	
0	2	4	5	6	7	8	10	11	12	14	
0	1	2	4	5	7	8	9	10	12	13	14	
0	1	2	3	4	5	6	8	9	10	12	14	
0	1	2	3	4	6	7	8	9	10	11	12	
0	1	2	3	4	6	7	8	9	11	13	
0	2	3	4	5	6	7	8	10	11	12	14	
1	2	3	5	6	7	9	10	11	12	14	
0	1	2	3	5	6	7	10	11	13	14	
0	1	2	3	5	6	7	9	10	11	12	
0	1	3	4	7	8	9	10	11	12	13	
0	1	2	3	6	8	9	10	11	12	13	14	
0	2	3	4	5	6	7	8	9	11	13	14	
0	2	3	4	6	7	8	9	10	12	13	
1	2	3	4	5	6	7	9	11	12	13	14	
0	1	2	3	5	6	9	10	11	12	13	
0	1	2	3	5	6	7	8	9	10	14	
1	3	4	5	6	7	9	10	11	12	13	14	
1	2	3	4	5	6	7	8	11	12	13	14	
0	2	4	5	6	7	8	9	10	11	13	
0	1	2	4	5	6	8	10	11	12	13	
1	2	3	5	6	9	10	11	12	13	14	
0	1	3	4	6	7	8	10	11	12	13	14	
2	3	4	5	6	7	9	10	11	13	14	
0	1	3	4	5	6	7	8	9	10	12	
1	2	3	6	7	8	9	10	11	12	13	
0	1	2	3	4	5	6	7	8	9	11	14	
0	1	3	4	5	7	8	9	10	11	12	14	
0	2	3	4	5	6	8	9	10	11	12	13	
0	1	3	4	6	7	8	9	10	11	12	14	
0	1	3	4	5	7	8	9	10	12	13	
1	2	3	4	5	6	9	10	11	12	13	14	
0	1	4	6	7	8	9	10	11	12	14	
0	1	2	5	6	7	8	9	11	12	13	14	
0	1	2	3	4	6	9	10	12	13	14	
0	2	3	4	5	7	8	9	10	11	12	13	
0	1	3	5	7	8	9	11	12	13	14	
1	2	3	4	5	6	8	9	12	13	14	
1	3	4	5	6	7	8	9	11	12	13	14	
2	3	4	5	6	7	8	9	10	12	14	
1	2	4	5	6	7	8	10	11	12	13	14	
0	1	2	3	4	5	7	9	10	12	13	14	
0	1	3	4	6	8	9	10	11	12	13	
0	1	2	3	4	5	9	10	11	12	13	14	
1	3	4	5	6	7	8	10	11	12	13	
0	3	4	6	7	8	9	10	11	12	14	
0	1	2	3	4	6	7	8	11	13	14	
0	1	2	3	5	7	8	9	10	11	12	13	
0	1	2	3	6	7	8	9	10	11	12	13	
1	2	3	4	5	6	7	8	9	10	12	13	
0	1	3	6	7	8	9	10	11	12	13	14	
0	1	2	4	7	8	9	10	11	12	13	14	
0	1	3	4	5	6	8	9	10	11	14	
2	3	4	5	6	7	8	9	10	12	13	14	
1	2	3	4	6	7	8	9	12	13	14	
0	2	3	4	6	7	8	9	10	12	13	14	
0	1	2	3	5	6	7	8	10	11	13	14	
0	1	2	3	4	5	6	8	9	12	13	
0	1	3	4	5	6	7	8	10	12	13	14	
0	1	2	3	7	8	9	10	11	12	13	14	
0	2	4	6	8	9	10	11	12	13	14	
0	2	3	5	7	8	9	10	11	12	13	
0	1	3	4	6	7	9	10	11	12	13	
0	1	2	3	4	6	7	8	10	11	12	14	
0	1	2	3	4	5	6	8	9	11	13	14	
0	1	2	3	4	6	8	10	11	12	13	14	
0	1	2	4	5	6	7	8	11	12	13	14	
0	1	3	4	6	8	10	11	12	13	14	
0	1	2	3	4	5	8	9	10	11	12	13	
0	1	2	3	5	6	7	8	9	11	12	14	
0	1	2	3	6	8	9	10	11	12	13	
0	1	3	4	5	6	7	8	9	10	11	12	
0	1	2	3	5	9	10	11	12	13	14	
0	3	4	5	6	7	8	9	10	12	13	14	
0	1	2	3	4	5	6	9	11	12	14	
1	2	3	4	5	6	7	8	9	11	12	13	
1	2	3	5	6	9	10	11	12	13	14	
0	1	2	3	4	6	7	8	10	12	13	14	
0	1	2	4	5	8	9	10	11	12	13	14	
0	1	2	4	5	7	8	9	10	12	13	14	
0	2	3	4	6	8	10	11	12	13	14	
0	1	3	4	5	6	7	9	10	12	14	
0	1	2	3	4	5	6	7	9	12	13	14	
0	2	5	6	7	9	10	11	12	13	14	
1	4	5	6	8	9	10	11	12	13	14	
0	2	3	4	5	6	8	9	10	11	12	14	
0	1	4	6	8	9	10	11	12	13	14	
0	1	2	3	5	7	9	10	11	12	13	14	
0	2	3	4	5	6	7	9	10	11	12	14	
0	2	3	4	5	6	7	8	9	11	13	14	
0	1	2	3	4	5	6	7	8	10	11	13	
0	1	2	4	5	6	7	8	9	10	11	14	
0	1	2	6	7	8	9	10	11	12	13	14	
0	2	3	4	6	8	10	11	12	13	14	
0	1	2	3	4	5	7	9	11	12	13	14	
0	1	2	3	4	6	7	11	12	13	14	
1	2	4	5	6	7	9	10	11	13	14	
0	1	3	6	8	9	10	11	12	13	14	
0	1	2	5	6	7	8	9	11	12	13	14	
0	1	3	4	5	7	8	9	11	12	13	14	
0	1	2	3	4	6	7	8	10	11	13	14	
1	2	3	4	7	8	10	11	12	13	14	
0	2	3	4	5	6	7	8	9	10	11	14	
0	3	4	5	6	7	9	11	12	13	14	
0	1	3	4	5	6	7	8	12	13	14	
1	2	3	4	6	7	8	9	10	13	14	
0	1	3	4	6	8	9	10	11	13	14	
1	2	5	6	7	8	9	10	12	13	14	
0	1	2	3	5	8	9	10	12	13	14	
0	1	3	5	6	7	8	9	11	12	13	14	
0	1	2	4	6	7	8	9	10	11	12	13	
0	3	4	6	7	8	9	10	11	12	13	14	
0	1	2	4	5	7	8	9	11	12	13	14	
0	1	2	3	4	6	7	8	9	12	13	
0	1	2	3	5	7	8	9	11	13	14	
0	1	3	4	5	7	9	10	12	13	14	
0	1	2	5	6	7	9	10	11	12	14	
0	1	4	5	6	7	9	11	12	13	14	
0	3	4	5	6	8	9	11	12	13	14	
1	2	3	4	5	6	7	10	11	13	14	
1	2	4	6	7	8	9	10	11	12	13	14	
0	2	3	5	6	9	10	11	12	13	14	
2	3	4	6	7	8	9	10	12	13	14	
0	1	3	5	6	7	8	9	10	11	13	14	
0	1	2	3	4	7	8	9	10	11	13	
0	2	3	5	6	7	8	10	11	12	13	
0	1	3	4	5	8	9	10	12	13	14	
2	3	4	5	6	7	8	9	12	13	14	
1	2	3	4	5	6	7	8	9	12	13	14	
0	3	4	5	6	7	9	10	11	12	13	14	
0	1	2	3	4	5	6	7	8	10	14	
0	1	2	4	7	8	9	10	11	12	13	14	
0	1	2	3	4	5	7	9	12	13	14	
0	2	3	5	6	7	9	10	11	12	13	
0	2	3	5	6	7	8	10	11	12	13	
0	1	2	5	6	7	8	9	11	12	13	
1	2	5	6	7	8	10	11	12	13	14	
0	4	5	6	7	8	9	10	11	12	14	
0	1	2	3	4	5	6	7	9	10	11	12	
0	2	3	4	5	6	8	9	10	11	12	13	
1	2	4	5	6	7	9	10	11	12	14	
0	3	5	7	8	9	10	11	12	13	14	
0	1	2	5	6	7	8	9	10	11	12	14	
0	1	2	5	6	7	8	9	10	11	12	14	
0	1	3	4	5	6	7	8	9	10	12	13	
0	1	2	3	4	6	8	10	11	12	13	
0	1	2	4	5	7	8	9	10	12	14	
0	1	2	3	4	6	8	9	10	11	13	14	
0	1	2	3	5	6	7	9	10	11	12	13	
1	2	5	6	7	8	9	10	11	12	13	14	
0	1	3	4	5	6	7	9	10	11	12	14	
0	3	5	6	7	8	9	10	11	12	13	14	
0	1	2	3	4	5	6	7	8	10	11	13	
2	3	4	5	7	8	9	10	11	12	13	14	
0	1	2	3	4	6	8	9	11	12	14	
0	1	2	3	4	5	8	9	10	11	12	14	
1	2	3	4	5	7	8	9	10	12	13	
0	1	3	4	5	7	8	9	11	12	13	14	
1	3	4	5	6	7	9	10	11	12	13	14	
0	2	4	6	7	8	10	11	12	13	14	
0	1	2	3	4	6	9	10	11	12	13	14	
0	1	4	5	6	7	8	10	11	12	13	
2	3	4	6	7	8	9	10	11	12	13	14	
0	1	2	4	5	7	8	9	11	12	13	14	
0	2	3	4	6	7	8	9	10	11	13	14	
0	1	2	4	5	7	8	9	12	13	14	
0	1	3	4	6	7	8	11	12	13	14	
0	1	3	4	5	7	8	9	11	12	14	
0	1	4	5	6	7	10	11	12	13	14	
0	1	2	4	5	6	8	10	12	13	14	
1	2	3	4	5	6	7	8	9	10	11	14	
0	1	2	3	6	8	9	10	11	13	14	
0	1	2	3	4	5	9	10	11	12	13	14	
1	2	3	4	6	7	9	10	12	13	14	
0	1	3	4	5	7	8	9	10	11	14	
1	2	4	5	6	7	8	10	11	12	14	
0	1	2	4	6	7	9	10	11	12	13	14	
0	1	3	4	6	7	8	9	11	12	13	14	
0	2	3	4	5	8	9	10	11	12	14	
0	1	3	4	5	7	8	10	11	12	13	
0	1	2	3	4	5	6	8	9	11	12	14	
0	2	3	5	7	8	9	11	12	13	14	
0	1	3	5	6	8	9	10	11	12	13	14	
0	1	3	4	5	6	8	9	10	11	12	14	
0	2	3	4	5	6	8	10	11	12	13	14	
2	3	4	5	6	8	9	10	12	13	14	
1	3	4	5	6	8	9	10	11	12	14	
0	1	2	3	5	7	8	9	10	11	12	
0	1	2	4	5	6	7	9	10	11	14	
1	2	4	5	6	7	8	9	10	12	14	
0	1	2	3	4	5	6	7	8	10	11	
1	2	3	4	5	7	9	10	11	12	14	
0	1	2	5	6	7	8	9	10	11	12	13	
1	2	4	5	8	9	10	11	12	13	14	
0	1	3	4	5	7	8	9	10	11	12	14	
0	1	3	4	5	7	9	10	11	12	14	
0	1	2	6	7	8	9	10	11	12	14	
2	3	5	6	7	8	9	10	11	12	13	14	
0	1	2	3	6	8	9	10	11	13	14	
0	1	2	4	5	6	7	8	9	11	12	14	
0	2	3	5	6	7	8	9	10	11	13	14	
0	1	2	3	5	7	8	10	11	13	14	
0	1	4	5	6	8	9	10	11	12	13	14	
1	2	3	4	6	7	10	11	12	13	14	
0	2	3	4	5	6	7	8	9	10	11	13	
0	1	3	5	7	8	9	10	12	13	14	
0	1	4	5	8	9	10	11	12	13	14	
1	2	3	4	6	8	9	10	11	12	13	14	
1	2	3	5	6	7	9	10	11	12	13	14	
0	1	2	5	6	7	10	11	12	13	14	
0	2	3	4	5	7	8	9	10	11	12	13	
1	2	3	4	5	6	7	8	9	11	12	14	
0	1	2	3	4	5	6	7	8	9	12	13	
0	1	2	4	5	6	7	10	11	12	13	14	
2	3	4	5	6	8	9	10	11	12	13	14	
0	2	3	4	6	9	10	11	12	13	14	
0	1	4	5	6	7	8	9	10	12	13	14	
0	1	2	3	4	9	10	11	12	13	14	
0	2	4	5	6	7	8	9	10	11	12	13	
0	1	2	3	4	5	7	8	9	12	13	
0	1	2	3	4	5	6	7	9	10	13	14	
0	1	2	3	7	8	9	10	11	12	13	14	
0	1	2	4	5	6	8	9	10	11	12	14	
0	1	2	3	4	6	7	9	12	13	14	
0	1	3	4	5	6	7	8	9	12	13	14	
0	1	2	5	6	7	8	10	11	12	13	14	
0	1	2	3	4	5	6	8	9	10	12	14	
0	2	3	4	5	7	8	9	11	12	13	
0	3	4	5	6	7	8	10	11	12	13	14	
0	1	2	3	5	6	8	9	12	13	14	
0	1	2	5	6	7	8	9	10	11	13	14	
0	1	2	3	5	6	7	9	10	11	12	
0	1	4	5	6	8	9	11	12	13	14	
0	1	2	3	4	6	7	8	9	11	13	
0	2	3	4	5	6	8	9	10	11	14	
0	1	4	5	6	7	9	10	11	12	14	
1	2	3	4	5	6	7	9	10	11	12	
0	1	2	3	4	5	8	9	10	11	12	14	
0	1	3	5	6	7	8	10	12	13	14	
2	3	4	5	6	7	8	9	11	13	14	
0	1	3	4	6	7	8	9	11	12	13	
0	1	2	3	4	5	7	8	9	11	12	13	
0	2	3	5	6	7	8	11	12	13	14	
0	1	2	3	4	6	7	8	9	11	12	13	
0	2	3	4	5	7	8	9	10	11	12	13	
0	1	2	3	4	5	8	10	12	13	14	
0	1	2	4	6	7	8	9	10	11	12	14	
2	3	4	5	6	7	8	9	10	13	14	
0	2	3	4	5	7	8	9	10	11	12	14	
0	1	2	3	4	5	7	8	9	10	11	13	
0	1	3	4	7	8	10	11	12	13	14	
0	1	2	3	5	6	8	9	10	12	13	14	
0	1	3	4	5	6	9	10	11	13	14	
0	1	3	4	5	6	7	8	9	10	13	
0	1	2	3	5	6	7	8	11	12	13	14	
0	1	3	5	6	7	8	9	10	11	13	14	
0	3	4	5	6	7	8	9	10	11	14	
0	2	3	4	7	8	9	10	12	13	14	
0	1	2	3	4	7	8	9	10	11	12	14	
0	1	2	4	5	6	7	8	11	12	13	14	
1	2	4	6	7	8	9	10	11	12	14	
1	2	3	4	6	7	8	10	11	12	13	14	
0	1	2	3	6	7	8	9	12	13	14	
0	1	2	4	7	8	9	11	12	13	14	
0	1	2	3	5	6	8	10	11	12	13	14	
0	1	2	3	4	6	7	8	10	12	13	14	
0	1	3	4	5	6	8	9	11	12	13	
0	1	2	3	5	7	8	9	10	11	12	13	
2	3	4	5	6	7	9	10	11	12	14	
0	1	2	3	4	6	8	9	12	13	14	
0	1	3	4	6	7	8	9	10	11	12	
0	1	3	5	6	8	9	10	11	12	14	
0	1	2	3	4	5	7	8	9	11	12	
0	1	2	3	4	5	7	10	11	12	13	
0	1	2	3	4	5	7	9	10	12	13	14	
0	1	2	3	4	5	7	8	9	10	11	14	
0	1	2	3	4	6	7	8	9	10	12	
0	1	2	3	4	7	8	9	10	12	13	14	
0	2	3	4	5	7	8	9	10	11	12	
0	2	3	4	5	6	8	10	11	13	14	
0	1	2	3	5	6	7	8	9	10	12	13	
0	1	2	4	5	6	8	9	10	11	12	13	
0	1	3	4	5	6	7	9	10	12	13	14	
0	1	2	3	5	6	7	8	9	11	12	13	
1	2	3	4	5	6	7	9	10	11	12	13	
0	1	2	3	4	6	7	8	9	10	11	13	
0	1	2	5	6	8	9	10	11	12	14	
1	2	4	5	6	7	9	10	11	12	13	14	
0	1	2	3	6	7	9	10	11	12	14	
1	2	3	4	5	6	7	10	11	12	13	14	
0	1	2	3	4	6	7	8	9	10	11	12	
1	2	4	5	7	8	9	10	11	12	13	14	
0	1	2	3	4	5	8	10	11	12	13	14	
0	1	2	3	5	6	7	8	10	11	12	14	
0	3	4	5	6	7	8	10	11	12	13	14	
0	1	2	3	4	6	7	8	10	11	13	14	
0	1	2	3	4	7	8	9	10	11	12	
0	1	2	3	4	5	6	7	8	11	12	13	
0	1	3	4	6	7	9	10	11	12	13	14	
1	2	3	4	5	7	8	9	10	11	13	14	
0	2	3	5	6	7	8	10	11	12	13	
0	1	3	4	5	7	9	10	11	12	13	14	
0	2	3	4	6	7	8	9	10	11	12	14	
0	1	2	3	5	6	7	10	11	12	13	14	
0	3	5	7	8	9	10	11	12	13	14	
1	2	3	4	5	7	8	9	10	12	13	14	
2	4	5	6	7	8	9	10	11	12	13	14	
1	2	3	5	6	7	8	9	11	12	14	
0	2	4	5	6	7	8	9	11	12	14	
0	1	2	3	4	5	6	7	9	10	11	
0	1	2	3	4	5	8	9	10	12	13	
0	1	3	4	5	6	7	9	11	12	13	14	
1	2	3	5	6	7	8	9	11	12	13	14	
0	1	2	3	4	5	7	9	10	12	13	14	
0	1	2	3	5	6	7	8	9	10	13	14	
0	1	3	4	5	7	8	9	10	11	12	13	
0	1	2	4	5	6	7	8	11	12	13	
0	1	3	5	6	9	10	11	12	13	14	
0	1	2	3	5	6	8	9	10	12	13	14	
0	1	2	3	5	6	8	10	11	12	13	14	
2	3	4	5	7	8	9	10	11	13	14	
0	1	2	4	5	7	8	10	11	12	13	14	
0	1	2	3	4	5	6	7	10	11	13	14	
1	2	3	4	5	6	7	9	12	13	14	
3	4	5	6	7	8	9	10	11	13	14	
1	3	4	6	7	8	9	10	11	12	13	14	
0	1	2	3	4	5	6	8	9	10	12	13	
0	1	2	4	6	7	8	9	11	12	13	14	
0	1	2	3	4	5	6	7	8	10	11	14	
0	1	2	3	5	6	8	9	10	11	13	
0	2	3	4	5	7	8	10	11	13	14	
1	2	4	5	6	8	9	10	11	12	13	14	
0	2	4	5	7	8	9	10	11	12	14	
1	2	4	5	6	8	9	10	11	12	13	14	
1	2	3	4	5	6	7	8	11	13	14	
0	1	2	3	5	6	7	10	12	13	14	
1	2	3	4	5	6	7	8	9	12	13	14	
0	1	3	4	5	8	9	10	11	12	13	14	
0	1	2	4	6	8	9	10	11	12	13	14	
2	3	5	6	7	8	9	11	12	13	14	
0	1	2	3	4	6	7	8	9	11	12	13	
1	2	3	4	5	6	8	9	11	12	13	14	
0	1	3	4	5	7	9	10	11	13	14	
0	1	3	4	5	6	7	10	11	12	13	14	
1	2	3	4	5	7	9	10	11	12	13	14	
0	1	2	3	6	7	8	9	11	12	13	
1	2	3	4	5	6	7	8	9	11	12	14	
0	1	2	4	8	9	10	11	12	13	14	
0	2	3	4	5	7	9	10	11	13	14	
0	1	2	4	5	6	7	9	11	13	14	
0	1	2	3	4	6	7	10	12	13	14	
0	2	4	5	6	7	8	9	10	11	12	13	
0	1	2	3	4	5	7	8	9	10	14	
0	2	5	6	7	8	9	10	12	13	14	
0	1	2	4	5	6	7	8	10	11	12	14	
0	1	3	4	6	7	8	10	11	12	13	14	
0	1	3	5	6	7	8	9	10	11	12	13	
0	1	3	4	5	6	7	8	9	11	12	13	
0	2	3	5	6	8	9	10	11	12	13	14	
1	4	5	6	7	8	9	10	12	13	14	
0	2	4	5	6	8	9	10	11	12	14	
0	1	2	3	4	5	6	7	11	13	14	
0	2	4	5	6	7	8	9	10	11	12	13	
0	1	3	4	5	7	8	9	10	12	13	14	
1	2	4	6	8	9	10	11	12	13	14	
1	2	3	4	6	7	8	9	10	11	13	14	
0	2	3	4	5	6	7	8	10	12	13	14	
1	2	3	4	7	8	9	10	11	12	13	14	
0	2	3	5	8	9	10	11	12	13	14	
0	1	2	3	4	6	7	8	10	11	12	
0	1	2	3	5	7	8	9	10	12	13	
0	2	3	4	5	6	8	9	11	12	13	14	
0	1	2	3	4	5	7	8	11	13	14	
0	1	2	4	5	6	7	8	9	10	11	
0	1	3	4	5	9	10	11	12	13	14	
0	3	4	5	6	7	8	9	10	12	13	14	
0	2	3	4	5	6	7	8	11	12	13	14	
0	1	3	4	5	7	8	9	11	12	14	
1	2	4	5	6	7	8	9	10	11	13	
0	1	3	4	5	6	7	9	11	12	13	14	
0	1	2	3	4	6	8	9	10	11	12	14	
0	1	2	3	5	6	7	10	11	13	14	
0	1	2	3	4	6	7	8	11	12	13	14	
0	2	3	4	6	7	8	9	10	11	12	13	
0	1	2	4	5	6	8	9	10	11	12	13	
1	2	3	5	7	8	9	10	11	12	13	
0	1	2	5	6	7	8	10	11	12	13	14	
2	3	4	5	6	9	10	11	12	13	14	
1	3	4	5	6	7	8	9	11	12	13	14	
0	1	2	4	6	7	8	9	10	11	12	
0	2	3	6	7	8	9	10	11	12	13	14	
0	1	3	4	5	6	7	8	9	10	13	14	
0	1	4	5	6	8	10	11	12	13	14	
0	1	3	4	5	6	7	8	9	10	11	
0	1	2	3	4	6	7	9	10	11	12	
0	2	3	6	7	8	9	10	11	13	14	
1	2	3	5	6	7	9	10	11	12	13	14	
1	3	4	5	6	7	8	11	12	13	14	
0	1	3	5	6	7	8	9	11	12	13	14	
0	1	2	3	4	5	6	7	8	10	13	14	
1	3	4	5	6	8	9	10	11	12	13	14	
0	1	4	5	6	7	9	10	11	12	14	
0	1	3	4	5	6	8	9	10	11	12	14	
0	1	2	3	5	6	8	9	10	11	12	13	
0	2	3	4	5	6	7	9	10	12	13	14	
0	1	2	3	4	6	7	8	9	10	11	
1	2	3	4	6	7	8	9	11	12	13	
0	1	4	5	6	7	9	10	11	12	13	14	
0	1	2	3	6	7	8	9	10	11	13	14	
0	2	4	5	6	7	8	9	10	12	13	14	
0	1	2	3	4	5	6	8	9	10	11	12	
1	2	3	5	6	8	9	10	11	12	13	
0	4	5	6	7	8	9	10	11	12	13	14	
0	1	2	3	4	5	8	10	11	12	13	14	
0	1	2	3	4	5	7	8	9	10	11	14	
1	2	3	4	8	9	10	11	12	13	14	
0	1	2	3	4	7	8	9	10	11	12	13	
0	1	2	4	6	7	8	9	10	11	13	14	
1	3	4	5	7	8	9	10	11	12	13	14	
0	1	2	3	4	5	7	8	10	11	12	
0	1	2	4	5	6	7	9	10	11	12	
0	2	3	5	6	8	9	10	11	13	14	
0	1	2	3	5	7	9	10	11	12	14	
1	2	3	5	6	7	8	10	11	12	13	14	
0	1	2	4	5	6	7	9	10	11	12	13	
0	1	3	4	5	6	8	10	11	12	13	14	
0	1	2	3	4	5	6	7	9	10	11	13	
0	2	3	4	5	6	7	8	9	11	14	
0	1	2	4	5	8	9	11	12	13	14	
0	1	3	4	5	6	7	8	11	13	14	
0	3	5	6	8	9	10	11	12	13	14	
2	3	4	5	6	7	8	10	11	13	14	
0	1	2	3	4	7	8	9	10	13	14	
0	1	2	3	4	6	7	8	12	13	14	
0	2	3	4	5	6	7	8	10	11	12	
0	2	3	4	6	7	8	9	11	13	14	
0	1	2	3	4	5	8	10	11	12	13	14	
0	1	4	5	6	7	8	9	10	13	14	
0	1	2	3	4	5	6	7	8	12	13	
0	1	3	4	5	8	10	11	12	13	14	
2	4	5	6	7	8	9	10	11	12	13	
1	2	4	5	6	7	9	10	11	12	13	14	
0	1	2	4	7	8	9	10	11	13	14	
0	5	6	7	8	9	10	11	12	13	14	
0	1	2	5	8	9	10	11	12	13	14	
0	2	3	4	5	7	9	10	11	12	13	14	
0	1	2	3	4	5	7	8	9	11	12	13	
0	1	2	3	6	7	9	10	11	12	13	14	
0	1	2	3	6	7	8	9	10	11	14	
0	1	2	3	4	5	6	7	8	11	12	14	
0	1	4	5	6	7	8	9	10	11	12	14	
2	3	4	5	6	7	8	9	10	12	13	
2	3	6	7	8	9	10	11	12	13	14	
0	1	2	3	4	5	6	7	8	9	13	14	
1	2	3	4	6	8	9	11	12	13	14	
1	3	4	5	6	7	8	9	10	11	12	14	
0	2	4	6	7	8	9	10	11	12	13	
0	1	2	4	5	6	7	8	11	12	14	
0	1	2	4	6	7	8	10	12	13	14	
0	1	2	3	5	6	9	11	12	13	14	
0	1	2	3	4	5	6	8	9	11	12	13	
0	1	2	4	5	7	8	9	10	11	14	
0	2	3	4	5	6	7	9	11	12	13	
0	1	2	3	4	5	6	7	10	11	12	
1	2	3	4	5	6	7	8	9	10	12	14	
0	1	2	3	4	5	6	7	8	9	11	13	
1	2	3	5	6	7	8	9	10	11	12	13	
0	3	4	5	7	8	9	10	12	13	14	
0	1	3	5	6	7	9	11	12	13	14	
0	1	2	3	5	6	9	10	12	13	14	
1	2	3	4	5	6	7	8	9	10	12	13	
0	1	2	3	6	8	10	11	12	13	14	
0	1	2	3	6	7	8	9	10	11	12	14	
1	2	3	4	7	8	9	10	11	12	14	
0	1	3	4	5	6	9	10	11	12	13	14	
2	3	4	5	6	7	8	10	12	13	14	
0	1	2	3	4	5	6	8	10	12	13	14	
0	2	3	5	6	7	8	9	10	11	12	13	
0	1	2	5	7	8	9	10	11	12	13	14	
1	3	4	6	7	8	9	10	11	12	13	14	
0	2	3	4	6	7	9	10	12	13	14	
0	2	3	4	5	6	7	10	11	12	13	14	
0	1	3	4	5	7	8	9	10	12	13	14	
0	2	3	4	5	6	7	8	9	12	13	14	
0	1	2	4	5	6	7	9	10	12	13	14	
0	1	2	4	5	6	8	9	11	12	13	
0	1	2	4	6	7	8	9	10	11	12	13	
0	1	3	5	6	7	9	10	11	12	13	14	
0	2	3	4	5	6	7	9	10	11	14	
1	2	4	5	7	8	9	10	11	12	13	14	
0	2	3	4	5	6	8	10	11	13	14	
0	1	2	4	7	8	10	11	12	13	14	
0	2	4	5	6	8	9	10	11	12	13	
1	2	3	4	6	7	8	9	10	12	13	
1	2	3	5	6	7	8	11	12	13	14	
0	1	2	3	4	6	8	9	11	12	13	14	
0	1	3	5	6	7	8	9	10	11	12	13	
1	3	5	6	7	9	10	11	12	13	14	
0	1	3	5	7	8	9	11	12	13	14	
0	1	2	4	5	6	7	8	9	11	12	13	
0	1	2	3	5	6	7	9	10	11	12	13	
0	1	2	4	5	7	8	9	10	11	12	14	
1	2	4	5	6	7	8	9	10	12	13	14	
0	1	2	3	5	7	8	10	11	12	13	14	
0	1	3	5	6	7	8	9	10	12	13	
0	1	2	4	6	7	8	9	10	11	13	14	
0	1	2	5	6	7	8	9	11	13	14	
1	2	3	7	8	9	10	11	12	13	14	
0	1	2	3	4	6	7	10	11	12	13	14	
0	2	3	4	5	6	7	8	10	11	12	14	
0	3	4	5	6	8	9	10	11	13	14	
0	3	4	6	7	8	9	11	12	13	14	
1	3	5	6	7	9	10	11	12	13	14	
0	1	2	3	4	6	7	9	10	11	13	14	
1	4	5	6	7	8	9	10	11	12	13	14	
0	1	2	4	5	7	8	9	10	11	13	
0	1	2	3	4	6	7	9	10	11	12	14	
1	2	3	4	6	7	8	9	11	12	13	
0	1	3	4	5	6	7	8	9	10	11	13	
0	1	2	4	5	6	7	9	10	11	12	14	
0	1	4	5	6	8	9	10	12	13	14	
0	1	2	3	5	6	7	11	12	13	14	
0	2	3	4	5	6	7	9	10	13	14	
0	1	2	3	4	6	8	10	11	12	13	14	
0	2	3	4	5	6	8	9	10	11	12	14	
0	1	2	4	5	6	7	9	10	11	13	
2	3	4	5	6	7	8	9	10	12	13	14	
1	2	3	4	5	6	8	9	10	12	13	14	
0	1	3	5	6	7	8	10	11	13	14	
0	1	2	4	5	7	8	9	10	12	13	14	
2	4	5	6	7	8	9	10	11	12	13	14	
1	3	4	5	6	7	8	9	10	11	12	14	
2	3	4	5	6	7	9	10	12	13	14	
0	1	2	3	4	7	8	9	10	13	14	
0	2	3	4	6	7	8	9	10	11	12	
0	1	2	4	7	8	9	10	11	12	13	14	
2	5	6	7	8	9	10	11	12	13	14	
0	1	3	4	6	7	8	9	11	12	13	14	
0	5	6	7	8	9	10	11	12	13	14	
0	2	3	4	5	6	8	9	11	12	13	14	
0	1	4	5	6	7	8	9	11	12	13	14	
0	1	2	3	5	6	8	9	10	11	13	14	
0	2	3	4	5	6	8	9	10	12	14	
0	1	2	3	4	5	6	7	8	10	11	12	
0	1	3	4	5	6	7	8	9	11	12	13	
0	1	2	3	4	5	6	8	9	10	13	14	
0	1	2	3	4	6	9	10	11	12	13	14	
0	2	3	4	6	7	8	10	12	13	14	
0	1	3	4	5	7	8	9	10	11	12	14	
1	2	3	4	5	7	8	10	11	12	13	14	
0	1	2	3	4	7	8	9	12	13	14	
0	1	2	3	6	7	8	9	10	11	12	14	
0	1	2	4	5	6	7	11	12	13	14	
0	1	2	3	4	5	7	10	12	13	14	
0	1	2	3	4	5	7	8	10	11	12	13	
0	1	2	4	6	7	8	9	10	12	14	
1	2	4	5	6	7	8	9	10	12	13	14	
0	1	2	4	5	7	8	9	11	12	13	14	
0	1	2	3	4	5	6	8	11	12	13	14	
0	2	3	5	6	8	9	10	11	12	13	
0	1	3	5	6	7	8	9	10	12	13	14	
1	2	4	5	6	7	8	10	11	12	13	14	
0	1	2	4	5	6	7	9	10	11	12	
0	1	2	3	4	6	7	11	12	13	14	
0	2	4	6	7	8	9	10	12	13	14	
0	1	2	3	4	5	7	9	10	11	12	14	
0	2	3	4	6	7	8	9	11	12	13	14	
0	1	3	4	6	8	9	10	11	13	14	
1	2	4	5	6	7	8	9	10	11	13	
0	1	2	4	5	7	8	9	11	12	13	14	
0	1	3	4	5	7	8	9	10	12	13	14	
0	3	4	5	6	7	9	10	11	12	13	14	
0	1	2	3	5	7	8	9	10	11	12	13	
0	2	3	4	5	6	7	8	10	11	12	14	
1	2	3	5	6	8	9	11	12	13	14	
1	2	4	5	7	8	9	10	11	12	13	14	
0	1	3	4	5	6	8	10	12	13	14	
0	1	2	3	4	5	8	9	10	11	14	
1	2	3	4	5	6	7	9	10	12	13	14	
0	1	2	4	5	8	9	11	12	13	14	
1	2	3	5	7	8	9	10	11	12	14	
0	1	3	4	5	6	9	10	11	12	14	
0	1	2	3	4	6	9	10	11	12	13	14	
0	2	3	4	5	6	9	10	11	12	13	14	
0	1	4	5	6	7	8	9	10	11	12	13	
0	1	3	4	5	6	7	9	10	11	12	14	
0	1	2	3	5	6	8	9	10	13	14	
0	1	2	4	6	7	9	10	11	12	13	14	
0	1	2	3	4	7	8	9	10	11	12	
0	1	2	5	7	8	10	11	12	13	14	
1	2	3	4	5	6	7	8	10	12	13	14	
0	2	3	4	5	7	8	11	12	13	14	
0	1	2	4	5	7	8	9	11	12	13	
0	1	2	3	4	5	6	7	8	11	14	
0	1	2	3	4	8	9	10	11	13	14	
0	1	3	4	5	7	9	10	11	12	13	14	
2	4	5	7	8	9	10	11	12	13	14	
0	2	4	5	6	7	8	9	10	12	13	14	
0	1	2	3	4	8	9	10	11	12	14	
1	2	3	4	6	7	8	9	11	13	14	
0	1	3	4	8	9	10	11	12	13	14	
1	2	3	4	6	7	8	9	10	11	13	14	
0	1	2	4	6	7	8	9	11	12	13	
0	1	2	3	4	6	7	8	9	10	12	13	
0	1	4	5	6	7	8	9	10	11	12	13	
0	1	2	3	5	7	9	10	11	13	14	
0	1	2	3	4	6	9	10	11	12	14	
0	1	2	3	4	6	8	9	10	11	12	14	
2	3	4	5	6	7	8	10	11	12	13	14	
0	1	2	3	6	7	8	9	10	11	13	14	
0	1	3	4	6	7	8	9	11	13	14	
0	2	3	4	5	6	9	10	12	13	14	
0	2	3	4	5	6	8	10	11	12	14	
1	2	3	4	5	6	7	8	10	11	12	13	
2	3	4	5	6	7	8	9	10	11	13	14	
0	1	2	3	4	5	6	7	8	12	13	14	
0	1	2	3	5	7	10	11	12	13	14	
0	1	2	3	4	5	6	7	8	11	12	14	
0	3	4	5	6	7	8	9	10	11	12	14	
0	2	3	4	6	7	8	9	10	11	12	14	
1	4	5	6	7	8	9	10	11	12	13	14	
0	3	5	6	7	8	10	11	12	13	14	
0	2	3	4	5	6	7	8	9	11	12	13	
0	2	3	6	7	8	9	11	12	13	14	
0	1	2	4	5	6	7	9	11	12	14	
1	3	4	5	6	7	8	9	10	12	13	14	
0	1	2	3	5	6	7	10	11	12	13	14	
0	1	3	4	6	7	8	9	10	12	13	14	
0	1	2	3	4	5	6	8	9	10	12	13	
0	1	2	3	4	6	7	11	12	13	14	
0	1	2	3	6	7	8	10	11	13	14	
0	1	2	3	4	5	6	7	8	9	13	
1	2	3	4	7	8	9	10	11	12	13	14	
0	1	3	5	6	7	8	9	10	11	12	14	
0	1	2	3	7	8	10	11	12	13	14	
0	3	5	6	7	9	10	11	12	13	14	
0	1	2	3	4	5	8	11	12	13	14	
0	3	5	6	7	8	9	10	11	12	13	14	
0	1	2	3	4	5	6	8	9	11	12	13	
0	1	3	5	6	7	8	9	10	11	12	13	
1	2	3	4	5	6	9	10	11	12	13	14	
0	1	2	3	4	5	6	7	8	9	11	
0	1	3	4	5	7	8	9	10	11	12	14	
0	1	2	3	5	6	7	11	12	13	14	
0	1	2	4	5	7	8	9	11	12	13	14	
0	1	2	3	4	5	7	8	10	11	13	14	
0	1	3	4	5	6	7	9	10	11	12	13	
0	1	4	5	6	7	8	9	11	12	13	14	
0	1	4	5	6	7	8	10	11	12	13	14	
1	2	3	5	6	7	9	10	11	12	13	14	
0	1	2	4	5	6	7	9	10	12	13	14	
1	2	4	6	7	8	9	11	12	13	14	
0	3	4	5	6	8	9	11	12	13	14	
0	1	3	4	5	7	8	9	10	11	13	14	
0	1	2	3	4	5	6	7	8	12	13	14	
0	1	2	4	5	9	10	11	12	13	14	
0	1	4	5	7	8	9	11	12	13	14	
0	1	2	7	8	9	10	11	12	13	14	
1	2	3	4	5	7	9	10	11	12	13	14	
0	1	3	5	6	7	9	11	12	13	14	
0	1	2	3	5	6	7	8	9	11	12	14	
0	1	2	5	6	7	8	9	10	13	14	
0	1	2	3	4	5	7	9	10	12	13	14	
0	1	2	3	4	5	7	9	11	12	13	14	
0	3	4	5	6	7	8	9	11	12	13	14	
0	1	2	3	5	6	7	8	9	11	13	14	
1	3	4	5	7	8	9	10	11	13	14	
0	1	2	5	6	7	8	9	11	12	13	14	
0	1	2	3	4	7	8	9	10	11	13	14	
0	1	2	3	5	7	8	9	11	13	14	
1	2	3	4	5	7	8	10	11	12	13	
0	2	3	6	7	8	9	10	11	12	13	14	
0	2	3	4	7	8	9	11	12	13	14	
0	1	3	4	6	7	8	9	10	11	12	13	
0	2	3	4	5	7	8	9	10	11	13	
0	2	4	5	6	7	8	10	11	12	13	14	
0	2	4	5	6	7	9	10	11	13	14	
0	1	2	3	6	7	8	9	10	11	12	14	
0	1	2	3	4	5	6	8	9	10	12	14	
0	1	2	4	6	8	9	10	11	12	13	14	
0	1	2	3	4	5	6	7	9	10	12	14	
1	2	3	4	6	8	10	11	12	13	14	
0	1	2	5	7	9	10	11	12	13	14	
0	1	2	3	4	5	6	7	9	11	12	
0	1	2	3	4	5	8	9	10	11	12	
1	2	3	4	5	7	8	10	11	12	13	
0	1	2	4	6	7	8	9	10	11	12	13	
0	1	4	5	6	7	8	9	10	12	13	14	
0	2	3	4	6	7	8	10	12	13	14	
0	1	3	6	8	9	10	11	12	13	14	
1	2	3	4	5	6	7	8	9	10	11	12	
0	1	2	4	5	6	7	8	10	11	12	13	
1	2	3	4	5	6	7	9	10	13	14	
0	1	2	4	5	6	7	10	11	12	13	14	
0	1	2	3	4	5	7	8	10	12	13	14	
0	1	3	4	6	7	9	10	12	13	14	
1	2	3	5	6	7	9	10	11	13	14	
1	3	5	6	7	8	9	10	11	13	14	
0	2	3	4	5	7	8	9	10	11	13	14	
0	1	4	5	6	7	9	10	11	12	13	14	
0	1	3	4	6	7	8	9	10	12	14	
0	1	2	3	4	5	6	7	9	11	12	14	
0	4	5	6	7	8	9	10	12	13	14	
0	1	4	7	8	9	10	11	12	13	14	
0	1	2	4	5	6	8	9	10	12	13	14	
0	1	2	3	4	5	6	7	8	10	11	12	
0	2	3	4	7	8	9	10	11	12	13	14	
0	1	2	3	6	7	8	9	11	12	13	14	
0	1	4	6	7	8	9	10	11	12	14	
0	1	4	5	6	7	8	9	10	12	13	14	
0	1	5	6	7	8	9	10	11	12	13	14	
0	1	2	3	5	6	7	8	10	11	12	13	
1	2	3	4	5	6	7	8	10	11	13	14	
1	2	4	5	7	8	9	11	12	13	14	
1	2	3	4	5	6	7	9	11	13	14	
0	1	2	3	5	6	9	10	11	12	13	14	
0	1	2	3	6	7	8	9	10	11	12	13	
0	2	3	5	6	7	8	9	10	11	13	14	
0	1	3	4	5	6	7	10	11	12	13	14	
0	1	2	3	4	5	6	7	8	9	11	12	
0	1	2	4	5	6	7	8	9	10	11	13	
0	1	2	4	5	6	7	8	10	11	13	14	
2	3	4	5	7	8	10	11	12	13	14	
1	2	3	4	5	6	7	8	9	10	12	13	
0	1	2	3	4	5	6	10	11	12	13	14	
0	1	2	5	6	7	8	9	11	13	14	
0	2	3	4	5	7	8	9	11	12	14	
3	4	6	7	8	9	10	11	12	13	14	
0	1	4	5	6	7	8	9	11	12	13	14	
1	2	4	5	6	7	10	11	12	13	14	
0	1	2	3	5	7	8	10	11	12	13	14	
1	2	3	4	5	6	7	8	10	11	12	14	
0	1	2	3	4	5	6	10	11	13	14	
1	2	4	5	6	7	8	10	11	12	13	14	
0	1	4	5	6	7	9	10	11	12	14	
0	1	2	3	4	7	8	9	12	13	14	
0	1	2	3	4	5	7	8	10	13	14	
0	2	4	7	8	9	10	11	12	13	14	
1	3	4	5	6	7	8	9	10	11	12	14	
1	2	3	4	5	7	8	9	10	12	13	14	
0	2	3	4	6	7	8	9	10	11	12	14	
0	1	2	3	4	5	6	8	9	10	11	14	
0	1	3	5	6	8	9	10	11	12	13	
0	1	2	3	4	5	7	8	12	13	14	
0	1	3	4	5	7	8	9	11	12	13	14	
0	2	3	4	5	6	7	9	11	12	13	14	
0	2	3	5	6	7	8	9	12	13	14	
0	1	2	3	4	5	6	7	8	12	14	
0	1	2	4	5	7	8	9	10	12	13	
0	2	4	6	7	8	9	10	11	12	13	14	
0	1	2	5	7	8	9	10	12	13	14	
0	1	3	5	6	7	8	9	10	11	13	14	
0	1	2	4	5	6	8	9	11	12	14	
0	1	2	4	5	6	7	8	9	11	12	13	
1	2	3	5	6	7	8	9	10	11	13	14	
0	1	2	3	4	7	8	9	10	11	12	
1	2	3	4	6	8	9	10	11	12	13	14	
0	1	2	3	4	5	7	8	9	11	13	
0	1	2	3	4	5	6	9	10	11	12	14	
1	2	4	6	7	8	9	10	11	12	13	14	
0	2	3	4	5	7	10	11	12	13	14	
0	1	2	3	6	7	8	9	11	12	13	
0	1	2	3	4	5	6	8	11	12	13	14	
0	2	3	4	5	7	8	9	10	11	13	14	
1	2	4	5	6	7	8	9	10	11	14	
3	4	6	7	8	9	10	11	12	13	14	
0	2	3	4	5	6	8	9	10	12	13	14	
0	1	2	3	4	6	8	9	10	11	12	14	
0	1	2	4	5	6	8	9	10	11	12	14	
0	1	2	3	4	7	8	9	10	11	12	13	
0	1	2	4	5	6	8	9	10	11	13	
0	1	2	4	5	6	7	9	10	12	14	
0	3	4	5	6	7	8	9	10	12	13	14	
0	1	2	3	4	5	8	9	11	12	14	
0	1	3	5	6	7	8	9	10	11	12	14	
0	1	3	4	5	8	9	11	12	13	14	
0	1	2	3	4	6	7	8	11	12	13	14	
0	1	2	4	5	6	7	8	9	10	13	14	
1	2	3	5	7	8	9	10	11	13	14	
0	4	5	6	7	8	9	11	12	13	14	
0	2	3	4	6	7	8	9	10	11	14	
0	1	2	3	5	6	8	9	10	11	12	14	
0	1	2	3	4	5	6	7	8	9	11	14	
0	1	2	3	4	8	9	11	12	13	14	
0	1	2	3	4	5	6	7	9	11	14	
0	2	3	4	5	6	7	9	11	12	14	
0	1	2	3	4	5	7	10	11	13	14	
0	1	2	5	6	7	8	9	10	11	12	14	
0	1	3	4	5	6	8	9	10	12	13	14	
0	1	2	3	5	8	9	10	11	13	14	
0	1	3	4	5	6	8	10	11	12	13	
0	2	3	4	5	7	8	9	10	11	13	14	
0	2	4	5	6	7	8	9	10	11	12	14	
0	1	2	3	6	8	9	11	12	13	14	
0	3	4	5	6	7	9	10	11	12	13	14	
0	1	3	4	5	6	7	8	10	11	13	14	
1	2	3	5	6	7	9	10	11	12	13	14	
1	2	3	5	6	7	8	9	10	12	13	
0	1	5	6	7	8	9	10	12	13	14	
0	2	3	4	5	6	7	8	9	11	13	
0	1	2	3	4	5	9	10	11	12	13	14	
1	3	4	5	7	8	9	10	11	12	13	14	
0	1	2	3	4	5	6	8	9	12	13	14	
0	1	2	3	4	6	8	9	10	11	14	
0	1	5	6	7	8	10	11	12	13	14	
0	1	2	5	6	8	9	10	11	12	13	14	
0	1	2	3	4	7	9	11	12	13	14	
0	1	3	4	6	7	8	9	11	12	13	14	
0	1	3	4	5	6	8	10	11	13	14	
0	1	2	3	4	7	9	10	11	13	14	
0	1	2	3	4	5	7	9	10	11	13	14	
0	1	2	3	4	7	8	9	10	11	12	14	
0	1	2	4	5	6	7	9	10	11	12	13	
1	2	3	5	6	7	9	11	12	13	14	
0	1	2	4	5	6	7	8	9	11	12	
0	1	3	4	5	6	7	8	9	10	11	12	
0	1	3	4	5	6	8	10	11	12	13	14	
0	1	3	4	5	7	8	9	10	11	12	14	
0	1	2	4	6	7	8	9	10	11	13	
0	1	3	4	5	7	8	10	11	12	13	14	
0	1	2	3	4	5	7	8	9	11	12	13	
0	2	3	4	5	6	7	8	9	10	13	
0	1	2	3	4	5	6	8	9	10	11	13	
1	2	4	6	7	8	9	11	12	13	14	
1	2	3	4	5	7	9	10	11	13	14	
0	1	2	3	4	5	6	8	9	12	13	14	
1	2	3	4	5	6	9	10	11	13	14	
0	1	2	3	4	5	7	8	11	12	13	
0	1	2	4	5	6	8	10	12	13	14	
0	4	5	6	7	9	10	11	12	13	14	
0	1	2	3	4	5	6	7	10	11	12	14	
0	1	3	4	6	7	8	10	12	13	14	
0	2	3	4	5	6	7	8	9	10	14	
0	1	4	6	7	8	9	10	11	12	13	14	
0	1	2	4	5	6	7	8	9	12	13	14	
0	1	3	5	6	7	8	9	11	12	14	
0	1	2	3	4	5	6	7	10	13	14	
0	2	4	5	7	8	9	10	11	12	13	14	
0	1	2	3	4	5	7	8	10	11	13	14	
0	1	2	4	6	7	8	9	10	11	12	13	
0	1	4	5	7	8	10	11	12	13	14	
1	3	5	6	7	8	9	10	11	12	13	14	
0	1	3	4	5	6	7	8	9	11	13	
2	3	4	5	6	7	8	9	10	11	13	
0	1	2	3	4	6	8	9	10	11	13	14	
0	2	4	5	6	7	8	10	11	12	14	
0	1	3	4	5	6	7	9	10	11	12	14	
1	2	4	5	6	7	8	9	10	11	12	13	
1	2	3	4	5	6	8	9	11	12	14	
0	1	2	3	4	5	7	8	9	10	11	12	
0	1	2	3	4	5	7	8	9	11	12	14	
0	1	2	3	5	6	7	8	9	10	12	14	
0	1	2	3	4	5	6	7	8	9	12	13	
0	1	2	3	5	7	8	9	10	11	12	
0	1	3	5	6	8	9	10	11	12	14	
0	1	2	4	5	6	7	8	9	10	11	14	
0	1	4	6	7	8	9	10	11	13	14	
0	1	2	3	7	8	9	10	11	12	13	
0	1	2	3	4	5	6	8	9	11	12	14	
0	2	3	4	6	7	8	9	10	11	12	
1	2	3	4	5	6	7	9	10	11	12	
0	1	2	3	4	5	6	8	10	11	13	14	
0	1	2	4	6	7	9	10	11	12	13	
0	2	4	5	6	8	9	11	12	13	14	
0	1	2	3	4	5	6	7	8	10	12	
0	1	2	3	4	6	7	9	10	11	13	14	
0	1	2	4	5	6	7	8	9	12	14	
0	1	2	3	4	6	7	8	9	12	13	14	
0	1	2	3	4	5	8	9	11	12	13	14	
0	1	2	3	4	5	7	9	10	11	12	
0	1	2	4	5	8	9	10	11	12	14	
0	1	4	6	7	8	9	10	11	13	14	
0	1	2	3	5	6	7	9	10	12	13	
0	1	2	3	4	5	6	7	8	11	12	14	
0	1	2	3	4	5	6	7	9	10	11	
0	1	2	5	6	7	9	10	11	12	13	14	
1	3	4	6	7	8	9	10	11	12	13	
0	1	2	3	4	6	7	9	10	12	14	
0	1	2	3	5	6	7	8	11	12	14	
0	1	3	4	5	6	7	9	10	11	12	14	
0	1	2	3	5	6	7	8	9	10	11	13	
0	1	2	4	5	6	9	11	12	13	14	
0	1	4	5	6	8	10	11	12	13	14	
0	1	2	3	4	6	7	8	9	10	13	14	
0	2	3	4	5	7	8	9	10	12	13	
0	1	3	4	5	6	7	9	10	11	12	14	
0	1	2	3	6	7	8	9	11	12	13	14	
1	2	3	4	5	6	7	8	9	10	12	13	
0	1	2	3	4	5	7	8	10	11	12	13	
0	1	2	4	5	7	8	9	11	12	13	14	
0	1	2	3	4	5	6	7	10	11	13	14	
0	2	3	4	5	7	8	11	12	13	14	
1	2	4	5	7	9	10	11	12	13	14	
0	1	2	4	5	7	9	11	12	13	14	
0	1	2	3	5	6	7	8	10	11	13	14	
0	1	2	4	5	6	8	9	10	11	12	13	
0	2	3	4	5	6	7	9	10	12	13	
1	3	4	5	6	7	9	10	11	12	13	14	
0	1	3	4	5	6	7	9	11	12	13	14	
0	1	2	3	4	5	7	8	10	11	13	14	
1	2	5	6	7	8	9	10	11	13	14	
0	1	2	3	5	7	8	9	10	12	14	
1	2	3	4	5	6	7	8	10	12	13	14	
0	1	2	3	5	6	8	9	10	12	13	14	
0	1	4	5	7	8	9	11	12	13	14	
1	2	3	4	5	7	8	9	10	13	14	
2	3	4	5	6	7	8	11	12	13	14	
0	1	2	4	5	7	8	9	10	11	13	14	
0	1	2	3	5	6	7	8	9	10	13	14	
0	2	3	4	5	7	8	9	10	11	13	14	
2	3	4	6	7	8	9	10	11	12	13	14	
0	2	4	5	6	7	9	10	11	13	14	
0	1	2	3	4	5	7	9	10	12	13	
0	1	2	3	5	6	7	8	9	10	12	13	
0	1	3	4	6	8	9	10	11	12	13	14	
1	4	5	6	7	9	10	11	12	13	14	
0	1	2	3	4	5	6	7	10	11	13	14	
0	2	3	4	5	7	8	9	10	11	12	14	
1	2	3	4	5	7	8	9	11	12	13	
0	1	2	5	6	8	9	10	11	12	13	
0	1	2	4	5	6	7	9	12	13	14	
2	3	4	5	7	8	10	11	12	13	14	
0	1	2	4	5	6	7	9	10	11	12	
1	3	4	5	6	7	8	9	10	11	12	13	
0	1	2	3	4	5	6	10	11	12	13	
0	1	2	3	5	7	8	9	10	12	13	14	
0	1	2	3	4	6	7	10	11	12	13	14	
0	2	3	4	5	6	7	8	9	10	11	14	
0	1	2	3	5	6	7	9	10	11	12	14	
0	1	2	3	5	6	7	8	9	12	13	14	
0	1	2	3	6	7	8	9	10	13	14	
1	2	3	4	5	6	7	8	9	10	12	
0	1	2	3	4	5	6	7	8	10	12	13	
1	2	3	4	5	7	8	10	11	12	13	14	
0	2	3	5	6	8	9	11	12	13	14	
2	3	4	5	6	7	8	11	12	13	14	
0	1	2	3	4	5	7	9	11	12	13	14	
0	1	2	4	5	6	7	8	11	13	14	
0	1	2	3	5	7	9	10	12	13	14	
0	2	3	4	8	9	10	11	12	13	14	
1	2	4	5	6	9	10	11	12	13	14	
0	1	2	3	5	7	8	9	11	12	13	
2	3	4	5	6	7	8	9	10	12	13	
0	3	4	5	6	8	9	10	11	12	13	
0	1	3	4	5	6	8	9	11	12	13	
0	1	2	3	5	6	8	9	10	11	13	14	
1	3	4	5	6	7	8	9	10	11	12	13	
0	1	2	3	4	6	7	8	9	13	14	
1	2	3	4	5	7	8	9	10	11	12	14	
0	1	2	4	6	7	9	10	11	12	13	14	
0	1	2	4	6	7	8	9	11	12	14	
1	2	3	4	5	6	7	9	11	12	13	14	
0	1	3	4	5	6	7	9	12	13	14	
0	2	3	4	5	6	8	9	10	11	12	13	
0	1	4	5	6	7	8	9	11	12	13	14	
1	3	4	5	6	7	9	10	11	12	13	14	
1	2	3	4	7	8	9	11	12	13	14	
0	2	3	5	6	7	8	9	10	12	13	
0	1	2	4	6	7	8	9	10	12	13	
0	1	3	5	7	8	9	11	12	13	14	
0	1	3	4	5	6	8	9	10	11	12	13	
1	2	5	6	7	8	9	10	11	12	14	
0	1	3	4	5	6	7	8	9	10	12	13	
0	1	2	4	5	6	7	9	10	12	13	
0	1	2	3	5	8	10	11	12	13	14	
0	1	2	4	5	7	8	9	11	12	13	14	
0	1	2	5	6	7	8	9	10	11	12	13	
1	2	4	5	6	7	8	9	10	11	14	
0	1	2	5	8	9	10	11	12	13	14	
1	2	4	5	6	7	9	10	11	12	13	14	
0	1	2	3	5	6	7	8	12	13	14	
1	2	3	4	6	8	9	10	11	13	14	
0	1	2	3	4	5	6	9	10	11	14	
0	1	3	4	6	8	9	11	12	13	14	
0	1	2	3	4	5	7	8	10	11	12	13	
0	2	3	4	5	6	7	8	9	11	12	13	
0	3	4	5	6	7	8	9	10	11	13	14	
0	1	2	4	5	6	7	8	10	12	13	
0	4	5	6	7	8	9	10	11	12	13	
0	1	2	4	6	8	9	10	11	12	13	14	
0	1	2	4	5	6	10	11	12	13	14	
0	1	2	3	4	6	7	8	9	12	13	14	
0	1	2	4	5	6	7	8	9	12	13	
0	1	2	4	5	7	8	10	11	12	13	14	
0	1	2	3	4	5	7	8	11	12	13	14	
0	1	2	3	6	7	8	9	10	11	13	
0	1	2	4	5	6	7	8	9	10	11	12	
0	1	2	3	4	6	7	10	11	12	13	14	
0	2	3	5	8	9	10	11	12	13	14	
0	1	2	4	5	7	9	10	11	12	13	14	
0	2	5	7	8	9	10	11	12	13	14	
1	3	4	5	6	8	9	10	12	13	14	
0	2	3	4	5	6	7	8	9	10	14	
0	1	2	5	6	7	8	10	11	12	13	14	
0	2	3	4	7	8	9	10	11	12	14	
0	1	2	3	5	7	8	9	11	12	13	14	
0	1	2	3	4	5	6	7	8	10	13	
0	1	3	4	5	6	7	8	9	12	13	14	
0	1	2	4	5	6	7	8	12	13	14	
1	2	3	4	5	6	7	8	10	11	13	14	
0	3	5	6	7	8	9	10	11	12	13	14	
0	3	4	5	8	9	10	11	12	13	14	
1	2	4	5	6	7	8	9	10	11	12	13	
0	1	2	3	4	6	7	10	11	12	13	14	
1	3	4	5	6	7	8	9	10	11	13	
0	2	3	5	6	7	8	9	12	13	14	
0	1	2	3	6	7	8	9	10	11	12	
0	1	2	4	5	6	7	11	12	13	14	
0	1	2	3	4	5	7	9	10	12	13	14	
0	3	4	5	6	7	8	9	10	11	14	
0	1	3	4	5	6	7	8	9	11	12	13	
0	1	3	4	6	7	8	9	11	12	14	
0	2	3	6	7	8	9	10	11	12	14	
1	4	5	6	7	8	9	10	11	12	14	
2	3	4	5	6	8	10	11	12	13	14	
0	1	2	4	5	7	8	9	10	11	13	14	
0	1	2	3	5	7	8	9	11	12	13	14	
0	1	2	3	4	5	6	8	9	12	13	14	
0	1	2	3	4	6	8	9	11	12	13	14	
0	1	2	3	4	5	6	8	10	11	14	
1	2	3	4	5	7	8	9	10	11	12	14	
1	2	3	4	5	6	7	8	9	12	13	
0	1	2	3	4	6	8	10	11	12	13	14	
2	3	4	5	6	7	9	10	11	12	13	14	
0	1	4	5	6	8	9	10	11	12	13	14	
0	3	4	5	6	7	9	10	11	12	13	14	
1	2	4	5	7	8	9	10	11	12	13	14	
0	1	2	3	6	7	9	10	11	12	13	
0	1	2	3	4	6	7	8	10	12	13	14	
0	1	2	3	5	6	8	9	11	13	14	
0	1	2	3	4	5	6	7	11	12	13	
0	2	3	4	5	6	7	8	9	10	11	12	
0	1	2	4	5	7	8	9	10	11	14	
1	2	3	4	5	7	8	9	10	12	14	
0	1	4	6	7	8	9	10	12	13	14	
0	1	2	3	4	5	6	7	10	11	12	13	
0	1	2	4	5	6	8	9	11	12	13	14	
0	1	2	6	7	8	9	10	11	12	13	14	
0	1	2	3	4	6	7	8	9	11	12	13	
0	1	2	3	4	7	8	10	11	12	13	14	
1	2	4	5	6	7	9	10	11	13	14	
0	1	3	4	5	6	7	8	12	13	14	
1	2	3	5	6	7	8	9	10	12	13	
0	1	2	3	4	5	6	9	10	13	14	
0	1	3	4	6	8	9	10	12	13	14	
0	1	2	4	5	6	7	8	9	12	13	14	
0	1	3	4	5	7	8	9	10	11	12	13	
0	1	2	4	5	6	7	10	11	12	13	14	
0	1	2	3	4	6	7	8	10	11	13	14	
0	1	2	4	5	6	7	10	11	12	13	14	
0	2	4	5	6	7	9	10	11	12	13	
0	1	3	4	5	6	8	10	11	13	14	
0	1	3	4	5	7	8	10	11	12	13	
3	4	5	6	7	8	9	11	12	13	14	
1	2	3	5	6	7	8	9	10	11	12	13	
0	2	3	4	6	7	8	9	10	11	12	
1	4	5	6	7	8	9	10	12	13	14	
0	1	2	5	6	7	8	9	10	12	13	14	
1	2	4	5	6	8	9	10	11	12	14	
0	2	4	5	6	7	8	9	10	11	12	
0	1	2	3	5	6	7	8	10	12	13	14	
1	2	3	5	6	7	10	11	12	13	14	
0	1	2	3	4	6	7	10	11	12	13	14	
0	1	2	5	6	8	9	10	11	12	13	
0	1	2	3	4	5	7	8	9	10	12	
0	1	2	3	4	5	6	8	11	12	14	
0	2	3	4	5	6	7	8	11	12	13	14	
0	1	2	3	4	5	7	9	10	13	14	
0	2	3	5	6	7	8	9	10	11	12	14	
0	1	3	4	6	7	8	9	10	12	13	14	
1	3	5	6	7	8	9	10	11	12	13	14	
0	1	3	6	7	8	9	10	11	12	13	14	
0	1	2	3	6	7	8	9	10	11	13	14	
0	1	2	3	4	5	6	9	11	12	14	
1	3	4	5	6	7	8	10	11	12	13	14	
0	1	2	4	5	7	8	10	11	12	13	14	
1	2	4	5	6	8	9	10	11	12	13	14	
0	1	2	3	5	6	7	8	9	10	13	
0	1	2	3	4	5	9	10	11	13	14	
0	1	3	4	7	8	9	10	11	12	13	14	
0	1	3	4	5	6	7	9	10	11	13	14	
1	2	4	5	7	8	10	11	12	13	14	
0	2	3	4	5	6	8	10	12	13	14	
0	1	3	4	5	6	8	11	12	13	14	
0	1	4	5	6	8	9	10	11	12	13	
0	1	2	3	5	6	8	9	11	12	13	14	
0	2	4	5	6	8	9	10	12	13	14	
1	2	3	6	7	8	9	10	11	12	14	
0	1	3	5	6	7	8	10	11	12	13	14	
1	2	3	4	5	8	9	10	11	12	13	14	
0	1	2	3	5	7	8	9	10	11	13	14	
0	1	4	5	6	7	8	9	10	12	13	14	
0	1	2	4	5	6	7	10	11	12	14	
0	1	3	4	5	6	7	8	10	13	14	
0	2	3	6	7	8	9	10	11	12	13	14	
0	1	2	3	5	7	8	9	10	12	14	
0	3	4	5	6	7	9	10	12	13	14	
1	2	3	4	5	7	8	10	11	12	13	14	
0	1	2	3	4	6	8	10	11	12	13	14	
1	2	3	4	5	6	9	10	11	12	14	
0	1	2	3	4	5	6	7	10	12	13	14	
0	1	2	3	5	6	8	10	11	13	14	
1	2	3	4	6	8	9	10	11	12	13	14	
0	1	3	5	7	8	9	10	12	13	14	
1	2	3	5	6	7	9	10	11	13	14	
1	3	4	5	7	8	10	11	12	13	14	
0	1	2	3	6	7	9	10	11	12	13	14	
2	3	4	5	6	7	8	9	10	11	12	13	
0	1	2	3	4	5	6	7	9	12	14	
0	1	2	3	4	6	7	8	9	11	14	
0	3	4	5	6	7	8	9	10	11	14	
0	1	2	3	4	5	7	8	9	10	12	14	
0	2	3	4	5	7	8	9	10	11	13	14	
2	3	4	7	8	9	10	11	12	13	14	
0	2	3	5	6	9	10	11	12	13	14	
0	1	3	4	6	7	8	10	11	12	13	
0	1	4	5	6	7	9	10	11	12	13	
1	2	4	6	7	8	9	10	11	12	13	14	
1	4	5	6	7	8	9	10	11	13	14	
1	2	4	5	6	8	10	11	12	13	14	
0	1	2	3	4	6	8	11	12	13	14	
1	2	3	4	5	7	9	10	12	13	14	
0	1	2	3	4	6	7	9	11	12	13	14	
1	2	3	4	6	7	8	9	10	11	12	13	
2	3	4	5	6	7	8	9	10	12	13	14	
1	2	3	4	5	7	8	9	10	13	14	
0	1	3	4	5	6	7	8	10	11	12	14	
0	1	2	3	4	6	8	9	10	13	14	
0	1	2	3	6	7	9	10	11	12	13	
0	1	2	3	4	6	9	10	11	12	13	14	
0	1	2	3	5	7	9	10	11	12	13	
0	1	2	3	6	7	8	10	11	12	13	14	
0	1	2	3	4	5	6	8	10	13	14	
0	3	4	6	7	8	9	10	11	12	13	
0	1	3	4	5	6	7	8	10	11	12	13	
2	4	5	6	7	8	9	10	11	12	13	14	
0	1	3	6	7	8	9	11	12	13	14	
0	2	3	5	6	7	8	9	10	11	13	
0	1	2	3	4	7	8	9	10	11	12	13	
0	1	2	3	4	5	6	7	8	9	10	11	
1	2	3	4	5	6	7	8	10	11	13	14	
1	2	3	4	6	7	8	9	10	12	14	
0	2	4	5	6	7	8	10	12	13	14	
0	1	2	3	4	6	8	10	12	13	14	
0	1	2	5	6	8	9	10	11	12	13	14	
0	2	3	5	6	7	8	9	10	12	13	
0	1	2	3	4	5	6	8	9	12	14	
1	2	4	7	8	9	10	11	12	13	14	
1	2	3	4	5	6	7	10	11	13	14	
0	1	3	4	5	6	7	8	9	10	12	14	
1	2	3	4	5	7	8	9	10	11	12	
0	1	2	3	6	8	9	10	11	12	13	14	
0	1	3	4	6	7	8	9	10	13	14	
0	1	2	3	4	5	7	8	10	12	13	14	
0	1	2	3	4	5	6	7	8	10	13	14	
1	4	5	6	8	9	10	11	12	13	14	
1	2	3	4	5	6	7	8	9	10	13	
0	2	3	6	8	9	10	11	12	13	14	
0	1	3	4	5	7	8	9	10	11	12	14	
0	1	3	4	5	6	9	10	11	12	13	14	
1	3	4	5	7	8	9	10	12	13	14	
0	3	4	6	7	9	10	11	12	13	14	
0	2	3	5	6	7	8	10	11	12	13	14	
0	1	2	3	4	6	9	10	11	12	13	14	
0	1	2	4	5	6	7	8	9	10	11	14	
1	2	3	4	5	6	7	9	10	12	13	14	
0	1	2	5	6	7	8	9	10	11	12	
0	1	3	5	6	8	9	10	11	12	13	
0	2	3	4	5	6	8	9	10	11	12	14	
0	3	4	5	6	7	9	10	11	12	14	
0	1	3	4	5	6	7	9	10	11	12	13	
0	2	4	5	6	7	8	10	11	12	13	14	
0	1	2	3	5	6	7	9	10	11	13	14	
2	3	4	5	6	7	8	9	10	11	12	14	
1	2	3	4	5	6	7	8	9	11	12	14	
0	1	2	3	5	6	7	10	12	13	14	
0	1	2	5	6	7	8	9	10	11	13	14	
0	1	2	4	5	6	7	8	9	11	12	13	
0	1	2	5	7	8	9	10	11	12	14	
0	1	3	5	6	7	9	10	11	13	14	
0	1	3	4	5	6	8	10	11	12	13	
0	2	3	4	5	6	7	8	10	11	12	13	
0	1	2	3	4	5	7	8	11	12	13	14	
0	1	2	3	6	8	10	11	12	13	14	
0	2	3	4	6	7	8	10	11	13	14	
0	1	2	3	4	5	6	8	10	12	13	14	
1	2	3	4	5	6	7	9	10	11	12	13	
0	3	4	5	6	7	8	9	10	11	12	14	
0	2	4	5	7	8	9	10	11	12	13	14	
0	1	2	3	6	7	8	9	10	12	13	14	
0	1	3	4	6	7	10	11	12	13	14	
0	1	2	3	4	5	6	8	9	12	13	
0	1	2	3	4	5	6	7	10	13	14	
0	1	2	3	5	6	7	8	10	11	12	13	
0	2	5	6	7	8	9	10	12	13	14	
0	2	4	5	6	8	9	10	11	12	13	14	
1	2	4	6	7	8	9	11	12	13	14	
0	1	2	3	4	6	7	8	9	10	13	14	
1	2	3	5	8	9	10	11	12	13	14	
0	2	3	4	5	6	7	9	10	11	12	13	
0	2	3	4	6	7	9	10	11	12	14	
0	3	4	5	6	7	9	11	12	13	14	
0	1	2	4	5	6	7	10	11	12	13	14	
0	2	3	4	5	6	7	8	9	11	12	13	
0	1	2	3	4	6	7	9	10	11	12	14	
0	1	2	3	4	5	7	9	10	13	14	
1	2	3	4	5	7	8	9	10	11	12	13	
0	1	2	3	4	5	6	8	10	11	12	13	
0	1	2	3	5	9	10	11	12	13	14	
0	1	2	3	4	5	6	9	10	12	14	
0	1	3	5	6	7	8	9	10	12	13	
1	2	3	4	5	6	7	8	9	10	14	
0	1	2	3	5	6	7	8	9	11	13	
0	1	3	4	6	7	8	9	11	12	13	14	
0	1	2	3	5	7	8	9	10	11	13	14	
0	1	2	5	6	7	8	9	11	12	14	
0	1	4	6	7	8	9	10	11	13	14	
3	4	5	6	8	9	10	11	12	13	14	
0	1	2	3	4	6	8	9	11	12	14	
0	1	2	3	4	6	8	9	10	13	14	
1	2	3	4	5	7	9	10	11	12	13	14	
0	2	3	4	5	6	7	9	10	12	13	14	
0	1	2	3	4	8	9	11	12	13	14	
0	2	3	4	5	7	9	10	11	12	13	
0	1	2	4	6	7	8	9	12	13	14	
0	1	2	4	6	7	8	9	11	12	13	14	
0	1	2	4	5	6	7	9	10	11	12	14	
0	1	2	3	4	8	9	10	11	12	13	
0	1	2	3	4	5	7	8	9	10	13	14	
0	1	3	4	6	7	8	9	10	12	14	
0	1	2	5	6	7	8	10	11	12	13	14	
0	1	3	4	5	6	8	9	10	11	12	13	
0	2	3	4	6	8	10	11	12	13	14	
1	3	5	7	8	9	10	11	12	13	14	
0	1	2	5	6	7	8	9	11	12	13	14	
0	1	2	3	4	6	7	9	11	12	13	14	
0	2	4	5	7	9	10	11	12	13	14	
0	2	3	4	5	6	8	9	11	13	14	
0	1	2	3	4	6	7	8	10	13	14	
0	1	2	3	4	5	6	8	9	12	13	14	
0	1	2	3	5	6	7	8	10	11	12	
0	1	2	3	6	7	8	10	11	12	13	14	
0	1	2	3	4	5	7	8	10	11	13	14	
0	1	3	4	5	6	7	8	9	11	13	14	
1	2	4	5	6	7	8	10	11	12	13	
0	1	2	3	5	7	8	9	10	11	13	14	
0	2	3	4	5	6	8	9	12	13	14	
0	1	2	4	5	6	7	8	9	10	11	13	
0	3	4	5	6	8	9	10	12	13	14	
0	1	2	3	4	5	7	9	10	11	13	14	
0	1	2	3	4	6	7	10	11	12	14	
0	2	3	4	5	7	8	9	11	12	13	14	
0	2	3	4	6	8	9	11	12	13	14	
0	1	2	3	5	6	8	9	11	12	13	14	
0	1	2	4	6	7	8	9	12	13	14	
0	1	2	4	5	6	8	9	10	12	13	14	
0	2	4	5	6	8	9	10	12	13	14	
1	2	4	5	7	9	10	11	12	13	14	
1	2	3	4	5	6	7	8	9	11	13	14	
1	2	3	6	7	8	9	10	11	12	13	
2	3	4	5	6	7	8	9	11	12	13	14	
1	2	3	4	5	6	7	8	9	10	11	14	
0	1	2	3	5	6	7	8	9	11	12	14	
0	1	3	4	5	6	7	9	10	11	12	13	
0	2	3	5	6	7	8	9	11	12	13	
0	1	2	3	4	6	7	8	10	11	12	13	
0	2	3	5	6	7	9	10	11	13	14	
0	1	2	3	4	6	7	8	9	11	13	14	
0	1	2	3	7	9	10	11	12	13	14	
0	2	3	5	6	7	9	10	11	12	13	14	
0	1	2	4	5	6	9	10	11	12	13	14	
2	3	4	5	6	9	10	11	12	13	14	
0	2	3	4	5	6	7	8	10	11	12	
0	1	2	3	4	7	8	10	11	12	13	
1	2	3	4	5	6	7	8	9	13	14	
0	1	2	3	5	6	9	10	12	13	14	
0	1	2	3	7	9	10	11	12	13	14	
0	1	2	4	5	7	9	10	11	12	13	14	
0	2	3	4	5	6	7	8	9	11	13	14	
1	3	5	6	7	8	9	10	11	13	14	
0	2	3	5	7	8	9	10	12	13	14	
0	1	2	4	5	6	7	8	10	11	13	14	
0	2	3	4	5	7	9	10	11	12	13	14	
0	1	2	3	4	5	6	7	8	9	10	14	
0	1	2	3	4	5	6	7	9	12	13	14	
0	1	2	3	5	7	8	10	11	12	13	14	
0	1	2	3	4	5	7	8	10	11	13	14	
0	2	3	4	5	6	7	8	12	13	14	
1	2	4	5	6	7	8	9	11	12	13	
0	1	2	4	5	6	7	8	10	12	13	14	
0	1	2	4	5	8	9	10	11	12	14	
0	1	3	4	6	7	8	9	11	12	13	14	
1	2	4	5	7	9	10	11	12	13	14	
0	1	2	3	4	5	7	8	9	10	12	13	
0	1	2	3	5	6	8	10	11	12	13	14	
0	1	2	5	7	8	9	10	11	12	14	
0	1	2	3	5	6	8	9	10	12	13	14	
0	1	2	3	5	6	7	10	11	13	14	
0	1	2	3	6	8	9	10	11	12	13	
0	1	3	4	5	6	7	8	9	10	11	
0	2	3	5	6	7	8	9	11	12	14	
1	2	3	5	6	8	9	10	11	12	13	
0	1	2	4	6	7	9	10	11	12	13	14	
1	2	3	5	6	8	10	11	12	13	14	
0	1	2	3	4	5	7	8	9	11	12	13	
0	1	2	3	5	7	8	9	11	12	13	
0	1	2	3	4	6	7	9	10	13	14	
0	3	6	7	8	9	10	11	12	13	14	
0	1	3	4	5	6	7	8	11	12	13	14	
0	1	2	5	6	7	8	10	12	13	14	
1	2	4	5	6	7	8	9	10	12	13	14	
0	1	2	4	5	6	9	10	11	12	14	
1	2	3	4	5	6	7	9	10	11	13	
0	1	2	3	4	5	6	7	8	9	10	13	
0	1	3	4	6	7	8	9	10	11	12	13	
0	1	2	3	4	5	7	9	10	11	13	
0	1	2	4	5	7	8	9	10	12	13	
0	1	2	5	6	7	10	11	12	13	14	
0	1	2	3	5	6	9	10	11	12	14	
2	3	4	5	6	7	8	10	12	13	14	
0	2	3	5	6	8	9	10	11	12	13	14	
0	1	2	5	6	8	9	10	11	12	13	14	
0	4	5	6	7	8	10	11	12	13	14	
0	1	2	3	4	5	6	7	10	11	13	14	
0	1	2	3	4	8	9	11	12	13	14	
1	3	5	6	7	8	9	10	11	12	13	
0	1	3	4	5	7	8	9	10	11	12	13	
0	1	2	3	4	6	7	9	10	11	12	14	
0	1	2	3	4	5	6	9	10	11	13	
1	2	3	4	5	6	7	9	10	13	14	
2	3	4	5	6	7	8	9	12	13	14	
1	2	4	5	6	8	9	10	11	12	13	14	
0	1	2	3	5	7	8	9	11	12	13	14	
0	1	2	3	5	6	7	8	10	12	13	14	
0	1	2	4	5	6	7	8	9	11	12	14	
0	1	2	3	4	6	7	9	10	12	13	14	
0	1	2	4	5	7	8	9	10	12	13	14	
1	2	3	4	5	7	8	9	10	12	14	
0	2	3	4	5	6	8	9	10	13	14	
1	2	3	5	6	7	8	9	10	12	13	
0	1	3	4	5	6	7	8	9	10	13	
0	1	2	3	5	6	7	9	10	11	12	13	
1	2	3	5	6	7	8	9	10	12	13	14	
1	2	3	5	6	8	9	10	11	12	14	
3	4	5	6	7	8	9	10	11	12	13	14	
1	2	5	6	7	9	10	11	12	13	14	
0	1	2	5	6	7	8	10	11	12	13	14	
0	1	2	3	4	5	7	9	10	12	14	
0	1	2	3	5	6	7	8	9	10	11	
0	1	2	4	5	7	8	10	11	12	13	
0	1	3	4	5	6	7	8	11	12	13	
1	2	3	5	6	7	8	9	10	11	12	
0	1	5	6	7	8	9	10	11	12	13	14	
1	3	4	5	6	8	9	10	11	12	13	14	
0	1	4	5	6	7	8	9	10	11	12	13	
0	2	3	4	5	6	7	9	10	12	13	
0	1	2	6	7	8	9	10	11	12	14	
0	3	4	5	6	7	8	9	10	11	12	
0	2	4	5	6	7	8	10	11	12	13	
0	2	4	5	6	7	8	9	10	11	12	14	
0	2	3	4	5	7	8	9	12	13	14	
1	3	6	7	8	9	10	11	12	13	14	
0	1	2	4	5	6	7	8	10	12	14	
1	3	4	5	6	7	8	9	11	12	14	
0	1	2	3	5	6	7	8	9	13	14	
0	1	2	3	5	6	8	9	10	12	14	
0	1	3	4	5	6	7	10	11	12	13	14	
0	1	2	4	6	7	8	10	11	12	13	
0	1	2	3	4	5	6	9	10	11	12	14	
0	1	2	3	4	5	6	7	8	9	11	12	
0	1	3	4	5	6	7	8	12	13	14	
1	2	3	4	5	6	7	9	10	11	13	14	
0	1	2	4	5	7	9	10	11	13	14	
0	1	2	4	5	6	7	9	10	11	13	14	
0	1	2	4	5	6	7	8	9	12	13	14	
1	4	5	7	8	9	10	11	12	13	14	
0	1	4	5	6	7	9	10	11	12	13	
0	1	2	4	7	8	9	10	11	12	13	14	
0	1	2	3	4	6	7	9	10	12	14	
0	1	3	5	6	7	8	10	11	12	14	
0	2	3	5	7	8	9	11	12	13	14	
0	1	2	3	4	5	6	10	11	12	13	14	
0	1	2	3	4	5	7	8	9	10	11	13	
0	1	2	5	6	7	8	9	10	12	13	14	
1	2	4	5	6	9	10	11	12	13	14	
1	2	3	4	5	6	7	9	10	11	13	
0	2	3	4	5	7	8	9	10	11	13	14	
0	2	4	5	7	8	10	11	12	13	14	
1	2	3	5	6	7	8	11	12	13	14	
0	1	2	3	4	6	7	8	9	11	12	14	
0	1	2	5	6	7	8	9	11	13	14	
1	2	3	4	7	8	10	11	12	13	14	
0	1	2	3	4	6	7	8	9	10	11	
0	1	2	3	4	5	8	11	12	13	14	
1	2	3	4	6	7	9	10	11	12	13	14	
0	1	2	3	4	6	7	9	10	11	13	
0	1	2	3	4	5	6	7	9	12	13	14	
0	1	2	3	4	5	7	8	9	10	11	12	
0	2	3	4	5	6	7	9	11	13	14	
0	1	3	4	5	6	7	11	12	13	14	
0	2	3	6	7	8	10	11	12	13	14	
1	2	4	5	7	9	10	11	12	13	14	
0	1	2	3	4	5	8	9	11	12	13	14	
0	1	2	3	5	7	8	9	10	11	12	13	
0	1	2	3	4	6	7	9	10	11	12	13	
0	2	3	4	5	6	7	8	10	11	13	14	
0	1	4	6	7	8	9	11	12	13	14	
0	3	4	5	6	7	9	10	11	12	13	
0	1	4	5	8	9	10	11	12	13	14	
0	1	2	3	4	5	7	8	10	12	13	14	
0	1	2	5	6	7	8	10	11	12	13	14	
1	2	3	4	5	6	7	9	10	11	12	14	
0	1	2	4	5	7	8	9	10	11	13	
1	3	5	6	7	8	9	10	11	13	14	
2	3	4	5	6	7	9	11	12	13	14	
0	1	3	4	5	7	8	10	11	12	14	
0	2	3	4	5	6	7	8	10	12	14	
0	1	4	5	6	7	8	10	11	12	14	
1	2	4	5	6	7	8	9	10	11	12	
1	2	3	4	5	7	9	10	11	12	14	
0	1	2	5	7	8	9	10	11	12	13	14	
0	1	3	4	5	6	7	10	11	12	13	14	
1	2	3	5	6	7	8	9	10	11	13	14	
0	2	4	6	7	8	10	11	12	13	14	
1	2	3	4	5	6	7	8	9	12	13	14	
0	1	2	3	4	5	7	8	9	11	14	
0	1	2	4	5	6	8	9	10	13	14	
0	1	3	6	7	8	9	11	12	13	14	
1	2	3	4	5	6	8	9	10	11	13	
0	2	4	5	6	7	9	10	11	12	13	14	
0	1	2	4	5	6	7	8	10	12	13	14	
1	2	3	6	8	9	10	11	12	13	14	
0	1	2	3	4	5	6	8	10	11	13	14	
0	1	2	3	4	6	7	8	10	12	13	14	
1	2	3	4	5	6	7	8	9	12	14	
0	1	3	4	5	7	8	9	10	11	12	13	
0	2	3	4	7	8	9	10	11	13	14	
1	2	3	5	7	8	9	10	12	13	14	
0	2	4	6	7	8	9	10	12	13	14	
0	1	2	4	5	6	7	8	9	13	14	
0	1	5	6	7	8	9	10	12	13	14	
0	1	2	3	4	6	7	9	11	12	13	14	
1	2	3	5	6	7	8	10	12	13	14	
0	1	3	4	5	6	7	8	11	12	13	14	
0	1	2	3	4	5	6	8	11	12	14	
0	1	2	3	4	6	7	9	10	11	13	
0	1	2	4	5	6	10	11	12	13	14	
0	1	2	3	4	6	7	8	10	12	13	
0	1	2	3	6	7	8	10	11	12	13	14	
0	1	2	3	4	5	6	9	10	11	12	13	
0	2	3	4	5	6	7	8	9	10	12	14	
0	2	5	6	7	9	10	11	12	13	14	
0	2	3	5	6	7	8	9	11	12	14	
0	1	2	3	4	5	8	9	10	11	13	14	
0	2	3	4	5	6	7	9	11	12	14	
0	1	3	4	5	6	8	9	10	11	12	14	
0	1	2	4	5	6	9	11	12	13	14	
0	1	5	6	7	8	9	10	11	12	14	
1	2	3	4	5	6	7	9	10	12	13	14	
0	2	3	4	6	8	9	10	11	12	13	14	
0	2	3	4	5	6	7	8	10	12	13	14	
0	1	3	4	5	6	7	8	9	10	13	14	
1	2	3	4	5	6	7	8	9	10	12	14	
1	2	3	6	7	8	9	11	12	13	14	
0	2	4	5	6	7	9	10	11	12	13	
0	1	3	4	5	6	7	8	9	11	12	
0	1	2	4	5	6	7	8	9	10	13	
0	1	2	3	4	6	7	8	9	11	12	13	
0	1	2	3	5	7	8	9	10	11	12	13	
0	2	3	5	6	8	9	10	11	13	14	
0	2	3	4	5	6	7	8	9	11	13	14	
1	3	4	5	6	7	8	9	11	12	14	
0	1	3	4	5	7	8	9	11	12	13	
0	1	2	4	6	8	9	10	11	12	13	14	
1	3	4	5	6	7	9	10	12	13	14	
1	2	4	6	7	8	9	10	11	13	14	
1	2	3	5	6	7	8	9	10	11	13	14	
0	1	2	6	7	8	9	10	11	12	13	14	
0	1	2	4	6	8	9	10	11	13	14	
0	1	2	4	6	7	8	9	10	12	13	
1	2	3	4	5	8	10	11	12	13	14	
0	1	3	4	5	6	7	8	9	10	12	
0	2	3	5	6	7	9	10	11	12	13	
0	2	3	4	6	7	9	10	11	12	14	
0	1	2	3	4	6	8	9	11	12	13	14	
0	1	2	3	4	5	8	9	11	12	13	14	
0	3	4	5	6	8	10	11	12	13	14	
1	2	3	4	5	7	8	9	10	11	12	13	
0	1	2	3	5	6	8	9	10	11	12	14	
1	2	3	4	5	6	9	10	11	12	13	14	
0	3	4	5	6	7	8	10	11	12	14	
1	2	3	4	5	6	8	9	11	12	14	
0	1	2	4	5	6	7	8	10	12	14	
0	1	4	5	6	7	8	9	10	11	12	13	
0	1	2	6	7	8	9	10	12	13	14	
0	1	2	3	4	5	7	9	10	11	13	14	
1	2	3	5	6	7	9	10	11	12	13	14	
0	1	2	4	5	8	9	11	12	13	14	
0	1	2	3	4	6	7	8	9	11	12	13	
0	1	2	4	5	6	8	9	11	12	13	14	
0	1	3	4	5	6	9	10	11	12	13	14	
1	2	3	5	7	8	9	10	11	12	13	14	
0	1	2	3	4	5	7	8	9	13	14	
1	3	5	6	7	8	9	10	11	12	13	14	
1	2	4	5	6	7	8	9	10	11	12	
0	2	3	4	6	8	9	10	11	12	13	14	
0	1	2	3	5	6	7	8	9	10	11	
1	2	3	4	5	6	7	10	11	12	14	
1	2	3	4	5	7	8	10	11	12	13	
0	1	3	4	6	7	9	10	11	13	14	
0	1	2	3	4	5	6	7	8	10	11	12	
0	1	2	3	4	6	8	9	11	12	13	14	
1	2	3	4	6	7	8	9	10	11	14	
0	1	2	4	6	7	8	10	11	12	13	
0	1	2	3	4	5	6	7	8	9	12	
0	2	3	4	6	7	8	9	10	12	14	
0	3	4	5	6	7	8	9	10	13	14	
0	1	2	4	5	7	9	10	11	12	13	14	
2	3	5	6	7	8	9	10	11	12	13	14	
0	1	2	3	4	5	6	7	10	11	13	14	
0	1	2	3	4	5	7	8	9	11	12	14	
2	3	4	5	6	7	8	9	11	12	13	14	
0	1	2	3	4	5	6	8	9	13	14	
1	3	4	5	7	8	10	11	12	13	14	
0	1	3	4	5	6	9	10	11	12	13	14	
0	2	3	4	7	8	9	10	12	13	14	
0	1	2	3	5	6	7	8	9	10	12	13	
0	1	2	5	6	7	8	9	11	12	14	
0	2	4	6	7	8	9	10	11	12	13	14	
0	1	3	6	7	8	9	10	11	12	13	
0	1	3	4	5	6	7	8	9	10	11	
1	2	3	4	5	6	8	9	12	13	14	
3	4	6	7	8	9	10	11	12	13	14	
0	2	4	5	7	8	9	10	12	13	14	
0	1	3	4	5	6	7	8	9	11	12	14	
0	1	2	3	4	6	8	9	11	12	13	14	
0	1	2	4	5	6	7	8	11	13	14	
0	1	2	5	7	8	9	10	11	12	13	14	
0	1	2	4	7	8	9	10	11	12	14	
1	2	4	5	6	8	9	11	12	13	14	
0	1	2	3	5	6	8	9	10	11	12	13	
0	1	2	4	5	6	7	8	9	10	12	13	
0	1	2	3	4	5	6	8	10	11	13	14	
0	1	2	4	5	6	7	8	9	11	12	13	
0	1	4	5	6	7	8	9	11	13	14	
0	1	2	3	4	5	6	7	8	10	11	14	
0	1	2	3	4	5	6	7	10	13	14	
0	1	2	4	6	8	9	10	12	13	14	
1	2	3	4	5	6	7	9	11	13	14	
1	2	3	4	5	6	7	8	10	11	12	
0	2	3	4	5	6	7	8	9	10	12	13	
0	1	3	4	5	8	9	10	12	13	14	
0	1	2	3	4	6	7	9	10	13	14	
0	1	3	4	5	7	8	10	12	13	14	
0	2	3	4	5	8	9	10	11	12	13	14	
0	1	3	4	5	6	8	10	12	13	14	
0	1	3	4	5	6	7	9	10	13	14	
0	2	3	4	5	6	9	10	11	13	14	
1	2	3	4	6	7	8	10	11	12	13	
1	2	4	5	7	8	10	11	12	13	14	
0	3	5	7	8	9	10	11	12	13	14	
0	1	2	4	5	7	9	10	11	12	13	14	
0	2	3	4	5	6	7	8	9	11	12	14	
0	2	3	4	5	7	8	9	10	11	12	14	
0	1	2	3	4	5	7	8	11	12	13	14	
1	3	4	5	8	9	10	11	12	13	14	
0	1	2	3	4	7	8	10	12	13	14	
0	1	2	3	4	7	9	10	11	12	13	14	
0	1	2	3	4	5	6	8	10	11	12	14	
0	1	3	4	5	6	7	9	11	12	13	
0	1	4	6	7	9	10	11	12	13	14	
2	3	4	5	7	8	9	10	11	12	13	
0	1	2	3	7	9	10	11	12	13	14	
0	3	4	5	6	8	9	10	11	12	13	14	
0	1	2	4	5	6	7	8	10	11	12	14	
0	1	3	4	6	7	8	9	10	11	13	
0	2	4	5	6	8	10	11	12	13	14	
0	1	3	4	5	6	8	9	10	11	13	14	
0	1	2	3	4	5	9	10	11	12	13	14	
0	1	3	4	6	7	9	10	11	13	14	
0	1	2	3	4	5	7	8	10	12	14	
0	1	2	3	4	5	6	8	10	11	13	
1	2	3	4	5	6	8	9	11	12	13	14	
0	1	2	4	7	8	9	10	11	13	14	
0	2	3	4	6	7	9	11	12	13	14	
1	2	3	4	5	7	8	9	11	13	14	
0	1	2	3	4	6	7	10	12	13	14	
2	4	5	6	7	8	9	10	11	13	14	
0	1	3	4	5	6	9	10	11	12	13	14	
0	3	4	5	6	7	8	9	10	11	13	14	
1	3	4	5	6	7	8	10	11	12	13	14	
0	1	2	3	4	5	6	7	8	12	13	14	
0	1	2	3	4	5	7	8	9	11	13	
0	2	3	4	5	8	9	10	11	13	14	
1	2	3	4	5	6	7	8	10	12	13	14	
0	1	5	6	7	8	9	11	12	13	14	
1	2	4	5	6	8	9	10	11	12	14	
2	4	5	6	7	8	9	10	11	12	14	
1	2	3	5	6	7	8	9	10	11	12	
0	1	3	4	5	7	8	11	12	13	14	
0	1	2	4	6	7	8	9	10	11	12	13	
0	3	4	5	7	9	10	11	12	13	14	
0	1	2	3	7	8	10	11	12	13	14	
1	2	3	4	6	7	8	9	11	13	14	
1	2	3	4	5	6	7	8	9	12	13	14	
0	2	3	5	6	7	8	9	10	11	13	14	
1	3	5	6	7	8	9	10	11	12	13	14	
0	1	2	3	4	6	7	8	9	10	11	13	
0	3	5	6	7	8	9	10	11	12	13	14	
1	2	4	5	6	9	10	11	12	13	14	
0	2	3	5	6	7	8	9	10	11	12	13	
0	1	2	4	6	7	8	9	10	11	12	14	
0	3	4	6	7	8	9	10	11	12	13	14	
1	2	3	4	6	7	8	9	10	12	13	14	
0	1	2	3	4	5	6	8	10	11	12	14	
1	3	4	5	6	8	10	11	12	13	14	
0	1	2	5	6	7	8	9	12	13	14	
0	1	2	3	4	5	6	8	9	10	13	14	
0	1	2	3	5	6	10	11	12	13	14	
0	2	3	4	5	6	7	8	10	11	12	14	
1	2	3	4	6	7	8	9	11	12	13	14	
0	1	3	5	6	7	9	10	11	13	14	
0	1	2	3	4	5	6	7	10	11	13	14	
1	2	3	4	6	8	9	10	11	12	13	14	
0	1	2	4	5	6	7	8	9	10	12	14	
1	2	3	4	5	8	9	10	11	12	13	14	
0	1	2	3	4	5	8	9	10	12	13	
1	2	3	4	5	6	7	9	10	11	12	13	
1	2	5	6	8	9	10	11	12	13	14	
2	3	5	6	7	8	9	10	11	12	14	
0	1	3	4	5	8	10	11	12	13	14	
0	1	2	3	5	6	7	8	10	11	12	13	
0	1	2	3	4	5	7	8	10	12	13	14	
0	1	2	3	4	6	8	9	10	12	13	14	
0	1	2	3	5	6	7	8	10	11	12	14	
2	3	4	5	6	7	8	9	10	11	13	14	
0	1	2	4	5	6	7	8	10	12	13	
2	3	5	6	8	9	10	11	12	13	14	
0	1	2	3	4	5	6	7	8	10	12	13	
0	3	4	5	6	7	9	10	11	12	13	14	
0	2	3	4	5	6	8	9	10	11	12	14	
0	1	2	3	4	6	8	10	11	12	13	14	
0	1	2	4	5	6	7	10	12	13	14	
0	1	3	5	6	7	8	9	10	12	13	14	
0	1	3	5	6	7	8	9	10	12	13	14	
0	1	2	3	4	6	9	10	11	12	13	14	
0	1	3	4	5	6	7	9	10	11	12	14	
0	1	2	3	4	5	6	7	8	11	12	
2	3	4	5	6	7	8	9	12	13	14	
1	2	3	4	5	6	7	8	10	12	14	
0	1	3	5	6	7	8	9	10	11	13	14	
0	1	2	3	6	9	10	11	12	13	14	
0	1	3	4	6	7	8	9	10	11	12	14	
0	1	2	3	4	6	8	10	11	12	13	14	
0	1	2	3	4	5	7	8	10	11	13	14	
0	1	2	3	5	7	8	9	10	11	12	
0	1	2	3	5	7	9	10	11	12	13	14	
0	1	3	4	5	6	7	8	9	10	13	14	
0	1	4	5	6	7	8	10	12	13	14	
0	1	3	4	7	8	9	11	12	13	14	
1	2	3	4	5	6	8	9	10	11	13	14	
0	1	2	3	5	6	7	10	11	12	13	14	
0	1	3	5	6	7	8	10	11	12	13	14	
0	3	4	6	7	8	9	10	11	13	14	
1	2	3	5	7	8	9	10	11	12	13	14	
0	1	2	3	4	6	8	9	11	12	13	
0	1	2	3	4	6	7	8	9	11	12	13	
0	1	2	4	6	7	8	9	10	11	13	14	
2	3	4	5	6	8	9	10	11	12	13	14	
0	1	4	5	6	8	10	11	12	13	14	
0	1	2	4	5	6	7	9	10	11	12	
0	1	2	3	5	6	8	9	11	12	13	
0	1	4	5	6	7	8	10	11	13	14	
0	1	2	3	4	6	8	10	11	12	13	14	
0	2	3	5	6	7	8	9	10	11	14	
0	1	2	3	5	6	7	8	9	10	12	14	
1	2	3	4	5	6	7	9	10	11	13	14	
0	2	4	5	6	7	8	10	11	12	13	14	
0	2	3	4	5	6	7	8	9	10	11	12	
2	3	4	5	6	7	9	10	11	13	14	
0	1	2	3	5	6	7	8	9	12	13	
0	2	4	5	6	7	8	9	10	11	12	
0	1	2	3	8	9	10	11	12	13	14	
0	2	5	6	7	8	10	11	12	13	14	
0	2	4	5	6	7	9	10	11	12	13	14	
0	2	3	4	5	6	7	9	10	11	12	13	
0	1	2	3	5	7	8	10	12	13	14	
0	2	3	4	5	7	8	9	10	11	12	13	
0	2	4	5	6	8	9	10	11	12	13	
0	1	2	4	6	8	9	10	11	12	13	14	
0	2	3	4	5	6	7	8	9	10	12	14	
0	1	2	4	6	7	8	9	10	11	13	14	
0	1	6	7	8	9	10	11	12	13	14	
0	1	2	3	4	6	7	8	9	11	12	13	
0	1	2	3	4	5	7	9	11	12	13	14	
0	1	2	4	5	6	7	10	11	12	13	14	
0	1	3	4	5	7	8	9	10	11	13	14	
0	1	2	4	5	6	7	8	11	13	14	
0	1	2	3	4	5	6	8	10	11	12	14	
0	1	2	4	5	6	7	8	9	10	11	14	
0	1	2	3	4	6	7	8	11	13	14	
0	1	2	3	4	5	6	8	10	11	12	
0	1	2	3	5	6	7	9	10	11	12	14	
0	2	3	5	7	8	9	10	11	12	13	
1	2	3	4	5	6	7	8	10	12	13	14	
0	1	2	3	4	5	6	7	8	9	11	12	
0	2	4	5	7	8	9	10	11	13	14	
0	2	3	4	6	7	9	10	11	12	13	
0	1	2	3	4	5	6	8	9	10	11	12	
3	4	5	6	7	8	9	10	11	13	14	
1	2	4	5	6	7	8	9	10	13	14	
0	1	2	3	5	7	8	9	10	11	12	13	
0	1	2	4	5	6	8	9	11	12	13	14	
0	1	3	4	5	6	8	9	10	11	12	
0	1	2	3	8	9	10	11	12	13	14	
0	2	3	4	5	6	7	9	10	13	14	
0	1	3	4	5	6	7	11	12	13	14	
0	1	2	5	6	7	8	9	10	11	12	13	
1	2	3	4	6	7	8	9	10	12	13	
0	2	3	4	6	7	8	9	10	13	14	
1	2	3	4	5	6	8	10	11	12	13	14	
0	1	2	3	4	6	8	9	10	11	12	14	
0	3	4	5	6	7	8	9	10	11	13	14	
0	3	4	5	6	7	9	10	11	12	13	14	
0	1	3	4	5	6	8	9	10	12	13	
0	1	2	3	4	6	7	9	10	12	13	14	
0	1	2	4	5	6	7	8	9	12	13	
0	1	3	6	7	8	9	10	12	13	14	
0	2	3	4	5	6	8	9	10	12	13	14	
0	2	5	6	7	8	10	11	12	13	14	
0	1	2	4	6	7	9	10	11	12	13	
0	1	2	4	5	6	7	8	9	10	12	13	
0	1	2	3	4	7	9	11	12	13	14	
0	1	2	4	5	8	9	10	11	12	13	14	
0	1	4	5	6	8	9	10	11	12	13	14	
0	1	2	3	4	6	7	8	9	10	12	14	
1	2	3	4	5	6	7	8	10	11	12	
0	1	2	4	5	6	9	10	11	12	13	14	
1	2	3	4	5	6	7	8	9	11	12	13	
0	1	2	3	5	6	7	8	10	11	13	14	
0	1	2	4	5	6	8	9	11	13	14	
0	1	2	4	5	6	8	10	11	12	14	
0	1	2	3	5	7	8	9	10	11	12	13	
0	1	3	5	6	7	9	10	11	12	13	
0	2	3	5	6	7	9	10	11	12	13	14	
2	3	4	5	6	7	8	9	12	13	14	
0	1	2	3	5	8	9	10	11	12	13	
1	2	3	4	5	6	7	8	9	11	12	14	
0	1	2	3	4	5	8	9	10	11	12	14	
0	2	3	4	7	8	9	11	12	13	14	
0	1	2	3	4	5	6	7	10	11	12	14	
0	1	2	3	5	7	8	11	12	13	14	
0	1	3	4	6	8	9	10	11	12	13	14	
0	1	2	3	6	8	9	10	11	12	13	14	
0	1	2	3	4	7	8	10	11	12	13	
0	2	3	4	5	8	9	10	11	12	14	
0	1	2	3	5	6	7	8	10	11	12	14	
0	1	2	3	5	6	7	8	9	11	12	
0	1	2	3	4	5	7	8	9	10	12	14	
0	1	2	3	4	6	7	9	10	11	12	13	
0	2	3	4	5	6	7	8	9	10	11	13	
0	1	2	3	5	7	9	11	12	13	14	
0	1	2	3	4	5	6	7	9	12	13	14	
0	1	2	3	4	6	7	9	10	11	12	13	
0	1	2	3	5	6	8	9	11	12	13	14	
0	1	4	5	6	8	9	10	11	12	14	
0	1	2	4	5	7	8	9	10	11	13	14	
1	3	4	5	6	7	8	10	11	12	14	
1	2	3	4	5	6	8	9	11	12	13	
0	1	3	5	6	7	8	9	10	11	12	14	
0	1	2	3	4	6	7	9	10	12	13	14	
0	1	2	3	4	5	6	8	11	12	14	
1	2	3	4	5	6	7	8	9	10	11	14	
0	1	2	3	4	5	6	7	9	10	12	13	
0	1	3	4	5	6	7	8	9	10	14	
1	2	3	4	5	6	8	10	11	13	14	
1	2	5	6	7	9	10	11	12	13	14	
1	2	3	4	5	6	7	8	9	10	11	13	
0	1	2	4	5	6	7	8	9	11	13	14	
1	2	4	5	6	8	9	11	12	13	14	
0	1	2	3	4	5	6	10	11	12	13	14	
0	1	2	4	5	6	7	8	9	11	12	14	
1	2	4	5	6	7	9	10	12	13	14	
0	2	4	5	6	7	8	9	10	11	12	14	
1	2	3	4	7	8	9	11	12	13	14	
0	1	2	3	4	5	7	8	9	12	13	
0	1	2	3	5	6	8	9	10	11	12	14	
0	1	3	4	7	8	9	10	11	12	13	14	
0	1	2	3	4	5	6	7	9	10	13	14	
0	2	3	4	5	6	7	9	10	11	13	14	
0	1	3	5	6	7	8	9	10	11	12	13	
0	1	2	3	4	5	6	7	11	12	13	14	
0	1	2	3	5	6	8	10	11	12	13	14	
0	1	3	5	6	7	8	9	10	11	13	14	
0	1	2	3	4	6	7	8	9	12	13	14	
0	2	3	4	7	8	9	11	12	13	14	
0	1	2	3	4	6	7	8	9	10	12	14	
0	2	4	5	6	7	8	9	11	12	13	14	
0	1	2	3	4	5	7	8	9	11	14	
1	3	4	6	7	8	9	10	11	13	14	
0	1	2	3	4	5	8	10	12	13	14	
1	2	3	4	6	8	9	10	11	12	13	14	
0	1	3	5	7	8	9	10	12	13	14	
0	2	3	4	5	6	7	8	10	12	13	14	
0	1	3	5	8	9	10	11	12	13	14	
0	2	3	5	6	7	8	9	10	13	14	
1	2	3	4	7	8	10	11	12	13	14	
0	1	2	4	6	7	8	9	11	12	13	
0	1	2	3	4	5	6	7	8	10	11	14	
0	1	2	3	5	7	8	9	10	13	14	
0	1	2	3	4	6	7	9	10	11	12	14	
1	2	3	4	6	7	8	9	10	12	13	14	
0	1	2	4	6	8	9	10	11	12	13	14	
0	1	3	5	8	9	10	11	12	13	14	
1	2	3	4	5	8	9	10	11	12	13	14	
0	2	4	6	8	9	10	11	12	13	14	
2	3	4	5	6	7	8	9	10	11	12	14	
0	1	2	3	4	5	6	7	8	10	11	
1	2	3	4	5	7	8	11	12	13	14	
1	2	4	5	6	7	8	9	10	12	13	
1	2	3	4	5	6	8	9	11	12	13	14	
0	1	2	4	5	6	7	8	9	12	13	
0	1	3	4	5	6	7	8	9	11	12	13	
0	1	3	4	6	7	9	10	11	12	13	
2	3	4	5	6	7	8	10	11	12	13	14	
0	1	2	3	4	5	7	8	9	12	14	
1	2	3	4	5	6	7	8	9	11	14	
0	1	2	3	4	5	6	8	9	11	14	
0	1	2	3	4	7	9	10	11	12	13	14	
0	1	4	6	7	8	9	10	12	13	14	
0	1	2	3	4	5	6	7	9	11	12	13	
0	1	4	5	6	7	8	9	10	12	13	14	
1	2	3	4	5	6	7	8	11	12	14	
0	1	2	3	5	6	7	9	10	12	13	
0	2	3	5	6	7	8	9	11	12	13	14	
1	2	3	4	5	6	8	10	12	13	14	
0	1	3	4	5	6	7	8	10	11	13	14	
1	2	3	4	6	8	10	11	12	13	14	
0	1	2	3	5	6	7	8	9	11	12	14	
0	1	2	3	4	5	6	7	8	10	11	13	
0	1	2	5	6	8	9	10	12	13	14	
0	1	2	4	5	6	8	9	10	11	12	13	
0	2	3	4	5	7	9	11	12	13	14	
2	3	4	5	6	7	8	9	10	11	12	14	
0	1	3	4	5	6	7	8	9	12	13	14	
0	1	2	3	5	6	7	9	10	11	14	
0	1	2	3	4	5	7	9	12	13	14	
1	2	3	6	7	8	10	11	12	13	14	
0	1	2	4	5	6	7	8	9	11	12	14	
0	1	2	3	4	6	7	8	9	12	13	
1	2	3	4	5	6	7	9	10	12	13	
1	2	3	4	5	6	7	8	9	11	13	14	
0	1	2	3	4	5	7	8	10	11	13	14	
0	1	2	3	4	6	8	9	10	11	12	13	
1	2	3	4	6	7	8	9	11	12	13	14	
1	2	4	5	6	7	8	9	10	11	13	14	
0	1	2	3	4	8	10	11	12	13	14	
0	3	4	5	7	8	9	11	12	13	14	
0	1	3	4	6	7	8	9	10	11	13	
1	2	3	4	6	7	8	9	11	12	13	14	
0	1	2	4	5	6	7	9	10	13	14	
0	1	2	3	5	8	10	11	12	13	14	
1	2	3	5	7	8	9	10	12	13	14	
3	4	5	7	8	9	10	11	12	13	14	
0	4	5	6	7	8	9	10	11	12	13	14	
0	1	3	4	5	7	8	9	10	11	14	
0	1	3	4	5	6	8	9	10	11	12	14	
0	1	2	4	8	9	10	11	12	13	14	
0	1	2	4	5	8	9	10	11	12	13	
0	2	3	4	5	7	8	9	10	11	13	14	
0	2	4	5	7	8	9	10	12	13	14	
1	2	3	5	6	7	8	9	11	12	13	14	
1	2	3	4	5	7	8	9	11	12	14	
0	1	3	5	7	8	9	11	12	13	14	
0	1	4	5	6	7	8	9	10	12	14	
0	1	3	4	5	7	8	9	11	13	14	
1	3	4	5	6	7	8	9	10	11	13	14	
0	2	3	4	5	6	7	10	11	12	13	14	
2	3	4	6	8	9	10	11	12	13	14	
0	1	3	4	5	6	8	9	10	11	12	13	
0	1	3	4	6	7	8	9	11	13	14	
0	1	2	3	5	6	7	8	10	11	13	14	
2	3	4	6	7	8	9	11	12	13	14	
0	2	3	6	7	8	9	10	11	12	13	14	
0	1	3	4	6	7	8	10	11	12	13	14	
2	3	4	5	6	7	8	9	10	11	14	
0	2	3	5	7	8	10	11	12	13	14	
0	1	2	3	5	6	7	8	10	12	13	14	
1	3	5	6	7	8	9	10	11	12	13	14	
0	1	2	3	5	6	7	8	10	12	13	14	
0	1	3	4	6	7	8	9	10	11	12	13	
2	3	4	5	7	8	10	11	12	13	14	
1	3	4	5	6	7	8	10	11	13	14	
0	1	2	3	5	6	7	9	10	12	13	
0	2	3	4	5	6	7	10	11	12	14	
1	2	3	4	5	6	7	8	9	11	14	
1	3	4	6	8	9	10	11	12	13	14	
0	1	2	3	4	5	6	7	9	13	14	
0	3	5	7	8	9	10	11	12	13	14	
0	1	3	4	5	6	8	9	11	13	14	
0	2	3	4	5	6	7	9	10	11	12	
0	1	2	3	4	5	6	7	8	10	12	14	
0	2	3	5	7	8	9	10	12	13	14	
0	1	2	3	5	6	7	8	9	10	11	13	
1	2	3	4	5	6	7	9	10	12	13	14	
2	4	5	6	7	8	9	10	11	12	13	14	
0	1	3	4	5	7	9	10	11	12	13	14	
0	1	3	4	5	6	7	9	10	12	13	14	
0	1	2	3	4	5	6	7	9	11	12	13	
0	1	2	3	6	7	8	10	12	13	14	
1	2	3	4	5	6	8	10	11	12	13	
0	1	2	4	5	7	8	10	11	12	13	14	
1	2	4	5	8	9	10	11	12	13	14	
0	1	3	4	5	9	10	11	12	13	14	
0	1	2	6	7	8	9	10	12	13	14	
0	1	2	3	4	5	6	7	8	9	10	
0	1	2	3	5	6	8	9	11	12	13	
1	2	3	4	5	6	7	8	11	12	14	
1	3	4	5	6	7	8	9	10	12	13	14	
0	2	4	5	6	7	8	9	10	11	12	14	
0	2	3	4	6	7	8	9	11	12	13	14	
0	1	2	3	4	5	6	8	9	10	11	13	
0	1	3	4	5	6	7	8	9	11	12	
0	1	3	4	5	6	8	10	12	13	14	
1	2	3	4	5	7	8	9	10	11	13	
0	1	2	3	4	6	7	8	9	11	14	
1	2	3	6	7	8	9	10	11	12	13	14	
1	2	3	5	6	7	8	10	11	12	13	14	
0	1	2	4	5	6	9	10	12	13	14	
0	1	2	4	5	6	7	9	11	12	13	
0	1	2	3	4	5	6	8	10	11	13	14	
0	1	2	4	5	6	7	8	10	12	13	
0	1	2	3	5	7	8	9	11	12	13	14	
0	1	2	3	4	5	6	7	8	10	11	12	
0	2	3	5	6	8	9	10	11	13	14	
0	1	2	3	4	6	8	10	11	12	13	14	
0	1	2	3	4	5	8	11	12	13	14	
0	1	2	5	6	7	8	9	10	13	14	
0	1	2	4	5	6	7	8	10	12	14	
2	3	5	6	7	8	10	11	12	13	14	
0	1	2	3	4	5	6	7	10	11	12	14	
0	2	3	4	5	6	9	11	12	13	14	
0	1	2	3	6	7	8	9	10	11	12	13	
1	2	4	5	7	8	9	10	11	13	14	
0	1	2	3	5	6	7	9	10	11	12	14	
1	2	3	4	6	7	8	9	12	13	14	
0	1	2	4	5	6	7	9	10	11	14	
1	2	4	6	7	8	10	11	12	13	14	
0	1	3	4	5	6	7	8	11	12	14	
0	1	3	4	5	6	7	8	12	13	14	
0	2	3	4	5	6	8	10	11	12	13	14	
0	1	2	4	5	7	8	9	11	12	13	14	
1	2	3	5	6	9	10	11	12	13	14	
1	2	3	4	6	7	8	9	10	11	12	13	
0	1	3	5	7	8	9	10	11	12	13	14	
0	1	4	6	7	8	9	10	11	12	13	14	
0	1	2	3	5	6	8	10	11	12	13	14	
0	1	2	4	5	7	10	11	12	13	14	
0	1	3	5	6	7	8	11	12	13	14	
1	2	3	4	6	7	8	9	11	12	14	
0	1	2	3	5	6	9	10	11	12	13	14	
0	2	3	4	5	8	10	11	12	13	14	
0	1	2	4	6	7	9	10	11	12	13	14	
1	2	3	4	5	7	8	11	12	13	14	
0	1	2	3	4	5	6	8	9	10	11	12	
0	1	2	4	5	6	7	8	9	10	12	14	
0	1	3	4	7	8	9	10	11	12	13	14	
0	1	2	4	6	7	8	11	12	13	14	
1	2	3	5	7	8	9	10	11	12	13	14	
0	3	4	5	6	7	8	10	11	13	14	
1	2	3	4	5	7	8	9	11	12	13	14	
0	1	2	3	5	8	9	10	11	12	14	
0	2	3	4	6	7	8	10	11	12	13	14	
0	1	3	4	6	7	9	10	11	12	13	
0	1	2	4	6	8	9	10	11	12	14	
2	5	6	7	8	9	10	11	12	13	14	
1	2	5	6	7	8	9	10	11	12	13	14	
2	3	4	6	7	8	9	10	12	13	14	
0	1	2	4	5	7	9	10	11	13	14	
1	2	3	4	6	7	8	9	12	13	14	
0	1	3	4	5	6	7	8	9	10	11	
0	1	2	6	7	8	9	10	11	12	13	14	
0	1	2	3	4	8	9	10	11	13	14	
0	1	2	3	4	6	7	9	11	12	13	14	
0	1	3	4	5	6	8	10	11	12	13	14	
0	1	3	4	5	8	10	11	12	13	14	
1	2	3	4	5	6	7	8	11	12	13	14	
1	2	3	4	5	6	8	9	10	11	12	13	
1	2	3	4	6	7	8	9	10	11	12	14	
0	1	2	3	5	8	9	10	11	13	14	
0	1	2	4	5	7	9	10	11	12	13	14	
0	2	4	5	6	7	8	9	10	11	12	14	
0	1	2	3	5	6	7	8	10	11	13	14	
0	3	4	5	6	7	8	9	10	11	12	13	
0	1	2	3	6	7	8	9	10	12	13	
0	1	3	4	5	7	9	10	12	13	14	
0	1	2	3	5	6	7	10	11	12	13	
1	2	3	5	6	7	8	9	10	11	14	
0	1	2	3	4	6	7	8	9	12	13	14	
0	2	3	4	5	8	9	11	12	13	14	
2	3	4	5	6	7	8	10	11	13	14	
0	1	2	3	4	5	6	7	8	10	11	14	
0	1	2	3	4	7	8	10	11	12	14	
0	2	3	4	5	6	8	11	12	13	14	
0	1	2	5	6	7	8	9	10	12	14	
0	2	4	5	7	8	9	11	12	13	14	
0	1	3	5	6	7	8	10	11	12	13	14	
0	1	2	3	5	6	8	9	10	11	12	13	
0	2	3	4	5	6	7	8	10	11	13	14	
0	1	2	3	4	5	6	7	8	11	12	13	
0	1	2	7	8	9	10	11	12	13	14	
0	1	2	4	5	6	8	9	10	11	12	14	
0	1	3	4	6	7	8	9	11	12	13	14	
0	1	2	3	4	7	8	9	10	12	13	14	
0	1	2	5	6	7	8	10	11	13	14	
0	1	2	3	4	6	9	10	11	12	13	14	
0	1	2	3	4	6	7	8	9	10	11	14	
0	1	2	3	4	5	6	8	9	10	13	14	
0	2	3	4	5	7	8	9	11	12	13	14	
0	1	4	5	6	7	8	9	10	11	12	
0	1	3	5	6	8	9	10	11	12	13	14	
0	2	3	4	5	7	8	9	10	11	13	
0	1	3	6	7	8	9	10	11	12	13	
0	1	3	4	5	6	7	10	11	13	14	
0	1	2	3	6	7	9	10	11	12	13	14	
0	2	3	4	6	7	8	9	12	13	14	
0	2	3	4	5	7	8	10	11	12	13	14	
0	1	3	4	5	6	7	8	10	11	12	13	
1	2	4	5	6	7	8	9	10	11	13	14	
0	1	2	3	5	8	9	10	11	12	14	
0	2	3	4	6	7	8	9	12	13	14	
0	1	2	3	4	5	6	9	12	13	14	
0	1	2	3	5	6	7	8	9	10	11	13	
0	1	4	6	7	8	9	10	11	12	13	14	
0	1	2	3	4	5	6	10	11	12	13	
1	3	4	5	6	7	8	9	10	11	12	13	
0	1	2	4	5	6	7	8	9	10	11	13	
0	1	3	4	8	9	10	11	12	13	14	
0	2	3	4	5	6	7	8	9	12	13	14	
0	2	3	4	6	7	9	10	11	13	14	
0	1	2	3	5	6	7	8	10	12	13	14	
0	1	2	3	4	6	7	9	10	11	12	13	
0	2	3	5	6	7	8	9	10	12	13	
1	2	5	6	7	9	10	11	12	13	14	
0	1	2	3	4	5	7	9	10	11	14	
0	1	2	3	4	7	8	9	10	11	13	14	
0	1	3	5	6	7	8	9	10	11	12	13	
0	3	4	5	6	7	9	10	11	12	13	
0	2	3	4	5	8	9	10	11	12	13	
0	1	3	4	5	6	10	11	12	13	14	
0	1	2	3	4	5	6	7	10	11	13	14	
1	2	4	5	6	7	8	9	10	11	12	13	
0	1	2	3	4	5	6	7	9	10	13	
0	2	3	4	6	7	8	9	11	12	14	
0	1	3	4	5	6	7	9	10	11	12	13	
0	1	2	3	4	6	8	9	10	11	13	
0	1	2	4	5	6	7	9	10	13	14	
0	1	2	3	4	6	8	9	10	11	12	14	
1	2	3	5	6	8	10	11	12	13	14	
0	2	3	4	5	6	7	8	11	12	13	14	
1	2	4	5	6	7	8	9	11	12	13	14	
0	2	3	5	6	7	8	9	10	11	13	14	
0	2	4	6	7	8	9	10	11	12	13	14	
0	2	3	4	6	8	9	10	11	12	13	14	
0	1	2	4	5	6	7	8	9	11	12	
0	1	2	3	6	8	9	11	12	13	14	
1	3	4	6	7	8	9	10	11	12	13	14	
1	2	3	4	5	6	7	9	10	12	13	
2	3	4	5	7	8	9	10	11	12	13	14	
0	1	2	3	4	7	9	10	11	12	13	14	
0	1	4	6	8	9	10	11	12	13	14	
0	1	2	4	5	6	8	9	11	12	13	14	
0	1	2	4	5	7	8	10	11	12	13	
0	1	3	4	5	6	7	8	9	11	13	14	
0	1	4	5	6	7	8	9	10	11	13	14	
0	1	3	4	6	7	8	9	10	11	12	14	
1	2	5	6	7	8	9	10	11	12	13	14	
0	1	3	4	5	7	8	11	12	13	14	
0	1	2	3	5	8	10	11	12	13	14	
0	1	2	3	7	8	9	10	11	12	13	
0	3	4	6	7	8	10	11	12	13	14	
0	1	4	5	6	7	8	9	10	12	13	14	
1	3	4	6	7	8	9	10	11	12	13	14	
0	2	3	4	5	6	7	9	11	12	13	14	
1	2	3	4	5	7	8	10	11	12	13	14	
0	3	4	6	7	9	10	11	12	13	14	
0	1	2	4	5	7	8	9	10	13	14	
0	1	2	3	4	5	6	8	9	10	11	12	
1	2	3	4	5	6	8	9	10	11	12	14	
0	1	2	3	4	5	6	7	9	13	14	
1	2	4	5	6	7	8	9	12	13	14	
1	2	3	4	5	6	8	10	12	13	14	
2	3	4	5	6	8	9	10	11	12	13	
0	1	2	3	4	5	8	9	10	12	13	14	
0	2	3	4	5	7	8	9	10	12	14	
0	1	2	3	5	6	7	8	10	11	13	14	
1	2	3	4	5	7	9	10	11	13	14	
0	1	2	3	4	6	8	9	10	11	13	14	
0	2	3	4	5	7	8	9	11	12	13	14	
1	3	5	6	7	8	9	10	11	12	13	14	
0	2	4	5	6	7	8	9	10	11	12	13	
1	3	4	5	6	8	9	10	12	13	14	
1	2	3	5	6	7	8	9	10	12	13	
0	1	2	4	6	9	10	11	12	13	14	
0	1	4	5	6	7	8	9	10	11	13	
1	2	3	4	5	6	7	9	11	12	13	14	
0	1	3	4	5	6	7	9	10	12	14	
0	1	2	3	4	7	8	9	10	11	14	
0	1	2	3	5	6	7	9	10	12	13	
0	1	2	4	5	6	7	8	10	11	13	14	
0	1	2	3	4	5	7	8	9	10	11	12	
1	2	5	6	7	8	9	10	11	12	13	14	
2	3	4	5	6	7	8	9	10	11	12	13	
0	2	3	5	8	9	10	11	12	13	14	
0	1	2	3	4	5	7	8	9	11	13	
0	2	3	4	5	6	8	10	12	13	14	
1	2	3	4	5	6	9	10	11	12	14	
0	1	3	4	5	7	8	9	11	12	13	14	
2	3	4	5	6	7	8	9	10	12	14	
1	2	3	4	5	6	7	8	9	11	13	14	
0	1	2	4	5	6	7	9	11	12	13	14	
0	2	4	5	6	8	9	10	11	13	14	
0	2	3	4	6	7	8	10	11	13	14	
0	2	4	7	8	9	10	11	12	13	14	
0	2	3	4	5	7	9	10	12	13	14	
1	2	3	4	6	7	9	11	12	13	14	
0	1	2	3	4	5	7	9	11	12	13	
0	1	2	3	4	5	7	8	9	10	11	13	
0	1	2	3	4	7	8	9	10	11	12	13	
1	2	3	4	7	8	9	10	11	13	14	
0	3	4	5	7	8	9	10	11	12	13	14	
0	1	2	3	4	5	6	7	8	9	10	14	
2	3	4	5	7	8	9	10	11	12	13	14	
0	1	3	4	5	6	7	8	9	10	12	13	
0	1	2	4	7	8	9	10	11	13	14	
2	3	4	5	6	7	8	11	12	13	14	
0	1	3	4	5	6	7	8	9	10	12	14	
0	2	4	6	7	9	10	11	12	13	14	
0	1	2	3	4	5	6	7	8	10	11	13	
0	1	4	5	6	7	9	10	11	12	13	14	
0	1	2	3	4	5	6	8	9	10	12	14	
1	3	4	5	6	7	8	9	10	12	13	14	
0	3	4	5	8	9	10	11	12	13	14	
0	1	2	4	5	6	8	9	11	12	13	
0	2	3	4	8	9	10	11	12	13	14	
1	2	3	4	5	6	7	9	10	11	12	
0	1	3	4	5	8	10	11	12	13	14	
1	2	3	4	5	6	8	10	11	12	13	14	
0	1	4	6	7	8	9	10	11	12	13	14	
1	2	4	5	6	7	8	9	12	13	14	
0	1	2	4	5	6	7	9	10	11	12	14	
0	2	3	4	6	7	8	9	10	12	13	
0	1	2	3	5	6	9	10	11	12	13	14	
1	2	4	5	6	7	8	9	10	11	13	14	
0	1	2	3	5	7	8	9	11	12	13	14	
0	2	3	4	6	7	8	9	12	13	14	
1	2	3	4	5	6	7	9	10	11	14	
1	2	3	4	5	6	7	8	9	12	13	
0	2	5	6	8	9	10	11	12	13	14	
0	1	2	3	5	6	8	9	10	11	12	
2	3	4	5	6	7	8	9	10	11	12	14	
0	1	2	5	6	7	8	10	11	12	13	14	
0	1	2	3	4	5	6	7	8	9	13	14	
0	2	3	5	6	7	8	9	10	11	14	
0	2	3	5	7	8	9	10	11	12	13	14	
0	1	4	5	6	7	9	10	11	12	13	14	
0	1	3	4	5	6	7	8	10	13	14	
0	1	2	3	4	6	8	9	10	11	13	14	
1	2	3	4	5	6	7	8	9	10	13	
0	4	5	6	7	8	9	10	11	13	14	
0	1	4	5	6	7	9	10	11	12	13	14	
2	4	5	6	8	9	10	11	12	13	14	
0	1	2	4	5	7	8	10	11	12	13	14	
1	2	3	5	6	8	9	10	12	13	14	
1	2	3	4	5	6	7	9	10	11	13	14	
0	1	2	3	4	7	8	9	11	12	13	14	
0	1	4	5	6	7	8	9	11	12	13	
0	1	3	4	5	6	7	8	9	12	13	14	
0	1	3	4	5	6	7	9	10	11	12	13	
2	3	4	5	6	7	8	9	10	11	12	
0	2	3	4	5	7	8	9	12	13	14	
0	1	2	5	6	7	8	9	10	12	13	14	
0	2	4	5	6	7	8	10	12	13	14	
0	1	2	3	4	5	6	8	9	10	11	13	
0	1	2	4	5	8	10	11	12	13	14	
0	1	2	3	6	7	8	9	10	11	12	13	
0	1	2	4	5	6	7	8	10	12	13	
0	3	4	5	6	7	8	9	10	11	12	14	
0	1	2	3	4	5	6	7	8	9	12	13	
0	1	3	4	5	6	7	9	11	13	14	
0	1	2	4	6	7	8	9	11	13	14	
0	2	3	4	5	7	8	9	10	11	12	13	
0	1	2	3	4	5	7	8	10	12	13	14	
2	3	4	5	6	8	9	10	11	12	13	14	
0	2	4	5	6	7	8	10	12	13	14	
0	1	2	3	5	6	8	9	10	11	13	14	
0	1	2	3	5	6	7	8	9	10	13	14	
0	1	2	4	5	6	7	9	10	11	12	13	
0	2	3	5	6	8	9	10	11	12	14	
1	2	3	5	6	7	9	10	11	12	14	
0	2	3	4	5	6	8	10	11	12	13	14	
0	1	2	3	5	6	7	8	10	12	13	14	
1	2	3	4	5	6	7	8	9	11	12	13	
1	2	3	5	6	8	9	10	11	13	14	
0	1	2	3	4	6	7	8	10	11	13	14	
2	3	4	5	6	7	8	10	11	12	13	14	
0	1	2	4	5	6	7	8	9	11	12	
0	2	3	5	6	7	8	10	11	13	14	
0	2	3	4	5	6	7	8	9	10	12	13	
0	3	4	5	6	8	9	10	11	13	14	
0	2	3	4	5	6	7	9	10	12	13	14	
0	1	2	3	5	6	8	10	11	12	13	14	
0	2	3	4	6	7	9	10	11	12	13	
0	2	3	4	6	7	8	9	10	11	12	14	
0	1	3	4	5	6	7	8	9	11	12	14	
0	1	2	3	4	5	9	11	12	13	14	
0	1	2	3	4	5	8	10	11	12	13	14	
0	1	2	3	4	6	8	10	12	13	14	
0	1	3	4	6	7	8	9	10	11	13	14	
0	1	2	5	6	9	10	11	12	13	14	
0	2	3	4	7	8	9	10	11	12	13	14	
0	2	4	5	6	7	8	10	11	12	13	14	
0	1	2	4	7	8	9	10	11	12	13	
0	1	2	3	4	5	6	7	10	11	12	13	
1	2	3	4	5	6	7	8	11	12	14	
1	2	3	5	8	9	10	11	12	13	14	
1	2	3	4	5	6	7	8	9	10	13	
1	4	5	6	7	8	9	10	11	12	13	14	
0	1	2	3	4	5	8	9	10	11	13	14	
0	1	2	3	4	5	6	9	10	11	12	14	
0	1	2	4	6	7	9	10	11	13	14	
2	4	5	6	7	8	9	10	11	12	13	
0	2	3	6	7	8	9	10	11	12	13	
0	1	2	5	6	7	8	9	10	11	14	
0	1	2	4	6	7	8	9	11	12	13	14	
1	2	3	4	5	6	8	9	11	12	13	14	
0	1	2	3	5	6	7	10	11	12	13	14	
1	2	3	5	6	7	8	10	11	12	13	14	
0	1	3	4	6	7	9	10	11	12	13	14	
0	1	2	3	5	6	7	9	10	11	12	14	
0	3	4	6	7	9	10	11	12	13	14	
0	1	3	4	5	6	7	8	9	10	12	14	
0	1	2	3	5	6	7	8	11	12	13	14	
0	1	2	3	5	8	9	10	11	12	13	14	
0	1	2	3	4	6	7	8	11	12	13	14	
0	1	2	3	5	6	7	8	9	11	13	14	
1	2	3	4	5	6	8	10	11	12	14	
0	1	2	3	4	6	7	8	9	11	12	14	
0	2	4	5	6	7	8	10	11	12	13	14	
0	1	3	4	5	6	8	10	11	12	13	14	
0	4	6	7	8	9	10	11	12	13	14	
0	1	2	4	5	7	8	9	11	12	13	14	
0	1	3	4	5	6	7	9	11	12	13	14	
0	1	3	4	5	6	8	9	10	12	13	
0	1	2	3	4	5	6	7	8	9	12	13	
0	1	3	4	5	8	9	10	11	12	14	
0	1	3	4	5	6	7	9	10	11	14	
0	1	2	3	6	8	9	10	11	12	13	
1	3	4	5	6	7	8	9	11	12	13	14	
3	4	5	6	7	9	10	11	12	13	14	
1	2	4	6	7	8	9	10	11	12	13	
0	1	4	5	6	7	8	9	10	11	12	13	
0	1	3	4	5	6	8	10	11	12	13	14	
0	3	4	5	6	7	8	9	11	13	14	
0	1	2	3	4	6	7	9	11	12	13	14	
0	1	2	4	6	7	8	10	12	13	14	
0	2	3	4	5	6	7	8	9	11	13	
0	1	4	5	6	7	8	10	11	13	14	
0	1	3	4	5	6	8	9	10	11	13	14	
0	1	2	3	4	5	9	10	12	13	14	
0	1	2	3	4	5	6	8	11	12	13	14	
2	4	5	6	7	8	9	10	11	13	14	
0	1	2	3	6	7	8	9	10	11	13	14	
1	2	3	4	5	7	8	9	10	13	14	
1	3	4	5	6	8	9	10	12	13	14	
0	1	2	4	5	6	7	10	11	12	13	
0	1	3	4	5	7	8	9	10	11	12	13	
0	1	2	3	4	6	7	9	10	11	13	
0	1	2	3	4	5	6	8	9	10	14	
0	1	2	3	4	5	7	10	12	13	14	
1	2	3	4	5	6	9	11	12	13	14	
1	2	3	5	7	8	9	10	11	12	13	14	
0	1	2	3	4	5	7	8	9	11	14	
0	1	3	4	5	6	7	8	10	12	13	14	
0	2	3	4	5	7	8	10	11	12	13	14	
0	3	4	5	6	7	8	9	10	11	13	14	
0	1	2	3	4	6	8	9	11	12	14	
0	1	3	4	6	7	8	9	10	12	13	14	
0	1	4	5	6	7	8	9	10	11	14	
0	2	3	4	6	7	9	10	12	13	14	
0	1	2	5	6	9	10	11	12	13	14	
1	2	3	5	6	7	9	10	11	12	14	
0	1	2	3	4	5	10	11	12	13	14	
2	3	4	5	6	7	8	9	11	12	14	
0	1	2	3	4	5	7	8	9	10	13	
0	1	2	4	5	7	9	10	11	12	13	14	
1	2	3	4	7	8	10	11	12	13	14	
0	1	2	3	4	5	7	9	10	11	12	
0	2	3	5	6	8	10	11	12	13	14	
0	2	3	4	5	6	7	9	10	11	12	14	
0	2	3	4	5	6	8	9	12	13	14	
0	1	2	3	4	5	6	9	11	12	14	
0	3	4	5	7	8	10	11	12	13	14	
1	2	3	4	5	6	7	8	12	13	14	
0	1	2	3	4	5	6	8	9	10	13	14	
0	1	2	5	6	7	8	10	11	12	13	14	
0	1	2	3	4	5	6	7	8	12	13	14	
0	1	2	3	4	5	7	8	9	11	13	
1	3	5	6	7	8	10	11	12	13	14	
0	1	2	5	6	8	9	10	11	12	13	14	
0	1	2	3	4	5	6	9	10	12	13	14	
0	1	2	3	5	7	8	9	10	12	14	
1	3	4	5	6	7	9	10	11	12	13	
0	1	3	4	5	7	8	11	12	13	14	
0	2	3	4	6	7	8	9	10	13	14	
0	1	4	5	6	7	8	9	10	12	13	14	
1	2	3	5	6	8	9	10	11	12	13	
0	2	3	4	5	6	7	8	9	10	13	
2	4	5	6	7	8	9	11	12	13	14	
0	1	3	4	5	6	8	9	10	12	13	
0	1	3	4	6	7	8	10	11	12	13	14	
1	2	3	4	5	7	8	10	11	12	13	14	
0	1	3	4	6	7	8	10	11	12	13	14	
0	1	2	4	5	7	8	9	10	11	13	14	
0	2	4	5	6	7	8	9	11	12	13	14	
0	1	2	3	4	5	6	7	8	11	12	14	
1	2	3	5	6	7	9	10	11	12	13	14	
0	2	4	6	7	8	9	10	11	12	13	14	
0	1	3	4	5	7	8	9	10	11	12	13	
1	2	4	5	7	8	9	10	11	13	14	
0	1	2	3	4	5	6	7	8	9	11	14	
0	1	2	5	6	7	8	9	10	11	12	14	
0	2	3	4	6	7	8	9	11	12	13	
0	1	2	3	4	5	6	7	10	11	12	13	
1	2	4	5	6	8	9	10	11	13	14	
1	2	3	4	5	6	8	9	12	13	14	
0	1	4	5	6	7	8	9	10	12	13	14	
0	1	3	4	5	6	7	9	10	12	14	
0	1	2	4	5	8	9	10	11	12	14	
0	1	3	4	5	6	9	10	11	12	13	
0	1	3	4	5	6	7	9	10	11	12	13	
1	2	3	5	6	7	8	9	11	12	13	14	
0	1	2	5	7	8	9	10	11	12	14	
0	2	3	4	5	7	8	9	10	11	14	
1	2	4	5	6	8	9	10	11	12	13	
0	1	2	3	4	7	8	9	10	12	13	
2	4	5	6	7	9	10	11	12	13	14	
1	3	4	5	6	7	8	9	11	12	14	
1	2	3	4	7	8	9	10	11	12	13	
0	1	2	3	4	5	6	7	9	10	14	
1	3	4	5	6	7	8	9	10	12	13	
0	1	2	3	6	8	9	10	11	12	13	14	
0	1	2	3	4	6	7	8	9	10	11	14	
0	1	3	4	7	8	9	10	11	12	13	14	
0	2	3	5	7	8	9	10	11	12	13	14	
0	1	2	4	6	7	8	9	10	11	12	13	
0	2	3	4	5	6	8	9	11	12	13	14	
0	1	3	5	6	7	8	9	10	11	14	
0	2	3	4	5	7	8	10	11	12	13	14	
0	1	2	3	4	5	8	10	11	12	13	14	
0	1	2	3	6	8	9	10	11	12	13	14	
1	2	3	4	5	6	9	10	11	13	14	
1	3	4	5	6	7	9	10	12	13	14	
1	2	3	4	5	8	9	10	11	12	13	
0	1	2	4	5	6	7	8	12	13	14	
0	1	3	4	5	6	7	8	9	12	13	
0	2	3	4	5	6	7	8	9	10	11	12	
1	2	3	5	6	7	8	10	11	12	13	
1	2	4	6	7	8	9	10	11	13	14	
0	2	3	4	6	7	8	9	10	12	13	14	
0	3	4	7	8	9	10	11	12	13	14	
0	1	2	4	5	6	7	8	10	11	13	
0	1	2	3	4	5	7	8	9	10	11	14	
0	1	2	3	4	7	8	9	10	11	12	13	
1	2	3	4	5	6	8	9	10	11	12	13	
0	1	2	3	4	6	9	10	11	12	13	
0	1	2	3	7	9	10	11	12	13	14	
0	1	2	3	4	5	7	8	9	11	12	
0	1	3	4	5	6	7	10	11	12	13	
1	2	4	5	6	8	9	10	11	12	14	
0	1	2	4	5	6	7	8	9	11	13	14	
0	2	4	5	6	7	8	9	10	12	14	
0	2	3	4	6	7	8	9	10	11	13	14	
0	1	2	3	4	5	6	7	9	10	11	
1	2	3	4	5	6	7	9	10	12	13	14	
3	4	5	6	7	8	9	11	12	13	14	
118.00	105.49	94.85	84.22	74.74	65.76	57.87	51.67	46.00	41.20	36.84	34.00	
122.00	101.26	87.85	75.74	66.95	58.98	51.54	44.14	41.12	38.13	36.06	36.00	
113.00	95.61	80.23	69.01	58.04	51.07	46.28	41.53	37.58	34.30	33.00	
121.00	106.99	94.14	81.32	72.55	65.01	57.82	51.40	45.23	39.76	34.98	34.00	
118.00	102.54	87.11	71.99	60.45	53.47	47.31	41.64	36.37	33.12	31.00	
114.00	95.81	83.36	71.28	60.48	50.39	44.11	38.47	33.91	32.22	32.00	
117.00	102.00	88.08	75.90	64.93	56.23	49.25	42.38	37.52	36.03	35.00	
116.00	97.87	86.34	75.70	65.90	57.38	50.92	45.16	40.61	37.63	36.00	
121.00	105.69	91.12	77.78	66.54	59.37	52.56	47.68	42.99	38.31	35.85	34.00	
116.00	96.94	84.51	72.21	62.51	55.18	47.96	41.68	37.04	35.25	35.00	
119.00	103.03	88.02	74.16	61.47	51.62	42.14	35.46	32.93	32.05	32.00	
116.00	96.76	83.49	71.31	60.64	53.58	49.60	45.61	41.64	38.31	35.27	35.00	
103.00	91.23	81.71	72.24	64.05	56.96	50.70	45.39	40.13	35.75	33.00	
123.00	107.23	92.37	81.82	71.57	62.04	53.12	47.39	41.71	38.36	36.00	
109.00	94.48	82.05	70.59	62.72	55.21	47.95	43.44	39.58	36.75	35.10	35.00	
122.00	109.43	96.86	86.33	76.49	67.07	57.77	49.31	41.77	35.83	33.14	33.00	
120.00	107.65	95.69	84.43	75.74	67.35	59.14	51.63	44.45	39.90	36.88	36.00	
117.00	100.69	87.06	74.82	65.40	56.44	47.60	43.52	40.07	36.70	33.36	32.00	
121.00	107.52	94.88	82.68	72.02	61.39	52.74	44.75	38.23	36.35	35.10	34.00	
109.00	96.30	86.10	76.25	67.31	59.26	51.73	44.24	38.42	35.73	33.49	32.00	
123.00	100.56	84.26	72.01	60.76	50.05	41.51	38.53	36.46	35.70	35.00	
113.00	97.67	85.83	74.09	62.64	52.63	45.86	42.37	39.10	36.13	34.94	34.00	
121.00	99.47	80.40	69.19	57.97	49.50	42.00	35.84	32.12	31.45	31.00	
102.00	91.66	81.94	73.84	65.92	58.24	51.35	44.96	41.00	37.58	34.97	34.00	
122.00	100.92	85.71	73.84	65.91	59.41	53.01	47.42	42.05	37.79	35.18	34.00	
117.00	101.46	86.13	74.19	62.72	54.00	47.97	42.44	37.90	34.05	32.00	
105.00	89.51	74.26	60.72	52.99	46.19	41.63	37.57	34.71	32.32	32.00	
111.00	100.17	89.82	79.94	70.29	62.89	55.96	49.06	42.83	38.57	36.50	35.00	
120.00	103.61	89.25	77.30	66.94	57.33	49.27	41.80	36.54	34.39	34.00	
121.00	99.84	82.31	65.88	50.18	45.52	41.09	37.93	34.88	32.30	32.00	
104.00	90.75	77.94	65.73	58.46	52.99	47.88	42.92	39.69	36.96	34.43	33.00	
113.00	97.23	83.67	70.47	57.89	48.52	41.30	37.52	34.42	32.34	32.00	
106.00	92.85	79.90	70.85	61.99	53.17	46.03	39.67	35.36	32.99	31.00	
118.00	99.80	82.75	67.15	53.90	45.72	40.52	38.16	35.93	35.19	35.00	
109.00	96.88	86.18	75.72	65.26	56.79	48.93	41.90	36.77	32.37	32.00	
106.00	95.61	85.48	77.84	70.27	63.27	56.72	50.71	45.70	41.43	37.24	35.00	
103.00	92.04	81.92	72.55	64.72	58.14	51.89	46.18	42.18	38.27	35.07	34.00	
121.00	107.74	96.21	86.96	77.86	68.84	60.61	53.66	47.83	42.72	37.78	33.00	
115.00	99.70	87.17	75.69	66.08	57.83	51.47	45.78	40.36	36.94	36.00	
101.00	88.73	78.00	67.57	58.05	49.62	42.52	36.21	33.88	32.58	32.00	
109.00	95.26	83.40	73.14	65.53	58.78	52.55	47.32	42.31	37.46	32.76	32.00	
103.00	87.97	76.29	67.01	60.28	53.94	48.82	43.77	39.11	35.11	34.00	
104.00	91.96	80.61	71.05	62.65	55.22	48.20	41.34	38.32	35.58	34.78	34.00	
111.00	94.91	79.11	69.28	60.86	55.38	50.44	46.05	41.84	37.78	34.00	
105.00	94.61	84.81	75.49	67.09	58.89	52.21	47.11	42.23	38.18	34.65	33.00	
123.00	108.11	93.21	82.06	72.33	62.63	53.53	45.62	38.43	35.64	33.39	32.00	
108.00	96.38	85.15	74.50	65.65	57.63	50.34	43.05	39.19	36.04	33.76	32.00	
103.00	93.74	85.05	76.81	68.99	61.52	54.10	47.88	41.89	36.72	35.00	
120.00	105.68	91.43	77.62	66.57	55.70	45.85	39.98	35.78	34.16	33.50	33.00	
117.00	99.99	85.07	74.67	64.89	55.66	47.66	41.76	37.28	33.91	32.30	32.00	
108.00	93.09	79.04	65.78	54.17	43.85	39.07	35.80	34.46	33.30	33.00	
117.00	98.70	84.87	74.62	64.86	55.42	46.31	41.51	37.27	33.24	31.00	
103.00	92.68	82.88	73.32	65.44	57.97	50.79	46.34	42.63	39.70	37.49	36.00	
111.00	94.55	78.15	67.41	57.47	50.60	46.29	42.18	38.95	37.46	36.00	
110.00	95.24	80.48	66.83	57.88	50.11	42.49	38.36	34.53	33.69	33.00	
121.00	107.00	94.09	81.86	70.28	59.13	49.09	43.70	40.67	37.73	35.05	33.00	
114.00	96.25	80.97	65.83	59.60	53.54	48.66	44.68	41.33	38.30	36.46	35.00	
115.00	99.08	84.48	71.56	60.75	50.60	44.23	39.76	36.66	34.08	32.91	32.00	
121.00	104.71	89.50	76.01	63.32	52.96	43.95	36.33	33.36	31.19	31.00	
118.00	106.99	96.35	85.90	75.55	65.37	55.70	46.79	39.09	35.35	35.00	
116.00	102.44	89.30	76.28	64.49	52.92	42.79	36.25	33.35	31.46	31.00	
105.00	93.96	83.33	73.63	64.94	56.69	48.71	42.05	36.28	34.84	34.41	34.00	
119.00	104.17	91.29	78.51	67.28	57.27	49.37	41.57	36.39	31.87	31.00	
111.00	90.08	77.28	65.62	58.14	54.03	49.91	46.29	43.09	40.18	37.76	36.00	
122.00	102.38	88.20	75.39	63.78	53.71	47.68	42.48	37.34	35.23	34.00	
108.00	94.05	81.28	70.71	62.49	55.23	48.42	42.54	36.69	33.11	31.00	
111.00	93.66	81.74	70.04	61.58	55.85	50.83	46.14	42.75	39.57	37.02	36.00	
104.00	91.02	79.94	69.41	59.73	50.69	43.09	37.71	33.70	31.39	31.04	31.00	
110.00	98.11	86.27	74.60	63.51	54.37	48.26	44.39	40.67	37.69	36.00	
106.00	91.07	76.82	66.51	56.79	52.34	47.91	43.53	39.67	35.99	34.17	34.00	
121.00	105.19	90.96	79.09	68.73	58.63	49.67	41.25	35.71	33.17	31.81	31.00	
114.00	102.40	91.20	80.05	69.67	59.64	52.16	44.69	39.76	36.99	34.45	34.00	
123.00	107.56	93.59	81.26	71.65	62.55	55.37	48.80	42.65	37.06	34.00	
103.00	88.36	75.89	64.48	53.55	47.70	43.14	39.28	37.08	35.01	34.00	
118.00	101.07	88.07	75.96	64.38	55.70	47.04	42.26	38.71	35.25	35.00	
107.00	92.36	79.79	68.01	57.55	47.67	41.17	37.57	34.44	32.94	32.03	32.00	
113.00	96.90	83.40	70.07	59.84	54.03	48.29	42.88	38.94	36.21	34.00	
112.00	94.32	77.27	62.88	50.25	41.95	38.51	36.36	34.27	32.37	31.00	
109.00	93.75	84.55	76.12	68.49	61.12	54.35	47.98	42.44	39.40	36.96	35.00	
109.00	96.93	85.92	75.96	67.06	59.40	54.37	49.71	45.35	41.55	37.92	35.00	
112.00	96.83	83.60	73.05	62.86	53.65	47.06	41.01	35.10	33.54	32.00	
106.00	89.11	76.46	66.09	57.35	49.93	43.68	38.09	35.99	34.28	33.00	
109.00	96.79	84.63	72.93	64.04	55.78	47.52	40.95	37.83	35.99	34.83	34.00	
106.00	93.12	80.89	71.03	62.03	53.40	46.33	40.78	38.07	35.40	33.00	
102.00	90.65	79.44	68.67	59.46	50.58	43.01	39.26	36.04	34.37	34.08	34.00	
103.00	87.45	74.59	65.99	58.94	52.00	45.89	41.26	38.15	35.17	35.00	
115.00	99.06	83.91	71.96	61.87	53.53	45.87	41.14	38.11	35.71	34.00	
121.00	101.08	83.06	68.88	55.35	50.72	47.20	43.74	40.28	37.67	36.00	
111.00	96.42	85.95	75.89	65.88	58.67	52.98	47.54	42.80	38.13	34.57	32.00	
106.00	92.29	78.84	68.55	58.45	49.64	43.68	40.02	37.44	35.01	34.36	34.00	
102.00	88.96	78.01	68.97	61.14	53.61	47.59	41.96	37.17	36.57	36.00	
106.00	93.28	81.68	71.18	61.31	53.93	46.67	41.85	37.69	35.54	34.07	33.00	
105.00	88.95	74.55	60.90	51.18	44.32	38.73	34.62	32.59	31.44	31.09	31.00	
115.00	101.37	88.56	75.86	65.16	56.48	49.52	44.26	41.64	39.40	37.65	36.00	
123.00	111.28	100.97	90.80	81.44	72.22	63.22	54.89	47.21	40.23	34.50	33.00	
107.00	97.20	87.60	78.58	69.87	61.44	53.63	46.79	41.21	38.11	37.03	36.00	
110.00	96.64	85.25	74.07	63.01	52.28	43.70	35.38	32.89	31.36	31.00	
122.00	105.61	89.31	75.70	64.40	58.28	52.41	47.63	43.26	38.97	34.82	34.00	
120.00	106.87	94.55	83.83	74.64	66.94	59.23	52.86	46.77	41.31	36.31	35.00	
113.00	102.61	92.51	82.85	73.59	65.07	56.62	48.75	41.82	37.55	35.16	35.00	
102.00	91.58	81.36	71.87	63.19	56.11	49.43	43.20	39.16	35.37	32.00	
117.00	103.19	92.39	81.63	71.21	62.33	54.13	46.49	40.74	36.96	36.16	36.00	
102.00	91.24	81.23	72.86	65.00	58.14	52.28	47.30	43.05	39.68	36.32	35.00	
112.00	99.65	89.25	78.86	69.86	62.25	55.18	48.35	42.45	36.61	31.98	31.00	
117.00	105.84	94.94	84.21	74.89	66.75	59.03	51.59	45.65	39.88	35.32	34.00	
121.00	104.35	90.22	77.73	65.55	54.77	48.89	43.73	39.64	36.03	34.00	
104.00	93.75	83.67	74.36	66.08	58.15	51.76	45.76	41.58	38.62	36.64	36.00	
111.00	98.47	87.99	77.67	68.12	59.00	50.17	44.55	40.71	37.98	36.79	36.00	
123.00	109.18	97.32	87.07	77.13	68.60	61.50	55.14	48.78	42.64	36.79	33.00	
106.00	93.87	82.93	72.30	62.53	53.65	47.76	43.10	39.76	37.03	35.77	35.00	
117.00	103.56	90.98	79.06	68.03	57.81	50.75	44.87	39.58	34.71	32.77	32.00	
123.00	101.87	84.86	71.63	58.69	46.92	43.67	41.09	38.89	37.27	36.07	35.00	
108.00	92.56	77.80	63.43	52.57	47.45	43.55	40.29	37.28	36.05	35.00	
113.00	98.49	87.82	77.25	66.79	58.38	50.15	45.05	40.13	35.69	35.11	35.00	
101.00	90.19	79.62	69.44	60.41	53.53	48.97	44.80	41.45	38.09	35.94	35.00	
123.00	105.29	87.71	72.76	61.57	51.61	43.03	36.22	33.73	32.30	31.41	31.00	
110.00	97.09	85.50	75.41	65.83	56.52	47.70	41.17	36.55	35.65	35.00	
120.00	101.15	84.96	71.79	62.61	54.74	47.53	40.65	36.21	35.37	35.00	
120.00	106.74	94.75	83.02	72.13	61.80	54.58	49.15	43.94	39.90	37.35	35.00	
119.00	105.74	92.73	80.41	68.33	59.02	50.23	43.02	35.86	33.14	31.00	
108.00	92.17	77.05	63.26	52.20	44.53	39.33	34.45	32.76	31.42	31.00	
119.00	104.72	92.61	81.85	71.73	61.86	52.68	43.90	37.76	33.32	33.00	
119.00	106.70	94.53	83.11	73.09	63.24	53.41	46.13	39.62	34.02	33.00	
109.00	96.36	84.60	75.07	65.86	57.33	49.18	43.51	37.93	33.78	32.60	32.00	
117.00	100.07	84.66	71.35	61.88	55.09	48.45	43.02	38.67	35.00	33.00	
113.00	101.65	90.87	80.55	70.48	61.21	52.80	45.32	41.25	37.63	35.07	34.00	
123.00	109.21	96.31	84.11	72.27	60.43	51.32	42.68	35.93	34.93	34.00	
119.00	99.79	82.37	68.50	56.56	48.23	42.44	38.48	35.39	33.52	32.00	
105.00	93.24	83.32	73.47	64.39	56.29	49.47	44.37	39.27	34.20	33.00	
108.00	94.99	82.64	70.46	60.14	50.24	41.53	39.07	36.89	34.95	33.03	32.00	
102.00	91.94	82.55	73.48	64.75	56.50	50.54	46.31	42.61	39.88	37.70	36.00	
116.00	103.39	90.81	79.57	70.08	61.83	54.79	48.16	42.36	36.79	31.29	31.00	
108.00	95.62	83.69	73.09	62.65	52.99	44.47	40.35	37.04	35.27	33.80	33.00	
103.00	90.47	78.49	66.69	57.66	50.23	43.27	37.09	35.00	33.30	31.74	31.00	
116.00	102.03	88.53	76.20	65.20	54.21	48.96	44.42	40.32	37.03	34.00	
113.00	96.63	80.98	69.92	59.14	51.75	45.06	40.88	37.45	35.14	33.52	32.00	
105.00	92.53	82.06	72.06	63.67	56.12	48.65	42.49	38.01	34.65	32.31	32.00	
112.00	98.37	85.34	74.00	63.66	56.24	49.26	42.57	38.37	35.48	33.00	
105.00	93.19	83.51	73.95	64.78	55.84	48.36	41.24	35.91	33.71	31.97	31.00	
108.00	91.76	76.52	66.22	58.28	50.58	45.24	41.02	37.11	33.58	31.00	
101.00	87.33	74.89	67.22	60.06	52.95	46.91	42.85	38.96	36.35	34.88	34.00	
118.00	102.75	88.24	77.57	67.29	57.33	47.45	38.88	33.38	33.18	33.00	
108.00	97.71	87.53	77.40	67.43	60.79	54.36	48.19	43.74	39.58	36.00	
117.00	98.66	81.65	66.51	57.60	50.05	43.72	39.26	37.09	35.46	35.00	
115.00	102.97	91.63	80.70	69.86	59.14	49.38	42.72	38.66	34.82	33.12	33.00	
105.00	95.17	85.99	77.20	69.10	61.62	54.22	47.23	41.75	37.70	34.86	34.00	
105.00	94.35	83.77	73.76	65.16	56.81	49.59	44.23	39.25	34.32	32.00	
109.00	96.64	84.43	72.35	61.24	53.02	45.59	39.99	34.65	33.10	32.00	
121.00	105.27	91.19	78.95	69.87	61.34	54.95	48.89	44.27	39.81	37.60	36.00	
106.00	95.87	86.35	77.47	69.08	60.81	53.63	47.09	42.66	39.90	37.78	36.00	
116.00	97.85	81.94	66.84	57.82	50.44	43.05	36.68	32.40	31.42	31.00	
105.00	93.53	82.85	73.42	64.35	57.62	51.89	46.45	41.38	36.83	33.81	32.00	
106.00	93.82	82.56	71.77	63.74	56.13	50.29	44.73	39.63	35.51	32.30	31.00	
122.00	107.12	92.62	79.82	68.44	58.32	48.55	43.55	40.45	38.19	36.00	
108.00	94.29	80.98	71.31	62.53	54.08	45.87	41.10	36.77	34.73	33.13	33.00	
114.00	99.95	87.74	76.02	66.04	56.76	51.30	46.48	41.72	38.26	35.00	
104.00	90.42	77.95	67.42	59.47	51.90	45.06	41.76	38.48	35.38	35.00	
122.00	107.01	94.20	81.38	70.30	61.87	54.54	48.19	43.93	39.96	36.00	
121.00	109.16	97.34	85.57	74.55	63.79	54.19	45.07	40.06	37.29	35.18	34.00	
103.00	91.66	80.36	69.28	59.77	54.37	49.50	45.44	41.50	38.07	35.87	34.00	
105.00	90.16	77.70	66.03	55.65	48.64	42.75	40.25	38.13	36.42	35.49	35.00	
123.00	108.81	95.03	82.39	70.20	59.95	49.71	41.74	36.41	34.46	34.00	
106.00	95.47	86.20	77.57	69.19	62.76	56.59	50.58	44.64	39.85	35.28	34.00	
113.00	98.48	84.85	74.08	64.33	55.09	48.92	43.44	38.59	36.05	36.00	
106.00	92.10	79.65	69.23	60.03	52.37	44.87	39.01	36.14	33.80	31.56	31.00	
122.00	103.58	86.33	69.31	59.28	51.31	44.92	41.32	38.06	35.83	34.35	34.00	
111.00	98.72	88.30	78.76	69.24	60.11	51.20	43.62	37.62	33.74	32.00	
121.00	106.72	94.99	83.43	72.27	62.09	53.35	47.20	41.76	36.83	36.00	
114.00	98.36	83.14	71.47	60.83	51.73	42.83	37.39	36.65	36.15	36.00	
111.00	96.10	84.69	74.85	65.12	55.57	46.43	40.61	34.86	33.51	33.00	
122.00	106.47	92.59	79.26	67.83	56.63	47.61	40.00	35.58	33.04	31.10	31.00	
120.00	105.05	90.62	77.26	65.74	56.13	48.76	42.77	39.49	36.30	34.17	34.00	
102.00	89.97	78.47	68.22	59.88	53.39	47.63	41.99	37.11	32.78	32.00	
110.00	95.24	80.92	67.54	57.28	50.58	43.97	39.02	35.28	32.89	32.22	32.00	
111.00	95.41	83.63	74.28	65.18	59.45	53.94	49.29	44.73	40.81	37.26	35.00	
119.00	101.18	86.84	72.92	59.14	48.22	42.66	38.43	36.80	35.72	35.00	
114.00	102.00	90.62	79.83	69.30	58.77	51.18	44.51	39.38	35.32	34.00	
109.00	97.81	87.56	77.40	67.43	57.46	48.97	41.45	34.11	33.09	33.00	
109.00	96.68	85.05	73.71	62.88	53.82	45.48	39.00	34.57	31.10	31.00	
122.00	107.73	94.22	82.35	70.83	60.43	51.25	43.75	36.77	35.14	35.00	
113.00	95.83	79.35	70.94	63.63	56.40	49.51	42.73	37.22	33.79	31.36	31.00	
121.00	107.96	95.18	83.51	73.19	63.27	53.37	44.94	41.52	38.36	37.10	36.00	
114.00	97.86	83.20	69.33	57.16	49.91	44.96	40.52	36.10	32.96	32.00	
123.00	102.60	85.15	69.27	60.19	54.93	50.03	45.30	40.91	38.89	37.13	36.00	
121.00	111.26	101.71	92.48	83.52	75.64	68.01	60.63	53.30	46.49	40.52	35.00	
116.00	101.17	88.79	77.46	67.83	59.23	51.37	44.05	37.52	33.53	32.57	32.00	
110.00	99.79	89.63	79.80	70.84	63.01	55.23	47.92	42.10	37.49	33.27	33.00	
116.00	100.39	85.81	71.70	61.25	52.39	45.03	40.43	37.66	35.61	34.56	34.00	
107.00	91.32	79.93	71.37	63.46	56.39	50.73	46.85	43.12	39.57	37.49	36.00	
103.00	92.40	82.29	73.62	65.53	58.67	52.06	47.32	42.78	38.77	34.97	32.00	
104.00	92.62	82.82	74.72	67.64	61.24	55.00	49.14	43.73	38.35	34.23	31.00	
113.00	97.02	82.82	68.76	59.05	51.50	44.21	39.66	37.08	35.42	34.00	
114.00	98.39	83.28	70.99	63.56	56.98	50.45	44.16	38.66	33.61	31.00	
101.00	92.45	83.97	75.49	68.34	61.22	54.48	48.52	43.35	38.29	36.00	
110.00	96.50	83.82	71.48	61.40	51.42	42.86	38.47	36.57	36.01	36.00	
110.00	96.60	85.78	75.71	66.00	56.31	47.29	41.96	38.32	35.13	33.00	
110.00	95.19	83.29	72.17	63.10	54.71	47.80	43.35	39.17	37.16	36.00	
111.00	95.37	79.78	64.63	52.12	46.34	41.38	37.82	35.52	33.94	33.00	
113.00	98.90	85.25	73.85	63.24	54.81	48.82	43.26	39.35	35.44	33.00	
108.00	93.54	82.71	72.18	63.76	57.43	51.28	46.13	41.20	37.05	35.20	35.00	
117.00	97.52	79.61	67.59	55.80	45.06	37.27	33.44	32.70	32.08	32.00	
110.00	97.06	86.43	76.02	66.15	58.10	50.75	45.31	40.87	37.95	36.04	36.00	
107.00	95.32	84.76	75.50	66.95	59.09	52.45	47.39	43.12	40.16	37.79	36.00	
120.00	103.78	87.80	76.98	66.38	56.16	47.49	41.00	37.54	35.13	33.78	33.00	
116.00	103.33	92.11	81.05	70.11	59.49	51.67	44.86	40.85	37.16	34.00	
111.00	99.63	88.56	78.04	67.54	57.32	48.81	42.27	37.55	33.00	32.00	
106.00	96.36	87.02	77.75	69.67	62.93	56.27	49.77	43.55	37.63	36.00	
110.00	93.37	77.30	68.99	61.71	54.81	47.94	41.79	36.21	34.14	32.75	32.00	
116.00	101.89	89.26	77.15	68.10	61.06	54.67	48.42	42.42	36.88	31.96	31.00	
111.00	96.68	83.17	70.78	60.82	51.70	45.25	39.21	35.13	31.99	31.00	
101.00	90.24	80.93	72.28	63.85	55.59	48.03	43.07	38.49	35.07	32.00	
106.00	91.94	78.63	67.39	58.37	52.34	47.40	44.03	41.04	38.29	36.60	36.00	
105.00	95.86	86.96	78.42	70.15	62.53	55.18	48.63	43.28	38.43	34.69	34.00	
115.00	103.23	92.26	81.88	71.97	62.48	55.03	47.94	41.54	36.05	34.00	
103.00	89.64	77.39	65.78	55.00	46.53	39.51	37.29	35.34	34.55	34.00	
103.00	91.92	81.04	72.15	63.33	54.87	47.21	39.87	36.10	33.47	32.31	32.00	
116.00	104.41	93.80	83.36	73.17	64.03	55.58	47.46	40.75	37.76	36.00	
106.00	92.19	81.37	72.93	64.65	56.94	49.23	43.68	39.19	34.78	34.00	
118.00	104.06	91.18	78.35	66.96	55.76	48.26	42.95	39.80	36.72	34.83	33.00	
102.00	93.01	84.03	75.13	66.62	58.13	49.85	42.35	36.25	32.75	31.00	
120.00	105.06	91.33	81.91	72.62	63.51	55.82	48.29	42.68	38.10	33.84	31.00	
123.00	108.97	96.48	86.16	76.33	66.74	58.77	52.47	46.54	40.95	36.00	
107.00	95.75	85.04	74.64	66.32	58.37	50.55	42.81	37.65	35.21	32.92	32.00	
122.00	108.33	94.67	81.04	69.75	59.13	50.35	44.20	39.77	37.40	35.54	35.00	
107.00	96.18	85.71	75.49	65.68	57.12	49.17	41.48	35.92	34.79	34.00	
119.00	107.23	95.55	83.94	72.74	61.96	54.27	46.86	42.24	37.96	34.77	32.00	
114.00	99.22	85.75	73.61	61.71	55.05	48.97	45.36	42.23	39.14	36.89	35.00	
118.00	102.07	86.52	72.27	63.32	54.70	46.23	40.44	36.54	33.68	32.00	
108.00	94.22	83.31	73.87	65.11	57.59	50.46	43.44	37.52	33.29	33.00	
119.00	96.38	73.80	59.66	48.45	42.26	38.88	36.18	33.94	32.47	32.00	
115.00	103.17	91.46	79.91	68.48	57.38	49.32	43.50	37.96	33.48	32.00	
118.00	100.06	85.55	74.19	66.55	59.41	52.67	46.65	40.85	35.36	33.98	33.00	
118.00	103.60	90.33	77.72	68.72	60.22	52.32	44.76	39.86	37.11	36.00	
101.00	86.60	73.03	64.71	57.52	50.40	43.30	38.10	34.26	33.11	33.00	
104.00	87.93	74.65	65.80	57.52	49.83	42.32	37.48	33.76	31.91	31.00	
106.00	91.56	78.05	67.40	57.72	50.80	46.05	42.38	38.89	37.00	35.28	35.00	
101.00	89.67	78.70	69.33	60.37	52.16	44.69	38.07	33.76	31.98	31.04	31.00	
117.00	102.58	88.90	76.11	65.24	56.52	48.90	43.43	38.84	35.74	32.80	32.00	
123.00	110.31	98.35	88.17	79.67	71.49	63.31	55.25	47.56	40.48	34.00	
106.00	91.64	77.86	66.59	55.72	49.88	44.97	40.85	37.10	34.71	32.40	31.00	
115.00	101.68	88.52	75.94	64.68	55.79	47.46	42.53	38.72	36.20	34.00	
112.00	98.80	87.47	79.19	70.98	63.07	55.22	47.53	42.48	37.64	33.53	31.00	
109.00	92.37	75.83	65.92	57.37	49.30	44.10	39.15	37.12	36.05	35.50	35.00	
116.00	100.53	89.03	77.61	66.35	56.12	47.55	39.17	36.37	34.78	34.00	
107.00	93.18	81.81	71.56	62.16	55.88	49.75	44.72	39.83	35.14	34.00	
114.00	97.16	85.12	74.35	65.21	56.25	47.81	41.87	38.65	35.81	33.40	33.00	
123.00	108.87	94.91	82.34	69.85	57.76	48.49	39.74	35.10	32.33	31.00	
116.00	99.08	84.34	73.50	64.46	55.50	47.45	39.42	33.75	32.40	31.24	31.00	
103.00	88.67	76.11	65.00	55.19	48.66	42.35	37.47	35.16	34.25	34.00	
119.00	104.59	90.65	78.61	67.43	60.14	53.12	46.29	41.70	38.29	35.00	
106.00	90.28	77.06	65.93	55.03	45.72	41.77	38.97	37.13	35.38	34.01	33.00	
106.00	94.38	83.30	72.65	63.09	53.91	46.94	42.16	38.42	36.88	35.76	35.00	
122.00	100.62	82.46	67.51	55.05	46.57	41.69	37.12	33.55	32.66	32.00	
113.00	101.20	89.91	79.11	68.66	59.61	51.31	44.15	40.19	36.91	35.83	35.00	
108.00	96.57	86.39	76.98	67.98	59.31	52.02	45.27	39.64	37.46	36.00	
105.00	93.57	84.22	75.36	67.09	59.28	52.96	46.91	41.08	38.53	36.06	36.00	
111.00	98.86	88.57	79.22	69.94	61.01	52.68	45.37	38.53	36.67	36.11	36.00	
108.00	95.79	83.79	71.83	64.51	57.86	51.33	44.89	39.39	35.15	32.25	31.00	
106.00	94.52	83.47	72.77	62.52	54.17	45.83	40.52	36.91	34.14	34.00	
123.00	107.81	94.84	82.40	71.11	59.90	49.17	42.56	36.49	32.99	31.52	31.00	
107.00	94.14	81.35	71.27	61.70	52.73	45.12	39.41	33.73	31.16	31.00	
110.00	95.78	81.61	69.45	57.72	52.07	46.83	42.05	37.40	34.70	32.75	31.00	
121.00	107.33	96.55	86.61	76.87	67.65	58.81	52.35	46.32	41.59	37.16	36.00	
101.00	90.48	79.99	69.59	59.34	49.98	45.23	40.98	37.44	36.09	36.00	
105.00	92.79	81.22	71.76	64.79	58.19	52.84	47.74	42.68	39.05	35.70	34.00	
117.00	103.25	91.02	79.46	68.80	59.82	52.89	46.56	42.04	38.35	36.00	
120.00	104.70	92.01	80.01	69.23	58.56	50.30	43.54	38.80	36.24	34.00	
116.00	99.37	83.05	67.08	54.14	47.39	42.72	38.38	34.15	31.30	31.00	
117.00	105.13	93.54	83.44	73.95	64.93	55.99	47.60	39.87	34.86	32.26	32.00	
121.00	106.65	94.10	81.94	70.27	61.93	55.82	49.81	44.05	38.63	36.02	34.00	
121.00	105.52	91.29	80.74	70.47	61.28	52.21	43.69	39.18	37.07	36.00	
102.00	87.20	74.44	63.12	53.83	47.24	42.19	38.39	35.43	33.86	32.36	32.00	
123.00	104.81	88.63	76.25	65.07	54.44	47.60	41.01	38.54	36.59	36.00	
108.00	95.00	82.08	70.61	60.83	51.68	44.27	38.74	35.59	34.05	34.00	
110.00	98.15	88.03	78.78	70.47	62.41	55.26	48.84	44.05	39.52	35.09	34.00	
111.00	97.43	84.57	72.79	61.83	54.70	47.99	42.68	39.59	36.58	34.00	
109.00	92.99	78.61	66.48	55.41	45.89	40.32	38.44	37.16	36.20	36.00	
117.00	102.74	90.20	77.99	66.50	55.97	46.70	40.86	38.34	36.41	36.00	
110.00	91.76	77.64	63.63	55.63	48.93	43.30	37.76	33.77	32.06	31.00	
110.00	95.97	83.26	71.88	60.87	51.06	46.00	41.70	37.81	33.96	32.00	
112.00	96.83	83.75	73.86	64.30	55.38	47.67	41.90	37.16	35.26	34.00	
108.00	97.18	86.69	76.27	66.53	57.37	48.69	42.87	40.19	37.68	36.15	35.00	
118.00	94.95	77.87	64.09	51.16	47.04	43.40	39.89	37.53	35.49	34.00	
106.00	95.13	84.66	74.42	64.65	57.85	51.83	47.21	43.06	39.09	36.00	
101.00	92.32	83.72	75.53	67.52	60.52	53.79	47.14	41.36	35.60	32.11	31.00	
108.00	94.19	84.49	75.00	66.56	59.41	53.17	47.52	43.04	38.61	36.27	36.00	
101.00	85.44	73.61	64.07	55.39	48.49	42.54	39.66	37.87	37.19	36.55	36.00	
106.00	93.47	81.59	70.01	62.20	55.03	48.20	42.96	38.30	34.33	33.06	33.00	
121.00	107.33	93.99	81.87	71.91	62.76	54.52	47.56	43.36	40.45	37.69	35.00	
108.00	94.56	81.99	72.42	64.36	56.80	49.45	43.60	38.26	34.80	32.60	31.00	
123.00	107.50	92.36	78.02	65.69	57.21	50.75	45.16	39.68	35.36	33.53	33.00	
109.00	92.29	77.72	64.64	55.16	49.03	43.54	39.06	35.68	34.46	34.17	34.00	
115.00	104.31	93.86	84.22	75.15	66.24	57.83	49.68	41.71	36.30	35.06	35.00	
110.00	98.40	86.86	75.35	64.56	57.21	51.77	47.06	42.77	38.73	35.49	34.00	
122.00	97.93	81.93	69.85	58.10	48.53	42.61	37.73	34.27	31.52	31.00	
120.00	98.69	83.96	70.66	60.41	53.75	47.59	41.80	36.01	34.89	34.00	
101.00	85.79	71.89	60.00	51.69	45.51	40.43	37.54	35.33	34.19	33.41	33.00	
108.00	96.79	85.77	75.59	65.80	57.44	50.18	43.17	37.97	34.01	31.00	
106.00	96.16	86.52	77.13	68.37	61.03	54.38	48.50	42.69	37.30	35.09	34.00	
104.00	89.71	78.10	67.97	58.85	50.60	45.42	42.28	39.14	36.07	33.15	32.00	
110.00	93.27	80.16	67.13	58.88	51.88	45.58	39.77	36.98	35.44	33.96	33.00	
120.00	107.91	96.28	85.19	74.93	65.31	55.80	47.02	39.14	34.82	33.45	33.00	
113.00	98.55	85.87	74.17	62.56	53.08	45.62	41.68	38.87	36.94	36.00	
108.00	95.56	83.95	74.51	65.97	59.97	54.28	48.85	43.67	40.68	38.07	36.00	
123.00	108.34	94.09	81.25	68.73	58.13	48.80	41.81	35.53	33.60	32.00	
104.00	91.00	79.39	68.16	59.18	50.59	44.25	38.36	35.44	33.54	33.00	
104.00	87.19	75.39	64.13	53.68	46.13	40.97	35.83	32.76	31.82	31.16	31.00	
115.00	95.77	80.70	66.16	56.37	48.36	40.96	37.46	35.19	33.61	33.00	
114.00	100.01	86.49	74.79	64.12	53.66	46.01	40.70	36.01	33.74	32.25	31.00	
123.00	105.22	88.00	74.54	62.25	54.98	48.45	43.30	38.35	34.74	32.19	32.00	
122.00	105.04	90.18	76.91	64.08	51.34	45.98	40.96	36.85	36.15	36.00	
119.00	106.60	94.36	82.29	70.51	59.73	50.03	41.54	35.10	32.36	31.26	31.00	
111.00	99.97	89.24	78.87	69.45	60.17	50.91	42.39	38.01	34.64	32.33	32.00	
101.00	89.32	78.09	67.75	59.31	52.85	46.77	40.75	36.25	32.90	32.00	
104.00	92.28	81.33	70.75	60.67	51.83	43.43	37.47	33.00	31.58	31.00	
103.00	93.02	83.23	73.79	64.61	55.46	47.98	41.77	35.82	32.06	32.00	
111.00	100.53	90.64	81.34	72.68	64.33	56.67	49.76	45.11	40.75	36.79	33.00	
105.00	95.60	86.81	78.22	69.64	61.37	53.56	47.73	42.71	37.82	36.06	35.00	
123.00	106.70	91.69	78.56	66.86	56.85	46.99	39.64	35.38	33.41	32.00	
106.00	93.65	81.52	70.08	58.83	50.98	43.94	38.04	34.58	32.30	31.00	
108.00	92.12	78.63	67.53	59.56	53.17	47.12	41.39	36.58	34.71	33.30	32.00	
122.00	107.94	97.27	86.69	76.10	66.84	58.15	50.47	43.13	36.96	35.00	
106.00	94.51	83.22	72.17	63.81	56.90	50.09	44.36	38.97	34.76	32.00	
117.00	99.61	87.16	76.05	66.74	58.92	51.25	44.55	38.89	35.12	33.11	33.00	
114.00	99.63	85.70	75.58	67.44	60.11	52.79	46.50	41.30	38.43	36.00	
102.00	90.99	80.21	70.58	61.97	53.69	46.36	40.27	36.60	33.22	32.00	
112.00	99.42	87.29	75.67	67.61	60.50	53.46	46.64	40.94	36.08	34.00	
110.00	94.65	81.46	69.56	62.26	55.92	49.60	43.91	40.11	37.77	35.65	34.00	
107.00	96.17	87.40	78.79	70.27	62.01	54.03	46.57	41.59	36.66	35.76	35.00	
120.00	105.48	91.11	78.36	67.76	59.23	51.14	44.52	40.56	37.20	35.53	34.00	
102.00	88.17	75.70	63.46	51.74	43.49	37.78	35.03	32.77	31.44	31.16	31.00	
113.00	98.13	85.52	74.85	65.79	56.74	50.05	43.90	39.05	35.85	35.04	35.00	
112.00	94.52	79.01	68.56	59.69	52.22	45.13	40.69	37.95	35.88	35.00	
121.00	105.51	91.87	78.42	65.29	53.16	45.36	39.51	36.28	34.17	33.00	
115.00	104.50	95.12	86.61	78.66	70.91	63.53	56.67	49.82	43.24	37.56	32.00	
105.00	91.83	79.78	68.39	57.47	51.31	45.29	39.80	36.65	34.74	33.26	33.00	
104.00	91.71	79.71	70.39	62.51	55.43	48.89	42.81	39.00	35.89	35.00	
110.00	98.43	87.97	77.73	68.87	60.23	52.16	46.69	43.26	39.88	36.55	36.00	
103.00	88.52	74.85	66.27	57.91	49.71	42.24	37.04	34.32	32.47	31.00	
112.00	99.33	88.68	78.08	69.04	60.27	52.33	45.08	39.19	36.63	35.00	
111.00	96.60	83.59	72.58	61.91	53.62	46.34	41.46	37.44	35.21	33.42	32.00	
121.00	107.46	95.62	84.45	73.76	63.99	54.26	47.94	41.68	35.73	34.00	
121.00	103.34	89.17	77.13	68.40	61.19	54.38	48.34	42.51	36.85	33.33	31.00	
111.00	97.65	87.23	76.98	68.14	60.10	53.95	49.35	44.82	40.77	37.93	36.00	
104.00	90.91	80.45	70.97	62.29	54.52	48.79	45.11	41.97	39.40	37.57	36.00	
107.00	94.65	83.79	74.01	65.50	57.18	48.86	43.12	39.84	37.32	35.00	
110.00	97.20	84.73	74.17	65.97	58.43	51.53	44.88	39.49	36.18	34.00	
110.00	96.30	84.62	73.86	65.32	58.73	52.27	46.70	41.17	37.62	36.00	
117.00	99.86	85.81	73.61	64.36	56.89	49.70	43.71	39.75	36.59	36.00	
106.00	94.04	84.00	74.08	65.69	58.29	51.77	45.90	40.16	35.84	33.00	
118.00	105.78	94.73	84.28	74.65	66.10	58.33	50.99	44.29	37.93	33.98	32.00	
105.00	95.44	86.17	77.03	67.91	59.15	51.28	44.14	38.86	35.71	33.00	
107.00	96.85	86.83	76.93	68.03	60.56	53.55	48.38	43.39	38.71	35.83	33.00	
109.00	94.68	82.05	69.92	61.53	53.78	46.62	41.03	35.66	33.89	32.39	32.00	
119.00	104.60	91.33	79.48	67.90	60.13	52.80	45.68	38.70	36.23	36.00	
107.00	89.78	75.26	61.30	48.87	42.65	37.79	35.48	33.97	32.63	31.63	31.00	
122.00	108.42	95.74	83.35	73.31	63.66	54.39	47.77	41.83	36.80	33.00	
117.00	102.27	88.31	74.68	63.46	55.47	48.21	42.73	38.46	35.56	32.66	32.00	
111.00	96.35	84.50	74.74	65.03	55.96	47.49	40.39	36.50	33.64	32.71	32.00	
114.00	98.74	87.58	76.80	69.66	63.23	56.94	51.37	46.24	41.35	38.15	35.00	
116.00	103.50	91.55	79.92	68.61	58.85	50.80	44.82	39.07	34.99	32.70	31.00	
119.00	105.76	93.08	81.55	70.15	58.87	50.55	43.00	39.25	36.69	35.00	
107.00	96.01	85.30	75.00	64.91	56.66	50.57	45.50	41.13	38.90	36.74	35.00	
109.00	97.16	86.04	76.07	66.62	57.39	50.12	43.56	38.83	34.87	34.00	
104.00	93.90	84.70	77.35	70.12	62.96	56.10	49.42	43.50	38.58	36.40	35.00	
116.00	103.03	90.60	81.52	73.01	64.67	56.61	49.48	43.81	38.22	33.20	33.00	
106.00	94.50	83.45	73.52	64.40	57.92	52.19	47.38	42.71	38.52	35.15	34.00	
108.00	88.84	73.57	59.88	48.61	41.72	37.88	34.50	33.04	32.40	32.00	
109.00	94.27	82.32	71.97	62.84	54.09	46.18	40.02	35.95	33.03	31.00	
102.00	90.50	79.51	69.21	59.22	50.07	45.38	40.86	37.64	35.72	34.34	33.00	
107.00	94.49	82.44	72.67	64.11	55.55	49.36	44.55	40.90	37.43	35.00	
120.00	105.01	90.33	76.69	63.53	55.40	47.70	43.80	39.94	36.70	34.00	
116.00	99.49	84.83	73.77	63.03	54.84	46.92	41.13	37.11	33.11	31.00	
109.00	96.18	84.08	72.54	62.36	53.84	46.92	41.33	37.22	33.86	33.00	
110.00	94.19	79.93	68.78	58.44	48.19	43.29	39.11	35.53	35.19	35.00	
101.00	85.61	72.10	58.86	49.08	42.79	39.23	37.02	35.60	34.73	34.00	
113.00	100.97	90.07	79.26	69.00	59.64	50.60	41.85	37.31	33.29	31.83	31.00	
117.00	100.70	86.43	73.85	63.21	52.57	43.26	39.75	36.43	34.79	34.00	
123.00	107.45	95.35	83.70	72.53	61.38	52.23	44.27	39.64	35.22	33.10	31.00	
119.00	105.22	91.50	79.80	69.04	60.28	54.35	48.87	43.46	38.24	34.54	34.00	
118.00	105.48	93.53	82.17	71.13	61.93	52.99	46.77	40.60	35.13	35.00	
110.00	94.64	80.07	65.56	56.34	48.83	42.49	37.91	34.98	33.32	32.00	
107.00	96.36	86.06	76.32	66.62	58.19	51.64	45.29	40.04	35.31	32.51	32.00	
112.00	101.43	91.12	81.30	72.70	64.99	58.05	52.61	47.27	42.44	39.03	36.00	
108.00	96.93	86.23	76.02	65.95	58.71	51.90	46.05	41.37	36.84	36.00	
102.00	91.71	81.49	72.50	63.65	55.99	50.78	45.69	41.35	37.18	35.67	35.00	
115.00	101.50	88.33	76.06	64.37	55.07	48.36	42.57	38.69	36.72	35.00	
112.00	95.96	81.17	66.65	53.60	43.61	38.93	36.28	34.19	32.40	31.26	31.00	
113.00	94.50	78.80	69.10	59.95	52.47	47.52	42.84	39.76	36.89	34.57	33.00	
105.00	93.67	83.99	74.34	65.28	56.56	49.77	45.47	41.24	37.73	36.25	35.00	
111.00	97.19	85.03	74.24	63.61	53.20	43.47	39.18	35.55	33.40	32.27	32.00	
112.00	90.84	70.37	58.72	50.71	43.48	39.38	36.23	34.22	32.40	31.00	
115.00	100.96	87.04	73.33	63.06	53.66	45.22	38.72	35.08	33.48	32.00	
111.00	96.65	83.03	70.93	63.21	56.10	50.16	46.41	43.54	40.76	38.07	36.00	
111.00	99.56	88.79	79.52	71.32	64.85	58.49	52.38	47.00	42.46	38.87	36.00	
110.00	97.22	86.41	75.61	67.79	60.19	53.67	48.32	43.82	40.21	36.68	35.00	
112.00	91.67	72.74	60.10	51.28	44.84	40.99	38.24	35.69	33.47	31.96	31.00	
118.00	103.15	88.58	75.51	64.45	56.30	50.60	44.89	40.77	38.15	35.75	34.00	
111.00	99.41	88.07	77.01	66.16	55.77	46.11	40.92	36.38	33.95	33.22	33.00	
121.00	103.00	91.40	81.19	71.70	64.35	57.12	50.78	45.55	40.38	36.77	35.00	
111.00	96.16	82.02	69.97	58.43	49.76	43.44	40.91	38.41	36.70	35.83	35.00	
116.00	106.53	97.38	88.35	79.35	70.49	61.91	53.64	46.24	40.85	36.16	36.00	
120.00	103.68	88.56	75.63	62.76	50.03	43.16	38.71	34.89	31.61	31.00	
110.00	97.35	87.08	77.18	67.34	59.08	51.68	45.83	41.77	38.37	35.16	33.00	
112.00	96.94	85.13	73.88	63.78	53.77	47.31	41.51	37.74	34.59	31.96	31.00	
113.00	99.29	86.03	73.51	63.65	55.54	50.08	44.67	39.46	36.52	34.19	34.00	
107.00	94.16	82.29	70.80	60.34	50.41	40.82	38.44	36.36	34.52	33.00	
113.00	98.27	83.99	70.33	57.76	46.07	42.80	40.25	38.40	37.01	35.67	35.00	
115.00	99.64	85.85	72.23	59.83	53.59	48.16	44.20	40.44	38.46	36.53	36.00	
103.00	90.54	78.52	68.13	57.85	48.48	41.27	37.51	35.37	33.62	32.00	
119.00	102.44	86.95	72.01	59.50	49.63	43.75	38.65	35.54	33.48	32.00	
115.00	101.49	89.00	77.74	67.39	57.34	50.22	44.54	38.88	33.55	31.76	31.00	
109.00	94.28	80.39	66.76	54.80	46.30	39.89	37.20	34.83	33.63	33.00	
113.00	98.74	86.15	73.83	62.19	52.72	43.72	37.99	34.38	31.78	31.11	31.00	
103.00	91.33	80.92	70.76	61.76	54.58	47.48	41.65	38.13	34.87	33.21	32.00	
118.00	103.20	91.49	80.58	70.13	61.32	52.54	45.70	41.66	39.16	36.94	36.00	
110.00	90.43	78.55	68.07	59.60	53.67	48.69	44.29	40.87	38.21	36.00	
116.00	99.29	82.84	71.50	61.04	51.96	44.62	38.03	36.59	36.15	36.00	
109.00	92.26	80.65	71.47	63.11	56.40	50.31	44.87	39.43	36.44	34.25	34.00	
121.00	105.55	93.21	81.68	71.14	61.02	51.58	42.77	35.64	32.28	31.00	
118.00	106.58	95.33	84.26	73.18	63.64	56.19	49.13	42.74	37.05	35.62	35.00	
117.00	103.89	90.97	79.20	67.98	57.47	47.01	36.98	34.67	33.61	32.56	32.00	
113.00	100.87	89.10	78.16	68.70	61.73	55.02	49.50	44.83	40.40	37.84	36.00	
117.00	100.28	87.08	75.02	65.44	56.48	48.72	41.07	36.89	32.99	32.00	
120.00	105.87	93.60	81.55	72.95	64.35	55.83	49.39	43.34	37.97	36.00	
123.00	104.11	88.56	75.20	63.13	52.19	44.88	41.05	37.49	34.63	32.00	
113.00	100.69	88.65	78.63	69.67	60.89	53.38	46.78	41.82	37.97	35.00	
101.00	88.54	80.48	72.92	65.59	59.72	54.35	49.07	44.07	39.17	36.19	35.00	
104.00	94.73	85.48	76.99	68.58	61.03	54.51	48.50	42.50	37.61	33.53	32.00	
114.00	100.13	87.70	75.98	66.58	57.60	51.58	45.87	40.94	36.45	32.00	
102.00	86.13	71.57	62.45	55.39	48.62	43.22	39.16	36.15	34.13	34.00	
112.00	101.10	90.74	81.57	73.72	66.02	58.50	51.91	46.19	40.98	36.35	36.00	
108.00	99.59	91.30	83.15	75.45	68.20	61.40	55.29	49.61	44.20	39.30	35.00	
118.00	105.03	92.11	79.37	66.67	56.19	46.84	38.13	35.93	34.21	34.00	
119.00	103.81	88.98	76.41	63.94	55.99	49.75	43.62	37.95	34.51	31.08	31.00	
104.00	93.68	84.10	75.04	66.15	57.59	51.50	45.74	41.22	36.84	34.39	32.00	
106.00	94.58	83.54	73.71	64.23	56.63	49.31	43.89	39.40	37.06	35.67	35.00	
109.00	97.23	86.64	76.12	67.31	58.69	50.60	44.18	38.54	35.10	32.75	32.00	
121.00	104.08	91.24	78.53	67.50	56.96	48.89	42.36	37.13	33.07	31.00	
113.00	98.36	85.84	74.65	64.06	54.93	45.93	38.18	34.62	32.15	31.00	
119.00	101.46	84.97	69.09	56.01	45.41	35.44	32.13	31.24	31.04	31.00	
108.00	92.65	79.38	68.72	58.59	50.99	45.51	41.45	37.54	35.42	35.00	
117.00	104.28	91.95	81.00	70.31	60.30	50.48	40.68	36.41	33.52	31.42	31.00	
108.00	94.91	82.75	71.10	61.31	53.27	46.01	42.01	38.55	35.41	33.00	
107.00	92.01	79.86	70.69	61.91	53.69	46.77	42.24	38.65	36.16	35.00	
119.00	106.57	94.31	83.13	72.24	62.31	52.45	43.27	37.48	33.95	31.00	
118.00	100.15	82.92	71.70	64.07	56.60	50.56	44.68	39.90	35.95	33.93	32.00	
120.00	103.03	88.48	74.14	65.71	58.06	51.04	44.31	39.45	35.45	35.00	
116.00	104.15	92.63	82.60	72.90	63.79	56.59	49.80	44.04	38.71	33.91	32.00	
101.00	85.44	70.98	62.31	55.10	49.54	44.69	41.43	39.68	38.13	36.87	36.00	
109.00	98.41	89.10	80.45	71.91	64.16	56.81	50.77	44.89	39.57	34.79	34.00	
119.00	101.91	90.46	79.15	68.58	58.06	49.12	41.89	37.18	33.05	31.00	
108.00	94.58	83.30	72.23	61.17	53.18	48.12	43.53	39.20	36.05	33.08	33.00	
114.00	97.83	86.72	75.62	66.20	57.13	48.33	42.23	36.27	32.49	32.00	
103.00	89.01	75.13	65.08	56.38	49.63	43.64	39.46	35.77	32.40	31.00	
121.00	108.38	95.87	85.02	75.44	66.02	57.94	49.85	42.75	37.77	33.20	32.00	
123.00	109.60	97.13	85.38	73.66	64.21	55.93	48.18	41.77	38.24	35.93	34.00	
116.00	102.55	92.10	81.71	71.39	62.34	55.56	49.24	44.24	39.44	34.70	33.00	
107.00	93.85	84.72	75.90	68.42	61.18	54.04	46.90	42.54	38.20	34.69	34.00	
101.00	89.97	79.34	69.32	59.41	50.32	41.22	32.99	32.61	32.32	32.08	32.00	
104.00	90.87	79.96	69.54	59.47	51.57	44.22	38.64	33.71	31.09	31.00	
108.00	97.27	87.02	77.22	68.46	60.70	53.32	46.52	40.68	35.02	35.00	
114.00	101.55	90.26	80.55	70.97	61.89	53.47	45.44	41.46	37.62	36.00	
115.00	100.51	86.28	73.30	61.66	52.02	44.46	37.96	33.58	31.29	31.00	
104.00	90.90	78.33	66.40	55.67	48.42	41.55	35.93	32.10	31.08	31.00	
114.00	103.21	92.88	82.66	73.17	65.34	58.37	52.29	46.29	40.58	35.10	32.00	
113.00	98.48	86.51	75.11	63.74	52.74	41.84	38.13	35.04	32.35	31.00	
123.00	107.78	93.27	79.49	68.48	57.57	50.64	46.08	42.45	39.00	36.00	
104.00	90.60	78.44	67.42	59.67	52.10	46.08	40.48	37.13	33.78	31.00	
103.00	92.30	81.67	71.66	62.46	56.36	50.52	44.76	39.56	34.78	33.56	33.00	
112.00	95.08	78.42	62.22	53.31	45.82	39.75	35.03	33.77	33.06	33.00	
103.00	93.96	84.98	76.29	69.33	62.58	56.54	50.50	44.84	39.82	35.14	31.00	
118.00	107.55	98.57	89.65	81.06	72.53	64.69	56.94	49.28	43.65	38.56	36.00	
108.00	93.74	79.91	67.94	56.89	47.71	40.62	35.31	32.82	32.03	32.00	
123.00	107.53	93.77	80.25	67.06	57.44	49.55	43.13	39.02	35.86	33.00	
119.00	103.04	90.85	79.75	69.03	59.06	51.55	44.76	38.51	32.89	31.00	
107.00	96.16	85.44	75.84	66.95	58.33	50.98	45.73	40.52	35.56	32.00	
115.00	99.16	86.56	75.11	66.09	57.94	50.29	43.09	36.99	33.59	32.00	
103.00	90.69	80.54	70.66	60.97	52.78	46.21	42.07	38.17	36.13	35.00	
101.00	90.53	80.92	72.24	64.32	56.97	50.45	44.19	40.00	37.43	35.00	
112.00	94.51	77.53	65.61	59.17	53.00	46.92	42.21	37.90	36.86	36.00	
105.00	92.49	80.90	71.78	64.17	57.10	50.50	44.61	39.77	35.21	32.32	31.00	
120.00	101.41	86.37	74.61	65.48	57.21	49.49	43.92	38.64	33.44	33.00	
115.00	99.45	87.40	76.77	66.79	58.31	50.41	42.58	37.91	33.55	32.00	
113.00	102.38	92.34	82.41	73.71	65.15	57.38	50.55	44.62	39.54	35.21	31.00	
102.00	86.45	75.04	65.08	56.99	50.33	44.69	40.10	35.61	33.02	31.00	
103.00	89.19	76.86	64.71	54.32	48.61	45.09	42.03	39.28	36.75	36.00	
119.00	104.42	90.88	78.41	67.03	56.22	46.79	39.50	37.06	34.98	34.00	
107.00	97.14	87.53	78.24	69.13	60.24	51.41	42.66	36.67	34.58	33.00	
117.00	100.37	85.87	71.55	59.80	50.37	41.33	38.05	35.33	33.84	33.00	
123.00	107.11	93.27	79.62	66.90	54.58	47.36	40.85	36.14	33.84	33.00	
118.00	98.83	80.89	68.86	60.56	53.94	47.79	41.87	39.03	36.26	36.00	
108.00	91.79	80.21	68.92	59.28	50.18	43.28	40.36	38.15	36.79	36.00	
104.00	89.00	74.54	62.30	55.32	49.92	44.68	40.76	37.56	35.43	35.00	
118.00	102.77	89.03	76.36	64.35	55.27	47.56	41.60	39.10	37.22	36.00	
110.00	96.89	85.37	75.54	65.71	56.84	49.07	42.05	35.44	34.51	34.00	
113.00	99.85	86.96	74.18	65.13	56.46	49.69	43.81	39.06	35.95	34.00	
123.00	105.88	94.29	83.36	73.63	64.94	56.81	49.33	42.59	39.35	36.61	34.00	
106.00	90.73	78.20	66.76	55.78	47.31	42.59	38.24	34.42	33.05	33.00	
117.00	102.83	89.41	76.15	63.98	54.40	45.90	39.07	34.52	32.64	32.00	
105.00	89.55	74.61	61.32	54.23	47.79	43.55	39.33	35.88	32.71	31.00	
103.00	91.93	80.95	70.42	62.04	54.72	48.93	44.41	40.29	37.66	35.63	34.00	
102.00	88.08	76.88	68.08	59.57	51.32	44.80	38.93	34.56	32.74	32.00	
122.00	105.21	89.29	78.35	68.19	58.19	48.75	43.08	38.67	36.30	35.05	34.00	
121.00	103.06	87.55	73.75	65.43	57.73	50.71	45.90	42.03	38.41	36.00	
103.00	92.55	82.70	73.42	64.57	56.34	48.26	40.35	37.93	36.96	36.00	
109.00	97.29	86.02	76.46	67.00	59.60	52.91	46.28	40.88	36.73	33.40	31.00	
119.00	103.93	92.86	82.00	71.19	62.44	54.29	48.00	42.21	38.70	36.14	36.00	
115.00	103.44	92.56	83.37	74.54	65.81	57.96	50.57	46.65	42.94	39.30	36.00	
115.00	103.46	92.04	81.49	71.53	62.37	53.25	44.45	41.37	38.59	36.54	35.00	
123.00	104.97	91.81	79.87	71.40	64.22	57.85	51.86	46.62	41.73	37.86	34.00	
116.00	104.59	93.67	82.92	72.74	64.60	56.73	49.57	43.96	38.39	35.08	34.00	
116.00	103.13	90.39	78.35	67.14	57.76	49.58	42.67	38.41	36.15	36.00	
118.00	99.84	82.08	68.97	57.15	49.47	44.42	39.52	35.86	34.71	34.24	34.00	
111.00	93.05	75.42	61.75	56.17	50.93	46.39	42.04	38.97	36.35	36.00	
103.00	92.83	82.91	73.89	65.35	56.86	48.64	43.90	39.87	36.03	33.03	31.00	
113.00	100.36	87.81	78.13	68.62	60.00	52.90	48.35	44.29	40.62	37.75	36.00	
101.00	88.95	79.39	71.30	63.51	56.89	50.87	46.37	41.94	37.91	35.59	35.00	
104.00	86.55	73.59	65.24	58.83	52.59	46.43	41.25	37.50	35.34	34.00	
121.00	104.67	91.82	79.11	66.77	57.11	49.11	41.24	35.50	32.86	32.00	
120.00	105.61	91.82	78.79	65.94	53.97	48.33	43.76	39.90	37.92	36.00	
114.00	101.08	88.58	76.84	65.18	54.62	44.09	36.73	33.03	32.12	32.00	
116.00	102.29	89.41	78.04	67.57	60.44	53.84	47.91	42.61	37.44	35.00	
112.00	94.64	78.88	67.63	57.64	50.08	43.70	37.73	34.96	33.04	33.00	
104.00	91.27	78.93	68.90	59.09	50.55	44.11	39.74	36.91	34.38	34.15	34.00	
102.00	86.11	74.88	64.18	53.79	43.57	37.57	33.18	31.40	31.02	31.00	
108.00	95.54	83.72	72.15	62.84	55.13	48.41	43.31	39.24	35.21	34.00	
116.00	101.75	87.98	74.49	64.51	55.09	46.58	41.43	37.22	34.70	34.00	
111.00	99.47	88.83	79.19	69.94	61.76	54.05	48.70	44.49	40.31	37.44	36.00	
109.00	97.51	86.72	76.49	66.71	57.24	48.46	41.48	36.86	33.37	31.00	
111.00	99.17	88.24	77.37	66.56	57.02	47.53	43.58	40.26	38.01	36.00	
111.00	91.55	74.15	64.20	54.88	47.09	41.31	37.31	34.12	31.75	31.00	
116.00	99.35	87.73	78.12	68.87	59.99	51.41	46.06	41.00	36.40	32.51	31.00	
118.00	100.57	84.46	70.42	58.27	51.17	44.14	40.13	37.00	34.63	34.00	
108.00	92.47	77.85	67.60	57.87	48.57	39.60	36.46	33.71	33.13	33.00	
108.00	98.01	89.36	80.79	72.24	63.75	56.19	48.74	43.13	39.43	36.04	35.00	
102.00	87.00	78.54	70.43	63.22	56.29	49.93	44.33	40.22	36.20	34.12	34.00	
111.00	97.23	84.54	72.09	62.40	53.72	46.81	40.07	34.80	33.31	32.10	31.00	
122.00	101.64	81.43	64.29	55.81	47.62	40.68	35.05	34.07	33.09	32.24	32.00	
106.00	93.87	82.40	71.42	63.07	56.37	49.79	45.39	41.18	37.60	35.20	34.00	
117.00	103.67	90.95	78.74	68.45	59.73	53.88	48.23	43.88	40.59	37.93	36.00	
122.00	102.95	87.87	74.26	63.32	54.78	49.30	43.94	40.18	36.56	33.62	33.00	
116.00	103.04	90.81	78.65	68.12	57.83	47.94	42.38	36.95	34.30	33.00	
108.00	96.83	85.92	75.55	65.30	56.39	49.45	42.88	38.02	34.02	34.00	
104.00	93.74	84.36	75.05	66.05	57.75	49.79	43.91	38.49	34.59	31.46	31.00	
107.00	93.87	82.11	71.61	62.79	54.78	47.85	42.71	40.29	38.01	36.00	
113.00	100.33	87.70	75.22	64.90	58.43	52.10	47.41	42.74	38.76	35.00	
120.00	103.47	89.41	77.83	67.70	57.79	49.16	42.66	39.37	36.50	36.08	36.00	
121.00	102.10	85.68	69.98	56.43	45.54	39.15	34.94	32.89	31.11	31.00	
110.00	96.67	84.68	75.50	66.83	60.35	53.89	47.99	43.16	38.52	35.23	34.00	
106.00	88.04	72.79	61.53	51.89	45.66	42.30	39.04	36.57	35.77	35.00	
113.00	98.63	84.78	73.99	63.31	53.81	44.49	37.82	35.74	34.78	34.00	
117.00	103.52	91.49	79.77	69.53	59.75	50.66	41.62	38.02	35.49	34.00	
115.00	100.23	85.62	71.53	61.14	53.21	46.38	41.11	36.96	34.40	32.00	
120.00	104.04	89.45	76.40	64.18	52.95	43.45	36.21	34.02	31.88	31.00	
113.00	100.26	87.91	75.86	65.27	55.76	47.67	40.89	36.80	35.36	34.04	34.00	
118.00	99.84	86.67	76.23	68.10	60.41	54.15	48.20	42.30	36.83	32.57	31.00	
104.00	90.31	77.36	67.14	59.04	51.28	44.17	40.53	37.94	35.37	33.00	
115.00	96.17	82.11	69.72	60.62	52.34	45.50	41.69	37.90	35.15	34.00	
119.00	103.32	89.93	78.22	67.35	58.79	52.11	45.44	40.25	36.18	33.74	33.00	
111.00	97.55	84.17	72.86	61.87	53.11	44.36	36.30	34.17	32.85	32.00	
114.00	96.88	80.02	67.92	58.90	51.72	46.81	41.91	37.35	34.70	33.41	33.00	
121.00	104.01	87.49	71.17	57.53	46.23	42.11	38.41	35.37	32.76	31.42	31.00	
108.00	95.23	84.22	74.36	64.78	56.79	50.01	44.64	39.77	37.23	36.00	
105.00	94.28	83.83	75.50	67.40	59.54	52.20	45.36	40.71	36.55	34.00	
110.00	95.96	85.48	75.90	66.39	57.35	48.33	40.65	35.70	33.25	31.00	
122.00	105.82	90.57	75.98	67.32	59.51	53.67	48.55	43.55	39.33	35.56	32.00	
104.00	92.30	81.04	70.05	61.94	54.71	49.39	45.12	40.93	37.46	35.25	35.00	
117.00	100.55	84.72	70.06	61.04	52.63	45.28	41.63	38.65	37.15	35.72	35.00	
116.00	104.75	94.19	83.84	73.89	64.29	54.93	45.86	41.03	36.82	34.00	
115.00	102.74	90.50	79.71	69.51	61.47	54.48	48.06	43.50	39.20	35.00	
111.00	97.34	85.19	73.17	61.43	50.39	44.99	40.46	36.00	34.23	33.00	
123.00	105.13	88.09	73.32	63.17	56.52	51.84	47.18	44.08	41.03	38.35	36.00	
105.00	92.37	81.59	70.85	60.52	53.14	46.51	41.99	38.12	36.07	36.00	
117.00	104.96	94.38	83.98	75.46	66.98	58.72	52.08	45.79	39.78	37.48	36.00	
104.00	85.63	69.95	59.70	51.73	46.70	41.96	38.75	35.71	33.23	31.71	31.00	
103.00	89.58	77.75	69.32	62.51	55.93	49.86	44.97	41.18	37.55	35.80	35.00	
108.00	95.22	84.19	73.56	63.22	54.38	49.32	45.14	41.27	38.00	35.34	34.00	
121.00	104.26	87.92	75.11	62.54	52.61	45.78	40.20	34.96	33.24	32.00	
109.00	90.85	77.13	66.54	58.64	52.02	46.07	40.53	37.18	36.11	36.00	
108.00	93.34	78.98	64.64	51.43	44.70	41.02	38.31	36.01	35.19	35.02	35.00	
106.00	96.28	87.65	79.37	71.16	63.12	56.53	50.15	44.62	39.35	37.03	36.00	
121.00	107.64	94.38	81.22	68.76	59.26	52.44	46.41	41.76	38.63	36.27	35.00	
108.00	95.31	83.49	74.05	65.41	57.55	49.87	43.55	39.01	36.29	34.11	33.00	
106.00	93.56	81.59	70.07	59.64	49.83	42.14	37.59	33.35	31.77	31.00	
122.00	104.80	88.45	73.82	60.41	48.20	42.62	38.17	34.62	33.43	33.00	
106.00	93.46	81.45	73.47	66.79	60.12	53.82	47.88	42.49	37.70	34.95	33.00	
115.00	101.33	89.56	79.43	69.56	59.74	50.35	44.60	39.98	35.57	33.86	33.00	
112.00	100.10	89.27	79.22	70.08	61.36	53.47	48.37	43.80	40.11	38.02	36.00	
107.00	93.47	81.79	71.02	63.72	56.62	50.90	45.30	40.55	37.03	33.85	33.00	
106.00	94.08	84.42	76.38	68.73	61.12	54.39	48.98	43.94	39.92	37.03	36.00	
105.00	90.87	76.93	64.35	55.16	47.61	40.74	36.09	33.98	32.77	32.00	
113.00	95.80	78.65	61.52	54.93	48.73	43.35	40.24	37.96	35.73	35.00	
119.00	103.58	88.47	75.78	64.28	53.43	42.68	36.94	33.03	32.49	32.00	
111.00	98.86	86.90	75.01	65.66	56.84	49.48	42.16	37.20	33.17	31.00	
110.00	96.81	84.26	71.85	63.97	57.65	51.53	45.50	40.16	36.07	36.03	36.00	
116.00	101.41	86.91	76.02	65.39	56.94	48.71	41.96	37.25	34.61	33.27	32.00	
114.00	100.16	89.11	79.65	70.39	61.27	52.56	44.04	38.26	34.32	31.67	31.00	
114.00	100.91	89.38	78.12	68.65	60.16	54.26	48.50	43.17	39.15	36.00	
102.00	92.34	82.69	73.62	64.57	56.02	48.56	41.82	36.74	32.44	31.00	
114.00	99.81	85.93	73.35	61.52	50.53	44.70	40.59	37.20	34.85	33.00	
114.00	97.79	83.25	69.76	59.55	50.29	45.15	40.20	36.73	33.37	33.00	
122.00	103.94	86.25	69.74	57.02	47.76	41.04	36.90	34.29	31.69	31.18	31.00	
112.00	99.62	87.52	76.96	67.77	59.88	52.14	44.77	38.12	35.72	35.30	35.00	
122.00	109.54	97.53	86.24	75.66	66.06	56.52	49.08	42.05	36.83	34.37	32.00	
118.00	103.00	88.40	74.34	61.44	52.94	44.68	41.35	39.51	38.21	36.92	36.00	
118.00	103.98	91.36	80.90	72.80	64.72	56.65	48.94	42.32	36.31	36.00	
117.00	106.11	95.52	84.98	75.08	65.78	59.27	52.88	47.58	42.48	37.78	35.00	
120.00	107.70	95.51	84.85	74.56	64.77	55.35	48.57	42.02	36.52	34.15	33.00	
111.00	99.88	88.82	79.47	70.27	61.30	52.41	46.04	42.21	39.41	37.09	36.00	
104.00	85.32	72.31	59.39	46.66	38.65	35.81	34.53	33.28	32.58	32.00	
111.00	96.16	83.01	72.96	65.52	58.18	51.37	44.61	39.09	34.57	31.11	31.00	
101.00	89.58	80.34	71.25	63.42	56.06	49.31	43.16	40.02	37.27	35.00	
106.00	90.45	77.09	67.16	58.61	50.09	41.75	36.99	32.90	31.90	31.24	31.00	
107.00	93.69	83.60	74.08	65.89	58.56	51.96	46.68	41.43	36.64	33.00	
111.00	100.22	89.72	79.49	70.39	61.56	55.34	49.14	43.06	38.45	34.69	31.00	
104.00	93.33	83.23	73.53	64.77	57.17	50.52	45.60	40.86	36.14	32.00	
101.00	89.54	79.03	70.36	61.71	53.07	44.49	39.78	36.45	33.47	33.00	
110.00	99.02	88.28	78.49	69.69	61.04	52.51	45.24	38.85	33.26	32.00	
113.00	100.58	89.83	79.51	69.67	60.87	53.79	48.00	43.24	39.07	35.37	35.00	
105.00	93.91	83.09	72.58	63.95	57.27	50.78	45.75	40.98	38.12	35.95	35.00	
113.00	96.89	82.90	69.92	61.85	55.22	49.32	44.69	40.40	36.93	35.57	35.00	
116.00	100.32	85.81	73.45	62.15	51.80	45.80	40.72	36.16	35.43	35.07	35.00	
106.00	92.59	81.68	71.77	63.67	55.62	47.95	41.73	36.09	33.78	32.00	
106.00	88.54	73.98	62.39	51.25	45.54	42.45	39.95	37.99	36.19	35.00	
106.00	94.11	82.70	72.53	62.96	53.64	48.31	44.70	41.17	38.13	36.00	
114.00	98.80	83.69	68.66	56.62	50.47	44.84	39.70	35.05	31.98	31.00	
118.00	100.59	83.91	68.07	58.59	51.15	45.07	39.09	35.76	34.38	34.05	34.00	
120.00	105.90	92.77	80.52	68.34	57.66	49.78	44.38	40.36	38.06	36.00	
123.00	108.81	95.60	83.12	71.92	61.64	53.88	47.65	42.35	37.57	34.64	32.00	
117.00	103.13	92.64	83.43	74.23	65.12	56.18	48.36	40.78	34.91	31.35	31.00	
114.00	96.48	79.13	66.69	55.93	49.63	44.53	41.00	37.77	35.11	33.00	
123.00	108.85	96.29	84.46	73.68	64.14	54.90	46.50	41.29	36.50	33.62	33.00	
109.00	96.07	84.33	73.26	62.20	52.95	44.81	38.04	36.30	35.04	34.14	34.00	
110.00	93.29	83.71	74.50	66.64	59.38	52.53	46.79	41.19	37.06	34.00	
102.00	84.50	71.26	61.04	54.77	49.01	43.68	39.81	36.19	33.41	32.69	32.00	
104.00	91.56	79.89	69.53	61.10	53.54	48.05	43.56	40.51	37.57	36.36	36.00	
108.00	88.99	70.73	60.08	52.49	45.74	40.51	36.96	34.25	33.18	33.00	
122.00	103.12	87.76	76.66	66.54	57.24	51.13	45.60	42.48	39.88	37.86	36.00	
103.00	91.56	80.89	70.53	61.62	53.80	48.22	42.80	37.94	34.77	33.25	32.00	
121.00	107.77	94.74	83.15	72.38	62.45	54.16	47.63	41.15	35.51	35.00	
120.00	105.32	92.79	82.87	72.95	63.13	53.43	47.60	42.00	37.85	36.82	36.00	
119.00	104.69	91.09	78.45	66.97	57.46	50.55	44.29	39.72	35.37	35.00	
120.00	102.54	89.63	76.97	64.58	55.85	49.18	43.15	40.28	37.67	35.53	34.00	
102.00	90.00	78.40	69.11	59.91	51.79	45.79	40.90	36.03	33.95	32.75	32.00	
114.00	90.77	73.29	61.07	54.82	48.72	44.39	40.31	36.82	36.09	36.00	
121.00	99.71	80.58	67.18	55.01	47.95	42.44	40.21	38.11	36.56	35.54	35.00	
122.00	105.28	90.36	76.28	66.36	56.69	48.91	41.19	36.93	35.40	35.00	
115.00	98.71	84.11	74.26	64.60	56.04	49.61	44.62	41.37	38.53	36.00	
112.00	97.54	83.27	69.87	58.49	48.11	41.94	37.92	35.35	33.34	32.00	
119.00	104.61	90.42	77.09	64.53	55.92	47.76	41.07	37.49	35.43	35.00	
105.00	91.57	81.27	71.37	63.39	56.67	50.31	44.68	41.10	38.26	36.12	36.00	
101.00	90.71	81.26	72.61	64.15	56.64	49.92	44.33	39.39	35.10	34.00	
106.00	95.33	85.22	75.24	66.62	58.03	49.48	41.04	37.04	33.37	32.55	32.00	
122.00	108.19	94.95	82.68	72.07	63.33	55.46	49.95	44.72	40.26	36.66	34.00	
121.00	106.12	92.04	78.35	67.62	58.93	51.95	45.37	39.67	35.49	34.00	
112.00	97.93	85.47	73.03	61.39	53.43	45.90	40.40	38.61	37.29	36.00	
123.00	103.90	90.14	77.58	67.09	58.50	50.96	44.45	38.07	32.19	32.00	
103.00	90.56	78.31	68.03	60.15	54.69	49.32	45.01	40.77	37.17	35.48	34.00	
119.00	100.99	85.74	70.88	60.69	52.11	44.20	37.62	33.77	31.92	31.45	31.00	
123.00	109.18	96.99	85.33	73.86	62.58	52.62	44.00	39.67	37.33	36.00	
110.00	95.42	82.21	71.41	60.96	51.89	46.33	41.52	38.97	37.45	36.64	36.00	
114.00	99.85	85.77	74.55	64.39	54.90	48.09	41.78	37.18	33.08	31.25	31.00	
119.00	97.18	80.05	63.38	55.86	50.13	45.21	41.45	38.10	34.95	33.33	33.00	
114.00	102.08	90.19	78.77	68.59	59.62	51.84	45.16	39.41	33.80	33.00	
104.00	90.13	77.27	66.47	58.15	50.96	44.15	40.04	37.56	35.21	34.00	
106.00	94.31	84.24	74.60	65.28	57.94	51.03	45.17	39.34	35.32	33.63	32.00	
104.00	91.87	81.97	72.45	65.47	58.55	52.02	46.20	41.65	37.76	35.34	35.00	
107.00	92.83	81.67	73.11	65.31	59.59	54.47	49.42	44.75	41.27	38.59	36.00	
123.00	109.90	96.97	84.29	73.63	64.20	54.82	46.78	41.06	35.43	32.95	32.00	
115.00	98.09	81.46	70.97	62.50	54.06	47.67	42.05	37.32	34.24	34.00	
107.00	91.68	77.14	64.84	57.34	50.41	43.63	37.00	34.91	33.52	33.00	
114.00	99.27	86.04	74.35	63.84	54.56	45.32	40.97	37.59	36.50	36.00	
119.00	104.82	91.71	79.19	66.80	58.99	52.59	46.95	43.15	39.75	36.63	36.00	
120.00	107.30	94.73	83.84	74.64	66.04	57.74	51.10	44.91	39.47	36.00	
109.00	95.66	82.85	72.38	62.99	55.37	48.00	40.92	35.92	33.88	32.41	31.00	
122.00	105.22	90.77	76.83	65.44	55.91	47.85	42.06	38.45	36.20	34.72	34.00	
120.00	102.61	85.76	70.04	59.05	49.01	42.27	36.12	35.01	34.28	34.00	
101.00	88.27	75.90	63.60	56.67	49.93	43.70	40.40	38.47	36.63	36.00	
118.00	104.18	90.95	79.33	68.58	60.01	51.63	45.70	40.03	34.63	34.00	
106.00	91.58	78.08	66.94	58.19	53.71	49.41	45.37	42.06	39.02	36.18	35.00	
107.00	97.24	87.64	78.29	69.51	60.78	52.19	44.30	38.00	32.81	31.59	31.00	
106.00	88.18	71.64	59.94	53.39	48.03	44.03	40.26	36.85	33.59	32.00	
103.00	94.13	85.38	77.92	70.53	63.31	57.51	51.77	46.41	41.77	37.34	35.00	
106.00	95.71	85.60	75.75	66.91	58.18	49.51	42.29	37.20	34.28	34.00	
107.00	95.17	83.65	73.27	63.13	55.93	48.95	42.06	37.25	34.52	32.43	31.00	
123.00	106.76	92.42	78.83	66.26	56.58	48.05	39.81	36.94	35.24	33.95	33.00	
117.00	102.74	90.66	80.15	70.07	61.27	53.43	46.22	39.54	34.80	34.06	34.00	
105.00	92.97	80.96	71.53	62.71	54.98	48.44	43.32	39.57	35.97	33.00	
118.00	102.97	89.31	77.20	68.39	60.03	51.91	44.33	39.33	36.94	36.00	
107.00	96.79	86.81	77.25	67.74	59.19	51.17	44.60	38.23	34.14	32.00	
119.00	103.70	88.76	76.44	64.36	56.24	51.57	46.91	43.28	39.87	36.49	36.00	
112.00	101.53	91.74	82.13	73.07	64.66	57.17	50.14	43.47	37.83	36.12	35.00	
103.00	90.78	79.09	67.43	56.14	45.37	41.14	36.95	34.39	33.32	32.42	32.00	
122.00	100.15	87.32	75.90	65.42	55.49	48.53	42.39	38.57	34.98	33.00	
112.00	100.84	90.07	79.67	70.67	62.48	55.58	49.55	43.58	37.85	33.00	
119.00	106.17	94.27	83.03	72.78	63.25	54.17	47.19	40.61	35.89	34.00	
121.00	106.74	92.63	81.04	70.68	60.68	50.74	43.65	39.05	37.44	36.00	
104.00	93.64	83.92	74.77	67.08	59.72	52.38	45.66	39.34	34.76	33.00	
119.00	102.69	86.72	73.13	60.01	51.13	45.97	41.14	36.66	34.48	33.00	
122.00	108.36	95.46	82.92	70.72	58.69	47.69	40.13	36.68	34.51	34.00	
121.00	103.78	90.87	78.40	66.66	56.09	47.73	41.34	38.65	36.80	35.21	34.00	
113.00	99.12	89.02	79.47	69.96	60.48	51.45	43.40	40.83	38.57	37.04	36.00	
120.00	104.07	88.74	77.09	65.97	55.12	45.11	38.15	35.19	33.45	32.00	
102.00	86.04	71.13	56.67	48.85	43.67	39.76	37.77	36.47	35.66	35.00	
116.00	99.47	85.43	71.82	61.09	53.27	46.12	39.05	32.42	32.15	32.00	
117.00	103.22	89.56	76.58	64.15	52.73	43.20	36.12	33.57	31.56	31.03	31.00	
121.00	108.49	97.27	87.08	77.43	68.45	60.51	52.69	45.20	38.22	31.73	31.00	
104.00	92.31	81.23	70.17	59.63	51.42	45.63	40.38	37.19	34.30	32.00	
120.00	105.99	92.59	79.63	71.18	62.90	55.72	48.82	42.05	35.94	33.00	
105.00	91.32	79.59	70.86	63.95	57.25	50.65	44.09	37.71	36.03	34.94	34.00	
104.00	92.48	81.35	70.58	62.22	56.88	51.55	46.32	41.52	37.71	34.76	34.00	
108.00	90.30	75.62	66.41	57.73	49.38	42.82	40.30	38.03	36.29	36.00	
112.00	100.87	89.94	79.20	68.85	59.69	50.70	45.23	41.65	38.23	36.61	35.00	
105.00	91.85	80.35	69.76	59.33	48.95	41.30	37.91	35.13	33.06	32.00	
115.00	101.50	90.26	79.99	69.91	60.88	54.47	48.08	42.68	38.77	35.46	34.00	
118.00	103.52	89.17	75.71	66.24	57.19	48.92	41.34	36.84	34.29	34.00	
103.00	89.30	79.20	70.65	62.40	56.44	51.03	45.85	41.04	37.66	36.35	36.00	
113.00	100.44	88.20	76.03	63.87	53.12	46.71	42.75	39.31	37.01	36.00	
119.00	108.11	97.62	87.30	77.40	67.86	59.98	52.85	46.57	42.22	38.92	36.00	
113.00	99.73	87.85	77.15	67.02	59.59	52.95	46.59	40.25	37.64	35.42	34.00	
116.00	104.26	93.80	83.89	75.01	67.00	59.77	52.85	46.60	40.88	36.00	
102.00	91.07	80.36	70.74	61.44	52.49	45.09	40.58	37.59	36.75	36.00	
110.00	97.02	84.56	73.45	64.64	57.71	51.39	45.26	40.24	36.94	35.46	35.00	
122.00	109.84	98.35	87.57	77.36	67.71	58.31	49.56	42.41	37.79	36.00	
109.00	98.18	88.16	78.46	69.96	61.53	55.49	49.93	44.52	39.46	34.83	34.00	
122.00	108.22	96.26	84.61	74.25	64.69	57.59	51.24	45.66	40.21	35.00	
117.00	101.85	87.57	75.19	65.39	56.17	48.92	41.75	35.04	33.21	32.00	
115.00	100.09	86.27	72.80	60.26	48.28	42.67	39.67	37.84	36.49	35.34	35.00	
112.00	98.39	86.02	75.36	65.71	56.09	48.78	42.54	38.63	35.55	34.00	
102.00	89.82	77.81	67.94	58.12	48.44	42.49	37.88	36.59	35.46	35.00	
114.00	97.61	82.48	71.76	63.89	56.22	49.28	43.40	39.43	36.42	36.00	
107.00	96.29	85.95	76.79	68.14	60.77	54.67	48.76	44.47	40.32	36.37	34.00	
108.00	89.95	76.25	64.34	55.12	46.09	42.30	39.19	36.23	34.44	33.00	
121.00	107.53	95.60	84.65	73.70	63.74	54.65	47.15	41.15	36.61	33.20	32.00	
103.00	87.61	73.35	60.42	50.59	41.76	37.17	33.85	33.43	33.07	33.00	
108.00	96.55	85.25	75.45	66.03	57.05	49.35	43.10	38.22	34.27	32.00	
103.00	88.93	78.17	68.29	60.29	53.79	48.37	43.05	37.87	32.92	31.00	
115.00	99.39	84.61	74.46	65.53	56.95	50.12	44.86	39.64	34.77	34.07	34.00	
120.00	103.54	88.10	73.31	62.20	55.44	49.75	44.15	39.23	36.94	36.00	
107.00	96.14	85.63	75.82	67.81	60.71	53.85	48.12	42.53	38.00	36.00	
117.00	101.89	86.89	73.46	65.27	57.73	50.99	44.63	39.81	36.25	36.00	
117.00	104.18	91.78	80.65	70.11	62.45	55.70	49.53	44.31	39.93	37.76	36.00	
114.00	101.55	89.89	79.47	69.98	60.78	51.89	45.72	40.32	35.78	32.53	31.00	
123.00	109.48	97.89	86.54	76.76	68.22	60.18	52.21	44.57	37.19	35.00	
102.00	89.96	78.42	69.83	62.13	56.25	50.81	46.14	42.10	38.69	36.04	36.00	
112.00	91.56	81.86	73.38	65.54	59.06	52.86	46.86	41.91	37.35	34.00	
116.00	102.08	88.79	75.76	65.96	58.40	51.16	45.60	40.40	35.77	33.00	
105.00	94.99	85.04	76.14	68.15	61.01	54.41	48.61	42.85	38.12	37.03	36.00	
121.00	106.82	94.04	82.08	70.55	61.42	54.08	47.06	40.94	35.06	33.00	
115.00	100.85	88.53	76.67	65.87	55.30	45.70	38.21	37.03	36.28	36.00	
103.00	89.67	77.99	68.28	59.28	51.24	45.75	40.36	36.74	35.61	35.03	35.00	
115.00	104.97	95.30	85.82	77.95	70.54	63.22	56.39	49.90	44.15	39.13	36.00	
108.00	93.53	80.61	70.09	59.82	50.97	42.27	36.79	34.36	32.55	32.15	32.00	
101.00	90.90	80.90	71.45	62.90	55.18	48.21	42.76	38.67	35.36	33.67	33.00	
122.00	102.41	83.17	67.02	55.54	47.75	44.01	40.34	37.09	35.28	34.07	33.00	
104.00	92.23	81.85	73.68	67.32	61.28	55.70	50.26	45.70	41.40	37.14	36.00	
101.00	88.43	76.75	65.47	54.50	48.02	41.97	36.28	33.86	32.90	32.44	32.00	
104.00	87.71	75.18	63.89	53.92	46.94	41.94	37.29	33.58	33.13	33.00	
116.00	101.15	88.70	76.33	64.98	56.68	49.98	44.19	41.52	39.36	37.64	36.00	
108.00	98.22	88.48	80.21	72.76	65.73	58.87	52.15	46.89	42.15	38.67	36.00	
115.00	103.14	91.49	79.85	68.57	58.02	48.53	42.25	36.39	33.12	33.00	
116.00	98.83	85.30	74.57	63.91	56.52	49.78	43.73	40.39	38.01	36.20	35.00	
116.00	98.86	82.75	66.78	55.41	45.28	40.66	37.21	34.38	33.34	33.00	
117.00	104.96	93.08	82.13	72.82	63.60	55.38	47.29	40.45	35.14	32.91	32.00	
106.00	91.55	79.09	68.79	61.11	55.12	49.20	44.18	39.75	37.28	35.00	
112.00	98.06	84.66	71.96	60.69	53.18	48.86	44.75	40.79	37.69	35.68	35.00	
119.00	105.66	93.35	81.41	70.02	59.63	50.44	41.97	37.36	33.65	33.12	33.00	
112.00	101.52	91.17	81.40	72.29	64.15	56.79	49.63	43.74	39.09	34.47	32.00	
115.00	101.06	87.81	75.96	65.50	59.23	53.05	47.43	42.40	37.84	34.00	
122.00	107.77	93.76	79.94	66.62	55.75	48.68	43.27	40.39	37.72	35.96	35.00	
114.00	96.70	82.45	68.32	58.63	51.77	46.27	41.88	37.60	36.69	36.22	36.00	
121.00	104.97	89.33	74.13	61.36	50.83	43.40	40.15	37.26	34.92	34.00	
119.00	102.99	87.52	73.56	65.28	57.71	50.33	42.98	37.32	35.63	35.00	
118.00	101.96	87.66	75.09	62.60	54.85	49.18	44.47	41.67	39.55	37.47	36.00	
108.00	96.51	85.90	76.61	67.82	60.03	52.54	45.96	41.62	37.50	35.74	35.00	
120.00	108.31	98.16	88.02	77.95	68.19	59.96	51.89	44.29	38.92	36.00	
120.00	103.96	91.47	80.76	71.92	64.39	57.54	50.93	45.63	41.22	37.64	36.00	
118.00	104.42	93.46	82.80	72.86	64.43	56.87	50.22	44.18	39.91	35.70	35.00	
105.00	92.75	81.03	70.48	61.59	53.06	45.90	41.98	38.58	35.52	35.00	
114.00	99.08	84.46	70.47	59.33	50.28	43.37	36.92	32.48	32.17	32.00	
108.00	96.42	85.01	73.77	63.82	53.91	46.66	42.89	39.18	36.34	33.85	33.00	
115.00	104.11	93.24	82.86	72.91	63.37	54.54	46.06	39.54	35.88	33.15	32.00	
121.00	105.54	92.46	81.41	71.85	63.21	54.93	47.42	42.21	37.90	35.00	
114.00	101.14	89.60	79.92	70.44	62.56	54.85	47.44	42.47	37.64	36.00	
103.00	90.99	79.31	68.13	59.27	52.50	46.56	41.57	38.40	36.31	35.00	
115.00	99.73	84.80	75.88	66.97	59.85	53.04	46.22	41.57	38.02	34.64	32.00	
110.00	97.81	86.83	76.06	65.90	56.86	48.36	40.55	34.09	33.35	33.00	
121.00	106.81	94.90	84.29	73.78	63.32	55.15	47.08	41.43	37.57	35.32	35.00	
109.00	96.17	83.94	74.98	66.18	57.55	48.94	42.59	36.72	32.82	32.05	32.00	
116.00	104.48	92.99	82.27	72.18	62.69	53.40	47.64	42.08	37.52	34.30	34.00	
118.00	100.62	84.05	68.23	53.84	45.37	40.33	36.16	32.70	31.68	31.00	
118.00	100.98	85.81	74.91	64.76	57.18	49.82	43.14	38.51	36.02	34.91	34.00	
123.00	107.15	91.86	78.94	69.73	61.35	54.69	48.15	42.66	37.27	34.56	33.00	
115.00	102.20	89.64	77.17	66.90	57.13	47.61	42.08	37.28	34.33	34.00	
104.00	90.47	79.28	69.89	60.52	52.48	46.22	43.03	39.96	37.87	36.05	36.00	
122.00	106.05	90.34	77.78	65.28	54.74	46.37	40.33	36.10	32.20	32.00	
114.00	94.29	82.64	71.45	61.32	53.51	48.35	43.44	39.02	36.47	34.00	
107.00	91.10	78.41	66.83	57.80	50.02	42.40	38.00	34.44	31.71	31.00	
103.00	94.01	85.37	77.06	69.02	61.60	54.54	48.07	43.23	40.73	38.27	36.00	
111.00	99.73	88.82	78.25	69.01	60.56	54.59	48.99	43.85	38.75	36.59	35.00	
107.00	96.89	86.92	77.73	68.93	61.26	53.79	47.14	41.78	38.36	35.00	
113.00	100.16	87.63	75.34	66.17	57.05	48.09	41.64	36.28	32.92	32.00	
120.00	107.97	96.22	85.84	75.77	66.71	58.44	50.29	42.37	34.66	33.00	
105.00	89.21	75.82	64.34	56.45	48.74	42.19	38.38	34.64	33.06	33.00	
108.00	97.01	86.43	76.17	67.38	59.42	52.38	45.40	38.64	35.23	33.96	33.00	
104.00	90.99	78.67	68.27	60.69	53.74	47.06	41.50	36.94	33.98	32.39	32.00	
118.00	101.65	85.37	73.01	60.64	49.95	42.27	36.00	32.68	31.49	31.00	
113.00	97.72	84.01	75.87	67.94	60.03	52.81	46.20	40.17	37.82	35.78	34.00	
122.00	105.70	90.95	76.36	62.88	50.50	46.01	41.68	38.15	34.66	32.98	32.00	
109.00	94.01	80.43	68.05	57.48	51.35	45.36	40.47	36.23	33.78	33.25	33.00	
121.00	103.95	89.18	74.53	64.14	54.25	46.77	40.48	35.16	32.24	31.39	31.00	
101.00	87.28	75.94	64.84	55.78	47.68	41.26	37.51	34.98	33.39	33.00	
113.00	95.08	80.00	65.62	54.37	45.26	40.40	35.60	33.77	33.06	33.00	
108.00	95.82	84.45	73.55	63.74	53.99	44.85	39.98	36.57	33.32	31.00	
117.00	101.92	89.51	77.48	66.12	55.51	47.74	41.58	37.50	35.83	35.00	
108.00	95.64	84.00	72.63	62.30	52.67	44.32	39.74	35.16	31.70	31.10	31.00	
110.00	96.24	82.57	69.89	61.13	53.29	46.48	40.48	36.24	34.12	34.00	
110.00	93.11	78.44	64.34	53.85	44.39	38.70	35.63	34.77	34.07	34.00	
116.00	103.08	90.97	81.78	73.28	64.84	56.92	49.63	43.61	38.35	34.00	
107.00	92.02	78.78	69.31	60.70	52.32	45.31	41.21	37.27	33.64	32.00	
101.00	88.41	75.91	65.06	55.19	50.06	45.04	41.01	37.26	34.18	33.00	
121.00	102.82	84.93	73.03	63.82	54.83	45.99	41.51	37.22	34.38	33.39	33.00	
110.00	97.60	86.54	75.69	67.75	60.92	55.20	49.55	44.98	40.75	36.55	34.00	
108.00	86.54	68.98	55.21	44.28	36.39	33.37	32.81	32.40	32.24	32.08	32.00	
118.00	105.22	93.61	82.61	72.21	62.31	54.86	47.91	42.23	38.34	36.49	35.00	
121.00	108.25	95.77	83.92	75.17	67.57	60.52	53.52	47.28	42.57	37.87	36.00	
106.00	90.44	76.84	63.73	53.43	45.76	39.21	36.06	34.19	32.36	32.00	
114.00	99.59	86.01	75.21	64.96	55.62	49.58	43.97	39.75	36.66	36.00	
112.00	101.49	91.21	81.25	71.29	61.41	51.83	45.05	39.59	36.19	35.00	
111.00	95.27	80.02	69.28	60.14	51.54	45.65	41.00	38.89	37.13	36.02	36.00	
115.00	99.54	84.57	71.82	60.15	50.00	39.97	35.94	33.94	32.16	32.05	32.00	
106.00	90.45	77.56	67.41	58.26	51.15	46.15	41.37	37.24	35.58	34.50	34.00	
119.00	99.13	85.93	73.12	60.93	50.25	43.40	38.64	34.78	32.63	31.62	31.00	
117.00	103.35	89.73	77.29	66.96	56.86	49.11	42.68	38.42	34.25	34.00	
111.00	98.80	87.54	78.36	70.37	62.57	54.95	48.06	43.36	38.70	36.02	34.00	
122.00	104.43	89.45	75.76	63.03	51.39	43.99	37.04	35.30	34.13	33.00	
119.00	102.22	86.10	72.10	58.30	51.39	44.73	40.82	37.85	35.40	33.00	
119.00	104.69	90.98	78.43	66.66	54.91	44.32	37.50	34.76	32.28	31.00	
104.00	92.02	80.49	69.48	60.44	52.10	45.41	40.17	35.08	33.68	32.58	32.00	
103.00	89.40	77.87	67.63	59.02	50.77	44.14	37.58	36.62	36.35	36.13	36.00	
108.00	88.78	76.51	64.34	53.68	47.70	42.41	37.87	34.23	32.27	32.00	
122.00	102.60	87.01	73.78	61.32	54.35	47.43	40.81	35.91	33.54	33.00	
123.00	109.46	96.76	84.22	72.41	62.03	52.03	45.20	39.53	34.06	32.00	
118.00	100.71	83.95	69.13	60.90	54.13	48.06	42.69	37.40	33.14	31.47	31.00	
105.00	89.79	75.34	65.31	56.50	50.06	44.72	39.67	34.65	33.07	32.00	
123.00	105.21	88.30	74.30	60.72	49.12	40.97	37.07	33.50	31.59	31.00	
102.00	88.58	75.74	63.70	53.62	48.78	44.11	39.82	37.55	36.36	36.00	
107.00	95.06	84.10	73.37	65.24	57.52	49.98	44.35	39.77	37.65	36.00	
108.00	94.34	84.09	74.65	66.09	58.06	52.78	47.79	42.84	37.91	36.00	
111.00	93.06	84.01	75.43	66.85	58.56	51.36	45.60	41.00	38.05	35.69	35.00	
123.00	104.64	86.27	70.22	59.09	50.74	43.98	38.63	34.41	34.04	34.00	
105.00	95.79	86.98	78.29	70.45	63.03	55.87	49.19	43.12	38.82	35.70	35.00	
101.00	88.85	77.32	66.52	59.61	53.36	47.34	41.59	37.72	34.10	33.00	
103.00	91.44	80.57	72.11	64.00	56.08	50.41	45.43	41.54	38.10	35.26	33.00	
122.00	106.03	91.85	80.32	68.81	58.26	50.29	43.71	40.57	37.61	34.79	34.00	
101.00	90.30	80.10	71.11	64.86	58.69	53.12	48.28	43.76	39.46	36.00	
112.00	93.27	80.30	67.97	59.79	51.63	43.96	38.11	35.75	34.52	34.00	
103.00	90.82	78.98	67.90	56.82	48.12	41.73	36.87	34.09	31.76	31.00	
105.00	92.38	82.41	72.51	63.51	56.82	50.28	43.75	38.12	36.21	34.58	34.00	
117.00	103.69	90.97	80.68	70.84	61.65	52.97	46.37	40.30	34.81	33.00	
115.00	97.27	82.86	71.25	63.05	55.72	48.67	41.84	35.22	32.87	31.80	31.00	
117.00	103.46	90.32	79.58	68.88	59.85	51.89	45.40	40.96	36.73	33.22	31.00	
112.00	89.74	75.11	64.22	54.95	45.74	41.99	39.43	37.30	35.78	35.00	
114.00	104.12	94.25	84.65	75.44	66.51	58.65	50.96	44.27	38.78	34.42	34.00	
107.00	93.46	81.84	72.89	64.90	57.93	51.56	45.24	39.82	34.66	33.00	
120.00	108.66	98.21	88.46	79.01	69.92	61.67	53.69	46.18	39.37	36.00	
123.00	105.66	90.52	78.83	69.85	60.98	53.20	46.39	40.39	36.76	36.00	
101.00	88.82	78.95	70.47	62.68	56.06	51.08	46.75	42.56	38.74	36.00	
119.00	104.71	90.57	78.27	66.87	58.13	50.89	44.98	39.78	35.73	32.00	
104.00	89.47	78.45	68.38	59.75	53.00	46.72	43.74	41.10	38.55	36.17	35.00	
104.00	93.95	84.05	74.65	65.96	57.76	49.92	45.23	40.82	36.45	34.00	
105.00	93.78	82.94	72.55	62.93	56.03	50.51	45.77	41.20	36.94	36.00	
109.00	93.88	80.42	69.05	58.95	49.01	43.16	38.70	36.14	33.78	33.00	
113.00	102.25	91.69	82.08	74.12	66.36	59.15	52.43	46.45	41.76	37.75	36.00	
113.00	99.81	86.82	74.40	64.49	56.48	49.50	42.78	37.56	33.31	32.00	
117.00	101.38	86.24	73.04	64.17	56.50	48.88	41.83	36.31	34.39	34.00	
119.00	106.88	94.77	82.81	72.35	63.09	56.08	49.53	43.73	38.61	34.48	32.00	
103.00	92.24	82.09	73.28	64.65	56.42	50.46	45.24	40.87	37.92	35.45	33.00	
120.00	103.27	86.64	71.29	61.59	52.39	45.80	41.23	37.02	34.78	32.54	32.00	
122.00	103.33	84.76	73.04	62.23	53.20	46.18	40.01	37.19	34.53	33.59	33.00	
101.00	86.17	75.44	65.46	58.77	52.38	47.43	43.46	39.70	36.89	34.80	33.00	
103.00	90.54	79.04	69.33	59.78	51.30	42.97	38.27	36.11	35.25	35.00	
117.00	101.80	89.31	76.82	65.92	55.97	47.42	41.80	38.36	36.15	34.77	34.00	
122.00	105.23	89.25	74.03	60.99	53.22	46.38	41.92	37.52	34.68	32.28	31.00	
114.00	97.21	86.52	76.21	66.89	57.94	50.85	44.42	38.60	33.81	32.46	32.00	
103.00	91.14	79.35	68.91	58.55	50.86	46.49	42.73	39.57	36.50	34.00	
104.00	92.11	80.54	70.53	60.75	52.27	45.77	39.72	35.12	32.54	31.14	31.00	
120.00	105.14	93.61	82.89	72.22	62.28	53.21	46.15	39.84	34.86	34.00	
105.00	91.08	77.31	65.83	54.51	48.25	44.14	40.99	38.58	36.19	35.00	
114.00	100.01	87.18	76.62	66.74	57.83	50.62	45.33	40.13	36.49	35.00	
110.00	98.43	86.89	75.68	66.56	58.80	51.39	45.38	40.25	36.09	32.10	32.00	
113.00	100.46	88.15	76.55	65.27	54.99	46.97	40.71	35.91	33.78	33.00	
120.00	101.13	85.01	72.51	61.69	54.99	48.40	42.46	37.88	33.69	31.33	31.00	
102.00	89.71	78.16	66.76	55.68	45.05	41.80	38.72	36.33	35.13	34.00	
113.00	101.00	89.31	77.72	66.15	55.87	47.97	41.51	35.83	31.03	31.00	
110.00	93.84	80.00	67.00	58.96	52.79	47.21	43.83	40.65	37.53	34.93	33.00	
101.00	88.69	78.25	69.06	61.87	55.73	50.49	45.74	41.01	36.42	34.00	
101.00	88.72	76.51	64.66	55.06	46.37	42.93	39.54	36.50	34.80	34.00	
109.00	95.25	81.66	69.11	57.24	49.30	43.54	37.80	34.62	32.85	32.00	
106.00	94.78	84.17	73.66	63.32	54.59	47.35	41.24	37.13	36.00	35.00	
121.00	106.32	91.75	78.13	64.70	51.93	44.44	38.44	36.08	35.13	34.22	34.00	
101.00	91.47	81.98	73.23	64.88	56.60	48.36	40.79	35.89	34.13	33.28	33.00	
101.00	85.65	76.17	66.98	58.57	50.45	44.74	39.14	34.61	32.76	31.05	31.00	
111.00	96.91	86.10	76.05	67.20	58.56	50.43	43.55	38.79	35.10	32.19	31.00	
105.00	92.97	82.83	74.23	66.41	58.67	52.48	47.20	43.12	39.93	36.99	35.00	
102.00	88.88	77.38	69.09	61.27	54.57	48.06	44.05	40.07	36.53	33.72	33.00	
121.00	105.17	89.88	78.18	68.19	59.32	50.77	44.45	38.33	33.72	33.00	
104.00	91.13	79.20	69.61	60.77	52.87	45.05	41.16	37.37	33.77	33.00	
120.00	106.91	94.24	82.47	70.83	61.07	52.20	44.01	38.85	34.04	33.00	
109.00	92.03	79.15	69.47	60.07	52.02	45.59	41.86	38.91	36.24	35.04	34.00	
104.00	90.29	76.95	68.88	61.53	54.68	48.17	41.99	38.70	35.96	34.00	
117.00	100.14	88.82	78.37	68.05	59.22	51.64	45.39	41.29	37.69	35.00	
106.00	91.08	78.66	66.29	54.05	43.12	39.69	36.30	33.86	33.43	33.00	
111.00	92.15	79.53	67.77	58.25	50.55	44.54	41.43	38.95	37.37	36.00	
114.00	99.85	86.87	75.92	65.01	54.67	47.96	41.35	37.94	35.51	35.17	35.00	
122.00	108.17	94.91	83.67	72.65	62.25	52.24	42.58	39.44	36.57	35.00	
119.00	100.41	85.31	71.28	60.38	52.00	44.25	38.18	35.83	34.06	33.00	32.00	
122.00	108.33	96.93	86.54	77.20	68.25	60.42	52.97	46.79	40.80	36.00	
120.00	105.01	90.62	77.16	64.63	53.00	43.57	40.94	38.94	37.00	35.17	35.00	
119.00	103.79	88.58	73.84	63.20	55.81	49.54	44.50	39.80	35.71	34.00	
108.00	94.82	85.60	76.45	67.68	60.91	54.72	49.20	43.76	38.95	36.03	34.00	
112.00	97.22	83.54	72.31	61.15	50.89	41.45	33.35	32.27	31.26	31.00	
102.00	91.61	82.36	73.36	64.52	57.96	52.11	46.69	41.34	36.05	34.52	33.00	
110.00	94.46	79.03	65.47	52.90	45.16	40.43	37.98	35.94	34.42	34.00	
113.00	100.14	88.29	77.42	66.76	57.28	48.23	42.97	38.30	36.06	36.00	
121.00	108.17	95.48	82.95	70.47	59.43	48.54	41.15	34.68	32.09	31.00	
108.00	96.67	85.49	74.55	64.62	55.12	47.04	40.06	35.28	32.27	32.00	
121.00	103.84	87.20	74.39	63.56	54.64	48.47	43.48	39.76	36.60	34.00	
114.00	97.89	82.76	69.14	59.88	50.83	45.68	41.24	38.16	35.73	35.00	
114.00	101.98	90.14	79.43	68.93	58.50	48.25	41.00	35.63	31.41	31.00	
120.00	106.76	94.47	82.67	71.19	61.94	53.64	47.32	41.43	36.41	35.00	
110.00	94.57	81.02	68.25	55.52	45.54	42.50	39.47	36.73	34.80	34.00	
119.00	102.66	86.70	75.02	63.90	52.93	45.60	39.05	34.37	34.19	34.00	
101.00	88.64	76.41	64.38	54.78	49.21	44.13	39.30	35.97	34.62	34.00	
110.00	95.80	81.83	70.36	59.95	51.16	43.06	38.76	34.74	32.06	32.00	
112.00	98.16	85.64	73.21	63.27	54.44	48.52	43.89	40.13	38.23	36.62	35.00	
113.00	100.42	88.98	77.56	66.52	56.55	47.38	40.34	37.73	35.74	35.00	
104.00	91.50	79.80	68.46	59.43	51.30	46.75	42.21	37.85	35.57	35.00	
112.00	102.48	93.15	84.05	75.10	66.23	58.54	51.25	44.00	38.05	33.43	33.00	
104.00	93.58	83.21	73.09	63.50	54.03	44.66	35.41	33.09	32.28	32.10	32.00	
104.00	91.43	80.82	70.71	61.36	53.71	47.01	40.42	35.64	34.30	33.61	33.00	
121.00	105.11	89.26	76.84	66.33	56.83	49.85	43.94	41.29	38.78	36.45	35.00	
101.00	90.97	81.22	72.21	63.93	56.33	52.13	48.12	44.25	40.54	36.88	35.00	
121.00	96.47	82.35	68.40	56.68	45.04	38.97	36.32	34.73	33.22	33.00	
114.00	98.29	86.65	75.10	65.06	56.11	49.60	44.55	39.87	35.58	35.00	
117.00	101.41	87.45	73.54	60.82	51.31	45.51	41.37	38.58	36.55	36.00	
123.00	108.08	95.33	84.10	73.23	63.77	55.06	47.31	40.20	33.63	33.00	
103.00	91.50	81.63	72.15	63.41	55.40	48.77	43.17	38.27	36.26	35.23	35.00	
112.00	98.52	87.08	76.87	67.44	58.42	49.84	45.66	41.92	38.78	37.31	36.00	
123.00	109.66	97.33	86.34	76.88	67.79	59.69	52.42	45.81	41.23	36.91	36.00	
115.00	98.02	83.99	70.51	60.64	51.70	45.27	40.06	35.67	32.75	31.00	
120.00	107.66	96.18	84.72	73.49	63.20	55.08	47.05	41.13	37.00	33.00	
107.00	94.26	83.06	71.90	61.98	53.73	45.50	41.25	37.82	34.46	33.08	33.00	
120.00	103.55	89.71	76.48	63.87	53.93	48.23	43.78	40.73	37.74	36.35	35.00	
118.00	105.97	94.53	83.71	73.80	64.90	58.06	51.26	45.17	39.79	35.84	32.00	
119.00	95.97	74.51	63.76	53.81	43.96	39.16	36.63	34.19	32.25	32.00	
106.00	93.49	82.47	71.93	61.55	51.51	43.46	37.05	33.33	32.01	32.00	
108.00	93.93	81.60	69.35	59.80	52.27	45.31	40.40	35.92	34.15	33.00	
121.00	107.94	95.78	84.88	74.31	63.74	53.62	45.92	40.97	36.52	34.97	34.00	
111.00	100.55	91.22	82.28	73.84	66.46	59.13	52.32	46.24	41.79	37.38	36.00	
113.00	100.78	89.59	79.66	69.85	60.96	52.12	44.83	39.80	37.58	36.00	
118.00	105.73	93.65	84.16	75.08	66.88	59.34	52.30	46.27	40.40	36.00	
117.00	103.18	91.80	80.95	70.44	61.66	54.67	48.16	43.19	39.41	35.91	33.00	
106.00	95.56	86.53	77.71	69.12	61.13	54.25	48.49	43.13	39.85	36.95	36.00	
113.00	98.95	86.38	74.31	64.86	56.75	49.70	43.67	37.75	33.84	31.00	
102.00	90.42	79.54	69.54	60.27	51.51	46.34	41.79	39.38	37.80	36.71	36.00	
113.00	102.03	91.52	81.05	71.47	61.91	54.83	48.06	42.99	37.94	34.00	
109.00	90.97	77.36	67.13	57.82	48.75	42.67	37.86	35.43	33.40	33.00	
112.00	98.73	85.72	74.28	63.87	56.04	48.40	42.50	37.64	34.87	34.16	34.00	
115.00	101.59	89.55	77.80	66.26	55.00	48.42	43.56	40.76	38.34	36.74	36.00	
106.00	94.36	83.94	73.62	65.53	58.42	51.68	46.16	42.05	38.33	35.00	
116.00	103.09	90.82	78.80	69.73	60.85	52.32	44.96	39.68	34.81	33.00	
111.00	97.70	84.59	71.81	62.32	52.86	45.59	40.79	37.91	36.00	35.00	
101.00	88.47	78.10	69.98	62.34	54.76	48.45	43.56	38.79	35.41	33.47	32.00	
116.00	98.49	82.71	69.52	56.92	44.59	38.44	33.04	31.32	31.02	31.00	
108.00	94.56	83.84	73.47	63.75	54.48	47.06	39.81	38.00	36.26	36.00	
112.00	100.36	88.96	77.58	66.77	58.99	51.79	46.33	41.61	37.20	33.00	
109.00	93.39	79.30	66.91	57.46	48.54	43.28	38.93	36.69	34.84	34.00	
108.00	96.22	85.06	73.96	64.58	55.43	49.04	43.16	38.95	36.05	34.00	
111.00	93.07	80.91	70.03	61.08	54.28	47.81	41.68	38.70	36.27	34.52	33.00	
122.00	105.98	92.06	80.72	70.91	61.30	53.92	47.62	42.99	38.39	33.93	33.00	
113.00	98.86	85.53	74.38	63.55	53.67	47.62	41.89	36.84	35.37	35.00	
112.00	95.05	79.30	66.41	55.89	47.30	41.29	36.90	34.70	33.59	33.00	
111.00	98.20	85.64	73.52	62.61	53.92	46.41	39.84	36.51	33.58	33.18	33.00	
102.00	90.52	79.30	68.24	57.99	51.15	45.92	41.05	38.20	36.20	36.00	
104.00	93.40	82.89	73.01	63.74	56.89	50.50	46.05	41.85	38.16	36.00	
108.00	92.04	79.09	66.52	55.79	47.33	41.17	36.07	34.10	32.85	32.00	
119.00	100.62	84.59	71.11	59.88	53.26	46.93	42.32	38.68	36.61	35.00	
106.00	92.04	81.16	72.20	63.74	56.55	50.45	44.35	38.78	36.61	36.00	
110.00	98.64	87.91	78.40	69.66	61.20	53.48	46.09	40.29	38.04	36.00	
105.00	89.80	77.76	66.64	58.00	52.50	47.35	43.59	40.21	38.76	37.33	36.00	
111.00	98.00	85.10	75.15	65.43	56.10	48.76	43.38	39.01	35.69	33.52	33.00	
108.00	96.32	87.05	77.85	69.97	63.03	56.54	50.42	44.71	39.81	36.37	35.00	
102.00	88.11	78.64	70.10	63.18	57.12	51.50	46.40	41.79	38.20	35.36	33.00	
114.00	100.31	89.59	79.26	69.88	61.01	53.14	47.14	42.37	37.90	35.41	35.00	
105.00	95.09	85.20	77.38	69.69	62.63	55.65	48.99	42.78	39.10	36.00	
118.00	107.01	96.90	86.99	77.32	68.65	61.22	54.04	48.06	42.48	37.02	33.00	
116.00	99.41	87.26	76.53	66.29	56.17	46.07	39.74	35.00	33.74	33.00	
109.00	98.13	87.31	76.63	66.05	56.39	47.79	39.91	35.02	33.50	32.00	
107.00	93.82	84.40	75.52	67.17	59.07	51.70	45.23	40.37	36.88	35.29	34.00	
114.00	99.15	84.54	70.94	57.50	49.29	42.28	38.80	36.65	35.33	34.61	34.00	
108.00	96.62	86.79	77.16	67.82	59.08	51.67	44.49	38.01	33.40	32.00	
122.00	107.44	93.46	80.02	69.70	59.72	51.33	44.20	39.42	37.32	36.62	36.00	
112.00	91.14	71.58	58.76	51.14	45.84	40.67	36.64	33.97	32.70	32.00	
119.00	103.94	92.67	83.61	74.61	65.67	56.82	50.78	45.10	41.80	38.54	36.00	
106.00	89.77	77.96	67.09	56.84	47.92	39.63	37.31	35.09	33.52	32.00	
122.00	108.51	95.12	83.13	71.71	61.64	51.75	45.63	41.47	37.61	35.13	34.00	
111.00	97.24	84.58	72.31	62.43	54.95	48.17	42.64	37.56	33.66	31.25	31.00	
110.00	95.55	81.86	69.52	57.86	46.19	39.98	37.14	34.66	32.74	32.00	
120.00	105.56	95.05	85.04	75.09	65.36	56.35	49.15	44.27	39.84	35.92	33.00	
122.00	103.59	89.84	76.21	63.90	52.05	45.11	38.69	33.88	31.62	31.00	
111.00	98.03	85.10	73.05	61.60	51.84	44.40	39.45	36.96	34.96	33.16	33.00	
120.00	104.37	91.42	78.57	65.89	53.88	46.58	41.78	38.01	34.96	33.00	
112.00	99.75	87.55	77.97	68.66	60.38	52.78	45.88	40.82	36.67	36.00	
109.00	98.15	87.75	77.49	67.26	57.08	50.17	43.41	38.59	35.15	32.00	
104.00	93.60	83.78	74.11	64.97	56.87	52.19	47.76	43.93	40.17	36.73	36.00	
109.00	96.60	84.43	73.25	63.51	54.50	45.81	40.26	35.41	33.98	33.16	33.00	
102.00	90.03	78.93	70.74	62.86	55.07	47.76	41.92	37.22	34.46	32.68	32.00	
105.00	90.79	77.49	65.11	54.43	46.47	39.91	38.05	36.39	34.73	34.00	
122.00	108.79	96.47	84.17	74.49	66.03	58.29	51.20	44.80	39.60	36.00	
108.00	93.39	79.87	70.66	62.44	54.65	47.86	41.79	38.15	35.07	32.59	32.00	
104.00	90.95	80.81	72.01	63.93	56.73	50.56	44.53	38.58	34.58	34.06	34.00	
110.00	98.24	86.59	75.87	67.00	58.24	50.32	44.32	39.10	35.63	33.40	32.00	
116.00	99.55	85.11	75.39	65.76	56.48	47.26	38.49	35.15	33.54	32.00	
106.00	96.20	86.91	77.71	69.09	60.52	53.47	47.04	42.28	38.64	36.00	
106.00	95.89	86.80	78.38	70.84	63.32	56.19	49.93	45.11	40.57	37.68	36.00	
116.00	98.17	85.70	74.39	63.09	54.28	46.36	41.83	38.07	34.90	32.00	
103.00	91.55	83.34	75.53	68.53	61.86	55.32	49.18	44.35	39.56	35.62	35.00	
115.00	101.59	89.91	79.43	69.47	60.01	51.36	43.84	37.82	32.50	32.00	
105.00	93.52	83.73	74.79	67.80	60.94	54.12	47.30	41.69	36.13	32.08	32.00	
115.00	104.80	94.66	85.13	76.06	67.67	60.68	54.04	47.70	41.72	37.73	36.00	
107.00	91.21	78.44	67.03	56.89	49.36	42.24	38.16	34.37	32.26	31.18	31.00	
120.00	105.35	91.56	77.91	64.71	56.14	48.05	40.29	36.08	33.32	31.46	31.00	
102.00	88.42	76.75	65.59	57.68	50.84	45.04	40.25	37.31	34.59	32.55	32.00	
103.00	92.27	81.59	71.92	63.99	56.85	49.95	43.49	39.81	36.61	34.58	34.00	
103.00	88.10	78.47	69.34	61.25	55.22	49.48	44.29	39.60	37.55	36.00	
116.00	105.13	94.27	83.54	73.00	63.33	54.19	46.51	40.39	35.84	35.03	35.00	
118.00	103.90	89.85	78.99	68.87	59.17	51.26	43.45	39.70	35.95	34.81	34.00	
107.00	92.06	78.42	65.66	54.14	47.59	42.65	38.42	35.72	34.11	34.00	
113.00	91.17	70.20	58.26	50.43	45.17	41.10	38.09	35.59	34.71	34.00	
105.00	94.83	84.90	75.38	65.88	57.40	49.24	43.71	39.17	35.74	34.53	34.00	
106.00	89.34	73.81	63.61	55.55	48.80	42.83	38.83	36.22	33.69	33.00	
122.00	104.17	88.87	74.62	60.59	52.89	46.84	40.81	37.50	34.63	32.31	31.00	
105.00	93.85	84.49	76.07	68.34	60.86	53.58	46.62	40.13	35.11	32.81	31.00	
108.00	91.58	77.35	66.56	58.89	51.65	45.10	40.16	35.30	32.59	32.00	
121.00	108.13	95.42	83.54	74.18	65.68	57.36	50.09	44.16	38.75	36.00	
109.00	96.81	84.82	73.89	63.77	54.55	48.75	43.61	38.67	35.68	34.00	
109.00	98.81	88.86	79.23	69.67	60.61	52.75	44.99	40.03	35.92	31.95	31.00	
102.00	90.85	79.88	69.07	58.93	53.19	47.83	43.20	38.75	35.72	35.00	
114.00	99.78	87.49	76.15	65.79	55.82	50.54	45.52	41.04	36.86	36.38	36.00	
114.00	97.76	83.31	70.59	60.61	53.35	47.00	41.60	36.23	34.27	32.74	32.00	
106.00	93.25	81.06	69.56	60.19	52.43	47.82	43.41	39.62	37.81	36.00	
116.00	97.58	82.40	71.12	62.63	55.06	49.11	43.61	38.58	35.50	35.00	
101.00	91.19	82.07	73.44	65.44	57.56	49.75	42.25	39.28	36.52	34.29	34.00	
119.00	102.04	87.58	76.22	65.13	54.24	49.15	44.44	39.80	36.62	34.49	34.00	
114.00	96.03	79.17	63.34	47.86	42.94	38.08	35.50	34.35	33.61	33.00	
117.00	106.21	95.56	85.37	75.67	66.19	57.65	51.45	45.82	41.21	36.62	33.00	
106.00	95.43	85.66	76.15	67.13	58.49	51.26	44.84	38.69	33.53	32.00	
105.00	93.61	82.85	72.12	63.08	54.42	47.92	41.96	36.13	34.14	32.19	32.00	
113.00	98.36	85.49	72.89	65.00	57.24	50.49	43.89	38.65	33.82	31.85	31.00	
102.00	91.99	82.64	73.74	64.94	57.89	52.22	46.87	41.72	37.32	34.31	33.00	
118.00	104.71	91.71	80.30	70.82	61.46	52.55	44.30	37.25	32.12	31.00	
117.00	103.48	91.18	79.09	68.18	59.19	51.86	44.74	41.01	37.49	34.03	31.00	
111.00	97.41	83.91	73.90	63.96	54.92	48.56	42.93	38.80	36.78	35.00	
115.00	103.11	92.31	81.75	71.52	61.71	52.46	46.75	41.30	36.42	32.52	32.00	
104.00	92.79	81.79	72.15	64.07	56.98	49.97	43.86	40.67	37.69	35.27	34.00	
108.00	96.77	85.80	76.58	67.82	59.66	51.60	45.19	41.33	38.35	36.00	
112.00	99.11	88.63	79.69	71.11	63.07	55.30	48.18	41.34	35.76	32.71	32.00	
117.00	102.66	88.71	75.65	64.35	54.49	49.17	44.94	40.97	37.75	36.17	36.00	
114.00	98.90	87.30	76.72	67.40	59.91	52.73	46.34	40.66	37.36	34.69	34.00	
122.00	110.58	99.28	88.63	78.83	69.18	59.66	51.94	45.27	39.56	36.93	36.00	
104.00	88.28	75.74	63.45	56.78	51.79	46.96	43.27	40.05	37.06	36.00	
123.00	108.85	95.43	82.28	70.77	60.46	52.03	43.64	37.05	34.00	32.00	
110.00	97.66	87.36	77.17	67.68	59.53	52.05	45.06	39.19	37.17	35.18	34.00	
113.00	101.76	91.40	81.32	71.96	63.09	54.28	47.09	40.74	37.22	35.50	35.00	
106.00	94.73	85.06	75.83	66.97	58.51	50.65	42.99	37.82	36.88	36.06	36.00	
120.00	104.93	92.49	81.15	70.08	60.93	53.87	47.60	41.88	37.88	34.48	34.00	
114.00	97.97	84.69	71.95	60.23	49.03	43.22	39.55	36.05	34.41	33.04	32.00	
115.00	100.04	86.00	72.99	60.81	50.76	42.06	38.14	35.42	33.84	33.08	33.00	
105.00	93.99	84.93	75.88	67.46	59.06	52.17	46.10	40.99	36.62	34.40	34.00	
106.00	95.59	85.18	75.35	66.97	60.84	54.79	49.42	44.51	39.94	36.00	
106.00	91.87	78.68	68.67	61.17	54.53	48.01	43.41	39.04	36.90	35.64	35.00	
113.00	99.97	87.06	75.79	65.26	57.73	51.53	45.89	41.55	37.65	34.48	34.00	
103.00	90.31	79.43	69.17	59.71	51.01	43.98	37.48	33.35	31.31	31.00	
118.00	105.02	92.42	81.38	71.66	64.29	57.91	51.56	45.58	41.70	38.81	36.00	
110.00	99.49	89.36	80.21	71.38	62.72	54.12	45.79	38.54	34.04	33.08	33.00	
104.00	93.88	84.94	76.08	67.95	60.07	52.40	45.03	38.70	35.67	34.20	34.00	
119.00	100.04	86.53	74.98	66.10	57.69	49.61	42.27	37.36	33.05	32.00	
107.00	94.32	83.20	74.26	65.68	57.28	49.77	42.49	37.07	33.38	33.00	
119.00	104.11	89.53	75.38	62.30	53.56	47.63	41.81	36.25	32.40	31.00	
109.00	92.52	78.98	66.11	59.56	53.98	48.50	43.48	38.54	36.56	35.65	35.00	
114.00	99.44	85.15	71.84	60.94	52.94	46.84	41.89	37.12	34.26	31.74	31.00	
115.00	101.14	87.57	74.67	62.07	51.21	42.10	38.67	35.96	33.40	31.88	31.00	
108.00	90.24	75.22	64.13	53.77	48.27	43.78	39.90	36.52	34.03	33.30	33.00	
103.00	91.68	82.12	73.31	65.19	57.08	50.45	44.90	41.76	38.73	37.21	36.00	
101.00	86.15	75.96	66.26	58.22	51.57	45.40	40.58	36.22	33.29	32.00	
113.00	95.55	79.25	66.48	53.95	49.47	45.56	42.04	39.54	37.53	36.00	
118.00	106.84	96.13	86.00	76.27	66.97	58.90	52.29	45.80	41.08	36.61	35.00	
122.00	102.33	85.46	72.28	60.75	50.69	44.90	39.84	35.00	32.28	31.00	
109.00	98.32	87.69	77.21	68.11	59.31	50.60	42.86	36.76	32.02	31.00	
107.00	95.18	83.97	73.16	63.87	55.34	48.09	41.31	38.37	36.12	35.21	35.00	
103.00	91.39	81.06	70.94	61.57	53.92	47.34	40.97	34.80	32.87	32.00	
101.00	88.56	77.70	69.59	61.69	56.17	50.72	45.63	40.84	37.54	34.68	34.00	
105.00	93.39	82.65	71.98	64.01	56.41	49.82	43.43	39.30	37.19	36.00	
120.00	101.99	86.31	71.10	60.55	53.03	46.37	41.52	37.50	33.88	31.07	31.00	
106.00	89.92	74.88	60.45	52.04	46.65	41.80	38.18	35.21	32.53	32.00	
116.00	101.30	87.36	73.76	63.21	54.18	45.65	41.33	37.29	34.11	33.00	
101.00	88.83	77.85	66.91	57.14	50.11	43.17	37.78	34.08	33.26	33.00	
113.00	100.63	88.49	76.85	66.99	58.73	51.86	45.33	40.44	37.30	36.14	36.00	
103.00	88.56	79.02	69.63	60.54	52.36	46.16	40.01	34.64	32.81	31.00	
107.00	95.86	84.72	74.08	64.69	55.44	46.38	41.04	36.05	32.17	31.44	31.00	
103.00	82.19	69.49	61.08	55.96	51.20	46.47	41.91	37.97	35.80	33.67	33.00	
112.00	99.00	87.87	77.96	68.12	59.19	50.98	45.43	39.90	38.22	36.58	36.00	
103.00	89.99	79.60	69.23	59.49	50.20	45.59	41.43	37.38	33.48	31.08	31.00	
105.00	90.96	77.02	65.54	54.88	47.83	42.55	37.29	35.31	33.61	32.14	32.00	
120.00	104.96	91.57	78.60	70.64	62.89	55.94	50.06	45.01	41.26	37.62	34.00	
113.00	100.10	87.76	77.31	67.32	58.28	51.59	46.33	41.10	36.85	33.16	33.00	
120.00	103.48	88.83	74.29	62.52	50.79	46.03	41.43	37.13	34.53	34.00	
116.00	102.78	90.26	78.54	67.89	59.09	50.76	43.88	38.11	34.53	32.16	32.00	
109.00	95.57	83.11	72.44	62.32	55.65	50.13	45.03	40.31	37.05	35.46	35.00	
111.00	95.00	82.70	71.27	60.73	52.49	47.09	41.97	39.21	37.29	36.00	
105.00	94.80	84.96	76.87	68.94	61.09	53.45	47.78	42.24	37.23	32.83	31.00	
121.00	104.07	89.40	75.33	61.73	51.97	42.81	37.28	33.46	33.05	33.00	
116.00	96.58	79.55	70.78	62.14	54.42	47.58	42.28	38.31	34.88	33.16	32.00	
110.00	96.48	83.14	73.36	64.04	56.36	49.33	42.33	37.47	33.22	32.00	
117.00	102.67	88.63	76.93	66.49	58.96	52.70	47.10	41.80	36.59	32.10	31.00	
108.00	92.03	78.68	65.39	52.47	47.66	42.97	39.21	36.05	34.58	34.00	
119.00	104.37	91.51	81.27	71.58	62.12	54.36	47.33	41.68	36.58	32.50	32.00	
102.00	91.40	80.86	70.75	62.73	55.78	50.99	46.54	42.37	38.81	36.27	35.00	
111.00	98.00	88.65	79.55	70.77	63.78	56.78	49.84	44.05	38.33	33.00	
121.00	106.14	93.87	82.10	70.50	59.22	48.10	40.08	32.06	31.33	31.00	
117.00	102.29	89.41	78.24	69.96	61.69	54.83	49.27	43.75	40.53	38.08	36.00	
108.00	93.24	79.65	69.39	61.20	54.29	47.62	42.44	38.42	34.66	31.00	
114.00	101.99	90.16	78.54	68.33	58.32	51.70	45.45	39.53	36.42	35.69	35.00	
111.00	98.84	87.31	76.52	66.94	59.49	52.97	47.98	43.00	38.65	35.95	34.00	
101.00	86.22	72.48	59.08	48.93	42.88	37.09	36.18	35.67	35.22	35.02	35.00	
117.00	101.63	88.65	76.10	64.16	54.64	45.43	39.52	34.57	33.17	33.00	
114.00	101.46	89.21	77.66	67.69	58.63	50.91	44.41	39.18	34.68	33.00	
112.00	96.44	82.61	71.44	61.90	53.52	47.60	41.92	38.42	35.77	33.96	33.00	
115.00	102.91	91.55	80.44	69.43	59.82	50.22	42.22	35.79	34.84	34.00	
107.00	93.94	81.86	69.93	61.20	53.27	47.05	42.02	37.25	34.71	34.21	34.00	
121.00	102.89	87.30	75.37	66.85	58.49	51.25	44.15	40.62	37.19	34.06	32.00	
122.00	106.88	91.96	79.46	68.59	60.73	53.95	47.55	43.95	40.74	37.61	36.00	
104.00	93.61	83.53	76.01	68.94	62.14	55.42	49.21	43.10	37.14	33.02	33.00	
116.00	97.28	80.13	67.77	57.09	50.15	43.45	37.56	34.64	33.54	33.23	33.00	
110.00	97.74	86.66	76.11	66.05	58.24	50.91	44.21	39.47	36.69	35.28	34.00	
113.00	101.55	90.09	79.29	68.74	59.92	52.03	46.63	41.62	37.31	33.80	32.00	
111.00	95.17	82.17	69.60	58.68	49.00	44.72	40.53	36.51	35.24	35.00	
110.00	97.02	84.81	73.42	63.09	53.30	47.26	41.84	37.00	33.24	32.29	32.00	
121.00	105.99	91.12	76.51	66.63	57.53	48.70	42.21	35.78	34.25	34.00	
120.00	105.16	93.63	83.14	72.69	62.36	52.36	44.49	37.06	33.19	31.00	
114.00	95.79	80.60	66.99	57.23	48.92	41.60	39.35	37.36	36.15	36.00	
108.00	95.44	83.79	72.44	63.40	54.96	47.18	41.00	35.70	31.68	31.04	31.00	
120.00	105.11	93.65	82.57	71.65	62.84	55.10	47.88	41.80	36.51	36.00	
105.00	88.83	78.02	68.24	59.01	53.37	49.00	44.68	40.39	36.15	33.22	31.00	
113.00	97.31	84.24	74.78	65.70	57.19	48.98	41.71	36.98	34.56	34.00	
123.00	109.20	98.13	87.53	77.92	68.52	59.85	51.68	46.63	41.82	37.95	36.00	
122.00	107.24	93.63	81.13	71.19	63.02	54.93	48.11	41.74	36.87	36.00	
107.00	95.23	84.90	75.76	67.41	59.17	51.02	43.52	36.11	33.35	32.52	32.00	
122.00	108.30	95.46	82.90	70.62	58.68	51.00	45.22	39.73	35.89	35.01	35.00	
109.00	88.20	72.97	62.61	55.95	49.31	43.10	38.59	35.62	33.40	32.00	
109.00	96.62	86.01	75.94	66.31	57.87	51.49	45.54	41.66	37.97	34.62	32.00	
118.00	101.52	88.32	77.01	67.04	57.45	49.68	43.14	39.64	36.50	35.00	
104.00	91.57	81.91	72.57	64.11	56.58	49.27	42.74	39.22	35.96	33.00	
112.00	98.43	88.12	78.52	69.95	61.52	53.48	46.48	40.05	37.35	36.00	
106.00	91.83	78.87	66.59	55.07	46.12	39.91	35.35	33.34	31.53	31.00	
119.00	102.45	87.02	72.42	58.36	48.55	39.07	34.78	32.91	31.39	31.00	
110.00	95.34	81.29	70.21	60.82	52.23	46.18	41.66	37.94	34.33	34.00	
102.00	86.79	72.93	60.26	53.93	47.69	42.64	38.56	35.55	32.67	32.00	
121.00	106.73	92.63	80.82	71.00	61.75	52.68	46.90	41.89	37.28	36.51	36.00	
109.00	88.89	70.21	56.19	46.93	41.68	38.28	35.25	32.87	32.12	32.00	
111.00	99.68	89.41	81.08	73.01	65.26	58.18	52.23	47.27	42.74	38.62	35.00	
102.00	91.22	80.72	70.69	61.76	53.23	44.90	40.17	36.89	33.63	32.00	
123.00	108.43	95.74	84.40	74.36	65.19	57.78	50.87	45.65	41.43	38.70	36.00	
103.00	88.73	78.96	70.38	61.87	53.71	45.74	39.59	36.10	33.05	31.00	
108.00	91.74	76.55	66.00	56.76	49.62	44.81	40.91	37.34	34.11	34.00	
111.00	98.29	85.84	73.46	63.63	55.02	47.03	41.68	38.60	35.99	33.74	32.00	
110.00	97.98	86.36	75.09	64.08	56.26	48.96	43.30	40.09	37.88	35.73	34.00	
101.00	87.64	74.98	65.96	59.05	53.14	47.55	42.72	37.95	33.34	31.37	31.00	
103.00	90.51	78.86	69.59	61.05	52.80	44.92	37.68	32.71	32.21	32.00	
107.00	96.47	86.69	78.52	70.74	63.12	56.42	49.96	45.48	41.06	36.90	34.00	
108.00	93.62	82.23	71.14	60.91	52.63	45.90	39.70	36.19	34.54	33.00	
114.00	101.82	90.69	80.67	71.97	63.29	55.30	48.49	42.11	36.79	33.89	31.00	
108.00	95.32	83.30	73.74	64.92	56.51	48.63	42.98	38.23	36.41	35.00	
122.00	105.01	88.91	73.31	63.48	54.71	46.17	37.83	33.36	31.43	31.00	
105.00	89.96	77.64	66.71	57.66	48.63	43.49	39.90	37.27	35.63	35.00	
104.00	92.58	82.22	72.38	62.55	55.03	48.75	42.52	38.60	36.57	36.00	
114.00	102.26	90.66	80.62	70.87	61.22	53.56	46.52	39.58	33.89	32.00	
118.00	104.52	94.16	84.06	74.09	64.34	54.98	48.19	41.69	36.55	34.41	33.00	
114.00	98.71	84.21	73.37	63.01	54.31	47.87	42.66	38.23	34.05	33.00	
120.00	102.12	84.71	71.20	61.94	54.52	47.48	41.58	38.18	35.66	34.00	
117.00	100.21	86.53	73.52	60.87	51.35	43.05	36.88	34.70	33.52	33.00	
112.00	100.04	89.91	80.18	70.69	61.77	54.48	47.24	41.73	37.21	33.04	32.00	
122.00	106.61	91.32	77.34	67.35	58.89	50.93	43.94	37.81	35.69	33.73	33.00	
116.00	103.99	93.26	82.67	72.58	63.50	55.27	48.10	41.77	38.70	36.00	
111.00	100.01	89.56	79.14	69.51	61.15	53.43	47.73	42.16	39.58	37.25	35.00	
117.00	99.49	86.78	76.38	66.18	56.48	46.77	41.61	36.94	34.50	32.24	32.00	
106.00	88.27	71.51	59.02	51.07	45.39	40.71	37.77	34.82	33.58	33.27	33.00	
105.00	91.62	79.80	70.65	62.58	54.74	47.86	43.11	40.20	37.70	36.00	
105.00	89.69	74.50	61.71	54.06	47.08	41.81	37.56	34.23	31.61	31.00	
101.00	88.93	78.64	68.81	59.67	52.65	47.12	42.44	38.12	34.30	31.06	31.00	
107.00	94.72	82.82	71.41	63.82	57.72	51.98	47.37	43.01	39.33	35.82	33.00	
109.00	96.66	84.96	74.02	63.12	55.81	48.79	42.07	35.71	31.96	31.00	
108.00	87.59	74.76	64.70	55.41	46.44	41.68	38.21	35.53	32.90	31.00	
115.00	97.56	81.59	70.71	61.05	53.78	48.97	44.17	41.13	38.21	36.59	36.00	
119.00	101.08	84.00	71.71	62.88	55.54	49.66	45.19	40.75	37.80	35.19	35.00	
123.00	100.96	83.31	68.98	57.63	46.82	40.82	37.05	34.96	33.09	31.26	31.00	
118.00	106.42	95.71	85.40	75.45	66.72	58.27	50.88	44.99	39.96	36.34	35.00	
118.00	103.01	88.71	74.60	64.86	57.15	50.97	45.23	39.87	35.90	34.00	
101.00	89.07	78.39	68.24	58.76	52.52	46.83	41.73	37.48	34.61	32.00	
111.00	98.73	86.97	77.68	69.48	61.31	54.37	48.18	43.04	38.38	36.72	36.00	
114.00	100.14	87.67	76.25	66.94	58.56	50.94	43.34	38.24	35.27	34.00	
114.00	100.47	89.94	79.55	69.32	60.76	52.92	47.27	42.03	37.53	34.14	33.00	
120.00	105.94	92.06	80.38	70.75	61.61	53.56	45.81	38.51	35.31	33.38	33.00	
123.00	108.77	96.60	84.69	74.50	64.54	55.51	49.04	42.58	38.20	34.30	31.00	
105.00	91.85	79.53	69.62	61.65	54.61	48.50	43.05	38.08	35.80	34.09	34.00	
109.00	97.84	87.35	77.41	67.72	58.77	50.80	46.34	42.00	38.06	34.83	32.00	
108.00	93.31	79.62	67.11	55.33	44.71	38.86	35.40	32.89	31.58	31.00	
118.00	102.93	88.14	78.51	69.68	61.20	53.07	45.99	41.83	38.24	35.24	33.00	
111.00	98.58	87.60	77.15	67.84	58.58	51.34	44.46	41.08	38.71	36.34	35.00	
115.00	101.96	89.62	78.34	68.21	59.01	50.60	42.70	37.58	35.56	33.81	33.00	
113.00	97.55	82.20	70.53	60.54	51.57	45.16	39.17	33.48	32.12	31.52	31.00	
106.00	93.42	81.05	68.68	59.03	49.99	42.89	37.47	33.67	32.55	32.08	32.00	
103.00	91.86	82.78	73.95	65.73	58.02	51.13	44.69	38.78	34.82	31.00	
104.00	88.73	77.03	65.56	56.06	48.70	42.42	36.70	34.31	33.04	32.00	
111.00	96.83	84.55	74.77	66.65	59.22	51.97	46.07	42.36	38.75	35.61	35.00	
114.00	101.14	88.47	76.98	65.98	57.38	49.78	44.48	39.37	36.14	33.01	33.00	
102.00	90.89	79.78	72.14	65.15	58.73	53.15	47.80	42.77	38.98	35.47	32.00	
101.00	83.05	65.77	55.33	48.68	43.32	40.20	37.98	36.58	35.38	35.02	35.00	
110.00	96.04	83.45	72.08	62.05	54.05	46.80	40.10	37.37	36.47	36.00	
111.00	97.95	85.10	74.89	65.89	57.98	50.11	44.70	40.47	36.25	33.98	32.00	
120.00	103.62	90.30	80.69	71.49	63.80	56.89	50.42	44.83	40.11	36.00	
111.00	98.95	87.33	77.49	69.12	61.78	55.22	50.24	45.62	41.03	36.44	35.00	
117.00	100.18	83.86	68.38	56.13	49.87	44.49	39.47	37.53	35.74	35.00	
114.00	102.70	92.68	83.38	74.64	67.22	60.14	53.07	46.61	41.09	36.00	
114.00	100.65	87.59	75.47	64.42	57.11	51.28	47.00	42.86	38.86	35.00	
111.00	98.11	88.48	78.98	69.47	60.51	52.89	46.33	40.63	35.22	35.00	
110.00	94.94	79.94	65.43	54.55	45.70	40.76	36.32	32.65	31.42	31.00	
109.00	92.66	81.25	70.14	63.53	57.08	51.92	47.29	43.17	39.09	36.06	34.00	
103.00	90.22	80.47	71.32	63.78	57.40	51.83	46.41	42.31	39.34	36.95	35.00	
105.00	93.23	82.13	72.08	63.25	55.70	49.52	44.15	39.92	37.51	35.53	35.00	
113.00	104.46	96.07	87.80	79.90	72.08	64.87	57.68	50.73	43.86	37.90	34.00	
115.00	100.90	86.84	75.50	64.40	55.33	49.09	43.67	38.36	34.79	32.00	
116.00	99.66	83.80	70.19	60.76	52.13	47.11	42.63	38.61	35.22	34.00	
104.00	93.56	83.38	74.14	66.12	58.42	51.52	46.26	41.58	37.33	34.00	
103.00	91.72	81.68	73.46	65.81	59.36	53.10	47.04	41.10	36.60	35.00	
110.00	93.31	80.61	68.87	58.82	50.10	43.24	38.05	35.92	35.37	35.00	
110.00	92.96	78.01	68.60	61.52	55.33	49.42	43.63	40.20	36.80	36.00	
113.00	98.25	84.70	72.72	63.92	56.74	50.32	45.37	40.67	36.06	33.00	
103.00	90.92	80.64	71.25	63.55	56.20	50.13	44.40	40.23	37.05	36.00	
106.00	93.83	82.88	72.64	62.52	52.95	43.65	38.10	34.60	32.19	31.00	
111.00	95.31	82.74	70.63	61.45	53.56	47.27	41.30	36.52	33.92	32.38	32.00	
111.00	99.35	88.20	77.85	68.56	60.58	53.53	47.67	42.40	37.39	35.00	
112.00	99.93	89.51	79.46	69.51	60.15	53.04	46.89	40.85	38.68	37.01	36.00	
123.00	109.61	96.65	83.79	73.56	64.32	57.81	51.97	46.16	41.20	37.07	33.00	
106.00	95.19	84.64	74.84	65.64	58.37	51.56	45.96	41.69	38.76	36.00	
115.00	100.78	88.53	77.21	66.63	57.35	49.86	43.07	36.99	32.45	31.00	
117.00	103.83	90.74	79.97	70.46	62.14	54.91	49.05	44.59	41.16	37.92	35.00	
113.00	98.60	86.40	76.27	67.80	59.33	51.36	43.50	38.32	34.86	32.03	31.00	
107.00	96.85	87.45	78.89	70.94	63.05	55.79	48.79	42.76	38.76	36.00	
104.00	92.03	80.25	69.35	58.54	49.97	43.70	39.08	35.79	33.71	32.00	
109.00	95.48	83.90	72.81	63.21	55.35	48.91	42.69	38.19	34.55	31.00	
113.00	98.64	85.77	75.14	65.25	57.06	50.19	44.36	38.89	33.45	33.00	
123.00	106.00	92.16	79.52	67.84	56.51	46.86	38.76	36.57	35.09	35.00	
121.00	108.44	96.20	84.93	73.81	62.80	52.72	44.34	38.99	35.87	34.04	33.00	
116.00	101.15	89.26	77.84	68.84	60.30	53.00	45.77	41.71	37.76	34.00	
120.00	104.83	91.45	79.06	67.31	57.16	49.44	41.81	38.17	34.76	32.64	32.00	
122.00	104.14	87.09	73.38	59.81	51.91	44.63	38.49	35.21	32.23	32.00	
120.00	102.63	86.80	72.84	58.92	49.56	41.24	36.76	34.31	33.58	33.00	
119.00	103.50	89.93	79.50	69.35	60.69	52.96	46.63	40.83	36.98	34.00	
118.00	101.99	86.07	73.81	62.55	51.98	45.68	41.28	37.28	35.91	35.00	
101.00	87.84	75.87	63.99	55.63	47.69	42.63	37.93	33.68	32.50	32.01	32.00	
120.00	103.88	90.38	78.94	69.17	60.21	52.51	46.59	40.92	36.06	32.00	
110.00	95.62	86.09	76.73	67.93	59.70	51.71	44.33	38.74	35.61	35.00	
114.00	98.22	85.04	74.06	63.24	54.61	46.30	40.18	38.49	37.02	36.00	
105.00	92.96	81.45	71.84	63.02	54.57	48.33	44.00	40.22	36.79	33.79	32.00	
104.00	91.47	79.28	70.53	62.68	56.31	50.11	43.98	39.25	34.56	34.15	34.00	
104.00	91.31	79.63	70.90	63.50	57.31	51.67	46.06	40.80	36.82	34.24	32.00	
110.00	96.36	85.73	76.26	67.51	60.10	53.54	48.39	44.15	40.23	36.47	36.00	
101.00	89.51	79.94	70.73	62.26	54.04	48.93	44.19	39.57	35.23	32.56	31.00	
102.00	92.04	84.24	76.48	69.36	62.41	56.42	50.83	45.59	40.37	36.03	32.00	
111.00	99.10	89.53	80.33	71.29	64.00	56.83	50.24	44.41	39.30	36.34	35.00	
103.00	90.22	79.57	69.62	59.79	55.20	50.86	46.54	43.25	40.08	37.26	35.00	
101.00	85.29	71.76	58.32	50.94	43.69	40.02	37.25	34.69	32.59	31.72	31.00	
110.00	94.75	80.96	70.54	61.99	53.89	46.14	40.78	37.13	33.55	32.48	32.00	
119.00	102.92	91.77	81.44	71.49	63.39	55.31	47.89	40.83	34.66	34.00	
112.00	97.39	82.92	69.05	55.35	49.45	43.97	38.70	33.94	31.71	31.00	
122.00	104.29	87.30	73.25	62.01	53.98	46.65	40.90	38.38	36.18	35.00	
110.00	97.16	84.33	72.03	62.01	54.45	47.17	41.04	37.75	34.53	33.61	33.00	
109.00	96.95	86.16	75.59	66.53	57.82	49.35	42.86	39.41	36.47	34.00	
120.00	105.79	91.65	77.65	65.46	56.68	48.65	42.29	38.91	36.41	34.80	34.00	
121.00	106.19	92.29	78.56	68.52	60.21	52.60	45.77	41.29	38.08	35.33	33.00	
114.00	103.02	92.32	82.28	73.16	64.78	57.50	50.89	44.75	40.53	36.39	34.00	
115.00	103.38	92.67	82.37	72.68	64.73	57.43	50.88	44.57	40.60	36.91	34.00	
108.00	95.64	84.92	75.47	66.09	57.19	49.16	41.25	38.60	36.88	36.26	36.00	
117.00	102.57	90.11	79.34	68.90	59.49	51.52	45.60	41.74	38.48	36.24	36.00	
106.00	93.47	81.36	70.99	60.94	51.00	46.45	42.69	39.63	37.34	36.00	
103.00	92.77	83.71	75.40	67.59	60.25	53.58	47.74	43.52	39.36	36.00	
114.00	102.14	90.50	78.90	70.54	62.34	54.26	47.06	42.76	39.01	35.31	34.00	
106.00	95.02	84.56	74.29	64.41	55.26	46.60	39.98	35.94	33.40	32.00	
110.00	100.15	91.20	82.40	73.61	65.07	56.71	49.07	42.70	37.43	33.40	31.00	
120.00	103.66	88.36	77.19	67.53	58.76	51.81	46.02	40.62	35.63	31.59	31.00	
101.00	88.64	76.80	67.14	59.03	51.89	46.53	42.40	39.09	35.90	34.01	33.00	
110.00	94.23	82.04	70.56	60.18	50.94	42.02	36.99	33.51	32.32	31.26	31.00	
102.00	89.19	76.66	65.24	54.52	49.33	44.15	39.47	36.03	35.50	35.03	35.00	
117.00	105.25	94.26	83.46	74.66	66.22	57.79	50.90	44.60	38.98	35.03	32.00	
105.00	95.36	86.22	77.96	69.98	62.07	55.17	48.84	43.42	38.81	34.60	32.00	
105.00	94.46	83.94	75.51	67.46	59.66	52.21	47.09	42.02	38.03	36.03	36.00	
119.00	100.89	83.58	67.67	54.75	47.89	41.74	38.96	37.31	36.59	36.00	
105.00	93.09	81.69	72.41	63.62	55.29	49.15	44.26	39.44	34.90	31.00	
117.00	103.64	91.22	79.55	68.04	58.79	51.46	45.58	41.05	37.36	36.00	
120.00	107.45	96.14	85.35	75.25	65.21	56.70	49.06	42.47	36.54	33.69	32.00	
122.00	104.15	86.59	70.23	59.27	49.90	44.06	39.74	35.68	34.52	34.00	
116.00	100.76	85.80	71.74	59.24	50.29	43.56	38.91	36.65	35.03	33.75	33.00	
117.00	101.97	89.48	78.86	68.60	59.69	52.42	46.33	41.70	38.32	36.57	36.00	
108.00	95.97	84.00	73.02	62.04	53.95	47.70	42.91	38.42	34.87	33.00	
120.00	99.57	80.70	68.58	56.69	45.89	40.05	36.82	35.90	35.28	35.00	
116.00	99.60	83.30	71.72	62.76	55.23	47.75	41.03	38.05	36.02	35.19	35.00	
112.00	89.71	74.28	62.68	54.46	47.79	43.30	39.19	35.84	34.12	33.00	
104.00	93.58	84.55	75.53	66.86	59.92	53.31	47.92	43.28	38.95	35.00	
105.00	95.23	86.52	78.69	70.95	63.81	56.82	50.25	44.04	40.01	36.12	35.00	
114.00	99.62	86.81	75.97	65.31	55.18	45.55	39.12	34.05	31.21	31.00	
118.00	106.01	95.42	84.87	74.56	64.41	56.47	49.14	42.33	37.22	32.80	31.00	
101.00	90.64	80.99	71.68	62.38	53.17	46.42	39.78	36.83	35.42	34.18	33.00	
118.00	101.08	87.52	74.49	61.52	49.69	42.79	39.40	38.25	37.33	36.47	36.00	
106.00	94.29	84.39	75.73	67.62	59.87	53.10	47.53	43.09	38.91	36.35	36.00	
113.00	100.20	87.91	77.37	66.91	59.71	52.66	46.43	40.77	36.23	35.00	
101.00	89.65	79.41	71.06	63.19	55.61	49.73	44.80	40.62	37.24	34.38	33.00	
116.00	99.01	88.33	78.28	68.75	59.93	51.14	43.20	38.33	36.22	34.58	33.00	
114.00	100.17	87.81	76.00	64.43	54.30	45.08	41.50	38.67	36.15	36.00	
107.00	95.90	85.61	75.51	67.05	58.69	51.78	45.97	40.35	36.99	34.00	
117.00	103.90	91.07	79.22	68.11	57.61	47.24	40.32	35.35	34.11	33.00	
118.00	101.31	89.35	78.86	69.16	60.37	53.35	46.78	41.24	37.37	34.22	34.00	
115.00	103.05	91.27	80.83	71.10	61.55	53.72	46.34	39.39	33.82	33.30	33.00	
105.00	90.92	78.89	68.88	59.96	51.64	46.46	41.42	37.73	34.14	31.86	31.00	
112.00	100.43	90.22	82.05	74.13	66.49	59.31	52.36	46.75	41.25	36.00	
111.00	90.55	73.35	62.72	55.16	49.39	43.87	40.82	38.70	36.72	35.00	
119.00	104.45	90.72	77.27	66.04	55.70	45.71	40.92	36.54	35.79	35.13	35.00	
118.00	102.29	86.91	73.35	61.20	52.49	44.55	40.19	36.28	34.90	34.00	
120.00	104.02	89.19	76.55	68.03	60.75	54.16	47.65	41.42	37.71	35.00	
117.00	100.44	89.67	79.30	71.18	63.21	56.41	49.71	43.41	38.05	35.00	
112.00	97.44	85.47	75.14	65.12	57.25	51.13	45.90	41.83	38.47	36.00	
105.00	90.92	78.12	67.18	58.50	50.13	44.60	40.41	38.05	36.87	36.00	
121.00	107.21	94.48	82.53	71.24	60.52	52.85	45.92	41.67	38.28	36.85	36.00	
121.00	103.27	85.66	71.38	59.83	53.29	47.89	43.84	40.12	37.02	35.02	35.00	
117.00	103.48	90.97	78.97	68.60	59.64	52.61	46.30	41.18	36.51	35.00	
108.00	90.77	77.58	66.41	59.20	52.44	46.83	41.28	38.06	36.24	35.34	35.00	
107.00	95.53	84.29	74.37	66.38	59.08	52.04	45.53	40.19	35.81	34.10	34.00	
122.00	104.54	92.48	81.83	71.28	62.76	56.75	50.82	45.24	41.22	37.46	36.00	
117.00	103.00	90.30	78.07	66.46	58.77	52.99	47.22	41.59	36.43	33.00	
116.00	101.82	88.75	78.29	68.67	59.72	51.14	44.10	39.63	36.77	34.10	32.00	
106.00	93.91	83.24	74.08	66.27	59.01	51.75	45.16	39.82	37.90	36.00	
115.00	97.02	81.23	68.70	58.53	50.56	44.85	40.48	36.63	35.78	35.00	
108.00	94.75	83.11	72.51	62.20	54.97	49.05	43.84	38.79	34.91	32.97	32.00	
115.00	104.38	94.44	84.67	75.28	66.21	59.03	51.92	45.03	38.69	35.50	35.00	
106.00	88.95	78.58	69.60	61.17	53.56	48.20	43.33	38.58	36.52	35.00	
115.00	99.51	84.70	72.40	62.57	53.88	45.20	38.90	34.54	33.76	33.00	
109.00	93.90	82.91	72.26	64.62	57.18	50.18	43.69	37.61	35.51	35.00	
101.00	91.08	81.36	72.50	63.74	55.76	48.30	43.54	40.11	37.10	35.00	
110.00	98.26	87.04	77.23	67.98	59.31	51.11	43.24	39.08	35.63	33.13	33.00	
105.00	93.76	84.10	76.36	68.71	61.18	54.72	48.88	43.73	38.74	35.00	
101.00	89.45	80.19	71.01	62.72	55.35	49.97	44.78	39.63	37.28	36.50	36.00	
108.00	88.55	76.17	65.77	56.36	47.22	39.84	35.88	33.58	32.50	32.00	
121.00	102.29	83.60	68.21	59.54	53.26	47.58	42.42	38.14	34.05	33.00	
106.00	93.94	82.39	71.54	63.03	54.74	46.64	43.38	40.42	37.68	35.00	
112.00	92.92	77.89	68.41	59.62	51.27	43.53	38.75	35.35	33.35	32.00	
120.00	106.72	94.12	81.62	70.89	61.42	52.18	44.66	39.85	36.91	34.75	34.00	
103.00	91.02	80.36	70.20	60.91	52.12	45.64	39.44	35.27	31.53	31.00	
120.00	106.23	94.35	82.49	71.83	62.96	55.16	47.97	42.25	37.82	34.05	34.00	
106.00	94.28	84.12	74.47	64.91	55.41	47.65	42.13	36.61	33.15	31.38	31.00	
113.00	98.70	87.29	78.60	71.21	64.73	58.59	52.57	46.74	41.69	36.96	34.00	
105.00	92.12	80.70	71.08	62.14	53.43	46.14	42.54	39.29	36.57	35.69	35.00	
102.00	88.54	76.44	67.97	60.44	54.14	48.91	43.79	38.91	35.47	35.06	35.00	
106.00	93.75	83.89	74.39	66.23	58.65	51.66	45.01	38.62	32.70	31.71	31.00	
102.00	92.62	83.57	74.64	65.82	58.53	51.65	45.32	40.82	36.55	33.00	
108.00	98.03	88.31	78.97	70.61	62.96	56.82	51.03	45.52	40.29	35.66	33.00	
103.00	93.68	84.72	76.13	67.60	61.44	55.49	49.98	45.15	40.33	36.00	33.00	
106.00	92.94	79.90	66.86	54.77	47.23	42.07	38.01	35.20	32.52	31.00	
107.00	92.52	79.61	68.23	59.24	50.93	44.03	39.79	37.38	36.02	36.00	
103.00	88.44	77.17	66.03	57.83	51.27	45.84	41.10	38.13	36.12	34.29	34.00	
112.00	101.01	90.70	82.06	73.89	65.94	58.63	52.32	46.57	41.13	37.41	36.00	
109.00	94.08	80.29	66.90	55.32	47.07	41.00	36.98	34.17	31.56	31.00	
104.00	94.31	85.41	76.58	68.41	60.43	52.47	44.71	37.81	35.91	35.00	
117.00	104.31	92.73	81.22	70.60	60.49	51.60	45.85	40.88	36.77	33.11	31.00	
116.00	102.08	91.01	79.99	69.92	60.06	50.57	42.12	35.80	32.17	31.01	31.00	
109.00	99.51	90.35	81.31	72.44	64.21	56.90	49.94	43.51	37.82	34.58	34.00	
103.00	90.58	79.79	69.52	59.79	50.48	43.76	38.48	36.15	34.09	32.24	32.00	
123.00	106.45	91.86	79.52	68.52	60.04	52.22	45.20	38.97	32.99	32.00	
122.00	110.36	98.80	87.85	78.01	69.33	61.48	54.42	48.06	43.07	39.29	36.00	
102.00	92.67	83.60	76.38	69.60	63.00	56.73	50.57	45.06	41.10	37.15	34.00	
117.00	104.41	91.90	80.00	68.81	58.33	51.40	44.78	39.20	36.96	35.27	35.00	
121.00	105.90	91.52	79.55	70.66	61.80	53.58	46.82	40.20	37.13	35.26	35.00	
108.00	94.38	82.00	70.50	61.32	52.21	45.69	40.26	36.04	32.47	31.11	31.00	
111.00	99.16	87.40	76.19	65.84	55.88	47.19	42.37	38.12	33.95	32.67	32.00	
114.00	103.88	94.37	85.80	77.32	68.93	61.79	54.69	47.72	42.79	38.82	35.00	
103.00	88.79	75.62	64.20	54.72	47.28	41.98	37.97	35.39	34.50	34.00	
109.00	97.29	85.80	74.90	65.90	56.93	48.67	43.54	38.64	34.12	34.00	
108.00	96.06	84.88	74.06	63.97	55.59	48.37	41.63	36.54	31.65	31.00	
110.00	97.96	86.96	76.61	66.36	56.16	48.74	41.55	35.91	34.87	34.00	
112.00	98.78	86.42	74.17	66.68	59.59	52.99	46.48	40.96	36.51	33.08	31.00	
102.00	90.07	79.62	69.51	59.56	51.07	43.10	39.04	35.05	33.78	33.00	
102.00	89.32	76.87	64.92	55.49	46.58	39.08	36.99	35.01	33.26	31.85	31.00	
106.00	95.02	85.84	76.77	68.22	59.80	51.70	44.30	37.50	34.79	32.79	31.00	
109.00	96.61	84.47	75.06	67.13	59.93	52.94	46.76	42.62	38.68	35.00	
115.00	101.16	88.61	76.87	66.52	57.29	49.27	43.54	38.03	36.92	36.00	
102.00	90.89	82.27	74.21	66.29	58.46	51.86	45.72	40.25	38.04	36.37	35.00	
121.00	103.69	86.52	75.19	66.61	58.35	50.38	42.66	36.76	34.50	33.01	32.00	
119.00	105.06	92.13	79.58	68.88	60.73	52.77	45.50	38.60	34.45	32.68	32.00	
102.00	87.56	76.72	68.55	62.12	55.74	49.40	43.83	38.41	34.71	33.29	32.00	
123.00	105.55	89.40	74.53	65.32	56.33	48.04	40.13	35.73	34.68	34.00	
121.00	108.01	95.71	83.94	72.34	61.18	51.18	42.58	34.51	32.55	32.00	
109.00	97.53	86.42	76.24	66.08	57.25	49.63	44.03	39.38	36.21	34.01	33.00	
102.00	83.99	71.85	60.97	52.86	47.36	42.66	38.71	34.99	32.71	31.00	
114.00	102.81	92.20	82.86	73.77	65.13	56.71	48.90	42.27	38.53	35.35	33.00	
110.00	97.83	86.63	76.72	68.58	61.08	53.82	46.75	41.32	37.88	35.00	
110.00	97.27	84.54	74.99	65.60	57.34	50.69	45.05	39.76	35.58	33.54	32.00	
110.00	97.27	84.94	75.71	68.04	61.21	54.81	49.92	45.66	41.44	37.28	35.00	
116.00	95.56	82.13	73.37	64.74	57.47	50.37	43.31	36.97	34.17	31.88	31.00	
116.00	102.55	91.56	81.36	71.33	61.33	51.85	44.39	37.99	33.17	32.00	
105.00	95.23	86.44	77.95	69.86	62.08	54.98	48.33	42.22	37.49	34.00	
118.00	102.74	88.07	75.02	63.87	53.26	47.51	41.77	37.30	34.06	34.00	
111.00	99.56	88.47	77.44	66.56	57.07	51.58	46.38	41.28	36.53	35.07	35.00	
110.00	95.99	84.31	74.85	67.01	59.39	51.80	45.56	40.98	36.83	32.73	31.00	
117.00	98.94	83.14	72.44	63.02	55.14	47.38	40.62	37.14	34.18	33.08	33.00	
122.00	101.84	81.98	65.54	49.26	44.51	40.24	36.03	33.84	32.76	32.00	
112.00	95.13	79.16	64.45	50.56	39.39	36.48	34.40	33.23	32.41	32.00	
118.00	101.52	86.16	73.59	62.37	52.74	45.73	40.83	37.81	36.05	34.92	34.00	
116.00	103.11	91.24	80.22	72.86	65.75	58.75	51.77	46.15	41.29	37.00	36.00	
117.00	103.99	92.12	80.77	71.43	62.40	54.36	46.49	42.20	38.22	34.59	31.00	
118.00	96.93	79.57	66.88	56.65	46.51	38.15	33.76	31.70	31.03	31.00	
121.00	99.67	78.98	69.98	62.59	55.64	49.32	43.75	38.55	34.98	33.00	
123.00	108.90	95.10	81.86	69.15	58.38	48.06	42.83	37.60	34.99	33.14	32.00	
111.00	99.45	88.58	78.45	68.54	58.69	51.43	44.55	37.96	33.33	31.38	31.00	
101.00	90.62	80.90	71.82	64.20	57.50	51.52	46.09	41.18	36.59	35.00	
110.00	96.60	83.86	72.22	64.23	56.44	49.98	45.49	41.75	38.62	35.89	34.00	
118.00	97.78	80.92	69.44	61.29	54.48	48.49	42.71	38.78	35.42	33.00	
119.00	104.31	90.12	77.77	66.62	56.48	49.39	43.17	37.58	33.79	33.00	
122.00	107.39	92.79	79.12	70.06	62.30	55.99	50.39	44.98	39.60	36.24	36.00	
110.00	94.75	80.62	68.76	60.18	53.36	47.69	43.13	38.90	35.84	33.00	
115.00	101.51	89.48	77.72	66.05	54.95	45.62	41.13	38.40	37.10	36.00	
120.00	105.33	90.76	76.86	63.74	54.87	46.94	39.68	33.27	31.99	31.16	31.00	
109.00	97.27	87.24	77.56	68.25	59.13	50.08	43.61	38.40	35.46	33.00	
110.00	96.53	85.36	75.81	66.71	58.67	51.14	45.09	40.32	37.23	35.00	
111.00	96.77	84.84	73.61	64.99	56.42	49.37	45.20	41.48	37.95	36.87	36.00	
107.00	94.78	85.26	76.33	68.03	59.98	54.27	48.70	43.26	39.97	37.38	35.00	
106.00	88.75	77.18	65.90	55.90	48.08	43.31	39.27	35.61	34.28	34.00	
103.00	92.75	83.04	74.44	65.94	57.60	50.23	43.87	39.81	35.89	33.00	
105.00	89.81	78.31	67.40	59.50	52.64	46.18	40.48	37.67	35.09	34.00	
115.00	103.28	91.95	81.64	72.55	63.91	56.01	48.43	42.83	39.11	36.43	36.00	
109.00	91.62	80.50	69.76	61.91	54.40	47.87	43.21	40.61	38.14	36.32	35.00	
121.00	107.32	94.18	81.31	68.44	59.31	50.62	42.73	36.54	32.17	31.00	
111.00	97.47	84.06	73.34	63.41	53.72	45.00	39.93	37.63	35.86	35.00	
104.00	92.30	80.70	71.02	64.90	58.96	53.04	47.26	42.96	38.80	35.76	33.00	
101.00	89.62	78.52	68.82	60.09	52.37	44.79	37.93	35.44	34.45	33.61	33.00	
104.00	91.79	79.68	71.44	64.06	56.75	50.19	44.60	39.11	36.67	36.00	
119.00	105.75	93.98	84.24	74.52	65.44	57.68	50.69	44.04	37.90	36.00	
122.00	104.85	88.81	74.64	66.48	58.36	50.57	42.89	36.28	33.67	32.00	
110.00	97.26	84.52	72.88	62.57	53.17	46.48	40.11	35.58	33.75	32.05	31.00	
119.00	99.09	81.72	69.95	61.95	54.65	48.24	42.73	39.01	35.61	34.00	
116.00	102.11	88.40	75.12	63.06	51.27	42.68	37.84	33.50	33.22	33.00	
118.00	96.93	85.82	75.03	64.50	55.80	47.48	39.30	32.37	31.09	31.00	
109.00	89.83	75.41	65.48	56.93	50.44	44.29	40.31	37.02	35.92	35.33	35.00	
115.00	97.97	83.19	68.55	55.97	49.24	43.02	37.61	35.02	33.15	32.00	
106.00	88.85	77.83	67.27	59.78	54.45	49.53	44.91	40.46	36.14	34.00	
102.00	92.54	83.18	74.15	66.04	59.59	53.71	47.96	42.29	39.72	37.45	36.00	
101.00	92.24	84.04	76.06	68.12	60.42	54.07	47.95	42.22	36.56	34.15	33.00	
101.00	87.51	77.01	69.16	61.54	53.96	46.42	41.09	38.29	36.05	34.46	33.00	
106.00	95.08	84.60	74.31	65.98	58.39	51.34	44.86	40.00	36.56	35.00	
118.00	103.51	89.85	76.72	63.96	54.08	44.56	37.41	35.85	34.62	34.02	34.00	
106.00	95.96	86.03	76.27	66.52	58.81	51.34	44.65	39.84	35.76	34.00	
121.00	106.17	92.51	82.10	72.21	62.37	53.21	44.82	40.33	38.04	36.00	
120.00	103.41	90.03	78.02	68.00	58.92	50.93	45.16	41.24	37.53	36.14	35.00	
120.00	107.13	94.33	82.92	71.97	63.21	55.52	49.68	44.73	39.83	35.03	34.00	
112.00	100.29	88.94	78.10	67.83	59.77	51.86	43.99	39.29	36.19	35.32	35.00	
118.00	103.27	89.22	76.46	64.88	54.07	45.31	40.16	36.15	33.05	31.04	31.00	
115.00	102.67	91.25	79.86	69.56	60.14	51.93	46.02	40.56	36.31	32.79	32.00	
123.00	99.60	83.35	71.48	60.65	52.33	46.46	42.44	38.45	35.67	35.32	35.00	
115.00	98.09	82.15	69.27	58.77	50.95	44.38	40.13	35.91	34.90	34.00	
108.00	96.47	85.36	76.80	68.84	61.50	54.56	49.33	45.26	41.30	38.17	36.00	
118.00	101.93	86.44	71.88	59.44	50.37	43.32	37.93	36.75	35.60	35.12	35.00	
104.00	91.53	79.92	68.90	59.00	52.79	47.33	41.92	38.95	36.91	36.00	
109.00	95.63	83.63	72.32	62.96	55.33	47.76	41.82	38.59	35.41	33.00	
119.00	105.03	91.07	78.97	67.30	56.54	50.09	45.00	40.07	36.56	34.60	33.00	
118.00	102.41	89.49	77.38	65.47	56.74	49.43	43.68	40.12	36.83	34.00	
101.00	88.58	77.25	66.48	56.53	48.86	43.50	39.66	36.74	35.14	35.00	
122.00	105.80	90.96	77.06	65.23	56.69	48.49	44.21	40.40	36.68	33.00	
123.00	105.52	88.53	72.03	61.35	53.77	47.29	41.71	36.94	33.20	31.48	31.00	
106.00	94.71	83.77	73.91	64.50	55.68	48.72	43.90	39.89	37.00	36.00	
116.00	98.70	84.29	69.96	56.53	49.86	44.11	39.98	35.99	34.12	33.00	
110.00	96.28	82.66	71.79	64.10	57.01	50.02	43.08	39.08	35.15	32.60	31.00	
101.00	88.36	76.10	66.42	57.77	49.83	44.47	40.74	37.86	36.54	36.25	36.00	
108.00	94.56	81.25	69.05	60.04	54.12	48.82	43.77	38.84	35.64	35.00	
114.00	99.47	86.27	73.65	63.97	55.76	49.36	43.63	39.39	35.63	32.00	
115.00	102.44	90.11	78.24	68.28	60.38	52.51	45.17	40.23	36.71	34.00	
105.00	90.72	76.98	65.35	57.04	50.50	45.06	40.15	35.70	33.00	32.00	
122.00	107.22	93.59	81.59	70.32	59.19	48.18	42.11	36.68	35.62	35.00	
108.00	90.35	77.38	67.88	58.66	49.54	45.12	40.87	37.13	33.88	33.00	
119.00	101.70	85.76	73.18	61.94	52.30	46.78	41.64	36.55	35.71	35.00	
114.00	101.24	89.93	78.92	68.34	58.40	50.57	44.05	40.42	38.08	36.29	35.00	
123.00	106.67	92.29	81.41	70.87	62.80	55.89	49.16	43.81	39.05	35.00	
110.00	97.53	85.38	75.30	66.32	57.57	50.90	44.89	40.62	37.58	35.98	35.00	
110.00	91.70	76.04	63.07	52.89	43.62	37.43	35.87	34.90	34.35	34.00	
114.00	98.80	86.46	75.77	65.31	56.02	48.47	42.45	36.95	33.13	31.93	31.00	
111.00	99.34	89.83	81.04	72.69	65.10	57.85	51.52	47.03	42.58	38.40	35.00	
102.00	92.17	82.45	74.46	67.51	60.72	54.18	48.32	43.58	38.85	35.00	
105.00	90.86	77.38	65.98	57.75	50.04	43.99	39.22	34.47	33.50	33.00	
107.00	90.62	76.00	62.24	54.86	48.52	44.38	40.26	36.48	36.12	36.00	
106.00	93.34	80.84	71.40	62.08	53.25	47.06	41.12	35.91	33.09	32.39	32.00	
109.00	96.25	83.55	71.92	60.96	55.24	49.62	44.33	40.00	37.61	36.00	
112.00	102.23	92.57	84.02	75.61	67.41	60.04	53.81	48.93	44.26	40.09	36.00	
116.00	102.66	90.44	78.63	67.20	56.49	48.52	44.24	40.51	37.04	35.00	
123.00	111.22	99.54	87.96	77.64	69.33	61.02	53.03	45.60	40.78	36.69	33.00	
116.00	102.38	90.35	78.85	67.53	57.06	47.33	40.45	37.15	36.34	36.00	
122.00	107.10	93.04	79.78	70.11	60.79	52.14	45.33	39.93	37.16	35.08	34.00	
111.00	93.43	78.14	64.95	52.00	44.93	41.88	39.25	37.47	35.99	35.00	
103.00	89.94	79.36	68.97	58.78	51.86	47.16	43.16	39.68	36.23	33.57	32.00	
118.00	101.92	89.33	77.06	65.97	56.13	48.41	41.21	37.88	36.44	36.13	36.00	
103.00	89.97	79.61	69.47	59.64	52.02	44.87	39.23	35.65	32.90	31.00	
112.00	101.76	91.65	82.33	74.06	66.37	59.01	51.74	45.65	39.68	34.98	32.00	
123.00	103.61	87.35	73.78	62.21	54.69	48.27	42.85	39.78	37.83	36.00	
101.00	89.95	79.14	68.79	60.52	53.08	45.97	39.47	35.83	34.17	33.48	33.00	
114.00	100.95	89.12	77.96	66.89	57.97	49.49	42.18	37.63	35.01	32.49	31.00	
123.00	105.28	88.19	73.80	63.28	53.87	44.72	41.00	37.44	34.04	33.00	
116.00	100.86	86.14	71.80	62.38	56.05	50.46	45.63	40.84	36.16	32.00	
119.00	105.89	94.80	85.70	76.70	67.70	59.38	51.83	45.78	39.87	35.65	34.00	
106.00	94.16	82.73	72.37	63.11	55.02	48.29	42.28	37.72	34.18	31.00	
122.00	107.60	96.81	86.30	75.97	66.75	58.09	51.23	44.54	39.95	35.51	34.00	
116.00	101.12	88.71	77.73	67.62	58.44	51.02	44.93	39.14	36.42	35.29	35.00	
112.00	95.54	80.66	70.71	61.61	53.85	46.25	39.75	34.59	33.58	33.00	
104.00	93.46	83.27	73.55	64.25	56.16	48.94	42.16	36.47	31.17	31.00	
111.00	98.67	87.25	75.92	67.39	59.45	51.98	45.63	41.17	37.57	34.35	33.00	
121.00	104.90	89.11	74.46	64.05	54.41	48.39	43.04	38.34	34.80	34.00	
116.00	102.43	89.65	77.34	66.07	54.81	46.98	41.75	37.53	34.02	32.13	32.00	
101.00	87.93	78.53	69.53	61.45	53.41	45.69	39.25	34.68	32.49	31.60	31.00	
113.00	99.11	87.48	76.95	67.10	58.21	53.57	49.63	45.70	42.21	39.10	36.00	
116.00	103.18	90.65	78.32	66.83	57.82	49.65	43.99	39.85	35.99	34.24	33.00	
118.00	102.95	88.25	77.02	66.16	55.36	46.14	39.39	35.67	32.78	31.00	
105.00	92.42	80.73	70.31	61.47	54.40	48.70	44.30	40.03	37.06	36.19	36.00	
105.00	90.66	77.81	70.03	62.27	54.74	47.99	41.32	36.76	35.29	34.00	
122.00	107.31	95.13	84.49	75.03	66.08	57.50	49.04	41.63	36.28	32.00	
112.00	99.92	87.93	76.00	64.26	56.99	50.42	44.08	38.81	34.33	34.00	
103.00	93.01	84.28	76.25	68.31	60.43	53.04	47.99	42.96	38.50	34.48	33.00	
119.00	105.60	93.31	82.11	72.10	62.86	53.73	46.00	40.58	35.91	33.00	
117.00	101.98	89.42	76.93	66.87	57.87	49.38	42.07	38.74	35.90	33.41	33.00	
112.00	100.04	89.52	79.14	69.26	59.54	51.00	45.93	40.99	37.85	36.00	
123.00	107.40	92.33	79.19	69.81	61.25	53.55	47.27	42.96	39.06	36.00	
118.00	102.68	88.64	74.84	62.30	50.72	43.29	37.80	33.61	31.20	31.00	
114.00	103.33	93.48	83.67	75.20	67.34	60.13	53.16	47.07	41.16	35.33	31.00	
105.00	94.51	85.43	77.38	69.55	62.80	56.78	51.39	46.14	41.20	36.28	36.00	
119.00	99.51	83.06	68.21	57.66	49.84	44.52	41.76	39.07	37.05	36.00	
115.00	101.78	89.85	78.03	69.06	61.83	55.08	49.35	45.04	40.75	36.90	34.00	
109.00	89.76	77.13	66.14	56.88	48.67	42.58	36.59	33.84	31.58	31.00	
116.00	101.96	89.32	79.19	69.13	59.66	50.86	42.13	36.16	34.54	33.00	
122.00	108.00	94.14	81.28	70.98	62.54	54.83	48.46	42.66	37.96	33.62	31.00	
122.00	106.24	90.77	75.48	64.51	54.19	44.73	38.87	36.21	35.41	35.00	
111.00	99.77	88.83	79.29	69.75	61.49	54.67	49.53	44.48	40.10	35.87	32.00	
118.00	94.32	74.81	64.63	57.76	51.97	46.23	41.84	38.05	34.76	33.00	
120.00	103.52	88.79	75.46	65.53	56.76	50.66	45.04	39.47	34.64	32.00	
118.00	103.60	89.66	77.71	66.28	55.22	47.24	41.28	35.52	32.34	31.38	31.00	
116.00	104.51	93.53	82.70	72.32	62.28	53.17	45.29	38.87	35.84	35.00	
120.00	106.61	94.37	82.61	72.12	63.10	54.20	48.08	43.52	39.39	36.28	36.00	
116.00	104.20	92.43	81.14	70.12	60.42	50.98	44.43	41.09	38.28	35.49	34.00	
101.00	88.12	75.28	67.44	60.29	53.40	48.15	43.56	39.09	36.05	33.11	32.00	
117.00	99.07	84.52	71.04	60.67	50.34	40.76	35.30	33.47	31.84	31.00	
118.00	99.65	83.04	70.00	58.21	47.32	41.78	39.09	36.61	34.75	34.00	
112.00	98.57	86.59	74.66	64.06	54.47	47.34	41.95	37.91	34.76	32.93	32.00	
123.00	97.52	81.18	69.67	58.16	48.35	38.92	32.79	31.69	31.26	31.00	
105.00	93.20	81.97	71.24	61.40	52.33	47.16	42.52	39.27	36.78	35.00	
103.00	93.27	83.53	74.28	65.21	56.64	51.22	46.42	41.92	39.48	37.28	36.00	
119.00	106.97	95.31	83.77	74.35	65.94	59.06	52.66	46.49	40.93	35.77	32.00	
118.00	103.30	89.49	76.13	63.88	54.63	48.83	43.72	39.29	35.26	32.74	32.00	
115.00	100.76	86.66	75.56	65.71	56.22	47.63	40.96	37.59	34.24	33.00	
105.00	94.88	86.15	78.33	70.69	63.21	55.95	49.10	42.33	37.41	36.00	
102.00	88.35	75.42	63.33	55.20	49.62	44.97	41.00	38.97	36.95	36.00	
116.00	102.12	89.46	78.02	67.40	60.97	54.94	48.91	42.89	38.90	37.02	36.00	
106.00	95.14	84.68	75.89	67.27	58.81	50.49	44.41	39.07	37.18	36.00	
123.00	102.86	85.91	75.74	66.31	58.61	52.33	46.17	41.85	38.70	36.46	35.00	
109.00	93.47	79.90	67.31	56.55	48.42	41.45	38.04	35.87	33.69	31.83	31.00	
115.00	99.00	83.99	72.98	65.09	58.71	52.84	48.00	43.34	38.79	34.51	32.00	
103.00	94.71	86.48	78.86	71.42	64.77	58.28	51.94	46.00	40.15	34.50	33.00	
107.00	95.22	84.14	73.79	63.59	54.92	48.69	43.23	38.07	35.97	35.00	
112.00	94.68	82.62	70.66	59.53	51.38	43.96	38.00	33.54	31.44	31.00	
103.00	94.02	85.78	77.73	70.09	62.96	55.95	49.13	42.87	38.43	36.03	36.00	
111.00	98.19	85.63	74.05	64.50	55.14	48.97	43.37	39.85	37.04	35.07	35.00	
122.00	106.45	93.25	80.71	68.71	58.71	50.81	46.13	42.97	39.94	37.04	36.00	
114.00	100.84	90.83	81.01	71.44	62.34	53.68	46.54	40.69	36.50	33.00	
117.00	104.22	91.86	80.55	70.57	61.39	53.76	46.76	40.47	36.36	34.54	33.00	
122.00	102.94	86.46	72.06	58.11	45.51	38.63	35.68	34.40	33.26	33.00	
103.00	90.53	79.53	70.63	61.84	55.02	48.98	44.48	40.14	36.73	34.00	
105.00	93.46	82.29	72.75	64.80	57.58	50.42	44.61	39.01	36.24	35.12	34.00	
119.00	104.90	92.01	79.19	67.18	57.33	48.05	42.74	37.67	34.94	33.00	
107.00	92.54	79.83	69.89	60.06	50.90	45.99	41.40	37.35	36.22	36.00	
118.00	104.52	91.44	78.39	67.20	57.21	48.10	41.62	35.54	33.48	33.00	
116.00	97.25	79.59	66.92	59.74	54.93	50.35	45.93	42.37	39.53	37.60	36.00	
102.00	91.68	81.35	71.57	62.01	54.03	46.36	41.32	36.37	33.45	31.00	
120.00	105.76	92.89	80.06	67.38	57.08	50.57	45.27	41.51	38.20	36.00	
104.00	89.61	75.98	66.23	57.08	48.19	40.55	34.83	33.73	33.34	33.00	
117.00	101.00	88.35	76.81	66.70	56.61	49.01	41.48	36.87	35.33	35.00	
104.00	90.78	80.83	72.50	65.17	58.11	51.79	45.48	39.21	34.64	31.14	31.00	
109.00	97.12	86.04	75.68	66.20	57.02	47.99	40.61	37.49	35.97	35.00	
115.00	103.91	93.51	83.27	74.72	66.71	58.90	52.22	45.97	41.15	36.68	36.00	
110.00	96.40	83.10	70.44	58.90	50.95	43.67	39.42	36.09	33.69	32.00	
118.00	99.10	82.96	70.20	58.02	50.49	43.32	36.21	32.55	31.31	31.00	
103.00	89.61	79.90	71.64	63.56	55.62	50.01	44.80	40.51	37.22	36.00	
107.00	89.56	72.77	60.07	50.72	45.21	39.74	35.52	33.54	32.43	32.00	
117.00	100.13	84.80	71.47	62.82	54.50	48.13	42.52	38.66	36.13	35.02	34.00	
120.00	98.89	82.06	69.35	57.35	51.53	46.45	41.48	37.16	36.34	36.00	
108.00	92.97	79.37	66.16	54.31	46.09	40.87	36.13	33.54	31.71	31.06	31.00	
107.00	93.12	80.58	69.32	58.25	48.56	39.57	36.14	33.27	31.90	31.32	31.00	
109.00	97.11	85.55	75.41	65.63	56.61	48.37	40.72	33.74	32.81	32.00	
107.00	92.22	79.53	66.91	57.31	47.78	41.09	35.54	32.44	31.54	31.00	
110.00	98.39	87.31	76.92	67.96	60.14	52.61	45.20	40.88	36.69	32.63	31.00	
114.00	102.09	90.51	80.67	71.18	62.60	55.08	48.03	41.01	35.40	32.38	32.00	
115.00	99.81	84.68	71.45	62.85	54.28	46.91	40.42	36.91	35.14	35.07	35.00	
113.00	101.21	89.56	78.74	68.01	60.24	53.30	46.54	40.37	35.77	34.03	33.00	
105.00	93.41	82.01	70.76	60.95	53.41	47.77	42.18	37.53	34.87	33.36	33.00	
114.00	101.82	90.54	79.31	68.82	58.83	49.28	40.91	35.32	33.31	31.32	31.00	
110.00	96.95	84.59	72.97	63.41	55.39	50.20	45.67	41.15	37.02	35.00	
119.00	104.86	92.78	80.86	68.99	58.08	50.35	44.07	39.16	36.96	34.83	34.00	
120.00	103.27	86.60	70.33	54.66	40.03	36.09	33.45	32.72	32.35	32.00	
111.00	96.20	84.30	72.88	62.99	55.79	49.37	43.74	39.08	37.09	35.32	35.00	
110.00	96.81	83.98	74.51	66.11	58.33	51.40	44.56	39.18	35.96	33.82	33.00	
110.00	98.36	87.27	77.08	67.66	58.71	51.14	44.41	38.70	33.11	32.00	
104.00	90.79	79.08	68.63	59.30	50.62	41.99	36.80	32.80	31.02	31.00	
102.00	92.56	83.26	74.48	66.04	58.04	50.13	43.78	38.53	34.87	32.00	
101.00	88.29	76.95	67.48	59.04	50.71	42.75	38.65	35.66	33.20	33.00	
115.00	98.37	82.39	72.16	63.95	58.02	52.12	46.92	42.28	38.18	35.00	
101.00	90.25	79.60	70.01	61.49	54.45	47.63	42.28	38.98	36.54	36.21	36.00	
116.00	100.72	86.14	72.20	59.00	49.82	42.47	37.00	33.50	31.48	31.00	
113.00	99.46	86.54	74.79	63.64	54.85	46.26	40.60	37.45	35.39	33.64	33.00	
116.00	102.05	88.72	76.98	66.24	55.58	47.28	42.09	38.98	36.63	35.00	
107.00	96.02	85.59	75.82	66.38	57.06	51.00	46.57	42.28	38.06	34.71	32.00	
121.00	107.09	93.84	80.67	67.99	56.37	45.20	36.71	34.41	34.04	34.00	
117.00	104.33	91.77	80.04	68.58	59.37	51.83	44.38	39.66	35.81	35.33	35.00	
118.00	106.05	94.61	83.53	72.65	62.93	55.36	48.38	41.41	37.44	34.20	32.00	
111.00	99.14	88.43	78.10	68.31	58.97	52.04	47.25	42.54	38.08	35.07	35.00	
120.00	104.53	90.04	78.19	68.00	58.25	48.87	43.05	37.35	34.55	33.05	33.00	
116.00	95.48	80.19	66.36	56.07	48.22	41.70	38.92	36.21	34.59	33.00	
114.00	98.02	83.16	69.07	58.34	49.43	45.58	42.02	38.54	36.05	35.00	
109.00	93.64	79.66	68.84	60.94	54.48	48.67	42.93	38.53	36.11	35.25	35.00	
120.00	104.77	90.96	77.27	64.38	51.62	46.18	41.17	36.41	33.12	32.00	
109.00	94.61	82.77	71.14	61.20	51.77	42.93	38.55	37.10	35.76	35.00	
114.00	99.95	88.44	77.03	66.26	56.22	49.12	44.28	39.86	36.46	35.24	35.00	
101.00	91.07	81.59	72.90	64.76	56.87	49.90	43.89	39.92	36.15	35.45	35.00	
116.00	101.65	87.88	74.76	64.71	57.41	51.01	44.81	39.55	34.65	34.00	
109.00	96.24	85.93	76.41	67.86	59.91	52.80	46.19	40.47	36.29	33.55	33.00	
110.00	98.36	87.76	77.45	67.28	58.96	52.41	46.02	42.98	40.04	37.36	35.00	
111.00	98.08	85.17	73.00	63.63	56.26	49.43	43.07	38.85	36.37	34.00	
122.00	109.38	97.14	85.00	74.62	64.69	55.07	46.26	40.49	35.04	33.32	33.00	
113.00	99.61	86.28	73.57	64.55	56.32	48.30	41.90	38.24	35.95	33.86	32.00	
103.00	90.27	78.19	68.26	59.11	50.55	44.24	40.05	36.78	34.82	34.00	
122.00	107.12	92.58	78.30	67.67	57.39	47.56	41.61	37.33	33.34	32.00	
111.00	98.75	86.59	75.55	64.82	54.44	44.35	38.22	34.10	31.12	31.00	
118.00	102.55	90.01	77.93	66.51	57.75	49.92	43.09	39.80	36.52	35.00	
122.00	102.14	84.97	68.38	57.06	47.44	41.01	35.63	33.45	32.03	31.45	31.00	
105.00	94.91	85.37	76.57	68.33	60.34	52.99	48.12	43.60	39.70	36.34	36.00	
109.00	93.56	78.95	64.66	51.58	45.11	40.49	37.13	35.11	34.54	34.00	
106.00	93.69	81.45	70.32	60.34	52.24	48.14	44.16	40.39	37.59	36.00	
113.00	101.07	89.30	78.28	67.98	58.17	50.24	42.60	36.80	33.32	32.00	31.00	
106.00	90.82	78.61	67.47	57.79	50.35	45.12	40.76	37.08	34.08	32.00	
112.00	96.58	81.43	72.78	64.92	57.82	51.78	45.90	40.55	37.09	36.31	36.00	
116.00	103.34	92.01	81.18	70.54	62.15	54.38	48.09	42.56	38.18	34.00	
115.00	102.31	90.80	79.58	68.59	60.04	51.75	45.50	40.65	36.24	33.92	32.00	
111.00	99.71	88.63	78.81	69.24	60.81	53.09	46.27	41.40	37.39	34.78	33.00	
123.00	109.59	96.85	85.48	75.25	66.30	57.77	49.67	43.84	38.77	34.84	33.00	
110.00	96.33	86.32	77.07	67.91	59.57	53.69	47.91	44.13	40.47	37.57	35.00	
118.00	102.26	86.83	76.44	66.80	57.22	49.20	41.83	37.77	33.89	31.00	
108.00	92.51	79.99	68.48	59.99	52.40	44.80	39.72	35.23	33.18	32.25	32.00	
103.00	91.54	81.09	71.49	63.40	56.37	50.52	44.80	39.16	35.45	31.77	31.00	
103.00	91.81	81.35	71.47	62.56	54.47	46.99	39.51	37.87	36.42	35.14	34.00	
120.00	106.44	93.29	81.42	70.25	63.13	56.25	49.39	44.37	39.56	36.51	34.00	
122.00	108.34	95.66	83.80	72.96	63.29	55.19	47.93	41.26	36.25	35.00	
111.00	95.95	80.94	69.26	60.28	52.61	45.37	38.69	35.85	33.39	31.97	31.00	
120.00	106.82	94.12	82.30	72.60	63.37	55.53	49.07	42.96	38.14	33.92	31.00	
121.00	104.81	89.97	75.95	62.43	54.64	47.04	42.50	38.37	35.13	32.52	31.00	
108.00	93.92	80.00	70.40	61.52	52.67	44.08	38.28	35.50	32.97	31.13	31.00	
111.00	97.82	85.21	73.63	63.77	53.92	49.38	45.12	41.69	38.68	35.99	35.00	
103.00	90.04	78.56	68.31	58.82	50.96	45.89	41.17	37.64	34.27	31.50	31.00	
112.00	98.58	85.46	76.87	69.26	61.97	54.85	47.79	41.90	37.36	34.98	34.00	
102.00	92.10	83.63	75.22	67.93	60.66	53.39	46.44	39.49	33.13	33.00	
103.00	92.91	82.96	73.11	63.97	56.53	50.88	45.27	40.97	37.68	36.00	
113.00	99.14	87.04	76.03	66.39	57.59	50.93	44.55	39.59	35.14	31.48	31.00	
117.00	103.30	90.71	78.41	67.04	58.13	51.16	46.20	42.63	39.39	37.04	36.00	
120.00	99.82	81.41	69.71	60.13	51.66	43.45	39.83	37.37	34.92	34.00	
120.00	106.38	92.89	80.03	67.45	57.35	51.52	45.79	40.55	36.93	36.00	
105.00	92.22	79.93	69.97	62.44	55.39	48.58	43.30	40.22	37.75	35.32	33.00	
109.00	94.54	83.94	73.91	64.47	57.25	50.70	44.31	38.69	33.47	32.00	
106.00	93.96	84.11	74.37	67.08	59.87	52.83	46.11	39.98	37.44	36.69	36.00	
103.00	91.91	81.50	71.48	61.70	54.69	47.87	41.90	38.09	35.69	33.74	32.00	
117.00	101.66	88.56	77.34	66.83	59.65	52.48	46.12	40.63	36.54	34.64	34.00	
115.00	96.50	83.34	72.71	63.70	55.27	49.01	44.28	40.03	37.11	36.52	36.00	
105.00	94.07	83.70	73.38	63.23	53.21	46.84	40.52	36.26	32.12	32.00	
102.00	90.58	79.93	70.69	62.60	54.70	47.11	39.98	35.42	32.24	32.00	
122.00	108.17	94.37	81.67	70.99	60.89	53.32	46.01	39.13	32.69	31.00	
118.00	103.72	89.56	77.00	66.05	56.39	49.61	45.23	41.38	37.81	34.96	33.00	
109.00	97.57	88.30	79.12	70.07	61.32	52.68	45.35	38.28	35.59	33.48	33.00	
121.00	106.98	93.28	81.26	71.06	61.76	53.43	45.60	39.06	34.08	32.02	31.00	
114.00	99.66	85.57	73.63	63.40	57.40	51.98	46.65	42.23	38.57	36.04	36.00	
117.00	103.76	92.60	81.89	71.81	62.62	54.07	47.86	41.78	36.62	36.00	
117.00	105.03	94.33	84.06	74.04	64.51	55.04	49.03	43.32	38.55	36.30	35.00	
110.00	97.53	85.09	73.05	63.61	55.10	47.10	41.21	36.43	35.19	35.00	
123.00	107.09	93.29	81.79	70.74	62.49	55.14	49.45	43.91	39.28	36.42	35.00	
106.00	93.23	81.83	70.92	60.45	53.92	48.27	42.68	37.16	34.50	33.00	
106.00	95.38	86.06	77.94	70.02	62.45	55.19	48.09	43.48	39.20	37.08	35.00	
115.00	100.81	88.33	76.84	66.67	56.92	47.28	41.63	37.00	36.23	36.00	
115.00	98.77	83.48	71.09	60.99	50.95	44.87	39.95	35.64	33.51	32.00	
111.00	96.58	82.76	72.09	62.31	52.71	44.43	36.27	34.47	32.83	32.00	
101.00	88.52	77.00	65.88	58.20	51.46	46.90	43.03	39.79	37.37	35.53	35.00	
111.00	98.26	85.58	74.85	64.49	55.35	48.04	42.16	38.43	36.20	35.00	
109.00	99.79	90.81	82.17	74.46	66.75	59.63	52.95	47.23	42.66	38.54	35.00	
111.00	98.63	89.88	81.40	73.07	65.06	57.71	50.99	44.37	40.07	36.64	36.00	
116.00	101.85	88.25	76.20	67.96	60.38	53.77	48.36	43.19	39.24	37.13	36.00	
102.00	91.03	80.57	71.07	61.87	52.79	47.71	43.15	38.68	34.51	34.00	
119.00	101.69	84.72	70.24	55.77	46.68	43.64	40.84	38.64	37.03	36.00	
102.00	90.75	79.99	69.80	60.68	52.48	46.43	40.47	37.87	35.73	35.07	35.00	
112.00	98.66	85.91	74.17	62.81	52.23	46.34	42.21	38.45	35.54	34.00	
121.00	103.45	91.98	81.40	71.49	61.85	53.41	47.21	41.63	37.14	33.87	33.00	
118.00	106.21	94.50	83.51	73.08	64.01	55.41	47.79	40.62	37.38	36.50	36.00	
101.00	88.79	77.73	67.33	59.58	52.47	45.63	39.86	36.10	33.90	32.00	
116.00	101.17	86.83	74.99	63.39	53.79	47.53	42.71	39.16	36.55	35.67	35.00	
105.00	92.40	83.82	75.96	68.22	60.67	53.52	46.63	41.82	38.29	36.72	36.00	
107.00	96.30	86.72	77.96	69.23	61.53	54.90	48.74	42.93	37.68	36.00	
102.00	90.19	79.86	71.13	62.79	55.22	49.48	44.47	39.55	36.18	33.56	32.00	
104.00	91.16	78.43	66.10	54.01	46.77	41.88	38.33	34.82	32.91	31.32	31.00	
117.00	103.22	90.07	77.96	66.01	55.82	48.94	42.58	38.55	36.64	34.89	34.00	
121.00	103.95	88.64	73.73	60.36	48.07	37.82	34.81	32.50	31.32	31.00	
105.00	94.13	83.80	75.95	68.97	62.17	55.51	48.87	43.18	39.08	36.59	36.00	
101.00	88.46	78.19	69.01	61.66	54.70	48.06	43.21	38.56	35.20	32.87	32.00	
123.00	107.30	93.88	81.41	69.11	59.59	51.59	43.66	38.45	36.08	36.00	
114.00	101.43	89.36	77.66	66.41	55.37	47.50	41.15	34.81	33.33	32.00	
120.00	102.67	88.40	78.40	68.60	59.69	50.98	42.99	38.27	36.17	34.09	34.00	
107.00	97.30	87.92	78.74	70.42	63.22	56.54	49.88	43.39	38.60	35.28	33.00	
117.00	101.60	86.27	73.67	64.53	55.70	49.19	43.86	38.96	35.14	32.00	
116.00	96.37	76.90	61.05	52.37	43.87	36.95	35.01	33.91	33.24	33.00	
104.00	89.33	77.04	64.82	53.66	44.57	39.93	38.35	36.86	35.51	35.00	
123.00	103.07	86.74	75.17	63.69	52.97	42.51	36.81	34.65	33.19	32.00	
107.00	91.43	80.45	69.88	60.49	53.56	46.68	40.81	36.99	34.31	34.00	
110.00	97.34	84.68	72.74	61.51	50.53	44.60	38.67	34.71	32.29	31.09	31.00	
111.00	97.94	86.76	76.08	65.99	58.42	51.47	44.64	39.34	34.11	31.00	
108.00	94.04	82.94	75.33	68.11	61.93	56.53	51.40	46.65	42.35	38.52	36.00	
103.00	89.57	77.62	67.14	56.95	50.59	44.92	39.31	35.16	32.33	32.06	32.00	
117.00	101.95	88.54	75.60	62.81	50.78	43.38	38.01	35.01	33.00	32.00	
113.00	96.05	84.51	73.37	62.76	53.43	47.16	42.57	37.97	36.28	35.00	
120.00	103.90	89.93	76.53	67.10	57.85	49.49	42.36	37.05	35.55	35.00	
110.00	96.77	84.16	71.70	60.44	52.17	45.97	41.10	38.55	36.78	35.37	35.00	
115.00	95.38	81.38	70.22	59.97	52.73	46.85	41.46	38.02	35.40	33.81	33.00	
116.00	98.91	83.58	70.39	62.91	55.86	50.08	45.27	40.49	37.43	35.76	35.00	
122.00	106.52	92.16	78.54	65.81	54.07	49.34	44.97	41.00	38.01	36.74	36.00	
121.00	109.62	98.71	89.06	80.51	71.99	63.56	55.63	48.83	42.61	37.24	32.00	
104.00	87.28	75.74	64.81	57.07	50.15	43.30	36.84	34.02	32.37	31.30	31.00	
116.00	101.34	88.22	75.28	64.31	54.21	44.52	39.80	35.12	31.66	31.00	
117.00	102.17	87.85	75.83	65.40	55.68	46.26	38.32	33.90	31.10	31.00	
105.00	93.11	82.06	72.30	62.99	54.61	46.75	41.26	37.31	33.75	31.00	
121.00	101.20	82.83	67.85	55.39	44.40	36.22	32.14	31.18	31.04	31.00	
118.00	101.01	85.59	71.40	63.67	56.29	49.15	43.79	40.62	37.54	36.00	
102.00	89.24	78.15	68.21	59.03	51.19	44.18	39.69	36.84	34.52	33.00	
105.00	91.30	79.45	68.67	58.26	50.33	45.93	41.84	38.09	36.02	34.00	
103.00	90.22	77.69	69.41	62.21	55.26	48.70	43.30	38.18	36.46	36.00	
109.00	94.71	83.52	72.84	63.92	56.44	49.83	45.27	41.40	38.38	36.07	35.00	
114.00	99.46	85.91	72.74	61.79	53.25	45.46	40.71	37.60	35.59	35.16	35.00	
111.00	98.03	85.22	73.54	63.57	56.64	49.74	44.35	39.78	35.38	31.27	31.00	
110.00	91.35	74.56	58.27	46.02	40.29	37.20	34.36	32.15	32.02	32.00	
115.00	102.21	90.49	78.81	70.02	61.60	54.79	48.52	42.59	36.88	35.20	34.00	
101.00	91.09	81.37	72.93	64.70	57.34	52.34	47.41	43.20	39.91	37.23	36.00	
110.00	99.73	89.56	79.72	70.90	62.42	54.20	47.36	43.25	39.97	37.31	35.00	
113.00	98.71	86.79	76.33	66.08	57.88	49.76	43.64	38.43	34.03	34.00	
115.00	102.24	89.60	77.74	67.97	59.21	50.78	43.95	39.92	37.77	35.97	35.00	
106.00	94.07	82.62	71.44	60.96	51.05	43.64	37.52	33.89	32.48	32.00	
105.00	92.89	82.78	72.78	63.41	56.39	50.29	44.51	39.39	35.44	31.53	31.00	
113.00	101.86	91.01	80.36	70.70	61.36	52.60	44.49	40.45	36.42	33.09	31.00	
105.00	90.35	77.82	66.30	57.46	50.78	44.15	37.55	33.21	31.31	31.00	
107.00	94.88	83.98	73.18	64.01	55.92	48.80	42.06	38.68	36.82	35.00	
118.00	98.64	83.85	69.56	59.22	50.75	44.04	39.45	35.84	34.41	34.00	
120.00	108.56	97.28	86.36	76.69	68.03	59.80	51.64	43.58	38.11	35.67	34.00	
107.00	95.28	84.66	74.12	63.76	53.68	44.83	38.51	34.61	33.23	32.01	32.00	
116.00	104.88	94.38	84.02	73.70	65.36	57.03	50.16	44.32	39.27	34.31	33.00	
106.00	91.45	77.63	66.86	57.81	49.08	43.47	38.06	36.50	35.11	35.00	
117.00	104.70	92.79	81.21	70.32	60.74	55.02	49.71	44.66	40.11	36.68	34.00	
108.00	95.52	83.13	72.27	61.58	51.71	44.27	38.17	37.14	36.45	36.00	
109.00	97.52	86.28	76.42	66.98	58.32	49.70	41.62	36.79	34.73	33.41	33.00	
102.00	91.57	81.42	71.52	62.19	53.07	47.80	42.66	38.85	35.45	35.00	
121.00	106.10	94.64	84.70	75.52	66.97	58.87	52.28	46.52	41.31	37.15	34.00	
115.00	97.17	82.38	71.94	63.33	55.42	47.73	40.33	36.83	34.23	34.00	
113.00	100.15	89.43	78.96	68.91	59.23	49.63	41.28	34.73	33.25	32.41	32.00	
104.00	90.62	78.44	71.21	64.25	57.39	50.66	44.10	40.00	37.01	36.00	
116.00	105.85	96.08	86.40	76.85	68.20	59.83	51.51	43.43	36.30	31.00	
102.00	90.33	80.59	71.43	63.63	55.93	49.64	43.37	37.98	35.77	34.00	
105.00	92.98	81.07	70.46	62.54	55.08	49.43	43.86	39.53	36.17	36.00	
113.00	99.83	88.41	77.10	66.00	56.31	47.99	41.36	38.83	37.28	36.00	
113.00	98.09	83.31	73.91	64.92	56.06	47.50	40.17	34.86	32.99	32.00	
116.00	98.48	82.06	70.22	62.40	55.34	48.63	42.33	40.07	37.96	36.00	
108.00	97.72	88.01	78.85	69.90	62.01	54.16	46.69	39.29	35.84	34.90	34.00	
120.00	104.03	89.13	77.75	67.89	58.40	49.04	41.03	36.45	33.53	31.71	31.00	
105.00	95.24	86.54	77.97	70.41	63.27	56.18	49.34	43.05	38.86	35.24	35.00	
120.00	108.10	96.77	85.81	76.13	66.51	58.79	51.13	44.52	39.73	35.10	31.00	
115.00	97.45	84.64	72.89	62.73	53.84	45.93	39.62	37.18	35.69	35.00	
102.00	91.54	81.19	71.67	63.27	55.86	48.99	42.69	38.40	35.73	34.02	34.00	
117.00	106.48	96.04	85.75	75.59	65.43	55.92	46.67	41.07	35.87	34.00	
104.00	92.30	81.70	71.86	62.40	53.29	46.43	41.34	37.90	36.19	35.00	
112.00	101.30	91.37	82.08	73.33	64.62	56.70	50.11	43.75	37.42	32.00	
113.00	98.65	84.71	75.20	66.55	58.15	50.29	43.07	38.86	36.16	34.53	33.00	
113.00	97.26	84.77	73.88	66.29	58.98	52.16	45.71	39.46	35.39	32.00	
102.00	92.43	82.86	73.50	64.90	57.55	50.68	44.49	38.94	35.25	32.00	
118.00	104.73	91.47	78.50	68.65	58.86	51.23	44.11	40.60	38.04	36.02	36.00	
105.00	90.08	78.25	69.73	62.05	55.60	49.22	44.42	40.81	37.99	36.00	
114.00	100.70	90.06	79.84	71.27	63.01	55.19	48.34	42.33	37.61	34.45	32.00	
103.00	93.42	84.27	75.68	67.18	59.00	51.16	45.46	40.13	36.60	33.93	33.00	
104.00	94.99	86.06	77.26	68.64	60.86	53.17	46.36	41.77	38.27	34.77	34.00	
111.00	96.34	81.91	68.21	57.67	48.10	42.32	39.51	36.99	34.64	34.29	34.00	
107.00	97.62	88.31	79.28	70.28	62.62	54.96	47.54	40.78	36.14	33.00	
111.00	99.42	88.43	80.22	72.04	64.05	56.27	49.15	43.38	38.93	34.79	33.00	
104.00	88.91	75.13	62.50	53.31	45.06	40.50	37.34	34.69	32.78	32.00	
103.00	91.81	81.39	71.29	61.88	53.23	45.01	40.20	36.53	34.29	34.09	34.00	
116.00	103.39	92.08	81.31	70.60	60.86	51.83	42.86	38.64	36.67	36.00	
114.00	100.90	87.98	75.11	63.96	53.38	44.56	39.77	36.68	35.34	35.00	
110.00	95.16	81.88	70.95	63.11	56.67	50.44	46.51	43.07	39.87	37.35	36.00	
106.00	94.72	83.78	74.52	67.20	61.66	56.42	51.23	46.05	40.91	37.01	34.00	
102.00	85.86	75.82	65.89	56.56	49.29	42.25	37.12	33.98	32.77	31.69	31.00	
103.00	91.74	80.83	71.91	63.43	56.24	49.17	44.58	40.67	36.82	35.36	35.00	
112.00	97.60	87.07	76.72	69.20	61.99	55.31	48.91	43.62	40.19	36.86	36.00	
119.00	104.45	90.45	77.46	68.38	60.22	52.31	45.99	40.30	37.00	36.00	
123.00	106.89	91.59	77.00	64.22	54.81	45.83	40.12	35.66	34.07	32.58	32.00	
117.00	103.18	91.44	80.68	70.10	59.92	52.21	45.63	40.06	36.28	34.00	
111.00	98.81	87.15	76.89	66.83	57.63	48.63	40.19	38.16	36.48	35.16	35.00	
103.00	85.93	69.22	60.58	53.23	46.27	40.95	37.43	36.10	34.82	34.40	34.00	
104.00	90.76	78.94	70.04	61.21	52.62	44.72	39.11	33.95	33.42	33.04	33.00	
115.00	102.66	90.90	79.14	69.56	60.41	51.45	45.57	40.77	37.27	34.00	33.00	
118.00	103.89	90.33	77.18	67.34	57.86	49.53	43.10	38.43	33.93	31.33	31.00	
109.00	93.81	79.57	68.03	56.61	47.85	43.19	39.20	35.80	33.33	32.11	31.00	
109.00	92.43	79.74	67.56	58.13	51.29	45.82	40.43	36.98	35.17	35.00	
119.00	102.11	85.63	70.85	60.31	50.16	41.36	36.26	32.72	31.68	31.00	
108.00	96.34	85.04	75.12	66.34	57.74	49.20	43.26	39.96	37.45	36.00	
122.00	109.82	97.74	85.78	74.30	63.80	53.42	44.66	37.42	33.07	32.00	
118.00	106.26	95.12	84.01	73.37	63.07	53.41	44.34	38.93	35.46	34.00	
117.00	104.56	92.15	80.32	69.32	58.31	48.45	38.86	36.38	34.20	32.74	32.00	
105.00	93.86	84.30	76.72	69.16	62.40	55.79	50.60	46.12	41.91	38.53	36.00	
101.00	87.66	77.02	66.41	58.14	50.44	43.87	37.55	34.95	34.42	34.05	34.00	
102.00	86.23	74.53	64.04	56.60	50.38	45.15	40.63	37.45	34.71	32.00	
113.00	97.33	84.81	73.69	63.35	53.79	45.03	38.39	34.49	32.08	32.00	
111.00	100.51	90.63	80.82	71.15	62.52	55.53	50.16	45.32	41.38	37.61	35.00	
113.00	99.30	85.74	72.39	64.33	57.74	52.24	46.97	42.73	38.88	36.92	36.00	
102.00	89.63	78.44	67.76	57.76	48.82	41.80	38.36	35.26	32.93	31.00	
101.00	86.55	74.43	63.94	56.53	49.21	45.28	41.56	37.90	34.99	33.00	
104.00	93.12	82.39	71.69	61.38	51.94	43.15	38.95	35.88	33.45	32.41	32.00	
110.00	95.38	82.87	71.69	60.60	50.64	45.64	42.80	40.20	37.90	36.03	36.00	
115.00	99.10	86.65	75.34	64.51	55.35	46.26	41.05	36.61	32.81	31.00	
118.00	102.70	88.27	74.18	66.61	59.27	52.17	45.99	41.56	37.44	36.33	36.00	
116.00	101.45	90.33	79.55	68.85	58.94	50.00	41.66	36.11	31.76	31.00	
101.00	89.47	78.01	67.01	58.47	51.21	44.82	39.81	36.59	35.80	35.00	
112.00	101.26	90.67	80.85	71.76	64.80	57.86	51.07	44.57	40.03	35.91	32.00	
101.00	89.98	79.38	70.13	62.15	55.29	49.02	42.83	38.84	35.19	33.00	
106.00	92.03	78.24	65.96	56.64	47.55	40.55	36.81	34.84	32.91	32.00	
121.00	103.58	90.97	79.57	68.32	61.24	54.31	48.78	43.51	38.27	36.00	
114.00	94.52	76.53	66.47	57.22	50.24	46.30	42.69	39.79	37.83	36.67	36.00	
118.00	103.16	88.96	75.75	63.61	55.13	48.66	42.97	37.95	34.44	32.55	32.00	
111.00	92.65	76.82	65.41	56.23	50.05	45.24	40.67	37.10	33.77	33.04	33.00	
117.00	100.56	88.19	76.96	67.67	58.41	49.22	40.08	36.18	34.03	32.17	32.00	
101.00	88.82	76.73	67.13	58.98	51.15	45.21	40.12	37.06	34.65	33.62	33.00	
106.00	96.43	87.17	78.27	70.05	61.96	53.89	46.71	40.18	35.63	33.47	32.00	
123.00	104.65	91.28	82.58	74.19	66.52	59.17	53.00	47.30	42.51	37.91	34.00	
122.00	107.18	93.16	79.73	69.87	60.29	50.93	43.54	38.36	33.95	32.00	
111.00	92.82	83.55	74.39	66.22	58.71	51.66	45.10	38.94	33.68	32.00	
122.00	103.88	90.19	79.88	69.86	61.90	54.15	47.41	41.17	37.79	36.03	35.00	
104.00	91.74	79.64	67.71	56.37	49.62	44.90	41.24	38.84	37.18	35.57	35.00	
118.00	98.90	82.09	67.65	53.88	44.65	41.00	38.63	37.00	35.46	35.00	
108.00	98.46	89.29	80.32	72.14	64.42	56.94	49.47	42.61	38.32	34.98	33.00	
123.00	105.12	88.85	77.52	67.62	58.49	50.37	45.18	40.71	36.50	35.00	
119.00	97.07	83.89	71.80	61.06	53.72	47.46	41.51	36.54	33.15	33.00	
110.00	97.29	85.74	74.96	65.41	57.28	49.21	41.29	34.50	32.15	31.00	
108.00	87.56	75.25	66.23	57.56	49.24	42.04	37.36	33.51	31.46	31.00	
103.00	90.97	80.38	70.68	62.33	54.85	47.59	40.90	36.94	36.37	36.00	
115.00	94.37	82.66	72.32	64.90	57.60	50.98	44.58	40.07	36.47	34.00	
120.00	102.23	89.66	79.20	69.82	60.57	52.77	47.20	43.05	38.92	36.90	36.00	
103.00	93.82	84.88	76.59	68.37	60.52	53.70	47.53	42.73	38.67	35.12	32.00	
109.00	96.62	86.44	76.44	67.60	58.79	50.54	44.30	40.00	36.29	35.48	35.00	
101.00	89.55	78.44	67.96	58.17	48.88	41.88	37.78	36.03	34.81	34.40	34.00	
112.00	97.87	85.53	74.57	64.35	56.06	48.84	41.93	37.23	33.57	33.00	
108.00	91.91	79.32	67.52	59.84	53.63	48.64	43.95	39.46	35.13	32.59	32.00	
113.00	98.23	85.18	75.32	65.63	56.04	47.66	41.98	39.27	37.00	36.00	
101.00	88.03	75.16	62.35	55.89	49.66	44.72	40.26	36.99	34.18	32.00	
105.00	92.89	81.39	70.66	60.95	52.18	46.32	43.07	40.55	38.23	35.98	34.00	
106.00	92.71	79.67	68.05	57.18	50.30	43.58	39.36	36.07	34.35	34.00	
105.00	92.52	81.61	71.41	62.70	54.02	46.34	39.96	34.68	31.16	31.00	
104.00	93.76	84.40	75.32	66.39	58.56	51.04	46.18	41.80	37.75	33.90	33.00	
119.00	100.95	84.36	73.71	63.80	55.10	46.47	40.86	37.03	34.36	32.39	31.00	
120.00	105.68	91.83	79.46	68.17	56.94	49.17	43.86	40.18	36.87	34.00	
108.00	94.55	81.16	70.43	59.70	52.36	45.58	39.89	35.00	33.33	32.13	31.00	
122.00	104.85	88.01	72.17	57.09	46.06	38.68	35.43	33.20	32.25	32.00	
104.00	86.38	69.82	58.58	48.60	43.43	40.53	37.84	35.47	33.48	32.59	32.00	
121.00	105.32	90.52	77.39	68.32	61.62	55.18	49.08	44.02	39.07	36.00	
118.00	107.01	96.09	85.22	74.65	65.63	58.03	51.58	45.53	39.90	35.81	35.00	
118.00	105.85	94.86	84.54	74.44	66.38	59.10	51.86	45.10	39.31	35.28	34.00	
103.00	88.82	76.22	65.48	56.13	47.87	42.13	37.13	33.27	31.67	31.18	31.00	
106.00	91.24	77.20	66.44	55.77	47.47	42.49	37.93	35.59	34.08	34.00	
110.00	96.73	84.53	73.64	63.54	53.93	45.11	39.64	36.24	33.56	32.34	32.00	
106.00	93.68	81.71	72.26	63.23	54.36	47.52	41.97	37.19	34.87	34.00	
118.00	100.59	84.03	70.38	59.05	48.30	42.46	39.05	36.14	33.75	33.00	
116.00	103.97	92.44	82.67	75.00	67.71	60.66	54.51	48.86	44.21	39.96	36.00	
119.00	95.86	73.26	62.11	55.08	48.99	42.92	38.38	35.84	33.30	33.00	
105.00	92.47	81.27	71.96	62.87	54.07	46.66	40.51	37.39	34.49	33.43	33.00	
122.00	100.46	82.08	67.21	57.78	48.63	42.12	36.68	35.00	33.54	32.16	32.00	
105.00	88.04	75.48	62.99	51.16	44.70	40.42	36.18	34.18	32.43	32.00	
106.00	94.40	84.41	75.29	66.44	58.77	51.98	47.24	42.61	38.37	35.00	
122.00	108.94	96.09	83.59	71.36	62.32	54.35	47.11	39.90	35.65	33.11	33.00	
108.00	94.24	82.55	71.37	60.77	51.80	45.00	39.95	35.77	32.47	32.00	
117.00	104.18	91.38	79.34	67.49	57.89	49.06	44.88	41.60	38.39	36.15	35.00	
102.00	91.68	81.61	72.60	64.75	58.16	51.64	47.03	42.56	38.39	35.02	34.00	
102.00	89.92	78.24	67.32	57.74	49.00	42.35	36.13	32.79	31.32	31.00	
104.00	91.36	78.87	68.53	59.67	52.91	47.22	42.75	38.89	35.38	32.34	31.00	
123.00	109.22	95.72	83.55	73.43	63.73	54.73	46.52	40.21	37.11	35.35	35.00	
118.00	99.82	84.59	71.46	59.21	48.38	42.37	38.52	35.66	33.95	33.00	
115.00	101.37	88.39	76.05	66.66	57.39	49.21	42.72	38.51	35.43	35.00	
115.00	102.93	91.68	80.71	70.51	61.86	54.75	48.70	43.35	38.10	34.00	
120.00	101.55	88.74	77.41	67.22	58.74	50.91	44.77	38.79	34.80	33.00	
116.00	97.17	79.81	64.64	51.98	42.31	37.38	33.57	32.20	31.11	31.00	
115.00	102.09	89.72	79.64	69.61	60.18	51.98	44.03	37.08	31.28	31.00	
123.00	107.14	94.46	82.61	72.16	62.30	53.05	45.07	39.09	34.56	31.00	
119.00	104.80	91.14	77.91	69.35	60.79	54.24	49.89	45.77	41.91	38.61	36.00	
114.00	97.06	82.75	72.52	64.83	58.03	51.25	44.53	38.04	35.40	33.56	32.00	
123.00	106.95	92.51	79.87	67.59	58.70	50.94	44.02	37.97	32.31	32.00	
117.00	101.70	87.43	73.27	59.13	49.70	41.40	38.72	36.65	35.16	35.00	
106.00	91.77	80.03	72.82	65.71	59.43	53.99	48.93	44.31	40.04	37.14	35.00	
118.00	104.63	92.62	80.64	70.27	60.02	52.18	47.06	42.15	39.60	37.23	35.00	
108.00	95.60	83.27	71.05	61.00	54.99	49.32	44.30	40.16	36.21	32.29	32.00	
104.00	86.70	73.78	64.88	56.26	47.72	42.62	39.35	36.55	34.03	32.77	32.00	
101.00	88.78	76.80	66.30	56.51	49.43	45.11	41.75	38.61	35.99	34.28	34.00	
103.00	88.29	74.19	64.74	57.87	51.57	45.69	40.28	36.40	33.37	32.00	
111.00	94.42	80.22	69.34	58.74	49.19	40.56	37.15	34.56	33.17	32.00	
117.00	101.84	87.37	76.27	65.29	55.69	46.98	41.02	36.29	34.75	34.00	
110.00	97.32	84.68	72.08	63.44	54.80	48.35	41.97	36.84	36.14	36.03	36.00	
102.00	86.31	74.89	65.06	55.38	48.16	41.44	36.15	33.63	32.49	31.37	31.00	
107.00	92.24	77.92	69.36	61.12	53.78	47.76	42.19	36.79	33.75	33.00	
115.00	100.11	87.11	77.57	68.42	59.55	51.13	43.92	37.32	34.48	32.00	
116.00	99.84	87.20	75.48	67.00	58.72	52.33	47.74	43.35	39.40	36.00	
122.00	101.67	83.85	70.06	58.05	46.58	39.32	35.64	33.23	32.51	32.00	
116.00	100.40	85.52	72.88	60.59	49.52	44.32	39.98	36.46	34.23	34.00	
122.00	105.81	93.67	81.98	70.90	61.07	52.54	44.78	38.11	36.08	34.27	33.00	
122.00	109.34	96.78	85.58	74.51	65.64	56.98	51.07	45.18	40.61	36.78	36.00	
108.00	93.66	79.39	66.02	56.07	48.74	44.22	40.26	37.07	34.65	34.00	
104.00	93.25	82.85	73.44	64.37	55.56	46.98	41.62	39.31	37.04	36.19	36.00	
102.00	89.23	78.85	69.35	61.62	53.98	46.59	39.99	35.85	34.05	33.34	33.00	
114.00	95.18	82.98	71.92	61.45	52.82	44.83	38.03	33.92	32.21	31.00	
104.00	91.54	79.59	67.68	57.57	47.46	43.64	40.48	37.66	35.16	34.00	
114.00	97.58	85.76	75.12	66.33	58.33	51.28	44.68	39.44	35.39	32.75	31.00	
103.00	88.13	74.70	61.81	55.13	48.95	43.26	38.20	35.87	33.92	32.02	32.00	
106.00	94.29	82.79	72.42	65.07	58.67	52.62	47.74	43.61	39.92	36.46	34.00	
110.00	94.12	80.00	66.32	57.92	50.90	44.52	39.24	35.48	34.16	33.30	33.00	
120.00	103.92	89.05	77.32	66.34	58.52	50.89	44.15	38.29	34.74	33.00	
122.00	105.34	90.52	79.77	69.20	60.43	52.10	44.47	39.10	35.56	33.65	32.00	
102.00	92.49	83.25	74.28	65.75	57.80	51.88	46.62	41.53	36.55	33.64	31.00	
118.00	98.79	83.86	70.03	58.94	50.70	43.15	40.28	37.68	35.28	33.42	32.00	
117.00	103.60	91.20	79.61	68.91	58.46	51.65	44.85	39.44	37.11	35.37	35.00	
106.00	93.83	81.87	71.58	62.47	54.23	47.89	42.24	38.19	34.43	32.29	31.00	
119.00	103.07	90.15	78.22	66.81	56.64	49.28	42.14	37.12	32.45	32.21	32.00	
122.00	106.96	93.64	81.02	69.74	59.70	51.82	45.41	39.31	34.51	32.00	
113.00	102.18	91.44	80.72	70.30	61.09	52.56	44.59	36.74	32.23	31.24	31.00	
119.00	97.15	84.30	74.42	65.24	56.87	48.99	41.73	34.76	33.03	32.00	
102.00	86.41	71.38	59.69	52.40	45.81	41.40	37.34	34.83	33.64	33.00	
121.00	100.88	83.59	71.70	60.60	51.43	44.21	38.04	34.21	32.96	32.00	
103.00	87.41	73.40	60.20	47.96	40.80	37.22	34.03	32.80	32.22	32.00	
115.00	102.59	90.56	79.71	69.51	60.25	51.32	45.35	41.36	38.02	35.26	33.00	
112.00	97.90	85.50	73.49	62.23	52.19	45.09	40.56	37.98	35.59	34.11	33.00	
115.00	102.08	90.06	78.80	68.30	57.91	48.01	41.44	35.65	34.02	32.62	32.00	
108.00	95.30	82.94	71.02	61.19	51.81	43.51	40.74	38.27	36.55	35.05	35.00	
105.00	91.24	79.79	70.45	61.50	52.76	46.22	40.09	36.27	35.51	35.00	
119.00	105.70	92.70	80.12	69.75	59.52	51.72	45.38	39.60	36.47	35.00	
105.00	93.22	83.85	74.67	66.92	59.46	52.57	45.98	41.33	37.43	34.21	34.00	
121.00	106.36	93.39	81.89	70.97	60.34	52.43	45.56	39.71	34.31	31.29	31.00	
123.00	98.93	82.36	68.33	54.68	43.40	39.74	37.18	35.36	33.74	33.00	
108.00	96.15	85.53	75.30	65.11	57.30	50.23	44.43	39.29	35.60	32.80	32.00	
119.00	103.64	88.75	78.87	69.08	60.35	52.02	45.60	40.59	37.12	35.00	
118.00	104.28	91.52	80.52	71.68	62.89	54.88	47.03	41.60	38.35	36.24	35.00	
106.00	94.13	82.86	73.82	64.81	55.85	47.24	42.11	37.36	32.84	31.00	
106.00	94.30	83.38	72.48	63.77	55.12	48.85	43.45	38.35	33.76	31.00	
101.00	89.98	79.63	69.56	59.78	50.26	45.20	40.31	36.20	33.48	33.00	
123.00	107.79	93.24	80.36	67.95	55.63	45.48	38.64	36.58	35.16	35.00	
120.00	104.53	89.82	76.14	64.85	53.93	47.15	43.82	40.73	38.37	36.89	36.00	
114.00	100.37	87.09	74.80	63.65	56.08	49.69	43.89	39.66	36.04	34.00	
108.00	98.13	88.62	79.81	71.22	62.74	55.32	48.24	43.18	39.76	37.55	36.00	
110.00	93.71	81.89	73.15	64.51	57.22	50.99	46.90	43.14	39.43	36.00	
110.00	97.62	85.79	74.39	63.55	53.60	46.42	39.62	33.51	32.50	32.00	
113.00	100.98	89.00	77.69	66.39	58.99	52.75	47.67	42.96	39.20	36.19	35.00	
105.00	93.48	82.25	72.09	63.22	54.37	48.29	42.49	37.03	32.68	31.00	
122.00	108.26	94.83	82.20	70.34	60.66	51.02	42.30	37.81	35.41	34.63	34.00	
113.00	102.03	91.08	81.43	72.24	63.24	54.34	45.44	40.30	36.42	34.60	33.00	
119.00	105.87	93.78	81.81	70.13	59.48	51.06	43.17	37.62	32.39	32.00	
122.00	109.68	97.91	87.32	77.48	67.76	58.19	49.92	42.77	36.92	33.93	31.00	
117.00	100.27	84.17	71.16	60.33	51.04	45.15	41.81	39.06	37.39	36.00	
105.00	92.37	80.75	69.77	60.78	53.70	46.97	42.39	38.29	34.74	34.00	
110.00	95.49	85.15	74.86	65.40	56.47	47.93	40.82	37.56	34.55	31.77	31.00	
121.00	107.55	94.21	82.07	71.29	61.02	52.86	46.14	41.05	37.86	36.00	
101.00	87.93	75.51	64.28	56.03	49.39	44.33	40.31	36.57	33.64	33.00	
105.00	90.51	78.00	66.71	55.64	45.77	37.88	35.64	33.84	32.57	32.14	32.00	
122.00	107.70	94.12	81.47	69.81	61.45	53.68	46.67	39.91	37.14	35.00	
120.00	107.94	96.60	85.39	75.00	65.08	56.68	48.74	43.27	38.68	37.31	36.00	
116.00	101.43	88.00	76.21	65.71	55.45	47.58	41.58	36.86	33.83	31.17	31.00	
108.00	95.42	83.28	73.33	63.92	55.21	47.57	41.50	36.39	33.92	33.43	33.00	
112.00	97.12	86.02	74.96	66.18	59.08	52.69	47.65	42.75	38.04	36.00	
109.00	94.33	82.59	71.09	61.80	53.77	46.48	39.82	35.27	31.65	31.00	
102.00	89.48	78.93	68.44	59.68	52.53	46.97	41.47	36.28	33.81	33.00	
119.00	106.28	95.04	84.81	75.61	66.99	59.66	53.10	46.83	42.72	38.99	36.00	
105.00	92.22	80.05	68.59	57.28	50.21	46.16	42.44	39.19	36.24	34.00	
103.00	90.78	80.13	69.68	60.12	51.37	46.79	42.70	38.92	36.63	35.32	35.00	
118.00	105.60	93.64	82.92	73.00	63.89	57.02	50.25	43.77	39.20	35.45	33.00	
101.00	90.94	80.96	71.40	63.06	56.05	50.16	44.30	38.75	35.48	32.82	32.00	
110.00	95.97	84.05	72.86	64.06	55.72	48.01	43.52	39.47	35.70	35.00	
103.00	92.16	81.70	71.75	63.75	56.29	50.93	45.95	41.19	37.38	36.00	
119.00	101.25	85.85	71.42	62.34	54.44	48.19	42.98	38.04	35.54	35.00	
101.00	88.99	77.65	69.62	62.12	54.77	48.02	41.57	38.15	35.91	35.00	
118.00	101.24	87.52	73.80	63.17	54.09	46.10	40.87	38.24	35.77	34.00	
106.00	91.62	80.36	70.89	62.35	54.31	48.21	42.60	38.16	35.31	33.00	
116.00	98.62	84.93	73.96	65.31	57.70	50.17	44.61	39.86	36.70	34.15	33.00	
102.00	91.99	82.46	74.66	67.10	59.68	52.39	45.30	40.37	36.73	34.00	
118.00	102.62	90.34	79.39	68.73	58.97	50.37	43.07	37.80	33.44	31.00	
113.00	96.80	83.41	71.80	62.40	53.88	48.94	44.38	39.91	35.97	33.45	31.00	
110.00	95.81	83.01	70.41	60.53	51.97	44.57	38.95	36.09	34.06	33.00	
112.00	100.67	89.54	78.55	68.08	57.82	49.49	42.19	36.38	32.35	31.11	31.00	
107.00	96.89	87.37	77.98	68.70	59.71	51.25	45.17	39.31	34.35	33.00	
120.00	103.86	87.78	71.98	57.27	51.53	47.04	42.63	38.60	34.71	31.00	
103.00	90.63	78.38	68.04	58.47	52.17	47.05	42.20	38.06	34.52	34.04	34.00	
109.00	95.39	82.68	70.22	59.19	49.05	39.06	33.76	32.82	31.89	31.00	
102.00	86.30	72.55	59.41	52.25	47.17	43.22	39.74	36.89	34.23	34.00	
122.00	105.32	90.94	76.91	65.56	54.47	48.27	42.87	39.51	37.00	35.00	
123.00	107.90	94.16	82.37	71.99	61.95	52.87	43.97	36.00	32.85	31.00	
108.00	91.81	76.98	67.82	60.16	52.85	46.42	41.31	37.12	33.22	32.00	
107.00	97.79	88.60	79.51	70.91	62.85	55.65	49.29	44.50	39.93	36.61	36.00	
101.00	90.96	81.07	71.78	62.87	55.43	48.82	43.91	39.07	34.38	34.00	
101.00	86.92	76.03	66.61	58.06	49.52	45.16	41.62	38.12	35.02	32.73	31.00	
123.00	109.53	96.28	83.16	74.58	66.49	58.71	51.43	44.21	38.19	32.43	32.00	
121.00	108.71	97.15	85.95	76.13	66.60	58.96	51.37	43.80	38.51	35.00	
115.00	99.92	85.89	72.63	62.37	53.60	45.83	39.38	36.71	35.21	34.00	
113.00	97.55	84.87	73.65	64.75	55.86	47.63	42.15	36.97	34.12	32.41	31.00	
120.00	106.80	93.79	81.39	71.19	62.39	53.69	45.03	37.61	31.36	31.00	
120.00	108.90	97.88	87.74	77.69	68.84	61.77	54.75	48.82	43.71	38.70	36.00	
117.00	102.31	90.98	81.64	72.72	64.36	56.36	49.17	43.56	38.78	35.51	34.00	
111.00	94.28	79.90	65.83	56.13	47.63	40.53	36.89	34.79	33.47	33.00	
123.00	107.63	92.57	79.81	68.59	58.93	50.34	44.19	39.63	35.86	33.13	33.00	
118.00	104.06	91.22	79.69	70.46	61.25	52.53	44.96	38.10	31.48	31.00	
117.00	101.70	88.28	76.77	66.37	57.39	50.06	42.82	36.19	32.05	32.00	
111.00	95.20	79.52	67.59	59.50	52.17	45.66	39.24	36.43	33.88	33.00	
104.00	92.41	80.94	70.72	62.27	54.15	46.65	41.35	36.75	36.22	36.00	
113.00	101.43	90.00	79.30	70.06	61.60	54.61	48.75	43.02	37.54	34.08	32.00	
105.00	91.31	77.68	64.67	53.96	46.89	41.28	36.66	34.83	33.38	32.00	
105.00	87.42	78.41	69.73	62.43	55.68	48.94	42.94	37.91	34.22	32.00	
106.00	94.67	85.24	76.16	67.30	59.11	51.51	44.36	39.11	36.24	33.39	31.00	
108.00	90.57	75.60	64.73	57.64	51.99	47.39	42.88	38.85	35.62	34.00	
115.00	101.20	87.98	76.96	66.07	57.85	50.05	44.24	40.23	36.54	36.10	36.00	
110.00	98.08	86.52	76.03	65.97	57.07	50.29	44.86	39.56	36.63	35.19	35.00	
120.00	104.34	91.94	79.95	70.42	60.95	52.34	44.79	39.33	35.97	35.00	
102.00	89.80	78.66	71.23	64.49	57.84	51.36	45.96	42.20	38.50	36.56	36.00	
105.00	91.93	80.82	69.77	59.92	51.50	44.71	41.25	37.89	34.58	34.00	
115.00	101.22	88.04	79.57	71.12	63.82	57.22	50.76	44.49	38.38	34.23	32.00	
112.00	91.87	72.16	55.56	48.88	43.96	39.24	35.74	32.73	31.08	31.00	
121.00	105.82	91.08	77.20	68.99	61.28	54.35	48.36	42.71	38.28	34.41	34.00	
115.00	99.63	85.95	75.34	64.81	55.31	45.93	40.25	36.59	33.54	32.00	
107.00	95.99	85.05	76.08	67.74	60.33	53.19	46.21	40.21	36.77	34.27	33.00	
118.00	103.73	90.47	77.92	67.03	56.35	47.67	41.50	38.09	35.48	33.00	
102.00	92.44	83.66	75.31	67.35	59.92	52.75	47.27	41.85	36.68	34.88	34.00	
105.00	92.95	83.20	75.37	68.17	61.01	54.91	49.14	43.71	38.29	35.61	33.00	
119.00	99.40	80.09	62.50	54.05	45.90	41.25	38.94	37.42	36.06	35.00	
119.00	102.56	90.81	79.72	68.91	58.20	51.30	45.86	40.84	35.99	34.00	
104.00	89.72	77.22	65.05	54.65	44.68	40.22	36.95	35.24	34.12	34.00	
120.00	106.53	93.06	80.87	68.68	59.03	50.22	41.64	35.04	33.48	32.21	31.00	
101.00	91.39	81.78	72.78	64.85	58.75	52.93	47.37	42.01	38.38	36.00	34.00	
104.00	90.67	79.41	68.42	60.51	52.78	46.69	41.85	37.89	35.72	35.00	
105.00	90.71	78.44	66.74	55.20	47.32	42.44	37.61	33.53	32.50	32.00	
116.00	102.81	89.90	77.73	67.91	58.73	50.21	42.68	35.90	33.46	32.40	32.00	
114.00	100.92	87.92	76.90	68.26	60.24	53.14	46.26	40.59	36.60	32.77	31.00	
117.00	104.38	91.90	80.02	69.88	60.17	52.31	46.19	40.75	35.84	32.00	
113.00	98.29	84.44	71.81	59.35	47.33	43.46	39.61	36.90	34.98	33.25	32.00	
118.00	102.70	89.02	75.83	63.15	52.93	46.12	39.35	37.63	36.45	35.54	35.00	
102.00	88.85	78.57	69.84	61.99	54.63	47.36	41.20	36.27	32.41	31.00	
108.00	97.34	88.27	79.33	70.41	61.85	55.49	49.87	45.68	41.57	38.17	35.00	
112.00	99.21	87.35	76.16	65.84	55.69	47.62	41.78	37.80	34.44	31.37	31.00	
117.00	101.67	88.59	77.22	67.30	57.74	48.66	43.02	38.81	36.83	35.19	34.00	
120.00	103.08	88.65	74.99	61.52	49.15	42.12	37.99	35.42	34.14	33.17	33.00	
108.00	95.11	82.85	72.57	63.16	56.24	49.85	43.79	37.92	34.76	32.01	32.00	
112.00	96.97	83.10	71.33	62.13	54.26	48.37	43.49	40.00	37.98	36.00	
105.00	89.53	75.81	68.07	60.92	55.80	50.91	46.30	43.17	40.14	37.29	35.00	
120.00	103.69	88.65	79.04	69.74	61.13	53.13	45.82	38.61	33.49	31.67	31.00	
108.00	96.20	84.70	73.28	64.26	55.36	49.79	44.76	40.22	36.04	33.19	32.00	
122.00	109.71	97.82	86.82	76.60	66.42	56.87	47.88	43.59	39.61	36.52	36.00	
112.00	97.07	82.73	70.10	59.15	50.07	45.10	40.71	36.65	33.80	33.00	
105.00	89.79	74.96	63.68	53.12	42.57	36.64	35.03	33.62	32.42	31.60	31.00	
118.00	101.23	85.18	72.83	62.99	55.72	48.63	41.59	36.28	32.43	31.00	
116.00	104.10	93.29	83.25	74.20	65.89	58.53	53.00	47.64	42.62	37.86	34.00	
112.00	99.33	88.36	77.70	67.14	58.04	50.21	43.66	37.21	34.03	34.00	
105.00	90.75	78.60	68.11	60.47	53.00	45.71	39.04	32.61	31.25	31.00	
120.00	105.25	92.93	80.72	68.87	59.85	51.22	44.21	38.09	36.34	35.00	
119.00	103.37	90.82	78.37	69.28	60.78	52.63	45.07	40.22	36.17	32.65	31.00	
123.00	108.94	96.19	83.97	73.69	64.11	55.68	48.04	41.29	36.63	34.48	34.00	
112.00	98.91	87.53	77.44	68.42	59.71	51.86	45.89	41.62	38.22	36.00	
119.00	104.74	91.82	79.10	66.41	54.20	46.13	41.36	39.04	36.91	36.00	
102.00	88.32	77.35	66.71	56.34	48.81	43.75	39.93	37.11	34.45	33.05	32.00	
103.00	91.08	82.44	74.29	67.55	60.85	54.80	49.24	44.34	39.61	35.00	
115.00	102.30	89.82	78.16	67.22	58.58	51.28	46.36	41.45	38.42	36.65	36.00	
106.00	94.52	83.21	73.02	64.37	55.91	48.46	41.86	37.53	34.46	33.00	
112.00	97.62	84.13	71.64	62.30	53.57	44.97	41.14	38.30	35.75	35.00	
101.00	89.93	79.69	69.65	61.43	53.29	47.30	41.56	39.04	37.14	36.00	
113.00	96.91	81.72	67.66	55.95	48.30	41.80	36.68	32.65	32.25	32.00	
116.00	99.18	86.27	73.98	64.42	56.44	49.56	42.72	40.76	38.95	37.29	36.00	
110.00	98.09	86.96	76.20	66.05	58.43	51.35	46.18	41.84	38.38	35.29	34.00	
117.00	98.75	84.24	70.68	61.82	53.60	45.51	40.05	36.98	34.84	33.00	
110.00	95.83	82.07	70.61	61.42	52.29	44.98	39.75	36.56	33.60	31.00	
121.00	106.99	94.80	83.40	73.00	62.62	54.36	49.27	44.23	39.63	37.26	35.00	
110.00	95.20	81.18	71.25	62.39	54.72	47.43	41.73	36.95	35.53	34.16	33.00	
112.00	93.84	82.49	74.22	66.04	58.51	51.58	45.46	40.07	34.81	32.30	32.00	
116.00	104.34	93.81	83.57	74.03	65.30	56.79	48.75	42.86	37.77	32.77	32.00	
119.00	104.72	91.24	79.97	69.15	59.25	51.85	44.81	39.09	35.58	34.00	
114.00	98.52	83.87	72.84	64.77	57.91	51.81	46.00	40.22	34.48	31.00	
113.00	101.09	89.40	79.19	69.39	60.03	51.10	45.42	40.82	37.06	33.42	31.00	
121.00	105.07	91.67	78.40	66.79	57.54	50.13	42.86	35.94	32.21	32.00	
115.00	96.35	81.66	69.65	59.59	49.93	43.92	41.03	39.12	37.34	36.24	36.00	
114.00	101.33	89.94	78.84	68.51	59.32	51.27	44.95	39.73	36.89	35.00	
102.00	92.10	83.85	75.75	67.69	59.79	52.81	46.26	39.72	36.13	34.00	
121.00	106.04	94.78	85.37	75.98	66.74	58.84	51.60	44.93	40.02	35.15	31.00	
110.00	96.29	82.57	70.92	59.65	50.75	42.78	39.08	35.78	33.32	32.00	
108.00	91.79	81.45	71.95	63.39	55.35	48.94	42.96	37.33	33.84	31.00	
112.00	96.09	83.81	72.99	63.85	55.47	49.27	43.35	38.07	36.06	34.37	33.00	
115.00	102.81	91.41	82.80	74.56	66.63	58.98	51.91	45.36	41.74	38.54	36.00	
115.00	97.89	83.57	74.12	65.33	56.95	48.80	41.84	37.81	34.37	32.89	32.00	
118.00	100.26	85.33	72.49	61.64	52.74	46.36	42.41	38.65	35.16	34.02	34.00	
105.00	90.57	77.69	66.47	55.30	45.61	38.83	35.96	33.34	32.53	32.00	
116.00	98.46	83.49	69.72	58.32	50.64	44.54	39.90	37.32	34.78	34.00	
106.00	92.98	81.56	70.65	61.52	54.45	47.94	41.92	37.64	34.15	31.00	
122.00	102.79	86.80	71.86	62.73	56.83	50.93	45.20	40.03	35.42	33.08	33.00	
107.00	92.58	78.47	64.71	52.53	40.70	37.35	34.83	32.52	31.69	31.00	
109.00	97.12	86.06	75.49	65.77	56.34	50.20	44.91	40.56	37.41	36.25	36.00	
112.00	94.59	81.36	68.30	60.46	53.83	47.38	42.66	39.47	36.88	36.00	
116.00	103.00	90.97	80.17	69.99	60.82	53.25	46.04	38.85	35.90	34.28	34.00	
121.00	103.81	88.96	75.71	66.74	57.80	50.23	43.31	38.70	36.45	36.00	
106.00	92.51	80.59	68.79	58.64	51.14	44.22	39.93	36.46	35.46	35.00	
122.00	109.37	96.90	85.46	74.52	63.88	53.70	45.01	39.78	36.54	33.36	32.00	
110.00	97.92	86.41	75.36	64.41	53.58	45.87	41.51	38.00	35.02	35.00	
104.00	94.22	85.13	76.46	67.95	59.91	52.25	45.45	39.88	35.58	33.00	
115.00	101.88	90.01	79.62	69.96	61.44	53.08	45.40	39.83	36.75	34.29	33.00	
121.00	104.64	88.63	75.14	63.58	52.88	42.93	38.65	37.72	36.98	36.45	36.00	
118.00	98.34	80.97	66.90	56.66	46.80	41.23	35.86	34.04	32.74	32.00	
117.00	103.01	90.25	80.40	72.03	63.93	56.40	49.48	43.61	37.90	32.61	32.00	
107.00	93.14	79.59	66.08	56.96	49.68	43.09	37.22	35.23	34.41	34.00	
116.00	102.84	91.90	81.21	70.90	60.84	51.21	45.29	39.95	35.23	32.00	
101.00	85.95	73.20	62.51	54.55	48.40	44.98	42.47	40.15	38.00	36.00	
103.00	91.69	80.38	69.12	61.12	54.16	47.80	41.70	37.20	33.72	33.00	
116.00	103.10	91.58	81.98	73.05	64.87	56.87	49.99	43.46	38.05	33.00	
108.00	89.40	71.49	59.13	50.27	42.78	36.84	35.35	34.65	34.18	34.00	
122.00	108.16	95.46	83.61	72.55	62.75	54.57	47.08	39.97	35.84	33.68	33.00	
115.00	97.07	80.89	66.51	55.48	46.09	40.25	34.63	32.94	32.04	32.00	
116.00	101.64	90.09	80.11	70.35	61.45	53.34	47.14	43.29	39.79	37.14	35.00	
116.00	101.85	88.15	75.46	63.72	53.14	42.94	37.72	33.52	32.56	32.00	
112.00	96.96	81.98	67.02	55.09	48.33	41.85	38.33	35.65	33.63	32.00	
105.00	85.26	71.63	58.83	50.93	46.76	42.90	39.38	37.54	36.09	35.06	35.00	
102.00	90.47	80.39	70.54	60.94	51.37	42.44	37.22	34.48	32.95	31.58	31.00	
119.00	103.49	90.58	78.28	68.02	57.85	50.03	42.95	39.52	37.11	35.18	35.00	
110.00	94.30	80.12	67.21	58.49	52.15	48.08	44.16	40.68	37.35	34.08	33.00	
122.00	107.42	94.05	81.96	70.58	59.59	49.83	40.74	33.83	32.07	32.00	
112.00	95.66	83.14	71.44	60.76	52.69	44.63	39.64	36.10	34.64	33.68	33.00	
118.00	102.48	87.56	76.62	66.91	59.21	51.69	45.02	40.48	36.06	35.00	
105.00	93.17	82.28	72.22	63.53	55.05	47.38	40.80	37.61	35.52	33.61	33.00	
109.00	98.89	90.68	82.53	74.49	66.64	59.61	52.77	46.33	40.29	36.59	34.00	
106.00	96.14	86.33	76.99	67.72	58.63	51.14	44.10	37.50	36.59	36.00	
105.00	89.83	75.00	64.71	55.09	49.31	43.65	38.64	36.16	34.07	32.00	
116.00	98.19	80.55	65.91	56.41	50.39	44.98	39.97	36.74	34.80	33.00	
111.00	97.43	85.22	73.15	62.65	54.99	49.25	44.17	40.56	37.88	36.00	
116.00	99.44	87.46	76.05	67.18	59.06	50.97	43.90	37.16	32.56	31.18	31.00	
120.00	108.18	97.64	87.35	77.18	67.09	59.90	53.28	46.92	40.72	37.48	35.00	
104.00	90.48	77.79	67.77	58.13	49.32	45.16	42.29	39.44	37.44	36.00	
112.00	98.34	85.00	76.71	68.51	60.73	53.02	46.67	41.50	38.84	36.67	36.00	
103.00	85.66	74.42	63.19	54.11	45.99	41.65	37.46	34.38	31.38	31.00	
116.00	99.64	85.46	72.67	62.60	52.71	47.54	43.13	39.18	36.47	36.00	
122.00	105.00	88.20	71.98	61.46	53.59	46.01	39.64	33.32	32.64	32.00	
116.00	100.34	84.71	71.65	62.69	54.82	47.78	43.01	38.64	35.56	33.19	31.00	
111.00	95.03	83.98	73.07	63.74	55.45	48.48	41.57	35.46	32.43	32.00	
102.00	92.98	84.17	75.57	67.02	59.05	52.38	46.29	40.29	36.83	35.00	
116.00	98.26	81.72	65.83	56.82	48.80	42.16	38.95	36.11	33.92	33.00	
103.00	93.56	84.30	75.68	67.24	59.29	51.82	44.75	39.26	34.19	34.00	
114.00	96.96	88.13	80.08	72.28	64.66	57.48	51.14	45.79	40.55	38.28	36.00	
115.00	101.85	90.48	79.94	69.50	60.62	52.50	45.68	39.92	35.88	32.00	
122.00	106.05	90.22	76.94	64.73	54.48	45.88	41.58	37.33	35.10	33.13	33.00	
105.00	94.87	85.72	76.84	68.84	61.00	53.65	46.48	41.05	36.07	32.18	32.00	
121.00	108.48	96.68	85.28	74.98	65.70	56.95	48.27	42.68	38.25	36.84	36.00	
119.00	105.69	92.86	81.93	71.40	60.98	52.37	45.76	40.19	37.02	34.00	
104.00	90.46	77.08	66.47	60.40	54.44	48.56	43.19	39.02	36.97	36.05	36.00	
104.00	92.31	82.36	73.69	65.32	57.91	50.88	47.01	43.24	39.52	36.61	34.00	
120.00	105.87	92.03	79.06	70.47	62.29	54.12	49.26	44.91	41.51	38.64	36.00	
110.00	93.48	82.74	72.95	63.71	54.54	49.23	44.39	40.11	37.05	35.22	34.00	
111.00	97.88	85.16	72.89	61.60	54.94	49.74	44.72	40.35	36.16	34.32	33.00	
117.00	103.07	90.67	81.59	72.66	63.75	55.43	48.20	41.06	37.98	35.00	
118.00	103.71	90.30	77.21	66.28	55.91	47.80	41.08	36.25	32.77	31.00	
115.00	100.32	85.69	72.85	61.98	53.17	47.41	41.85	38.37	36.35	36.00	
118.00	99.79	85.59	75.56	66.31	58.07	49.83	41.95	37.09	33.58	31.00	
101.00	88.90	78.82	68.78	59.25	52.66	46.64	42.25	39.35	36.83	35.60	35.00	
109.00	97.44	87.33	78.11	69.63	61.68	54.07	46.89	40.87	36.65	34.63	34.00	
108.00	92.55	78.86	68.95	60.29	51.86	44.63	40.93	37.91	35.10	35.00	
112.00	99.35	86.83	77.66	69.30	60.96	53.97	47.32	41.10	36.04	33.15	31.00	
121.00	103.67	90.37	78.65	67.31	57.68	50.46	43.35	38.12	33.64	31.10	31.00	
119.00	107.37	96.50	86.88	78.39	70.65	63.70	56.98	50.36	44.63	38.96	34.00	
101.00	90.92	80.95	71.36	63.23	57.16	51.57	46.24	41.20	37.19	34.64	33.00	
117.00	104.17	92.10	80.56	69.43	60.41	52.61	44.86	37.43	32.95	32.26	32.00	
120.00	106.45	92.97	80.40	68.66	57.18	49.27	44.97	40.97	37.49	34.72	32.00	
116.00	95.92	85.67	75.68	67.32	59.02	51.32	45.38	39.69	35.00	34.00	
123.00	104.64	88.75	72.89	58.94	51.51	45.91	40.91	37.73	34.82	33.00	
106.00	96.78	87.89	79.25	71.37	63.59	56.15	49.12	43.21	37.64	34.57	34.00	
106.00	91.74	78.98	69.21	61.47	53.91	47.92	43.94	40.08	36.44	36.00	
103.00	88.16	75.70	66.91	60.28	54.35	49.24	44.50	40.64	37.92	36.00	
109.00	94.94	81.56	69.24	58.33	51.82	47.17	43.39	40.54	37.70	35.00	
104.00	91.70	79.97	69.82	61.74	55.06	48.75	44.20	40.04	36.35	33.87	32.00	
120.00	107.41	95.10	83.71	73.36	64.48	56.49	48.63	41.38	36.93	34.00	
122.00	104.85	88.51	75.42	63.77	54.38	45.09	38.19	34.10	32.07	31.00	
117.00	101.84	87.51	73.68	60.31	48.28	38.92	36.71	35.28	34.40	34.00	
110.00	97.52	87.62	78.94	70.65	63.15	56.40	50.01	45.22	40.45	37.29	36.00	
118.00	101.78	85.81	71.86	61.69	52.32	46.18	41.00	37.20	33.88	31.00	
111.00	94.40	80.76	69.00	60.64	52.76	45.74	40.81	37.33	35.93	35.00	
107.00	97.55	88.18	79.11	71.52	63.95	56.93	50.76	45.36	40.01	37.15	35.00	
117.00	102.25	88.66	77.73	68.41	59.41	50.43	43.25	38.58	36.52	35.00	
118.00	100.32	85.13	70.49	58.23	49.48	41.92	37.91	35.01	34.27	34.10	34.00	
106.00	95.09	84.19	74.43	66.27	58.20	50.97	44.57	39.70	37.10	35.37	35.00	
123.00	108.45	95.28	82.86	72.64	64.18	56.79	49.52	44.06	39.26	36.71	36.00	
110.00	98.19	86.42	74.77	63.96	54.43	46.87	39.40	37.27	35.28	34.00	
118.00	106.63	95.92	85.41	75.92	66.55	57.41	49.45	43.54	38.87	35.08	35.00	
114.00	98.20	83.06	73.87	64.74	56.27	48.14	43.97	40.41	37.40	34.64	33.00	
106.00	92.81	81.63	72.16	62.89	54.93	47.07	41.13	38.39	36.55	36.00	
112.00	98.87	88.60	79.10	69.61	60.88	52.79	44.75	37.91	35.14	34.00	
110.00	97.72	85.62	74.57	65.14	56.35	47.80	44.54	41.61	38.80	36.19	36.00	
108.00	95.18	84.85	75.61	66.54	57.53	50.37	45.89	41.51	37.77	36.12	36.00	
119.00	103.54	89.86	78.24	69.54	61.49	54.74	48.18	42.80	39.31	37.11	36.00	
106.00	90.23	74.84	63.70	54.24	49.85	45.65	41.49	37.48	35.41	34.17	34.00	
110.00	94.88	80.35	67.79	59.45	51.52	44.20	38.18	35.46	33.28	33.10	33.00	
113.00	101.80	91.85	81.95	72.04	63.18	54.57	47.38	42.64	39.29	36.32	36.00	
101.00	90.17	79.44	68.73	60.81	53.31	46.00	39.14	35.69	32.51	31.00	
108.00	88.95	78.82	68.86	60.02	52.26	46.45	41.48	36.86	32.58	32.00	
113.00	98.82	86.42	74.49	64.04	57.64	51.47	45.47	39.77	36.56	34.00	
103.00	88.47	75.19	65.77	57.67	51.07	46.26	42.24	39.16	37.22	35.57	34.00	
123.00	105.96	89.94	79.02	68.68	59.10	52.06	46.87	42.23	38.56	36.00	
120.00	104.86	90.05	75.90	63.27	52.50	46.79	41.96	38.44	35.65	34.08	33.00	
109.00	96.47	84.54	73.45	64.14	55.11	46.15	39.86	35.66	32.10	31.00	
123.00	104.47	89.07	75.08	63.35	55.27	49.02	43.34	37.76	32.19	31.57	31.00	
118.00	101.71	87.60	75.45	65.14	55.29	46.14	39.46	36.85	35.49	35.20	35.00	
116.00	99.64	83.71	71.69	60.27	49.15	40.68	34.54	33.04	32.40	32.00	
118.00	102.13	88.81	76.85	65.19	53.66	47.75	42.10	37.41	33.93	33.00	
101.00	89.26	79.65	70.30	61.33	53.95	47.85	43.12	39.69	37.18	34.90	34.00	
108.00	94.32	82.66	71.12	61.94	54.55	47.32	42.31	38.51	35.96	34.01	33.00	
116.00	99.68	84.63	69.97	57.10	49.36	42.24	37.13	34.88	33.66	33.00	
120.00	100.08	84.68	70.51	59.05	48.88	41.62	35.85	33.76	32.75	32.00	
102.00	91.93	82.02	73.17	64.83	56.61	50.99	45.86	42.06	38.39	35.92	35.00	
110.00	94.27	82.12	72.12	63.20	54.83	47.31	41.32	37.86	36.42	36.00	
112.00	98.24	84.58	72.20	62.49	52.98	45.01	39.49	36.10	33.21	33.00	
118.00	106.45	96.87	87.52	78.36	70.06	62.09	54.17	46.32	41.34	37.39	34.00	
113.00	100.94	89.77	78.71	68.49	59.37	51.48	43.75	39.25	36.40	36.00	
113.00	98.16	83.92	72.43	62.88	53.98	48.73	44.09	40.38	37.29	34.41	33.00	
102.00	86.73	72.97	61.14	53.94	49.23	46.04	42.90	40.23	37.59	35.48	35.00	
106.00	96.84	87.73	78.80	70.56	62.43	54.55	47.87	42.04	37.76	35.22	34.00	
107.00	93.60	80.46	69.99	62.34	55.30	50.25	45.24	41.71	38.62	35.95	35.00	
122.00	108.16	94.70	81.68	69.69	59.97	50.65	44.32	39.34	36.11	34.00	
112.00	99.42	87.14	76.18	66.68	57.55	49.91	45.61	41.70	38.05	34.69	32.00	
121.00	106.46	92.15	79.30	66.93	54.83	43.96	38.20	35.81	33.68	32.35	32.00	
105.00	92.52	80.67	72.24	64.28	56.85	49.55	42.60	39.78	37.00	34.74	33.00	
108.00	92.25	78.27	64.96	58.67	53.12	48.18	43.61	39.34	36.48	34.00	
111.00	100.71	91.98	83.31	74.83	66.67	59.25	52.76	46.58	41.28	37.37	35.00	
123.00	109.52	96.18	84.89	73.94	63.95	56.11	48.43	41.52	35.18	31.58	31.00	
106.00	90.77	75.62	63.40	55.08	48.17	42.53	37.25	34.75	33.49	32.38	32.00	
115.00	102.64	90.76	79.04	68.29	57.65	49.29	43.24	38.34	35.01	32.34	31.00	
118.00	102.88	90.12	78.66	69.93	62.02	54.76	48.46	42.60	37.23	33.00	31.00	
119.00	104.33	90.40	77.51	64.69	54.23	44.60	36.32	32.39	31.46	31.00	
116.00	103.54	91.84	80.78	71.41	62.70	54.12	45.74	37.48	35.45	35.00	
118.00	101.86	89.08	78.55	68.52	58.71	49.87	44.81	39.77	36.65	33.73	33.00	
112.00	100.60	89.61	78.98	68.84	60.63	53.56	46.48	41.60	37.72	35.19	34.00	
114.00	98.41	82.92	68.50	58.22	49.89	42.51	37.98	34.42	31.56	31.00	
108.00	97.74	87.57	78.06	68.93	60.81	52.90	45.91	39.68	36.25	36.00	
120.00	104.98	90.27	78.29	67.46	57.45	49.12	42.50	39.69	36.91	35.00	
104.00	93.31	83.19	75.10	67.18	59.32	52.41	45.71	41.50	37.51	33.79	32.00	
122.00	106.55	92.43	79.08	67.33	58.78	50.36	44.35	39.43	35.08	34.00	
112.00	98.53	85.17	72.25	61.27	51.37	44.77	39.79	36.51	33.31	32.02	32.00	
111.00	100.17	90.16	80.80	71.43	62.47	54.12	48.42	42.93	38.01	33.30	31.00	
112.00	97.43	85.15	73.83	63.65	55.38	47.69	42.34	37.50	33.49	31.00	
121.00	109.14	97.67	86.75	75.85	66.61	57.79	49.98	42.26	36.09	32.01	32.00	
119.00	98.85	80.03	68.14	60.40	54.81	50.31	46.03	41.85	38.04	35.51	33.00	
115.00	101.94	89.99	80.31	70.96	61.95	52.94	45.80	41.52	38.54	36.15	36.00	
117.00	99.28	84.75	72.68	60.80	53.14	47.09	41.72	36.61	34.82	34.00	
114.00	101.54	89.88	78.24	69.30	60.42	53.99	48.49	43.15	39.93	36.77	34.00	
113.00	96.63	81.37	68.49	57.45	48.54	42.61	37.14	32.50	31.16	31.05	31.00	
103.00	90.31	78.67	70.64	63.98	57.94	52.40	47.16	42.77	38.62	36.25	35.00	
119.00	104.10	89.51	76.23	63.46	55.99	49.26	42.71	36.44	34.72	33.26	33.00	
107.00	95.35	85.88	76.61	67.52	58.57	50.41	42.80	37.68	33.29	32.59	32.00	
101.00	88.60	76.74	66.75	58.13	50.37	44.57	41.07	38.04	35.17	32.47	32.00	
109.00	98.01	87.15	76.61	66.27	57.00	49.26	42.29	36.69	32.72	32.18	32.00	
113.00	100.76	89.61	78.80	68.15	58.90	50.99	45.12	40.84	38.91	37.04	36.00	
116.00	100.04	85.15	70.95	57.45	47.76	39.46	34.64	33.30	32.66	32.04	32.00	
110.00	98.59	87.57	76.56	65.92	56.05	48.06	40.64	37.52	36.26	36.00	
123.00	110.91	99.47	88.87	78.30	68.21	59.62	51.78	44.63	38.06	35.55	34.00	
108.00	90.61	75.22	61.15	51.37	41.72	37.51	35.69	34.06	32.61	32.00	
102.00	89.26	77.19	65.24	54.35	47.26	41.51	37.12	34.43	32.55	32.19	32.00	
106.00	93.27	81.10	72.14	65.12	59.06	53.02	47.15	41.75	36.80	33.63	31.00	
103.00	93.03	83.20	73.59	64.38	56.05	47.81	42.87	38.21	34.49	32.12	31.00	
107.00	91.34	76.97	67.26	57.69	50.94	44.69	40.40	36.21	34.29	34.00	
101.00	87.43	76.35	66.91	58.32	50.66	43.94	37.61	35.44	33.56	32.00	
117.00	97.14	78.53	63.21	49.93	42.71	36.98	33.77	32.91	32.31	32.00	
123.00	102.52	85.50	72.74	63.50	55.74	49.56	43.77	38.47	36.22	34.05	34.00	
116.00	99.43	87.03	75.74	65.85	56.27	48.48	41.90	36.73	34.46	34.17	34.00	
118.00	105.07	92.40	80.22	68.54	57.50	49.78	42.19	38.20	37.02	36.00	
123.00	101.17	82.99	68.07	58.90	51.34	43.80	38.42	34.93	32.36	31.00	
107.00	90.59	75.82	65.94	57.48	49.21	43.19	37.35	35.32	34.54	34.00	
105.00	92.61	81.76	72.64	63.75	56.56	51.07	46.14	42.23	39.89	37.68	36.00	
117.00	102.53	88.52	76.28	65.71	55.55	48.82	43.43	38.07	35.13	33.00	
120.00	100.41	86.88	74.30	63.57	55.96	48.56	43.10	38.04	34.17	32.00	
112.00	96.12	80.71	67.33	59.42	51.82	47.84	44.15	41.03	38.13	36.00	
118.00	104.42	92.52	81.32	73.10	65.14	58.47	52.25	47.57	42.90	38.23	34.00	
118.00	104.94	93.07	83.53	74.34	65.53	57.58	51.47	45.44	39.41	34.47	33.00	
113.00	100.42	88.01	75.66	65.12	54.59	45.42	41.33	37.29	33.33	33.00	
114.00	95.08	81.22	68.31	57.24	48.36	43.82	39.92	37.35	35.08	35.00	
120.00	106.35	93.41	80.57	68.46	59.14	52.61	46.24	40.46	36.30	36.00	
118.00	102.78	90.02	79.12	68.81	61.20	53.61	46.52	40.46	36.41	34.00	
121.00	100.49	84.78	69.88	57.31	45.13	39.29	37.47	35.68	34.03	32.58	32.00	
111.00	97.66	85.36	73.14	62.85	53.85	46.71	40.61	37.42	34.70	32.00	
105.00	89.57	76.88	67.80	60.32	53.01	47.41	42.85	38.48	36.55	35.02	34.00	
104.00	91.35	78.88	66.54	59.09	52.08	46.18	41.97	38.20	36.06	34.67	34.00	
102.00	89.86	79.09	68.41	58.73	49.77	43.29	39.63	36.64	35.43	34.30	34.00	
123.00	108.01	93.03	80.81	69.30	59.00	51.52	44.97	39.60	35.16	32.87	31.00	
101.00	91.21	82.60	74.27	66.84	60.07	53.64	47.57	42.39	38.15	34.00	
114.00	99.56	85.46	72.09	61.18	53.37	46.04	41.27	37.27	35.51	34.00	
122.00	105.37	89.67	76.26	63.91	56.67	49.81	43.06	36.64	34.81	33.70	33.00	
120.00	102.30	85.42	71.40	60.24	50.01	42.62	38.00	34.95	32.33	31.60	31.00	
105.00	92.58	81.36	70.41	62.96	55.79	49.44	43.66	37.97	32.72	31.69	31.00	
118.00	103.62	89.50	76.03	65.46	56.17	49.98	44.05	39.30	36.30	34.66	34.00	
120.00	105.15	91.82	80.64	69.68	60.17	51.66	43.20	39.21	36.23	36.00	
106.00	92.13	79.65	67.85	57.16	48.37	41.64	37.49	34.39	32.84	32.00	
114.00	103.80	93.71	84.37	75.40	66.69	59.02	51.79	46.89	42.39	38.54	36.00	
118.00	102.17	87.30	74.83	63.89	55.58	47.89	41.82	37.03	35.46	34.60	34.00	
105.00	94.77	84.98	76.03	67.77	60.26	53.04	48.11	44.06	40.47	37.49	35.00	
107.00	95.37	83.78	73.54	63.42	54.10	47.01	40.12	37.19	34.49	33.00	
106.00	97.23	88.53	80.25	72.06	64.71	57.81	51.18	46.34	41.85	37.78	35.00	
119.00	107.15	95.33	84.11	73.32	65.04	58.38	52.18	46.39	40.80	37.30	36.00	
103.00	92.05	82.45	74.63	67.81	61.39	55.75	50.13	45.34	41.05	37.48	35.00	
103.00	87.15	73.79	63.59	53.63	45.54	40.07	35.01	33.24	31.72	31.00	
107.00	92.23	80.73	69.93	59.41	53.31	47.69	42.15	37.54	34.02	33.05	33.00	
106.00	95.90	86.00	77.03	68.14	59.92	52.74	47.05	42.48	37.99	35.02	33.00	
123.00	110.30	98.04	86.47	75.02	63.69	55.47	47.56	41.77	37.56	35.18	34.00	
116.00	102.44	90.98	79.69	68.48	60.07	52.22	44.37	40.08	38.40	36.86	36.00	
110.00	99.63	89.96	80.35	71.86	63.46	55.94	49.74	44.23	40.39	36.72	34.00	
110.00	94.67	81.59	70.73	61.34	53.42	47.67	41.96	38.34	36.37	36.00	
115.00	103.40	92.40	84.44	76.50	68.86	61.92	55.05	48.27	41.54	36.91	34.00	
109.00	96.78	85.36	74.16	63.36	55.12	47.28	42.39	39.58	37.16	36.04	35.00	
116.00	104.57	93.29	82.54	72.42	62.63	53.13	46.13	41.08	36.34	34.00	
105.00	93.05	81.16	71.68	62.52	54.08	47.99	42.41	38.75	35.64	33.00	
112.00	97.43	83.21	71.66	61.19	52.69	47.92	43.61	39.90	36.72	36.00	
123.00	108.76	95.67	83.78	73.32	63.51	54.30	45.66	39.52	33.84	32.00	
102.00	92.04	82.51	72.99	64.42	57.34	50.99	44.81	39.20	36.70	36.21	36.00	
106.00	93.42	81.22	69.08	58.02	51.05	44.93	39.35	35.90	34.23	34.00	
113.00	98.09	84.01	70.41	59.58	49.05	41.59	38.49	36.49	34.67	33.00	
110.00	97.65	85.61	74.68	64.10	55.55	49.83	44.18	41.36	39.35	37.52	36.00	
121.00	107.58	94.92	82.37	70.99	60.60	53.49	47.16	43.08	39.14	36.00	
121.00	106.97	93.72	81.22	70.33	60.32	53.90	47.61	42.09	39.94	37.83	36.00	
111.00	96.48	82.91	70.86	60.11	49.92	43.89	40.33	38.55	37.18	36.00	
119.00	102.38	90.16	77.95	65.76	54.22	46.55	39.91	35.42	33.66	32.25	31.00	
116.00	104.16	92.33	80.91	70.01	59.64	50.62	42.98	39.06	36.23	35.00	
115.00	101.95	91.20	81.54	72.16	65.03	58.38	51.88	45.52	39.33	35.22	35.00	
120.00	107.37	94.85	83.83	74.33	65.24	59.05	52.86	46.80	41.57	36.88	36.00	
106.00	91.17	79.68	68.50	60.64	53.33	46.23	39.60	35.20	33.54	32.00	
102.00	91.89	83.04	74.36	66.16	58.87	51.96	46.38	41.12	35.88	31.00	
119.00	105.51	92.58	80.24	71.57	64.17	57.48	50.93	44.43	38.19	34.00	
108.00	93.45	80.72	68.02	56.23	46.69	37.41	34.81	34.25	34.02	34.00	
104.00	92.10	81.39	71.32	63.40	56.94	52.04	47.91	44.51	41.51	38.57	36.00	
122.00	107.79	94.33	81.34	69.68	60.41	51.85	44.03	37.91	32.52	31.65	31.00	
122.00	108.48	95.53	83.28	72.41	62.97	53.73	45.78	38.93	35.34	33.00	
102.00	91.97	82.48	73.46	65.09	57.44	50.08	42.72	38.57	35.11	34.00	
109.00	94.87	82.34	72.81	64.18	56.39	49.59	44.73	40.23	36.89	35.00	
110.00	97.83	85.91	75.54	67.28	60.66	54.19	47.97	41.95	37.04	34.20	32.00	
112.00	96.23	83.28	71.19	61.55	53.89	46.78	42.46	38.79	35.99	35.00	
114.00	100.84	90.08	79.74	70.20	60.99	52.07	43.63	38.33	36.72	36.00	
107.00	95.11	83.42	72.97	62.96	54.18	47.08	43.01	38.94	35.00	33.95	33.00	
113.00	99.06	85.90	73.82	65.54	58.45	51.97	46.17	41.32	36.57	34.23	34.00	
116.00	102.25	89.50	79.11	68.84	58.94	50.60	43.39	39.75	36.61	34.53	34.00	
109.00	98.84	88.84	79.18	69.80	61.27	54.61	48.55	43.59	39.11	34.81	31.00	
112.00	97.87	87.61	78.49	69.91	61.51	54.06	46.65	40.23	35.56	33.00	
121.00	106.37	92.34	79.82	70.72	62.35	54.20	46.98	40.75	36.51	34.66	34.00	
123.00	99.14	86.61	74.66	63.41	54.56	47.31	41.87	37.79	35.88	35.00	
101.00	89.22	77.77	68.00	60.15	52.79	45.73	41.05	38.10	36.02	34.00	
104.00	92.04	80.83	69.71	59.55	52.33	45.74	39.95	36.88	35.06	33.53	33.00	
123.00	106.39	90.16	75.34	63.43	52.79	46.55	40.74	35.59	33.13	31.00	
102.00	92.33	83.20	74.49	66.55	59.26	52.16	46.11	41.27	38.01	36.81	36.00	
106.00	92.63	81.99	72.65	64.27	56.97	50.30	44.04	39.97	36.86	33.76	31.00	
118.00	103.60	89.75	78.18	68.27	58.94	50.54	42.83	38.32	37.11	36.00	
106.00	95.38	85.71	76.11	67.49	59.03	51.68	45.68	40.55	37.75	35.61	35.00	
104.00	92.26	81.91	71.73	61.77	52.93	45.44	40.76	36.83	33.31	31.56	31.00	
119.00	103.98	90.16	76.57	65.57	55.30	46.65	42.38	38.84	36.41	34.00	
106.00	93.65	81.90	71.28	62.00	55.75	49.81	44.22	38.68	33.55	31.00	
117.00	106.18	95.99	85.85	75.96	66.24	58.34	52.42	46.51	40.91	36.81	33.00	
118.00	102.99	91.16	81.24	71.33	64.01	56.87	50.01	43.17	36.67	31.00	
113.00	98.71	84.48	72.03	60.72	51.71	43.94	38.69	35.31	32.67	31.17	31.00	
106.00	87.07	76.20	66.92	58.03	51.36	44.78	39.32	33.85	31.33	31.00	
113.00	100.39	89.06	78.14	67.54	59.15	51.94	45.00	40.22	36.51	36.00	
115.00	99.78	85.64	73.77	62.59	53.28	46.19	39.85	35.53	33.09	31.00	
117.00	98.91	84.42	71.38	58.68	51.92	46.18	40.61	35.43	32.74	31.00	
120.00	106.48	92.98	80.24	69.30	59.33	51.09	43.05	38.62	35.46	35.00	
114.00	99.03	85.54	73.54	63.53	56.94	50.88	45.20	40.40	36.51	32.94	31.00	
106.00	95.45	85.82	77.07	69.15	62.48	56.11	50.32	44.67	40.30	37.91	36.00	
114.00	96.79	81.95	68.81	60.52	52.25	45.59	41.89	38.82	36.16	36.00	
103.00	91.90	82.48	73.67	66.65	59.79	53.49	47.39	43.04	39.17	35.41	32.00	
115.00	100.08	88.58	77.15	66.60	57.86	51.01	46.00	41.40	38.07	34.97	34.00	
104.00	91.03	78.37	66.27	55.60	48.24	42.16	38.02	34.98	33.44	32.00	
119.00	105.65	92.36	80.05	71.47	63.02	55.96	49.36	43.96	40.07	36.47	33.00	
114.00	100.95	88.37	78.46	69.30	60.29	52.39	47.30	42.54	38.36	35.01	33.00	
114.00	101.97	91.68	82.28	73.67	65.77	58.02	51.13	44.56	39.28	37.12	35.00	
101.00	84.98	71.86	60.41	53.02	48.34	44.02	40.64	37.36	34.65	33.00	
104.00	92.12	82.44	73.72	66.31	59.12	53.01	46.99	41.89	36.96	33.35	31.00	
111.00	97.18	84.28	72.88	62.06	54.01	48.17	43.89	39.80	37.05	35.00	
106.00	91.66	77.74	66.65	57.83	50.11	45.10	40.20	36.68	33.55	33.00	
108.00	93.56	79.74	68.07	58.83	50.39	43.06	39.12	36.73	34.85	33.00	
103.00	92.25	82.07	73.30	65.52	57.76	50.80	44.35	39.79	36.72	34.29	33.00	
117.00	102.44	90.30	79.56	69.05	58.63	51.03	46.22	41.49	36.86	36.00	
123.00	105.97	91.16	79.47	68.17	57.86	48.78	40.61	35.88	33.03	32.00	
112.00	98.45	85.08	72.43	63.91	57.59	51.90	46.78	42.76	39.02	37.47	36.00	
115.00	97.94	82.55	72.12	62.58	55.30	48.71	43.03	38.52	34.11	32.06	31.00	
101.00	84.00	69.26	57.12	46.48	41.80	38.02	36.00	34.41	33.16	33.00	
117.00	105.15	93.36	83.72	75.03	66.48	58.55	51.24	44.27	37.38	32.00	
118.00	103.09	89.57	76.88	64.31	52.22	43.05	36.76	34.34	34.06	34.00	
110.00	94.14	82.57	71.36	61.05	51.82	46.79	42.52	38.31	34.41	33.00	
120.00	107.03	94.75	83.73	73.12	63.17	54.79	47.68	41.65	38.42	36.70	36.00	
102.00	87.32	76.65	67.45	59.67	53.79	47.99	42.35	37.06	33.18	32.00	
105.00	92.31	81.22	70.14	60.75	54.02	47.87	42.14	37.46	34.91	33.34	32.00	
122.00	105.81	90.25	77.46	67.94	58.79	49.94	44.09	38.68	34.86	32.42	31.00	
107.00	94.60	83.05	71.93	61.86	55.67	49.58	44.54	40.18	36.65	33.50	32.00	
106.00	96.28	86.77	77.89	69.67	61.54	53.54	45.90	40.01	37.25	34.88	33.00	
104.00	92.21	80.64	69.87	60.42	51.42	43.18	39.01	35.82	33.08	32.00	
118.00	103.97	90.23	77.33	68.49	61.70	55.37	49.71	44.09	39.67	35.75	35.00	
109.00	97.75	87.67	77.82	68.83	60.94	53.17	46.37	40.49	35.78	32.00	
105.00	92.82	82.72	73.09	64.05	56.58	49.18	42.72	36.82	32.33	31.00	
110.00	94.46	78.96	65.94	54.03	46.59	42.15	37.89	33.94	32.17	31.04	31.00	
120.00	108.29	97.10	86.03	76.33	67.64	59.59	51.97	45.34	38.93	34.65	34.00	
120.00	107.14	96.42	85.75	76.35	67.06	58.77	50.51	42.38	36.21	35.00	
114.00	101.65	89.58	77.52	65.79	56.30	47.62	41.45	36.50	35.47	35.00	
104.00	92.77	83.98	76.17	69.09	63.11	57.27	51.56	46.01	41.00	36.43	34.00	
123.00	105.42	88.42	80.24	72.09	63.95	56.77	49.58	44.35	39.44	36.00	
115.00	100.66	88.50	76.92	68.11	59.65	51.79	45.61	40.39	36.91	35.23	34.00	
118.00	102.78	89.85	79.94	70.48	61.21	52.73	44.52	40.41	36.64	33.13	31.00	
118.00	102.70	89.52	77.02	66.30	56.70	47.72	40.10	37.45	36.69	36.00	
102.00	85.71	76.29	67.38	59.23	51.27	45.88	42.11	39.18	36.80	36.00	
102.00	91.28	81.96	72.81	64.56	57.06	50.13	44.56	39.97	35.59	31.87	31.00	
109.00	90.75	73.97	62.57	54.26	46.43	39.89	34.47	32.25	31.15	31.00	
118.00	100.58	84.18	71.37	59.49	50.78	42.65	38.47	35.84	34.36	33.41	33.00	
117.00	102.36	87.93	73.78	63.06	53.82	46.88	41.56	37.05	33.26	31.99	31.00	
110.00	94.67	83.48	73.47	63.93	56.61	49.96	43.63	38.06	34.84	31.89	31.00	
114.00	93.89	76.76	63.06	52.41	46.27	41.66	37.55	34.40	33.02	33.00	
116.00	105.18	94.52	84.55	75.28	66.35	57.80	50.27	43.60	37.13	32.00	
123.00	102.89	84.99	73.91	63.92	54.01	47.82	41.91	37.11	33.66	32.00	
121.00	107.49	94.32	83.87	73.57	63.80	54.99	47.96	43.76	39.84	37.79	36.00	
103.00	90.52	80.63	70.77	61.17	51.77	45.25	39.70	37.78	36.16	36.00	
121.00	105.36	91.09	78.22	66.35	56.62	48.90	44.48	40.27	36.13	32.11	32.00	
114.00	97.53	84.92	74.96	65.74	57.07	49.49	43.05	36.68	34.59	33.27	32.00	
121.00	105.88	94.33	82.95	71.82	61.19	50.74	43.41	39.12	35.77	35.00	
117.00	103.55	92.42	82.18	73.05	63.94	55.46	47.00	40.96	35.94	34.40	33.00	
111.00	96.25	81.87	68.68	56.25	48.98	43.52	38.58	35.56	33.32	32.00	
108.00	96.28	84.76	74.65	64.83	55.18	45.87	39.91	36.94	34.53	33.00	
105.00	96.06	87.18	78.59	70.17	61.97	54.38	47.23	41.67	37.61	36.00	
116.00	95.04	78.85	63.78	54.51	46.71	41.82	37.30	35.54	34.66	34.00	
116.00	101.11	86.58	73.42	63.71	54.02	44.76	40.70	37.85	35.71	34.09	33.00	
112.00	98.85	86.50	76.12	66.46	58.62	52.60	46.58	40.84	36.88	34.00	
116.00	99.81	87.54	76.02	65.25	55.44	46.08	40.31	34.93	33.30	32.20	32.00	
109.00	91.07	73.62	66.36	59.35	52.45	45.78	41.31	39.35	37.95	36.86	36.00	
118.00	100.82	85.65	72.96	63.65	54.57	47.14	41.49	36.26	33.37	33.02	33.00	
118.00	103.06	89.72	77.94	68.30	59.40	52.59	47.60	42.85	38.36	34.45	31.00	
111.00	98.70	88.28	78.58	69.25	59.96	54.71	49.62	44.62	40.02	35.53	35.00	
115.00	100.03	88.69	78.13	69.84	63.47	57.40	52.38	47.43	43.21	39.52	36.00	
116.00	100.28	86.06	72.68	62.43	52.88	45.66	40.91	37.07	33.82	32.00	
120.00	105.30	91.44	80.03	70.78	63.06	55.77	49.01	42.56	36.62	34.04	32.00	
108.00	94.85	83.73	72.74	62.53	53.66	45.47	42.05	39.04	37.13	35.86	35.00	
104.00	92.78	83.16	74.38	67.40	60.73	54.34	48.18	43.05	39.16	36.40	35.00	
119.00	106.94	96.65	86.42	77.44	68.85	60.74	52.96	45.92	39.20	36.00	
103.00	89.43	76.67	64.98	53.62	44.04	39.52	37.68	36.08	34.80	33.58	33.00	
109.00	96.75	84.87	73.01	62.21	51.67	44.94	41.33	39.33	37.47	36.00	
122.00	101.35	82.12	69.83	57.81	51.40	45.32	40.24	36.66	33.89	32.00	
105.00	95.19	85.41	76.71	68.51	60.38	52.54	45.84	40.60	35.96	33.40	33.00	
101.00	90.17	80.85	72.27	64.28	57.73	52.09	46.77	42.34	38.18	34.85	32.00	
119.00	101.60	84.29	71.55	59.51	49.19	39.98	33.62	32.43	31.36	31.00	
108.00	97.36	86.71	76.36	66.51	58.09	50.12	45.21	40.50	36.48	33.00	
107.00	94.60	84.12	74.75	65.91	57.63	50.72	43.94	39.18	37.01	36.00	
109.00	96.64	88.48	80.42	73.07	66.32	60.21	54.33	48.63	43.91	39.61	36.00	
111.00	98.76	87.85	77.63	67.78	58.97	51.49	46.36	41.54	39.08	37.39	36.00	
104.00	89.11	75.19	62.77	52.80	47.39	42.15	39.60	37.13	35.50	33.90	33.00	
105.00	91.63	78.27	67.59	57.55	48.53	42.69	38.82	35.87	33.41	31.00	
103.00	84.70	72.92	63.90	54.94	46.79	42.37	40.14	38.21	36.94	36.00	
116.00	102.00	88.88	77.06	65.67	56.74	48.37	40.10	34.83	33.64	33.00	
111.00	96.48	85.39	74.48	66.15	59.10	52.51	46.36	41.02	37.22	34.77	34.00	
106.00	93.92	84.22	74.55	65.09	57.37	50.97	44.67	38.75	34.54	32.00	
105.00	94.14	84.58	75.47	67.54	61.21	54.93	49.36	43.83	38.86	35.85	34.00	
108.00	93.05	78.44	64.46	55.41	48.09	43.55	39.18	35.18	31.18	31.00	
116.00	102.74	89.60	76.50	63.51	55.11	47.44	41.01	36.98	36.27	36.00	
114.00	100.60	89.22	80.71	72.23	64.47	56.80	50.86	46.38	42.21	39.00	36.00	
122.00	108.56	96.53	84.91	74.96	65.25	56.78	48.55	42.08	37.10	33.15	32.00	
119.00	105.19	93.50	83.17	74.59	66.27	57.98	50.04	42.37	36.48	31.43	31.00	
121.00	102.71	88.67	76.09	64.78	54.33	45.78	40.87	37.65	36.28	36.00	
120.00	101.20	86.82	77.35	68.03	58.95	52.45	46.67	41.56	36.48	35.00	
102.00	88.15	75.61	63.95	55.38	49.36	44.62	40.52	38.17	36.32	36.00	
118.00	106.35	96.52	86.79	77.45	68.19	59.08	50.44	43.57	38.61	35.21	32.00	
107.00	91.42	77.70	66.24	58.13	52.71	47.92	44.27	41.38	38.94	37.40	36.00	
120.00	104.32	90.00	77.38	67.06	57.36	49.12	44.07	39.61	36.11	33.41	32.00	
120.00	102.08	86.92	76.14	65.57	56.36	49.01	42.41	36.23	32.10	31.00	
116.00	99.85	84.12	73.92	65.74	59.10	54.05	49.78	45.76	42.14	38.65	36.00	
104.00	94.27	85.21	76.68	68.58	61.19	54.41	47.78	43.13	39.40	36.39	35.00	
120.00	106.10	92.87	83.13	73.52	65.76	58.50	52.15	47.71	43.47	39.28	36.00	
118.00	104.42	92.60	80.83	69.73	58.83	49.84	43.64	40.95	38.61	36.32	35.00	
115.00	104.59	95.03	85.85	77.27	68.69	60.77	53.17	45.80	39.24	36.25	36.00	
121.00	104.55	89.13	73.76	58.60	49.45	43.37	38.75	34.27	32.77	32.35	32.00	
116.00	99.00	83.03	69.54	60.63	52.04	45.32	41.04	37.46	35.01	33.87	33.00	
104.00	93.95	84.12	75.47	66.96	58.54	51.66	44.85	39.06	36.03	36.00	
119.00	97.84	84.32	71.71	59.65	53.74	49.23	45.09	41.37	37.78	35.13	34.00	
109.00	95.98	84.01	75.36	67.96	61.38	54.82	49.47	44.16	39.70	35.29	34.00	
111.00	94.79	79.79	66.25	54.26	47.43	41.33	35.98	33.37	31.54	31.00	
121.00	106.66	93.88	81.70	71.10	60.95	50.82	41.20	35.11	33.00	31.66	31.00	
105.00	92.46	80.62	71.45	62.49	55.31	49.27	43.86	38.53	34.51	33.00	
116.00	101.40	87.25	75.46	65.11	55.06	46.78	42.02	38.61	37.08	36.22	36.00	
123.00	99.83	84.19	69.65	59.55	49.52	40.22	35.39	31.75	31.08	31.00	
119.00	108.21	97.78	87.39	77.78	68.30	59.05	50.25	44.51	39.96	35.62	33.00	
114.00	97.63	83.31	71.54	61.62	52.68	46.07	39.72	36.64	34.41	33.45	33.00	
120.00	100.17	84.33	71.23	61.31	52.03	45.93	40.51	36.36	33.50	33.21	33.00	
102.00	89.62	79.29	69.73	60.56	53.30	46.75	41.28	37.95	36.62	36.00	
109.00	93.34	80.97	69.18	57.80	47.02	39.66	36.71	33.97	31.38	31.00	
117.00	104.06	91.30	78.99	67.16	55.82	48.04	42.87	38.79	36.09	36.00	
106.00	96.03	86.35	76.80	67.30	57.81	48.98	43.38	39.99	36.89	34.00	
118.00	104.83	93.39	83.13	75.01	67.32	60.14	53.04	46.70	40.65	34.98	31.00	
117.00	103.12	89.83	76.97	65.77	54.59	44.57	36.70	33.28	32.39	32.00	
105.00	91.72	81.23	71.21	61.69	53.53	45.84	40.13	38.59	37.06	35.91	35.00	
108.00	94.95	83.05	73.15	64.83	56.91	49.47	42.59	38.96	36.20	34.67	34.00	
121.00	108.18	96.21	84.92	73.68	63.19	54.90	48.76	42.98	39.00	36.63	36.00	
111.00	98.97	87.17	76.43	66.27	56.77	48.64	41.65	37.46	36.43	36.00	
103.00	89.94	78.46	67.26	57.01	47.46	42.94	38.70	35.55	32.75	32.00	
123.00	109.21	97.38	85.92	74.49	64.62	55.28	47.65	41.40	36.35	33.00	
116.00	100.28	87.01	75.15	65.00	55.20	47.09	42.92	38.95	35.39	34.00	
120.00	104.99	91.25	79.41	68.22	57.84	51.65	45.69	40.19	37.78	36.48	36.00	
113.00	96.89	82.91	69.03	59.20	50.35	41.66	34.92	33.17	31.43	31.00	
122.00	103.91	88.53	74.98	63.82	53.94	44.68	37.72	33.02	31.67	31.00	
123.00	106.20	90.86	77.80	65.12	53.00	42.65	36.93	34.35	33.39	33.00	
119.00	102.43	89.93	80.66	71.47	63.16	55.72	48.59	42.63	37.23	35.74	35.00	
113.00	101.66	90.60	80.40	70.51	62.13	53.94	45.83	38.44	33.38	32.21	32.00	
113.00	100.87	90.48	80.30	71.59	62.96	54.72	46.65	39.27	34.00	32.88	32.00	
118.00	101.22	84.83	70.91	57.14	51.64	47.05	42.78	38.71	35.60	33.90	33.00	
123.00	105.54	88.94	75.79	63.11	50.81	45.53	40.73	37.57	34.54	32.00	
123.00	111.05	99.13	87.30	76.88	67.72	58.62	51.78	45.89	40.25	34.89	34.00	
105.00	92.30	80.58	70.31	61.88	55.34	49.37	44.32	40.22	36.85	33.90	33.00	
119.00	102.80	87.11	74.89	64.08	54.02	46.60	41.40	36.96	33.97	31.88	31.00	
109.00	94.54	82.24	70.70	60.29	51.78	44.25	39.21	35.88	33.59	33.00	
121.00	106.56	93.37	82.74	72.47	63.65	56.79	50.81	45.15	41.78	38.74	36.00	
104.00	91.27	78.66	68.70	60.27	53.58	49.27	45.13	40.99	36.96	34.64	33.00	
106.00	95.06	85.06	75.47	66.68	58.25	50.38	43.02	38.78	36.04	34.19	33.00	
101.00	88.33	76.09	64.71	54.00	44.63	38.96	34.79	31.62	31.26	31.00	
117.00	98.72	81.29	66.72	57.00	49.87	45.24	41.62	38.65	36.40	34.67	34.00	
112.00	99.94	88.95	78.65	69.83	62.71	55.98	49.25	43.92	39.21	34.55	31.00	
105.00	92.81	82.82	73.21	63.69	56.03	49.56	45.83	42.25	39.02	37.27	36.00	
120.00	106.07	93.40	80.87	70.07	60.71	53.61	46.91	42.14	37.82	35.59	34.00	
121.00	105.50	92.02	79.70	68.25	58.53	49.37	43.92	39.85	37.14	35.79	35.00	
105.00	90.96	79.06	67.42	57.86	48.77	45.42	42.12	39.42	37.00	36.12	36.00	
122.00	105.14	92.75	81.97	72.31	63.55	54.90	46.37	40.45	38.23	37.02	36.00	
103.00	92.21	82.18	74.62	67.27	60.04	54.28	49.30	44.40	40.29	36.58	35.00	
110.00	96.90	84.44	73.03	64.04	55.71	50.33	45.23	40.24	36.02	34.40	33.00	
114.00	100.91	88.06	75.56	64.78	54.44	44.67	39.59	36.19	32.99	31.19	31.00	
103.00	89.01	78.82	70.33	62.55	55.69	49.27	44.28	39.54	34.92	32.00	
115.00	95.05	76.92	61.98	54.16	48.59	43.10	38.49	34.00	33.47	33.00	
119.00	104.56	92.08	81.72	73.09	64.56	57.26	50.46	43.94	39.10	37.14	36.00	
104.00	91.52	79.76	68.62	60.77	54.16	48.98	44.89	41.41	38.91	37.37	36.00	
105.00	93.21	81.80	72.42	63.08	53.87	45.48	41.09	37.92	35.03	34.00	
106.00	92.13	79.16	66.65	55.56	50.75	46.70	43.17	39.65	37.45	36.00	
117.00	95.15	77.53	62.59	53.53	47.79	42.12	37.96	36.57	35.64	35.00	
104.00	91.63	80.85	70.22	59.78	51.08	44.11	40.32	36.58	33.59	32.07	31.00	
118.00	104.04	91.60	79.96	69.90	61.42	54.69	48.07	42.06	37.96	36.00	
111.00	96.06	83.79	73.14	62.83	53.98	46.01	41.57	38.44	36.04	36.00	
115.00	100.17	87.19	76.52	67.84	59.42	51.15	44.26	38.18	34.43	31.00	
104.00	85.72	71.97	58.61	48.34	41.41	36.17	33.96	32.28	31.22	31.04	31.00	
122.00	101.59	86.02	71.57	63.04	54.64	46.74	39.15	36.58	34.02	34.00	
114.00	94.52	80.45	69.71	61.52	53.62	46.26	40.64	37.01	35.12	34.51	34.00	
107.00	92.23	79.18	67.67	59.54	51.86	46.88	42.08	38.84	35.69	33.73	33.00	
117.00	102.73	89.54	77.42	66.47	56.48	51.15	45.89	40.79	36.05	34.00	
106.00	90.03	74.10	61.77	51.43	42.31	39.69	37.69	36.27	36.14	36.00	
106.00	92.74	81.58	71.75	62.41	54.37	48.54	43.85	40.41	37.27	35.69	35.00	
109.00	94.66	80.99	70.06	60.56	53.79	47.65	42.48	38.32	34.28	32.16	32.00	
109.00	95.40	84.01	72.82	64.44	57.37	51.22	46.84	42.76	38.87	35.00	
104.00	94.58	85.29	77.32	69.51	61.81	54.44	47.09	42.01	38.39	34.87	33.00	
110.00	95.73	82.06	68.72	60.67	53.01	47.91	43.54	39.63	36.59	35.65	35.00	
102.00	93.41	85.09	77.01	69.36	62.33	55.58	49.01	42.75	37.15	32.11	32.00	
103.00	82.66	68.62	60.29	52.82	46.54	41.24	35.96	34.14	33.18	33.00	
120.00	102.32	85.59	71.64	57.86	47.33	42.51	39.29	36.09	33.86	32.00	
114.00	100.79	89.43	79.17	69.50	60.45	53.56	48.17	42.92	38.43	34.50	32.00	
113.00	101.09	89.18	78.27	67.79	57.40	48.47	40.32	37.50	35.26	34.44	34.00	
108.00	90.38	75.05	62.72	55.47	48.91	43.12	39.97	37.39	34.87	32.34	31.00	
121.00	108.28	97.00	85.92	75.46	66.25	57.26	50.68	44.11	39.52	35.79	34.00	
119.00	101.99	85.93	72.63	60.84	53.47	48.29	43.77	39.86	35.97	33.56	33.00	
109.00	92.85	80.27	69.86	61.98	54.56	47.72	42.21	36.70	32.16	31.06	31.00	
113.00	101.82	92.15	82.47	74.35	67.04	59.87	53.13	46.43	40.57	36.50	35.00	
107.00	94.77	84.47	74.90	65.74	57.01	48.31	42.56	38.63	35.97	35.00	
105.00	91.40	78.93	68.09	58.13	51.24	45.34	41.64	38.06	34.65	32.00	
120.00	101.90	88.62	78.08	67.84	58.12	49.02	39.99	36.31	33.55	32.38	32.00	
112.00	99.60	87.54	75.92	65.05	55.26	46.90	40.11	35.51	33.64	32.21	32.00	
113.00	100.70	89.20	78.58	69.04	59.79	51.08	43.20	38.21	35.36	33.61	32.00	
121.00	105.54	92.66	80.61	68.94	58.89	50.26	42.78	36.07	32.37	32.00	
112.00	95.85	80.47	70.94	61.91	54.21	48.53	44.56	40.97	38.46	36.55	35.00	
114.00	100.62	87.82	75.39	66.30	57.25	50.15	44.50	38.91	35.19	33.00	
108.00	97.40	87.21	77.25	67.41	57.99	51.44	45.06	40.45	37.15	35.75	35.00	
120.00	104.50	89.68	75.30	61.52	50.76	45.18	39.76	37.23	35.98	35.00	
112.00	100.11	90.08	80.43	71.03	62.12	53.78	45.46	40.40	35.41	31.00	
123.00	107.94	95.40	82.90	72.69	63.58	56.01	48.86	41.91	38.71	36.00	
108.00	96.52	85.41	74.61	64.67	56.97	50.23	45.06	40.41	36.76	34.86	33.00	
113.00	100.95	89.09	79.17	69.25	60.16	51.57	45.38	39.35	35.63	33.00	
109.00	96.74	84.87	74.59	64.60	55.12	47.27	42.93	40.53	38.16	36.00	
118.00	101.48	87.31	74.21	61.85	52.90	46.43	40.06	34.90	33.81	33.10	33.00	
109.00	93.21	80.47	71.08	62.65	54.71	47.87	43.13	38.72	34.34	33.00	
105.00	92.02	79.78	67.86	60.53	53.62	48.29	44.10	39.96	36.56	36.00	
111.00	98.08	85.82	74.33	64.03	55.60	48.56	42.98	37.43	35.47	34.00	
112.00	99.00	86.58	75.35	65.32	55.67	50.85	46.10	41.54	37.07	34.20	34.00	
110.00	92.21	78.23	67.28	59.06	51.10	45.72	41.70	38.17	36.95	36.00	
103.00	91.18	79.66	69.12	58.65	48.50	44.21	40.26	37.31	36.32	36.00	
116.00	102.75	90.03	77.97	66.64	56.42	48.21	42.70	39.69	36.94	35.12	34.00	
102.00	88.85	75.99	65.02	57.82	51.58	46.75	42.64	39.27	36.31	33.63	32.00	
119.00	105.47	93.59	81.91	74.33	66.80	59.54	52.61	46.04	40.27	35.05	31.00	
109.00	97.69	86.45	75.64	66.66	57.94	49.61	44.04	38.78	35.08	32.00	
113.00	102.31	92.31	82.34	72.42	62.70	53.96	48.32	43.54	39.04	36.14	34.00	
101.00	86.27	75.19	65.84	58.57	52.41	46.52	41.01	37.82	35.13	33.19	33.00	
119.00	105.00	91.66	78.98	66.65	55.49	46.14	38.22	35.73	33.62	32.00	
119.00	105.05	93.97	83.88	73.90	64.69	56.18	47.99	42.54	38.80	36.32	34.00	
110.00	92.65	78.84	66.24	56.90	48.76	41.37	39.13	37.69	36.97	36.47	36.00	
113.00	100.61	88.70	77.20	65.99	58.90	52.78	46.82	40.99	38.27	36.42	35.00	
108.00	95.38	84.02	72.82	63.54	54.29	46.30	41.26	36.51	34.25	33.00	
112.00	100.14	88.32	77.25	68.91	61.01	53.33	47.10	42.15	38.86	36.39	36.00	
113.00	100.05	88.52	78.69	69.15	61.16	53.38	46.09	39.54	36.26	33.00	
123.00	107.37	92.75	81.98	71.21	61.05	51.80	43.78	37.76	34.71	34.00	
115.00	99.42	85.66	72.02	60.37	49.12	42.51	39.26	36.65	34.15	34.00	
121.00	101.98	84.16	71.14	61.08	51.43	44.74	39.34	34.66	32.76	31.00	
105.00	91.33	80.23	71.13	62.93	55.84	50.50	45.51	40.62	36.67	33.65	31.00	
112.00	96.11	82.31	69.36	58.39	48.89	42.48	38.23	35.67	34.21	32.76	32.00	
102.00	85.78	70.40	60.54	52.73	45.30	39.25	35.25	31.56	31.26	31.00	
118.00	105.59	93.59	82.79	73.27	65.02	56.85	48.78	40.86	35.52	32.31	32.00	
119.00	105.80	93.15	82.27	71.69	64.30	57.01	49.88	43.97	39.13	36.00	
122.00	107.68	94.35	81.05	68.50	56.89	47.02	41.83	38.81	35.83	35.00	
123.00	108.75	96.17	85.18	74.58	65.40	57.16	49.09	42.13	36.16	33.05	33.00	
117.00	104.76	92.87	82.59	72.93	64.32	55.82	47.65	40.95	34.33	33.42	33.00	
111.00	97.44	84.39	74.14	65.67	57.91	50.35	44.32	40.12	35.93	32.00	
106.00	94.78	84.14	74.49	64.96	56.95	49.02	43.53	38.79	35.14	35.00	
114.00	95.71	78.85	64.90	51.34	39.51	37.41	36.35	35.32	34.38	34.00	
107.00	93.05	81.38	70.48	60.59	54.70	49.49	45.45	42.03	38.96	36.32	34.00	
117.00	99.31	86.39	73.90	62.81	52.22	47.30	42.51	39.97	37.49	36.00	
120.00	106.35	93.10	81.77	72.24	63.85	55.46	47.34	41.05	37.15	36.00	
122.00	104.21	92.85	82.83	73.35	64.06	55.65	48.19	41.72	36.26	36.00	
114.00	102.30	91.17	80.73	71.35	62.58	55.28	48.36	42.24	36.79	31.95	31.00	
102.00	88.98	77.13	65.93	56.36	48.03	42.22	38.48	35.68	32.94	31.87	31.00	
106.00	91.93	79.24	70.48	61.77	54.61	48.61	45.66	42.70	39.82	36.96	35.00	
102.00	89.45	77.80	66.54	58.84	52.39	46.29	41.45	37.88	35.71	34.22	33.00	
102.00	88.09	76.46	66.57	58.36	52.41	48.04	44.03	40.37	37.01	34.00	
118.00	101.06	88.06	77.23	67.04	58.74	52.37	46.14	41.15	36.94	34.47	32.00	
103.00	87.16	71.34	58.82	47.78	43.23	39.08	37.10	35.73	34.56	34.00	
119.00	101.70	86.55	72.90	62.68	52.77	45.52	42.16	39.42	37.69	36.46	36.00	
106.00	87.86	75.29	64.10	54.37	45.90	39.60	36.97	34.61	32.67	31.00	
105.00	93.83	82.69	71.97	62.24	53.37	46.55	41.54	38.33	36.15	34.39	34.00	
104.00	93.33	83.17	73.18	63.59	54.11	46.23	38.96	35.82	34.81	34.00	
104.00	91.96	80.92	70.80	62.49	54.98	48.35	42.33	39.67	37.43	36.00	
102.00	90.87	79.87	70.11	60.65	53.15	47.95	43.42	40.05	37.64	35.65	35.00	
111.00	96.19	81.48	69.17	57.12	48.48	41.53	34.63	31.92	31.20	31.00	
117.00	102.52	88.79	75.51	62.36	49.97	42.37	37.55	34.80	32.91	32.35	32.00	
120.00	103.11	86.31	75.34	65.15	56.83	48.67	41.08	36.86	32.71	31.25	31.00	
104.00	90.92	79.78	68.68	59.56	50.48	44.80	40.14	36.42	34.30	33.00	
103.00	88.35	75.62	65.39	57.35	50.97	45.92	41.55	38.98	37.07	35.18	34.00	
104.00	90.13	77.68	65.31	53.84	42.70	33.33	32.52	31.82	31.28	31.00	
106.00	92.83	81.47	70.51	59.81	50.33	42.39	36.97	33.82	32.29	32.00	
105.00	91.55	78.78	66.97	55.59	47.64	42.21	38.84	36.68	35.50	35.00	
118.00	102.62	90.59	79.26	72.08	65.07	58.22	51.55	45.88	41.47	38.09	36.00	
119.00	105.97	93.59	81.40	71.96	62.55	54.75	47.45	42.68	38.42	34.64	31.00	
114.00	100.63	87.96	76.70	66.50	57.90	49.75	42.94	36.17	35.16	34.41	34.00	
109.00	97.23	86.81	77.75	69.86	62.29	54.78	47.72	42.76	38.99	35.86	34.00	
122.00	110.56	99.45	88.51	77.85	67.22	58.03	51.45	45.86	40.44	36.67	33.00	
118.00	95.81	79.75	63.93	52.36	46.11	42.99	40.66	38.36	36.13	35.00	
101.00	90.83	80.67	71.91	63.67	57.05	50.73	44.72	40.34	37.49	36.31	36.00	
115.00	99.39	86.68	76.88	67.30	59.49	51.76	44.56	40.06	35.99	33.00	
118.00	103.21	89.13	77.47	68.32	60.22	52.25	44.35	40.51	37.98	35.61	35.00	
115.00	101.34	89.06	78.42	68.19	59.25	52.48	45.97	40.37	37.06	35.66	35.00	
105.00	91.96	81.91	73.52	66.07	58.97	52.02	45.94	40.66	36.18	35.00	
112.00	98.04	85.22	76.27	67.48	58.76	51.41	44.28	39.84	36.48	33.94	32.00	
115.00	101.16	87.92	75.18	65.39	57.15	51.91	47.38	43.79	40.59	37.79	36.00	
122.00	106.76	91.62	78.93	67.05	57.24	47.43	39.28	34.58	31.03	31.00	
115.00	99.77	84.92	70.42	57.14	44.68	40.70	37.68	35.82	35.09	35.00	
114.00	97.42	81.06	67.20	59.00	51.55	45.24	41.29	38.17	35.76	35.00	
110.00	97.86	86.37	75.79	65.65	56.92	51.61	46.39	41.97	38.37	36.33	36.00	
110.00	94.31	83.45	73.16	65.60	58.08	51.79	46.39	41.52	37.79	35.63	35.00	
122.00	105.06	89.23	73.47	62.60	53.53	46.10	39.69	36.52	34.55	33.15	33.00	
111.00	100.72	90.51	80.41	70.46	63.89	57.74	51.91	46.13	41.44	37.44	36.00	
112.00	96.03	81.21	71.52	62.95	54.91	47.88	41.63	37.65	35.33	34.00	
114.00	96.87	84.08	72.04	60.28	51.39	43.80	38.95	36.30	34.98	34.19	34.00	
102.00	91.74	82.00	73.30	64.70	56.15	48.63	42.61	36.94	35.21	34.53	34.00	
121.00	101.46	85.52	74.92	66.03	58.59	51.59	45.71	40.09	36.43	34.00	
117.00	103.52	90.86	78.76	68.27	60.04	52.68	46.25	40.71	35.24	33.56	33.00	
111.00	89.80	75.12	63.46	55.97	49.78	44.73	40.42	38.58	37.13	36.00	
117.00	101.28	91.23	82.08	72.95	65.33	57.74	50.25	43.51	37.24	32.96	32.00	
123.00	103.71	86.02	72.60	59.25	50.45	44.76	39.47	36.48	33.52	33.00	
106.00	94.09	82.23	71.42	61.13	52.37	45.60	40.14	36.74	35.54	34.77	34.00	
104.00	92.41	82.27	73.25	64.43	55.97	47.60	39.68	36.07	33.45	32.00	
101.00	90.10	79.79	69.67	60.20	51.72	43.64	37.03	34.00	32.75	32.16	32.00	
102.00	89.05	76.74	67.35	58.62	51.44	46.69	42.41	38.94	36.24	34.09	34.00	
113.00	99.36	85.90	75.68	66.89	59.18	51.88	45.79	40.49	36.47	34.42	34.00	
102.00	87.60	73.80	62.83	53.79	47.71	42.49	37.29	33.59	31.85	31.00	
122.00	107.90	94.04	81.23	69.27	57.84	48.26	38.99	35.10	32.63	31.00	
117.00	105.91	94.83	84.36	74.02	65.02	56.76	49.30	42.28	35.53	32.91	32.00	
105.00	90.12	76.53	64.90	55.55	47.44	41.53	39.58	37.65	36.73	36.00	
120.00	104.91	91.05	77.70	66.80	58.01	50.03	43.52	39.01	35.96	35.00	
105.00	92.52	81.46	70.51	63.03	55.60	48.19	41.14	37.76	36.19	35.45	35.00	
116.00	101.52	87.65	75.11	62.94	51.67	42.21	37.68	34.31	32.79	32.00	
115.00	104.60	94.62	84.68	75.23	66.11	57.04	51.32	45.94	41.31	37.51	34.00	
108.00	90.47	73.67	56.90	48.61	44.33	41.07	38.22	36.22	34.34	33.64	33.00	
108.00	97.80	88.16	79.33	71.41	64.33	58.03	51.75	46.87	42.33	38.18	35.00	
117.00	103.88	90.75	79.27	69.20	60.04	53.40	47.34	41.72	39.04	37.00	36.00	
118.00	104.67	92.89	81.89	71.25	62.65	55.07	49.30	43.84	38.60	34.23	34.00	
112.00	100.77	90.69	81.11	71.78	63.23	55.70	48.74	42.11	39.54	37.22	35.00	
123.00	103.90	85.94	70.75	59.34	52.73	47.08	42.37	37.86	34.64	32.00	
113.00	96.98	82.63	68.94	61.17	53.71	47.92	42.29	36.70	33.87	33.17	33.00	
111.00	99.74	88.86	78.07	67.42	56.85	48.46	41.91	35.91	33.43	31.00	
101.00	84.91	72.48	61.53	52.69	43.96	40.96	38.39	36.42	36.03	36.00	
110.00	95.97	84.80	73.68	64.55	55.68	49.06	42.84	39.37	37.04	35.00	
110.00	97.95	86.10	76.96	67.82	59.55	52.17	44.88	39.18	35.43	34.10	33.00	
101.00	91.29	82.70	74.25	66.78	59.72	53.13	46.88	41.06	37.51	34.17	31.00	
105.00	92.18	80.79	70.53	60.46	51.16	42.90	39.00	36.24	33.79	31.52	31.00	
116.00	100.74	89.41	78.85	68.48	58.33	50.52	43.82	39.38	36.70	36.00	
116.00	100.41	89.86	79.76	70.65	61.77	54.05	47.69	41.51	36.18	33.60	32.00	
112.00	97.44	83.23	70.59	58.78	49.65	41.34	34.98	33.79	33.29	33.00	
106.00	97.15	88.33	79.61	71.93	64.70	57.55	50.66	43.92	37.28	31.00	
123.00	107.91	95.13	83.54	72.43	64.00	56.98	50.63	44.31	39.45	35.00	
105.00	90.23	75.71	65.77	57.87	52.33	47.45	42.63	38.77	35.56	33.00	
101.00	92.16	83.64	75.18	67.93	61.52	55.17	49.21	43.33	38.14	33.00	
107.00	90.81	75.32	65.94	56.93	49.21	43.39	38.42	34.54	33.34	33.00	
110.00	93.68	80.73	68.69	57.21	50.25	44.94	40.58	36.46	33.15	31.75	31.00	
105.00	90.27	77.19	64.37	51.68	45.14	40.98	37.53	34.28	33.01	32.30	32.00	
102.00	91.49	82.23	73.61	66.63	60.06	53.66	48.54	43.87	39.49	36.90	36.00	
111.00	99.28	87.99	76.72	67.16	58.47	50.06	42.22	39.61	37.47	35.45	35.00	
109.00	97.68	87.45	78.04	68.76	60.38	52.76	45.62	39.27	35.73	33.00	
120.00	95.59	75.53	66.28	57.10	49.09	43.43	39.19	35.16	32.91	32.00	
106.00	95.14	85.32	75.78	66.57	57.94	51.18	44.48	40.15	35.90	32.00	
118.00	102.52	90.40	80.85	72.31	64.50	56.74	49.67	42.95	38.97	36.00	
104.00	89.49	78.49	67.83	59.82	52.48	45.29	40.65	38.28	36.03	35.00	
120.00	102.24	85.77	73.24	60.92	50.68	45.91	41.76	38.82	35.95	34.00	
108.00	89.09	72.68	59.01	45.45	41.56	39.67	37.83	36.18	35.50	35.00	
120.00	107.13	95.23	83.78	72.81	64.34	56.67	49.48	42.54	37.71	33.17	31.00	
105.00	94.83	85.33	75.96	66.70	57.51	50.53	43.58	36.97	33.03	32.00	
105.00	90.80	76.84	63.88	54.98	48.96	43.48	38.15	34.23	32.96	32.00	
113.00	100.09	88.44	77.47	68.12	59.27	52.21	46.81	43.30	40.11	38.01	36.00	
117.00	96.43	77.21	63.28	49.92	43.83	37.97	34.86	32.97	31.21	31.00	
121.00	105.09	89.21	75.68	62.62	51.05	43.94	37.62	34.38	32.81	32.00	
101.00	87.75	75.38	63.91	54.63	47.51	43.35	39.60	37.18	34.84	33.00	
118.00	103.97	91.90	81.05	70.95	62.08	53.83	45.80	39.63	36.26	34.00	
118.00	102.38	87.21	74.56	66.30	58.85	52.06	45.44	40.90	36.74	35.34	35.00	
101.00	89.63	80.72	72.24	64.13	56.25	49.55	43.03	37.48	35.98	35.27	35.00	
104.00	92.45	81.51	70.67	63.47	56.31	49.82	43.92	40.46	37.17	34.00	
122.00	103.32	85.46	72.39	63.66	57.03	51.40	46.17	41.05	37.34	34.21	34.00	
122.00	106.39	91.21	78.27	68.84	59.43	50.31	41.82	33.84	32.42	32.00	
115.00	101.96	89.07	77.36	67.22	58.23	50.02	44.16	40.27	36.47	35.00	
109.00	96.40	84.64	73.72	64.84	56.79	49.74	44.34	39.49	36.54	36.00	
111.00	96.20	81.78	70.08	60.44	53.79	47.69	44.07	40.63	37.27	36.00	
121.00	106.83	94.05	81.59	69.51	57.73	46.95	38.53	34.45	31.91	31.00	
110.00	92.96	83.60	74.42	65.81	58.84	52.18	46.45	41.35	37.48	34.00	
115.00	98.92	84.83	72.03	62.60	53.60	45.25	38.45	35.33	32.30	31.17	31.00	
123.00	106.08	90.50	75.87	61.80	53.39	45.26	40.22	36.22	32.50	31.27	31.00	
116.00	97.51	79.55	69.99	60.44	51.33	43.73	39.02	36.37	35.37	35.00	
109.00	96.73	84.45	72.60	61.13	50.98	41.03	37.43	36.56	36.04	36.00	
118.00	105.72	94.27	83.09	73.61	64.17	55.54	49.60	44.81	40.06	35.75	35.00	
105.00	92.28	81.13	70.43	61.72	54.04	46.88	41.30	36.47	32.42	32.10	32.00	
109.00	95.31	84.64	74.11	63.64	54.57	48.13	42.79	40.58	38.54	36.67	35.00	
117.00	100.90	87.48	77.62	68.75	60.19	51.75	44.47	37.50	33.87	31.00	
117.00	99.27	82.41	68.90	59.18	51.18	45.99	41.90	38.00	36.66	36.00	
111.00	99.80	88.87	79.11	70.69	63.08	55.68	49.21	43.32	38.49	37.03	36.00	
123.00	109.97	98.08	87.63	77.53	67.82	58.51	51.01	44.41	37.86	34.30	34.00	
122.00	103.24	88.29	74.51	61.67	50.10	42.72	37.10	34.02	31.72	31.30	31.00	
122.00	110.06	98.41	87.43	77.08	67.22	58.57	52.10	45.82	40.19	36.93	34.00	
119.00	106.82	95.18	84.48	74.15	64.31	55.57	49.44	43.76	39.64	35.62	33.00	
103.00	92.87	84.46	76.08	68.50	61.42	54.38	47.65	42.32	37.84	34.75	34.00	
114.00	99.28	88.05	77.07	66.97	57.04	50.51	44.31	39.44	37.89	36.42	36.00	
105.00	90.92	76.98	67.70	58.71	51.36	45.48	40.15	37.48	35.43	35.00	
114.00	102.39	91.06	81.08	71.15	61.88	53.46	45.45	37.69	34.02	32.58	32.00	
106.00	93.46	81.00	68.92	59.06	50.90	46.65	43.13	39.63	37.27	35.00	
102.00	91.26	81.85	72.92	64.73	56.70	50.96	45.90	41.00	37.64	35.75	35.00	
117.00	105.08	94.35	83.95	73.91	64.41	56.55	49.00	44.86	40.96	37.21	34.00	
115.00	103.06	91.21	79.56	69.32	59.33	49.85	43.18	37.92	34.02	34.00	
111.00	95.91	84.70	74.02	64.56	55.83	47.18	39.87	36.13	35.29	34.55	34.00	
106.00	93.63	82.00	71.85	62.48	53.40	45.33	39.23	35.57	33.58	33.00	
110.00	95.78	83.58	73.82	64.45	55.52	48.80	42.82	39.17	35.84	34.90	34.00	
113.00	98.59	84.59	72.72	63.67	54.77	45.96	38.67	34.24	32.25	32.12	32.00	
110.00	96.89	86.03	76.12	66.87	58.14	49.74	45.02	40.82	36.76	34.13	33.00	
102.00	90.60	79.88	71.28	62.85	55.74	48.96	42.40	36.10	35.32	35.00	
102.00	88.55	75.24	62.27	53.84	46.32	39.29	37.48	36.33	35.35	35.00	
102.00	90.76	80.86	72.13	64.22	56.58	49.02	41.82	35.31	32.16	32.00	
107.00	94.89	83.10	71.62	60.66	49.71	45.37	41.07	38.15	36.08	35.00	
120.00	103.09	86.42	73.88	62.26	54.11	48.27	42.78	39.19	35.64	34.00	
121.00	105.91	91.03	79.33	68.52	58.77	49.05	42.56	37.90	34.82	32.22	32.00	
103.00	91.03	80.49	70.49	62.46	54.66	48.07	42.48	38.22	34.85	33.00	
105.00	91.86	80.30	69.38	58.59	50.75	43.82	39.11	36.26	34.52	32.81	32.00	
119.00	103.10	87.93	72.79	61.71	51.71	44.83	40.69	37.40	34.48	34.00	
104.00	92.20	81.18	71.24	61.64	54.58	48.48	42.88	38.64	34.41	34.00	
112.00	97.86	84.25	72.28	60.41	51.31	46.06	41.26	36.59	35.23	34.00	
118.00	104.75	93.27	82.13	71.60	61.28	51.17	44.74	40.02	35.56	32.54	31.00	
105.00	89.85	78.26	67.78	58.08	50.58	43.73	38.10	35.38	33.89	33.22	33.00	
117.00	100.44	85.52	71.80	58.08	48.64	41.19	37.30	35.60	35.19	35.00	
107.00	91.59	77.95	66.89	59.65	52.77	46.82	40.93	36.60	32.65	31.00	
108.00	95.74	84.76	74.15	63.81	56.83	50.19	43.60	39.69	36.43	33.96	32.00	
116.00	101.46	90.28	79.22	69.25	60.54	53.41	46.63	40.56	36.99	35.00	
123.00	108.68	94.79	81.23	68.74	57.92	49.75	45.26	41.28	37.65	35.98	35.00	
104.00	89.95	76.48	64.93	54.48	44.23	40.32	38.35	36.75	35.81	35.37	35.00	
111.00	96.23	82.58	69.39	56.85	47.19	39.30	36.39	33.86	32.25	31.33	31.00	
101.00	87.22	73.97	66.21	59.30	53.21	47.65	42.59	38.69	34.89	33.00	
110.00	96.61	87.57	78.98	70.45	62.13	53.92	47.24	42.60	38.06	35.00	
113.00	100.60	89.41	78.22	67.41	57.52	48.93	43.34	38.07	36.53	36.00	
119.00	103.60	88.92	74.54	60.63	49.95	44.59	40.72	37.22	34.11	32.00	
106.00	93.48	83.37	74.59	67.16	59.74	53.60	47.63	42.25	38.76	36.00	
107.00	93.72	80.53	69.42	58.94	52.06	45.93	40.50	36.85	33.70	33.00	
121.00	102.10	84.43	68.35	56.71	47.17	42.21	37.50	34.25	31.54	31.00	
119.00	105.89	93.66	81.62	69.92	59.96	50.26	41.80	37.04	32.49	31.47	31.00	
119.00	105.34	93.96	82.73	71.65	61.41	52.16	45.24	39.49	35.94	35.00	
114.00	98.58	83.88	70.54	61.52	54.02	47.48	41.51	35.79	33.99	32.38	31.00	
111.00	99.17	87.55	76.15	65.29	54.75	44.68	40.63	37.89	35.60	35.00	
113.00	92.75	75.32	64.54	57.85	51.18	45.86	41.20	37.78	35.21	34.00	
113.00	98.52	84.75	73.19	64.05	56.09	48.96	44.17	40.39	37.16	33.98	32.00	
101.00	88.74	78.64	69.68	61.91	54.24	48.82	44.44	40.15	37.46	35.00	
113.00	101.47	90.77	80.53	70.50	63.37	56.27	49.96	43.86	38.74	34.40	33.00	
116.00	95.87	79.86	69.04	59.24	52.09	46.54	41.62	38.00	36.16	34.84	34.00	
105.00	93.99	83.34	74.56	65.80	57.43	49.98	45.00	40.68	36.78	33.00	
101.00	86.87	73.38	62.96	53.93	45.17	39.93	37.98	36.14	35.24	34.55	34.00	
116.00	98.49	82.03	68.17	55.25	48.33	42.52	38.11	35.85	33.64	32.00	
113.00	100.96	89.58	78.39	68.14	61.52	55.10	49.38	43.72	39.42	37.10	36.00	
107.00	91.05	75.79	65.20	55.73	46.69	39.89	34.23	33.32	33.16	33.00	
113.00	101.49	90.88	80.53	71.24	62.47	54.40	47.01	41.44	36.81	33.00	
109.00	95.08	82.04	72.33	63.72	55.94	48.71	42.26	37.95	34.37	31.24	31.00	
116.00	105.32	95.35	85.90	76.80	67.96	59.29	50.62	45.33	41.39	37.56	34.00	
119.00	104.66	93.98	83.31	73.07	63.01	53.11	45.41	38.18	34.85	33.00	
110.00	94.03	80.64	68.20	59.64	53.93	48.31	43.46	38.86	37.23	35.81	35.00	
117.00	104.76	92.96	81.82	71.03	63.06	55.48	48.14	40.81	36.75	33.57	32.00	
111.00	99.78	89.07	79.01	69.80	62.05	55.00	48.52	43.11	39.69	36.72	36.00	
118.00	101.31	85.50	72.44	60.44	52.08	44.19	40.12	37.84	37.00	36.42	36.00	
116.00	101.19	88.94	78.30	68.72	60.29	51.88	44.39	40.07	36.31	33.55	31.00	
101.00	90.13	79.87	69.90	60.19	51.49	43.10	36.69	32.53	32.10	32.00	
123.00	106.78	94.11	82.61	73.39	64.91	56.87	51.37	46.12	42.21	39.02	36.00	
108.00	93.92	80.12	69.11	58.34	49.32	42.38	38.11	34.98	32.19	32.00	
104.00	91.80	81.19	71.01	61.40	53.96	47.82	43.26	38.95	35.77	33.90	33.00	
113.00	100.30	88.67	78.57	69.12	61.26	53.52	45.81	40.22	35.54	34.00	
111.00	96.29	82.56	71.21	59.96	51.97	45.66	40.82	36.88	34.75	32.81	31.00	
113.00	101.46	90.48	79.89	70.51	62.62	55.13	48.91	43.69	38.94	34.98	34.00	
111.00	100.90	91.37	82.24	73.87	66.43	59.53	53.98	48.75	43.73	38.79	34.00	
121.00	108.25	96.87	85.53	74.64	63.95	53.45	47.56	41.78	36.08	31.00	
123.00	109.18	95.81	82.60	70.58	62.67	55.37	48.61	43.65	39.37	35.37	32.00	
104.00	93.47	83.33	73.96	65.40	58.48	51.71	45.68	40.17	35.37	31.64	31.00	
108.00	95.18	83.60	72.05	62.75	53.65	48.56	43.58	39.29	35.01	32.91	32.00	
112.00	100.66	89.61	80.38	71.75	63.18	55.06	48.00	42.85	38.20	36.00	
105.00	93.46	82.64	73.26	63.97	55.56	47.97	40.72	35.28	32.87	32.28	32.00	
113.00	93.49	78.05	64.41	54.02	45.09	41.21	37.78	35.81	34.90	34.00	
117.00	104.11	92.99	81.90	71.26	61.99	54.35	47.57	42.16	37.56	33.18	32.00	
120.00	103.99	88.84	73.84	63.26	54.09	46.03	38.50	32.90	31.10	31.00	
102.00	89.09	77.06	65.61	56.46	49.03	42.14	39.43	38.08	36.95	36.00	
119.00	100.13	83.54	69.50	59.61	50.01	44.45	39.29	36.42	33.82	32.00	
112.00	94.57	83.23	72.70	62.72	55.29	49.18	43.57	38.16	36.52	35.00	
103.00	93.28	83.91	74.89	66.29	59.01	51.98	47.05	43.15	39.41	36.00	
119.00	102.44	89.18	76.88	65.41	54.52	48.48	42.88	37.62	33.59	33.00	
119.00	101.79	85.10	73.44	62.63	55.33	48.48	43.83	39.89	36.00	33.12	32.00	
101.00	85.95	74.32	62.87	51.73	42.78	34.75	33.32	32.74	32.20	32.00	
105.00	88.75	73.38	62.64	53.64	46.29	40.23	37.19	35.50	34.08	34.00	
105.00	91.95	79.02	68.67	59.86	52.04	45.81	41.18	37.95	34.94	34.00	
115.00	102.74	91.17	80.77	71.10	62.89	54.74	46.99	40.57	35.30	34.52	34.00	
108.00	92.67	81.59	71.33	61.50	52.75	48.93	45.28	42.02	39.00	36.00	
117.00	103.92	91.19	79.11	67.18	57.64	49.40	42.38	37.12	35.17	34.37	34.00	
110.00	99.54	89.17	78.89	68.72	58.95	52.16	46.31	41.24	38.04	34.85	32.00	
101.00	89.56	79.38	69.39	60.51	54.20	49.00	44.06	40.58	37.41	36.00	
120.00	105.94	92.74	80.45	69.39	59.16	51.92	44.81	38.32	34.00	31.94	31.00	
119.00	103.18	89.36	75.63	63.82	55.74	49.24	44.05	39.65	36.94	36.00	
122.00	108.34	95.51	84.15	73.57	65.30	57.34	50.36	43.47	37.64	33.24	31.00	
114.00	96.44	83.32	70.98	58.74	50.41	42.74	38.49	34.93	33.21	32.05	31.00	
120.00	106.48	93.32	81.27	69.23	57.26	47.18	40.70	37.13	36.12	36.00	
101.00	89.53	78.29	67.28	57.46	48.57	44.44	40.54	38.05	36.58	35.69	35.00	
112.00	98.38	85.18	72.36	59.65	49.69	41.60	37.08	33.95	32.27	32.00	
104.00	91.41	79.37	68.52	57.77	49.18	44.34	40.53	37.36	36.63	36.00	
120.00	104.79	91.46	79.07	67.26	58.03	50.75	45.63	41.90	38.85	36.02	35.00	
119.00	105.91	94.86	84.33	75.24	66.37	59.29	52.74	46.44	40.32	36.79	34.00	
113.00	99.06	87.54	76.29	67.32	58.82	51.38	44.09	39.16	35.43	35.00	
109.00	96.13	83.75	71.53	63.26	55.47	47.97	40.56	36.38	33.45	32.00	
101.00	89.08	77.52	66.15	58.31	51.44	45.98	41.03	37.17	34.24	33.34	33.00	
106.00	94.22	84.38	74.79	66.11	57.65	50.08	43.62	39.52	36.54	34.38	34.00	
102.00	89.94	78.76	68.21	57.91	48.13	39.68	34.17	32.91	32.29	32.00	
123.00	103.89	87.90	74.03	64.83	58.11	51.41	45.76	40.27	35.81	32.27	31.00	
112.00	95.75	79.58	68.13	57.69	48.49	44.13	40.37	37.89	35.71	34.00	
102.00	92.19	82.83	73.91	66.38	58.91	51.56	45.16	39.19	35.95	33.00	
121.00	107.15	93.52	80.33	67.33	57.94	50.10	44.53	40.12	36.35	34.52	33.00	
121.00	106.25	93.56	81.90	71.29	60.74	50.71	42.87	38.71	36.46	34.32	33.00	
121.00	105.58	91.86	78.52	67.42	56.57	48.21	39.89	35.43	31.52	31.00	
117.00	100.14	88.47	77.66	67.78	59.59	51.44	43.78	40.58	37.83	35.86	35.00	
120.00	103.63	89.72	76.76	66.69	56.65	49.69	42.92	36.73	34.80	34.00	
117.00	103.93	91.06	78.20	67.96	58.20	50.28	45.60	41.63	37.74	35.00	
110.00	98.60	87.60	76.66	67.66	59.74	52.95	47.48	42.22	37.97	34.00	
108.00	90.30	78.84	68.48	59.63	50.85	44.02	37.70	33.00	32.38	32.00	
106.00	93.43	81.37	70.68	61.11	52.11	43.36	35.56	33.83	32.73	32.00	
115.00	95.88	79.60	67.22	56.16	45.77	38.74	35.63	34.24	33.06	32.00	
116.00	101.63	87.53	74.65	62.05	52.59	44.82	38.78	35.73	33.53	32.14	32.00	
119.00	103.21	88.28	76.20	65.30	58.34	51.75	45.24	40.64	36.65	33.19	32.00	
118.00	104.48	91.38	79.01	67.72	56.47	45.42	38.93	33.84	32.87	32.00	
106.00	91.07	80.44	71.81	63.51	55.88	48.58	41.61	37.86	35.28	33.31	32.00	
122.00	101.60	82.25	66.66	52.33	44.71	39.19	36.62	34.85	33.60	33.00	
122.00	106.06	90.58	77.95	66.31	57.41	50.18	43.27	36.69	34.24	34.00	
122.00	108.93	98.20	87.59	78.00	69.19	60.79	52.68	47.05	41.56	37.61	35.00	
114.00	102.67	92.69	82.73	73.21	63.95	56.23	48.79	43.46	39.50	36.69	34.00	
110.00	95.65	81.59	70.08	59.68	52.46	46.05	39.91	34.35	31.47	31.15	31.00	
123.00	110.88	98.80	88.41	79.48	70.76	62.62	54.79	47.97	41.65	37.28	35.00	
120.00	104.29	89.90	75.85	63.46	51.49	44.78	41.32	38.23	35.65	33.31	32.00	
120.00	107.14	95.54	85.39	75.36	65.52	57.05	49.14	41.31	39.28	37.44	36.00	
113.00	98.51	85.87	74.72	64.12	53.75	44.41	37.92	34.15	32.12	31.00	
109.00	94.06	79.26	70.51	62.09	55.73	49.51	45.87	42.41	39.82	37.54	36.00	
111.00	92.73	76.17	63.10	54.03	45.93	42.23	38.70	35.58	33.58	33.00	
102.00	91.60	81.41	71.86	63.84	57.71	51.94	46.59	41.75	37.67	34.02	33.00	
107.00	95.82	85.45	76.16	67.49	60.01	53.45	47.80	42.28	38.75	36.58	36.00	
121.00	102.55	86.82	73.63	61.29	53.17	46.10	39.38	34.65	33.83	33.40	33.00	
103.00	90.41	78.48	68.54	61.24	54.04	47.72	43.74	40.22	38.36	36.67	36.00	
107.00	96.08	85.48	75.24	66.26	59.07	52.29	45.58	39.19	32.86	32.37	32.00	
115.00	100.63	86.30	74.15	63.13	52.33	44.67	40.76	38.38	36.30	36.08	36.00	
111.00	97.13	83.49	70.98	60.20	49.47	43.19	37.93	35.63	33.86	33.17	33.00	
113.00	101.88	91.39	80.97	70.54	60.81	51.90	44.27	37.77	33.31	32.00	
106.00	95.80	86.54	77.66	70.82	64.06	57.84	51.77	45.75	39.89	36.48	36.00	
106.00	92.74	79.51	67.20	56.39	51.26	46.14	41.98	38.45	36.58	34.78	33.00	
118.00	100.01	82.55	69.19	57.98	48.27	42.73	37.55	34.73	31.99	31.16	31.00	
118.00	99.61	82.03	70.28	60.69	53.01	47.05	42.73	39.77	36.85	34.00	
101.00	91.24	81.58	72.24	64.25	57.21	51.03	44.99	39.77	35.24	35.10	35.00	
121.00	107.34	94.11	81.96	70.40	60.07	52.41	46.63	40.91	36.74	32.60	32.00	
111.00	96.38	85.10	73.98	65.37	58.27	51.51	45.50	40.31	36.78	36.18	36.00	
104.00	92.78	82.40	72.48	63.44	55.87	48.42	44.03	39.69	35.85	35.00	
101.00	91.04	82.07	73.41	64.96	56.81	50.66	44.70	40.60	37.12	34.44	33.00	
108.00	89.03	76.59	66.34	57.76	52.01	46.32	42.50	38.69	35.23	32.46	31.00	
107.00	92.06	77.33	68.68	60.24	52.86	45.81	41.22	37.86	36.59	36.00	
123.00	108.08	93.20	79.62	68.83	58.14	49.60	41.31	37.30	35.43	34.00	
111.00	96.14	83.23	71.10	59.03	49.82	41.81	38.24	35.55	34.08	34.00	
105.00	93.91	82.93	73.64	65.33	57.17	49.51	42.99	38.04	35.42	35.00	
109.00	95.65	84.01	73.79	65.52	59.38	53.25	47.14	42.38	37.91	34.12	32.00	
111.00	97.36	84.63	71.96	62.71	55.10	47.55	41.32	35.58	33.67	32.14	32.00	
120.00	103.20	88.62	75.19	66.02	58.70	52.61	47.50	42.71	40.04	37.39	36.00	
121.00	104.82	89.53	77.90	67.53	57.67	50.70	45.68	41.64	37.61	35.91	35.00	
116.00	100.68	85.65	72.91	63.45	54.90	46.92	40.14	35.73	33.85	33.05	33.00	
102.00	91.36	82.07	72.87	64.11	56.61	50.99	46.53	42.11	37.83	36.00	
120.00	105.58	91.36	79.51	68.08	57.77	47.46	38.10	36.56	35.15	35.00	
116.00	101.93	88.45	75.66	67.00	59.07	52.56	46.11	39.69	35.49	32.18	32.00	
113.00	99.72	87.78	76.83	66.15	56.34	49.62	43.24	38.34	35.11	32.59	31.00	
102.00	89.87	77.94	69.19	61.44	54.30	48.58	43.35	38.93	35.79	35.00	
114.00	99.10	87.45	77.63	68.82	60.79	54.10	48.36	43.42	38.60	35.43	34.00	
111.00	93.38	82.35	72.42	65.16	58.10	51.87	46.11	41.27	37.90	36.24	36.00	
109.00	92.85	77.90	66.13	58.01	50.86	44.17	39.39	35.34	33.45	33.00	
117.00	96.21	81.61	69.46	58.78	50.24	43.27	37.66	35.43	33.71	33.00	
122.00	102.96	86.88	72.80	60.61	51.08	44.06	39.65	36.50	35.84	35.29	35.00	
112.00	100.36	89.04	78.91	69.88	61.82	54.96	48.93	44.24	40.90	37.59	35.00	
115.00	100.61	86.44	74.45	66.09	58.77	52.64	47.32	42.27	38.70	36.43	36.00	
114.00	103.53	93.14	82.84	72.58	63.16	54.08	45.36	40.36	37.24	36.46	36.00	
104.00	89.70	76.84	67.50	58.34	51.97	45.82	42.09	39.01	36.04	35.00	
111.00	98.85	89.65	80.52	71.74	64.07	56.73	49.52	42.55	37.20	33.00	
123.00	106.20	91.67	78.60	68.33	58.33	51.27	45.12	41.12	37.90	35.27	34.00	
110.00	94.09	80.95	71.07	62.57	55.19	48.28	43.83	39.53	36.26	36.00	
114.00	94.14	82.62	71.29	61.86	52.57	47.38	42.66	39.22	35.82	34.35	34.00	
113.00	101.11	89.93	78.80	67.93	59.40	51.71	44.93	40.57	36.58	36.00	
110.00	93.25	79.36	67.93	56.55	48.67	43.18	39.10	35.38	33.36	33.00	
111.00	99.90	88.85	78.75	69.13	60.45	52.72	45.13	39.37	35.79	34.80	34.00	
106.00	94.23	82.84	72.24	63.04	55.22	48.31	42.56	39.64	36.73	35.54	35.00	
121.00	105.83	91.61	78.13	67.91	59.21	50.81	43.02	37.47	33.18	31.28	31.00	
122.00	105.27	91.68	79.22	69.01	59.28	50.89	43.15	38.62	37.11	36.00	
116.00	105.87	95.80	85.83	76.85	68.38	60.50	53.01	46.94	41.96	37.03	35.00	
112.00	98.99	88.17	78.75	70.66	63.58	56.97	50.46	44.92	39.91	35.54	35.00	
119.00	104.37	93.36	82.47	72.07	61.97	52.03	43.49	35.32	31.93	31.00	
106.00	96.23	86.53	77.24	68.25	59.44	50.82	43.62	38.58	35.34	32.18	32.00	
112.00	95.65	80.63	66.87	53.28	42.32	39.27	36.62	35.66	34.77	34.33	34.00	
106.00	92.58	79.80	67.27	58.38	50.99	43.86	37.68	35.22	33.05	31.00	
106.00	94.82	84.45	76.20	67.97	60.43	53.78	47.14	40.59	36.33	35.00	34.00	
108.00	93.02	79.77	68.48	58.35	49.22	43.49	39.33	36.08	32.84	32.00	
109.00	95.70	84.32	73.40	64.06	55.32	47.82	41.43	36.53	32.09	31.00	
116.00	102.53	91.34	80.89	70.58	60.79	52.04	45.77	41.03	36.50	35.00	
115.00	100.50	86.70	75.61	64.88	56.04	47.29	40.96	34.93	33.67	33.00	
103.00	91.66	82.69	74.71	67.40	60.94	54.81	48.96	43.84	39.85	37.01	35.00	
123.00	104.98	89.39	74.20	63.02	52.47	45.59	40.19	35.89	34.04	34.00	
113.00	96.13	83.72	73.38	63.63	55.29	48.32	42.87	38.63	35.60	33.00	
109.00	97.20	88.22	79.30	70.71	62.22	54.20	46.45	39.98	34.18	31.73	31.00	
111.00	96.48	82.66	69.72	59.53	50.94	44.40	40.52	37.85	35.85	35.03	35.00	
105.00	92.39	80.52	70.47	61.82	54.93	49.44	44.35	39.58	35.10	33.09	33.00	
116.00	99.79	84.51	69.71	57.59	51.21	45.31	40.48	37.00	34.58	32.27	31.00	
112.00	99.90	88.36	77.40	66.82	59.74	53.48	47.32	42.85	38.99	35.42	32.00	
123.00	107.32	93.90	81.09	70.47	60.00	50.81	43.23	37.52	32.19	31.00	
112.00	98.46	85.00	73.88	63.25	53.16	45.11	39.51	33.94	32.76	32.00	
105.00	92.48	80.75	70.35	60.85	52.21	44.04	39.06	35.99	34.95	34.00	
102.00	90.76	79.63	69.82	61.92	54.32	47.25	41.70	36.99	33.69	31.26	31.00	
116.00	101.53	88.92	76.76	65.18	56.28	48.49	41.94	37.13	34.46	33.18	33.00	
105.00	88.88	73.52	64.47	58.06	51.91	46.24	41.83	39.04	37.23	36.00	
118.00	108.50	99.15	90.40	81.79	73.32	65.21	58.15	51.14	44.82	38.58	36.00	
119.00	107.02	95.66	86.05	76.46	66.89	58.38	50.53	44.52	39.11	34.09	34.00	
105.00	91.88	78.81	67.54	56.41	46.89	41.39	36.57	34.26	32.24	31.50	31.00	
116.00	101.56	88.34	75.28	62.41	51.35	44.65	38.29	36.16	35.37	35.00	
123.00	102.73	87.91	76.61	65.92	58.71	52.62	46.84	41.28	37.27	36.00	
120.00	104.46	89.00	75.96	65.35	57.00	50.01	44.40	39.41	34.92	33.00	
105.00	89.47	76.40	66.95	58.69	51.09	44.95	39.38	34.87	33.19	32.49	32.00	
112.00	99.43	87.75	77.05	66.56	57.87	49.18	41.88	36.53	34.00	32.00	
114.00	101.11	89.30	78.39	67.68	58.28	49.37	43.44	38.18	34.96	33.00	
101.00	88.99	79.74	70.59	61.90	54.31	47.60	41.38	35.89	31.21	31.00	
120.00	107.15	94.67	82.23	71.93	61.98	54.77	48.21	42.20	37.74	36.30	36.00	
109.00	97.64	86.85	77.48	69.61	62.74	56.77	51.17	46.31	41.80	37.41	34.00	
119.00	106.06	93.21	81.09	69.08	60.01	51.30	44.22	38.32	32.45	31.00	
106.00	89.47	73.61	62.48	52.71	46.95	41.57	36.99	35.55	35.27	35.00	
102.00	93.15	84.71	76.37	69.21	62.07	55.23	48.49	42.71	37.65	35.45	35.00	
120.00	107.22	95.48	83.95	73.15	62.56	53.31	45.33	41.48	38.40	35.74	35.00	
118.00	100.30	85.22	73.05	62.48	53.10	46.28	41.85	38.04	34.27	34.00	
104.00	91.80	79.74	67.75	56.09	48.57	42.43	39.34	36.47	33.80	31.58	31.00	
103.00	90.62	78.49	67.76	58.29	49.06	43.80	39.34	35.59	33.17	32.57	32.00	
120.00	107.63	95.39	84.14	73.92	64.38	55.27	47.46	40.43	36.67	34.99	34.00	
101.00	91.32	81.66	72.27	63.22	56.25	49.66	43.37	39.13	35.71	34.00	
111.00	98.89	88.96	79.64	71.03	62.93	56.74	51.08	46.02	41.13	36.70	34.00	
108.00	92.43	78.04	66.82	58.89	51.59	46.15	40.76	36.80	35.83	35.00	
113.00	99.72	87.66	77.50	67.35	57.30	52.55	48.31	44.37	40.62	36.95	35.00	
113.00	97.34	84.67	73.23	65.41	58.39	51.54	46.70	41.92	38.15	36.00	
112.00	96.96	85.37	73.81	64.05	56.03	49.11	42.78	37.19	33.76	31.75	31.00	
109.00	98.12	87.51	77.46	67.52	58.57	50.46	42.88	37.97	35.27	33.11	32.00	
102.00	89.08	76.75	64.70	55.93	50.26	44.92	40.59	36.89	34.10	33.00	
121.00	101.63	86.46	71.83	62.87	54.80	46.82	42.28	38.59	34.95	32.00	
113.00	96.93	82.68	72.83	63.18	54.64	46.98	40.86	36.99	34.72	33.00	
109.00	95.80	82.63	73.27	64.52	56.04	49.40	45.02	40.82	37.37	35.00	
122.00	109.39	97.60	86.58	76.27	67.37	59.34	52.27	47.70	43.44	39.42	36.00	
102.00	85.80	70.03	55.38	49.20	44.79	41.61	38.88	36.52	36.17	36.00	
119.00	103.96	89.62	75.53	63.26	53.49	47.42	42.73	39.55	36.71	34.17	33.00	
120.00	107.41	95.69	84.17	72.76	62.20	52.12	46.77	42.40	38.13	35.01	33.00	
106.00	92.58	81.66	73.18	65.14	57.29	50.59	44.68	40.21	37.10	34.02	34.00	
114.00	101.00	88.15	76.85	66.72	57.88	52.25	47.02	42.20	37.59	33.00	
123.00	105.17	88.12	72.25	57.17	49.23	42.87	39.76	37.17	34.75	33.72	33.00	
119.00	108.24	98.48	89.06	79.89	71.38	63.23	55.09	47.36	41.03	38.20	36.00	
112.00	95.65	81.84	68.31	61.14	54.18	48.01	42.12	38.39	36.57	36.15	36.00	
103.00	87.44	77.32	68.24	59.40	53.69	48.15	43.16	38.87	36.70	35.00	
116.00	105.18	95.55	86.58	77.97	69.40	61.04	52.84	46.03	39.51	34.00	
101.00	88.48	76.09	67.18	58.55	52.17	47.04	42.90	39.35	36.58	34.21	34.00	
102.00	89.06	79.11	70.01	60.93	53.35	46.88	40.46	36.18	33.34	32.21	32.00	
120.00	107.59	96.36	85.32	74.38	65.72	57.97	51.12	44.39	40.07	35.76	35.00	
109.00	95.66	83.50	72.18	62.60	53.73	48.93	44.66	40.73	37.06	33.89	33.00	
107.00	95.16	83.47	73.57	63.98	56.47	49.12	42.65	38.00	33.50	32.00	
122.00	103.09	88.28	74.74	64.26	56.89	51.06	46.23	42.33	38.96	36.31	34.00	
113.00	99.88	87.27	78.26	70.25	62.56	55.43	48.86	43.69	39.04	34.72	34.00	
103.00	92.75	84.16	75.65	67.31	59.43	52.37	46.08	40.71	36.88	35.13	34.00	
122.00	108.92	96.12	83.31	72.34	62.25	52.84	44.00	37.42	33.49	33.00	
114.00	98.51	84.24	74.24	65.52	58.59	52.16	45.96	41.41	38.10	36.65	36.00	
106.00	94.55	84.79	75.22	65.87	57.44	49.61	45.69	41.84	38.71	35.70	33.00	
101.00	88.17	76.06	65.63	56.46	50.67	45.43	40.68	36.18	33.16	31.77	31.00	
118.00	104.35	91.74	79.71	68.44	59.43	51.18	43.33	39.29	36.64	36.00	
109.00	92.68	76.71	61.30	52.47	45.56	39.52	35.23	34.68	34.17	34.00	
102.00	89.36	79.29	69.48	60.28	51.75	44.30	39.88	36.77	34.47	34.00	
116.00	100.90	88.91	77.14	67.56	58.26	51.33	45.30	40.15	35.80	35.00	
109.00	92.59	79.43	70.38	63.25	56.82	51.43	46.18	41.53	36.99	34.10	33.00	
109.00	96.20	85.64	77.15	68.78	61.39	54.29	47.74	41.82	36.60	34.17	32.00	
118.00	103.71	90.23	80.18	70.20	61.67	53.68	46.37	39.56	34.65	33.57	33.00	
102.00	87.50	73.13	64.76	57.25	50.98	45.52	40.95	36.40	33.16	32.16	32.00	
120.00	102.62	85.27	69.76	59.83	50.08	44.38	38.69	34.57	31.44	31.00	
108.00	94.18	80.68	70.70	61.54	52.64	45.02	37.95	34.67	32.99	32.00	
115.00	100.72	89.76	79.07	68.49	59.14	50.53	44.52	38.71	33.20	32.00	
111.00	94.41	77.88	65.92	54.70	47.82	41.99	36.63	35.35	34.44	34.00	
115.00	103.72	92.47	81.86	73.23	65.50	57.89	50.60	43.52	38.14	33.00	
105.00	93.24	81.59	72.00	62.78	55.09	48.83	44.06	39.58	36.32	36.00	
108.00	94.14	80.74	68.71	60.40	52.31	47.94	43.97	40.12	37.03	34.00	
105.00	90.19	75.78	62.16	53.93	48.21	42.80	37.85	35.36	33.59	32.00	
109.00	94.87	82.99	72.99	63.86	56.57	49.80	44.70	40.18	36.32	35.00	
123.00	105.32	89.10	74.43	67.45	60.98	55.03	49.42	44.37	40.77	37.27	35.00	
117.00	101.01	86.04	74.11	63.12	53.69	45.48	39.32	33.91	31.67	31.00	
108.00	95.40	83.02	72.77	64.01	55.84	48.72	43.81	39.45	36.05	35.00	
106.00	96.54	87.49	79.26	71.53	64.75	58.21	52.18	46.46	41.03	36.00	
121.00	107.10	94.40	81.92	71.55	62.15	54.38	47.74	41.55	36.29	32.00	
102.00	94.00	86.30	78.72	71.44	64.36	57.60	50.90	46.41	41.92	38.46	35.00	
120.00	103.94	89.53	76.22	63.15	54.60	47.29	40.17	35.11	31.39	31.00	
108.00	92.59	77.48	66.86	56.54	48.75	42.22	38.22	34.52	31.63	31.00	
107.00	95.49	84.20	75.69	68.60	61.60	54.78	48.64	42.53	37.71	33.00	
112.00	99.75	88.61	78.51	68.47	60.40	52.59	46.49	40.96	36.84	33.47	32.00	
101.00	91.64	83.49	75.46	67.60	60.27	54.08	48.21	43.04	38.68	35.17	32.00	
117.00	102.98	88.97	76.40	65.79	56.12	48.14	41.48	36.48	34.38	32.59	32.00	
105.00	94.04	83.16	72.85	62.67	53.55	46.08	41.24	36.71	33.45	31.00	
106.00	92.81	81.48	70.18	62.07	54.41	46.84	41.18	37.08	33.82	31.71	31.00	
116.00	98.76	84.06	70.44	59.52	52.66	46.91	41.88	38.67	36.61	34.69	34.00	
121.00	102.61	84.49	69.70	56.77	49.17	44.18	39.43	35.67	33.11	33.00	
113.00	99.86	86.81	75.22	65.01	55.65	48.80	42.52	37.30	35.04	35.00	
120.00	108.03	96.16	84.34	73.91	65.68	58.53	52.48	46.50	41.42	36.85	33.00	
106.00	94.54	83.32	72.45	63.09	54.75	47.49	40.98	35.93	33.85	32.00	
115.00	99.55	84.85	70.57	61.38	52.63	44.46	36.31	33.40	32.22	31.18	31.00	
118.00	102.25	87.85	75.61	63.36	52.04	44.31	37.51	34.87	32.86	31.00	
106.00	91.64	79.96	68.34	57.29	50.95	46.04	41.57	37.48	33.81	31.00	
101.00	87.70	75.29	66.04	59.10	52.23	46.63	41.27	36.91	35.14	35.00	
106.00	92.28	79.37	67.02	57.53	49.10	41.96	35.78	33.87	33.28	33.00	
101.00	88.86	78.14	69.13	61.19	53.58	46.06	39.11	33.55	31.87	31.05	31.00	
105.00	93.38	82.07	71.31	60.96	51.30	42.54	36.62	33.79	32.19	31.00	
111.00	97.50	84.60	74.02	65.67	57.82	51.86	46.14	40.45	36.28	33.00	
109.00	93.49	78.13	64.13	54.93	46.41	41.64	37.42	36.58	36.05	36.00	
111.00	97.70	86.19	75.42	65.08	58.72	52.69	46.72	41.79	37.34	35.14	33.00	
108.00	94.92	82.03	72.69	63.83	56.06	50.83	45.68	40.91	37.23	33.65	32.00	
123.00	105.70	89.12	76.37	66.79	57.77	49.39	41.50	37.58	34.63	33.75	33.00	
118.00	99.59	81.22	68.68	59.69	51.63	43.63	39.04	34.50	32.08	31.00	
112.00	93.85	83.64	73.79	64.75	55.88	49.25	42.69	39.14	36.55	34.00	
115.00	100.11	85.23	71.43	61.80	54.51	47.28	40.23	38.01	36.76	36.00	
103.00	93.44	84.24	75.36	66.54	58.64	51.87	45.44	40.54	37.91	35.50	35.00	
111.00	100.35	90.68	81.74	72.86	65.56	58.75	52.01	45.53	39.68	36.00	
123.00	103.66	85.85	68.70	61.49	55.20	50.11	45.66	41.31	37.07	33.33	31.00	
103.00	87.29	74.00	61.14	55.86	51.71	47.78	43.97	40.17	37.35	36.00	
108.00	96.79	85.65	74.79	64.57	54.66	48.00	42.70	37.83	33.66	32.31	32.00	
105.00	90.62	78.76	68.37	59.35	51.06	43.66	38.06	33.75	32.38	32.00	
119.00	104.12	89.68	78.60	70.40	62.26	54.22	47.31	41.78	36.66	31.77	31.00	
114.00	99.87	85.86	73.36	61.18	51.34	45.75	41.45	38.58	36.32	35.14	35.00	
119.00	107.54	96.14	85.43	75.38	66.18	59.08	52.28	45.71	40.66	36.54	34.00	
101.00	88.17	77.92	69.36	61.63	53.92	47.01	42.77	38.76	35.41	32.87	32.00	
112.00	98.70	88.61	78.60	68.80	60.74	53.43	46.47	41.37	37.09	36.00	
107.00	95.19	85.72	76.30	66.93	58.46	51.59	45.78	41.39	37.12	33.41	31.00	
123.00	105.39	89.26	75.46	63.39	51.96	42.78	37.24	33.80	33.24	33.04	33.00	
122.00	104.26	90.86	77.51	67.82	59.91	52.21	45.64	40.48	36.13	35.07	35.00	
105.00	92.86	80.76	72.30	64.97	58.67	52.69	47.12	42.01	37.09	33.56	32.00	
115.00	94.01	78.11	66.00	55.80	49.05	44.05	40.01	37.05	36.24	36.00	
118.00	104.88	92.05	80.55	70.91	61.83	54.92	48.80	43.58	39.00	35.48	33.00	
108.00	93.38	79.24	69.12	59.08	49.62	44.44	39.60	35.01	32.82	32.01	32.00	
119.00	104.99	91.87	78.98	66.43	55.70	45.50	40.90	38.45	36.05	36.00	
110.00	94.34	83.10	72.79	63.82	56.23	49.28	44.75	41.18	37.65	34.30	34.00	
122.00	110.17	98.73	87.35	76.93	66.74	58.45	50.59	43.97	37.68	33.00	
101.00	87.95	75.12	65.32	55.92	47.83	40.15	37.18	36.02	34.98	34.00	
109.00	95.78	83.08	70.59	60.79	52.15	46.62	41.29	38.75	36.65	35.00	
103.00	88.72	76.92	67.94	59.58	52.10	44.67	39.63	34.63	31.23	31.00	
111.00	97.97	86.54	75.30	66.83	58.37	50.10	44.37	39.52	37.52	36.00	
107.00	95.07	83.55	72.68	63.85	56.29	51.06	45.93	42.23	39.40	37.55	36.00	
113.00	98.40	83.96	72.63	63.24	54.60	46.11	40.85	37.14	34.25	32.30	32.00	
115.00	99.87	84.87	72.50	62.18	53.32	45.82	39.99	36.74	33.70	31.00	
108.00	93.45	80.81	69.54	58.95	49.16	41.88	38.61	36.27	34.71	34.00	
117.00	96.57	79.64	67.16	59.64	53.42	47.70	43.69	40.60	38.02	36.28	36.00	
113.00	99.55	86.97	74.61	64.41	54.99	46.01	39.75	35.70	31.84	31.05	31.00	
114.00	95.96	81.70	67.54	59.56	51.65	46.10	41.49	37.75	35.73	34.35	34.00	
121.00	104.16	92.03	79.91	68.95	59.09	49.68	42.72	37.38	34.84	32.88	32.00	
120.00	103.06	88.43	77.65	68.96	60.39	52.37	46.23	40.96	36.59	36.11	36.00	
121.00	101.63	83.50	70.08	56.95	48.58	41.59	37.19	33.43	31.37	31.00	
117.00	104.49	92.15	80.57	69.03	58.02	50.27	43.33	36.94	33.99	31.33	31.00	
120.00	104.56	90.85	77.81	64.85	52.41	42.70	38.47	35.78	33.33	31.00	
117.00	100.06	85.91	73.04	61.40	53.34	45.76	40.24	36.20	34.02	33.00	
101.00	91.77	82.87	74.62	68.05	61.65	55.30	49.59	44.24	39.09	35.10	33.00	
103.00	94.56	86.16	78.18	70.86	64.08	57.32	50.87	45.36	39.91	35.17	32.00	
116.00	102.72	89.71	78.28	67.86	58.76	51.10	44.91	38.93	34.91	34.00	
104.00	92.07	80.30	69.25	58.33	48.14	43.78	40.10	38.28	36.79	36.00	
118.00	103.82	89.88	77.87	68.52	59.88	51.67	45.24	39.07	34.20	34.00	
121.00	103.87	91.60	79.38	69.42	60.93	53.46	46.34	41.94	37.58	33.34	32.00	
116.00	99.74	83.50	68.44	60.17	52.28	44.48	40.87	38.60	36.47	34.49	33.00	
119.00	104.49	91.62	79.81	68.49	58.37	48.34	41.67	37.28	35.30	34.00	
113.00	101.04	89.50	78.22	67.15	58.59	52.13	46.20	42.21	38.77	36.00	34.00	
122.00	101.04	86.20	72.67	61.25	50.28	43.24	36.25	31.57	31.10	31.00	
122.00	106.61	93.50	80.73	68.39	57.45	48.34	41.14	37.75	36.04	35.05	35.00	
106.00	95.42	84.94	75.97	67.36	58.88	52.45	46.80	41.68	38.45	37.23	36.00	
122.00	106.31	93.61	81.46	69.97	59.87	50.01	42.85	38.12	34.58	32.00	
119.00	100.69	82.65	70.29	58.74	48.06	40.28	33.28	32.57	32.27	32.00	
121.00	104.71	88.44	74.01	62.50	51.09	43.37	39.51	37.38	35.34	34.00	
110.00	99.30	88.67	78.93	69.94	61.00	52.13	44.48	38.11	33.97	31.78	31.00	
118.00	102.47	89.08	77.67	68.27	59.54	51.00	43.27	39.06	36.55	36.15	36.00	
115.00	102.61	91.25	80.04	69.20	58.63	48.48	42.05	38.13	35.71	34.00	
106.00	91.61	81.53	72.38	64.05	55.78	49.91	45.27	40.99	36.96	34.52	34.00	
110.00	98.39	87.27	76.49	67.35	59.51	51.69	45.88	42.84	39.82	36.98	36.00	
104.00	91.61	79.93	69.36	59.60	50.30	42.35	39.39	37.63	35.93	35.00	
115.00	103.57	92.60	81.91	71.23	60.61	52.77	45.12	41.48	39.09	36.86	35.00	
110.00	98.53	87.26	76.61	66.62	58.13	50.78	44.17	39.11	34.66	31.25	31.00	
104.00	89.46	79.79	70.30	61.63	55.07	49.25	44.28	40.33	36.67	34.98	34.00	
117.00	96.05	83.08	70.57	61.10	51.88	43.42	37.86	33.33	32.12	31.00	
123.00	104.03	90.24	76.72	63.44	53.98	47.94	43.88	40.54	37.44	36.00	
121.00	105.84	90.89	76.33	64.42	52.96	43.79	39.25	35.40	32.75	32.00	
109.00	97.76	86.64	77.22	68.40	60.67	53.87	47.96	42.38	39.12	36.70	36.00	
110.00	93.52	78.95	66.14	55.55	49.55	43.96	38.47	34.00	33.14	33.00	
118.00	103.24	90.30	78.35	67.96	57.82	51.45	45.41	40.86	37.60	35.67	35.00	
111.00	100.03	90.09	81.60	73.29	65.64	58.01	51.03	44.53	39.78	36.00	
104.00	91.86	82.10	73.82	65.70	58.96	52.32	46.62	41.51	37.33	34.24	34.00	
111.00	97.95	86.00	74.59	64.45	55.50	49.89	44.70	41.63	38.94	36.27	35.00	
119.00	106.14	94.84	83.71	72.93	63.68	55.94	48.31	42.37	37.86	33.45	33.00	
103.00	92.02	81.13	70.72	62.03	53.82	45.86	39.63	34.88	32.40	32.00	
103.00	92.70	83.03	73.45	64.76	56.64	50.04	45.14	40.43	37.15	36.41	36.00	
115.00	101.84	90.19	79.05	68.23	58.35	49.10	41.90	35.92	33.51	32.24	31.00	
115.00	96.77	83.64	72.64	62.75	54.25	46.30	40.31	36.39	32.59	31.06	31.00	
113.00	102.19	91.45	81.48	71.81	63.06	54.59	46.22	38.92	37.33	36.13	36.00	
105.00	93.55	82.91	72.68	62.75	53.77	46.66	40.42	34.35	32.60	32.00	
112.00	100.18	88.99	80.23	71.85	64.14	56.55	48.99	41.73	36.18	35.06	35.00	
118.00	105.25	94.13	83.26	72.69	62.71	53.64	48.24	43.25	39.42	36.42	36.00	
108.00	94.30	81.60	70.17	59.70	51.39	43.96	40.90	38.53	36.62	35.00	
108.00	95.70	83.47	73.76	66.18	58.83	51.52	46.33	41.92	38.42	35.55	35.00	
112.00	97.54	84.21	73.02	61.98	52.74	44.34	38.58	35.75	33.28	33.00	
114.00	101.24	88.92	76.78	65.31	55.01	46.77	42.92	40.23	38.00	36.00	
101.00	87.64	76.84	66.09	56.86	47.80	41.95	37.16	34.59	32.73	31.03	31.00	
106.00	93.91	82.34	71.11	60.31	49.92	39.87	35.84	33.65	32.19	31.00	
121.00	106.22	92.62	80.16	69.22	60.37	51.71	45.19	39.19	34.53	31.91	31.00	
115.00	103.50	92.53	82.21	73.56	65.55	58.21	52.48	47.16	42.57	38.27	36.00	
121.00	103.25	86.21	73.42	64.51	56.28	49.08	43.93	39.52	37.41	36.12	35.00	
113.00	96.32	82.74	71.05	62.91	54.95	47.79	42.11	37.98	34.48	34.00	
112.00	94.31	79.13	65.51	55.76	49.60	44.92	41.57	39.53	37.81	36.16	36.00	
110.00	95.26	80.67	70.23	60.35	52.56	45.30	41.64	38.80	36.59	34.57	33.00	
109.00	94.85	81.36	68.72	57.71	49.09	44.70	41.07	38.61	36.34	36.00	
116.00	102.54	90.45	80.32	71.01	61.90	53.05	44.25	36.39	31.61	31.00	
122.00	108.73	96.04	84.50	73.93	63.99	54.86	46.68	39.24	32.26	32.00	
107.00	93.60	82.16	72.25	64.06	56.78	50.06	43.67	38.62	36.12	34.13	33.00	
107.00	92.16	82.05	71.94	63.26	57.02	51.15	45.46	41.32	37.28	33.66	32.00	
108.00	95.14	82.49	71.36	60.27	49.63	41.40	38.19	36.69	35.30	35.00	
107.00	93.56	80.42	68.28	58.10	49.02	42.01	37.84	34.36	32.03	32.00	
121.00	106.74	92.55	79.95	69.52	60.53	52.60	45.87	39.23	35.38	32.76	32.00	
107.00	93.98	81.50	73.48	65.69	59.00	52.37	47.26	42.27	38.41	36.67	35.00	
105.00	90.98	78.92	68.49	59.47	50.70	43.88	37.16	34.30	33.32	32.58	32.00	
121.00	105.30	92.45	81.91	72.88	64.72	56.68	49.27	42.75	39.96	37.31	35.00	
118.00	104.42	91.29	80.25	69.73	59.38	51.61	45.88	40.58	37.50	35.46	35.00	
106.00	93.90	81.83	72.73	63.88	55.62	48.93	42.78	38.34	34.88	32.00	
110.00	97.91	86.47	75.31	64.86	54.75	48.15	44.29	40.63	37.04	34.17	34.00	
120.00	105.56	93.66	81.88	70.24	60.04	50.60	41.48	36.36	34.03	33.00	
117.00	89.92	75.21	66.15	57.21	48.80	44.33	40.73	38.36	36.45	36.00	
121.00	107.33	94.50	83.17	72.12	61.96	53.71	45.79	41.27	37.66	35.63	35.00	
115.00	104.64	94.81	85.04	76.10	67.44	58.93	50.60	42.67	35.15	32.00	
109.00	96.83	85.62	75.69	68.03	60.87	54.43	48.76	43.76	38.77	34.00	
105.00	91.93	81.46	71.60	61.84	54.64	47.99	42.41	38.79	37.06	36.00	
113.00	94.46	79.06	67.30	56.57	48.59	41.86	39.00	36.87	35.69	35.11	35.00	
105.00	91.63	79.09	67.00	56.14	46.33	40.07	35.63	34.15	32.75	31.45	31.00	
107.00	95.31	84.11	73.06	62.28	52.60	46.86	42.68	39.78	38.12	36.79	36.00	
123.00	108.01	93.07	78.78	66.95	58.09	50.85	46.23	41.96	39.02	37.20	36.00	
118.00	104.39	91.73	79.70	67.91	57.55	50.26	44.75	41.14	37.95	35.00	
111.00	95.45	82.20	69.01	56.96	45.37	41.02	38.59	36.40	34.27	32.94	32.00	
122.00	109.59	97.79	86.08	75.13	64.70	54.41	46.26	40.15	34.69	31.00	
121.00	98.52	84.24	73.09	63.19	53.93	47.10	41.08	38.48	36.62	35.00	
106.00	92.06	78.67	66.11	57.19	50.89	44.85	40.70	37.27	34.70	32.86	32.00	
120.00	99.21	81.66	69.51	58.86	48.33	44.52	41.63	39.00	36.64	35.00	
118.00	104.83	92.17	80.27	71.46	62.68	54.06	46.32	39.84	36.01	33.00	
118.00	102.87	88.29	75.62	63.04	55.33	48.77	42.89	37.36	35.72	35.00	
122.00	106.70	92.33	79.46	67.86	57.95	51.18	44.67	40.15	37.05	36.00	
116.00	97.42	80.34	68.88	57.42	46.83	40.64	37.48	35.33	33.52	32.12	32.00	
101.00	90.14	80.32	71.65	64.09	56.85	49.88	43.88	38.10	35.04	32.00	
113.00	99.36	86.37	75.97	65.94	56.32	47.45	39.07	33.73	32.72	32.32	32.00	
116.00	101.92	88.59	77.43	67.25	57.12	47.43	42.91	39.97	37.54	36.00	
101.00	84.42	70.85	62.09	54.27	47.33	40.65	34.45	32.49	31.41	31.00	
112.00	91.81	76.54	62.30	55.04	49.17	44.18	40.63	37.88	36.26	36.00	
120.00	106.43	94.01	83.57	73.45	63.60	54.07	45.88	39.07	34.04	31.96	31.00	
122.00	101.81	86.80	73.00	60.09	49.33	43.85	40.21	36.73	33.73	33.00	
117.00	105.27	93.98	83.39	72.89	63.11	55.66	48.35	42.36	39.24	36.56	36.00	
107.00	96.77	87.59	78.62	70.09	61.75	54.68	48.54	43.69	39.10	36.08	35.00	
107.00	97.53	88.28	79.59	71.11	62.84	55.40	48.38	42.44	37.38	36.00	
107.00	92.31	79.14	68.83	59.02	50.22	41.66	37.17	33.44	32.19	32.00	
119.00	103.35	91.06	80.17	69.96	60.31	52.58	45.57	39.67	34.57	32.98	32.00	
120.00	106.55	93.38	80.32	67.39	55.87	47.92	40.74	35.99	33.51	31.79	31.00	
113.00	101.38	89.84	79.23	69.63	61.48	53.97	46.89	41.42	38.79	37.14	36.00	
119.00	101.23	87.11	77.18	67.94	59.52	51.52	44.57	39.37	34.75	32.00	
101.00	91.88	83.10	74.44	66.28	59.75	53.29	48.16	43.23	38.58	34.00	
105.00	87.81	71.07	57.44	47.75	43.73	40.91	38.58	36.50	34.46	34.00	
113.00	99.45	86.60	74.86	65.52	58.10	50.87	44.41	39.39	36.12	34.42	33.00	
116.00	99.35	85.85	72.74	61.67	55.53	50.40	45.35	41.34	39.41	37.68	36.00	
110.00	96.53	84.72	73.59	62.68	54.04	45.83	39.61	36.79	35.41	34.07	34.00	
120.00	105.03	91.58	79.06	66.68	56.47	47.13	38.21	32.91	32.09	32.00	
113.00	100.87	89.53	79.86	70.39	61.69	53.19	44.78	40.85	38.65	36.95	36.00	
122.00	106.40	93.15	81.61	72.21	63.90	56.75	50.04	45.29	40.62	36.63	33.00	
106.00	93.08	80.95	71.45	62.14	53.54	47.83	44.20	41.68	39.17	37.09	36.00	
104.00	92.80	82.45	72.32	62.85	54.18	47.15	43.02	39.50	37.43	36.47	36.00	
107.00	93.32	82.30	71.95	64.37	57.59	50.96	44.71	39.57	36.81	35.00	
116.00	101.62	87.35	73.34	60.44	52.43	47.60	43.07	39.69	37.26	35.03	34.00	
110.00	90.31	72.65	57.30	48.23	43.01	38.51	34.34	32.03	31.40	31.00	
114.00	98.85	86.77	75.58	65.46	55.60	47.77	40.95	37.89	36.07	36.00	
118.00	104.23	90.73	78.10	66.12	56.44	50.32	44.55	39.53	36.78	35.38	34.00	
114.00	102.46	91.33	81.38	71.78	63.55	56.12	49.33	44.56	39.82	36.06	35.00	
101.00	88.81	76.69	64.87	56.01	49.91	44.08	39.36	35.20	32.03	31.47	31.00	
119.00	102.24	85.65	70.21	60.53	52.80	47.87	43.20	39.38	37.81	36.75	36.00	
123.00	103.57	90.73	78.05	67.65	58.13	51.72	45.97	40.36	36.48	33.00	
102.00	88.50	77.98	67.67	58.23	50.26	45.10	40.29	36.07	33.64	32.00	
111.00	98.30	86.94	76.53	67.47	60.03	53.14	46.63	40.68	35.08	35.00	
109.00	88.44	71.69	56.29	48.22	44.27	40.73	37.32	35.43	34.78	34.27	34.00	
114.00	97.22	81.31	67.25	56.45	49.71	44.74	41.05	37.35	34.52	32.14	32.00	
112.00	98.81	86.06	75.32	65.80	57.50	49.52	42.27	36.12	32.33	32.00	
120.00	105.46	92.23	79.55	68.41	58.20	48.21	39.79	35.38	32.52	31.00	
111.00	99.63	88.85	78.24	68.11	58.92	51.26	45.46	40.04	37.61	36.00	
121.00	105.83	92.25	79.71	67.87	56.97	46.91	36.92	34.76	33.57	32.67	32.00	
121.00	109.31	98.94	88.72	78.78	69.00	59.90	50.99	42.79	34.70	32.10	31.00	
112.00	100.95	90.46	80.57	71.36	62.54	54.17	47.63	42.15	37.87	35.65	34.00	
112.00	97.05	87.36	77.98	68.65	60.18	52.47	45.58	40.10	35.54	33.08	33.00	
101.00	91.51	82.40	74.30	66.58	59.21	53.05	47.53	42.15	38.10	36.00	
122.00	109.41	97.58	85.90	74.54	63.61	54.86	46.51	41.15	36.95	34.49	33.00	
120.00	104.18	90.54	77.87	66.88	59.12	52.01	46.64	42.18	38.30	35.00	
101.00	89.70	78.94	69.94	62.18	54.91	47.83	42.61	38.94	35.94	33.05	33.00	
115.00	101.48	90.43	79.42	69.56	60.24	53.51	47.27	41.81	38.13	36.63	36.00	
109.00	92.89	82.65	74.35	66.30	58.73	51.77	45.67	41.06	37.11	35.13	34.00	
121.00	104.89	89.17	74.00	61.51	53.44	46.52	40.70	38.67	37.21	36.02	35.00	
110.00	94.75	82.47	72.02	61.64	51.90	45.49	41.89	38.36	35.49	35.15	35.00	
120.00	106.87	94.57	83.32	72.73	62.24	52.33	42.44	36.85	34.16	32.46	32.00	
102.00	87.18	78.41	69.80	61.66	56.07	50.62	45.20	40.94	37.34	36.47	36.00	
114.00	100.08	88.22	76.41	65.58	55.09	45.71	37.11	34.07	32.10	31.00	
121.00	97.82	80.50	69.01	58.33	50.00	41.73	37.34	35.42	34.02	34.00	
120.00	107.89	95.88	83.90	71.96	61.09	54.93	49.24	43.83	39.19	34.67	31.00	
122.00	110.34	99.61	89.32	79.83	70.98	62.12	54.59	47.53	40.74	35.04	34.00	
112.00	96.27	84.11	73.17	62.77	54.79	47.20	40.60	34.91	32.77	32.00	
121.00	106.43	92.05	78.02	67.42	58.01	49.44	42.29	36.28	35.39	35.00	
120.00	108.13	96.93	85.74	75.55	65.84	56.93	49.11	42.50	36.18	35.00	
103.00	93.30	84.26	76.26	68.53	61.35	54.65	48.06	43.20	39.83	37.12	35.00	
105.00	88.93	76.43	64.47	52.87	45.33	39.21	34.98	32.59	31.67	31.00	
122.00	106.64	93.60	81.19	69.43	58.30	47.37	41.07	35.19	34.04	33.25	33.00	
103.00	92.10	81.50	72.50	63.63	55.80	48.52	42.98	37.70	34.29	33.00	
104.00	94.74	86.18	77.67	69.36	61.45	54.26	47.14	41.09	36.15	31.38	31.00	
110.00	90.66	77.59	65.87	58.14	51.65	47.50	43.90	40.63	38.22	36.22	36.00	
120.00	104.28	93.27	82.43	71.63	62.84	54.83	48.33	42.32	38.00	33.97	31.00	
111.00	99.53	89.16	78.94	68.99	59.83	51.11	44.24	37.51	34.43	32.64	32.00	
102.00	88.34	77.61	66.95	58.04	51.53	45.10	38.91	35.48	33.53	32.00	
116.00	99.26	83.11	72.75	62.87	53.52	45.18	40.46	37.61	35.13	34.38	34.00	
109.00	94.44	82.09	70.77	61.30	54.15	47.18	41.42	36.60	34.92	33.70	33.00	
107.00	96.04	85.11	74.99	65.36	56.48	48.81	43.19	39.30	37.31	36.00	
112.00	92.38	73.54	61.52	50.79	40.22	33.10	32.09	31.48	31.20	31.00	
123.00	104.89	89.13	78.87	70.36	62.10	54.15	46.61	41.60	36.59	33.46	32.00	
110.00	95.69	83.41	71.22	60.25	50.29	44.41	38.90	34.62	33.13	32.00	
104.00	90.99	78.37	66.40	57.96	50.87	44.54	39.77	35.19	33.16	32.52	32.00	
108.00	90.29	80.00	70.40	61.19	52.19	44.21	38.54	36.62	35.35	35.00	
111.00	93.95	77.78	63.20	50.87	43.68	38.72	36.60	34.68	32.87	31.57	31.00	
103.00	91.57	81.12	71.46	62.73	54.01	45.82	40.10	37.04	34.70	33.00	
105.00	93.58	82.27	71.70	61.81	52.99	48.14	43.63	40.22	37.58	36.63	36.00	
103.00	89.21	79.39	70.46	61.98	54.13	48.61	44.29	39.98	36.60	33.80	31.00	
103.00	90.69	78.82	68.76	61.59	55.07	48.68	44.96	41.69	38.48	36.34	35.00	
120.00	107.22	94.96	83.09	72.32	61.96	52.58	44.60	37.77	33.24	31.03	31.00	
120.00	104.30	92.31	80.66	71.01	62.34	54.28	47.61	41.80	36.02	34.00	
105.00	92.45	81.86	72.09	63.65	55.65	47.91	41.78	36.15	33.31	33.00	
118.00	103.08	88.69	75.90	63.34	50.99	42.20	37.25	34.87	33.38	32.00	
106.00	95.02	84.37	74.02	65.78	58.63	51.68	44.96	39.71	34.51	34.00	
103.00	92.72	82.71	72.83	64.43	56.92	50.30	44.43	38.62	33.61	31.00	
104.00	91.74	80.37	69.89	61.76	54.06	46.42	41.65	37.42	34.30	33.36	33.00	
119.00	105.26	93.10	81.14	70.03	61.12	52.94	47.13	41.95	37.99	34.39	33.00	
118.00	105.56	93.18	82.24	72.18	62.99	53.80	45.32	37.22	33.07	31.00	
122.00	104.00	87.60	76.83	67.05	57.43	49.38	43.76	40.09	37.65	36.00	
115.00	104.16	93.47	82.87	72.88	63.38	55.15	48.07	43.18	38.63	34.50	34.00	
123.00	109.74	96.57	84.62	73.10	62.42	54.33	46.47	39.27	35.26	31.80	31.00	
116.00	98.92	83.46	71.99	61.23	50.96	43.15	35.67	34.69	34.02	34.00	
114.00	98.75	84.50	73.35	62.93	54.44	46.76	41.37	37.38	35.20	33.42	33.00	
117.00	101.19	87.51	75.56	63.94	54.26	46.01	40.78	37.44	34.58	32.70	32.00	
106.00	91.85	80.94	70.58	60.30	51.24	42.97	39.70	37.70	36.73	36.00	
115.00	98.94	87.09	75.34	63.94	53.82	45.84	39.90	34.94	33.59	33.00	
102.00	88.17	74.84	66.73	58.66	51.31	44.08	36.91	35.02	34.22	34.00	
120.00	105.71	91.61	78.97	67.48	57.09	49.83	45.42	41.46	38.05	34.72	34.00	
115.00	100.49	85.97	71.91	61.62	54.47	48.26	42.53	37.56	32.64	32.15	32.00	
107.00	92.50	80.63	69.96	60.08	50.63	44.24	38.32	33.78	32.24	31.00	
109.00	93.68	83.47	74.92	66.66	58.58	51.89	45.28	42.21	39.82	37.66	36.00	
108.00	92.21	79.54	68.16	60.47	53.02	45.69	39.45	36.38	34.31	34.00	
117.00	99.99	85.10	71.51	60.93	52.24	45.40	40.07	36.46	35.32	35.00	
108.00	95.70	84.23	75.88	68.40	61.98	55.99	50.06	44.26	38.77	36.28	34.00	
117.00	101.41	87.46	75.89	66.40	56.99	47.88	39.63	35.41	34.08	33.47	33.00	
104.00	85.52	71.11	61.55	53.57	47.68	41.87	37.46	35.85	34.55	33.58	33.00	
110.00	93.56	78.80	68.15	58.83	52.65	48.68	44.85	41.11	39.05	37.21	36.00	
122.00	106.76	93.97	83.50	73.84	64.50	55.18	47.27	41.19	35.52	33.00	
102.00	88.99	76.23	63.96	56.34	50.59	45.89	41.92	38.28	35.24	34.58	34.00	
111.00	95.87	82.35	69.15	57.02	49.37	43.89	40.78	38.02	35.48	32.94	31.00	
102.00	90.84	79.70	69.84	60.30	52.42	45.36	41.53	37.86	35.15	33.39	33.00	
120.00	106.56	93.27	83.52	74.13	65.92	58.35	51.01	43.92	38.64	34.18	32.00	
107.00	95.12	83.56	72.63	62.03	52.31	45.46	40.62	35.92	34.15	34.00	
106.00	90.84	78.04	65.83	56.94	49.16	41.43	36.84	34.39	33.50	33.00	
115.00	98.47	83.58	73.57	63.72	55.94	50.90	46.21	41.75	38.04	34.45	34.00	
122.00	106.90	94.19	84.21	74.31	64.90	55.51	49.25	43.31	37.96	34.93	32.00	
109.00	95.21	82.07	72.15	63.49	57.07	51.51	46.11	41.81	37.59	33.74	32.00	
122.00	105.71	90.76	77.47	65.33	54.78	45.36	40.74	39.37	38.05	36.83	36.00	
121.00	100.64	81.47	70.48	60.40	53.97	48.13	42.46	39.61	37.42	35.74	35.00	
108.00	96.10	84.32	74.34	65.19	56.83	49.02	41.25	37.98	36.13	35.12	35.00	
120.00	107.93	96.42	85.35	74.81	65.17	56.57	48.46	40.74	34.81	32.75	32.00	
117.00	101.25	88.43	76.95	65.66	55.16	45.85	37.28	35.83	35.02	35.00	
110.00	98.29	88.52	79.95	71.42	63.58	56.38	49.23	42.63	36.77	33.83	31.00	
120.00	99.29	81.05	72.20	63.80	56.42	49.36	43.58	38.20	34.26	32.83	32.00	
116.00	100.64	88.74	78.80	70.43	62.17	54.49	47.50	42.75	38.19	34.00	
108.00	94.35	83.19	73.00	63.03	56.80	51.34	46.56	42.16	38.70	36.00	
103.00	89.84	78.59	67.87	58.06	48.36	38.89	33.63	32.34	31.21	31.00	
120.00	101.25	85.58	75.91	66.74	58.30	51.03	44.23	40.40	37.36	34.83	34.00	
110.00	97.22	85.69	74.16	63.74	54.21	46.37	39.49	36.74	34.42	34.00	
111.00	100.39	90.60	81.13	71.76	62.83	54.57	47.30	41.46	37.69	34.47	34.00	
117.00	97.70	81.39	73.11	65.08	57.60	50.84	44.98	40.61	36.52	33.07	31.00	
101.00	90.49	80.63	72.37	64.62	57.72	51.24	44.79	40.23	36.15	34.00	
123.00	110.82	98.75	86.71	75.28	66.46	58.10	50.93	44.60	38.62	34.23	32.00	
111.00	100.15	89.32	79.59	71.23	63.18	55.93	49.12	43.49	39.40	36.00	
120.00	105.85	91.87	78.04	64.74	56.02	47.37	43.74	40.54	37.97	36.00	
116.00	102.96	90.14	79.92	70.12	60.79	51.60	44.57	38.06	35.03	35.00	
111.00	93.44	77.30	63.84	55.88	50.59	45.88	41.27	37.97	35.10	34.00	
107.00	93.86	83.20	72.90	63.74	54.75	48.83	43.08	39.20	36.13	33.59	32.00	
116.00	100.74	87.59	75.75	64.71	56.57	48.58	42.79	37.14	33.53	31.18	31.00	
116.00	95.55	78.01	69.35	60.71	52.66	45.00	39.86	36.97	34.93	34.25	34.00	
117.00	101.94	87.16	72.92	61.51	53.44	47.89	42.59	37.48	34.03	32.83	32.00	
108.00	89.48	72.76	64.38	56.44	49.94	43.48	37.59	34.70	32.01	31.00	
118.00	101.60	87.98	74.42	62.03	51.48	42.38	37.75	34.20	31.10	31.00	
101.00	88.16	77.01	68.37	60.38	52.90	46.77	42.36	38.40	36.44	34.79	34.00	
118.00	102.69	89.42	77.29	67.55	57.81	48.77	43.07	37.80	35.02	32.49	32.00	
103.00	88.68	75.85	63.86	52.63	44.22	40.07	37.67	35.29	33.19	33.00	
113.00	96.56	82.71	69.59	58.22	47.46	37.02	32.87	31.65	31.23	31.00	
102.00	89.83	77.67	65.75	55.60	46.80	41.52	39.22	37.64	36.29	36.00	
101.00	90.94	81.19	72.12	64.48	57.38	50.45	46.12	41.81	38.33	36.21	36.00	
102.00	90.63	79.94	69.70	60.19	52.78	46.80	41.59	37.75	34.74	32.00	
123.00	109.35	95.79	83.16	71.13	59.49	49.80	41.91	38.32	34.83	32.62	31.00	
104.00	91.87	80.36	70.38	61.15	52.03	43.45	38.59	35.05	32.93	31.00	
115.00	102.49	92.51	82.78	74.26	66.69	59.88	53.79	47.93	42.20	36.65	32.00	
109.00	91.51	78.00	64.87	54.15	45.82	40.69	38.69	36.94	35.43	34.52	34.00	
122.00	106.74	92.85	79.62	68.75	59.13	50.98	43.24	37.43	33.48	31.00	
102.00	90.22	78.81	70.53	63.12	55.96	49.94	43.92	38.23	34.71	33.67	33.00	
110.00	99.40	88.79	78.64	68.86	61.01	53.94	47.15	40.94	35.50	31.00	
110.00	94.88	81.15	68.71	59.70	51.80	46.15	40.63	37.48	36.14	35.54	35.00	
117.00	102.45	89.51	79.11	70.49	62.83	56.26	49.90	44.26	39.24	35.39	33.00	
122.00	107.70	93.85	81.00	68.66	57.62	47.62	38.08	33.39	31.26	31.00	
121.00	98.48	83.66	70.37	60.16	52.32	45.50	39.62	35.08	34.05	34.00	
107.00	95.15	83.50	72.17	62.20	52.83	43.83	38.46	35.38	33.23	33.09	33.00	
102.00	92.38	82.91	74.37	66.43	59.55	53.37	48.16	43.25	38.44	33.74	32.00	
115.00	98.54	84.51	72.93	61.59	53.19	45.36	39.64	35.48	31.62	31.00	
113.00	97.16	83.72	72.99	62.86	53.25	46.15	40.35	34.87	32.23	32.00	
113.00	99.46	87.01	76.74	66.58	57.09	47.96	43.70	39.52	36.42	33.97	33.00	
101.00	90.12	80.78	72.14	63.99	56.23	48.63	42.52	38.35	35.68	33.93	33.00	
122.00	110.16	99.25	88.98	78.92	68.88	59.97	51.26	43.24	35.78	33.83	33.00	
101.00	90.35	80.07	70.72	62.33	55.04	49.70	45.46	42.71	39.99	37.91	36.00	
119.00	103.87	90.71	79.62	69.44	60.78	52.77	45.66	41.13	36.66	33.00	
101.00	88.32	77.61	67.30	59.41	52.49	45.67	38.98	34.94	31.46	31.00	
120.00	105.40	92.40	81.69	72.43	65.17	58.00	51.39	45.37	40.20	36.25	35.00	
111.00	97.37	84.23	71.80	60.21	50.70	43.62	38.02	34.94	33.67	33.00	
114.00	97.32	82.54	71.99	62.63	55.14	48.94	43.77	38.76	36.38	35.23	35.00	
107.00	95.88	86.20	76.61	67.23	58.17	52.25	46.83	42.46	38.27	35.00	
103.00	89.87	76.80	64.92	57.58	50.28	44.51	41.23	38.01	35.61	33.45	33.00	
116.00	102.87	89.93	78.44	68.57	58.99	49.89	40.92	36.65	34.20	32.36	32.00	
102.00	91.59	81.19	72.85	64.73	56.81	48.93	42.88	38.18	35.39	35.00	
123.00	106.71	90.80	76.58	64.00	55.94	48.57	42.22	39.13	36.93	35.00	
114.00	98.97	84.33	70.18	58.42	47.30	37.28	33.65	32.40	31.41	31.00	
118.00	101.08	88.54	76.21	65.45	55.78	48.09	41.86	37.76	35.53	34.07	34.00	
114.00	99.74	87.98	76.47	66.59	57.49	48.97	41.74	35.44	33.39	32.20	32.00	
109.00	91.67	75.11	59.14	48.31	42.09	38.23	35.85	35.06	34.40	34.00	
102.00	91.53	82.18	74.03	66.38	58.93	51.58	46.31	41.92	37.81	35.00	
105.00	90.44	76.49	64.68	53.94	45.59	40.65	37.58	35.73	34.01	33.00	
114.00	99.92	87.10	74.48	62.16	53.24	44.47	39.82	36.23	33.14	32.00	
120.00	106.83	94.30	82.56	71.62	62.30	53.61	46.27	40.36	36.22	32.98	31.00	
119.00	106.37	95.22	84.26	73.34	63.64	54.98	46.38	41.92	37.47	35.03	33.00	
118.00	100.86	85.79	71.44	61.18	51.56	43.57	38.91	34.97	32.47	32.00	
101.00	88.70	78.23	68.57	59.90	52.71	46.51	41.44	38.47	36.22	35.00	
112.00	98.60	85.97	73.83	61.85	54.69	48.96	43.82	39.61	36.43	33.42	33.00	
107.00	92.44	78.44	64.46	56.22	49.94	43.77	40.12	38.84	37.62	36.65	36.00	
123.00	107.47	92.02	78.19	64.46	54.29	46.11	40.06	34.09	33.43	33.00	
117.00	105.14	94.51	84.30	75.12	66.40	58.69	51.40	44.59	38.39	34.44	31.00	
111.00	94.82	82.62	71.07	59.70	51.65	45.87	41.65	38.25	34.89	32.57	32.00	
114.00	97.29	85.04	75.32	66.23	57.77	50.51	43.37	36.95	33.57	32.74	32.00	
120.00	105.34	93.27	82.60	72.26	62.80	53.92	45.18	38.11	34.41	32.00	
123.00	106.79	93.07	80.11	69.41	60.01	51.82	43.85	37.63	35.49	35.00	
103.00	83.33	64.54	57.54	51.72	47.55	43.38	40.20	38.03	35.95	34.00	
109.00	95.37	81.86	72.78	64.50	56.37	49.81	43.79	38.82	34.32	32.95	32.00	
105.00	91.73	80.55	69.91	61.29	53.53	46.92	41.44	36.31	35.58	35.24	35.00	
112.00	100.37	89.53	78.97	68.54	60.04	51.98	44.05	37.07	32.05	31.13	31.00	
112.00	100.04	88.38	78.68	69.10	59.69	51.32	45.33	39.76	37.65	36.00	
112.00	96.05	82.68	69.50	61.81	55.17	48.74	43.64	38.85	36.49	36.00	
118.00	104.94	92.73	83.31	74.07	65.52	57.76	50.35	43.92	38.12	33.21	32.00	
117.00	98.25	81.09	67.70	59.76	51.93	45.83	40.41	35.09	33.04	31.00	
113.00	101.63	91.03	80.50	71.25	62.24	53.99	46.83	42.95	39.15	35.67	33.00	
101.00	85.59	70.90	57.06	45.78	37.89	35.33	33.35	32.18	31.56	31.00	
116.00	105.11	94.35	84.35	74.40	65.12	56.77	48.74	41.37	34.21	32.00	
122.00	108.44	96.70	85.37	75.00	64.99	56.16	49.74	45.86	42.07	38.67	36.00	
115.00	100.41	86.42	72.76	62.13	52.15	46.34	42.61	40.18	38.49	37.01	36.00	
123.00	108.68	94.69	83.99	73.57	63.40	53.77	45.24	40.78	37.42	35.56	35.00	
119.00	101.50	84.07	68.00	58.18	50.39	43.39	37.89	34.90	32.83	32.00	
111.00	98.39	86.40	76.01	68.64	61.61	54.71	48.44	42.61	36.94	35.00	
110.00	93.58	81.78	70.70	60.83	52.94	48.69	45.00	41.72	38.50	36.03	36.00	
114.00	101.78	89.69	78.35	68.02	59.51	52.00	45.85	41.22	36.96	36.39	36.00	
113.00	99.95	87.45	75.65	64.83	54.51	47.76	42.38	37.33	32.89	31.18	31.00	
123.00	108.17	94.48	80.86	67.66	55.31	49.23	43.93	39.41	35.15	33.00	
115.00	103.22	92.55	82.59	72.91	63.88	55.30	48.10	43.32	39.05	34.87	31.00	
108.00	95.64	83.32	71.14	61.33	53.83	46.40	41.38	36.60	32.83	31.83	31.00	
117.00	104.01	92.46	81.63	71.37	61.96	52.57	43.63	38.24	34.36	31.00	
116.00	104.52	93.40	83.71	74.09	64.90	57.44	52.15	46.92	42.26	37.68	34.00	
113.00	100.24	88.19	76.33	64.66	54.93	47.50	41.44	37.29	34.62	32.00	
108.00	95.50	83.11	71.44	62.86	55.73	49.29	44.38	39.49	37.04	35.00	
122.00	106.62	92.27	78.40	66.85	57.63	48.43	43.73	39.35	36.84	35.08	35.00	
112.00	95.83	83.18	70.70	58.98	48.69	44.13	39.68	37.11	36.37	36.00	
120.00	106.89	94.98	84.27	74.46	64.69	55.83	48.89	42.12	36.65	35.00	
122.00	108.15	94.55	82.09	70.35	60.37	51.68	45.98	40.85	36.92	36.00	
105.00	90.45	77.81	66.64	55.70	46.86	39.50	35.34	32.63	31.22	31.00	
105.00	87.89	75.38	63.34	54.72	50.81	47.32	43.89	40.58	38.45	36.51	36.00	
111.00	97.33	84.97	73.66	63.06	54.06	46.55	40.84	36.20	33.35	33.00	
120.00	106.83	94.07	81.72	71.49	61.88	52.48	44.44	40.27	36.47	36.00	
117.00	105.15	93.36	81.72	71.22	62.61	54.56	46.80	41.71	37.60	33.50	33.00	
104.00	94.76	86.47	78.80	71.28	63.79	57.10	51.57	46.52	42.07	37.98	36.00	
102.00	90.25	78.65	67.07	57.51	49.55	42.84	39.08	36.78	36.28	36.00	
107.00	94.08	82.00	70.77	60.73	52.59	44.48	38.36	36.75	35.62	35.00	
107.00	93.51	81.20	69.42	60.77	53.11	46.33	40.82	38.53	36.59	34.91	34.00	
108.00	92.89	78.49	64.27	50.11	44.87	40.10	38.06	36.09	34.17	32.74	32.00	
118.00	100.77	85.34	70.34	58.25	47.18	38.92	36.76	35.04	33.53	32.72	32.00	
104.00	92.71	81.93	72.77	64.55	57.65	51.33	45.75	40.35	35.53	31.00	
101.00	88.55	77.81	68.21	60.45	53.36	48.02	43.04	39.25	36.29	33.34	33.00	
106.00	92.46	80.10	68.08	56.78	51.49	46.73	42.04	37.90	34.16	31.00	
110.00	96.42	85.36	74.68	66.14	57.76	50.15	44.13	39.93	36.92	34.00	
101.00	90.49	80.58	71.71	64.05	57.43	51.43	46.36	41.39	36.90	33.41	33.00	
122.00	104.84	89.09	75.98	63.56	54.27	46.75	39.45	34.97	34.40	34.00	
115.00	102.73	90.46	81.21	71.97	62.92	54.23	47.27	42.27	37.40	34.54	32.00	
123.00	105.94	89.14	76.39	67.00	58.50	51.68	45.83	40.86	37.68	36.00	35.00	
108.00	88.98	76.50	65.82	56.57	50.02	43.94	39.53	35.98	32.71	32.00	
101.00	87.26	75.76	65.85	56.57	49.64	43.57	40.21	37.51	34.93	33.25	32.00	
116.00	92.60	77.32	70.00	63.70	57.73	52.18	48.12	44.66	41.36	38.17	35.00	
101.00	90.02	79.14	70.76	63.37	57.57	52.03	46.63	42.22	38.74	35.78	33.00	
115.00	105.43	95.90	86.67	77.69	68.92	61.05	53.77	47.85	41.99	36.15	33.00	
118.00	102.39	87.20	73.01	64.41	58.33	52.33	46.43	40.54	36.54	33.00	
107.00	93.17	80.34	71.28	62.39	55.49	49.23	44.07	39.09	36.44	36.00	
112.00	99.99	89.90	80.28	70.70	61.93	53.25	45.17	39.87	36.37	33.16	31.00	
107.00	94.23	81.96	69.69	58.59	50.49	43.55	38.57	33.73	32.58	32.00	
120.00	103.49	87.10	75.92	65.26	54.95	47.18	39.78	34.14	32.25	31.00	
102.00	86.88	74.49	65.89	59.52	53.22	47.06	41.91	38.51	36.61	34.79	33.00	
105.00	91.10	80.11	69.41	61.66	54.51	48.94	44.34	40.27	37.38	36.00	
111.00	94.55	80.31	66.70	55.60	47.31	39.98	35.28	33.32	32.43	32.00	
103.00	90.08	80.08	70.89	63.38	56.13	50.58	45.22	40.68	37.13	36.23	36.00	
114.00	96.34	81.09	66.71	55.58	49.91	44.57	39.70	36.15	36.06	36.00	
111.00	95.28	82.26	70.45	60.88	52.11	45.40	39.09	34.65	32.66	31.00	
109.00	90.33	74.90	63.21	54.78	48.75	43.78	40.22	37.27	35.30	35.00	
113.00	101.63	90.97	81.41	72.34	63.29	54.38	46.61	42.12	39.01	36.30	36.00	
107.00	85.48	73.85	63.91	56.05	48.56	43.05	38.86	35.11	31.37	31.00	
103.00	93.51	84.68	76.61	69.02	61.46	54.43	47.79	41.55	35.56	33.42	33.00	
119.00	106.46	94.27	83.14	73.22	64.00	56.47	50.10	44.30	38.93	34.67	32.00	
109.00	94.74	80.83	68.32	57.74	48.14	41.24	38.53	36.07	34.74	34.00	
114.00	98.74	85.94	73.88	62.22	52.66	44.96	40.94	37.51	36.10	36.00	
106.00	93.31	80.73	69.82	58.99	48.69	41.67	36.08	33.72	32.86	32.00	
114.00	99.63	86.49	74.00	63.81	55.38	48.29	42.51	37.55	36.64	36.00	
104.00	91.84	80.01	68.32	57.97	48.79	44.15	39.97	36.36	35.32	34.47	34.00	
104.00	90.90	81.83	74.06	66.54	59.47	52.44	46.04	40.70	37.90	36.00	
117.00	103.61	91.12	78.84	69.21	60.87	53.93	47.20	41.41	38.17	35.02	32.00	
101.00	89.14	78.28	69.33	61.29	54.30	48.25	42.65	37.27	33.60	33.00	
112.00	97.97	85.11	72.57	62.22	51.89	42.53	35.33	31.50	31.01	31.00	
101.00	89.46	78.37	68.70	59.24	51.51	44.44	37.55	35.56	33.73	33.00	
110.00	94.74	82.33	71.84	64.43	58.19	52.11	46.32	40.72	35.15	33.46	32.00	
101.00	88.58	77.72	67.34	57.98	51.54	46.79	42.61	38.65	36.18	34.76	34.00	
102.00	88.82	76.00	65.23	55.07	46.06	39.79	35.43	32.64	31.03	31.00	
111.00	99.06	87.48	76.10	67.84	60.04	53.09	46.49	39.99	37.82	36.00	
101.00	90.54	80.93	71.59	62.47	54.78	48.01	42.60	37.27	32.82	32.16	32.00	
108.00	95.45	83.50	73.22	65.62	58.33	51.38	45.55	39.88	35.80	33.00	
108.00	97.48	87.64	77.87	68.68	60.05	53.89	47.89	43.72	40.02	37.40	35.00	
110.00	97.54	86.23	75.06	66.24	58.52	51.92	45.81	40.36	35.03	33.00	31.00	
101.00	87.74	77.18	66.83	60.08	54.26	49.71	45.35	41.00	37.22	35.67	35.00	
119.00	92.10	72.87	60.25	51.45	45.91	41.14	39.23	37.60	36.09	34.65	34.00	
120.00	107.26	95.94	86.45	77.31	69.17	61.63	54.63	47.76	42.00	36.33	34.00	
121.00	105.27	90.20	78.19	67.45	57.95	49.00	42.67	38.51	35.74	34.06	34.00	
119.00	98.70	79.01	69.32	59.75	51.34	43.13	37.83	35.01	32.67	31.00	
113.00	99.60	86.92	76.69	67.67	58.74	52.01	47.24	42.50	37.88	36.00	
121.00	107.87	94.77	82.06	72.07	62.25	52.84	44.79	38.95	33.58	31.00	
123.00	109.38	95.94	82.70	72.84	63.08	54.04	46.93	42.03	38.33	35.72	35.00	
119.00	106.04	93.79	81.96	70.79	59.73	52.80	46.65	41.04	38.03	35.44	35.00	
108.00	91.43	76.36	65.79	55.62	48.72	41.86	37.86	35.62	34.59	34.00	
107.00	96.16	87.69	79.28	71.52	64.22	57.58	51.09	46.02	41.60	37.95	35.00	
116.00	102.88	89.94	78.47	67.20	57.36	48.45	42.06	38.61	35.81	33.44	33.00	
116.00	103.47	92.64	82.85	74.02	66.21	58.73	52.06	46.92	42.54	38.60	36.00	
109.00	97.36	85.95	74.85	64.62	56.66	50.14	44.15	38.29	33.16	33.00	
121.00	106.03	91.58	77.16	65.42	57.19	51.53	46.32	41.24	37.40	35.00	
118.00	101.43	86.89	72.85	59.39	47.52	40.92	34.37	32.23	31.48	31.12	31.00	
108.00	92.22	78.16	66.60	58.71	51.30	46.35	42.32	38.38	35.05	34.26	34.00	
123.00	107.23	91.55	77.70	66.12	57.21	48.41	42.07	38.21	37.00	36.00	
119.00	100.20	84.63	74.11	63.63	54.92	46.79	41.32	38.95	36.97	35.00	
118.00	104.61	91.30	78.48	65.87	54.19	45.54	40.11	34.67	31.95	31.00	
115.00	103.54	92.56	83.24	74.29	65.69	57.21	49.15	42.98	37.37	32.32	32.00	
115.00	103.26	91.82	80.41	70.94	62.81	55.73	48.94	42.46	36.46	31.41	31.00	
108.00	95.02	82.34	69.67	60.47	52.02	46.05	41.36	37.83	34.32	33.36	33.00	
119.00	101.43	89.62	78.01	66.64	57.33	49.46	42.58	36.39	33.28	33.09	33.00	
103.00	91.37	80.35	69.52	60.23	50.96	44.95	39.26	34.42	32.65	32.00	
119.00	106.04	93.58	81.92	70.49	62.48	54.92	47.49	40.43	36.04	36.00	
119.00	103.11	88.53	76.90	65.33	58.26	51.41	45.18	40.81	37.28	34.07	31.00	
119.00	102.41	89.38	78.52	68.52	59.26	50.58	42.16	37.84	33.98	31.87	31.00	
122.00	101.23	84.08	71.87	60.41	50.51	44.75	40.12	36.57	34.26	32.00	
110.00	94.66	84.78	75.81	67.43	59.75	53.16	47.88	42.80	38.17	33.93	33.00	
103.00	91.75	81.30	71.26	63.39	55.86	49.56	43.44	39.19	35.36	32.78	31.00	
101.00	89.30	78.44	67.83	59.38	50.98	43.72	37.16	33.49	32.21	31.00	
116.00	102.04	88.10	74.47	62.31	56.46	51.43	47.08	42.92	39.28	36.00	
104.00	91.18	79.31	68.04	59.24	51.68	44.36	39.26	36.13	34.37	33.00	
101.00	90.90	81.18	71.48	63.50	55.95	48.72	42.67	37.21	32.47	31.00	
113.00	101.02	90.20	80.41	71.02	61.66	52.89	44.39	36.27	33.10	31.00	
105.00	92.44	81.16	70.83	61.71	53.97	47.64	43.12	39.00	36.28	34.71	34.00	
109.00	95.27	82.05	71.93	64.50	57.42	50.98	44.77	39.11	34.63	34.00	
115.00	99.48	85.30	73.80	64.61	57.03	50.45	44.77	39.17	34.70	32.69	31.00	
102.00	88.72	76.63	65.18	56.32	50.05	44.29	39.51	36.80	34.91	33.35	32.00	
113.00	102.59	92.48	82.88	73.85	65.89	58.57	51.61	44.94	39.77	35.72	35.00	
102.00	92.33	82.89	73.53	64.82	57.90	52.20	46.63	41.21	35.83	32.86	32.00	
121.00	105.18	90.85	78.75	66.97	57.82	50.26	42.85	38.38	36.36	35.10	34.00	
123.00	106.38	91.16	77.95	67.30	57.17	49.14	42.81	38.95	36.27	34.00	
108.00	95.57	83.47	73.79	64.73	56.35	48.31	41.38	36.20	32.90	32.00	
110.00	97.35	85.74	75.59	65.84	57.18	49.70	43.68	40.73	38.51	36.48	36.00	
106.00	93.94	83.15	72.70	62.88	55.50	48.83	42.52	36.40	32.57	31.23	31.00	
123.00	101.27	87.93	75.51	63.62	51.95	46.31	40.86	37.49	36.56	36.00	
106.00	94.35	84.76	75.25	67.04	59.67	53.35	47.78	43.07	38.49	34.00	
122.00	104.87	92.33	81.03	69.83	58.97	52.19	46.92	42.71	39.27	36.26	35.00	
115.00	97.04	79.81	62.95	54.01	47.57	43.25	39.03	35.86	33.30	33.00	
103.00	92.11	81.56	71.48	63.36	55.30	48.25	41.75	36.25	35.10	35.00	
101.00	85.86	71.55	58.58	48.37	42.34	37.17	35.52	34.12	33.06	33.00	
121.00	104.40	88.60	74.17	65.05	56.37	48.80	42.84	38.94	35.05	34.00	
113.00	102.43	91.98	81.94	72.28	62.73	54.54	46.72	41.62	38.56	36.00	
104.00	92.32	80.86	70.52	60.83	51.23	44.41	38.23	34.53	32.13	31.00	
119.00	106.04	93.35	81.00	68.92	57.38	49.38	41.70	39.12	36.83	36.00	
118.00	99.95	85.63	74.45	64.18	55.13	47.45	40.61	34.36	32.11	31.00	
113.00	100.70	89.61	78.55	69.43	60.92	52.65	45.93	39.74	34.73	31.86	31.00	
122.00	103.72	86.56	70.88	60.19	52.25	45.15	39.61	35.64	33.24	32.06	31.00	
104.00	90.29	77.35	69.06	61.10	53.17	46.31	39.51	33.68	32.10	31.00	
107.00	96.64	86.52	76.64	67.46	58.55	50.67	43.83	39.66	36.08	33.87	32.00	
121.00	106.79	93.57	80.42	68.22	58.97	51.13	43.34	37.34	35.72	34.20	33.00	
122.00	109.04	96.25	83.56	71.27	61.79	52.43	44.58	37.30	34.56	33.00	
106.00	92.67	82.21	71.89	61.59	54.21	48.56	43.40	39.87	37.34	35.75	35.00	
121.00	107.72	95.16	83.26	73.00	63.40	55.05	48.18	41.82	35.98	34.00	
107.00	94.37	82.78	72.52	62.71	54.17	48.75	43.70	39.24	37.32	35.73	35.00	
101.00	89.99	79.02	69.79	61.97	54.44	47.88	41.53	37.76	34.32	33.54	33.00	
114.00	97.26	82.04	70.98	60.58	52.33	44.29	37.14	34.84	33.54	32.44	32.00	
106.00	92.91	80.15	68.50	59.74	51.45	43.48	40.26	37.99	35.81	34.00	
119.00	104.69	90.64	77.85	66.12	56.64	47.90	41.93	38.02	34.33	31.00	
103.00	89.45	77.44	67.90	59.25	51.31	43.92	38.21	35.54	34.08	34.00	
119.00	98.38	78.89	60.34	51.07	45.36	40.92	36.88	33.56	32.39	32.00	
104.00	92.64	82.02	72.86	63.87	56.64	49.83	43.52	38.17	33.34	32.26	32.00	
111.00	92.20	76.13	63.22	50.47	42.48	39.70	37.16	36.71	36.27	36.00	
111.00	101.18	91.51	82.62	73.96	66.94	60.07	54.15	48.48	43.39	39.38	36.00	
105.00	87.89	72.93	59.70	51.78	45.54	42.24	39.15	36.22	33.50	31.00	
101.00	83.46	69.42	58.96	51.07	43.39	39.00	36.51	34.42	32.78	32.00	
104.00	92.79	83.22	73.74	65.10	57.57	50.68	44.03	37.42	35.24	34.19	34.00	
103.00	92.32	81.74	71.44	63.63	56.16	48.90	42.53	38.49	34.54	31.04	31.00	
103.00	89.28	81.07	73.37	65.70	58.25	51.27	45.56	40.66	36.50	36.00	
109.00	95.23	84.06	72.91	62.02	54.12	47.76	42.70	37.71	33.10	32.00	
101.00	87.44	74.55	65.43	57.16	50.19	43.97	39.48	36.89	35.45	34.44	34.00	
117.00	103.84	90.73	78.95	67.48	58.00	49.55	42.18	35.23	32.07	31.00	
109.00	96.33	85.45	75.26	65.91	58.61	51.68	45.69	39.87	36.19	33.00	
103.00	89.09	76.14	65.54	56.61	48.33	43.49	39.28	37.49	36.29	36.00	
122.00	105.22	90.18	75.25	62.79	52.82	44.23	40.41	37.32	35.38	35.00	
108.00	93.95	81.75	70.00	61.05	52.61	45.70	42.54	39.45	37.16	34.97	33.00	
104.00	92.89	82.04	72.18	62.46	53.20	44.90	38.46	37.21	36.04	35.26	35.00	
112.00	102.20	92.76	84.15	76.01	68.24	60.87	53.69	46.62	41.42	37.06	35.00	
108.00	93.72	80.79	72.41	64.70	57.74	51.42	45.52	39.89	35.41	32.00	
119.00	101.25	87.95	75.02	62.83	52.19	43.83	40.66	38.19	36.36	35.00	
109.00	89.72	78.86	71.62	64.68	57.87	52.05	47.17	42.57	38.61	35.19	35.00	
122.00	102.31	85.67	71.43	58.87	50.95	44.57	39.98	35.46	33.15	31.00	
111.00	91.85	74.42	61.55	54.57	48.91	44.10	39.64	37.65	36.55	35.51	35.00	
106.00	92.21	78.64	67.18	58.63	50.59	43.96	38.28	33.10	31.30	31.00	
112.00	98.61	85.42	72.42	62.55	55.45	48.74	43.13	39.54	36.30	34.21	34.00	
111.00	99.77	89.97	80.90	72.25	63.81	56.04	48.84	43.19	38.56	35.63	35.00	
112.00	92.31	74.75	57.98	52.56	47.35	42.67	38.46	35.52	33.02	32.00	
120.00	107.82	96.57	85.43	74.31	65.02	56.23	50.10	45.77	42.04	38.69	36.00	
122.00	107.57	93.74	79.96	66.32	55.80	49.85	44.07	40.98	38.09	35.28	34.00	
119.00	103.30	89.16	75.16	62.90	54.38	46.80	39.42	35.70	33.13	31.00	
112.00	102.10	92.31	83.00	74.25	65.58	58.30	51.12	43.94	37.02	34.01	31.00	
106.00	92.21	78.58	67.46	58.62	49.81	43.82	38.19	34.11	31.17	31.00	
114.00	99.86	86.08	73.76	64.66	55.65	47.07	42.82	38.65	35.09	33.00	
123.00	106.17	92.43	81.42	70.94	62.14	53.51	46.48	40.61	36.17	33.00	
117.00	105.69	95.79	86.05	76.84	67.93	59.26	51.68	44.71	39.73	37.70	36.00	
116.00	97.80	84.64	71.62	59.34	50.06	43.51	37.27	33.23	31.68	31.00	
123.00	104.96	91.79	79.98	69.68	60.82	52.62	45.88	39.23	35.77	33.56	33.00	
111.00	92.20	75.10	60.11	53.63	48.40	43.34	38.85	35.30	32.60	31.00	
119.00	102.58	87.23	74.11	64.12	54.38	46.44	41.68	39.70	38.35	37.02	36.00	
104.00	92.35	80.71	70.25	60.63	51.58	45.97	40.52	38.21	36.46	36.00	
120.00	108.34	96.79	85.65	75.27	64.93	57.52	50.82	44.22	38.88	34.99	33.00	
102.00	87.54	74.05	61.47	50.79	44.49	39.91	36.42	33.30	32.35	31.63	31.00	
111.00	94.86	79.41	64.66	55.83	48.24	40.91	36.86	34.95	33.11	33.00	
108.00	96.65	85.92	76.10	67.40	60.26	53.38	47.20	41.77	37.54	34.41	34.00	
111.00	96.29	82.67	72.27	63.84	57.58	51.86	46.59	41.40	36.23	33.13	33.00	
121.00	106.51	93.89	82.87	72.02	61.62	51.41	41.64	37.05	36.38	36.00	
103.00	91.50	80.68	69.99	59.63	49.37	41.33	35.21	31.90	31.11	31.00	
113.00	100.19	88.29	77.07	67.48	58.52	49.90	43.92	38.92	35.94	35.00	
108.00	91.74	77.34	65.01	57.57	51.16	45.62	41.24	37.66	35.48	34.00	
117.00	101.41	89.39	78.01	66.90	55.92	48.06	40.71	36.27	33.99	32.24	31.00	
120.00	105.60	91.74	78.71	66.42	57.92	49.60	41.39	34.50	32.97	32.00	
113.00	95.23	80.92	68.53	58.62	50.61	42.92	39.34	36.71	34.69	34.32	34.00	
121.00	105.15	89.35	75.10	62.44	52.10	44.71	39.85	36.19	33.37	31.00	
118.00	102.50	89.64	79.08	68.99	59.43	50.19	41.60	35.53	33.06	31.00	
103.00	93.24	83.73	75.24	67.10	59.15	51.68	44.56	38.04	34.56	33.00	
112.00	96.99	83.25	71.55	62.05	55.00	48.32	42.41	38.74	35.11	34.00	
115.00	103.19	92.02	80.96	71.22	62.19	54.34	47.30	41.54	37.23	33.90	31.00	
121.00	107.32	93.68	83.70	74.17	66.68	59.47	52.48	46.01	40.56	35.69	34.00	
122.00	110.29	99.02	88.10	78.59	69.50	61.51	54.16	47.23	41.40	36.51	32.00	
114.00	98.01	87.01	76.11	65.80	58.48	51.20	44.77	38.55	37.06	35.78	35.00	
111.00	91.89	80.46	69.79	61.92	54.33	47.27	41.43	36.17	34.14	34.00	
110.00	99.31	88.76	78.29	69.93	62.37	55.45	48.61	42.75	37.43	33.29	31.00	
104.00	90.45	77.18	66.31	58.49	51.72	47.15	42.62	38.54	35.46	34.00	
104.00	91.36	79.13	68.80	58.78	51.98	46.17	42.29	39.08	36.94	35.05	34.00	
122.00	104.41	89.82	80.03	71.14	62.48	55.16	48.79	42.84	37.85	34.27	32.00	
117.00	100.95	85.61	73.11	60.86	54.23	47.69	41.78	36.05	34.65	33.30	32.00	
117.00	98.81	83.95	70.85	60.83	55.40	50.64	46.08	41.92	38.56	36.91	36.00	
119.00	102.69	86.75	71.18	62.14	54.35	46.86	42.32	38.94	36.36	35.28	35.00	
104.00	91.55	79.69	69.62	60.52	54.72	49.39	44.10	39.43	35.09	31.00	
113.00	101.20	90.10	79.77	69.82	60.68	51.64	43.65	41.17	38.79	36.78	36.00	
111.00	99.04	87.33	75.80	64.71	54.41	45.70	40.94	37.67	35.02	33.00	
112.00	98.66	85.74	72.82	62.35	52.06	42.62	36.06	33.88	32.11	31.00	
114.00	101.59	90.05	80.22	70.52	63.58	56.71	50.94	45.34	41.89	38.64	36.00	
120.00	106.82	93.94	82.27	71.85	63.34	56.57	50.25	44.34	39.50	35.00	
111.00	99.23	87.64	76.05	64.75	54.56	45.30	40.30	35.37	32.59	31.00	
104.00	90.56	79.07	68.83	59.72	51.84	46.46	41.58	37.23	33.83	32.00	
117.00	102.58	88.67	74.77	62.27	53.97	48.55	43.35	40.15	37.08	34.39	32.00	
113.00	98.71	86.93	75.35	65.99	58.51	51.26	45.10	41.18	38.20	36.00	35.00	
118.00	103.88	89.78	78.34	66.92	56.47	48.60	42.32	37.48	34.28	32.45	31.00	
118.00	104.37	91.83	80.27	69.43	59.86	52.29	45.03	38.25	36.56	35.18	35.00	
104.00	93.48	83.60	75.46	68.23	62.41	56.78	51.22	46.01	41.14	37.48	34.00	
102.00	87.79	74.67	66.40	59.44	52.80	46.53	42.24	38.47	35.53	34.00	
117.00	103.97	91.85	80.73	69.93	59.61	51.87	44.94	39.70	35.59	33.00	
116.00	103.45	91.18	80.72	70.72	61.52	53.41	45.52	39.23	36.00	34.00	
111.00	97.72	86.02	74.39	63.58	55.79	50.03	44.29	39.52	36.60	34.00	
106.00	92.59	79.91	68.14	56.40	47.06	39.40	35.94	34.29	34.02	34.00	
119.00	99.78	84.27	72.27	64.12	57.04	50.47	45.27	41.35	37.59	36.00	35.00	
103.00	87.59	75.03	65.60	57.55	50.75	44.89	40.49	37.10	35.57	35.13	35.00	
108.00	99.23	90.81	82.66	74.73	67.08	59.51	52.46	46.58	41.33	37.73	36.00	
109.00	92.98	83.45	74.29	66.50	60.01	53.69	47.65	42.63	37.76	33.86	32.00	
107.00	94.00	81.73	72.23	64.14	56.41	50.02	45.48	41.93	38.69	35.71	34.00	
117.00	103.89	90.83	77.84	66.35	58.62	51.44	44.76	38.48	36.34	36.00	
114.00	103.24	93.85	84.50	75.65	67.27	58.95	50.68	43.19	38.16	36.00	
118.00	101.09	85.97	72.03	63.82	55.75	48.87	44.33	40.50	37.09	34.00	
112.00	94.72	81.76	69.26	58.70	50.19	44.36	39.12	35.35	32.27	32.00	
113.00	97.80	87.27	77.59	68.12	61.09	54.48	48.06	42.51	37.09	34.12	34.00	
106.00	93.83	82.02	70.94	60.22	51.71	45.12	41.59	38.66	36.00	35.00	
108.00	94.90	83.85	73.41	64.62	56.05	50.28	46.16	42.42	38.77	36.00	
106.00	92.33	78.81	67.20	60.11	53.58	47.36	41.98	37.58	34.74	32.33	31.00	
117.00	104.32	91.90	80.17	69.97	60.35	53.98	48.29	42.77	37.90	35.00	
118.00	102.54	87.91	74.38	61.18	52.93	46.36	40.59	37.68	35.42	34.00	
106.00	92.80	82.26	71.77	64.12	56.76	50.47	44.64	39.80	36.11	33.16	31.00	
118.00	95.52	79.25	63.09	48.68	44.55	41.99	39.57	38.10	36.92	36.00	
110.00	96.47	87.50	78.55	70.11	62.82	55.93	49.98	44.17	38.68	33.77	32.00	
111.00	97.87	87.09	77.72	69.00	60.43	53.37	47.34	41.58	38.24	35.00	
102.00	84.76	67.70	57.76	50.43	44.52	38.71	35.21	31.92	31.22	31.00	
115.00	99.87	87.40	77.21	67.38	58.96	53.21	48.01	42.88	38.31	36.00	
109.00	94.55	83.98	74.04	64.60	55.67	48.98	43.38	39.25	36.10	33.69	32.00	
108.00	95.18	83.08	73.58	65.24	56.95	49.23	43.61	38.56	35.32	33.00	
117.00	101.89	89.70	78.52	67.81	58.75	50.47	44.99	39.52	35.87	32.57	32.00	
123.00	109.26	96.55	84.10	71.91	60.44	52.65	45.34	38.80	34.72	32.47	31.00	
117.00	102.06	89.45	77.08	65.78	54.95	47.37	40.55	36.32	32.25	31.52	31.00	
109.00	97.60	87.04	76.71	69.34	62.33	56.36	50.81	45.95	41.13	36.53	34.00	
118.00	100.69	87.38	77.53	68.12	59.85	52.16	44.92	39.32	34.79	32.53	32.00	
103.00	91.43	79.94	70.69	62.05	53.45	46.87	40.84	37.01	33.64	32.00	
104.00	93.41	83.48	74.36	66.41	58.55	51.86	45.20	40.13	35.42	31.30	31.00	
107.00	93.03	80.14	69.92	62.73	56.57	50.73	45.04	40.33	38.04	36.28	35.00	
115.00	103.41	92.26	81.33	71.93	62.62	54.90	47.43	41.37	37.73	36.31	35.00	
115.00	101.43	89.01	77.14	66.63	57.80	49.66	45.00	40.75	36.67	35.00	
107.00	93.84	83.03	72.32	64.12	57.15	50.70	44.57	39.20	35.41	33.00	
114.00	102.77	91.81	81.17	71.60	63.44	55.37	47.38	42.09	37.23	33.13	32.00	
111.00	98.31	86.15	74.45	65.38	57.18	51.20	45.54	40.07	35.45	33.69	32.00	
108.00	89.91	73.98	61.63	49.83	41.01	37.04	33.47	32.63	32.11	32.00	
105.00	91.90	80.17	69.58	59.18	48.85	42.23	38.14	34.55	32.04	31.00	
115.00	94.62	78.52	62.85	52.93	48.01	43.11	39.56	36.04	33.89	33.00	
108.00	91.38	80.16	70.02	60.74	53.16	46.27	41.46	37.07	33.50	32.00	
116.00	102.89	89.97	77.89	67.36	57.82	49.78	43.06	38.30	34.71	32.66	31.00	
116.00	103.35	91.62	80.49	70.24	61.26	52.98	45.44	39.62	34.74	34.00	
106.00	92.62	79.36	67.10	56.84	48.11	40.24	37.62	35.98	34.41	33.00	
112.00	98.98	87.28	75.80	66.10	59.33	52.90	47.49	42.10	39.04	36.38	36.00	
111.00	99.39	88.80	78.67	68.75	59.70	52.29	45.32	40.42	37.59	35.67	35.00	
106.00	95.39	84.94	74.60	64.42	56.73	51.81	47.27	43.04	38.86	34.79	34.00	
119.00	102.08	85.59	73.75	63.87	56.96	50.79	44.64	39.37	35.26	33.27	32.00	
117.00	99.84	83.09	66.69	54.43	46.00	40.87	36.78	33.89	31.55	31.00	
114.00	102.68	91.37	80.13	70.40	60.71	52.69	45.04	38.27	34.40	32.00	
123.00	109.70	96.73	86.01	76.65	69.00	61.88	54.99	48.10	42.24	36.65	32.00	
108.00	97.24	86.60	76.73	67.28	58.79	50.52	44.73	40.98	38.03	36.00	
108.00	92.16	76.41	66.27	58.28	51.66	45.80	41.58	38.90	37.34	36.00	
106.00	95.90	86.40	77.22	68.46	60.81	53.25	47.30	41.98	36.74	34.28	32.00	
121.00	103.90	87.35	74.64	65.54	57.39	50.33	44.15	39.79	36.78	34.08	33.00	
123.00	105.83	92.43	79.42	67.23	56.79	48.63	42.60	36.98	32.86	32.00	
119.00	104.46	89.95	77.13	65.86	56.66	48.35	42.06	36.83	34.26	32.91	32.00	
119.00	102.20	87.44	74.30	65.42	57.84	50.80	44.42	38.59	36.86	36.00	
116.00	97.22	81.44	70.90	60.69	52.84	47.49	43.63	40.42	37.79	35.52	34.00	
120.00	105.72	92.77	80.36	68.05	58.35	49.52	43.31	37.17	34.33	34.00	
116.00	100.08	86.29	75.48	65.33	56.21	48.29	41.85	37.15	34.30	32.00	
114.00	100.70	87.82	75.01	62.21	49.67	43.09	37.45	33.12	32.06	31.00	
120.00	105.99	92.08	80.02	70.43	61.59	54.67	47.90	42.76	38.06	35.15	34.00	
110.00	94.11	79.41	67.37	58.79	51.16	44.14	39.09	37.36	36.74	36.20	36.00	
120.00	102.04	84.82	69.43	58.00	51.75	46.21	41.14	36.62	35.04	35.00	
103.00	88.12	73.63	60.61	48.05	41.59	36.87	34.35	32.94	32.05	32.00	
107.00	95.87	84.81	74.67	64.65	56.28	48.06	41.79	38.08	36.11	35.00	
115.00	102.38	91.09	80.92	71.05	62.09	53.91	47.02	43.21	39.92	37.77	36.00	
103.00	87.68	74.32	64.72	57.48	51.87	47.56	43.26	39.68	36.77	33.91	33.00	
121.00	105.51	91.43	77.46	65.44	55.90	48.74	41.77	36.05	32.29	31.00	
118.00	100.65	84.83	75.18	65.69	58.87	52.46	46.51	40.76	37.83	35.00	
101.00	87.19	75.65	64.77	55.41	47.30	40.06	34.45	32.24	31.09	31.00	
117.00	104.86	94.09	83.49	72.99	63.15	53.54	45.19	37.28	34.34	32.00	
113.00	95.15	80.15	67.74	57.06	49.39	42.54	35.98	32.77	31.70	31.23	31.00	
109.00	95.04	83.56	72.60	62.03	51.68	44.91	38.56	36.68	36.10	36.00	
111.00	97.88	84.98	74.23	63.69	55.07	47.52	41.79	37.34	34.04	34.00	
101.00	88.47	78.25	69.30	61.29	54.48	48.61	43.07	37.56	32.38	32.00	
110.00	96.75	86.72	77.21	68.42	59.71	51.18	44.57	40.02	36.34	36.00	
114.00	101.07	88.31	76.89	67.49	58.13	49.00	42.71	38.60	35.96	34.41	33.00	
104.00	90.31	78.48	68.29	59.97	52.88	46.89	41.67	37.78	36.06	34.80	34.00	
114.00	101.53	89.11	76.78	66.91	58.16	49.58	43.68	38.41	34.74	33.77	33.00	
104.00	90.33	77.45	66.48	55.62	46.67	41.39	36.64	33.64	32.51	32.00	
109.00	98.74	88.84	79.37	70.54	61.89	53.88	47.25	41.37	37.83	35.66	34.00	
122.00	108.65	96.45	84.76	73.37	63.37	53.72	46.16	40.67	36.76	34.00	
110.00	98.49	87.08	77.54	68.08	58.98	50.55	42.90	39.00	36.08	35.00	
115.00	103.43	92.93	82.47	73.03	64.33	56.12	49.19	42.56	37.97	34.58	34.00	
109.00	96.83	84.86	74.27	65.88	58.73	51.99	45.56	40.04	36.85	36.00	
121.00	107.25	93.63	80.55	68.27	58.56	51.19	46.37	41.72	37.56	34.77	33.00	
121.00	101.36	89.46	77.71	66.37	59.29	53.04	46.90	40.98	35.11	31.00	
102.00	88.36	79.31	70.74	62.78	55.91	49.13	42.53	36.69	34.20	34.00	
108.00	92.53	78.93	68.47	58.83	51.41	45.15	42.22	39.31	36.63	35.28	34.00	
103.00	87.67	77.01	66.46	56.38	50.00	45.11	40.33	35.64	33.47	32.07	31.00	
105.00	95.66	86.43	77.36	68.48	59.68	51.08	43.73	36.75	33.85	32.00	
105.00	93.50	82.96	72.46	62.61	53.46	45.94	38.94	35.07	32.72	31.00	
109.00	97.23	85.61	75.46	66.81	58.98	51.47	45.10	39.78	36.41	33.26	32.00	
111.00	96.93	84.71	75.88	67.28	58.80	51.95	46.52	42.34	38.45	35.92	34.00	
104.00	89.42	75.26	61.85	53.18	46.80	41.23	38.01	36.58	35.18	34.46	34.00	
114.00	102.49	91.30	80.18	69.24	59.24	51.61	45.60	41.19	37.45	34.00	
117.00	100.92	85.66	77.19	69.19	61.66	55.14	49.22	43.59	37.98	36.00	
120.00	107.58	95.52	83.80	72.39	61.23	53.95	47.00	40.64	34.88	33.00	
115.00	100.58	86.19	73.68	63.02	52.95	43.98	37.80	33.57	31.62	31.09	31.00	
121.00	103.39	87.38	75.71	66.01	56.53	49.25	42.23	37.88	34.82	34.00	
119.00	95.23	75.97	61.10	51.80	45.11	41.09	37.33	35.84	34.40	34.00	
114.00	93.59	74.72	59.80	51.73	44.77	40.50	36.99	33.76	32.10	31.00	
105.00	90.94	77.82	65.02	53.61	44.31	39.25	36.77	34.95	33.28	33.00	
114.00	102.74	92.21	81.86	74.05	66.86	59.77	52.92	46.20	40.77	38.04	36.00	
103.00	93.13	84.09	75.11	66.67	58.60	51.72	45.16	39.62	35.30	34.00	
115.00	99.96	87.77	76.44	65.42	55.54	46.88	42.01	39.69	37.92	36.95	36.00	
113.00	100.86	89.87	79.76	71.31	63.83	56.38	49.25	43.10	37.32	33.00	
115.00	101.57	88.57	78.27	69.70	61.33	54.18	47.64	42.74	38.02	33.96	33.00	
111.00	97.86	86.69	76.85	67.76	59.53	51.41	43.70	39.79	36.67	34.11	34.00	
107.00	94.81	83.20	73.09	63.01	53.57	45.62	41.09	36.96	36.08	36.00	
114.00	102.26	90.87	79.97	71.05	63.17	55.63	48.71	43.57	39.78	36.00	
123.00	108.96	94.96	81.87	69.11	56.40	48.75	41.48	37.91	35.47	34.00	
110.00	98.96	88.16	78.31	70.06	62.73	56.38	50.30	45.22	41.64	38.61	36.00	
109.00	92.45	78.85	69.27	61.79	54.64	48.09	41.71	36.37	32.65	31.03	31.00	
107.00	93.71	80.76	71.82	62.91	55.20	49.07	44.11	39.68	36.06	34.00	
121.00	106.62	92.24	79.51	69.25	60.76	52.49	45.33	39.14	35.03	34.00	
112.00	96.82	82.59	74.50	66.92	59.90	53.15	47.43	42.33	37.25	33.97	32.00	
122.00	106.00	92.67	80.77	69.44	59.60	50.49	45.91	41.49	38.35	35.77	35.00	
105.00	93.48	82.80	73.17	63.63	55.04	46.80	41.45	38.52	35.93	33.56	32.00	
113.00	99.03	86.64	74.86	64.91	55.02	45.33	40.75	38.62	36.68	35.48	35.00	
105.00	91.12	77.26	68.67	60.53	53.08	46.97	41.45	39.12	37.05	35.00	
118.00	102.20	87.98	75.42	64.00	52.93	43.94	36.75	35.65	34.74	34.00	
105.00	93.92	84.29	76.24	68.54	60.84	54.10	48.36	43.50	38.86	35.30	35.00	
121.00	100.19	84.34	68.49	59.76	51.13	44.73	38.41	34.81	33.47	33.00	
113.00	97.96	84.73	71.70	61.76	52.34	47.43	43.85	41.15	38.80	37.31	36.00	
104.00	92.50	82.27	72.07	62.61	55.34	48.64	42.20	36.88	36.54	36.25	36.00	
122.00	110.34	99.62	89.74	80.13	70.66	61.83	55.16	48.52	41.94	35.56	32.00	
106.00	91.41	79.04	67.67	59.35	52.59	47.31	42.44	38.52	35.67	33.10	32.00	
121.00	107.31	94.24	82.35	71.85	61.48	53.13	44.92	41.09	37.84	34.97	33.00	
106.00	92.01	80.08	68.81	57.83	47.74	39.63	36.57	34.11	32.37	32.00	
118.00	103.16	89.07	75.73	63.43	57.00	50.64	44.83	41.19	38.52	36.28	35.00	
115.00	103.25	94.06	85.07	76.18	67.40	59.98	53.34	47.75	42.64	38.40	35.00	
119.00	104.87	93.77	83.98	74.44	65.11	57.28	49.66	42.20	36.73	36.00	
123.00	104.47	87.31	73.61	62.33	51.66	42.86	37.52	32.68	32.19	32.00	
112.00	97.02	84.62	73.55	63.67	55.62	48.31	41.45	36.68	33.74	32.00	
117.00	102.95	89.88	78.43	67.44	57.11	47.83	39.83	35.05	32.28	31.47	31.00	
122.00	104.89	89.86	75.88	66.06	57.20	48.71	42.29	39.07	36.07	33.59	33.00	
116.00	101.34	87.40	74.89	64.33	54.71	46.36	41.98	37.82	35.37	34.00	
116.00	101.50	88.74	76.18	66.75	58.65	51.03	44.81	40.24	37.14	36.00	
106.00	96.78	87.61	79.10	70.90	63.45	56.33	49.27	42.23	37.08	33.42	31.00	
120.00	101.67	85.24	71.82	61.11	52.29	46.98	43.45	40.61	38.01	35.46	33.00	
116.00	99.70	84.64	74.77	65.38	56.07	48.77	41.94	36.79	32.74	31.19	31.00	
119.00	102.80	89.79	78.50	67.41	59.94	52.89	46.62	41.21	36.82	36.05	36.00	
108.00	95.94	83.88	72.81	62.22	55.02	47.96	42.26	37.58	33.88	31.56	31.00	
112.00	99.44	87.03	76.18	66.89	59.13	51.67	44.99	38.85	34.79	32.00	
105.00	92.48	81.72	71.96	63.05	56.47	50.47	44.46	38.65	35.61	34.00	
123.00	107.25	92.79	80.96	69.55	58.16	50.96	45.37	40.17	37.26	36.00	
123.00	108.26	95.24	82.67	72.41	63.96	56.51	49.93	44.71	40.33	36.19	34.00	
117.00	100.38	84.37	68.76	60.99	53.71	46.97	40.69	34.95	34.08	34.00	
108.00	94.39	81.67	71.69	64.14	57.46	50.77	44.67	40.71	37.14	33.97	33.00	
102.00	88.65	75.31	65.68	56.50	48.89	44.82	41.14	37.79	35.33	33.00	
111.00	97.30	83.70	70.68	61.98	55.41	49.35	43.36	38.16	36.32	36.09	36.00	
106.00	91.95	78.84	67.17	56.38	49.92	45.38	41.27	38.58	36.92	36.00	
111.00	95.50	81.00	69.49	61.15	54.32	47.99	42.20	36.94	34.21	32.10	32.00	
116.00	95.72	83.28	72.22	63.24	54.85	47.38	41.69	38.23	36.74	36.00	
123.00	105.25	88.25	75.09	65.45	56.89	48.76	42.89	40.03	37.38	35.00	
115.00	100.30	88.76	78.54	69.62	62.37	55.77	49.83	44.53	39.34	37.26	36.00	
113.00	98.25	84.09	74.69	66.17	58.35	50.80	45.74	41.76	38.67	37.33	36.00	
121.00	105.08	90.94	79.47	68.03	58.88	50.68	45.12	40.20	35.36	33.42	32.00	
111.00	93.81	79.69	65.95	56.16	48.02	39.94	34.54	32.90	31.92	31.00	
119.00	105.89	93.93	82.57	72.31	63.77	55.53	47.50	41.79	36.32	34.22	34.00	
116.00	100.37	85.64	72.01	60.84	53.11	45.67	40.11	35.42	32.29	32.05	32.00	
120.00	105.75	91.67	77.80	64.21	51.37	41.14	36.46	33.31	32.27	32.00	
107.00	92.46	80.43	69.61	61.22	53.66	46.53	39.41	36.68	34.30	33.00	
123.00	104.40	86.03	69.73	59.24	50.75	44.54	40.05	37.00	36.41	36.00	
121.00	108.00	95.98	84.14	73.69	63.46	56.20	49.35	43.21	38.15	36.00	
115.00	97.72	81.97	72.49	63.38	54.69	48.19	41.88	37.96	34.74	32.00	
101.00	87.98	76.66	65.86	56.05	47.85	41.50	36.33	33.17	32.11	31.41	31.00	
112.00	100.42	89.60	79.19	69.47	60.19	51.41	42.85	36.71	33.97	31.84	31.00	
109.00	96.48	85.35	74.46	65.63	57.41	49.81	43.76	40.04	36.70	34.00	
105.00	93.00	81.56	71.43	62.45	54.25	46.97	40.17	35.49	32.35	32.00	
107.00	90.73	80.27	69.91	60.13	50.67	43.44	39.24	35.63	33.23	32.00	
105.00	90.11	79.26	69.86	60.48	52.64	46.10	40.37	35.84	34.09	34.00	
108.00	97.25	86.68	76.25	66.17	56.83	47.62	40.97	35.11	34.19	34.00	
111.00	96.35	81.85	72.60	65.91	59.66	53.48	47.54	42.72	39.73	37.85	36.00	
105.00	91.20	80.81	70.89	62.59	54.34	46.24	39.51	35.57	32.56	31.46	31.00	
108.00	87.44	74.21	62.42	53.37	45.17	41.24	37.84	34.68	32.91	32.00	
116.00	104.49	93.29	82.37	71.69	61.40	52.83	44.73	39.05	34.76	34.00	
105.00	93.68	83.16	73.52	63.98	55.88	49.11	42.96	38.28	35.19	35.00	
112.00	96.98	84.66	73.59	63.36	55.91	48.81	42.26	36.54	34.84	33.25	32.00	
113.00	97.13	82.99	69.32	61.06	53.50	46.83	40.28	35.39	32.64	31.26	31.00	
122.00	105.99	91.93	79.30	67.57	56.52	48.87	43.35	40.25	37.34	35.00	
116.00	97.87	84.20	72.92	62.78	54.52	48.25	43.71	40.13	36.60	35.69	35.00	
101.00	91.46	82.60	74.13	65.80	57.71	50.81	44.12	37.88	34.24	31.00	
121.00	108.64	96.56	84.58	73.91	63.28	54.85	47.85	41.48	37.88	34.80	34.00	
101.00	91.45	82.13	73.81	65.83	59.11	52.96	47.57	43.61	39.83	36.72	34.00	
113.00	97.00	84.51	72.03	61.68	55.70	50.24	44.96	40.12	36.77	34.00	
119.00	106.62	94.62	83.35	72.55	62.23	53.23	44.47	39.92	36.03	33.00	
120.00	103.28	87.68	72.46	63.84	55.39	48.96	43.41	38.82	35.66	32.65	32.00	
112.00	99.84	88.86	79.01	70.58	62.29	54.60	47.58	41.36	36.66	32.18	31.00	
105.00	90.91	78.59	66.42	55.06	46.75	40.20	36.18	33.99	32.34	31.00	
117.00	101.02	85.12	72.03	63.29	54.70	47.26	40.85	35.94	31.25	31.00	
113.00	99.27	86.82	75.46	64.56	55.25	48.08	42.86	37.98	34.18	33.00	
101.00	89.38	78.74	68.25	58.37	49.45	44.79	41.43	38.23	35.64	33.29	32.00	
118.00	100.45	85.70	73.87	62.60	54.24	46.48	38.90	33.21	32.30	32.00	
119.00	106.97	95.50	85.45	76.82	68.33	60.04	52.84	45.81	39.41	34.44	34.00	
115.00	101.92	90.03	78.61	68.91	61.82	55.13	49.84	44.59	39.93	36.14	33.00	
123.00	110.18	97.49	85.20	73.70	63.96	54.86	47.48	43.05	39.54	36.15	33.00	
108.00	93.59	80.63	67.97	57.62	49.02	41.86	37.40	35.23	34.05	33.00	
110.00	96.77	83.63	73.18	63.83	55.28	47.94	41.45	38.40	35.36	32.95	31.00	
102.00	88.91	76.02	65.63	56.12	49.55	43.36	40.88	39.07	37.48	36.00	
116.00	102.86	90.08	78.27	66.59	56.32	46.89	41.23	37.75	34.72	32.66	32.00	
111.00	98.27	87.66	77.17	68.30	59.87	52.35	45.30	40.46	36.19	34.00	
123.00	108.20	93.65	80.60	68.99	60.85	54.12	47.60	41.34	36.44	31.73	31.00	
106.00	92.93	80.88	69.20	58.86	51.08	45.17	40.08	35.80	32.37	31.00	
104.00	89.25	77.54	68.48	60.99	54.23	48.00	43.07	38.78	35.91	33.05	31.00	
118.00	103.89	90.05	76.95	66.74	56.69	46.77	40.83	36.04	31.49	31.00	
101.00	87.58	74.23	61.59	54.27	48.62	43.53	38.99	35.94	34.12	33.05	32.00	
114.00	102.30	90.93	79.83	69.06	58.34	49.79	41.38	37.37	34.34	34.00	
111.00	98.11	85.38	74.01	62.82	52.28	43.75	37.14	35.56	34.17	33.14	33.00	
121.00	106.11	91.94	77.97	64.39	51.55	42.57	35.55	33.66	32.23	31.00	
112.00	97.13	84.77	75.51	66.78	58.75	51.66	45.82	41.93	38.89	36.00	
106.00	96.11	86.90	78.18	69.63	61.95	54.39	48.13	41.89	36.13	33.05	32.00	
119.00	100.30	87.08	74.35	63.55	53.52	44.75	39.13	34.60	33.29	33.00	
111.00	100.18	91.65	83.21	75.23	67.71	60.81	54.59	48.50	42.78	38.31	34.00	
112.00	102.21	93.01	83.99	75.06	67.53	60.61	54.13	47.68	41.69	37.19	36.00	
112.00	96.84	82.61	70.63	62.21	54.61	47.10	41.20	36.42	33.57	32.28	32.00	
112.00	99.68	88.36	77.90	71.00	64.24	57.76	51.39	46.75	42.33	39.09	36.00	
113.00	98.43	84.54	71.17	60.30	54.52	48.81	43.47	39.13	35.95	33.00	
104.00	92.60	81.75	71.78	63.90	56.46	50.41	45.55	41.36	38.17	36.01	36.00	
105.00	91.50	79.17	68.66	59.37	50.86	44.83	39.07	37.36	36.12	35.00	
111.00	100.83	91.98	83.61	75.29	67.42	59.85	53.64	47.49	41.49	35.95	33.00	
116.00	102.50	89.12	77.80	66.76	57.40	49.93	43.97	39.64	36.78	36.00	
120.00	105.74	93.24	81.19	69.36	59.08	49.41	40.46	36.10	34.85	34.35	34.00	
106.00	94.05	83.80	74.23	65.44	57.05	51.78	46.53	43.00	39.58	36.36	34.00	
106.00	88.97	73.29	62.70	53.51	45.09	41.88	38.82	36.77	35.36	34.00	
110.00	94.39	79.14	64.49	52.33	41.49	38.91	37.38	35.93	34.57	34.00	
103.00	92.38	82.74	73.56	65.42	58.83	52.26	46.96	42.16	38.42	36.00	
121.00	105.72	95.13	85.05	75.55	67.15	58.98	51.91	45.33	40.23	36.00	
122.00	107.20	95.47	84.20	74.15	64.56	55.76	47.84	40.72	35.32	35.00	
112.00	98.10	85.31	73.13	61.50	51.98	44.21	36.55	34.59	33.32	33.00	
106.00	95.25	85.15	75.26	66.76	58.91	51.93	45.37	39.96	35.21	34.57	34.00	
103.00	92.19	82.47	73.96	66.33	59.69	54.33	49.16	44.72	40.40	36.18	33.00	
119.00	100.11	81.91	65.09	51.42	43.14	39.29	36.07	32.86	32.04	32.00	
117.00	104.97	93.37	82.24	71.44	61.40	51.61	42.20	36.88	33.50	33.00	
117.00	104.02	92.89	82.72	72.79	63.07	53.39	45.34	37.41	34.72	32.88	32.00	
117.00	102.65	89.28	77.76	68.57	60.02	51.59	44.70	37.98	33.08	31.76	31.00	
117.00	104.05	91.60	79.20	67.63	58.83	51.13	45.02	39.51	35.67	34.21	34.00	
105.00	93.60	82.45	71.35	61.37	52.25	45.85	41.96	38.23	35.56	34.26	34.00	
105.00	95.57	87.37	79.32	72.38	65.63	59.00	52.62	46.64	42.67	39.16	36.00	
122.00	108.98	97.82	87.97	79.10	70.66	62.63	54.69	47.80	41.18	34.81	31.00	
109.00	98.10	87.62	77.81	68.30	59.54	52.35	45.87	40.28	36.24	36.00	
105.00	92.39	81.65	71.44	61.95	53.66	46.29	40.25	34.90	32.24	31.00	
114.00	99.11	84.64	73.05	63.43	55.25	47.14	41.30	37.72	34.33	33.26	33.00	
110.00	96.50	83.59	71.55	59.80	50.14	40.53	36.77	34.65	33.06	32.00	
104.00	92.83	81.86	72.02	63.81	56.95	51.47	47.17	43.49	39.90	36.53	34.00	
108.00	90.49	74.89	61.87	53.63	47.43	42.17	38.25	37.05	35.88	35.00	
116.00	104.36	93.55	84.33	75.13	66.17	58.16	50.45	44.34	38.65	35.61	33.00	
121.00	107.04	95.06	83.38	73.45	64.74	56.91	49.39	43.09	38.72	35.20	32.00	
107.00	95.92	86.58	77.46	68.46	60.10	51.80	45.96	41.56	37.95	35.00	
115.00	94.55	83.19	72.03	62.11	52.49	44.78	40.24	36.24	34.35	32.57	32.00	
107.00	94.37	81.91	69.65	58.64	49.27	45.12	41.25	37.59	35.07	33.00	
105.00	95.36	85.86	76.52	67.20	60.25	53.36	46.81	40.75	35.43	33.00	
116.00	97.07	78.32	65.69	56.08	48.41	42.54	38.12	34.87	31.95	31.00	
107.00	95.45	84.44	73.63	62.85	55.13	47.53	41.39	35.39	32.74	31.00	
111.00	96.30	83.10	71.86	62.37	53.65	46.86	40.68	36.80	33.21	32.00	
119.00	104.65	91.84	79.24	67.36	58.02	51.69	46.67	42.10	38.80	36.09	36.00	
116.00	99.81	86.25	77.00	68.56	60.26	52.66	47.48	43.40	39.44	36.00	
102.00	89.66	79.24	69.60	60.36	51.51	44.36	40.15	36.63	34.49	32.37	31.00	
111.00	98.47	88.07	78.53	70.42	62.44	54.59	47.29	40.33	34.04	34.00	
103.00	92.56	82.58	73.25	64.78	56.53	49.10	42.23	36.35	34.32	33.00	
114.00	101.89	90.55	81.26	72.01	63.30	56.26	49.39	43.06	36.84	34.00	
119.00	102.67	86.68	73.87	63.19	53.18	45.76	40.95	38.49	36.12	35.32	35.00	
107.00	95.65	84.53	73.71	63.41	53.94	46.32	42.85	39.64	36.45	34.00	
119.00	97.11	79.63	64.23	55.34	46.89	40.35	34.26	32.92	31.93	31.27	31.00	
111.00	92.47	78.47	66.70	55.49	46.70	40.00	36.45	33.68	32.26	31.00	
114.00	100.26	86.96	75.57	64.64	54.98	47.46	41.78	37.81	34.86	32.00	
102.00	90.26	78.78	68.58	62.12	55.79	49.98	44.80	40.57	37.81	36.85	36.00	
116.00	102.69	90.65	78.64	69.26	60.95	53.68	47.72	44.12	40.81	37.66	35.00	
114.00	95.82	78.82	64.86	55.91	50.31	44.76	39.42	37.21	35.18	34.00	
114.00	92.64	79.27	68.09	59.96	54.28	49.25	44.41	41.44	38.62	36.00	
118.00	102.22	86.70	73.02	61.59	52.36	47.81	43.74	39.83	37.27	36.00	
120.00	104.09	88.42	76.89	67.22	59.04	50.95	43.47	37.00	32.34	32.00	
120.00	106.05	93.67	83.02	73.24	64.03	57.20	50.55	44.05	37.95	35.00	
102.00	88.79	76.80	64.85	56.43	51.70	47.25	43.08	39.60	37.19	36.19	36.00	
123.00	108.26	93.53	79.02	68.87	60.66	52.59	45.57	39.10	35.10	32.48	31.00	
104.00	90.12	77.87	67.74	59.08	52.21	46.25	40.66	37.88	35.82	35.00	
113.00	99.32	86.62	74.75	64.70	56.13	48.38	42.49	38.87	35.99	35.35	35.00	
107.00	94.14	83.02	72.68	64.16	56.31	50.99	46.02	42.56	39.09	36.00	
117.00	102.64	91.03	79.97	70.14	61.13	52.18	45.17	39.49	33.83	32.00	
105.00	91.49	80.75	71.70	63.08	55.97	49.45	44.43	39.78	35.48	33.13	31.00	
116.00	103.48	93.22	83.44	74.37	65.48	57.44	51.43	46.02	41.20	37.53	34.00	
114.00	99.19	85.15	72.89	64.37	57.14	50.75	44.81	39.41	35.93	35.00	
117.00	99.01	81.57	70.76	61.05	54.48	48.01	42.16	38.86	36.41	35.00	
118.00	102.90	89.38	76.71	67.39	59.52	51.92	44.57	40.79	37.96	36.00	
110.00	94.18	80.30	70.98	63.45	57.17	51.90	47.43	43.00	38.80	35.16	34.00	
102.00	88.74	76.16	63.86	54.34	48.04	43.28	39.15	35.88	32.73	31.71	31.00	
115.00	99.39	86.98	75.98	65.81	58.19	51.82	46.60	41.91	38.51	35.94	35.00	
108.00	96.14	85.43	75.27	65.95	57.34	49.38	42.67	39.10	36.33	33.69	33.00	
107.00	95.77	85.12	75.18	65.26	55.97	50.01	44.40	39.11	33.89	33.20	33.00	
122.00	107.55	94.53	82.51	71.98	62.70	53.81	45.26	40.36	37.14	34.21	34.00	
105.00	90.59	77.52	64.64	52.16	44.98	39.26	36.13	33.80	32.80	32.00	
115.00	103.29	92.43	81.61	72.28	63.06	54.12	46.32	40.02	36.81	36.00	
101.00	91.47	82.19	73.47	65.26	57.78	51.27	44.81	38.39	33.85	33.00	
108.00	95.62	83.87	73.91	64.39	55.26	48.17	42.21	36.61	32.79	32.00	
113.00	100.30	87.95	75.69	65.33	56.40	48.55	43.15	38.07	35.20	32.47	32.00	
122.00	101.17	88.86	77.34	66.96	58.43	51.16	45.60	41.25	38.31	35.60	35.00	
123.00	103.96	86.07	71.49	58.92	48.47	40.35	36.60	32.93	31.74	31.00	
122.00	102.92	88.65	75.60	65.68	56.45	49.19	42.81	39.29	36.33	34.17	33.00	
109.00	97.98	87.99	78.58	69.75	61.28	52.88	45.38	39.48	35.47	34.00	
123.00	109.24	96.38	84.00	71.90	60.61	50.48	44.14	40.16	37.01	35.70	35.00	
107.00	92.73	80.41	70.10	60.51	50.93	43.21	36.40	33.02	32.15	32.00	
107.00	94.08	82.06	72.14	62.39	53.98	46.20	40.04	36.09	35.19	35.00	
115.00	101.77	89.68	78.64	68.24	57.92	50.34	43.67	40.01	36.80	35.00	
106.00	93.76	83.58	73.89	65.27	56.88	48.88	43.44	40.05	36.82	36.00	
120.00	102.66	90.70	78.97	68.29	57.84	52.84	47.94	43.28	39.05	35.00	
121.00	106.72	92.50	80.49	69.29	59.53	50.64	44.26	39.34	34.49	32.95	32.00	
113.00	100.83	89.58	79.96	70.94	62.02	54.14	46.84	40.00	37.64	36.27	36.00	
123.00	111.00	99.62	88.48	77.67	67.82	58.29	49.43	43.74	38.65	35.52	34.00	
111.00	98.10	85.28	72.55	62.08	52.31	45.66	40.35	35.07	34.16	34.00	
108.00	95.22	82.71	71.81	61.69	52.24	46.52	42.07	38.81	36.16	34.00	
121.00	107.31	95.67	84.38	73.34	62.90	53.54	44.73	40.83	38.30	36.00	
122.00	103.79	86.86	71.34	58.06	48.52	43.03	39.05	36.32	34.05	32.00	
114.00	101.10	88.99	78.24	68.87	59.63	51.90	46.10	41.32	37.24	36.11	35.00	
111.00	98.98	87.74	77.52	68.46	60.27	52.46	47.00	41.85	38.17	35.00	
115.00	101.07	88.31	75.97	67.46	59.77	53.03	46.65	41.67	37.60	35.00	
113.00	95.13	78.26	62.14	50.77	40.71	37.27	34.29	33.08	32.06	32.00	
122.00	105.30	92.51	79.79	69.81	61.40	53.06	45.18	40.69	36.40	33.00	
106.00	95.19	84.50	74.48	66.27	58.26	50.60	43.41	38.75	36.24	35.00	
112.00	95.13	79.75	66.87	56.01	49.15	43.22	38.04	36.33	34.89	34.00	
106.00	92.09	80.48	70.70	62.47	54.31	48.96	44.74	41.23	38.53	36.50	36.00	
123.00	106.42	90.95	77.75	66.85	57.69	50.69	44.06	39.65	36.50	36.00	
101.00	86.07	73.46	66.27	59.21	52.60	46.23	41.53	38.95	36.72	35.26	35.00	
119.00	106.58	94.51	83.21	73.64	65.63	58.56	52.27	47.16	42.58	38.32	36.00	
105.00	91.30	79.38	68.67	59.02	49.89	42.97	37.68	34.08	31.72	31.00	
103.00	91.94	81.47	71.25	61.93	54.70	48.82	44.07	40.43	37.67	36.03	36.00	
118.00	97.53	83.21	69.63	61.12	54.60	48.11	43.64	40.72	38.23	36.00	
111.00	98.36	85.96	73.59	62.71	55.96	49.52	43.25	38.39	35.63	35.17	35.00	
102.00	93.57	85.18	77.24	69.59	61.99	55.14	48.53	43.23	40.20	37.54	35.00	
122.00	108.50	96.04	84.06	72.37	61.36	50.63	40.91	37.00	35.21	35.00	
109.00	90.95	74.44	64.81	55.69	48.32	42.35	39.20	37.19	35.83	35.00	
106.00	92.30	79.41	69.80	60.20	51.17	44.43	40.31	36.57	34.11	32.50	31.00	
110.00	95.36	81.75	70.78	62.05	54.90	48.15	41.58	35.31	33.88	33.00	
123.00	95.74	78.83	62.80	49.28	43.12	38.46	35.88	34.03	32.18	32.00	
110.00	95.20	81.02	66.86	54.74	46.62	39.56	35.46	33.65	32.18	32.00	
107.00	95.46	84.00	73.19	63.80	54.66	45.93	38.02	34.71	31.85	31.33	31.00	
103.00	89.67	76.75	65.73	56.96	48.33	42.63	38.63	36.03	34.32	34.04	34.00	
113.00	100.92	90.11	79.35	69.10	59.62	50.32	43.19	39.48	36.95	35.72	35.00	
102.00	89.49	79.08	69.60	61.39	53.34	45.69	38.65	31.84	31.23	31.00	
107.00	94.81	82.89	72.81	63.23	55.12	47.47	42.40	37.56	34.23	34.00	
123.00	104.68	89.84	79.12	69.12	61.81	54.65	48.03	42.62	37.94	36.71	36.00	
110.00	97.20	86.06	74.98	64.67	55.48	47.71	40.80	36.80	35.15	35.00	
103.00	89.68	76.55	64.75	53.24	46.52	39.88	35.84	33.54	31.31	31.00	
105.00	89.91	78.74	70.56	63.64	57.41	52.28	47.15	43.26	39.96	37.83	36.00	
121.00	103.27	86.81	72.00	57.49	48.17	40.46	36.45	34.20	32.20	32.00	
114.00	100.83	90.45	80.33	70.53	61.79	53.90	47.12	40.38	36.94	34.00	
102.00	86.32	72.30	59.20	47.16	41.31	36.00	34.04	32.46	31.33	31.00	
111.00	96.94	84.21	72.81	63.98	55.37	47.56	39.93	37.10	34.36	32.00	
108.00	98.28	88.88	79.58	70.51	62.51	54.84	49.01	44.34	39.90	35.55	34.00	
112.00	96.46	81.88	68.58	58.87	51.29	45.20	39.95	35.62	34.21	33.00	
111.00	97.33	83.71	72.91	62.84	55.95	50.32	45.24	40.97	36.92	33.46	31.00	
103.00	91.05	80.58	70.19	60.86	52.56	45.64	38.85	36.50	34.44	33.28	33.00	
110.00	85.33	71.00	56.84	47.95	41.91	39.35	36.84	34.41	33.55	33.00	
104.00	91.58	80.50	70.34	60.30	50.48	44.88	39.94	35.38	31.62	31.00	
106.00	92.30	78.67	67.58	57.66	48.93	43.31	40.29	37.83	35.46	34.00	
104.00	90.52	77.47	67.09	57.03	47.40	39.03	33.17	32.18	31.42	31.00	
115.00	103.41	91.98	80.69	70.35	63.62	56.90	50.44	44.56	40.23	36.07	34.00	
110.00	98.66	89.90	81.80	74.93	68.52	62.17	55.99	49.90	44.32	39.23	36.00	
112.00	100.63	90.81	81.32	72.65	64.81	57.12	50.01	43.02	36.09	35.44	35.00	
106.00	96.52	87.81	79.59	71.67	64.21	57.54	51.51	46.77	42.17	37.91	35.00	
107.00	93.91	81.37	69.15	56.95	49.67	44.69	39.73	35.32	32.03	32.00	
119.00	98.55	79.87	63.58	52.30	41.07	38.01	35.08	33.37	32.48	32.00	
120.00	104.65	90.53	78.27	67.57	57.52	48.11	41.18	36.11	33.04	32.00	
101.00	89.07	77.36	67.10	57.79	49.51	43.43	40.17	37.10	34.41	32.55	32.00	
115.00	95.17	78.41	67.38	60.61	53.86	47.28	41.19	37.26	35.18	33.14	32.00	
106.00	90.87	78.84	69.05	59.69	51.30	46.56	42.52	38.68	36.11	34.26	33.00	
112.00	95.86	82.20	73.07	63.98	56.59	50.31	44.64	39.80	36.63	35.00	
102.00	87.72	76.85	68.43	60.90	53.37	46.74	41.98	38.94	36.93	36.00	
101.00	89.46	78.45	69.77	61.27	54.17	47.94	42.74	39.35	36.00	34.00	
117.00	100.44	84.15	70.33	60.48	51.50	43.47	36.98	32.29	31.19	31.00	
119.00	103.85	89.84	77.39	64.96	54.10	45.95	41.63	38.55	36.79	36.00	
106.00	96.68	87.70	79.14	70.88	63.19	55.79	49.36	43.52	37.86	33.00	
101.00	89.06	77.36	67.55	59.14	51.35	44.49	39.33	35.57	32.94	31.00	
105.00	91.18	78.60	69.09	60.27	51.55	46.72	42.26	38.68	36.54	36.00	
105.00	93.70	83.47	73.61	64.22	56.23	49.62	44.25	40.93	38.09	36.03	34.00	
102.00	91.29	81.80	72.52	63.65	55.30	47.92	40.90	37.55	34.84	32.91	32.00	
108.00	96.47	85.38	74.85	65.59	57.10	49.64	43.30	38.71	36.14	35.28	35.00	
113.00	97.34	82.75	68.69	60.09	52.24	46.11	40.41	35.83	31.51	31.00	
123.00	109.30	95.98	85.00	74.55	64.72	57.09	50.29	45.06	40.67	36.96	35.00	
123.00	106.91	90.93	75.41	60.77	52.89	45.89	40.78	35.98	34.90	34.00	
108.00	94.77	82.06	70.80	62.29	54.21	46.20	39.99	34.23	31.93	31.00	
102.00	91.14	80.58	70.50	60.92	52.77	46.99	42.38	38.44	35.05	32.00	
108.00	95.05	83.24	73.36	64.23	55.13	48.69	43.67	39.08	35.28	35.00	
114.00	98.18	83.02	71.44	62.26	53.33	45.81	40.29	37.70	35.50	33.36	32.00	
120.00	105.20	91.60	78.37	65.37	58.32	51.47	44.64	38.67	37.35	36.24	36.00	
121.00	105.14	89.64	78.44	67.74	58.25	49.28	40.99	35.64	32.27	31.00	
112.00	100.18	88.55	76.93	66.19	58.12	50.27	43.58	38.30	35.70	34.32	33.00	
111.00	92.05	78.76	68.29	58.76	50.93	45.45	40.35	37.32	34.54	32.10	31.00	
108.00	94.06	81.86	69.74	61.09	52.78	46.16	42.11	38.40	35.61	33.00	
115.00	100.97	89.02	77.80	66.73	58.09	49.84	43.94	38.61	33.99	31.95	31.00	
109.00	95.90	83.35	71.49	62.05	52.67	43.55	38.76	35.90	34.14	33.00	
102.00	89.46	77.68	66.84	56.19	49.35	43.20	38.31	37.21	36.33	36.00	
108.00	95.89	85.42	76.02	67.09	58.58	51.28	45.16	40.13	35.34	31.00	
116.00	100.58	86.80	76.91	67.61	58.32	50.52	43.90	40.24	36.98	36.00	
108.00	96.01	84.40	74.42	64.64	56.63	49.31	42.36	36.34	33.60	32.00	
119.00	103.20	91.68	81.11	71.47	62.99	55.62	48.53	44.30	40.15	37.53	35.00	
112.00	100.08	88.35	78.95	70.46	62.02	54.65	47.75	41.56	35.55	31.00	
103.00	91.77	81.01	71.26	62.54	54.98	48.28	42.07	37.74	35.52	35.15	35.00	
122.00	106.84	92.75	79.10	66.71	54.76	46.58	39.42	36.96	35.00	34.00	
102.00	90.47	80.28	70.48	61.98	53.78	45.86	38.57	34.60	31.08	31.00	
112.00	97.92	84.96	72.09	62.19	53.59	48.81	44.16	40.23	36.30	33.00	
110.00	98.17	86.51	76.79	67.43	58.17	49.09	42.87	37.69	35.06	34.00	
106.00	94.82	85.61	77.65	69.77	62.03	55.99	50.16	44.52	40.69	37.84	36.00	
117.00	105.01	94.10	83.96	74.18	65.70	57.71	49.86	43.76	38.77	36.05	36.00	
109.00	98.18	87.95	77.84	67.92	59.99	52.14	44.69	40.66	37.83	36.39	35.00	
115.00	95.35	81.98	69.81	61.46	54.01	47.29	41.41	36.19	33.10	32.00	
110.00	96.56	84.36	73.36	62.56	53.17	46.26	39.95	35.92	33.69	32.00	
118.00	103.87	89.76	78.27	66.85	57.31	49.79	44.04	40.45	36.93	34.12	34.00	
107.00	94.76	83.20	72.01	63.30	55.91	48.83	42.05	37.79	35.04	33.00	
104.00	90.64	78.75	69.85	61.61	54.05	48.32	43.71	39.30	37.73	36.40	36.00	
101.00	89.51	79.12	68.97	60.41	52.83	46.81	40.94	35.98	34.74	34.00	
102.00	88.15	74.36	61.26	48.54	43.64	40.93	38.44	36.19	33.95	32.00	
120.00	108.66	97.95	87.43	77.14	66.93	58.08	50.65	43.41	38.51	36.21	34.00	
121.00	107.68	95.44	83.34	73.63	64.29	57.06	49.88	43.77	37.98	36.66	36.00	
101.00	90.42	80.04	69.85	59.95	53.19	47.06	41.52	37.96	35.33	33.73	33.00	
118.00	99.77	88.54	77.45	67.74	58.71	51.08	46.02	41.17	36.99	35.41	35.00	
121.00	106.50	92.82	81.97	71.40	61.91	52.65	46.45	41.99	37.99	35.64	34.00	
112.00	97.53	84.75	71.97	61.99	54.85	48.25	43.55	38.91	35.70	34.00	
123.00	105.18	87.98	74.34	61.21	50.62	44.60	39.42	36.25	34.59	33.00	
107.00	96.28	86.55	77.03	68.11	59.68	51.53	45.30	39.36	34.68	34.00	
104.00	86.69	72.65	62.25	53.10	44.83	40.59	37.48	35.04	32.66	31.00	
105.00	86.78	71.30	61.27	51.93	46.92	42.16	37.43	35.23	33.55	32.16	32.00	
122.00	109.43	97.03	85.88	75.02	64.70	56.09	49.27	42.83	38.09	36.33	36.00	
113.00	91.80	75.24	60.47	47.84	42.57	37.34	34.23	32.81	32.37	32.00	
101.00	88.82	77.90	68.42	61.00	55.17	49.92	45.50	41.73	38.20	35.90	35.00	
103.00	92.33	81.85	71.59	62.57	54.89	47.29	39.86	33.82	32.15	32.00	
111.00	97.08	83.66	71.58	60.97	51.93	44.71	40.09	36.49	34.54	34.00	
101.00	89.48	79.75	70.05	61.62	53.83	49.43	45.71	42.07	39.18	36.54	34.00	
121.00	105.53	91.89	78.98	66.46	57.63	50.03	44.37	38.74	35.40	34.00	
112.00	96.52	81.54	71.42	61.57	52.89	47.78	43.17	38.77	35.85	35.00	
116.00	99.44	84.05	71.66	60.69	51.85	45.35	39.12	35.89	34.43	33.44	33.00	
121.00	106.29	92.75	80.30	67.96	57.61	47.99	38.57	32.61	31.11	31.02	31.00	
120.00	104.24	89.73	75.94	65.15	54.95	46.92	39.68	35.61	32.13	32.00	
111.00	97.35	84.58	73.97	66.03	58.47	51.75	46.43	41.50	36.63	32.00	
117.00	101.58	87.58	74.08	64.16	55.14	46.96	40.21	35.16	31.60	31.00	
106.00	94.39	83.57	73.68	63.82	54.49	46.42	40.61	37.71	36.27	36.00	
103.00	91.54	80.38	69.66	60.36	52.80	45.93	39.67	34.26	32.01	32.00	
101.00	90.21	79.42	70.39	61.95	54.51	47.77	41.48	38.38	35.32	33.00	
102.00	92.39	82.80	73.30	64.86	57.39	50.17	43.66	39.79	38.05	36.34	36.00	
119.00	106.05	96.29	86.86	77.57	69.06	61.17	53.38	46.59	40.25	34.32	32.00	
106.00	95.08	84.36	74.22	64.56	57.23	50.94	45.41	40.69	37.46	35.00	
108.00	94.73	81.94	70.14	60.25	53.14	46.92	43.14	40.33	37.56	34.91	33.00	
106.00	95.10	86.29	78.33	70.43	62.77	55.32	49.71	44.87	40.68	37.99	36.00	
110.00	94.64	81.35	70.72	62.96	55.77	50.19	45.71	41.82	38.13	35.38	33.00	
117.00	103.51	92.33	82.10	72.04	63.01	54.75	46.83	39.20	36.95	35.00	
112.00	99.92	88.73	77.65	66.76	56.22	46.18	39.03	34.77	33.65	33.00	
116.00	102.61	89.67	77.35	65.95	56.29	48.29	42.56	37.16	32.68	32.00	
115.00	102.41	91.03	82.29	74.05	66.86	60.30	54.54	49.16	43.80	39.07	35.00	
103.00	90.79	82.15	74.49	66.83	59.38	53.14	48.04	43.54	39.47	36.00	
104.00	93.88	84.61	75.35	66.74	58.46	51.05	45.30	39.94	36.61	34.33	33.00	
115.00	99.14	86.42	75.79	66.19	58.06	51.09	44.34	40.54	37.81	35.19	33.00	
119.00	103.57	90.28	78.16	66.75	55.47	46.93	42.38	37.84	34.69	34.00	
104.00	92.54	81.64	71.68	63.30	56.10	49.58	43.67	40.04	37.64	36.27	35.00	
123.00	112.73	102.70	93.01	83.90	74.87	66.25	58.36	50.93	44.54	38.74	36.00	
112.00	99.94	89.88	80.08	70.67	61.84	53.66	47.18	41.57	36.74	33.89	33.00	
107.00	95.09	83.20	74.34	65.89	58.49	51.86	46.20	41.00	37.25	34.00	32.00	
101.00	85.39	76.86	68.50	60.75	55.41	50.24	45.57	41.20	37.30	34.00	
118.00	104.75	93.68	83.93	75.41	67.00	59.88	53.62	47.79	42.14	37.69	34.00	
121.00	106.37	91.76	77.60	64.35	52.64	47.39	43.76	40.31	36.96	36.00	
118.00	103.79	89.67	75.97	66.97	59.18	51.50	46.23	42.57	39.58	37.60	36.00	
109.00	95.05	81.19	68.01	58.69	49.96	43.62	39.66	35.70	34.26	33.00	
108.00	97.14	88.86	80.70	72.82	65.17	57.84	50.74	43.99	38.85	34.00	
113.00	100.07	87.85	76.91	66.51	57.98	52.21	46.44	41.52	37.60	36.00	
121.00	104.05	90.66	80.29	70.97	62.11	54.08	46.50	42.18	38.31	36.00	
120.00	107.58	96.01	84.57	73.63	63.13	54.17	46.61	41.18	36.52	35.35	35.00	
123.00	109.77	96.97	87.77	79.20	70.91	62.63	54.42	46.26	39.81	35.64	34.00	
120.00	103.43	89.98	78.91	69.68	60.72	51.93	43.36	40.05	37.43	35.00	
105.00	91.63	78.85	67.86	58.20	49.46	41.44	38.51	36.14	34.16	33.00	
117.00	102.14	87.38	73.89	62.26	55.04	48.08	42.21	37.38	33.12	32.00	
113.00	94.48	76.18	63.56	54.50	46.84	41.97	39.57	37.42	35.60	35.00	
107.00	96.48	87.60	79.03	71.25	63.49	56.02	49.93	44.37	39.13	34.00	
110.00	98.21	86.63	75.57	66.05	57.02	48.03	40.86	34.62	32.32	31.01	31.00	
123.00	110.02	98.30	87.12	76.25	65.58	56.20	48.35	40.71	34.14	34.07	34.00	
107.00	87.03	70.97	61.65	55.74	50.11	44.88	41.46	38.21	35.35	33.03	32.00	
117.00	101.98	91.63	81.77	71.92	64.54	57.92	52.31	47.48	42.86	38.53	36.00	
116.00	105.49	95.25	85.06	75.02	65.28	58.04	50.94	43.90	39.03	34.52	32.00	
108.00	95.91	84.92	74.06	64.63	56.11	47.63	41.84	38.03	35.72	34.00	
107.00	94.37	82.83	72.19	63.31	55.82	48.52	41.33	38.27	36.71	36.00	
108.00	94.10	82.24	72.48	63.01	55.84	48.84	43.33	38.18	34.18	31.72	31.00	
108.00	95.43	83.76	73.57	63.84	54.57	45.74	40.32	36.15	32.44	31.00	
118.00	101.41	85.94	72.53	64.14	57.21	51.71	46.46	41.86	37.53	35.17	33.00	
102.00	86.67	76.93	68.97	61.56	55.03	49.13	44.37	40.45	36.66	35.00	
117.00	105.35	94.00	83.91	75.26	66.80	59.21	52.30	45.61	40.61	36.08	35.00	
123.00	107.83	93.89	82.88	73.31	64.11	55.24	46.74	38.87	33.97	31.00	
115.00	97.87	81.17	68.85	60.87	53.45	47.06	41.06	38.11	36.51	35.00	
113.00	99.94	87.46	75.34	65.66	56.25	47.97	40.34	36.09	33.28	33.00	
122.00	100.57	82.37	67.41	52.61	45.02	41.30	37.65	34.11	32.87	32.00	
114.00	99.00	86.55	74.34	62.72	53.67	47.75	42.79	38.22	34.64	32.00	
110.00	100.71	91.64	82.61	73.64	64.73	56.49	49.78	43.47	38.19	33.81	33.00	
113.00	99.14	86.58	75.50	65.72	57.57	50.59	43.91	37.45	35.42	33.46	33.00	
101.00	91.29	82.21	74.10	66.03	59.07	52.47	46.54	40.82	35.64	35.00	
112.00	101.09	90.60	80.73	71.98	63.49	55.65	47.90	41.88	36.08	33.09	32.00	
119.00	104.33	89.96	77.59	67.11	58.43	51.07	44.31	39.62	36.00	34.00	
113.00	101.62	91.74	82.19	73.65	65.28	56.92	48.70	41.23	36.18	33.00	
121.00	105.40	92.27	81.61	72.07	62.70	55.22	48.61	42.18	37.47	36.30	36.00	
102.00	92.51	83.34	74.27	66.39	58.71	51.20	44.84	40.40	37.00	33.86	31.00	
116.00	104.76	95.26	86.04	77.37	68.96	61.04	53.14	46.50	41.66	36.91	33.00	
112.00	101.16	90.71	81.21	72.63	64.81	57.15	49.59	43.06	38.32	35.77	35.00	
117.00	104.15	92.33	81.09	71.54	62.33	54.03	46.84	40.14	36.09	36.00	
119.00	104.65	93.78	83.14	72.56	62.11	52.41	45.64	41.96	38.46	35.55	35.00	
114.00	100.28	88.24	76.99	66.47	57.66	48.93	41.14	35.51	33.66	33.00	
117.00	102.10	88.98	76.96	66.29	58.40	50.62	43.46	37.87	35.62	34.00	
118.00	92.77	74.45	62.19	51.21	43.61	40.51	37.68	36.06	35.31	35.00	
117.00	102.48	88.95	78.40	68.55	59.90	51.27	42.84	39.72	37.47	36.00	
111.00	98.95	87.39	77.25	68.20	59.47	53.67	48.63	43.86	39.43	35.34	35.00	
120.00	107.18	94.81	83.60	73.47	63.96	54.76	48.64	43.10	37.73	34.00	
115.00	98.97	83.71	69.71	57.01	49.94	45.04	40.33	35.99	33.49	33.00	
118.00	99.80	85.51	71.90	64.51	57.21	50.39	43.62	39.23	37.08	35.00	
113.00	101.06	90.95	80.99	71.02	62.78	55.11	47.70	41.37	35.92	31.35	31.00	
102.00	91.20	81.13	71.97	63.02	55.11	48.04	42.98	38.60	34.64	33.00	
114.00	99.69	88.05	76.69	66.34	56.65	49.06	42.94	36.86	33.67	33.00	
106.00	91.43	78.13	65.63	56.26	49.03	43.24	37.86	34.66	33.66	33.00	
122.00	106.60	93.08	79.94	69.38	58.96	50.60	44.20	38.34	33.41	33.00	
120.00	104.76	89.81	77.06	65.10	53.19	42.62	39.40	36.84	35.23	35.00	
103.00	85.48	70.60	56.45	51.67	46.88	42.64	38.65	35.72	33.14	31.00	
109.00	94.68	80.38	66.22	59.34	52.81	46.74	41.53	37.15	32.80	32.34	32.00	
116.00	103.34	92.05	81.07	70.90	62.16	54.26	47.01	41.71	37.13	35.91	35.00	
102.00	91.55	82.18	73.00	66.40	59.90	53.47	47.16	41.47	36.36	32.42	31.00	
102.00	87.29	73.67	60.83	52.36	45.23	38.39	35.94	33.99	32.40	31.46	31.00	
119.00	105.46	92.52	81.16	70.28	63.37	56.47	49.71	43.88	38.48	35.00	
119.00	104.52	90.95	78.94	69.95	60.99	52.88	47.17	42.57	38.83	36.00	
109.00	94.00	81.22	71.57	65.00	58.65	52.88	47.40	42.19	37.53	34.04	32.00	
106.00	95.79	85.63	75.69	67.23	58.94	51.30	45.49	40.79	38.69	37.21	36.00	
117.00	101.20	88.60	76.13	63.82	51.57	41.67	34.34	31.22	31.05	31.00	
107.00	93.91	83.07	74.73	66.65	58.64	51.51	45.59	41.66	37.82	35.00	
103.00	90.67	79.45	68.62	58.51	48.70	43.13	37.89	34.86	32.93	32.00	
113.00	100.35	88.52	76.97	66.45	56.02	45.80	36.99	33.71	32.22	32.00	
107.00	93.02	82.87	73.56	64.58	55.65	48.84	42.78	37.82	37.11	36.52	36.00	
108.00	96.85	86.66	77.16	67.84	58.66	51.32	44.01	39.22	35.99	34.26	34.00	
108.00	93.99	81.66	70.65	59.86	49.37	41.94	39.03	36.46	35.64	35.00	
112.00	92.80	77.15	63.13	54.76	48.02	41.60	35.29	33.87	32.59	32.00	
118.00	101.18	88.82	76.57	64.80	55.02	47.53	43.96	40.88	37.90	35.31	35.00	
110.00	96.38	84.50	74.50	64.84	56.40	48.60	43.77	40.37	37.12	35.20	34.00	
121.00	108.69	97.05	85.78	75.71	66.34	58.27	50.92	43.93	37.39	36.00	
122.00	101.26	83.63	69.50	58.17	49.16	42.67	38.39	35.40	32.66	32.00	
103.00	91.30	79.91	69.48	60.74	52.80	45.15	39.02	36.42	34.57	34.00	
115.00	99.67	88.72	77.96	67.42	59.08	51.79	45.85	41.13	37.83	36.07	36.00	
111.00	92.02	78.16	68.36	59.64	53.79	48.88	44.04	39.93	36.08	36.00	
111.00	95.69	81.34	68.70	58.15	48.80	41.36	38.52	35.85	34.21	34.00	
114.00	91.44	75.53	66.38	57.40	50.84	44.84	39.59	34.41	32.98	32.00	
115.00	100.69	87.43	74.83	63.22	54.97	49.17	43.60	38.17	36.77	36.00	
116.00	101.37	88.02	77.74	67.49	57.84	48.69	41.63	36.54	34.28	33.00	
113.00	100.07	87.55	75.49	64.31	54.92	46.83	41.50	37.13	33.25	32.40	32.00	
120.00	102.63	87.09	72.77	60.35	53.84	47.82	41.90	37.32	34.85	34.33	34.00	
120.00	105.64	91.56	79.84	68.95	59.45	50.82	44.16	37.85	35.61	35.18	35.00	
121.00	103.90	90.35	78.54	68.52	59.66	53.00	48.12	43.26	38.56	34.19	31.00	
115.00	96.37	78.88	61.76	48.39	42.67	37.59	34.07	32.02	31.39	31.00	
110.00	96.68	85.24	74.93	65.16	55.59	50.78	46.02	41.78	37.57	36.00	
102.00	92.99	84.07	75.64	67.34	59.52	51.90	44.73	38.51	36.36	35.14	35.00	
119.00	97.63	84.78	72.69	61.23	53.89	47.10	40.36	35.44	33.51	33.00	
122.00	108.48	96.33	84.85	75.14	65.89	56.80	47.91	42.42	37.87	35.00	
121.00	107.24	94.10	83.23	72.78	62.91	53.49	44.23	35.65	32.07	32.00	
123.00	107.42	93.84	81.08	69.18	60.30	52.43	45.02	38.35	33.72	32.00	
105.00	93.29	81.78	70.84	61.67	53.71	46.58	41.05	36.87	32.70	32.00	
105.00	94.59	84.41	74.31	64.84	57.67	50.79	44.36	39.90	35.99	33.36	33.00	
106.00	91.85	78.16	64.57	55.35	46.76	40.07	37.04	34.02	32.10	31.00	
122.00	106.66	91.97	80.23	71.18	63.37	56.34	50.41	44.97	40.20	36.00	
113.00	101.67	90.76	80.85	71.68	62.89	54.77	47.18	40.17	37.10	35.00	
111.00	98.39	87.60	77.35	68.15	60.99	54.39	48.79	43.75	39.79	37.10	36.00	
113.00	100.51	88.12	77.46	68.68	59.97	52.68	46.69	40.98	36.97	35.28	34.00	
102.00	92.05	82.50	73.11	63.81	55.04	48.82	44.28	39.94	36.27	33.88	33.00	
105.00	93.62	84.10	75.16	66.35	58.48	51.05	44.83	40.28	35.80	33.87	33.00	
117.00	101.51	86.58	74.36	62.68	56.02	49.51	43.56	39.74	36.20	33.58	32.00	
107.00	95.09	83.47	73.86	64.70	55.58	47.88	41.66	37.55	33.85	31.00	
118.00	105.26	94.69	84.12	74.65	65.34	57.36	50.97	46.15	42.22	39.00	36.00	
110.00	99.10	88.28	79.83	71.78	64.24	56.85	50.98	45.45	40.35	35.36	32.00	
117.00	102.93	89.05	75.27	67.76	60.41	53.66	47.73	41.96	38.39	36.17	36.00	
123.00	111.18	99.49	88.15	76.89	67.22	57.65	48.18	41.31	36.23	33.35	31.00	
103.00	91.35	82.77	74.27	66.50	59.31	52.74	46.27	41.32	38.24	35.73	35.00	
118.00	102.91	89.34	76.65	64.89	56.16	48.16	42.37	37.50	34.09	31.00	
111.00	97.30	85.91	75.99	66.09	58.45	51.42	44.87	38.85	34.33	33.00	
102.00	90.57	79.74	71.08	62.97	55.35	48.84	42.92	37.36	32.82	31.37	31.00	
109.00	93.67	81.41	69.20	57.65	50.27	42.91	37.49	35.28	33.42	32.00	
112.00	95.38	82.30	71.42	61.25	52.34	45.75	39.27	34.73	33.82	33.15	33.00	
115.00	102.65	90.31	78.38	68.45	58.90	50.23	42.02	38.24	34.54	32.51	31.00	
115.00	102.87	91.25	80.12	69.61	59.37	50.21	43.99	38.38	36.10	35.00	
122.00	104.08	88.14	76.09	65.06	55.07	45.66	40.23	37.38	34.85	33.86	33.00	
105.00	93.50	82.94	72.55	62.36	52.32	44.57	40.45	37.53	35.89	35.05	35.00	
122.00	108.73	96.74	84.81	72.89	63.37	54.09	44.87	38.63	35.59	34.03	34.00	
117.00	103.20	89.68	79.50	69.43	59.56	50.16	41.85	37.61	33.81	32.03	31.00	
114.00	102.83	92.05	81.57	72.23	63.15	55.58	48.36	42.19	36.91	35.00	
105.00	91.99	82.26	72.63	63.10	55.01	47.61	40.76	37.68	34.78	33.35	32.00	
118.00	102.26	86.68	75.20	64.56	56.95	49.91	43.99	40.38	36.92	36.00	
115.00	100.52	86.13	72.99	60.11	48.77	39.82	35.59	32.49	31.39	31.00	
121.00	106.11	92.45	80.15	68.05	57.94	48.57	43.31	38.73	36.30	35.00	
111.00	95.02	81.59	69.69	64.29	58.93	53.89	49.24	44.61	40.49	36.47	36.00	
109.00	98.88	88.80	79.01	69.25	59.54	53.27	48.63	44.88	41.89	38.91	36.00	
105.00	91.02	78.00	66.74	56.70	48.69	44.01	40.96	38.41	35.90	34.62	34.00	
110.00	99.26	88.70	80.06	71.94	64.58	58.03	52.31	46.87	42.13	38.15	35.00	
121.00	105.28	92.47	80.97	69.57	58.19	46.91	40.42	35.08	33.13	31.30	31.00	
116.00	98.23	81.30	68.26	56.86	51.60	46.70	42.07	37.70	33.68	31.00	
111.00	99.31	87.64	76.55	65.71	55.45	47.21	42.96	39.84	37.12	36.00	
118.00	106.13	94.57	83.10	72.10	63.24	55.07	48.18	42.96	38.89	35.08	33.00	
107.00	95.57	84.26	73.57	64.23	57.15	52.67	48.21	43.88	40.14	37.34	35.00	
123.00	107.95	93.72	80.89	68.14	55.64	45.25	38.71	36.00	33.38	33.05	33.00	
109.00	97.41	86.64	75.88	67.22	58.75	51.76	46.50	42.23	39.47	36.95	35.00	
122.00	106.15	90.60	77.15	65.65	54.25	47.54	41.90	37.49	36.15	35.00	
115.00	97.85	81.20	66.49	54.51	45.95	39.34	37.21	36.09	35.28	35.05	35.00	
102.00	86.92	73.53	62.81	55.06	47.91	42.43	38.08	33.87	32.56	31.46	31.00	
111.00	101.25	91.61	82.71	74.05	65.50	56.99	49.34	43.84	39.47	37.55	36.00	
114.00	102.53	91.23	80.49	70.04	60.81	52.23	44.01	36.38	33.94	32.54	32.00	
104.00	88.80	76.21	63.76	56.83	50.38	44.96	40.70	37.82	35.38	35.00	
122.00	108.31	94.94	81.71	69.39	59.99	51.42	45.93	41.19	36.82	34.00	
107.00	96.68	86.96	77.77	68.78	60.38	52.59	44.92	39.51	36.76	35.00	
115.00	103.21	91.72	80.50	69.50	59.35	49.96	42.83	37.29	33.78	32.25	32.00	
102.00	90.75	79.83	69.62	61.37	53.65	46.57	41.80	37.87	36.27	36.00	
119.00	103.83	90.84	78.23	67.22	57.54	49.60	43.01	37.63	35.28	33.14	31.00	
116.00	104.20	93.35	83.76	74.31	65.76	57.63	49.68	41.86	34.76	33.38	32.00	
116.00	102.10	89.76	78.02	68.65	59.58	53.08	46.92	41.94	38.29	35.24	34.00	
115.00	99.68	84.68	71.53	60.37	49.92	42.94	37.74	35.31	33.38	33.00	
120.00	106.37	93.83	81.44	69.75	59.33	49.52	43.18	39.25	36.18	33.71	33.00	
121.00	104.73	89.24	76.36	65.24	56.72	50.03	44.15	38.81	34.83	33.14	32.00	
113.00	96.63	80.56	65.80	53.91	47.08	42.89	40.48	38.10	35.77	34.00	
109.00	93.38	79.64	66.37	55.96	48.50	41.70	34.95	32.91	32.17	32.00	
115.00	99.47	86.48	73.67	63.06	52.82	47.38	42.97	40.51	38.17	36.10	35.00	
104.00	88.11	77.39	66.70	56.82	50.84	46.28	41.72	37.40	35.02	32.84	32.00	
105.00	90.74	79.08	69.92	60.92	52.53	47.25	43.04	39.06	35.45	34.00	33.00	
108.00	96.60	85.87	76.52	67.43	58.66	51.55	45.11	38.71	35.53	33.00	
113.00	101.30	89.96	80.69	71.60	64.12	56.79	50.52	44.99	41.31	38.34	36.00	
102.00	88.04	79.32	70.96	63.50	56.23	49.14	43.53	38.09	34.32	31.00	
113.00	100.20	88.12	77.38	68.57	61.62	55.26	48.97	43.60	39.44	36.54	34.00	
106.00	95.05	84.31	74.09	65.08	57.28	49.62	44.87	41.11	38.14	35.70	35.00	
113.00	99.87	88.61	77.59	67.27	58.98	51.41	44.29	38.76	35.78	33.37	31.00	
107.00	95.02	83.25	72.06	60.88	50.18	43.76	37.97	35.89	35.21	35.00	
110.00	96.73	84.48	72.73	62.96	54.77	47.24	42.80	39.20	36.74	35.00	
117.00	102.34	87.75	73.58	59.59	51.47	45.19	39.52	35.03	33.33	32.00	
104.00	92.04	80.52	69.40	58.44	50.06	44.65	40.05	36.37	34.04	33.00	
121.00	107.72	96.99	88.03	79.98	72.07	64.50	57.05	49.94	44.67	39.98	36.00	
118.00	95.62	77.15	59.10	51.97	46.81	42.15	37.59	35.02	33.56	33.00	
114.00	103.10	93.38	83.86	74.61	66.37	59.59	53.47	47.37	41.99	38.41	36.00	
114.00	99.95	86.05	75.44	65.01	57.26	49.53	44.50	40.31	36.83	33.54	32.00	
109.00	92.56	77.52	66.31	56.47	48.06	40.94	34.83	32.44	31.55	31.27	31.00	
115.00	102.17	90.77	80.10	69.79	61.13	55.57	50.15	44.74	39.86	35.09	34.00	
116.00	103.56	91.36	80.16	69.89	62.29	54.80	47.51	40.38	33.78	32.00	
117.00	98.13	81.30	69.38	57.69	46.93	40.93	38.32	35.92	34.25	33.00	
114.00	94.60	75.37	58.31	49.09	44.04	39.35	36.56	35.17	34.16	34.00	
113.00	99.01	86.24	73.56	62.19	52.07	47.54	43.70	40.47	37.41	36.00	
113.00	95.13	78.31	66.02	58.14	50.53	43.47	39.44	35.81	35.29	35.00	
108.00	95.16	83.17	71.45	61.66	56.19	51.28	46.49	42.13	37.99	34.63	33.00	
103.00	90.20	78.75	68.46	60.31	54.08	47.93	42.79	38.69	35.62	33.75	32.00	
123.00	105.51	93.08	80.86	68.98	58.61	50.64	43.31	36.82	31.45	31.00	
112.00	100.12	88.54	77.25	68.12	59.39	53.23	47.99	43.09	38.64	34.38	32.00	
103.00	93.43	83.93	74.96	66.73	59.40	52.28	45.49	39.29	35.27	35.00	
113.00	99.20	87.02	75.05	64.58	54.92	47.49	43.64	40.49	38.23	36.65	36.00	
118.00	104.08	90.80	79.62	70.78	62.85	56.05	50.32	44.65	39.39	35.57	34.00	
109.00	93.57	78.50	67.13	59.52	52.29	46.18	40.15	36.75	34.70	33.05	32.00	
106.00	95.06	84.18	73.67	63.74	53.99	45.99	40.91	37.25	34.27	32.00	
109.00	93.26	79.16	66.23	53.80	45.59	41.82	38.12	34.86	33.02	31.59	31.00	
120.00	104.30	89.54	75.83	63.02	53.44	44.85	39.88	36.50	33.73	33.32	33.00	
120.00	106.33	94.29	84.38	74.86	66.01	58.35	51.46	45.39	39.41	36.56	35.00	
110.00	95.86	82.62	72.47	63.76	56.87	51.54	46.55	41.65	37.63	34.18	34.00	
120.00	102.03	85.10	69.11	57.92	49.11	43.38	39.70	38.08	36.78	36.00	
119.00	105.35	92.80	80.80	72.75	65.05	57.77	50.65	44.46	40.70	37.17	36.00	
123.00	106.38	94.89	83.50	72.23	62.46	53.38	45.44	39.21	35.72	34.31	33.00	
106.00	90.33	75.36	64.76	55.83	50.42	45.09	40.15	36.35	33.68	32.00	
121.00	105.76	91.69	78.77	66.48	56.24	46.69	40.57	36.35	35.39	35.00	
118.00	105.09	93.02	80.99	70.44	60.28	52.31	44.77	39.62	34.86	32.65	32.00	
115.00	102.10	89.26	77.02	65.16	56.12	49.71	44.73	40.22	38.06	36.00	
122.00	110.75	99.68	90.13	80.89	71.86	63.45	55.75	48.70	42.56	36.93	34.00	
118.00	103.09	88.92	78.51	68.42	58.86	49.75	43.00	39.27	36.07	33.14	33.00	
117.00	99.40	81.84	67.11	57.10	49.38	43.25	40.03	37.19	35.67	35.00	
122.00	103.98	86.88	71.76	58.15	46.25	41.24	36.38	34.33	33.12	33.00	
110.00	91.22	77.44	64.36	54.46	44.80	40.68	37.58	34.75	33.79	32.86	32.00	
106.00	92.01	78.53	67.57	57.63	50.01	42.79	40.23	38.06	36.97	36.00	
120.00	97.53	81.86	67.61	53.80	45.31	40.32	38.17	37.06	36.16	36.00	
121.00	107.37	94.39	82.96	72.81	63.82	55.03	46.37	39.80	35.84	33.30	32.00	
112.00	96.29	80.62	69.35	59.92	52.49	46.52	40.65	36.24	34.09	33.49	33.00	
113.00	99.13	88.02	77.42	68.11	59.10	51.13	46.97	43.03	39.12	36.00	
116.00	101.98	88.07	75.96	64.00	52.28	43.48	37.65	35.01	32.49	31.00	
115.00	103.71	93.39	83.32	73.55	65.06	56.60	50.16	44.02	38.79	35.00	
103.00	91.75	80.75	70.27	60.62	51.18	42.70	38.50	36.58	36.18	36.00	
101.00	88.63	77.29	66.99	59.43	52.03	45.61	40.72	37.01	33.79	31.58	31.00	
110.00	94.19	79.37	65.04	55.10	47.47	41.74	37.75	34.21	32.62	32.00	
117.00	103.90	91.54	79.38	68.87	59.73	51.04	44.28	38.60	33.18	33.00	
107.00	89.17	73.85	60.24	50.06	43.73	38.91	36.55	34.21	32.81	31.85	31.00	
119.00	105.20	91.58	78.79	66.10	53.54	42.79	36.49	33.18	32.67	32.19	32.00	
123.00	105.45	89.51	76.19	67.71	59.73	52.01	47.17	42.43	39.25	36.32	35.00	
115.00	102.37	90.57	79.05	67.90	57.00	51.62	47.04	42.66	39.29	36.69	35.00	
121.00	107.68	94.55	81.57	69.50	59.76	50.01	43.47	38.43	34.41	32.00	
114.00	101.88	89.81	79.42	71.26	63.23	55.34	47.83	42.67	37.72	35.53	34.00	
116.00	99.96	87.25	76.24	65.27	55.72	46.57	40.79	38.53	36.64	36.00	
117.00	94.47	73.36	62.80	52.56	46.85	43.12	39.54	36.73	36.05	36.00	
109.00	97.41	86.34	75.84	65.42	56.17	47.66	40.47	36.56	33.67	32.19	31.00	
120.00	102.79	86.67	71.07	56.07	44.06	38.46	35.03	32.79	31.25	31.00	
121.00	103.23	89.79	77.92	67.25	59.36	51.78	45.09	38.86	33.55	31.00	
109.00	98.75	89.72	80.93	72.64	64.49	56.35	50.14	45.59	41.59	37.80	34.00	
102.00	86.09	75.34	64.67	56.25	47.99	41.95	38.50	35.73	34.18	33.00	
117.00	103.07	92.17	82.35	73.33	64.91	57.07	49.66	43.44	37.46	35.78	35.00	
114.00	101.79	90.11	79.31	70.85	63.37	55.96	50.24	44.91	40.98	37.35	35.00	
112.00	95.06	79.37	66.88	54.57	46.88	42.47	38.39	35.38	32.79	31.51	31.00	
123.00	96.76	74.66	65.88	57.23	49.94	43.01	39.55	37.82	36.12	36.00	
112.00	97.24	83.31	69.82	59.50	49.89	45.24	40.85	37.74	35.52	34.29	34.00	
103.00	90.08	79.26	69.08	60.54	53.32	46.30	41.58	38.38	36.61	35.62	35.00	
114.00	95.21	80.05	66.45	52.92	45.75	39.38	36.54	34.77	33.63	32.60	32.00	
122.00	108.63	97.24	86.45	76.05	66.11	57.01	48.59	41.35	34.19	34.00	
119.00	104.47	90.71	77.55	66.71	56.76	50.00	43.78	38.37	35.24	33.00	
107.00	92.59	80.38	72.28	65.72	59.72	53.78	47.87	42.41	37.13	34.56	33.00	
105.00	92.33	79.98	68.29	58.07	48.01	43.11	38.69	35.17	34.01	34.00	
113.00	101.91	90.88	80.58	70.70	61.61	54.45	48.57	43.65	38.86	35.64	33.00	
115.00	99.99	85.18	70.39	62.37	54.76	48.62	42.67	37.67	35.95	35.00	
122.00	108.66	96.42	84.84	73.96	63.97	54.82	46.75	39.29	35.72	33.00	
112.00	98.41	85.65	75.59	65.81	57.97	50.67	45.17	40.91	36.93	33.91	32.00	
113.00	99.73	86.81	75.20	64.29	53.54	45.35	39.37	34.87	33.51	32.32	32.00	
117.00	101.12	86.78	75.03	63.67	52.32	42.28	37.77	34.41	31.59	31.00	
111.00	96.26	83.73	72.57	63.68	54.93	47.17	41.77	38.39	36.51	35.24	34.00	
104.00	92.32	81.98	73.62	65.32	57.55	50.45	44.68	39.31	36.84	36.00	
120.00	107.37	94.99	82.79	71.37	60.50	50.61	44.20	39.30	37.59	36.08	36.00	
119.00	107.80	96.64	85.75	75.35	66.20	57.81	50.33	43.72	37.74	32.29	32.00	
114.00	96.98	86.24	76.33	66.55	58.68	52.65	47.20	41.91	36.73	34.00	
122.00	108.71	96.48	84.38	72.71	64.14	55.77	48.22	42.49	38.29	36.00	
120.00	105.50	92.21	78.98	69.51	61.14	53.37	46.66	40.75	35.25	34.06	34.00	
105.00	91.31	77.66	65.19	57.55	50.86	45.02	39.93	36.91	36.25	36.00	
113.00	97.51	84.67	72.04	60.18	51.30	46.45	42.02	38.97	36.13	33.59	33.00	
111.00	98.37	86.96	76.89	66.93	57.39	49.55	44.36	39.26	37.44	36.05	35.00	
115.00	100.38	88.92	77.90	68.12	61.45	55.18	49.05	43.08	38.18	33.57	31.00	
105.00	87.96	75.67	65.39	56.71	48.99	42.47	38.86	37.00	35.47	34.00	
122.00	109.45	97.10	85.56	75.56	66.09	57.79	50.91	44.06	37.59	31.74	31.00	
123.00	105.41	88.82	73.23	62.13	53.62	47.13	42.63	38.35	35.54	33.09	33.00	
122.00	109.44	98.10	86.96	75.86	66.09	56.70	47.51	40.42	36.58	35.60	35.00	
105.00	93.36	82.95	72.82	63.84	55.21	49.14	43.44	37.92	35.40	34.00	
107.00	95.19	83.75	73.79	64.02	55.73	49.78	45.00	41.64	39.28	37.09	36.00	
109.00	90.27	77.86	65.62	56.94	49.27	43.78	39.56	35.52	35.04	35.00	
117.00	100.94	87.00	73.23	62.81	52.86	43.77	39.37	35.71	32.30	31.00	
112.00	100.19	89.16	79.43	70.33	62.34	54.63	48.08	43.88	39.71	37.01	35.00	
112.00	100.32	90.07	81.61	73.16	65.35	58.55	51.91	45.53	40.20	35.21	32.00	
117.00	105.24	93.62	82.05	70.68	60.76	52.24	44.02	39.30	35.23	32.00	
123.00	105.77	90.15	74.57	63.53	55.74	49.39	44.08	39.89	36.96	35.48	35.00	
118.00	103.44	89.04	77.31	65.89	57.00	50.33	44.05	39.47	35.37	32.01	31.00	
114.00	98.39	83.37	70.66	58.45	50.51	44.47	39.15	34.06	31.88	31.00	
118.00	104.38	92.13	79.95	69.16	58.96	52.56	46.58	40.71	35.43	32.00	
116.00	99.96	84.86	72.19	64.27	56.62	49.47	42.55	37.29	36.54	36.00	
123.00	109.20	97.16	85.66	74.95	66.68	58.74	50.82	44.29	39.12	34.30	32.00	
114.00	100.38	87.48	76.26	67.56	60.30	53.69	47.78	42.90	39.23	36.99	35.00	
123.00	108.49	94.89	81.44	69.42	58.22	48.25	40.65	35.02	31.02	31.00	
114.00	103.06	92.64	83.00	73.80	64.77	56.35	49.79	44.71	40.62	36.82	35.00	
102.00	89.82	78.25	66.84	56.26	49.56	44.90	41.20	38.50	36.95	36.19	36.00	
122.00	103.66	86.26	73.48	61.32	51.72	44.74	39.58	35.04	33.93	33.00	
107.00	92.84	79.36	66.05	52.84	46.71	41.68	37.03	33.55	32.50	32.01	32.00	
111.00	94.12	77.99	63.85	50.88	42.06	38.20	34.54	32.97	32.36	32.00	
118.00	102.63	88.25	76.88	67.48	58.51	50.87	44.07	37.93	33.51	32.00	
120.00	106.29	92.71	80.27	69.78	59.70	55.08	50.86	46.72	42.83	39.17	36.00	
105.00	94.14	84.07	75.53	68.15	60.90	54.37	48.38	43.24	38.63	34.96	34.00	
114.00	102.26	90.86	80.12	69.81	61.00	52.43	44.75	40.11	36.78	33.96	32.00	
110.00	99.65	89.54	80.43	71.43	62.62	53.90	47.67	42.26	38.60	36.89	36.00	
107.00	95.01	83.20	72.32	63.99	55.82	48.48	44.14	40.53	38.78	37.17	36.00	
104.00	87.78	75.03	65.67	59.83	54.39	50.20	46.25	42.66	39.31	36.20	35.00	
110.00	97.02	84.62	73.62	62.98	58.10	53.36	48.79	44.79	41.00	37.91	36.00	
123.00	111.38	100.46	90.27	80.67	71.09	62.18	56.27	50.85	45.71	40.76	36.00	
119.00	106.06	93.76	82.15	72.09	62.16	52.61	43.73	39.03	36.28	34.54	33.00	
108.00	91.45	76.73	66.04	56.72	47.56	41.96	38.81	36.15	34.66	34.00	
121.00	106.63	93.60	81.67	70.06	59.48	49.92	43.47	39.19	35.39	34.31	34.00	
116.00	101.27	86.88	72.81	61.29	52.06	45.17	41.16	38.53	36.28	34.17	34.00	
122.00	103.72	88.18	75.07	62.53	52.88	47.16	41.49	36.59	34.03	32.00	
107.00	90.37	74.71	61.96	55.29	48.74	43.63	39.85	36.15	35.06	34.00	
111.00	97.61	84.99	73.73	64.37	55.80	49.09	42.48	36.65	33.81	31.00	
123.00	111.13	100.17	90.64	81.90	73.24	64.76	56.60	49.57	42.85	36.41	32.00	
113.00	95.17	80.56	67.68	59.04	50.79	44.21	40.40	37.37	34.77	33.00	
119.00	108.25	97.92	87.65	77.45	69.79	62.30	54.85	47.51	41.18	35.27	34.00	
112.00	94.10	81.11	69.29	59.39	51.75	44.79	40.95	37.96	34.97	33.00	
117.00	102.21	87.97	74.04	60.42	47.00	40.19	34.12	31.57	31.10	31.00	
102.00	83.56	73.46	63.87	57.20	50.89	44.61	39.65	36.59	33.59	33.00	
119.00	104.26	91.05	80.13	70.02	59.90	53.05	47.18	41.55	36.71	34.00	
104.00	89.01	75.26	63.45	55.45	47.99	43.58	40.79	38.72	37.03	35.72	35.00	
105.00	92.88	82.41	72.08	61.94	54.21	46.53	38.91	34.36	33.51	33.00	
123.00	109.62	96.45	83.59	71.77	63.05	55.75	49.65	43.96	38.41	36.62	35.00	
109.00	95.51	82.64	70.07	61.59	55.30	49.93	44.88	41.48	39.00	36.78	36.00	
120.00	104.08	89.46	76.87	64.86	53.61	46.48	39.44	33.03	32.29	32.09	32.00	
120.00	105.64	91.73	78.61	66.22	56.39	47.36	41.25	35.56	34.08	34.00	
109.00	98.25	87.98	78.93	70.76	62.96	55.23	48.53	43.94	39.47	35.89	35.00	
104.00	93.18	83.04	73.32	65.20	58.04	51.64	45.44	41.09	37.59	35.00	
120.00	105.65	92.50	79.73	68.06	57.75	48.57	41.43	36.75	33.45	32.37	32.00	
108.00	93.22	78.68	66.71	58.30	50.85	43.44	39.52	36.83	36.19	36.00	
120.00	105.18	92.48	80.78	69.44	58.97	49.85	42.78	37.89	34.88	32.00	
112.00	99.48	87.75	76.28	64.98	55.40	47.89	41.81	36.92	35.86	35.00	
117.00	102.83	89.88	79.50	69.44	59.74	52.07	45.86	41.70	39.21	37.44	36.00	
103.00	93.10	83.43	74.67	66.65	59.52	52.51	45.70	40.01	35.33	34.00	
122.00	108.56	95.45	82.64	71.86	61.79	52.52	43.62	38.69	36.70	34.92	34.00	
108.00	94.72	84.42	74.22	64.67	56.88	51.95	47.31	42.86	38.41	34.00	
102.00	91.27	81.52	71.84	62.22	54.65	47.68	42.17	38.63	35.35	33.50	32.00	
112.00	97.80	84.69	71.89	60.12	50.50	43.93	39.94	36.99	34.73	33.00	
123.00	92.76	75.15	63.62	56.75	51.97	47.48	44.01	40.73	37.49	35.00	
107.00	93.41	80.40	68.12	59.64	52.16	44.72	39.79	36.39	33.53	31.00	
102.00	92.81	83.77	75.60	68.14	60.90	53.94	47.95	42.57	38.26	34.08	32.00	
101.00	90.07	79.51	70.17	60.97	55.49	50.20	45.03	40.02	35.05	33.00	
107.00	92.58	81.51	71.60	62.42	53.69	45.33	40.11	35.33	33.71	32.57	32.00	
117.00	105.20	93.98	83.11	72.87	63.60	55.23	46.92	40.17	37.21	35.09	33.00	
106.00	93.67	81.56	70.60	61.23	53.53	47.90	43.21	38.73	36.36	34.00	
103.00	87.85	75.22	64.04	56.21	48.91	44.50	40.44	36.68	34.36	33.00	
107.00	95.62	85.10	75.40	66.02	57.30	50.12	42.97	38.81	36.00	34.38	34.00	
111.00	98.19	86.14	74.16	63.41	56.09	49.44	45.20	41.28	38.16	36.00	
123.00	107.27	93.62	82.40	71.20	61.31	53.52	47.24	41.17	37.05	34.82	33.00	
104.00	92.69	81.66	72.70	64.15	55.80	48.56	41.50	38.32	36.51	35.00	
120.00	99.20	79.27	64.98	51.85	43.91	40.36	37.18	34.31	32.00	31.14	31.00	
113.00	98.12	85.19	75.43	66.20	58.77	52.09	46.61	42.06	39.54	37.62	36.00	
119.00	103.25	87.80	72.66	59.48	52.21	46.83	41.86	37.04	32.53	32.00	
121.00	106.47	93.51	82.47	72.06	62.67	55.00	48.09	41.88	38.20	35.65	34.00	
111.00	91.39	72.02	58.28	49.55	44.31	40.30	36.58	33.23	32.06	31.00	
118.00	104.68	92.88	81.11	69.81	58.54	50.61	44.56	38.88	34.76	31.07	31.00	
122.00	106.33	91.06	76.89	65.95	58.64	51.65	44.68	40.48	37.27	36.32	36.00	
112.00	93.77	75.92	64.78	56.92	51.31	45.78	40.93	36.64	33.23	31.00	
104.00	91.19	80.51	71.70	64.27	56.98	49.83	45.03	40.50	36.86	36.00	
103.00	93.39	84.01	75.79	67.95	60.40	53.08	46.38	41.53	36.78	36.00	
119.00	101.45	84.32	74.86	65.99	57.50	50.53	45.88	41.77	38.13	35.51	34.00	
123.00	106.60	91.37	76.56	66.22	56.24	48.69	41.35	36.17	33.38	32.00	
113.00	94.29	81.06	70.26	59.72	50.13	41.38	36.59	34.54	32.61	32.00	
106.00	91.33	78.09	66.02	56.16	46.80	42.68	38.92	36.80	35.01	34.03	34.00	
112.00	99.04	86.26	75.30	65.22	55.46	46.31	39.84	34.66	33.30	32.45	32.00	
111.00	95.35	83.20	71.74	62.03	52.92	46.78	40.67	36.48	32.80	31.73	31.00	
102.00	90.01	78.75	68.36	60.92	54.78	49.32	44.20	39.17	36.58	35.16	34.00	
119.00	102.99	88.18	74.26	62.69	51.72	44.06	36.99	35.09	33.56	32.57	32.00	
112.00	96.80	82.93	70.30	57.78	47.72	39.36	36.74	34.87	33.89	33.00	
119.00	103.22	88.32	76.19	65.97	57.28	49.12	41.47	36.02	32.30	31.00	
111.00	95.61	85.61	77.54	69.63	61.73	54.05	47.17	41.96	37.34	36.00	
122.00	108.32	96.26	85.79	76.06	66.76	57.69	49.66	43.67	37.72	35.67	34.00	
115.00	100.94	88.02	75.44	63.53	52.42	44.03	39.09	36.05	34.26	33.00	
102.00	91.08	80.38	70.67	61.09	53.47	45.86	41.69	39.71	37.84	36.00	
121.00	104.52	90.14	76.57	66.19	57.27	48.98	41.72	35.70	34.57	34.00	
107.00	90.27	73.69	61.58	53.20	45.65	40.63	37.85	36.58	36.15	36.00	
111.00	96.81	84.65	74.51	65.06	57.18	49.33	43.42	38.60	35.52	33.03	31.00	
110.00	94.68	82.20	72.08	63.32	55.87	49.48	44.41	41.12	38.23	36.00	
112.00	100.27	88.89	80.22	72.58	65.04	57.58	50.79	45.63	40.67	37.90	36.00	
121.00	101.70	84.89	73.36	62.37	53.49	47.24	42.24	37.63	34.89	33.00	
113.00	92.17	79.78	71.80	64.20	56.73	49.68	43.31	37.85	32.71	32.00	
117.00	103.64	91.41	81.01	70.66	60.50	50.58	41.61	35.27	33.28	33.12	33.00	
113.00	98.09	85.16	74.09	64.71	55.76	47.54	41.67	36.13	32.01	31.00	
106.00	95.13	85.39	75.78	66.81	58.47	52.37	46.54	42.37	39.62	36.94	36.00	
105.00	91.09	77.96	66.82	56.11	47.02	40.58	36.29	32.87	31.47	31.00	
114.00	101.38	89.22	78.07	66.95	56.14	49.59	43.06	39.43	36.39	35.00	
119.00	103.51	89.52	78.83	69.45	61.35	54.41	49.19	44.30	40.11	36.00	
106.00	86.76	71.87	57.78	51.86	47.68	43.71	40.24	37.85	36.59	36.00	
120.00	104.72	93.49	82.93	72.83	63.21	55.50	48.22	41.06	34.61	31.09	31.00	
111.00	98.43	87.40	77.21	68.59	60.27	53.10	46.00	41.13	37.41	34.11	34.00	
119.00	104.42	89.87	80.04	71.34	62.74	55.06	48.38	41.82	35.86	32.00	
110.00	97.82	87.61	78.35	69.39	61.35	54.95	49.07	44.47	40.26	36.83	35.00	
107.00	95.21	84.04	73.17	63.66	54.25	48.05	42.04	37.92	34.12	31.00	
121.00	109.40	97.79	86.25	77.09	68.09	60.16	53.91	48.65	43.92	39.46	36.00	
102.00	88.78	77.82	67.43	59.42	51.68	45.99	40.39	34.90	32.72	31.00	
104.00	93.57	83.24	74.12	65.73	59.06	53.18	48.30	43.50	38.97	36.33	35.00	
118.00	106.36	94.84	83.74	73.06	63.61	56.50	50.19	45.02	40.12	36.26	34.00	
113.00	99.16	85.94	74.13	65.26	57.27	50.39	44.42	39.09	36.37	34.00	
103.00	91.42	80.61	70.76	61.05	53.30	47.26	41.39	36.70	33.34	32.00	
109.00	98.13	87.61	78.18	69.58	61.82	54.37	47.25	43.17	39.45	36.41	36.00	
106.00	94.97	83.96	74.70	67.04	59.60	52.19	45.05	40.84	37.16	33.79	32.00	
117.00	103.13	90.03	77.11	65.82	54.59	46.34	41.44	38.83	36.74	35.27	34.00	
108.00	91.72	81.22	72.01	63.28	55.32	48.91	43.34	39.09	35.94	33.84	33.00	
104.00	89.28	74.89	62.58	53.61	44.87	38.98	36.21	34.74	34.20	34.00	
115.00	98.28	84.21	70.71	61.16	52.05	43.51	36.56	35.23	35.09	35.00	
108.00	93.75	81.41	69.25	57.43	47.78	40.81	36.88	34.15	33.21	33.00	
120.00	104.21	89.01	75.56	64.19	55.46	47.66	41.65	38.04	35.73	34.00	
123.00	108.09	94.86	82.82	71.30	60.54	49.98	39.80	35.73	32.01	31.00	
106.00	91.00	76.58	63.97	56.39	48.88	43.76	40.88	38.09	35.36	33.00	
109.00	95.14	83.65	74.49	66.07	58.33	51.10	44.29	39.87	37.23	35.00	
121.00	108.45	96.18	86.28	76.97	69.07	61.50	53.94	46.54	40.40	35.00	
108.00	92.65	79.73	69.33	59.50	50.33	41.39	37.44	34.83	32.73	32.00	
122.00	109.20	96.54	84.03	74.30	64.93	55.92	48.84	42.51	36.56	33.00	
110.00	93.64	77.80	69.77	62.54	56.69	50.85	45.49	41.64	37.82	34.36	33.00	
101.00	90.78	80.66	71.19	63.01	55.62	48.85	42.88	38.96	35.36	33.00	
105.00	92.66	80.51	70.21	62.95	55.77	48.75	43.13	38.86	34.72	33.20	33.00	
117.00	101.70	86.79	74.74	63.53	54.49	48.22	42.66	38.42	34.52	32.58	31.00	
102.00	86.74	75.84	65.84	58.37	51.36	45.07	41.01	38.35	35.78	33.39	32.00	
110.00	98.07	87.84	78.60	69.52	60.91	53.19	46.53	41.53	37.93	35.17	34.00	
118.00	103.41	89.25	77.78	66.98	57.47	50.01	45.28	41.21	37.88	36.38	36.00	
103.00	91.00	80.00	69.16	59.27	51.62	44.00	38.70	35.06	33.01	31.62	31.00	
115.00	99.50	86.92	76.07	65.47	56.45	50.25	44.44	38.74	33.50	33.00	
122.00	108.74	98.34	88.51	78.91	69.87	61.18	52.51	44.39	37.34	35.00	
112.00	98.78	87.87	77.43	67.88	58.58	49.59	43.19	38.53	34.13	32.59	32.00	
123.00	107.19	91.74	76.81	67.09	58.38	50.90	44.71	38.61	34.69	31.00	
120.00	96.47	80.15	67.27	55.82	44.62	40.77	37.36	35.70	34.44	34.00	
108.00	96.00	84.97	73.99	63.43	52.95	45.11	37.43	33.80	32.33	32.00	
112.00	97.07	82.51	69.54	56.98	46.35	41.23	36.85	36.47	36.16	36.00	
103.00	88.58	76.06	66.03	56.88	51.08	46.26	42.00	38.69	37.03	36.00	
114.00	97.12	81.27	68.56	59.05	50.94	45.02	39.21	35.72	32.70	31.00	
111.00	97.50	86.45	75.43	64.99	56.20	47.61	41.47	38.21	36.30	35.11	35.00	
102.00	87.43	74.17	65.92	58.73	52.59	47.86	43.96	40.35	37.56	35.58	34.00	
112.00	100.11	88.25	77.68	68.16	60.57	53.73	47.14	42.81	40.22	37.95	36.00	
123.00	107.43	94.36	82.24	70.50	59.91	51.49	45.16	41.19	38.10	35.34	35.00	
115.00	101.52	88.30	76.57	66.38	57.79	49.22	43.00	37.00	33.44	31.00	
113.00	98.11	85.97	74.68	64.09	55.38	48.68	42.17	36.47	33.56	32.00	
115.00	101.83	89.22	78.12	67.11	57.88	50.01	42.97	36.54	32.54	31.00	
120.00	104.06	89.79	76.00	65.88	57.88	50.78	43.79	37.02	33.23	33.00	
104.00	91.68	79.39	68.47	59.53	52.64	46.53	41.20	36.08	33.47	32.68	32.00	
123.00	109.68	96.57	83.66	71.27	58.88	46.97	41.12	35.62	32.78	31.47	31.00	
120.00	105.09	91.41	80.89	70.85	63.45	56.15	48.85	42.19	37.65	34.00	
110.00	95.63	81.42	71.89	64.62	57.50	50.65	44.53	38.54	35.72	33.00	
113.00	96.63	83.49	71.03	62.84	54.88	48.03	42.44	39.32	37.60	36.56	36.00	
102.00	89.04	77.08	65.18	53.66	43.65	38.62	37.31	36.52	35.74	35.00	
109.00	96.74	85.13	74.64	64.78	56.88	50.19	45.42	41.33	37.60	33.94	33.00	
104.00	92.67	81.67	71.72	63.19	55.26	48.03	42.28	37.57	33.19	31.62	31.00	
118.00	102.07	88.44	76.44	67.60	59.08	52.02	45.40	40.41	36.96	36.00	
119.00	105.39	92.61	81.47	71.14	62.77	54.69	47.31	42.53	37.92	34.99	34.00	
123.00	107.30	93.74	80.83	68.35	56.84	47.56	40.17	36.00	32.94	31.00	
106.00	88.12	71.92	62.24	53.39	46.63	40.59	38.17	36.00	34.46	34.00	
110.00	98.32	86.73	78.36	70.01	62.18	55.18	48.33	42.61	37.51	33.00	
116.00	102.86	90.17	78.78	68.49	59.56	51.53	45.86	40.51	36.30	33.00	
111.00	97.46	84.41	71.99	62.77	53.66	46.32	40.01	35.68	33.97	32.41	31.00	
112.00	99.55	87.53	76.93	66.37	56.29	46.89	40.94	35.40	31.53	31.00	
115.00	99.02	86.82	75.81	64.86	55.85	47.18	39.47	35.57	33.18	31.80	31.00	
107.00	90.49	75.73	65.27	56.52	49.28	43.39	38.96	36.40	34.07	34.00	
121.00	106.26	91.74	79.60	69.76	60.30	54.56	49.42	44.88	40.60	37.49	36.00	
115.00	95.32	77.46	66.23	56.43	47.85	40.49	34.47	32.78	31.08	31.00	
120.00	105.85	91.85	78.53	67.30	56.47	46.56	37.79	36.24	35.07	34.00	
107.00	89.03	74.31	64.17	54.07	44.70	40.50	36.86	33.41	31.86	31.00	
116.00	101.18	88.34	76.93	66.38	59.01	52.04	46.36	41.14	37.74	35.00	
111.00	97.47	84.13	72.42	60.84	52.82	46.53	41.94	38.05	35.27	35.00	
118.00	105.70	93.42	82.04	70.71	60.58	51.33	46.54	43.12	40.15	37.66	36.00	
104.00	92.82	82.48	72.16	63.95	56.20	48.99	42.00	35.39	33.36	31.41	31.00	
121.00	107.58	94.31	82.21	70.59	60.01	51.41	44.39	38.57	36.28	36.00	
114.00	101.36	89.63	79.27	68.92	60.70	52.71	45.93	40.21	37.62	35.97	35.00	
115.00	104.63	94.40	84.50	75.04	66.13	59.21	52.39	46.90	42.92	39.42	36.00	
122.00	109.85	97.89	86.25	75.53	66.15	56.83	48.28	41.63	36.58	35.19	34.00	
121.00	106.80	93.93	81.30	70.32	59.77	49.62	43.53	38.76	36.50	35.41	35.00	
101.00	89.72	79.52	69.36	61.18	53.31	46.06	40.81	36.95	35.28	35.00	
116.00	99.89	85.09	70.39	62.50	55.27	49.93	44.95	40.55	36.96	35.00	
102.00	89.52	79.47	70.20	63.58	57.26	50.94	45.15	39.90	36.51	34.00	
105.00	92.35	81.85	72.50	63.87	55.37	48.20	43.47	38.73	34.79	33.44	33.00	
108.00	92.35	77.97	66.30	57.75	49.37	43.80	40.08	36.75	34.35	33.00	
117.00	104.15	92.31	80.55	69.38	59.01	53.50	48.23	43.88	39.62	37.67	36.00	
110.00	98.17	86.70	75.35	64.33	53.87	44.40	39.88	36.08	33.59	33.00	
114.00	101.37	89.15	78.76	69.15	60.50	53.43	46.95	40.82	36.20	34.41	34.00	
117.00	105.82	95.39	85.47	75.64	66.29	57.63	51.07	45.87	41.28	38.22	36.00	
103.00	88.85	75.42	63.30	53.91	47.01	40.51	37.51	34.52	33.16	32.09	32.00	
121.00	100.40	88.53	77.06	66.96	59.00	51.52	46.18	41.37	36.89	33.00	
116.00	102.79	89.95	79.52	70.14	60.99	52.84	46.00	40.27	36.34	34.97	34.00	
118.00	105.32	93.66	82.22	71.79	63.15	54.59	46.15	37.91	33.43	31.00	
118.00	98.22	82.94	69.28	56.98	45.93	37.42	34.49	33.09	32.48	32.19	32.00	
114.00	99.54	85.51	72.17	59.92	49.95	41.96	39.14	37.54	36.05	35.00	
102.00	89.72	80.23	70.90	61.82	53.26	49.27	45.30	41.60	38.09	35.14	35.00	
120.00	105.16	90.55	79.29	68.93	60.39	52.33	45.71	39.58	35.52	33.00	
109.00	95.55	83.94	73.78	63.63	53.94	47.27	41.33	37.89	36.62	36.00	
121.00	103.82	90.60	77.57	64.98	53.70	47.73	43.09	39.24	36.17	34.00	
109.00	98.79	89.22	79.66	70.14	61.23	53.73	46.65	40.36	37.52	35.57	34.00	
112.00	96.85	84.34	72.64	63.46	55.37	49.05	44.02	40.48	37.42	35.00	
115.00	98.81	83.50	74.74	66.71	58.91	51.16	44.04	37.42	33.46	31.00	
112.00	95.35	81.90	68.99	56.59	49.17	43.17	38.76	34.68	32.92	32.00	
114.00	91.01	72.68	63.86	56.13	49.35	44.19	39.83	36.80	34.19	33.00	
106.00	93.43	81.23	70.73	62.72	56.50	51.25	46.89	42.59	39.67	37.21	36.00	
118.00	105.15	92.76	81.08	70.23	61.23	52.29	43.97	37.00	33.71	33.00	
117.00	100.69	86.09	75.29	65.47	56.09	47.89	42.53	38.58	34.76	33.82	33.00	
122.00	107.78	95.86	84.04	72.29	61.08	50.52	40.71	38.20	35.95	33.75	32.00	
111.00	95.65	82.45	73.30	64.39	55.72	49.13	42.93	37.48	33.37	32.00	
101.00	89.15	77.34	68.81	61.52	54.99	48.69	43.56	40.70	38.40	36.56	36.00	
111.00	97.05	83.97	72.27	63.13	54.07	46.32	39.55	36.33	33.91	31.87	31.00	
108.00	97.11	86.43	75.78	65.99	57.38	50.43	44.15	39.96	37.63	35.75	34.00	
113.00	92.73	76.98	64.52	55.34	48.67	43.55	38.64	36.41	34.44	33.00	
114.00	101.96	90.74	79.92	69.96	60.66	53.14	46.24	40.17	35.93	34.37	33.00	
114.00	97.65	81.48	65.39	57.43	51.96	46.50	42.43	39.10	36.91	34.82	33.00	
114.00	100.10	86.95	76.49	67.73	59.32	51.75	44.21	38.43	34.05	33.22	33.00	
117.00	104.44	91.89	80.17	69.06	60.30	53.26	47.44	44.05	40.73	38.07	36.00	
115.00	101.83	88.79	75.95	66.27	56.97	48.37	42.46	37.46	34.38	32.00	
110.00	95.71	81.49	71.99	63.65	55.66	48.82	42.92	38.32	34.34	31.00	
110.00	96.61	83.44	73.02	63.16	53.52	47.60	42.17	37.15	33.31	32.00	
123.00	102.24	85.14	72.78	63.56	54.40	46.19	40.12	37.01	36.05	36.00	
121.00	102.42	85.82	71.75	62.01	53.95	47.08	40.66	37.26	35.59	35.06	35.00	
106.00	91.63	79.79	70.47	62.10	55.07	49.33	43.79	39.16	36.70	35.00	
117.00	100.90	84.89	70.92	61.93	54.50	47.92	42.09	36.61	34.26	33.00	
115.00	97.74	80.81	64.35	54.72	48.67	43.92	39.55	37.09	34.67	32.49	31.00	
110.00	93.73	79.35	65.27	55.39	46.88	42.25	38.36	35.71	34.83	34.00	
120.00	106.04	93.12	80.60	68.34	56.91	45.98	37.60	31.99	31.44	31.00	
107.00	95.41	84.35	74.47	65.70	58.60	51.81	46.57	41.39	36.25	32.00	
122.00	104.65	87.83	74.73	63.15	53.27	45.35	39.06	36.92	35.57	35.00	
116.00	101.40	88.54	78.04	68.07	59.08	50.17	44.59	40.78	38.30	36.15	35.00	
108.00	96.66	86.41	76.56	67.38	58.51	51.02	44.58	39.46	36.53	34.05	32.00	
109.00	94.97	82.35	73.06	63.96	55.92	48.37	41.25	34.39	32.60	31.37	31.00	
119.00	105.43	92.15	81.57	72.32	63.19	55.41	47.92	41.06	38.76	37.09	36.00	
110.00	93.96	80.18	67.19	57.75	49.41	41.48	37.55	35.52	34.74	34.00	
108.00	95.36	83.63	74.08	65.07	56.47	49.59	43.12	39.43	36.15	33.82	32.00	
113.00	95.59	79.61	66.71	57.54	48.74	42.10	35.74	32.49	31.84	31.40	31.00	
107.00	94.36	83.12	73.39	66.17	59.68	53.27	46.89	43.43	40.03	37.01	36.00	
102.00	86.42	72.92	59.48	50.62	45.44	41.80	38.25	35.73	34.58	34.00	
112.00	100.64	89.67	79.11	68.71	61.85	55.18	49.25	43.87	38.73	35.57	35.00	
122.00	105.90	94.44	83.74	74.31	65.14	56.30	48.69	44.20	40.04	36.33	33.00	
103.00	91.85	84.09	76.40	69.12	62.23	55.86	50.89	46.61	42.44	38.42	36.00	
103.00	92.38	82.15	72.11	62.08	52.75	46.07	39.49	36.71	35.46	34.67	34.00	
104.00	90.83	78.32	66.36	56.04	47.41	40.10	35.34	33.09	32.13	32.00	
110.00	96.47	83.98	72.36	63.29	54.99	49.40	44.74	40.64	36.83	34.90	33.00	
119.00	100.36	85.47	71.01	57.61	47.00	37.13	33.77	32.04	31.04	31.00	
116.00	99.68	88.67	77.86	68.33	58.95	50.03	41.63	36.56	33.92	32.00	
119.00	99.20	84.02	68.88	53.84	43.11	39.46	37.33	35.23	33.76	33.00	
101.00	88.64	79.62	71.00	62.56	54.81	48.80	43.96	39.73	36.24	34.59	34.00	
118.00	102.11	88.84	77.65	67.29	57.83	48.80	40.04	36.81	34.64	34.00	
121.00	106.80	92.66	79.93	67.54	59.04	51.85	44.80	40.60	36.68	35.09	35.00	
111.00	97.40	87.50	78.39	70.31	62.64	55.84	49.06	42.72	38.18	34.41	31.00	
103.00	89.54	76.14	64.15	53.18	43.57	37.05	34.58	33.01	31.99	31.37	31.00	
116.00	96.37	81.56	70.04	59.21	50.22	44.66	39.72	35.78	32.49	32.00	
109.00	94.68	83.18	72.38	61.96	54.26	46.92	43.18	40.10	37.26	36.00	
118.00	105.94	94.51	83.10	71.85	60.86	50.87	43.39	37.42	35.31	34.00	
120.00	100.98	88.77	77.21	66.15	56.71	49.89	43.99	40.41	37.99	35.99	34.00	
116.00	103.53	91.73	81.60	72.03	63.32	57.11	51.06	45.43	39.95	36.37	35.00	
101.00	91.33	81.85	72.39	64.05	56.10	49.36	44.05	39.42	36.81	35.00	
117.00	106.09	95.31	85.12	75.03	66.08	57.26	49.43	44.32	39.21	34.63	32.00	
101.00	84.17	72.18	61.45	52.58	46.98	41.69	36.79	35.51	34.68	34.24	34.00	
106.00	89.70	78.43	69.02	61.01	54.16	49.05	44.24	40.95	38.34	36.00	
102.00	88.48	77.41	68.27	60.23	52.32	45.87	40.93	37.29	36.11	35.39	35.00	
120.00	104.14	90.28	76.71	66.85	58.08	50.04	43.39	37.11	31.84	31.00	
118.00	104.14	90.70	78.73	67.63	58.37	49.93	44.99	40.72	37.30	34.16	32.00	
122.00	109.96	98.56	87.80	77.23	68.67	60.23	52.27	45.41	39.03	35.01	35.00	
102.00	88.02	77.81	68.68	59.86	51.33	45.28	40.54	38.28	36.28	35.00	
119.00	102.45	87.59	73.63	63.15	54.83	47.95	41.29	35.52	32.12	32.00	
113.00	100.01	87.45	75.09	63.31	52.88	44.77	39.57	34.65	32.95	32.00	
108.00	96.67	85.53	76.95	68.75	60.87	53.15	47.69	42.27	37.28	33.07	32.00	
107.00	93.85	81.70	70.40	60.20	52.94	45.78	42.11	38.59	35.28	33.56	32.00	
119.00	96.77	82.19	68.52	59.04	49.61	43.72	39.17	35.49	32.41	32.00	
111.00	97.06	83.98	72.53	62.33	54.57	47.45	40.81	36.64	35.19	35.00	
123.00	101.43	83.71	73.34	63.49	54.27	47.75	42.40	39.91	37.44	36.00	
105.00	95.08	85.22	75.63	67.99	62.23	56.49	51.31	46.76	42.56	38.98	36.00	
123.00	105.91	91.79	78.04	65.00	55.04	48.52	42.23	38.40	35.18	33.58	33.00	
113.00	94.06	81.34	69.47	61.77	54.36	47.97	42.15	38.44	36.51	35.00	
115.00	99.19	86.24	73.54	64.90	56.31	49.54	42.93	36.49	33.41	33.00	
120.00	104.56	90.04	76.11	66.24	56.60	48.65	42.70	37.79	33.72	33.21	33.00	
120.00	100.16	82.87	67.68	56.01	44.49	40.72	37.14	35.05	34.13	34.00	
120.00	101.70	86.59	71.73	60.42	49.26	44.30	40.09	36.52	35.73	35.00	
116.00	101.78	88.02	77.35	69.11	61.48	55.65	50.39	45.36	41.07	37.65	35.00	
114.00	98.89	84.40	72.52	61.87	54.05	46.58	40.00	35.84	34.12	33.00	
115.00	103.58	92.82	83.24	74.18	65.38	57.87	52.01	46.73	42.61	38.70	35.00	
101.00	90.90	80.85	71.53	62.58	54.98	48.67	42.45	39.64	37.64	35.79	35.00	
106.00	94.31	82.66	73.66	65.31	58.08	51.00	44.56	40.00	35.55	33.35	33.00	
118.00	103.46	91.30	79.60	67.97	57.10	46.32	40.77	37.08	34.84	32.74	31.00	
123.00	106.18	89.95	75.16	62.95	57.67	52.68	47.76	43.27	39.60	36.48	36.00	
123.00	108.39	96.43	85.58	75.89	66.35	58.03	49.98	42.57	37.33	35.00	
110.00	96.70	83.47	74.40	65.58	57.52	49.55	43.07	37.09	31.75	31.00	
104.00	95.49	87.00	78.74	70.64	62.57	54.80	47.64	41.31	35.52	32.43	31.00	
116.00	99.89	84.98	71.06	60.17	52.07	45.15	39.44	34.42	31.85	31.00	
107.00	90.81	76.72	67.26	58.76	51.69	46.73	42.64	39.53	37.53	36.57	36.00	
120.00	106.93	94.38	82.72	71.64	61.26	51.80	44.92	38.99	34.94	33.16	32.00	
116.00	104.32	92.66	81.72	71.26	61.43	51.65	42.28	34.66	32.16	32.00	
118.00	104.93	92.54	80.82	70.55	60.43	53.23	47.27	41.81	37.11	35.31	35.00	
121.00	105.70	90.82	76.92	63.77	54.46	47.63	42.26	37.53	35.68	34.00	
111.00	99.99	89.45	79.13	69.56	62.56	56.10	50.17	44.45	38.80	34.04	31.00	
117.00	102.10	89.19	77.28	66.22	59.21	52.52	45.85	39.91	37.39	36.60	36.00	
121.00	104.83	89.32	74.73	62.81	53.44	49.32	45.27	42.09	39.36	36.75	35.00	
101.00	88.31	77.90	68.95	60.57	53.66	47.20	41.35	36.61	34.40	32.31	32.00	
104.00	91.85	80.78	70.63	60.85	54.95	49.80	44.71	39.81	36.42	35.00	
115.00	100.13	85.90	73.04	63.17	53.48	45.85	38.53	34.68	34.03	34.00	
114.00	98.72	84.79	74.85	66.01	57.21	51.03	44.90	40.56	36.53	33.00	
113.00	100.62	89.28	77.96	67.34	59.89	52.44	45.59	39.15	33.15	32.00	
110.00	96.16	84.52	75.14	65.84	58.50	51.55	45.86	40.49	37.04	34.26	34.00	
107.00	93.35	80.31	69.08	59.42	49.91	45.60	41.57	38.70	36.37	35.11	34.00	
108.00	93.08	82.06	73.06	64.20	55.96	47.76	42.33	39.36	36.56	35.10	34.00	
108.00	93.25	79.40	69.47	61.78	54.67	47.70	41.18	37.61	34.18	32.70	32.00	
101.00	82.59	65.76	57.34	49.71	42.62	38.75	36.03	33.83	32.29	32.00	
104.00	86.87	75.61	65.89	56.52	49.73	45.93	42.65	39.62	36.59	34.00	
110.00	92.88	75.88	66.57	59.72	53.32	47.16	42.19	38.37	36.37	35.17	34.00	
117.00	102.29	89.40	79.24	69.28	61.37	54.79	48.41	43.22	38.92	34.86	31.00	
109.00	93.51	79.88	68.82	58.12	48.42	42.25	36.87	34.50	32.94	32.00	
103.00	86.29	72.80	64.63	56.76	49.26	43.89	39.45	36.70	35.26	34.00	
114.00	101.95	92.35	82.78	73.73	65.01	57.17	49.53	42.69	36.99	35.00	
107.00	91.76	79.40	67.97	58.50	52.30	46.16	40.13	34.74	31.44	31.00	
106.00	93.51	82.41	73.66	66.23	59.21	52.50	45.95	41.69	37.80	34.31	34.00	
114.00	97.78	87.19	77.80	68.54	59.54	51.78	45.09	39.67	35.70	32.00	
116.00	101.03	88.68	76.60	66.12	56.51	48.63	42.81	39.62	36.68	34.34	32.00	
113.00	95.94	80.28	66.26	58.04	51.29	45.50	40.24	36.59	33.39	32.00	
102.00	92.75	83.74	76.07	68.51	61.76	55.23	49.08	43.45	39.00	35.01	32.00	
113.00	99.03	85.07	72.51	60.57	52.81	46.84	42.62	39.07	36.58	35.64	35.00	
113.00	98.51	84.98	72.25	60.83	52.70	45.37	41.82	38.31	37.13	36.35	36.00	
106.00	94.68	83.74	73.20	65.40	58.10	51.09	44.63	39.61	36.29	33.05	31.00	
101.00	85.34	71.67	59.09	49.75	42.65	39.44	37.58	35.86	35.17	35.00	
101.00	87.52	74.24	62.23	52.57	43.70	37.42	35.17	33.68	33.21	33.00	
105.00	93.66	82.48	74.06	65.92	58.00	50.10	42.63	37.17	32.98	31.00	
107.00	91.72	79.06	67.96	58.36	49.29	43.93	40.55	37.20	34.64	33.00	
110.00	98.83	87.94	77.82	67.77	58.59	50.30	43.95	38.67	33.47	31.59	31.00	
109.00	92.39	77.67	64.82	54.18	47.94	44.23	40.68	37.74	35.22	33.00	
111.00	96.41	82.51	69.23	58.34	47.73	38.82	35.72	33.28	31.01	31.00	
103.00	90.34	78.75	69.06	59.85	51.83	44.69	39.35	34.94	32.25	31.00	
115.00	94.46	79.97	70.35	61.97	54.58	49.58	45.27	41.58	38.05	35.63	34.00	
105.00	93.07	81.33	72.02	63.70	56.58	49.69	43.76	39.46	36.32	35.09	35.00	
115.00	100.56	86.41	72.55	59.58	48.52	42.81	39.04	35.48	33.11	32.47	32.00	
103.00	93.65	85.74	78.01	70.61	63.84	57.22	50.83	45.09	40.46	37.53	36.00	
119.00	101.48	86.35	74.38	63.25	54.30	46.68	39.27	35.50	34.08	33.00	
118.00	104.44	92.59	81.19	70.52	61.16	53.32	46.73	41.41	36.59	33.00	
113.00	100.26	89.18	78.73	68.39	59.05	50.64	45.39	40.48	36.11	34.00	
113.00	99.48	87.21	76.65	66.77	57.91	49.27	41.93	34.84	32.64	32.00	
122.00	106.79	92.46	81.05	70.28	61.12	52.89	45.45	39.84	36.50	33.20	31.00	
113.00	96.22	80.73	71.49	63.58	55.81	49.26	42.92	38.33	36.44	35.00	
115.00	102.42	90.12	77.98	66.61	55.95	48.75	43.06	39.63	37.78	36.06	35.00	
102.00	87.91	75.36	64.62	56.19	49.50	43.92	38.61	35.10	33.58	32.71	32.00	
118.00	102.57	87.64	76.53	65.73	57.58	51.08	45.17	40.61	36.37	36.00	
118.00	102.67	88.39	74.59	62.21	54.02	49.01	44.31	39.66	36.64	34.00	
102.00	88.72	77.90	69.55	61.56	53.75	47.02	41.39	36.94	35.25	34.00	
108.00	94.32	81.19	69.49	58.35	48.55	43.81	39.84	37.52	35.76	35.00	
101.00	90.27	79.67	70.79	62.23	54.22	47.13	43.23	39.96	37.03	36.00	
110.00	98.90	89.02	79.18	69.92	62.12	54.34	47.34	40.56	34.84	33.00	
110.00	98.41	87.69	77.72	68.18	59.25	50.38	42.45	35.98	33.38	31.96	31.00	
112.00	101.05	90.48	80.40	70.34	62.10	54.06	47.61	43.36	39.32	35.97	35.00	
116.00	100.16	84.85	70.08	60.06	52.08	46.16	40.35	36.03	35.35	35.00	
113.00	100.22	90.50	81.02	72.03	64.34	57.01	50.39	43.91	37.76	33.83	33.00	
114.00	100.43	88.80	77.43	68.03	60.64	53.56	46.64	39.75	34.97	33.21	33.00	
111.00	98.25	85.69	75.99	66.69	58.93	51.24	45.18	39.70	36.34	33.41	32.00	
119.00	103.13	90.66	78.36	66.60	55.03	47.47	42.51	38.02	34.99	32.45	31.00	
122.00	103.97	86.09	70.81	59.93	50.55	45.09	40.62	37.91	36.10	35.00	
118.00	95.71	82.96	70.56	60.47	51.28	44.15	37.78	36.08	34.78	34.00	
110.00	97.38	85.06	73.83	64.11	55.38	46.85	38.65	35.05	32.16	31.48	31.00	
106.00	95.33	84.89	75.33	66.77	59.12	51.48	44.24	38.83	35.36	32.00	
104.00	91.39	79.93	68.81	58.53	48.86	42.10	38.25	34.78	32.93	31.96	31.00	
123.00	108.49	95.32	82.82	73.41	65.16	57.56	50.12	44.00	38.27	35.46	34.00	
121.00	101.14	83.42	72.66	62.64	52.68	46.49	41.90	37.70	34.30	32.58	32.00	
115.00	100.33	87.53	76.38	68.83	61.33	54.35	47.86	41.83	36.53	32.23	31.00	
113.00	90.29	74.56	62.16	50.72	41.67	36.58	34.71	32.86	32.13	32.00	
114.00	93.40	77.74	63.37	51.52	44.41	38.54	36.07	34.27	33.28	33.00	
111.00	94.88	79.77	66.82	54.09	43.01	37.57	34.76	32.35	31.14	31.00	
118.00	102.06	87.85	73.94	62.74	54.01	45.92	39.79	36.29	34.85	34.00	
102.00	88.72	76.76	66.78	56.90	48.30	42.17	36.54	32.64	31.65	31.00	
122.00	106.91	91.88	80.04	70.28	61.08	52.51	44.54	38.23	35.22	34.05	34.00	
107.00	97.19	87.49	78.03	68.62	60.23	51.92	43.66	36.74	36.43	36.14	36.00	
104.00	92.94	81.90	72.45	63.07	53.94	44.92	40.59	38.27	36.39	35.00	
117.00	103.78	91.36	79.60	69.67	59.85	53.39	47.84	42.39	37.32	35.01	34.00	
110.00	97.43	85.56	73.96	63.17	54.77	48.02	43.00	38.23	34.45	34.00	
119.00	99.90	81.52	67.90	55.65	48.95	43.91	40.74	37.84	35.15	33.23	32.00	
117.00	100.57	84.57	72.10	63.02	54.21	45.79	40.70	37.22	33.82	31.56	31.00	
109.00	95.26	82.47	71.75	64.32	57.46	51.03	44.85	40.88	37.83	35.50	34.00	
106.00	93.91	81.97	70.27	60.34	51.57	45.64	40.53	36.43	34.10	34.00	
123.00	109.28	95.86	82.70	71.05	59.48	51.55	45.71	40.37	37.15	35.00	
115.00	101.30	89.29	77.54	66.41	55.56	45.88	39.06	36.49	34.58	34.00	
112.00	98.58	86.28	74.48	63.52	55.82	48.35	41.55	37.21	33.14	32.00	
101.00	83.03	71.57	60.70	53.25	45.84	39.54	36.90	34.30	31.93	31.00	
102.00	89.79	78.27	66.88	58.60	51.72	46.67	42.85	39.49	36.62	33.86	33.00	
120.00	105.28	92.59	82.12	72.60	63.47	56.10	48.91	42.83	37.31	35.15	34.00	
106.00	93.37	82.46	73.48	64.71	56.50	49.10	41.86	37.20	34.33	32.05	32.00	
115.00	99.43	85.71	74.60	64.13	53.87	47.55	41.56	38.40	35.60	33.00	
101.00	90.43	80.71	71.02	63.16	55.77	49.04	42.87	38.07	34.81	34.25	34.00	
120.00	101.48	86.64	72.21	61.65	54.56	47.84	42.11	37.69	35.06	33.90	33.00	
111.00	96.75	84.42	72.54	62.29	53.53	45.27	39.11	35.89	34.44	34.00	
119.00	104.35	91.03	79.22	70.07	62.13	54.37	47.95	44.52	41.20	38.27	36.00	
111.00	97.60	86.79	76.89	67.32	58.22	50.46	46.28	42.18	38.13	36.00	
111.00	93.91	80.72	69.03	59.19	51.78	45.72	40.99	36.70	35.69	35.00	
112.00	99.45	87.60	78.02	69.07	61.35	54.38	47.96	41.91	38.44	35.75	35.00	
107.00	92.87	79.28	71.13	63.42	56.13	49.91	45.04	40.29	36.13	36.00	
118.00	105.49	92.97	81.61	71.55	61.98	55.43	49.63	43.85	39.51	35.26	33.00	
102.00	90.82	80.61	72.00	64.01	57.45	51.14	45.12	40.21	36.04	35.00	
106.00	93.55	81.49	70.15	59.56	51.54	45.46	41.32	37.74	34.90	32.63	31.00	
107.00	97.13	87.66	78.50	69.84	61.74	55.81	51.09	46.81	42.61	38.57	36.00	
119.00	101.47	89.61	77.80	67.47	58.50	50.41	43.40	37.30	32.56	32.00	
110.00	95.86	83.23	71.07	60.17	53.81	48.29	43.91	40.39	38.22	36.08	35.00	
113.00	102.55	92.46	82.72	73.45	64.19	56.85	49.82	44.36	39.31	37.63	36.00	
122.00	107.35	93.30	81.65	71.20	61.22	52.64	44.86	41.12	37.59	35.00	
105.00	87.48	70.11	56.70	50.07	46.11	43.24	40.66	38.34	36.05	36.00	
117.00	99.16	84.36	74.36	64.43	57.55	50.95	46.01	41.36	37.56	36.27	36.00	
112.00	98.19	84.42	71.37	58.84	50.12	45.20	40.77	36.35	35.50	35.00	
121.00	107.31	93.69	82.52	73.06	64.63	56.21	48.10	40.03	37.11	34.76	34.00	
119.00	106.39	94.56	82.80	71.76	61.86	52.75	46.21	40.54	36.05	33.00	
106.00	94.23	82.98	72.65	63.28	55.16	49.62	44.23	40.98	38.27	36.67	36.00	
122.00	106.51	93.40	80.91	69.66	60.56	52.27	44.28	36.76	35.06	34.00	
101.00	90.70	80.68	72.67	65.40	58.84	52.87	47.22	41.87	38.28	36.13	35.00	
109.00	93.97	79.07	66.04	55.12	45.81	40.94	36.48	32.91	32.12	31.43	31.00	
101.00	90.24	80.23	70.56	62.76	55.58	48.63	43.46	38.44	35.00	34.00	
112.00	100.74	89.51	78.68	68.24	60.35	52.60	46.03	41.09	36.17	35.00	
123.00	106.70	92.90	80.52	69.83	62.12	55.26	48.58	42.77	39.48	37.04	36.00	
122.00	108.37	94.75	83.70	72.76	61.96	52.47	43.56	35.91	33.21	32.06	31.00	
111.00	94.06	84.04	74.22	64.61	55.37	49.53	44.28	40.31	36.56	33.75	32.00	
104.00	91.69	81.08	72.51	64.91	57.71	51.09	46.14	41.60	37.83	36.00	
119.00	108.26	97.67	88.12	80.06	72.04	64.05	56.59	49.52	42.95	37.05	34.00	
105.00	93.38	82.90	72.45	62.88	53.45	46.27	40.27	35.93	33.47	31.72	31.00	
112.00	99.39	86.82	74.56	63.63	55.03	47.12	43.36	40.52	37.87	35.74	35.00	
112.00	99.33	88.38	78.20	69.06	60.47	52.21	44.09	38.96	35.97	34.00	
107.00	94.45	82.25	70.14	58.70	49.61	43.10	39.26	36.30	34.67	34.00	
123.00	109.68	96.46	84.53	74.12	63.80	53.85	45.37	38.97	34.28	33.41	33.00	
117.00	104.14	92.44	81.37	71.23	61.14	53.01	46.79	42.43	39.46	36.69	35.00	
113.00	95.10	77.67	68.77	60.83	55.31	49.84	45.11	40.89	37.00	33.85	32.00	
106.00	90.26	76.72	67.18	59.03	51.37	43.77	38.83	35.20	32.28	32.00	
103.00	93.48	84.73	76.11	67.52	59.06	51.10	43.97	39.26	35.25	33.11	32.00	
113.00	100.39	88.69	77.25	68.66	60.14	51.91	46.96	42.98	39.73	36.60	36.00	
121.00	107.55	94.17	82.52	71.90	62.73	53.59	44.83	36.32	33.82	32.00	
123.00	105.61	91.13	77.04	64.90	55.88	48.14	41.04	35.67	32.85	31.00	
109.00	94.51	84.02	75.62	67.73	60.08	53.08	46.30	39.78	36.83	35.11	34.00	
117.00	103.70	90.82	78.70	68.21	58.39	49.02	43.07	38.80	35.04	33.00	
121.00	105.12	89.64	75.11	64.74	54.51	47.12	40.23	34.65	33.51	33.18	33.00	
106.00	95.03	85.53	76.58	67.80	61.55	55.52	49.49	43.77	40.00	36.89	35.00	
117.00	97.99	79.86	63.10	54.96	48.16	41.85	36.58	34.13	32.99	32.00	
107.00	94.97	84.74	75.23	67.46	61.33	55.51	50.14	46.30	42.64	39.11	36.00	
112.00	102.22	92.63	83.13	74.07	65.26	56.97	50.30	44.62	39.27	35.43	33.00	
105.00	93.99	83.57	73.81	64.78	56.29	48.22	40.42	38.15	36.15	36.00	
107.00	95.74	84.50	73.96	63.50	54.57	48.18	42.31	36.81	34.10	31.48	31.00	
107.00	94.15	81.86	72.39	63.25	54.89	48.00	42.45	37.74	35.34	33.00	
123.00	110.25	98.73	87.84	77.80	67.82	58.18	49.59	44.02	40.76	37.67	36.00	
103.00	91.57	82.32	73.17	64.12	57.82	51.61	45.78	40.87	36.60	36.00	
111.00	100.00	89.43	79.37	70.17	63.26	56.59	50.90	45.93	41.17	36.76	36.00	
121.00	108.27	96.30	84.55	73.49	63.63	55.67	48.95	42.86	37.51	35.11	34.00	
122.00	107.55	94.26	81.11	70.12	59.57	49.30	39.71	34.86	32.95	32.00	
122.00	108.08	94.82	83.37	74.86	67.20	60.40	53.72	47.28	42.49	38.99	36.00	
114.00	93.58	78.28	66.21	57.71	50.17	44.05	38.01	32.81	32.04	32.00	
101.00	85.81	71.31	58.12	50.32	43.82	37.78	33.64	31.72	31.16	31.00	
110.00	93.42	80.17	67.74	58.39	49.42	41.52	36.46	32.97	31.38	31.00	
122.00	107.05	93.87	81.15	70.78	60.83	52.74	46.11	39.72	34.55	33.77	33.00	
114.00	102.54	91.65	81.50	72.22	63.40	56.17	49.22	42.49	38.45	34.58	31.00	
107.00	96.57	86.16	77.06	68.23	59.79	52.61	45.93	40.15	34.63	33.32	33.00	
111.00	101.94	93.05	84.26	75.65	67.10	59.06	51.44	44.48	39.03	34.00	
112.00	99.91	88.02	77.21	68.41	60.20	53.72	47.91	42.65	38.62	36.00	
120.00	101.02	88.13	76.16	64.66	53.78	44.52	38.75	34.34	32.13	31.00	
117.00	98.10	81.27	67.18	57.53	50.99	46.09	41.78	37.58	35.34	34.00	
114.00	99.46	85.50	72.23	62.28	54.10	46.32	40.73	36.87	35.10	33.45	33.00	
102.00	92.39	83.17	74.57	66.91	59.31	53.09	47.85	42.67	37.87	33.30	33.00	
113.00	101.04	89.39	79.69	70.58	63.18	56.07	49.11	43.65	39.26	35.93	35.00	
103.00	90.87	79.24	68.46	59.45	53.15	47.01	41.54	36.67	33.90	32.92	32.00	
113.00	102.36	91.83	82.09	72.93	63.85	55.29	47.12	41.18	36.56	33.34	31.00	
112.00	95.17	82.05	72.42	63.63	56.89	50.75	46.17	41.68	37.49	34.73	33.00	
104.00	91.17	80.39	71.80	63.94	56.23	49.09	43.81	38.65	35.65	34.00	
117.00	105.08	93.87	82.88	73.12	63.72	54.97	46.50	40.20	36.02	33.13	32.00	
119.00	101.08	87.04	74.38	65.20	56.52	48.62	42.69	37.93	34.42	32.45	32.00	
102.00	92.31	82.85	73.68	65.35	57.86	50.40	45.20	40.07	36.10	32.73	32.00	
106.00	95.59	85.25	75.68	66.23	56.83	48.75	42.09	39.62	37.16	34.90	33.00	
123.00	107.42	92.62	82.64	72.75	63.85	54.97	47.87	41.03	36.98	35.62	35.00	
115.00	102.09	89.19	78.10	67.09	58.41	50.83	43.41	36.42	33.57	31.00	
122.00	106.96	94.24	81.53	69.26	59.16	52.13	45.32	39.64	35.02	32.97	31.00	
109.00	94.45	80.15	69.33	58.68	50.85	46.39	43.47	40.63	38.54	36.75	36.00	
109.00	94.49	80.23	71.19	62.98	56.07	49.93	44.69	40.44	36.20	32.04	32.00	
122.00	109.36	96.77	84.75	73.18	61.69	53.05	45.50	38.82	32.48	31.00	
101.00	90.25	80.08	70.26	61.25	54.14	47.86	42.66	39.37	36.91	35.22	35.00	
104.00	92.50	83.17	73.99	65.46	57.41	50.39	44.30	40.86	37.56	34.58	33.00	
116.00	100.53	85.82	71.81	61.65	51.72	44.09	36.89	35.86	35.37	35.00	
107.00	96.52	86.61	77.38	68.90	60.52	53.08	45.97	41.59	37.54	33.69	31.00	
110.00	92.09	77.51	64.53	53.34	42.38	36.31	33.85	32.42	31.16	31.00	
113.00	99.61	86.47	73.91	62.02	50.18	44.25	39.92	35.68	33.66	32.00	
121.00	102.91	89.98	77.86	68.55	61.50	54.74	48.29	42.63	38.78	36.00	
119.00	107.19	96.68	86.38	76.39	66.47	58.46	51.93	45.99	40.35	36.20	36.00	
120.00	102.11	86.77	72.03	57.30	48.22	42.27	38.11	35.22	33.42	32.00	
109.00	85.95	72.52	60.05	48.88	43.99	40.08	36.66	33.44	31.81	31.00	
123.00	107.25	91.71	79.29	70.85	62.72	55.78	49.45	43.55	38.28	35.66	35.00	
116.00	102.38	88.81	78.56	69.29	60.35	52.72	46.30	40.88	36.74	34.43	34.00	
106.00	90.56	79.32	69.79	60.92	54.36	49.19	44.07	39.05	35.67	33.00	
116.00	102.52	89.10	77.38	67.60	57.95	50.23	44.30	40.49	36.87	33.80	33.00	
118.00	104.08	91.74	79.43	70.54	61.98	53.65	45.37	38.61	34.83	32.00	
118.00	103.06	89.51	76.15	64.74	54.55	46.99	39.72	35.54	33.29	32.00	
113.00	100.86	88.94	77.39	65.89	58.13	50.84	44.20	38.36	34.28	32.00	
123.00	103.98	90.23	78.77	69.02	61.37	54.41	48.66	43.61	39.21	35.43	35.00	
103.00	91.77	81.66	71.58	63.33	55.90	48.73	43.66	39.06	34.67	33.00	
102.00	88.40	77.57	67.47	60.66	54.44	48.99	44.63	40.75	37.04	36.29	36.00	
101.00	88.82	78.47	70.52	63.22	56.88	51.06	45.85	41.08	37.84	35.00	
105.00	90.56	78.40	67.17	58.71	51.16	43.63	38.46	34.40	32.88	31.72	31.00	
108.00	98.10	88.37	78.91	70.03	61.38	54.94	48.60	42.42	38.22	35.00	
117.00	102.88	88.97	75.83	64.38	54.73	48.33	42.51	37.82	34.92	33.00	
108.00	93.51	79.28	68.16	60.16	53.63	47.29	41.62	37.11	34.08	33.00	
102.00	90.60	80.33	72.00	63.74	56.66	50.10	44.05	38.74	33.99	32.05	32.00	
107.00	93.69	81.39	73.11	65.17	57.42	51.20	45.02	41.44	38.56	36.00	
103.00	87.66	77.62	69.32	61.44	54.40	47.75	41.98	38.65	36.30	35.00	
106.00	96.79	87.73	79.24	70.80	62.41	55.08	48.02	41.79	37.65	34.00	
103.00	88.02	74.61	64.48	56.06	49.60	44.90	41.13	38.05	36.15	35.00	
120.00	100.52	81.16	64.87	56.37	49.44	44.83	41.39	38.11	37.18	36.59	36.00	
105.00	90.39	77.64	66.46	56.06	49.48	43.27	39.42	35.69	34.50	34.00	
110.00	95.72	81.96	72.11	63.35	55.63	48.39	42.96	38.93	35.83	34.23	34.00	
120.00	105.62	91.82	78.56	67.98	62.18	56.48	51.14	45.97	41.56	37.24	35.00	
104.00	94.12	84.80	75.64	68.98	62.33	56.49	50.67	45.25	40.13	35.67	35.00	
106.00	91.90	78.37	65.42	52.97	45.65	40.17	36.16	33.58	32.64	32.00	
122.00	103.41	85.60	68.46	56.86	46.56	39.31	36.84	34.85	33.87	33.26	33.00	
110.00	92.57	75.69	64.21	55.48	47.90	41.23	35.52	32.42	31.50	31.00	
111.00	98.07	86.63	75.92	66.00	56.83	49.27	44.43	39.86	36.39	35.00	
108.00	95.23	83.47	71.85	60.89	50.45	43.67	38.59	35.53	35.14	35.00	
111.00	93.19	77.56	65.76	56.53	51.10	46.02	41.00	36.41	32.22	31.00	
116.00	101.65	90.11	79.47	69.20	59.28	52.25	45.66	41.27	37.36	36.00	
113.00	99.86	87.25	74.64	65.04	56.48	48.28	41.24	36.11	32.30	32.00	
108.00	92.09	77.85	65.85	56.82	48.39	41.23	37.83	34.66	33.18	33.00	
112.00	96.50	83.06	74.30	66.28	58.52	51.42	44.82	40.63	37.29	34.88	33.00	
122.00	104.86	89.07	76.81	68.00	59.64	51.96	44.29	38.10	33.12	31.00	
108.00	94.43	81.71	70.23	60.14	51.29	46.56	42.39	38.43	36.30	36.00	
109.00	94.15	80.02	66.03	56.72	49.62	44.20	38.96	35.13	31.89	31.00	
115.00	101.05	89.79	79.42	69.74	60.43	51.30	44.87	39.68	35.92	34.13	34.00	
117.00	99.93	84.86	70.16	62.18	54.68	47.48	41.63	36.76	32.38	31.00	
109.00	97.70	88.19	79.02	69.94	61.23	53.71	46.40	41.05	36.63	33.00	
110.00	94.96	83.09	72.10	62.24	53.01	44.50	39.42	35.92	35.45	35.00	
112.00	99.43	87.54	75.71	64.42	53.47	46.30	40.29	36.58	34.24	32.00	
117.00	101.51	89.18	79.27	69.95	61.83	55.45	49.76	44.47	39.22	35.96	33.00	
109.00	96.47	84.65	73.47	63.37	56.86	51.16	46.50	42.48	39.05	35.70	35.00	
118.00	98.68	80.50	67.91	58.31	49.06	42.75	36.75	34.82	33.11	32.03	31.00	
117.00	101.97	88.24	74.84	65.77	57.13	49.45	43.68	39.67	37.08	36.00	
114.00	100.33	88.00	76.33	68.34	60.58	53.00	46.27	41.80	38.26	35.00	
114.00	100.11	87.52	77.40	67.32	58.32	50.62	43.61	39.90	36.45	34.61	33.00	
111.00	95.29	82.20	70.44	59.68	51.35	46.58	42.30	38.41	35.41	33.05	32.00	
119.00	104.82	93.60	82.77	71.99	62.21	54.46	47.45	41.34	37.00	34.00	
121.00	107.71	95.51	83.55	73.07	63.86	55.71	47.69	42.43	38.52	35.00	
105.00	93.50	83.48	74.18	65.06	56.82	48.65	42.76	37.72	34.22	33.00	
116.00	100.85	88.82	77.28	66.98	57.04	47.89	41.18	36.23	34.18	33.00	
102.00	89.34	79.55	72.09	65.87	60.13	54.63	49.23	43.95	39.75	35.63	33.00	
115.00	98.04	83.06	70.75	62.27	54.46	47.22	40.06	33.69	32.26	32.00	
105.00	94.21	83.89	75.58	67.26	59.13	51.33	43.66	37.90	36.11	35.00	
102.00	88.07	75.01	63.52	53.80	46.15	40.83	37.51	36.19	35.03	35.00	
122.00	110.10	98.63	87.88	77.58	67.59	58.96	50.54	43.53	38.14	33.00	
109.00	95.38	85.08	75.13	65.70	57.33	49.41	44.08	39.82	35.73	34.35	34.00	
107.00	94.59	82.65	71.48	61.93	53.28	47.16	42.20	37.65	33.23	31.95	31.00	
108.00	97.46	86.99	76.96	67.36	59.42	51.99	47.10	42.22	38.27	36.37	36.00	
117.00	104.01	91.87	81.24	71.52	62.86	54.44	47.46	40.78	34.91	33.01	33.00	
110.00	93.87	78.40	63.37	53.54	45.29	40.72	37.84	35.11	33.82	32.62	32.00	
115.00	101.17	87.78	75.35	64.08	54.78	47.13	41.12	36.92	34.35	33.27	33.00	
112.00	101.08	90.65	81.03	72.24	63.71	56.84	50.11	44.11	38.14	35.24	35.00	
113.00	97.27	83.39	71.04	59.96	50.22	42.78	38.67	35.55	34.84	34.21	34.00	
106.00	92.75	82.26	71.91	61.82	53.47	46.78	40.87	35.77	33.35	32.28	32.00	
106.00	94.09	82.26	72.96	65.28	57.96	51.72	45.64	40.00	37.39	36.00	
121.00	106.62	92.30	80.51	69.16	59.21	49.44	41.49	37.92	35.00	33.14	32.00	
112.00	97.75	84.54	71.83	60.88	50.45	41.54	37.81	36.12	34.45	33.01	33.00	
119.00	102.10	86.36	71.48	61.31	52.41	45.07	38.64	34.13	32.44	32.00	
120.00	107.26	95.81	84.72	74.11	64.71	56.71	48.74	41.34	35.89	32.45	32.00	
123.00	106.44	90.11	75.08	60.45	53.22	46.38	41.01	38.28	36.18	35.00	
104.00	90.95	78.90	67.31	57.78	49.45	43.94	39.77	36.99	34.46	34.00	
111.00	96.73	83.46	71.46	60.21	51.13	45.27	40.37	37.68	35.20	34.22	34.00	
103.00	88.00	73.57	62.57	53.66	44.78	39.20	35.17	33.50	32.15	31.00	
106.00	86.76	78.11	70.19	62.53	54.95	47.78	41.46	37.04	35.21	34.00	
116.00	101.07	86.65	77.15	68.21	59.45	51.33	45.35	39.72	35.21	34.00	
115.00	97.86	82.86	69.06	55.85	49.55	46.09	42.96	40.13	37.52	36.68	36.00	
122.00	107.55	93.27	80.41	67.92	60.47	53.50	48.37	44.01	39.70	35.99	34.00	
112.00	92.90	79.68	68.33	58.30	49.55	41.99	36.55	33.77	32.51	32.00	
115.00	101.28	88.20	75.30	64.67	54.13	44.32	37.04	34.42	33.09	32.00	
123.00	101.67	80.91	68.25	60.24	52.71	46.23	41.12	37.59	36.26	35.00	
102.00	90.21	78.87	68.75	59.94	52.84	46.09	39.41	35.64	34.56	34.00	
109.00	94.41	81.01	69.72	61.35	53.29	47.85	42.48	37.67	35.31	35.00	
123.00	103.91	89.83	75.77	62.85	51.25	44.08	39.86	36.13	33.46	31.00	
117.00	106.05	95.59	85.13	74.88	64.74	57.67	50.92	44.45	38.02	35.00	
123.00	108.58	95.44	82.63	70.78	59.99	51.74	44.51	39.05	34.69	34.00	
107.00	94.13	82.62	71.83	61.96	53.55	47.96	42.47	38.73	36.67	36.00	
107.00	92.95	80.64	71.53	62.60	54.36	47.31	40.39	35.22	32.66	31.51	31.00	
105.00	93.22	82.17	71.64	63.67	56.33	49.37	45.30	41.58	38.80	36.41	36.00	
113.00	98.38	86.11	74.63	65.27	57.11	50.97	45.06	39.98	36.31	33.57	33.00	
101.00	91.07	81.60	72.51	63.93	57.84	51.94	46.18	40.95	35.95	32.74	31.00	
101.00	90.60	80.94	71.89	63.49	55.33	47.16	40.72	38.52	36.76	35.85	35.00	
107.00	90.74	78.54	68.63	60.45	53.11	46.95	41.47	37.78	37.03	36.28	36.00	
110.00	93.34	80.54	69.62	60.12	52.01	46.03	41.21	37.76	34.36	34.00	
104.00	91.55	79.35	70.80	62.26	54.02	48.60	43.35	38.24	35.83	34.46	34.00	
102.00	90.67	79.55	68.47	57.42	49.86	44.00	40.40	37.16	34.27	31.93	31.00	
112.00	100.95	90.63	81.28	72.01	63.00	54.08	46.83	41.24	36.92	33.68	32.00	
117.00	97.79	84.09	71.53	60.95	53.07	46.31	40.68	36.53	33.40	32.00	
114.00	100.50	87.52	76.03	66.68	57.35	49.86	42.46	36.67	34.20	33.00	
103.00	92.18	82.60	74.64	66.70	59.42	52.56	45.90	39.37	33.26	32.00	
104.00	93.57	84.28	75.38	67.39	59.65	53.36	48.17	43.22	39.53	36.00	
101.00	90.11	80.09	70.20	61.82	53.70	46.40	39.46	37.95	36.78	36.00	
113.00	99.29	87.34	76.16	65.98	59.02	52.35	46.19	40.65	36.27	33.00	32.00	
108.00	91.59	79.07	69.23	60.48	52.99	45.52	40.00	36.17	35.43	35.00	
113.00	98.81	85.64	73.41	62.87	53.58	45.79	38.53	34.82	32.40	32.00	
118.00	106.90	95.91	85.01	74.87	64.85	56.35	49.02	41.77	37.03	33.49	31.00	
115.00	99.95	85.44	73.95	62.50	53.31	44.62	39.07	36.49	34.69	33.00	
123.00	105.26	90.03	76.15	63.91	52.76	44.50	38.76	34.01	32.17	31.00	
103.00	93.24	83.61	74.44	65.33	56.89	48.97	42.46	37.33	32.54	31.11	31.00	
108.00	97.93	87.87	78.32	69.45	60.88	53.41	47.62	43.92	40.28	36.66	34.00	
116.00	104.10	92.40	80.80	69.46	59.38	50.04	43.21	36.76	33.23	32.31	32.00	
104.00	92.60	82.09	71.91	62.58	54.18	46.14	40.11	35.46	33.66	32.00	
118.00	102.37	89.84	77.43	65.20	56.73	49.75	43.09	37.90	33.16	33.00	
123.00	109.74	97.18	86.01	74.94	65.30	57.40	49.76	42.13	36.01	31.00	
113.00	93.24	80.10	68.62	59.00	50.32	44.66	39.45	36.10	32.97	31.00	
113.00	97.09	83.84	71.55	61.05	51.42	45.42	40.85	36.45	32.72	32.00	
109.00	97.95	87.03	76.73	67.47	59.42	52.05	46.94	42.03	39.23	36.73	36.00	
122.00	106.18	90.53	75.16	61.18	52.59	46.70	41.21	36.69	35.15	34.00	
105.00	93.62	83.81	74.25	65.32	57.58	51.21	45.09	40.27	35.62	33.16	32.00	
109.00	93.56	79.12	68.37	60.13	52.97	46.91	41.38	38.70	36.13	35.00	
105.00	90.35	78.16	67.41	60.24	53.28	46.40	41.44	37.25	34.57	33.54	33.00	
117.00	102.46	89.16	76.90	64.83	53.88	45.69	39.08	35.01	32.97	32.00	
14.56	22.40	16.80	28.00	13.44	13.44	26.88	26.88	14.56	22.40	13.44	21.28	17.92	21.28	33.60	29.12	20.16	33.60	14.56	15.68	14.56	22.40	16.80	17.92	19.04	14.56	22.40	14.56	22.40	19.04	20.16	16.80	11.20	21.28	16.80	25.76	11.20	32.48	31.36	13.44	21.28	21.28	17.92	28.00	25.76	13.44	13.44	31.36	21.28	17.92	33.60	13.44	25.76	30.24	25.76	22.40	20.16	33.60	16.80	31.36	22.40	25.76	25.76	14.56	24.64	29.12	14.56	13.44	14.56	12.32	13.44	15.68	28.00	29.12	19.04	28.00	20.16	24.64	14.56	31.36	22.40	13.44	19.04	31.36	25.76	28.00	17.92	32.48	25.76	31.36	15.68	17.92	25.76	15.68	17.92	16.80	22.40	29.12	16.80	21.28	23.52	26.88	33.60	15.68	14.56	17.92	31.36	30.24	22.40	14.56	31.36	19.04	13.44	12.32	14.56	29.12	28.00	30.24	12.32	26.88	33.60	21.28	32.48	19.04	13.44	32.48	29.12	14.56	25.76	16.80	12.32	25.76	16.80	23.52	24.64	12.32	11.20	14.56	20.16	14.56	12.32	11.20	25.76	19.04	17.92	28.00	32.48	23.52	31.36	24.64	15.68	13.44	32.48	33.60	19.04	13.44	15.68	29.12	33.60	32.48	11.20	29.12	29.12	23.52	15.68	30.24	28.00	24.64	31.36	28.00	31.36	15.68	24.64	24.64	12.32	29.12	11.20	11.20	33.60	29.12	20.16	25.76	14.56	24.64	33.60	33.60	20.16	26.88	28.00	16.80	30.24	33.60	17.92	12.32	32.48	20.16	33.60	19.04	33.60	15.68	31.36	29.12	29.12	19.04	25.76	21.28	20.16	30.24	25.76	30.24	28.00	33.60	11.20	32.48	15.68	32.48	23.52	20.16	22.40	19.04	13.44	20.16	29.12	23.52	11.20	30.24	22.40	12.32	26.88	26.88	31.36	12.32	30.24	31.36	25.76	19.04	29.12	15.68	12.32	21.28	22.40	11.20	17.92	20.16	29.12	20.16	22.40	14.56	28.00	33.60	23.52	24.64	26.88	14.56	21.28	11.20	22.40	23.52	26.88	33.60	16.80	24.64	20.16	17.92	32.48	16.80	17.92	28.00	16.80	16.80	29.12	14.56	22.40	28.00	31.36	17.92	32.48	26.88	22.40	29.12	30.24	23.52	21.28	24.64	24.64	30.24	22.40	33.60	13.44	23.52	17.92	24.64	15.68	25.76	31.36	14.56	22.40	31.36	16.80	28.00	12.32	28.00	15.68	22.40	13.44	15.68	25.76	26.88	31.36	30.24	29.12	23.52	22.40	29.12	15.68	28.00	23.52	16.80	14.56	32.48	32.48	17.92	11.20	32.48	16.80	28.00	16.80	17.92	28.00	29.12	25.76	23.52	14.56	21.28	17.92	25.76	17.92	13.44	21.28	13.44	20.16	25.76	12.32	31.36	19.04	12.32	21.28	24.64	13.44	31.36	33.60	16.80	11.20	12.32	15.68	25.76	29.12	33.60	24.64	21.28	30.24	32.48	29.12	25.76	11.20	23.52	25.76	26.88	15.68	28.00	28.00	16.80	11.20	25.76	23.52	24.64	29.12	17.92	16.80	30.24	16.80	25.76	12.32	30.24	28.00	29.12	30.24	11.20	26.88	16.80	15.68	29.12	24.64	13.44	33.60	19.04	17.92	25.76	26.88	26.88	15.68	13.44	14.56	25.76	17.92	32.48	11.20	13.44	11.20	23.52	26.88	11.20	23.52	29.12	29.12	20.16	23.52	28.00	15.68	11.20	11.20	17.92	16.80	31.36	25.76	22.40	28.00	30.24	17.92	29.12	23.52	13.44	19.04	24.64	11.20	33.60	21.28	28.00	14.56	28.00	29.12	30.24	32.48	33.60	20.16	25.76	17.92	17.92	26.88	24.64	12.32	15.68	28.00	12.32	21.28	31.36	20.16	30.24	20.16	33.60	25.76	31.36	14.56	22.40	12.32	23.52	15.68	19.04	13.44	11.20	21.28	16.80	22.40	11.20	31.36	12.32	32.48	30.24	13.44	12.32	28.00	22.40	12.32	28.00	13.44	19.04	15.68	31.36	32.48	29.12	22.40	31.36	23.52	28.00	19.04	31.36	16.80	12.32	32.48	14.56	17.92	23.52	33.60	14.56	24.64	23.52	16.80	20.16	30.24	11.20	19.04	30.24	25.76	32.48	21.28	33.60	13.44	28.00	15.68	29.12	29.12	31.36	26.88	25.76	24.64	29.12	21.28	32.48	19.04	24.64	13.44	17.92	11.20	20.16	25.76	11.20	17.92	31.36	20.16	28.00	28.00	12.32	19.04	14.56	12.32	32.48	23.52	29.12	14.56	12.32	13.44	22.40	19.04	26.88	19.04	26.88	25.76	19.04	13.44	13.44	12.32	28.00	28.00	31.36	24.64	25.76	16.80	19.04	16.80	24.64	28.00	21.28	24.64	32.48	20.16	11.20	28.00	15.68	28.00	14.56	20.16	14.56	32.48	11.20	16.80	22.40	11.20	26.88	16.80	19.04	13.44	13.44	29.12	23.52	16.80	22.40	14.56	31.36	24.64	23.52	11.20	13.44	19.04	29.12	30.24	28.00	13.44	26.88	23.52	20.16	20.16	30.24	13.44	16.80	20.16	26.88	16.80	33.60	13.44	25.76	31.36	26.88	32.48	15.68	13.44	20.16	31.36	19.04	31.36	14.56	20.16	24.64	26.88	29.12	31.36	17.92	31.36	23.52	17.92	26.88	31.36	29.12	23.52	19.04	17.92	26.88	33.60	29.12	32.48	17.92	23.52	33.60	15.68	15.68	23.52	20.16	15.68	23.52	20.16	26.88	13.44	24.64	12.32	16.80	17.92	33.60	16.80	19.04	11.20	29.12	16.80	12.32	19.04	22.40	31.36	25.76	31.36	25.76	28.00	30.24	21.28	24.64	24.64	12.32	15.68	33.60	33.60	13.44	17.92	12.32	26.88	29.12	21.28	32.48	23.52	14.56	31.36	13.44	22.40	16.80	13.44	12.32	25.76	15.68	26.88	32.48	28.00	22.40	15.68	33.60	26.88	30.24	12.32	21.28	14.56	31.36	29.12	12.32	17.92	26.88	19.04	33.60	23.52	19.04	23.52	19.04	17.92	33.60	23.52	31.36	26.88	31.36	17.92	17.92	13.44	25.76	25.76	32.48	19.04	32.48	20.16	11.20	19.04	30.24	16.80	14.56	14.56	22.40	17.92	24.64	11.20	13.44	21.28	30.24	33.60	23.52	15.68	28.00	29.12	14.56	11.20	17.92	30.24	22.40	22.40	28.00	31.36	28.00	33.60	11.20	11.20	25.76	22.40	16.80	14.56	31.36	21.28	12.32	12.32	33.60	24.64	29.12	22.40	26.88	13.44	30.24	12.32	20.16	22.40	11.20	24.64	33.60	15.68	19.04	24.64	33.60	31.36	31.36	24.64	20.16	26.88	17.92	11.20	31.36	15.68	11.20	13.44	20.16	19.04	14.56	24.64	17.92	25.76	14.56	21.28	16.80	24.64	15.68	13.44	29.12	15.68	12.32	20.16	20.16	12.32	20.16	24.64	32.48	28.00	25.76	15.68	13.44	32.48	31.36	14.56	16.80	11.20	17.92	12.32	29.12	19.04	11.20	13.44	21.28	15.68	14.56	32.48	16.80	30.24	30.24	28.00	29.12	19.04	13.44	29.12	24.64	30.24	26.88	22.40	28.00	15.68	24.64	14.56	32.48	12.32	13.44	17.92	33.60	17.92	32.48	11.20	33.60	22.40	31.36	23.52	30.24	23.52	11.20	17.92	31.36	20.16	24.64	17.92	21.28	20.16	25.76	32.48	29.12	22.40	12.32	20.16	21.28	31.36	31.36	22.40	25.76	19.04	21.28	26.88	22.40	22.40	16.80	26.88	17.92	30.24	24.64	19.04	24.64	15.68	14.56	24.64	24.64	22.40	13.44	23.52	33.60	21.28	22.40	29.12	25.76	19.04	33.60	14.56	24.64	26.88	33.60	20.16	28.00	11.20	25.76	33.60	11.20	24.64	14.56	17.92	26.88	24.64	11.20	28.00	16.80	26.88	15.68	14.56	22.40	28.00	19.04	26.88	15.68	30.24	25.76	15.68	33.60	19.04	23.52	20.16	32.48	23.52	16.80	26.88	31.36	29.12	22.40	23.52	22.40	26.88	33.60	21.28	13.44	24.64	11.20	16.80	23.52	30.24	11.20	31.36	16.80	15.68	25.76	15.68	16.80	26.88	17.92	22.40	13.44	29.12	21.28	31.36	24.64	30.24	26.88	20.16	23.52	11.20	28.00	22.40	12.32	28.00	26.88	25.76	28.00	22.40	17.92	22.40	19.04	22.40	26.88	29.12	26.88	25.76	29.12	14.56	19.04	26.88	16.80	13.44	14.56	24.64	13.44	21.28	29.12	20.16	33.60	17.92	26.88	17.92	25.76	22.40	11.20	30.24	21.28	25.76	19.04	30.24	15.68	11.20	14.56	29.12	16.80	30.24	14.56	12.32	30.24	30.24	21.28	33.60	30.24	14.56	15.68	29.12	30.24	30.24	33.60	23.52	22.40	14.56	31.36	30.24	33.60	32.48	16.80	22.40	31.36	30.24	16.80	25.76	12.32	24.64	19.04	23.52	21.28	26.88	15.68	13.44	11.20	31.36	28.00	23.52	28.00	24.64	16.80	13.44	32.48	28.00	20.16	28.00	31.36	15.68	30.24	15.68	17.92	28.00	20.16	26.88	29.12	17.92	24.64	21.28	25.76	15.68	12.32	28.00	31.36	24.64	11.20	24.64	16.80	23.52	23.52	13.44	29.12	19.04	17.92	33.60	17.92	30.24	24.64	22.40	19.04	33.60	22.40	21.28	33.60	22.40	33.60	30.24	25.76	15.68	32.48	26.88	29.12	11.20	16.80	12.32	31.36	25.76	13.44	28.00	19.04	32.48	33.60	33.60	24.64	33.60	19.04	25.76	21.28	23.52	24.64	32.48	13.44	16.80	22.40	33.60	26.88	28.00	16.80	33.60	22.40	29.12	13.44	19.04	26.88	26.88	31.36	29.12	28.00	31.36	13.44	23.52	25.76	13.44	29.12	12.32	33.60	15.68	19.04	32.48	13.44	20.16	26.88	11.20	26.88	21.28	14.56	25.76	13.44	28.00	11.20	25.76	14.56	25.76	12.32	15.68	21.28	15.68	30.24	17.92	32.48	24.64	33.60	16.80	11.20	32.48	32.48	32.48	14.56	14.56	29.12	25.76	19.04	21.28	21.28	11.20	16.80	25.76	13.44	17.92	17.92	26.88	11.20	30.24	23.52	29.12	21.28	15.68	30.24	12.32	17.92	26.88	23.52	16.80	20.16	28.00	19.04	33.60	31.36	30.24	24.64	16.80	31.36	30.24	30.24	13.44	33.60	11.20	33.60	31.36	24.64	12.32	14.56	24.64	20.16	16.80	25.76	13.44	24.64	26.88	22.40	23.52	28.00	25.76	23.52	13.44	25.76	23.52	12.32	22.40	28.00	28.00	16.80	28.00	29.12	28.00	28.00	11.20	24.64	26.88	17.92	15.68	29.12	15.68	20.16	21.28	25.76	15.68	11.20	23.52	22.40	19.04	24.64	13.44	13.44	33.60	20.16	25.76	28.00	19.04	33.60	19.04	23.52	31.36	14.56	29.12	19.04	13.44	16.80	17.92	11.20	31.36	32.48	33.60	29.12	30.24	26.88	25.76	13.44	21.28	15.68	29.12	17.92	31.36	24.64	24.64	28.00	12.32	29.12	30.24	15.68	23.52	14.56	15.68	23.52	22.40	20.16	25.76	30.24	28.00	16.80	21.28	20.16	16.80	22.40	30.24	30.24	33.60	16.80	33.60	22.40	24.64	17.92	32.48	19.04	11.20	13.44	28.00	17.92	22.40	11.20	11.20	14.56	15.68	14.56	25.76	30.24	22.40	17.92	31.36	12.32	21.28	16.80	20.16	15.68	29.12	14.56	22.40	14.56	21.28	17.92	33.60	13.44	23.52	16.80	26.88	17.92	15.68	32.48	15.68	13.44	25.76	25.76	21.28	31.36	32.48	19.04	17.92	21.28	25.76	22.40	31.36	24.64	30.24	15.68	15.68	32.48	21.28	28.00	29.12	26.88	16.80	16.80	13.44	31.36	25.76	32.48	32.48	20.16	30.24	12.32	29.12	13.44	13.44	14.56	22.40	23.52	19.04	14.56	19.04	15.68	29.12	20.16	26.88	20.16	32.48	11.20	17.92	16.80	22.40	28.00	25.76	31.36	17.92	12.32	25.76	11.20	31.36	11.20	32.48	22.40	13.44	32.48	16.80	30.24	13.44	15.68	30.24	25.76	28.00	24.64	26.88	31.36	11.20	24.64	14.56	32.48	26.88	16.80	13.44	22.40	19.04	30.24	23.52	22.40	23.52	17.92	12.32	30.24	21.28	26.88	21.28	13.44	24.64	14.56	32.48	11.20	24.64	20.16	11.20	16.80	28.00	20.16	25.76	23.52	25.76	12.32	23.52	24.64	22.40	26.88	32.48	11.20	11.20	25.76	12.32	12.32	29.12	19.04	24.64	19.04	12.32	16.80	15.68	24.64	12.32	16.80	32.48	23.52	25.76	17.92	22.40	32.48	15.68	17.92	30.24	33.60	16.80	17.92	12.32	13.44	25.76	33.60	30.24	15.68	31.36	15.68	31.36	31.36	22.40	25.76	20.16	13.44	24.64	24.64	31.36	24.64	13.44	31.36	15.68	33.60	29.12	31.36	24.64	30.24	26.88	15.68	26.88	16.80	11.20	24.64	11.20	23.52	21.28	30.24	33.60	19.04	29.12	14.56	21.28	12.32	17.92	25.76	13.44	19.04	22.40	17.92	33.60	23.52	20.16	16.80	17.92	30.24	23.52	11.20	20.16	12.32	24.64	12.32	21.28	21.28	33.60	22.40	13.44	31.36	23.52	25.76	11.20	23.52	19.04	24.64	20.16	25.76	15.68	20.16	21.28	26.88	19.04	15.68	33.60	12.32	24.64	22.40	13.44	19.04	20.16	13.44	19.04	31.36	19.04	28.00	15.68	20.16	31.36	16.80	28.00	28.00	12.32	19.04	21.28	20.16	16.80	11.20	16.80	26.88	33.60	13.44	26.88	31.36	21.28	32.48	20.16	22.40	19.04	20.16	33.60	33.60	21.28	22.40	24.64	16.80	23.52	12.32	33.60	12.32	21.28	26.88	19.04	33.60	28.00	16.80	29.12	29.12	28.00	32.48	29.12	26.88	28.00	30.24	25.76	23.52	31.36	26.88	12.32	29.12	29.12	26.88	25.76	20.16	28.00	22.40	13.44	26.88	13.44	26.88	29.12	19.04	22.40	17.92	23.52	12.32	22.40	26.88	12.32	30.24	32.48	22.40	24.64	19.04	21.28	25.76	31.36	22.40	29.12	32.48	33.60	14.56	11.20	17.92	26.88	12.32	26.88	24.64	19.04	21.28	25.76	25.76	13.44	14.56	13.44	22.40	19.04	30.24	28.00	15.68	32.48	15.68	13.44	28.00	21.28	23.52	30.24	23.52	26.88	22.40	32.48	14.56	23.52	13.44	15.68	19.04	23.52	11.20	13.44	13.44	32.48	31.36	21.28	26.88	12.32	24.64	31.36	20.16	26.88	31.36	29.12	23.52	31.36	29.12	20.16	19.04	28.00	25.76	20.16	29.12	15.68	17.92	26.88	25.76	28.00	20.16	30.24	24.64	29.12	13.44	17.92	33.60	24.64	11.20	24.64	31.36	26.88	30.24	28.00	11.20	12.32	15.68	32.48	30.24	30.24	16.80	33.60	17.92	23.52	28.00	12.32	12.32	20.16	20.16	31.36	30.24	19.04	22.40	23.52	16.80	30.24	16.80	32.48	17.92	31.36	22.40	16.80	23.52	31.36	13.44	23.52	20.16	31.36	25.76	25.76	17.92	30.24	19.04	22.40	26.88	16.80	28.00	12.32	21.28	23.52	24.64	15.68	13.44	13.44	11.20	14.56	24.64	19.04	11.20	22.40	33.60	22.40	12.32	24.64	23.52	25.76	26.88	13.44	30.24	15.68	29.12	19.04	30.24	26.88	14.56	28.00	23.52	13.44	22.40	15.68	30.24	25.76	17.92	28.00	13.44	21.28	20.16	14.56	29.12	20.16	25.76	14.56	12.32	28.00	16.80	33.60	23.52	15.68	24.64	23.52	20.16	33.60	11.20	11.20	30.24	23.52	13.44	20.16	23.52	33.60	23.52	30.24	19.04	14.56	24.64	32.48	24.64	20.16	30.24	23.52	14.56	21.28	29.12	15.68	14.56	25.76	31.36	30.24	28.00	11.20	33.60	31.36	16.80	33.60	20.16	14.56	32.48	26.88	32.48	26.88	22.40	25.76	25.76	20.16	23.52	28.00	14.56	31.36	33.60	17.92	14.56	16.80	28.00	17.92	29.12	33.60	25.76	19.04	32.48	30.24	33.60	32.48	33.60	32.48	29.12	17.92	28.00	24.64	14.56	17.92	19.04	30.24	19.04	17.92	20.16	23.52	21.28	29.12	22.40	29.12	31.36	20.16	15.68	16.80	14.56	24.64	25.76	29.12	21.28	20.16	12.32	31.36	14.56	29.12	21.28	32.48	14.56	22.40	32.48	33.60	26.88	17.92	31.36	23.52	11.20	24.64	30.24	29.12	26.88	21.28	13.44	19.04	11.20	11.20	25.76	28.00	16.80	11.20	16.80	23.52	21.28	28.00	14.56	29.12	28.00	19.04	15.68	29.12	32.48	19.04	32.48	29.12	28.00	19.04	23.52	22.40	20.16	29.12	14.56	31.36	25.76	21.28	11.20	29.12	31.36	30.24	17.92	13.44	29.12	33.60	28.00	19.04	11.20	30.24	17.92	19.04	19.04	11.20	19.04	15.68	32.48	15.68	15.68	33.60	25.76	28.00	30.24	26.88	11.20	19.04	24.64	17.92	19.04	15.68	11.20	13.44	33.60	33.60	29.12	12.32	32.48	15.68	33.60	19.04	31.36	29.12	11.20	31.36	11.20	15.68	24.64	24.64	17.92	24.64	26.88	14.56	31.36	28.00	20.16	30.24	17.92	15.68	14.56	23.52	22.40	11.20	25.76	25.76	21.28	32.48	28.00	15.68	19.04	20.16	21.28	21.28	16.80	24.64	21.28	29.12	31.36	19.04	23.52	33.60	21.28	14.56	25.76	20.16	13.44	25.76	24.64	32.48	13.44	29.12	25.76	25.76	13.44	16.80	23.52	23.52	32.48	28.00	22.40	19.04	16.80	16.80	21.28	11.20	12.32	11.20	17.92	12.32	23.52	11.20	31.36	11.20	24.64	14.56	15.68	13.44	32.48	21.28	12.32	21.28	30.24	23.52	15.68	30.24	21.28	23.52	28.00	15.68	33.60	22.40	21.28	16.80	24.64	24.64	32.48	17.92	20.16	12.32	25.76	21.28	24.64	33.60	20.16	20.16	20.16	28.00	21.28	28.00	25.76	30.24	29.12	13.44	17.92	29.12	25.76	22.40	24.64	11.20	26.88	17.92	31.36	22.40	14.56	30.24	26.88	11.20	19.04	25.76	32.48	19.04	30.24	31.36	15.68	16.80	29.12	30.24	22.40	31.36	16.80	25.76	12.32	21.28	23.52	28.00	21.28	14.56	15.68	19.04	21.28	32.48	20.16	31.36	21.28	13.44	24.64	25.76	28.00	33.60	32.48	23.52	14.56	32.48	29.12	26.88	19.04	31.36	21.28	29.12	22.40	32.48	26.88	24.64	19.04	19.04	20.16	32.48	20.16	24.64	29.12	21.28	26.88	17.92	12.32	26.88	13.44	33.60	29.12	17.92	22.40	23.52	11.20	23.52	32.48	23.52	11.20	16.80	15.68	28.00	15.68	14.56	23.52	11.20	13.44	17.92	16.80	25.76	30.24	26.88	25.76	25.76	15.68	15.68	26.88	23.52	11.20	26.88	24.64	17.92	15.68	33.60	32.48	19.04	30.24	16.80	23.52	32.48	21.28	20.16	15.68	15.68	25.76	20.16	15.68	28.00	16.80	30.24	19.04	31.36	23.52	32.48	25.76	11.20	30.24	11.20	31.36	11.20	16.80	23.52	15.68	17.92	33.60	30.24	21.28	33.60	12.32	24.64	29.12	29.12	23.52	32.48	21.28	30.24	12.32	29.12	15.68	22.40	26.88	11.20	24.64	25.76	11.20	33.60	32.48	25.76	22.40	29.12	11.20	25.76	22.40	11.20	26.88	19.04	14.56	26.88	17.92	17.92	17.92	11.20	15.68	19.04	24.64	12.32	25.76	14.56	16.80	32.48	23.52	26.88	30.24	17.92	25.76	16.80	15.68	20.16	11.20	24.64	29.12	16.80	20.16	26.88	23.52	12.32	19.04	33.60	29.12	30.24	15.68	20.16	13.44	15.68	30.24	16.80	17.92	26.88	20.16	11.20	21.28	32.48	21.28	25.76	31.36	22.40	25.76	13.44	14.56	24.64	28.00	28.00	19.04	29.12	32.48	33.60	16.80	24.64	25.76	21.28	30.24	15.68	33.60	32.48	33.60	33.60	32.48	16.80	25.76	21.28	22.40	11.20	33.60	28.00	25.76	26.88	12.32	33.60	19.04	25.76	22.40	28.00	12.32	23.52	21.28	30.24	15.68	26.88	28.00	23.52	28.00	16.80	29.12	25.76	21.28	15.68	15.68	20.16	13.44	31.36	25.76	28.00	30.24	22.40	16.80	31.36	16.80	26.88	17.92	20.16	30.24	28.00	20.16	25.76	24.64	30.24	13.44	17.92	26.88	14.56	21.28	30.24	32.48	13.44	33.60	22.40	11.20	15.68	14.56	31.36	31.36	12.32	25.76	12.32	13.44	12.32	32.48	29.12	19.04	32.48	13.44	31.36	20.16	30.24	19.04	32.48	19.04	13.44	16.80	29.12	24.64	16.80	14.56	29.12	19.04	22.40	33.60	21.28	13.44	30.24	22.40	11.20	16.80	31.36	21.28	17.92	16.80	16.80	17.92	14.56	17.92	12.32	11.20	13.44	15.68	14.56	22.40	11.20	25.76	21.28	14.56	25.76	33.60	23.52	17.92	15.68	33.60	33.60	24.64	15.68	23.52	15.68	24.64	15.68	16.80	11.20	17.92	21.28	30.24	28.00	11.20	17.92	19.04	22.40	16.80	33.60	28.00	25.76	14.56	28.00	11.20	11.20	30.24	33.60	28.00	24.64	22.40	24.64	28.00	13.44	20.16	21.28	20.16	15.68	20.16	26.88	15.68	23.52	24.64	31.36	12.32	21.28	25.76	11.20	25.76	17.92	32.48	13.44	14.56	23.52	11.20	12.32	14.56	22.40	30.24	26.88	14.56	13.44	12.32	24.64	16.80	25.76	28.00	33.60	33.60	17.92	16.80	29.12	24.64	16.80	30.24	28.00	25.76	11.20	31.36	15.68	25.76	13.44	28.00	26.88	29.12	20.16	17.92	21.28	31.36	25.76	12.32	15.68	29.12	20.16	23.52	13.44	11.20	11.20	17.92	11.20	23.52	20.16	25.76	29.12	22.40	25.76	30.24	15.68	33.60	25.76	31.36	23.52	11.20	15.68	28.00	22.40	30.24	26.88	17.92	21.28	17.92	14.56	19.04	13.44	32.48	22.40	31.36	15.68	17.92	16.80	19.04	25.76	19.04	33.60	22.40	24.64	14.56	31.36	17.92	17.92	20.16	21.28	24.64	28.00	20.16	25.76	19.04	23.52	12.32	15.68	13.44	16.80	30.24	16.80	16.80	17.92	26.88	17.92	13.44	15.68	11.20	11.20	17.92	32.48	32.48	11.20	26.88	23.52	28.00	31.36	22.40	31.36	24.64	13.44	24.64	19.04	22.40	31.36	23.52	28.00	22.40	21.28	17.92	30.24	11.20	15.68	20.16	17.92	23.52	19.04	25.76	13.44	19.04	29.12	17.92	23.52	24.64	30.24	15.68	26.88	33.60	32.48	16.80	22.40	20.16	21.28	30.24	15.68	20.16	17.92	20.16	25.76	33.60	13.44	26.88	30.24	22.40	30.24	30.24	22.40	31.36	11.20	22.40	30.24	25.76	25.76	13.44	33.60	17.92	24.64	16.80	31.36	20.16	30.24	19.04	22.40	33.60	32.48	21.28	22.40	30.24	33.60	19.04	22.40	11.20	25.76	33.60	25.76	16.80	19.04	19.04	24.64	26.88	25.76	25.76	33.60	28.00	26.88	16.80	16.80	21.28	28.00	26.88	17.92	23.52	29.12	16.80	32.48	20.16	28.00	15.68	15.68	19.04	11.20	19.04	21.28	23.52	19.04	25.76	13.44	30.24	26.88	29.12	33.60	31.36	26.88	29.12	16.80	24.64	33.60	13.44	12.32	15.68	16.80	21.28	14.56	20.16	24.64	13.44	14.56	22.40	19.04	30.24	14.56	22.40	13.44	22.40	24.64	32.48	26.88	32.48	26.88	21.28	25.76	12.32	13.44	19.04	24.64	29.12	22.40	17.92	28.00	15.68	33.60	20.16	15.68	21.28	31.36	25.76	13.44	19.04	22.40	31.36	14.56	19.04	16.80	25.76	17.92	26.88	12.32	25.76	24.64	12.32	11.20	26.88	29.12	33.60	30.24	13.44	23.52	23.52	14.56	26.88	14.56	31.36	23.52	15.68	21.28	13.44	14.56	20.16	25.76	28.00	13.44	16.80	12.32	20.16	23.52	22.40	23.52	19.04	33.60	17.92	26.88	30.24	14.56	12.32	13.44	19.04	15.68	17.92	23.52	12.32	14.56	23.52	28.00	13.44	26.88	17.92	21.28	25.76	24.64	31.36	13.44	19.04	15.68	23.52	12.32	20.16	17.92	28.00	29.12	25.76	23.52	31.36	30.24	30.24	30.24	17.92	24.64	15.68	25.76	19.04	25.76	30.24	28.00	25.76	13.44	25.76	25.76	21.28	15.68	33.60	31.36	20.16	20.16	19.04	17.92	33.60	17.92	23.52	29.12	33.60	15.68	12.32	28.00	15.68	14.56	15.68	15.68	14.56	11.20	15.68	24.64	16.80	13.44	32.48	16.80	31.36	17.92	25.76	32.48	15.68	28.00	20.16	22.40	32.48	31.36	12.32	31.36	14.56	11.20	23.52	32.48	32.48	30.24	13.44	31.36	14.56	33.60	13.44	17.92	24.64	30.24	22.40	20.16	23.52	11.20	33.60	16.80	28.00	21.28	30.24	23.52	31.36	29.12	33.60	25.76	20.16	19.04	16.80	21.28	22.40	23.52	19.04	17.92	26.88	23.52	12.32	24.64	29.12	14.56	24.64	15.68	21.28	20.16	11.20	29.12	31.36	15.68	21.28	21.28	12.32	26.88	19.04	15.68	17.92	17.92	13.44	14.56	17.92	21.28	23.52	32.48	22.40	17.92	24.64	31.36	17.92	15.68	21.28	11.20	15.68	26.88	20.16	32.48	12.32	29.12	25.76	12.32	25.76	11.20	20.16	14.56	33.60	17.92	26.88	21.28	22.40	17.92	19.04	19.04	26.88	22.40	13.44	26.88	33.60	23.52	13.44	22.40	15.68	11.20	11.20	25.76	28.00	19.04	26.88	26.88	14.56	12.32	21.28	16.80	14.56	30.24	22.40	16.80	14.56	11.20	15.68	30.24	32.48	15.68	31.36	19.04	20.16	23.52	21.28	22.40	28.00	12.32	13.44	31.36	31.36	28.00	33.60	22.40	26.88	24.64	12.32	11.20	26.88	23.52	12.32	17.92	19.04	32.48	15.68	32.48	30.24	12.32	13.44	14.56	11.20	29.12	21.28	16.80	30.24	14.56	22.40	30.24	15.68	28.00	23.52	23.52	28.00	20.16	20.16	19.04	26.88	32.48	28.00	25.76	23.52	31.36	32.48	16.80	30.24	19.04	32.48	16.80	31.36	22.40	12.32	15.68	15.68	16.80	26.88	29.12	11.20	21.28	14.56	31.36	14.56	13.44	24.64	12.32	32.48	32.48	21.28	31.36	31.36	30.24	11.20	13.44	33.60	32.48	21.28	33.60	15.68	24.64	14.56	23.52	15.68	24.64	15.68	33.60	26.88	30.24	17.92	24.64	31.36	28.00	25.76	21.28	23.52	15.68	17.92	32.48	20.16	28.00	30.24	12.32	29.12	13.44	31.36	29.12	24.64	23.52	31.36	23.52	28.00	32.48	15.68	33.60	23.52	11.20	19.04	31.36	26.88	15.68	15.68	31.36	30.24	15.68	17.92	26.88	28.00	19.04	11.20	20.16	25.76	13.44	16.80	33.60	23.52	29.12	29.12	14.56	32.48	29.12	13.44	21.28	15.68	23.52	13.44	23.52	24.64	32.48	30.24	25.76	14.56	26.88	21.28	20.16	32.48	29.12	31.36	22.40	28.00	30.24	26.88	30.24	19.04	24.64	17.92	16.80	30.24	19.04	30.24	16.80	31.36	12.32	12.32	31.36	13.44	28.00	20.16	33.60	17.92	19.04	21.28	15.68	21.28	28.00	20.16	26.88	26.88	25.76	28.00	19.04	22.40	20.16	16.80	19.04	33.60	22.40	23.52	23.52	13.44	24.64	14.56	21.28	31.36	19.04	29.12	32.48	31.36	16.80	30.24	13.44	26.88	33.60	16.80	21.28	22.40	25.76	31.36	15.68	22.40	17.92	31.36	31.36	24.64	26.88	21.28	25.76	32.48	23.52	31.36	14.56	32.48	20.16	31.36	32.48	19.04	14.56	31.36	20.16	28.00	26.88	26.88	20.16	21.28	12.32	19.04	17.92	31.36	32.48	22.40	19.04	22.40	17.92	31.36	25.76	33.60	14.56	24.64	25.76	32.48	29.12	32.48	25.76	19.04	14.56	25.76	24.64	28.00	12.32	17.92	23.52	31.36	32.48	21.28	14.56	33.60	13.44	19.04	23.52	21.28	16.80	12.32	33.60	26.88	16.80	21.28	29.12	15.68	25.76	28.00	20.16	22.40	14.56	26.88	11.20	22.40	24.64	14.56	17.92	21.28	25.76	31.36	30.24	28.00	12.32	17.92	12.32	26.88	23.52	21.28	11.20	32.48	21.28	28.00	22.40	23.52	16.80	16.80	31.36	22.40	24.64	11.20	26.88	21.28	32.48	30.24	12.32	21.28	28.00	25.76	13.44	19.04	23.52	15.68	26.88	20.16	14.56	19.04	22.40	25.76	19.04	13.44	16.80	11.20	31.36	17.92	29.12	25.76	23.52	17.92	31.36	33.60	15.68	33.60	12.32	28.00	33.60	21.28	21.28	19.04	11.20	23.52	15.68	13.44	25.76	21.28	30.24	15.68	30.24	29.12	29.12	26.88	29.12	13.44	14.56	17.92	31.36	22.40	29.12	29.12	13.44	17.92	25.76	12.32	32.48	28.00	20.16	16.80	11.20	15.68	28.00	32.48	26.88	22.40	22.40	31.36	24.64	12.32	11.20	17.92	32.48	15.68	13.44	19.04	23.52	33.60	21.28	23.52	30.24	33.60	23.52	12.32	11.20	14.56	22.40	23.52	20.16	22.40	11.20	31.36	15.68	23.52	24.64	23.52	33.60	31.36	16.80	17.92	11.20	31.36	22.40	33.60	33.60	17.92	29.12	20.16	19.04	23.52	11.20	17.92	31.36	20.16	15.68	11.20	19.04	14.56	17.92	21.28	25.76	21.28	25.76	17.92	12.32	13.44	30.24	22.40	15.68	33.60	28.00	15.68	20.16	32.48	14.56	29.12	26.88	30.24	17.92	23.52	30.24	31.36	12.32	26.88	32.48	29.12	29.12	32.48	26.88	32.48	13.44	20.16	19.04	13.44	12.32	22.40	31.36	24.64	31.36	23.52	22.40	16.80	19.04	11.20	21.28	13.44	16.80	23.52	29.12	16.80	24.64	20.16	25.76	33.60	17.92	14.56	13.44	19.04	16.80	14.56	14.56	28.00	30.24	25.76	26.88	32.48	23.52	14.56	14.56	12.32	33.60	17.92	13.44	19.04	33.60	14.56	12.32	28.00	24.64	28.00	30.24	11.20	21.28	13.44	14.56	26.88	26.88	19.04	12.32	13.44	30.24	11.20	11.20	16.80	21.28	33.60	31.36	26.88	21.28	21.28	24.64	24.64	23.52	20.16	26.88	11.20	14.56	26.88	17.92	17.92	13.44	32.48	21.28	21.28	19.04	16.80	16.80	21.28	31.36	25.76	28.00	29.12	31.36	15.68	31.36	33.60	23.52	21.28	24.64	16.80	11.20	29.12	11.20	22.40	16.80	28.00	12.32	29.12	19.04	32.48	15.68	29.12	30.24	31.36	14.56	14.56	12.32	33.60	20.16	32.48	22.40	23.52	31.36	22.40	22.40	21.28	21.28	25.76	24.64	24.64	14.56	30.24	16.80	32.48	31.36	29.12	13.44	21.28	19.04	32.48	29.12	26.88	11.20	22.40	11.20	33.60	33.60	25.76	33.60	21.28	16.80	15.68	23.52	17.92	33.60	30.24	30.24	25.76	22.40	12.32	31.36	25.76	13.44	31.36	14.56	22.40	32.48	28.00	21.28	33.60	33.60	15.68	30.24	14.56	25.76	16.80	15.68	31.36	11.20	15.68	26.88	25.76	17.92	16.80	26.88	23.52	29.12	12.32	15.68	12.32	20.16	30.24	14.56	25.76	28.00	21.28	13.44	11.20	26.88	13.44	17.92	29.12	21.28	17.92	11.20	29.12	21.28	32.48	31.36	33.60	12.32	33.60	29.12	21.28	25.76	15.68	21.28	14.56	16.80	23.52	31.36	25.76	19.04	28.00	22.40	33.60	21.28	25.76	26.88	14.56	31.36	21.28	17.92	13.44	11.20	22.40	22.40	28.00	13.44	22.40	12.32	21.28	29.12	11.20	25.76	11.20	24.64	25.76	16.80	23.52	11.20	31.36	13.44	25.76	13.44	12.32	24.64	11.20	21.28	28.00	19.04	32.48	19.04	16.80	33.60	21.28	12.32	30.24	29.12	16.80	22.40	11.20	20.16	19.04	29.12	12.32	20.16	29.12	11.20	26.88	22.40	21.28	22.40	14.56	11.20	17.92	19.04	19.04	13.44	23.52	15.68	33.60	25.76	16.80	21.28	17.92	14.56	17.92	33.60	13.44	14.56	16.80	23.52	24.64	28.00	19.04	12.32	32.48	21.28	19.04	22.40	21.28	30.24	22.40	23.52	19.04	17.92	28.00	16.80	17.92	33.60	11.20	25.76	11.20	30.24	25.76	22.40	13.44	13.44	21.28	30.24	22.40	21.28	15.68	24.64	12.32	31.36	26.88	16.80	17.92	17.92	15.68	25.76	33.60	20.16	20.16	19.04	19.04	33.60	21.28	25.76	31.36	22.40	17.92	19.04	28.00	21.28	29.12	22.40	17.92	24.64	16.80	17.92	28.00	33.60	12.32	24.64	24.64	15.68	20.16	12.32	15.68	21.28	23.52	19.04	12.32	20.16	25.76	23.52	21.28	30.24	23.52	12.32	14.56	20.16	13.44	16.80	12.32	26.88	23.52	30.24	13.44	12.32	24.64	24.64	33.60	31.36	19.04	26.88	32.48	17.92	26.88	31.36	12.32	24.64	32.48	13.44	26.88	24.64	11.20	16.80	23.52	12.32	21.28	22.40	21.28	26.88	30.24	24.64	33.60	29.12	15.68	22.40	29.12	25.76	31.36	24.64	13.44	33.60	33.60	22.40	22.40	13.44	17.92	21.28	22.40	12.32	28.00	15.68	26.88	28.00	29.12	32.48	26.88	22.40	11.20	32.48	24.64	32.48	31.36	30.24	31.36	14.56	20.16	26.88	16.80	17.92	17.92	33.60	26.88	16.80	14.56	26.88	31.36	25.76	24.64	13.44	22.40	33.60	20.16	14.56	26.88	15.68	24.64	25.76	25.76	33.60	33.60	28.00	15.68	19.04	31.36	28.00	25.76	28.00	15.68	19.04	32.48	32.48	13.44	28.00	19.04	22.40	24.64	28.00	13.44	25.76	23.52	20.16	33.60	17.92	14.56	26.88	13.44	22.40	16.80	13.44	28.00	11.20	26.88	24.64	28.00	24.64	21.28	25.76	24.64	23.52	31.36	28.00	32.48	12.32	12.32	22.40	25.76	25.76	30.24	14.56	12.32	20.16	30.24	24.64	20.16	30.24	20.16	17.92	33.60	19.04	16.80	26.88	31.36	17.92	21.28	22.40	29.12	13.44	21.28	29.12	32.48	23.52	19.04	13.44	33.60	21.28	33.60	23.52	12.32	13.44	19.04	12.32	19.04	28.00	16.80	22.40	15.68	25.76	15.68	14.56	24.64	19.04	22.40	14.56	24.64	21.28	21.28	16.80	21.28	23.52	16.80	17.92	23.52	12.32	17.92	17.92	15.68	20.16	24.64	21.28	23.52	14.56	26.88	21.28	25.76	12.32	24.64	20.16	17.92	28.00	11.20	11.20	32.48	28.00	22.40	11.20	12.32	29.12	22.40	33.60	21.28	29.12	16.80	30.24	12.32	15.68	13.44	15.68	19.04	30.24	26.88	12.32	28.00	21.28	32.48	16.80	12.32	28.00	28.00	20.16	13.44	13.44	13.44	14.56	14.56	31.36	16.80	33.60	12.32	16.80	22.40	12.32	32.48	29.12	11.20	11.20	32.48	31.36	20.16	20.16	16.80	14.56	11.20	12.32	25.76	20.16	30.24	29.12	26.88	26.88	12.32	20.16	21.28	30.24	20.16	29.12	29.12	23.52	21.28	12.32	12.32	30.24	26.88	21.28	29.12	14.56	15.68	13.44	33.60	22.40	12.32	17.92	23.52	31.36	32.48	23.52	28.00	20.16	31.36	26.88	22.40	19.04	16.80	17.92	23.52	22.40	11.20	28.00	17.92	20.16	15.68	13.44	13.44	20.16	17.92	30.24	23.52	22.40	17.92	17.92	21.28	25.76	20.16	32.48	32.48	15.68	12.32	29.12	28.00	28.00	28.00	25.76	20.16	11.20	12.32	11.20	17.92	33.60	28.00	32.48	28.00	26.88	30.24	15.68	29.12	32.48	26.88	13.44	12.32	21.28	32.48	12.32	28.00	28.00	26.88	16.80	33.60	32.48	14.56	24.64	26.88	19.04	16.80	28.00	23.52	17.92	12.32	26.88	19.04	28.00	17.92	17.92	25.76	28.00	28.00	14.56	22.40	28.00	29.12	29.12	14.56	26.88	30.24	30.24	13.44	22.40	31.36	14.56	19.04	14.56	15.68	17.92	22.40	25.76	13.44	23.52	15.68	20.16	30.24	12.32	11.20	33.60	23.52	26.88	12.32	21.28	21.28	23.52	33.60	13.44	29.12	11.20	26.88	22.40	26.88	31.36	11.20	17.92	30.24	28.00	14.56	28.00	32.48	20.16	13.44	17.92	33.60	32.48	32.48	19.04	14.56	32.48	15.68	22.40	20.16	16.80	13.44	30.24	23.52	12.32	17.92	30.24	31.36	24.64	30.24	24.64	32.48	30.24	13.44	11.20	29.12	17.92	16.80	13.44	25.76	19.04	26.88	29.12	14.56	13.44	24.64	13.44	14.56	14.56	19.04	31.36	19.04	29.12	17.92	24.64	20.16	20.16	21.28	26.88	19.04	21.28	19.04	11.20	33.60	32.48	20.16	32.48	16.80	28.00	32.48	33.60	28.00	19.04	32.48	19.04	20.16	22.40	16.80	32.48	28.00	14.56	15.68	14.56	25.76	22.40	20.16	20.16	32.48	32.48	33.60	29.12	28.00	22.40	24.64	13.44	24.64	17.92	15.68	14.56	17.92	17.92	30.24	21.28	21.28	33.60	20.16	28.00	12.32	19.04	11.20	23.52	19.04	16.80	30.24	30.24	12.32	15.68	14.56	23.52	29.12	12.32	25.76	12.32	22.40	22.40	15.68	22.40	32.48	24.64	19.04	15.68	13.44	12.32	21.28	33.60	24.64	20.16	30.24	30.24	26.88	15.68	14.56	21.28	16.80	26.88	31.36	12.32	24.64	28.00	29.12	11.20	28.00	15.68	29.12	23.52	26.88	21.28	23.52	28.00	20.16	30.24	31.36	21.28	19.04	17.92	23.52	33.60	11.20	33.60	29.12	26.88	31.36	15.68	21.28	32.48	29.12	24.64	13.44	25.76	25.76	28.00	11.20	29.12	31.36	16.80	15.68	23.52	29.12	20.16	22.40	21.28	31.36	24.64	14.56	12.32	32.48	16.80	11.20	20.16	28.00	16.80	17.92	32.48	11.20	19.04	30.24	21.28	22.40	31.36	29.12	16.80	12.32	30.24	29.12	29.12	11.20	22.40	16.80	23.52	23.52	25.76	22.40	28.00	29.12	13.44	22.40	30.24	11.20	23.52	14.56	21.28	19.04	26.88	12.32	16.80	28.00	19.04	13.44	24.64	28.00	20.16	12.32	29.12	31.36	30.24	20.16	17.92	26.88	12.32	25.76	31.36	23.52	12.32	29.12	29.12	15.68	20.16	29.12	21.28	16.80	21.28	33.60	31.36	14.56	19.04	22.40	33.60	14.56	16.80	19.04	15.68	26.88	33.60	20.16	19.04	32.48	14.56	30.24	32.48	31.36	25.76	11.20	30.24	20.16	14.56	25.76	20.16	30.24	25.76	12.32	29.12	14.56	33.60	13.44	14.56	13.44	17.92	11.20	19.04	24.64	25.76	23.52	33.60	26.88	23.52	13.44	19.04	29.12	30.24	14.56	15.68	29.12	33.60	12.32	25.76	14.56	15.68	22.40	12.32	11.20	16.80	29.12	29.12	31.36	23.52	33.60	25.76	30.24	30.24	30.24	24.64	14.56	14.56	13.44	24.64	12.32	19.04	21.28	28.00	19.04	29.12	14.56	28.00	31.36	24.64	33.60	29.12	21.28	12.32	23.52	26.88	24.64	29.12	31.36	21.28	13.44	24.64	30.24	14.56	12.32	24.64	14.56	33.60	12.32	11.20	15.68	31.36	29.12	15.68	11.20	19.04	13.44	12.32	30.24	31.36	33.60	20.16	29.12	16.80	13.44	22.40	13.44	22.40	11.20	33.60	32.48	20.16	21.28	26.88	32.48	14.56	22.40	15.68	30.24	24.64	32.48	33.60	32.48	28.00	26.88	29.12	13.44	11.20	31.36	31.36	21.28	15.68	19.04	16.80	29.12	12.32	15.68	23.52	31.36	17.92	25.76	20.16	21.28	24.64	31.36	24.64	14.56	23.52	23.52	16.80	25.76	13.44	13.44	21.28	22.40	33.60	33.60	24.64	13.44	23.52	14.56	17.92	32.48	26.88	13.44	28.00	23.52	12.32	12.32	17.92	23.52	24.64	29.12	20.16	21.28	13.44	19.04	24.64	23.52	32.48	19.04	16.80	22.40	29.12	20.16	26.88	16.80	24.64	19.04	33.60	26.88	28.00	11.20	20.16	20.16	32.48	14.56	25.76	25.76	30.24	22.40	33.60	17.92	33.60	23.52	26.88	24.64	32.48	23.52	12.32	23.52	14.56	31.36	26.88	28.00	19.04	29.12	13.44	24.64	21.28	32.48	25.76	32.48	32.48	32.48	25.76	19.04	20.16	19.04	14.56	16.80	31.36	12.32	17.92	21.28	33.60	24.64	16.80	26.88	30.24	19.04	20.16	17.92	15.68	28.00	19.04	23.52	14.56	30.24	26.88	30.24	21.28	33.60	20.16	25.76	16.80	20.16	19.04	25.76	24.64	15.68	19.04	25.76	12.32	28.00	23.52	26.88	22.40	26.88	32.48	21.28	16.80	32.48	26.88	17.92	26.88	19.04	30.24	20.16	21.28	32.48	13.44	24.64	33.60	31.36	32.48	21.28	28.00	24.64	11.20	25.76	13.44	29.12	13.44	25.76	17.92	20.16	23.52	14.56	13.44	15.68	31.36	25.76	28.00	26.88	31.36	24.64	31.36	26.88	28.00	28.00	17.92	30.24	23.52	11.20	17.92	14.56	33.60	29.12	17.92	28.00	25.76	13.44	
25.76	29.12	28.00	20.16	31.36	30.24	32.48	14.56	17.92	33.60	28.00	20.16	20.16	24.64	13.44	25.76	12.32	31.36	22.40	31.36	13.44	32.48	17.92	12.32	19.04	30.24	21.28	14.56	14.56	16.80	12.32	12.32	14.56	11.20	23.52	16.80	24.64	31.36	31.36	28.00	17.92	29.12	14.56	32.48	29.12	26.88	24.64	23.52	33.60	24.64	30.24	20.16	31.36	20.16	23.52	21.28	16.80	21.28	33.60	30.24	13.44	23.52	28.00	32.48	11.20	30.24	24.64	28.00	33.60	28.00	24.64	15.68	16.80	19.04	22.40	31.36	31.36	20.16	23.52	12.32	15.68	28.00	15.68	25.76	21.28	13.44	30.24	19.04	29.12	24.64	29.12	16.80	12.32	30.24	13.44	31.36	24.64	22.40	20.16	20.16	12.32	24.64	13.44	21.28	24.64	28.00	28.00	32.48	31.36	29.12	28.00	24.64	12.32	33.60	13.44	33.60	29.12	25.76	12.32	26.88	19.04	21.28	28.00	28.00	25.76	12.32	28.00	22.40	31.36	32.48	12.32	20.16	13.44	33.60	25.76	30.24	33.60	14.56	32.48	14.56	31.36	29.12	14.56	29.12	22.40	13.44	28.00	16.80	12.32	12.32	22.40	13.44	29.12	20.16	25.76	19.04	16.80	22.40	16.80	21.28	30.24	30.24	19.04	20.16	23.52	13.44	21.28	15.68	23.52	21.28	11.20	13.44	20.16	29.12	15.68	11.20	17.92	29.12	13.44	30.24	26.88	15.68	32.48	26.88	12.32	22.40	31.36	29.12	21.28	20.16	11.20	12.32	20.16	32.48	14.56	28.00	14.56	24.64	12.32	24.64	24.64	11.20	29.12	13.44	14.56	12.32	20.16	32.48	16.80	13.44	17.92	22.40	22.40	11.20	11.20	31.36	24.64	14.56	32.48	14.56	17.92	33.60	12.32	17.92	23.52	12.32	14.56	12.32	31.36	14.56	17.92	26.88	14.56	22.40	33.60	20.16	20.16	23.52	16.80	11.20	33.60	21.28	12.32	16.80	25.76	15.68	20.16	32.48	14.56	25.76	26.88	21.28	17.92	14.56	11.20	19.04	16.80	16.80	17.92	15.68	15.68	30.24	24.64	13.44	20.16	23.52	12.32	11.20	17.92	31.36	17.92	24.64	14.56	15.68	25.76	32.48	12.32	17.92	30.24	19.04	29.12	32.48	28.00	15.68	33.60	19.04	26.88	20.16	19.04	12.32	21.28	26.88	20.16	14.56	15.68	23.52	28.00	15.68	22.40	12.32	28.00	30.24	25.76	33.60	19.04	32.48	32.48	20.16	13.44	12.32	11.20	13.44	16.80	21.28	29.12	17.92	17.92	12.32	22.40	12.32	15.68	25.76	19.04	11.20	12.32	14.56	20.16	23.52	17.92	29.12	23.52	12.32	12.32	14.56	33.60	17.92	24.64	30.24	24.64	11.20	11.20	22.40	11.20	30.24	11.20	29.12	26.88	29.12	22.40	33.60	23.52	31.36	30.24	30.24	22.40	16.80	17.92	32.48	17.92	21.28	22.40	28.00	20.16	19.04	29.12	29.12	14.56	15.68	22.40	11.20	21.28	30.24	28.00	29.12	11.20	25.76	24.64	19.04	25.76	29.12	15.68	23.52	30.24	17.92	14.56	13.44	14.56	24.64	23.52	26.88	17.92	31.36	11.20	32.48	13.44	14.56	22.40	13.44	15.68	11.20	26.88	26.88	26.88	21.28	28.00	15.68	28.00	28.00	21.28	21.28	19.04	21.28	32.48	19.04	11.20	24.64	33.60	32.48	20.16	11.20	32.48	12.32	20.16	21.28	22.40	31.36	29.12	23.52	30.24	13.44	30.24	22.40	11.20	13.44	12.32	15.68	32.48	17.92	13.44	17.92	12.32	20.16	19.04	16.80	11.20	19.04	24.64	21.28	29.12	19.04	32.48	15.68	22.40	28.00	12.32	32.48	21.28	30.24	11.20	29.12	14.56	11.20	28.00	19.04	26.88	11.20	17.92	14.56	30.24	19.04	31.36	24.64	30.24	31.36	11.20	11.20	32.48	29.12	20.16	19.04	31.36	32.48	14.56	23.52	14.56	24.64	15.68	16.80	15.68	24.64	20.16	19.04	29.12	11.20	20.16	33.60	24.64	24.64	33.60	29.12	21.28	17.92	21.28	30.24	29.12	26.88	24.64	20.16	20.16	26.88	31.36	22.40	22.40	24.64	13.44	16.80	23.52	24.64	32.48	13.44	26.88	19.04	14.56	15.68	13.44	22.40	22.40	19.04	20.16	30.24	22.40	15.68	17.92	21.28	13.44	17.92	26.88	11.20	21.28	26.88	21.28	16.80	17.92	14.56	15.68	28.00	25.76	21.28	28.00	21.28	15.68	21.28	29.12	12.32	19.04	12.32	32.48	23.52	11.20	29.12	17.92	12.32	30.24	21.28	13.44	20.16	23.52	20.16	14.56	14.56	29.12	17.92	19.04	30.24	26.88	17.92	25.76	21.28	15.68	16.80	16.80	24.64	12.32	21.28	14.56	25.76	30.24	12.32	15.68	29.12	30.24	28.00	24.64	31.36	13.44	19.04	16.80	30.24	15.68	12.32	23.52	17.92	13.44	29.12	16.80	11.20	32.48	33.60	21.28	31.36	17.92	17.92	12.32	14.56	12.32	12.32	13.44	24.64	12.32	25.76	12.32	30.24	21.28	13.44	28.00	19.04	19.04	14.56	33.60	12.32	25.76	32.48	15.68	30.24	32.48	29.12	12.32	11.20	11.20	17.92	25.76	29.12	30.24	32.48	30.24	12.32	25.76	17.92	19.04	24.64	16.80	33.60	24.64	30.24	17.92	11.20	22.40	12.32	20.16	14.56	11.20	15.68	31.36	11.20	33.60	26.88	25.76	26.88	20.16	17.92	19.04	11.20	13.44	31.36	32.48	31.36	15.68	25.76	12.32	33.60	33.60	19.04	31.36	12.32	13.44	19.04	19.04	16.80	22.40	13.44	14.56	13.44	23.52	26.88	11.20	25.76	20.16	22.40	12.32	11.20	22.40	30.24	32.48	19.04	14.56	29.12	33.60	20.16	29.12	20.16	24.64	15.68	21.28	17.92	26.88	22.40	22.40	11.20	20.16	28.00	19.04	26.88	11.20	20.16	31.36	33.60	32.48	15.68	26.88	13.44	31.36	19.04	21.28	31.36	12.32	26.88	15.68	22.40	19.04	23.52	12.32	23.52	22.40	17.92	15.68	19.04	13.44	12.32	30.24	25.76	21.28	21.28	19.04	26.88	33.60	24.64	11.20	24.64	30.24	17.92	16.80	25.76	21.28	23.52	33.60	26.88	25.76	22.40	13.44	23.52	22.40	17.92	12.32	14.56	19.04	11.20	12.32	15.68	13.44	13.44	13.44	33.60	32.48	28.00	23.52	31.36	15.68	33.60	16.80	24.64	19.04	23.52	29.12	14.56	30.24	28.00	28.00	29.12	12.32	28.00	17.92	29.12	16.80	19.04	14.56	29.12	20.16	25.76	14.56	29.12	22.40	11.20	23.52	28.00	11.20	19.04	13.44	23.52	29.12	16.80	21.28	28.00	15.68	19.04	11.20	11.20	29.12	30.24	15.68	15.68	22.40	22.40	15.68	24.64	20.16	21.28	23.52	24.64	23.52	31.36	14.56	33.60	14.56	17.92	20.16	28.00	14.56	19.04	33.60	20.16	23.52	20.16	12.32	22.40	28.00	13.44	21.28	22.40	23.52	32.48	23.52	17.92	17.92	16.80	32.48	23.52	14.56	13.44	31.36	19.04	15.68	22.40	29.12	30.24	17.92	14.56	33.60	11.20	29.12	19.04	21.28	23.52	16.80	28.00	32.48	23.52	13.44	19.04	19.04	21.28	24.64	21.28	28.00	14.56	21.28	29.12	16.80	20.16	22.40	33.60	33.60	30.24	13.44	24.64	32.48	21.28	12.32	17.92	26.88	17.92	30.24	17.92	25.76	24.64	13.44	28.00	19.04	28.00	29.12	29.12	24.64	19.04	21.28	15.68	25.76	30.24	13.44	15.68	23.52	22.40	11.20	13.44	30.24	32.48	20.16	33.60	33.60	32.48	17.92	31.36	25.76	17.92	12.32	20.16	16.80	21.28	32.48	20.16	20.16	20.16	30.24	16.80	29.12	29.12	17.92	25.76	30.24	22.40	26.88	21.28	20.16	20.16	31.36	14.56	29.12	14.56	30.24	17.92	12.32	23.52	22.40	14.56	16.80	32.48	23.52	12.32	33.60	20.16	33.60	32.48	32.48	16.80	16.80	17.92	13.44	14.56	26.88	30.24	29.12	28.00	31.36	23.52	13.44	23.52	23.52	16.80	12.32	17.92	16.80	20.16	31.36	28.00	24.64	32.48	29.12	20.16	13.44	21.28	19.04	24.64	12.32	24.64	15.68	20.16	19.04	30.24	22.40	32.48	30.24	29.12	14.56	29.12	33.60	14.56	31.36	14.56	20.16	15.68	33.60	28.00	28.00	24.64	29.12	13.44	32.48	32.48	26.88	24.64	26.88	13.44	19.04	19.04	28.00	23.52	15.68	12.32	23.52	25.76	11.20	20.16	19.04	22.40	21.28	19.04	33.60	30.24	16.80	15.68	14.56	20.16	14.56	22.40	26.88	29.12	29.12	32.48	12.32	25.76	25.76	29.12	22.40	16.80	31.36	23.52	20.16	20.16	11.20	16.80	33.60	22.40	32.48	21.28	21.28	16.80	14.56	21.28	24.64	17.92	15.68	15.68	23.52	25.76	21.28	11.20	21.28	29.12	30.24	21.28	12.32	17.92	31.36	13.44	17.92	28.00	11.20	28.00	17.92	22.40	12.32	21.28	20.16	19.04	20.16	20.16	22.40	23.52	25.76	30.24	22.40	32.48	16.80	17.92	28.00	21.28	30.24	30.24	28.00	24.64	12.32	19.04	24.64	26.88	29.12	17.92	26.88	23.52	21.28	30.24	31.36	28.00	25.76	23.52	11.20	20.16	14.56	32.48	25.76	28.00	12.32	30.24	33.60	28.00	21.28	14.56	28.00	13.44	30.24	33.60	31.36	11.20	33.60	15.68	25.76	22.40	13.44	23.52	19.04	20.16	13.44	17.92	20.16	22.40	33.60	21.28	22.40	31.36	17.92	33.60	16.80	19.04	31.36	19.04	32.48	31.36	33.60	13.44	28.00	17.92	15.68	14.56	15.68	11.20	31.36	19.04	16.80	28.00	33.60	17.92	30.24	31.36	32.48	15.68	12.32	14.56	31.36	25.76	28.00	28.00	33.60	11.20	15.68	11.20	29.12	16.80	33.60	29.12	12.32	25.76	29.12	31.36	31.36	25.76	22.40	13.44	29.12	14.56	19.04	15.68	19.04	30.24	21.28	29.12	12.32	12.32	11.20	19.04	28.00	12.32	16.80	25.76	19.04	25.76	22.40	11.20	32.48	11.20	20.16	21.28	14.56	26.88	21.28	11.20	26.88	29.12	21.28	23.52	16.80	14.56	17.92	25.76	19.04	12.32	19.04	28.00	15.68	33.60	33.60	32.48	30.24	16.80	14.56	17.92	11.20	11.20	20.16	16.80	30.24	14.56	29.12	32.48	13.44	11.20	26.88	28.00	31.36	25.76	25.76	21.28	19.04	31.36	17.92	33.60	13.44	16.80	30.24	29.12	11.20	23.52	19.04	19.04	17.92	22.40	19.04	17.92	33.60	29.12	29.12	24.64	26.88	28.00	23.52	29.12	15.68	15.68	16.80	24.64	26.88	25.76	29.12	26.88	29.12	23.52	19.04	11.20	20.16	22.40	32.48	22.40	14.56	24.64	24.64	19.04	30.24	15.68	16.80	26.88	13.44	16.80	14.56	13.44	13.44	25.76	22.40	14.56	28.00	33.60	20.16	23.52	30.24	21.28	29.12	33.60	31.36	30.24	20.16	22.40	13.44	25.76	13.44	21.28	32.48	20.16	20.16	30.24	31.36	15.68	30.24	23.52	26.88	23.52	15.68	29.12	32.48	16.80	30.24	26.88	15.68	31.36	14.56	29.12	30.24	24.64	20.16	13.44	17.92	17.92	20.16	11.20	29.12	12.32	32.48	11.20	30.24	19.04	12.32	26.88	32.48	21.28	22.40	22.40	12.32	17.92	12.32	25.76	22.40	19.04	29.12	15.68	31.36	20.16	24.64	31.36	24.64	16.80	30.24	16.80	31.36	19.04	23.52	32.48	22.40	15.68	25.76	23.52	11.20	17.92	13.44	31.36	16.80	17.92	22.40	26.88	21.28	21.28	14.56	15.68	31.36	31.36	31.36	19.04	17.92	24.64	25.76	25.76	16.80	23.52	25.76	28.00	15.68	11.20	20.16	22.40	21.28	17.92	25.76	11.20	22.40	32.48	26.88	19.04	28.00	32.48	17.92	25.76	11.20	25.76	17.92	33.60	31.36	15.68	12.32	14.56	23.52	29.12	20.16	24.64	17.92	33.60	20.16	19.04	16.80	15.68	31.36	13.44	25.76	11.20	11.20	33.60	14.56	17.92	20.16	22.40	29.12	28.00	19.04	25.76	26.88	14.56	30.24	14.56	11.20	21.28	25.76	33.60	20.16	12.32	30.24	33.60	32.48	25.76	33.60	29.12	15.68	16.80	13.44	24.64	33.60	25.76	16.80	16.80	15.68	33.60	32.48	26.88	24.64	12.32	16.80	11.20	24.64	13.44	13.44	22.40	16.80	12.32	11.20	24.64	15.68	22.40	15.68	33.60	33.60	19.04	31.36	21.28	33.60	12.32	12.32	15.68	22.40	22.40	32.48	25.76	25.76	21.28	20.16	20.16	20.16	32.48	33.60	11.20	26.88	21.28	24.64	11.20	23.52	16.80	16.80	14.56	21.28	25.76	12.32	22.40	33.60	12.32	19.04	21.28	26.88	31.36	23.52	22.40	31.36	24.64	11.20	33.60	30.24	30.24	20.16	25.76	25.76	26.88	12.32	16.80	19.04	28.00	11.20	20.16	23.52	30.24	32.48	19.04	17.92	23.52	16.80	29.12	14.56	29.12	11.20	11.20	11.20	12.32	30.24	20.16	31.36	28.00	23.52	12.32	14.56	13.44	32.48	15.68	19.04	33.60	29.12	15.68	13.44	20.16	15.68	32.48	32.48	30.24	30.24	28.00	15.68	25.76	30.24	33.60	26.88	14.56	15.68	13.44	32.48	17.92	11.20	16.80	23.52	22.40	17.92	22.40	12.32	19.04	12.32	33.60	15.68	13.44	26.88	28.00	15.68	32.48	26.88	20.16	25.76	23.52	17.92	22.40	29.12	25.76	30.24	28.00	29.12	24.64	13.44	24.64	13.44	11.20	32.48	32.48	33.60	23.52	31.36	24.64	23.52	30.24	16.80	23.52	31.36	14.56	29.12	12.32	11.20	26.88	22.40	33.60	12.32	33.60	13.44	17.92	23.52	25.76	22.40	25.76	24.64	20.16	26.88	21.28	32.48	13.44	32.48	29.12	13.44	26.88	12.32	24.64	29.12	31.36	20.16	15.68	16.80	22.40	12.32	26.88	14.56	13.44	11.20	24.64	15.68	15.68	15.68	17.92	20.16	12.32	13.44	14.56	20.16	26.88	21.28	25.76	28.00	29.12	32.48	30.24	19.04	28.00	13.44	16.80	29.12	11.20	19.04	19.04	11.20	26.88	25.76	16.80	15.68	33.60	21.28	16.80	32.48	13.44	14.56	21.28	22.40	19.04	30.24	16.80	30.24	24.64	14.56	12.32	32.48	26.88	20.16	14.56	17.92	32.48	17.92	23.52	24.64	26.88	20.16	13.44	19.04	24.64	33.60	21.28	31.36	12.32	33.60	21.28	32.48	12.32	15.68	31.36	24.64	33.60	21.28	13.44	28.00	12.32	33.60	21.28	25.76	28.00	13.44	21.28	12.32	17.92	28.00	15.68	28.00	15.68	32.48	17.92	25.76	22.40	20.16	17.92	21.28	12.32	12.32	23.52	14.56	32.48	30.24	14.56	31.36	31.36	32.48	26.88	16.80	30.24	22.40	17.92	17.92	28.00	20.16	21.28	21.28	24.64	32.48	21.28	16.80	16.80	17.92	25.76	15.68	19.04	11.20	21.28	13.44	29.12	33.60	13.44	14.56	29.12	31.36	26.88	20.16	19.04	30.24	21.28	19.04	19.04	14.56	16.80	14.56	21.28	17.92	17.92	29.12	17.92	20.16	22.40	14.56	33.60	31.36	14.56	15.68	20.16	28.00	33.60	14.56	15.68	25.76	24.64	11.20	21.28	30.24	21.28	30.24	17.92	20.16	26.88	23.52	25.76	28.00	25.76	16.80	21.28	14.56	12.32	32.48	23.52	25.76	33.60	16.80	19.04	16.80	29.12	33.60	14.56	20.16	32.48	17.92	11.20	26.88	19.04	20.16	15.68	11.20	13.44	16.80	33.60	11.20	19.04	22.40	33.60	19.04	19.04	20.16	19.04	20.16	15.68	25.76	11.20	31.36	15.68	33.60	33.60	28.00	28.00	21.28	11.20	19.04	15.68	21.28	11.20	32.48	15.68	33.60	29.12	24.64	14.56	17.92	25.76	32.48	21.28	30.24	32.48	14.56	23.52	26.88	30.24	16.80	33.60	14.56	13.44	26.88	15.68	15.68	17.92	24.64	17.92	23.52	21.28	26.88	33.60	14.56	11.20	30.24	15.68	28.00	15.68	23.52	29.12	23.52	28.00	13.44	31.36	31.36	14.56	28.00	15.68	25.76	20.16	15.68	24.64	11.20	19.04	31.36	21.28	11.20	11.20	22.40	14.56	11.20	14.56	17.92	30.24	16.80	11.20	29.12	15.68	21.28	23.52	25.76	19.04	22.40	30.24	13.44	19.04	28.00	32.48	24.64	31.36	29.12	31.36	30.24	11.20	19.04	28.00	32.48	13.44	15.68	24.64	28.00	13.44	31.36	14.56	13.44	22.40	12.32	25.76	16.80	21.28	12.32	29.12	24.64	30.24	30.24	13.44	22.40	22.40	20.16	29.12	28.00	15.68	22.40	14.56	13.44	31.36	21.28	11.20	30.24	29.12	24.64	13.44	11.20	23.52	19.04	11.20	14.56	15.68	25.76	26.88	30.24	31.36	24.64	12.32	14.56	17.92	13.44	29.12	14.56	30.24	33.60	14.56	26.88	31.36	29.12	14.56	28.00	20.16	20.16	24.64	31.36	31.36	16.80	13.44	30.24	28.00	29.12	20.16	19.04	15.68	26.88	20.16	15.68	24.64	12.32	29.12	32.48	24.64	16.80	28.00	14.56	23.52	13.44	33.60	13.44	26.88	19.04	14.56	33.60	13.44	30.24	25.76	16.80	31.36	28.00	17.92	23.52	28.00	32.48	21.28	29.12	23.52	33.60	25.76	23.52	16.80	20.16	33.60	24.64	15.68	30.24	20.16	32.48	26.88	11.20	21.28	25.76	32.48	26.88	16.80	29.12	30.24	28.00	33.60	25.76	13.44	24.64	25.76	21.28	20.16	33.60	23.52	28.00	20.16	26.88	15.68	14.56	12.32	25.76	13.44	24.64	25.76	30.24	21.28	24.64	19.04	23.52	28.00	24.64	25.76	33.60	22.40	30.24	11.20	28.00	19.04	29.12	23.52	24.64	14.56	20.16	29.12	23.52	23.52	20.16	22.40	28.00	24.64	11.20	17.92	24.64	28.00	31.36	13.44	31.36	15.68	26.88	33.60	29.12	32.48	26.88	33.60	33.60	33.60	25.76	20.16	15.68	22.40	23.52	24.64	21.28	21.28	31.36	15.68	16.80	32.48	26.88	11.20	15.68	12.32	28.00	11.20	16.80	20.16	13.44	15.68	31.36	20.16	23.52	11.20	16.80	11.20	12.32	22.40	29.12	19.04	11.20	23.52	22.40	32.48	32.48	17.92	30.24	15.68	21.28	15.68	29.12	25.76	28.00	16.80	24.64	22.40	19.04	12.32	31.36	15.68	22.40	28.00	24.64	28.00	33.60	30.24	33.60	14.56	15.68	19.04	21.28	29.12	26.88	22.40	28.00	20.16	33.60	17.92	29.12	30.24	17.92	30.24	28.00	26.88	11.20	30.24	19.04	28.00	29.12	15.68	28.00	32.48	17.92	29.12	26.88	21.28	32.48	15.68	30.24	28.00	29.12	29.12	26.88	16.80	20.16	29.12	13.44	30.24	17.92	25.76	32.48	12.32	23.52	23.52	28.00	28.00	15.68	26.88	32.48	24.64	12.32	15.68	29.12	12.32	33.60	21.28	31.36	21.28	32.48	25.76	30.24	11.20	11.20	23.52	24.64	28.00	12.32	28.00	20.16	30.24	24.64	13.44	12.32	17.92	24.64	13.44	21.28	23.52	29.12	16.80	24.64	33.60	23.52	29.12	13.44	25.76	11.20	30.24	33.60	24.64	26.88	13.44	29.12	21.28	29.12	16.80	20.16	31.36	29.12	30.24	30.24	14.56	12.32	23.52	20.16	28.00	32.48	19.04	25.76	28.00	15.68	30.24	12.32	15.68	25.76	24.64	19.04	20.16	32.48	19.04	25.76	21.28	32.48	11.20	13.44	33.60	29.12	25.76	20.16	12.32	17.92	15.68	25.76	16.80	22.40	23.52	24.64	24.64	24.64	19.04	33.60	19.04	14.56	25.76	26.88	16.80	29.12	21.28	16.80	29.12	23.52	12.32	31.36	26.88	12.32	25.76	32.48	23.52	21.28	30.24	20.16	17.92	28.00	33.60	13.44	23.52	29.12	12.32	33.60	15.68	28.00	30.24	23.52	23.52	20.16	26.88	15.68	23.52	30.24	15.68	32.48	16.80	31.36	20.16	31.36	11.20	12.32	21.28	21.28	11.20	14.56	11.20	22.40	17.92	32.48	12.32	25.76	13.44	17.92	12.32	11.20	23.52	26.88	17.92	21.28	32.48	14.56	12.32	30.24	33.60	30.24	11.20	32.48	25.76	29.12	24.64	12.32	19.04	24.64	12.32	28.00	20.16	22.40	15.68	21.28	12.32	20.16	11.20	22.40	22.40	24.64	23.52	25.76	20.16	21.28	33.60	26.88	31.36	30.24	25.76	29.12	25.76	11.20	14.56	29.12	31.36	29.12	19.04	21.28	28.00	15.68	13.44	11.20	29.12	24.64	12.32	21.28	23.52	13.44	29.12	16.80	32.48	13.44	16.80	32.48	13.44	32.48	33.60	11.20	26.88	16.80	25.76	13.44	14.56	17.92	26.88	23.52	25.76	30.24	23.52	24.64	21.28	15.68	29.12	33.60	17.92	12.32	21.28	12.32	11.20	19.04	33.60	15.68	32.48	30.24	32.48	26.88	30.24	15.68	33.60	13.44	29.12	16.80	31.36	14.56	16.80	20.16	14.56	29.12	13.44	17.92	12.32	24.64	12.32	29.12	23.52	32.48	22.40	24.64	30.24	33.60	15.68	28.00	17.92	16.80	21.28	25.76	26.88	31.36	15.68	25.76	21.28	20.16	26.88	29.12	11.20	26.88	16.80	13.44	12.32	30.24	31.36	29.12	28.00	26.88	31.36	19.04	14.56	13.44	24.64	22.40	33.60	16.80	19.04	17.92	24.64	26.88	16.80	13.44	15.68	12.32	30.24	20.16	26.88	20.16	22.40	28.00	30.24	33.60	20.16	32.48	23.52	21.28	26.88	11.20	12.32	17.92	19.04	16.80	31.36	33.60	13.44	17.92	17.92	23.52	23.52	23.52	31.36	15.68	31.36	28.00	20.16	24.64	29.12	24.64	32.48	12.32	20.16	32.48	13.44	30.24	33.60	11.20	22.40	16.80	23.52	26.88	26.88	32.48	17.92	11.20	16.80	33.60	24.64	19.04	31.36	11.20	11.20	14.56	12.32	20.16	22.40	13.44	19.04	31.36	26.88	30.24	22.40	13.44	16.80	22.40	23.52	13.44	28.00	17.92	12.32	14.56	20.16	17.92	29.12	13.44	33.60	17.92	19.04	14.56	11.20	32.48	20.16	19.04	30.24	20.16	25.76	24.64	23.52	20.16	31.36	25.76	22.40	33.60	26.88	31.36	12.32	13.44	22.40	25.76	13.44	20.16	26.88	30.24	33.60	32.48	17.92	15.68	29.12	13.44	14.56	12.32	12.32	16.80	20.16	19.04	22.40	11.20	30.24	11.20	26.88	20.16	21.28	24.64	12.32	16.80	26.88	13.44	15.68	32.48	26.88	12.32	11.20	14.56	17.92	26.88	30.24	30.24	29.12	14.56	20.16	11.20	19.04	30.24	33.60	19.04	21.28	31.36	24.64	28.00	17.92	20.16	11.20	23.52	14.56	29.12	17.92	13.44	11.20	13.44	28.00	22.40	29.12	11.20	32.48	14.56	17.92	29.12	22.40	19.04	30.24	22.40	11.20	12.32	12.32	15.68	32.48	21.28	31.36	11.20	23.52	26.88	21.28	28.00	15.68	17.92	25.76	24.64	16.80	19.04	20.16	15.68	24.64	12.32	11.20	16.80	19.04	16.80	23.52	21.28	20.16	29.12	16.80	15.68	16.80	33.60	33.60	31.36	31.36	32.48	20.16	19.04	25.76	29.12	29.12	32.48	15.68	14.56	22.40	14.56	11.20	16.80	13.44	26.88	25.76	14.56	30.24	31.36	19.04	20.16	20.16	33.60	20.16	23.52	22.40	23.52	14.56	25.76	21.28	20.16	17.92	21.28	19.04	24.64	31.36	25.76	11.20	26.88	32.48	11.20	31.36	16.80	19.04	12.32	25.76	13.44	16.80	32.48	32.48	19.04	11.20	29.12	30.24	11.20	33.60	24.64	28.00	30.24	28.00	25.76	13.44	16.80	30.24	28.00	20.16	22.40	15.68	17.92	31.36	25.76	28.00	33.60	24.64	13.44	15.68	29.12	31.36	28.00	12.32	17.92	21.28	14.56	12.32	25.76	17.92	16.80	15.68	21.28	24.64	26.88	32.48	28.00	21.28	30.24	23.52	16.80	11.20	25.76	16.80	12.32	25.76	11.20	21.28	22.40	21.28	29.12	28.00	33.60	28.00	25.76	23.52	28.00	24.64	29.12	25.76	16.80	19.04	11.20	13.44	19.04	22.40	32.48	16.80	12.32	12.32	11.20	20.16	15.68	33.60	19.04	20.16	16.80	19.04	29.12	12.32	21.28	11.20	26.88	26.88	21.28	23.52	26.88	16.80	15.68	21.28	14.56	21.28	17.92	25.76	21.28	15.68	29.12	20.16	23.52	29.12	26.88	20.16	11.20	22.40	26.88	17.92	12.32	26.88	32.48	32.48	20.16	30.24	14.56	24.64	25.76	22.40	19.04	12.32	23.52	15.68	31.36	24.64	19.04	14.56	31.36	30.24	14.56	12.32	19.04	13.44	23.52	26.88	16.80	13.44	17.92	11.20	30.24	33.60	12.32	31.36	22.40	26.88	19.04	12.32	11.20	23.52	19.04	30.24	13.44	15.68	14.56	15.68	21.28	26.88	14.56	12.32	29.12	24.64	28.00	11.20	26.88	15.68	29.12	13.44	26.88	22.40	17.92	15.68	26.88	33.60	22.40	22.40	15.68	22.40	13.44	23.52	16.80	22.40	19.04	13.44	13.44	19.04	30.24	28.00	19.04	12.32	29.12	25.76	29.12	20.16	20.16	29.12	21.28	24.64	24.64	14.56	32.48	31.36	20.16	21.28	19.04	12.32	30.24	21.28	32.48	11.20	33.60	25.76	23.52	30.24	12.32	21.28	29.12	30.24	20.16	21.28	31.36	25.76	19.04	13.44	24.64	22.40	13.44	28.00	20.16	32.48	23.52	20.16	33.60	23.52	26.88	20.16	28.00	21.28	29.12	26.88	31.36	25.76	25.76	31.36	25.76	11.20	24.64	12.32	19.04	17.92	20.16	33.60	30.24	33.60	29.12	22.40	31.36	14.56	13.44	28.00	32.48	21.28	14.56	15.68	16.80	13.44	13.44	19.04	24.64	28.00	14.56	13.44	21.28	23.52	31.36	21.28	11.20	23.52	29.12	20.16	15.68	16.80	33.60	11.20	20.16	28.00	19.04	22.40	33.60	16.80	15.68	14.56	26.88	33.60	31.36	24.64	13.44	15.68	33.60	11.20	14.56	11.20	14.56	21.28	24.64	16.80	20.16	19.04	30.24	21.28	29.12	19.04	32.48	32.48	13.44	25.76	31.36	25.76	22.40	29.12	11.20	16.80	25.76	11.20	23.52	13.44	24.64	33.60	14.56	32.48	20.16	24.64	28.00	17.92	21.28	29.12	33.60	11.20	12.32	26.88	16.80	32.48	14.56	33.60	30.24	25.76	25.76	33.60	17.92	14.56	11.20	31.36	13.44	29.12	25.76	31.36	24.64	16.80	20.16	14.56	31.36	20.16	19.04	24.64	14.56	12.32	33.60	26.88	14.56	22.40	24.64	26.88	30.24	24.64	17.92	23.52	31.36	29.12	26.88	33.60	32.48	15.68	33.60	16.80	20.16	26.88	12.32	23.52	32.48	26.88	30.24	12.32	31.36	24.64	33.60	28.00	31.36	31.36	32.48	25.76	32.48	20.16	20.16	12.32	22.40	29.12	12.32	14.56	20.16	22.40	24.64	12.32	17.92	20.16	22.40	23.52	30.24	16.80	13.44	21.28	13.44	12.32	20.16	28.00	26.88	33.60	33.60	31.36	28.00	14.56	23.52	25.76	31.36	14.56	20.16	31.36	33.60	25.76	20.16	32.48	16.80	32.48	28.00	33.60	11.20	26.88	11.20	30.24	24.64	22.40	31.36	32.48	25.76	17.92	17.92	16.80	12.32	26.88	28.00	19.04	19.04	22.40	16.80	33.60	21.28	17.92	11.20	30.24	28.00	26.88	23.52	15.68	19.04	15.68	23.52	25.76	29.12	13.44	31.36	11.20	33.60	12.32	13.44	14.56	30.24	20.16	14.56	22.40	32.48	29.12	30.24	11.20	21.28	16.80	17.92	14.56	25.76	20.16	21.28	19.04	23.52	13.44	26.88	22.40	12.32	21.28	17.92	16.80	12.32	22.40	22.40	16.80	31.36	25.76	32.48	13.44	16.80	23.52	28.00	29.12	17.92	15.68	12.32	22.40	22.40	23.52	20.16	26.88	25.76	22.40	30.24	26.88	14.56	16.80	32.48	32.48	30.24	29.12	22.40	30.24	26.88	30.24	31.36	21.28	16.80	22.40	11.20	16.80	17.92	32.48	30.24	29.12	29.12	25.76	29.12	16.80	17.92	33.60	13.44	26.88	19.04	26.88	26.88	29.12	11.20	20.16	33.60	32.48	12.32	17.92	22.40	26.88	21.28	19.04	25.76	24.64	24.64	30.24	29.12	22.40	12.32	31.36	29.12	28.00	31.36	19.04	23.52	24.64	32.48	20.16	25.76	24.64	16.80	15.68	26.88	30.24	32.48	17.92	15.68	13.44	29.12	19.04	20.16	31.36	17.92	25.76	14.56	13.44	13.44	16.80	32.48	32.48	22.40	11.20	30.24	28.00	31.36	24.64	14.56	25.76	21.28	11.20	17.92	19.04	32.48	11.20	21.28	16.80	24.64	24.64	14.56	32.48	25.76	13.44	30.24	19.04	29.12	22.40	21.28	22.40	19.04	29.12	29.12	23.52	28.00	25.76	15.68	11.20	21.28	15.68	26.88	19.04	29.12	16.80	20.16	14.56	25.76	23.52	20.16	15.68	30.24	17.92	12.32	23.52	11.20	25.76	31.36	23.52	33.60	28.00	29.12	23.52	33.60	16.80	24.64	14.56	17.92	24.64	23.52	17.92	14.56	24.64	31.36	32.48	20.16	11.20	15.68	15.68	25.76	30.24	17.92	21.28	29.12	31.36	12.32	25.76	12.32	15.68	22.40	25.76	29.12	14.56	21.28	13.44	17.92	22.40	17.92	17.92	20.16	11.20	21.28	31.36	12.32	23.52	32.48	17.92	31.36	29.12	17.92	20.16	16.80	26.88	15.68	13.44	25.76	16.80	19.04	28.00	23.52	32.48	23.52	14.56	21.28	11.20	30.24	29.12	31.36	22.40	11.20	33.60	33.60	29.12	19.04	25.76	12.32	16.80	28.00	17.92	20.16	15.68	11.20	22.40	30.24	14.56	14.56	26.88	32.48	23.52	20.16	19.04	15.68	23.52	28.00	17.92	26.88	24.64	11.20	20.16	26.88	17.92	30.24	32.48	21.28	15.68	33.60	32.48	24.64	22.40	33.60	24.64	11.20	14.56	28.00	32.48	24.64	20.16	31.36	22.40	15.68	33.60	15.68	13.44	31.36	30.24	26.88	32.48	24.64	16.80	23.52	29.12	21.28	20.16	14.56	20.16	24.64	19.04	31.36	32.48	13.44	33.60	29.12	13.44	19.04	13.44	14.56	14.56	23.52	13.44	14.56	25.76	33.60	19.04	20.16	15.68	26.88	16.80	30.24	33.60	17.92	19.04	24.64	31.36	12.32	30.24	24.64	22.40	15.68	25.76	23.52	32.48	23.52	12.32	21.28	11.20	21.28	15.68	13.44	29.12	26.88	28.00	11.20	29.12	22.40	14.56	32.48	31.36	13.44	14.56	23.52	33.60	11.20	23.52	30.24	32.48	16.80	28.00	17.92	29.12	25.76	26.88	17.92	11.20	15.68	33.60	29.12	23.52	22.40	17.92	13.44	32.48	15.68	32.48	14.56	15.68	17.92	30.24	25.76	14.56	24.64	29.12	24.64	30.24	24.64	28.00	17.92	24.64	25.76	20.16	32.48	33.60	25.76	25.76	17.92	21.28	31.36	16.80	33.60	23.52	20.16	31.36	24.64	11.20	23.52	15.68	24.64	19.04	25.76	24.64	17.92	26.88	20.16	16.80	31.36	26.88	32.48	20.16	31.36	14.56	32.48	31.36	11.20	23.52	11.20	31.36	19.04	28.00	33.60	25.76	15.68	23.52	33.60	19.04	16.80	19.04	13.44	24.64	17.92	33.60	30.24	14.56	24.64	24.64	13.44	32.48	11.20	12.32	31.36	22.40	28.00	28.00	11.20	25.76	17.92	29.12	14.56	24.64	15.68	19.04	26.88	17.92	29.12	32.48	29.12	19.04	15.68	16.80	28.00	24.64	14.56	25.76	13.44	31.36	32.48	26.88	30.24	12.32	32.48	22.40	16.80	32.48	16.80	17.92	21.28	11.20	29.12	16.80	19.04	31.36	30.24	16.80	11.20	14.56	23.52	28.00	23.52	23.52	11.20	19.04	13.44	22.40	12.32	28.00	17.92	29.12	13.44	32.48	23.52	12.32	17.92	24.64	16.80	24.64	28.00	12.32	30.24	22.40	19.04	30.24	33.60	19.04	19.04	12.32	32.48	15.68	32.48	15.68	23.52	26.88	16.80	29.12	28.00	32.48	30.24	13.44	13.44	19.04	32.48	22.40	32.48	24.64	26.88	16.80	32.48	23.52	24.64	32.48	12.32	33.60	25.76	12.32	33.60	20.16	26.88	26.88	29.12	20.16	13.44	26.88	13.44	17.92	19.04	33.60	17.92	11.20	25.76	29.12	28.00	17.92	16.80	26.88	14.56	22.40	23.52	12.32	15.68	25.76	32.48	30.24	23.52	11.20	21.28	25.76	33.60	22.40	20.16	16.80	11.20	33.60	28.00	16.80	25.76	16.80	23.52	20.16	13.44	11.20	30.24	28.00	14.56	23.52	33.60	20.16	16.80	26.88	29.12	11.20	15.68	32.48	22.40	31.36	29.12	30.24	26.88	31.36	12.32	32.48	23.52	22.40	19.04	19.04	26.88	32.48	21.28	20.16	15.68	19.04	12.32	12.32	21.28	17.92	17.92	26.88	23.52	28.00	16.80	14.56	19.04	29.12	32.48	16.80	23.52	20.16	20.16	25.76	30.24	12.32	22.40	16.80	16.80	25.76	28.00	30.24	26.88	24.64	28.00	12.32	22.40	19.04	11.20	33.60	13.44	16.80	26.88	20.16	32.48	20.16	30.24	29.12	33.60	29.12	30.24	13.44	11.20	28.00	17.92	25.76	31.36	22.40	23.52	26.88	22.40	21.28	15.68	24.64	12.32	21.28	16.80	22.40	13.44	12.32	31.36	31.36	17.92	31.36	22.40	16.80	24.64	29.12	26.88	26.88	23.52	14.56	12.32	26.88	24.64	22.40	13.44	23.52	15.68	17.92	33.60	32.48	30.24	32.48	16.80	12.32	15.68	24.64	20.16	29.12	22.40	15.68	29.12	32.48	33.60	20.16	12.32	23.52	33.60	21.28	21.28	29.12	23.52	28.00	29.12	32.48	14.56	14.56	21.28	26.88	15.68	28.00	22.40	12.32	29.12	25.76	32.48	33.60	22.40	12.32	28.00	17.92	29.12	29.12	25.76	22.40	25.76	16.80	12.32	30.24	13.44	24.64	29.12	14.56	16.80	22.40	28.00	30.24	25.76	33.60	21.28	32.48	15.68	17.92	12.32	32.48	22.40	33.60	22.40	30.24	14.56	15.68	17.92	11.20	16.80	33.60	12.32	25.76	26.88	22.40	33.60	32.48	21.28	24.64	28.00	23.52	11.20	17.92	25.76	28.00	17.92	16.80	30.24	26.88	16.80	31.36	24.64	24.64	29.12	28.00	20.16	17.92	19.04	19.04	13.44	25.76	19.04	19.04	21.28	25.76	21.28	14.56	11.20	29.12	17.92	33.60	24.64	13.44	33.60	19.04	30.24	23.52	24.64	24.64	16.80	31.36	17.92	29.12	12.32	17.92	24.64	29.12	29.12	31.36	26.88	16.80	22.40	17.92	15.68	14.56	20.16	16.80	33.60	32.48	30.24	24.64	13.44	11.20	11.20	28.00	31.36	24.64	25.76	26.88	21.28	33.60	29.12	22.40	31.36	17.92	21.28	12.32	22.40	26.88	17.92	12.32	26.88	12.32	25.76	31.36	17.92	23.52	26.88	33.60	16.80	20.16	17.92	15.68	24.64	12.32	32.48	32.48	17.92	31.36	32.48	16.80	19.04	32.48	14.56	12.32	23.52	12.32	21.28	23.52	31.36	21.28	15.68	26.88	31.36	22.40	32.48	11.20	28.00	20.16	29.12	11.20	11.20	23.52	24.64	11.20	22.40	25.76	15.68	33.60	23.52	19.04	14.56	28.00	14.56	22.40	20.16	33.60	16.80	22.40	11.20	28.00	17.92	16.80	32.48	24.64	20.16	15.68	24.64	28.00	33.60	19.04	22.40	31.36	15.68	28.00	30.24	26.88	30.24	15.68	31.36	17.92	32.48	28.00	22.40	20.16	25.76	32.48	17.92	12.32	30.24	21.28	20.16	12.32	32.48	26.88	33.60	26.88	24.64	23.52	20.16	31.36	22.40	22.40	12.32	28.00	26.88	26.88	14.56	29.12	20.16	31.36	20.16	24.64	29.12	15.68	24.64	20.16	22.40	23.52	22.40	16.80	12.32	13.44	13.44	19.04	24.64	24.64	14.56	22.40	30.24	31.36	22.40	15.68	17.92	32.48	29.12	11.20	21.28	33.60	26.88	11.20	14.56	16.80	32.48	23.52	12.32	17.92	14.56	29.12	30.24	12.32	17.92	17.92	14.56	29.12	23.52	19.04	14.56	33.60	15.68	20.16	26.88	25.76	30.24	32.48	13.44	23.52	20.16	32.48	21.28	20.16	17.92	30.24	19.04	31.36	22.40	29.12	26.88	22.40	13.44	28.00	21.28	21.28	19.04	24.64	28.00	30.24	13.44	12.32	19.04	19.04	26.88	16.80	17.92	28.00	23.52	31.36	11.20	25.76	12.32	28.00	28.00	11.20	28.00	11.20	14.56	20.16	20.16	25.76	28.00	16.80	20.16	26.88	11.20	11.20	23.52	29.12	17.92	32.48	24.64	13.44	24.64	19.04	22.40	28.00	30.24	17.92	12.32	23.52	16.80	26.88	15.68	22.40	23.52	28.00	32.48	33.60	29.12	22.40	33.60	33.60	24.64	22.40	23.52	17.92	31.36	33.60	32.48	25.76	23.52	16.80	25.76	32.48	12.32	13.44	14.56	13.44	20.16	30.24	23.52	16.80	24.64	13.44	24.64	11.20	29.12	21.28	28.00	11.20	24.64	11.20	30.24	26.88	16.80	13.44	14.56	26.88	15.68	13.44	22.40	26.88	12.32	25.76	16.80	33.60	16.80	13.44	15.68	31.36	31.36	11.20	15.68	25.76	24.64	29.12	20.16	13.44	24.64	22.40	23.52	21.28	24.64	21.28	26.88	21.28	29.12	24.64	22.40	12.32	21.28	12.32	15.68	14.56	29.12	20.16	28.00	22.40	23.52	24.64	29.12	22.40	22.40	16.80	11.20	30.24	29.12	14.56	22.40	17.92	22.40	28.00	31.36	31.36	14.56	29.12	31.36	30.24	22.40	23.52	21.28	12.32	11.20	17.92	24.64	31.36	20.16	22.40	31.36	22.40	15.68	14.56	13.44	25.76	31.36	14.56	13.44	15.68	23.52	32.48	19.04	16.80	22.40	24.64	13.44	15.68	13.44	32.48	26.88	33.60	15.68	14.56	21.28	32.48	23.52	25.76	22.40	21.28	20.16	20.16	19.04	24.64	24.64	33.60	16.80	11.20	19.04	11.20	14.56	20.16	14.56	15.68	26.88	23.52	32.48	11.20	14.56	33.60	11.20	11.20	29.12	17.92	26.88	28.00	14.56	13.44	30.24	13.44	31.36	22.40	24.64	17.92	29.12	31.36	12.32	24.64	25.76	26.88	28.00	33.60	20.16	22.40	17.92	12.32	33.60	17.92	32.48	22.40	22.40	25.76	31.36	17.92	24.64	24.64	25.76	15.68	31.36	17.92	15.68	13.44	13.44	20.16	32.48	11.20	12.32	21.28	33.60	30.24	24.64	30.24	29.12	26.88	33.60	26.88	32.48	11.20	14.56	23.52	32.48	29.12	12.32	15.68	30.24	26.88	14.56	11.20	28.00	33.60	17.92	23.52	17.92	24.64	29.12	29.12	28.00	32.48	33.60	16.80	29.12	29.12	23.52	28.00	25.76	11.20	24.64	26.88	30.24	20.16	13.44	19.04	33.60	29.12	30.24	17.92	32.48	14.56	24.64	22.40	16.80	19.04	17.92	22.40	22.40	25.76	12.32	20.16	12.32	21.28	29.12	32.48	29.12	31.36	23.52	11.20	33.60	17.92	14.56	29.12	22.40	20.16	13.44	12.32	14.56	22.40	30.24	30.24	17.92	11.20	23.52	16.80	15.68	19.04	23.52	20.16	19.04	14.56	17.92	31.36	31.36	15.68	26.88	14.56	16.80	15.68	20.16	16.80	31.36	14.56	19.04	29.12	13.44	15.68	19.04	21.28	26.88	32.48	12.32	28.00	13.44	13.44	15.68	30.24	28.00	22.40	12.32	11.20	29.12	13.44	25.76	21.28	28.00	29.12	28.00	17.92	22.40	33.60	24.64	14.56	13.44	19.04	28.00	16.80	33.60	19.04	28.00	31.36	20.16	25.76	24.64	26.88	13.44	20.16	32.48	19.04	29.12	19.04	25.76	15.68	26.88	24.64	28.00	31.36	14.56	20.16	22.40	15.68	32.48	33.60	15.68	20.16	24.64	19.04	25.76	31.36	30.24	14.56	29.12	21.28	24.64	25.76	33.60	30.24	33.60	26.88	25.76	16.80	13.44	20.16	23.52	32.48	25.76	11.20	12.32	22.40	31.36	28.00	33.60	21.28	11.20	28.00	11.20	15.68	30.24	30.24	21.28	20.16	21.28	29.12	28.00	23.52	32.48	15.68	25.76	32.48	13.44	21.28	24.64	28.00	17.92	26.88	15.68	22.40	33.60	17.92	12.32	33.60	31.36	15.68	20.16	11.20	21.28	15.68	26.88	26.88	26.88	12.32	32.48	26.88	32.48	17.92	20.16	16.80	24.64	23.52	22.40	25.76	26.88	26.88	17.92	30.24	33.60	29.12	19.04	23.52	19.04	22.40	32.48	20.16	12.32	30.24	25.76	26.88	19.04	33.60	19.04	31.36	24.64	20.16	25.76	21.28	
15.68	33.60	29.12	12.32	31.36	16.80	20.16	12.32	16.80	13.44	11.20	15.68	31.36	31.36	26.88	
20	11	17	14	13	11	17	15	15	13	11	17	10	18	20	19	12	15	19	12	20	11	11	12	11	10	15	13	19	17	20	10	13	16	16	20	16	18	14	16	10	16	12	16	12	10	19	10	15	11	11	12	15	12	17	20	17	20	16	17	19	14	19	20	12	14	14	12	17	12	15	11	14	18	17	16	12	18	17	20	12	11	14	15	19	12	16	13	13	13	11	10	16	19	19	11	11	17	16	11	13	11	17	10	12	18	15	14	16	12	16	11	18	20	12	15	14	20	20	17	14	16	20	10	10	20	14	15	11	11	11	11	18	17	16	18	19	10	11	10	11	15	11	16	17	16	19	20	16	13	15	17	19	18	19	14	16	17	10	12	10	19	10	20	11	19	12	15	20	11	12	15	11	12	10	15	20	11	16	20	10	19	14	15	10	16	17	20	14	20	14	18	12	12	18	16	13	19	14	17	19	12	16	19	15	18	10	19	15	10	18	11	11	12	18	20	11	10	16	12	11	12	15	18	12	16	14	12	13	19	10	11	18	13	16	17	16	17	13	18	18	19	20	15	18	14	15	10	11	15	14	17	18	10	19	11	10	11	16	18	15	12	13	13	12	16	19	16	16	13	19	16	19	16	19	10	16	15	18	20	12	20	19	11	12	19	10	18	10	17	16	20	11	13	15	14	10	10	18	18	16	15	18	18	15	14	15	20	14	19	20	12	14	11	10	14	12	13	11	11	12	12	11	10	16	16	20	13	17	16	18	11	18	17	13	18	14	16	12	17	17	18	11	15	10	12	16	10	14	19	14	17	18	18	14	10	17	14	18	13	17	16	13	10	15	16	14	16	19	13	19	15	11	16	13	12	20	20	18	15	15	11	14	16	20	10	14	12	17	13	15	13	19	19	18	17	17	10	15	12	18	18	16	16	19	20	16	11	18	13	18	13	12	15	13	20	19	19	19	13	20	19	20	17	10	14	16	12	20	12	17	12	12	14	15	17	12	18	17	14	15	16	14	10	18	14	12	15	19	10	15	20	12	15	17	10	12	10	16	16	11	13	17	10	15	16	11	15	19	17	19	14	18	14	13	12	19	13	15	12	15	18	13	19	14	12	16	19	10	19	11	12	11	17	13	19	13	20	20	16	10	17	10	15	18	18	11	18	10	12	12	13	17	20	17	10	13	10	12	14	17	19	12	11	19	13	19	11	13	10	10	19	20	10	12	17	11	16	13	12	18	18	18	19	12	16	15	15	19	18	18	12	13	18	15	16	19	18	19	11	12	19	11	18	13	12	11	16	16	14	18	12	19	10	18	15	19	20	10	11	10	17	17	10	11	17	10	12	10	12	16	12	16	10	15	17	10	14	16	13	15	17	11	20	14	15	20	12	15	14	13	18	18	11	12	15	11	16	15	13	11	17	17	20	17	15	11	13	12	14	14	10	20	13	18	14	20	19	12	15	14	17	17	15	18	16	10	16	13	16	17	19	16	20	19	20	12	16	17	17	11	11	14	20	10	12	15	18	19	14	17	11	17	10	20	19	13	12	12	20	20	17	12	10	15	16	15	16	10	17	13	20	17	18	17	20	13	18	18	11	16	20	18	14	10	11	13	14	10	16	15	11	15	19	18	19	15	13	15	19	19	17	10	11	13	12	10	11	11	15	19	19	10	11	13	16	11	18	18	14	12	20	17	11	10	12	12	13	20	11	19	10	14	14	13	10	13	10	14	16	20	19	17	11	15	12	19	13	16	10	13	17	20	11	15	15	15	15	18	16	17	19	17	16	16	16	16	10	14	19	12	17	19	17	16	15	18	10	11	10	19	16	13	12	20	10	11	17	18	15	18	13	19	20	12	16	14	12	19	18	17	10	15	16	13	20	19	17	17	16	15	14	16	17	17	14	16	12	16	17	13	12	18	15	11	18	19	14	16	20	13	14	19	10	14	12	14	11	11	11	20	12	12	20	15	15	13	13	17	18	11	11	17	20	16	18	20	11	11	12	10	15	13	10	15	11	12	18	11	16	11	15	15	18	13	14	17	13	18	15	19	19	17	18	15	14	16	12	13	10	15	11	15	19	18	19	12	19	11	13	20	17	20	11	17	10	17	15	19	18	18	11	12	14	15	11	14	10	14	10	20	14	17	13	16	16	18	20	16	17	11	17	19	13	14	11	20	20	14	12	14	20	20	16	17	20	17	15	14	17	14	13	20	15	13	15	12	12	17	14	14	10	11	10	17	18	13	11	20	14	19	11	17	18	16	11	18	15	20	19	11	10	18	18	12	10	11	11	15	16	16	16	12	13	17	10	19	13	18	13	13	14	20	11	19	10	12	19	11	15	19	20	10	11	18	19	13	17	15	10	19	11	16	10	13	12	15	13	19	18	18	18	15	11	15	10	19	20	12	14	16	16	13	11	10	16	18	14	15	11	14	19	12	16	17	15	11	10	17	13	12	14	19	20	19	12	11	18	13	20	11	19	19	16	17	14	18	14	17	20	14	19	20	12	10	18	12	17	15	14	14	14	17	19	14	14	12	16	11	11	12	20	18	16	18	14	17	20	20	14	11	10	15	14	14	12	13	15	15	14	10	15	13	18	12	17	19	17	15	19	17	20	10	15	19	19	17	19	20	12	19	14	17	19	17	13	17	19	16	16	13	17	18	10	11	15	15	14	13	11	19	13	19	20	12	10	14	19	20	11	19	10	15	17	18	17	20	19	14	20	18	13	11	16	12	20	14	11	11	14	16	13	11	12	13	15	19	19	17	10	10	18	18	16	18	10	11	15	12	12	12	18	12	17	12	15	16	20	19	17	11	20	14	17	14	11	14	11	11	16	19	20	12	17	12	13	13	17	14	16	10	11	14	12	18	20	12	19	11	11	18	20	20	10	18	13	12	18	11	11	19	19	16	19	17	20	10	11	14	10	11	15	11	12	12	18	14	15	19	12	11	19	19	17	11	12	20	15	13	17	18	16	13	15	18	12	13	12	20	19	14	12	18	12	10	19	15	18	17	15	19	11	13	15	18	12	11	12	12	19	13	15	19	11	17	19	17	13	11	16	19	10	10	13	14	13	12	16	18	17	16	11	19	19	12	12	16	14	20	19	19	20	13	15	13	11	18	13	16	13	10	17	15	15	13	13	13	14	20	20	18	18	12	20	16	17	10	14	15	17	19	17	10	19	20	16	10	14	14	15	10	20	19	10	15	17	18	16	13	17	11	15	15	17	11	19	15	11	17	16	19	20	12	11	15	17	16	18	16	12	13	11	16	11	10	20	17	14	11	16	19	14	12	11	14	17	12	13	13	18	17	14	15	11	13	15	20	15	18	19	13	20	12	18	19	11	20	20	18	16	10	19	13	12	10	11	18	14	19	14	15	10	15	11	12	10	14	17	16	20	17	11	13	18	19	12	19	14	20	12	11	10	19	14	18	14	20	13	17	18	12	14	20	14	15	19	12	18	19	10	19	15	10	14	13	13	18	17	10	18	17	14	19	11	18	16	19	14	16	20	13	13	13	12	18	13	16	16	12	13	11	11	11	15	18	12	10	18	12	10	18	13	15	13	20	10	19	16	15	15	18	12	10	15	17	11	19	18	15	18	11	12	20	14	20	17	11	16	18	12	14	19	17	11	19	17	16	11	19	11	17	16	17	14	12	13	12	10	14	17	15	15	13	16	18	13	19	12	19	16	10	11	11	20	15	11	11	15	20	10	11	10	13	18	13	16	16	14	20	16	14	19	16	17	16	12	15	11	16	18	17	11	14	20	17	18	18	18	11	16	14	20	20	13	12	17	11	16	20	12	12	11	15	10	19	14	12	10	10	20	12	14	19	13	16	16	19	17	18	15	13	13	11	11	19	12	11	13	19	11	12	10	19	19	12	19	15	10	19	18	18	19	14	13	13	12	19	18	14	11	14	12	12	18	17	17	19	18	16	16	15	12	14	11	17	18	12	20	16	17	16	10	10	15	12	13	14	19	15	17	14	16	11	12	12	11	13	14	11	19	16	14	15	15	15	13	17	18	20	16	19	12	20	15	16	19	15	15	10	15	17	16	11	16	18	19	19	20	13	15	18	18	16	11	18	16	13	16	16	10	17	18	17	17	15	16	10	16	13	13	17	17	17	15	13	16	14	12	14	19	14	19	18	13	15	10	16	14	14	18	15	20	19	11	11	19	19	20	11	13	16	17	13	17	19	10	20	17	18	16	12	18	13	15	10	20	15	15	18	14	17	13	19	17	10	17	20	15	12	10	16	18	19	19	13	18	17	15	20	16	19	19	20	14	12	15	11	13	13	17	17	10	20	20	14	19	12	16	12	11	16	18	14	18	19	13	11	12	11	15	19	19	10	17	20	20	13	17	16	16	19	17	13	15	17	16	12	11	17	10	12	16	19	15	12	16	14	20	12	17	10	18	10	11	17	14	13	14	13	13	11	18	17	20	10	11	20	11	18	11	11	12	13	17	14	18	16	12	18	12	20	10	17	10	18	18	18	19	11	20	19	15	16	20	16	12	13	18	10	20	10	20	11	13	13	16	20	20	16	20	11	18	14	19	10	12	20	15	19	20	15	18	13	17	11	17	16	16	12	15	12	13	19	16	11	15	10	15	14	13	17	13	19	17	11	19	17	16	20	14	15	18	19	20	18	14	15	13	12	19	12	18	15	18	20	14	18	17	10	16	15	15	10	12	13	20	15	19	20	16	18	20	19	13	20	18	19	18	18	12	12	20	16	20	15	10	18	13	10	16	16	14	20	17	15	13	11	17	11	10	10	10	14	15	16	15	13	17	13	13	15	20	17	17	11	10	15	14	11	14	10	10	16	19	18	16	16	17	15	16	14	11	14	12	19	15	15	16	10	13	20	13	18	20	10	11	15	15	10	19	15	11	18	17	18	13	14	18	20	10	13	19	15	12	18	17	17	19	19	11	14	19	17	14	12	17	18	12	19	12	20	13	13	10	15	15	12	14	15	14	10	20	11	15	12	13	11	18	13	18	13	17	19	11	13	11	13	18	15	14	19	13	10	15	19	15	17	12	17	19	12	17	19	12	18	17	16	16	17	11	15	18	14	13	20	19	15	18	10	16	18	12	11	16	10	19	14	14	16	11	17	15	18	11	16	18	11	12	13	13	15	18	11	19	15	18	18	12	16	19	13	15	15	10	20	12	18	10	20	18	17	19	12	10	11	11	10	15	13	18	14	11	13	12	20	18	11	19	19	16	18	14	16	18	18	15	15	13	14	17	17	14	10	12	17	18	14	17	10	15	19	17	15	10	19	16	10	12	17	15	19	20	17	18	12	11	15	19	14	19	18	19	13	20	17	14	19	16	14	10	11	12	12	17	12	13	15	13	16	13	13	18	17	17	10	20	19	14	11	15	15	17	12	15	10	10	16	18	10	20	16	12	10	12	11	13	14	13	18	14	20	12	13	20	20	12	12	14	18	19	18	12	15	10	15	19	11	19	18	18	18	10	20	15	10	13	18	12	15	16	10	15	18	17	18	14	20	12	15	15	12	19	12	16	20	17	10	13	20	15	15	15	15	15	19	12	20	10	12	10	16	15	16	12	11	11	17	12	14	11	15	19	17	15	17	16	14	15	16	15	18	16	19	10	10	16	10	11	19	16	20	16	13	17	19	16	13	17	12	10	19	15	18	10	20	12	16	12	11	11	18	16	15	20	18	12	12	12	10	10	14	15	10	17	10	16	14	18	14	16	19	17	17	19	10	12	20	14	12	14	18	14	17	12	13	17	18	13	10	17	18	15	17	14	12	16	16	14	16	20	17	14	16	18	17	14	16	19	16	20	19	20	16	19	11	16	14	12	17	15	14	11	17	10	16	13	20	16	12	17	15	10	14	17	10	13	15	15	12	11	16	15	13	17	16	17	18	20	14	10	12	17	19	16	10	11	19	15	12	18	19	10	15	12	15	15	19	10	10	13	13	20	20	17	10	14	14	16	14	11	19	15	16	19	14	17	15	16	13	19	18	19	14	13	13	20	14	14	15	19	16	17	17	19	13	12	14	20	12	14	14	14	13	16	16	19	12	19	20	12	13	16	20	14	19	13	10	17	18	15	14	16	11	18	15	18	19	20	12	17	16	12	11	19	14	14	20	17	14	13	17	16	16	10	12	12	20	14	11	13	12	12	19	17	15	20	14	12	14	18	20	13	17	15	13	19	10	15	16	13	10	17	13	17	12	18	17	16	12	17	13	14	15	19	13	19	18	12	12	17	18	13	14	12	13	10	12	18	19	19	10	20	19	15	18	18	15	17	10	20	18	19	12	17	12	16	16	14	13	17	15	10	17	16	14	13	15	11	17	14	13	16	12	15	15	11	20	15	10	14	11	19	14	13	11	20	16	17	19	18	14	10	14	16	15	20	18	11	14	19	12	17	11	19	13	20	17	12	12	16	13	13	15	10	16	13	18	18	20	15	17	14	17	19	11	17	17	17	18	10	19	18	10	13	13	15	12	18	17	15	12	17	10	10	16	14	17	10	20	11	18	10	11	19	12	14	10	20	18	11	13	12	19	15	11	16	16	16	10	13	14	20	10	15	16	17	14	18	11	15	15	14	16	14	10	13	10	18	13	17	12	14	19	15	19	16	16	18	17	16	14	11	18	15	10	17	19	11	18	16	18	16	19	18	12	15	19	10	14	14	11	20	11	19	14	12	16	16	18	20	14	16	19	10	10	15	17	15	12	12	13	17	18	18	13	16	15	13	11	10	20	14	15	11	11	13	14	10	12	20	17	14	11	13	18	19	14	14	11	19	13	20	16	13	15	19	10	14	11	19	16	20	16	11	20	16	12	13	16	12	15	20	13	14	19	11	17	13	15	17	11	16	11	12	18	11	13	14	11	13	14	18	19	15	14	16	10	19	19	20	13	18	17	11	11	10	13	19	12	15	13	14	19	16	13	13	13	11	14	20	15	17	10	20	12	10	16	15	12	12	17	12	20	11	20	18	13	19	12	19	16	14	12	10	11	19	13	19	19	10	18	17	15	11	11	11	13	14	16	19	10	16	19	17	11	10	17	13	13	19	10	12	20	11	13	16	16	19	17	10	18	20	12	13	20	12	15	17	16	17	13	20	19	13	15	18	11	18	17	16	13	19	17	16	13	13	20	18	17	16	14	18	17	19	20	16	19	14	19	14	12	15	11	12	11	20	18	19	11	12	11	17	19	16	18	18	15	16	13	11	17	12	17	11	19	16	19	10	15	17	13	10	11	16	17	12	11	10	10	18	18	19	10	19	20	19	14	15	11	17	15	10	11	16	19	11	19	12	17	11	20	17	18	18	19	20	10	13	12	15	15	11	17	19	14	16	20	16	20	11	12	17	18	12	14	14	15	15	14	11	19	15	12	17	11	18	18	16	16	10	19	14	11	14	18	10	11	10	16	13	17	14	11	20	17	18	15	19	20	18	19	19	12	19	14	14	20	10	10	20	11	16	18	12	18	17	19	18	19	10	16	10	20	19	14	10	20	10	18	19	12	11	12	10	17	16	13	19	16	17	18	12	20	10	15	11	10	15	17	17	10	16	17	12	18	19	14	18	17	10	15	19	14	17	13	19	14	17	17	16	15	14	16	19	17	19	10	19	11	12	12	19	14	10	12	13	15	10	17	18	15	19	10	14	12	19	20	11	19	12	19	12	11	10	19	19	13	19	10	16	12	11	12	14	20	16	14	14	10	18	12	15	12	16	20	17	14	12	19	19	10	19	17	10	12	18	14	19	10	18	14	15	18	19	16	19	12	17	20	10	14	17	18	10	19	11	16	11	14	18	20	17	12	16	15	12	18	16	14	17	10	17	10	19	10	12	14	19	17	18	17	11	10	16	12	17	16	10	19	18	13	14	14	16	11	14	12	18	13	18	13	19	12	17	16	11	18	11	13	12	20	12	14	17	14	17	18	10	10	14	18	13	15	10	14	17	12	14	18	20	16	12	11	19	13	20	10	13	20	20	11	20	10	20	10	14	10	17	18	11	14	17	20	20	15	19	16	20	10	19	10	17	16	17	17	15	18	17	10	14	15	18	13	19	12	16	10	12	14	10	15	14	19	13	10	13	16	15	17	20	16	18	14	18	13	16	17	10	11	12	15	20	20	13	16	20	18	10	12	11	20	10	19	16	18	18	14	17	14	18	11	18	18	13	12	20	11	14	13	11	14	14	14	18	14	12	14	12	15	14	17	19	18	12	11	19	16	11	15	10	10	12	20	17	11	11	14	14	13	20	12	16	10	13	20	16	12	15	17	12	11	17	20	19	18	16	15	10	13	12	11	15	10	14	19	11	15	16	11	18	12	15	15	16	15	15	18	10	11	16	16	17	17	16	16	15	17	12	15	16	13	17	12	20	11	14	10	17	10	14	18	11	19	20	17	11	12	19	14	13	11	14	16	14	15	16	12	19	15	11	14	16	16	16	10	10	18	20	12	12	11	13	14	15	18	15	12	19	10	14	13	13	15	16	20	15	11	20	18	11	15	11	14	17	11	16	13	11	16	11	17	16	20	11	13	20	20	10	17	11	12	18	15	20	12	15	20	15	20	15	20	15	11	16	13	10	14	15	10	20	10	14	18	20	13	10	18	14	11	15	17	16	12	11	18	10	18	17	18	11	15	19	17	15	12	17	10	19	19	16	15	14	19	14	12	12	12	19	11	20	20	14	16	20	18	13	19	20	13	17	11	16	20	19	10	19	14	10	12	12	11	10	16	13	11	12	10	13	13	15	20	19	13	10	17	18	14	14	17	18	18	10	15	12	10	16	16	13	17	12	11	15	14	19	14	18	20	14	13	10	20	12	13	16	13	16	14	10	18	18	14	13	13	18	16	13	10	13	12	11	20	18	18	20	12	11	13	17	19	10	12	15	19	13	19	10	16	19	19	20	12	13	15	17	15	17	20	16	14	10	19	13	14	12	19	11	17	17	20	18	13	16	14	13	15	11	14	20	16	15	12	13	16	11	18	18	12	20	14	16	11	13	15	13	16	16	14	19	16	13	13	12	20	16	17	15	14	13	19	14	13	17	19	19	17	16	18	14	10	12	20	20	11	20	11	10	11	18	20	20	13	10	16	19	20	10	17	16	15	16	15	15	20	16	16	11	10	10	19	19	16	10	10	15	15	14	12	18	19	17	14	12	13	15	12	16	13	12	10	12	12	18	15	18	13	12	15	10	15	16	16	15	17	20	13	16	12	15	12	15	10	15	11	14	19	15	15	11	14	20	12	17	13	17	14	20	10	10	12	10	19	18	20	19	13	10	17	12	15	18	20	20	11	13	10	15	10	18	12	20	20	10	20	12	18	10	11	12	18	11	14	16	10	18	13	11	10	17	10	11	17	20	11	19	10	13	13	10	12	16	18	18	17	15	16	14	11	15	20	10	18	11	10	13	14	19	17	16	16	11	13	15	11	13	13	16	12	13	17	19	11	20	12	10	19	16	15	13	17	15	13	18	15	12	12	14	15	20	19	10	20	10	18	16	20	19	12	12	17	14	11	13	18	11	19	17	13	14	20	11	15	17	17	12	10	19	11	12	12	20	13	19	11	13	18	15	13	14	19	18	11	15	16	14	11	15	16	18	15	20	19	17	19	20	17	20	20	20	10	13	19	13	12	11	13	12	13	12	11	20	17	15	18	15	18	10	13	10	19	18	20	10	20	20	19	10	12	17	14	12	20	15	10	10	11	17	16	16	17	20	12	15	14	15	18	14	18	15	10	16	18	13	18	14	13	19	12	19	11	13	16	18	14	12	17	20	20	13	14	15	10	10	14	11	19	13	13	10	14	18	12	16	13	13	17	11	10	10	14	18	12	13	12	12	19	15	16	18	14	13	15	20	16	11	10	13	13	17	19	18	16	16	20	17	20	12	19	18	18	11	19	15	16	11	20	11	13	19	12	14	13	11	16	12	19	19	14	16	20	16	20	14	12	15	17	15	19	20	17	12	16	14	14	11	18	15	14	13	15	20	14	13	10	19	13	16	19	18	11	10	20	15	17	15	11	12	11	12	10	11	13	11	14	16	20	18	11	14	14	13	12	18	11	11	10	18	14	11	17	11	11	10	18	11	10	13	14	20	17	18	10	17	17	10	20	11	17	12	20	13	14	11	20	19	10	17	17	20	16	16	12	11	16	19	19	13	14	10	20	16	13	13	13	13	10	15	10	16	13	10	17	13	16	10	16	15	17	19	19	14	11	19	12	19	20	20	17	18	10	14	11	17	11	20	13	15	17	14	12	13	16	10	11	10	10	18	16	17	17	15	17	18	11	18	11	17	16	18	20	11	20	15	20	16	13	12	14	16	10	17	20	15	19	18	19	14	19	13	15	18	12	18	11	11	18	20	20	19	13	10	19	19	10	16	15	15	17	18	20	14	18	18	19	11	11	16	17	20	20	18	14	11	13	19	10	17	12	10	16	17	14	17	14	18	12	13	13	14	19	11	13	19	20	17	15	12	16	13	11	17	16	13	10	20	20	12	11	20	16	13	10	19	12	16	14	16	11	15	11	19	13	11	20	16	17	16	12	13	12	16	19	19	14	10	14	13	18	12	19	11	13	16	10	12	16	18	17	20	16	15	13	11	13	17	14	11	16	20	16	14	17	17	18	20	12	19	16	16	17	11	19	17	18	20	10	12	13	13	18	20	15	14	14	13	10	20	15	12	18	14	17	11	19	14	15	18	16	16	16	18	18	20	16	19	14	20	18	16	16	14	13	14	15	19	20	19	15	20	19	10	17	19	20	20	19	14	10	19	17	20	13	15	17	20	13	19	12	19	11	10	14	18	15	19	20	18	10	20	11	19	16	19	16	13	13	17	18	17	14	19	10	15	16	17	20	13	18	17	16	18	16	11	20	12	17	12	20	20	13	17	13	19	10	18	18	16	12	15	19	19	13	15	18	11	16	15	17	11	14	10	17	18	10	14	13	11	14	14	11	18	12	16	19	19	15	12	11	16	20	17	18	18	14	18	19	10	14	12	13	18	18	20	20	19	12	17	15	16	19	20	11	19	16	13	17	15	14	13	19	19	12	13	13	20	14	10	11	20	15	17	10	10	13	18	19	17	20	17	16	18	10	13	13	15	18	13	20	16	15	18	20	15	11	20	17	11	12	17	20	16	16	13	14	13	10	11	18	20	10	17	11	15	19	18	14	12	14	17	14	19	19	10	19	13	13	18	20	13	20	12	16	13	14	11	19	15	16	11	19	20	12	16	11	19	10	17	10	13	17	18	12	15	15	20	15	19	11	15	14	17	17	17	20	13	15	17	14	14	12	20	
1	1	1	1	1	1	1	1	1	1	1	1	1	1	1	1	1	1	1	1	1	1	1	1	1	1	1	1	1	1	1	1	1	1	1	1	1	1	1	1	1	1	1	1	1	1	1	1	1	1	1	1	1	1	1	1	1	1	1	1	1	1	1	1	1	1	1	1	1	1	1	1	1	1	1	1	1	1	1	1	1	1	1	1	1	1	1	1	1	1	1	1	1	1	1	1	1	1	1	1	1	1	1	1	1	1	1	1	1	1	1	1	1	1	1	1	1	1	1	1	1	1	1	1	1	1	1	1	1	1	1	1	1	1	1	1	1	1	1	1	1	1	1	1	1	1	1	1	1	1	1	1	1	1	1	1	1	1	1	1	1	1	1	1	1	1	1	1	1	1	1	1	1	1	1	1	1	1	1	1	1	1	1	1	1	1	1	1	1	1	1	1	1	1	1	1	1	1	1	1	1	1	1	1	1	1	1	1	1	1	1	1	1	1	1	1	1	1	1	1	1	1	1	1	1	1	1	1	1	1	1	1	1	1	1	1	1	1	1	1	1	1	1	1	1	1	1	1	1	1	1	1	1	1	1	1	1	1	1	1	1	1	1	1	1	1	1	1	1	1	1	1	1	1	1	1	1	1	1	1	1	1	1	1	1	1	1	1	1	1	1	1	1	1	1	1	1	1	1	1	1	1	1	1	1	1	1	1	1	1	1	1	1	1	1	1	1	1	1	1	1	1	1	1	1	1	1	1	1	1	1	1	2	2	2	2	2	2	2	2	2	2	2	2	2	2	2	2	2	2	2	2	2	2	2	2	2	2	2	2	2	2	2	2	2	2	2	2	2	2	2	2	2	2	2	2	2	2	2	2	2	2	2	2	2	2	2	2	2	2	2	2	2	2	2	2	2	2	2	2	2	2	2	2	2	2	2	2	2	2	2	2	2	2	2	2	2	2	2	2	2	2	2	2	2	2	2	2	2	2	2	2	2	2	2	2	2	2	2	2	2	2	2	2	2	2	2	2	2	2	2	2	2	2	2	2	2	2	2	2	2	2	2	2	2	2	2	2	2	2	2	2	2	2	2	2	2	2	2	2	2	2	2	2	2	2	2	2	2	2	2	2	2	2	2	2	2	2	2	2	2	2	2	2	2	2	2	2	2	2	2	2	2	2	2	2	2	2	2	2	2	2	2	2	2	2	2	2	2	2	2	2	2	2	2	2	2	2	2	2	2	2	2	2	2	2	2	2	2	2	2	2	2	2	2	2	2	2	2	2	2	2	2	2	2	2	2	2	2	2	2	2	2	2	2	2	2	2	2	2	2	2	2	2	2	2	2	2	2	2	2	2	2	2	2	2	2	2	2	2	2	2	2	2	2	2	2	2	2	2	2	2	2	2	2	2	2	2	2	2	2	2	2	2	2	2	2	2	2	2	2	2	2	2	2	2	2	2	2	2	2	2	2	2	2	2	2	2	2	2	2	2	2	2	2	2	2	2	2	2	2	3	3	3	3	3	3	3	3	3	3	3	3	3	3	3	3	3	3	3	3	3	3	3	3	3	3	3	3	3	3	3	3	3	3	3	3	3	3	3	3	3	3	3	3	3	3	3	3	3	3	3	3	3	3	3	3	3	3	3	3	3	3	3	3	3	3	3	3	3	3	3	3	3	3	3	3	3	3	3	3	3	3	3	3	3	3	3	3	3	3	3	3	3	3	3	3	3	3	3	3	3	3	3	3	3	3	3	3	3	3	3	3	3	3	3	3	3	3	3	3	3	3	3	3	3	3	3	3	3	3	3	3	3	3	3	3	3	3	3	3	3	3	3	3	3	3	3	3	3	3	3	3	3	3	3	3	3	3	3	3	3	3	3	3	3	3	3	3	3	3	3	3	3	3	3	3	3	3	3	3	3	3	3	3	3	3	3	3	3	3	3	3	3	3	3	3	3	3	3	3	3	3	3	3	3	3	3	3	3	3	3	3	3	3	3	3	3	3	3	3	3	3	3	3	3	3	3	3	3	3	3	3	3	3	3	3	3	3	3	3	3	3	3	3	3	3	3	3	3	3	3	3	3	3	3	3	3	3	3	3	3	3	3	3	3	3	3	3	3	3	3	3	3	3	3	3	3	3	3	3	3	3	3	3	3	3	3	3	3	3	3	3	3	3	3	3	3	3	3	3	3	3	3	3	3	3	3	3	3	3	3	3	3	3	3	3	3	3	3	3	3	3	3	3	3	3	3	3	3	3	3	3	3	3	3	3	3	3	3	3	3	4	4	4	4	4	4	4	4	4	4	4	4	4	4	4	4	4	4	4	4	4	4	4	4	4	4	4	4	4	4	4	4	4	4	4	4	4	4	4	4	4	4	4	4	4	4	4	4	4	4	4	4	4	4	4	4	4	4	4	4	4	4	4	4	4	4	4	4	4	4	4	4	4	4	4	4	4	4	4	4	4	4	4	4	4	4	4	4	4	4	4	4	4	4	4	4	4	4	4	4	4	4	4	4	4	4	4	4	4	4	4	4	4	4	4	4	4	4	4	4	4	4	4	4	4	4	4	4	4	4	4	4	4	4	4	4	4	4	4	4	4	4	4	4	4	4	4	4	4	4	4	4	4	4	4	4	4	4	4	4	4	4	4	4	4	4	4	4	4	4	4	4	4	4	4	4	4	4	4	4	4	4	4	4	4	4	4	4	4	4	4	4	4	4	4	4	4	4	4	4	4	4	4	4	4	4	4	4	4	4	4	4	4	4	4	4	4	4	4	4	4	4	4	4	4	4	4	4	4	4	4	4	4	4	4	4	4	4	4	4	4	4	4	4	4	4	4	4	4	4	4	4	4	4	4	4	4	4	4	4	4	4	4	4	4	4	4	4	4	4	4	4	4	4	4	4	4	4	4	4	4	4	4	4	4	4	4	4	4	4	4	4	4	4	4	4	4	4	4	4	4	4	4	4	4	4	4	4	4	4	4	4	4	4	4	4	4	5	5	5	5	5	5	5	5	5	5	5	5	5	5	5	5	5	5	5	5	5	5	5	5	5	5	5	5	5	5	5	5	5	5	5	5	5	5	5	5	5	5	5	5	5	5	5	5	5	5	5	5	5	5	5	5	5	5	5	5	5	5	5	5	5	5	5	5	5	5	5	5	5	5	5	5	5	5	5	5	5	5	5	5	5	5	5	5	5	5	5	5	5	5	5	5	5	5	5	5	5	5	5	5	5	5	5	5	5	5	5	5	5	5	5	5	5	5	5	5	5	5	5	5	5	5	5	5	5	5	5	5	5	5	5	5	5	5	5	5	5	5	5	5	5	5	5	5	5	5	5	5	5	5	5	5	5	5	5	5	5	5	5	5	5	5	5	5	5	5	5	5	5	5	5	5	5	5	5	5	5	5	5	5	5	5	5	5	5	5	5	5	5	5	5	5	5	5	5	5	5	5	5	5	5	5	5	5	5	5	5	5	5	5	5	5	5	5	5	5	5	5	5	5	5	5	5	5	5	5	5	5	5	5	5	5	5	5	5	5	5	5	5	5	5	5	5	5	5	5	5	5	5	5	5	5	5	5	5	5	5	5	5	5	5	5	5	5	5	5	5	5	5	5	5	5	5	5	5	5	5	5	5	5	5	5	5	5	5	5	5	5	5	5	5	5	5	5	5	5	5	5	5	5	5	5	5	5	5	5	5	5	5	5	5	5	5	5	5	5	5	5	5	6	6	6	6	6	6	6	6	6	6	6	6	6	6	6	6	6	6	6	6	6	6	6	6	6	6	6	6	6	6	6	6	6	6	6	6	6	6	6	6	6	6	6	6	6	6	6	6	6	6	6	6	6	6	6	6	6	6	6	6	6	6	6	6	6	6	6	6	6	6	6	6	6	6	6	6	6	6	6	6	6	6	6	6	6	6	6	6	6	6	6	6	6	6	6	6	6	6	6	6	6	6	6	6	6	6	6	6	6	6	6	6	6	6	6	6	6	6	6	6	6	6	6	6	6	6	6	6	6	6	6	6	6	6	6	6	6	6	6	6	6	6	6	6	6	6	6	6	6	6	6	6	6	6	6	6	6	6	6	6	6	6	6	6	6	6	6	6	6	6	6	6	6	6	6	6	6	6	6	6	6	6	6	6	6	6	6	6	6	6	6	6	6	6	6	6	6	6	6	6	6	6	6	6	6	6	6	6	6	6	6	6	6	6	6	6	6	6	6	6	6	6	6	6	6	6	6	6	6	6	6	6	6	6	6	6	6	6	6	6	6	6	6	6	6	6	6	6	6	6	6	6	6	6	6	6	6	6	6	6	6	6	6	6	6	6	6	6	6	6	6	6	6	6	6	6	6	6	6	6	6	6	6	6	6	6	6	6	6	6	6	6	6	6	6	6	6	6	6	6	6	6	6	6	6	6	6	6	6	6	6	6	6	6	6	6	6	7	7	7	7	7	7	7	7	7	7	7	7	7	7	7	7	7	7	7	7	7	7	7	7	7	7	7	7	7	7	7	7	7	7	7	7	7	7	7	7	7	7	7	7	7	7	7	7	7	7	7	7	7	7	7	7	7	7	7	7	7	7	7	7	7	7	7	7	7	7	7	7	7	7	7	7	7	7	7	7	7	7	7	7	7	7	7	7	7	7	7	7	7	7	7	7	7	7	7	7	7	7	7	7	7	7	7	7	7	7	7	7	7	7	7	7	7	7	7	7	7	7	7	7	7	7	7	7	7	7	7	7	7	7	7	7	7	7	7	7	7	7	7	7	7	7	7	7	7	7	7	7	7	7	7	7	7	7	7	7	7	7	7	7	7	7	7	7	7	7	7	7	7	7	7	7	7	7	7	7	7	7	7	7	7	7	7	7	7	7	7	7	7	7	7	7	7	7	7	7	7	7	7	7	7	7	7	7	7	7	7	7	7	7	7	7	7	7	7	7	7	7	7	7	7	7	7	7	7	7	7	7	7	7	7	7	7	7	7	7	7	7	7	7	7	7	7	7	7	7	7	7	7	7	7	7	7	7	7	7	7	7	7	7	7	7	7	7	7	7	7	7	7	7	7	7	7	7	7	7	7	7	7	7	7	7	7	7	7	7	7	7	7	7	7	7	7	7	7	7	7	7	7	7	7	7	7	7	7	7	7	7	7	7	7	7	7	7	7	7	7	8	8	8	8	8	8	8	8	8	8	8	8	8	8	8	8	8	8	8	8	8	8	8	8	8	8	8	8	8	8	8	8	8	8	8	8	8	8	8	8	8	8	8	8	8	8	8	8	8	8	8	8	8	8	8	8	8	8	8	8	8	8	8	8	8	8	8	8	8	8	8	8	8	8	8	8	8	8	8	8	8	8	8	8	8	8	8	8	8	8	8	8	8	8	8	8	8	8	8	8	8	8	8	8	8	8	8	8	8	8	8	8	8	8	8	8	8	8	8	8	8	8	8	8	8	8	8	8	8	8	8	8	8	8	8	8	8	8	8	8	8	8	8	8	8	8	8	8	8	8	8	8	8	8	8	8	8	8	8	8	8	8	8	8	8	8	8	8	8	8	8	8	8	8	8	8	8	8	8	8	8	8	8	8	8	8	8	8	8	8	8	8	8	8	8	8	8	8	8	8	8	8	8	8	8	8	8	8	8	8	8	8	8	8	8	8	8	8	8	8	8	8	8	8	8	8	8	8	8	8	8	8	8	8	8	8	8	8	8	8	8	8	8	8	8	8	8	8	8	8	8	8	8	8	8	8	8	8	8	8	8	8	8	8	8	8	8	8	8	8	8	8	8	8	8	8	8	8	8	8	8	8	8	8	8	8	8	8	8	8	8	8	8	8	8	8	8	8	8	8	8	8	8	8	8	8	8	8	8	8	8	8	8	8	8	8	8	8	8	8	8	8	8	8	8	8	8	8	8	8	8	8	8	8	9	9	9	9	9	9	9	9	9	9	9	9	9	9	9	9	9	9	9	9	9	9	9	9	9	9	9	9	9	9	9	9	9	9	9	9	9	9	9	9	9	9	9	9	9	9	9	9	9	9	9	9	9	9	9	9	9	9	9	9	9	9	9	9	9	9	9	9	9	9	9	9	9	9	9	9	9	9	9	9	9	9	9	9	9	9	9	9	9	9	9	9	9	9	9	9	9	9	9	9	9	9	9	9	9	9	9	9	9	9	9	9	9	9	9	9	9	9	9	9	9	9	9	9	9	9	9	9	9	9	9	9	9	9	9	9	9	9	9	9	9	9	9	9	9	9	9	9	9	9	9	9	9	9	9	9	9	9	9	9	9	9	9	9	9	9	9	9	9	9	9	9	9	9	9	9	9	9	9	9	9	9	9	9	9	9	9	9	9	9	9	9	9	9	9	9	9	9	9	9	9	9	9	9	9	9	9	9	9	9	9	9	9	9	9	9	9	9	9	9	9	9	9	9	9	9	9	9	9	9	9	9	9	9	9	9	9	9	9	9	9	9	9	9	9	9	9	9	9	9	9	9	9	9	9	9	9	9	9	9	9	9	9	9	9	9	9	9	9	9	9	9	9	9	9	9	9	9	9	9	9	9	9	9	9	9	9	9	10	10	10	10	10	10	10	10	10	10	10	10	10	10	10	10	10	10	10	10	10	10	10	10	10	10	10	10	10	10	10	10	10	10	10	10	10	10	10	10	10	10	10	10	10	10	10	10	10	10	10	10	10	10	10	10	10	10	10	10	10	10	10	10	10	10	10	10	10	10	10	10	10	10	10	10	10	10	10	10	10	10	10	10	10	10	10	10	10	10	10	10	10	10	10	10	10	10	10	10	10	10	10	10	10	10	10	10	10	10	10	10	10	10	10	10	10	10	10	10	10	10	10	10	10	10	10	10	10	10	10	10	10	10	10	10	10	10	10	10	10	10	10	10	10	10	10	10	10	10	10	10	10	10	10	10	10	10	10	10	10	10	10	10	10	10	10	10	10	10	10	10	10	10	10	10	10	10	10	10	10	10	10	10	10	10	10	10	10	10	10	10	10	10	10	10	10	10	10	10	10	10	10	10	10	10	10	10	10	10	10	10	10	10	10	10	10	10	10	10	10	10	10	10	10	10	10	10	10	10	10	10	10	10	10	10	10	10	10	10	10	10	10	10	10	10	10	10	10	10	10	10	10	10	10	10	10	10	10	10	10	10	10	10	10	10	10	10	10	10	10	10	10	10	10	10	10	10	10	10	10	10	10	10	10	10	10	10	10	10	10	10	10	10	10	10	10	10	10	10	10	10	10	10	10	10	10	10	10	10	10	10	10	10	10	10	10	10	10	10	10	10	10	10	10	10	10	10	10	10	10	10	10	10	10	10	10	10	10	10	10	10	10	10	10	10	10	10	10	10	10	10	10	10	10	10	10	10	10	10	10	10	10	10	10	11	11	11	11	11	11	11	11	11	11	11	11	11	11	11	11	11	11	11	11	11	11	11	11	11	11	11	11	11	11	11	11	11	11	11	11	11	11	11	11	11	11	11	11	11	11	11	11	11	11	11	11	11	11	11	11	11	11	11	11	11	11	11	11	11	11	11	11	11	11	11	11	11	11	11	11	11	11	11	11	11	11	11	11	11	11	11	11	11	11	11	11	11	11	11	11	11	11	11	11	11	11	11	11	11	11	11	11	11	11	11	11	11	11	11	11	11	11	11	11	11	11	11	11	11	11	11	11	11	11	11	11	11	11	11	11	11	11	11	11	11	11	11	11	11	11	11	11	11	11	11	11	11	11	11	11	11	11	11	11	11	11	11	11	11	11	11	11	11	11	11	11	11	11	11	11	11	11	11	11	11	11	11	11	11	11	11	11	11	11	11	11	11	11	11	11	11	11	11	11	11	11	11	11	11	11	11	11	11	11	11	11	11	11	11	11	11	11	11	11	11	11	11	11	11	11	11	11	11	11	11	11	11	11	11	11	11	11	11	11	11	11	11	11	11	11	11	11	11	11	11	11	11	11	11	11	11	11	11	11	11	11	11	11	11	11	11	11	11	11	11	11	11	11	11	11	11	11	11	11	11	11	11	11	11	11	11	11	11	11	11	11	11	11	11	11	11	11	11	11	11	11	11	11	11	11	11	11	11	11	11	11	11	11	11	11	11	11	11	11	11	11	11	11	11	11	11	11	11	11	11	11	11	11	11	11	11	11	11	11	11	11	11	11	11	11	11	11	11	11	11	11	11	11	11	11	11	11	11	11	11	11	11	11	12	12	12	12	12	12	12	12	12	12	12	12	12	12	12	12	12	12	12	12	12	12	12	12	12	12	12	12	12	12	12	12	12	12	12	12	12	12	12	12	12	12	12	12	12	12	12	12	12	12	12	12	12	12	12	12	12	12	12	12	12	12	12	12	12	12	12	12	12	12	12	12	12	12	12	12	12	12	12	12	12	12	12	12	12	12	12	12	12	12	12	12	12	12	12	12	12	12	12	12	12	12	12	12	12	12	12	12	12	12	12	12	12	12	12	12	12	12	12	12	12	12	12	12	12	12	12	12	12	12	12	12	12	12	12	12	12	12	12	12	12	12	12	12	12	12	12	12	12	12	12	12	12	12	12	12	12	12	12	12	12	12	12	12	12	12	12	12	12	12	12	12	12	12	12	12	12	12	12	12	12	12	12	12	12	12	12	12	12	12	12	12	12	12	12	12	12	12	12	12	12	12	12	12	12	12	12	12	12	12	12	12	12	12	12	12	12	12	12	12	12	12	12	12	12	12	12	12	12	12	12	12	12	12	12	12	12	12	12	12	12	12	12	12	12	12	12	12	12	12	12	12	12	12	12	12	12	12	12	12	12	12	12	12	12	12	12	12	12	12	12	12	12	12	12	12	12	12	12	12	12	12	12	12	12	12	12	12	12	12	12	12	12	12	12	12	12	12	12	12	12	12	12	12	12	12	12	12	12	12	12	12	12	12	12	12	12	12	12	12	12	12	12	12	13	13	13	13	13	13	13	13	13	13	13	13	13	13	13	13	13	13	13	13	13	13	13	13	13	13	13	13	13	13	13	13	13	13	13	13	13	13	13	13	13	13	13	13	13	13	13	13	13	13	13	13	13	13	13	13	13	13	13	13	13	13	13	13	13	13	13	13	13	13	13	13	13	13	13	13	13	13	13	13	13	13	13	13	13	13	13	13	13	13	13	13	13	13	13	13	13	13	13	13	13	13	13	13	13	13	13	13	13	13	13	13	13	13	13	13	13	13	13	13	13	13	13	13	13	13	13	13	13	13	13	13	13	13	13	13	13	13	13	13	13	13	13	13	13	13	13	13	13	13	13	13	13	13	13	13	13	13	13	13	13	13	13	13	13	13	13	13	13	13	13	13	13	13	13	13	13	13	13	13	13	13	13	13	13	13	13	13	13	13	13	13	13	13	13	13	13	13	13	13	13	13	13	13	13	13	13	13	13	13	13	13	13	13	13	13	13	13	13	13	13	13	13	13	13	13	13	13	13	13	13	13	13	13	13	13	13	13	13	13	13	13	13	13	13	13	13	13	13	13	13	13	13	13	13	13	13	13	13	13	13	13	13	13	13	13	13	13	13	13	13	13	13	13	13	13	13	13	13	13	13	13	13	13	13	13	13	13	13	13	13	13	13	13	13	13	13	13	13	13	13	13	13	13	13	13	13	13	13	13	13	13	13	13	13	13	13	13	13	13	13	13	13	13	13	13	13	13	13	13	13	13	13	13	13	13	13	13	13	13	13	13	13	13	13	13	13	13	13	13	13	13	13	13	13	13	13	13	13	13	13	13	13	13	13	13	13	13	13	13	13	13	13	13	14	14	14	14	14	14	14	14	14	14	14	14	14	14	14	14	14	14	14	14	14	14	14	14	14	14	14	14	14	14	14	14	14	14	14	14	14	14	14	14	14	14	14	14	14	14	14	14	14	14	14	14	14	14	14	14	14	14	14	14	14	14	14	14	14	14	14	14	14	14	14	14	14	14	14	14	14	14	14	14	14	14	14	14	14	14	14	14	14	14	14	14	14	14	14	14	14	14	14	14	14	14	14	14	14	14	14	14	14	14	14	14	14	14	14	14	14	14	14	14	14	14	14	14	14	14	14	14	14	14	14	14	14	14	14	14	14	14	14	14	14	14	14	14	14	14	14	14	14	14	14	14	14	14	14	14	14	14	14	14	14	14	14	14	14	14	14	14	14	14	14	14	14	14	14	14	14	14	14	14	14	14	14	14	14	14	14	14	14	14	14	14	14	14	14	14	14	14	14	14	14	14	14	14	14	14	14	14	14	14	14	14	14	14	14	14	14	14	14	14	14	14	14	14	14	14	14	14	14	14	14	14	14	14	14	14	14	14	14	14	14	14	14	14	14	14	14	14	14	14	14	14	14	14	14	14	14	14	14	14	14	14	14	14	14	14	14	14	14	14	14	14	14	14	14	14	14	14	14	14	14	14	14	14	14	14	14	14	14	14	14	14	14	14	14	14	14	14	14	14	14	14	14	14	14	14	14	14	14	14	14	14	14	14	14	14	14	14	14	14	14	14	14	14	14	14	14	14	14	15	15	15	15	15	15	15	15	15	15	15	15	15	15	15	15	15	15	15	15	15	15	15	15	15	15	15	15	15	15	15	15	15	15	15	15	15	15	15	15	15	15	15	15	15	15	15	15	15	15	15	15	15	15	15	15	15	15	15	15	15	15	15	15	15	15	15	15	15	15	15	15	15	15	15	15	15	15	15	15	15	15	15	15	15	15	15	15	15	15	15	15	15	15	15	15	15	15	15	15	15	15	15	15	15	15	15	15	15	15	15	15	15	15	15	15	15	15	15	15	15	15	15	15	15	15	15	15	15	15	15	15	15	15	15	15	15	15	15	15	15	15	15	15	15	15	15	15	15	15	15	15	15	15	15	15	15	15	15	15	15	15	15	15	15	15	15	15	15	15	15	15	15	15	15	15	15	15	15	15	15	15	15	15	15	15	15	15	15	15	15	15	15	15	15	15	15	15	15	15	15	15	15	15	15	15	15	15	15	15	15	15	15	15	15	15	15	15	15	15	15	15	15	15	15	15	15	15	15	15	15	15	15	15	15	15	15	15	15	15	15	15	15	15	15	15	15	15	15	15	15	15	15	15	15	15	15	15	15	15	15	15	15	15	15	15	15	15	15	15	15	15	15	15	15	15	15	15	15	15	15	15	15	15	15	15	15	15	15	15	15	15	15	15	15	15	15	15	15	15	15	15	15	15	15	15	15	15	15	15	15	15	15	15	15	15	15	15	15	15	15	15	15	15	15	15	15	15	15	15	15	15	15	15	15	15	15	15	15	15	15	15	
