2000
30	6
1078	14.56
24	21	23	24	22	24	22	21	21	23	23	21	23	21	24	23	22	24	21	23	24	22	24	23	23	24	21	23	23	22	21	24	22	24	23	24	23	22	23	22	23	24	22	24	23	21	21	24	24	22	21	22	24	22	24	24	24	22	24	22	24	23	23	21	23	24	24	23	21	23	24	21	24	24	22	22	23	23	21	24	23	23	23	21	21	22	22	23	21	22	24	22	23	22	21	24	24	24	21	24	23	24	24	24	21	22	24	23	22	22	23	23	24	23	24	22	22	23	23	22	21	21	23	24	21	21	24	22	21	23	24	23	22	22	24	21	24	21	21	23	24	23	23	21	21	21	22	22	24	23	23	23	23	22	23	21	22	22	24	24	21	21	24	23	24	23	24	23	24	21	22	22	23	22	22	23	24	21	24	21	23	24	21	23	24	23	21	24	22	21	24	23	24	23	22	23	23	22	23	23	21	21	22	23	22	22	24	23	24	21	23	21	21	22	23	24	22	23	21	21	24	22	24	23	21	24	21	22	22	23	23	21	23	24	21	22	22	23	22	23	22	24	23	23	24	23	21	24	23	21	23	22	23	24	23	23	23	23	21	23	21	24	22	23	23	24	21	21	22	21	24	21	22	21	23	24	21	24	21	24	21	22	21	21	24	21	24	24	22	23	21	21	21	24	23	21	24	24	23	23	21	23	24	22	22	24	24	22	23	23	23	24	22	22	22	22	22	21	22	24	22	24	22	24	23	22	22	21	22	24	23	22	21	21	22	21	21	23	22	24	24	21	22	21	24	22	24	22	22	21	21	21	24	22	21	23	23	21	21	21	24	24	23	22	24	21	22	22	23	23	22	24	21	24	21	23	24	22	23	24	23	23	23	22	22	22	24	22	24	23	21	23	23	24	23	24	24	23	22	24	21	24	24	23	23	24	23	22	21	21	22	24	24	21	23	21	24	24	22	23	21	22	22	23	23	24	22	24	21	22	21	23	21	23	21	24	24	24	24	21	24	24	23	21	21	24	21	21	21	22	22	21	23	24	21	23	23	23	24	21	22	23	22	24	23	24	23	21	21	23	24	21	24	24	23	21	23	22	22	23	23	22	24	24	23	21	24	23	22	22	22	24	21	22	24	23	21	22	21	21	21	21	24	22	24	21	22	23	24	24	24	21	24	22	24	21	23	23	21	21	24	23	24	24	21	24	24	21	23	21	23	23	21	21	23	22	24	23	23	23	21	22	24	22	21	23	24	22	24	23	21	23	21	21	21	22	21	23	22	23	22	23	23	22	24	21	21	23	24	22	23	23	22	24	24	21	22	22	24	22	24	21	22	21	23	24	21	22	23	23	24	23	23	21	22	24	23	21	24	22	21	22	24	23	24	23	23	23	23	23	22	22	22	21	24	24	23	22	21	22	23	24	23	21	24	21	21	23	22	21	22	24	21	22	24	22	22	23	23	21	22	21	23	24	23	23	24	22	23	23	21	21	24	22	23	21	24	24	21	22	22	23	22	21	23	24	21	22	24	21	21	23	24	21	21	24	21	24	23	21	22	22	23	23	22	22	22	22	23	23	23	21	23	23	24	24	23	23	21	22	24	24	22	21	24	24	21	23	23	22	21	21	21	24	21	23	23	24	23	23	24	23	22	24	22	22	22	21	23	24	21	24	22	22	21	23	24	22	23	21	21	21	23	22	23	23	24	21	23	24	22	22	24	23	24	22	22	23	24	21	21	23	23	23	24	21	23	23	24	24	22	24	23	22	22	24	22	21	24	24	24	23	23	24	24	22	22	23	22	22	24	23	24	22	21	22	24	21	23	21	21	23	21	22	23	24	24	21	22	21	24	23	21	21	21	21	24	22	23	21	22	22	23	23	23	24	22	21	24	22	24	24	22	24	24	23	22	23	22	23	21	22	22	23	24	21	22	21	24	23	24	23	24	21	24	21	22	24	22	24	21	21	24	24	21	23	21	24	24	22	24	21	21	24	23	23	21	24	24	21	21	22	22	22	21	24	23	22	24	24	22	22	24	24	24	22	22	24	22	21	23	22	21	24	22	23	21	22	22	23	21	22	23	22	23	24	24	22	23	24	24	24	23	21	24	23	23	21	23	21	23	23	23	24	21	23	23	21	21	21	21	22	24	24	21	24	21	22	24	21	23	21	22	22	24	21	22	24	22	22	24	22	21	24	21	22	24	22	21	22	22	22	22	21	23	23	22	22	23	23	22	21	24	22	23	24	21	21	23	21	22	21	24	23	24	24	21	24	21	21	22	24	23	22	22	23	21	21	22	24	22	21	22	21	23	22	21	23	23	22	23	23	24	21	22	21	24	23	22	24	21	24	23	21	23	23	22	23	24	22	21	23	24	24	23	23	21	24	23	22	22	22	22	22	23	23	23	23	24	24	22	23	22	23	21	21	22	22	22	22	23	24	22	22	23	22	21	24	21	23	23	22	21	23	24	23	24	24	23	23	22	22	23	23	21	22	23	24	21	24	23	21	21	24	21	21	22	21	22	22	24	23	21	22	23	23	22	23	22	22	21	21	24	23	23	23	22	22	23	23	24	22	23	21	23	21	23	23	22	22	24	23	22	23	24	23	23	21	22	22	24	23	21	23	23	24	24	22	24	21	22	24	22	21	24	22	23	23	22	24	22	22	24	23	22	22	21	23	21	23	21	22	24	21	24	21	23	21	24	21	23	22	24	23	24	23	22	21	24	21	21	22	22	23	23	21	22	21	21	21	24	22	21	24	24	24	23	23	23	23	23	24	24	24	22	24	23	24	21	21	22	23	23	22	22	23	22	22	21	21	23	24	23	24	24	22	23	21	22	24	24	21	23	21	23	23	21	22	24	23	24	21	21	22	24	22	22	23	23	24	21	24	23	24	21	22	22	21	21	23	23	21	21	21	23	21	22	22	23	21	23	24	21	21	24	23	22	22	24	22	21	22	24	24	21	23	22	21	23	22	24	23	24	21	23	23	22	23	24	22	21	24	21	23	23	24	23	24	22	24	21	21	21	24	24	22	21	24	23	21	22	24	24	24	23	23	21	22	24	24	22	23	24	21	24	24	21	21	21	22	23	22	23	24	21	21	24	24	22	22	23	24	23	24	22	24	22	23	21	22	21	23	23	24	21	21	24	24	21	21	24	21	21	22	23	24	24	24	24	24	22	24	23	23	21	23	24	24	21	24	22	23	24	23	23	24	24	21	21	22	22	24	24	23	24	23	22	23	22	21	23	24	23	21	22	24	22	23	24	22	23	24	24	23	23	21	23	22	24	21	23	23	21	21	24	21	24	24	24	24	24	24	21	22	21	23	23	24	22	23	22	23	23	21	22	23	23	23	21	21	23	22	24	24	24	22	21	21	24	23	24	23	24	24	22	22	23	21	24	22	21	24	24	23	22	21	21	22	24	23	22	23	22	24	21	24	23	21	22	21	21	21	24	24	24	21	21	23	21	24	22	21	22	21	23	22	23	24	23	22	22	24	23	23	22	22	21	24	21	24	22	21	21	22	21	21	21	22	21	24	23	21	24	24	23	21	23	22	22	21	24	23	21	23	21	23	21	21	23	21	22	22	22	22	24	23	23	22	23	24	21	24	24	22	23	22	22	23	23	24	22	23	23	21	23	23	24	21	23	24	24	21	22	23	22	23	23	23	22	21	23	24	24	22	22	24	21	22	23	22	23	22	21	21	23	21	21	24	21	23	23	23	23	22	22	23	22	23	22	24	23	24	23	21	21	21	23	22	24	23	23	22	21	22	24	21	21	22	22	23	24	24	21	23	24	22	23	22	21	24	21	22	23	24	21	21	24	22	22	21	23	24	21	24	24	22	21	21	22	22	21	21	24	23	23	23	21	22	21	23	22	21	24	23	22	22	23	21	24	22	23	24	21	22	21	23	22	22	21	23	22	21	24	21	21	22	21	24	22	22	24	21	22	24	22	21	24	22	23	23	24	22	24	21	22	23	21	23	21	21	23	22	24	22	23	21	23	23	24	23	24	24	21	24	24	24	24	24	21	21	23	24	23	22	24	24	23	21	22	21	23	24	22	21	22	23	23	24	21	24	23	23	21	24	21	21	24	21	22	22	22	22	24	23	24	23	22	24	24	22	22	24	23	23	21	23	21	24	23	21	23	21	24	22	24	23	23	24	22	22	22	22	24	21	23	24	21	23	21	24	22	24	21	23	21	24	22	24	23	22	21	21	24	22	22	23	22	22	22	21	22	24	24	24	22	21	23	21	22	22	22	21	23	24	22	23	24	24	24	23	23	23	22	21	24	22	24	22	21	23	23	21	23	23	23	23	24	23	21	22	23	21	23	22	23	21	21	23	24	23	22	23	22	21	22	21	24	23	23	21	22	21	22	21	23	24	24	22	21	21	24	24	22	23	24	22	24	24	22	22	24	23	21	22	23	21	24	21	24	22	23	21	24	24	22	21	24	22	22	23	21	22	22	22	21	24	21	23	23	23	24	21	23	21	21	21	24	22	23	22	21	23	21	21	22	23	24	21	22	21	
0	1	2	4	5	6	9	10	11	13	14	15	18	19	20	21	22	23	24	25	26	27	28	29	
0	1	2	4	5	7	9	10	11	12	13	14	16	21	22	23	25	26	27	28	29	
0	1	4	5	6	9	12	13	14	15	16	17	18	19	21	22	23	24	25	26	27	28	29	
0	1	2	3	4	5	6	7	8	9	10	11	12	13	14	15	17	19	21	24	25	26	27	28	
0	1	2	6	8	9	10	12	13	14	15	16	17	18	19	20	24	25	26	27	28	29	
0	1	2	3	4	5	6	7	8	9	10	11	13	15	16	17	19	21	22	24	25	26	27	28	
0	1	3	5	7	8	9	11	12	13	16	17	18	19	20	22	23	24	25	26	27	29	
0	1	5	6	7	10	12	14	15	16	17	18	19	20	21	22	24	25	27	28	29	
0	1	2	4	5	6	7	8	11	12	13	15	17	20	21	22	23	25	26	27	28	
0	1	2	3	4	5	6	7	8	9	10	14	15	16	17	18	19	20	21	25	26	27	29	
1	2	3	4	5	6	7	9	10	11	12	17	18	19	20	22	23	24	25	26	27	28	29	
0	1	2	3	4	5	7	8	12	13	15	16	17	19	20	22	23	24	25	28	29	
0	1	4	5	6	7	9	11	12	13	14	15	16	18	19	20	21	22	23	24	26	28	29	
1	2	5	6	8	9	10	11	12	13	15	17	20	22	23	24	25	26	27	28	29	
0	1	2	3	5	6	8	9	10	11	12	14	15	16	17	18	19	20	21	22	24	25	27	29	
0	1	2	3	4	7	9	10	11	12	13	15	16	18	19	20	21	22	24	25	27	28	29	
0	1	2	3	4	5	6	7	8	10	13	14	15	16	17	19	21	23	25	26	28	29	
0	1	2	4	5	7	8	10	12	13	14	15	16	17	19	20	21	22	23	24	25	27	28	29	
1	3	4	5	6	7	8	10	12	13	17	18	19	20	22	23	24	25	26	27	28	
0	1	3	4	5	6	7	8	9	12	13	14	15	16	18	20	21	22	24	25	26	28	29	
0	3	4	5	6	8	9	10	11	12	13	14	16	17	18	19	20	21	22	23	24	25	28	29	
0	1	2	5	6	7	8	9	10	11	12	13	16	17	20	21	23	25	26	27	28	29	
0	3	4	5	6	7	8	9	10	12	14	15	16	19	20	21	22	23	24	25	26	27	28	29	
0	1	3	4	5	7	8	9	10	11	12	14	15	16	18	20	21	22	23	24	25	26	28	
0	1	3	4	5	6	7	10	11	12	13	14	15	16	17	18	19	20	23	25	26	27	28	
1	2	4	5	6	7	8	9	10	11	12	13	14	15	16	17	18	19	21	22	23	25	26	29	
3	4	5	7	8	9	10	12	13	14	15	16	17	18	19	22	23	24	25	26	29	
0	2	3	4	6	7	8	9	10	11	12	13	14	17	19	20	21	22	23	25	26	27	28	
0	1	2	3	5	8	9	10	11	12	13	14	15	16	17	19	20	22	23	25	27	28	29	
0	1	4	6	7	8	9	10	11	12	14	15	18	19	20	21	22	25	26	27	28	29	
0	1	2	3	4	5	9	10	11	14	15	16	18	19	20	21	22	23	26	27	28	
0	2	3	4	5	6	7	8	9	10	11	14	15	16	17	18	19	20	23	24	25	26	27	28	
0	1	2	4	5	6	8	9	11	12	13	14	17	18	19	20	22	23	25	26	27	29	
1	2	3	4	5	7	8	10	11	13	15	16	17	18	19	20	21	23	24	25	26	27	28	29	
0	2	3	6	7	8	11	12	13	14	15	16	17	18	20	21	22	23	25	26	27	28	29	
0	1	2	5	8	9	10	11	12	13	14	16	17	18	19	20	21	22	23	24	25	26	27	28	
2	3	5	6	7	8	9	11	12	13	14	15	16	18	20	21	22	23	24	25	26	27	29	
0	1	2	3	4	5	6	8	9	10	11	12	17	18	19	21	22	24	25	26	28	29	
1	2	3	4	6	7	9	10	11	12	13	14	16	17	18	19	20	21	22	23	27	28	29	
2	3	4	5	6	7	8	9	10	12	13	14	18	20	21	23	24	25	26	27	28	29	
0	3	4	5	6	7	8	9	10	11	13	14	17	19	20	22	23	24	25	26	27	28	29	
0	1	2	3	4	6	7	8	9	10	11	12	13	14	15	16	17	19	20	23	24	27	28	29	
0	1	2	3	4	5	8	9	11	12	13	14	15	16	17	18	20	21	23	25	26	28	
0	1	2	3	4	6	8	9	10	11	12	13	15	16	18	19	20	21	22	23	25	26	27	28	
0	1	2	3	4	5	6	7	8	11	13	14	15	16	17	19	20	22	23	25	27	28	29	
0	1	2	3	4	5	7	8	10	11	12	15	16	18	19	20	21	23	24	25	27	
0	3	5	9	10	11	12	13	14	15	16	17	18	19	20	22	23	24	26	27	28	
0	2	4	5	7	8	9	10	11	13	14	15	16	17	18	19	20	21	22	23	25	26	27	29	
0	2	3	6	7	8	9	12	13	14	15	16	17	18	19	20	21	22	23	24	25	27	28	29	
0	1	2	3	4	5	6	7	9	10	11	12	13	14	17	18	19	20	21	23	24	27	
0	1	2	4	5	7	8	10	11	12	16	17	18	20	22	23	24	25	27	28	29	
0	1	3	4	6	7	8	9	11	12	13	14	15	16	17	18	20	21	22	25	26	27	
0	1	2	5	7	8	9	10	11	12	13	14	15	17	18	19	20	21	22	23	25	26	27	28	
0	3	4	5	7	8	9	10	11	12	13	14	15	16	17	21	22	23	25	26	27	28	
0	1	3	4	5	7	8	9	10	11	12	13	15	17	18	19	20	21	22	23	24	25	26	28	
0	1	2	3	4	6	7	8	10	11	12	13	14	15	17	18	19	20	22	23	24	27	28	29	
0	1	2	3	4	8	9	10	11	12	13	14	16	17	18	19	20	21	23	25	26	27	28	29	
0	1	3	4	5	8	9	10	11	12	14	15	17	18	19	20	21	22	23	24	27	29	
0	1	2	3	4	6	8	9	10	11	12	14	16	17	18	21	22	23	24	25	26	27	28	29	
1	2	3	4	6	7	8	9	10	11	15	16	17	18	22	23	24	25	26	27	28	29	
0	1	2	4	5	6	7	8	10	11	12	13	15	16	17	19	20	22	23	24	26	27	28	29	
0	2	3	4	5	6	9	10	11	12	13	14	16	17	18	19	21	22	23	25	26	28	29	
0	1	3	5	9	10	11	12	13	14	15	17	18	19	20	21	22	23	24	25	26	27	28	
0	1	3	4	5	6	8	10	14	16	18	19	21	22	23	24	25	26	27	28	29	
0	1	3	5	6	7	8	9	10	12	13	14	15	16	17	18	19	20	23	25	26	27	28	
0	1	2	3	6	8	9	11	12	13	14	16	17	18	19	20	21	23	24	25	26	27	28	29	
0	1	2	3	5	6	9	10	11	12	13	15	16	18	19	20	21	22	23	24	25	27	28	29	
0	1	2	3	5	7	8	11	12	13	14	15	16	17	18	20	22	23	24	25	26	27	29	
0	1	2	3	5	6	7	8	11	13	14	15	18	19	21	22	23	24	25	26	28	
0	1	2	3	4	5	7	8	9	10	11	12	13	14	15	16	18	19	20	21	24	25	27	
0	1	2	3	4	5	7	8	11	13	14	15	16	17	18	19	20	21	22	23	24	25	27	29	
1	2	4	5	6	7	8	9	10	12	14	15	16	18	19	20	23	25	27	28	29	
0	1	2	3	4	5	6	8	10	11	12	14	17	18	20	21	22	23	24	25	26	27	28	29	
0	1	2	4	5	6	7	9	10	12	13	14	15	17	18	19	20	21	22	23	24	26	27	28	
2	3	4	5	6	8	10	11	12	13	14	17	18	19	21	22	23	24	25	26	27	29	
1	3	4	5	6	7	8	10	11	12	15	16	17	18	19	21	22	23	25	26	27	29	
0	1	2	3	4	5	6	7	8	9	10	11	13	15	16	17	18	21	22	23	26	28	29	
0	2	5	6	7	9	10	11	12	13	14	15	17	18	19	21	22	23	24	25	26	27	29	
1	3	4	5	7	8	9	10	13	14	16	17	18	19	20	22	23	26	27	28	29	
0	2	3	5	6	7	8	9	10	11	13	14	16	17	18	19	20	21	23	24	25	26	27	28	
0	1	2	3	4	5	7	8	10	11	13	14	16	17	18	19	21	22	23	24	25	26	29	
0	1	3	4	5	6	7	9	10	11	12	13	14	16	17	18	19	20	21	22	24	25	27	
0	3	4	5	6	8	11	12	14	15	16	18	19	20	21	22	23	24	25	26	27	28	29	
1	2	4	5	6	7	9	10	11	12	13	15	16	17	19	20	21	22	24	27	29	
1	2	3	4	5	6	8	9	12	13	14	15	16	19	20	21	23	24	25	26	28	
0	1	4	5	7	9	10	11	13	14	15	17	18	19	20	22	24	25	26	27	28	29	
1	3	4	5	7	8	10	13	14	15	16	17	18	19	20	22	24	25	26	27	28	29	
0	1	2	3	4	6	7	8	10	11	13	14	15	16	17	19	21	22	23	26	27	28	29	
0	3	4	7	8	9	10	11	12	13	14	17	18	19	21	22	23	24	25	28	29	
0	2	3	4	5	6	7	8	10	12	13	14	17	18	19	20	21	23	25	26	27	28	
0	1	2	3	4	5	6	8	9	10	11	13	14	16	17	18	19	20	23	24	25	26	27	28	
0	1	2	3	5	7	8	11	12	14	15	16	17	18	19	22	23	24	25	26	27	29	
0	2	3	4	6	7	8	9	10	12	13	14	15	16	17	18	19	21	22	23	27	28	29	
0	2	3	5	6	7	8	9	10	11	13	14	15	16	17	19	22	23	25	26	27	29	
0	1	2	3	6	7	8	9	11	12	13	15	16	19	20	22	23	25	26	27	28	
0	1	3	4	5	7	8	9	10	11	12	13	14	15	16	18	19	20	21	23	24	27	28	29	
0	1	2	3	4	5	6	7	8	9	11	12	13	14	15	16	17	20	21	22	23	26	27	28	
0	1	2	3	4	6	7	8	9	11	12	13	14	15	16	17	19	21	22	23	24	27	28	29	
0	2	3	4	5	11	12	13	14	15	16	17	21	22	23	24	25	26	27	28	29	
0	1	4	5	6	7	8	9	10	11	12	13	14	15	16	18	20	21	22	23	24	25	27	29	
0	1	3	4	5	6	7	8	9	10	11	12	17	18	19	20	22	23	24	25	27	28	29	
0	2	3	4	6	7	8	9	10	11	12	14	16	17	18	19	20	23	24	25	26	27	28	29	
0	2	4	5	6	7	8	9	10	11	12	14	15	16	19	20	22	23	24	25	26	27	28	29	
0	1	4	5	6	7	9	10	11	12	14	15	16	17	18	20	21	22	23	24	25	26	27	29	
0	2	5	6	7	9	10	12	13	14	18	19	20	21	22	23	25	26	27	28	29	
1	2	3	4	6	7	8	9	10	11	12	14	16	17	18	20	21	22	25	26	28	29	
1	2	3	4	5	6	7	8	9	11	12	14	15	16	17	18	20	21	22	23	24	25	27	29	
0	1	2	3	4	5	6	7	8	10	13	15	17	18	19	20	21	22	23	24	25	27	29	
0	3	4	6	7	8	12	13	14	15	16	17	19	20	22	23	24	25	26	27	28	29	
0	1	2	4	5	6	7	8	10	12	13	14	15	17	18	19	21	22	23	24	27	29	
0	2	3	4	5	7	8	9	10	11	12	13	14	15	18	19	20	21	22	23	24	26	27	
0	1	3	4	6	8	9	10	11	12	13	14	15	16	17	18	19	22	23	24	25	26	27	
0	1	3	4	6	7	9	10	11	12	13	14	15	17	18	19	20	22	23	24	25	26	27	28	
2	3	4	5	7	8	9	10	11	12	14	15	17	18	19	20	22	23	24	25	27	28	29	
1	2	3	5	6	7	8	10	11	12	13	14	15	16	17	18	19	20	21	22	25	26	28	29	
0	1	2	3	4	6	8	9	10	11	12	15	18	19	21	22	23	24	26	27	28	29	
0	1	2	4	5	6	8	9	10	11	13	17	18	20	21	22	23	24	26	27	28	29	
0	1	3	5	6	7	8	9	10	11	13	14	15	16	17	18	20	21	22	23	24	25	26	
0	1	2	3	7	8	9	10	12	13	14	16	17	18	20	21	22	23	25	26	27	28	29	
1	2	3	4	6	8	9	10	11	13	15	16	18	19	20	21	22	23	24	25	26	27	
0	1	2	4	5	6	7	9	10	13	14	16	18	20	23	24	25	26	27	28	29	
1	3	4	5	7	8	9	10	11	12	15	17	18	20	21	22	25	26	27	28	29	
0	1	2	3	4	5	6	7	8	9	10	11	16	18	19	21	22	23	24	25	27	28	29	
0	1	2	3	4	5	6	7	8	9	11	12	13	14	16	17	18	21	22	23	26	27	28	29	
0	1	2	3	4	7	8	9	10	11	14	15	16	17	20	21	22	25	26	27	28	
1	2	3	4	5	6	7	8	9	10	12	14	16	18	19	20	21	22	23	24	28	
0	1	2	3	4	5	7	9	10	11	12	13	15	16	17	18	19	20	21	22	23	25	26	27	
0	1	4	5	6	7	8	9	10	11	12	13	16	17	18	19	20	23	24	25	26	29	
2	4	5	6	7	9	10	11	12	15	16	17	18	20	21	22	23	25	26	28	29	
0	1	2	3	4	6	7	9	10	11	12	13	14	15	17	19	20	22	24	25	26	28	29	
0	1	2	3	4	5	6	8	9	10	11	12	13	14	15	16	18	20	23	24	25	26	27	29	
0	1	3	4	5	6	7	8	9	10	12	14	15	16	18	20	21	22	23	24	25	27	29	
0	2	5	6	8	9	10	11	12	13	14	16	17	18	19	20	22	23	25	26	27	29	
1	2	3	5	6	7	8	9	10	11	12	13	14	15	16	20	21	22	23	25	26	28	
0	1	3	4	5	6	9	10	12	13	14	15	16	17	18	19	20	21	23	24	25	27	28	29	
0	2	4	5	7	8	10	12	13	14	16	17	18	19	20	23	24	25	27	28	29	
0	1	3	5	6	7	8	9	10	11	13	14	16	18	19	20	21	22	23	24	25	26	28	29	
0	3	4	5	6	7	8	9	10	13	14	17	18	19	21	22	24	25	27	28	29	
1	2	5	7	8	9	10	11	12	13	15	16	17	18	22	23	25	26	27	28	29	
0	1	2	3	4	5	6	8	9	10	11	12	13	14	16	18	20	21	24	25	27	28	29	
0	2	3	4	5	6	7	8	9	11	12	13	14	15	16	18	19	20	22	25	26	27	28	29	
0	1	2	7	8	9	10	11	13	14	15	16	17	18	19	20	21	22	24	26	27	28	29	
0	1	4	5	6	7	9	10	11	13	14	15	16	17	18	19	20	21	22	23	24	28	29	
1	3	6	7	9	10	11	13	14	15	16	17	18	19	20	21	23	26	27	28	29	
1	4	7	8	9	10	12	14	15	16	18	19	20	21	22	23	24	25	26	27	28	
0	2	3	4	5	7	8	12	13	14	15	17	18	19	20	21	22	23	26	27	29	
0	2	4	5	6	7	8	9	10	12	13	14	15	17	18	19	21	22	24	26	27	29	
0	2	4	5	6	7	8	10	13	14	15	16	17	18	19	21	22	23	24	25	26	29	
0	2	3	4	5	6	8	9	10	11	12	13	14	16	18	19	21	22	23	24	25	26	27	28	
1	2	4	7	9	10	11	12	14	15	16	17	18	19	20	21	23	24	25	26	27	28	29	
0	4	5	6	7	8	9	10	11	12	13	14	16	17	18	19	20	21	24	25	26	27	29	
2	3	4	5	7	8	9	11	12	13	14	15	17	18	19	20	21	22	23	24	25	26	29	
0	1	2	3	5	6	7	9	10	11	12	13	14	16	18	20	22	24	25	26	27	28	29	
0	1	2	5	6	7	8	10	11	13	15	16	18	19	20	22	23	24	26	27	28	29	
1	2	3	4	5	7	8	9	10	11	12	13	14	15	18	20	21	22	23	25	26	28	29	
0	1	4	5	7	8	9	10	11	12	13	14	16	18	19	21	22	25	26	28	29	
0	2	4	5	6	7	8	9	11	12	13	14	15	16	17	20	21	22	23	27	28	29	
0	1	2	4	6	7	8	9	10	11	12	13	15	17	18	19	20	21	23	24	26	28	
1	2	3	4	5	7	8	9	10	12	13	15	16	18	19	20	21	22	24	25	26	27	28	29	
1	3	4	5	6	7	8	10	11	12	13	14	15	17	18	19	20	22	23	25	26	27	28	29	
0	1	3	4	5	7	8	9	11	13	14	16	17	18	20	22	24	25	27	28	29	
0	2	3	4	5	6	7	8	9	11	12	13	17	18	19	20	21	23	26	27	28	
0	1	3	4	6	7	8	9	10	11	12	13	14	15	16	17	19	20	21	22	25	26	28	29	
2	3	4	5	9	10	11	12	14	15	16	17	19	20	21	22	23	24	25	26	27	28	29	
0	1	2	3	6	7	8	9	10	11	12	13	14	15	16	20	21	22	23	25	26	27	28	29	
0	2	3	4	5	6	7	8	9	10	11	12	13	15	16	17	19	20	22	24	26	27	29	
0	1	2	3	4	5	8	9	10	11	12	13	14	15	16	17	18	20	22	24	25	26	27	28	
0	4	5	6	7	8	9	10	11	12	16	17	18	19	20	21	22	23	24	25	26	27	28	
0	2	3	4	5	6	7	8	9	12	15	16	17	18	19	20	21	22	23	24	26	27	28	29	
0	1	3	4	6	7	8	9	10	11	12	13	15	16	18	19	21	24	26	27	29	
1	3	5	9	10	11	12	13	14	15	16	17	19	20	21	22	24	25	26	27	28	29	
0	1	3	4	6	7	8	9	11	12	13	15	16	17	18	19	20	22	23	24	27	29	
0	1	2	3	4	6	7	9	10	11	12	14	15	16	18	19	21	23	24	26	27	28	29	
0	4	5	6	7	8	10	12	13	14	15	16	17	18	20	21	22	24	25	26	27	29	
1	2	3	4	5	6	7	8	10	11	12	14	15	16	18	21	22	23	24	27	28	29	
0	1	3	4	5	7	8	9	10	11	12	13	14	17	19	20	21	22	24	25	26	27	28	
0	2	3	4	5	8	10	11	13	14	15	16	17	19	20	21	22	23	24	25	26	27	28	29	
0	1	2	3	4	5	7	10	12	13	14	15	17	18	19	20	21	23	25	28	29	
0	1	2	3	4	6	7	8	9	10	12	13	14	15	17	18	19	21	23	25	26	27	28	29	
0	1	3	4	5	8	9	10	11	13	14	16	17	18	19	21	23	24	25	26	29	
0	1	2	4	5	6	8	9	10	12	13	14	15	16	17	19	20	21	22	23	25	26	29	
0	1	2	3	5	6	7	8	9	10	11	12	13	14	16	17	19	21	22	23	24	27	28	29	
0	1	4	5	8	12	13	14	15	16	17	18	20	21	22	23	24	25	26	28	29	
1	2	4	6	7	8	9	10	12	13	14	16	18	19	20	21	22	23	24	25	26	28	29	
0	1	2	5	6	7	8	9	10	11	13	14	15	17	18	19	20	21	22	23	24	25	26	28	
1	4	5	7	8	9	10	11	12	13	15	16	17	18	20	21	22	23	24	26	27	28	29	
0	1	2	4	5	6	9	11	12	14	15	17	20	21	22	24	25	26	27	28	29	
0	1	2	3	4	5	6	7	8	9	10	13	15	16	17	18	20	22	23	24	25	26	28	29	
0	1	2	5	6	7	8	9	10	11	12	13	14	16	17	18	19	20	22	23	25	29	
2	4	5	6	8	9	10	11	12	13	14	16	18	21	22	23	24	25	26	28	29	
1	2	4	5	6	7	8	10	11	12	13	14	16	17	18	19	20	22	23	24	25	27	28	29	
0	1	3	4	5	6	7	9	10	13	14	15	16	17	18	19	20	23	24	25	27	28	29	
0	1	2	3	4	5	6	8	9	10	12	13	14	15	16	17	18	21	22	23	24	25	26	27	
0	1	4	5	7	8	10	11	12	13	14	16	17	18	20	21	22	23	24	25	26	28	29	
1	2	3	4	5	6	7	8	10	11	12	15	16	19	21	22	24	25	26	27	28	29	
1	2	3	6	7	9	10	11	12	13	14	16	17	18	19	21	22	23	24	25	27	28	29	
0	1	2	4	5	7	10	12	13	15	16	17	18	19	20	21	22	23	25	26	27	28	29	
0	1	2	3	5	6	8	9	11	12	13	14	15	17	20	21	22	25	26	27	28	29	
0	1	2	3	4	5	6	7	8	10	11	12	14	16	17	18	20	22	23	24	26	27	29	
1	2	4	5	6	7	8	9	10	12	13	15	16	17	19	20	21	22	23	24	25	26	27	
1	2	4	6	8	9	10	11	12	14	16	17	18	21	22	24	25	26	27	28	29	
0	1	2	3	5	6	7	8	9	10	13	14	18	19	20	21	22	24	26	28	29	
0	1	2	3	5	6	7	8	10	11	12	14	16	18	21	22	23	24	25	26	27	29	
0	1	3	4	5	6	9	10	12	14	15	16	17	18	19	20	21	22	24	26	27	28	29	
0	1	3	5	7	8	9	10	11	13	14	15	16	18	19	20	22	23	24	25	27	28	
0	3	4	5	7	8	10	11	13	14	15	16	18	19	20	21	22	25	26	27	28	29	
0	1	2	3	4	5	7	8	9	10	11	12	13	14	15	16	17	18	21	23	24	26	27	29	
0	1	2	3	4	5	8	9	10	11	12	13	15	16	17	18	21	22	23	25	26	27	29	
0	1	2	4	5	6	7	8	10	11	12	15	16	18	19	20	21	22	23	24	26	27	28	29	
0	1	3	4	5	8	9	11	13	14	16	17	18	19	20	21	22	24	25	26	29	
0	2	4	6	7	8	9	10	12	13	14	15	16	17	18	19	20	23	24	26	27	28	29	
0	1	2	3	4	5	7	8	10	12	13	14	16	17	18	21	23	24	25	27	28	
0	2	3	6	7	8	9	10	12	13	14	15	18	20	21	22	23	24	25	26	28	
0	1	4	5	6	7	8	10	12	13	15	16	17	19	20	21	23	25	26	27	28	29	
0	2	3	4	5	7	8	9	10	11	12	14	15	17	19	21	22	23	24	25	26	27	29	
0	1	2	3	5	6	7	8	10	11	13	14	15	16	17	20	21	22	23	24	25	27	28	29	
0	2	3	4	5	6	7	8	9	11	13	14	16	17	19	21	22	23	24	25	26	27	
0	1	2	3	4	5	7	9	10	11	12	13	14	15	16	19	20	23	25	26	27	28	29	
3	4	5	6	7	9	10	11	12	13	14	16	17	20	21	22	23	24	25	26	27	
0	1	2	3	5	6	7	10	11	13	14	15	16	18	20	21	22	23	24	26	28	
1	3	4	5	6	7	8	9	10	11	12	14	17	18	19	20	22	23	24	25	26	27	28	29	
0	2	3	4	5	7	8	9	10	12	13	14	15	17	19	20	21	23	24	25	27	29	
1	2	3	4	5	6	7	8	9	10	11	12	13	16	17	18	20	21	23	25	26	27	28	29	
0	1	2	4	5	6	8	9	10	11	12	14	16	18	19	20	21	22	24	25	27	28	29	
2	3	4	5	6	7	9	11	12	15	17	20	21	22	23	24	25	26	27	28	29	
0	2	3	4	5	6	8	9	10	11	12	13	14	15	16	17	18	19	20	22	23	25	27	28	
1	2	3	4	5	9	11	12	13	14	15	17	18	19	20	21	22	23	24	27	29	
0	1	2	3	4	5	6	7	10	11	12	13	14	15	19	20	21	24	25	26	27	28	
0	1	3	4	5	7	8	9	10	11	13	14	15	16	18	20	23	25	26	27	28	29	
0	1	2	3	4	5	6	8	9	10	11	12	14	15	16	17	18	21	22	23	24	25	28	
0	1	3	4	6	8	9	11	12	13	15	16	17	19	20	21	22	24	25	26	27	28	29	
0	1	2	3	6	8	9	10	13	16	17	19	20	21	22	23	24	25	26	28	29	
0	2	3	4	5	6	7	8	9	11	12	13	16	17	18	20	21	23	25	26	27	28	29	
0	1	2	3	4	6	8	9	10	11	12	13	15	16	17	19	20	21	22	24	25	26	28	29	
0	1	2	3	5	6	7	11	12	14	16	17	18	19	20	21	23	24	26	28	29	
2	4	5	6	7	8	9	10	11	12	14	15	18	19	21	22	23	25	26	27	28	29	
1	2	3	4	5	6	7	8	9	10	15	16	17	18	19	23	24	25	26	27	28	29	
0	1	3	5	6	7	8	9	11	12	13	14	15	16	17	18	19	21	22	23	26	27	28	
0	1	2	3	4	5	6	7	8	10	11	12	13	14	15	17	19	20	22	24	25	28	
0	1	2	3	4	6	7	9	10	11	12	13	14	15	18	19	20	21	22	23	27	28	29	
0	1	2	3	4	5	7	8	9	10	12	16	17	18	19	21	22	23	24	25	28	29	
0	1	2	3	6	7	8	10	11	12	13	14	15	16	18	19	20	21	22	23	26	27	28	29	
0	1	3	5	6	7	8	9	10	11	13	14	15	16	19	20	21	22	23	26	27	28	29	
0	1	2	3	4	5	7	8	9	10	11	13	14	15	17	18	20	22	23	24	25	26	27	
0	1	2	3	4	6	7	9	10	11	12	13	14	15	16	17	18	20	23	24	25	26	27	28	
0	1	2	3	4	6	9	10	11	12	13	14	15	16	17	18	19	20	23	25	26	27	29	
0	1	2	3	4	5	6	7	9	11	12	13	14	16	21	22	23	25	26	27	29	
0	1	2	4	5	6	7	10	11	12	14	15	16	17	19	20	22	23	24	25	26	27	28	29	
0	1	2	3	4	5	6	7	8	9	10	11	12	13	16	19	22	23	24	25	26	27	28	
0	1	2	3	4	5	6	7	10	11	13	14	16	17	18	19	21	23	24	27	29	
0	1	2	3	5	6	9	11	12	13	14	15	16	17	18	19	21	22	23	24	27	28	29	
1	2	4	5	6	7	10	11	12	15	16	17	18	19	20	22	24	25	26	27	28	29	
0	1	2	4	5	6	7	9	10	12	13	14	15	16	18	20	22	24	25	26	27	28	29	
0	1	4	6	7	9	10	11	12	13	14	15	16	17	18	20	22	23	24	25	26	27	28	29	
0	1	2	3	4	6	7	8	9	10	12	13	15	17	19	20	21	23	24	25	26	27	29	
0	1	2	3	4	6	7	8	9	10	11	12	13	14	15	18	19	20	21	24	26	27	28	
0	1	2	4	5	6	7	9	10	13	14	15	16	17	18	19	20	22	23	24	25	27	29	
0	1	2	4	6	7	8	9	10	12	13	14	15	16	18	19	20	21	22	23	25	26	27	
0	1	2	5	6	8	9	10	14	15	16	18	19	20	21	24	25	26	27	28	29	
0	1	2	3	4	5	6	7	8	9	10	12	13	14	16	19	20	21	22	23	26	27	29	
0	1	2	3	6	7	8	10	11	12	13	14	15	17	18	19	23	24	25	26	29	
0	1	3	4	5	6	7	8	9	10	11	12	13	14	15	16	17	18	22	23	24	25	26	27	
0	1	2	3	4	5	6	7	9	10	11	12	13	14	16	18	20	21	22	24	25	29	
1	2	3	4	6	7	9	10	11	12	13	14	15	17	19	20	21	22	23	24	26	28	29	
1	2	4	5	6	7	8	9	10	11	14	15	16	17	19	20	21	22	24	26	27	28	29	
0	2	3	4	5	7	8	9	10	12	13	15	16	17	18	19	20	21	22	23	24	26	27	28	
0	1	2	4	6	8	9	11	12	16	17	18	19	20	21	22	23	25	26	27	29	
0	3	5	6	8	9	10	11	12	13	15	18	19	20	21	22	23	24	25	26	27	
0	1	3	5	6	7	8	10	11	12	13	14	15	16	17	18	19	22	23	25	26	28	
0	3	4	5	6	7	8	9	11	12	15	16	18	19	21	22	23	24	26	28	29	
0	1	2	3	4	6	7	8	9	10	11	12	14	16	17	18	19	20	21	22	24	25	26	27	
0	2	4	5	7	8	9	10	11	13	14	15	17	19	22	23	25	26	27	28	29	
0	2	3	4	5	7	9	10	11	12	13	14	15	16	17	19	20	21	24	25	26	27	
1	3	6	7	8	9	10	11	12	13	14	15	16	17	21	22	23	24	26	27	29	
1	2	3	4	5	6	7	9	10	11	12	13	14	15	16	17	18	21	24	26	27	28	29	
0	1	2	3	4	5	6	8	9	10	11	12	13	14	15	18	19	20	24	25	26	27	28	29	
0	3	6	7	8	10	11	12	13	15	16	17	18	19	20	21	22	23	26	27	29	
1	2	3	4	5	7	8	9	10	11	12	14	15	17	18	19	20	21	22	23	24	25	28	29	
0	1	2	4	5	6	8	14	15	16	17	18	20	21	22	23	25	26	27	28	29	
0	2	3	6	7	8	9	10	12	13	14	15	16	17	18	19	20	21	23	24	25	26	27	29	
0	1	4	5	6	7	8	9	10	11	12	16	17	18	19	20	21	23	24	27	28	
0	1	2	4	5	6	7	8	9	11	12	14	15	16	17	18	19	21	22	23	24	28	
0	2	3	4	6	7	8	9	10	12	15	16	17	18	19	20	21	22	23	25	26	
0	1	2	3	4	7	9	10	11	13	14	15	16	19	20	21	25	26	27	28	29	
0	1	2	3	4	6	7	9	10	12	13	15	16	17	19	20	21	22	23	24	25	26	27	28	
0	1	2	3	4	6	7	8	10	11	13	14	15	19	21	22	23	24	25	27	29	
0	2	3	4	5	6	7	9	10	11	12	13	14	15	16	17	18	20	21	23	25	26	27	29	
0	1	2	3	5	6	7	8	9	11	12	13	15	16	17	18	19	20	21	22	23	26	27	29	
1	2	5	7	8	9	10	11	12	14	16	17	18	19	20	21	23	24	25	26	27	28	
1	2	3	4	5	6	7	8	10	11	13	14	15	16	17	19	21	23	24	25	26	27	28	
0	1	3	4	5	6	7	8	10	12	13	15	19	20	22	23	24	26	27	28	29	
0	1	2	4	5	6	9	10	11	12	14	15	16	17	18	19	20	21	22	27	29	
0	2	3	5	7	10	11	12	14	16	17	18	19	20	21	22	23	24	26	27	29	
0	1	2	4	5	6	7	8	9	10	12	13	15	16	17	19	20	21	23	25	26	27	28	29	
0	2	3	4	7	9	10	11	13	14	15	16	17	18	19	20	21	22	23	24	25	26	28	
1	2	3	4	5	6	7	8	9	12	14	15	16	17	19	20	21	25	26	27	29	
0	1	2	3	5	6	7	8	9	11	13	14	15	16	17	18	19	21	22	23	25	27	28	29	
0	1	3	4	5	6	7	8	9	10	11	12	13	14	16	17	18	19	21	22	23	24	25	27	
0	1	2	3	4	5	6	8	9	10	11	12	13	14	15	16	17	18	19	20	21	27	28	
0	2	3	4	5	6	7	8	10	11	13	14	15	16	17	18	19	20	21	22	23	24	26	
1	2	3	6	7	8	10	11	12	13	14	16	19	20	21	23	24	25	27	28	29	
0	1	2	3	4	5	6	7	8	10	11	15	16	17	18	19	21	22	23	24	25	27	29	
0	1	2	5	6	7	8	9	10	12	13	14	15	16	17	18	19	21	22	24	25	26	28	29	
0	1	2	3	4	5	7	8	10	11	12	13	16	18	19	20	21	23	24	25	26	27	
1	2	3	5	6	7	9	11	12	13	14	15	17	19	20	21	23	24	25	26	27	28	
0	1	2	4	5	7	8	9	10	11	12	13	15	16	17	18	19	20	21	22	24	25	27	29	
0	1	2	3	4	5	6	8	9	10	13	14	15	16	17	19	21	22	23	24	25	27	28	29	
2	3	4	5	6	7	8	9	10	14	15	16	17	20	22	23	24	25	26	27	28	29	
0	1	3	4	5	6	7	8	10	11	12	13	15	16	18	21	22	23	25	26	27	28	29	
0	1	2	4	5	6	7	9	10	12	13	15	17	18	19	22	23	24	25	26	27	28	29	
0	1	2	5	7	8	9	10	11	12	13	14	15	16	17	19	22	23	25	26	27	28	29	
0	1	2	3	4	5	6	7	8	11	12	13	14	16	18	20	21	22	23	24	26	27	28	29	
0	1	2	3	4	6	7	8	9	10	12	13	15	16	17	18	20	23	25	26	28	29	
0	1	4	6	7	8	9	10	12	15	16	18	19	20	21	22	23	24	25	26	27	28	
0	1	4	5	6	7	9	10	11	12	13	14	15	18	19	20	21	25	26	27	28	29	
0	1	2	3	4	6	7	10	11	12	17	18	19	20	21	22	24	25	26	27	28	29	
0	1	2	3	4	5	8	12	13	14	15	16	17	18	19	20	23	24	25	26	27	29	
0	2	3	5	6	7	8	9	10	12	13	14	17	19	21	23	25	26	27	28	29	
1	2	3	6	8	10	11	12	13	14	15	16	17	19	20	23	24	25	26	27	28	29	
0	1	2	3	4	5	6	7	8	9	10	11	12	13	14	15	18	19	22	23	24	25	27	29	
0	1	2	3	4	6	7	8	9	10	11	13	17	18	20	21	22	23	25	26	28	29	
1	2	3	4	5	6	8	9	10	11	12	14	15	17	18	20	21	23	24	25	26	27	28	29	
0	1	2	6	7	9	11	12	14	15	16	17	18	19	20	21	24	25	26	27	28	29	
1	2	3	4	5	6	7	8	9	10	12	16	17	18	19	20	22	23	24	25	26	27	28	29	
0	1	2	3	4	5	6	7	9	12	14	15	16	17	19	20	21	22	23	26	27	28	29	
0	1	3	4	6	7	8	9	12	13	14	15	16	17	18	20	21	22	24	25	28	29	
0	1	2	3	4	6	8	9	10	12	13	14	15	17	20	21	22	23	24	26	27	28	
0	2	5	7	9	10	12	13	14	15	16	17	18	19	21	22	25	26	27	28	29	
2	3	5	8	9	10	12	13	14	15	16	18	19	21	22	23	24	25	26	27	28	29	
0	1	2	3	4	5	6	7	8	9	10	12	13	15	17	18	19	21	22	23	26	27	28	29	
0	1	2	3	5	7	8	9	10	11	12	13	17	18	19	20	21	23	24	25	26	28	29	
0	1	3	4	6	8	9	10	11	12	14	17	19	20	21	22	23	24	25	26	27	29	
1	2	3	5	6	7	9	10	11	12	14	16	17	18	20	21	22	23	26	27	29	
1	2	3	4	5	8	11	12	13	14	15	16	17	18	19	21	22	24	25	26	27	
0	1	3	5	7	8	9	10	11	12	13	14	15	16	17	19	20	21	22	23	26	27	
0	1	2	3	4	5	8	9	12	13	14	16	18	19	20	21	23	25	26	27	29	
0	1	2	3	4	5	6	7	9	10	11	15	17	18	20	21	24	26	27	28	29	
0	3	5	6	7	8	9	10	12	13	14	15	16	17	18	20	21	22	23	24	26	27	29	
0	1	2	3	4	5	8	9	10	11	12	18	19	21	22	23	24	25	26	27	28	29	
1	2	3	4	5	6	7	8	9	11	12	13	14	15	16	19	21	22	24	25	26	27	28	29	
0	1	2	3	4	6	7	8	9	10	11	12	13	14	15	20	21	22	23	24	25	26	28	29	
0	1	2	3	4	5	6	7	8	10	11	14	15	16	17	19	23	25	26	28	29	
0	1	2	4	6	9	10	13	14	15	17	18	19	20	21	22	23	24	25	26	28	29	
0	1	2	3	6	7	8	9	11	12	14	15	17	18	19	21	22	24	26	27	28	
0	2	3	5	6	7	8	9	10	13	15	17	18	19	20	21	22	23	24	25	26	27	28	29	
0	3	4	5	6	7	8	9	10	11	13	15	17	18	19	20	22	23	24	26	27	29	
0	2	3	4	6	8	9	10	11	12	13	14	15	16	18	19	22	23	24	25	26	27	28	29	
0	1	2	4	5	6	7	8	9	10	12	13	15	16	18	19	20	21	23	26	27	28	
0	1	2	5	6	8	9	11	13	14	15	16	17	20	21	22	24	25	26	27	28	29	
1	2	4	5	6	7	8	9	10	12	13	14	15	18	19	22	23	24	25	26	27	
0	2	3	4	5	8	9	10	11	12	13	15	16	18	19	21	22	23	24	26	27	
0	3	4	5	6	7	8	9	10	11	12	14	15	17	18	19	22	23	27	28	29	
0	1	2	3	4	5	6	7	8	9	10	12	14	15	16	18	19	21	22	24	26	27	28	29	
0	1	2	4	5	6	7	8	9	10	11	12	14	17	20	22	24	25	26	27	28	29	
0	2	4	5	6	7	8	9	10	11	13	16	18	19	20	21	22	24	25	28	29	
0	1	2	3	4	5	6	8	10	11	12	13	14	16	17	18	19	22	23	24	27	28	29	
0	3	4	5	6	7	11	12	13	15	16	17	18	19	20	22	23	24	25	26	27	28	29	
1	2	3	4	5	6	8	9	10	14	15	16	17	18	19	22	24	25	26	27	28	
1	2	3	5	8	9	11	12	13	15	16	17	18	19	20	21	22	23	24	25	27	
0	1	2	4	5	7	8	12	14	15	16	17	18	19	22	23	24	25	26	27	28	
0	1	2	3	4	6	7	8	9	10	11	12	13	14	15	16	18	19	21	22	25	26	27	28	
0	2	3	4	5	6	8	10	11	12	13	14	16	17	19	21	22	23	24	25	26	27	28	29	
0	1	2	4	6	7	8	10	11	12	13	15	16	17	18	20	21	22	25	26	27	28	29	
2	3	5	6	7	9	10	11	12	13	14	16	17	18	19	20	23	24	25	26	27	28	
0	1	2	4	5	6	7	8	9	12	13	14	16	17	18	19	20	21	22	24	25	26	27	28	
0	3	5	6	8	10	11	13	14	15	17	18	19	20	22	23	24	25	26	27	28	
1	2	3	6	8	9	11	13	16	17	18	19	20	21	22	23	24	25	26	27	28	29	
0	1	2	4	5	7	8	10	12	13	14	15	16	17	20	22	23	24	25	26	28	29	
0	1	2	3	4	5	6	9	10	11	13	15	17	18	20	21	23	24	25	26	27	28	29	
0	1	2	3	4	6	8	10	11	13	14	15	17	18	20	21	22	23	24	26	27	28	29	
0	1	4	5	6	7	8	9	10	11	12	15	16	17	18	19	20	22	23	24	25	29	
0	1	2	3	4	5	6	8	9	10	11	12	13	15	16	17	20	21	22	24	26	27	28	29	
2	4	7	8	10	11	12	14	15	16	17	19	20	21	22	23	24	25	26	28	29	
0	1	2	3	4	5	6	7	11	13	14	15	17	18	19	20	21	23	24	25	26	27	28	29	
0	2	3	4	5	6	7	9	10	11	12	13	16	17	18	21	22	23	25	26	27	
0	1	2	4	5	8	9	10	11	13	14	16	17	18	19	20	22	23	24	25	26	27	29	
0	1	2	3	4	5	7	8	9	10	11	12	13	18	19	20	21	22	23	24	25	26	27	29	
1	2	3	5	6	8	9	11	12	13	14	15	16	17	18	19	21	23	25	26	27	28	
0	1	2	3	4	6	7	8	9	10	11	12	13	14	15	16	17	18	19	21	22	26	28	
0	1	2	3	5	6	8	9	10	11	12	13	14	15	16	17	21	22	23	24	25	26	27	29	
0	1	2	3	4	6	7	8	9	10	11	12	13	14	15	16	17	18	19	20	24	26	27	
0	1	3	4	5	6	7	9	10	11	12	13	15	16	17	18	19	20	21	22	24	28	29	
0	1	2	4	5	7	8	9	10	12	13	15	16	17	18	19	20	22	23	25	26	27	28	
1	2	3	4	5	7	8	9	11	15	16	18	20	21	22	23	24	25	26	27	28	29	
1	2	4	5	6	7	10	11	12	13	15	16	17	19	20	21	22	23	24	25	26	29	
0	2	3	4	5	7	8	9	11	12	13	14	16	17	18	19	22	24	26	27	28	29	
0	1	2	3	5	6	7	8	11	12	13	14	15	17	18	19	20	21	23	24	25	26	28	29	
0	1	2	4	6	7	8	10	12	13	14	15	16	17	18	19	21	22	23	24	27	28	
0	1	2	4	5	6	9	10	11	12	13	14	15	16	17	18	19	20	21	22	23	25	28	29	
0	1	2	3	4	5	6	7	9	11	12	13	14	15	18	19	20	21	23	24	25	26	29	
1	2	5	9	10	11	12	15	16	17	18	19	20	21	22	23	24	25	27	28	29	
1	2	3	4	5	6	10	11	12	13	14	16	17	18	19	21	22	23	24	25	27	28	29	
0	1	2	4	5	6	7	8	9	10	12	13	14	15	16	17	18	19	21	22	23	24	28	
0	1	3	4	5	6	7	8	9	10	11	12	13	14	15	16	17	19	20	23	24	25	26	28	
1	2	3	4	5	6	7	8	9	10	12	13	14	15	16	17	18	22	24	25	26	27	29	
2	3	4	5	7	8	9	11	12	13	14	15	16	17	18	19	20	21	22	24	25	26	27	29	
0	3	4	6	7	8	9	10	11	12	13	17	18	19	20	21	22	23	24	25	26	27	28	29	
0	1	4	5	8	9	11	12	13	14	15	16	17	18	20	22	23	24	25	26	27	28	29	
0	1	2	4	5	8	9	11	12	14	15	16	17	18	19	20	21	23	24	25	26	28	
0	2	3	4	5	6	8	9	10	12	13	14	15	16	17	19	20	21	22	24	26	27	28	29	
0	1	2	4	5	6	9	10	11	12	13	15	17	19	21	22	25	26	27	28	29	
0	1	2	3	4	5	7	10	11	12	13	15	16	17	18	19	20	21	23	25	26	27	28	29	
0	1	2	3	4	5	6	8	10	11	12	13	14	15	16	17	19	21	22	23	24	25	27	29	
0	4	5	6	7	8	9	10	11	12	14	15	16	18	19	21	22	23	24	25	27	28	29	
1	2	3	4	6	7	8	10	11	12	14	15	16	20	21	22	23	24	25	26	27	28	29	
1	3	4	5	6	8	9	10	11	12	13	14	15	16	17	18	19	20	21	23	25	26	28	29	
1	2	5	6	9	10	11	12	13	14	15	16	17	18	19	20	22	24	25	26	27	28	29	
0	2	3	4	7	8	10	11	12	13	14	16	17	19	20	22	24	25	26	27	28	29	
0	2	3	4	5	7	8	10	11	12	13	16	18	19	21	23	24	25	26	28	29	
1	2	3	7	8	9	11	12	14	15	16	17	18	19	20	21	22	23	24	25	26	
1	2	3	5	6	7	8	9	10	11	12	13	14	15	17	18	20	23	24	25	27	28	
0	2	3	4	5	6	7	8	9	10	11	13	14	15	16	17	18	19	21	22	23	25	27	28	
0	1	2	4	5	6	8	9	10	12	13	14	15	16	18	19	20	21	22	23	24	25	27	29	
0	1	2	3	4	7	10	11	12	13	14	15	16	17	19	21	23	24	27	28	29	
0	1	3	4	5	6	7	8	9	11	12	13	15	17	18	19	21	23	25	26	27	28	29	
0	2	5	6	7	8	9	12	13	14	15	16	17	19	21	23	24	25	27	28	29	
1	2	4	5	6	7	8	9	10	12	15	16	17	18	19	20	21	22	23	24	25	26	28	29	
1	2	4	5	6	7	8	9	10	11	12	13	14	16	17	18	19	20	22	23	24	26	27	28	
0	1	2	3	4	7	8	9	10	13	14	15	16	18	19	20	21	22	24	26	27	29	
0	1	2	3	4	5	6	7	8	9	10	12	13	14	15	16	18	19	20	21	23	28	29	
0	1	3	4	6	7	9	10	11	12	13	14	15	16	19	20	22	23	24	26	27	
2	3	4	5	6	8	9	10	11	12	13	14	15	16	18	19	20	22	23	24	27	29	
1	2	3	5	6	7	8	9	10	11	12	15	16	18	19	20	21	23	25	26	28	29	
0	1	2	3	4	5	6	7	8	9	10	11	13	15	16	17	18	20	22	23	26	28	29	
0	1	2	3	4	7	8	9	10	11	12	13	14	15	17	18	22	23	24	25	26	28	29	
0	1	2	3	5	7	8	9	10	11	12	13	14	15	16	17	18	19	20	22	23	25	26	27	
0	1	2	3	5	8	9	10	13	14	15	16	17	18	19	20	21	23	24	26	27	29	
0	1	2	3	5	6	7	8	9	10	11	13	14	16	19	20	21	22	23	24	25	26	27	29	
0	4	5	6	7	9	10	11	12	13	17	18	19	21	22	23	24	25	26	27	29	
1	2	4	5	6	8	10	11	12	13	14	15	16	18	19	23	24	25	26	27	28	29	
1	3	4	5	6	7	8	9	11	12	13	15	16	17	18	21	23	26	27	28	29	
1	2	3	5	6	7	8	9	10	11	12	15	18	19	20	21	22	24	25	26	27	28	29	
1	3	6	7	8	10	12	13	14	15	17	18	19	22	23	24	25	26	27	28	29	
1	2	4	5	6	7	8	9	12	13	14	16	17	18	19	20	21	22	23	24	27	28	29	
0	1	2	6	7	8	9	10	11	12	14	16	17	18	20	21	23	24	26	27	29	
0	2	3	5	7	9	10	11	12	13	15	16	17	18	20	21	22	23	24	25	26	27	28	29	
0	1	3	5	6	7	8	10	12	13	14	15	16	17	18	19	20	22	23	25	26	27	28	29	
1	2	3	5	6	8	9	10	11	12	13	14	15	16	17	18	19	20	21	22	23	25	26	29	
0	2	3	4	5	6	7	8	9	10	11	12	13	14	15	18	20	21	22	23	24	25	27	28	
0	1	4	5	7	8	9	13	14	17	18	19	20	21	22	23	24	25	26	28	29	
1	2	3	4	5	7	8	9	11	12	14	15	16	17	19	20	21	22	23	24	26	27	28	29	
0	1	3	4	5	6	7	8	10	12	13	14	17	18	20	21	22	23	24	25	26	27	28	29	
0	1	2	3	4	5	6	8	9	10	12	14	16	17	18	19	21	22	23	24	26	28	29	
0	2	3	4	5	6	10	11	12	14	15	16	17	18	21	23	24	25	27	28	29	
1	2	3	4	5	6	7	8	12	13	15	17	18	19	20	22	23	25	26	27	28	
1	2	3	4	5	6	7	9	10	12	13	15	16	17	18	19	20	21	22	23	24	25	28	29	
1	4	5	7	8	10	11	12	14	15	16	18	19	20	23	24	25	26	27	28	29	
0	1	4	6	7	8	10	11	12	13	14	15	17	19	21	24	25	26	27	28	29	
3	4	5	6	7	8	10	11	13	14	16	17	18	19	21	22	24	25	27	28	29	
1	2	3	4	6	7	9	10	11	13	14	15	16	17	18	20	21	22	23	24	25	26	
0	1	2	3	4	6	7	8	9	10	12	13	15	17	18	19	20	23	24	27	28	29	
0	1	2	3	6	7	8	9	10	12	13	14	15	17	18	23	24	25	27	28	29	
0	1	3	4	6	7	8	9	11	12	13	14	15	16	17	18	20	21	23	24	25	28	29	
1	2	3	4	5	6	7	8	9	11	12	13	15	17	18	19	21	22	24	25	26	27	28	29	
0	1	2	4	5	6	9	10	11	12	13	15	16	18	20	21	22	23	26	27	28	
0	1	2	4	5	8	9	10	11	13	14	16	17	18	19	20	22	23	24	25	26	27	28	
0	1	2	3	4	5	6	7	8	9	10	11	12	13	14	16	17	21	23	24	25	26	29	
0	1	2	3	4	5	6	8	9	10	11	13	14	17	18	21	22	23	24	25	26	28	29	
0	1	2	3	4	5	6	7	8	9	11	12	13	17	19	20	21	22	23	24	25	26	27	29	
0	1	3	4	6	8	10	11	12	13	14	16	17	19	20	21	22	23	24	26	29	
0	1	2	3	5	7	8	10	14	16	18	19	20	21	22	23	24	25	26	27	28	29	
2	3	6	7	8	9	11	12	13	14	15	16	17	18	19	20	21	23	24	25	26	27	29	
1	2	3	5	7	8	9	10	11	12	13	14	15	17	18	19	22	24	25	26	27	28	
0	1	3	4	6	7	9	10	11	13	14	15	16	17	18	19	21	22	24	25	26	27	28	29	
0	1	2	3	5	6	7	8	9	10	11	12	14	17	18	19	20	22	24	26	27	28	29	
0	1	2	3	4	5	7	8	9	10	12	13	14	15	17	18	19	21	24	25	26	27	28	29	
0	1	2	4	6	7	9	10	11	12	13	15	17	18	19	20	22	23	24	26	27	28	29	
0	1	3	4	5	6	7	9	10	11	12	13	15	17	19	21	23	24	27	28	29	
0	1	5	7	8	9	10	11	14	16	17	18	20	21	23	24	25	26	27	28	29	
0	1	2	3	4	5	6	8	9	11	12	13	14	16	17	18	19	20	22	25	26	28	29	
0	1	2	3	4	6	7	8	9	11	12	13	14	15	17	18	19	20	21	24	25	26	28	29	
1	3	4	6	7	9	10	11	12	13	14	15	16	17	18	20	21	22	23	26	29	
1	2	3	4	5	6	7	8	10	11	13	16	17	18	19	20	22	23	24	25	26	27	28	29	
0	1	2	3	4	6	7	8	10	11	13	15	16	17	18	19	20	21	22	23	24	25	27	29	
0	1	2	3	4	5	7	8	11	12	13	14	15	16	19	20	21	22	23	25	26	27	28	
0	2	3	6	7	8	9	10	11	12	13	15	17	19	20	22	24	25	26	28	29	
0	1	2	4	5	6	8	9	12	13	15	16	17	19	20	21	22	23	24	26	27	28	29	
0	1	2	3	4	5	7	10	11	13	15	16	17	18	19	20	21	22	25	26	27	28	
1	2	6	7	8	9	10	12	13	14	15	16	18	19	21	22	23	24	25	26	28	29	
0	2	4	5	8	9	10	11	12	15	16	18	19	20	21	22	23	24	25	26	27	28	29	
0	2	3	4	5	7	8	10	11	12	13	14	15	16	17	18	19	22	23	24	25	26	29	
1	2	3	4	6	7	8	9	11	12	13	14	16	17	18	21	22	23	24	26	27	28	
0	1	2	3	5	6	7	8	9	10	11	12	13	15	16	18	19	20	22	23	25	26	28	29	
1	3	4	6	7	8	9	10	13	14	15	16	17	18	19	20	21	22	24	25	26	27	28	29	
0	1	2	4	5	6	7	9	10	11	13	16	17	19	20	21	22	23	24	25	27	28	29	
1	2	3	4	5	6	7	8	10	14	15	16	18	19	20	21	22	25	26	28	29	
0	2	3	4	5	6	7	8	10	11	12	14	15	16	17	18	20	22	23	24	25	26	27	29	
0	1	4	5	7	8	9	10	11	12	15	16	17	18	19	20	21	22	23	26	27	28	29	
0	1	2	3	6	8	10	11	12	13	16	17	19	20	21	22	23	24	25	26	27	28	
1	2	3	4	5	6	8	11	12	13	15	16	17	18	19	20	22	23	25	26	28	29	
0	1	3	4	6	8	10	11	12	13	14	16	18	19	20	21	22	23	24	26	27	28	
0	1	2	3	4	6	7	8	9	10	11	12	13	15	18	19	20	21	23	24	25	26	28	29	
0	1	3	6	9	10	11	13	14	15	16	17	18	19	22	24	25	26	27	28	29	
0	1	3	4	5	6	7	8	9	10	11	13	14	15	16	18	19	23	24	27	28	29	
0	1	2	3	4	5	6	8	9	11	12	13	14	15	17	18	19	20	23	25	26	27	28	29	
2	5	6	7	8	9	10	11	12	13	14	15	18	19	20	21	22	23	24	25	26	27	29	
0	4	5	6	7	8	9	10	12	13	14	17	18	19	20	21	22	24	26	28	29	
0	2	3	7	8	9	10	11	12	13	16	17	18	20	21	22	23	25	26	27	28	29	
0	1	3	5	6	8	9	11	12	14	16	17	18	19	20	23	24	25	26	27	29	
0	1	2	3	4	5	6	7	9	11	15	17	18	20	21	22	23	24	25	26	28	
0	1	2	3	4	5	6	7	9	10	11	12	13	14	19	20	21	23	25	26	28	
0	1	4	5	6	7	8	9	10	11	15	17	18	19	20	23	24	26	27	28	29	
0	1	2	3	4	5	6	7	8	9	10	11	13	15	16	19	20	21	22	23	24	27	28	29	
1	2	3	4	5	6	7	8	9	11	13	15	16	17	18	20	22	23	25	26	28	29	
0	1	2	3	4	5	6	9	10	11	12	13	14	15	17	18	19	20	21	22	23	26	27	29	
0	1	2	3	4	5	8	12	16	17	18	19	20	21	22	23	24	26	27	28	29	
0	1	2	3	4	5	6	8	9	10	12	13	15	17	18	19	20	22	25	26	27	28	
0	1	4	5	6	7	8	9	13	14	15	16	17	18	20	21	22	23	24	25	26	28	29	
0	3	4	5	6	7	8	9	10	11	12	13	14	15	16	18	20	22	23	24	25	26	27	28	
0	2	3	4	5	6	7	9	10	11	12	14	15	16	17	18	19	20	21	23	24	26	27	29	
0	1	3	5	7	8	9	10	11	12	13	15	16	17	18	20	21	22	23	24	25	27	28	29	
0	1	3	4	5	6	8	9	12	13	14	15	16	18	20	22	23	24	25	26	29	
0	1	2	4	7	8	9	10	11	12	14	15	16	17	18	19	20	22	23	25	26	27	28	29	
0	1	2	3	4	5	6	7	8	9	11	12	13	14	15	18	19	20	21	23	24	28	
1	2	3	4	5	6	7	8	9	10	11	13	14	16	17	18	20	21	22	24	25	26	27	29	
0	1	2	3	5	6	7	8	11	12	13	15	16	18	19	20	21	23	24	26	27	
0	3	5	6	7	8	9	11	12	13	14	15	16	17	18	20	21	22	23	24	26	27	29	
0	1	2	3	4	5	7	8	9	10	11	12	14	15	16	17	18	19	20	22	25	26	27	
0	1	2	6	7	8	9	10	12	14	16	17	18	20	22	23	24	25	26	28	29	
0	1	2	4	5	7	9	10	11	14	15	17	18	19	20	21	22	23	24	25	27	
0	1	2	3	4	5	8	10	11	12	13	14	15	16	17	18	20	21	22	23	25	26	27	29	
1	2	3	4	6	7	8	9	10	12	14	15	17	18	19	20	21	22	23	24	25	27	29	
0	1	2	3	4	5	6	7	8	9	11	12	13	14	16	17	18	19	20	21	22	23	26	27	
0	1	2	3	5	6	7	9	10	11	12	14	15	16	17	18	19	20	21	22	26	27	28	29	
1	3	4	7	8	9	10	11	12	13	17	18	19	20	22	23	25	26	27	28	29	
0	2	3	4	6	7	8	9	10	11	12	13	14	15	17	19	20	21	22	23	24	25	27	28	
0	2	3	4	5	6	7	8	10	12	13	14	15	16	17	18	19	21	22	24	25	26	27	29	
0	1	2	4	5	6	8	10	12	13	14	15	17	19	20	22	23	24	26	27	28	
1	2	3	4	5	7	8	10	11	12	13	15	16	17	19	20	22	23	24	25	26	27	29	
2	3	5	6	7	11	12	14	15	16	17	18	19	21	22	23	24	25	26	28	29	
0	1	4	5	7	8	9	10	11	12	14	15	16	17	18	19	22	23	24	25	26	27	29	
1	2	3	5	6	8	9	10	12	13	14	15	16	17	18	19	20	21	24	25	26	27	29	
0	1	2	3	4	5	6	7	10	11	12	13	14	15	17	18	21	23	24	26	29	
0	1	2	3	6	7	8	10	12	13	14	15	16	17	18	19	20	21	25	28	29	
1	2	4	5	6	8	9	10	11	12	14	15	16	17	18	19	20	21	22	23	25	26	29	
0	2	4	6	7	8	10	12	13	16	17	18	19	20	21	22	23	25	26	27	28	29	
0	1	2	3	5	6	7	10	11	12	13	14	15	16	17	18	19	20	21	23	24	25	26	28	
0	1	2	3	5	6	8	10	11	13	15	16	17	18	19	20	21	22	23	24	25	27	28	
0	1	2	4	5	6	7	8	9	11	12	13	14	15	18	19	22	23	24	25	27	28	29	
0	2	3	6	8	10	11	12	14	15	16	17	18	19	20	21	22	23	24	25	26	27	28	
2	3	5	6	7	8	9	12	14	15	16	17	19	20	22	23	24	25	26	27	28	
0	1	3	4	7	8	9	10	11	12	13	14	15	16	17	19	20	21	22	23	25	29	
0	1	2	3	6	7	8	9	10	11	12	13	14	16	17	19	20	22	23	24	25	26	27	29	
1	2	3	5	6	7	8	9	10	14	15	17	18	19	20	21	23	24	25	26	27	29	
0	3	4	5	6	9	10	11	14	16	17	18	20	21	22	23	24	25	27	28	29	
0	1	3	5	6	7	10	12	13	14	15	16	17	18	20	21	22	23	24	25	26	27	29	
0	1	2	3	5	6	7	8	9	10	11	14	16	17	18	19	21	23	24	25	26	27	28	29	
0	1	2	3	4	6	7	8	10	11	12	13	15	18	19	20	21	23	24	26	27	28	
0	3	4	6	7	8	9	10	11	13	15	16	17	18	19	20	21	22	23	24	25	27	28	29	
1	2	3	4	5	6	7	8	9	11	12	13	14	15	16	17	19	20	22	23	24	26	29	
3	4	5	6	7	8	12	13	15	16	17	18	20	22	23	24	25	26	27	28	29	
0	2	3	5	7	8	9	10	12	13	14	16	17	19	20	21	22	23	24	25	26	28	29	
0	1	2	3	4	5	6	11	12	13	14	16	17	18	20	21	22	23	24	25	28	
1	2	3	4	6	7	8	9	10	11	12	13	14	15	23	24	25	26	27	28	29	
0	2	3	4	5	7	8	9	10	12	13	16	17	19	20	21	23	24	25	26	28	
1	2	4	5	6	8	10	11	12	13	14	15	16	19	20	21	22	24	25	26	27	28	
0	1	3	4	5	6	7	8	9	11	12	13	14	15	18	19	20	21	26	27	29	
0	1	3	4	5	6	7	8	9	12	13	14	16	17	18	19	20	21	22	23	24	27	29	
0	1	2	3	4	5	7	9	10	13	14	17	18	19	20	21	22	24	25	26	27	29	
0	1	2	3	4	5	7	9	10	13	16	17	18	19	20	21	22	23	24	25	27	28	29	
0	1	2	4	5	6	9	13	14	15	16	17	18	19	20	21	22	23	26	27	28	29	
0	1	3	6	7	8	9	10	11	12	14	16	17	18	19	20	23	24	25	26	27	28	29	
1	2	3	4	5	6	7	8	9	10	11	13	14	15	16	17	18	19	20	23	24	26	27	
1	2	3	4	5	6	8	9	11	14	15	17	19	20	21	22	23	24	25	26	27	28	
0	1	3	4	5	6	7	8	9	10	11	12	15	17	19	20	21	22	23	24	25	27	28	29	
2	3	4	5	6	7	8	9	12	13	16	17	18	19	20	21	24	25	26	27	28	
0	1	2	3	4	5	6	12	15	16	17	18	19	20	22	23	24	26	27	28	29	
2	3	4	5	6	8	9	10	11	12	14	15	16	18	19	20	22	23	24	25	26	28	29	
0	1	2	3	4	5	7	9	11	12	13	14	15	17	18	19	21	22	24	25	26	27	28	29	
0	2	3	4	7	8	10	12	13	15	17	18	19	20	21	22	23	24	25	26	27	28	
0	1	3	5	6	7	11	12	13	14	15	16	18	19	20	21	22	23	25	26	27	28	29	
0	1	2	4	5	6	7	8	9	10	11	12	13	14	16	17	21	22	23	24	25	26	27	
0	1	2	3	4	6	9	10	11	12	13	15	16	17	18	19	20	21	22	24	26	29	
0	2	3	5	7	8	10	11	12	13	14	15	17	18	19	20	21	22	24	25	26	27	28	29	
0	1	2	3	4	6	7	8	11	12	13	14	15	17	19	20	21	22	23	24	26	27	28	29	
0	1	2	3	4	7	8	9	12	13	15	16	17	18	19	21	23	24	25	26	29	
0	1	2	3	4	5	6	7	9	11	13	14	16	17	18	19	20	21	24	25	26	27	
1	3	4	5	6	7	9	10	12	13	14	15	18	19	21	23	24	25	26	27	28	29	
0	1	2	3	4	5	7	8	9	10	11	12	13	14	15	16	19	20	21	23	24	25	27	29	
0	1	2	3	4	6	7	8	9	10	11	13	14	17	18	20	21	24	25	26	27	29	
0	1	2	4	5	6	7	8	9	10	12	15	17	18	19	20	21	22	23	24	25	27	28	29	
1	2	3	4	5	6	7	8	9	10	11	13	17	18	19	20	22	25	26	28	29	
0	1	2	3	4	6	7	8	9	10	11	12	13	14	16	17	19	21	24	25	26	27	
0	1	3	5	7	9	10	11	12	13	14	15	16	18	19	20	21	22	23	24	28	
0	2	3	4	5	6	7	8	11	14	15	16	17	19	20	21	23	24	25	26	27	28	29	
0	2	3	4	5	6	7	8	9	10	12	15	16	17	19	20	22	23	24	25	26	27	28	29	
0	3	4	5	6	7	8	9	10	12	14	15	16	18	20	21	24	25	26	28	29	
1	2	3	4	5	6	7	8	9	11	12	14	15	16	18	21	23	25	26	27	28	29	
0	1	2	3	5	7	8	9	10	11	12	14	15	16	17	18	19	22	25	26	27	28	29	
2	3	4	5	6	7	8	9	10	11	14	16	17	18	21	22	23	24	25	26	27	28	29	
0	1	2	3	4	5	6	7	8	10	11	13	14	15	16	17	18	19	20	23	24	25	27	29	
0	1	3	4	5	6	7	8	9	10	12	14	15	16	17	20	21	22	23	24	25	26	28	
0	1	2	4	5	6	8	9	10	12	16	17	18	19	20	21	22	23	24	26	27	28	29	
0	1	3	4	6	7	10	12	14	15	17	18	19	20	22	23	24	26	27	28	29	
0	1	2	3	6	7	8	9	13	14	15	17	18	19	20	23	24	25	26	27	28	29	
0	1	2	4	5	8	9	10	11	12	13	14	15	16	17	19	20	22	23	24	25	26	27	28	
0	1	2	4	5	6	7	8	10	13	14	15	16	17	18	19	20	21	22	23	24	27	29	
0	3	4	5	6	8	10	11	12	13	14	15	16	20	21	22	24	25	26	27	28	
0	1	2	4	5	6	7	8	9	12	14	15	17	18	19	20	21	22	23	24	25	27	28	29	
0	1	2	4	7	8	12	13	15	16	17	18	19	20	21	22	23	24	26	27	28	29	
0	1	2	4	5	6	7	8	9	10	13	14	16	17	23	24	25	26	27	28	29	
0	2	3	6	7	8	10	11	12	13	14	15	16	18	20	22	23	24	25	26	27	28	
0	1	2	3	4	5	6	8	9	10	12	13	15	17	18	20	21	22	23	25	26	27	28	29	
0	1	2	3	9	10	11	12	13	14	15	16	17	18	19	20	21	22	25	26	27	28	29	
0	1	2	4	5	6	7	8	9	10	11	12	13	14	15	17	18	19	22	23	24	25	26	28	
1	2	3	5	6	7	10	12	13	14	15	17	18	19	21	22	23	24	25	26	27	28	29	
2	3	4	5	6	7	9	10	11	12	13	14	16	17	18	19	21	22	24	25	26	28	29	
0	1	3	4	5	6	9	10	11	13	14	15	16	17	18	19	20	21	23	24	25	26	29	
3	5	6	8	9	10	11	12	13	14	15	16	17	18	19	20	21	22	23	24	25	28	29	
0	1	2	5	6	8	9	10	12	13	14	15	17	20	21	22	23	24	25	26	27	28	29	
0	2	3	4	6	7	9	10	11	14	15	17	19	20	21	22	23	24	25	26	27	29	
0	2	3	5	6	7	9	11	12	13	14	15	16	17	18	19	20	22	23	26	27	29	
2	3	4	5	6	7	8	9	10	11	12	13	16	18	19	20	22	23	24	26	28	29	
1	2	3	4	5	6	9	11	13	15	16	18	19	20	21	22	23	24	25	26	28	
1	2	3	4	5	6	8	9	10	11	13	14	15	19	20	21	22	23	24	25	26	27	28	29	
0	1	2	4	7	9	10	11	12	13	14	16	17	18	19	20	21	22	23	25	26	27	28	29	
0	1	2	3	6	7	8	9	10	12	16	17	18	19	20	21	22	23	24	26	27	28	29	
0	1	2	3	5	6	7	8	9	11	13	14	16	17	18	19	22	23	24	26	27	29	
2	3	4	5	6	7	8	9	11	12	13	14	15	16	17	18	19	22	24	28	29	
0	1	2	3	4	5	7	8	11	12	13	15	16	17	18	19	20	21	22	23	25	29	
0	1	2	3	4	5	7	8	9	10	12	13	14	17	18	19	21	24	25	26	27	28	29	
0	4	5	6	7	8	9	10	11	12	13	14	15	17	18	19	20	22	23	25	26	27	28	29	
1	2	3	4	5	7	8	9	10	11	12	14	15	16	17	18	20	21	22	24	26	27	28	
0	3	4	7	8	10	11	12	13	14	15	16	17	19	20	21	23	24	26	27	29	
0	1	2	3	4	6	7	9	10	11	12	13	14	15	16	19	21	22	24	25	26	27	28	29	
0	2	3	4	6	7	8	10	11	12	15	16	19	20	21	23	25	26	27	28	29	
0	1	4	5	6	7	8	9	11	13	15	16	17	19	20	21	22	25	26	27	28	
3	4	5	6	7	9	10	12	13	14	15	16	17	18	19	20	21	22	23	24	25	27	28	
1	3	4	5	6	7	8	10	11	12	13	14	16	17	18	20	21	23	25	26	28	29	
1	2	5	7	8	10	11	13	14	15	16	17	18	20	21	24	25	26	27	28	29	
0	2	4	5	6	7	9	12	13	14	15	16	18	20	21	23	24	25	26	27	28	29	
0	1	2	3	4	5	6	8	11	12	13	14	15	17	18	19	20	21	22	23	24	25	26	29	
0	1	2	3	4	5	6	8	11	13	14	15	17	18	19	20	23	25	26	28	29	
0	3	4	5	7	8	9	10	11	12	13	14	15	16	17	20	21	22	23	24	25	29	
0	1	2	3	4	6	7	8	9	10	12	13	14	15	16	17	19	20	21	23	25	26	27	29	
1	2	3	7	8	9	10	11	12	14	15	16	17	18	20	21	23	24	25	26	27	29	
0	1	2	3	5	6	7	9	12	13	14	15	16	17	18	19	21	23	24	26	28	29	
0	1	5	6	7	9	10	11	12	13	15	16	17	18	20	22	23	24	25	26	27	28	29	
0	2	3	4	5	6	7	9	11	13	14	15	16	17	18	20	21	22	23	25	27	28	29	
2	3	4	5	6	7	8	9	11	12	14	15	17	18	19	21	23	24	25	26	29	
0	1	2	3	4	6	8	9	11	13	14	15	16	18	19	20	21	22	23	26	28	29	
1	2	3	5	6	7	9	10	11	13	16	17	19	20	21	22	24	25	26	28	29	
0	1	2	3	4	5	6	9	10	12	13	14	15	16	18	20	21	22	24	25	26	27	29	
0	1	2	3	4	5	7	8	9	10	11	12	14	15	16	17	18	19	20	21	22	23	25	26	
1	2	4	5	6	8	9	10	12	13	14	15	16	17	18	20	21	22	24	25	27	28	29	
1	2	3	4	5	6	8	10	11	12	13	15	16	17	18	19	21	22	23	26	27	28	29	
0	1	2	3	4	5	6	7	8	9	10	12	14	15	17	18	19	21	23	24	25	26	28	29	
0	1	2	3	4	6	7	8	9	10	12	13	14	17	18	20	21	22	23	24	26	27	
0	1	2	3	4	5	7	8	11	12	13	14	15	16	17	18	19	20	21	22	24	25	28	
1	2	3	4	6	7	8	10	12	13	14	17	19	20	21	22	23	24	25	26	27	28	29	
1	2	4	5	6	8	9	10	11	12	13	14	18	19	21	22	24	25	26	27	28	
0	1	2	6	7	9	10	12	14	15	16	17	19	21	22	24	25	26	27	28	29	
0	1	2	3	5	6	7	8	10	11	12	13	14	15	17	19	20	21	22	23	24	25	27	28	
0	4	5	6	8	10	11	12	13	14	17	18	19	20	21	22	23	24	25	27	28	29	
0	1	2	3	5	7	9	10	11	12	14	15	17	18	19	22	23	24	25	26	27	28	29	
2	3	4	5	7	9	10	11	12	13	14	15	17	18	19	21	22	24	25	28	29	
1	2	3	4	6	7	8	9	10	11	14	15	16	17	18	21	22	23	24	25	26	27	28	29	
1	2	3	5	6	7	8	11	12	13	14	15	16	17	19	20	21	22	24	25	26	27	28	29	
0	1	2	3	4	7	8	9	12	13	14	15	16	17	18	21	22	23	24	25	27	
0	1	3	4	5	8	9	10	11	13	14	15	17	19	20	21	22	23	24	26	27	28	
0	3	4	5	6	7	8	10	11	12	13	15	16	17	18	19	21	22	23	26	27	29	
0	1	2	3	5	7	8	9	10	12	14	15	16	17	18	19	21	23	25	26	27	28	29	
1	2	3	4	5	6	7	8	9	10	11	12	13	14	18	20	21	22	23	24	25	28	
1	2	3	4	5	6	7	8	10	11	12	13	14	15	17	18	22	23	24	25	28	
0	1	4	5	6	8	9	12	13	14	15	17	18	19	20	21	22	23	25	26	27	28	29	
0	1	2	3	4	5	6	7	8	10	11	12	14	15	16	17	18	20	22	23	24	26	28	29	
0	1	2	4	5	6	7	8	10	12	13	14	15	17	19	20	21	22	23	24	27	
1	2	4	6	7	8	9	10	11	12	13	14	16	18	19	21	22	25	26	27	28	29	
1	3	5	6	7	8	9	10	11	12	14	15	17	18	19	20	21	23	24	25	26	27	28	29	
0	1	2	3	6	7	8	10	11	12	13	15	16	18	20	21	22	25	26	27	28	
1	3	4	5	8	9	10	11	12	13	14	16	17	18	19	20	22	23	26	27	28	
2	5	6	7	8	9	10	12	13	14	15	17	18	19	21	22	23	24	25	26	27	28	29	
0	1	3	4	5	6	7	8	9	10	11	12	13	15	16	17	19	21	22	23	25	27	28	29	
0	1	2	3	4	5	7	8	11	14	15	16	17	19	20	22	24	25	26	27	28	
1	2	3	5	6	7	9	10	11	13	15	16	17	20	22	23	24	26	27	28	29	
0	1	2	3	4	5	6	8	10	11	14	16	17	18	19	20	21	23	24	25	26	27	28	29	
0	2	3	4	5	8	9	11	12	13	14	15	19	20	21	22	24	25	26	27	29	
0	3	4	5	6	8	9	10	11	12	13	15	16	18	19	21	22	23	24	25	26	27	28	29	
0	2	3	4	6	7	8	9	11	12	13	14	16	17	18	19	20	22	23	25	26	27	28	
1	2	4	6	7	8	9	10	11	12	14	15	16	17	18	19	21	22	23	24	28	
1	2	3	4	5	6	7	8	9	12	16	17	18	19	20	21	22	23	24	25	28	29	
0	1	2	3	4	6	8	9	10	11	12	13	14	15	17	18	19	20	22	25	26	28	
0	1	2	3	5	7	9	10	12	13	16	17	18	19	20	21	22	23	24	25	26	27	29	
0	1	2	4	6	7	8	10	11	12	13	14	15	18	19	20	21	22	23	25	27	28	29	
1	2	3	4	7	8	9	11	12	13	14	15	16	18	19	20	21	22	24	25	27	28	
1	2	4	9	10	11	12	13	15	16	17	18	19	20	21	22	23	24	25	27	28	29	
0	2	3	5	7	8	9	11	13	14	15	16	17	18	20	21	23	24	25	27	28	29	
0	1	3	4	6	7	8	9	10	11	16	18	19	20	21	22	23	25	26	27	28	29	
1	3	4	5	6	8	9	10	12	14	15	16	17	19	20	21	23	24	25	26	27	28	29	
0	3	4	5	6	8	9	10	11	12	13	14	15	17	18	19	20	21	22	23	26	27	29	
0	1	2	4	5	6	8	9	10	12	13	14	15	18	19	21	22	23	24	26	27	28	29	
2	3	4	5	6	7	8	10	12	13	14	15	16	17	18	20	21	22	27	28	29	
1	2	3	4	5	6	8	9	10	12	13	14	15	16	17	19	20	22	23	24	26	27	29	
0	1	2	4	5	6	8	9	10	11	12	13	15	17	18	19	20	22	24	25	26	27	29	
0	1	2	3	5	7	8	9	10	11	13	14	15	16	17	18	19	20	21	22	23	25	28	29	
2	3	4	5	6	7	8	10	12	14	15	16	17	18	19	20	21	23	24	25	26	27	28	29	
1	2	4	5	7	8	9	10	11	12	13	15	17	18	19	20	21	23	24	25	26	27	28	
0	1	3	4	6	7	8	9	12	13	14	16	17	18	19	21	22	23	25	26	27	28	29	
1	2	3	6	8	9	10	12	13	14	15	18	20	21	22	23	24	25	26	28	29	
0	1	2	4	5	6	7	9	10	11	13	14	15	16	18	19	20	22	23	25	26	29	
0	1	4	5	6	7	8	9	10	11	14	15	16	17	19	20	21	22	24	25	26	27	28	29	
0	1	2	4	5	6	7	9	10	12	13	14	15	16	17	18	19	20	22	23	25	26	27	28	
1	2	3	5	6	9	10	11	12	13	15	17	18	20	21	22	23	24	25	27	28	29	
1	2	3	4	5	7	9	10	11	12	13	15	16	18	20	21	23	24	27	28	29	
1	2	3	4	5	7	8	9	11	12	13	14	15	16	17	19	20	21	23	24	25	26	27	29	
0	1	3	4	5	6	7	8	10	11	13	14	15	16	18	19	20	21	23	24	26	27	28	29	
2	3	4	5	6	7	9	10	12	14	16	17	18	19	20	21	23	24	25	27	28	
0	3	4	5	6	8	9	10	11	12	13	14	15	17	19	21	22	24	25	26	27	28	29	
0	1	2	3	4	6	7	8	10	11	13	14	16	17	18	19	20	21	22	23	25	26	27	
1	2	5	6	7	8	9	10	11	12	14	15	17	18	19	20	23	24	26	27	28	29	
0	1	2	4	5	6	7	8	10	11	12	13	17	18	19	20	21	22	23	26	27	
0	2	3	4	5	6	7	8	9	10	11	13	14	15	18	19	22	23	25	26	27	
1	2	3	4	5	6	7	8	9	10	11	13	16	17	20	23	24	25	27	28	29	
0	1	2	3	4	5	6	7	8	12	13	14	15	16	17	18	20	21	22	24	25	26	27	29	
0	2	5	6	8	11	13	14	15	16	17	18	19	20	21	22	24	25	27	28	29	
0	2	3	5	6	7	8	9	10	11	12	13	14	15	16	18	19	20	22	23	24	25	27	
0	2	4	6	7	8	10	11	12	13	15	16	17	18	19	21	22	24	25	26	27	28	29	
0	2	3	4	5	6	7	8	9	10	11	12	14	15	17	18	19	22	23	24	25	27	28	29	
0	2	3	5	6	7	8	9	11	12	14	15	16	17	20	21	23	24	25	26	27	28	29	
0	1	2	3	4	7	8	9	10	11	14	15	16	17	18	20	21	22	23	24	26	27	28	
0	1	2	3	4	6	7	8	9	10	11	12	13	15	16	18	20	22	23	25	26	27	28	29	
0	1	2	3	5	8	9	10	11	12	13	14	15	16	18	19	21	22	24	25	27	28	29	
0	2	3	4	5	7	8	9	12	13	14	15	16	17	18	21	22	23	25	27	28	29	
0	2	3	4	7	8	9	10	11	12	13	14	15	16	18	20	21	22	23	24	25	26	27	29	
1	4	5	6	7	8	9	12	13	14	16	18	20	21	22	23	24	25	26	27	28	29	
0	1	5	7	9	10	11	12	13	14	15	16	17	19	20	21	23	24	25	26	27	28	
0	1	2	3	4	5	6	9	11	12	13	15	16	18	20	22	23	24	25	27	28	29	
0	1	2	4	5	6	7	9	11	12	13	14	16	18	19	20	21	22	25	26	27	
0	1	2	3	4	6	8	9	10	12	13	14	15	16	17	18	20	21	22	24	25	26	27	
1	3	4	6	7	9	10	11	12	14	15	16	17	18	19	20	21	22	23	24	25	27	28	29	
0	2	4	5	6	8	9	10	11	12	15	16	17	18	21	24	25	26	27	28	29	
1	2	3	4	5	7	8	9	11	12	13	14	15	16	17	19	20	21	22	23	26	27	28	29	
0	1	2	3	4	5	6	7	10	11	14	15	16	17	19	20	21	22	23	24	25	26	
0	1	2	3	4	6	7	8	9	11	13	14	15	16	17	18	21	22	24	26	27	29	
0	3	4	6	7	8	9	10	11	12	13	15	16	17	18	19	20	22	23	24	27	
0	1	2	3	6	8	9	10	11	12	13	14	15	16	17	18	20	21	23	25	27	28	29	
1	2	3	4	5	6	7	8	9	10	11	12	13	14	15	16	18	19	20	22	25	27	28	29	
0	1	2	4	7	8	9	10	11	12	13	14	15	16	17	18	19	22	24	25	26	28	
0	1	2	3	4	6	8	9	11	12	13	14	15	16	17	18	20	22	23	24	25	26	28	
1	2	3	4	5	6	7	9	10	12	13	14	16	17	18	20	22	25	27	28	29	
0	1	2	4	5	9	10	11	12	13	14	15	16	18	20	21	23	25	26	27	28	
0	1	2	4	5	6	7	8	9	10	12	13	14	15	17	18	19	23	25	27	29	
1	2	3	4	5	7	9	10	12	13	14	15	18	19	20	22	23	24	25	26	27	28	29	
0	1	2	3	5	6	7	9	11	12	13	15	16	17	18	19	20	23	24	26	27	29	
1	3	4	6	7	8	9	10	11	12	13	14	15	17	18	19	20	21	22	23	24	25	29	
0	1	2	3	4	5	6	7	8	9	10	12	13	14	15	16	18	19	22	23	24	25	27	
0	1	2	3	4	5	9	10	11	12	13	14	15	16	17	18	19	20	21	22	25	26	27	28	
0	1	2	3	4	6	7	8	10	12	13	14	16	19	20	22	23	24	26	27	28	
0	1	2	5	7	8	9	10	12	13	14	17	18	19	20	21	22	23	24	25	27	28	29	
1	2	3	5	6	7	9	10	11	12	13	14	15	16	17	18	21	22	23	24	25	26	27	28	
2	3	4	6	7	8	9	10	11	12	13	14	15	16	20	23	24	25	26	27	28	29	
0	2	4	5	6	7	9	10	11	12	13	14	16	19	20	21	22	23	24	25	27	29	
0	1	4	5	6	7	10	11	12	13	14	15	16	17	18	19	20	21	22	24	25	27	28	29	
0	1	3	5	6	7	8	9	10	11	12	13	15	16	17	18	19	21	22	23	24	27	29	
1	2	3	4	5	6	7	8	9	10	11	12	15	16	17	18	19	20	21	22	23	24	25	28	
0	2	3	4	5	7	8	9	10	12	13	14	15	16	18	19	21	22	24	25	26	27	
0	1	2	4	5	6	7	8	9	10	12	14	16	18	20	21	22	25	26	27	28	29	
0	2	3	4	5	6	8	9	10	12	13	14	17	18	19	20	21	22	23	25	26	28	29	
0	1	2	3	4	5	6	7	8	9	10	12	13	14	15	16	17	18	19	20	22	24	27	28	
0	1	2	3	4	5	7	10	11	12	13	16	18	19	21	22	23	26	27	28	29	
0	1	2	3	4	6	7	8	10	11	12	13	14	17	20	21	23	24	25	27	29	
0	1	3	4	5	7	8	9	11	13	14	15	16	17	18	19	20	21	22	23	24	25	27	
0	2	4	5	6	7	8	10	11	12	13	14	15	16	18	20	21	22	23	25	26	28	29	
0	1	2	3	4	5	6	7	10	11	12	13	14	17	19	20	21	22	23	24	26	28	29	
0	1	2	4	5	7	8	10	11	12	13	14	16	17	18	19	20	21	22	23	24	27	28	29	
0	1	2	3	4	5	7	8	9	10	11	13	14	15	17	18	24	25	26	28	29	
0	2	3	4	6	7	8	10	11	13	14	15	16	17	18	19	20	21	22	25	27	28	29	
1	2	3	4	5	6	8	10	11	12	14	15	16	17	19	20	21	22	23	24	26	27	29	
0	2	3	4	5	7	8	9	10	11	12	13	14	15	16	17	18	20	21	22	23	25	27	29	
0	1	2	3	4	5	6	7	8	9	10	11	13	14	16	18	19	20	23	24	26	27	28	29	
0	1	3	4	5	6	8	10	11	12	14	15	17	18	19	20	21	22	23	24	25	28	
0	2	4	5	8	9	10	11	12	13	14	15	17	18	19	20	22	23	24	25	26	27	28	29	
0	1	2	6	7	9	11	13	14	15	16	17	18	20	21	22	23	24	25	26	27	28	29	
0	1	2	4	5	6	7	9	10	11	12	13	14	16	17	19	20	22	24	25	26	27	
0	1	2	3	4	5	7	8	9	10	13	14	15	17	18	21	22	23	24	26	28	29	
0	1	2	3	4	9	10	11	12	13	14	15	16	17	18	19	21	22	23	24	26	27	28	29	
0	1	3	4	5	6	8	9	10	11	12	14	15	16	17	18	19	20	22	24	25	28	
1	2	3	4	5	6	8	10	12	13	14	15	16	17	18	19	20	23	25	26	28	
1	3	4	5	6	7	8	9	10	11	13	14	15	16	17	19	20	21	22	24	25	26	28	29	
0	3	4	5	6	7	8	9	10	11	12	15	16	17	18	19	21	22	23	24	25	26	28	29	
0	1	4	5	6	7	8	10	11	12	13	14	16	17	18	19	20	21	23	24	25	27	28	29	
0	1	3	4	6	7	9	10	11	12	13	15	16	18	20	22	23	24	25	26	27	28	29	
0	1	2	3	4	6	7	8	10	12	13	14	15	17	18	19	21	23	24	25	27	28	29	
0	1	2	3	4	6	7	8	9	11	12	13	14	15	16	17	19	20	21	24	25	26	27	28	
0	1	2	3	4	5	6	8	9	10	13	14	15	17	18	19	20	22	23	24	25	26	27	28	
0	1	2	3	6	7	8	9	10	12	13	14	15	16	17	18	19	20	21	22	25	29	
0	1	4	5	7	8	9	10	11	12	13	15	16	17	19	20	23	24	25	26	27	29	
0	3	5	6	7	10	12	13	14	15	16	17	18	19	20	21	23	24	25	26	27	28	29	
0	1	3	4	6	8	9	10	11	13	14	15	16	18	19	20	21	22	23	27	28	29	
0	1	2	3	4	5	8	9	10	11	12	13	18	19	20	22	23	24	25	26	27	29	
0	1	2	4	7	8	9	10	12	13	14	16	17	18	19	20	21	22	23	24	25	27	28	29	
0	1	2	3	4	5	6	7	8	9	11	14	16	18	21	22	23	24	25	26	27	28	29	
0	2	3	4	5	6	7	8	9	10	12	13	14	15	17	18	21	23	24	25	26	27	28	29	
0	1	2	3	4	5	7	9	12	14	15	16	17	18	19	20	21	22	25	26	27	28	
2	4	5	6	7	8	9	11	12	13	15	16	17	19	21	23	24	26	27	28	29	
0	2	4	6	7	8	10	11	13	14	16	17	18	19	20	21	23	24	25	27	28	29	
0	3	4	5	6	7	8	9	10	11	13	15	16	18	19	20	21	22	23	24	25	26	27	29	
0	1	3	5	7	8	10	11	13	14	15	16	17	18	19	20	22	23	25	26	27	
0	1	2	3	4	7	8	9	10	11	12	13	15	16	18	19	21	22	24	25	26	27	28	
1	2	3	4	6	8	9	10	11	12	13	15	17	18	19	20	21	22	23	26	29	
0	1	2	4	5	6	8	9	10	12	15	17	18	19	20	21	23	24	27	28	29	
0	1	2	3	4	5	6	8	9	10	13	15	16	17	18	20	21	22	23	24	25	27	28	
0	1	3	5	6	7	8	11	12	13	15	16	17	19	20	21	22	23	25	27	29	
1	2	3	4	5	6	7	8	9	10	11	13	15	16	18	20	22	23	24	25	26	29	
0	1	2	3	4	6	7	8	11	12	14	15	16	17	18	19	20	21	23	25	27	28	29	
0	2	3	4	5	6	7	8	10	12	13	14	15	16	17	19	20	21	22	23	25	27	28	29	
0	1	2	4	5	6	7	10	11	12	13	14	15	16	17	19	20	22	23	24	25	26	28	29	
0	1	2	3	4	5	6	7	10	11	12	15	17	20	21	22	23	25	27	28	29	
0	2	4	5	6	7	10	11	14	16	17	18	19	21	22	23	24	25	26	27	28	29	
0	1	2	3	4	5	6	8	9	15	16	17	18	19	20	24	25	26	27	28	29	
0	1	2	5	6	7	9	10	11	12	13	15	18	19	20	21	22	23	24	25	26	27	28	29	
0	1	2	3	4	5	7	8	9	10	13	14	15	17	19	20	22	23	24	25	26	28	29	
1	2	3	4	6	7	10	13	14	15	17	18	19	20	21	22	23	25	26	27	29	
2	3	4	5	6	7	11	12	13	14	17	19	20	21	22	23	24	26	27	28	29	
1	2	5	7	8	9	10	11	12	14	15	16	18	19	21	23	25	26	27	28	29	
0	1	2	3	4	5	7	8	10	11	12	15	16	17	18	19	21	22	23	24	25	
0	1	2	3	5	7	8	10	11	12	15	16	17	18	19	20	21	23	24	25	26	27	28	29	
0	1	2	3	5	6	8	9	10	11	12	16	17	20	21	22	23	25	26	27	28	29	
2	3	4	5	6	7	8	10	11	13	15	16	18	19	21	22	23	24	25	26	27	28	29	
0	3	4	5	6	8	9	10	12	13	14	16	17	18	20	21	22	23	24	27	29	
0	2	4	5	6	7	9	11	13	15	16	17	18	19	21	22	24	25	26	27	28	29	
0	1	2	3	4	6	7	8	10	13	14	16	19	20	21	22	23	24	26	27	28	29	
0	1	2	3	4	6	8	10	11	14	15	17	18	19	20	21	23	24	25	26	27	28	29	
0	2	3	4	5	6	7	8	11	12	13	14	15	17	18	19	21	22	24	26	27	28	29	
0	1	2	3	4	5	7	8	10	11	14	15	18	19	21	22	23	24	25	26	27	28	29	
0	1	2	3	4	7	8	9	10	11	12	14	15	16	17	18	19	21	22	24	25	27	28	29	
1	2	3	5	6	7	8	9	10	12	14	16	18	19	20	22	23	24	25	26	27	29	
1	3	4	9	10	11	12	13	14	15	16	17	19	20	21	22	23	24	25	26	28	
2	3	4	5	6	7	8	9	11	12	13	14	15	16	17	19	20	21	23	24	25	26	27	29	
1	2	3	5	7	9	10	11	12	14	15	16	17	18	19	20	21	22	24	25	27	29	
0	1	2	3	4	6	7	9	10	12	14	15	16	17	18	19	20	21	22	24	25	27	28	29	
1	2	3	4	5	6	7	8	9	11	13	14	16	17	18	19	20	21	23	24	25	26	28	29	
0	1	2	3	6	7	8	9	10	11	12	13	14	17	18	19	20	21	22	24	26	28	
0	1	2	3	4	5	6	7	9	10	11	12	13	14	16	19	20	21	22	24	25	27	28	29	
0	1	2	4	5	6	8	9	10	11	12	13	14	15	16	17	18	20	24	25	26	27	28	29	
0	1	3	4	5	8	9	11	12	13	14	15	17	19	20	21	22	23	24	25	26	27	28	
2	3	4	8	9	10	11	12	13	14	16	17	18	19	20	22	23	25	26	27	28	29	
0	2	6	7	8	9	10	11	12	13	14	15	16	17	18	19	20	22	23	25	27	28	29	
0	2	3	4	5	6	9	11	12	13	14	15	17	18	19	20	23	24	25	26	28	29	
0	1	2	3	4	5	7	8	9	10	11	13	15	16	17	21	22	23	24	25	26	27	29	
0	1	2	3	4	5	8	10	11	12	13	14	15	18	19	20	21	23	24	25	29	
1	2	3	4	5	6	7	9	10	11	12	14	16	18	20	21	22	24	25	27	28	29	
0	1	2	4	5	7	8	9	11	13	14	16	17	18	19	20	21	23	24	26	27	29	
0	2	3	5	6	7	8	9	11	13	14	15	16	18	19	21	22	23	25	26	27	28	29	
0	2	3	5	6	7	8	10	11	13	14	15	16	17	18	19	20	21	23	24	25	26	27	28	
0	1	3	4	5	6	8	9	10	11	12	13	14	17	18	20	23	25	27	28	29	
0	2	3	4	5	6	7	10	13	14	17	18	19	20	21	22	23	24	25	27	28	29	
0	3	4	6	7	8	10	12	13	16	17	18	19	20	22	24	25	26	27	28	29	
0	2	3	4	5	6	7	8	9	10	11	13	14	15	17	19	20	21	22	24	25	26	27	29	
1	2	4	7	8	9	10	11	13	14	15	16	17	18	19	22	23	24	25	26	27	28	29	
0	1	2	3	5	6	8	9	10	11	12	13	14	16	17	18	20	21	22	23	25	26	27	29	
0	1	2	4	5	6	8	9	10	11	12	13	14	15	16	19	20	21	22	23	24	28	29	
0	1	2	3	5	7	8	10	11	13	14	15	16	18	19	20	21	22	24	25	26	27	28	29	
0	1	2	3	5	7	8	9	12	14	15	16	17	18	20	21	22	23	24	27	28	
0	1	2	3	4	6	7	8	9	10	11	14	15	16	17	18	20	21	23	24	26	27	28	29	
0	1	2	3	4	6	8	10	11	13	15	16	19	20	21	22	23	24	25	26	27	
0	1	2	3	4	5	7	8	9	10	11	12	13	14	15	18	20	21	22	24	25	29	
0	1	2	3	6	7	8	9	10	11	12	13	14	15	16	17	18	21	22	23	24	25	26	27	
0	1	2	3	4	8	9	10	11	12	14	15	16	17	18	19	20	22	23	25	27	28	
0	1	2	3	5	6	7	8	9	10	11	13	14	15	16	17	18	19	23	24	25	26	27	29	
0	1	4	5	6	7	8	9	11	12	16	17	18	19	21	23	25	26	27	28	29	
2	3	4	5	6	7	8	9	13	16	17	18	19	20	21	22	23	24	26	27	29	
0	1	2	3	5	6	7	8	11	12	13	14	15	16	17	19	20	23	24	25	26	27	28	29	
0	3	4	5	6	7	9	10	11	12	13	14	15	16	18	19	20	21	23	24	25	27	28	29	
0	1	2	5	7	8	9	10	11	13	14	17	19	20	21	22	23	24	27	28	29	
0	1	3	4	5	6	7	9	11	13	14	15	16	17	18	20	21	22	23	25	27	28	29	
0	1	2	3	4	5	6	7	8	9	10	11	12	13	14	16	18	20	24	26	28	
0	1	2	3	4	5	6	8	9	11	12	14	15	16	17	18	19	21	22	23	24	25	26	29	
0	2	3	5	7	8	10	12	13	14	15	16	17	18	19	20	21	22	23	24	25	26	28	29	
0	3	4	6	7	12	13	14	15	16	17	18	19	20	21	22	23	24	25	27	28	29	
0	1	2	3	4	5	6	7	8	9	12	13	14	15	16	18	19	20	22	23	24	25	26	28	
0	2	3	5	6	8	9	12	14	15	17	18	19	20	21	23	24	25	26	27	29	
0	1	2	4	5	6	7	8	9	10	11	13	16	17	19	20	22	24	26	27	29	
0	1	2	3	4	5	6	7	8	9	10	11	12	13	14	18	19	20	21	22	24	25	26	27	
0	1	3	4	6	7	8	9	10	13	14	16	17	19	20	21	22	23	25	26	27	28	29	
0	1	2	3	4	5	6	7	8	9	10	12	13	14	16	17	18	20	22	26	27	28	29	
0	2	3	4	5	6	7	8	9	10	12	16	17	20	21	22	23	24	25	26	29	
0	1	2	3	4	5	7	8	10	11	12	13	14	15	16	17	18	19	20	21	24	25	28	29	
0	1	3	4	5	6	7	8	9	11	12	13	15	17	18	19	20	21	22	23	24	25	26	27	
0	1	2	4	5	7	9	10	11	13	14	15	16	17	20	21	22	23	24	25	29	
1	2	3	4	5	6	8	9	10	11	12	15	16	17	18	20	21	23	24	27	28	
0	1	2	3	4	5	6	7	8	9	11	12	13	14	15	17	19	21	22	26	27	28	
1	2	3	4	5	7	8	9	11	12	13	14	15	19	20	22	23	24	25	26	27	29	
0	1	2	3	4	5	7	9	10	14	15	17	18	19	21	22	23	24	25	26	28	29	
1	3	5	6	8	9	10	12	13	14	15	16	18	19	20	21	22	23	26	27	28	
0	2	3	6	7	9	11	12	13	14	15	16	17	18	19	20	21	22	23	24	25	26	27	29	
0	1	3	4	5	6	8	10	12	13	14	16	17	18	19	20	22	23	24	25	26	27	29	
1	2	4	5	6	7	8	9	10	14	15	16	18	19	20	21	22	25	26	27	28	29	
0	2	3	4	5	6	7	8	9	10	11	13	14	15	16	17	19	20	22	23	24	26	27	28	
0	1	2	3	4	5	6	8	9	10	11	12	13	16	17	18	19	21	22	23	24	26	27	28	
0	1	2	4	5	7	8	9	12	13	15	16	17	19	20	21	22	23	24	26	27	29	
2	3	4	6	7	8	9	10	12	14	15	16	17	18	19	20	22	23	24	25	26	29	
0	1	2	4	6	7	8	9	10	11	12	13	16	18	19	20	21	22	23	25	26	27	28	29	
0	1	2	3	4	6	7	9	10	11	12	13	15	16	17	18	19	22	23	24	25	26	28	29	
1	2	4	5	7	8	9	10	12	13	14	15	16	18	19	20	21	22	23	24	25	26	27	28	
0	1	2	5	6	7	8	10	13	14	15	16	17	19	20	21	22	24	25	26	27	28	
0	1	2	3	7	9	10	11	12	13	14	15	16	17	18	19	21	22	24	26	28	29	
1	2	3	4	5	6	7	9	10	11	12	13	14	15	16	17	18	20	21	22	23	24	28	29	
0	1	2	3	4	6	7	10	12	13	15	17	18	20	22	23	24	25	26	27	28	29	
0	4	6	7	8	9	10	12	14	15	16	17	19	20	21	22	25	26	27	28	29	
3	4	5	6	7	8	9	10	11	12	13	15	16	17	18	19	21	23	24	25	26	27	28	
1	3	4	5	6	7	8	10	11	12	13	15	16	17	18	20	21	22	25	26	27	28	
0	1	2	4	7	9	10	13	14	15	16	19	20	21	22	23	25	26	27	28	29	
0	1	3	4	5	6	7	8	10	11	12	13	15	17	19	20	21	22	23	24	25	26	27	29	
0	1	2	3	5	6	7	8	9	11	13	15	17	18	20	21	22	23	24	27	28	29	
2	3	4	6	7	8	11	12	13	14	15	16	17	18	19	21	22	24	25	26	27	28	29	
0	1	3	4	5	6	7	9	12	13	14	15	16	17	18	22	23	25	26	27	28	
0	1	2	3	6	7	9	10	12	13	14	15	17	18	19	21	22	23	25	26	27	29	
0	1	2	3	5	6	8	9	10	11	12	16	17	18	19	22	23	24	25	26	28	29	
0	2	3	4	6	7	8	11	12	13	14	15	17	18	20	21	23	24	25	26	27	28	29	
0	1	2	4	5	6	7	10	11	12	13	14	15	16	20	21	22	25	26	27	29	
0	1	2	3	4	5	6	7	9	12	13	14	15	16	17	19	20	21	23	26	27	29	
0	1	2	3	4	6	9	12	13	14	15	16	18	19	20	21	22	24	25	26	27	28	29	
0	2	3	5	6	7	8	9	10	11	12	13	14	15	17	18	19	21	23	24	28	29	
0	1	2	3	5	8	9	10	11	12	13	14	15	16	19	20	22	24	25	26	27	28	29	
0	4	5	6	7	8	9	10	11	12	14	15	16	18	19	20	21	22	23	24	25	26	27	29	
0	2	3	4	5	6	7	8	9	10	11	12	13	14	15	16	17	18	19	22	23	24	27	28	
0	2	3	4	5	8	9	12	13	14	16	17	18	19	22	23	24	25	26	27	28	29	
0	1	3	5	7	8	10	11	12	13	15	17	19	20	21	22	23	24	25	26	27	28	29	
0	1	2	3	5	6	7	8	9	10	11	12	13	14	15	16	21	23	24	25	26	27	28	29	
0	1	2	3	4	6	8	9	10	11	12	13	14	15	17	18	19	20	22	23	24	26	27	28	
0	1	2	3	4	5	6	7	8	9	12	13	14	16	17	19	20	22	23	24	26	27	28	29	
0	1	2	3	4	7	8	9	11	12	13	14	15	17	18	19	20	22	23	24	26	27	28	
2	3	5	6	7	8	9	10	11	13	14	16	18	20	22	24	25	26	27	28	29	
0	2	3	4	5	7	8	9	10	12	13	14	15	19	20	21	22	23	24	25	26	27	28	29	
0	1	2	5	6	7	8	9	10	12	14	15	16	17	19	20	21	22	25	26	27	28	29	
0	3	4	6	7	8	9	10	12	13	15	17	18	19	20	21	22	23	24	25	27	28	29	
0	1	2	3	4	5	6	7	8	9	10	12	13	14	15	16	17	19	22	26	29	
0	1	2	3	4	5	6	8	9	11	12	14	15	16	17	19	20	22	24	25	27	28	29	
1	2	3	4	5	6	8	10	11	12	13	16	17	19	21	22	23	24	25	28	29	
0	1	2	4	6	7	8	9	10	11	12	15	17	18	19	20	21	22	24	25	26	27	29	
2	3	4	6	7	9	10	11	12	13	14	15	16	18	20	21	22	23	24	25	26	28	29	
3	4	5	6	7	8	10	11	12	13	15	16	18	19	20	21	22	23	25	26	27	28	29	
0	1	2	3	4	5	6	8	9	10	11	12	13	14	15	16	18	19	20	21	22	25	28	29	
0	2	3	4	5	6	7	9	10	11	14	16	17	18	19	21	24	25	27	28	29	
0	2	3	5	6	7	8	9	11	12	13	14	15	16	18	20	22	23	24	25	27	28	29	
0	1	2	3	4	5	6	8	9	10	11	12	13	15	16	19	21	22	23	24	26	28	29	
2	4	5	6	7	8	9	10	11	12	13	15	16	20	21	22	23	25	26	27	28	
0	1	4	5	6	7	10	12	13	14	17	18	19	20	21	22	23	24	25	27	29	
1	2	4	5	6	7	9	10	13	14	15	16	17	18	19	20	23	24	26	27	28	
0	3	5	6	7	8	9	11	12	13	15	16	19	20	21	22	23	25	26	28	29	
1	3	4	5	6	7	8	10	12	14	15	16	19	20	21	22	23	24	25	27	28	29	
2	3	4	5	6	7	8	11	13	14	15	16	17	18	19	20	21	22	23	24	25	27	28	29	
0	1	2	3	4	5	6	7	9	10	11	12	13	15	18	19	20	21	22	23	24	25	26	27	
2	3	5	6	8	9	10	11	13	16	17	18	19	20	23	24	25	26	27	28	29	
1	2	3	4	6	9	10	11	12	13	14	16	17	18	19	20	21	22	23	24	25	26	27	29	
0	1	2	4	5	7	8	9	10	12	13	14	15	17	20	22	24	26	27	28	29	
0	2	3	4	5	6	7	8	9	11	12	13	16	17	19	20	21	22	25	26	27	29	
0	1	2	5	7	8	9	10	11	12	13	14	15	16	17	18	19	22	23	25	26	27	28	29	
0	3	4	5	6	9	11	13	14	15	16	17	18	19	21	22	23	25	26	27	28	
0	1	2	3	4	6	7	10	11	12	14	15	16	17	19	20	22	23	24	25	27	28	29	
6	7	8	9	10	12	13	14	15	16	19	20	21	22	23	24	25	26	27	28	29	
1	2	3	4	5	7	8	9	11	12	13	14	15	17	18	19	22	23	25	26	27	28	
0	1	2	3	4	5	6	9	11	13	14	15	16	17	19	20	21	23	24	26	28	29	
0	1	3	4	5	7	8	9	11	12	14	15	16	17	18	19	20	21	23	24	26	27	28	29	
0	2	3	4	5	8	9	10	11	12	13	15	16	17	18	19	20	24	25	27	29	
0	1	2	3	4	5	6	7	8	9	11	14	15	17	18	19	20	21	22	24	27	28	
0	1	2	3	4	5	6	7	8	9	12	13	14	15	18	19	20	21	23	24	25	27	28	29	
1	2	3	5	8	9	10	11	12	13	14	15	16	19	20	21	22	23	24	25	26	27	
1	2	3	4	5	6	9	11	12	13	14	15	17	18	19	20	21	22	23	25	26	28	
1	3	5	6	7	10	11	12	13	14	15	16	17	18	20	21	22	23	24	25	26	27	28	29	
0	1	2	3	5	6	7	9	10	12	14	15	16	17	18	19	21	23	25	27	28	29	
0	1	2	3	5	7	8	10	11	12	15	16	17	19	20	21	22	23	25	27	28	
0	1	4	5	6	7	8	9	10	13	14	15	16	18	19	20	22	23	24	25	26	27	28	29	
0	1	2	3	5	6	7	8	10	11	14	17	18	19	20	22	24	26	27	28	29	
0	1	4	6	8	10	12	13	15	16	17	18	19	20	22	23	24	25	26	27	28	29	
0	1	2	3	4	5	6	7	9	10	11	13	14	16	17	18	19	21	22	23	24	25	26	27	
1	2	3	4	5	6	8	11	12	13	14	15	16	17	18	21	22	23	24	26	27	28	
2	3	4	5	6	7	12	13	14	15	17	18	19	20	21	22	24	25	26	28	29	
0	1	2	4	5	6	7	8	9	10	14	15	18	20	21	22	23	24	25	26	27	29	
0	2	4	5	7	8	9	11	12	13	14	15	16	18	19	22	24	25	26	27	28	29	
0	1	3	4	5	6	8	10	12	13	14	15	16	18	19	20	21	22	23	26	27	29	
1	2	4	5	6	8	9	10	12	14	15	16	17	18	19	20	22	23	26	27	28	29	
1	2	3	5	6	7	10	11	13	15	16	17	19	20	21	24	25	26	27	28	29	
0	3	4	5	6	7	9	11	12	13	14	15	17	18	19	20	21	22	24	25	26	28	29	
1	3	4	6	7	8	9	10	11	12	13	15	16	18	19	20	21	22	24	26	27	28	29	
0	1	3	4	5	6	8	9	10	13	14	15	18	19	20	21	22	23	24	25	28	29	
0	1	2	3	4	6	7	8	9	10	11	12	13	14	16	17	18	19	20	24	26	29	
0	1	2	4	5	6	7	8	9	12	13	14	16	17	18	19	20	21	23	26	27	28	29	
0	1	2	5	7	8	9	12	14	15	16	17	18	19	20	21	22	23	24	25	26	27	28	
0	2	7	8	10	11	13	15	16	17	18	19	20	21	22	23	24	25	26	27	28	29	
0	2	4	5	6	7	10	11	12	13	15	16	17	19	20	21	23	25	27	28	29	
0	1	2	3	4	5	6	7	8	10	12	13	14	15	16	18	21	22	23	24	25	26	28	29	
2	3	4	5	7	8	11	14	15	16	17	18	20	21	22	23	24	25	26	27	28	29	
1	2	3	4	6	7	8	9	10	11	12	13	14	15	16	17	19	20	21	24	26	28	29	
0	1	3	4	5	6	7	8	9	13	14	16	17	18	19	20	21	22	23	24	25	26	28	29	
0	1	2	3	4	5	6	7	8	9	12	13	14	17	18	22	23	24	27	28	29	
0	1	2	3	4	5	6	7	8	9	11	12	15	16	17	18	20	21	25	26	27	
0	1	2	4	5	6	7	8	9	11	12	13	14	15	18	19	20	23	24	25	26	27	29	
0	1	2	4	5	6	9	10	12	14	16	17	18	19	20	21	25	26	27	28	29	
0	1	2	3	4	5	6	7	8	9	10	12	13	14	15	17	18	22	23	24	27	29	
1	2	3	4	5	6	9	10	11	12	16	17	20	21	22	23	25	26	27	28	29	
0	1	2	3	4	5	6	7	8	10	11	12	13	14	17	18	19	20	21	22	23	27	28	29	
0	1	3	4	5	6	8	10	11	12	14	15	16	17	18	20	21	22	24	25	26	28	29	
0	2	3	4	5	6	8	9	10	11	12	13	14	15	16	17	18	20	21	22	23	26	28	29	
0	1	2	3	4	6	9	10	11	12	13	14	15	16	18	19	20	21	22	23	24	25	27	28	
0	1	2	3	4	5	6	8	9	11	14	15	18	19	20	21	22	23	24	25	28	
0	1	2	4	6	7	8	9	10	11	12	13	14	17	18	19	20	21	22	23	26	27	28	29	
1	2	3	4	5	7	9	12	13	14	15	18	19	20	21	22	24	25	26	28	29	
0	1	3	5	6	7	8	14	16	17	18	19	20	21	22	24	25	26	27	28	29	
1	3	4	5	6	7	8	9	10	12	13	14	15	16	17	18	21	22	24	27	28	29	
2	3	5	6	7	8	9	10	11	12	13	14	15	16	17	20	21	22	23	24	25	26	27	29	
0	1	3	4	5	6	8	9	10	11	12	14	15	16	17	18	21	22	23	24	25	27	28	
0	1	2	3	4	5	7	8	11	12	14	15	17	18	19	20	21	22	24	27	28	29	
2	4	5	6	7	8	9	10	11	12	13	15	16	17	19	20	22	23	24	25	26	28	
2	3	4	6	8	9	10	11	12	13	14	16	17	19	20	21	22	23	24	25	26	28	29	
1	3	4	6	7	8	9	10	11	12	13	14	15	19	20	22	23	24	26	27	28	
1	4	5	7	8	9	10	12	13	16	18	20	21	22	23	24	25	26	27	28	29	
0	1	2	4	5	6	7	9	10	11	12	13	14	15	17	18	20	21	23	24	25	26	
0	1	2	3	7	8	9	10	11	12	13	14	15	18	19	21	22	23	24	25	26	27	28	29	
0	2	3	4	5	8	9	10	11	13	14	15	16	17	18	19	20	23	24	25	26	29	
0	1	2	3	4	5	6	11	12	13	14	16	18	20	21	22	23	26	27	28	29	
0	1	2	3	6	7	8	9	12	14	15	16	17	18	19	20	21	22	23	26	27	29	
0	4	6	7	8	9	10	11	12	13	14	18	19	20	21	22	24	25	26	27	28	
0	2	3	4	5	6	11	12	13	14	16	17	18	19	20	21	23	24	25	26	27	28	29	
0	1	3	4	6	8	11	12	14	15	16	17	18	20	21	22	23	24	25	26	27	29	
0	2	3	4	5	7	8	9	10	12	13	15	17	19	20	21	22	24	25	26	28	
1	2	3	4	5	6	7	8	9	12	13	15	16	17	18	19	20	21	22	23	24	27	28	
1	2	3	4	5	6	7	9	10	11	12	13	14	15	16	17	18	19	21	23	24	25	28	
0	1	2	4	6	7	8	10	11	12	13	14	17	18	19	20	22	23	25	26	27	29	
1	2	3	4	5	7	8	10	12	13	15	17	18	19	20	21	22	23	24	25	26	27	29	
1	2	3	4	5	6	7	8	10	11	13	15	17	19	20	21	23	24	25	26	27	28	29	
0	1	2	3	4	5	6	7	8	9	10	11	12	13	14	15	16	17	22	23	24	25	26	29	
0	1	2	3	5	9	10	11	12	13	14	15	16	18	19	20	21	22	23	26	28	
0	1	2	3	4	5	6	9	12	14	15	16	19	20	22	23	24	25	26	27	28	29	
0	1	3	4	5	6	7	8	9	10	12	13	15	17	18	19	20	22	23	25	27	
0	1	2	3	5	7	8	9	10	11	14	17	18	19	20	21	22	23	24	25	26	27	28	29	
0	1	2	5	7	8	9	11	12	13	15	16	18	20	21	22	23	24	25	26	27	28	29	
0	1	2	4	6	7	8	9	11	12	13	14	15	16	17	19	20	21	23	24	25	28	
0	1	2	3	4	5	6	7	10	11	13	14	15	17	18	19	20	21	22	24	25	26	28	29	
0	1	3	5	6	7	8	9	13	16	17	18	20	21	22	24	25	26	27	28	29	
0	1	2	5	6	7	8	9	10	11	12	14	16	17	18	19	20	23	24	25	26	27	28	29	
1	2	3	4	6	8	9	10	11	12	13	16	17	18	19	20	21	22	24	25	26	27	28	
0	1	2	3	4	5	6	7	8	9	11	17	18	19	21	23	24	25	27	28	29	
0	1	2	3	4	6	7	8	9	10	12	13	15	18	19	20	22	24	25	26	27	28	29	
1	3	4	5	6	7	8	10	12	13	15	16	18	20	21	22	23	24	25	26	27	28	29	
0	3	5	6	7	9	10	11	12	14	15	16	17	18	19	20	21	23	24	25	27	29	
0	1	3	4	5	6	7	8	9	12	14	15	17	18	19	20	21	22	23	26	27	28	29	
1	2	3	4	5	7	8	9	10	11	15	16	17	18	19	20	21	22	23	24	25	26	27	29	
0	1	2	4	9	10	12	13	14	15	16	17	18	19	20	21	22	25	26	27	28	29	
1	2	4	5	7	8	10	12	13	14	15	16	18	19	20	22	23	24	26	27	28	
1	2	4	5	6	8	10	12	13	14	15	16	17	18	19	20	22	24	25	26	27	28	29	
1	2	3	4	5	7	8	10	11	12	13	14	15	16	17	18	19	20	21	23	24	25	27	29	
0	1	2	4	5	6	7	8	9	10	12	13	14	16	17	18	19	20	21	22	24	25	27	29	
0	2	3	5	6	7	9	10	11	12	13	14	15	16	17	18	20	21	23	24	25	26	27	
0	2	3	4	5	6	9	10	11	12	13	14	16	17	18	19	20	22	23	24	26	27	29	
2	3	4	5	7	8	10	11	13	14	15	16	17	20	21	22	23	26	27	28	29	
0	1	2	3	4	7	8	10	11	12	13	14	16	17	18	19	20	21	24	25	26	27	28	29	
0	1	2	3	4	6	7	10	12	13	14	16	17	18	19	20	21	22	23	24	25	26	29	
1	2	3	4	6	7	8	11	12	13	14	15	16	17	18	19	24	25	26	27	28	29	
0	2	3	4	6	7	8	9	11	12	14	15	16	17	18	20	22	24	25	26	28	29	
1	4	5	6	7	8	9	10	11	13	14	15	16	17	19	20	21	22	26	27	28	29	
0	2	4	5	7	8	9	10	11	13	16	17	18	19	21	22	23	24	25	27	28	29	
0	2	3	4	5	6	7	8	9	12	13	15	16	18	19	22	23	24	25	26	27	28	
0	2	3	5	6	7	9	10	11	12	14	15	18	19	20	21	22	23	24	26	27	28	29	
0	3	4	5	6	7	9	11	12	13	15	16	17	18	19	22	23	24	25	26	27	28	29	
0	1	3	4	6	7	9	10	11	13	14	15	16	17	18	20	21	23	24	25	26	27	28	
0	1	2	3	4	5	8	9	10	11	12	13	14	15	16	18	19	22	25	26	27	28	29	
0	1	3	4	5	6	9	10	12	13	14	15	16	17	18	19	20	21	23	24	25	26	27	29	
1	2	3	4	7	8	9	10	11	12	13	14	16	17	19	20	21	23	24	25	26	27	28	29	
4	5	6	8	9	10	11	12	13	15	16	18	19	20	21	22	23	24	26	27	28	29	
1	2	3	4	5	6	7	9	10	12	13	17	18	19	20	22	23	24	25	26	27	28	29	
0	1	3	5	6	7	8	9	10	12	13	14	15	16	18	19	20	21	24	25	27	29	
0	1	2	4	5	6	7	10	12	13	14	16	17	18	19	20	21	22	23	25	27	28	29	
0	1	4	5	7	8	9	11	13	14	15	16	17	18	23	24	25	26	27	28	29	
0	1	4	5	6	7	8	9	10	11	13	14	17	19	20	21	22	23	26	28	29	
0	1	2	3	4	6	8	9	11	12	13	14	16	18	19	20	21	23	24	25	28	29	
0	1	2	4	5	6	8	11	13	14	16	17	19	20	21	22	23	24	25	26	28	29	
0	2	4	5	6	7	8	9	10	11	12	13	14	15	18	20	21	22	23	24	25	26	
1	2	3	6	7	9	10	11	12	13	14	15	17	18	19	20	21	22	24	25	27	28	
0	1	2	3	4	6	8	9	10	11	14	15	16	19	21	22	23	24	25	26	27	28	29	
1	2	5	8	9	10	11	12	13	14	15	16	17	18	19	20	21	22	23	24	25	26	27	28	
0	2	3	4	6	7	9	10	11	12	14	16	17	19	20	22	24	25	26	27	28	29	
1	2	4	5	6	7	9	10	11	12	13	14	15	17	18	19	20	23	25	26	27	28	
0	2	3	4	6	7	8	10	11	12	13	16	17	18	19	20	21	22	23	25	26	27	28	
0	1	3	4	5	7	9	10	11	13	14	16	17	18	19	21	22	23	24	27	28	29	
0	2	4	5	6	7	8	9	11	12	13	14	16	18	19	21	22	23	26	27	29	
0	1	2	3	4	5	6	7	8	9	10	11	15	16	17	18	19	21	22	23	25	26	27	29	
0	2	3	5	6	7	10	13	14	16	17	18	19	20	21	22	25	26	27	28	29	
1	2	5	6	7	10	12	13	14	15	16	17	18	19	20	21	22	23	24	25	26	27	28	
0	1	3	4	6	7	9	10	12	13	15	17	18	19	20	21	22	23	24	25	27	28	29	
1	2	3	4	6	7	8	9	10	11	12	13	14	15	17	18	19	22	23	25	27	29	
3	4	5	6	7	8	10	11	12	13	14	15	16	19	22	23	25	26	27	28	29	
0	1	2	3	4	6	8	9	11	12	14	15	16	17	18	20	21	22	23	25	27	28	29	
0	1	2	3	4	6	7	8	9	10	12	13	14	15	16	17	18	19	21	22	24	25	28	29	
0	1	3	5	6	7	9	10	13	14	15	16	17	18	19	20	21	22	23	26	27	28	29	
0	1	3	4	6	7	9	10	11	12	13	14	16	17	20	21	22	23	24	25	26	27	28	29	
0	1	2	3	4	5	6	8	9	10	12	14	16	17	18	19	20	21	22	23	24	26	28	29	
0	2	4	5	6	7	8	9	10	11	12	13	14	15	16	19	20	21	22	23	24	25	27	
1	2	3	4	5	6	7	8	9	12	13	15	16	18	19	20	22	23	25	26	27	28	29	
0	1	2	3	5	8	9	10	11	12	13	14	15	16	17	20	21	23	25	26	27	29	
0	1	2	3	4	6	7	9	11	12	13	14	15	17	18	19	20	22	23	26	28	29	
1	2	4	5	6	7	8	9	10	11	12	14	15	16	17	18	19	22	23	24	25	26	28	
0	1	2	3	4	5	6	7	10	11	12	13	14	15	17	18	19	20	22	23	24	27	29	
0	1	2	6	7	9	10	12	13	14	15	16	17	20	21	22	23	24	26	27	28	
0	1	2	3	4	6	7	9	11	12	13	16	17	18	19	20	21	22	25	26	27	29	
0	1	3	6	7	8	9	10	12	13	14	15	16	17	18	20	21	22	23	24	26	27	29	
0	1	3	4	5	6	7	8	10	11	12	13	14	16	17	19	20	22	23	25	26	27	28	29	
0	2	3	4	5	6	7	8	9	10	11	12	15	16	17	19	21	22	25	26	28	
0	1	2	3	4	6	7	8	11	12	13	14	16	17	18	19	20	21	22	25	26	27	28	29	
0	1	2	3	4	5	7	8	9	10	12	13	15	16	17	19	21	22	24	25	26	27	28	
1	5	6	7	9	10	12	13	15	17	18	19	20	21	22	23	24	25	26	28	29	
0	2	3	5	6	8	9	10	11	12	13	18	20	21	22	23	24	25	26	28	29	
0	1	2	3	5	6	7	8	9	10	11	12	13	15	16	17	18	20	21	22	25	26	27	28	
0	1	3	4	5	7	8	9	10	11	13	14	15	16	18	19	20	25	26	27	29	
1	2	3	4	5	6	8	12	13	14	18	20	21	22	23	24	25	26	27	28	29	
2	3	6	7	8	9	12	13	14	15	16	17	18	19	20	21	23	24	25	26	27	28	
1	2	3	4	6	7	11	12	13	14	15	16	17	18	21	23	24	25	26	28	29	
0	2	7	8	9	10	11	12	13	14	15	17	18	19	20	21	22	24	25	27	28	29	
0	1	2	3	4	5	6	9	10	11	12	13	15	16	17	20	22	24	26	27	28	29	
1	2	3	4	5	6	7	8	9	11	12	14	15	17	18	20	21	22	23	24	25	27	28	29	
0	2	3	4	5	6	9	10	11	12	14	15	16	17	19	20	22	23	24	26	27	28	29	
0	1	2	5	6	7	8	9	10	11	12	13	15	17	19	20	21	22	23	27	28	
1	2	5	7	8	9	10	12	13	14	15	16	18	19	20	21	22	24	26	27	28	29	
1	2	3	4	6	7	8	9	10	11	12	14	15	16	17	18	19	22	25	26	27	28	29	
1	3	4	7	8	9	10	11	12	13	14	15	16	17	18	19	20	21	23	24	25	26	27	
1	2	3	5	6	7	8	10	11	12	13	15	19	20	21	22	24	25	26	27	28	29	
0	1	2	5	6	7	8	9	10	12	13	15	16	18	19	20	21	22	23	26	27	28	29	
0	1	3	4	5	6	8	10	11	12	13	16	17	18	19	20	22	23	24	26	27	28	
1	2	4	5	6	7	9	10	12	13	14	15	16	18	20	22	24	25	26	27	28	29	
0	3	4	5	9	12	13	14	15	16	17	18	19	20	21	22	25	26	27	28	29	
0	5	6	7	8	9	11	12	13	14	15	18	19	20	22	24	25	26	27	28	29	
0	1	2	3	4	5	6	7	9	11	12	13	14	15	16	17	18	20	22	23	24	27	28	29	
0	1	2	3	5	7	8	9	10	11	12	13	15	16	17	19	20	21	23	25	26	27	29	
1	2	3	4	5	7	8	9	10	11	12	14	16	17	18	19	20	22	23	25	26	28	29	
1	3	4	7	8	10	11	12	13	14	16	18	19	20	21	22	23	24	25	26	27	28	29	
0	1	2	3	4	5	7	8	9	12	14	15	17	18	19	20	22	24	26	27	28	29	
0	1	2	3	5	7	8	9	10	12	13	14	15	16	17	20	21	22	24	25	27	29	
0	1	2	4	6	7	8	11	12	13	15	16	17	18	19	20	21	24	25	26	27	28	29	
1	2	3	4	5	6	7	8	9	10	11	12	13	14	16	18	19	20	23	24	25	27	28	
0	1	2	4	5	7	9	10	11	12	13	14	15	18	19	20	21	22	24	25	26	27	28	29	
0	2	3	4	5	6	8	9	10	12	13	14	17	18	19	20	22	23	24	25	26	28	
1	2	3	4	5	6	7	8	9	10	11	12	13	14	15	16	17	20	21	22	23	26	29	
0	1	2	3	5	6	7	11	12	13	14	15	16	17	18	19	20	21	24	26	28	
0	1	2	4	7	8	9	11	12	13	14	17	18	20	21	22	23	24	25	26	27	28	29	
0	1	3	5	6	7	10	11	12	13	14	16	17	18	20	23	24	26	27	28	29	
0	2	3	4	5	8	9	10	11	12	13	14	15	17	18	20	22	23	24	25	27	28	29	
0	1	2	3	5	6	7	8	9	10	11	13	14	16	17	18	19	21	22	24	26	27	28	
0	2	3	4	5	7	8	9	10	11	12	15	16	17	18	19	21	22	23	25	26	27	
0	1	2	5	6	7	8	9	10	12	13	15	16	18	19	20	21	22	24	25	26	27	
1	2	3	6	8	10	11	12	13	14	15	16	17	18	19	20	21	22	23	24	25	26	27	29	
0	1	3	4	5	6	8	10	11	12	13	14	15	16	18	19	20	21	23	24	25	26	29	
3	4	5	6	7	9	10	11	12	14	15	16	18	19	21	22	24	25	26	27	28	29	
1	2	3	4	7	8	9	10	12	13	14	16	18	19	20	21	22	23	24	25	27	28	29	
0	1	2	3	4	5	6	7	8	10	12	14	15	16	17	18	19	20	21	22	24	25	28	29	
0	1	2	3	4	5	6	7	8	10	13	16	17	18	20	21	22	23	24	25	27	28	29	
0	1	2	4	5	6	7	8	9	11	12	13	14	15	16	17	19	21	22	24	25	26	28	
0	2	3	6	7	8	9	12	13	14	15	17	18	19	20	21	22	23	26	28	29	
1	2	3	4	5	6	7	8	10	11	12	13	15	16	17	19	20	21	26	27	28	29	
1	2	3	4	5	7	10	12	13	14	15	16	17	18	19	21	24	25	26	27	28	29	
1	2	3	6	7	8	9	10	11	12	13	14	15	16	17	19	20	21	22	25	26	27	28	29	
0	1	2	3	4	5	7	9	10	11	12	13	14	16	17	18	19	22	24	25	27	28	29	
0	1	6	7	8	9	11	12	13	14	15	17	18	19	20	21	22	23	24	25	26	
0	1	2	3	4	5	6	7	9	11	13	14	15	16	17	18	19	21	22	24	25	27	28	
0	1	2	3	4	5	7	8	10	13	14	15	16	17	18	19	20	22	23	24	26	28	29	
0	1	2	3	4	5	6	8	9	10	12	13	15	18	19	20	21	22	23	24	25	26	28	29	
0	1	2	3	4	6	7	8	9	11	13	14	15	16	17	18	19	20	21	22	24	25	27	29	
0	1	2	4	6	8	9	10	11	12	14	16	18	19	20	22	24	25	26	27	28	29	
0	1	4	5	6	7	8	9	10	12	13	15	16	17	19	20	21	22	23	24	25	27	28	29	
1	2	3	6	7	8	9	10	11	12	13	14	15	16	17	21	22	25	27	28	29	
0	3	4	5	7	8	9	10	11	12	14	15	16	17	18	19	23	24	25	26	27	28	
0	1	3	4	5	6	7	8	11	12	13	14	15	16	18	19	21	22	23	24	25	27	28	29	
0	2	3	6	8	9	11	13	14	15	16	17	18	19	20	21	22	23	24	25	28	29	
1	2	3	6	7	8	9	10	12	13	14	15	16	17	19	20	22	24	26	27	29	
0	1	2	3	4	5	6	8	9	10	11	12	13	14	15	17	18	19	21	22	23	25	27	28	
0	2	3	4	6	7	11	12	13	14	15	16	17	20	21	22	23	24	25	26	28	29	
0	1	2	3	5	7	8	10	11	13	14	15	16	17	18	19	20	21	22	26	27	28	29	
0	2	3	4	5	7	10	11	12	14	15	17	18	19	20	21	22	23	24	25	26	27	28	
1	2	3	4	5	7	8	10	11	12	13	14	15	16	18	19	20	21	22	24	28	29	
0	2	4	6	7	8	9	10	11	12	13	14	15	16	17	18	19	20	21	23	24	25	27	28	
1	2	3	5	6	7	10	11	12	13	14	16	17	19	21	22	23	24	25	26	28	29	
0	1	2	4	7	8	9	10	11	12	14	15	17	18	19	20	22	24	26	27	28	29	
1	2	3	5	6	7	9	11	13	14	15	17	18	19	20	21	22	23	24	25	26	27	28	29	
0	2	3	4	5	6	7	8	9	10	12	15	16	17	19	20	21	22	24	25	26	28	29	
0	1	2	3	4	6	7	8	11	12	14	16	17	19	20	21	22	23	25	26	27	29	
0	3	4	5	6	7	8	9	11	14	15	18	19	20	21	23	24	25	26	27	28	29	
1	2	3	4	5	6	7	8	9	10	11	14	15	16	18	19	23	24	26	27	28	
0	1	2	3	4	6	7	8	11	12	13	14	15	16	19	20	21	22	23	25	26	28	29	
0	1	2	4	5	6	7	9	10	12	13	15	17	18	19	20	22	25	26	27	29	
0	2	3	8	9	10	11	12	13	14	15	16	17	18	19	20	21	22	23	25	26	27	29	
0	1	3	5	7	9	10	11	13	14	15	18	19	21	23	24	25	26	27	28	29	
0	2	3	4	5	6	7	8	9	11	12	13	14	15	16	18	19	22	24	26	27	28	
0	1	2	3	6	8	9	10	11	13	14	15	16	17	18	19	20	21	23	24	25	27	28	29	
0	2	3	7	11	13	14	15	16	17	18	19	20	21	22	23	24	25	26	28	29	
0	2	3	4	5	6	7	8	9	10	11	12	13	18	19	20	21	23	24	25	26	27	28	29	
0	1	2	3	4	6	7	10	12	13	14	16	17	18	19	21	23	24	25	26	28	
1	2	3	5	6	7	10	11	12	13	14	15	16	18	19	20	21	23	24	25	26	27	29	
0	1	2	3	4	7	9	10	11	13	14	15	16	18	20	21	22	23	24	25	29	
0	1	2	4	6	7	8	10	11	12	13	14	15	16	17	20	21	22	23	24	26	27	28	29	
0	1	2	3	5	7	8	9	10	11	13	14	15	16	17	18	22	26	27	28	29	
0	1	5	8	9	10	11	13	14	15	16	17	18	19	20	21	22	23	24	25	26	27	28	
0	2	3	4	5	6	8	10	11	13	14	15	17	18	20	21	23	24	25	27	28	29	
0	1	2	3	4	5	6	7	8	10	12	13	14	16	19	20	21	22	23	25	26	27	28	29	
2	3	4	5	6	7	8	9	10	12	13	15	16	18	19	20	21	23	24	25	27	28	29	
0	1	4	5	7	9	10	11	12	14	15	16	17	18	19	20	21	22	24	25	26	27	28	29	
0	2	3	4	10	11	13	14	15	16	17	18	19	20	21	22	23	24	25	26	27	28	29	
0	1	2	5	6	7	10	11	12	14	15	16	17	19	20	21	22	23	25	26	27	28	
0	2	3	5	7	10	11	12	15	16	19	20	21	22	23	24	25	26	27	28	29	
0	1	2	3	4	9	10	11	12	13	14	15	17	18	20	21	22	23	24	25	26	27	28	29	
0	2	6	10	11	12	13	14	15	16	17	18	19	20	21	22	23	24	26	27	29	
0	1	2	4	5	6	7	10	12	13	16	17	18	19	20	21	23	24	25	26	29	
0	1	2	3	4	7	8	10	11	13	14	15	16	17	18	19	20	21	23	25	27	29	
0	1	3	4	7	9	12	13	15	16	17	19	20	21	22	23	24	25	26	27	28	29	
0	1	2	3	5	6	7	8	10	11	12	14	15	16	17	19	20	21	22	23	26	28	29	
0	1	3	4	5	6	9	10	11	12	13	14	15	17	18	19	20	21	23	25	26	28	29	
0	3	4	6	7	8	10	12	15	16	17	18	19	20	21	22	23	24	25	28	29	
0	2	3	4	5	6	7	8	9	11	12	13	15	17	19	20	22	24	25	26	27	29	
0	1	3	4	5	7	8	9	14	15	17	18	19	20	21	22	23	25	27	28	29	
0	4	5	6	8	9	10	12	13	14	15	16	17	18	19	20	21	22	24	25	27	
0	1	2	3	5	6	7	9	10	11	12	13	16	18	19	22	23	24	25	27	29	
2	3	5	6	7	8	10	11	12	13	14	15	16	17	18	20	21	22	23	24	25	27	28	29	
0	1	2	3	4	5	7	8	10	13	14	15	16	20	21	22	23	24	25	26	27	28	
0	1	2	3	4	5	8	9	10	11	12	14	16	17	18	19	20	21	22	26	28	
1	2	3	4	5	6	7	8	10	12	13	16	17	18	19	20	21	22	23	25	26	27	28	29	
0	1	2	3	4	5	6	7	8	9	10	12	13	14	15	18	19	20	22	24	25	26	28	29	
0	1	2	3	4	5	6	7	8	9	10	11	12	14	16	17	18	20	21	22	23	24	25	26	
0	2	4	5	6	7	8	9	10	11	12	13	14	15	16	18	22	24	25	26	27	28	29	
0	2	3	4	6	7	8	11	12	13	15	16	18	19	20	21	22	23	24	26	27	28	29	
0	1	2	5	6	8	9	10	11	12	13	14	16	17	18	19	20	22	24	25	26	27	29	
0	1	2	4	5	10	12	13	15	16	17	18	19	20	21	22	23	24	25	26	27	28	29	
0	1	2	3	4	5	7	8	9	11	13	14	16	17	18	19	20	21	22	24	26	27	29	
0	1	3	4	5	6	7	8	10	11	12	13	15	16	17	19	20	21	23	24	26	27	28	29	
0	2	3	4	5	7	8	9	10	11	12	13	14	15	16	17	18	19	21	22	24	25	26	27	
0	1	2	3	4	5	6	8	9	10	12	13	16	17	18	19	22	23	24	25	26	27	28	29	
0	1	2	4	5	7	10	12	13	14	15	17	18	19	21	22	23	24	25	26	28	29	
0	1	2	3	4	5	6	7	8	10	11	13	14	17	18	19	20	21	22	24	25	26	28	29	
1	2	4	5	6	7	8	10	11	12	14	15	16	18	20	21	22	23	24	25	26	27	28	
0	1	2	3	4	5	6	7	11	12	13	14	16	17	18	20	22	23	24	25	26	27	28	29	
0	1	2	3	5	7	8	10	12	14	15	16	17	19	20	21	22	23	25	27	28	
0	1	2	3	4	6	7	11	12	13	15	16	17	18	21	22	23	24	25	26	27	
0	2	4	5	8	9	10	11	12	13	14	15	16	19	20	21	23	24	26	27	28	29	
0	1	2	3	5	6	7	8	10	11	13	14	15	16	17	19	21	23	24	25	26	27	28	
0	1	2	3	4	5	6	7	8	9	10	11	12	14	15	16	17	18	20	22	26	27	28	
0	3	5	7	8	9	10	11	14	15	16	17	18	19	20	21	22	23	24	25	28	29	
0	1	2	5	7	9	10	11	14	15	16	17	18	19	20	21	22	23	24	27	28	29	
0	1	3	5	6	7	8	9	10	11	12	14	15	16	17	19	20	21	23	25	26	27	28	
0	1	3	4	5	6	7	9	10	11	13	15	16	17	19	20	22	23	25	26	27	29	
1	2	3	4	5	6	7	8	10	12	13	15	16	18	19	20	22	23	25	27	28	29	
0	1	2	6	8	10	11	13	14	16	17	19	20	21	22	23	24	25	26	27	29	
0	1	2	3	5	6	7	8	11	12	13	15	16	18	19	20	21	24	25	28	29	
0	2	3	4	5	6	7	8	9	11	13	14	16	18	19	21	22	23	25	26	27	28	29	
0	1	3	4	5	6	7	10	11	12	13	15	16	17	19	20	21	22	23	24	25	26	27	28	
0	1	2	4	6	7	8	9	10	11	12	13	14	15	16	17	18	19	20	22	25	26	29	
1	2	4	5	6	7	8	10	11	12	13	14	15	16	17	18	19	21	24	25	26	27	28	29	
0	4	5	6	7	8	9	10	12	13	14	15	17	18	19	20	21	22	23	24	26	27	28	29	
0	1	3	5	7	8	9	11	12	13	14	15	17	18	19	22	23	24	26	27	28	29	
0	1	3	4	5	6	7	9	10	12	13	14	15	17	18	19	21	22	24	25	26	27	28	
0	2	3	4	5	7	8	9	10	11	12	15	16	18	20	21	23	24	25	26	29	
1	2	3	6	7	9	10	11	12	14	15	16	17	20	22	23	24	25	26	27	28	29	
1	2	3	4	5	6	7	8	9	11	12	13	14	15	19	20	22	23	24	25	26	27	28	29	
0	1	2	3	5	7	9	10	11	13	14	15	16	17	18	19	20	22	23	24	25	27	28	29	
1	2	3	4	5	7	9	10	12	13	14	15	17	18	19	20	21	22	23	25	27	
0	2	3	4	5	6	7	8	10	11	12	13	15	16	20	21	22	23	24	25	26	27	29	
1	3	4	8	10	11	12	13	14	15	16	18	21	22	23	24	25	26	27	28	29	
1	2	3	4	5	8	10	11	12	13	15	16	17	18	19	21	22	23	24	25	26	27	28	
0	4	5	6	7	9	10	11	12	13	14	16	17	18	19	20	21	23	25	26	27	28	29	
0	1	3	4	5	8	9	10	11	13	14	16	17	18	19	21	22	23	24	27	29	
0	1	2	3	4	6	7	8	11	12	13	14	15	16	17	18	19	20	21	22	27	29	
0	1	4	5	6	7	8	9	11	12	13	14	15	16	17	19	20	21	22	23	24	26	27	29	
0	1	2	3	5	6	7	8	10	11	12	14	16	17	18	19	21	22	23	26	27	28	29	
0	1	2	3	4	5	6	7	8	9	10	11	13	14	15	16	18	20	21	23	24	27	28	29	
0	1	2	3	6	7	8	9	10	11	12	14	16	17	20	22	23	24	26	27	28	
0	1	2	4	5	6	8	9	10	12	15	16	19	20	21	22	23	24	25	26	28	
0	1	3	4	5	6	7	11	13	14	15	16	17	18	19	20	21	22	25	26	27	29	
0	1	3	4	5	6	7	9	10	11	12	13	14	15	18	19	20	23	24	25	26	27	28	29	
0	1	2	4	5	6	7	8	10	11	14	16	17	18	19	21	22	24	25	26	28	29	
0	1	2	3	4	6	7	8	9	10	12	13	14	17	19	20	21	23	24	25	26	27	
0	3	4	5	6	7	8	10	13	14	15	16	17	18	19	20	22	23	24	25	26	27	28	
0	1	3	4	5	7	8	9	10	12	13	14	17	18	19	20	21	24	25	26	27	28	29	
0	1	2	3	5	7	9	10	11	13	14	15	17	18	20	21	22	23	24	25	26	27	28	29	
0	1	2	3	4	5	6	9	10	13	14	15	17	18	19	20	21	22	23	28	29	
2	3	4	5	6	7	8	9	10	12	13	14	15	18	19	20	22	23	24	25	26	27	28	29	
1	2	3	6	7	8	11	12	13	14	15	16	17	19	20	21	22	23	24	25	26	28	29	
1	3	4	5	6	7	8	9	10	12	13	14	15	16	17	18	20	21	22	24	26	27	28	29	
1	2	3	4	5	6	7	8	9	10	11	12	13	15	19	20	21	22	24	26	29	
0	1	2	4	5	6	7	8	9	10	15	16	18	19	20	23	24	25	26	27	28	29	
0	2	3	5	6	7	8	9	11	12	13	14	16	17	19	20	21	22	25	26	27	28	
0	1	3	6	7	8	9	10	12	13	15	16	17	20	21	22	23	25	26	27	29	
0	1	2	4	6	7	11	14	15	16	17	18	20	21	22	23	24	25	26	28	29	
0	1	2	3	4	6	7	8	9	10	11	12	13	14	15	16	17	18	19	21	23	24	26	
0	1	3	4	5	6	7	9	10	11	13	16	17	18	19	21	22	23	24	25	27	28	29	
1	2	3	4	6	8	9	10	11	12	15	16	18	20	21	22	23	25	26	28	29	
1	2	3	4	6	7	8	9	10	11	12	15	17	18	20	21	22	23	24	25	26	
0	2	4	6	7	8	10	11	12	13	14	15	18	19	20	22	24	26	27	28	29	
0	1	2	3	4	5	6	7	8	10	11	14	15	16	17	18	20	21	22	25	26	27	29	
0	2	4	5	6	7	8	10	11	12	14	17	19	20	21	23	25	26	27	28	29	
1	2	3	5	6	7	8	9	10	11	12	13	14	15	17	19	20	22	23	25	28	29	
0	2	3	4	5	6	7	8	9	10	11	12	13	14	15	18	19	20	23	25	26	29	
0	1	2	3	6	8	9	10	11	12	13	15	16	17	18	21	22	23	25	26	27	28	29	
1	2	4	5	6	8	9	10	11	12	13	14	15	17	18	20	21	23	24	25	27	
2	3	4	5	6	7	9	10	11	12	13	14	15	17	18	19	20	21	23	24	26	27	29	
1	2	3	4	5	6	7	8	9	10	11	12	13	14	15	16	17	18	22	23	24	25	28	29	
0	2	4	6	7	8	10	11	13	14	15	16	17	19	20	21	23	24	25	28	29	
1	4	5	6	8	10	12	13	14	15	17	18	19	20	22	23	24	25	26	27	29	
0	1	2	3	4	5	6	8	9	10	11	13	15	16	17	18	19	21	24	25	26	27	28	29	
1	2	4	5	6	7	8	9	11	13	14	16	17	18	19	20	21	22	23	24	26	28	29	
1	3	5	6	7	8	9	10	11	13	15	17	18	21	22	23	24	25	26	27	28	29	
2	3	4	6	7	8	10	11	12	13	15	16	18	19	20	22	23	24	25	26	27	28	
0	3	4	5	6	7	8	9	10	11	12	13	14	17	18	19	20	23	24	25	26	27	28	29	
0	2	3	4	5	6	7	8	10	11	14	15	16	17	18	19	21	22	23	26	27	29	
1	2	3	5	6	9	10	12	13	14	15	16	17	19	21	22	23	24	25	26	29	
0	2	3	6	7	8	9	10	11	12	14	15	16	18	19	20	21	23	24	25	26	29	
0	2	4	6	7	9	10	11	12	13	14	15	17	19	20	21	22	23	24	25	26	27	28	29	
0	1	2	3	4	6	7	8	10	11	12	13	14	15	16	17	20	21	22	24	25	26	28	29	
1	2	4	5	6	7	8	9	10	11	12	14	16	18	20	22	23	25	26	27	29	
0	1	2	3	4	5	7	8	9	10	11	12	14	15	18	19	22	23	24	26	27	28	29	
0	1	2	3	5	6	7	8	10	12	14	15	16	17	18	21	23	24	25	26	28	29	
0	1	2	4	5	7	8	9	10	11	12	14	17	20	21	22	23	25	27	28	29	
0	1	2	3	4	5	6	7	8	9	10	11	13	14	15	16	17	20	22	24	25	27	29	
0	1	2	4	5	6	7	8	9	10	11	12	13	16	17	18	20	21	22	25	26	27	
1	2	3	4	5	7	8	9	10	11	12	13	14	15	16	17	20	22	24	25	26	27	28	29	
0	1	2	3	4	5	6	7	8	9	10	13	16	19	20	21	22	23	24	26	27	28	29	
0	1	2	3	4	6	7	8	10	11	12	14	15	16	17	18	19	21	22	23	26	27	28	29	
0	1	2	3	4	5	6	9	10	11	12	13	14	15	21	22	23	24	26	28	29	
0	1	2	3	4	5	7	11	12	13	14	15	17	18	19	20	21	22	23	25	26	28	29	
0	1	2	3	4	5	6	7	9	10	11	13	15	17	18	19	20	21	22	23	24	25	26	
0	1	2	4	5	6	7	8	9	11	13	14	15	17	18	19	20	21	23	25	26	28	
2	4	5	6	8	9	10	11	12	13	15	16	17	18	19	20	21	22	23	24	25	26	28	
0	1	2	4	5	6	7	8	9	10	12	13	14	15	16	17	18	20	21	22	24	26	27	29	
0	2	3	5	6	8	9	10	11	12	13	14	16	17	19	20	21	23	26	27	28	29	
0	1	2	3	4	6	7	8	10	11	12	14	15	17	19	20	21	22	24	27	29	
0	2	3	4	5	6	7	8	9	11	12	13	14	15	17	18	19	20	21	22	24	25	26	27	
0	1	2	3	4	5	6	8	9	10	11	16	17	18	19	20	21	22	23	24	27	
0	2	3	4	5	6	7	8	9	10	11	12	13	16	17	20	21	23	24	25	26	27	29	
0	1	2	3	4	5	7	8	9	11	12	15	16	17	18	19	20	21	22	24	25	26	29	
1	2	4	5	7	8	9	10	11	12	13	14	16	17	18	19	20	21	22	23	24	26	28	29	
0	1	2	3	4	5	7	8	9	11	12	13	17	18	19	20	22	23	24	25	27	28	29	
0	1	4	6	7	8	9	11	12	13	16	17	18	19	20	21	22	23	24	25	26	27	28	29	
2	3	4	5	6	7	8	9	11	12	13	14	15	16	18	19	22	23	24	25	26	28	
0	2	4	5	7	8	9	10	11	12	13	14	16	18	19	20	21	22	23	24	25	26	27	28	
0	2	3	4	5	6	7	10	11	13	14	15	16	19	20	21	23	24	26	28	29	
0	1	2	3	5	6	10	11	13	14	16	17	19	20	21	22	24	25	27	28	29	
3	5	6	7	8	9	11	13	14	15	16	18	21	22	23	24	25	26	27	28	29	
0	1	2	3	4	6	7	8	9	11	12	13	14	15	16	17	20	22	23	24	25	26	27	28	
0	1	2	3	4	5	6	7	9	10	12	13	14	15	16	17	18	20	21	22	24	25	28	29	
0	1	2	3	4	5	6	7	8	10	11	13	16	18	19	20	21	22	25	26	28	29	
0	1	2	4	5	6	7	8	9	10	11	12	16	18	19	21	23	24	25	26	29	
0	1	2	3	4	5	6	7	8	9	11	12	13	14	16	18	19	20	21	22	24	26	27	28	
0	1	2	3	4	5	7	8	9	11	12	13	16	17	21	22	23	24	25	26	27	28	29	
0	2	3	4	6	8	9	10	12	13	14	15	16	17	20	21	24	25	26	27	28	
0	1	3	4	5	6	7	8	9	10	11	12	14	15	16	17	20	22	23	24	26	29	
0	1	2	3	4	5	6	7	9	10	11	13	15	16	17	20	21	22	23	24	25	26	27	28	
0	1	2	3	4	5	7	8	10	12	13	14	15	17	18	19	20	21	22	23	24	25	26	27	
0	1	5	6	7	8	9	10	11	12	13	14	16	17	18	19	20	21	23	24	25	27	28	29	
0	1	2	3	4	5	10	11	12	13	14	17	18	19	20	21	22	23	24	25	26	27	29	
0	1	3	4	5	7	8	11	12	13	14	15	17	19	20	21	22	23	24	26	27	28	29	
0	1	4	5	6	7	9	11	15	17	18	19	20	21	23	24	25	26	27	28	29	
0	2	5	6	7	8	10	11	12	13	14	15	16	17	18	20	21	24	25	26	28	29	
0	1	3	4	5	6	7	8	10	11	12	13	14	15	17	19	20	21	22	23	24	25	27	28	
1	2	3	4	6	7	8	9	10	11	12	14	16	17	18	19	22	23	24	25	26	27	28	29	
0	1	3	4	6	8	9	10	11	13	14	15	17	18	19	20	21	24	25	26	27	29	
0	1	2	3	4	5	6	7	9	10	11	12	13	14	15	17	18	21	25	26	27	28	29	
1	2	3	4	5	6	7	8	9	10	11	12	13	14	15	17	18	20	21	22	24	26	28	29	
0	2	3	6	7	8	9	10	13	14	15	16	17	18	19	21	22	24	25	27	29	
0	1	2	5	6	8	9	10	11	12	13	14	16	18	19	20	21	22	24	25	26	27	28	29	
0	1	2	5	6	8	9	10	11	13	14	16	17	18	19	20	21	22	24	25	26	27	28	29	
0	1	2	4	6	8	9	10	11	12	13	14	16	17	19	20	21	22	23	24	28	
0	1	2	3	8	9	10	12	13	14	17	18	19	20	21	23	25	26	27	28	29	
0	1	2	3	5	10	11	12	13	14	15	16	17	18	21	22	23	24	26	28	29	
0	2	4	5	6	8	9	11	12	13	15	17	18	19	20	21	22	24	26	27	28	29	
0	1	4	5	8	9	10	11	13	14	15	17	18	19	20	21	22	23	24	25	26	28	29	
1	3	4	5	10	11	12	13	14	15	16	17	19	20	21	22	24	25	26	27	28	29	
2	3	4	5	6	7	9	10	13	14	16	17	18	20	21	22	23	24	25	26	27	28	29	
0	1	2	3	4	5	7	8	9	12	13	14	15	16	17	19	20	22	23	24	26	27	28	29	
0	1	2	5	6	7	8	10	12	13	14	17	19	20	21	24	25	26	27	28	29	
1	2	3	4	5	6	8	9	11	15	16	17	18	19	21	22	23	26	27	28	29	
0	1	3	4	5	6	7	10	11	12	13	14	15	16	17	18	19	20	21	22	23	24	25	27	
0	1	4	6	7	8	10	11	12	13	14	15	18	19	20	21	22	23	24	25	26	27	28	29	
0	3	4	5	6	8	10	11	12	13	15	16	17	18	19	21	22	25	26	27	28	29	
2	3	4	5	6	8	10	11	13	14	15	16	17	18	19	20	21	25	26	27	28	29	
0	1	2	3	4	6	7	9	10	11	12	13	14	15	17	18	19	20	21	22	23	24	27	
1	2	3	4	5	6	8	9	12	13	14	15	16	18	19	20	21	22	23	24	25	27	28	29	
0	1	3	4	6	7	8	10	11	13	14	15	16	17	18	19	21	22	23	24	26	27	28	
0	1	2	3	4	5	7	8	9	10	11	12	13	14	15	16	17	19	20	22	24	25	26	27	
0	1	2	4	5	6	7	8	10	11	13	15	17	19	20	21	22	23	24	25	26	27	
1	2	3	4	5	6	7	8	9	10	13	14	15	16	17	19	20	21	24	25	26	27	28	29	
0	1	3	4	6	7	8	9	10	11	12	15	16	17	18	19	20	22	23	24	28	29	
1	4	5	6	7	8	9	10	11	12	13	14	15	16	18	19	21	22	23	24	27	28	29	
1	2	4	5	7	10	11	12	15	17	18	19	20	22	23	24	25	26	27	28	29	
1	2	3	4	7	8	10	11	13	14	15	16	17	19	21	22	23	24	25	26	27	29	
1	4	6	7	9	10	11	12	13	14	15	16	18	20	22	23	24	25	26	28	29	
0	1	2	4	5	6	8	9	10	12	13	14	15	18	19	20	21	22	23	24	25	26	27	
1	2	5	7	8	9	10	11	12	13	14	15	16	17	18	21	22	23	24	25	26	27	28	
0	1	2	5	6	7	9	10	11	12	13	15	17	18	19	20	21	22	23	24	25	26	28	29	
1	2	4	6	7	8	9	11	13	14	16	17	18	19	20	23	24	25	26	28	29	
1	2	5	7	8	9	11	12	13	14	15	16	18	19	20	21	22	26	27	28	29	
0	1	2	4	5	7	9	10	11	12	14	15	16	17	18	19	21	22	23	24	25	26	27	28	
0	1	3	4	5	6	7	8	9	10	11	13	14	16	17	19	21	22	23	24	26	27	28	29	
0	1	2	4	6	7	8	9	13	15	16	17	19	20	22	23	25	26	27	28	29	
0	1	2	3	4	5	9	10	12	13	14	16	17	19	22	23	24	25	26	27	28	
0	1	3	4	5	6	7	8	9	10	11	14	15	16	18	19	20	22	23	24	25	27	28	29	
0	1	3	5	6	9	10	11	12	13	14	16	18	19	20	21	22	24	25	28	29	
2	3	4	6	7	10	11	13	14	16	17	18	19	20	21	22	24	25	27	28	29	
0	1	3	5	6	7	8	9	11	12	13	14	16	17	18	19	20	21	23	24	25	27	
0	2	3	4	5	6	7	8	10	11	12	13	14	15	17	18	19	22	25	26	27	28	29	
0	1	2	3	4	5	7	9	10	11	12	13	14	15	16	18	19	22	23	24	25	26	28	29	
0	1	2	4	5	7	8	10	11	12	13	14	15	16	17	18	20	21	22	23	24	25	26	28	
0	1	2	6	7	8	9	10	11	12	13	15	17	18	19	20	21	22	24	25	26	27	28	29	
0	1	2	3	5	6	8	9	10	11	12	13	14	15	16	18	20	21	23	24	25	27	28	29	
1	2	4	5	7	8	9	10	11	12	13	14	15	16	17	19	20	21	23	24	25	26	28	29	
1	3	4	5	6	7	8	11	12	13	15	16	18	19	20	21	22	23	26	27	28	29	
0	5	6	7	8	9	10	11	12	13	14	15	16	18	19	20	22	23	24	25	26	27	28	29	
0	1	3	5	6	7	8	9	10	12	15	16	17	18	19	21	22	23	24	26	27	28	29	
0	1	2	3	4	5	7	8	10	11	12	14	15	16	17	18	19	22	24	25	26	27	28	
2	4	5	7	8	10	11	12	14	15	16	17	18	19	20	21	22	25	26	27	29	
2	3	4	6	7	8	10	11	12	14	15	16	17	18	20	22	23	24	25	26	27	28	29	
0	1	3	4	5	6	8	9	10	13	14	15	16	17	18	19	20	23	24	25	26	27	28	29	
0	1	2	5	7	8	9	10	12	13	14	15	16	17	18	19	22	23	24	25	26	27	28	29	
0	2	3	4	5	6	7	8	9	11	12	14	16	17	19	21	23	25	26	27	28	
0	1	5	6	7	8	9	10	11	12	13	14	15	16	17	18	19	20	21	23	25	27	28	29	
0	2	3	6	9	10	11	13	14	15	16	17	19	20	21	22	23	24	25	27	28	29	
0	1	2	3	5	6	7	10	11	13	14	15	16	18	20	21	22	23	25	26	27	28	29	
2	3	4	5	7	8	9	11	12	13	14	15	16	17	18	20	21	22	23	25	26	27	28	29	
0	1	2	3	4	5	6	8	9	10	11	13	15	16	17	20	22	23	25	26	27	28	29	
0	1	2	3	6	7	8	11	13	14	15	16	17	18	19	20	21	23	24	25	26	27	28	
1	2	3	5	7	8	9	10	11	12	14	15	16	17	18	19	20	21	22	23	24	25	27	29	
0	1	2	3	4	5	6	7	8	10	11	13	14	15	17	18	19	21	22	23	24	25	27	29	
0	4	6	7	8	9	10	11	12	13	14	16	18	19	20	21	22	23	24	25	28	
0	1	3	4	5	6	7	8	9	10	12	14	17	19	21	22	23	24	26	27	28	
0	1	2	3	6	7	8	9	10	14	15	17	18	20	21	22	23	25	26	27	28	29	
0	1	2	4	5	6	7	9	10	11	12	14	18	19	20	21	23	24	25	26	28	29	
0	2	3	4	5	9	11	12	13	14	15	16	17	18	19	20	21	23	24	25	26	27	28	29	
0	2	4	5	6	7	8	9	10	11	12	13	14	15	16	17	19	20	21	22	23	24	27	29	
0	1	2	3	4	5	8	11	12	14	16	17	18	19	20	21	22	23	24	25	26	27	29	
0	1	3	4	6	7	9	10	11	12	13	14	15	16	18	19	21	23	24	25	26	27	28	29	
0	1	4	5	6	7	8	10	11	12	13	14	15	16	17	18	19	20	21	23	24	26	28	
0	1	2	3	5	6	7	8	9	11	13	14	16	17	18	21	23	25	26	27	28	29	
0	1	2	5	6	8	9	10	11	12	13	14	15	16	17	18	19	20	22	24	25	27	28	
0	1	3	4	7	8	9	10	11	13	14	16	18	19	20	21	22	23	24	26	28	29	
0	1	4	6	7	8	10	13	14	15	16	17	19	21	23	24	25	26	27	28	29	
0	3	4	6	8	10	11	12	13	14	15	16	17	18	19	21	22	23	24	25	26	28	29	
0	1	2	3	4	5	6	7	8	9	10	11	15	16	17	18	19	21	22	23	25	27	28	29	
0	1	5	6	8	9	10	11	12	13	15	16	18	19	20	21	22	24	25	26	27	28	29	
0	2	4	6	7	10	11	13	14	15	16	17	18	19	20	22	23	24	25	26	29	
0	1	2	3	4	5	6	8	12	15	16	17	19	20	21	22	23	24	25	26	27	29	
0	1	2	4	5	7	8	9	10	11	12	14	15	17	18	19	20	21	22	23	24	25	27	28	
0	1	2	5	7	8	9	10	12	14	17	18	19	20	22	23	24	25	26	27	28	29	
1	2	3	4	5	6	7	9	11	12	13	14	15	16	18	19	20	21	22	25	26	27	28	
0	1	2	3	4	5	6	8	9	10	12	15	16	17	18	19	20	21	22	23	25	27	28	29	
2	3	5	6	8	9	11	12	13	14	15	17	18	20	21	22	23	24	25	26	27	29	
0	1	2	3	4	5	6	7	9	11	12	14	16	17	18	19	20	21	25	26	27	28	29	
1	2	3	4	5	6	7	8	9	10	11	12	13	14	15	16	17	20	21	22	23	24	27	28	
0	2	3	4	5	6	7	8	9	10	12	13	14	16	17	18	19	20	21	22	25	26	27	29	
0	1	2	3	4	5	6	8	9	10	11	14	15	16	17	18	22	23	24	25	26	27	28	
0	1	2	5	6	7	10	11	12	13	14	15	16	19	20	21	22	23	24	25	26	27	29	
1	2	3	4	5	6	8	9	11	12	13	14	16	19	20	21	22	23	25	28	29	
0	1	2	3	4	5	6	7	8	9	10	14	16	17	18	20	21	22	23	24	27	28	29	
0	1	3	4	6	7	8	9	10	12	13	15	16	18	19	20	22	24	25	26	28	29	
1	3	4	5	7	8	9	11	12	13	14	16	17	18	19	20	21	23	24	25	26	27	28	29	
1	2	3	4	5	6	7	8	9	10	11	12	13	16	19	20	21	25	27	28	29	
2	3	4	6	9	10	11	12	13	14	15	16	17	18	19	20	21	23	24	25	26	28	29	
2	3	4	5	6	8	9	11	12	14	15	16	18	19	20	21	22	23	24	26	27	28	29	
0	1	4	6	8	10	13	14	15	16	17	18	19	20	21	22	23	25	27	28	29	
1	4	5	6	7	8	9	11	13	16	17	19	20	21	22	24	25	26	27	28	29	
1	2	3	4	6	8	9	10	11	12	14	16	17	18	19	20	21	22	23	24	25	26	27	28	
1	3	4	5	6	7	9	10	11	13	14	16	17	18	19	23	25	26	27	28	29	
0	2	3	4	5	6	7	8	9	10	12	13	14	16	17	20	22	23	24	25	26	27	28	29	
0	1	2	3	4	5	7	8	9	10	11	15	16	17	19	20	21	22	23	25	26	27	28	29	
0	1	2	3	4	6	7	9	11	12	13	14	16	17	19	20	21	22	23	24	25	27	28	29	
0	1	2	5	6	7	8	10	11	12	13	14	16	17	19	20	21	22	23	25	26	27	28	29	
0	2	3	4	5	6	7	9	10	11	12	14	15	16	17	18	20	21	22	23	24	25	26	28	
0	2	3	4	5	6	8	10	11	12	13	15	16	17	18	20	21	23	24	25	26	27	28	29	
1	3	5	7	8	9	11	13	15	17	18	19	21	22	23	24	25	26	27	28	29	
0	2	3	4	5	6	7	9	11	12	13	14	15	18	19	20	21	22	23	24	25	29	
0	1	2	3	4	8	10	11	12	13	14	18	19	20	21	22	23	24	25	26	27	
0	1	2	3	4	5	6	8	9	10	11	14	15	16	18	20	21	22	23	24	25	28	29	
0	1	2	3	4	6	7	8	11	12	14	15	16	17	18	19	21	22	23	25	26	28	29	
0	1	4	6	7	8	9	11	12	13	14	16	17	18	19	20	21	22	23	24	26	27	28	29	
0	1	2	6	7	8	9	12	14	15	16	17	18	19	20	21	22	24	26	27	28	29	
3	4	5	6	7	9	11	12	13	14	15	16	17	18	19	20	21	22	23	24	25	26	27	
0	1	4	5	6	7	8	9	10	11	12	13	14	18	20	22	24	25	26	27	28	29	
0	1	2	3	4	5	6	7	9	11	13	14	15	16	18	19	20	21	22	23	26	27	29	
3	4	5	6	7	8	9	10	11	12	13	14	15	16	17	18	19	21	22	23	24	25	28	
0	1	2	3	4	8	10	11	12	13	14	15	16	18	19	21	25	26	27	28	29	
1	3	5	7	8	9	10	11	12	13	14	15	16	18	19	20	22	23	24	25	27	28	
0	1	2	3	5	7	8	9	11	12	13	14	15	16	17	18	19	21	22	23	25	26	29	
1	2	3	5	6	8	9	11	12	13	14	16	17	18	19	20	21	22	23	24	25	27	28	
1	2	4	5	6	7	9	10	12	14	15	16	18	19	20	22	23	24	25	26	27	28	29	
0	1	2	3	5	7	8	11	13	16	17	18	19	20	21	22	23	24	25	26	29	
0	1	3	4	5	6	7	10	11	13	14	18	19	20	22	23	24	25	26	27	28	
0	1	3	6	7	8	9	10	11	12	13	14	15	16	19	21	22	23	24	25	26	27	29	
1	2	4	5	6	9	10	11	13	14	15	16	17	18	19	20	21	22	23	25	26	28	
0	1	2	3	4	5	7	8	9	10	11	12	13	14	15	16	18	19	20	22	23	25	28	29	
0	3	4	5	6	8	9	10	11	12	13	14	15	16	17	18	19	20	21	22	24	27	28	29	
0	1	2	3	4	5	6	7	8	9	11	13	15	17	19	20	21	22	23	24	26	27	28	29	
0	2	6	7	8	9	10	11	12	13	16	17	18	19	20	21	23	24	25	26	28	29	
0	1	2	4	5	6	7	8	10	12	13	14	15	16	19	20	21	24	25	27	28	
0	1	2	3	4	6	7	8	9	11	12	16	18	19	20	21	24	26	27	28	29	
0	1	2	3	4	5	6	7	8	9	10	11	12	13	14	16	17	18	19	21	23	24	26	29	
0	1	2	4	6	8	11	12	14	15	17	18	19	20	21	22	23	24	25	26	27	28	29	
0	2	3	4	5	6	7	8	9	10	11	12	13	15	16	18	20	21	22	23	24	25	26	27	
0	1	3	4	5	6	7	9	11	12	14	15	16	17	18	19	20	21	22	23	24	28	29	
0	1	2	3	4	6	7	8	9	10	11	12	13	14	15	18	20	21	22	23	24	27	28	29	
1	2	3	4	5	6	7	9	10	11	13	14	15	16	17	18	19	20	21	24	25	26	28	29	
0	1	3	4	5	7	10	11	12	13	14	15	16	17	18	19	20	21	22	23	25	29	
0	1	2	3	4	6	8	9	12	14	15	16	17	18	20	21	22	23	24	25	28	29	
0	1	2	4	5	6	7	8	10	11	12	13	14	15	16	17	19	21	22	24	27	28	29	
1	2	3	4	5	6	7	9	11	12	13	17	19	20	21	24	25	26	27	28	29	
0	2	3	4	5	6	7	9	10	11	12	13	14	15	16	17	18	19	20	21	25	26	28	29	
0	1	2	3	4	5	6	9	10	11	13	14	15	16	17	18	20	21	22	26	27	29	
0	1	2	3	4	6	7	8	10	12	13	15	16	18	19	21	22	25	26	28	29	
0	1	2	3	6	7	9	10	11	12	13	14	16	18	19	20	21	22	23	25	26	27	28	29	
0	2	3	4	5	7	8	9	10	11	12	13	14	16	17	18	20	21	23	24	26	27	28	29	
1	2	3	4	5	6	7	8	10	11	13	14	15	16	17	20	21	22	24	25	26	27	29	
1	2	3	4	7	10	11	12	14	15	16	17	19	20	21	22	23	24	25	26	27	29	
1	2	3	5	6	8	9	10	11	12	15	16	17	18	19	23	24	25	26	27	28	
0	1	2	4	5	6	7	8	9	11	12	13	14	16	17	18	19	20	22	24	29	
0	5	6	7	8	9	10	11	12	13	14	15	16	17	18	19	20	21	23	26	27	28	
0	3	5	6	7	8	9	10	11	12	13	14	15	16	18	19	20	22	23	24	25	27	28	29	
1	2	3	6	7	9	10	11	12	13	15	16	18	19	20	21	22	23	24	25	26	27	29	
0	1	2	8	9	10	11	12	13	14	15	16	17	18	19	20	22	23	24	25	26	27	
0	2	4	5	6	7	8	9	10	11	13	14	15	16	17	18	20	21	23	24	26	27	28	
1	2	3	4	6	8	9	10	11	13	14	15	17	18	20	21	22	23	24	25	27	29	
1	2	3	4	6	7	8	9	10	11	14	17	18	19	20	21	22	23	24	25	26	27	28	29	
1	3	4	5	7	8	10	12	14	16	17	18	19	21	23	24	25	26	27	28	29	
0	1	2	4	5	6	8	9	11	12	13	14	15	17	18	20	21	22	23	24	26	27	28	29	
1	2	3	6	7	8	9	10	11	12	13	15	16	18	19	20	21	22	23	25	26	27	28	
2	3	4	5	6	7	9	10	12	13	14	15	16	18	19	20	22	23	24	26	27	
0	3	4	5	6	7	8	10	11	12	13	14	16	18	19	21	22	25	26	27	28	29	
0	1	2	3	6	7	8	9	11	12	13	15	16	18	20	21	23	25	26	27	28	
1	2	4	6	7	8	9	11	12	14	16	17	18	21	22	23	24	25	26	28	29	
1	2	3	6	7	8	9	10	12	14	16	19	20	21	22	24	25	26	27	28	29	
1	2	3	4	5	6	8	9	11	12	13	15	16	17	18	19	21	22	23	24	25	26	28	29	
0	1	2	3	4	5	6	8	9	10	11	12	13	14	15	19	20	21	22	23	24	26	27	28	
0	1	2	3	4	5	6	7	8	9	10	12	14	15	16	17	18	21	23	24	26	27	28	29	
1	2	3	4	5	6	7	8	10	12	14	16	19	20	21	22	23	25	26	28	29	
0	1	2	3	4	5	7	9	11	12	13	14	15	16	17	18	19	21	23	25	28	
0	3	4	5	6	7	8	9	10	11	12	13	14	15	16	18	20	22	23	24	26	27	29	
0	2	3	4	5	6	7	9	10	11	12	13	15	16	17	22	23	24	25	27	28	
0	1	2	3	4	5	6	8	10	12	13	14	16	17	18	19	20	21	22	23	24	25	27	29	
0	1	2	3	4	5	7	10	12	14	16	17	19	20	22	23	24	25	26	27	28	29	
0	2	3	4	5	7	8	9	10	12	15	16	17	20	21	22	23	25	26	27	28	
0	1	2	3	4	5	6	11	12	13	14	15	18	19	20	22	23	24	25	27	28	29	
0	1	4	5	6	9	10	11	13	14	15	17	18	19	20	23	24	25	27	28	29	
0	1	2	3	4	5	6	7	9	10	12	13	14	17	18	19	20	21	22	23	26	27	29	
0	1	2	4	9	10	12	13	16	17	18	19	20	21	22	23	24	25	26	27	28	29	
0	2	3	4	5	6	8	12	13	14	16	17	18	19	20	22	23	24	25	26	27	28	29	
0	1	2	3	5	6	7	8	10	11	12	13	15	17	18	19	20	21	22	23	24	25	26	27	
0	1	2	4	5	6	7	8	9	11	13	14	15	16	17	18	21	22	25	26	27	28	29	
0	2	3	4	5	6	8	9	10	12	14	15	17	18	20	21	24	25	26	27	28	29	
1	2	5	6	8	10	11	12	14	15	17	18	19	21	22	23	24	25	26	27	28	29	
2	3	4	5	6	7	8	10	11	12	13	15	16	17	18	19	20	21	22	23	25	26	27	28	
0	2	3	4	5	6	7	8	9	11	12	13	14	15	16	17	20	21	22	24	25	26	27	
0	1	3	5	6	7	8	11	12	13	15	16	17	18	19	21	22	23	24	25	26	28	29	
1	2	4	5	6	7	8	9	10	12	13	15	16	19	20	22	24	25	26	27	28	29	
0	1	3	4	5	6	7	8	12	13	15	16	17	18	20	21	22	23	24	25	26	29	
2	3	4	5	7	8	9	10	11	12	14	15	16	17	18	19	20	22	25	27	28	
0	1	2	4	5	6	7	8	9	10	11	13	15	16	17	18	20	21	22	23	24	26	27	28	
0	2	4	5	6	7	9	10	11	12	13	14	15	16	17	19	23	25	27	28	29	
0	1	3	5	6	7	8	10	11	12	14	15	16	17	18	19	20	21	22	23	24	25	26	27	
0	2	4	5	6	7	8	11	12	13	14	15	17	19	20	21	22	24	25	26	28	29	
2	3	4	5	6	10	11	12	13	14	15	16	18	19	20	22	23	25	26	27	29	
3	5	6	7	8	9	10	11	12	13	16	17	18	19	20	22	23	24	26	28	29	
0	2	6	7	8	9	11	13	14	15	17	18	19	20	22	23	24	25	26	27	28	29	
1	2	3	4	5	7	8	9	10	11	12	14	16	19	20	21	22	25	27	28	29	
1	2	4	5	8	9	11	12	13	14	16	17	18	21	22	23	24	25	27	28	29	
0	1	4	5	7	9	11	12	13	14	15	16	17	18	20	22	24	26	27	28	29	
1	2	3	4	5	7	9	10	11	12	13	14	15	16	18	19	21	23	24	26	27	29	
0	1	3	5	8	9	10	13	14	15	16	17	18	19	20	22	23	24	27	28	29	
0	1	3	4	5	6	7	9	10	11	12	13	14	15	16	17	18	19	21	22	25	27	28	29	
0	1	2	3	5	6	9	10	12	13	14	15	16	17	18	19	21	22	24	25	27	28	29	
1	2	3	4	6	7	9	11	12	14	16	17	18	21	22	24	25	26	27	28	29	
1	2	3	4	6	7	8	9	10	11	12	13	14	15	16	17	18	20	21	22	23	25	27	29	
0	1	2	3	4	6	7	9	10	11	12	13	16	17	19	20	21	22	24	25	26	27	28	29	
0	1	2	3	6	7	8	10	11	12	15	16	17	18	19	20	22	23	24	25	27	28	29	
0	2	3	4	5	6	10	11	14	16	17	19	20	21	22	23	24	25	26	28	29	
0	3	4	5	6	7	9	10	11	15	16	17	18	19	20	22	23	24	25	26	27	28	29	
1	2	3	4	6	7	9	10	12	13	14	16	17	20	21	22	23	24	25	26	28	29	
0	1	3	5	7	8	11	14	15	16	17	18	20	21	22	23	24	25	26	27	28	29	
0	1	2	6	7	8	10	11	12	13	14	15	16	18	19	22	23	25	27	28	29	
0	2	3	5	6	7	8	9	10	11	12	13	17	18	19	20	21	22	23	24	25	26	27	28	
0	1	3	5	6	7	9	10	11	13	14	15	16	17	18	20	21	23	24	25	26	27	29	
0	2	3	4	5	6	7	9	11	12	13	14	17	18	20	21	22	24	25	28	29	
0	1	2	3	4	5	6	8	10	12	13	14	15	17	19	20	22	23	24	25	26	27	28	
1	3	4	5	6	7	8	9	11	12	14	17	18	19	20	21	22	24	27	28	29	
0	1	3	4	5	6	7	8	10	11	14	15	16	17	18	19	21	22	24	25	26	28	29	
2	3	4	6	8	9	10	11	13	15	16	17	18	19	20	23	24	25	26	28	29	
0	3	5	6	8	9	10	13	14	16	17	18	20	21	23	24	25	26	27	28	29	
0	2	3	4	7	9	10	11	12	13	14	15	16	17	19	21	22	23	24	25	27	28	29	
0	3	4	6	8	9	10	11	12	13	15	16	17	19	20	21	22	24	26	27	28	
0	1	2	3	4	5	7	8	10	11	13	14	16	18	19	21	22	23	24	27	28	29	
0	2	4	5	6	8	9	11	12	13	14	16	18	19	21	22	23	24	25	27	28	29	
0	1	2	3	5	6	7	9	10	11	12	13	15	18	19	20	21	23	24	25	27	28	
0	1	2	3	4	5	6	8	9	11	13	16	17	18	19	20	22	23	25	26	28	29	
0	1	3	4	5	6	8	10	11	13	14	15	16	17	18	20	21	22	23	25	26	27	28	29	
0	1	4	5	6	7	9	10	11	12	14	15	16	17	18	19	21	23	24	25	26	27	28	
0	1	2	3	5	6	7	8	9	10	12	14	15	16	18	20	22	23	24	25	27	28	29	
1	2	3	4	6	7	8	10	11	12	15	16	17	18	19	20	22	23	24	25	26	28	
0	1	2	3	4	6	10	11	12	13	14	15	16	19	20	21	22	24	25	26	27	28	29	
0	1	2	3	4	5	6	7	9	11	14	15	18	19	20	21	22	23	24	25	26	27	28	29	
1	4	5	7	8	9	10	11	12	14	15	16	18	21	22	23	24	26	27	28	29	
2	3	4	5	6	7	9	10	11	13	14	15	16	17	18	19	20	22	23	24	25	26	27	28	
1	3	4	5	6	7	8	9	11	12	13	14	15	16	17	19	20	21	22	23	25	26	27	28	
0	1	2	3	6	7	8	9	11	12	14	16	17	18	19	20	21	22	24	25	27	29	
2	3	4	5	6	8	9	10	12	13	14	15	16	17	18	19	21	22	23	26	27	28	29	
0	2	4	5	6	7	9	10	13	14	15	16	18	19	20	21	22	24	25	26	28	29	
0	1	2	3	4	5	6	9	10	11	13	14	15	17	18	19	21	25	26	27	28	29	
0	1	3	4	5	8	9	10	11	13	14	15	16	17	19	21	22	23	24	25	26	27	28	
0	1	2	3	4	5	6	7	8	9	10	12	15	16	17	18	19	20	22	24	25	27	28	
0	1	2	3	4	5	6	7	8	9	10	11	13	14	15	17	18	20	21	22	24	26	27	28	
0	2	3	5	7	10	11	12	13	15	16	17	19	20	21	22	23	24	25	26	27	29	
0	1	2	3	4	5	6	7	9	10	12	15	16	18	19	20	22	23	24	25	26	28	29	
0	1	2	3	4	5	6	7	8	9	10	11	12	15	17	19	20	21	22	23	24	27	29	
0	2	4	5	6	7	9	11	13	14	15	16	17	18	22	23	24	25	27	28	29	
0	2	4	6	7	8	10	11	12	15	16	17	18	19	20	21	22	23	24	25	27	28	29	
0	1	2	4	6	7	8	9	10	11	12	14	15	18	19	20	21	22	23	24	26	28	29	
0	1	2	3	4	5	6	7	8	9	10	12	14	15	19	21	22	23	24	25	26	27	28	29	
1	2	3	5	6	7	8	11	12	13	14	16	17	18	19	21	23	24	25	26	27	
0	1	2	4	5	6	7	8	10	11	13	14	16	17	18	20	21	23	25	26	27	28	29	
0	1	2	3	4	5	6	7	11	12	13	14	15	16	17	19	20	21	22	23	25	26	27	28	
0	1	2	3	4	6	7	8	10	11	12	13	14	15	16	17	18	19	20	22	24	25	26	27	
0	1	2	5	6	7	8	9	10	11	12	13	14	15	16	17	19	21	25	27	28	
0	2	3	4	5	6	7	8	9	10	11	12	13	15	18	21	22	23	25	26	27	28	
0	1	3	5	6	7	8	10	11	12	14	15	16	17	18	21	22	23	24	25	27	28	29	
0	2	4	5	6	7	9	10	11	12	13	15	16	17	18	19	20	21	22	23	25	28	
0	1	2	3	4	5	7	9	10	12	13	16	17	18	19	20	21	22	23	25	26	28	29	
1	4	5	6	7	8	9	11	13	14	16	17	18	19	20	21	22	23	24	25	26	27	29	
1	4	7	8	9	10	11	12	13	14	15	16	17	18	19	21	22	23	24	25	26	27	28	
0	1	2	3	4	7	9	10	11	12	13	14	16	18	19	20	21	22	24	25	27	28	
2	3	4	5	6	8	9	11	12	13	15	17	18	19	20	22	23	25	27	28	29	
2	3	4	6	7	10	12	13	14	15	16	17	18	19	20	21	22	23	24	25	26	27	29	
0	2	5	6	7	8	9	10	11	12	13	14	15	16	17	18	20	21	23	24	25	26	27	28	
0	1	2	3	4	6	9	10	11	12	13	15	16	17	19	20	21	22	23	24	25	27	28	29	
1	2	5	6	7	8	9	10	12	14	15	16	17	18	19	21	23	25	26	27	28	29	
1	2	3	4	6	7	8	11	13	16	17	18	19	20	21	22	24	25	26	27	28	29	
0	4	5	6	7	8	9	10	11	12	13	14	15	17	18	20	21	22	23	24	25	27	28	29	
0	1	3	5	6	7	9	10	11	13	15	16	17	19	21	23	24	26	27	28	29	
0	2	5	7	8	10	11	12	13	16	17	19	20	21	22	23	24	25	26	27	28	29	
1	2	4	5	6	7	8	11	12	13	14	15	16	18	19	20	21	22	23	25	26	28	29	
0	1	2	3	4	6	7	8	9	10	11	12	13	15	17	18	19	21	22	26	27	28	
1	2	3	4	5	6	8	9	10	11	13	15	16	17	18	19	22	23	24	25	26	27	29	
1	2	3	4	7	8	9	10	11	12	13	14	15	16	17	19	21	22	23	24	26	27	
0	1	2	4	6	7	8	11	13	15	16	17	18	20	21	22	24	25	26	28	29	
0	2	3	4	5	6	8	9	11	12	14	15	16	18	22	24	25	26	27	28	29	
1	3	4	5	6	7	8	9	10	12	13	14	16	17	18	20	23	24	25	26	27	28	29	
0	1	2	4	5	6	7	8	9	11	14	15	16	17	18	19	21	24	25	26	28	
1	2	3	6	8	9	10	11	12	13	14	15	17	18	19	20	21	22	24	28	29	
0	1	2	3	4	6	7	8	9	11	12	13	14	15	17	18	19	20	21	23	24	26	27	29	
2	4	5	6	7	8	10	11	12	13	14	15	17	18	21	22	23	25	26	27	29	
0	1	3	4	5	6	7	8	9	10	12	13	14	15	16	18	20	22	23	24	25	26	27	
0	1	2	4	5	6	7	9	10	11	12	13	14	15	16	17	18	19	23	24	27	28	29	
0	1	3	4	7	8	10	11	12	13	14	16	17	18	19	21	22	23	25	26	27	28	29	
0	1	4	5	6	7	8	9	10	11	12	13	16	17	18	19	20	21	23	24	25	26	28	
1	2	3	4	5	7	8	10	11	12	14	15	16	17	18	20	21	24	25	26	27	28	
0	1	2	3	5	6	8	10	11	12	13	15	16	18	20	21	22	23	24	26	28	29	
0	2	3	4	5	6	7	8	9	10	11	12	13	14	15	18	20	22	24	26	27	28	29	
0	1	5	6	7	8	9	10	11	12	13	15	16	18	19	20	22	23	25	26	27	28	
2	3	4	5	6	7	8	9	11	12	13	14	15	16	17	18	19	20	22	23	24	25	28	
0	1	2	3	4	7	8	9	10	11	14	16	17	19	20	21	23	24	25	26	28	29	
0	1	2	3	5	7	9	10	12	14	16	17	18	19	20	21	22	23	24	25	26	27	28	29	
0	2	5	6	7	8	9	10	11	12	14	16	17	19	20	21	22	23	24	25	26	27	28	
0	2	3	5	6	7	8	9	10	12	13	14	15	17	18	20	21	22	23	25	26	27	28	29	
0	1	2	3	4	5	6	7	10	11	12	13	14	15	16	18	19	21	22	24	25	28	29	
1	3	5	7	8	10	11	12	13	14	17	19	20	21	22	23	25	26	27	28	29	
0	1	2	3	4	5	6	9	11	12	13	15	17	18	19	20	23	24	25	28	29	
1	2	3	5	6	7	8	9	10	13	14	15	19	21	22	23	24	25	27	28	29	
0	1	2	3	5	6	7	8	9	10	11	12	13	14	15	17	18	20	22	23	25	26	29	
1	2	3	4	5	6	8	9	10	11	12	15	16	17	18	20	23	24	25	26	28	29	
0	1	2	4	6	8	10	11	12	13	14	15	16	17	18	19	20	21	23	24	25	26	27	29	
1	2	3	5	6	7	8	10	11	12	13	14	15	16	18	19	20	22	25	26	27	28	29	
0	1	3	4	5	6	7	8	9	12	13	14	15	18	20	21	22	24	25	26	27	28	29	
1	2	6	7	8	9	10	11	13	14	15	16	19	20	21	23	24	25	26	27	28	29	
0	1	3	4	5	8	9	11	14	15	16	17	18	19	21	22	23	24	26	27	28	
1	2	3	4	5	7	8	9	10	11	14	15	16	18	19	20	21	23	25	26	28	29	
0	2	3	4	5	6	7	8	9	10	11	13	14	15	18	19	20	21	22	24	25	26	27	28	
0	1	2	3	4	5	6	9	11	14	15	16	17	18	19	20	22	23	24	25	27	
1	2	3	4	6	7	8	9	11	12	13	14	16	17	18	19	20	21	22	25	29	
2	3	4	5	8	9	11	12	13	14	16	18	19	20	21	22	24	25	26	27	28	29	
0	1	2	5	6	8	10	11	13	14	15	16	17	18	19	20	23	24	26	27	28	29	
1	2	3	4	5	6	7	10	12	14	15	16	17	18	20	21	22	23	24	25	27	28	29	
0	1	2	3	4	5	6	8	9	10	11	12	13	14	15	17	19	20	21	22	23	24	25	27	
1	2	3	4	5	7	8	9	10	11	12	13	14	15	16	17	19	21	22	23	24	26	27	28	
0	1	2	3	5	6	8	9	11	13	14	15	16	17	18	21	22	25	26	28	29	
0	1	3	5	6	7	8	9	10	11	12	13	14	15	17	20	22	23	24	25	26	28	29	
1	2	3	4	5	6	7	8	12	13	14	15	16	17	18	19	21	22	23	24	26	27	28	29	
0	2	3	5	6	7	8	9	12	13	14	15	18	19	21	22	23	24	25	26	27	28	
0	1	3	4	5	6	7	8	9	10	13	14	18	19	20	21	22	24	25	26	27	28	29	
0	1	3	4	5	7	8	10	12	13	14	15	16	17	18	19	20	21	23	25	26	27	
0	1	2	4	5	6	7	8	9	10	11	16	17	19	20	22	23	24	26	28	29	
0	1	4	6	7	8	9	10	11	12	13	14	16	18	19	20	21	22	23	24	25	26	28	29	
1	2	6	7	8	9	10	13	14	15	16	17	19	21	23	24	25	26	27	28	29	
2	4	5	6	7	8	10	11	12	14	15	16	19	20	21	22	23	24	25	26	27	28	
0	1	2	3	6	7	10	11	12	13	14	16	18	19	20	21	22	24	25	26	27	28	29	
1	2	3	4	5	6	8	9	10	11	13	14	15	16	18	20	21	22	23	24	25	26	27	29	
0	1	3	5	7	8	9	10	11	12	14	15	16	17	18	20	21	23	24	25	29	
2	4	6	7	8	9	10	11	12	13	14	16	17	19	21	22	23	24	25	26	27	
1	2	3	4	7	8	9	10	11	13	14	15	16	17	18	19	20	21	22	23	24	25	27	28	
0	1	2	6	7	8	9	10	12	15	16	17	19	20	21	22	23	25	26	27	28	29	
0	1	2	4	5	6	7	8	11	12	13	15	16	17	18	20	21	22	25	27	28	29	
0	1	2	4	5	6	8	10	11	12	13	15	17	19	20	21	22	25	26	27	29	
0	1	2	4	5	6	8	9	10	11	12	14	15	17	18	19	20	21	22	23	25	26	29	
0	1	2	5	6	7	9	10	11	12	13	15	16	17	19	20	21	22	23	25	26	27	28	29	
1	2	3	4	6	11	12	13	14	15	18	19	20	21	22	23	24	25	26	27	28	
0	2	3	4	5	6	7	8	9	10	11	13	15	17	18	19	20	21	22	23	24	26	27	29	
1	2	3	4	5	6	7	8	9	10	11	12	14	15	18	19	22	23	24	25	26	27	28	29	
0	2	3	4	5	6	9	10	11	12	13	14	16	17	19	20	21	24	25	27	28	29	
0	1	2	3	5	7	8	10	13	15	16	17	19	20	22	23	24	26	27	28	29	
1	2	5	7	8	9	10	12	13	14	15	16	18	19	22	23	24	25	27	28	29	
1	4	5	6	9	10	11	12	13	14	15	17	18	19	20	22	23	25	26	27	28	29	
0	1	5	6	7	9	11	12	14	15	16	17	18	19	20	21	22	24	26	27	28	29	
0	1	3	4	5	6	7	8	9	10	11	15	16	17	19	21	25	26	27	28	29	
0	1	2	4	7	9	10	11	14	15	16	17	18	19	20	22	23	24	27	28	29	
0	1	2	3	4	5	6	7	8	10	12	14	15	16	17	18	20	21	22	23	25	27	28	29	
1	2	3	5	7	8	9	10	12	13	16	17	18	19	20	21	22	23	24	26	27	28	29	
0	1	2	5	6	7	9	10	11	12	14	15	16	18	20	21	22	23	24	25	26	27	29	
0	1	3	4	5	6	7	8	9	11	12	13	14	16	17	19	21	22	24	26	27	28	29	
0	2	3	4	5	6	7	8	10	11	12	13	14	16	20	21	24	25	26	28	29	
0	1	2	4	5	6	7	9	10	12	13	14	16	17	18	19	20	21	22	24	26	28	
0	1	3	4	6	7	8	11	12	13	15	17	18	21	22	23	25	26	27	28	29	
0	1	2	4	5	8	9	10	11	13	15	18	19	20	21	22	23	24	25	26	27	28	29	
1	2	4	5	6	7	8	9	10	11	12	14	15	16	19	20	21	22	24	26	28	29	
0	2	3	4	5	6	7	8	9	12	13	14	16	17	20	22	24	25	27	28	29	
0	1	2	3	5	6	8	10	11	12	13	14	15	17	18	20	21	22	23	24	25	27	28	29	
2	3	5	6	7	8	10	11	12	14	15	16	18	19	20	21	22	23	25	26	27	28	29	
0	2	3	4	5	6	8	10	11	13	14	18	19	20	21	22	23	24	25	27	28	29	
0	1	2	3	4	5	6	8	10	11	13	15	17	18	21	22	23	24	26	27	28	29	
1	3	4	5	6	7	8	9	10	11	12	13	14	17	18	19	20	21	23	25	26	28	29	
0	1	2	3	4	5	8	9	10	11	12	15	16	18	19	21	22	23	24	25	29	
0	1	2	3	5	6	7	8	9	11	13	14	15	16	17	18	19	20	21	22	23	24	27	29	
0	2	3	4	5	6	7	9	10	11	12	13	14	15	16	17	18	19	21	24	26	29	
0	2	3	4	6	7	9	10	11	12	13	14	16	17	18	19	20	21	25	26	27	28	29	
0	1	2	3	4	5	8	9	10	12	13	16	17	18	20	21	22	23	24	25	26	27	28	29	
0	1	4	5	6	9	10	11	12	14	16	17	19	20	21	23	24	25	26	27	28	
0	1	2	3	4	5	7	8	9	10	13	16	17	18	19	20	21	22	24	25	26	28	
0	1	2	3	4	5	8	9	10	11	12	13	14	16	18	19	20	22	25	26	27	
0	1	2	3	5	6	8	9	10	11	12	13	15	16	17	18	19	21	22	23	24	25	26	
0	1	3	4	5	7	8	10	12	13	14	15	17	19	21	22	23	24	25	26	28	29	
1	2	3	6	8	10	11	12	13	14	16	17	18	19	20	21	22	23	24	25	26	28	
0	1	3	4	5	6	8	9	10	12	13	14	16	17	20	21	22	24	25	26	28	
0	2	3	5	7	8	9	10	11	12	13	14	15	17	20	21	22	23	24	25	26	27	28	
0	2	3	5	6	7	8	11	12	14	15	16	17	18	20	21	23	24	26	27	28	29	
2	4	5	6	8	9	10	11	13	14	16	17	18	19	21	22	23	24	25	27	29	
0	2	6	7	8	9	10	11	12	13	14	15	16	17	18	20	21	22	23	25	26	27	28	29	
0	3	5	6	7	8	10	11	12	13	14	15	16	17	19	21	23	24	26	27	28	
0	1	2	3	4	8	9	11	12	13	15	16	19	22	23	24	25	26	27	28	29	
0	1	2	3	4	5	6	7	8	9	10	11	12	15	16	17	19	21	22	25	26	27	
0	1	2	3	4	5	8	9	10	11	12	18	19	20	21	22	24	25	26	28	29	
1	2	3	4	6	7	8	10	11	13	14	15	17	18	19	20	21	22	23	24	25	26	27	29	
0	1	2	5	6	7	8	9	10	11	13	14	16	17	19	20	21	23	25	27	28	29	
3	4	5	6	7	8	9	10	11	12	13	16	17	18	19	20	21	22	23	25	26	27	
0	1	2	3	4	6	7	8	10	12	13	14	15	16	20	21	22	23	24	25	26	27	28	29	
0	1	2	4	5	6	7	9	12	14	15	16	19	20	21	22	23	24	27	28	29	
0	1	2	3	4	5	7	10	11	14	16	17	18	19	20	21	22	23	24	25	26	27	
0	1	2	3	4	6	7	10	11	12	14	15	17	18	20	21	22	23	24	25	26	27	28	29	
1	2	3	4	6	9	11	13	15	16	17	18	19	20	21	22	23	24	26	27	28	29	
0	2	3	4	5	6	7	8	9	12	13	14	16	17	19	20	23	25	26	27	28	
0	1	2	4	6	7	9	10	12	13	14	15	16	17	18	20	21	22	23	24	25	26	28	29	
0	1	2	3	4	5	6	7	8	10	11	12	14	15	18	20	21	22	23	25	26	29	
0	1	3	4	5	6	8	9	10	11	13	14	15	17	18	21	22	23	24	25	27	28	29	
0	1	2	4	5	7	8	9	10	13	14	15	16	17	18	20	21	22	23	24	25	27	28	
0	1	2	3	5	7	8	9	11	12	14	15	17	19	20	21	22	23	24	25	26	27	28	29	
1	4	5	8	9	10	11	12	13	14	15	17	18	19	20	21	22	23	24	25	28	29	
0	1	2	4	5	6	7	9	10	11	14	15	17	18	19	20	21	22	23	25	26	27	28	29	
0	2	4	8	9	11	12	13	14	15	16	18	20	21	22	23	24	26	27	28	29	
0	1	2	3	6	7	9	10	11	12	14	15	16	18	20	21	23	24	25	26	28	29	
0	1	4	5	6	7	8	9	11	12	13	14	15	16	17	19	23	24	25	26	27	28	29	
0	2	3	4	5	6	7	8	9	10	13	15	17	18	20	21	23	24	25	27	29	
1	2	3	4	5	6	7	8	9	12	13	14	18	19	20	21	22	23	24	25	26	28	29	
0	2	4	5	6	7	9	11	12	13	14	15	17	20	22	23	25	26	27	28	29	
0	1	2	4	5	6	8	10	11	12	13	14	15	16	17	21	22	23	24	27	28	
0	1	4	5	6	8	9	10	11	12	13	14	15	17	18	19	20	22	24	25	26	27	28	
0	2	3	4	5	6	7	8	9	10	11	12	13	17	19	21	22	25	26	27	28	29	
0	1	2	3	4	5	7	8	9	10	12	14	15	16	17	18	20	21	23	24	25	26	27	28	
0	1	3	4	6	8	9	10	13	14	15	16	18	20	21	23	24	25	26	27	28	29	
0	1	2	3	4	5	6	9	10	11	12	13	14	15	17	20	21	22	23	24	25	26	29	
0	2	3	5	6	7	9	10	11	12	13	15	18	20	21	24	25	26	27	28	29	
1	2	4	5	6	7	8	10	12	13	14	15	16	17	18	19	20	21	22	24	25	26	28	
2	3	5	6	7	8	9	10	11	12	13	14	16	17	18	19	20	22	24	25	26	28	29	
0	1	2	3	4	7	8	10	11	13	14	15	16	17	18	19	20	21	22	24	25	26	27	28	
2	3	4	6	7	8	9	10	12	13	14	15	16	18	19	20	22	23	25	26	27	28	29	
1	2	3	4	5	6	7	8	10	11	12	13	15	16	17	18	19	22	23	25	26	27	28	29	
0	1	2	3	4	6	10	11	13	14	15	16	17	18	19	21	22	23	24	25	26	27	28	29	
1	2	3	4	5	6	7	8	9	10	11	13	14	15	17	18	19	22	25	27	28	
0	1	2	4	6	7	10	11	12	13	14	15	16	17	18	19	20	21	23	24	25	26	27	29	
0	1	2	3	5	6	8	9	10	11	12	13	15	16	17	18	19	21	22	23	26	27	28	29	
0	1	2	4	5	6	7	8	9	11	12	13	14	15	17	19	21	23	24	25	26	27	28	29	
0	1	2	3	4	6	8	11	12	13	14	15	17	18	19	21	22	23	24	25	26	27	28	29	
0	1	2	3	4	5	6	7	8	9	11	12	14	15	16	17	18	20	21	22	24	25	28	29	
0	1	2	3	6	7	8	9	10	11	12	13	14	16	22	24	25	26	27	28	29	
0	2	3	5	7	8	9	11	12	14	15	16	17	19	22	23	25	26	27	28	29	
0	2	3	4	5	6	8	9	10	12	13	14	16	17	19	20	21	22	24	26	27	28	29	
1	2	3	4	6	7	8	9	10	11	12	13	14	15	16	17	18	19	20	21	22	24	25	27	
0	1	2	4	7	9	10	12	14	15	16	17	18	19	20	21	22	24	25	26	27	28	29	
1	2	3	5	6	7	9	10	11	13	14	15	19	20	21	22	23	24	25	27	28	29	
2	4	5	6	7	8	10	11	12	13	14	15	16	17	18	19	20	21	22	23	24	25	27	28	
0	2	3	4	5	6	7	8	9	10	11	12	13	15	17	18	21	22	23	24	26	27	28	29	
0	1	2	3	6	7	8	10	11	12	14	15	16	18	19	21	22	23	24	25	27	28	29	
2	3	4	6	7	9	11	12	13	15	16	17	18	20	21	22	23	25	26	27	29	
0	1	3	4	5	6	8	9	10	11	12	13	14	15	18	19	20	22	23	24	27	29	
1	2	4	7	8	10	11	12	14	15	16	17	19	20	21	22	23	26	27	28	29	
0	2	3	4	5	7	8	10	14	15	16	17	18	19	20	21	22	23	24	25	26	28	29	
0	1	2	3	4	5	8	9	10	12	13	14	15	16	18	19	20	21	22	23	25	26	28	29	
0	1	3	5	6	7	8	9	10	12	13	14	15	19	20	21	23	24	25	26	27	28	
0	3	4	6	8	9	10	11	14	15	16	17	18	19	20	21	22	24	26	27	29	
0	1	2	4	7	8	9	12	14	15	16	17	18	19	20	21	23	24	25	27	28	29	
0	2	3	6	7	8	9	10	12	13	14	15	16	17	18	19	21	22	23	24	25	26	28	
0	1	3	4	5	6	7	9	11	12	13	16	17	18	19	20	23	24	25	26	27	28	29	
0	1	2	3	4	5	6	7	8	9	10	12	13	14	15	19	20	21	23	24	25	26	28	29	
0	1	2	3	4	5	6	7	8	10	11	12	14	18	19	22	25	26	27	28	29	
0	1	2	3	4	5	6	8	9	10	11	12	13	14	16	17	19	20	23	24	25	26	27	28	
0	1	2	3	4	5	6	7	8	9	10	11	12	13	15	16	18	19	20	22	23	26	28	
1	2	3	5	6	7	8	9	10	11	12	13	14	15	17	20	21	22	23	24	25	26	29	
1	3	4	5	6	7	9	10	11	12	13	15	16	17	18	19	20	22	24	26	28	
0	2	3	4	5	6	7	8	11	12	13	14	15	17	18	19	20	21	23	24	26	27	28	29	
0	2	3	4	5	6	9	10	11	12	14	16	18	19	20	21	24	26	27	28	29	
2	4	5	6	8	10	12	13	15	16	17	18	19	20	21	22	23	24	27	28	29	
0	1	2	3	4	5	6	8	9	10	12	13	15	16	17	18	20	21	22	24	25	26	28	29	
0	1	2	3	5	6	8	9	11	12	14	15	16	17	18	21	23	24	25	28	29	
0	1	2	3	5	6	7	8	10	11	12	13	14	16	17	20	21	22	23	24	25	27	
0	2	3	4	5	6	7	8	10	11	13	14	17	18	19	21	22	24	25	26	27	29	
0	3	5	6	8	9	11	12	14	16	17	18	19	21	22	23	24	25	26	27	28	29	
0	1	2	5	6	7	9	10	11	12	13	15	16	17	18	19	20	21	23	25	28	29	
0	3	4	5	6	7	9	10	11	12	13	14	15	17	18	19	20	21	22	23	24	25	28	29	
0	1	2	3	4	6	7	8	11	14	15	16	17	18	19	20	21	22	23	24	26	28	29	
1	2	3	5	6	8	10	11	12	13	14	15	16	17	18	19	20	21	23	24	25	26	27	29	
1	2	3	4	5	6	9	10	11	15	16	17	18	19	20	21	22	24	25	26	27	28	29	
0	1	2	3	4	7	8	9	11	12	13	14	15	16	17	18	19	20	22	24	27	29	
0	1	2	3	5	6	7	8	10	11	12	14	15	16	17	18	19	20	21	22	23	25	27	28	
0	1	2	4	6	7	8	9	10	12	13	14	16	18	19	20	21	22	23	24	25	26	27	29	
0	2	3	4	5	7	9	10	11	13	14	16	17	20	21	22	23	24	25	26	27	28	
0	1	4	5	6	7	8	9	10	12	13	14	15	16	17	20	21	24	25	27	28	29	
0	1	2	3	5	6	8	10	11	12	13	14	15	16	17	18	19	22	23	24	26	27	28	29	
0	1	2	3	4	5	6	8	9	10	12	13	14	15	16	17	18	20	21	23	27	28	29	
0	4	5	6	7	8	9	10	11	13	16	17	18	19	20	21	22	23	24	25	26	27	29	
0	2	3	4	5	8	9	10	11	13	15	16	17	18	20	22	23	24	25	26	29	
0	1	2	3	4	6	8	9	10	11	12	14	16	17	19	20	22	24	25	26	27	28	29	
0	1	3	4	6	7	9	11	12	13	14	15	18	19	20	22	25	26	27	28	29	
1	2	3	4	5	7	8	9	10	11	14	15	16	17	18	19	20	21	22	23	24	26	28	29	
0	2	5	6	7	8	9	10	11	12	13	15	16	17	20	21	22	23	24	25	27	28	29	
0	1	2	3	5	6	7	8	12	14	18	19	20	21	22	23	24	25	26	28	29	
0	1	2	3	4	6	7	9	11	12	13	14	17	18	19	20	21	22	24	26	27	28	29	
0	1	2	3	4	5	6	7	9	10	13	14	17	19	20	21	22	23	26	27	29	
1	2	4	5	6	7	8	9	10	11	12	14	17	19	20	21	22	23	24	25	26	27	28	29	
1	2	4	5	6	8	9	10	11	12	13	14	15	16	18	19	20	23	24	25	26	28	
0	1	3	4	6	7	8	9	10	11	13	14	15	16	17	20	22	23	24	25	26	27	28	29	
2	3	4	6	7	8	9	10	11	12	13	14	15	16	17	18	19	20	21	22	25	26	28	
0	2	4	6	7	10	12	13	14	15	16	18	19	20	21	22	23	24	25	26	27	28	29	
0	1	2	3	4	5	6	7	8	9	10	11	12	13	15	16	19	20	21	22	25	26	28	29	
1	2	3	5	6	7	8	9	11	12	13	14	16	18	20	21	23	25	26	27	28	29	
2	3	4	5	6	8	9	10	12	13	14	15	17	19	20	21	23	24	25	26	28	29	
0	2	3	4	5	9	10	11	12	13	14	15	16	18	20	21	22	24	25	26	27	28	
0	1	3	4	5	7	8	9	11	12	14	18	19	21	22	23	24	25	26	27	28	29	
0	1	3	4	5	7	8	9	10	11	12	13	14	15	16	17	21	22	23	24	25	26	27	28	
1	2	3	4	5	6	7	8	9	12	13	14	15	16	18	19	21	24	26	27	29	
0	2	3	4	5	6	7	8	11	12	13	14	16	18	19	21	22	24	25	26	27	28	29	
0	2	3	4	5	6	7	8	10	11	12	13	14	16	17	18	19	20	21	24	25	26	27	29	
1	2	3	4	5	6	7	8	9	10	11	12	13	16	17	19	22	25	26	28	29	
0	1	4	5	7	8	9	10	11	12	13	14	16	17	18	19	22	23	24	25	26	28	29	
0	1	4	5	7	8	10	11	12	14	16	19	20	21	22	23	24	26	27	28	29	
0	1	2	3	5	6	7	8	9	11	13	14	15	16	17	18	19	20	21	22	23	25	26	28	
1	2	3	4	5	6	7	8	10	11	13	14	15	18	19	20	23	24	25	27	28	29	
0	1	3	5	7	8	9	10	11	12	13	14	15	16	17	18	19	20	21	22	23	25	28	29	
1	3	4	7	8	9	10	12	13	14	15	19	20	21	22	23	24	25	26	27	28	
0	2	3	4	6	7	8	12	13	14	15	16	18	19	20	21	22	23	25	26	27	28	29	
0	1	2	5	6	7	9	11	13	14	16	17	18	21	22	23	24	25	26	27	28	
1	2	3	4	5	6	8	9	10	12	13	14	15	16	17	18	19	20	22	23	24	25	28	29	
0	1	2	3	4	5	7	11	12	13	14	15	16	17	18	20	22	23	24	25	26	27	
0	1	2	5	6	7	8	9	10	11	12	14	16	18	19	20	21	22	23	24	26	27	28	29	
0	2	4	5	7	8	9	10	11	12	14	15	16	17	18	20	21	22	24	25	26	28	29	
0	2	3	4	5	7	8	9	10	11	12	13	14	15	16	17	18	19	23	26	27	28	
1	3	4	6	7	9	10	12	13	14	15	16	19	20	21	22	24	26	27	28	29	
0	2	3	4	8	9	10	11	12	13	14	16	17	18	19	21	23	24	25	27	29	
0	2	3	4	5	8	9	10	11	12	13	14	15	16	19	20	21	22	23	24	25	26	28	29	
0	1	4	5	6	7	8	9	10	11	13	15	16	17	18	20	21	22	23	24	26	27	
0	2	3	4	5	7	8	9	10	13	17	18	19	20	21	22	23	24	25	26	27	28	
0	1	2	3	4	7	8	9	11	14	15	16	17	19	20	21	22	23	25	26	27	28	29	
1	3	4	7	8	9	11	12	13	14	16	17	18	20	21	22	23	24	25	26	27	28	
0	1	2	3	5	9	10	11	12	13	15	16	18	19	20	22	23	24	25	27	28	29	
0	1	2	3	5	6	7	8	9	10	12	14	16	19	20	22	23	24	25	27	28	29	
0	1	2	5	6	7	8	10	12	13	14	15	16	17	20	21	22	23	24	27	28	
1	2	3	4	5	6	8	10	11	12	13	14	17	18	21	22	23	24	25	26	28	29	
1	2	4	5	6	7	8	9	12	13	15	16	17	18	19	20	21	22	23	24	25	26	28	29	
2	3	4	5	6	7	8	10	11	12	13	15	16	17	18	20	21	22	23	24	26	27	28	29	
0	2	3	4	6	7	8	9	11	12	14	15	16	17	18	19	20	22	23	24	25	26	27	28	
0	1	2	3	4	5	7	8	10	11	14	15	16	17	18	19	21	22	23	25	26	27	
0	2	3	4	5	7	9	11	12	13	14	15	16	17	20	22	23	24	25	26	29	
0	2	3	4	5	6	7	8	9	10	12	13	15	17	18	20	21	22	23	25	27	28	29	
0	1	2	4	6	7	9	10	12	13	15	16	17	18	19	21	22	23	26	27	28	
3	5	7	8	10	11	12	13	14	16	17	18	20	21	22	23	24	25	26	27	28	29	
1	2	3	4	5	7	8	10	11	12	13	14	15	17	18	19	21	22	23	24	28	29	
0	1	2	3	4	7	9	10	11	12	13	14	16	17	18	19	21	22	24	25	26	27	
1	2	3	6	7	8	9	10	11	12	15	18	19	20	21	22	24	25	26	27	28	
1	3	4	5	6	7	9	11	12	14	15	16	17	18	19	20	21	23	25	26	27	28	29	
0	1	2	3	4	8	9	10	11	12	13	15	16	17	18	19	21	22	23	25	26	27	28	29	
0	1	2	3	5	6	8	9	10	11	12	15	17	18	19	22	24	25	26	27	28	29	
0	2	3	5	6	7	9	11	13	15	16	17	19	20	21	22	23	24	25	26	27	28	29	
0	1	2	4	5	7	8	10	11	12	13	14	15	16	17	18	19	20	21	22	23	25	26	27	
0	1	2	3	4	5	6	7	8	10	11	12	13	14	15	16	18	19	20	21	23	26	27	28	
0	1	2	3	4	5	6	7	8	10	11	15	16	18	19	20	21	22	23	24	26	27	28	29	
0	2	3	4	5	6	7	8	10	11	12	13	14	16	18	19	21	22	23	24	26	27	29	
1	2	3	4	6	7	9	10	11	12	13	14	15	16	17	18	19	21	22	23	24	26	28	
0	1	2	3	4	5	6	7	9	11	12	13	15	17	19	20	21	22	24	25	26	27	28	
0	1	3	4	5	6	7	8	10	11	12	13	15	16	17	18	20	21	24	26	28	29	
1	2	4	6	7	8	10	11	12	14	15	17	18	21	22	23	25	26	27	28	29	
0	2	3	4	5	6	8	9	10	11	12	13	14	16	17	19	20	23	24	25	26	27	28	29	
0	1	2	3	4	5	6	7	10	12	14	16	17	18	20	21	22	23	25	26	27	28	
0	1	2	3	5	7	9	10	11	13	14	15	16	17	18	20	21	22	23	24	25	26	27	28	
0	1	2	3	5	6	8	11	12	13	14	15	16	17	18	20	21	22	23	26	27	29	
1	2	3	4	5	6	7	9	10	11	12	14	15	16	18	19	23	24	25	27	29	
1	3	4	5	7	8	9	10	11	12	13	16	17	18	19	21	22	24	25	26	27	28	29	
1	2	4	5	6	7	9	10	11	12	13	14	17	19	20	21	22	23	24	25	27	28	29	
1	3	7	8	9	10	11	12	13	14	15	16	17	20	21	22	24	25	27	28	29	
0	1	2	4	5	8	9	10	11	13	14	16	17	18	19	20	21	23	24	25	26	28	29	
0	3	4	5	6	7	8	9	10	11	12	14	15	16	18	19	21	22	23	24	26	28	29	
1	3	4	5	6	7	8	9	10	11	12	14	15	17	18	19	20	23	24	25	27	28	29	
0	1	3	4	5	6	7	8	9	10	11	12	13	15	16	17	18	19	23	24	25	27	28	
0	1	2	3	4	5	6	7	8	9	10	12	13	14	16	18	19	20	22	23	24	26	27	28	
0	1	3	4	7	8	9	10	11	12	13	14	15	17	18	20	21	22	23	24	25	27	29	
0	2	5	6	7	8	11	12	14	15	16	17	19	20	21	22	24	26	27	28	29	
0	2	4	5	6	7	9	11	12	13	14	16	17	18	19	22	23	24	25	27	28	29	
0	1	4	5	6	7	9	10	11	12	13	15	16	17	19	21	22	23	24	26	27	28	29	
0	1	2	3	5	6	7	9	12	13	14	15	17	19	20	21	22	23	25	28	29	
0	1	2	3	5	6	7	8	9	10	12	14	15	16	17	18	19	21	22	23	24	25	26	
0	1	4	5	6	7	10	11	12	13	14	15	18	19	20	21	22	23	24	26	27	29	
0	1	2	4	6	7	8	9	10	11	13	14	16	17	18	20	21	22	23	25	27	28	29	
0	1	2	4	6	9	10	11	12	13	14	15	16	18	20	22	23	24	27	28	29	
0	1	3	4	5	9	10	12	13	15	16	17	18	19	20	21	23	24	27	28	29	
1	2	3	5	6	7	8	9	10	11	13	16	17	18	19	20	21	22	24	25	26	28	29	
0	1	2	4	5	6	7	9	10	11	12	13	15	17	18	19	20	21	22	24	25	26	27	28	
0	4	5	6	7	8	9	10	11	12	13	14	18	19	20	21	22	23	24	25	26	27	29	
0	1	2	3	4	5	6	7	8	9	10	11	14	15	20	21	22	23	24	25	28	29	
0	2	4	5	7	10	12	13	14	15	16	17	18	20	21	22	23	24	25	26	27	28	29	
1	2	3	5	6	8	10	11	13	14	17	18	19	20	21	22	23	24	25	27	28	29	
0	1	2	6	7	8	11	12	13	14	16	18	21	22	23	24	25	26	27	28	29	
0	4	5	6	8	9	11	12	13	14	15	16	17	18	19	20	22	23	24	25	28	29	
0	1	3	4	5	8	9	10	11	12	14	16	20	21	22	23	24	25	26	27	28	
1	5	6	7	9	10	11	12	14	15	16	17	18	19	20	21	22	23	24	25	26	27	28	29	
0	1	2	3	5	6	7	9	10	11	12	13	15	16	17	18	20	21	22	25	27	28	29	
1	2	3	4	5	7	8	9	10	12	13	14	16	17	20	21	22	23	24	26	27	28	29	
0	1	2	3	4	6	8	9	10	11	12	13	15	18	19	21	22	23	25	26	28	
0	1	2	4	5	6	8	9	10	13	15	16	17	18	19	20	21	22	24	25	26	28	
0	1	3	5	8	9	10	11	12	13	14	15	17	18	19	20	22	25	26	28	29	
1	2	4	5	6	7	9	10	11	14	16	17	19	20	21	22	23	24	25	26	27	29	
2	5	6	7	8	9	10	11	12	13	14	15	16	17	18	21	22	23	25	26	27	
0	1	2	3	4	5	6	7	9	10	11	12	17	18	19	20	21	23	24	26	27	28	29	
0	1	2	4	5	6	7	8	9	10	11	12	13	14	16	17	18	21	23	24	25	26	28	29	
0	1	2	3	4	6	7	8	9	12	14	15	16	17	18	19	20	21	23	24	25	26	27	29	
0	1	2	3	4	5	6	7	8	9	11	13	15	18	19	21	22	23	24	26	28	29	
0	1	2	4	5	6	7	8	9	14	15	16	17	18	19	21	25	26	27	28	29	
0	1	3	4	5	6	7	8	12	13	14	16	17	18	20	21	23	24	26	28	29	
1	2	3	4	5	6	7	8	10	11	12	13	14	15	16	18	19	22	23	24	26	27	28	29	
0	2	3	4	5	6	7	9	10	11	12	13	14	15	16	17	18	19	20	21	23	24	26	29	
0	1	2	4	5	6	7	8	10	12	13	15	17	18	19	22	23	25	26	27	28	29	
1	3	4	5	6	7	8	10	11	12	13	14	15	16	18	19	21	22	24	25	26	27	29	
0	1	2	3	7	8	9	10	11	13	14	15	16	17	18	19	20	21	22	23	25	27	28	29	
0	3	4	5	6	7	8	9	10	12	13	14	15	16	17	18	21	23	24	26	27	29	
0	1	4	6	7	8	9	10	12	13	14	16	17	18	19	20	21	23	24	25	26	27	28	29	
0	2	3	5	6	7	8	10	11	13	14	15	16	17	18	19	20	21	23	24	25	26	28	29	
0	1	2	4	5	6	8	11	12	14	15	17	18	19	20	21	22	23	25	27	28	29	
0	1	3	4	5	6	9	10	12	13	14	15	16	17	19	20	21	23	24	25	28	29	
0	1	2	3	4	5	7	8	9	11	12	14	16	17	18	20	21	22	23	24	26	27	28	29	
0	4	5	7	10	11	12	13	14	15	16	17	18	19	20	21	22	24	25	26	27	28	29	
0	2	3	5	6	7	8	9	10	11	12	13	15	16	19	20	21	22	24	26	28	
1	2	5	6	8	9	10	11	12	13	14	15	16	17	18	19	20	21	23	25	26	29	
0	1	2	3	5	7	8	9	11	12	15	16	17	18	19	21	22	23	24	25	27	28	29	
0	1	2	3	4	5	6	8	9	10	11	12	14	16	17	18	19	20	24	26	29	
0	1	2	3	4	5	6	8	9	10	11	12	13	15	16	17	18	19	20	21	22	23	27	28	
1	2	3	4	5	6	8	9	13	14	16	19	20	21	22	23	24	26	27	28	29	
0	1	2	3	4	5	6	7	8	9	10	12	15	17	18	19	20	21	22	24	26	27	28	29	
0	1	2	3	4	7	8	9	10	12	14	16	17	18	20	21	23	24	25	27	28	29	
1	2	4	5	6	7	8	9	10	11	12	13	14	15	18	19	20	23	24	26	27	28	29	
0	2	4	6	8	9	10	12	14	15	16	17	19	20	21	23	24	25	26	27	28	
0	1	2	3	4	8	9	10	12	13	14	15	16	17	19	20	21	22	23	24	25	27	28	29	
0	1	2	3	4	5	6	8	10	12	13	14	16	17	18	19	20	21	22	23	24	26	27	29	
0	3	4	6	7	8	9	10	11	12	13	14	15	16	17	18	20	21	22	23	24	27	
0	1	2	5	6	7	8	9	10	11	12	13	14	16	17	20	21	22	24	26	28	
0	1	2	4	6	7	8	10	12	13	14	15	16	17	18	20	21	22	24	25	26	27	28	29	
0	2	3	5	6	7	8	9	10	11	12	13	15	16	17	19	20	23	24	27	28	29	
3	4	5	6	8	9	10	11	12	13	14	15	16	17	18	20	21	22	23	24	25	29	
0	2	3	4	6	8	9	10	11	12	13	15	16	17	19	20	21	22	23	24	25	26	28	
0	3	4	5	6	7	8	10	11	12	13	14	15	17	18	21	22	23	24	25	27	
0	1	3	4	5	6	7	8	10	11	12	13	14	15	16	17	19	20	23	25	26	29	
0	1	3	4	5	6	7	9	10	11	12	14	15	16	18	19	20	23	24	27	28	29	
1	2	3	5	6	7	8	9	11	12	14	15	16	17	19	20	21	22	23	24	27	28	
2	3	5	6	7	9	11	12	13	14	16	18	19	21	22	23	24	25	26	28	29	
2	3	4	5	6	7	8	10	11	13	15	16	17	18	19	20	22	23	24	25	26	27	28	29	
1	2	3	5	8	9	10	12	13	15	16	17	18	19	20	22	23	25	26	28	29	
0	1	2	4	6	7	9	10	12	13	14	16	17	18	19	21	22	23	24	25	26	27	29	
0	1	4	5	6	7	8	9	11	12	13	14	15	17	19	20	21	22	23	24	25	27	29	
0	1	2	3	5	6	7	8	9	10	11	12	16	18	19	20	23	24	25	26	27	28	29	
0	1	2	3	5	6	7	8	9	10	12	13	14	18	20	21	22	23	24	25	26	27	28	29	
0	1	2	3	4	5	6	9	10	11	12	13	14	17	18	19	23	25	26	27	29	
1	2	3	4	6	8	9	10	12	14	16	17	18	19	20	21	22	23	24	25	27	28	29	
0	1	2	3	4	5	6	7	8	10	13	14	15	17	18	19	21	25	26	27	29	
0	1	2	4	7	9	10	13	14	15	16	17	18	19	20	21	23	24	27	28	29	
1	2	4	6	8	9	11	13	14	16	17	18	19	20	21	23	24	25	27	28	29	
0	2	3	4	5	9	10	11	12	13	14	15	16	18	20	21	22	23	24	25	26	27	28	29	
0	1	2	3	4	5	6	7	8	13	14	15	17	18	19	20	24	25	26	27	28	29	
0	1	3	4	5	6	7	8	10	11	12	15	17	18	20	21	23	24	25	26	27	28	29	
0	1	2	3	4	7	8	9	10	12	15	16	17	18	19	20	21	23	24	26	27	28	
0	2	5	7	11	12	14	15	16	18	19	20	21	22	23	24	25	26	27	28	29	
0	1	3	4	5	6	7	10	11	12	13	14	15	17	18	19	20	21	22	24	26	28	29	
1	3	4	8	10	11	12	14	15	16	18	19	20	21	22	23	24	25	26	28	29	
0	4	6	7	8	9	10	11	13	14	15	18	19	20	21	22	23	24	25	26	27	
1	2	4	6	7	9	11	12	13	14	15	18	19	20	21	22	24	25	26	27	28	29	
1	3	4	5	7	8	10	11	12	13	14	15	16	17	20	21	22	23	24	26	27	28	29	
0	1	3	4	5	6	7	8	10	11	12	13	14	15	16	17	19	20	21	22	26	27	28	29	
0	1	2	3	5	6	7	8	9	10	11	13	14	15	16	19	20	21	24	25	29	
0	1	6	7	8	9	10	11	14	16	17	18	19	20	21	22	23	25	26	27	28	29	
1	2	3	4	5	7	8	9	11	13	15	16	17	19	20	21	22	23	24	26	28	
102.00	95.79	89.70	83.71	78.01	72.74	67.55	62.63	57.73	53.08	49.26	45.82	43.08	40.44	38.01	35.73	33.61	31.57	30.51	29.63	28.89	28.47	28.20	28.00	
119.00	110.91	103.95	97.04	90.25	83.63	77.34	71.52	66.24	61.01	55.98	51.52	47.30	44.01	41.18	38.56	36.00	34.16	32.84	31.85	31.00	
123.00	114.87	106.88	98.89	92.12	85.44	78.78	72.59	66.66	62.28	57.96	53.77	50.03	47.11	44.22	41.42	39.10	36.97	35.10	33.47	32.30	31.44	31.00	
119.00	110.91	103.30	96.89	90.74	84.94	79.22	73.65	68.37	63.25	58.35	54.23	50.13	46.07	42.50	39.86	37.52	35.53	33.78	32.42	31.45	30.72	30.21	30.00	
121.00	113.16	106.37	99.59	93.56	87.57	81.60	75.65	69.88	64.61	59.50	55.09	50.79	46.60	43.08	40.44	38.52	36.76	35.23	34.10	33.09	33.00	
101.00	95.02	89.08	83.34	78.15	73.54	68.95	64.38	60.03	55.85	52.59	49.41	46.25	43.53	41.14	39.36	37.67	36.17	34.69	33.73	32.81	32.03	31.29	31.00	
112.00	104.56	97.26	90.43	84.28	78.23	73.10	68.25	64.15	60.13	56.40	52.95	49.72	47.00	44.49	42.19	39.90	37.92	36.19	34.82	33.90	33.00	
110.00	100.79	91.77	84.10	77.25	70.58	65.12	59.69	54.86	50.22	45.83	41.68	39.41	37.17	35.16	33.26	31.38	30.51	30.06	30.03	30.00	
113.00	105.74	98.63	91.68	84.97	79.23	73.76	68.40	63.58	58.89	54.29	49.79	46.54	43.48	41.21	39.05	37.26	35.50	34.12	33.19	33.00	
121.00	113.57	106.15	99.21	92.59	86.21	80.18	74.58	69.28	64.19	59.25	54.74	50.27	45.92	41.84	37.79	35.11	32.59	31.16	30.24	29.53	29.01	29.00	
118.00	111.23	104.51	99.21	93.95	88.74	83.57	78.64	73.75	69.05	64.43	60.08	55.75	51.72	47.81	44.15	41.25	38.46	35.97	33.89	32.19	30.57	29.00	
116.00	106.40	97.95	90.17	82.44	75.23	68.46	61.77	55.82	50.00	45.04	40.86	37.63	34.99	33.30	32.29	31.33	30.48	29.85	29.29	29.00	
104.00	98.02	92.06	86.11	80.32	74.69	69.53	64.66	60.44	56.55	52.66	48.89	46.59	44.43	42.35	40.39	38.78	37.31	35.86	34.48	33.89	33.39	33.00	
104.00	97.51	91.19	85.58	80.74	76.08	71.47	67.05	62.91	59.07	55.39	51.87	48.54	45.47	42.54	40.19	37.89	35.65	33.45	31.40	30.00	
107.00	101.23	95.88	90.59	85.35	80.11	75.17	70.51	66.14	61.93	58.16	54.52	51.07	47.65	44.30	41.04	37.89	34.79	33.72	32.72	32.12	31.64	31.22	31.00	
120.00	113.26	106.67	100.40	94.49	88.78	83.07	77.36	72.16	67.09	62.09	57.25	53.10	49.48	46.19	42.95	39.76	36.80	35.22	33.99	32.83	31.70	31.00	
113.00	104.90	96.90	88.94	81.28	74.97	68.77	62.99	57.68	53.19	49.06	45.02	41.30	37.80	35.75	33.79	32.76	32.21	31.80	31.42	31.19	31.00	
105.00	98.80	92.71	87.10	82.16	77.48	72.82	68.25	63.90	59.64	55.37	51.92	48.63	45.42	43.06	40.71	38.74	37.04	35.41	34.07	33.10	32.51	32.04	32.00	
104.00	95.84	88.91	82.46	76.48	71.01	65.69	60.96	56.98	52.99	49.10	46.32	43.56	41.04	38.67	36.53	34.82	33.13	31.50	29.91	29.00	
111.00	104.81	98.85	92.91	86.99	81.18	75.71	70.72	66.09	61.47	56.94	53.02	49.46	46.02	42.75	40.13	38.30	36.47	34.65	32.84	31.27	30.56	30.00	
106.00	99.39	93.21	87.33	81.81	76.32	70.91	66.03	61.20	56.51	51.90	48.32	44.79	42.19	39.78	37.47	35.28	33.38	31.96	30.77	29.61	28.47	28.22	28.00	
113.00	104.42	96.22	88.36	80.53	73.46	66.82	61.07	55.62	50.98	47.30	43.69	40.18	36.70	35.11	33.58	32.23	30.99	30.09	29.53	29.16	29.00	
122.00	113.93	106.28	98.92	92.87	87.06	81.60	76.61	71.85	67.15	62.77	58.63	54.52	50.91	47.51	44.47	41.51	38.64	36.38	34.20	32.18	31.11	30.23	30.00	
121.00	114.04	107.11	100.22	93.68	87.33	81.08	74.92	68.87	63.98	59.49	55.02	50.59	46.47	43.00	39.57	36.53	33.72	31.47	29.96	29.43	29.17	29.00	
106.00	98.24	90.76	83.75	76.96	70.75	64.64	59.06	54.98	51.19	47.90	44.78	41.90	39.73	37.70	35.85	34.17	32.73	31.82	31.22	30.67	30.30	30.00	
106.00	99.68	93.56	87.86	82.56	77.49	72.44	67.65	62.94	58.62	54.67	50.98	47.45	43.94	40.90	38.14	36.23	34.42	33.00	32.03	31.22	30.71	30.34	30.00	
117.00	107.56	98.93	91.07	83.60	76.51	70.03	63.75	58.12	52.97	48.43	43.95	39.80	36.81	34.16	32.26	30.76	29.46	28.31	28.11	28.00	
123.00	114.68	106.42	99.23	92.30	85.49	78.88	72.53	66.49	60.53	55.67	51.00	47.01	43.05	39.36	36.38	33.78	31.56	30.04	28.84	28.40	28.08	28.00	
122.00	115.10	108.40	102.03	95.71	89.54	83.45	77.43	71.83	66.93	62.19	57.54	52.99	48.97	45.23	41.96	38.87	35.85	33.02	31.01	29.40	28.04	28.00	
122.00	113.68	106.08	99.35	92.94	86.81	80.83	74.93	69.58	64.37	59.31	54.87	50.68	46.56	43.14	40.16	37.37	35.01	32.76	31.55	31.14	31.00	
114.00	104.87	95.97	89.26	83.02	77.22	71.49	65.82	60.47	56.34	52.34	48.42	44.75	42.21	39.80	37.64	35.61	33.71	32.12	31.02	31.00	
108.00	101.86	95.80	89.87	84.10	79.21	74.65	70.14	65.79	61.51	57.99	54.48	51.20	47.99	44.97	42.00	39.90	38.09	36.43	34.94	33.58	32.92	32.43	32.00	
117.00	109.51	102.09	94.78	87.51	80.37	73.78	67.67	62.45	58.05	54.27	50.61	47.46	44.42	41.61	38.99	36.74	35.13	34.20	33.53	33.21	33.00	
106.00	100.02	94.36	88.84	83.79	79.00	75.09	71.30	67.71	64.15	60.65	57.23	53.98	50.81	47.70	44.77	42.00	39.38	37.63	36.36	35.16	34.02	33.20	33.00	
106.00	99.62	93.30	87.21	81.71	76.52	71.36	66.37	61.41	56.58	52.66	49.38	46.28	43.26	41.02	39.02	37.05	35.45	33.89	32.45	31.37	31.05	31.00	
112.00	106.10	100.24	94.38	88.59	83.04	77.52	72.11	66.77	61.49	57.00	52.63	48.49	44.62	41.32	38.28	35.87	33.48	32.24	31.37	30.73	30.32	30.14	30.00	
107.00	100.97	95.15	89.53	83.92	78.72	73.62	68.67	64.31	60.35	56.40	53.29	50.20	47.31	44.55	41.97	39.55	37.24	35.23	33.80	32.51	32.11	32.00	
102.00	94.92	88.07	82.29	76.71	71.51	66.45	61.46	56.49	52.02	48.97	46.17	43.46	40.87	38.28	36.26	34.25	32.64	31.18	29.86	28.58	28.00	
123.00	114.59	106.62	98.91	93.16	87.61	82.27	76.99	71.94	66.99	62.32	58.09	53.88	49.87	46.40	43.62	41.25	38.96	36.94	35.65	34.42	33.32	33.00	
123.00	115.00	107.84	100.75	93.77	87.33	80.98	74.69	68.83	63.07	57.52	52.53	47.78	43.65	40.01	37.02	34.47	31.94	29.63	28.38	28.16	28.00	
121.00	113.96	107.32	100.71	94.25	87.87	81.66	76.00	71.12	66.76	62.57	58.74	55.07	51.50	48.17	45.03	42.08	39.18	36.89	35.14	33.80	33.31	33.00	
115.00	107.95	101.56	95.33	89.18	83.20	78.27	73.46	68.95	64.62	60.85	57.18	53.58	50.05	46.53	43.07	40.09	37.25	34.92	33.02	31.33	30.10	29.08	29.00	
101.00	92.51	85.71	79.99	74.98	70.73	66.49	62.35	58.48	54.68	50.94	48.40	45.91	43.52	41.26	39.66	38.10	36.59	35.27	34.20	33.39	33.00	
106.00	98.70	92.13	85.64	80.14	74.66	69.41	64.63	59.88	55.99	52.16	49.09	46.30	43.53	41.01	38.77	36.99	35.52	34.14	33.12	32.09	31.31	31.06	31.00	
102.00	95.25	88.52	82.26	76.09	70.20	64.76	59.69	55.23	51.83	48.45	45.23	43.15	41.10	39.07	37.52	36.08	35.19	34.48	33.82	33.19	33.01	33.00	
117.00	109.40	101.84	94.43	87.61	80.95	74.99	69.33	63.83	58.56	53.58	49.56	45.54	41.61	37.74	35.65	34.09	32.93	32.04	31.32	31.00	
101.00	93.58	86.84	80.15	73.78	67.94	62.23	56.78	52.08	47.43	43.55	39.74	36.71	34.47	32.47	30.62	29.56	28.87	28.23	28.03	28.00	
123.00	113.28	104.30	95.76	89.22	83.02	76.94	70.93	65.62	60.54	56.22	52.30	48.38	44.69	41.04	37.64	36.08	34.75	33.64	32.87	32.20	31.54	31.18	31.00	
119.00	110.83	103.34	96.40	89.53	82.97	76.41	70.99	65.59	60.58	55.58	50.79	46.16	42.54	39.05	36.37	34.15	32.21	31.63	31.09	30.62	30.36	30.13	30.00	
118.00	107.50	97.61	88.86	80.70	73.60	67.15	60.87	54.65	48.95	45.37	43.06	41.26	39.64	38.20	36.90	35.75	34.64	33.97	33.50	33.19	33.00	
107.00	99.79	92.76	85.78	79.21	73.07	67.14	61.38	56.25	51.32	48.13	44.95	41.93	39.55	37.45	35.49	33.68	32.36	31.75	31.36	31.00	
105.00	97.62	91.21	85.70	80.51	75.70	71.47	67.27	63.07	59.10	55.48	51.88	48.37	44.99	41.83	38.89	36.51	34.32	32.57	30.85	29.91	29.00	
109.00	103.70	98.54	93.51	88.82	84.27	79.85	75.65	71.63	67.71	63.84	60.23	56.63	53.64	50.66	47.73	44.81	42.39	40.05	37.96	36.09	34.55	33.75	33.00	
109.00	101.00	93.21	86.06	79.13	72.37	65.70	59.54	53.94	48.98	45.06	42.37	39.96	37.96	36.19	34.44	33.13	32.20	31.39	30.63	30.24	30.00	
110.00	103.11	96.23	90.50	84.89	79.40	74.02	69.61	65.38	61.31	57.38	54.11	51.28	48.81	46.45	44.19	42.04	39.94	38.06	36.28	34.89	33.94	33.09	33.00	
111.00	104.60	98.41	92.32	86.65	81.04	75.54	70.07	64.86	59.83	55.82	52.39	49.00	45.68	42.57	39.86	37.59	35.37	33.57	32.79	32.18	31.71	31.36	31.00	
122.00	113.70	106.34	99.35	92.82	86.54	80.36	74.27	68.41	64.39	60.44	56.76	53.24	49.89	46.66	43.49	40.72	38.25	35.90	33.56	31.35	29.82	28.80	28.00	
109.00	99.49	90.39	82.30	74.33	66.90	60.13	53.85	49.25	45.12	42.03	39.22	36.68	34.77	32.93	31.12	30.22	29.56	28.97	28.50	28.08	28.00	
114.00	107.59	101.25	94.94	88.82	83.11	77.49	72.09	66.72	61.43	56.41	52.21	48.15	44.82	42.47	40.19	38.41	36.87	35.44	34.66	33.93	33.47	33.10	33.00	
121.00	112.11	103.70	96.61	89.98	83.35	76.91	70.64	64.46	58.83	53.30	47.89	43.56	39.74	37.17	34.97	32.80	31.20	29.81	28.46	28.12	28.00	
122.00	113.87	106.02	98.20	90.74	83.42	76.41	70.63	66.14	61.69	57.77	53.86	50.18	46.61	43.19	40.17	37.48	35.13	33.05	31.46	30.27	29.31	29.07	29.00	
106.00	100.41	94.84	89.50	84.22	79.17	74.18	69.45	65.00	60.73	56.61	52.54	48.92	45.69	42.55	39.45	36.98	34.67	32.56	31.58	30.73	30.15	30.00	
103.00	95.87	89.58	83.33	77.56	72.42	67.46	62.75	58.49	54.51	50.55	46.85	43.73	41.13	38.67	36.30	34.34	32.73	31.23	30.03	29.26	28.62	28.00	
104.00	97.08	90.38	83.99	77.65	71.44	65.27	59.36	53.98	48.88	44.06	40.62	38.03	35.76	33.51	31.85	30.58	29.78	29.50	29.23	29.00	
105.00	99.01	93.10	87.38	82.07	76.88	71.76	66.89	62.32	57.90	53.50	49.41	45.44	41.48	38.06	35.82	34.18	32.55	31.42	30.45	29.49	29.10	29.00	
104.00	96.89	90.40	84.05	77.73	71.71	66.51	61.68	57.02	52.48	48.14	45.29	42.45	40.09	38.33	36.66	35.44	34.55	33.72	32.91	32.27	31.71	31.24	31.00	
107.00	100.16	93.63	87.37	81.55	75.86	70.20	64.59	58.99	54.78	50.82	47.53	44.25	41.22	38.64	36.97	35.32	33.77	32.22	31.07	29.99	29.41	29.18	29.00	
104.00	97.65	92.03	86.69	81.59	76.55	71.96	67.83	63.79	60.00	56.60	53.53	50.50	47.79	45.18	42.91	40.68	38.56	36.54	34.71	32.91	31.39	31.00	
114.00	104.77	95.57	86.94	79.13	71.88	66.15	61.22	56.49	52.01	48.27	45.38	42.72	40.21	37.88	35.60	33.68	32.08	31.31	31.12	31.00	
111.00	102.64	94.57	86.64	79.88	73.71	67.96	62.58	57.82	53.20	49.53	45.96	42.53	39.33	36.76	34.32	32.04	30.60	29.62	28.83	28.45	28.08	28.00	
114.00	107.43	101.04	94.67	88.55	83.18	78.35	73.56	68.94	64.44	59.95	56.00	52.37	48.76	45.17	41.90	38.96	36.10	33.65	31.68	30.94	30.47	30.03	30.00	
122.00	111.85	102.17	92.51	83.52	74.58	65.75	58.73	53.35	48.65	45.17	41.86	39.06	36.33	34.21	32.14	30.70	30.00	29.45	29.05	29.00	
117.00	109.60	102.55	95.70	88.91	82.48	77.02	71.87	67.48	63.18	59.79	56.42	53.08	50.06	47.20	44.52	41.95	39.64	37.57	36.00	34.81	33.71	32.70	32.00	
103.00	97.41	91.89	86.58	81.47	76.40	71.50	66.78	62.22	57.89	53.73	50.14	46.58	43.40	40.49	37.58	35.34	33.29	31.59	30.33	29.18	28.50	28.02	28.00	
110.00	102.26	94.99	88.00	81.54	75.99	70.79	65.71	61.05	56.47	51.89	47.66	43.99	40.79	37.65	35.22	33.53	32.43	31.35	30.72	30.19	30.00	
114.00	107.17	100.36	93.63	87.33	81.06	74.99	69.10	63.51	58.19	53.20	48.76	44.57	41.16	38.56	36.47	34.82	33.26	31.78	30.74	30.34	30.00	
119.00	111.86	104.94	98.43	92.33	86.43	80.70	75.17	69.74	64.82	60.14	56.06	52.27	48.85	45.67	43.03	40.47	38.30	36.26	34.59	33.23	32.30	32.00	
104.00	98.10	92.26	86.68	81.17	75.74	70.41	65.14	59.93	55.31	50.86	46.52	42.43	38.60	36.13	33.65	31.47	29.99	28.70	28.26	28.09	28.01	28.00	
115.00	107.11	99.90	92.85	86.22	80.04	73.92	67.82	62.06	56.71	52.16	48.19	44.37	40.59	37.80	35.73	33.88	32.41	31.00	29.83	29.00	
121.00	113.16	105.41	98.78	92.27	86.27	80.72	75.70	70.94	66.38	61.85	57.58	53.66	49.96	46.54	43.19	40.21	37.49	35.05	33.36	32.90	32.50	32.21	32.00	
106.00	97.90	91.13	84.56	78.80	73.54	68.44	63.42	58.91	54.48	50.60	47.08	44.03	41.32	38.86	36.52	34.72	32.99	31.30	29.64	28.64	28.30	28.00	
113.00	103.95	95.75	88.52	81.84	76.32	71.29	66.40	61.63	57.16	53.05	49.23	46.25	43.58	41.25	38.92	36.69	34.53	32.54	30.83	29.81	29.26	29.00	
103.00	96.79	90.92	85.32	79.77	74.37	69.46	64.57	59.96	55.49	51.75	48.60	45.64	43.00	40.61	38.38	36.40	34.56	33.13	32.24	31.39	30.56	30.00	
116.00	108.50	101.48	94.91	88.35	82.47	76.66	71.40	66.38	61.37	56.61	51.87	47.36	43.28	40.33	38.65	37.25	35.86	34.56	33.26	33.00	
112.00	101.45	91.89	82.89	74.27	66.68	60.48	55.17	50.78	47.20	43.79	41.01	38.23	35.67	33.82	32.14	31.05	30.09	29.25	29.08	29.00	
108.00	100.34	93.72	87.27	80.92	74.94	69.57	64.41	59.71	55.08	50.66	46.26	42.09	39.14	36.89	34.76	33.13	31.73	31.05	30.43	30.10	30.00	
120.00	112.27	104.54	97.21	89.94	82.74	76.69	71.44	66.25	61.47	56.74	52.59	49.19	46.08	43.09	40.14	37.29	35.44	33.68	32.12	30.95	30.00	
109.00	103.05	97.41	91.82	86.29	80.87	75.59	70.63	65.81	61.03	56.40	52.00	47.76	43.99	41.36	38.93	36.79	35.07	33.80	32.72	31.68	30.77	30.00	
108.00	101.92	95.98	90.35	84.74	79.23	74.02	69.09	64.50	60.08	55.79	51.84	48.13	44.47	41.53	38.82	36.28	34.03	32.09	30.30	30.00	
108.00	100.94	94.07	87.63	81.22	74.96	69.56	64.28	59.12	55.22	51.45	47.80	44.55	41.32	38.15	35.41	33.46	31.57	29.89	28.73	28.01	28.00	
117.00	111.07	105.30	99.54	93.87	88.27	82.73	77.31	72.41	67.59	62.89	58.39	54.22	50.26	46.54	42.97	39.72	37.52	36.33	35.27	34.22	33.26	33.08	33.00	
118.00	106.21	95.60	86.93	79.47	72.77	66.38	60.11	54.26	48.46	42.83	40.33	37.91	36.20	34.51	32.87	31.87	30.87	30.02	29.20	29.04	29.00	
105.00	97.36	89.77	83.01	77.12	71.36	66.60	61.96	57.47	53.23	49.38	46.04	42.72	40.02	37.60	35.41	33.31	31.83	30.76	29.80	28.89	28.14	28.00	
104.00	97.17	90.41	83.69	76.99	70.42	64.02	58.05	52.29	47.68	43.33	39.51	36.24	34.17	32.28	30.77	29.83	29.17	28.61	28.15	28.06	28.00	
101.00	93.96	87.15	80.91	75.01	69.66	64.36	59.61	55.54	52.28	49.12	46.21	43.30	40.41	37.60	34.94	32.53	30.28	28.94	28.34	28.00	
113.00	106.66	100.51	94.44	88.54	82.82	77.32	73.14	69.48	65.89	62.30	58.76	55.55	52.39	49.25	46.22	43.60	41.15	38.73	36.43	34.36	32.34	31.26	31.00	
121.00	113.86	106.82	100.05	93.38	86.93	80.81	75.52	70.45	65.62	61.29	57.00	52.90	48.92	45.74	43.10	40.71	38.46	36.22	34.10	31.99	29.92	28.72	28.00	
106.00	99.09	92.19	85.98	79.78	73.92	68.52	63.73	59.30	55.58	51.94	48.54	46.31	44.13	42.00	39.91	37.89	36.21	34.65	33.34	32.04	31.63	31.26	31.00	
122.00	112.35	104.34	96.42	89.17	82.21	75.76	69.76	63.96	58.40	53.18	48.56	44.58	40.95	37.65	34.60	31.81	30.79	29.96	29.43	29.00	
107.00	98.84	91.29	84.36	77.93	71.75	66.58	61.66	57.03	52.71	49.09	45.76	43.11	40.47	38.17	35.94	34.16	32.47	31.17	29.90	29.00	28.25	28.06	28.00	
120.00	111.59	103.60	95.69	88.30	82.03	76.36	70.94	65.67	61.41	57.20	53.32	49.68	46.43	43.26	40.21	37.26	34.78	33.04	31.42	30.10	28.97	28.00	
118.00	110.29	103.53	96.86	91.22	85.67	80.54	75.51	70.67	66.48	62.37	58.48	54.96	51.50	48.51	45.60	42.75	40.81	38.94	37.15	35.71	34.52	33.52	33.00	
110.00	102.45	94.97	87.93	81.04	74.15	68.68	63.35	58.32	54.21	50.58	47.83	45.27	42.93	40.59	38.38	36.57	34.97	33.51	32.12	31.12	30.55	30.24	30.00	
119.00	110.10	101.65	93.23	85.47	77.88	70.99	65.79	60.84	57.05	53.39	49.78	46.20	42.74	40.24	38.11	36.01	34.07	32.36	31.16	29.99	29.07	28.48	28.00	
106.00	98.20	90.88	83.99	77.48	71.31	65.56	60.38	55.59	51.37	47.37	43.55	40.35	37.60	35.05	32.85	31.35	30.11	29.13	28.52	28.00	
103.00	96.63	90.68	84.93	79.78	74.67	69.81	65.34	61.08	57.01	53.23	49.56	46.07	42.75	40.23	37.81	35.83	34.22	33.09	32.43	32.11	32.00	
109.00	102.96	97.11	91.44	85.79	80.53	75.53	70.76	66.27	62.34	58.56	55.21	51.88	48.93	46.52	44.26	42.05	39.97	38.18	36.41	34.99	33.61	32.54	32.00	
102.00	95.54	89.39	83.68	78.00	72.90	67.88	63.11	58.78	54.49	50.26	46.49	43.42	40.39	37.85	35.31	33.29	31.35	29.67	29.06	28.51	28.11	28.00	
111.00	104.30	97.66	91.14	85.29	80.11	75.78	71.50	67.28	63.07	58.88	54.93	51.61	48.50	45.49	42.70	39.93	37.16	35.03	33.60	33.16	33.00	
115.00	107.66	100.39	93.96	87.68	81.52	76.10	71.23	66.41	62.00	57.75	53.61	49.55	46.00	42.45	39.38	37.28	35.55	34.05	32.59	31.27	31.00	
106.00	99.45	93.42	87.50	81.77	76.22	70.81	65.59	60.85	56.31	52.05	48.15	45.55	42.98	41.01	39.10	37.36	35.75	34.72	33.74	32.93	32.20	32.00	
111.00	103.30	95.76	88.58	82.40	76.35	70.98	66.29	61.65	57.18	53.35	49.55	46.26	43.02	40.08	37.24	34.98	32.82	30.96	30.05	29.56	29.15	29.00	
118.00	111.39	104.85	98.77	92.91	87.06	81.41	75.99	70.68	65.38	60.09	55.71	51.38	47.39	43.44	40.63	38.56	36.55	34.59	33.02	31.58	30.20	29.03	29.00	
107.00	100.66	94.42	88.23	82.05	76.12	70.38	64.80	59.46	55.56	51.85	48.29	44.76	41.65	38.59	35.91	33.87	32.01	30.98	30.22	29.70	29.22	29.00	
110.00	104.88	99.84	94.83	89.99	85.16	80.34	75.68	71.46	67.31	63.79	60.41	57.08	53.79	50.64	47.92	45.26	42.71	40.22	37.84	35.51	34.23	33.07	33.00	
105.00	97.87	91.17	85.25	80.08	75.26	70.55	66.15	62.01	58.40	55.22	52.54	49.90	47.33	44.90	42.77	40.75	38.78	36.83	34.96	33.56	33.00	
120.00	111.84	103.74	95.70	88.02	81.52	75.59	70.22	65.27	60.45	56.17	52.05	47.97	44.01	40.37	37.26	34.87	32.64	30.74	29.49	28.37	28.00	
117.00	107.91	99.14	90.65	83.43	76.58	69.92	65.35	61.01	56.71	52.67	48.81	45.11	41.61	38.24	35.94	34.12	32.88	31.79	30.72	29.76	29.23	29.00	
113.00	106.26	99.62	93.30	87.17	81.13	75.16	69.49	63.84	58.99	54.38	50.54	46.82	43.31	40.00	37.02	34.20	31.71	30.09	29.35	29.17	29.06	29.00	
103.00	95.87	88.93	82.45	76.65	71.09	66.06	61.33	57.02	53.11	49.31	45.80	42.46	39.63	37.17	35.02	33.43	31.98	30.78	29.97	29.37	29.00	
115.00	108.45	102.14	95.86	89.94	84.11	78.46	73.59	68.77	63.99	59.25	54.52	49.86	45.76	42.12	38.78	36.04	33.42	30.84	30.13	30.00	
122.00	114.72	107.68	100.74	93.91	87.75	81.59	75.61	69.67	65.05	60.87	56.77	52.75	48.74	45.01	41.47	38.10	34.83	31.75	30.86	30.00	
101.00	95.28	89.56	83.86	78.46	73.37	68.61	63.95	59.36	55.51	51.80	48.12	44.59	41.45	39.10	36.81	34.70	32.94	31.50	30.55	29.73	29.24	29.00	
117.00	110.66	104.42	98.24	92.20	86.17	80.18	74.65	69.13	64.12	59.20	54.55	50.35	46.24	42.62	40.00	37.42	35.00	32.86	31.40	30.02	29.57	29.27	29.00	
107.00	99.05	91.25	83.83	76.54	70.56	64.72	59.90	55.41	51.13	47.71	44.56	41.91	39.53	37.62	35.97	34.83	33.79	33.16	32.55	32.00	
111.00	102.90	96.31	90.29	84.37	78.68	73.30	68.19	63.52	59.29	55.47	51.85	48.36	45.11	42.05	39.80	37.65	35.91	34.48	33.23	32.00	
112.00	105.35	98.74	92.20	85.97	80.12	74.38	69.12	64.59	60.39	56.18	52.24	48.37	44.57	41.35	38.67	36.53	34.70	33.12	31.53	30.37	29.33	28.62	28.00	
102.00	95.69	89.49	83.36	77.31	71.65	66.19	60.91	55.87	51.63	47.57	44.64	42.05	39.83	37.88	36.67	35.55	34.75	34.04	33.47	33.04	33.00	
123.00	114.04	105.15	97.21	89.93	82.66	75.46	68.61	61.97	55.74	49.67	44.66	40.79	38.53	36.84	35.60	34.40	33.36	32.47	32.19	32.00	
111.00	105.38	99.83	94.41	89.02	83.68	78.36	73.44	68.69	64.27	59.97	56.14	52.97	50.03	47.21	44.65	42.19	39.93	37.89	36.00	34.85	33.79	33.00	
103.00	96.16	90.13	84.48	78.96	73.53	68.48	64.06	59.86	55.67	51.62	48.13	44.97	41.92	39.79	37.81	36.12	34.54	33.35	32.22	31.30	30.65	30.12	30.00	
106.00	99.30	92.71	86.19	80.00	74.25	69.03	64.34	60.29	56.48	53.10	49.79	46.59	43.68	40.90	38.39	36.25	34.13	32.06	30.46	29.33	28.43	28.00	
117.00	109.90	103.06	96.24	89.70	83.41	77.22	71.53	66.36	61.43	56.50	51.74	46.99	43.24	39.75	37.27	35.12	33.48	31.96	30.84	30.06	30.00	
121.00	113.44	106.16	99.51	93.22	87.44	82.08	76.86	71.69	66.53	61.71	57.19	53.33	49.86	46.62	43.41	41.19	39.11	37.31	35.51	33.75	32.00	
108.00	102.09	96.43	90.77	85.21	79.86	74.63	69.91	65.22	60.61	56.32	52.62	49.04	45.73	42.47	39.43	36.86	34.86	33.31	31.95	31.24	30.73	30.30	30.00	
106.00	98.03	90.64	83.28	76.55	70.01	63.74	58.25	52.97	47.77	43.30	40.17	37.75	35.95	34.23	33.19	32.27	31.45	31.22	31.02	31.00	
122.00	115.11	108.32	102.19	96.08	90.34	84.62	79.05	73.96	68.97	64.84	60.75	56.68	52.71	48.85	45.31	41.89	38.64	35.55	32.99	30.84	29.53	28.51	28.00	
121.00	112.82	105.24	97.99	91.38	84.79	78.58	73.10	67.66	62.36	57.61	53.94	50.40	46.93	44.30	41.80	39.32	36.93	34.96	33.07	32.00	
112.00	104.08	97.54	91.25	85.17	79.23	73.33	67.87	62.57	57.31	52.39	48.03	44.46	41.02	37.96	35.44	33.44	31.84	30.38	29.34	29.00	
122.00	112.99	104.58	98.19	92.47	86.86	81.25	75.67	70.11	64.88	60.62	56.52	52.97	49.45	46.11	42.82	40.13	37.58	35.25	33.13	31.19	30.00	29.00	
101.00	94.72	88.55	82.56	77.03	72.18	67.80	63.46	59.62	55.88	52.59	49.65	46.86	44.19	41.89	39.59	37.59	35.95	34.58	33.43	32.32	31.82	31.40	31.00	
111.00	105.26	99.55	93.90	88.24	82.77	77.55	72.49	67.53	62.80	58.10	53.44	49.25	45.89	42.68	40.12	38.10	36.75	35.58	34.68	34.03	33.45	33.00	
104.00	97.52	91.09	85.17	79.43	73.87	68.38	63.30	58.89	54.50	50.32	46.27	42.71	39.34	36.67	34.18	32.22	30.85	29.87	29.13	28.65	28.25	28.00	
117.00	107.57	99.02	90.48	82.59	75.83	69.55	63.59	58.33	53.42	48.89	44.62	41.34	38.35	35.62	33.34	31.85	30.65	30.04	30.01	30.00	
104.00	96.94	90.04	84.50	79.22	74.26	69.46	65.33	61.21	57.36	53.80	50.57	47.35	44.44	41.67	38.92	36.33	34.08	32.12	31.17	31.00	
104.00	97.68	91.63	85.65	79.97	74.76	69.72	65.20	60.78	56.40	52.14	48.24	44.88	41.67	38.83	36.52	34.75	33.72	32.78	32.15	32.00	
110.00	102.42	95.12	88.37	82.09	76.06	70.16	65.19	60.46	56.15	52.29	49.01	46.12	43.56	41.17	38.81	36.74	34.69	32.99	31.45	31.17	31.00	
115.00	107.87	101.06	94.47	88.34	82.39	76.64	71.08	65.82	60.76	55.87	51.66	47.86	44.42	41.49	38.72	35.97	33.82	31.92	31.06	30.44	30.00	
117.00	109.58	102.52	95.80	89.59	83.45	77.42	71.53	65.74	60.89	56.29	52.24	48.53	45.08	42.26	39.48	37.03	34.92	34.06	33.21	32.73	32.33	32.04	32.00	
122.00	113.77	105.74	97.98	90.71	83.80	77.15	70.81	65.24	60.11	55.91	51.93	48.02	44.99	42.14	39.57	37.07	34.66	32.98	32.28	31.70	31.20	31.00	
110.00	103.61	97.35	91.65	86.00	80.36	74.98	70.00	65.52	61.50	57.63	54.09	50.91	48.11	45.51	42.95	40.55	38.21	36.11	34.29	33.28	32.36	32.00	
102.00	95.85	89.97	84.40	79.30	74.34	69.62	65.07	60.57	56.17	51.85	47.88	44.35	40.92	38.27	36.68	35.45	34.64	34.13	33.69	33.26	33.03	33.00	
101.00	95.98	91.10	86.22	81.38	76.77	72.45	68.23	64.30	60.47	57.13	54.11	51.10	48.51	45.94	43.43	41.17	38.98	37.09	35.50	34.32	33.33	33.00	
114.00	106.59	99.96	93.38	86.92	80.75	75.40	71.00	66.95	62.95	58.96	55.03	51.11	47.32	44.36	41.56	38.88	36.75	35.00	33.27	32.04	32.00	
106.00	98.84	92.61	87.13	81.92	77.24	72.57	68.34	64.18	60.06	56.65	53.27	50.01	46.90	44.15	41.42	38.76	36.23	34.04	32.14	30.36	29.11	29.00	
118.00	108.19	99.87	92.99	86.43	80.39	74.38	68.80	63.33	58.46	54.61	50.86	47.47	44.32	41.20	38.59	36.31	34.19	33.20	32.46	32.00	
110.00	102.27	94.56	86.99	80.12	73.59	68.10	62.63	57.49	53.12	48.78	45.28	42.88	40.81	38.86	37.07	35.39	34.27	33.38	32.59	32.09	32.00	
122.00	112.92	104.01	96.04	88.18	80.41	73.12	66.38	60.29	54.28	50.45	47.14	44.09	41.16	38.36	35.65	33.72	32.47	31.37	30.42	30.17	30.00	
107.00	101.30	95.62	90.22	85.20	80.30	75.49	71.05	66.72	62.39	58.52	54.73	51.51	48.29	45.46	42.70	39.99	37.30	34.89	32.53	30.62	29.26	28.59	28.00	
109.00	102.22	95.83	89.66	84.18	78.90	73.63	68.54	63.57	58.69	54.20	49.81	46.27	42.89	39.91	36.97	35.13	33.66	32.42	31.27	30.44	29.78	29.35	29.00	
110.00	100.54	91.87	84.37	77.02	69.99	63.02	58.04	53.46	49.12	46.03	43.33	40.81	38.31	35.91	33.61	31.50	30.28	29.40	29.12	29.00	
102.00	95.16	88.73	82.36	76.46	70.73	65.66	61.24	56.89	52.54	48.82	45.77	43.00	40.33	38.02	35.82	33.64	31.91	30.74	30.15	30.00	
123.00	114.70	106.51	98.62	91.10	83.80	77.20	70.90	64.61	58.60	53.75	49.80	46.90	44.35	41.96	39.60	37.47	35.60	34.10	33.00	31.99	31.22	30.48	30.00	
104.00	97.29	90.60	83.97	77.46	71.46	65.94	60.41	55.34	51.76	48.36	45.13	42.35	39.85	37.48	35.12	32.96	31.45	30.31	29.41	28.58	28.25	28.00	
101.00	95.61	90.38	85.16	80.32	75.57	70.94	66.37	62.43	58.65	54.89	51.37	48.25	45.12	42.05	38.98	36.42	34.81	33.44	32.21	31.30	31.13	31.01	31.00	
118.00	109.33	100.92	93.70	86.98	80.45	74.61	68.92	63.25	58.54	54.57	50.68	46.84	43.13	40.40	37.72	35.88	34.06	32.44	30.95	29.82	28.74	28.00	
114.00	106.09	98.52	91.37	85.62	80.18	75.16	70.16	65.19	61.30	57.59	53.93	50.73	47.96	45.49	43.35	41.45	39.58	37.82	36.07	34.81	34.06	33.50	33.00	
123.00	114.37	105.73	97.30	89.48	81.76	74.43	67.17	61.10	55.38	50.96	47.29	43.79	40.37	37.25	34.69	33.42	32.26	31.21	30.35	29.72	29.10	29.00	
109.00	102.53	96.17	89.87	83.93	78.59	73.66	68.80	64.29	60.48	56.68	52.99	49.58	46.37	43.32	40.27	37.50	34.73	32.64	31.05	29.91	28.90	28.05	28.00	
119.00	110.39	102.13	94.15	86.37	79.26	73.96	69.37	65.02	60.85	57.05	53.28	49.69	46.32	43.06	40.31	37.84	35.43	33.99	33.21	33.00	
119.00	110.95	103.25	95.58	88.30	81.13	74.50	68.42	62.70	57.25	52.08	47.56	44.09	40.90	38.34	35.82	33.56	31.71	29.98	29.07	28.41	28.00	
101.00	94.34	88.06	82.62	77.33	72.22	67.16	63.17	59.58	56.06	52.57	49.14	45.79	42.81	39.97	37.21	34.62	32.23	30.25	29.21	28.57	28.00	
107.00	100.11	93.69	87.59	81.69	76.38	71.28	66.56	61.85	57.16	52.76	48.65	45.24	42.42	39.94	37.61	35.71	33.96	32.37	31.00	29.64	29.31	29.00	
113.00	104.44	96.18	88.42	81.33	74.57	68.83	63.77	58.85	54.69	51.07	47.75	44.90	42.46	40.16	38.33	36.68	35.09	34.03	33.44	33.05	33.00	
115.00	108.30	101.68	95.47	90.21	85.08	80.32	75.56	71.00	66.59	62.21	57.83	53.84	50.01	46.67	43.40	40.17	37.10	34.17	31.92	30.16	29.00	
110.00	104.48	99.55	94.70	89.92	85.45	80.99	76.92	73.03	69.23	65.49	61.79	58.21	54.72	51.31	48.06	45.12	42.27	39.43	36.70	34.31	32.21	32.00	
107.00	101.39	95.84	90.49	85.25	80.09	74.99	70.71	66.47	62.35	58.48	55.25	52.11	48.98	45.95	42.95	40.27	38.19	36.13	34.27	33.34	32.62	32.30	32.00	
108.00	98.04	90.11	82.27	74.60	68.79	63.36	58.36	53.37	48.42	45.19	42.52	40.60	38.85	37.27	35.88	34.56	33.41	32.36	31.45	31.00	
110.00	103.95	98.16	92.44	86.87	81.46	76.12	71.21	66.64	62.31	58.26	54.69	51.14	47.93	44.85	42.20	39.59	38.26	36.97	35.89	34.91	33.95	33.31	33.00	
108.00	99.43	91.40	83.54	75.73	69.29	63.17	57.16	52.57	48.56	45.43	42.45	39.63	37.56	35.64	34.45	33.35	32.50	31.73	31.21	31.00	
122.00	112.99	104.03	96.24	88.51	80.91	73.43	67.02	61.62	57.12	53.35	50.16	47.27	44.49	42.40	40.43	38.74	37.18	35.69	34.74	33.82	33.17	33.00	
111.00	105.06	99.38	93.87	88.82	83.89	79.01	74.20	69.41	64.70	60.40	56.15	51.92	48.37	45.25	42.69	40.39	38.37	36.41	34.74	33.15	31.61	30.48	30.00	
116.00	108.84	101.70	94.81	89.00	83.29	77.78	72.44	67.15	62.42	57.83	53.26	49.20	45.70	42.24	39.08	36.51	34.11	33.47	33.05	33.00	
116.00	109.69	103.40	97.12	91.15	85.27	79.58	73.98	68.57	63.20	59.06	55.03	51.67	48.49	45.43	42.50	39.67	37.40	35.36	33.74	33.41	33.11	33.00	
122.00	115.23	109.50	104.12	98.78	93.64	88.65	83.74	78.96	74.19	69.66	65.17	60.87	56.82	52.79	48.96	45.83	42.79	39.90	37.22	34.64	33.44	32.58	32.00	
123.00	116.13	109.45	102.99	96.57	90.30	84.12	78.14	72.72	67.88	63.17	58.64	54.32	50.27	46.65	43.04	39.79	37.17	35.39	34.56	33.87	33.29	33.00	
111.00	101.19	93.08	84.97	78.70	72.74	67.17	61.90	56.82	52.08	48.71	45.35	42.02	39.32	37.70	36.12	34.72	33.59	32.57	31.71	31.00	
111.00	104.28	97.95	91.77	85.63	79.58	73.58	67.93	62.31	56.86	52.33	48.10	44.54	41.62	39.16	37.38	35.62	34.05	33.05	32.11	31.33	30.80	30.40	30.00	
105.00	96.22	87.88	79.97	73.20	66.54	60.92	55.64	50.54	46.06	42.62	39.71	37.51	36.07	34.71	33.46	32.28	31.16	30.34	29.60	29.17	29.00	
118.00	110.49	103.05	95.70	88.49	81.57	75.04	69.14	63.25	58.26	54.38	50.54	47.28	44.34	41.47	39.18	37.21	35.42	33.63	33.22	33.00	
104.00	97.79	91.72	86.40	81.11	76.01	70.92	66.98	63.05	59.15	55.30	51.45	48.02	45.08	42.72	40.69	38.82	37.09	35.59	34.35	33.26	32.38	32.01	32.00	
106.00	99.03	92.46	86.08	79.84	74.21	68.71	63.75	58.98	54.23	50.63	47.15	44.59	42.09	40.05	38.19	36.58	35.47	34.45	33.47	32.54	31.69	31.00	
110.00	101.86	94.09	86.66	80.67	75.15	70.41	65.70	61.26	57.03	53.79	50.65	47.54	44.64	42.16	39.72	37.60	35.66	34.08	32.78	31.61	30.45	29.59	29.00	
118.00	110.55	103.11	95.82	89.42	83.60	78.14	72.78	67.92	63.09	58.48	54.24	50.50	47.18	43.86	40.68	38.64	37.42	36.23	35.16	34.21	33.29	33.00	
112.00	101.63	93.49	85.89	79.25	72.90	66.79	61.26	56.30	51.41	46.63	42.78	40.03	37.33	34.90	33.55	32.21	31.30	30.60	29.95	29.33	29.00	
115.00	107.89	101.25	94.89	88.84	83.12	78.15	73.27	68.50	63.77	59.05	55.44	51.90	48.39	45.01	41.81	38.74	35.97	33.40	31.68	30.18	29.09	29.00	
109.00	101.28	93.96	86.87	79.87	73.88	68.21	62.59	57.26	52.58	48.23	44.49	40.77	37.88	35.12	33.18	31.77	30.58	29.50	28.62	28.13	28.01	28.00	
112.00	103.77	96.11	89.24	83.03	76.82	70.93	65.16	60.17	55.60	52.43	49.32	46.31	43.66	41.08	38.97	37.06	35.24	33.49	32.01	31.26	31.00	
119.00	110.81	102.85	95.33	87.88	80.98	74.15	67.49	62.08	56.79	52.55	48.50	45.32	42.66	40.65	38.93	37.34	36.10	34.96	33.97	32.98	32.14	32.00	
102.00	97.21	92.58	87.99	83.41	78.92	74.44	70.26	66.36	62.49	58.80	55.13	51.75	48.67	45.90	43.25	40.69	38.25	36.21	34.69	33.59	32.64	32.00	
119.00	109.58	101.95	94.75	87.60	80.98	74.59	68.48	62.41	56.66	51.49	47.08	42.87	39.45	36.18	33.18	30.42	29.30	28.64	28.09	28.00	
115.00	106.42	99.39	93.42	87.46	81.54	76.12	70.71	66.25	62.13	58.25	54.68	51.19	47.90	44.79	41.99	39.37	37.11	34.93	33.34	32.00	
104.00	97.33	90.70	84.45	78.41	72.54	67.33	62.15	57.25	53.42	49.68	46.60	43.55	40.88	39.04	37.36	35.78	34.23	33.15	32.54	32.08	32.00	
106.00	99.53	93.08	87.31	82.43	77.65	73.04	68.54	64.27	60.08	55.92	51.86	48.12	44.64	41.58	39.08	36.86	34.77	32.96	31.69	30.49	30.17	30.00	
106.00	99.50	93.00	86.52	80.40	74.55	69.00	63.63	58.29	53.42	48.82	44.39	41.43	39.04	37.62	36.42	35.58	34.80	34.02	33.50	33.03	33.00	
103.00	97.27	91.65	86.27	80.90	75.65	70.62	66.18	61.91	57.80	53.80	50.61	47.88	45.20	42.58	40.39	38.43	36.65	34.99	33.39	33.09	33.00	
114.00	107.78	101.62	95.49	89.65	83.95	78.33	72.84	67.55	63.26	59.00	55.06	51.34	47.82	44.53	41.31	38.45	35.73	33.95	32.86	32.19	31.65	31.15	31.00	
106.00	99.47	93.38	88.04	83.00	78.21	73.50	68.82	64.29	60.19	56.31	52.83	49.38	46.74	44.14	41.55	39.04	36.74	34.75	33.33	32.40	32.13	32.00	
107.00	99.55	92.57	86.22	81.06	75.92	71.16	66.69	62.44	58.37	54.41	50.57	47.57	44.69	41.85	39.83	38.14	36.68	35.67	34.76	33.88	33.06	32.39	32.00	
118.00	111.42	104.90	98.82	92.93	87.45	81.97	76.77	71.68	66.79	61.91	57.08	52.70	49.13	45.60	42.31	39.05	36.48	34.33	32.56	32.00	
106.00	99.65	93.78	88.35	82.94	77.71	72.51	67.37	62.54	57.71	53.41	49.21	45.43	42.75	40.26	38.30	36.37	34.66	33.08	31.50	30.07	28.69	28.00	
120.00	112.20	104.67	97.27	89.94	83.11	76.56	70.70	65.63	60.81	56.04	51.28	47.31	44.05	41.39	38.99	37.09	35.28	33.50	33.15	33.00	
107.00	99.88	92.76	85.73	79.13	73.68	68.78	64.49	60.31	56.32	52.60	49.20	45.82	42.48	39.24	36.57	34.49	32.54	30.65	29.42	29.00	
104.00	97.77	91.70	85.90	80.39	75.05	69.81	64.57	59.42	54.98	50.92	47.59	44.37	41.69	39.68	37.94	36.24	34.61	33.56	32.66	32.07	32.00	
119.00	111.26	103.80	96.52	89.47	82.71	75.95	69.99	64.18	58.43	53.97	49.91	46.14	42.73	39.66	37.45	35.33	33.71	32.11	31.13	30.48	30.04	30.00	
119.00	110.70	103.33	96.30	90.13	84.04	78.50	73.97	69.54	65.66	61.80	58.25	54.72	51.34	48.03	44.90	42.25	39.66	37.14	34.63	32.27	31.67	31.34	31.00	
117.00	109.74	103.18	96.79	90.48	84.90	79.37	74.11	68.97	64.21	59.77	55.87	52.34	49.03	46.12	43.32	40.85	38.83	36.84	34.96	33.40	33.00	
111.00	104.31	97.88	91.59	85.41	79.63	74.05	68.79	63.62	58.61	54.62	50.70	47.25	43.99	40.87	37.90	35.55	33.40	31.27	30.53	29.92	29.37	29.00	
122.00	112.91	103.86	94.89	87.27	80.02	72.84	66.82	60.96	55.49	50.59	46.14	42.12	38.65	36.04	33.88	31.73	30.22	29.26	29.06	29.00	
109.00	101.54	94.24	87.32	81.02	75.20	69.63	64.64	59.68	55.49	51.89	48.47	45.58	42.85	40.22	38.11	36.14	34.20	32.45	31.59	31.00	
110.00	102.97	96.42	89.89	83.54	77.37	71.24	66.14	61.36	56.67	52.48	48.74	45.07	42.32	39.76	37.57	36.18	34.82	33.54	32.29	31.53	31.20	31.04	31.00	
112.00	105.06	98.26	91.98	85.78	79.60	73.59	67.60	62.48	58.13	53.85	49.61	45.51	42.46	39.68	37.59	35.58	34.21	32.87	31.59	31.08	31.00	
105.00	99.64	94.31	89.15	84.04	78.95	73.96	69.10	65.19	61.57	58.18	54.81	51.56	48.70	46.00	43.37	40.92	38.57	36.23	35.13	34.06	33.08	32.21	32.00	
118.00	110.17	102.38	94.92	87.47	80.72	74.49	68.56	62.92	57.47	52.37	47.98	44.15	40.51	37.56	35.12	33.50	31.93	30.88	29.89	29.26	29.07	29.00	
111.00	101.47	93.39	85.91	78.77	71.88	65.27	58.83	52.85	47.06	43.44	39.86	37.08	34.46	32.19	30.08	28.83	28.57	28.36	28.16	28.00	
118.00	109.09	100.35	91.61	83.33	76.58	70.15	64.95	60.29	55.83	52.03	48.32	45.81	43.33	41.02	38.82	36.78	35.31	33.87	33.00	32.42	32.17	32.06	32.00	
106.00	97.14	90.57	84.22	78.16	72.28	67.42	62.76	58.18	54.42	50.86	47.79	44.81	41.84	38.99	36.60	34.26	31.96	30.13	28.97	28.00	
123.00	113.07	104.75	96.56	89.55	82.68	75.81	69.46	63.11	58.68	54.37	50.18	46.14	42.53	39.64	37.53	35.50	33.97	32.51	31.87	31.28	31.00	
102.00	96.15	90.42	85.08	79.91	74.82	69.79	64.93	60.07	55.81	51.67	47.66	44.03	40.84	38.64	36.54	34.87	33.38	32.17	31.24	30.40	30.00	
114.00	107.55	101.20	95.46	90.08	85.30	80.57	76.10	71.73	67.76	64.04	60.35	56.72	53.46	50.24	47.13	44.19	41.38	38.74	36.14	34.60	33.09	32.00	
115.00	107.29	99.73	92.90	86.54	80.28	74.64	70.35	66.15	61.97	57.91	54.00	50.35	47.01	43.98	41.28	38.78	36.63	34.53	33.07	31.93	31.23	31.00	
110.00	101.73	94.13	86.79	79.69	73.94	68.31	63.38	58.47	53.91	50.24	46.68	43.53	40.78	38.38	36.15	33.93	32.05	30.40	28.89	28.00	
103.00	95.85	88.81	82.01	76.30	70.78	65.32	60.04	55.22	50.81	46.69	43.38	40.24	37.28	34.83	33.43	32.65	31.92	31.28	30.78	30.30	30.10	30.00	
116.00	109.12	102.45	96.92	91.42	86.08	80.86	75.87	70.89	66.54	62.21	58.17	54.21	51.20	48.20	45.55	43.20	41.27	39.44	37.67	36.21	34.83	33.59	33.00	
107.00	98.53	91.17	84.08	77.37	71.18	65.59	60.14	55.16	50.53	46.27	43.13	40.16	37.92	35.96	34.00	32.26	30.64	29.24	28.06	28.00	
108.00	100.42	93.54	86.70	80.07	73.46	67.00	61.29	55.60	50.91	47.60	44.32	41.03	37.86	35.13	33.21	31.45	30.24	29.07	28.22	28.05	28.00	
115.00	106.67	98.92	91.76	84.74	77.78	71.56	65.39	60.01	54.95	51.28	47.67	44.23	40.80	37.86	35.06	32.84	31.47	30.33	29.30	28.48	28.00	
107.00	100.34	93.89	87.47	81.28	75.12	69.42	63.91	58.49	53.15	48.41	44.24	40.58	38.73	37.24	35.99	34.89	34.03	33.28	32.59	32.15	32.01	32.00	
116.00	108.77	101.53	95.24	89.29	83.38	77.57	71.82	66.80	61.91	57.27	52.70	48.21	44.53	40.89	37.99	35.19	33.27	31.78	30.90	30.01	30.00	
116.00	108.85	101.91	95.41	88.99	82.83	76.74	71.75	67.13	63.07	59.20	55.63	52.27	49.17	46.27	43.54	40.98	38.48	36.53	34.61	32.93	31.71	31.00	
118.00	111.13	104.44	97.83	91.37	85.35	79.45	73.63	67.91	62.46	57.10	52.32	47.57	43.13	39.88	37.86	35.86	34.17	33.15	32.40	32.02	32.00	
103.00	95.53	88.46	81.70	75.07	69.36	64.52	59.96	55.64	51.75	48.14	44.65	42.69	40.81	39.27	37.76	36.33	35.09	34.43	33.78	33.37	33.05	33.02	33.00	
113.00	105.96	99.65	93.55	87.66	81.88	76.17	70.56	64.98	59.76	54.91	50.54	47.48	44.53	41.96	39.46	37.51	35.60	33.80	33.00	32.50	32.05	32.00	
120.00	112.89	106.30	99.77	93.41	87.48	81.58	76.73	71.91	67.15	62.68	58.67	54.75	51.48	48.29	45.20	42.37	39.60	37.19	35.03	33.53	32.67	32.00	
110.00	104.34	98.72	93.52	88.33	83.85	79.45	75.09	70.80	66.56	62.60	58.82	55.12	51.45	48.00	44.83	41.83	38.90	36.34	34.48	32.97	31.59	30.48	30.00	
107.00	100.27	93.61	87.07	80.68	74.53	68.84	63.21	57.89	53.74	49.72	45.74	42.38	40.00	37.70	35.71	33.82	32.17	31.60	31.07	30.54	30.26	30.00	
113.00	104.18	96.24	88.42	81.06	73.86	66.75	60.76	56.28	52.00	47.98	44.67	41.43	38.43	36.06	34.03	32.34	30.68	29.17	28.46	28.00	
119.00	112.22	105.47	98.79	92.71	86.75	80.88	75.04	69.40	63.87	58.46	54.29	50.56	47.07	43.65	41.12	38.68	36.26	34.30	32.46	31.14	29.85	29.11	29.00	
123.00	114.97	107.94	100.94	93.94	87.79	81.64	75.53	69.43	63.74	59.03	54.85	51.07	47.38	44.11	40.90	38.01	35.99	33.97	32.09	30.28	29.15	29.00	
123.00	113.75	104.81	95.88	87.08	78.39	70.41	62.57	56.15	49.97	44.12	38.38	33.70	31.54	30.74	30.01	29.63	29.40	29.19	29.04	29.00	
122.00	113.72	105.88	99.46	93.07	86.97	81.77	77.03	72.42	67.93	63.53	59.68	56.05	52.68	49.56	46.55	43.67	41.19	38.85	36.52	34.65	33.79	33.00	
104.00	95.81	88.43	82.61	77.46	72.61	68.51	64.61	60.90	57.27	53.75	50.25	46.85	43.46	40.22	37.06	34.32	31.63	30.31	29.64	29.22	29.00	
103.00	96.22	89.65	83.20	77.06	72.30	67.94	63.60	59.53	55.71	51.97	48.25	44.83	41.93	39.73	37.56	35.69	33.82	32.18	30.68	29.26	28.47	28.00	
107.00	97.84	88.84	81.63	74.50	69.08	64.76	60.53	56.62	52.76	49.09	45.69	42.53	39.52	36.71	35.13	33.59	32.23	31.05	29.94	28.92	28.23	28.07	28.00	
120.00	111.74	103.77	96.37	89.38	82.65	76.47	70.79	65.29	59.80	54.93	50.97	47.18	44.04	41.14	38.42	35.72	33.60	31.78	30.34	29.77	29.21	29.00	
121.00	113.50	106.05	99.43	93.11	86.87	81.75	76.88	72.08	67.29	63.07	58.95	54.87	51.06	47.28	44.64	42.09	39.99	38.00	36.08	34.63	33.36	33.00	
119.00	110.01	101.16	94.19	88.27	82.35	77.32	72.68	68.06	63.66	59.63	55.74	52.14	48.58	45.03	41.54	38.27	36.03	34.00	32.36	30.84	30.07	30.00	
102.00	96.86	91.94	87.04	82.53	78.02	73.51	69.02	64.67	60.46	56.77	53.29	50.06	46.86	43.69	41.07	38.52	36.06	34.13	32.45	30.78	29.70	29.00	
114.00	106.11	98.74	91.55	84.43	77.34	71.37	65.79	60.85	55.96	51.41	47.45	43.99	40.88	37.91	35.46	33.23	31.03	29.07	28.15	28.00	
109.00	102.51	96.12	89.90	83.84	78.21	72.81	67.93	63.23	58.62	54.03	50.31	46.77	43.73	40.97	38.66	36.66	35.11	33.79	32.81	31.90	31.23	31.00	
116.00	108.14	100.81	93.47	86.25	79.25	72.50	66.67	61.69	57.54	53.65	50.23	47.09	44.04	41.07	38.32	35.62	33.98	32.91	32.17	32.00	
122.00	114.20	106.83	99.48	92.38	85.30	78.31	72.44	66.71	61.04	56.05	51.56	47.34	43.79	40.29	37.39	35.08	34.27	33.60	32.96	32.41	32.14	32.06	32.00	
104.00	97.94	91.94	85.94	80.03	74.19	68.46	62.89	57.69	52.64	47.96	43.57	39.43	36.70	34.12	32.89	31.72	30.89	30.26	30.08	30.02	30.00	
117.00	108.24	101.03	93.87	87.15	80.44	74.21	68.21	62.21	56.96	53.34	49.86	46.41	43.06	40.59	38.59	36.80	35.53	34.63	33.83	33.19	33.01	33.00	
116.00	108.08	100.83	93.82	86.82	80.47	74.45	68.80	63.22	57.92	52.97	48.42	44.42	41.55	38.95	36.82	34.73	33.37	32.22	31.26	30.54	30.16	30.00	
103.00	96.98	90.97	85.15	79.49	73.84	68.75	63.86	59.83	56.12	52.55	49.15	46.24	43.37	41.44	39.60	37.82	36.14	34.54	33.25	31.97	30.82	29.91	29.00	
117.00	110.23	103.75	97.34	91.09	85.04	79.11	73.38	67.77	62.29	56.87	51.45	46.07	40.91	35.77	33.51	31.72	30.52	29.77	29.06	29.00	
123.00	113.29	104.51	96.06	88.43	81.38	75.03	69.31	63.87	58.98	54.33	50.79	47.76	45.09	42.64	40.56	38.48	36.46	34.49	33.06	32.00	
122.00	114.78	107.56	100.69	94.04	87.39	80.76	74.22	68.50	62.86	58.30	54.11	49.97	45.94	42.36	39.73	37.43	35.86	34.80	33.93	33.06	33.00	
115.00	105.78	98.79	92.00	85.62	79.34	73.63	67.99	63.18	59.29	55.48	51.77	48.06	44.70	41.68	38.99	36.60	34.90	33.65	33.19	33.00	
110.00	102.53	95.37	88.68	82.89	77.37	71.99	66.91	61.97	57.05	52.82	48.77	46.16	43.58	41.33	39.33	37.44	35.66	34.09	32.94	31.84	31.11	31.05	31.00	
123.00	113.18	103.62	94.91	86.98	79.43	73.41	67.68	62.16	56.67	51.53	47.31	43.33	39.77	37.13	35.77	34.76	33.86	33.38	33.13	33.00	
111.00	104.41	97.92	91.56	85.69	79.84	74.87	70.05	65.32	60.83	56.76	52.85	49.04	45.39	41.87	38.54	35.44	33.47	32.95	32.52	32.21	32.00	
110.00	103.13	96.39	89.67	83.62	77.61	71.95	66.96	62.03	57.22	52.44	48.15	44.29	40.56	37.89	35.25	32.94	31.34	30.32	29.63	29.00	
107.00	100.54	94.16	87.83	82.36	76.93	71.82	66.93	62.09	57.37	52.66	48.89	45.16	41.82	38.57	36.11	33.65	31.60	30.41	29.78	29.37	29.11	29.00	
122.00	113.34	104.73	98.30	91.91	86.21	80.87	75.96	71.16	66.37	61.86	57.42	53.02	49.42	45.93	42.67	39.56	37.18	35.04	33.20	31.38	30.31	30.02	30.00	
123.00	114.35	105.91	97.51	90.36	83.67	77.00	71.23	66.01	60.85	56.34	51.84	47.42	43.81	40.72	37.95	35.34	33.05	31.58	30.28	30.00	
118.00	112.08	106.39	100.95	95.53	90.50	85.68	81.02	76.38	71.92	67.64	63.76	60.35	57.00	53.71	50.51	47.35	44.26	41.74	39.57	37.75	35.95	34.27	33.00	
107.00	99.82	93.06	86.70	80.80	74.94	69.64	64.52	59.54	54.57	50.39	47.52	44.68	41.84	39.01	36.59	34.46	32.50	30.83	29.80	29.00	
116.00	109.47	102.97	96.47	90.34	84.70	79.13	74.01	68.90	64.02	59.30	54.90	50.83	47.15	44.20	41.30	38.76	36.41	34.33	32.58	31.47	30.76	30.08	30.00	
116.00	107.87	100.20	92.59	86.49	80.82	75.41	70.15	65.22	60.54	55.96	51.53	47.28	43.48	40.03	37.15	34.34	31.67	29.98	28.94	28.00	
112.00	104.28	96.73	89.20	81.86	75.02	68.24	61.58	56.12	52.62	49.33	46.21	43.26	40.52	37.90	35.37	33.29	31.37	30.16	29.09	28.46	28.00	
104.00	95.74	88.46	81.66	75.06	68.49	62.33	56.60	51.08	46.40	43.50	40.83	38.58	36.69	34.84	33.01	31.25	30.45	29.71	29.11	29.00	
103.00	95.48	89.73	84.23	79.06	74.03	69.21	65.36	61.69	58.08	54.54	51.07	48.18	45.31	42.55	40.34	38.17	36.09	34.10	32.61	32.00	
123.00	115.00	107.22	99.98	92.98	86.33	79.81	74.03	68.56	63.96	59.64	55.37	51.27	47.58	44.03	40.82	38.20	36.18	34.56	33.15	32.01	31.12	30.42	30.00	
118.00	108.91	99.86	91.01	82.50	74.50	66.81	59.64	53.82	48.75	44.31	40.08	37.95	35.82	33.91	32.02	30.24	29.07	28.21	28.10	28.00	
111.00	105.34	100.22	95.43	90.76	86.14	81.66	77.30	73.17	69.23	65.31	61.47	57.64	53.82	50.29	46.80	43.34	40.48	37.69	35.21	32.94	31.00	29.34	29.00	
119.00	111.88	105.02	98.76	92.65	86.60	81.49	76.47	71.91	67.93	64.18	60.42	56.76	53.26	49.78	46.59	43.60	40.70	37.91	35.59	34.28	33.00	32.25	32.00	
112.00	105.87	100.17	94.55	89.00	84.08	79.51	75.00	70.98	67.03	63.15	59.35	55.61	51.87	48.52	45.20	41.98	39.27	36.68	34.57	32.67	31.00	
107.00	99.84	93.22	87.49	81.99	76.61	71.41	66.33	62.57	58.97	55.52	52.08	49.27	46.57	44.18	42.21	40.49	38.79	37.09	35.50	33.97	33.42	33.00	
107.00	99.18	91.81	85.09	79.24	73.54	68.00	62.57	57.20	52.21	47.52	44.47	41.89	39.71	37.68	36.18	34.94	34.01	33.14	32.36	32.00	
104.00	96.10	89.00	82.56	76.58	71.02	65.48	60.23	55.74	51.29	47.33	43.89	41.08	38.81	37.27	36.11	35.05	34.23	33.64	33.15	33.00	
102.00	92.66	85.77	78.95	74.39	69.97	66.03	62.35	58.85	55.38	51.98	49.11	46.47	44.09	41.83	39.62	37.47	35.61	33.85	32.16	32.00	
111.00	102.96	96.16	89.91	83.71	77.91	72.35	67.52	63.28	59.28	55.32	51.50	47.80	45.17	42.71	40.59	38.51	36.78	35.08	33.62	32.25	31.19	30.49	30.00	
105.00	98.23	91.49	85.67	80.10	75.41	70.84	66.41	62.18	58.48	55.00	51.65	48.31	45.17	42.12	39.95	37.90	35.96	34.31	32.77	31.24	30.07	30.00	
111.00	104.70	98.47	92.31	86.22	80.29	74.41	68.89	64.41	60.18	56.00	52.25	48.58	44.99	41.52	38.34	35.23	33.33	31.89	30.66	30.00	
122.00	114.19	106.45	99.39	93.06	86.85	80.82	75.36	70.39	65.76	61.35	56.98	52.65	49.07	45.50	42.44	39.73	37.22	35.40	33.67	31.96	30.47	29.05	28.00	
109.00	101.83	95.31	88.85	83.26	77.74	72.47	67.74	63.02	58.98	55.15	51.42	47.71	44.25	41.01	38.38	35.83	33.99	32.31	31.11	30.34	29.68	29.26	29.00	
115.00	106.76	99.48	92.84	86.33	79.93	73.67	67.81	62.35	56.93	51.95	47.21	43.25	39.41	36.97	35.08	33.45	32.27	31.27	30.63	30.37	30.12	30.00	
102.00	94.79	87.68	80.98	74.98	70.53	66.14	62.34	58.73	55.28	51.93	48.72	45.82	43.93	42.25	40.69	39.20	37.73	36.34	35.06	33.79	33.01	33.00	
120.00	110.62	101.83	93.59	86.95	80.93	75.25	69.70	64.31	59.56	55.10	50.85	46.72	42.98	39.28	36.37	34.08	31.98	30.07	28.16	28.00	
101.00	95.38	90.43	85.56	80.73	75.95	71.17	66.47	62.23	58.02	54.29	50.78	47.71	44.76	41.87	39.55	37.61	36.00	34.70	33.66	32.87	32.19	32.00	
108.00	101.81	95.62	89.55	83.48	78.37	73.43	68.89	64.35	60.56	56.83	53.38	50.25	47.22	44.61	42.16	40.03	38.33	36.96	35.61	34.65	34.04	33.46	33.00	
113.00	105.38	98.63	91.95	85.73	79.98	74.55	69.78	65.15	60.55	55.94	51.76	47.93	44.53	41.27	38.17	35.61	33.40	32.47	31.60	31.28	31.00	
104.00	97.24	90.66	84.79	79.71	74.92	70.31	65.82	61.40	57.01	52.79	48.98	45.95	43.12	40.48	38.46	36.46	34.57	32.71	31.27	30.38	30.00	
121.00	113.29	105.66	99.17	92.90	87.13	81.38	75.68	70.09	64.57	59.66	55.09	51.32	47.59	44.71	42.01	39.47	37.12	35.83	34.86	34.12	33.52	33.10	33.00	
104.00	97.50	91.47	85.60	79.74	74.05	68.37	63.04	58.39	53.98	49.71	47.41	45.15	42.96	40.85	39.01	37.23	35.67	34.20	32.99	31.83	30.68	30.15	30.00	
111.00	102.90	94.81	87.38	81.68	75.99	71.35	66.86	62.42	58.03	53.76	49.58	45.51	41.59	38.00	36.07	34.19	32.37	31.08	29.96	29.32	29.00	
111.00	105.06	99.19	93.34	87.54	81.94	76.38	71.61	67.40	63.53	59.84	56.27	52.90	49.60	46.41	43.57	40.73	38.19	35.77	33.58	32.71	32.27	32.00	
101.00	95.54	90.71	86.22	82.10	78.16	74.28	70.45	66.67	63.03	59.58	56.13	52.72	49.42	46.14	42.91	39.90	37.67	35.84	34.42	33.06	31.70	31.00	
119.00	110.38	101.97	94.30	87.04	80.34	74.21	68.44	62.79	57.91	53.04	48.21	43.96	40.14	37.75	36.06	34.47	32.93	31.60	30.38	29.42	29.20	29.00	
110.00	103.42	96.86	90.37	84.17	78.42	73.26	68.45	63.81	59.34	54.93	50.84	47.10	43.41	40.00	37.62	35.84	34.99	34.35	33.72	33.12	32.62	32.30	32.00	
122.00	114.27	107.07	100.24	93.44	86.78	80.56	74.57	69.11	63.86	58.67	53.67	49.38	45.16	41.22	37.51	34.20	32.62	31.94	31.40	31.17	31.00	
114.00	104.80	95.86	87.25	79.20	72.99	66.88	62.62	58.47	54.53	50.83	47.86	44.91	42.21	39.93	37.74	35.83	34.24	33.48	32.79	32.18	32.00	
113.00	105.87	99.02	92.49	86.03	79.80	73.87	68.10	63.10	58.20	54.17	50.48	47.02	43.74	40.65	38.19	35.88	34.15	32.47	31.66	31.25	31.00	
102.00	95.40	89.12	82.86	76.84	71.08	65.35	60.16	55.14	50.61	46.48	43.51	40.89	38.31	36.03	34.00	32.00	30.74	29.80	28.97	28.34	28.00	
123.00	111.84	101.36	92.25	84.42	77.08	70.07	63.46	58.72	54.16	49.78	45.41	42.12	38.86	35.98	33.40	30.97	29.24	28.73	28.46	28.21	28.00	
123.00	115.00	107.10	99.38	91.86	84.75	77.78	71.11	64.47	58.03	53.24	48.57	44.93	41.47	38.58	35.71	33.19	31.31	29.89	28.73	28.00	
123.00	112.38	102.95	95.25	87.67	80.30	73.31	67.52	62.14	57.05	52.50	49.07	45.65	42.72	39.79	37.10	34.43	33.00	32.63	32.35	32.11	32.00	
112.00	105.86	99.99	94.67	89.34	84.15	79.26	74.49	69.81	65.31	60.96	56.76	53.07	49.39	46.18	43.24	40.33	37.80	35.30	33.48	32.59	31.80	31.39	31.00	
122.00	114.70	107.59	101.34	95.62	90.05	84.64	79.23	74.44	69.92	65.52	61.18	57.00	53.04	49.08	45.54	42.27	39.21	36.80	34.81	32.95	32.00	
109.00	102.71	96.69	91.41	86.29	81.55	76.86	72.32	67.85	63.68	59.58	55.62	51.70	48.08	44.53	41.25	38.43	35.73	33.42	31.60	29.86	29.18	28.54	28.00	
101.00	95.08	89.18	83.40	78.35	73.35	68.42	63.53	59.18	55.19	51.59	48.24	45.02	42.12	39.56	37.44	35.34	34.01	32.91	31.82	31.34	31.00	
122.00	112.85	103.97	95.90	88.69	82.35	76.62	70.91	66.27	61.85	57.82	53.92	50.10	46.42	43.33	40.65	38.17	36.01	34.07	32.40	30.76	29.13	28.51	28.00	
116.00	108.68	101.42	95.16	88.97	82.81	76.81	71.12	65.62	60.60	56.85	53.13	49.50	46.17	43.37	40.69	38.35	36.25	34.19	32.63	31.42	31.09	31.00	
116.00	107.10	98.28	90.46	83.16	75.95	69.02	62.91	58.57	54.50	50.53	47.07	44.19	41.83	39.50	37.27	35.09	34.16	33.40	32.80	32.32	32.00	
120.00	109.72	100.28	93.21	86.23	79.55	72.96	67.08	62.32	57.96	53.79	49.75	46.00	42.36	39.89	37.47	35.90	34.47	33.60	32.77	32.37	32.00	
123.00	114.82	107.03	99.34	91.73	84.32	78.30	72.59	67.52	62.69	58.16	54.34	50.65	47.25	44.24	41.34	38.92	36.58	34.32	33.65	33.00	
110.00	102.90	95.83	89.11	82.69	77.08	71.72	66.74	61.91	57.16	52.59	48.43	44.37	40.36	37.26	34.77	33.07	31.90	31.61	31.31	31.13	31.00	
118.00	110.61	103.78	97.00	90.30	84.32	78.60	73.42	68.84	64.38	60.47	56.60	52.75	49.09	45.60	42.29	39.31	36.72	34.76	33.01	31.27	29.78	28.56	28.00	
104.00	98.66	93.51	88.44	83.44	78.49	73.55	68.82	64.72	60.69	56.85	53.25	49.73	46.57	43.76	41.18	38.88	36.64	34.78	33.74	32.71	32.26	32.00	
120.00	110.51	101.24	93.11	85.08	77.12	70.95	65.94	60.96	56.27	51.84	47.62	44.21	41.30	38.42	35.86	33.98	32.98	32.02	31.57	31.19	31.00	
118.00	107.80	99.43	91.31	84.30	78.31	72.92	67.67	62.55	57.59	53.63	50.18	46.95	43.86	40.98	38.56	36.24	34.09	32.03	30.52	30.00	
107.00	99.07	91.22	83.81	77.58	71.98	67.59	63.50	59.50	55.51	52.33	49.44	46.70	43.98	41.28	38.62	36.17	33.83	32.54	31.67	31.00	
121.00	111.41	101.86	94.15	87.09	80.82	74.64	69.11	64.11	59.24	54.80	50.35	46.23	43.05	39.95	37.09	34.39	32.96	31.75	31.43	31.19	31.00	
103.00	95.90	89.08	82.35	75.89	69.94	64.16	59.03	54.18	49.57	46.05	43.33	40.96	38.67	36.97	35.53	34.16	32.90	31.85	31.28	31.00	
114.00	105.76	97.79	89.98	83.80	78.30	73.17	68.13	63.22	58.36	53.98	49.99	46.19	42.89	40.14	37.94	36.20	34.47	32.81	31.56	31.00	
101.00	94.48	88.16	82.40	76.97	71.73	66.55	61.43	57.06	52.73	48.57	44.80	41.42	38.84	36.37	34.61	32.88	32.04	31.28	30.71	30.38	30.06	30.00	
114.00	107.54	101.31	95.14	89.33	83.74	78.29	73.46	68.67	63.93	59.24	54.63	50.25	46.28	43.14	40.28	37.91	35.73	34.31	33.06	31.91	31.00	
116.00	108.33	101.66	95.00	88.41	83.23	78.11	73.29	68.80	64.31	59.99	55.73	51.66	47.69	45.03	42.47	40.07	37.68	35.35	33.82	32.56	31.34	30.18	30.00	
114.00	107.31	101.59	96.04	90.54	85.47	80.40	75.35	70.56	65.98	61.42	57.18	53.72	50.25	47.00	43.87	41.04	38.27	36.22	34.21	32.84	32.01	31.26	31.00	
101.00	93.74	86.58	81.55	76.60	71.68	66.83	62.07	57.36	53.32	49.29	45.89	42.67	39.59	36.70	34.55	33.14	31.83	30.77	30.37	30.00	
120.00	111.82	104.16	97.03	90.11	84.05	78.15	72.45	66.92	61.63	56.50	51.46	46.55	41.76	37.18	35.32	33.73	33.03	32.37	32.16	32.01	32.00	
115.00	107.78	100.59	93.44	86.83	80.66	74.60	68.67	63.30	58.21	53.67	49.55	45.61	41.68	38.43	35.80	33.18	30.71	28.36	28.13	28.00	
101.00	96.00	91.08	86.24	81.43	76.69	72.12	68.15	64.28	60.42	56.56	52.95	49.35	45.77	43.39	41.51	39.66	37.93	36.34	34.89	33.66	32.85	32.38	32.00	
113.00	105.61	98.27	91.11	85.00	79.10	73.61	68.50	63.40	58.52	54.07	50.72	47.38	44.32	41.34	38.57	35.96	34.09	32.84	31.66	30.67	30.00	
103.00	96.42	89.94	84.20	79.66	75.22	70.81	66.59	62.61	58.99	55.71	52.59	49.55	46.53	43.74	41.06	38.59	36.61	34.66	32.75	31.09	29.76	29.19	29.00	
113.00	105.56	98.27	90.99	83.75	77.18	70.82	64.49	59.24	55.26	51.35	47.55	44.14	41.93	39.84	37.78	36.17	35.18	34.35	33.72	33.12	33.00	
108.00	102.78	97.65	92.59	87.70	82.99	78.28	73.61	69.09	64.72	60.36	56.31	52.51	48.77	45.10	41.81	38.58	35.41	32.25	30.49	28.96	28.00	
101.00	94.56	88.48	82.68	77.12	71.95	66.84	61.82	56.95	53.21	49.69	46.53	43.52	41.06	38.78	36.86	35.32	34.14	33.28	33.06	33.00	
123.00	114.82	106.97	99.25	91.71	84.86	78.36	72.96	67.99	63.23	58.56	54.13	50.07	46.34	42.95	39.71	37.71	35.77	34.27	33.06	33.00	
104.00	96.80	90.19	83.60	77.08	70.69	65.33	60.01	55.89	51.83	47.78	45.00	42.44	39.91	37.55	36.37	35.23	34.12	33.53	33.11	33.00	
107.00	101.42	96.23	91.17	86.23	81.31	76.60	72.10	67.63	63.44	59.40	55.58	52.29	49.09	45.90	42.78	39.86	37.13	35.24	33.65	32.50	31.44	31.17	31.00	
102.00	95.32	88.66	82.28	75.96	70.26	65.06	60.75	56.48	52.25	48.13	44.01	40.65	37.68	35.34	33.48	31.85	30.77	30.38	30.12	30.01	30.00	
115.00	104.31	94.24	86.67	79.17	72.74	66.33	59.97	55.37	50.81	46.58	42.54	39.14	36.08	34.05	32.03	30.72	29.55	28.45	28.22	28.00	
111.00	104.09	97.92	91.90	86.19	80.81	75.59	70.44	65.59	61.02	56.66	52.60	48.62	44.79	41.33	38.16	35.70	33.56	31.93	30.60	30.28	30.09	30.00	
107.00	100.47	94.16	87.85	81.80	76.26	70.80	65.76	60.95	56.53	52.84	49.84	47.33	44.95	42.61	40.66	38.84	37.21	35.64	34.69	33.86	33.23	33.00	
113.00	105.06	97.94	90.90	83.98	77.26	70.80	64.47	58.96	53.55	48.31	43.27	39.92	37.05	34.25	32.29	30.56	29.41	28.73	28.23	28.00	
116.00	108.36	100.99	94.38	88.58	82.81	77.21	71.72	66.62	61.69	56.93	53.08	49.42	45.98	42.95	40.29	37.91	35.88	34.50	33.31	33.00	
122.00	114.41	107.33	100.39	93.46	87.02	80.62	74.58	68.58	62.61	56.81	51.78	47.03	43.08	39.73	36.85	34.69	33.01	31.58	30.47	30.00	
116.00	108.54	101.27	94.45	88.75	83.12	77.66	72.38	67.58	62.88	59.06	55.36	52.43	49.52	46.71	44.02	41.50	39.29	37.15	35.03	33.35	31.89	30.94	30.00	
121.00	113.10	105.96	99.15	93.07	87.15	81.27	75.65	70.03	64.83	60.59	56.71	52.88	50.27	47.69	45.13	42.61	40.35	38.19	36.16	34.15	33.05	32.11	32.00	
123.00	115.42	107.96	100.55	93.53	86.63	80.00	73.52	67.39	61.55	56.66	52.77	48.89	45.06	41.51	37.99	35.08	32.97	30.97	29.94	29.19	28.49	28.00	
103.00	95.26	88.40	81.64	75.36	69.16	63.56	58.97	54.82	51.27	47.82	45.53	43.28	41.13	39.07	37.33	35.77	34.27	32.85	31.44	30.48	30.00	
105.00	99.26	93.56	87.91	82.34	76.90	71.54	66.42	62.30	58.82	55.38	52.01	48.87	45.84	43.41	41.18	38.96	36.84	34.72	33.01	31.40	29.86	29.06	29.00	
112.00	104.34	96.99	89.95	83.27	76.73	70.39	64.38	58.76	53.53	48.58	43.71	39.79	38.01	36.25	34.62	33.27	32.10	31.30	30.55	30.00	
111.00	101.17	91.96	83.16	74.38	66.05	58.71	54.25	49.99	46.29	43.02	40.00	37.57	35.41	34.44	33.62	33.24	32.87	32.52	32.27	32.12	32.00	
113.00	105.45	98.84	92.33	85.88	79.50	74.07	69.23	64.48	59.93	55.96	52.21	48.63	45.20	41.85	39.13	37.06	35.40	34.45	33.79	33.25	33.00	
109.00	102.43	96.03	89.70	84.29	79.01	73.80	69.27	64.88	60.52	56.77	53.05	49.74	46.84	44.20	41.64	39.19	37.07	35.19	33.43	32.03	30.77	30.00	
101.00	94.80	88.63	82.75	77.89	73.53	69.21	65.06	60.98	56.92	52.90	49.62	46.36	43.53	41.21	39.24	37.46	35.92	34.45	33.47	32.51	31.62	31.00	
105.00	98.52	92.06	85.73	79.42	73.16	67.17	62.09	57.12	52.74	48.39	44.42	41.60	39.15	37.36	35.84	34.44	33.14	32.19	31.63	31.17	31.00	
121.00	113.06	105.74	98.46	91.42	84.71	78.91	73.15	68.25	63.47	59.27	55.38	51.58	47.82	44.72	42.03	39.49	37.18	34.91	32.93	30.97	30.17	29.40	29.00	
106.00	98.73	92.44	86.65	80.95	75.65	70.56	65.50	60.56	55.94	51.52	47.28	43.08	39.75	37.27	35.30	33.50	31.70	30.87	30.04	30.00	
104.00	98.46	92.93	87.90	83.09	78.37	73.84	69.56	65.41	61.85	58.49	55.15	51.94	48.74	45.56	42.86	40.80	38.83	37.08	35.53	34.00	32.73	31.50	31.00	
115.00	107.29	100.30	93.87	87.49	81.57	75.89	70.38	64.88	59.61	54.39	50.26	46.15	42.70	39.33	36.40	33.87	32.05	31.00	30.43	30.00	
101.00	95.39	89.80	84.36	79.18	74.86	70.65	66.71	62.82	59.35	56.09	52.84	50.04	47.24	44.66	42.35	40.10	38.55	37.03	35.71	34.74	33.84	33.00	
109.00	102.90	96.91	91.20	85.96	80.73	75.83	70.99	66.17	61.47	57.26	53.59	50.03	46.50	43.73	41.30	39.14	37.14	35.52	34.06	33.50	32.97	32.47	32.00	
107.00	100.33	94.31	88.54	83.69	78.95	74.24	69.74	65.30	61.32	57.38	53.53	49.73	46.18	43.38	41.09	38.91	37.10	35.36	33.89	32.58	32.00	
120.00	112.40	104.95	97.79	90.81	84.29	78.87	73.61	68.68	63.87	59.54	55.38	51.37	47.39	43.75	40.36	37.62	35.15	33.86	32.65	31.54	31.24	31.00	
111.00	104.53	98.08	91.74	85.84	80.00	74.32	68.76	63.54	58.63	54.42	50.52	47.96	45.49	43.34	41.18	39.59	38.01	36.52	35.15	34.18	33.28	33.12	33.00	
107.00	99.88	94.02	88.61	83.24	77.88	72.90	68.70	64.52	60.74	57.22	53.73	50.33	47.02	43.75	40.56	37.61	35.31	33.65	32.26	31.53	31.22	31.00	
105.00	97.84	91.18	84.57	78.28	72.41	66.72	61.95	57.23	52.99	49.16	45.34	42.28	39.60	37.01	34.86	32.88	31.56	30.67	30.30	30.10	30.01	30.00	
113.00	106.13	99.66	93.37	87.35	81.38	76.42	71.82	67.29	62.82	58.55	54.42	50.63	47.47	44.45	41.52	39.30	37.13	35.29	33.51	31.96	31.04	31.00	
101.00	95.27	89.59	83.95	78.34	72.78	67.47	62.66	58.38	54.45	50.54	46.66	42.82	39.49	36.72	34.56	32.99	31.83	30.95	30.38	30.12	30.00	
121.00	113.72	106.99	100.61	94.41	88.55	82.97	77.80	72.69	67.69	63.19	58.81	54.44	50.39	47.22	44.25	41.42	38.61	36.14	34.01	32.30	32.00	
123.00	113.98	105.16	96.71	88.82	81.01	74.28	68.45	63.05	57.74	53.44	49.55	45.77	42.46	39.32	37.37	35.58	34.50	33.55	32.68	32.14	32.00	
103.00	96.35	89.79	83.24	76.75	70.93	65.15	59.76	55.64	51.92	48.55	45.22	42.38	39.97	37.74	35.62	33.87	32.19	30.64	29.48	28.68	28.12	28.03	28.00	
114.00	107.24	101.19	95.32	89.75	84.30	78.90	73.66	69.00	64.44	60.06	55.70	51.34	47.06	43.39	39.86	37.84	35.93	34.34	32.85	31.50	31.00	
104.00	97.97	92.04	86.31	80.89	75.76	71.57	67.50	63.72	60.09	56.59	53.23	49.90	46.79	43.74	41.45	39.19	37.37	35.96	34.63	33.38	32.31	31.34	31.00	
111.00	103.63	96.35	89.45	82.71	76.60	70.92	65.26	60.58	56.11	52.34	48.61	45.45	42.30	39.29	36.70	34.47	32.27	30.25	28.91	28.34	28.04	28.00	
107.00	99.60	92.34	85.10	78.50	72.06	65.72	60.57	55.64	51.49	47.85	44.87	42.07	39.58	37.22	35.10	33.05	31.22	29.65	28.43	28.00	
123.00	114.67	106.61	98.56	90.63	83.40	76.77	70.54	64.45	58.54	52.94	48.71	44.68	40.70	37.13	34.50	32.24	30.66	29.70	28.90	28.28	28.02	28.00	
119.00	111.62	104.41	97.61	90.94	84.81	79.49	74.79	70.09	65.53	61.15	57.24	53.41	49.71	46.22	42.73	40.10	37.81	35.78	33.82	31.87	30.07	30.00	
110.00	103.41	96.91	90.51	84.45	78.97	73.57	68.24	63.47	59.38	55.33	51.35	47.57	44.15	40.74	37.48	34.90	33.50	32.15	31.15	30.31	29.73	29.27	29.00	
113.00	105.92	99.20	92.72	86.86	81.21	75.74	70.39	65.05	60.33	55.88	51.81	47.90	44.12	40.41	37.40	34.71	32.53	30.66	29.12	28.45	28.19	28.00	
105.00	97.09	89.57	82.74	76.41	70.09	64.64	60.42	56.60	52.81	49.52	46.56	43.81	41.14	38.80	36.68	34.68	32.80	31.78	30.93	30.59	30.34	30.09	30.00	
118.00	109.16	101.21	93.56	86.61	80.10	73.72	68.59	63.48	59.19	55.10	51.69	48.61	45.62	42.80	40.52	38.29	36.35	34.56	32.80	31.08	29.61	28.63	28.00	
112.00	104.98	98.06	91.40	85.13	79.32	73.97	69.13	64.36	60.19	56.20	52.37	48.80	45.65	43.21	40.96	39.10	37.52	36.29	35.23	34.20	33.55	33.00	
123.00	113.61	104.33	95.10	86.10	77.60	69.96	62.34	57.44	52.99	48.66	44.73	41.42	38.64	36.27	34.58	32.99	31.71	30.63	29.81	29.15	29.00	
117.00	109.12	101.30	94.18	87.29	80.51	74.70	69.45	64.27	59.45	55.25	51.19	47.19	43.62	40.90	39.05	37.19	35.51	33.85	33.23	32.63	32.07	32.01	32.00	
108.00	100.22	93.28	86.82	80.71	75.37	70.05	65.03	60.01	55.36	51.28	47.34	44.11	40.99	38.14	36.12	34.17	32.62	31.29	30.28	30.00	
122.00	113.42	105.05	98.13	91.57	85.32	79.77	74.23	69.44	64.80	60.50	56.31	52.32	48.40	44.95	41.83	39.02	36.99	35.58	34.33	33.21	32.54	32.10	32.00	
103.00	95.77	88.55	81.85	75.57	69.35	63.82	58.62	55.32	52.42	49.82	47.32	44.97	42.63	40.43	38.28	36.20	34.54	33.13	31.84	30.58	29.60	28.68	28.00	
123.00	115.13	107.35	99.96	92.72	85.67	79.49	73.50	67.68	62.00	56.88	52.42	48.51	45.79	43.18	40.62	38.43	36.35	34.47	32.61	31.26	30.07	29.00	
119.00	111.05	103.68	96.35	89.44	82.53	76.80	71.29	66.02	61.18	56.93	52.74	48.85	45.02	42.82	40.77	38.88	37.10	35.38	33.86	32.97	32.08	32.00	
107.00	101.21	95.58	90.03	85.11	80.22	75.36	70.53	65.75	61.62	57.75	54.01	50.31	46.97	43.66	41.14	38.98	37.00	35.05	33.40	32.33	31.54	31.24	31.00	
102.00	96.32	90.79	85.53	80.37	75.38	70.52	65.70	61.48	57.43	53.38	49.61	46.02	42.84	39.81	37.14	34.52	31.91	30.84	30.06	29.29	28.52	28.00	
106.00	99.18	92.76	86.65	80.92	75.34	69.96	64.78	60.52	56.43	52.39	48.43	45.21	42.22	39.39	36.58	34.90	33.73	32.74	31.75	31.22	31.00	
121.00	109.42	99.43	90.04	80.82	73.41	66.24	60.98	55.82	52.15	48.61	45.60	43.03	40.59	38.60	36.70	34.95	33.32	31.87	30.47	30.00	
103.00	95.09	87.20	79.78	72.43	65.62	59.55	54.15	49.04	44.61	41.05	38.55	36.47	34.63	33.50	32.56	31.62	31.00	30.58	30.24	30.00	
113.00	104.85	96.88	89.27	82.62	76.36	70.11	64.15	58.50	53.96	49.68	46.17	42.83	39.56	37.21	35.43	33.67	32.18	31.15	30.72	30.31	30.00	
109.00	103.91	98.84	93.91	89.01	84.38	79.82	75.47	71.16	66.89	62.65	58.60	55.02	51.64	48.29	45.23	42.72	40.55	38.49	36.88	35.43	34.39	33.49	33.00	
115.00	107.27	99.57	92.22	84.98	78.39	71.82	65.53	60.76	56.31	52.55	49.42	46.45	43.50	41.85	40.48	39.11	37.92	36.87	35.88	34.96	34.08	33.48	33.00	
116.00	106.18	97.39	88.89	80.75	73.67	66.62	59.81	54.16	48.91	44.76	40.75	37.45	34.87	32.81	30.95	30.01	29.33	28.80	28.30	28.00	
107.00	101.13	95.35	89.59	84.45	79.67	74.94	70.21	65.53	60.90	56.48	52.19	48.13	44.28	41.31	38.58	35.89	33.91	32.73	32.45	32.19	32.01	32.00	
105.00	98.53	92.20	85.92	79.74	73.58	67.48	61.81	56.91	52.52	48.42	44.61	41.19	38.47	35.90	33.44	31.63	29.87	29.01	28.38	28.00	
102.00	95.90	90.12	84.45	79.01	74.14	69.35	65.52	61.92	58.42	55.07	51.80	48.69	45.73	42.91	40.49	38.22	36.20	34.58	33.31	32.38	31.54	31.13	31.00	
106.00	100.38	94.85	89.45	84.24	79.06	74.39	70.37	66.44	62.78	59.30	55.96	52.67	49.42	46.21	43.36	40.62	37.93	35.25	33.09	31.11	29.58	28.09	28.00	
116.00	107.88	99.81	92.26	85.69	79.22	73.58	68.46	63.40	58.66	54.40	50.28	46.66	43.39	40.81	38.62	36.60	34.70	34.08	33.56	33.06	33.00	
106.00	99.34	92.74	86.24	79.82	74.30	69.16	64.43	59.72	55.76	51.86	48.19	44.59	41.56	38.62	35.85	33.36	31.57	30.50	29.64	29.26	29.13	29.00	
103.00	95.95	88.95	82.28	76.81	71.43	66.47	61.69	57.12	52.56	48.77	44.99	42.29	39.66	37.56	35.75	34.13	32.85	31.73	30.83	30.00	
112.00	105.49	98.98	92.54	86.26	80.41	74.56	69.53	64.74	60.34	56.25	52.64	49.06	46.15	43.27	40.49	38.73	37.16	35.63	34.14	33.27	33.00	
115.00	107.17	99.52	93.01	86.69	80.39	74.29	68.33	62.47	56.79	52.12	47.69	43.50	39.99	37.48	36.10	34.89	33.77	32.75	31.88	31.20	31.00	
104.00	98.21	92.46	86.78	81.40	76.61	72.00	67.62	63.26	59.14	55.06	51.75	48.90	46.09	43.41	40.92	38.45	36.72	35.28	33.86	32.72	32.20	32.00	
108.00	100.42	93.48	86.79	80.40	75.54	70.90	66.54	62.26	58.27	54.83	51.44	48.33	45.24	42.17	39.43	37.05	34.95	32.87	31.01	29.92	29.06	29.00	
115.00	107.56	100.13	92.85	86.04	80.05	74.22	68.62	63.03	57.55	52.48	47.64	42.84	39.35	37.40	35.49	33.65	31.89	30.34	29.57	28.85	28.32	28.03	28.00	
119.00	111.43	104.02	96.77	89.99	83.29	76.70	70.50	64.65	58.90	53.38	48.19	44.08	41.83	39.68	37.70	36.31	35.02	33.84	33.41	33.14	33.00	
115.00	108.35	102.11	95.88	89.73	84.06	78.64	73.44	68.47	63.57	58.75	54.21	50.13	46.23	43.10	40.21	37.51	34.86	32.40	30.25	29.50	28.92	28.38	28.00	
102.00	93.76	85.84	78.07	72.74	67.93	63.34	59.24	55.17	51.98	48.90	46.05	43.54	41.20	39.27	37.51	35.86	34.56	33.90	33.30	33.00	
105.00	97.74	91.43	85.67	79.92	74.59	70.00	65.77	61.82	57.94	54.54	51.25	48.12	45.16	42.20	39.29	36.72	34.23	32.01	30.14	28.41	28.00	
122.00	113.58	105.22	96.91	88.88	81.59	75.28	69.25	63.43	57.63	52.74	48.26	44.32	40.63	37.48	35.31	33.92	32.63	31.89	31.22	31.00	
113.00	106.56	100.29	94.39	88.61	82.95	77.35	72.34	67.36	62.58	58.17	53.93	49.98	46.08	43.20	40.45	37.75	35.47	33.27	31.11	29.25	28.44	28.00	
101.00	93.40	85.98	80.38	74.81	69.60	65.06	60.87	57.10	53.36	50.02	46.77	43.77	41.07	39.10	37.30	35.92	34.61	33.83	33.13	33.00	
110.00	103.03	96.31	90.10	83.95	78.68	73.52	68.39	63.93	59.52	55.68	51.91	48.42	45.83	43.44	41.16	38.92	37.02	35.26	34.16	33.63	33.22	33.00	
102.00	95.21	88.50	82.13	76.00	70.08	64.78	59.91	55.04	50.31	46.24	42.31	38.81	35.62	33.36	31.97	30.70	29.58	28.70	28.21	28.00	
107.00	101.19	95.48	89.81	84.45	79.26	74.16	69.19	65.09	61.13	57.55	54.05	50.83	48.23	45.69	43.39	41.15	39.31	37.51	35.76	34.34	33.61	33.18	33.00	
119.00	112.58	106.27	100.16	94.29	88.49	83.07	77.70	72.34	66.99	61.81	56.80	52.32	48.27	45.05	42.18	39.40	37.11	35.06	33.56	32.74	32.07	31.42	31.00	
115.00	106.63	98.29	91.26	84.98	79.28	74.37	69.58	64.84	60.63	56.60	53.12	49.81	46.81	43.91	41.17	38.44	36.35	34.34	32.47	31.60	30.86	30.12	30.00	
105.00	98.31	91.75	85.18	78.80	72.71	66.68	61.60	56.97	52.47	48.25	45.26	42.28	39.99	37.74	35.74	34.06	32.47	30.90	29.43	28.83	28.43	28.21	28.00	
118.00	108.01	99.20	90.53	82.09	73.76	66.27	59.88	54.23	49.58	45.95	42.66	39.77	37.26	35.48	33.74	32.10	30.96	29.84	29.23	29.00	
121.00	110.36	100.14	93.25	86.49	80.25	74.49	68.85	63.96	59.07	54.29	49.53	45.92	42.55	39.36	36.50	33.93	31.48	30.31	29.36	28.77	28.44	28.17	28.00	
110.00	104.28	98.65	93.14	87.76	82.42	77.25	72.09	67.34	62.96	58.70	54.57	50.86	47.36	44.56	41.97	40.00	38.09	36.81	35.78	34.79	33.91	33.16	33.00	
114.00	107.04	100.28	93.76	87.98	82.85	77.74	72.70	67.79	63.03	58.27	53.86	50.56	47.45	44.51	41.69	39.16	36.95	34.91	33.43	32.46	31.61	31.00	
122.00	113.79	105.58	97.47	91.07	84.71	78.59	72.63	67.17	61.72	56.54	51.76	47.33	43.23	39.18	35.43	31.78	29.08	28.70	28.33	28.00	
109.00	102.74	96.54	90.73	85.02	79.37	73.81	68.55	63.76	59.18	54.93	51.38	47.85	44.40	40.97	38.66	36.48	34.52	32.72	31.38	31.00	
114.00	107.63	101.37	95.27	89.33	83.53	77.77	72.63	68.02	63.93	59.94	56.26	52.68	49.37	46.27	43.19	40.28	37.60	35.11	33.36	31.64	31.28	31.03	31.00	
109.00	100.95	93.92	87.12	80.33	73.64	67.71	62.64	58.19	53.93	49.74	46.16	42.65	39.86	37.29	35.05	32.89	31.02	29.30	28.50	28.00	
102.00	94.53	88.01	81.68	75.71	70.06	64.69	59.70	54.79	50.80	47.03	43.36	39.76	36.86	34.08	32.47	31.93	31.42	30.94	30.46	30.00	
116.00	104.22	94.11	85.03	77.04	69.87	63.24	56.84	50.88	45.50	41.08	38.42	35.82	34.19	32.83	31.82	30.97	30.17	29.57	29.26	29.00	
102.00	95.79	89.63	83.53	77.48	71.94	66.70	61.77	57.87	54.22	50.66	47.74	45.18	42.82	40.75	39.02	37.62	36.45	35.30	34.20	33.51	33.00	
111.00	102.82	95.46	88.15	81.73	75.36	69.00	64.07	59.21	54.35	49.64	46.68	43.89	41.40	39.25	37.20	35.89	34.59	33.62	32.78	32.01	32.00	
108.00	100.62	93.28	86.59	80.05	73.63	68.05	62.57	57.30	52.15	47.48	42.99	39.79	37.41	35.07	33.65	32.36	31.41	30.76	30.22	30.00	
108.00	100.68	95.35	90.21	85.11	80.03	74.98	69.93	65.03	60.24	55.82	51.95	48.44	45.21	42.07	39.30	37.04	34.95	33.04	31.24	29.76	28.81	28.00	
120.00	112.85	105.94	99.08	92.69	86.39	80.34	75.87	71.52	67.62	64.09	60.63	57.45	54.42	51.41	48.50	45.75	43.06	40.48	38.14	36.25	34.42	33.69	33.00	
121.00	112.58	106.01	99.47	93.32	87.16	81.08	75.18	69.44	64.52	59.71	55.13	50.82	47.18	43.64	40.30	37.41	34.99	32.71	31.71	31.00	
114.00	107.80	101.71	95.62	89.58	83.85	78.42	73.02	67.76	63.30	59.30	55.32	51.56	47.81	44.11	40.94	38.57	36.86	35.54	34.71	33.90	33.25	33.00	
120.00	112.30	105.06	97.91	90.99	84.23	77.59	71.11	64.92	59.09	53.51	48.29	45.09	42.84	40.64	38.49	36.47	34.94	33.66	32.52	31.65	30.81	30.00	
108.00	101.51	95.36	89.42	83.60	78.35	73.62	69.04	64.74	61.06	58.03	55.07	52.34	49.63	47.18	44.90	42.83	40.79	38.76	36.77	34.80	33.31	33.00	
111.00	104.25	97.94	91.90	86.01	80.15	74.74	69.70	64.73	59.91	55.52	51.28	47.74	44.26	41.55	39.36	37.74	36.22	34.82	33.61	32.52	32.18	32.08	32.00	
120.00	108.82	97.81	88.09	78.63	71.33	65.47	59.90	55.22	50.97	47.76	44.58	41.61	38.63	35.84	33.18	31.34	30.05	29.56	29.21	29.00	
105.00	98.83	92.93	87.06	81.43	75.81	70.54	65.84	61.16	57.15	53.68	50.25	47.34	44.51	41.74	39.53	37.69	35.86	34.05	32.92	32.19	32.00	
121.00	112.27	104.01	95.87	88.21	81.21	74.39	68.16	62.38	57.84	53.38	49.58	46.23	43.49	41.34	39.31	37.43	36.07	35.03	34.12	33.46	33.06	33.00	
117.00	109.32	102.65	96.34	90.85	85.52	80.37	75.26	70.30	65.61	60.95	56.36	51.95	48.24	45.24	42.43	39.78	37.39	35.05	33.04	31.47	30.00	
116.00	108.92	102.31	96.45	90.79	85.44	80.11	74.96	70.00	65.22	60.55	56.10	51.74	47.55	44.11	41.55	39.42	37.38	35.43	33.52	31.84	30.40	29.42	29.00	
109.00	102.07	95.56	89.30	83.86	78.52	73.41	68.67	64.02	59.46	54.93	50.48	46.34	43.49	40.82	38.45	36.61	35.10	33.67	32.32	31.25	31.10	31.00	
106.00	99.39	93.02	87.15	81.48	75.82	70.67	65.79	61.30	56.92	53.00	49.28	45.93	42.86	39.99	38.18	36.43	34.89	33.54	32.34	31.34	30.44	29.71	29.00	
107.00	100.72	94.45	88.27	82.92	77.58	72.29	67.23	62.65	58.11	54.43	50.99	47.72	44.46	41.40	38.99	37.07	35.29	33.76	32.89	32.20	31.56	31.00	
101.00	94.59	88.27	83.10	78.11	73.30	68.66	64.40	60.17	56.41	52.81	49.58	46.46	43.63	40.95	38.44	36.23	34.75	33.35	32.67	32.00	
116.00	107.78	99.58	91.53	83.67	75.90	70.00	64.75	59.69	54.71	50.59	46.49	43.35	40.70	38.53	36.57	34.74	33.11	32.51	32.19	32.00	
113.00	106.45	99.97	93.50	87.18	81.00	74.86	68.83	63.57	58.84	54.27	50.09	46.26	42.89	39.59	36.65	34.18	32.13	30.62	29.64	29.31	29.11	29.00	
111.00	104.16	97.86	92.09	86.41	81.39	76.50	71.64	67.21	62.79	58.46	54.98	51.58	48.72	45.91	43.16	40.43	37.77	35.38	33.15	32.28	31.61	31.05	31.00	
121.00	112.51	104.39	97.40	90.93	84.54	78.26	72.18	66.75	61.53	56.54	51.84	48.12	44.61	41.34	38.43	35.62	32.99	30.96	30.07	30.00	
103.00	97.31	91.69	86.47	81.35	76.25	71.98	67.78	63.81	60.40	57.07	53.85	50.94	48.05	45.18	42.36	39.93	37.73	35.62	34.17	32.79	31.42	30.45	30.00	
116.00	109.19	102.72	96.44	90.30	84.29	78.35	72.62	67.12	62.06	58.00	54.35	50.83	47.40	44.24	41.24	38.54	36.33	34.59	32.93	31.32	29.90	28.72	28.00	
111.00	105.18	99.68	94.26	88.86	83.49	78.35	73.25	68.20	63.79	59.47	55.35	51.68	48.22	44.86	41.55	38.50	36.37	34.67	33.31	32.36	31.66	31.00	
116.00	107.85	100.25	92.80	85.74	79.06	73.37	67.77	62.76	58.17	54.04	50.02	46.30	42.65	39.45	37.44	36.10	35.03	34.02	33.34	33.00	
101.00	95.05	89.32	83.80	78.74	73.75	68.76	64.33	59.99	56.19	52.64	49.69	47.01	44.37	41.90	39.48	37.40	35.90	34.59	33.53	32.51	32.01	32.00	
106.00	97.48	90.04	82.63	75.27	68.34	62.93	58.06	53.33	49.34	46.26	43.59	41.22	39.00	37.08	35.31	33.70	32.11	30.80	29.78	29.38	29.00	
105.00	98.76	92.62	86.62	80.90	75.83	70.79	66.40	62.08	57.78	53.80	50.17	46.65	43.87	41.17	38.62	36.14	33.77	32.34	31.79	31.31	31.00	
107.00	100.48	94.04	87.64	82.31	77.40	72.50	68.40	64.36	60.61	56.90	53.20	49.91	46.66	43.83	41.03	38.44	36.48	34.65	32.86	31.65	31.04	31.00	
116.00	107.47	100.07	92.85	85.78	78.91	72.62	66.74	61.33	56.03	52.64	49.50	46.85	44.25	41.67	39.30	37.12	35.02	33.39	32.19	31.12	30.15	30.00	
118.00	108.24	98.82	90.39	82.04	74.33	69.08	64.25	59.80	55.51	52.14	48.85	45.63	42.59	40.17	37.94	35.81	33.98	32.76	31.72	31.27	31.00	
101.00	95.36	89.75	84.34	79.20	74.26	69.42	65.13	60.91	56.81	52.87	48.93	45.96	43.47	41.00	39.21	37.76	36.54	35.42	34.35	33.56	32.80	32.29	32.00	
122.00	112.83	103.72	94.70	85.94	77.93	70.10	62.51	57.69	52.90	49.20	45.81	42.47	39.81	38.03	36.27	34.82	33.68	32.74	31.91	31.53	31.31	31.15	31.00	
112.00	105.24	98.51	92.51	86.66	81.41	76.49	71.66	67.05	62.81	58.73	54.65	50.75	46.96	43.17	39.62	36.61	33.91	31.68	30.25	29.01	28.27	28.00	
123.00	114.88	106.89	98.96	91.24	83.57	76.91	70.82	65.39	60.28	55.75	51.36	47.04	43.02	39.28	36.43	34.52	32.69	31.62	30.73	30.00	
108.00	101.24	95.17	89.11	83.23	77.93	73.41	69.02	64.99	61.08	57.50	54.60	51.74	49.03	46.47	44.06	41.70	39.39	37.41	35.59	34.37	33.75	33.36	33.00	
102.00	96.01	90.08	84.33	78.62	73.07	68.02	63.41	59.15	54.89	50.63	46.51	43.65	41.19	38.88	36.82	34.84	33.39	31.98	31.42	31.17	31.03	31.00	
102.00	96.26	90.63	85.53	80.57	75.76	70.97	66.28	61.91	57.72	53.64	49.78	46.05	43.34	40.77	38.36	36.20	34.50	33.01	31.79	30.69	30.00	
120.00	112.11	104.31	97.01	90.03	83.08	76.47	69.92	64.90	59.96	55.18	50.79	46.77	43.49	40.64	37.86	35.10	32.60	31.54	30.75	30.34	30.00	
103.00	95.52	88.39	81.78	75.40	69.94	64.86	60.14	55.77	51.67	47.89	44.14	40.71	38.13	35.78	33.86	32.48	31.22	30.44	29.73	29.28	29.00	
108.00	101.63	95.49	89.36	83.33	77.39	72.81	68.75	64.79	61.15	57.51	53.96	50.51	47.10	44.09	41.23	38.90	37.00	35.31	33.87	32.53	32.27	32.07	32.00	
121.00	110.46	100.41	92.09	83.86	76.10	68.95	62.38	55.95	51.21	46.55	43.17	40.30	37.75	35.82	33.88	32.16	31.49	31.15	31.06	31.00	
105.00	98.13	91.58	85.83	80.10	74.64	69.26	64.71	60.18	55.69	51.69	47.79	44.17	41.22	38.38	35.95	33.90	32.29	31.09	29.91	29.07	29.00	
110.00	104.36	98.78	93.34	88.06	82.88	77.76	72.91	68.05	64.02	60.00	56.08	52.57	49.39	46.56	43.81	41.21	38.67	36.25	34.20	32.39	30.98	30.16	30.00	
105.00	99.21	93.56	88.07	82.65	77.27	71.93	66.59	61.51	56.95	52.42	48.10	44.48	41.68	39.15	37.13	35.38	34.13	32.96	31.92	30.93	30.17	30.00	
116.00	108.09	100.48	93.11	85.75	78.63	71.60	64.57	57.79	52.01	46.92	43.11	40.38	37.77	35.34	33.57	31.88	31.26	30.66	30.14	30.00	
121.00	114.17	107.88	101.90	96.17	90.45	84.83	79.45	74.08	69.29	64.54	59.84	55.46	51.58	47.86	44.38	40.97	38.41	35.96	34.08	32.29	32.00	
101.00	93.36	87.04	80.85	74.87	69.57	64.45	59.80	55.51	51.40	47.34	44.04	41.26	38.81	36.59	34.87	33.22	31.59	30.15	28.97	28.00	
121.00	111.60	102.22	92.93	83.64	75.40	67.38	59.63	54.03	48.53	45.93	43.47	41.14	39.41	37.74	36.57	35.47	34.41	33.69	33.30	33.00	
122.00	112.14	104.41	97.27	90.15	83.68	77.38	71.48	65.91	60.47	55.06	50.45	45.93	41.53	38.88	36.39	34.29	33.46	33.19	33.06	33.00	
120.00	110.13	100.76	91.42	84.86	78.71	72.85	67.22	62.25	57.40	52.85	49.00	45.31	41.66	39.08	36.64	34.52	32.54	31.49	31.15	31.00	
113.00	107.48	101.98	96.54	91.50	86.72	82.09	77.55	73.04	68.54	64.24	59.96	55.79	52.42	49.22	46.10	43.07	40.07	37.32	34.58	32.26	30.77	29.38	29.00	
117.00	106.65	97.35	88.35	79.53	73.50	67.90	63.43	59.16	55.06	51.28	47.65	44.17	41.04	38.71	36.72	35.13	33.54	32.36	31.19	30.56	30.00	
113.00	106.98	101.34	95.84	90.67	85.58	80.63	75.71	70.80	66.14	61.84	57.60	53.80	49.99	46.38	43.50	40.69	38.02	35.98	34.69	33.70	32.81	32.33	32.00	
103.00	96.73	90.75	84.87	79.25	74.28	69.48	64.87	60.56	56.40	52.29	48.44	45.02	42.60	40.24	38.00	36.24	34.52	33.10	32.23	32.00	
107.00	101.07	95.16	89.32	83.60	78.13	72.90	67.69	62.60	57.61	52.67	47.80	43.59	41.69	39.81	37.97	36.21	34.78	33.46	32.60	31.75	31.00	
110.00	102.96	96.14	89.40	82.69	77.03	72.01	67.57	63.37	59.43	55.54	51.75	48.16	44.57	41.76	39.07	36.43	33.87	31.93	30.56	29.42	28.37	28.00	
118.00	109.90	101.84	94.33	87.91	81.69	75.78	70.22	64.77	60.03	55.66	52.10	48.57	45.13	41.87	39.36	36.86	34.68	33.03	31.53	30.22	29.50	29.03	29.00	
105.00	99.32	93.67	88.18	83.44	79.08	74.86	70.80	66.84	63.09	59.46	55.91	52.40	49.18	46.31	43.99	41.82	39.81	37.99	36.22	34.72	33.30	32.22	32.00	
119.00	112.82	106.65	100.49	94.75	89.42	84.27	79.36	74.63	69.95	65.38	61.03	56.73	52.49	48.93	45.64	43.14	40.68	38.67	36.85	35.13	33.61	32.78	32.00	
106.00	100.02	94.42	89.02	83.67	78.34	73.16	68.56	64.47	60.50	56.55	52.80	49.12	45.68	43.01	40.53	38.16	36.04	34.23	32.52	31.00	
113.00	105.31	99.13	93.03	87.00	81.30	75.67	70.40	65.24	60.43	55.89	51.45	47.50	43.83	40.86	39.30	37.96	36.72	35.58	34.49	33.48	32.86	32.29	32.00	
104.00	96.90	90.03	84.66	79.59	74.71	69.91	65.16	60.70	56.25	52.10	48.02	44.14	41.09	39.09	37.30	35.72	34.19	33.40	32.64	32.23	32.00	
110.00	104.62	99.28	94.00	88.79	83.72	79.17	74.82	70.50	66.28	62.15	58.80	55.71	52.67	49.65	46.69	43.90	41.16	38.59	36.32	34.53	32.84	31.37	30.00	
109.00	102.04	95.52	89.16	83.13	77.47	71.97	66.66	61.44	56.28	51.18	46.84	43.24	40.41	37.64	35.67	34.42	33.38	33.12	33.05	33.00	
122.00	114.14	106.77	99.42	92.36	85.37	79.26	73.20	67.47	62.25	57.18	52.68	48.32	44.19	41.30	38.67	36.21	33.93	31.70	29.97	28.80	28.26	28.00	
120.00	113.15	106.40	100.14	94.05	88.51	83.43	78.40	73.49	68.94	64.50	60.14	55.94	51.84	47.86	44.43	41.49	38.98	37.14	35.44	33.82	32.30	32.00	
120.00	109.46	99.14	90.39	82.31	75.16	68.11	62.00	56.09	51.30	46.77	43.24	39.83	36.51	33.24	31.52	30.75	30.01	29.57	29.26	29.00	
123.00	113.97	105.99	98.20	90.88	83.66	76.50	70.47	64.69	59.18	54.10	49.45	45.67	42.06	39.05	36.69	34.42	32.15	30.30	29.16	29.00	
107.00	100.65	94.75	89.23	83.81	78.59	73.48	68.49	63.55	59.74	56.10	52.50	49.08	46.32	43.63	41.00	38.65	36.76	35.13	34.05	33.13	32.58	32.14	32.00	
112.00	102.39	93.42	85.96	78.51	71.18	64.31	58.81	54.56	50.52	46.55	43.42	40.51	37.99	35.49	33.53	31.78	30.26	29.33	28.89	28.47	28.22	28.00	
109.00	103.67	98.52	93.67	88.84	84.17	79.63	75.22	71.02	66.87	62.74	58.86	55.11	51.54	47.99	44.54	41.83	39.44	37.22	35.54	33.89	32.39	31.11	30.00	
119.00	110.93	103.22	95.70	88.60	81.76	75.33	69.44	63.80	58.47	53.67	49.36	45.33	41.66	38.23	35.36	32.93	31.60	30.61	29.64	28.85	28.41	28.17	28.00	
110.00	99.08	89.49	80.74	72.43	65.05	60.19	55.78	51.68	47.62	43.68	40.40	37.95	36.12	35.10	34.18	33.43	32.79	32.35	32.16	32.00	
116.00	105.75	95.87	87.89	80.30	73.23	66.50	59.92	53.68	49.18	44.86	41.76	39.32	37.26	35.54	33.82	32.40	31.07	30.23	29.50	28.86	28.43	28.17	28.00	
120.00	112.56	105.17	97.83	90.56	83.64	77.27	71.78	66.30	61.83	57.62	53.75	50.32	46.90	43.53	40.93	38.56	36.23	33.97	31.96	30.52	29.91	29.32	29.00	
117.00	109.57	102.34	95.37	88.41	81.78	75.38	69.36	63.78	58.76	54.95	51.23	47.65	44.27	40.97	37.88	35.58	34.14	32.78	32.10	32.00	
123.00	115.10	107.55	100.01	92.77	85.78	79.61	74.38	69.62	65.03	60.82	56.66	52.86	49.10	46.86	44.67	42.69	40.76	39.01	37.26	35.53	34.06	33.00	
113.00	104.95	97.54	90.49	84.43	78.91	73.43	68.39	63.47	58.86	54.44	50.81	47.44	44.28	41.67	39.25	37.09	35.34	34.33	33.63	33.00	
120.00	106.05	94.17	86.84	79.54	72.52	65.70	60.55	56.05	52.42	48.81	45.85	43.04	40.31	38.13	36.51	34.91	33.47	32.33	31.30	30.30	29.52	29.00	
101.00	95.03	89.55	84.15	78.84	73.66	68.70	63.85	59.21	55.71	52.50	49.59	46.77	43.99	41.28	38.68	36.13	33.95	32.84	31.84	31.14	30.53	30.00	
118.00	108.47	100.77	93.10	85.61	78.50	71.64	64.95	58.54	53.50	49.32	45.27	41.72	38.36	35.11	32.11	30.53	29.48	28.75	28.02	28.00	
102.00	96.17	90.64	85.61	80.60	75.61	70.75	66.14	61.74	57.65	53.63	49.70	46.02	43.00	40.28	37.79	36.28	34.96	33.80	32.79	32.00	
103.00	96.71	90.45	84.73	79.12	75.10	71.15	67.36	63.79	60.25	56.96	53.98	51.20	48.53	45.94	43.50	41.42	39.49	37.59	35.89	34.45	33.09	33.00	
113.00	105.79	98.67	91.66	85.02	79.57	74.26	69.10	64.16	59.39	54.66	49.96	46.72	43.95	41.26	39.10	37.15	35.61	34.54	33.61	33.04	33.00	
117.00	110.45	104.50	98.79	93.45	88.12	82.99	78.31	73.68	69.30	64.97	60.67	56.41	52.50	48.67	45.18	41.81	38.65	35.70	34.29	33.15	32.64	32.17	32.00	
111.00	105.06	99.13	93.90	88.77	83.81	79.12	74.52	69.98	65.51	61.61	57.73	53.91	50.11	47.24	44.44	41.85	39.33	37.23	35.45	33.76	32.30	32.00	
121.00	111.26	102.63	94.72	87.64	80.68	75.23	70.04	65.39	60.78	56.27	51.86	47.54	44.06	40.88	38.04	35.58	33.82	32.23	30.68	29.71	29.04	29.00	
112.00	105.73	99.46	93.28	87.24	81.40	75.59	69.89	64.95	60.02	55.57	51.21	46.88	43.31	40.06	37.53	35.30	33.14	31.36	29.83	29.27	29.06	29.00	
103.00	96.67	90.37	84.84	79.34	73.89	68.96	64.16	59.86	55.89	51.96	48.19	44.97	42.05	39.17	36.46	34.21	33.09	32.16	31.48	31.00	
121.00	113.46	107.08	100.89	94.82	88.76	82.97	78.10	73.36	68.74	64.41	60.12	55.94	51.78	47.71	43.70	39.81	36.38	33.04	29.95	28.91	28.00	
121.00	113.75	107.37	101.26	95.46	89.76	84.10	78.80	73.73	68.68	63.72	59.79	56.19	52.77	49.44	46.13	43.06	40.11	37.22	34.35	31.93	30.39	29.38	29.00	
117.00	110.00	103.13	96.33	89.83	83.43	77.05	70.80	64.74	58.85	53.93	49.33	46.45	43.88	41.69	39.75	38.01	36.71	35.44	34.27	33.46	33.00	
108.00	97.83	88.09	78.51	72.02	66.08	60.32	54.80	50.37	46.55	42.84	39.65	36.60	33.62	31.94	31.00	30.13	29.55	29.32	29.15	29.00	
118.00	110.85	103.82	96.83	90.14	83.49	77.37	72.30	67.36	62.63	58.24	54.17	50.28	46.63	43.00	40.20	38.25	36.69	35.14	33.66	32.48	31.69	31.00	
104.00	98.17	92.69	87.56	82.67	77.86	73.05	68.88	64.81	60.81	57.01	53.73	50.48	47.32	44.98	42.70	40.48	38.31	36.51	35.14	33.86	32.79	32.37	32.00	
105.00	95.62	88.29	81.42	75.72	70.51	65.33	60.28	55.35	50.84	47.23	43.83	40.85	38.08	35.87	33.88	31.90	30.10	29.34	28.82	28.39	28.00	
118.00	112.31	106.71	101.35	96.08	90.87	85.96	81.09	76.35	71.71	67.34	63.00	58.99	55.80	52.61	49.53	46.49	43.52	40.73	38.00	35.34	33.07	31.36	31.00	
113.00	105.44	98.86	92.66	86.75	80.97	75.47	70.27	65.37	60.80	56.44	52.48	48.66	45.34	43.27	41.31	39.59	37.88	36.49	35.14	33.82	32.66	32.00	
113.00	105.63	98.48	91.50	84.82	78.17	71.53	65.18	59.78	55.41	51.23	47.33	43.47	40.10	36.94	34.20	31.65	30.55	29.75	29.06	29.00	
120.00	112.17	104.55	97.02	89.69	82.77	77.24	72.15	67.39	62.83	58.35	54.34	50.38	46.58	43.09	39.89	36.84	34.09	31.93	30.65	29.75	29.30	29.00	
103.00	96.83	90.76	84.72	78.92	73.40	68.19	63.06	58.17	53.98	50.27	46.76	43.74	41.49	39.25	37.03	34.84	33.22	32.44	32.08	32.00	
104.00	97.13	90.57	84.13	78.03	72.43	67.56	62.98	59.08	55.37	51.71	48.08	44.47	40.87	38.13	35.69	33.68	32.05	30.61	29.47	29.00	
105.00	98.37	92.42	86.47	80.91	75.66	70.71	65.95	61.61	57.77	54.32	50.90	47.68	44.49	41.37	38.54	36.18	34.43	33.34	32.50	32.00	
112.00	103.76	95.83	88.20	81.04	74.81	68.59	62.70	57.84	53.35	49.42	46.27	43.22	40.34	38.26	36.72	35.20	34.34	33.66	33.21	33.05	33.00	
119.00	111.03	103.68	96.38	89.17	82.04	75.30	68.71	63.74	59.04	54.97	51.20	47.46	44.04	41.23	38.44	35.65	33.47	32.55	31.63	31.00	
112.00	105.44	98.89	93.11	87.62	82.25	77.25	72.56	68.00	63.49	59.50	55.59	52.33	49.20	46.26	43.37	40.64	38.02	35.42	33.22	32.07	31.44	31.00	
109.00	101.81	94.76	87.77	80.88	74.42	68.02	61.85	57.03	52.46	48.64	44.96	41.51	38.36	35.58	33.13	31.46	30.18	28.98	28.35	28.08	28.00	
116.00	107.68	100.24	93.13	87.37	81.77	76.25	70.93	65.72	61.75	57.80	54.01	50.65	47.48	44.48	41.60	38.91	36.57	34.29	32.29	31.02	29.90	29.00	
120.00	110.97	103.11	95.31	87.78	80.92	74.24	67.56	61.28	56.75	52.52	48.95	45.41	42.42	39.45	36.78	34.80	33.08	31.53	30.39	29.38	29.00	
120.00	112.58	105.25	98.85	92.49	86.44	80.51	74.76	69.20	63.81	58.96	54.28	50.28	46.53	43.68	40.92	38.23	36.53	34.84	33.38	31.93	31.02	31.00	
110.00	103.09	96.67	90.32	84.53	79.17	74.08	69.18	64.45	60.20	56.38	52.67	48.99	45.41	42.12	39.28	36.54	34.32	32.71	31.51	31.23	31.01	31.00	
114.00	106.14	98.94	92.25	85.58	78.94	72.58	66.23	60.26	54.36	48.57	44.62	41.13	38.67	36.76	34.90	33.16	31.62	30.58	30.32	30.11	30.00	
107.00	100.55	94.32	88.17	82.07	76.04	70.18	64.66	59.53	55.23	51.67	48.28	45.02	42.01	39.28	37.14	35.44	34.04	32.70	31.43	30.28	29.38	29.05	29.00	
121.00	110.60	100.26	91.61	83.76	76.69	70.12	64.34	59.99	55.76	51.56	47.69	44.20	40.83	38.47	36.35	34.65	33.02	32.37	32.10	32.00	
111.00	103.74	96.78	90.47	84.54	79.13	73.86	68.71	63.64	58.59	53.71	49.31	45.50	42.70	40.13	37.60	35.67	34.44	33.24	32.10	32.00	
105.00	98.37	91.90	86.44	80.99	75.55	70.46	65.82	61.64	57.73	54.36	51.09	48.03	45.29	42.63	40.25	38.05	36.00	34.12	32.52	31.18	31.07	31.00	
112.00	106.05	100.26	94.49	88.75	83.05	77.53	72.17	66.94	62.30	58.03	53.83	50.19	47.29	44.40	41.59	39.63	37.73	35.88	34.81	34.17	33.72	33.28	33.00	
105.00	99.07	93.30	87.73	82.19	76.80	71.66	66.54	62.12	57.96	53.90	50.01	46.47	43.42	40.80	38.74	36.69	34.89	33.19	32.73	32.32	32.00	
118.00	111.47	105.06	98.83	92.78	86.79	81.24	76.55	71.89	67.34	63.00	59.09	55.21	51.59	48.08	44.88	42.16	39.52	37.15	35.04	33.48	32.11	31.00	
120.00	111.97	104.30	97.31	90.65	84.46	78.27	72.31	66.77	61.31	56.06	51.25	46.62	43.62	40.69	38.32	36.10	34.06	32.82	31.63	30.78	30.12	30.00	
119.00	111.33	103.71	96.26	89.28	82.52	75.87	69.36	63.02	57.09	53.38	49.74	46.23	43.01	39.93	37.51	35.79	34.26	32.84	31.98	31.45	31.00	
112.00	106.13	100.65	95.18	89.75	84.41	79.21	74.01	68.97	64.15	59.52	55.37	51.40	47.54	44.42	41.38	39.28	37.70	36.18	34.95	33.97	33.14	32.43	32.00	
118.00	110.63	103.81	97.22	90.66	84.39	78.61	73.11	67.82	62.79	58.02	53.75	49.50	45.57	41.71	38.06	34.42	32.23	30.33	29.54	28.98	28.49	28.22	28.00	
115.00	106.75	99.07	92.58	86.19	79.86	74.20	69.02	64.28	59.63	55.73	51.95	48.21	44.60	41.12	37.90	34.78	31.94	29.43	29.18	29.00	
106.00	99.57	93.88	88.29	82.73	77.45	72.66	67.92	63.40	59.04	55.13	51.24	47.37	44.34	41.55	38.96	36.66	35.19	33.84	32.64	32.20	32.00	
118.00	110.52	103.37	96.25	89.31	82.65	76.07	69.81	63.57	57.33	53.28	49.80	46.58	43.57	40.60	37.98	35.90	34.03	32.47	30.97	30.44	30.00	
112.00	104.86	97.96	91.49	85.08	79.44	73.95	68.60	63.38	58.16	53.57	49.46	46.21	43.03	40.28	37.77	35.56	34.05	32.77	31.80	31.09	30.57	30.18	30.00	
102.00	94.61	88.11	81.81	76.24	70.99	66.08	61.46	57.45	53.49	49.76	46.21	42.94	39.75	37.02	34.84	33.30	32.31	31.52	30.85	30.20	30.00	
102.00	96.17	90.63	85.34	80.08	75.26	70.48	65.75	61.27	56.96	52.92	49.00	45.56	42.36	39.43	36.65	34.71	33.26	31.89	30.54	29.66	29.26	29.08	29.00	
115.00	107.88	100.88	94.49	88.72	83.11	77.78	72.58	67.40	62.30	57.20	52.61	48.35	44.44	41.35	38.84	36.67	34.51	32.73	31.08	31.00	
112.00	103.36	95.36	87.67	80.26	73.45	67.85	62.55	57.80	53.64	50.70	47.84	45.00	42.44	39.90	37.73	36.42	35.19	34.22	33.41	33.16	33.00	
115.00	105.10	95.53	86.51	78.12	70.27	64.65	60.39	56.52	52.69	49.09	45.87	42.73	39.60	36.67	34.04	32.21	30.78	29.73	29.14	29.00	
110.00	103.19	96.94	91.03	85.85	81.29	76.79	72.68	68.68	64.74	60.84	57.00	53.26	49.89	46.59	43.72	40.93	38.19	35.70	33.89	32.86	32.29	32.00	
121.00	114.68	108.75	102.95	97.31	91.70	86.23	80.89	75.61	70.36	65.32	61.29	57.26	53.43	49.86	46.74	43.71	40.74	38.18	36.19	34.42	33.15	32.22	32.00	
103.00	96.54	90.44	84.58	78.83	73.32	67.99	62.74	57.91	53.32	49.23	45.61	42.29	39.46	36.79	35.13	33.49	31.90	31.26	31.11	31.00	
118.00	108.28	99.54	92.11	84.96	79.31	73.82	68.59	63.41	58.42	53.54	49.19	45.28	41.41	38.43	35.89	33.66	31.47	30.06	29.33	29.01	29.00	
109.00	102.20	96.75	91.50	86.26	81.21	76.49	71.83	67.31	63.10	58.99	55.01	51.37	47.78	44.36	41.40	38.56	36.60	34.86	33.22	32.05	31.13	31.00	
120.00	110.60	102.98	96.10	89.47	82.88	76.56	70.47	64.74	59.11	54.81	50.67	46.97	43.82	41.06	38.41	36.14	34.02	32.07	30.47	29.23	28.19	28.00	
102.00	95.74	89.63	84.17	78.85	73.90	69.22	64.79	60.52	56.32	52.24	48.20	45.37	42.72	40.09	38.12	36.46	34.84	33.40	32.35	31.41	30.81	30.35	30.00	
119.00	110.41	101.97	93.57	85.66	79.13	72.61	66.83	61.36	56.63	52.59	49.21	45.94	42.80	39.75	37.29	35.23	33.37	31.55	29.78	29.38	29.11	29.00	
105.00	97.62	90.29	83.86	77.53	71.26	66.88	62.86	58.88	55.09	51.68	48.43	45.34	42.38	39.74	37.20	34.69	32.80	31.76	31.03	30.51	30.09	30.00	
119.00	108.53	98.72	89.44	82.30	75.18	68.65	62.34	56.97	53.19	49.66	46.31	43.13	40.31	37.64	35.20	34.28	33.40	33.08	33.02	33.00	
112.00	103.80	95.65	87.86	80.07	72.32	65.76	60.33	55.17	51.70	48.61	45.57	42.69	40.18	37.72	35.44	33.54	31.79	30.35	29.07	28.01	28.00	
121.00	113.76	106.52	99.48	92.46	85.61	78.94	72.45	66.21	60.05	55.55	51.98	48.56	46.03	43.68	41.52	39.46	37.61	35.86	34.27	32.83	31.50	30.39	30.00	
114.00	107.52	102.46	97.51	92.62	87.75	82.99	78.25	73.58	69.28	65.13	61.01	57.18	53.55	50.05	46.76	43.52	40.77	38.43	36.33	34.63	33.30	33.00	
120.00	111.31	103.41	95.99	89.44	83.29	77.37	71.62	65.92	60.92	56.07	51.46	48.06	44.84	41.75	38.99	36.64	34.52	33.14	32.18	32.00	
121.00	112.67	104.58	98.27	92.21	86.20	80.23	74.49	69.00	63.65	58.50	53.85	49.66	46.15	42.79	40.04	37.61	35.24	33.02	30.96	29.86	29.38	29.14	29.00	
113.00	106.70	100.47	94.26	88.08	82.03	76.94	72.06	67.29	62.51	57.97	53.55	49.78	46.30	42.92	39.91	37.34	34.91	33.37	31.92	31.22	31.00	
118.00	108.81	100.16	93.14	86.31	80.20	74.46	68.77	63.11	58.20	53.87	49.55	45.36	41.18	37.92	35.29	32.95	31.10	29.84	29.12	29.00	
107.00	100.13	93.60	87.37	81.41	75.79	70.34	65.10	59.94	55.43	51.09	47.16	44.14	41.12	38.45	35.85	34.00	32.39	30.97	30.09	29.29	29.00	
122.00	115.11	108.67	102.77	96.97	91.35	85.76	80.19	74.98	69.85	65.25	61.07	57.22	53.48	49.82	46.71	43.62	40.78	37.97	35.48	33.02	32.20	31.55	31.00	
112.00	104.55	97.39	90.84	85.24	79.78	74.65	69.60	64.87	60.46	56.51	52.91	49.33	46.09	42.88	39.68	37.30	35.03	32.80	31.28	30.15	29.43	29.00	
120.00	112.87	106.16	99.63	93.14	86.89	81.17	75.70	70.47	65.38	60.77	56.23	52.01	48.00	44.16	40.99	38.61	36.45	35.21	34.03	32.94	31.91	30.90	30.00	
110.00	103.51	97.04	90.58	84.12	78.15	72.21	66.61	62.30	58.46	54.77	51.53	48.40	45.27	42.39	39.73	37.29	35.86	34.46	33.12	31.90	30.88	30.00	
107.00	101.31	96.17	91.20	86.61	82.05	77.53	73.17	68.85	64.64	60.64	56.97	53.52	50.08	46.96	43.90	41.04	38.26	35.78	33.34	30.93	29.18	28.00	
122.00	112.85	105.74	98.63	92.02	86.00	80.29	74.94	69.64	64.66	59.84	55.53	51.51	47.51	43.75	40.09	36.82	34.05	32.68	31.33	30.02	29.01	28.00	
121.00	112.76	104.60	96.67	88.92	82.51	76.81	71.50	66.22	61.53	56.86	52.26	48.26	44.45	40.74	37.71	35.35	33.13	31.20	29.61	28.50	28.22	28.00	
119.00	111.92	104.91	98.17	91.64	85.80	79.98	74.68	69.52	65.02	60.65	56.36	52.57	48.83	45.66	42.67	40.31	37.98	36.10	34.64	33.36	33.18	33.00	
104.00	97.38	90.90	85.04	79.27	73.98	68.78	64.18	59.69	55.48	52.07	48.93	46.47	44.11	42.00	40.13	38.41	36.82	35.47	34.25	33.05	32.00	
120.00	112.13	104.77	97.43	90.24	83.10	76.36	70.18	64.18	58.77	53.71	48.83	44.42	40.34	37.39	34.80	32.79	30.86	29.44	28.82	28.32	28.00	
112.00	105.77	99.75	93.83	87.94	82.38	76.83	71.44	66.77	62.80	59.22	55.82	52.43	49.13	45.87	42.62	39.42	36.25	33.10	31.83	31.29	31.00	
106.00	98.81	92.25	85.75	79.45	73.68	68.11	63.00	58.43	54.14	49.99	46.49	43.04	40.07	37.38	34.92	33.23	31.76	31.28	31.01	31.00	
108.00	100.96	94.29	88.21	82.26	76.47	71.25	66.39	61.70	57.17	52.98	48.98	45.88	42.92	40.18	37.59	35.62	33.78	31.99	30.59	29.52	29.08	29.03	29.00	
116.00	109.07	102.50	96.03	89.81	83.64	77.50	71.79	66.08	61.24	56.52	52.61	48.81	45.22	41.93	39.62	37.31	35.04	32.94	31.40	30.38	29.41	29.12	29.00	
120.00	113.52	107.16	100.86	94.77	88.70	82.79	77.29	72.15	67.03	62.19	57.69	53.52	49.58	45.84	42.43	40.07	37.96	36.22	34.54	32.86	31.59	31.00	
104.00	96.12	89.22	82.53	75.85	69.52	63.51	58.47	53.76	49.64	46.33	43.51	40.85	38.20	35.78	33.50	31.93	30.82	29.71	28.89	28.44	28.00	
119.00	110.69	102.44	94.29	86.75	80.56	74.53	68.69	63.11	58.11	53.38	48.87	44.68	41.12	37.82	34.60	32.21	30.39	29.53	28.74	28.00	
109.00	101.31	93.73	86.55	79.47	72.81	66.59	61.49	56.54	51.61	46.80	42.41	39.40	37.02	35.10	33.53	32.58	31.66	30.97	30.35	30.13	30.00	
121.00	113.59	106.73	99.89	93.27	87.51	81.83	76.37	70.97	66.44	62.18	58.03	53.92	50.27	47.33	44.48	41.78	39.13	36.72	34.35	31.99	29.78	28.00	
107.00	101.42	96.32	91.40	86.57	81.81	77.35	73.02	68.89	64.95	61.02	57.10	53.56	50.06	47.45	44.88	42.32	39.78	37.29	34.83	33.03	32.54	32.14	32.00	
105.00	99.44	94.04	88.77	83.59	78.43	73.59	68.78	64.55	60.38	56.28	52.41	48.78	45.88	43.67	41.61	39.65	37.72	36.31	35.11	33.95	33.12	33.00	
111.00	103.35	97.00	90.87	84.86	79.02	73.70	68.68	63.69	58.95	54.32	50.77	47.29	43.96	40.72	37.78	35.18	33.53	32.14	31.17	31.00	
102.00	94.54	87.57	81.21	74.93	69.66	65.09	60.70	56.46	52.52	48.70	46.37	44.06	41.84	39.82	37.87	36.38	34.92	33.52	32.25	31.41	30.58	30.23	30.00	
116.00	107.35	99.74	92.40	85.65	79.46	73.66	68.01	62.46	57.58	52.88	48.47	44.76	41.53	38.75	36.14	33.64	31.47	29.89	28.60	28.00	
106.00	98.05	90.32	83.69	77.26	71.01	65.14	59.46	54.55	50.33	46.55	43.50	40.83	38.40	35.98	33.97	32.18	30.53	29.28	28.50	28.00	
121.00	114.47	108.01	101.93	95.94	90.03	84.34	78.96	73.62	68.40	63.30	58.26	53.72	49.37	45.46	41.60	39.04	36.87	34.87	32.92	31.32	29.87	29.00	
102.00	95.72	89.67	83.65	78.19	73.31	68.47	63.66	59.81	56.00	52.43	49.22	46.21	43.33	40.72	38.89	37.12	35.78	34.61	33.91	33.23	33.00	
110.00	102.64	96.21	90.02	84.28	79.09	74.15	69.40	64.96	60.59	56.35	52.30	49.22	46.24	43.61	41.10	38.64	36.20	34.35	32.67	31.00	
101.00	94.21	87.86	81.67	75.50	70.40	65.50	61.02	57.12	53.56	50.14	47.17	44.42	41.88	39.71	37.55	35.62	33.84	32.12	30.55	29.46	29.00	
106.00	99.65	93.34	87.16	81.55	76.40	71.39	66.41	61.97	58.05	54.60	51.36	48.36	45.77	43.45	41.50	39.55	37.75	36.13	34.71	33.49	32.38	32.01	32.00	
111.00	101.92	93.98	86.91	80.36	74.57	69.23	63.94	59.19	54.66	50.49	47.14	43.86	40.82	38.86	36.97	35.21	33.71	32.24	31.08	30.00	
118.00	110.32	102.99	96.18	89.46	82.79	76.37	70.42	65.21	60.29	56.42	52.89	49.40	46.23	43.06	40.59	38.47	36.41	34.46	32.87	32.34	32.00	
121.00	113.40	106.47	99.61	93.25	87.18	81.53	76.60	71.80	67.26	63.02	58.94	55.12	51.39	47.66	43.97	40.87	38.17	35.61	33.05	31.65	30.61	30.17	30.00	
102.00	93.56	85.21	77.32	69.65	64.49	59.40	54.75	50.46	46.59	42.86	39.73	37.31	35.31	33.57	32.04	30.63	29.65	28.92	28.40	28.15	28.00	
104.00	98.74	93.50	88.36	83.51	78.74	74.02	69.63	65.28	60.99	56.84	53.05	49.49	46.20	43.31	40.70	38.14	35.80	33.46	31.68	30.18	29.00	
108.00	100.97	94.01	87.06	81.50	76.04	70.80	65.76	61.29	57.04	53.25	49.77	46.42	43.21	40.32	37.47	35.81	34.28	32.83	31.87	31.02	30.37	30.00	
104.00	98.52	93.07	87.64	82.80	78.22	73.86	69.75	65.71	61.75	57.79	54.35	51.21	48.19	45.21	42.35	39.90	37.58	35.50	33.74	33.45	33.21	33.00	
106.00	97.32	90.75	84.21	78.06	71.96	66.96	62.14	57.58	53.17	49.33	45.58	42.22	39.35	36.79	34.47	32.24	30.70	29.91	29.43	29.00	
108.00	101.21	94.52	88.43	82.50	77.33	72.61	68.15	63.77	59.54	55.41	51.33	47.41	43.92	40.63	37.55	34.72	31.93	29.84	28.15	28.04	28.00	
122.00	113.64	105.39	97.26	89.39	81.86	75.73	70.09	64.96	59.94	54.98	50.70	46.64	42.90	40.62	38.53	36.47	34.79	33.54	33.03	33.00	
117.00	107.84	100.05	92.44	84.87	77.75	71.12	64.61	58.89	53.93	49.23	44.86	41.68	39.23	36.86	34.67	32.70	31.37	30.06	29.13	28.45	28.05	28.00	
112.00	104.49	97.31	90.61	84.06	78.30	73.23	68.18	63.17	58.58	54.38	50.33	46.74	43.85	41.82	40.01	38.27	36.90	35.60	34.80	34.07	33.61	33.20	33.00	
106.00	99.84	94.03	88.31	82.75	77.36	72.24	67.16	62.14	57.45	52.84	48.74	45.98	43.28	40.82	38.60	36.80	35.02	34.25	33.80	33.44	33.21	33.00	
113.00	106.01	99.15	92.59	86.51	80.54	75.67	71.28	66.91	62.78	58.89	55.06	51.30	47.81	44.54	41.39	38.44	35.68	33.32	30.97	29.97	29.47	29.00	
109.00	101.78	94.64	87.76	80.99	75.54	70.71	66.16	61.64	57.38	53.78	50.38	47.01	44.26	41.86	39.85	38.18	36.90	35.78	34.73	33.83	33.07	32.43	32.00	
123.00	114.82	106.89	99.07	91.56	84.06	76.97	70.43	64.03	59.22	54.63	50.27	46.16	42.32	38.84	35.88	33.10	31.28	29.72	28.68	28.14	28.00	
116.00	109.03	102.24	95.53	88.92	82.54	76.21	70.03	64.14	58.83	54.77	50.74	47.00	43.76	40.90	38.80	36.72	34.71	32.73	31.71	31.37	31.11	31.00	
106.00	98.06	91.14	84.56	78.04	72.07	67.19	62.56	57.96	53.52	49.46	45.69	42.09	39.24	36.48	34.05	33.35	32.69	32.45	32.24	32.09	32.04	32.00	
123.00	114.26	105.68	98.06	90.91	84.12	77.50	71.20	65.06	58.93	54.19	49.86	45.71	41.85	38.85	35.88	34.02	32.61	31.60	30.60	30.00	
110.00	103.26	97.01	90.80	84.69	78.70	72.82	66.97	61.90	56.92	52.63	48.40	44.29	40.54	38.40	37.18	36.04	34.93	34.02	33.14	33.00	
119.00	112.10	105.20	98.30	91.43	84.77	78.67	72.68	67.17	62.16	58.05	53.97	50.09	46.39	42.75	39.54	36.43	34.13	32.06	30.47	29.02	28.25	28.05	28.00	
107.00	98.37	89.87	82.65	75.91	69.22	63.32	57.61	52.23	48.45	45.35	42.24	39.82	37.45	35.09	32.94	31.16	29.68	28.40	28.20	28.05	28.00	
123.00	114.62	106.40	98.79	91.53	85.23	79.14	73.12	67.13	62.22	57.35	52.64	48.44	44.41	40.45	36.95	34.36	31.77	30.50	29.38	28.41	28.10	28.00	
102.00	96.18	90.39	84.62	79.08	73.97	69.10	64.34	59.96	55.87	52.60	49.40	46.56	43.81	41.71	39.64	37.63	35.64	34.21	32.89	32.00	
118.00	109.68	102.28	95.42	88.94	82.62	76.85	71.27	65.79	60.44	55.68	51.39	47.72	44.13	40.92	38.39	36.00	33.96	32.71	31.50	30.43	29.39	28.37	28.00	
116.00	108.36	101.23	94.12	87.41	80.93	74.84	69.66	65.36	61.07	56.92	52.82	48.77	44.98	41.53	38.86	36.25	33.85	32.27	30.90	30.22	29.76	29.35	29.00	
118.00	109.87	101.93	94.04	86.94	80.10	74.14	68.19	62.86	57.65	52.58	47.73	43.07	38.99	37.21	35.57	34.00	32.55	31.65	31.32	31.00	
119.00	110.71	104.03	97.79	91.68	85.68	80.05	74.86	69.74	64.71	59.95	55.32	50.94	46.70	42.66	39.23	37.16	35.27	34.31	33.36	32.43	32.00	
123.00	114.67	107.66	100.81	94.21	88.14	82.28	76.51	71.17	65.95	60.94	56.12	51.91	47.81	44.02	41.22	38.72	36.49	34.73	33.04	31.70	31.00	
106.00	99.96	94.03	88.15	82.69	77.27	72.54	67.95	63.97	60.00	56.04	52.20	48.41	44.66	41.44	38.34	35.41	33.10	31.44	29.93	29.37	29.09	29.00	
118.00	110.08	102.31	94.74	87.80	81.10	74.45	69.30	64.48	59.72	55.15	50.78	46.49	42.54	38.81	35.48	32.92	32.03	31.16	30.55	30.04	30.00	
115.00	105.03	97.58	90.42	83.27	77.43	71.65	66.99	62.51	58.10	54.38	50.73	47.23	43.82	40.90	38.55	36.26	34.73	33.48	32.40	32.00	
119.00	112.02	105.48	99.09	92.81	86.71	81.20	75.77	70.57	66.10	61.74	57.55	53.81	50.45	47.12	44.18	41.37	38.71	36.69	34.89	33.86	33.06	33.00	
112.00	104.93	97.91	91.48	85.49	79.56	74.07	68.74	63.74	59.25	55.13	51.32	47.74	44.74	42.06	39.51	37.11	35.12	34.20	33.42	32.74	32.18	32.02	32.00	
110.00	103.28	96.75	90.90	86.03	81.21	76.50	71.82	67.25	62.78	58.52	55.03	51.69	48.48	45.89	43.34	40.85	38.39	36.05	33.83	32.00	
109.00	102.46	96.19	89.98	83.81	78.06	72.62	67.48	62.66	58.00	53.48	50.50	47.53	44.82	42.21	39.85	37.55	35.78	34.30	32.84	31.73	31.00	
108.00	101.97	95.94	90.17	84.70	79.77	75.15	70.64	66.56	62.50	58.57	54.92	51.38	47.88	44.81	41.78	38.83	36.32	34.46	32.60	31.13	30.02	29.31	29.00	
118.00	110.14	102.59	95.06	87.64	80.24	73.63	67.97	62.53	58.14	53.93	50.05	46.72	43.80	41.26	38.82	37.04	35.45	33.99	32.82	32.00	
121.00	112.92	105.32	97.89	90.50	83.55	77.36	71.22	65.57	60.29	55.17	51.68	48.37	45.38	42.49	39.65	36.87	34.45	32.82	31.48	31.00	
105.00	98.49	92.05	86.01	80.13	74.63	69.30	64.47	59.81	55.59	51.38	47.86	44.91	42.43	40.23	38.36	36.71	35.29	33.97	32.66	31.57	30.57	30.00	
118.00	111.18	104.39	97.88	91.62	86.16	80.85	75.67	70.74	65.88	61.13	56.45	51.93	47.41	43.34	39.94	37.06	35.38	33.80	33.16	32.56	32.19	32.03	32.00	
104.00	96.30	88.73	81.37	74.30	67.51	61.22	55.97	51.48	47.87	44.42	41.02	37.98	35.94	33.99	32.41	30.84	29.54	28.24	28.02	28.00	
118.00	109.75	101.79	94.19	86.90	79.80	72.79	66.13	61.23	56.81	52.83	49.52	46.24	43.15	40.21	37.65	35.17	33.95	33.51	33.16	33.00	
112.00	105.43	99.05	92.67	86.76	80.91	75.28	70.11	65.49	60.87	56.58	52.32	48.11	44.75	41.76	38.82	36.01	33.36	31.33	29.90	29.12	28.56	28.15	28.00	
111.00	103.28	95.88	88.60	81.99	75.59	70.91	66.27	61.64	57.09	52.60	49.12	45.67	42.45	39.68	37.59	35.93	34.58	33.26	33.03	33.00	
113.00	106.69	100.76	95.43	90.35	85.44	80.57	75.72	70.90	66.46	62.08	57.83	54.04	50.31	47.18	44.42	41.98	39.94	37.93	36.07	34.39	33.60	33.05	33.00	
122.00	113.05	104.71	97.54	90.43	83.59	76.74	70.25	64.81	59.69	56.14	52.61	49.42	46.30	43.59	41.13	38.74	37.15	35.69	34.33	33.51	33.11	33.00	
112.00	103.80	95.74	87.79	80.43	73.72	67.66	61.94	56.60	52.17	48.57	45.01	41.62	38.63	36.05	33.78	31.83	29.89	28.29	28.11	28.00	
119.00	110.63	102.62	95.33	88.52	81.72	75.93	70.19	64.69	59.75	54.87	50.58	47.57	44.57	41.70	39.21	37.47	35.86	34.34	33.30	32.54	32.00	
121.00	111.39	102.14	93.61	85.69	78.37	72.19	66.63	61.12	56.58	53.26	49.96	47.18	44.42	41.72	39.29	36.89	35.55	34.28	33.34	32.60	32.00	
104.00	97.30	91.12	85.47	80.11	74.89	69.81	64.83	60.07	56.21	52.49	49.25	46.15	43.19	41.06	39.32	37.82	36.43	35.08	34.10	33.29	32.58	32.00	
123.00	114.71	107.28	99.88	92.56	85.63	79.11	73.49	68.07	62.73	57.60	52.57	47.73	43.35	39.81	36.97	34.98	33.27	32.13	31.35	30.70	30.16	30.00	
112.00	103.83	96.53	89.36	82.73	76.27	70.40	64.71	59.46	54.89	50.72	46.88	43.91	41.04	38.93	37.18	35.48	33.79	32.42	31.48	31.22	31.00	
114.00	106.27	98.64	92.28	85.99	79.90	74.41	68.95	63.72	58.93	54.37	50.10	45.84	41.92	38.15	34.57	33.27	32.02	30.96	30.46	30.17	30.00	
119.00	111.68	104.57	97.76	91.01	84.28	77.87	71.55	65.47	59.40	54.20	49.21	45.96	43.30	40.67	38.10	36.06	34.92	33.85	32.93	32.05	32.00	
108.00	101.80	95.75	90.09	84.71	79.54	74.48	69.60	65.07	60.71	56.34	52.07	48.84	45.64	42.58	39.82	37.12	34.86	32.73	31.80	31.27	31.00	
109.00	102.79	96.70	90.70	85.17	79.65	74.29	69.53	64.81	60.16	56.06	52.13	48.35	44.80	42.03	39.51	37.32	35.13	33.59	32.10	30.72	30.04	30.00	
112.00	105.90	99.86	93.97	88.08	82.65	77.30	72.00	66.80	62.44	58.19	54.16	50.77	47.45	44.57	41.98	39.50	37.26	35.76	34.27	33.00	31.91	31.00	
103.00	96.92	91.06	85.21	79.56	74.72	70.07	65.47	61.18	57.00	53.02	49.48	45.99	42.76	39.68	37.00	34.43	32.11	30.65	29.77	29.19	29.01	29.00	
109.00	102.07	96.27	90.57	85.24	79.96	74.88	69.88	65.30	60.92	56.55	52.39	48.24	44.59	41.37	38.55	36.54	34.82	33.26	31.73	31.00	
102.00	97.11	92.41	87.74	83.31	79.13	75.17	71.50	67.86	64.25	60.89	57.65	54.53	51.65	48.94	46.23	43.91	41.63	39.35	37.11	35.05	33.26	33.00	
115.00	107.20	99.76	92.52	85.73	79.62	73.60	67.86	62.74	57.88	53.31	49.10	45.80	42.72	40.12	37.56	35.25	33.18	31.76	30.38	29.29	28.36	28.00	
117.00	109.35	102.03	95.65	89.76	83.91	78.13	72.49	67.48	62.51	58.00	53.62	49.49	45.44	42.44	39.66	37.03	34.60	32.27	31.24	30.72	30.40	30.10	30.00	
105.00	99.52	94.70	89.88	85.12	80.50	75.90	71.48	67.24	63.06	59.09	55.18	51.52	48.17	44.97	42.17	39.89	37.77	36.12	34.51	32.97	32.44	32.16	32.00	
105.00	99.42	94.06	88.77	83.79	79.06	74.43	69.90	65.64	61.46	57.43	53.66	49.91	46.59	43.36	40.62	38.52	36.43	34.54	33.41	32.31	31.44	31.00	
108.00	102.09	96.43	91.22	86.05	80.95	75.93	71.25	66.98	63.07	59.25	55.44	51.84	48.93	46.19	43.60	41.08	38.99	37.00	35.50	34.56	33.77	33.00	
104.00	97.65	91.71	85.82	80.05	74.39	69.03	64.25	59.53	55.33	51.30	47.44	43.76	40.66	38.15	36.38	34.85	34.14	33.55	33.12	33.00	
112.00	102.96	95.09	87.79	81.18	74.82	68.84	63.86	59.21	55.22	51.27	47.93	45.42	43.22	41.04	38.85	36.78	34.81	33.10	31.56	31.19	31.00	
122.00	113.05	105.68	98.37	91.31	84.42	77.52	70.63	63.90	57.22	50.58	44.83	39.80	35.51	33.26	31.42	30.41	29.51	28.64	28.42	28.28	28.18	28.08	28.00	
104.00	98.02	92.21	86.60	81.95	77.47	73.12	69.27	65.70	62.32	58.95	55.76	52.62	49.50	46.72	44.14	41.77	39.80	37.92	36.38	34.86	33.36	32.54	32.00	
108.00	100.71	93.90	87.11	80.99	75.66	70.50	65.37	60.67	56.02	51.79	48.20	44.66	41.15	37.85	36.25	34.66	33.26	32.32	31.53	31.24	31.00	
119.00	112.40	105.81	99.49	93.76	88.31	82.88	77.87	72.91	67.95	63.08	58.53	54.10	49.94	46.03	42.27	38.70	35.68	32.72	31.27	31.00	
113.00	105.74	98.99	92.41	86.15	80.04	74.14	68.58	63.23	58.22	53.46	49.49	46.55	43.75	41.10	38.62	36.30	34.09	32.20	31.11	30.60	30.31	30.07	30.00	
107.00	100.35	93.78	87.25	80.91	74.82	70.17	65.59	61.07	57.21	53.50	49.81	46.43	43.79	41.45	39.26	37.65	36.19	34.84	33.55	32.27	31.35	30.55	30.00	
121.00	113.48	105.98	98.83	91.79	84.97	78.70	72.57	66.94	62.37	57.81	53.48	49.29	45.28	41.54	38.64	36.42	34.75	33.24	32.32	32.00	
111.00	104.87	98.94	93.44	87.96	82.88	77.89	73.08	68.51	64.21	60.12	56.04	52.07	48.10	44.77	41.51	38.58	35.66	32.94	31.33	29.76	28.26	28.00	
101.00	95.01	89.29	83.73	78.56	73.51	68.73	64.28	59.88	55.70	51.61	48.96	46.45	44.02	42.31	40.78	39.29	38.03	36.85	35.70	34.64	33.71	33.00	
105.00	99.04	94.03	89.10	84.49	79.93	75.48	71.04	66.74	62.67	58.68	54.79	50.99	47.26	43.77	40.45	37.90	35.45	33.15	30.96	29.26	29.00	
108.00	101.87	96.02	90.18	84.54	78.94	73.51	68.21	63.33	58.46	53.74	49.39	45.19	41.35	38.83	36.71	35.15	33.61	32.27	31.39	31.00	
121.00	112.01	103.17	94.68	87.59	80.78	74.45	68.33	62.90	58.37	54.37	50.70	47.39	44.33	41.26	38.96	37.16	35.77	34.68	33.70	33.00	
118.00	109.99	102.04	94.13	86.24	78.96	72.12	65.77	60.46	56.41	52.44	48.74	45.11	41.98	38.92	36.27	33.71	31.68	30.08	29.11	29.00	
102.00	95.50	89.07	83.07	77.12	71.41	66.29	61.32	56.55	52.12	48.25	44.39	41.11	38.58	36.49	34.66	33.61	32.58	32.08	31.66	31.40	31.20	31.08	31.00	
108.00	100.85	93.98	87.36	81.13	74.89	68.82	63.44	58.38	53.62	49.39	46.12	42.90	40.81	38.77	36.79	34.85	33.50	32.55	31.69	31.00	
111.00	102.72	94.84	88.40	82.16	75.93	70.08	65.03	60.60	56.83	53.36	49.96	46.64	43.48	40.38	37.45	34.77	32.17	30.37	29.74	29.37	29.04	29.00	
107.00	99.17	92.03	85.45	80.20	75.13	70.40	65.82	61.26	56.75	52.50	48.63	45.38	42.20	39.46	36.88	34.88	33.67	32.60	32.01	31.45	31.21	31.00	
123.00	116.29	109.85	103.54	97.64	91.99	86.43	80.99	75.58	70.17	65.03	59.93	54.87	50.89	46.98	43.12	39.68	37.24	35.57	34.23	33.02	32.44	32.20	32.00	
110.00	103.22	97.16	91.16	85.77	80.38	75.53	70.76	66.08	61.89	58.21	54.59	51.35	48.26	45.46	43.04	40.74	38.98	37.32	35.72	34.19	33.26	33.00	
114.00	107.66	101.49	95.39	89.47	83.75	78.13	72.56	67.73	62.91	58.72	54.87	51.20	47.65	44.39	41.55	38.81	36.24	33.87	32.29	30.73	29.25	29.00	
101.00	94.88	89.01	83.64	78.92	74.22	69.59	65.06	61.16	57.41	53.70	50.23	47.08	44.09	41.25	38.79	36.64	34.84	33.58	32.37	31.30	30.26	29.52	29.00	
114.00	107.63	101.26	95.48	90.05	84.77	80.07	75.63	71.30	66.97	62.73	58.61	54.50	50.60	47.15	44.03	41.02	38.20	36.18	34.29	32.79	32.10	32.00	
108.00	100.50	93.73	87.28	81.97	77.19	72.51	68.01	63.64	59.33	55.53	51.75	48.52	45.49	42.55	39.76	37.36	35.35	34.04	33.18	32.42	32.00	
109.00	103.63	98.60	93.77	89.11	84.53	80.08	75.64	71.28	67.29	63.81	60.42	57.04	53.71	50.44	47.32	44.25	41.48	38.82	37.01	35.55	34.11	33.32	33.00	
108.00	100.84	93.71	86.80	80.57	74.60	68.73	63.21	57.71	53.07	49.31	45.63	42.99	40.63	38.34	36.28	34.43	32.72	31.48	30.68	30.03	30.00	
106.00	98.59	91.40	84.36	78.23	72.18	66.92	61.91	57.16	52.52	48.27	45.04	42.16	39.48	37.93	36.45	35.08	33.81	32.69	31.99	31.45	31.00	
121.00	111.09	102.19	93.90	85.71	78.42	72.10	66.22	61.92	57.70	53.96	50.26	46.77	43.86	41.49	39.37	37.43	35.70	34.11	32.55	31.54	31.00	
108.00	100.50	93.86	87.75	81.75	76.32	71.14	66.10	61.15	56.26	51.81	47.72	44.05	40.54	38.12	35.84	33.64	31.61	30.09	29.20	29.00	
108.00	100.85	94.00	87.35	80.90	74.77	69.69	64.98	60.65	56.48	52.70	49.37	46.10	43.02	40.03	37.19	35.53	34.14	33.54	32.99	32.57	32.15	32.00	
105.00	98.70	92.62	86.64	80.79	75.13	70.07	66.32	62.57	59.10	55.65	52.46	49.42	46.50	43.84	41.20	39.10	37.40	35.84	34.60	33.39	32.29	31.28	31.00	
123.00	114.20	105.61	97.07	88.59	80.38	72.24	67.02	62.18	57.57	53.06	48.59	44.28	40.13	36.47	34.05	32.18	30.63	29.14	28.43	28.00	
109.00	102.34	96.10	89.94	84.09	78.41	72.92	67.53	62.68	57.90	53.37	49.30	45.74	42.19	39.18	36.51	34.48	32.70	31.47	30.69	30.13	29.62	29.20	29.00	
121.00	112.69	104.49	96.63	88.84	81.33	74.18	67.94	62.82	58.24	53.96	49.89	45.89	41.96	39.06	36.29	33.63	32.21	31.18	30.69	30.21	30.00	
107.00	99.75	92.76	86.59	80.67	75.28	70.30	65.37	60.73	56.15	51.87	47.62	43.49	40.63	38.01	35.72	33.69	32.14	30.88	29.93	29.15	29.00	
113.00	105.34	97.96	90.97	84.18	77.95	71.78	65.70	60.48	55.42	50.93	46.67	43.48	40.76	38.53	36.81	35.12	33.53	32.44	32.16	32.00	
117.00	109.92	103.01	96.10	90.02	84.03	78.75	73.74	68.98	64.32	60.02	55.74	51.66	48.08	44.75	41.52	38.96	36.80	34.70	33.86	33.49	33.19	33.00	
101.00	95.03	89.13	83.76	79.13	74.58	70.42	66.36	62.44	58.58	54.99	51.56	48.17	45.09	42.62	40.16	37.86	35.66	33.84	32.29	30.99	30.17	29.48	29.00	
101.00	94.03	87.22	80.59	74.45	68.86	63.53	58.43	54.17	50.48	47.09	43.99	41.04	38.61	36.26	34.12	32.17	30.42	29.89	29.43	29.16	29.00	
102.00	96.23	90.69	85.88	81.08	76.36	71.77	67.28	63.16	59.26	55.67	52.13	49.08	46.26	43.54	41.03	38.57	36.33	34.33	32.83	31.46	30.38	30.00	
112.00	105.75	99.53	93.40	87.76	82.13	76.54	71.19	66.06	61.18	56.89	52.72	48.66	45.15	41.75	38.51	36.08	33.87	32.72	32.28	32.00	
105.00	97.51	90.29	83.12	75.97	70.23	64.55	59.63	54.80	50.12	47.26	44.89	42.52	40.21	38.20	36.26	34.44	32.84	31.50	30.52	30.00	
121.00	112.81	104.65	96.91	89.45	82.47	75.64	69.19	64.00	59.69	55.53	52.24	48.96	45.80	43.00	40.21	37.55	35.62	33.94	33.21	33.00	
114.00	105.61	98.63	91.88	85.20	78.99	73.38	67.92	62.57	57.62	53.14	48.78	44.69	41.61	38.65	36.58	34.73	32.89	31.26	30.27	29.36	29.11	29.00	
109.00	101.31	94.63	88.63	83.11	77.77	72.78	67.90	63.11	58.57	54.22	50.00	46.23	42.57	39.80	37.64	36.18	34.89	33.72	33.26	33.04	33.00	
115.00	107.71	101.07	95.36	89.82	84.83	79.86	74.94	70.13	65.44	60.90	56.44	52.41	48.61	45.18	42.05	39.07	37.08	35.37	33.97	33.18	33.04	33.00	
116.00	108.77	101.64	94.63	87.73	81.64	76.04	70.67	66.14	61.86	57.62	53.41	49.63	46.18	42.84	40.08	37.65	35.62	34.21	33.41	33.15	33.01	33.00	
123.00	116.10	109.41	103.00	96.76	90.72	84.69	78.98	73.44	67.90	62.60	57.66	52.80	48.10	43.59	39.42	36.03	32.71	31.01	29.61	28.91	28.34	28.11	28.00	
113.00	106.52	100.08	94.16	88.38	82.94	77.73	72.67	67.61	62.63	57.86	53.29	48.89	44.65	40.62	38.00	36.06	34.81	33.61	32.69	32.00	
102.00	95.59	89.26	82.97	77.53	72.36	67.52	62.84	58.59	54.69	51.06	47.59	44.65	41.96	39.46	37.17	34.94	33.40	31.93	30.90	29.89	29.17	29.00	
123.00	114.85	107.12	99.91	92.80	85.97	79.18	73.12	67.83	62.82	57.90	53.85	50.04	46.24	43.01	40.06	37.30	34.55	33.22	32.41	31.67	31.09	31.03	31.00	
107.00	98.89	91.45	84.17	77.79	71.94	66.26	61.01	55.90	51.06	47.44	44.26	41.17	38.73	36.54	34.58	32.71	31.18	29.70	28.34	28.05	28.00	
108.00	101.61	95.23	88.92	82.95	77.00	71.14	66.12	61.23	56.51	51.94	48.57	45.30	42.37	39.85	37.49	35.26	33.51	32.28	31.08	30.24	30.00	
113.00	106.17	99.86	93.82	88.25	83.05	77.93	72.96	68.51	64.10	60.01	56.42	53.28	50.16	47.10	44.35	41.92	39.49	37.13	34.77	32.90	31.29	31.11	31.00	
116.00	108.11	101.45	94.94	88.62	82.60	76.90	71.30	65.84	60.79	55.82	51.30	47.58	43.90	40.42	37.64	35.41	33.21	32.42	31.88	31.36	31.10	31.00	
111.00	103.72	96.63	89.87	83.32	76.77	70.59	64.49	58.60	54.09	50.00	46.25	43.31	40.63	38.33	36.31	34.58	33.01	31.56	30.19	29.69	29.38	29.16	29.00	
105.00	99.11	93.29	87.69	82.22	77.23	72.24	67.27	62.51	57.93	53.43	49.10	45.15	41.62	38.25	36.28	34.51	32.76	31.26	29.82	28.45	28.00	
106.00	99.38	93.15	86.95	81.31	75.75	70.62	65.53	60.58	56.02	51.77	47.85	44.02	40.48	37.64	35.18	33.26	31.51	30.28	29.52	29.15	29.00	
110.00	103.14	96.28	89.42	82.66	76.87	71.24	65.71	60.51	55.56	51.32	47.56	44.09	40.68	37.77	34.96	32.62	30.62	29.74	29.25	29.05	29.01	29.00	
118.00	111.14	104.57	98.78	93.16	88.06	83.02	77.98	73.07	68.20	63.41	58.67	54.04	49.84	45.99	42.33	38.99	36.62	34.30	32.03	30.10	29.13	28.39	28.00	
105.00	97.58	90.44	83.33	77.01	70.88	65.62	60.41	55.93	51.72	47.95	44.33	41.06	37.85	35.55	33.29	31.63	30.69	30.35	30.17	30.00	
111.00	103.09	95.89	89.05	82.31	75.86	69.58	63.54	57.56	51.77	46.34	42.92	39.87	37.43	35.17	33.16	31.16	29.68	28.68	28.03	28.00	
120.00	112.03	105.22	98.51	91.88	85.39	79.82	74.28	68.75	63.51	58.38	53.93	49.63	46.11	42.91	39.80	36.91	34.44	32.05	30.32	29.41	28.62	28.00	
108.00	101.05	94.22	87.58	81.45	75.79	70.67	66.04	61.61	57.31	53.29	49.48	46.47	43.53	41.13	38.97	37.65	36.42	35.37	34.39	33.82	33.29	33.00	
115.00	108.10	101.28	94.49	87.85	81.36	75.55	70.05	64.89	59.78	54.88	50.78	47.14	43.97	41.43	38.91	36.45	34.56	33.25	32.43	31.87	31.36	31.00	
111.00	103.76	97.53	91.72	86.19	80.77	75.69	71.31	66.96	62.87	59.32	55.87	52.75	49.88	47.04	44.50	42.21	39.95	37.72	35.93	34.35	32.95	32.32	32.00	
112.00	103.71	96.24	89.15	82.69	76.75	70.84	65.23	59.89	54.58	49.32	44.58	39.95	36.82	34.96	33.27	31.69	30.50	29.71	29.15	29.00	
103.00	97.47	92.23	87.03	81.89	76.93	71.99	67.19	62.40	57.85	53.33	49.19	45.16	41.48	37.90	34.58	33.34	32.13	31.12	30.63	30.31	30.06	30.00	
106.00	99.44	92.97	86.66	80.71	75.60	70.75	65.96	61.31	56.99	52.71	48.44	44.22	40.19	36.93	34.28	32.23	30.36	29.69	29.14	28.72	28.30	28.00	
117.00	108.41	99.83	91.81	84.00	76.53	69.45	62.79	56.72	51.21	47.07	44.13	41.41	39.19	36.99	35.27	33.63	32.05	30.64	29.28	28.63	28.18	28.01	28.00	
102.00	95.63	89.67	84.19	78.77	73.53	68.30	64.31	60.67	57.10	53.64	50.33	47.72	45.40	43.36	41.36	39.74	38.19	36.81	35.50	34.53	33.83	33.38	33.00	
117.00	107.57	98.58	89.98	82.67	75.48	70.07	64.85	59.88	55.07	50.74	46.53	42.89	40.32	38.07	35.88	34.29	32.78	32.04	31.62	31.27	31.00	
117.00	106.83	96.66	88.00	79.55	72.09	65.32	60.67	56.32	52.26	48.83	45.44	42.16	38.97	36.58	34.91	33.39	32.06	30.80	29.93	29.26	28.75	28.28	28.00	
116.00	108.45	101.16	94.07	87.13	80.24	73.87	68.06	62.98	57.99	53.54	49.65	46.13	42.65	40.01	37.41	35.06	33.93	33.02	32.42	32.25	32.11	32.00	
115.00	108.80	102.84	96.92	91.08	86.13	81.29	76.48	71.74	67.22	63.25	59.34	55.53	51.73	47.93	44.28	41.02	37.77	35.26	33.55	32.20	32.00	
103.00	96.92	90.93	85.07	79.62	75.24	71.18	67.46	63.80	60.13	56.56	53.18	49.88	46.71	44.00	41.30	38.64	36.39	34.30	32.41	30.86	30.00	
116.00	107.85	100.14	92.92	85.82	78.86	72.27	66.26	60.90	55.94	52.34	49.05	45.78	42.57	39.71	37.05	35.28	33.99	33.09	32.39	31.71	31.33	31.09	31.00	
109.00	100.70	92.63	85.48	78.33	71.50	65.87	60.38	55.96	52.25	48.63	45.49	42.40	39.48	37.73	36.06	34.40	32.77	31.34	30.27	29.26	29.00	
110.00	103.15	96.41	89.80	83.32	76.92	70.84	64.79	59.69	54.70	49.76	45.64	41.80	38.57	35.99	33.43	31.44	30.04	29.12	28.35	28.00	
105.00	96.98	89.28	84.02	78.80	73.88	69.49	65.23	61.56	58.42	55.34	52.32	49.55	46.77	44.41	42.14	40.02	38.33	36.90	35.64	34.38	33.26	33.07	33.00	
114.00	105.95	97.92	90.95	84.71	78.84	73.25	68.11	63.03	58.07	53.88	49.85	45.87	42.27	39.36	36.73	34.52	32.48	30.65	29.83	29.06	28.40	28.14	28.00	
117.00	109.77	102.59	95.93	89.30	83.92	78.72	74.00	69.50	65.04	60.58	56.45	52.48	48.85	45.37	42.03	39.36	37.12	35.02	32.98	30.96	29.04	28.20	28.00	
120.00	113.65	107.45	101.35	95.53	89.91	84.52	79.24	74.78	70.32	65.90	61.63	57.38	53.56	49.83	46.65	43.82	41.29	38.79	36.69	34.90	33.15	32.00	
120.00	112.27	104.71	97.18	90.08	83.22	76.79	71.29	66.19	61.19	57.39	54.28	51.22	48.32	45.44	42.84	40.24	38.09	36.05	34.04	32.54	31.63	31.00	
114.00	106.90	100.01	93.16	86.32	80.54	74.89	69.68	64.52	60.08	55.72	51.84	48.36	45.09	41.94	38.99	36.67	34.45	32.70	30.97	29.46	28.30	28.05	28.00	
114.00	108.40	102.97	97.61	92.26	86.94	81.76	76.77	71.81	67.04	62.72	58.81	55.53	52.38	49.75	47.13	44.53	42.14	39.83	37.71	35.66	33.91	32.48	32.00	
110.00	102.28	94.64	87.13	80.39	74.29	68.45	63.07	58.08	53.49	48.98	45.27	41.70	38.75	36.39	34.07	32.13	30.41	29.14	28.54	28.18	28.00	
115.00	107.89	101.15	94.63	88.30	82.64	77.11	71.81	66.69	61.78	56.88	52.80	49.30	45.80	43.03	40.60	38.46	36.36	34.48	33.11	32.24	32.00	
101.00	93.80	86.95	80.88	75.25	69.75	65.02	60.55	56.47	52.50	48.82	45.40	42.31	39.75	37.32	35.40	33.95	32.71	31.56	30.76	29.96	29.19	29.00	
106.00	98.70	91.53	84.76	78.14	72.09	66.43	61.52	56.91	52.40	48.07	43.90	39.97	37.19	35.42	33.70	32.09	30.70	29.32	28.76	28.21	28.00	
107.00	98.42	90.12	82.63	75.65	69.10	63.65	59.29	55.21	51.18	47.63	44.89	42.62	40.49	38.59	37.22	35.91	34.64	33.63	32.75	31.87	31.00	
120.00	112.14	104.67	98.09	91.85	85.82	79.91	74.07	68.49	63.70	59.12	54.67	50.42	46.67	44.45	42.24	40.04	38.02	36.23	34.92	33.70	33.18	33.08	33.00	
103.00	96.03	89.22	82.73	77.49	72.27	67.13	62.01	57.18	53.47	49.80	46.41	43.66	41.08	38.80	36.98	35.28	33.65	32.14	30.75	30.30	30.10	30.00	
106.00	99.58	93.75	88.11	82.51	77.63	73.10	68.78	64.60	60.45	56.42	52.43	48.48	45.57	42.74	40.34	38.01	35.92	33.92	32.58	31.42	30.39	29.69	29.00	
113.00	104.27	96.79	89.86	84.22	78.97	73.81	68.79	64.26	59.74	55.60	51.48	47.67	43.96	40.25	38.26	36.30	34.86	33.84	32.98	32.39	32.00	
106.00	100.05	94.61	89.36	84.16	79.07	74.01	69.15	64.43	60.00	55.82	52.00	48.34	44.69	41.47	38.77	36.22	35.07	34.23	33.53	33.00	
106.00	100.07	94.23	88.43	82.86	78.04	73.41	68.87	64.73	60.70	56.80	53.38	50.11	46.94	43.81	40.88	38.74	36.65	35.38	34.37	33.46	33.00	
110.00	102.74	96.20	90.13	84.89	79.65	74.72	69.88	65.59	61.38	57.46	53.70	50.05	46.56	43.13	40.24	37.77	35.63	33.65	31.70	30.88	30.08	29.48	29.00	
123.00	115.09	107.86	100.69	93.98	87.83	82.46	77.24	72.13	67.26	62.47	58.01	53.54	49.10	44.99	41.45	37.94	35.00	32.34	31.36	31.00	
122.00	113.52	105.31	97.96	91.00	84.83	78.79	72.96	67.34	61.76	56.55	51.97	47.58	43.79	41.29	39.02	36.77	34.60	32.49	31.03	29.81	29.18	29.00	
113.00	105.34	98.25	91.51	85.14	78.94	72.83	66.94	61.33	56.20	51.76	47.89	44.29	40.76	38.35	36.11	34.24	33.06	32.27	31.63	31.00	
121.00	114.14	107.54	101.01	94.57	88.30	82.03	75.89	70.55	65.30	60.22	55.32	51.33	47.87	44.60	41.52	38.45	35.81	34.33	33.60	33.00	
113.00	106.79	100.75	94.78	88.92	83.18	77.49	72.06	67.33	62.76	58.41	54.44	50.52	46.79	43.35	40.48	37.82	35.22	32.75	31.01	30.40	30.16	30.00	
112.00	103.90	96.22	89.41	82.90	77.23	71.80	67.05	62.57	58.16	54.26	50.43	46.67	43.53	40.80	38.27	36.68	35.32	34.07	33.10	33.00	
112.00	105.31	98.74	92.19	85.83	80.16	75.33	70.54	65.94	61.39	57.03	52.76	48.52	44.48	40.78	37.27	34.77	32.37	30.69	30.04	30.01	30.00	
107.00	99.90	92.88	86.78	80.89	75.02	69.33	64.27	59.27	55.05	50.96	47.04	43.87	41.39	39.34	37.50	35.91	34.33	32.94	32.04	31.62	31.23	31.00	
118.00	110.97	104.06	97.39	90.90	84.64	78.98	73.39	67.91	62.99	58.21	53.65	49.68	46.08	43.25	40.49	37.98	36.39	35.29	34.28	33.31	32.45	31.70	31.00	
104.00	96.82	89.86	83.47	77.12	71.32	65.99	60.83	56.16	52.22	48.35	45.06	41.99	39.48	37.15	34.91	33.10	31.93	30.79	29.81	29.41	29.20	29.07	29.00	
121.00	112.05	103.64	95.56	87.68	80.29	72.93	66.33	60.37	54.50	49.98	45.70	43.12	40.89	38.67	36.98	35.39	33.85	32.51	32.10	32.00	
110.00	102.44	95.79	89.25	82.88	77.48	72.34	68.17	64.06	60.14	56.27	52.71	49.26	45.95	42.77	39.60	36.82	34.45	32.56	30.87	30.22	30.00	
120.00	111.09	102.21	94.30	87.05	79.84	73.28	66.80	60.86	55.29	49.86	45.77	41.82	39.03	36.70	34.70	33.34	32.01	31.54	31.08	31.00	
102.00	96.32	91.20	86.23	81.37	76.59	72.04	67.58	63.44	59.45	55.48	51.81	48.56	45.51	42.55	39.83	37.78	36.13	34.77	33.57	32.50	32.23	32.06	32.00	
123.00	114.30	106.16	98.14	90.36	82.99	76.28	70.67	65.08	60.62	56.39	52.41	48.48	45.36	42.30	39.81	37.46	35.47	33.67	31.95	30.62	30.21	30.00	
109.00	102.04	95.54	89.11	82.81	76.67	70.77	65.55	60.60	55.88	51.92	48.72	45.54	42.76	40.09	37.67	35.26	33.34	31.71	30.65	30.00	
111.00	102.11	93.87	85.70	78.21	71.85	65.82	59.98	55.89	51.91	48.30	45.03	41.79	38.80	36.10	34.44	33.05	31.91	30.77	29.86	29.00	
101.00	91.80	84.74	77.91	71.11	65.82	60.57	55.51	50.95	46.46	43.07	40.22	37.50	35.18	33.44	32.36	31.72	31.09	30.71	30.34	30.00	
121.00	113.91	107.09	100.48	94.07	87.66	81.27	75.29	69.66	64.16	59.26	54.85	51.34	47.82	44.48	41.38	38.67	36.34	34.35	32.44	32.00	
105.00	98.64	92.48	86.93	81.41	76.16	70.96	65.97	61.23	56.90	52.98	49.22	45.93	42.90	39.93	37.27	35.19	33.12	31.31	29.72	28.84	28.27	28.08	28.00	
115.00	106.87	98.74	90.80	83.29	77.07	71.32	65.61	60.46	55.35	50.45	46.15	43.43	40.96	38.70	36.50	35.25	34.12	33.10	32.25	32.02	32.00	
106.00	100.44	94.88	89.36	84.18	79.25	74.47	69.81	65.25	60.86	57.05	53.44	49.98	46.73	43.83	41.07	38.79	36.60	34.86	33.12	31.92	31.09	31.00	
119.00	109.10	99.62	90.16	82.43	76.11	70.26	65.56	61.20	56.90	52.63	48.53	44.54	41.29	38.09	34.93	32.94	31.04	29.88	28.90	28.00	
113.00	105.59	99.02	92.86	86.70	81.03	75.56	70.50	65.92	61.36	56.97	53.32	49.74	46.26	42.89	40.16	37.55	34.95	33.16	32.51	32.15	32.00	
122.00	113.42	106.34	100.13	94.40	88.74	83.10	77.68	72.26	66.89	61.63	56.44	52.00	48.34	44.74	41.16	37.78	34.79	31.94	30.25	29.23	29.00	
123.00	115.29	107.60	100.01	92.47	85.22	78.40	72.13	65.96	60.24	54.95	50.34	46.32	43.82	41.39	39.33	37.30	35.50	34.00	32.63	31.28	30.60	30.00	
112.00	104.67	97.37	90.86	84.35	78.15	72.55	66.97	61.92	57.63	53.66	49.80	46.04	42.27	39.83	37.61	35.41	34.01	32.64	31.61	30.62	29.62	29.00	
115.00	108.01	101.09	94.57	88.32	82.44	77.22	72.05	66.95	62.20	57.91	53.83	49.97	46.30	42.64	39.28	36.14	34.13	32.34	30.73	29.50	28.39	28.00	
109.00	101.08	93.17	85.53	78.96	72.96	67.18	61.84	56.77	51.99	47.41	43.87	40.59	38.13	36.07	34.24	32.48	31.32	30.17	29.17	28.65	28.26	28.01	28.00	
116.00	108.40	102.04	95.70	89.52	83.43	77.43	71.70	66.11	60.56	55.25	50.36	46.25	43.38	40.84	38.41	36.27	34.94	33.77	32.67	32.20	32.00	
104.00	97.24	90.60	84.65	78.81	73.35	68.10	63.65	59.36	55.48	51.72	48.06	44.46	41.32	38.46	36.22	34.40	33.08	32.42	32.06	32.00	
104.00	98.09	92.27	86.44	81.09	75.93	71.04	66.35	61.98	57.78	53.67	50.33	47.30	44.59	41.94	39.65	37.41	35.67	34.16	32.93	32.26	31.65	31.15	31.00	
102.00	95.48	89.19	83.18	77.25	71.82	66.44	61.10	55.83	50.69	45.66	41.84	38.73	36.32	34.50	32.95	31.63	30.34	29.73	29.37	29.04	29.00	
121.00	114.10	107.88	101.74	95.77	89.99	84.53	79.09	73.75	68.85	64.19	59.58	55.09	50.65	46.44	43.13	39.96	37.64	35.55	33.57	31.65	30.10	29.08	29.00	
101.00	94.59	88.75	83.62	78.99	74.38	69.77	65.31	61.06	56.92	53.11	49.37	45.99	42.65	39.62	37.24	34.97	32.87	31.13	30.30	29.56	28.87	28.19	28.00	
118.00	107.17	97.14	88.89	82.11	75.73	69.82	64.30	59.16	54.13	49.66	45.60	42.29	40.46	38.74	37.25	35.92	34.58	33.49	32.51	32.04	32.00	
102.00	95.60	89.46	83.38	77.46	72.04	66.65	61.67	56.94	52.60	48.89	45.19	41.75	39.26	37.28	35.53	34.04	32.61	31.24	30.00	29.05	28.24	28.03	28.00	
113.00	106.48	100.09	93.82	87.65	81.54	75.77	70.23	64.74	59.52	55.18	51.17	47.29	44.31	41.44	39.04	36.86	34.73	32.98	31.34	30.14	29.01	28.24	28.00	
123.00	115.07	107.16	99.74	92.76	85.90	79.20	72.96	67.45	62.27	57.18	52.60	48.87	45.69	42.54	40.09	37.71	36.09	34.52	33.46	32.61	32.01	32.00	
123.00	114.41	106.72	99.09	91.49	84.33	78.35	73.53	68.81	64.12	59.50	55.54	52.29	49.25	46.21	43.43	40.94	38.52	36.30	34.30	32.87	32.00	
115.00	106.94	99.69	92.55	85.50	79.00	72.50	66.33	60.30	54.29	49.87	45.70	42.09	39.05	37.47	36.18	34.94	33.72	32.91	32.24	31.71	31.34	31.00	
105.00	97.41	90.25	83.14	76.06	69.39	63.24	58.04	53.04	48.37	44.67	41.28	38.56	36.11	34.32	32.79	31.52	30.51	29.90	29.42	29.09	29.00	
110.00	102.70	95.71	88.91	82.59	77.13	71.97	66.89	61.90	56.93	52.33	48.54	45.04	41.82	39.28	36.79	34.36	32.87	31.69	30.59	29.61	29.11	29.00	
105.00	98.37	91.80	85.60	79.65	73.94	68.41	63.64	59.05	54.99	50.94	47.12	43.39	39.75	36.30	34.03	31.98	31.19	30.46	30.11	30.00	
104.00	95.13	87.50	81.25	75.56	70.48	65.71	61.23	57.06	53.31	49.69	46.37	43.36	40.91	38.49	36.82	35.68	34.60	33.80	33.13	32.48	32.00	
117.00	110.47	104.14	98.05	92.31	86.72	81.28	76.16	71.18	66.68	62.44	58.37	54.55	50.87	47.56	44.67	41.84	39.21	37.01	34.82	33.21	33.00	
110.00	102.66	95.34	88.51	82.01	75.90	70.23	65.02	59.92	55.59	51.42	47.39	43.70	40.79	38.22	36.19	34.26	32.65	31.24	29.93	28.95	28.24	28.00	
114.00	105.34	97.36	90.16	83.20	76.57	70.80	65.13	60.38	55.78	52.31	48.90	45.76	43.03	40.56	38.15	36.43	34.79	33.44	32.39	31.78	31.41	31.11	31.00	
103.00	94.82	87.12	80.01	73.37	66.95	61.04	55.74	51.49	47.78	44.21	40.74	38.12	36.57	35.35	34.13	33.05	32.21	31.61	31.24	31.00	
119.00	111.57	104.49	97.98	91.53	85.49	79.61	74.03	68.53	63.23	58.07	53.80	49.72	45.67	42.04	38.61	36.31	35.29	34.39	33.74	33.20	33.00	
116.00	105.44	96.26	87.28	78.50	70.79	64.48	59.26	54.14	49.30	44.82	40.67	37.50	35.37	33.29	31.42	30.40	29.40	28.76	28.22	28.00	
120.00	111.98	104.04	96.44	89.36	83.47	77.85	72.57	67.95	63.47	59.30	55.43	52.32	49.25	46.30	43.44	40.86	38.32	36.42	34.59	33.66	33.00	32.45	32.00	
119.00	111.93	104.95	97.99	91.37	85.16	79.31	73.89	68.51	64.23	59.99	55.98	52.21	48.69	45.75	43.29	40.84	38.57	36.46	35.05	33.67	32.79	32.00	
103.00	97.21	91.51	86.01	80.68	75.72	70.95	67.19	63.75	60.53	57.33	54.21	51.52	48.83	46.44	44.16	41.96	40.03	38.15	36.63	35.13	33.67	32.55	32.00	
120.00	111.11	102.53	95.30	88.36	82.09	76.99	71.96	67.07	62.53	58.35	54.22	51.20	48.21	45.52	43.39	41.29	39.43	37.66	35.97	34.56	33.76	33.00	
102.00	95.62	89.45	83.46	78.43	73.48	69.51	65.59	62.00	58.44	55.11	52.07	49.15	46.28	43.85	41.58	39.33	37.13	35.38	33.81	32.35	30.93	29.77	29.00	
110.00	103.05	96.75	90.59	84.69	78.82	73.25	68.16	63.14	58.15	53.19	48.31	44.54	41.55	38.70	36.20	33.88	31.80	29.85	28.31	28.00	
117.00	108.14	99.92	92.40	85.60	79.00	72.60	66.24	60.24	55.53	51.19	47.91	44.77	42.07	39.56	37.55	35.70	34.09	32.67	31.28	30.07	29.29	28.58	28.00	
110.00	102.18	94.59	87.12	80.03	73.25	66.87	60.97	55.74	50.59	45.77	40.95	37.28	34.01	31.83	30.22	29.20	28.30	28.14	28.01	28.00	
103.00	96.53	90.40	84.57	78.96	73.39	67.90	63.49	59.57	56.09	52.85	49.67	46.55	43.94	41.58	39.31	37.55	36.30	35.08	34.32	33.60	33.00	
119.00	111.21	103.77	97.12	90.96	85.06	79.20	73.81	68.91	64.14	60.14	56.36	52.73	49.43	46.13	43.08	40.52	38.06	35.60	33.96	32.76	32.13	31.55	31.00	
105.00	96.71	89.00	81.56	74.92	68.57	63.49	58.92	55.00	51.51	48.18	45.39	42.92	40.73	38.56	36.70	35.38	34.20	33.02	32.31	31.64	31.00	
103.00	97.62	92.53	87.83	83.22	78.73	74.48	70.25	66.09	62.00	57.99	53.98	50.08	46.23	42.63	39.17	36.51	34.59	33.08	31.65	30.59	29.56	28.61	28.00	
101.00	94.12	88.00	82.14	76.35	71.05	65.96	61.26	56.60	52.51	48.56	45.01	41.60	38.49	35.69	34.37	33.09	31.90	31.25	31.12	31.00	
112.00	103.27	95.08	87.62	81.39	75.20	69.16	63.22	58.21	53.24	48.27	44.06	40.56	38.21	36.43	35.10	33.88	32.82	31.90	31.23	31.00	
114.00	107.76	101.75	95.76	90.13	84.53	79.13	73.89	68.89	64.40	59.93	56.01	52.16	48.59	45.08	42.07	39.12	36.23	33.93	31.64	29.54	28.91	28.34	28.00	
123.00	116.87	110.74	104.68	98.71	92.78	87.27	81.77	76.74	71.72	66.75	61.83	56.96	52.34	48.00	44.15	40.65	37.98	35.80	34.60	33.44	32.59	32.18	32.00	
110.00	103.30	97.49	91.85	86.27	80.85	75.48	70.19	65.03	60.61	56.30	51.99	48.35	45.16	42.13	39.37	36.60	34.75	33.17	32.08	31.00	
113.00	105.06	97.30	89.81	82.52	76.45	70.57	65.33	60.87	56.48	52.11	48.43	45.46	42.57	40.01	37.79	36.01	34.51	33.05	32.08	31.24	30.45	30.00	
122.00	113.41	105.61	98.09	91.02	84.01	77.84	71.86	66.08	60.59	55.45	50.59	45.92	42.80	39.95	37.48	35.27	33.36	32.38	31.56	31.00	
111.00	104.15	97.35	90.60	84.41	79.54	74.74	70.13	65.89	61.69	57.54	53.69	50.37	47.10	43.85	40.93	38.27	36.20	34.14	32.48	31.11	30.04	29.11	29.00	
114.00	105.91	98.61	91.64	85.11	78.68	73.38	69.12	64.98	60.97	57.45	53.93	50.46	47.96	45.59	43.26	40.95	38.86	36.80	35.32	34.31	33.47	33.06	33.00	
111.00	104.64	98.55	93.16	87.78	82.43	77.37	72.40	67.55	63.38	59.48	55.58	51.71	47.91	44.49	41.09	37.85	34.97	32.27	30.37	29.03	29.00	
118.00	108.90	101.54	94.57	88.29	82.54	77.24	72.41	67.61	63.75	59.93	56.14	52.34	48.68	45.08	42.36	39.76	37.17	34.86	32.56	30.43	29.81	29.21	29.00	
102.00	95.62	89.64	83.71	78.26	73.17	68.14	63.32	58.82	54.63	50.50	46.56	42.75	39.55	37.04	35.25	33.67	32.27	31.02	29.98	29.00	
117.00	109.56	102.53	95.65	89.75	84.18	78.72	73.35	68.05	63.35	58.66	54.15	49.68	45.22	41.39	37.78	34.65	32.17	29.83	29.11	29.00	
104.00	97.63	91.30	85.27	79.31	73.57	67.83	63.26	58.70	54.45	50.28	46.30	43.24	40.57	38.34	36.13	34.03	32.48	31.27	30.18	29.61	29.23	29.10	29.00	
109.00	102.71	96.63	90.62	84.95	79.46	74.10	69.10	64.54	60.35	56.42	53.24	50.34	47.74	45.19	42.68	40.41	38.36	36.69	35.19	34.08	32.97	32.00	
101.00	95.30	89.80	84.38	79.38	74.53	69.77	65.13	60.68	56.51	52.44	48.57	44.75	41.88	39.10	36.73	34.53	32.70	31.36	30.32	29.69	29.25	29.00	
105.00	98.13	91.47	85.70	80.20	75.20	70.55	66.33	62.18	58.09	54.08	50.31	46.65	43.43	40.22	37.24	35.26	33.51	31.81	31.17	31.00	
102.00	97.02	92.15	87.33	82.53	78.24	73.97	69.74	65.76	61.82	57.98	54.45	50.94	47.92	45.01	42.15	39.28	36.70	34.47	33.55	32.95	32.47	32.19	32.00	
118.00	111.09	104.50	98.11	91.95	85.81	80.09	74.92	69.89	64.91	60.04	55.26	51.25	47.49	44.11	41.14	38.69	36.91	35.21	33.94	32.78	31.89	31.20	31.00	
120.00	111.91	104.21	96.55	89.07	82.38	76.17	70.38	65.23	60.24	55.33	51.08	46.93	43.04	39.22	36.35	33.89	32.13	30.65	29.40	29.00	
110.00	101.44	93.85	86.57	79.32	73.10	67.18	61.60	56.50	52.05	47.91	44.18	40.85	38.09	35.57	33.80	32.08	30.65	29.40	28.38	28.00	
117.00	110.36	103.87	97.46	91.12	85.21	79.53	73.98	68.49	63.44	58.76	54.16	49.57	45.36	41.31	37.76	34.93	32.65	31.00	29.59	28.61	28.00	
118.00	109.81	101.67	93.62	85.93	79.68	74.26	68.96	64.21	59.46	54.82	50.30	46.47	42.85	39.58	36.75	35.51	34.67	34.07	33.68	33.33	33.00	
109.00	102.26	96.01	90.00	84.23	78.89	73.62	68.36	63.13	58.57	54.28	50.17	46.55	43.10	40.02	36.98	34.08	31.22	28.91	28.39	28.06	28.00	
122.00	113.45	105.40	97.51	90.79	84.28	77.96	72.67	67.61	62.57	58.05	53.64	49.50	45.56	41.95	38.64	35.86	33.13	30.86	30.37	30.00	
114.00	106.91	100.18	93.80	87.61	81.44	75.56	70.39	65.80	61.33	57.26	53.82	50.69	47.58	44.88	42.73	40.68	38.84	37.24	35.68	34.14	32.73	31.70	31.00	
105.00	98.99	93.14	87.68	82.32	76.98	71.69	67.05	62.66	58.45	54.26	50.40	46.87	43.56	40.41	37.90	36.09	34.64	33.21	31.99	30.78	29.71	29.00	
115.00	108.43	102.08	95.84	89.77	84.45	79.16	73.91	68.67	63.65	59.08	54.55	50.67	46.94	43.43	40.17	37.51	35.15	33.24	32.51	32.13	32.00	
106.00	99.90	93.85	88.41	83.05	77.92	72.97	68.03	63.60	59.38	55.50	51.86	48.26	45.58	43.03	40.47	38.49	36.60	35.19	33.82	33.37	33.15	33.07	33.00	
104.00	97.77	91.89	86.14	80.48	75.21	70.10	65.56	61.24	57.54	54.11	50.88	47.84	45.38	42.94	40.64	38.51	36.67	35.27	34.05	32.88	32.00	31.44	31.00	
109.00	101.18	93.43	86.07	79.20	73.94	69.07	64.21	59.70	55.72	51.75	49.09	46.54	44.02	41.51	39.09	36.83	35.04	33.55	32.09	30.97	30.00	
117.00	106.55	98.25	90.26	83.72	77.29	71.05	65.61	60.21	54.89	50.43	46.59	43.35	40.72	38.45	36.41	34.77	33.44	32.28	31.22	31.09	31.00	
108.00	101.15	94.77	88.58	82.81	77.14	71.79	67.10	62.61	58.57	54.78	51.25	47.76	45.20	42.71	40.27	38.11	36.15	34.37	32.99	31.77	30.79	30.15	30.00	
118.00	111.07	104.19	97.59	91.12	84.73	78.68	72.74	67.45	62.52	58.23	54.51	50.89	47.74	44.88	42.07	39.33	36.79	35.30	33.89	32.63	31.83	31.36	31.00	
115.00	107.81	100.75	94.48	88.29	82.15	76.39	70.90	65.90	61.05	56.30	51.81	48.07	44.91	41.84	39.38	37.00	34.96	33.41	31.90	30.46	29.40	29.03	29.00	
110.00	103.15	96.60	90.24	84.26	79.17	74.40	69.82	65.36	61.26	57.39	53.69	50.51	47.49	44.79	42.43	40.15	37.94	35.76	34.45	33.63	33.00	
107.00	99.75	93.48	87.24	81.29	75.58	69.92	64.88	59.92	55.66	51.56	48.00	44.48	41.24	38.42	35.85	34.39	33.25	32.60	32.24	32.08	32.00	
104.00	97.82	91.89	86.24	80.71	75.30	70.24	65.36	61.08	57.36	54.16	50.98	47.97	45.23	42.61	40.04	37.58	35.18	33.74	32.54	31.48	30.51	29.72	29.00	
103.00	97.61	92.41	87.28	82.32	77.65	73.06	68.65	64.30	60.09	55.95	51.93	48.26	44.68	41.25	38.03	35.16	33.27	31.71	30.51	29.41	29.00	
106.00	99.69	93.50	87.42	81.63	76.17	71.10	66.08	61.18	56.57	52.69	48.86	45.03	42.29	40.23	38.42	36.75	35.29	34.42	33.65	33.00	
118.00	109.45	101.98	94.84	87.77	81.25	75.63	71.03	66.51	62.05	57.63	53.43	49.52	45.98	42.91	39.93	37.14	34.73	32.65	31.50	31.23	31.07	31.00	
113.00	105.14	97.57	90.31	83.83	77.81	71.79	66.14	60.70	55.50	50.89	47.13	43.77	40.85	38.26	35.71	33.67	31.66	30.36	30.10	30.05	30.00	
122.00	113.86	105.79	98.00	90.60	83.42	76.63	70.75	64.91	59.41	55.00	50.64	46.37	42.53	39.02	35.86	33.55	31.51	30.42	29.34	29.00	
108.00	101.31	94.75	88.29	82.39	76.62	71.01	65.93	61.30	56.96	53.49	50.23	47.03	43.99	41.19	38.68	36.40	34.29	32.40	30.69	29.25	28.47	28.13	28.00	
104.00	95.43	87.45	82.07	76.97	72.17	67.83	64.28	60.93	57.60	54.35	51.15	48.06	45.00	42.38	39.83	37.80	36.27	34.79	33.55	32.58	32.00	
120.00	113.27	106.94	100.65	94.50	88.53	82.81	77.80	72.83	67.93	63.21	58.60	54.38	50.83	47.55	44.52	41.81	39.25	37.19	35.27	33.45	33.02	33.00	
106.00	99.41	93.35	87.72	82.49	77.31	72.14	67.41	62.89	58.47	54.09	50.01	46.08	42.18	38.35	34.73	32.13	30.47	29.33	28.60	28.00	
106.00	98.93	92.03	85.45	79.43	73.73	68.16	62.91	57.66	52.44	48.09	44.54	41.69	39.26	37.43	35.97	34.59	33.57	32.56	31.66	30.81	30.00	
107.00	99.95	93.49	87.10	81.09	75.46	69.90	64.91	60.73	56.72	52.88	49.13	45.43	42.25	39.13	36.06	33.88	31.73	30.08	28.46	28.12	28.00	
116.00	106.14	98.12	90.99	84.02	77.07	70.88	65.56	60.64	55.73	51.42	47.15	43.39	39.97	37.40	35.21	33.27	31.61	30.45	29.90	29.36	29.01	29.00	
122.00	113.36	105.19	98.33	91.89	85.53	79.86	74.21	69.01	64.28	59.59	55.01	50.48	46.13	42.17	38.26	35.66	33.17	31.29	30.21	30.00	
123.00	113.37	104.00	95.50	87.15	79.52	72.66	66.28	60.01	53.90	49.25	45.27	41.37	38.34	35.59	33.03	31.41	30.39	29.49	28.83	28.17	28.00	
112.00	103.74	96.74	90.29	84.04	78.07	72.38	67.60	63.05	59.07	55.09	51.23	47.61	44.15	40.72	37.34	34.30	32.94	31.67	30.46	29.63	29.08	29.00	
121.00	112.21	103.49	95.13	87.81	80.59	73.42	66.70	62.65	58.96	55.31	52.01	49.17	46.43	43.70	41.44	39.32	37.21	35.14	33.15	31.31	30.00	
110.00	102.41	94.86	87.31	79.94	72.68	65.83	60.71	56.82	53.26	50.09	47.02	44.21	42.36	40.51	38.69	37.05	35.70	34.47	33.46	33.20	33.06	33.00	
109.00	101.72	94.96	88.71	82.57	76.56	71.64	66.73	62.31	58.08	54.11	50.71	47.78	45.08	42.70	40.77	38.86	37.15	35.55	34.12	33.12	32.46	32.14	32.00	
103.00	96.20	89.92	84.03	78.35	72.68	67.61	63.03	58.98	54.97	51.48	48.59	45.95	43.49	41.33	39.17	37.20	35.49	33.84	32.20	30.94	30.16	29.55	29.00	
107.00	101.10	95.28	89.51	84.17	78.90	73.66	68.45	63.28	58.38	53.78	49.19	44.91	41.25	38.51	35.90	33.84	32.66	31.50	30.70	30.34	30.00	
103.00	96.53	90.20	83.93	78.03	72.50	67.37	62.32	57.69	53.41	50.04	46.78	43.66	41.11	39.25	37.44	35.85	34.63	33.51	32.58	31.74	31.11	31.00	
103.00	95.29	87.91	80.84	74.01	68.13	63.01	58.25	53.75	49.54	45.55	42.41	39.97	38.29	37.01	35.87	34.75	33.85	33.21	32.63	32.39	32.18	32.05	32.00	
112.00	105.16	98.81	92.65	86.68	80.88	75.34	70.35	65.38	60.66	55.99	51.44	47.59	44.03	40.94	38.91	37.04	35.30	34.15	33.03	31.93	31.02	30.38	30.00	
111.00	104.18	98.34	92.84	87.75	82.79	78.00	73.33	68.66	64.03	60.24	56.54	53.28	50.12	46.97	43.85	40.78	38.05	35.67	34.04	32.72	31.70	31.10	31.00	
116.00	107.95	99.90	92.38	85.14	78.36	72.23	67.50	63.17	58.95	54.94	51.30	48.11	45.12	42.76	40.81	39.04	37.56	36.24	35.05	34.09	33.29	33.00	
110.00	101.56	93.28	85.67	78.74	72.50	66.59	61.63	56.72	52.08	48.70	45.62	42.68	39.85	37.21	34.91	33.37	32.47	31.81	31.29	31.00	
123.00	115.01	107.03	99.20	91.95	84.74	77.60	71.02	64.99	59.20	54.56	50.14	46.42	43.00	39.94	37.08	35.28	33.76	32.32	31.19	30.16	29.55	29.13	29.00	
118.00	108.97	100.66	92.96	85.35	78.03	70.96	64.68	58.90	53.78	49.80	46.58	43.78	41.55	39.57	38.45	37.34	36.30	35.37	34.56	33.78	33.02	33.00	
116.00	108.95	101.97	95.01	88.32	81.86	75.83	69.96	64.48	59.15	54.62	50.27	46.05	42.39	38.86	36.39	34.30	33.00	32.04	31.21	30.49	30.19	30.00	
120.00	109.07	98.86	88.87	80.12	72.10	64.15	57.42	52.20	48.12	44.65	41.86	39.32	37.67	36.15	34.67	33.32	32.38	31.65	31.18	31.00	
118.00	110.39	103.21	96.29	90.21	84.56	79.25	73.94	68.69	63.50	58.48	53.56	48.91	44.55	41.20	39.12	37.57	36.05	34.67	33.31	31.97	30.85	30.00	
101.00	93.82	87.05	80.33	74.28	68.24	63.68	59.44	55.58	51.79	48.10	44.46	40.89	37.43	34.97	32.90	31.64	30.81	30.18	30.06	30.00	
107.00	100.85	94.88	89.13	83.39	77.80	72.35	66.97	61.76	57.27	53.00	50.03	47.15	44.37	41.79	39.51	37.55	35.87	34.36	32.90	31.71	31.29	31.00	
109.00	101.76	94.57	88.29	82.23	76.38	70.71	65.78	61.12	56.73	52.80	49.00	45.25	42.33	39.87	37.94	36.07	34.32	33.00	31.88	30.91	30.37	30.00	
109.00	101.82	95.00	88.46	82.01	76.57	71.40	66.67	61.95	57.46	53.68	50.65	47.98	45.35	42.83	40.38	38.47	36.66	35.39	34.27	33.23	32.33	32.00	
106.00	99.03	92.25	86.06	80.31	74.99	69.77	64.74	60.16	55.72	51.55	47.78	44.12	40.89	37.95	36.06	34.39	33.33	32.35	31.45	30.58	29.88	29.27	29.00	
116.00	105.77	96.27	87.35	79.34	72.24	65.51	59.15	53.26	47.63	44.53	41.95	39.47	37.43	35.46	34.01	32.57	31.94	31.39	31.13	31.00	
123.00	115.90	108.91	102.04	95.39	88.85	82.67	76.58	70.93	65.51	60.39	56.16	52.34	48.54	44.87	41.53	38.31	35.69	33.51	31.64	30.06	29.42	29.00	
119.00	112.33	105.68	99.46	93.32	87.23	81.39	75.59	69.98	64.87	60.13	55.73	51.80	48.60	45.55	42.56	39.60	37.13	34.82	32.69	31.72	31.07	31.00	
112.00	105.23	98.62	92.25	86.18	80.16	74.14	68.68	63.71	59.14	54.79	50.78	46.78	43.11	39.48	36.02	33.05	30.50	29.95	29.46	29.00	
107.00	100.91	95.09	89.33	83.85	78.48	73.24	68.20	63.32	58.97	54.74	51.05	47.65	44.53	41.47	38.99	37.15	35.44	33.75	32.72	32.00	
120.00	112.27	104.80	97.52	90.39	83.42	76.86	70.61	64.48	58.65	52.95	47.47	43.41	39.52	37.92	36.47	35.16	34.34	33.65	33.01	33.00	
120.00	111.65	103.39	95.31	87.43	80.16	73.16	66.49	60.79	55.14	49.53	44.75	40.24	37.49	35.04	33.02	31.84	30.73	29.75	29.22	29.00	
123.00	113.69	104.80	96.33	89.55	83.02	76.77	71.45	66.84	62.55	58.57	54.68	51.17	48.27	45.38	42.56	40.30	38.08	36.36	34.81	33.49	33.00	
121.00	113.69	106.41	99.65	93.68	88.29	83.42	78.57	73.93	69.33	64.83	60.50	56.19	52.48	49.26	46.28	43.43	40.70	38.25	36.02	34.36	33.05	32.45	32.00	
120.00	112.73	106.27	100.10	94.33	88.61	82.93	77.64	72.88	68.17	63.78	59.39	55.06	50.85	46.92	43.21	40.14	37.57	35.73	33.94	32.51	31.17	31.07	31.00	
121.00	112.93	105.03	97.49	90.03	82.85	76.32	69.80	63.35	57.99	53.04	48.48	44.87	41.30	38.42	35.78	33.30	31.86	30.67	30.04	30.00	
121.00	112.47	103.94	95.42	87.35	80.82	75.07	69.78	65.12	60.76	56.72	52.98	49.40	45.95	42.80	40.36	37.94	35.88	34.34	33.01	32.01	31.41	31.11	31.00	
102.00	95.92	90.14	84.37	78.75	73.43	68.45	63.83	59.33	54.91	51.08	47.62	44.48	41.86	39.29	37.02	34.77	32.51	30.84	29.21	29.00	
121.00	112.10	104.05	96.78	89.60	82.80	76.06	69.49	63.82	58.27	53.81	49.57	45.84	42.54	39.26	36.98	35.05	33.12	31.31	30.04	29.40	29.00	
107.00	101.34	95.78	90.42	85.11	79.86	74.88	69.94	65.03	60.18	55.68	51.19	46.80	42.69	40.20	38.37	36.57	34.84	33.47	32.47	31.50	30.99	30.50	30.00	
107.00	99.70	92.45	85.70	79.84	74.11	68.62	63.29	58.13	53.16	48.50	44.93	42.13	40.10	38.10	36.13	35.06	34.17	33.42	33.01	33.00	
119.00	112.11	105.36	98.93	92.62	86.38	80.67	75.45	70.27	65.34	60.53	55.92	51.32	47.34	43.87	41.02	38.91	37.13	35.75	34.40	33.52	33.13	33.00	
122.00	114.30	107.01	100.38	93.90	87.53	81.52	76.06	70.66	65.43	60.49	55.68	51.04	46.41	41.92	37.44	35.22	33.64	32.72	32.02	32.00	
118.00	110.91	104.27	97.76	91.37	85.30	79.33	73.49	68.14	63.28	58.48	54.04	49.73	45.88	42.63	40.11	37.80	35.73	33.76	31.89	31.09	31.00	
104.00	96.46	89.14	82.60	76.48	70.44	64.53	59.64	55.55	51.79	48.62	45.47	42.74	40.49	38.45	36.43	35.08	33.91	33.10	32.30	31.54	31.00	
111.00	103.58	96.65	89.90	83.37	77.13	71.27	66.54	61.98	57.45	53.50	49.60	45.73	42.41	39.27	36.22	33.75	32.19	30.98	29.93	29.20	28.75	28.33	28.00	
110.00	102.91	96.61	90.75	85.25	79.91	74.73	69.55	64.48	59.86	55.41	50.96	46.87	43.43	40.06	37.08	34.77	33.30	32.51	32.12	32.00	
119.00	110.64	102.37	94.25	86.92	79.95	73.07	67.37	62.25	57.40	53.05	49.27	45.65	42.37	39.87	37.81	35.87	34.30	33.32	32.40	31.55	31.00	
121.00	111.97	103.43	94.91	86.53	78.19	70.58	64.53	58.73	54.18	49.92	47.34	44.77	42.79	40.90	39.04	37.56	36.14	35.04	33.94	33.09	32.32	31.64	31.00	
116.00	108.47	101.32	94.23	87.17	80.29	74.18	68.81	64.07	59.40	55.56	51.77	48.42	45.11	41.86	38.87	36.63	34.52	33.00	31.72	30.55	30.00	
108.00	101.41	95.43	89.49	83.56	77.80	72.84	68.03	63.26	58.71	54.90	51.16	47.43	43.71	40.11	37.30	35.19	33.48	32.00	31.13	30.47	30.00	
118.00	111.08	104.86	98.65	92.83	87.25	81.84	76.52	71.85	67.22	62.80	58.86	55.04	51.32	47.91	44.83	42.41	40.07	38.06	36.06	34.10	33.03	32.09	32.00	
114.00	105.45	97.33	89.54	82.45	75.64	69.75	63.89	58.06	52.94	48.27	43.90	40.55	37.44	35.00	32.81	30.68	29.88	29.22	28.60	28.23	28.00	
109.00	101.69	94.38	87.54	81.44	75.66	70.43	65.24	60.64	56.56	52.52	48.66	44.87	41.93	39.29	36.82	34.82	32.83	31.49	31.20	31.00	
107.00	101.39	96.18	91.06	86.44	82.04	77.77	73.51	69.31	65.21	61.25	57.35	53.51	49.81	46.13	42.59	40.63	38.84	37.21	35.69	34.21	33.13	32.19	32.00	
112.00	101.72	92.20	82.79	73.48	66.70	60.67	55.12	50.08	45.29	40.58	36.52	32.55	31.15	30.39	29.63	28.89	28.49	28.20	28.01	28.00	
117.00	108.23	99.89	92.82	85.79	79.63	74.37	69.35	64.40	59.86	55.69	52.43	49.34	46.26	43.28	40.39	37.65	35.08	32.63	31.64	31.02	31.00	
113.00	105.93	99.23	93.08	87.03	81.61	76.28	71.01	66.21	61.41	57.13	53.56	50.08	46.61	43.25	39.96	36.99	34.86	32.81	31.62	30.49	29.36	29.04	29.00	
106.00	100.12	94.28	88.77	83.36	78.04	73.17	68.44	64.21	60.46	56.71	53.50	50.45	47.63	45.14	42.85	40.72	38.61	36.94	35.50	34.19	33.00	
108.00	101.32	94.72	88.80	83.03	77.63	73.03	68.76	64.63	60.78	57.08	53.56	50.15	46.80	43.47	40.26	37.11	34.18	33.06	33.01	33.00	
121.00	113.79	106.57	99.74	92.98	86.48	80.09	74.00	68.41	63.05	58.03	53.18	49.49	46.39	43.37	40.71	38.24	36.18	34.46	32.75	32.02	32.00	
105.00	97.79	90.74	84.09	78.26	72.61	67.19	62.04	57.30	53.09	49.75	46.78	43.88	41.32	38.90	36.78	34.86	33.03	31.38	29.78	28.82	28.00	
106.00	98.99	92.20	85.57	79.44	74.42	69.60	64.77	60.20	56.58	53.16	49.84	46.61	43.71	41.37	39.18	37.15	35.85	34.61	33.54	32.72	32.00	
104.00	97.51	91.22	85.38	79.64	73.91	69.18	64.62	60.12	56.16	52.31	48.47	45.03	42.42	40.29	38.39	36.57	34.81	33.10	31.53	31.07	31.00	
118.00	109.79	102.14	94.68	87.84	81.06	74.57	69.46	64.62	59.91	55.35	50.84	46.57	42.92	39.30	35.77	33.11	31.36	29.81	29.38	29.00	
123.00	113.93	104.94	96.16	88.40	82.26	76.41	70.89	65.74	60.62	55.83	51.47	47.54	43.65	40.45	37.36	34.89	32.93	31.13	29.79	28.76	28.15	28.00	
118.00	111.37	104.80	98.38	92.22	86.13	80.18	74.37	68.61	64.33	60.17	56.03	51.94	47.88	44.08	40.72	37.71	34.94	32.49	30.13	28.96	28.19	28.00	
105.00	99.06	93.20	87.45	81.95	76.54	71.22	65.90	60.76	56.65	52.75	48.90	45.35	41.99	38.64	35.34	33.47	32.00	30.90	29.96	29.30	29.00	
107.00	101.24	95.52	89.97	84.43	79.05	73.78	69.01	64.41	60.23	56.19	52.37	49.01	46.10	43.26	40.50	38.24	36.27	34.40	33.44	32.59	32.00	
123.00	113.52	105.33	98.28	91.61	85.10	78.84	72.94	67.23	62.01	56.96	52.00	47.20	42.52	38.54	37.07	35.65	34.37	33.21	32.32	32.17	32.02	32.00	
108.00	101.22	94.54	87.91	81.75	75.77	70.38	65.60	61.31	57.52	53.76	50.35	47.09	44.17	41.92	39.89	37.88	35.96	34.42	32.97	32.14	31.33	31.00	
119.00	110.37	102.11	94.06	86.46	79.81	73.37	67.45	61.86	56.55	51.59	47.68	44.28	41.65	39.19	37.44	35.83	34.29	32.97	32.15	31.52	31.00	
105.00	98.70	92.45	86.58	80.73	74.93	69.32	64.24	59.36	54.80	50.30	45.81	41.88	38.74	36.77	35.02	33.44	32.90	32.50	32.13	32.00	
117.00	109.58	102.26	95.25	88.27	81.58	75.27	69.42	64.30	59.44	54.64	49.91	45.31	41.52	38.28	36.07	34.42	32.80	31.30	29.86	28.46	28.13	28.02	28.00	
113.00	104.41	96.39	88.89	81.62	74.62	68.99	63.92	59.25	54.73	50.56	47.72	45.01	42.37	39.82	37.34	35.19	33.67	32.23	30.89	29.91	29.00	
104.00	98.29	92.67	87.05	81.60	76.30	71.41	66.59	61.82	57.05	52.61	48.43	44.32	40.71	38.19	35.90	33.94	32.35	30.90	29.81	29.48	29.23	29.00	
115.00	107.54	100.92	94.30	88.29	82.38	76.51	70.90	66.41	62.00	58.12	54.55	51.20	48.03	44.99	42.13	39.86	37.87	36.45	35.56	34.82	34.11	33.52	33.00	
120.00	111.36	103.30	96.01	89.04	82.30	75.86	70.21	64.88	59.78	54.76	50.25	47.20	44.35	42.21	40.31	38.51	36.81	35.33	33.98	33.00	
104.00	96.69	89.83	83.15	76.62	70.78	65.21	60.50	56.46	52.97	49.86	46.80	43.75	40.86	38.52	36.28	34.41	32.81	31.52	30.25	29.00	
101.00	93.22	86.41	80.43	75.43	70.63	65.85	61.66	57.60	53.95	50.35	46.90	43.69	40.67	38.65	36.65	34.77	33.35	32.21	31.19	30.59	30.27	30.00	
105.00	97.73	90.63	83.56	76.55	69.98	63.80	58.94	54.70	50.92	47.15	43.88	41.01	38.77	36.55	34.91	33.47	32.54	31.75	31.32	31.00	
106.00	99.18	92.51	86.13	80.41	74.76	69.38	64.49	59.62	54.87	50.15	46.33	43.23	40.32	37.63	35.00	32.51	30.43	28.80	28.23	28.01	28.00	
121.00	113.20	105.93	99.27	92.69	86.47	80.45	74.79	69.46	65.03	60.60	56.39	52.38	48.37	44.69	41.35	38.17	35.25	32.98	31.31	30.00	
101.00	94.99	89.35	83.99	78.91	73.85	68.94	64.56	60.44	56.64	53.90	51.26	48.78	46.35	44.10	42.00	40.06	38.19	36.43	35.53	34.63	33.74	33.23	33.00	
101.00	94.56	88.15	81.78	75.63	70.17	65.86	61.78	57.97	54.43	51.11	47.83	45.17	43.03	40.94	39.11	37.38	35.76	34.28	33.11	32.28	32.01	32.00	
120.00	110.86	101.93	93.68	86.93	80.30	73.95	68.42	63.68	59.37	55.17	51.35	47.94	44.82	41.94	39.20	36.81	34.47	32.40	31.01	30.10	29.27	28.48	28.00	
110.00	101.93	94.30	87.68	81.36	76.10	70.91	66.00	61.35	56.72	52.89	49.21	45.58	42.14	39.24	37.05	34.97	33.36	31.87	30.52	29.33	28.22	28.03	28.00	
112.00	104.69	98.00	91.67	85.51	79.45	73.39	67.63	61.97	57.14	52.68	48.64	44.84	41.07	38.30	36.08	33.87	32.00	30.32	28.85	28.00	
119.00	111.04	104.02	97.05	90.24	83.89	77.58	71.35	66.18	61.52	57.16	53.14	49.53	46.50	43.53	40.63	37.92	35.35	32.97	30.83	29.59	28.48	28.23	28.00	
115.00	106.42	98.03	91.34	85.02	78.72	73.14	67.79	62.69	57.73	52.92	48.19	43.52	40.35	37.45	36.09	34.90	33.82	32.93	32.29	32.00	
118.00	109.34	101.14	93.68	86.35	79.54	73.15	66.79	60.57	54.60	49.13	43.80	40.61	37.68	34.85	32.77	31.10	29.98	29.15	28.36	28.00	
104.00	98.13	92.44	87.25	82.14	77.10	72.15	67.55	63.57	59.65	55.88	52.17	48.79	45.79	42.83	40.16	38.17	36.24	34.53	32.85	31.36	30.00	
105.00	98.85	92.91	87.47	82.53	78.19	74.00	70.10	66.24	62.40	58.60	54.86	51.42	48.09	44.98	42.60	40.24	38.22	36.25	34.66	33.33	32.22	31.53	31.00	
109.00	99.70	91.10	82.65	75.73	70.35	65.21	60.11	55.78	52.17	48.97	46.17	43.43	41.13	39.11	37.43	35.87	34.31	33.44	32.65	31.95	31.46	31.00	
115.00	106.80	99.29	91.97	85.12	78.67	72.49	66.44	60.86	55.32	50.74	46.63	42.88	39.86	37.71	35.74	34.49	33.31	32.14	31.04	30.25	30.00	
115.00	107.46	100.91	94.43	88.55	82.88	77.34	71.84	66.40	61.02	56.05	51.15	47.33	43.73	41.00	38.62	36.30	34.49	32.69	30.95	29.58	29.00	
123.00	113.35	103.80	96.60	90.07	83.65	78.38	73.13	67.96	63.06	58.21	54.30	50.78	47.66	44.93	42.25	40.00	37.91	36.09	34.65	33.37	32.61	32.00	
108.00	100.94	94.62	88.66	82.73	77.08	71.69	66.46	61.70	57.33	53.23	49.53	46.12	43.04	40.55	38.52	36.75	35.35	34.07	33.00	32.00	
107.00	101.26	95.72	90.24	84.81	79.49	74.24	69.01	63.81	59.09	54.54	50.41	46.49	42.88	39.75	37.31	35.14	33.10	31.22	30.51	30.00	
107.00	98.49	90.48	83.00	76.90	70.83	65.43	60.15	55.41	50.91	47.57	44.28	41.53	39.26	37.23	35.34	33.74	32.21	31.24	31.12	31.03	31.00	
118.00	111.74	105.52	99.46	93.71	88.17	82.71	77.64	73.15	68.74	64.44	60.19	56.12	52.82	49.78	46.93	44.17	41.44	39.20	37.51	35.93	34.43	33.12	33.00	
115.00	108.12	101.37	94.81	88.38	82.52	77.38	72.31	67.36	62.73	58.28	53.88	50.38	46.98	43.66	40.59	37.80	35.38	33.80	32.42	31.62	31.00	
116.00	108.67	101.88	95.26	88.90	82.55	76.21	70.03	63.91	58.50	53.16	48.56	44.48	40.48	37.26	34.69	32.23	30.58	29.52	29.18	29.00	
116.00	108.99	102.22	95.71	89.21	82.74	77.27	72.11	67.11	62.64	58.45	54.53	50.77	47.13	43.58	40.14	36.80	34.17	31.84	30.66	30.04	30.00	
103.00	96.80	90.83	85.04	79.58	74.50	69.52	64.61	59.72	54.93	50.23	45.69	42.16	39.29	36.53	34.37	32.66	31.71	30.95	30.43	30.00	
121.00	112.96	105.03	97.29	90.36	84.24	78.22	73.34	68.60	64.24	60.07	55.92	51.92	48.12	44.62	41.15	38.48	35.88	33.97	32.28	31.27	31.02	31.00	
101.00	94.69	88.46	82.59	76.89	71.23	66.36	61.88	57.70	53.82	50.06	46.79	43.76	40.86	37.96	35.98	34.04	33.17	32.43	31.80	31.22	31.00	
113.00	104.54	96.14	87.78	80.06	72.72	66.08	59.86	55.04	50.46	46.02	42.81	40.46	38.34	36.38	35.03	33.95	33.43	33.23	33.08	33.00	
112.00	105.83	99.80	93.81	87.99	82.56	77.17	71.78	66.58	61.39	56.56	51.96	48.51	45.33	42.60	39.92	37.67	35.50	33.49	31.59	30.23	30.03	30.00	
120.00	112.33	105.17	98.16	91.17	85.04	79.33	74.29	69.29	64.73	60.23	55.91	51.63	47.70	44.09	40.86	37.86	34.93	32.70	31.65	31.13	31.02	31.00	
104.00	96.08	88.34	80.61	73.07	66.55	60.44	55.50	51.32	47.35	43.53	39.75	37.30	35.59	33.99	32.48	31.38	30.48	29.59	29.25	29.10	29.00	
113.00	105.48	98.60	92.08	85.90	79.75	74.53	69.55	65.03	60.74	56.49	52.28	48.28	44.55	40.91	37.88	35.39	33.66	32.05	30.59	29.35	28.34	28.00	
112.00	105.21	98.85	92.92	87.15	81.47	75.96	70.75	66.00	61.28	56.98	52.98	49.37	46.08	42.97	40.01	37.26	35.09	33.12	31.31	30.00	28.85	28.00	
104.00	98.19	92.71	87.24	81.79	76.38	71.83	67.33	63.28	59.50	55.74	52.24	48.77	45.81	42.87	40.39	37.95	35.69	34.46	33.38	32.65	32.18	32.09	32.00	
116.00	107.41	99.02	90.66	82.81	76.10	70.26	65.24	60.60	56.33	52.29	48.33	45.19	42.21	39.40	36.77	34.45	32.70	31.00	29.71	29.00	
108.00	101.16	94.38	88.04	81.86	75.84	69.82	64.18	58.97	54.02	49.60	45.27	41.22	37.63	35.36	33.34	31.38	30.01	28.70	28.40	28.16	28.00	
120.00	112.08	104.42	97.72	91.15	84.77	79.11	73.49	68.06	62.69	57.65	53.07	49.04	45.40	41.84	38.60	35.37	32.98	30.81	29.15	29.00	
121.00	112.30	104.66	97.95	91.40	85.10	79.00	73.11	67.22	61.39	55.87	51.47	47.81	44.43	42.14	40.01	38.04	36.20	34.42	32.85	31.48	30.57	30.11	30.00	
121.00	113.62	106.46	99.44	92.97	87.06	81.26	75.53	69.97	64.56	59.33	54.25	49.34	45.39	42.39	39.63	37.42	35.74	34.22	33.08	32.01	31.40	31.00	
106.00	99.75	93.51	87.36	81.52	75.80	70.15	64.78	59.42	54.68	50.37	46.26	42.96	40.23	37.78	35.99	34.51	33.24	32.18	31.16	30.30	30.00	
113.00	106.78	100.84	95.16	89.59	84.41	79.37	74.93	70.53	66.16	62.01	57.96	54.32	50.81	47.50	44.27	41.35	38.95	36.85	35.03	33.47	32.63	32.07	32.00	
109.00	99.74	91.95	85.23	78.82	72.90	67.31	61.71	56.63	52.83	49.14	45.49	42.25	39.61	36.98	35.01	33.72	32.58	31.87	31.28	31.00	
119.00	112.50	106.12	100.19	94.31	88.67	83.07	77.50	72.29	67.16	62.28	57.63	53.30	49.08	45.17	41.62	38.18	35.73	33.36	31.15	29.84	29.40	29.03	29.00	
122.00	114.33	106.78	99.28	91.97	85.08	78.21	71.36	65.71	60.56	55.99	51.60	47.47	44.28	41.35	38.89	36.64	34.48	32.64	31.29	30.05	29.45	29.00	
102.00	96.34	90.77	85.24	80.06	75.05	70.17	65.29	60.71	56.67	52.68	49.32	46.05	42.85	40.29	37.93	35.60	33.53	32.40	31.33	31.00	
105.00	97.33	89.85	83.06	77.01	71.08	65.39	60.20	55.82	51.71	47.76	44.36	41.13	38.17	36.00	34.22	32.60	31.02	29.78	28.79	28.41	28.19	28.00	
116.00	109.13	102.61	96.45	90.35	84.26	78.67	73.30	68.00	63.04	58.51	54.16	50.88	48.07	45.31	42.68	40.24	37.90	36.08	34.73	33.72	32.75	32.00	
110.00	103.38	96.78	90.72	85.03	79.59	74.17	69.00	63.92	59.19	55.20	51.23	47.78	44.72	41.94	39.25	37.08	35.20	33.97	33.03	33.01	33.00	
110.00	101.21	93.76	86.89	80.17	73.64	67.84	62.15	56.46	52.52	48.61	45.09	42.55	40.11	37.71	35.41	33.52	31.91	30.55	29.92	29.39	29.08	29.00	
103.00	95.96	89.11	82.34	77.26	72.35	67.55	62.78	58.05	53.63	50.07	47.26	44.64	42.26	40.08	38.03	36.19	34.39	32.65	31.30	30.27	29.30	28.40	28.00	
108.00	99.73	91.81	84.10	76.62	69.48	64.19	59.37	55.54	51.87	48.92	46.29	43.80	41.48	39.17	36.95	35.47	34.34	33.23	32.27	31.34	31.00	
113.00	103.52	94.18	87.92	81.76	75.91	70.46	65.10	60.08	55.20	50.69	46.52	43.12	40.21	37.65	35.42	33.83	32.70	32.31	32.04	32.00	
108.00	101.81	95.72	89.83	84.23	78.64	73.34	68.10	63.12	58.43	53.78	49.65	46.58	43.67	41.83	40.06	38.38	36.93	35.67	34.79	34.02	33.27	33.00	
118.00	110.97	104.60	98.24	91.91	85.76	79.64	73.55	67.64	61.76	56.76	52.82	49.02	45.33	42.43	39.58	37.12	34.99	33.38	31.80	30.34	29.53	29.15	29.00	
118.00	110.72	103.63	96.67	90.11	83.90	78.41	73.08	68.22	63.84	59.58	55.40	51.26	47.56	44.49	41.53	38.66	36.39	35.04	33.78	33.12	32.52	32.12	32.00	
114.00	106.11	98.31	91.57	86.03	80.59	75.19	70.02	65.00	60.55	56.21	52.03	48.47	45.76	43.12	40.51	37.97	35.66	34.13	32.76	31.61	30.66	30.00	
111.00	102.64	95.26	89.06	82.93	77.72	72.69	67.68	62.96	58.26	53.99	50.03	46.49	43.83	41.29	38.80	36.47	35.54	34.78	34.12	33.71	33.34	33.00	
104.00	97.44	91.30	85.31	79.46	73.64	68.01	62.44	57.54	52.77	48.02	44.35	40.82	37.56	34.94	32.80	30.94	29.44	28.57	28.16	28.00	
109.00	102.88	96.83	91.02	85.46	79.96	74.52	69.23	64.31	59.46	55.22	51.53	47.84	44.30	40.96	38.54	36.26	34.02	32.19	31.00	29.95	29.05	28.41	28.00	
117.00	108.18	100.48	93.28	86.33	79.66	73.11	67.09	62.97	59.06	55.24	51.51	47.93	44.38	41.12	38.92	36.98	35.56	34.25	33.36	32.77	32.21	32.00	
103.00	97.36	91.88	86.52	81.52	76.58	71.65	66.72	62.13	58.03	54.00	49.97	46.09	42.61	40.13	37.77	36.13	34.69	33.32	32.35	31.49	31.00	
109.00	102.79	96.63	90.49	84.48	78.55	72.97	67.76	62.59	57.49	52.43	47.76	44.34	41.38	39.38	37.71	36.06	34.84	33.98	33.49	33.08	33.00	
120.00	112.61	105.59	98.82	92.23	85.88	80.41	75.09	69.97	65.02	60.17	55.79	51.52	47.31	43.66	40.48	37.34	34.92	32.83	30.95	30.43	30.00	
102.00	95.64	89.93	84.47	79.27	74.09	68.96	63.84	58.86	53.90	49.73	46.03	42.48	40.12	37.97	36.01	34.17	32.40	30.95	29.93	28.94	28.00	
122.00	114.43	106.89	99.65	92.58	85.59	79.43	73.52	67.76	62.60	57.80	53.03	48.60	44.28	40.71	38.35	36.05	34.12	32.32	30.77	29.72	29.00	
101.00	93.41	86.31	79.59	73.65	68.85	64.52	60.37	56.30	52.32	48.64	45.23	42.05	38.96	36.47	34.34	32.53	31.26	30.49	30.17	30.09	30.03	30.00	
123.00	115.39	107.78	100.49	93.39	87.10	80.96	75.02	69.69	64.44	59.52	54.77	50.72	46.75	43.71	40.68	37.66	35.18	32.83	31.12	29.94	29.11	29.00	
122.00	113.76	107.19	101.37	95.74	90.40	85.07	79.86	74.70	69.70	64.81	59.99	55.18	50.49	46.74	43.08	40.33	38.07	36.39	35.08	33.81	32.62	32.00	
116.00	109.48	102.99	97.10	91.40	85.83	80.28	74.82	69.42	64.14	58.92	53.90	49.30	45.24	41.66	39.10	36.69	34.71	33.21	31.76	30.52	29.48	29.00	
116.00	109.29	102.69	96.11	89.67	83.25	76.95	70.79	64.80	58.97	53.69	49.78	46.31	42.95	39.97	37.15	34.68	32.54	31.27	30.19	29.30	28.53	28.13	28.00	
123.00	116.01	109.22	103.14	97.28	91.81	86.70	81.62	76.73	72.13	67.56	63.05	59.23	55.86	52.87	50.00	47.36	44.71	42.14	39.65	37.69	35.95	34.29	33.00	
121.00	113.28	105.59	98.13	90.82	83.56	77.50	71.96	66.64	61.61	57.06	53.15	49.25	45.79	42.51	39.57	37.21	35.10	33.53	32.39	31.43	31.00	
106.00	97.82	90.61	84.09	77.76	71.52	65.45	60.46	56.18	52.70	49.51	46.63	44.08	41.57	39.18	36.99	35.09	33.61	32.65	31.76	31.02	30.42	30.00	
108.00	100.54	93.15	86.18	79.27	73.28	67.32	62.60	57.90	54.26	50.85	47.70	45.17	43.18	41.54	39.93	38.33	36.76	35.31	33.94	33.26	33.00	
109.00	101.99	95.05	88.39	81.99	75.73	69.76	64.00	58.56	54.22	50.36	47.18	44.09	41.91	39.78	37.97	36.23	35.37	34.63	33.96	33.41	33.02	33.00	
111.00	102.97	95.11	88.04	81.99	76.65	71.36	66.39	61.56	57.12	53.31	49.81	46.46	43.14	40.06	37.11	34.78	32.58	31.33	30.10	30.00	
114.00	105.23	97.77	90.70	83.90	78.29	73.36	68.47	63.70	59.02	54.77	50.79	47.34	43.94	41.23	38.58	36.29	34.09	32.47	31.14	31.00	
112.00	105.08	98.21	91.50	85.12	79.12	73.24	67.42	62.97	58.87	54.83	50.95	47.30	44.07	40.91	37.77	35.77	34.55	33.47	32.53	31.75	31.00	
105.00	98.75	92.87	87.40	82.00	76.72	71.64	66.89	62.75	58.62	54.90	51.29	48.37	45.83	43.36	40.97	39.10	37.28	35.56	33.88	32.24	31.00	
103.00	96.78	91.12	85.73	80.50	75.31	70.31	65.42	60.70	56.94	53.46	50.41	47.82	45.24	42.69	40.18	37.80	35.74	33.70	31.98	31.21	31.00	
122.00	113.59	105.29	97.76	91.03	84.37	78.40	73.08	67.95	62.94	58.39	54.27	50.63	47.17	44.05	40.99	38.36	35.86	34.32	33.62	33.15	33.00	
108.00	102.79	97.72	92.67	87.70	82.81	78.01	73.29	68.96	64.65	60.37	56.34	52.39	48.89	45.48	42.15	39.07	36.91	34.81	33.84	32.91	32.30	32.00	
109.00	102.46	96.07	90.02	84.16	78.42	73.10	67.90	63.19	58.92	54.77	50.89	47.15	43.93	41.04	38.32	35.95	33.68	31.67	29.75	28.75	28.50	28.25	28.00	
101.00	95.00	89.56	84.15	79.13	74.48	70.27	66.22	62.47	58.76	55.11	51.65	48.41	45.27	42.32	39.48	37.20	35.39	34.27	33.65	33.14	33.00	
106.00	96.91	88.38	80.11	74.28	68.48	63.15	57.88	52.86	48.15	43.83	40.56	37.74	35.77	34.04	32.59	31.46	30.35	29.83	29.44	29.17	29.00	
116.00	109.62	103.26	97.04	90.88	84.76	79.19	74.00	69.33	64.69	60.39	56.24	52.22	48.48	45.16	41.99	38.88	36.05	33.69	32.13	30.72	29.85	29.00	
111.00	102.58	95.25	88.06	81.19	74.41	67.80	61.97	57.02	53.54	50.15	46.87	43.78	40.93	39.12	37.63	36.25	34.90	33.69	32.70	32.18	32.00	
118.00	110.06	102.43	95.04	87.89	81.23	75.00	69.38	63.97	59.00	54.07	49.18	45.21	41.81	38.83	35.95	33.38	31.22	29.41	28.19	28.00	
112.00	104.11	96.53	90.20	84.01	78.32	73.38	68.43	63.83	59.34	55.24	51.17	47.80	44.96	42.17	39.41	37.07	34.80	32.57	31.37	30.24	29.50	29.22	29.00	
101.00	94.20	87.91	81.62	75.99	70.81	66.74	62.68	58.68	54.71	51.21	47.82	44.75	41.80	38.86	36.12	33.85	32.18	30.77	29.62	29.00	
108.00	100.45	93.53	87.29	81.85	76.57	71.55	66.82	62.11	57.47	52.93	48.87	46.05	43.28	40.52	37.90	35.66	33.57	32.01	30.65	29.56	29.10	29.00	
108.00	102.38	96.79	91.33	85.93	80.67	75.44	70.32	65.62	61.75	57.98	54.27	50.62	46.99	43.47	40.25	37.33	34.51	32.61	30.93	29.29	28.15	28.00	
111.00	103.10	95.22	87.59	80.45	73.45	66.87	60.55	55.04	50.11	45.70	42.01	38.61	36.07	33.83	31.85	30.08	29.50	28.94	28.41	28.17	28.00	
122.00	113.75	105.87	98.24	91.69	85.31	79.50	73.82	68.38	63.14	58.34	53.64	49.14	45.98	43.46	40.95	38.92	36.98	35.29	33.70	33.00	
118.00	109.50	101.15	93.32	86.47	80.37	75.11	70.04	65.11	60.49	55.93	51.51	47.31	43.52	39.86	37.11	34.73	32.80	31.07	30.27	29.67	29.28	29.00	
104.00	97.80	91.73	85.72	79.82	74.20	69.44	64.80	60.56	56.54	52.79	49.04	45.70	42.63	40.04	37.52	35.23	33.44	31.75	30.53	29.66	29.18	29.07	29.00	
108.00	102.27	96.67	91.23	86.03	81.14	76.64	72.17	67.73	63.48	59.40	55.61	52.03	49.17	46.55	44.00	41.82	39.67	37.64	36.39	35.21	34.02	33.00	
102.00	95.96	89.93	84.07	78.73	73.82	69.12	65.08	61.16	57.52	53.94	50.51	47.09	44.16	41.28	39.28	37.31	35.61	34.45	33.41	32.45	31.68	31.33	31.00	
120.00	113.01	106.26	99.59	93.11	87.42	81.79	76.74	71.88	67.52	63.25	59.18	55.12	51.25	47.48	44.31	41.16	38.92	37.01	35.37	33.75	32.31	31.11	30.00	
115.00	108.42	102.20	96.00	90.10	84.22	78.42	72.71	67.59	62.48	57.46	52.61	47.97	44.22	41.61	39.50	37.51	35.52	33.54	31.91	30.36	28.83	28.00	
118.00	109.95	102.52	95.10	87.92	80.75	73.67	67.66	62.54	57.50	52.47	48.00	43.78	41.41	39.05	36.70	34.70	32.90	32.42	32.02	31.63	31.31	31.00	
115.00	105.25	96.94	88.73	81.24	74.23	67.93	62.28	57.87	53.55	49.75	46.50	43.28	40.55	37.88	35.69	33.70	31.77	30.62	29.69	29.20	29.00	
116.00	108.94	102.03	95.22	88.42	81.99	75.63	69.70	64.73	60.10	56.12	52.26	48.42	44.70	41.12	38.13	36.32	34.75	33.79	32.98	32.23	32.00	
116.00	109.50	103.16	97.01	91.14	85.45	79.89	74.73	69.59	64.51	59.47	54.51	49.77	45.21	41.61	38.61	36.24	34.80	33.56	32.56	31.97	31.47	31.00	
119.00	111.94	104.89	98.00	91.52	85.84	80.25	74.72	69.67	64.73	60.25	56.28	52.41	48.55	44.82	41.78	38.80	36.11	33.58	31.41	29.94	29.45	29.00	
104.00	97.59	91.48	85.40	79.40	73.93	68.70	63.77	59.69	55.62	52.34	49.17	46.18	43.24	40.41	38.16	36.00	33.90	31.89	30.82	30.00	
110.00	101.42	93.37	87.60	82.19	76.83	71.67	66.55	61.61	56.73	52.69	49.01	45.35	41.86	38.94	36.09	33.97	32.02	30.29	29.41	29.14	29.00	
113.00	105.95	99.08	92.33	85.94	79.88	73.89	68.14	62.89	59.13	55.38	51.77	48.16	44.80	41.66	39.06	36.63	34.28	32.38	30.79	29.31	28.07	28.00	
110.00	103.52	97.08	91.12	85.71	80.38	75.24	70.20	65.46	61.12	57.31	53.72	50.27	46.91	43.58	40.37	37.60	36.35	35.25	34.25	33.28	32.55	32.06	32.00	
105.00	98.58	92.16	85.88	79.95	74.23	68.70	63.19	58.70	54.48	50.41	46.42	42.94	40.53	38.22	35.97	33.91	32.61	31.42	30.70	30.00	
121.00	113.04	105.47	98.47	91.97	85.49	79.20	73.01	67.80	63.69	59.86	56.11	52.39	48.68	45.07	41.81	39.01	36.24	33.91	31.94	30.67	30.34	30.09	30.00	
117.00	109.48	102.20	95.03	87.90	81.28	75.63	70.17	64.82	59.77	54.87	50.21	45.81	41.90	38.28	35.40	32.74	30.79	29.66	28.99	28.53	28.25	28.00	
115.00	104.36	93.95	84.32	76.97	71.51	67.37	63.27	59.38	55.55	51.91	48.75	46.13	43.54	41.09	38.68	36.47	35.18	34.03	33.35	33.00	
113.00	104.94	97.08	89.49	82.22	75.27	68.54	62.32	56.77	52.68	49.02	45.63	42.92	40.28	37.68	35.09	32.70	32.41	32.22	32.05	32.00	
111.00	102.23	94.54	87.83	81.50	76.31	71.12	66.91	63.03	59.20	55.45	51.76	48.73	46.03	43.44	40.90	38.42	36.01	33.76	32.07	30.62	29.33	28.19	28.00	
107.00	99.24	91.99	85.01	78.64	72.45	66.50	61.68	57.01	52.70	48.52	44.46	41.40	38.70	36.60	34.57	33.55	32.54	31.72	31.11	31.00	
101.00	93.30	85.64	78.51	71.81	66.96	62.33	58.30	54.36	51.16	47.98	45.37	42.92	41.01	39.17	37.67	36.48	35.34	34.32	33.53	33.00	
104.00	95.88	88.87	82.10	76.45	71.18	66.26	61.49	57.21	53.07	48.96	44.87	41.76	38.99	36.75	34.80	33.29	32.19	31.67	31.20	31.02	31.00	
118.00	108.77	100.13	91.90	83.66	77.28	70.99	64.85	59.40	54.38	50.36	47.01	43.69	40.55	37.74	35.36	33.63	32.24	30.92	30.23	30.00	
113.00	102.71	93.56	86.47	79.55	72.89	66.93	61.90	56.96	52.12	47.88	43.93	40.30	37.02	34.25	31.80	30.56	29.40	28.54	28.24	28.09	28.00	
114.00	106.65	99.47	92.74	86.27	79.98	74.02	68.16	63.22	58.53	54.13	50.00	46.31	43.12	40.80	38.83	37.27	35.80	34.62	33.55	33.24	33.00	
115.00	108.35	101.89	95.57	89.98	84.44	79.35	74.29	69.29	64.47	59.82	55.31	51.04	47.44	44.36	41.63	39.38	37.27	35.28	33.46	31.85	31.12	30.40	30.00	
103.00	96.61	91.54	86.48	81.58	76.83	72.52	68.28	64.25	60.32	56.49	52.76	49.05	45.90	42.81	39.80	37.15	35.03	33.05	31.21	30.50	30.10	30.00	
104.00	97.80	92.36	87.01	81.75	76.57	71.59	66.66	61.74	56.85	52.02	47.51	43.32	40.50	37.77	35.62	33.64	32.58	31.79	31.38	31.00	
102.00	95.51	89.57	83.91	78.41	73.07	68.18	63.57	59.81	56.08	52.79	49.63	46.56	43.72	41.12	38.79	36.71	34.72	32.85	31.19	29.89	29.00	
110.00	102.09	94.73	87.70	81.91	76.62	72.34	68.08	64.20	60.37	56.67	53.05	49.60	46.18	42.89	39.64	36.58	34.75	33.05	31.38	30.25	29.24	29.00	
111.00	104.87	98.83	93.32	87.87	82.50	77.37	72.38	67.70	63.09	58.70	54.40	51.04	47.70	45.00	42.90	40.86	39.06	37.50	36.25	35.05	33.93	33.00	
119.00	110.81	102.64	95.41	88.99	82.79	76.88	71.00	66.07	61.69	57.47	53.55	49.82	46.10	42.96	39.87	37.52	35.61	33.85	32.92	32.44	32.00	
116.00	109.74	103.52	97.57	91.62	85.91	80.30	74.77	69.34	63.99	59.23	54.62	50.00	46.13	42.43	38.93	35.53	33.67	32.63	31.82	31.38	31.13	31.00	
106.00	99.99	94.00	88.12	82.61	77.13	72.06	67.72	63.45	59.26	55.36	51.48	47.60	43.97	41.53	39.53	37.74	36.11	34.51	33.15	31.87	31.00	
102.00	96.15	90.58	85.38	80.43	75.63	71.32	67.19	63.15	59.20	55.26	51.33	47.58	44.21	40.94	37.88	35.64	33.77	32.20	31.18	30.49	30.00	
120.00	112.07	104.24	96.88	89.75	82.67	76.30	70.24	64.51	58.97	53.45	48.55	44.06	40.45	37.65	35.90	34.40	33.05	31.81	30.64	30.00	
114.00	107.10	100.42	93.94	87.55	81.54	75.78	70.07	64.47	59.15	54.36	49.91	46.88	43.89	41.19	38.84	36.76	35.26	33.88	33.12	33.00	
111.00	103.71	96.88	90.81	84.83	78.88	72.96	67.57	62.33	58.06	53.81	50.17	46.77	43.89	41.08	38.77	36.91	35.34	33.97	32.77	31.69	30.77	30.19	30.00	
117.00	109.23	102.16	95.16	88.85	82.59	76.51	70.90	65.73	60.75	56.19	51.75	48.08	44.70	41.83	39.89	38.07	36.38	34.82	33.27	31.82	30.87	30.00	
120.00	111.56	103.33	95.43	87.71	80.50	73.89	67.63	62.39	57.93	53.56	49.41	45.41	41.62	39.40	37.26	35.33	33.46	32.47	31.50	30.66	30.23	30.00	
123.00	115.20	107.49	99.93	92.71	86.05	79.58	73.36	67.23	61.70	56.85	52.20	47.73	44.02	41.00	38.90	37.08	35.39	33.99	33.12	32.40	32.06	32.00	
109.00	99.70	93.18	86.82	80.70	74.83	69.30	64.54	60.11	56.19	52.45	48.94	45.47	42.61	40.18	38.03	36.31	34.81	33.43	32.46	31.61	31.00	
112.00	104.30	97.15	90.82	84.66	78.57	72.79	67.07	62.26	57.79	53.34	49.90	46.57	43.57	41.64	39.74	37.90	36.48	35.07	33.91	33.13	33.00	
117.00	109.79	102.70	95.85	89.72	83.90	79.11	74.41	69.74	65.28	60.97	56.66	52.79	49.38	46.31	43.33	40.68	38.49	36.56	34.69	33.00	31.42	31.00	
120.00	111.55	103.63	95.79	87.97	80.39	74.13	68.53	63.91	59.73	55.77	52.28	49.15	46.18	43.31	40.75	38.33	36.13	34.93	34.11	33.56	33.23	33.00	
108.00	100.33	93.54	87.32	81.37	75.80	70.62	65.48	60.51	56.33	52.81	49.74	46.87	44.40	42.28	40.58	38.90	37.31	35.77	34.65	33.67	32.86	32.17	32.00	
112.00	105.45	99.06	92.79	86.56	80.59	75.11	69.78	64.72	59.95	55.40	51.07	47.07	43.14	39.30	35.57	33.06	31.44	30.83	30.47	30.20	30.00	
102.00	95.45	89.06	83.57	78.26	73.01	68.21	63.91	60.44	57.28	54.42	51.62	48.82	46.03	43.32	40.70	38.31	35.93	33.63	31.88	30.83	30.23	30.00	
109.00	102.39	95.94	90.53	85.40	80.32	75.27	70.27	65.35	60.96	56.61	52.57	48.92	45.39	42.11	39.15	36.30	33.70	31.61	30.64	30.00	
114.00	106.84	99.84	93.65	87.47	81.55	76.01	70.66	65.69	60.86	56.78	53.41	50.35	47.31	44.32	41.50	39.07	36.72	35.06	33.48	32.63	32.09	32.00	
120.00	110.93	102.36	93.94	85.54	78.77	72.86	67.22	61.63	56.54	51.58	47.33	44.22	41.17	38.27	36.24	34.42	32.89	31.65	30.73	30.00	
122.00	115.14	108.36	101.73	95.29	88.94	82.68	77.02	71.44	65.99	60.72	56.01	52.14	48.58	45.58	42.63	40.08	37.60	35.66	34.23	33.53	33.01	33.00	
108.00	102.27	96.85	91.65	86.87	82.22	77.74	73.43	69.16	65.04	61.16	57.57	54.30	51.10	48.04	45.00	42.05	39.30	36.92	34.94	33.71	33.15	33.00	
102.00	96.41	90.98	85.67	80.48	75.65	70.83	66.34	61.99	58.02	54.24	50.47	46.76	43.50	40.80	38.35	36.14	33.96	32.71	31.47	30.45	30.00	
113.00	104.52	97.21	90.44	83.99	77.88	71.85	66.03	60.43	55.15	49.95	46.68	44.33	42.11	40.18	38.25	36.44	35.03	33.84	32.89	32.19	32.00	
123.00	116.48	110.39	104.36	98.57	92.85	87.25	81.94	76.69	71.83	67.07	62.32	57.82	53.38	49.67	46.19	42.88	40.07	37.41	34.90	34.15	33.57	33.18	33.00	
108.00	102.19	96.56	91.05	85.71	80.51	75.56	70.65	65.75	60.91	56.44	52.46	48.65	44.95	41.42	38.10	36.07	34.41	32.96	31.90	30.97	30.24	30.00	
123.00	115.53	108.41	101.49	94.69	88.28	82.35	76.82	71.36	66.12	61.31	56.53	51.77	47.13	43.06	39.98	37.52	35.37	33.98	32.73	32.08	32.00	
116.00	108.31	100.78	93.86	87.07	80.36	74.14	68.23	63.51	59.23	55.05	50.87	46.75	43.95	41.23	38.71	36.27	34.46	33.38	32.39	32.15	32.06	32.00	
107.00	100.85	94.94	89.71	84.62	79.79	75.26	70.75	66.45	62.23	58.51	54.83	51.81	48.92	46.09	43.27	40.59	38.00	35.48	33.63	31.85	31.03	30.36	30.00	
116.00	108.75	101.53	94.42	87.32	80.27	73.37	66.65	61.12	56.04	51.48	46.99	43.06	39.75	37.76	35.97	34.19	32.53	31.14	29.82	29.09	28.43	28.00	
113.00	105.37	97.81	90.46	83.96	77.50	71.11	65.59	60.35	55.10	50.28	46.62	43.65	40.81	38.04	35.42	33.40	32.00	30.71	29.57	29.16	29.04	29.00	
123.00	114.18	106.09	98.02	90.16	82.45	75.91	69.41	63.52	57.80	52.30	47.36	42.97	38.90	35.53	33.20	31.15	29.37	28.68	28.33	28.00	
121.00	113.26	105.64	98.74	92.22	85.93	80.01	74.23	68.56	63.02	57.95	53.15	48.74	45.05	41.58	38.92	36.66	34.79	32.97	31.54	30.76	30.00	
113.00	105.75	98.92	92.29	85.84	80.12	74.60	69.47	64.52	59.64	55.14	50.87	47.38	44.56	41.94	39.43	37.14	35.02	33.19	31.76	31.18	31.00	
111.00	105.00	99.57	94.24	89.13	84.21	79.37	74.53	70.02	65.76	61.68	57.68	53.70	50.29	47.45	44.76	42.40	40.39	38.52	36.86	35.33	33.86	33.01	33.00	
116.00	107.94	100.19	92.77	86.39	80.01	74.06	68.49	63.42	58.65	54.28	50.13	46.15	43.68	41.52	39.52	37.83	36.31	34.87	33.48	32.57	32.18	32.00	
103.00	96.27	90.54	84.87	79.24	73.69	68.43	63.36	58.76	54.31	50.00	45.93	42.01	38.68	36.02	33.52	32.05	31.02	30.14	29.48	29.00	
109.00	101.59	94.63	87.89	82.16	76.60	71.85	67.13	62.70	58.44	55.01	51.63	48.44	45.42	42.59	40.35	38.19	36.04	34.24	32.95	32.48	32.10	32.00	
123.00	114.11	105.64	97.44	89.68	82.06	74.66	67.54	62.33	57.79	53.39	49.19	45.59	42.40	40.18	38.05	35.98	34.35	32.81	31.72	30.83	30.27	30.00	
117.00	108.54	101.04	94.05	87.16	80.48	74.66	68.87	63.84	59.30	54.96	51.24	47.72	45.02	42.40	39.86	37.54	35.22	33.23	31.60	30.28	29.09	28.27	28.00	
102.00	95.31	88.90	82.50	76.47	71.47	66.57	62.06	57.57	53.47	49.54	46.08	43.35	41.40	39.52	37.67	35.87	34.16	32.52	31.43	30.37	29.53	29.08	29.00	
111.00	102.90	95.75	88.68	81.91	75.55	69.55	64.57	60.35	56.12	51.96	48.20	44.59	42.04	40.02	38.04	36.29	34.63	33.48	33.09	33.03	33.00	
109.00	103.11	97.25	91.53	86.31	81.12	75.98	71.11	66.33	61.88	57.82	53.86	50.06	46.79	43.98	41.26	39.06	37.02	35.04	34.14	33.32	32.73	32.26	32.00	
112.00	103.41	95.77	88.42	82.07	75.82	70.40	65.48	60.90	56.44	52.28	48.26	45.26	42.69	40.14	38.16	36.71	35.37	34.07	33.18	33.00	
102.00	93.94	87.01	80.39	73.85	67.89	63.20	58.83	55.05	51.28	47.68	44.46	41.46	38.71	36.13	33.64	31.25	30.42	29.67	29.36	29.08	29.00	
114.00	106.94	99.95	93.07	86.37	80.55	74.93	69.58	64.39	59.32	55.01	51.02	47.34	44.23	41.13	38.42	36.58	35.15	33.99	32.99	32.00	31.47	31.15	31.00	
117.00	109.67	102.35	95.59	88.89	82.64	76.65	70.87	65.13	59.99	55.92	52.17	49.06	46.08	43.82	41.70	39.63	37.62	35.72	33.94	32.25	32.00	
117.00	109.96	103.18	96.51	90.09	83.85	77.79	71.84	66.28	60.79	55.55	50.39	45.90	42.32	39.29	37.09	35.40	33.90	32.59	31.64	31.00	
113.00	106.76	100.56	95.11	89.77	84.65	79.79	74.99	70.28	65.62	61.10	56.63	52.87	49.54	46.63	43.79	41.03	38.67	36.74	35.23	34.02	33.13	32.28	32.00	
111.00	104.05	97.10	90.37	83.86	78.21	72.58	67.08	62.04	57.78	53.64	50.33	47.11	44.02	41.17	38.62	36.27	34.52	33.42	32.72	32.15	32.00	
103.00	96.72	90.49	84.50	78.74	73.05	67.41	61.95	56.58	52.12	47.83	43.84	40.72	38.33	36.06	34.16	32.66	31.58	30.56	29.73	29.38	29.18	29.00	
123.00	115.36	107.82	100.40	93.51	86.69	80.68	74.79	69.40	64.18	59.89	56.24	52.77	49.30	46.11	42.96	40.21	37.59	35.50	33.90	32.35	31.27	31.00	
101.00	94.80	88.86	82.97	77.18	71.44	66.39	61.68	57.34	54.14	51.05	48.04	45.44	43.25	41.28	39.33	37.63	36.22	35.11	34.02	33.05	33.00	
121.00	112.16	103.61	95.19	87.70	81.73	75.88	70.68	65.68	60.79	56.06	51.53	47.98	44.97	42.23	39.66	38.02	36.54	35.18	34.25	33.63	33.21	33.02	33.00	
119.00	111.00	103.54	96.48	89.52	82.90	76.40	70.74	65.34	59.98	54.93	50.24	45.84	43.07	40.61	38.15	35.80	33.72	31.85	30.22	29.37	29.00	
123.00	115.42	107.96	100.76	93.61	86.71	80.37	74.13	68.55	63.24	58.30	53.38	48.74	45.64	42.75	40.19	37.63	35.88	34.16	33.00	32.07	32.00	
110.00	102.50	95.92	89.39	83.12	77.22	72.19	67.17	62.27	57.40	53.47	50.29	47.14	44.18	41.53	39.23	36.95	34.75	32.98	32.04	31.12	30.27	29.44	29.00	
112.00	104.69	97.92	91.28	84.97	78.72	72.87	67.47	62.20	57.09	52.24	47.58	43.62	39.75	37.21	34.97	32.97	31.33	30.29	29.50	28.81	28.26	28.00	
112.00	105.00	98.35	91.92	85.78	79.98	74.31	69.32	64.54	59.77	55.38	51.75	48.64	45.87	43.16	40.63	38.11	36.61	35.18	33.76	32.58	32.00	
116.00	109.59	103.46	97.52	91.65	85.87	80.18	74.63	69.08	64.00	59.04	54.16	49.92	45.97	42.02	38.37	35.95	34.51	33.73	33.36	33.05	33.00	
111.00	101.06	91.40	82.46	74.00	65.69	57.59	51.04	46.23	43.75	41.37	39.07	36.85	35.62	34.52	33.43	32.69	32.45	32.22	32.02	32.00	
116.00	109.01	102.03	95.10	88.56	82.15	75.92	70.15	64.70	59.46	54.60	50.82	47.08	44.10	41.33	38.95	36.65	34.52	32.68	30.84	29.71	28.62	28.00	
123.00	114.95	107.23	99.86	92.76	85.96	79.16	73.05	67.29	61.60	56.39	51.25	46.67	42.35	38.97	36.14	34.48	33.20	32.33	32.10	32.00	
106.00	100.25	94.77	89.34	84.07	78.86	73.76	68.72	63.70	59.20	54.71	50.26	46.03	42.77	39.91	37.14	34.78	32.54	31.22	30.16	29.51	29.05	29.00	
112.00	103.70	95.58	88.10	80.96	74.72	68.58	62.58	56.74	51.16	47.04	42.99	39.30	36.47	34.41	33.14	31.89	30.73	29.65	28.80	28.00	
105.00	99.28	93.59	87.99	82.45	77.60	72.84	68.18	63.60	59.59	55.71	51.89	48.30	44.92	42.02	39.17	36.36	34.15	32.05	30.23	28.44	28.00	
122.00	115.16	108.33	101.50	94.83	88.18	81.57	75.78	70.20	64.68	59.24	54.33	49.55	45.74	43.33	40.94	38.90	36.99	35.11	33.84	32.81	31.97	31.30	31.00	
116.00	109.20	102.49	95.89	90.59	85.50	80.79	76.13	71.48	66.88	62.55	58.30	54.39	50.60	47.29	44.00	41.04	38.33	35.92	34.00	33.00	
123.00	116.06	109.29	102.62	95.97	89.50	83.29	77.21	71.38	65.65	60.47	55.84	51.51	47.38	43.56	40.33	37.69	35.55	33.64	32.29	31.15	30.18	29.51	29.00	
101.00	94.87	89.01	83.29	77.97	72.74	67.60	62.47	57.70	53.26	49.88	46.51	43.17	39.88	37.20	34.68	32.98	31.57	30.40	29.54	29.00	
106.00	97.45	89.55	81.87	76.24	71.02	66.45	62.15	58.29	55.26	52.50	49.74	46.99	44.32	41.83	39.42	37.16	35.66	34.18	32.87	31.77	31.35	31.00	
112.00	103.94	96.95	90.15	84.08	78.28	72.89	67.54	62.55	57.64	53.50	49.50	46.44	43.78	41.31	38.96	37.03	35.31	33.81	32.61	32.00	
108.00	101.25	94.65	88.25	81.86	76.21	71.53	66.98	62.70	58.45	54.22	50.73	47.29	43.92	40.91	38.31	36.06	34.01	32.04	30.57	29.14	28.54	28.16	28.00	
119.00	110.43	102.06	93.94	86.70	79.57	72.64	65.72	60.27	55.37	51.43	48.31	45.57	43.07	40.75	38.49	36.46	34.72	33.24	32.61	32.00	
112.00	104.60	97.31	90.86	84.74	78.87	73.62	68.65	63.74	59.11	55.16	51.30	47.84	44.89	42.21	39.53	37.32	35.17	33.37	31.75	30.53	29.40	29.00	
109.00	100.41	91.94	84.67	78.06	71.54	65.29	59.83	54.60	49.90	45.79	42.20	38.91	35.81	33.18	31.09	30.22	29.36	28.76	28.29	28.10	28.00	
112.00	104.40	96.99	90.32	84.30	79.19	74.46	69.75	65.17	60.99	56.84	53.34	50.45	47.93	45.48	43.12	40.77	38.55	36.34	34.78	33.53	32.49	31.68	31.00	
122.00	114.89	108.00	101.62	95.30	89.05	83.46	77.93	72.68	67.44	62.52	57.97	53.65	49.35	45.40	41.68	38.34	35.12	32.21	30.00	28.46	28.20	28.00	
103.00	95.52	88.26	81.58	75.18	68.96	63.78	59.31	55.06	51.18	47.59	44.63	41.88	39.39	37.17	35.40	33.78	32.33	31.63	31.01	30.57	30.24	30.10	30.00	
106.00	100.42	95.08	89.79	85.00	80.39	76.08	71.85	67.68	63.71	59.74	56.13	52.64	49.19	46.11	43.08	40.16	37.35	35.21	34.03	32.96	31.91	31.00	
114.00	106.48	99.99	93.65	87.62	82.51	77.54	72.70	67.93	63.50	59.27	55.35	51.66	48.42	45.63	42.92	40.33	38.41	36.65	35.29	34.05	33.00	
112.00	102.38	93.69	85.03	76.96	69.71	63.14	57.92	53.09	49.47	46.03	43.35	40.76	38.49	36.27	34.29	32.46	31.37	30.57	30.14	30.00	
121.00	114.44	108.48	102.67	97.24	91.95	87.09	82.31	77.62	72.94	68.31	63.86	59.52	55.27	51.33	47.63	44.53	41.51	38.88	36.62	34.43	32.99	32.05	32.00	
103.00	97.28	91.67	86.19	80.80	75.79	71.21	66.84	62.59	58.42	54.94	51.55	48.40	45.28	42.23	39.51	37.24	34.97	34.09	33.42	33.00	
120.00	112.94	105.93	99.03	92.23	85.92	79.98	74.38	68.89	63.68	58.70	54.01	49.36	44.89	40.92	37.49	34.30	32.36	30.81	30.33	30.00	
114.00	107.35	100.94	94.54	88.19	82.24	76.54	71.26	66.23	61.56	56.90	52.50	48.11	44.38	40.91	37.74	35.19	33.56	32.11	31.30	30.62	30.00	
120.00	111.15	102.46	94.65	87.21	80.76	74.78	68.81	62.90	57.18	52.06	47.85	44.14	40.48	37.90	35.95	34.02	32.17	30.40	29.18	28.13	28.00	
106.00	100.24	94.57	88.99	83.44	77.91	72.44	67.90	63.42	59.39	55.52	52.32	49.17	46.36	43.67	41.23	38.82	36.95	35.12	33.53	32.34	31.16	30.00	
108.00	101.85	95.98	90.32	84.68	79.35	74.77	70.26	65.84	61.55	57.52	53.67	50.16	46.96	43.89	40.99	38.31	35.71	33.87	32.09	30.87	29.69	29.00	
121.00	114.64	108.37	102.15	95.94	90.07	84.25	78.57	72.99	67.45	62.17	57.17	52.25	47.46	43.91	41.28	38.84	36.93	35.47	34.14	33.00	
118.00	110.51	103.13	95.95	88.89	82.69	76.64	70.79	65.38	60.20	56.02	51.90	48.23	44.59	40.97	37.68	35.55	33.74	32.72	32.33	32.15	32.00	
114.00	104.90	96.21	87.58	80.36	75.03	69.80	64.85	59.93	55.28	51.20	47.16	43.40	40.09	37.03	34.40	32.00	30.83	30.40	30.05	30.00	
114.00	106.66	100.12	93.74	87.37	81.27	75.23	69.83	64.57	59.57	55.56	51.98	48.72	45.56	42.40	39.45	36.58	34.09	32.41	31.26	31.00	
112.00	103.06	95.05	87.64	80.59	74.10	68.19	62.39	57.74	53.61	49.53	45.45	41.46	37.55	33.74	30.16	28.82	28.26	28.14	28.03	28.00	
114.00	105.64	98.09	90.58	84.13	77.94	71.94	66.43	61.95	57.59	53.25	49.53	46.11	43.30	40.62	38.02	35.69	33.62	31.84	30.50	30.28	30.06	30.02	30.00	
112.00	104.69	98.36	92.26	86.44	80.74	75.16	69.70	64.65	59.72	55.74	52.08	48.48	45.28	42.25	39.91	37.79	35.99	34.34	33.67	33.16	33.00	
102.00	95.03	88.37	82.06	76.00	70.19	64.73	60.11	55.50	51.29	47.49	44.07	41.05	38.13	35.91	34.38	33.05	32.08	31.34	30.62	30.00	
104.00	98.40	93.08	87.78	82.51	77.30	72.19	67.13	62.45	58.00	53.75	49.62	46.58	43.69	40.85	38.23	36.06	34.28	32.60	31.69	30.79	30.03	29.42	29.00	
114.00	106.74	99.79	93.25	86.86	80.76	75.17	69.76	64.55	59.73	55.28	50.86	46.52	43.12	40.06	37.10	34.32	32.46	31.04	30.04	29.29	28.57	28.26	28.00	
119.00	110.33	102.13	95.09	88.18	81.29	75.23	69.46	63.98	59.37	55.06	51.20	47.47	43.89	40.35	37.42	34.74	32.72	31.40	30.12	28.85	28.51	28.25	28.00	
101.00	94.79	88.77	83.01	77.34	71.68	66.42	61.21	56.26	52.17	48.53	45.08	41.94	39.32	36.79	34.30	32.64	31.14	30.15	29.73	29.41	29.18	29.00	
109.00	102.38	95.88	89.43	83.28	77.70	72.50	67.89	63.29	58.75	54.37	50.65	47.24	44.03	40.86	38.41	36.18	34.02	32.57	32.01	31.51	31.21	31.00	
104.00	96.64	89.60	83.32	77.38	71.48	66.00	60.84	55.74	50.71	47.10	43.85	41.43	39.52	37.90	36.33	34.98	34.27	33.57	32.94	32.38	32.18	32.00	
108.00	100.12	92.47	84.94	77.83	71.88	65.97	61.22	57.36	53.55	49.92	46.32	43.13	40.45	38.05	35.69	34.01	32.38	30.82	29.29	28.53	28.02	28.00	
123.00	114.23	105.69	98.01	90.91	84.92	79.33	74.08	68.83	63.83	59.04	54.28	49.76	45.70	42.79	40.16	37.86	35.98	34.45	33.05	31.96	31.41	31.00	
109.00	103.27	97.60	91.96	86.39	80.92	75.51	70.39	65.66	61.19	56.83	52.60	49.39	46.19	43.03	40.52	38.17	36.29	35.13	34.19	33.30	32.44	32.11	32.00	
106.00	98.18	90.54	83.48	76.54	70.89	65.78	60.95	56.36	52.71	49.17	45.89	42.73	39.64	36.60	35.14	33.80	32.68	32.00	31.41	30.90	30.44	30.18	30.00	
103.00	96.27	90.20	84.28	78.99	74.24	69.63	65.16	61.00	57.00	53.13	49.63	46.52	43.52	40.72	38.37	36.04	34.12	32.53	31.03	29.65	28.97	28.38	28.00	
112.00	105.42	99.10	92.95	86.84	80.90	75.23	69.73	64.51	59.48	54.72	50.07	46.31	42.98	39.96	37.35	35.44	33.67	32.00	30.71	30.19	30.00	
121.00	112.70	104.72	97.61	91.14	84.70	78.77	73.20	68.44	63.96	59.87	56.06	53.19	50.32	47.60	45.02	42.57	40.42	38.42	36.63	35.08	33.57	32.52	32.00	
102.00	95.94	90.07	84.62	79.22	74.25	69.64	65.23	60.96	57.16	53.58	50.10	46.90	43.80	40.98	38.73	36.48	34.56	32.77	31.15	30.06	29.40	29.00	
122.00	114.73	108.01	101.79	96.17	90.62	85.43	80.26	75.26	70.43	65.81	61.35	56.97	52.98	49.09	45.69	42.65	39.67	36.97	34.33	32.05	30.62	29.61	29.00	
113.00	105.35	98.49	91.73	85.27	78.97	72.73	67.39	62.49	57.84	53.38	49.13	45.05	41.38	38.62	36.60	34.64	33.05	31.78	30.66	30.00	
116.00	108.58	101.31	94.11	87.43	81.17	75.74	70.46	65.69	61.09	56.59	52.28	48.46	44.80	42.08	39.37	37.02	34.91	33.07	31.48	30.00	
107.00	99.55	93.10	86.69	80.35	74.83	69.72	64.75	60.29	56.19	52.21	48.34	44.79	41.62	38.71	36.28	34.37	32.85	31.36	30.18	29.58	29.00	
122.00	112.16	103.24	94.61	86.38	78.39	71.58	66.44	61.70	57.51	53.41	49.48	46.01	42.97	40.62	38.32	36.30	34.61	32.97	31.84	30.84	30.13	30.00	
101.00	95.14	89.51	84.00	79.54	75.19	70.97	67.23	63.50	59.97	56.46	52.97	49.50	46.29	43.21	40.73	38.33	36.84	35.42	34.48	33.57	33.06	33.00	
108.00	99.68	92.34	85.08	78.73	72.48	66.40	61.23	56.69	52.52	48.90	45.64	42.89	40.16	37.73	36.13	34.57	33.11	31.70	30.78	30.35	30.00	
114.00	106.39	99.16	92.24	85.39	78.65	72.76	67.09	62.06	57.14	52.64	49.37	46.50	43.76	41.09	38.52	36.26	34.21	32.68	31.40	30.64	30.00	
106.00	99.73	93.54	87.36	81.63	75.94	70.86	66.09	61.40	56.84	52.73	48.80	45.35	42.06	39.35	37.01	34.97	33.36	32.28	31.43	30.70	30.11	30.00	
119.00	110.64	102.46	94.93	88.13	81.34	74.71	68.28	63.36	58.75	54.82	51.04	47.39	44.48	41.68	39.33	37.40	35.63	33.96	32.52	31.11	31.00	
121.00	112.76	104.89	97.22	91.49	85.78	80.45	75.36	70.39	65.46	61.22	56.99	52.89	49.31	45.77	42.38	39.10	36.22	33.60	31.01	28.59	28.00	
114.00	103.85	94.86	87.68	80.88	74.23	67.59	61.49	56.36	51.30	47.47	44.10	41.51	39.02	36.78	35.04	33.45	32.46	31.84	31.25	31.00	
118.00	109.98	102.20	94.53	86.87	80.24	73.80	67.84	62.57	57.96	53.81	49.98	46.26	42.69	39.46	36.74	34.18	31.72	29.84	28.87	28.00	
102.00	97.47	93.11	88.95	84.93	81.12	77.32	73.57	69.86	66.23	62.64	59.06	55.66	52.31	49.16	46.09	43.39	40.95	38.76	36.85	34.95	33.95	33.00	
101.00	94.73	88.77	83.05	77.61	72.94	68.45	64.23	60.64	57.11	53.68	50.45	47.38	44.40	41.73	39.60	37.61	36.09	34.57	33.48	32.73	32.34	32.12	32.00	
115.00	108.55	102.14	96.03	90.17	84.43	79.02	73.81	68.70	63.82	59.16	54.51	50.38	46.57	42.80	39.47	36.79	34.32	32.01	31.02	30.12	29.34	29.00	
101.00	95.17	89.48	84.17	79.80	75.55	71.34	67.24	63.35	59.59	55.98	52.72	49.53	46.43	43.57	40.79	38.23	36.13	34.36	33.20	32.56	32.13	32.05	32.00	
123.00	115.59	108.33	101.18	94.14	87.12	80.36	75.04	70.30	65.87	61.57	57.36	53.47	50.09	46.77	43.73	41.19	38.98	36.87	34.87	33.29	31.91	31.27	31.00	
111.00	102.79	95.02	87.46	79.98	74.12	68.41	62.95	57.63	52.36	47.41	43.04	39.63	36.47	33.58	31.84	30.84	30.20	29.62	29.14	29.02	29.00	
102.00	95.62	90.10	84.70	79.31	73.95	68.90	64.65	60.66	56.93	53.49	50.07	46.90	43.88	41.20	39.22	37.33	35.53	33.91	32.42	30.97	29.86	29.00	
119.00	111.70	104.98	98.28	91.68	85.09	78.64	72.20	66.15	60.69	55.73	50.77	45.88	41.36	38.27	35.80	33.69	32.06	30.50	30.02	30.00	
120.00	111.93	104.95	98.34	91.93	85.78	79.65	73.54	67.57	61.69	56.63	51.78	46.97	42.75	39.13	36.54	34.15	31.81	30.03	29.24	29.07	29.00	
105.00	99.31	93.63	88.10	82.83	78.06	73.33	69.03	64.73	60.79	57.23	53.73	50.74	47.77	45.09	42.51	40.42	38.53	37.08	35.86	34.78	33.81	33.27	33.00	
109.00	101.13	93.86	86.60	79.50	72.73	66.97	61.26	56.59	53.01	50.16	47.35	44.59	41.93	39.71	37.61	35.80	34.55	33.49	32.45	31.50	30.70	30.34	30.00	
103.00	95.99	89.17	82.50	76.48	70.58	64.72	59.19	54.02	49.51	45.35	41.44	37.93	34.88	33.00	31.97	31.33	30.92	30.51	30.14	30.00	
115.00	108.80	102.91	97.21	91.64	86.14	80.81	75.52	70.28	65.19	60.16	55.51	52.20	48.92	45.83	42.85	39.97	37.10	34.47	32.57	31.27	30.48	30.00	
111.00	102.30	93.97	86.58	80.03	73.86	67.79	62.69	58.17	54.03	50.64	47.32	44.09	41.51	39.61	37.91	36.48	35.06	34.03	33.26	33.00	
122.00	113.79	106.44	99.43	92.56	86.30	80.39	74.64	69.36	64.13	58.99	55.07	51.37	47.83	44.41	41.50	39.18	37.33	35.50	33.72	32.07	31.39	31.00	
113.00	105.89	99.00	92.28	85.62	79.06	72.61	66.65	60.73	55.56	50.41	46.36	43.00	39.65	37.25	34.95	32.98	31.59	30.36	29.50	29.13	29.02	29.00	
111.00	103.18	95.58	88.33	81.15	74.17	68.57	63.81	59.06	54.34	49.80	45.72	41.98	38.92	36.50	34.54	32.67	30.83	30.02	29.38	29.00	
123.00	114.09	105.39	96.81	88.66	81.47	74.64	67.97	61.44	56.63	51.85	47.29	42.77	40.33	38.14	35.96	34.31	32.70	31.21	30.03	28.92	28.00	
123.00	115.56	108.24	101.19	94.60	88.13	82.24	76.62	71.31	66.01	60.81	56.15	52.16	48.57	45.30	42.21	39.35	36.73	34.65	33.48	32.86	32.52	32.19	32.00	
115.00	107.34	100.18	93.13	86.08	79.50	74.14	68.98	64.41	59.89	55.88	52.13	48.38	44.82	41.85	39.35	37.03	35.01	33.16	32.01	31.01	30.25	30.00	
116.00	107.79	99.61	91.83	84.94	78.49	72.72	67.09	62.30	57.52	52.81	48.83	44.91	41.20	37.95	34.89	32.65	30.63	29.20	28.68	28.41	28.15	28.01	28.00	
110.00	101.79	94.61	87.70	80.83	74.47	68.84	63.21	57.96	53.03	48.14	43.70	40.23	36.99	34.54	32.89	31.29	29.99	28.81	28.33	28.00	
115.00	107.67	100.62	94.07	87.63	81.47	75.34	69.75	64.36	59.40	54.55	50.07	45.75	42.07	39.25	36.43	34.15	31.90	30.00	29.14	29.00	
110.00	103.30	96.99	90.86	84.87	79.18	73.69	68.26	62.84	57.68	52.56	48.71	45.00	41.91	39.02	36.95	35.10	34.05	33.26	32.68	32.20	32.00	
107.00	101.66	96.34	91.13	86.04	81.07	76.19	71.44	66.80	62.67	58.57	54.57	50.83	47.56	44.41	41.40	38.67	36.27	34.42	32.61	30.91	29.37	29.15	29.00	
102.00	95.98	90.06	84.23	78.51	72.83	67.20	61.86	57.64	53.53	50.00	46.47	43.52	40.71	38.19	36.10	34.25	32.42	31.08	29.90	28.77	28.00	
105.00	98.86	92.87	87.32	82.05	77.38	72.85	68.43	64.37	60.36	56.36	52.47	48.70	45.04	41.63	38.97	36.42	33.94	32.13	30.38	29.01	28.00	
116.00	109.66	103.48	97.39	91.54	85.88	81.13	76.54	72.12	67.74	64.06	60.50	56.98	53.55	50.23	47.12	44.17	41.24	38.37	35.51	33.34	32.57	32.00	
103.00	97.28	92.04	87.29	82.63	78.20	73.87	69.54	65.33	61.13	57.16	53.20	49.71	46.58	43.88	41.43	39.02	37.11	35.41	34.29	33.52	32.76	32.00	
105.00	99.02	93.38	88.14	83.24	78.38	73.78	69.93	66.13	62.35	58.64	54.94	51.32	47.76	44.46	41.32	38.45	36.21	34.07	32.42	30.88	30.55	30.25	30.00	
112.00	105.68	99.51	94.02	88.59	83.40	78.24	73.11	68.05	63.13	58.40	54.10	50.15	46.24	42.69	39.24	36.23	34.03	32.12	31.27	31.00	
114.00	107.98	102.09	96.53	91.16	86.01	81.10	76.28	71.62	66.95	62.34	58.43	54.59	51.25	47.93	44.97	42.10	39.32	37.16	35.45	34.68	34.06	33.52	33.00	
122.00	113.11	104.80	96.65	88.79	82.71	77.21	71.72	66.49	61.36	57.42	53.53	50.04	46.60	43.63	40.86	38.33	36.50	34.81	33.16	31.87	30.86	30.00	
113.00	106.42	99.86	93.37	87.48	81.65	76.38	71.65	67.07	62.63	58.61	55.01	51.52	48.46	45.56	42.68	40.03	37.82	35.87	34.62	33.80	33.51	33.23	33.00	
121.00	110.63	100.30	90.00	79.95	70.88	63.76	57.90	52.61	47.92	44.71	41.50	38.66	36.24	33.86	31.78	30.28	28.87	28.37	28.11	28.00	
106.00	99.69	93.62	87.77	82.29	77.17	72.14	67.47	62.98	58.52	54.55	50.62	47.20	44.45	41.85	40.11	38.50	36.93	35.38	33.92	33.29	33.00	
118.00	110.61	103.46	96.51	90.59	84.99	79.60	74.68	69.94	65.37	61.07	56.79	52.95	49.49	46.56	43.83	41.25	38.71	36.80	34.90	33.18	32.00	
102.00	93.93	86.25	78.81	71.82	65.85	60.66	55.58	51.56	47.75	44.21	41.08	38.25	35.58	33.00	31.51	30.33	29.16	28.49	28.15	28.00	
113.00	104.94	97.60	90.32	83.64	77.27	71.19	65.26	59.78	54.54	50.03	46.44	43.18	40.02	36.91	34.86	33.19	31.91	30.77	29.72	29.00	
113.00	106.58	100.31	94.52	88.96	83.55	78.20	72.96	67.75	62.65	58.03	53.50	49.39	45.52	42.08	39.32	37.35	35.68	34.16	33.27	32.50	32.16	32.00	
103.00	96.82	91.22	85.75	80.66	75.70	70.84	66.07	61.32	56.72	52.17	47.62	43.63	40.41	37.64	35.02	33.27	32.24	31.36	30.54	29.95	29.43	29.00	
113.00	104.22	95.47	86.87	78.87	72.44	66.06	59.99	55.03	51.84	49.25	46.80	44.58	42.37	40.52	38.74	37.08	35.59	34.19	32.92	32.00	
106.00	99.42	92.91	86.74	80.72	74.71	69.18	63.94	58.75	54.13	49.62	45.72	41.93	39.21	36.86	35.34	34.02	32.76	31.65	30.61	30.00	
122.00	113.63	105.35	97.33	89.63	82.31	74.99	67.84	60.96	55.51	50.53	45.66	41.20	37.75	35.19	33.46	32.08	30.91	30.16	30.01	30.00	
110.00	103.12	96.73	90.55	84.47	78.51	72.72	66.96	61.40	56.42	52.43	48.88	45.78	42.96	40.30	38.02	36.03	34.11	32.60	31.94	31.57	31.27	31.00	
123.00	113.35	104.64	96.54	88.84	81.48	74.76	68.12	61.73	57.11	52.59	48.73	45.46	42.57	39.92	37.30	35.25	33.24	32.15	31.31	31.00	
119.00	111.69	104.44	97.40	91.05	85.38	80.21	75.05	70.09	65.28	60.59	56.19	51.86	47.70	44.25	40.80	37.96	35.45	33.06	31.10	29.22	28.00	
104.00	93.93	85.92	78.80	71.81	64.98	59.61	55.47	52.12	49.22	46.53	44.17	41.83	40.11	38.63	37.26	35.89	34.97	34.36	33.78	33.23	33.00	
119.00	110.77	103.75	96.92	90.61	84.99	79.38	73.99	68.62	64.00	59.46	54.99	50.52	46.42	43.37	40.60	38.51	36.78	35.47	34.56	33.85	33.30	33.00	
112.00	103.57	95.34	87.70	80.41	73.61	67.35	61.13	55.15	49.71	44.75	41.49	38.89	36.51	34.42	32.72	31.09	29.68	28.72	28.01	28.00	
110.00	103.43	97.25	91.15	85.58	80.02	75.07	70.14	65.32	60.78	56.34	51.96	48.33	44.75	41.51	38.88	36.58	34.61	32.83	31.99	31.21	30.44	30.00	
113.00	105.82	98.72	92.04	86.37	81.13	76.12	71.47	67.16	63.09	59.16	55.39	51.79	48.21	44.95	41.89	39.14	36.69	34.57	33.01	31.53	30.76	30.21	30.00	
118.00	110.06	102.71	95.70	88.73	81.87	75.18	68.87	62.62	57.29	52.26	47.61	43.02	39.02	36.64	35.08	33.70	32.46	31.23	30.00	29.00	
118.00	109.95	102.19	94.75	87.50	80.67	73.95	67.43	61.88	57.27	53.44	49.65	46.29	43.35	41.16	39.05	37.07	35.36	33.93	32.78	32.00	
107.00	100.34	93.72	87.33	81.64	76.45	71.54	67.95	64.44	61.28	58.15	55.05	52.27	49.54	46.83	44.16	41.65	39.62	38.11	36.76	35.52	34.28	33.35	33.00	
120.00	111.28	103.02	94.85	86.93	79.38	72.89	67.73	62.61	57.64	52.96	48.30	43.73	39.73	37.03	34.95	33.79	33.11	32.50	31.90	31.43	31.17	31.00	
106.00	99.36	92.84	86.42	80.51	75.68	70.97	66.51	62.29	58.34	54.69	51.11	47.64	44.59	42.10	39.87	37.83	36.04	34.40	33.17	32.29	32.00	
113.00	105.49	98.28	91.48	84.97	79.86	74.80	69.80	64.88	60.77	56.83	53.26	49.87	46.71	43.70	41.17	38.85	36.57	35.03	33.60	32.22	31.00	
102.00	94.19	87.59	81.00	76.03	71.08	66.38	61.84	57.56	53.36	49.64	46.35	43.79	41.30	38.94	36.98	35.10	33.23	31.43	29.85	28.46	28.16	28.01	28.00	
111.00	103.23	95.77	89.92	84.26	78.65	73.19	67.94	63.15	58.48	54.40	51.07	48.10	45.22	42.45	39.70	37.04	35.23	33.69	32.37	31.16	31.00	
122.00	113.72	105.57	97.61	89.77	82.11	74.82	68.30	62.06	56.18	51.65	47.89	44.67	42.17	39.70	37.51	36.04	34.60	33.67	33.29	33.00	
123.00	114.41	106.09	97.80	89.65	82.47	76.63	71.18	65.96	60.75	56.14	51.59	47.19	43.58	40.00	36.69	34.01	32.90	32.03	31.49	31.21	31.00	
113.00	105.89	98.85	92.06	85.62	79.33	73.53	69.23	64.96	60.94	57.03	53.27	49.68	46.89	44.18	42.09	40.07	38.17	36.80	35.50	34.76	34.04	33.46	33.00	
108.00	101.70	95.50	89.45	83.44	77.89	72.66	67.68	63.18	58.82	54.91	51.04	47.18	43.64	41.42	39.65	38.12	36.65	35.33	34.25	33.72	33.41	33.20	33.00	
117.00	108.50	100.19	92.69	85.38	78.15	71.96	66.08	60.53	55.01	51.28	47.72	44.47	41.27	38.60	36.30	34.05	33.39	32.79	32.36	32.00	
103.00	95.79	88.97	82.21	75.56	69.21	63.33	57.74	52.88	48.10	44.78	41.95	39.17	37.10	35.06	33.38	31.77	30.78	29.86	29.03	28.47	28.20	28.00	
112.00	104.88	97.96	91.45	85.43	79.44	74.16	68.96	63.84	59.18	54.70	50.97	47.48	44.10	40.99	38.04	35.24	33.92	33.16	32.42	32.07	32.00	
101.00	94.36	87.78	81.61	76.05	70.56	65.84	61.24	57.61	54.24	51.20	48.49	45.88	43.63	41.64	39.71	38.05	36.49	34.98	33.92	33.00	
103.00	97.59	92.23	87.08	82.23	77.53	72.82	68.29	63.93	59.91	56.28	52.74	49.41	46.50	43.67	41.24	38.89	36.70	34.63	32.69	30.83	30.08	30.00	
113.00	105.69	98.50	91.53	85.00	78.61	72.75	67.06	62.18	57.45	52.72	48.42	44.39	41.35	38.34	35.68	33.30	31.10	29.56	28.84	28.29	28.00	
114.00	108.23	102.49	96.83	91.49	86.26	81.11	75.98	70.88	65.95	61.60	57.27	53.02	49.41	46.08	42.76	40.46	38.44	36.76	35.25	34.38	33.60	33.20	33.00	
109.00	102.40	95.79	89.24	82.83	76.70	71.44	66.56	61.79	57.18	53.56	50.08	46.80	44.00	41.22	38.65	37.21	35.78	34.60	33.78	33.25	33.10	33.00	
104.00	98.50	93.25	88.39	83.55	79.12	74.90	70.98	67.16	63.74	60.38	57.46	54.58	51.80	49.20	46.68	44.16	41.67	39.31	37.28	35.67	34.72	33.85	33.00	
120.00	111.01	102.06	94.11	86.64	79.19	71.85	65.83	60.13	55.12	50.58	46.66	42.91	40.01	37.52	35.08	33.16	31.36	30.34	29.39	29.00	
119.00	109.70	100.64	92.24	85.08	77.94	70.98	64.62	59.21	54.20	49.36	46.27	43.77	41.42	39.19	37.14	35.13	33.21	31.45	29.72	28.36	28.14	28.00	
107.00	100.34	93.78	87.43	81.31	75.66	70.37	65.14	59.94	55.33	51.62	48.04	45.00	42.45	40.28	38.39	37.05	35.82	34.82	34.06	33.53	33.21	33.00	
119.00	111.74	104.62	97.66	91.70	86.09	81.13	76.17	71.36	66.81	62.48	58.35	54.42	50.78	47.67	44.58	41.69	38.90	36.62	34.42	33.29	33.00	
116.00	108.89	102.52	96.27	90.07	83.87	77.85	71.95	66.75	61.79	57.12	52.88	48.99	45.27	42.31	39.62	37.08	34.57	32.44	31.34	30.32	29.52	29.00	
101.00	95.14	89.35	83.65	78.17	73.45	68.87	64.52	60.40	56.58	52.80	49.60	46.47	43.66	40.98	38.57	36.50	34.52	32.73	31.35	30.54	29.81	29.29	29.00	
122.00	113.50	105.88	98.64	91.46	85.06	78.74	72.57	67.41	63.19	59.02	55.57	52.20	49.02	46.30	43.72	41.18	38.71	36.29	33.97	32.24	32.00	
119.00	111.49	104.23	97.57	91.00	84.78	78.70	72.72	66.82	60.99	55.36	50.81	46.87	43.26	40.27	37.43	35.24	34.58	33.93	33.31	33.00	
111.00	103.67	96.61	90.00	83.95	78.53	73.15	67.95	63.10	58.51	54.48	50.59	47.10	44.30	41.73	39.18	36.67	34.25	31.93	30.11	28.97	28.50	28.05	28.00	
118.00	110.17	102.57	95.08	88.47	81.98	76.08	70.50	65.47	60.48	55.98	51.74	48.04	44.71	41.53	38.45	35.56	33.37	32.39	31.51	31.00	
105.00	98.73	92.51	87.17	81.94	76.81	71.72	66.89	63.26	59.89	56.64	53.50	50.47	47.50	44.98	42.50	40.24	38.21	36.20	34.48	33.08	31.71	31.00	
112.00	106.22	100.48	94.85	89.27	83.71	78.31	73.14	68.26	63.39	58.54	53.86	49.19	44.61	40.64	36.87	33.83	31.66	30.02	29.28	28.57	28.16	28.00	
110.00	102.46	95.19	88.49	82.04	76.08	70.79	65.71	61.81	58.00	54.29	50.90	47.54	44.78	42.10	39.47	36.88	34.75	32.80	31.28	29.93	29.09	28.38	28.00	
103.00	96.63	90.54	84.70	78.91	73.19	67.61	62.88	58.17	54.61	51.56	48.64	45.92	43.35	40.81	38.77	36.97	35.27	33.59	31.94	30.79	30.09	30.00	
113.00	106.98	100.98	95.02	89.18	83.50	78.77	74.12	69.50	65.00	60.51	56.30	52.15	48.18	44.26	40.71	37.65	35.33	33.37	31.45	29.82	28.37	28.12	28.00	
106.00	99.52	93.16	86.93	81.09	75.50	70.07	65.28	61.14	57.20	53.48	49.91	46.39	42.91	40.75	38.80	37.06	35.77	34.60	33.52	32.48	32.00	
113.00	106.32	99.88	93.43	87.44	82.42	77.49	72.67	67.86	63.21	58.86	54.74	50.77	47.14	43.55	40.66	38.11	35.80	33.89	32.06	30.61	29.50	28.62	28.00	
116.00	108.79	101.60	94.55	87.72	81.30	75.50	70.20	64.98	60.09	55.43	51.05	46.87	43.31	40.10	37.00	33.90	32.71	31.66	31.02	31.00	
105.00	96.89	89.21	81.69	74.90	68.64	62.51	56.70	51.82	48.07	44.98	41.94	39.19	36.44	34.03	32.07	30.31	29.67	29.06	28.52	28.00	
107.00	99.64	92.71	85.98	79.43	73.60	68.20	62.86	57.56	52.49	47.51	43.61	39.98	36.47	34.65	32.94	31.66	30.79	29.99	29.30	29.00	
105.00	97.23	89.65	83.55	78.16	72.78	68.28	63.82	59.81	55.82	52.07	48.36	45.45	42.84	40.44	38.05	35.77	33.53	31.65	30.43	29.44	28.48	28.01	28.00	
101.00	94.30	87.87	82.35	76.91	71.69	66.48	61.61	57.28	53.40	49.92	46.94	44.12	41.38	38.96	36.74	35.19	33.73	32.33	31.37	30.80	30.48	30.19	30.00	
110.00	103.54	97.09	90.71	84.70	79.14	74.00	69.15	64.66	60.40	56.71	53.08	49.46	46.06	43.20	40.38	38.20	36.08	34.93	34.02	33.45	33.00	
111.00	101.86	93.95	86.56	79.29	72.34	65.64	59.48	54.01	48.88	44.32	40.51	37.43	35.27	33.40	32.25	31.10	30.56	30.14	30.01	30.00	
112.00	106.33	100.76	95.37	90.16	85.05	80.12	75.25	70.37	65.70	61.33	57.12	53.07	49.25	45.49	42.68	40.04	37.82	36.05	34.54	33.26	32.08	31.00	30.00	
110.00	103.81	97.63	91.80	86.12	80.52	74.94	69.76	64.93	60.33	55.83	51.75	47.75	44.34	41.06	37.88	35.16	32.48	31.18	30.10	29.70	29.34	29.00	
103.00	96.32	89.68	83.06	76.74	70.58	64.49	59.05	54.17	49.52	45.46	42.33	39.25	37.03	35.31	33.65	32.09	30.97	30.08	29.40	29.00	
123.00	114.84	106.74	98.82	91.41	84.50	77.70	71.32	65.23	59.68	54.33	49.59	44.94	40.30	36.23	34.38	33.56	32.76	32.48	32.20	32.04	32.00	
111.00	104.83	98.94	93.23	87.60	82.64	77.75	72.86	68.05	63.34	59.28	55.89	52.51	49.69	46.95	44.26	41.62	39.36	37.12	35.16	33.37	32.57	32.15	32.00	
109.00	102.61	96.37	90.19	84.47	79.23	74.02	69.35	64.97	60.71	56.55	52.38	48.33	44.64	41.48	38.38	35.54	33.37	31.71	30.62	29.98	29.39	29.14	29.00	
117.00	109.38	102.56	95.87	89.24	82.70	76.49	70.63	65.13	60.00	55.53	51.33	47.23	43.44	40.63	38.65	36.97	35.61	34.49	33.65	32.83	32.37	32.14	32.00	
123.00	114.14	105.89	98.77	91.94	85.17	78.78	72.59	66.65	61.82	57.23	52.74	48.49	44.93	41.80	39.46	37.41	35.40	33.80	32.24	31.24	30.45	30.00	
118.00	110.86	104.26	97.94	91.63	85.36	79.21	73.20	67.70	62.28	57.90	53.62	49.61	46.24	43.03	39.96	37.14	34.95	32.79	30.90	29.77	28.85	28.00	
110.00	102.23	95.09	89.15	83.40	77.93	72.79	67.99	63.55	59.30	55.35	51.47	47.89	44.67	41.48	38.78	36.76	35.19	33.64	32.20	32.00	
102.00	95.42	88.93	82.70	76.54	70.48	65.17	60.19	55.57	51.48	47.79	44.14	40.51	37.29	35.19	33.24	31.85	30.52	29.33	28.86	28.42	28.00	
122.00	115.78	109.63	103.64	97.96	92.36	86.95	81.57	76.24	71.67	67.44	63.28	59.25	55.27	51.76	48.32	44.92	42.22	39.53	37.01	35.03	33.07	31.82	31.00	
123.00	115.21	107.60	100.79	94.42	88.17	82.82	77.58	72.40	67.39	63.09	59.04	55.11	51.92	49.05	46.33	43.84	41.74	39.90	38.10	36.33	34.63	33.61	33.00	
115.00	108.88	102.93	97.12	91.52	86.20	80.92	75.66	70.43	65.20	60.15	55.61	51.16	46.78	42.85	39.40	36.76	34.30	32.96	31.84	31.09	31.00	
102.00	94.24	86.66	80.15	73.85	67.73	62.16	56.88	52.58	48.34	44.25	40.88	38.27	36.00	33.79	32.13	30.51	29.48	28.81	28.31	28.10	28.03	28.00	
121.00	112.58	104.73	97.33	90.34	83.36	76.40	69.64	64.41	59.60	55.09	51.52	47.98	44.47	41.74	39.12	36.91	35.18	33.47	31.93	30.59	29.41	28.67	28.00	
101.00	95.43	89.86	84.30	78.76	73.43	68.24	63.14	58.04	52.96	48.17	44.67	41.75	39.60	37.46	35.96	34.57	33.29	32.34	31.56	31.00	
113.00	106.46	100.03	94.06	88.36	82.87	77.68	72.50	67.62	63.12	59.02	54.99	51.20	47.81	44.76	42.02	40.21	38.47	36.76	35.10	34.21	33.44	32.70	32.00	
104.00	98.00	92.11	86.26	80.49	74.76	69.96	65.50	61.08	57.17	53.48	49.86	46.40	43.47	40.67	37.93	35.66	33.65	31.93	30.60	29.59	28.89	28.20	28.00	
107.00	99.90	93.58	87.56	82.06	76.65	71.56	66.55	62.20	58.39	54.69	51.07	47.44	44.02	40.70	37.97	35.48	34.23	33.05	32.07	32.00	
108.00	98.26	88.80	79.74	70.89	63.63	57.42	51.70	47.18	43.78	41.46	39.24	37.10	34.97	33.04	31.61	31.10	30.60	30.32	30.11	30.00	
112.00	104.70	97.85	91.12	84.53	78.33	72.33	66.38	60.49	55.73	51.21	47.10	43.28	40.07	38.13	36.66	35.26	33.97	32.84	32.07	32.00	
102.00	96.46	91.03	85.86	81.07	76.33	71.75	67.33	63.25	59.24	55.34	51.46	47.77	44.36	41.16	37.97	35.07	32.52	30.27	28.60	28.21	28.00	
111.00	103.19	96.17	89.41	83.27	77.72	72.19	66.69	61.42	56.28	51.50	47.73	44.36	41.07	38.77	36.52	34.59	32.93	32.09	31.34	30.79	30.35	30.00	
110.00	103.63	97.29	91.17	85.71	80.37	75.22	70.12	65.14	60.55	56.03	51.90	47.88	44.14	40.56	37.00	34.29	32.24	30.84	29.63	28.66	28.00	
109.00	102.25	95.67	89.94	84.48	79.27	74.30	69.35	64.86	60.93	57.37	53.81	50.49	47.24	44.18	41.29	38.45	36.26	34.33	33.05	32.12	31.45	31.00	
106.00	99.71	93.78	87.86	82.04	76.30	71.48	67.01	62.74	58.48	54.24	50.62	47.15	44.46	41.87	39.61	37.54	35.53	33.81	32.59	31.81	31.13	31.05	31.00	
108.00	100.59	93.17	85.95	79.67	73.75	68.35	62.96	58.29	53.92	49.76	46.08	42.73	39.88	37.61	35.35	33.46	32.09	31.19	30.51	30.00	
119.00	111.15	103.62	96.44	89.84	83.52	77.39	71.41	65.80	60.51	55.48	51.22	47.11	44.42	41.74	39.34	37.09	34.91	33.59	33.01	33.00	
119.00	110.79	103.02	95.35	87.99	81.66	76.84	72.09	67.49	62.93	58.75	54.62	51.27	47.98	45.23	42.76	40.38	38.03	35.97	34.01	32.30	30.88	29.72	29.00	
117.00	110.71	104.49	98.30	92.63	87.11	81.81	77.18	72.55	68.32	64.11	59.94	55.78	51.63	47.60	44.48	41.37	38.70	36.24	33.94	31.80	29.71	29.20	29.00	
115.00	107.42	100.48	93.97	87.57	81.89	76.49	71.20	66.10	61.12	56.90	52.77	49.34	45.99	42.83	39.87	37.53	35.44	33.38	31.73	30.48	30.00	
112.00	105.11	98.56	92.04	85.56	79.14	72.73	66.95	61.72	56.81	52.14	48.34	45.34	43.15	41.01	38.92	37.33	36.09	34.99	34.19	33.50	33.00	
104.00	96.04	88.79	82.92	77.05	71.99	67.06	63.04	59.10	55.40	52.05	49.10	46.31	44.00	42.08	40.26	38.43	36.74	35.42	34.25	33.24	33.06	33.00	
101.00	93.79	86.63	79.90	73.86	69.10	64.66	60.24	56.72	53.57	50.60	48.20	45.83	43.46	41.54	39.67	37.86	36.13	34.47	32.96	32.00	31.05	30.17	30.00	
122.00	113.11	104.92	97.19	89.63	82.07	75.65	69.30	63.12	57.20	53.54	49.88	46.46	43.30	40.61	38.04	35.49	33.09	31.28	30.29	29.60	29.21	29.00	
123.00	115.32	107.71	100.43	93.33	86.45	79.66	72.94	66.98	61.73	56.73	52.58	48.50	44.85	41.33	38.70	36.32	34.73	33.37	32.28	31.59	31.19	31.02	31.00	
116.00	107.46	99.19	91.39	83.99	77.96	72.32	66.94	62.07	57.29	52.77	48.66	45.27	42.04	39.09	36.24	33.65	31.63	30.10	29.45	29.20	29.00	
119.00	112.26	105.80	99.35	92.92	86.70	80.51	74.60	68.97	63.55	58.30	53.32	48.58	44.77	42.28	40.16	38.09	36.11	34.22	32.53	31.30	30.33	30.10	30.00	
111.00	104.97	99.00	93.10	87.32	81.68	76.18	70.80	65.43	60.37	55.69	51.36	47.12	43.33	40.76	38.54	36.75	35.19	33.72	32.72	31.76	31.00	
116.00	107.46	99.30	91.64	84.05	77.82	72.00	66.98	61.98	57.91	54.35	50.84	47.48	44.82	42.22	39.66	37.51	35.48	33.90	32.82	31.79	31.13	31.00	
104.00	97.59	91.21	85.10	79.13	73.68	68.45	64.01	59.87	55.94	52.33	48.95	45.79	42.64	39.56	36.58	34.02	32.00	30.40	29.56	29.00	
106.00	98.64	91.56	85.07	78.77	72.57	66.79	62.07	57.98	54.03	50.48	47.13	43.87	40.69	37.61	35.54	33.60	31.86	30.46	29.34	28.27	28.00	
114.00	106.21	98.58	91.55	85.54	79.71	74.23	69.21	64.23	59.60	55.59	51.88	48.48	45.09	42.07	39.48	37.00	34.86	32.80	31.34	31.00	
108.00	98.70	89.53	81.40	74.82	68.81	63.90	59.67	55.52	51.85	48.54	45.29	42.15	39.23	36.46	34.63	33.09	31.93	30.84	29.86	28.93	28.05	28.00	
101.00	95.40	89.97	84.68	79.67	74.68	69.93	65.41	60.90	56.47	52.27	48.61	45.12	42.21	40.41	38.82	37.27	36.25	35.31	34.42	33.62	33.27	33.00	
116.00	108.21	100.65	94.22	88.17	82.25	76.41	70.57	64.92	59.56	54.29	49.71	46.29	43.54	40.84	38.44	36.17	34.01	32.02	30.04	29.33	28.63	28.24	28.00	
105.00	97.17	89.86	83.18	77.84	72.65	67.55	63.55	59.65	56.08	52.61	49.32	46.08	43.62	41.49	39.45	37.50	35.69	34.29	33.37	33.00	
105.00	99.40	94.13	89.01	84.03	79.10	74.26	69.50	64.74	60.08	55.72	52.05	48.60	45.32	42.04	39.47	37.08	35.52	34.03	33.07	33.00	
118.00	109.06	101.55	94.30	87.37	80.91	75.30	69.89	64.97	60.28	55.85	51.78	48.54	45.84	43.34	40.93	38.75	36.64	34.75	33.35	31.95	31.21	30.52	30.00	
113.00	106.74	100.55	94.46	88.61	83.45	78.32	73.54	68.84	64.27	60.69	57.24	53.80	50.46	47.21	44.16	41.16	38.72	36.38	34.06	32.02	30.22	29.41	29.00	
106.00	99.60	93.66	88.14	82.70	77.28	71.90	66.56	61.34	56.72	52.55	48.73	45.19	41.67	38.88	36.28	34.02	32.02	30.66	30.31	30.00	
114.00	106.39	99.04	92.25	85.58	79.09	72.61	66.80	61.45	56.12	51.44	47.18	43.23	39.86	37.26	35.46	33.86	32.48	31.66	31.02	31.00	
122.00	115.29	108.79	102.36	95.93	89.80	84.03	78.41	72.99	67.72	62.69	57.78	53.43	49.50	45.67	42.04	39.05	36.36	34.30	32.52	31.45	30.50	29.67	29.00	
116.00	107.73	99.53	92.20	85.57	79.05	74.36	69.77	65.38	61.14	57.00	53.14	49.91	46.77	43.70	41.01	38.53	36.72	35.03	33.47	32.00	
117.00	110.11	103.33	96.67	90.38	84.56	78.78	73.16	67.56	62.46	57.37	52.48	48.13	43.95	41.15	38.43	35.74	34.02	32.64	32.20	32.00	
104.00	95.55	87.69	80.00	72.70	66.47	60.85	56.34	52.27	48.86	45.75	42.97	41.19	39.51	37.93	36.39	34.90	33.87	33.00	32.17	31.51	31.00	
113.00	107.17	101.38	95.94	90.86	85.93	81.04	76.22	71.42	66.75	62.31	58.26	54.53	51.14	47.98	44.89	41.86	38.93	36.97	35.75	34.59	33.72	33.00	
119.00	111.09	103.23	95.64	88.31	81.08	73.91	67.60	61.54	55.85	51.70	47.68	44.16	41.44	39.26	37.10	34.96	33.49	32.13	30.92	29.87	28.90	28.25	28.00	
109.00	102.81	96.84	91.16	85.53	80.12	75.26	70.46	66.04	61.77	57.52	53.94	50.39	47.30	44.45	41.70	39.17	37.16	35.28	33.46	31.73	30.12	29.16	29.00	
119.00	112.14	105.55	99.08	92.64	86.33	80.77	75.28	69.82	64.43	59.74	55.68	51.66	47.69	43.78	39.98	37.58	35.43	33.70	32.12	31.00	29.88	29.32	29.00	
114.00	108.13	102.49	96.86	91.23	86.02	80.96	76.19	71.46	66.75	62.08	57.72	53.45	49.50	46.07	42.95	39.91	37.57	35.31	33.32	31.82	30.75	30.29	30.00	
120.00	112.20	104.67	97.48	90.45	83.73	77.10	71.18	65.38	60.32	55.83	51.42	47.28	44.04	41.19	38.85	37.31	35.90	34.92	33.97	33.44	32.94	32.44	32.00	
119.00	112.15	105.39	99.38	93.43	87.72	82.20	76.92	71.82	66.83	62.26	57.93	53.61	49.44	45.67	42.04	38.92	36.00	33.15	30.62	28.76	28.00	
102.00	95.82	89.70	83.80	78.32	73.11	67.91	63.70	59.84	56.00	52.40	48.93	45.67	43.42	41.29	39.18	37.22	35.60	34.92	34.33	33.86	33.47	33.17	33.00	
116.00	109.17	102.43	96.03	89.74	83.58	78.11	73.02	68.40	63.86	59.72	55.72	52.14	48.95	45.79	42.87	40.41	38.57	36.95	35.35	34.33	33.58	33.00	
123.00	114.45	106.27	99.27	92.43	85.90	79.72	73.74	68.21	62.97	58.61	54.35	50.16	46.25	43.16	40.20	37.48	34.83	33.10	31.58	30.67	30.21	30.00	
109.00	101.53	94.29	87.17	80.21	73.55	67.27	62.30	57.71	53.46	49.38	45.39	41.94	38.80	36.45	34.21	32.83	31.60	30.51	30.24	30.00	
115.00	107.34	99.99	93.29	87.02	80.90	74.79	69.17	64.00	59.32	54.94	51.25	47.63	44.83	42.14	39.78	37.47	35.34	33.51	32.43	31.52	30.72	30.00	
110.00	102.96	96.24	89.52	83.42	77.61	71.92	67.22	62.69	58.39	54.14	50.94	47.79	44.80	41.87	39.09	36.61	34.14	32.46	31.02	29.96	29.52	29.21	29.00	
101.00	95.14	89.59	84.18	78.88	73.65	68.78	64.55	60.59	56.73	52.92	49.26	46.72	44.25	41.95	39.90	38.05	36.62	35.43	34.38	33.61	32.93	32.46	32.00	
103.00	95.91	89.22	82.57	76.06	69.59	63.16	57.69	53.91	50.28	47.08	43.89	41.36	38.84	36.59	35.72	34.87	34.11	33.38	33.14	33.00	
118.00	110.37	102.78	95.22	88.34	81.77	75.96	70.72	65.91	61.60	57.72	53.92	50.17	46.92	43.72	40.63	38.44	36.61	35.19	33.90	32.62	31.56	30.67	30.00	
106.00	100.20	94.41	88.85	83.37	78.45	73.81	69.50	65.20	60.95	56.72	52.67	49.31	46.06	43.09	40.19	37.72	35.27	34.08	33.56	33.12	33.00	
113.00	104.01	96.32	89.61	83.01	76.66	71.09	66.48	62.18	58.07	54.39	50.72	47.39	44.09	40.88	37.92	35.81	34.91	34.05	33.30	32.68	32.26	32.00	
122.00	114.50	107.07	99.73	92.55	85.74	79.05	72.92	67.05	62.34	57.91	54.15	50.47	46.95	43.44	40.34	37.85	36.00	34.63	33.38	32.46	31.54	31.26	31.00	
115.00	108.20	101.73	95.38	89.11	83.19	77.57	72.01	66.68	61.98	57.67	53.75	49.95	46.32	43.25	40.46	37.94	35.83	34.36	33.18	32.14	31.50	31.00	
119.00	109.93	101.10	92.82	86.48	80.52	74.69	69.14	63.81	59.39	55.03	51.15	47.84	44.88	41.94	39.39	36.96	35.25	33.58	32.23	31.69	31.29	31.00	
106.00	99.58	93.31	88.11	82.94	77.92	73.14	68.53	64.39	60.46	57.24	54.19	51.27	48.45	45.71	43.08	40.47	37.91	35.85	33.97	32.19	30.82	29.86	29.00	
106.00	98.78	91.86	85.43	79.50	73.74	68.52	63.60	58.88	54.33	50.26	46.56	43.21	40.67	38.41	37.04	35.84	34.71	33.78	32.93	32.15	31.61	31.11	31.00	
114.00	105.17	96.76	88.37	79.99	73.45	67.71	62.52	57.34	52.39	47.71	44.33	40.97	37.62	35.10	32.68	30.69	28.80	28.48	28.22	28.00	
101.00	95.38	89.84	84.55	79.30	74.41	69.64	64.87	60.34	56.02	51.84	47.74	44.09	40.94	38.26	35.87	33.90	32.36	31.15	30.24	30.00	
119.00	111.09	103.32	95.84	88.87	82.04	75.95	70.16	64.46	59.45	54.89	51.30	47.99	44.81	41.70	38.91	36.73	34.56	32.74	31.64	30.58	30.00	
113.00	107.11	101.36	95.91	90.59	85.54	80.79	76.24	71.79	67.59	63.47	59.38	55.37	51.48	47.74	44.04	40.46	37.02	34.21	31.62	29.53	28.00	
113.00	106.66	100.42	94.50	88.76	83.25	77.87	72.77	68.01	63.51	59.05	54.97	51.18	47.41	44.57	42.12	39.78	37.45	35.49	33.76	32.10	30.48	29.33	29.00	
119.00	110.31	102.68	95.35	88.08	81.79	76.11	71.10	67.01	63.04	59.44	55.97	52.55	49.20	46.08	43.21	40.52	37.83	35.29	33.18	31.66	30.38	30.06	30.00	
122.00	114.28	106.59	99.18	92.43	85.71	79.03	72.69	66.36	60.97	56.65	52.36	48.49	45.06	42.14	39.77	37.97	36.44	35.08	34.02	33.10	33.03	33.00	
101.00	96.14	91.46	86.97	82.49	78.32	74.33	70.48	66.91	63.53	60.28	57.14	54.01	50.89	47.93	45.13	42.34	39.60	37.36	35.20	33.20	31.37	30.57	30.00	
116.00	107.63	99.63	92.10	85.37	78.95	72.78	67.41	62.09	56.78	51.68	46.93	43.30	40.95	38.77	36.64	34.65	32.87	31.25	30.19	29.34	29.02	29.00	
120.00	109.83	99.96	90.77	82.22	74.16	66.40	59.86	53.62	48.59	44.25	40.68	38.10	36.24	34.53	32.84	31.17	29.71	29.24	29.15	29.07	29.00	
119.00	110.94	104.12	98.13	92.32	86.63	81.19	75.83	70.72	66.03	61.73	57.89	54.36	50.85	47.40	44.08	41.27	38.97	36.79	34.83	32.94	31.93	31.00	
122.00	114.17	107.21	100.59	94.23	88.35	82.96	77.60	72.33	67.39	62.45	57.62	53.23	48.87	44.90	41.28	38.15	36.18	34.27	32.56	30.89	30.00	
108.00	101.08	94.50	87.94	82.45	77.25	72.11	67.13	62.88	58.63	54.75	50.95	47.49	45.12	42.78	40.51	38.34	36.20	34.10	33.15	33.00	
101.00	95.33	89.71	84.19	78.88	74.39	69.93	65.64	61.48	57.37	53.29	49.51	45.91	42.68	39.95	37.31	35.01	33.54	32.56	31.63	30.88	30.38	30.00	
107.00	100.69	94.41	88.22	82.04	76.37	70.91	65.96	61.37	58.19	55.12	52.12	49.14	46.27	43.61	41.16	38.72	36.48	34.95	33.66	32.52	31.84	31.26	31.00	
114.00	106.43	99.00	92.14	86.34	80.55	74.92	69.41	64.46	59.63	54.92	50.85	46.82	43.19	40.50	37.82	35.95	34.60	33.56	32.77	32.04	31.43	31.00	
109.00	100.75	93.31	86.50	79.89	73.92	68.42	63.04	57.83	52.70	48.50	44.45	41.63	39.01	36.45	34.02	31.95	30.06	29.42	29.20	29.00	
117.00	107.77	98.73	90.82	83.78	78.26	73.50	68.76	64.06	59.42	54.83	50.56	46.45	42.52	39.18	36.04	34.21	32.44	31.26	30.34	29.55	29.00	
116.00	109.69	103.41	97.30	91.40	85.58	80.08	74.91	70.24	65.83	61.82	57.96	54.17	50.85	47.63	44.56	42.14	39.80	37.61	35.71	34.76	33.82	33.15	33.00	
112.00	104.87	98.40	92.17	85.97	79.94	74.54	69.44	64.45	59.69	55.15	50.68	47.06	43.74	41.44	39.17	36.92	35.24	34.11	33.20	32.41	32.00	
106.00	98.36	90.83	83.49	76.32	69.55	64.87	60.45	56.04	52.51	49.07	45.70	42.33	39.35	37.55	36.13	34.90	33.86	33.10	32.40	32.20	32.05	32.00	
114.00	107.12	100.39	93.70	87.03	80.43	74.57	69.47	64.64	60.23	56.36	52.55	49.03	45.59	42.80	40.07	37.57	35.56	33.78	32.13	31.00	30.17	29.56	29.00	
103.00	96.24	89.84	83.47	77.57	72.00	66.53	61.09	55.98	51.50	47.32	43.91	40.86	38.39	36.11	34.03	33.20	32.38	31.83	31.42	31.06	31.00	
103.00	96.95	91.01	85.16	79.58	74.10	68.62	63.36	58.65	54.04	49.91	45.92	43.26	41.30	39.44	37.93	36.47	35.06	33.77	33.24	33.11	33.06	33.00	
113.00	106.21	99.90	93.73	87.93	82.47	77.16	72.12	67.52	63.47	59.60	55.84	52.27	49.14	46.16	43.23	41.09	38.99	36.94	35.54	34.47	33.64	33.21	33.00	
115.00	106.07	97.33	89.61	81.92	74.75	68.04	63.77	59.50	55.40	51.76	48.51	45.50	42.57	39.88	37.32	35.39	34.64	33.91	33.28	32.77	32.42	32.18	32.00	
116.00	108.22	100.44	93.03	85.77	79.04	73.78	68.73	63.80	59.78	56.28	52.78	49.33	46.74	44.17	41.64	39.30	37.02	34.73	32.79	31.40	30.06	30.00	
101.00	94.75	88.80	83.19	77.59	73.25	69.23	65.34	61.60	58.14	54.84	51.62	48.74	45.91	43.17	40.69	38.22	36.23	34.39	32.70	31.35	30.50	30.00	
106.00	97.27	90.02	83.34	77.32	72.26	67.44	62.71	58.10	53.52	49.43	45.67	41.96	38.46	35.26	32.07	31.02	30.09	29.43	29.19	29.00	
122.00	115.16	108.40	101.87	95.50	89.37	83.54	77.76	72.51	67.60	63.21	58.83	54.78	50.95	47.13	43.71	40.47	37.49	34.68	32.33	30.71	30.31	30.00	
106.00	99.16	92.35	86.29	80.50	75.30	70.41	65.64	61.36	57.15	53.28	49.66	46.38	43.27	40.54	37.95	35.46	33.06	31.98	31.39	31.01	31.00	
123.00	115.05	108.22	101.69	95.51	89.53	83.54	77.88	72.30	66.89	62.53	58.89	55.26	51.63	48.30	45.05	42.17	39.59	37.26	35.10	33.45	32.15	31.20	31.00	
118.00	110.21	102.99	95.90	89.19	83.42	77.83	72.28	67.22	62.26	57.72	53.49	49.75	46.30	43.20	40.39	37.98	36.30	34.86	33.47	33.00	
109.00	101.66	94.72	87.82	81.42	75.24	69.54	64.01	59.74	55.50	51.91	48.56	45.54	42.77	40.01	37.50	35.04	32.60	30.44	29.33	28.70	28.17	28.00	
112.00	104.28	96.61	89.21	82.78	76.66	70.93	65.58	60.53	56.17	51.97	48.00	44.80	41.67	39.66	37.72	36.18	35.35	34.63	33.99	33.44	33.03	33.00	
122.00	114.05	106.54	99.39	92.44	85.55	79.40	73.44	67.73	62.91	58.62	54.38	50.21	46.20	42.21	38.57	35.81	34.91	34.10	33.37	33.00	
111.00	100.50	91.47	83.41	76.00	68.94	62.76	56.92	51.50	47.42	43.44	39.69	36.28	34.48	32.86	31.42	31.04	30.66	30.30	30.05	30.00	
101.00	95.28	89.98	84.91	80.34	75.89	71.61	67.57	63.56	59.64	55.77	51.93	48.43	45.19	42.03	39.64	37.90	36.18	34.62	33.46	32.85	32.27	32.10	32.00	
115.00	107.56	100.19	92.94	85.87	79.17	72.57	66.41	60.79	55.37	51.16	47.47	44.34	41.69	39.09	36.59	34.76	32.96	31.27	30.48	30.00	
117.00	109.00	101.37	94.36	87.43	81.21	75.48	70.00	65.17	60.41	55.69	51.83	48.74	46.26	44.13	42.04	40.48	39.01	37.76	36.57	35.45	34.58	33.71	33.00	
117.00	110.75	104.70	98.84	92.99	87.36	81.85	76.58	71.46	66.81	62.36	58.15	54.11	50.22	47.08	44.15	41.26	38.51	36.49	34.55	32.77	31.24	30.07	30.00	
104.00	97.37	90.82	85.02	79.38	74.25	69.24	64.39	60.19	56.30	52.64	49.30	46.08	42.98	40.29	37.95	35.77	34.55	33.46	32.50	31.55	31.23	31.08	31.00	
111.00	104.60	98.30	92.73	87.43	82.25	77.76	73.40	69.33	65.27	61.39	58.06	54.83	51.78	48.86	45.94	43.07	40.23	37.54	35.92	34.36	33.02	31.93	31.00	
120.00	113.36	106.74	100.14	93.84	87.55	81.52	75.98	71.28	66.67	62.55	58.50	55.10	51.77	48.52	45.35	42.22	39.67	37.33	35.18	33.32	32.15	31.04	31.00	
107.00	101.13	95.37	90.03	85.18	80.50	75.96	71.50	67.22	63.04	58.89	54.95	51.40	47.98	45.34	42.88	40.44	38.13	35.98	34.21	32.70	31.24	30.53	30.00	
106.00	99.34	92.82	86.90	81.14	75.52	69.94	64.53	59.31	54.44	50.16	46.78	43.61	40.76	37.95	35.31	33.73	32.42	31.69	31.10	31.00	
118.00	108.80	100.16	92.95	85.89	79.02	72.55	66.49	61.93	57.55	53.29	49.59	46.64	44.01	41.44	38.99	36.61	34.50	33.38	32.41	32.14	32.00	
108.00	99.67	91.46	83.94	77.90	72.49	68.06	63.93	59.83	56.20	52.64	49.36	46.19	43.02	40.36	37.76	35.42	33.34	31.35	29.58	29.00	
101.00	93.21	85.95	79.17	72.78	66.70	61.88	57.59	53.33	49.62	46.40	43.37	40.35	38.73	37.18	35.78	34.73	33.77	32.91	32.05	31.54	31.15	31.00	
118.00	110.12	102.33	95.00	87.74	81.28	75.15	69.48	64.03	58.59	54.02	49.68	45.65	41.76	38.63	35.56	33.48	32.14	31.29	30.45	30.23	30.07	30.00	
119.00	110.35	101.84	93.80	86.00	78.24	70.73	63.62	56.85	51.61	48.09	44.82	41.85	39.17	37.31	35.78	34.33	33.01	31.99	31.20	30.48	29.78	29.32	29.00	
122.00	115.11	108.26	101.73	95.49	89.71	84.26	78.86	73.74	68.63	63.54	58.49	53.65	48.85	44.23	40.07	36.24	33.78	32.16	31.08	30.16	30.00	
114.00	106.56	99.26	92.22	85.31	78.73	72.94	67.32	62.20	57.84	53.68	49.53	45.63	42.39	40.13	38.02	36.23	34.61	33.10	31.97	31.32	31.16	31.00	
107.00	100.01	93.56	87.30	81.42	75.65	69.92	64.55	59.21	53.89	48.77	44.93	41.09	37.99	35.74	34.24	32.89	31.59	30.51	29.45	28.70	28.00	
105.00	97.66	90.45	83.55	76.79	70.58	65.13	60.39	55.87	51.37	47.17	43.75	41.17	38.81	37.62	36.48	35.35	34.26	33.23	32.28	31.74	31.21	31.00	
122.00	114.10	106.55	99.56	93.09	86.75	80.75	75.28	70.37	65.49	60.68	56.00	51.35	46.87	42.78	39.85	37.00	34.36	32.19	30.21	29.11	28.28	28.00	
110.00	102.14	94.76	87.45	80.28	73.87	67.72	62.07	56.58	52.30	48.63	45.26	42.33	39.49	36.70	34.00	32.13	31.09	30.19	29.45	29.00	
116.00	108.75	101.70	94.77	87.89	81.20	75.32	69.57	64.22	59.87	56.24	53.00	49.92	46.88	43.86	40.86	37.95	35.86	33.87	32.00	30.63	30.00	
121.00	113.76	106.85	100.17	93.80	87.63	81.51	75.52	70.05	64.82	60.59	56.39	52.39	48.64	45.47	42.60	39.80	37.25	34.74	32.59	31.03	29.94	29.00	
105.00	98.61	92.33	86.44	80.62	74.94	69.40	64.36	59.90	55.89	52.52	49.26	46.48	43.75	41.12	38.76	36.60	34.88	33.22	31.56	30.97	30.42	30.00	
106.00	99.34	93.39	87.89	82.41	77.16	72.31	68.13	64.04	60.13	56.22	52.35	48.82	45.49	42.84	40.46	38.11	35.85	34.04	33.07	32.46	32.03	32.00	
101.00	92.48	86.05	80.40	75.65	71.28	67.01	63.00	59.00	55.31	51.79	48.29	45.01	42.24	40.09	37.94	35.84	33.80	32.46	31.39	31.00	
116.00	105.60	96.19	87.20	79.68	72.31	65.56	58.95	52.94	47.24	43.31	39.79	37.07	34.61	32.63	31.61	30.69	29.81	29.20	29.09	29.00	
114.00	106.36	99.26	92.17	85.12	78.15	71.81	65.52	60.64	55.78	51.36	47.21	43.42	40.42	37.86	35.67	33.83	32.01	30.95	30.03	29.26	29.02	29.00	
123.00	115.01	107.57	100.40	93.34	86.50	79.79	74.03	68.41	63.89	59.39	54.95	51.26	47.67	44.12	40.70	38.24	35.88	34.07	33.33	33.03	33.00	
107.00	100.51	94.32	88.65	82.99	78.04	73.16	68.45	63.78	59.28	54.94	50.87	47.65	44.47	41.61	38.78	36.82	35.06	33.34	31.81	30.43	29.54	29.22	29.00	
114.00	107.92	101.92	96.44	90.99	85.75	81.14	76.61	72.38	68.45	64.61	60.79	57.07	53.35	50.30	47.30	44.40	41.69	39.41	37.23	35.14	34.27	33.57	33.00	
121.00	113.11	105.50	98.66	91.89	85.19	78.69	72.49	66.88	61.73	56.72	52.57	49.27	46.11	43.41	40.99	39.00	37.11	35.23	33.73	32.33	31.37	30.55	30.00	
118.00	109.54	101.47	94.10	86.89	79.71	72.86	67.60	62.65	58.40	54.19	50.11	46.19	43.06	40.23	37.62	36.24	35.08	34.05	33.44	33.04	33.00	
103.00	93.34	83.97	75.46	67.33	61.29	56.36	51.54	48.18	44.88	42.43	40.29	38.77	37.27	35.88	35.07	34.31	33.71	33.30	33.01	33.00	
114.00	105.64	98.59	92.02	85.70	79.42	73.35	67.44	61.83	57.03	52.33	48.15	44.70	41.52	38.81	36.42	34.37	33.55	32.76	32.22	32.00	
114.00	107.03	100.14	93.93	88.43	83.08	77.86	72.67	67.55	62.98	58.55	54.37	50.54	47.16	43.90	41.36	38.96	37.08	35.51	34.16	32.94	32.27	32.06	32.00	
116.00	109.33	102.69	96.19	89.81	83.93	78.58	73.38	68.20	63.26	58.66	54.50	50.44	46.42	43.02	40.14	37.35	34.72	32.16	30.75	30.46	30.18	30.00	
108.00	102.46	97.09	91.77	86.49	81.55	76.73	71.96	67.32	62.85	58.39	54.04	49.91	46.48	43.74	41.03	38.67	36.39	34.16	32.74	31.34	30.33	30.14	30.00	
105.00	97.98	90.98	84.17	77.53	71.02	65.51	60.96	56.45	52.00	48.43	45.51	42.79	40.24	37.94	35.70	34.03	32.40	31.11	30.30	29.63	29.06	29.00	
111.00	105.07	99.18	93.32	87.59	82.00	76.44	71.00	66.41	62.15	58.12	54.21	50.35	46.69	43.46	40.95	39.06	37.19	35.47	34.14	33.31	32.67	32.25	32.00	
110.00	103.10	96.25	90.10	84.51	79.13	74.21	69.42	64.76	60.40	56.14	52.44	48.86	45.55	42.76	40.08	37.57	35.08	32.74	31.29	30.24	29.20	28.24	28.00	
111.00	103.35	96.43	89.75	83.40	77.56	71.78	66.56	61.60	56.98	52.56	48.20	44.24	40.59	37.77	35.20	32.66	31.38	30.28	29.21	28.23	28.00	
116.00	108.15	101.10	94.18	87.45	80.89	74.91	69.25	63.62	58.11	53.53	49.00	45.58	42.60	39.66	36.74	34.85	33.38	31.96	31.50	31.18	31.00	
105.00	97.41	90.34	83.58	77.09	71.68	66.32	61.41	56.91	53.05	49.49	46.03	42.63	39.90	37.20	35.08	33.13	31.20	29.81	29.48	29.18	29.05	29.00	
114.00	105.96	98.34	91.84	85.53	79.90	74.58	69.32	64.33	59.55	55.57	51.64	47.79	44.51	41.25	38.34	35.44	33.88	32.60	32.07	32.00	
107.00	100.70	94.51	88.93	83.41	77.95	73.13	68.68	64.32	60.04	56.62	53.34	50.54	48.15	45.85	43.56	41.29	39.11	37.23	35.62	34.14	32.88	32.11	32.00	
106.00	98.79	91.60	84.41	78.10	72.00	66.07	60.70	55.75	51.59	47.44	43.33	39.40	36.64	34.90	33.48	32.17	30.91	30.16	29.43	29.03	29.00	
114.00	105.75	98.25	91.03	84.50	78.43	72.68	66.95	61.55	56.19	51.42	47.01	42.82	38.98	36.67	34.74	33.85	33.52	33.28	33.10	33.00	
109.00	101.84	95.06	88.65	82.26	76.08	70.71	65.82	61.05	57.22	53.53	50.00	46.82	43.93	41.27	39.00	37.33	35.92	34.59	33.32	32.67	32.32	32.03	32.00	
108.00	101.59	95.48	89.51	83.66	77.88	72.13	66.48	61.47	57.02	52.64	48.31	44.29	41.48	38.94	36.74	34.56	32.64	31.93	31.39	30.98	30.57	30.25	30.00	
110.00	103.18	97.28	91.40	86.05	80.93	76.17	71.89	67.76	63.76	59.95	56.46	53.00	50.10	47.22	44.43	41.72	39.08	36.58	34.58	33.15	33.05	33.00	
122.00	110.69	101.69	92.82	84.34	76.34	68.62	61.19	55.87	51.07	46.63	42.99	40.48	38.25	36.45	34.72	33.32	31.97	31.16	30.49	30.19	30.00	
104.00	96.83	89.89	83.23	77.52	72.48	67.87	63.30	58.91	55.65	52.39	49.68	47.00	44.36	41.98	39.74	37.83	36.11	34.58	33.28	32.00	
110.00	102.58	95.39	88.29	81.95	77.06	72.63	68.31	64.04	59.96	56.17	52.48	49.20	46.43	43.72	41.02	38.60	36.52	34.82	33.83	33.00	
120.00	109.74	99.79	89.90	81.91	73.94	66.83	61.88	57.41	53.79	50.32	47.43	44.55	42.10	39.67	37.44	35.26	34.08	32.92	32.52	32.23	32.00	
110.00	103.84	97.70	92.11	87.02	82.11	77.43	72.83	68.47	64.17	59.96	55.96	52.22	48.62	45.24	42.32	39.43	36.61	33.97	32.03	31.16	30.45	30.20	30.00	
101.00	94.00	87.11	80.74	74.65	68.94	63.32	57.99	52.88	48.46	44.67	41.05	38.90	36.78	34.75	33.27	31.85	30.83	30.22	29.63	29.27	29.11	29.00	
109.00	101.49	94.41	87.46	80.63	74.27	68.14	62.07	57.08	52.21	47.36	43.93	40.87	38.24	36.19	34.17	32.78	31.72	30.80	30.01	29.24	29.00	
107.00	98.95	91.95	85.18	79.15	73.66	68.39	64.20	60.07	56.05	52.52	49.21	45.92	42.81	40.13	37.58	35.68	34.06	32.47	30.90	29.57	29.20	29.00	
112.00	105.21	99.06	93.04	87.36	81.72	76.23	70.79	65.36	60.74	56.58	52.47	48.45	45.23	42.17	39.50	37.04	34.91	33.88	33.21	33.07	33.00	
107.00	101.38	95.80	90.36	84.95	79.66	74.43	69.46	64.95	60.85	57.21	53.58	50.03	46.57	43.16	40.24	37.52	35.30	33.09	31.56	30.13	29.28	29.07	29.00	
109.00	101.82	94.80	88.20	81.93	75.82	69.77	63.92	58.19	52.64	47.70	43.36	41.01	38.83	37.46	36.15	35.35	34.55	33.87	33.40	33.00	
117.00	110.49	104.07	97.88	92.09	86.49	80.96	75.53	70.11	65.26	60.56	56.35	52.15	48.00	44.37	41.24	38.23	35.67	33.97	32.40	31.78	31.16	30.54	30.00	
123.00	115.63	108.29	101.19	94.32	87.95	82.12	76.42	70.85	65.55	60.88	56.26	52.34	48.70	45.32	42.26	39.58	37.05	34.62	32.61	30.82	30.06	30.00	
108.00	100.53	93.30	86.98	81.12	75.27	69.66	64.42	59.20	55.15	51.10	47.31	43.92	41.04	38.39	35.87	34.55	33.79	33.05	32.46	32.00	
115.00	108.27	101.73	95.35	88.97	82.69	76.57	70.62	65.42	61.05	57.08	53.40	50.07	47.05	44.12	41.25	38.54	36.34	34.40	33.07	32.50	32.00	
114.00	105.44	97.32	89.61	82.09	74.94	69.15	63.51	57.94	52.80	48.99	45.26	41.77	38.33	35.10	34.47	33.98	33.66	33.40	33.15	33.00	
110.00	101.27	93.25	85.80	79.31	72.93	66.67	60.57	55.39	50.84	46.90	43.02	39.80	36.63	34.54	33.47	32.59	32.08	31.70	31.33	31.00	
114.00	105.01	96.30	88.68	81.16	74.78	68.52	62.72	57.81	53.25	48.98	45.03	41.53	38.34	35.29	32.92	31.20	29.87	28.75	28.14	28.00	
123.00	114.67	106.92	100.04	93.65	87.32	81.00	74.84	68.76	63.26	58.79	54.60	50.48	46.70	43.31	40.87	38.78	36.73	35.08	33.74	32.52	31.91	31.36	31.00	
102.00	97.46	93.04	88.66	84.38	80.12	75.92	71.94	68.00	64.20	60.44	56.87	53.31	49.85	46.41	43.05	39.92	36.88	35.12	33.45	31.78	30.16	29.00	28.00	
123.00	114.96	107.94	101.44	95.37	89.94	84.73	79.59	74.48	69.66	65.55	61.63	57.73	53.91	50.13	46.46	42.87	40.16	37.47	34.82	32.44	31.78	31.38	31.00	
114.00	106.95	99.99	93.18	86.57	80.43	74.33	68.53	63.31	58.47	54.06	50.26	46.71	43.39	40.30	37.49	35.32	33.90	33.57	33.25	33.00	
117.00	108.15	100.03	92.05	84.34	76.64	68.95	61.52	55.40	50.45	47.03	43.77	40.75	38.30	36.32	34.45	33.27	32.12	31.13	31.06	31.00	
101.00	93.46	86.41	80.17	74.72	69.72	64.88	60.80	56.86	53.07	49.86	46.72	43.74	40.96	39.07	37.45	35.85	34.32	32.99	31.78	30.73	30.22	30.00	
106.00	97.56	91.71	86.14	80.70	75.75	70.91	66.22	61.55	56.89	52.26	48.66	45.19	42.09	39.77	37.64	35.66	33.94	32.45	31.24	31.00	
101.00	94.57	89.07	83.62	78.54	73.83	69.50	65.45	61.43	57.43	53.60	49.81	46.75	44.16	41.88	39.62	37.51	35.85	34.49	33.23	32.24	32.14	32.06	32.00	
115.00	107.69	101.02	94.72	89.36	84.11	78.94	73.86	68.95	64.21	59.73	55.54	51.74	48.49	45.37	42.47	40.10	38.16	36.24	34.87	33.54	33.00	
112.00	102.60	93.44	86.25	79.35	74.38	69.68	65.01	60.50	56.06	52.32	48.76	45.84	43.14	40.52	38.29	36.34	34.75	33.92	33.33	33.00	
120.00	110.75	101.78	93.13	84.49	77.07	69.67	62.70	57.53	52.45	47.90	44.49	41.43	38.80	36.62	34.59	33.17	31.82	31.06	30.38	30.03	30.00	
111.00	104.49	98.19	92.11	86.12	80.28	74.53	68.80	63.15	57.60	52.64	48.27	44.64	41.56	39.22	37.19	35.46	34.02	32.78	32.16	32.00	
103.00	96.68	90.86	85.06	79.47	73.89	68.45	63.03	57.63	52.94	48.37	44.58	41.18	38.88	36.70	34.72	33.25	31.84	30.77	29.98	29.55	29.25	29.00	
109.00	100.38	92.11	84.72	77.40	70.78	65.04	59.72	54.76	49.89	45.66	41.90	38.87	36.76	34.73	33.48	32.51	31.57	30.72	30.33	30.16	30.00	
122.00	113.70	106.03	98.78	92.07	85.44	79.45	73.55	67.88	62.39	57.03	51.84	46.97	42.17	37.86	35.86	34.31	33.22	32.17	31.19	30.54	30.04	30.00	
106.00	99.12	92.72	86.83	81.70	76.77	72.17	67.82	63.52	59.44	55.43	51.44	47.92	44.58	41.79	39.43	37.15	35.58	34.08	32.60	31.23	30.04	29.00	28.00	
109.00	102.21	96.15	90.17	84.25	78.42	72.66	67.07	61.59	56.45	52.87	49.38	46.23	43.13	41.16	39.23	37.38	35.53	34.02	32.69	31.57	31.13	31.00	
114.00	106.53	99.16	92.06	86.30	80.63	75.02	70.40	66.00	61.66	57.52	53.44	49.37	45.92	42.68	39.78	36.93	34.79	32.89	31.22	30.55	30.00	
105.00	97.63	90.42	83.61	78.06	72.56	67.18	62.79	58.93	55.12	51.80	48.74	46.01	43.30	41.07	38.88	37.29	35.71	34.13	32.61	32.21	32.00	
122.00	113.92	106.47	99.61	93.23	87.11	81.52	76.32	71.27	66.36	61.79	57.23	53.16	49.74	46.78	44.19	42.20	40.48	38.81	37.15	35.61	34.34	33.07	33.00	
117.00	110.82	104.70	98.65	92.82	87.10	81.45	76.02	70.64	65.57	60.56	56.19	52.53	49.15	46.24	43.48	40.80	38.75	36.76	34.92	33.15	32.31	32.00	
113.00	104.64	96.74	88.98	81.57	74.95	69.29	64.21	59.59	55.59	51.94	48.63	45.48	42.76	40.58	38.44	36.40	35.07	34.20	33.64	33.28	33.03	33.00	
104.00	97.79	91.64	86.24	80.97	75.86	71.14	66.43	61.74	57.51	53.32	49.22	45.25	41.33	38.08	34.85	31.64	30.45	29.73	29.45	29.17	29.00	
121.00	113.67	106.61	99.68	93.03	86.45	80.01	73.80	68.99	64.24	59.84	55.66	51.74	47.83	44.41	41.29	38.37	36.19	34.08	32.99	32.21	32.00	
103.00	95.92	89.45	83.11	76.81	71.37	65.99	61.07	56.20	51.41	47.03	43.91	41.04	39.43	37.90	36.52	35.19	33.86	32.72	31.77	31.00	
103.00	97.45	92.00	86.68	81.49	76.54	71.67	67.14	62.94	58.96	55.12	51.32	47.99	44.79	41.60	39.37	37.37	35.43	34.17	32.98	32.04	31.47	31.11	31.00	
108.00	100.68	93.67	86.96	80.72	74.65	68.72	63.53	59.15	54.87	50.83	47.00	43.50	40.52	37.76	35.45	33.77	32.23	31.03	29.83	29.00	
115.00	108.40	101.83	95.36	89.36	83.56	78.21	73.93	69.71	65.51	61.92	58.38	54.90	51.44	48.21	45.42	42.93	40.74	38.70	37.34	36.03	34.86	33.72	33.00	
120.00	109.02	98.95	88.93	80.53	73.05	66.05	59.36	53.67	48.32	44.34	41.09	38.73	36.83	35.21	33.94	32.68	31.66	30.75	29.94	29.45	29.00	
108.00	100.84	94.63	88.66	82.76	76.91	71.45	66.47	61.65	57.07	52.48	48.36	44.52	41.13	37.79	34.88	32.31	30.89	30.00	29.13	29.00	
123.00	114.44	105.95	98.12	90.48	83.49	77.17	70.97	65.54	60.36	55.66	51.81	48.47	45.27	42.27	39.44	36.79	34.20	32.04	30.45	29.00	
106.00	98.88	92.23	85.60	79.22	73.01	67.11	61.61	57.24	53.08	49.06	46.24	43.67	41.30	39.45	37.77	36.56	35.79	35.02	34.28	33.61	33.00	
109.00	100.95	93.08	85.23	79.72	74.39	69.18	64.73	60.66	56.66	52.69	48.82	45.24	42.01	38.85	36.13	33.97	32.30	30.66	29.08	28.00	
113.00	104.15	96.10	88.10	80.43	73.38	66.64	59.93	53.96	48.90	44.94	42.02	39.19	36.74	34.50	32.34	30.45	29.03	28.40	28.10	28.00	
116.00	108.30	100.88	93.76	86.74	80.03	73.60	67.17	61.83	56.74	51.81	47.38	43.66	40.43	37.31	34.23	32.77	31.56	30.42	29.64	29.00	
103.00	96.16	89.58	83.27	77.76	72.38	67.61	63.07	59.33	55.68	52.21	49.17	46.15	43.26	40.44	37.93	35.49	33.17	31.19	29.62	28.24	28.00	
120.00	112.11	104.34	97.40	90.67	84.29	77.99	71.72	65.81	60.23	55.03	50.01	45.18	41.00	37.26	35.20	33.38	32.31	31.51	31.03	31.00	
105.00	99.07	93.18	87.72	82.41	77.84	73.36	68.99	64.82	60.74	57.01	53.43	49.85	46.40	43.43	40.54	38.01	36.55	35.40	34.41	33.81	33.43	33.12	33.00	
117.00	109.94	102.92	95.96	89.31	82.75	76.43	70.21	64.64	59.55	54.84	50.62	47.00	43.39	40.24	38.08	36.12	34.78	33.62	32.50	31.96	31.46	31.00	
101.00	94.79	88.70	82.68	76.78	71.41	66.16	61.22	56.52	51.94	47.76	43.70	39.67	37.39	35.72	34.51	33.31	32.14	31.42	31.01	31.00	
104.00	97.31	90.71	84.57	78.60	72.70	67.78	63.34	58.93	54.95	51.49	48.64	45.83	43.17	40.99	39.04	37.35	35.68	34.45	33.40	32.44	31.55	30.75	30.00	
106.00	100.22	94.67	89.40	84.20	79.49	74.81	70.43	66.08	61.96	57.90	54.12	50.59	47.08	44.02	41.12	38.70	36.70	35.27	33.91	32.66	31.80	31.14	31.00	
123.00	113.97	105.81	97.85	90.32	83.62	77.28	70.95	65.32	60.50	56.10	52.74	49.43	46.44	43.82	41.63	39.52	37.82	36.34	35.05	33.77	32.74	32.00	
113.00	104.68	96.66	89.09	82.21	75.67	69.56	63.94	58.73	54.07	49.60	45.79	42.68	39.60	37.02	34.67	32.93	31.34	29.98	28.95	28.00	
110.00	103.58	97.42	91.54	86.24	81.25	76.51	71.86	67.23	62.75	58.46	54.29	50.46	47.13	44.05	41.40	38.88	36.95	35.34	33.75	32.19	30.68	30.00	
109.00	101.92	95.35	89.20	83.63	78.09	72.69	67.32	62.04	57.38	52.76	48.18	44.45	41.23	38.31	35.79	33.33	31.92	30.83	29.89	29.02	29.00	
107.00	100.83	95.19	90.03	84.96	80.18	75.54	71.05	66.76	62.60	58.54	54.56	50.75	46.95	43.51	40.08	37.55	35.04	33.65	32.86	32.21	32.00	
104.00	97.54	92.09	86.92	81.95	77.29	72.69	68.15	63.67	59.66	55.76	51.89	48.92	45.96	43.19	40.51	37.95	35.76	34.78	33.88	33.00	
103.00	96.05	89.45	83.03	76.72	71.37	66.87	62.58	58.45	54.53	51.12	47.75	44.48	41.28	38.14	35.84	34.02	32.64	31.38	30.58	29.82	29.36	29.02	29.00	
107.00	99.15	91.88	84.98	78.92	72.99	67.41	62.41	57.62	53.54	49.46	45.73	43.18	40.64	38.60	37.09	35.65	34.37	33.40	32.68	32.27	32.08	32.00	
111.00	103.35	96.15	89.06	82.58	76.78	71.34	65.98	60.65	55.71	51.62	47.70	44.20	40.81	37.54	35.21	33.11	31.46	30.38	29.64	29.00	
122.00	114.66	107.66	101.13	94.92	88.96	83.11	77.34	71.68	66.32	61.13	57.18	53.28	49.40	46.01	42.68	40.12	37.59	35.19	32.86	30.92	29.71	29.00	
112.00	103.81	96.27	89.38	82.63	76.02	69.87	64.03	58.66	54.05	49.53	45.71	42.13	38.67	36.04	33.62	31.91	30.74	29.83	29.21	29.00	
117.00	110.05	103.55	97.20	90.88	84.97	79.41	73.96	69.01	64.18	60.02	56.16	52.70	49.49	46.55	43.63	40.98	38.83	36.99	35.54	34.22	33.38	33.00	
115.00	107.19	99.50	91.95	84.55	77.29	70.32	63.41	56.76	53.27	49.81	46.47	43.17	40.63	38.17	35.79	33.63	32.37	31.14	31.06	31.00	
109.00	100.37	91.85	84.77	78.21	72.51	66.90	61.50	56.65	51.86	47.51	44.36	41.34	38.77	36.36	34.63	33.27	32.07	30.93	29.85	29.00	
109.00	101.47	95.14	89.22	83.64	78.46	73.29	68.16	63.45	59.03	54.71	51.39	48.14	45.35	42.57	39.83	37.83	36.63	35.54	34.48	33.57	32.77	32.00	
120.00	109.59	100.28	91.32	82.96	75.89	69.18	62.64	57.48	53.55	49.83	46.31	44.02	41.80	39.64	37.51	35.49	33.94	32.93	32.29	32.00	
119.00	112.77	106.79	100.84	94.97	89.37	84.31	79.29	74.26	69.30	64.57	60.08	56.20	52.47	48.84	45.35	41.90	38.55	35.42	32.40	30.01	30.00	
111.00	102.54	94.45	86.70	80.03	73.86	67.85	62.03	56.29	50.75	45.91	42.13	38.98	36.83	35.32	34.20	33.12	32.05	31.26	30.63	30.13	30.00	
119.00	111.17	103.39	95.83	89.04	82.31	75.65	69.20	63.31	58.97	54.73	50.61	47.26	43.97	41.23	38.53	36.29	34.41	32.69	31.44	30.31	30.00	
123.00	115.18	107.53	100.83	94.16	87.86	81.80	76.04	70.56	65.47	60.46	55.79	51.62	47.64	43.67	40.46	37.60	34.87	32.38	30.14	29.02	28.00	
102.00	96.28	90.87	85.49	80.15	75.12	70.50	65.89	61.57	57.45	53.64	49.88	46.18	42.49	39.40	36.42	33.55	30.80	29.17	28.77	28.38	28.09	28.01	28.00	
122.00	113.05	104.23	95.47	87.85	80.48	73.54	67.75	61.98	56.85	52.27	48.14	44.55	41.16	38.20	35.40	33.18	31.70	30.28	29.45	29.24	29.07	29.00	
110.00	103.17	96.80	90.54	85.01	80.02	75.14	70.29	65.80	61.51	57.39	53.31	49.71	46.51	43.55	41.23	38.94	37.00	35.11	33.43	31.79	31.02	31.00	
110.00	103.46	97.26	91.37	85.73	80.98	76.40	71.87	67.44	63.22	59.01	55.12	51.36	47.85	44.35	41.38	38.55	36.67	35.16	34.33	33.64	33.00	
123.00	115.17	107.60	100.76	94.55	88.92	83.41	77.97	72.68	67.43	62.46	57.76	53.78	49.81	45.94	42.37	39.50	37.33	35.31	33.55	31.78	30.41	30.00	
114.00	105.83	97.70	89.61	82.40	75.58	68.82	63.22	58.36	53.76	49.39	45.82	42.32	40.04	37.78	35.79	34.03	32.44	31.29	30.14	29.47	29.19	29.02	29.00	
102.00	93.48	85.97	79.35	72.95	66.72	61.61	57.46	53.34	49.76	46.27	43.02	40.37	38.08	35.79	33.83	32.54	31.41	31.13	31.05	31.00	
123.00	113.59	104.22	96.88	90.39	84.32	78.57	73.16	68.07	63.52	59.11	55.13	51.46	47.88	44.50	41.25	38.80	36.68	35.00	33.34	31.82	30.36	29.59	29.00	
103.00	95.59	88.30	81.40	74.90	69.52	65.59	62.00	58.61	55.24	52.15	49.12	46.62	44.30	41.99	39.74	38.17	36.74	35.41	34.55	33.71	33.33	33.05	33.00	
114.00	105.88	97.85	90.35	83.99	77.91	72.20	66.61	61.12	55.84	50.75	45.98	42.25	38.79	36.36	33.92	31.62	29.36	28.48	28.22	28.04	28.00	
118.00	110.16	102.34	94.60	87.78	81.03	75.29	69.64	64.31	59.17	54.06	49.08	45.15	42.34	39.54	36.80	34.57	32.35	30.69	30.05	29.40	29.15	29.00	
123.00	111.64	102.56	94.16	86.55	79.75	73.40	67.40	62.05	57.59	53.41	49.74	46.70	43.88	41.41	38.98	37.47	35.99	34.64	33.47	33.07	33.00	
112.00	104.27	96.89	90.35	83.88	77.73	72.32	67.08	62.02	57.19	52.47	48.12	43.80	39.64	37.21	34.99	33.32	32.03	30.74	29.48	28.61	28.00	
123.00	114.28	105.90	97.99	90.12	82.53	75.93	70.19	64.48	58.88	53.59	48.93	45.26	41.75	38.90	36.27	33.74	31.83	31.22	30.75	30.39	30.05	30.00	
110.00	101.53	93.31	85.54	78.49	71.98	65.63	59.90	55.84	51.90	48.19	45.36	42.83	40.59	38.41	36.50	34.66	33.11	31.60	30.34	29.60	29.07	29.00	
111.00	104.43	98.07	91.80	86.43	81.12	76.30	71.54	66.82	62.51	58.29	54.57	51.10	47.73	44.41	41.20	38.15	35.11	32.89	30.94	30.03	29.64	29.29	29.00	
108.00	99.71	91.53	83.92	78.04	72.23	66.54	61.48	57.27	53.27	49.66	46.14	42.86	40.48	38.37	36.42	34.98	33.71	32.55	31.84	31.25	31.00	
103.00	96.42	91.31	86.21	81.14	76.11	71.22	66.62	62.91	59.45	56.27	53.20	50.21	47.37	44.56	41.79	39.55	37.34	35.27	33.24	31.43	30.19	29.00	
113.00	106.02	99.13	92.54	85.99	80.19	74.53	68.92	63.97	59.23	54.84	50.97	47.22	43.64	40.56	37.72	35.30	33.17	31.48	30.33	29.52	28.74	28.00	
112.00	103.68	97.05	90.49	84.09	77.74	71.51	65.83	60.15	54.67	50.15	45.77	41.47	38.76	37.14	35.73	34.79	34.04	33.61	33.29	33.00	
108.00	101.72	95.46	89.71	84.17	78.93	73.91	68.89	64.46	60.37	56.48	52.94	49.78	46.78	43.91	41.25	39.02	36.82	34.70	33.40	32.45	32.02	32.00	
111.00	103.67	96.61	89.97	83.42	77.35	71.88	66.48	61.93	57.58	53.25	49.41	45.58	42.12	38.75	35.77	34.44	33.36	32.28	31.32	30.43	30.21	30.00	
117.00	109.35	101.78	94.47	88.25	82.45	77.64	73.14	69.17	65.37	61.69	58.34	55.01	51.84	48.75	45.75	42.79	40.68	38.72	36.78	35.23	34.10	33.09	33.00	
122.00	112.47	103.34	94.95	87.30	79.81	72.59	65.74	59.67	55.01	50.76	46.96	43.19	40.80	38.46	36.65	34.91	33.18	32.54	32.02	32.00	
108.00	98.89	90.66	82.47	75.77	69.78	64.70	59.98	55.80	52.04	48.59	45.63	42.70	39.85	37.49	35.54	34.37	33.20	32.22	31.30	30.46	30.12	30.00	
104.00	97.39	91.32	85.75	80.57	75.50	70.78	66.83	62.97	59.30	55.79	52.33	49.02	45.74	43.07	40.96	39.00	37.10	35.25	34.16	33.07	32.17	31.39	31.00	
104.00	97.86	92.47	87.24	82.15	77.22	72.52	68.25	64.00	60.08	56.38	52.74	49.19	45.80	42.50	39.35	37.00	34.98	33.03	31.84	30.96	30.17	30.08	30.00	
108.00	100.98	94.13	87.48	81.40	75.36	69.48	63.73	58.47	54.50	51.37	48.47	45.58	42.72	39.95	37.30	35.13	33.05	32.44	32.13	32.00	
115.00	106.54	98.24	91.87	85.54	79.44	73.40	67.50	61.70	56.39	51.80	47.43	44.27	41.18	38.14	35.60	33.60	31.81	30.49	29.50	28.75	28.00	
103.00	96.67	90.40	84.23	78.28	72.56	67.06	61.60	56.26	51.68	48.62	45.65	42.82	40.36	38.21	36.29	34.38	33.29	32.23	31.69	31.36	31.08	31.00	
112.00	102.86	94.19	85.82	79.44	73.12	67.05	61.00	56.21	51.46	47.67	43.96	40.36	37.92	36.30	34.88	33.56	32.53	31.78	31.26	31.08	31.00	
115.00	106.16	97.50	89.30	82.27	77.20	72.61	68.11	63.70	59.32	54.99	50.74	46.59	42.47	39.20	36.47	34.15	32.44	30.94	29.90	29.46	29.15	29.00	
113.00	104.94	97.56	90.68	84.25	78.96	73.85	68.89	64.05	59.71	55.50	51.35	47.27	44.04	41.68	39.97	38.56	37.38	36.32	35.37	34.46	33.57	33.00	
117.00	108.99	101.56	94.39	87.94	81.98	76.42	71.51	66.66	61.85	57.14	52.77	48.92	45.18	41.46	38.71	36.24	33.93	32.56	31.83	31.32	31.12	31.00	
123.00	114.64	106.64	99.73	92.94	86.27	79.65	73.29	67.15	61.17	55.28	49.56	45.57	42.92	41.09	39.26	37.52	35.94	34.45	33.08	32.31	32.00	
118.00	109.55	101.63	94.83	88.39	82.90	77.59	72.29	67.64	63.09	58.81	54.69	50.76	47.32	44.08	41.22	38.85	37.01	35.18	33.57	32.00	
118.00	109.97	102.02	94.19	86.41	79.29	72.19	65.71	60.90	57.08	53.89	50.82	47.78	44.87	41.96	39.09	36.31	33.73	31.97	30.56	29.69	29.32	29.00	
120.00	112.42	104.86	97.66	90.86	84.99	79.36	73.97	68.58	63.48	58.52	53.56	49.17	44.90	42.07	39.54	37.58	35.62	34.02	32.78	31.90	31.15	30.46	30.00	
115.00	106.69	98.62	90.83	84.27	78.71	73.83	69.07	64.66	60.51	56.48	52.74	49.78	46.96	44.27	41.98	39.82	38.06	36.51	35.07	34.01	33.20	32.56	32.00	
108.00	101.22	94.53	87.92	81.99	76.32	70.85	65.73	60.73	55.75	51.80	47.93	44.46	41.44	38.82	36.72	34.90	33.11	31.53	30.58	30.19	30.00	
116.00	109.41	103.15	96.94	90.85	85.19	79.91	74.84	69.88	65.40	61.15	57.03	53.18	49.76	46.72	43.76	40.99	38.80	36.79	34.98	33.95	33.00	
108.00	101.56	95.20	89.34	83.91	78.49	73.33	68.68	64.20	59.79	55.58	52.05	48.56	45.14	42.31	39.53	37.69	36.64	35.72	34.92	34.24	33.60	33.26	33.00	
109.00	100.81	93.68	87.55	81.53	75.73	70.66	65.86	62.18	58.60	55.11	51.86	48.89	46.04	43.24	41.08	39.02	37.01	35.05	33.38	33.00	
108.00	99.36	90.72	83.46	77.43	72.01	67.03	62.37	58.11	54.03	50.03	46.71	43.73	41.49	39.49	37.70	36.09	34.61	33.41	32.67	32.07	32.00	
120.00	112.01	104.27	96.59	88.98	81.48	75.23	69.49	64.05	58.93	54.13	50.96	48.05	45.17	42.56	40.22	37.91	35.93	34.00	32.31	30.88	29.71	29.00	
115.00	107.92	101.15	94.67	88.29	82.27	76.46	70.77	65.11	59.49	54.04	49.02	44.75	41.41	39.20	37.16	35.19	33.45	32.35	31.47	30.69	30.00	
114.00	106.88	100.89	95.11	89.40	83.87	78.50	73.69	68.93	64.22	59.62	55.05	50.66	46.61	42.66	39.13	35.71	33.62	32.04	30.45	29.07	28.40	28.00	
119.00	110.04	102.12	94.30	86.60	79.94	74.48	69.16	64.12	59.64	55.23	50.92	47.15	44.06	41.17	38.54	36.01	34.43	33.07	32.29	31.61	31.00	
109.00	102.19	95.72	89.33	83.21	77.44	72.07	66.72	61.40	56.29	52.58	49.70	46.84	43.98	41.21	38.56	36.34	34.79	33.97	33.37	33.00	
115.00	107.23	99.46	92.98	86.75	80.67	74.61	68.63	63.33	58.56	54.48	50.63	47.12	43.66	40.79	38.14	35.63	33.31	31.03	29.52	29.00	
104.00	97.90	91.94	86.66	81.44	76.29	71.19	66.15	61.84	57.63	53.66	50.12	46.89	43.77	40.96	38.43	36.11	34.28	32.83	31.40	30.78	30.38	30.00	
119.00	109.46	100.17	91.50	83.07	75.14	67.73	61.42	55.32	50.29	45.68	42.42	39.26	36.12	33.09	30.22	29.13	28.69	28.37	28.05	28.00	
114.00	104.69	95.65	87.51	80.71	74.05	68.73	63.68	58.75	54.37	50.61	47.13	43.88	41.07	38.79	36.63	34.57	32.87	31.19	29.74	29.00	
120.00	113.60	107.70	101.93	96.44	91.30	86.31	81.37	76.67	72.38	68.32	64.32	60.78	57.32	53.87	50.46	47.35	44.36	41.58	39.19	37.00	34.97	33.27	33.00	
106.00	99.74	94.21	88.77	83.37	78.32	73.37	68.75	64.13	59.67	55.25	51.43	48.14	45.11	42.18	39.41	36.70	34.14	32.36	31.22	31.00	
116.00	108.70	101.49	94.41	87.53	80.74	74.00	68.69	63.90	59.38	55.25	51.30	47.48	43.73	40.36	37.81	35.49	33.67	31.99	30.53	29.27	28.05	28.00	
105.00	98.04	91.14	84.54	78.18	72.14	66.48	61.17	56.03	51.03	46.69	43.31	40.41	37.74	36.06	34.43	33.32	32.55	31.85	31.30	30.76	30.25	30.00	
109.00	102.36	95.90	89.85	84.09	78.56	73.07	68.29	63.75	59.48	55.24	51.23	47.25	44.36	41.77	39.60	37.47	35.58	33.77	32.65	31.62	30.80	30.00	
113.00	106.51	100.32	94.55	89.16	84.21	79.46	74.72	70.08	65.56	61.19	56.89	52.87	48.99	45.39	41.97	39.19	37.03	34.91	33.01	31.91	31.21	31.00	
111.00	104.30	97.75	91.23	85.00	79.24	73.69	68.16	63.43	59.14	55.04	50.97	47.39	44.01	41.13	38.37	35.83	33.78	32.48	31.54	30.60	30.00	
105.00	98.08	91.32	84.94	78.98	73.15	67.52	62.17	57.51	53.13	49.15	45.99	42.90	39.95	37.46	35.11	33.03	31.00	29.90	29.20	28.60	28.00	
107.00	99.45	92.51	85.79	80.11	75.06	70.08	65.34	61.07	56.82	52.94	49.73	46.81	43.91	41.13	38.36	35.60	32.95	31.95	31.13	30.34	29.56	29.00	
109.00	102.98	96.99	91.33	85.85	80.48	75.16	69.99	65.64	61.77	57.90	54.14	50.61	47.20	44.20	41.25	38.49	35.82	33.18	30.90	30.16	30.00	
111.00	104.90	99.30	93.71	88.38	83.15	78.18	73.49	68.81	64.15	59.90	55.76	52.15	48.86	45.63	42.83	40.45	38.35	36.62	34.92	33.90	33.38	33.00	
107.00	100.61	94.45	88.79	83.18	77.67	72.70	68.27	64.12	60.03	56.72	53.57	50.46	47.36	44.69	42.05	39.57	37.16	35.55	34.01	33.04	33.00	
110.00	101.60	94.16	87.01	79.93	72.85	66.73	62.26	57.84	53.63	49.78	46.67	44.17	41.71	39.52	37.61	35.81	34.34	33.00	31.72	31.12	30.62	30.15	30.00	
104.00	97.92	92.01	86.14	80.78	75.69	70.71	65.95	61.62	57.40	53.30	49.86	46.53	43.60	40.87	38.70	37.20	35.77	34.57	33.46	33.09	33.02	33.00	
105.00	98.14	91.91	86.30	80.87	75.55	70.38	65.66	61.16	57.17	53.38	49.62	46.43	43.27	40.21	37.39	35.51	33.84	32.21	30.71	29.51	29.25	29.04	29.00	
114.00	107.24	100.56	93.93	87.49	81.29	75.22	69.55	64.26	59.21	54.35	49.73	45.32	42.55	39.85	37.18	34.95	32.80	30.96	29.90	29.13	28.41	28.00	
110.00	102.24	94.70	87.18	81.63	76.10	70.64	65.31	60.02	55.60	51.75	48.12	44.62	41.49	38.91	36.48	34.94	33.53	32.34	31.56	31.00	
115.00	107.07	100.09	93.24	86.43	79.69	73.44	67.23	61.47	56.80	52.19	47.76	43.48	39.88	37.28	35.14	33.19	31.39	30.00	28.67	28.00	
120.00	112.38	104.85	97.36	90.18	83.32	76.71	70.36	64.24	58.65	53.12	48.87	44.76	40.86	37.84	35.29	32.75	31.74	31.24	31.05	31.00	
116.00	107.54	100.33	93.28	86.55	80.27	74.09	67.96	61.95	56.72	51.66	47.49	44.17	41.66	39.19	36.92	35.07	33.61	32.16	31.08	30.07	29.17	29.00	
118.00	109.98	102.04	94.33	88.26	82.24	76.41	70.87	66.14	61.63	57.13	52.99	49.08	46.20	43.33	40.75	38.22	35.71	33.33	31.72	30.75	30.00	
115.00	107.55	100.27	93.20	87.13	81.26	76.03	71.13	66.47	62.34	58.37	54.62	50.92	47.25	44.07	41.05	38.38	36.02	33.97	32.51	31.20	30.17	29.57	29.00	
105.00	98.56	92.84	87.30	81.78	76.28	71.15	66.19	61.30	57.12	53.28	49.62	46.17	43.29	40.52	37.76	35.23	32.98	30.98	29.10	28.46	28.03	28.00	
116.00	109.60	103.23	97.07	90.93	84.93	79.35	74.20	69.08	64.28	59.64	55.02	50.68	47.17	44.50	41.98	39.81	37.66	35.78	33.98	33.11	32.52	32.00	
110.00	104.24	98.75	93.43	88.14	83.06	78.01	73.01	68.09	63.47	58.97	54.99	51.46	48.03	44.93	41.95	39.07	36.31	34.31	33.05	32.24	32.00	
115.00	105.69	96.40	87.38	79.53	72.44	65.67	60.25	55.74	51.36	47.76	44.44	41.30	38.29	36.23	34.32	33.09	31.97	31.20	31.01	31.00	
106.00	99.86	93.88	88.24	82.80	77.65	72.95	68.49	64.45	60.62	57.10	53.66	50.28	47.23	44.27	41.43	38.85	37.13	35.57	34.34	33.30	33.00	
111.00	103.32	95.82	89.90	84.01	78.24	72.79	67.40	62.10	56.88	51.79	47.07	42.36	38.88	36.24	33.99	32.00	30.89	29.83	29.12	28.70	28.28	28.08	28.00	
114.00	106.67	99.43	92.29	85.23	78.35	72.68	67.14	61.62	56.13	51.35	47.26	43.92	40.68	38.35	36.56	35.01	33.88	32.90	32.19	32.00	
111.00	101.67	94.25	87.63	82.22	77.11	72.29	67.90	63.96	60.20	56.50	52.92	49.33	45.91	42.64	39.72	37.62	35.68	33.95	32.75	32.00	
118.00	110.43	103.41	96.97	90.98	85.23	79.61	74.07	68.56	63.12	58.23	53.96	50.05	46.74	43.65	40.58	37.74	35.24	33.63	32.28	31.45	31.00	
111.00	100.91	92.36	84.26	77.08	70.15	63.39	57.00	52.34	47.94	44.27	40.90	38.04	36.06	34.13	32.23	31.34	30.47	29.71	29.29	29.08	29.00	
117.00	107.63	99.18	90.79	82.84	75.65	68.72	62.14	57.86	53.76	50.11	46.70	43.42	40.63	38.10	36.01	33.92	32.38	30.96	29.75	28.54	28.16	28.00	
115.00	107.22	99.53	92.17	84.84	77.80	70.99	64.65	58.81	53.47	48.68	45.14	42.32	39.90	37.91	36.42	35.07	34.03	33.19	32.79	32.51	32.23	32.06	32.00	
123.00	115.14	107.55	100.23	93.12	86.33	80.48	74.94	69.59	64.77	60.17	56.07	52.07	48.35	44.73	41.12	37.77	34.53	32.39	30.52	29.31	28.56	28.17	28.00	
103.00	95.28	88.73	82.33	76.02	69.99	64.65	59.42	54.57	50.09	45.62	41.51	38.80	36.40	34.39	32.98	31.92	30.96	30.25	29.55	29.00	
101.00	95.49	90.01	84.85	80.03	75.32	70.86	66.60	62.64	58.97	55.41	51.92	49.08	46.80	44.73	42.92	41.28	39.65	38.07	36.61	35.28	34.06	33.00	
101.00	95.35	89.92	84.50	79.08	74.04	69.14	64.32	60.36	56.85	53.69	50.59	47.99	45.41	43.08	41.10	39.32	37.58	36.03	34.68	33.36	32.69	32.23	32.00	
113.00	105.36	98.15	91.33	84.75	78.88	73.02	67.93	62.99	58.06	53.26	49.68	46.16	42.82	40.11	37.41	35.34	33.81	32.34	31.11	30.17	30.00	
114.00	106.47	99.40	92.95	86.88	81.28	76.38	71.87	67.63	63.41	59.67	56.30	53.01	49.96	47.08	44.22	41.37	38.83	36.34	34.65	33.72	33.16	33.00	
105.00	98.40	92.29	86.21	80.56	75.02	69.85	65.42	61.17	56.96	53.45	50.13	47.06	44.02	41.08	38.63	36.20	33.98	31.87	30.54	29.36	29.00	
118.00	109.21	101.08	93.56	86.17	79.15	73.00	66.93	60.91	55.60	50.43	46.10	41.91	38.32	35.06	32.80	30.64	29.82	29.37	29.05	29.00	
103.00	96.67	90.60	84.59	78.81	73.45	68.31	63.52	59.23	55.28	51.38	48.04	44.80	41.68	39.10	36.59	34.38	32.25	30.98	29.76	28.96	28.55	28.27	28.00	
122.00	111.58	102.58	94.11	86.72	79.90	73.85	67.84	62.68	57.83	53.00	48.19	43.37	39.50	36.90	34.94	33.07	31.42	29.86	28.77	28.00	
113.00	104.62	96.93	89.59	82.96	76.86	71.38	66.29	61.39	57.07	53.38	50.29	47.31	44.58	41.94	39.65	37.53	35.77	34.84	33.95	33.47	33.00	
117.00	109.89	102.87	95.93	89.31	82.96	77.28	71.71	66.57	61.92	57.30	53.12	48.98	45.42	41.91	38.91	36.07	34.26	32.74	31.69	30.76	30.16	30.00	
119.00	111.60	104.67	97.88	91.55	85.40	79.31	73.44	67.78	62.33	56.91	52.22	48.38	44.75	41.30	38.83	36.41	34.05	32.04	30.26	28.58	28.17	28.08	28.00	
106.00	99.23	92.88	86.65	80.69	75.24	70.10	65.29	61.26	57.29	53.49	49.76	46.26	42.97	39.89	37.10	34.76	32.85	31.50	30.19	29.00	
112.00	105.18	98.40	92.08	85.76	79.46	73.51	67.93	62.35	57.10	51.98	46.94	42.76	38.83	35.88	33.93	31.98	30.60	29.81	29.39	29.00	
120.00	113.33	107.00	100.71	94.48	88.38	82.40	76.55	70.71	65.53	61.11	56.78	52.52	48.44	44.75	41.34	38.46	35.70	33.46	31.80	30.43	29.66	29.18	29.00	
112.00	103.73	95.51	88.21	80.95	74.58	68.21	61.95	56.02	50.71	45.73	41.32	38.71	36.57	35.00	33.70	32.47	31.55	31.03	30.60	30.27	30.00	
111.00	104.55	98.11	91.75	85.54	79.46	73.62	68.18	63.23	59.10	55.07	51.19	47.65	45.01	42.65	40.30	38.44	36.71	35.09	34.13	33.31	33.00	
104.00	97.50	91.53	85.66	80.01	74.50	69.93	65.46	61.16	56.90	52.97	49.21	45.77	42.68	39.98	37.29	34.95	32.67	30.50	29.41	29.00	
108.00	102.30	97.06	91.98	87.00	82.19	77.78	73.48	69.21	65.16	61.15	57.15	53.19	49.97	46.99	44.14	41.42	39.06	36.94	35.00	33.79	33.15	33.00	
122.00	114.26	107.89	101.65	95.50	89.67	84.67	80.19	75.79	71.73	67.70	63.70	59.79	56.01	52.32	48.69	45.13	42.08	39.34	37.05	34.78	33.31	32.61	32.00	
120.00	111.76	103.55	95.91	88.96	82.04	75.58	69.95	64.33	59.02	53.78	49.82	45.93	42.55	39.68	37.03	34.97	32.97	31.01	29.43	28.00	
123.00	114.29	105.86	97.70	90.12	82.66	75.95	69.35	63.69	58.72	53.82	49.23	45.65	42.83	40.19	37.73	35.55	33.66	32.75	32.11	31.61	31.17	31.03	31.00	
117.00	109.31	101.68	94.33	87.29	80.53	74.69	68.91	63.20	58.53	54.33	50.62	47.10	43.72	40.36	37.13	34.39	32.07	30.26	29.89	29.56	29.36	29.17	29.00	
111.00	104.59	98.27	92.39	86.53	80.79	75.30	70.26	65.38	60.74	56.21	52.78	49.69	46.63	43.72	41.01	38.34	36.25	34.33	33.28	32.62	32.00	
112.00	103.83	96.37	89.08	82.15	75.71	69.41	63.29	57.54	52.26	47.30	43.86	40.68	37.74	35.24	32.81	30.92	29.95	29.10	28.31	28.00	
119.00	111.05	103.12	96.28	89.92	83.56	77.44	71.39	65.35	60.02	55.15	50.84	46.73	42.78	38.90	36.20	34.05	31.92	29.98	28.40	28.00	
121.00	114.05	107.23	100.46	93.82	87.28	80.84	75.01	69.23	63.91	59.50	55.10	51.26	47.45	44.54	41.87	39.56	37.30	35.31	33.39	32.22	32.00	
102.00	96.12	90.62	85.19	79.93	74.77	69.62	65.02	60.58	56.35	52.48	49.04	45.85	42.71	39.58	37.09	35.31	33.83	32.51	31.61	31.28	31.00	
104.00	94.40	85.55	79.55	74.21	70.02	65.88	61.84	57.93	54.13	50.64	47.21	43.83	40.68	37.74	35.25	33.07	31.91	31.03	30.18	30.00	
115.00	105.50	96.92	88.36	80.29	72.33	65.16	58.20	53.15	48.64	44.23	39.87	36.18	33.69	31.98	30.48	29.82	29.40	29.24	29.12	29.00	
118.00	109.04	100.40	92.03	85.08	78.43	72.92	67.60	62.30	57.27	52.30	48.05	44.90	42.38	40.30	38.24	36.31	34.55	32.82	31.40	30.88	30.50	30.16	30.00	
105.00	99.41	94.37	89.46	84.60	79.74	74.91	70.10	65.86	61.64	57.52	53.40	49.92	46.52	43.88	41.53	39.34	37.21	35.42	34.11	33.03	32.30	32.00	
106.00	99.19	92.48	86.13	79.85	73.91	68.43	62.99	58.18	53.40	49.61	46.06	42.91	40.34	37.89	35.94	34.01	32.40	31.00	29.85	29.17	28.51	28.00	
122.00	114.16	106.54	99.26	92.25	85.57	78.99	73.28	68.71	64.27	60.31	56.35	52.43	48.75	45.10	41.94	39.28	36.70	34.87	33.20	31.53	31.01	31.00	
119.00	111.61	104.52	97.62	91.16	84.76	78.84	73.00	67.28	61.84	56.46	51.23	47.01	42.84	39.77	37.09	34.70	33.45	32.39	32.08	32.00	
120.00	113.22	106.46	99.80	93.23	86.74	80.27	74.05	68.42	62.83	57.30	52.16	47.24	42.64	38.83	35.24	32.31	30.49	29.10	28.46	28.15	28.00	
108.00	100.66	93.41	87.78	82.16	76.65	71.30	66.93	62.61	58.64	54.69	50.76	46.95	43.86	40.76	38.17	35.62	33.11	31.56	30.48	30.00	
118.00	109.28	101.60	94.05	86.86	79.83	72.95	67.24	62.39	57.62	53.00	48.58	44.51	41.08	38.18	35.42	33.22	31.34	30.20	29.58	29.20	29.09	29.00	
103.00	97.18	91.41	85.68	80.17	74.66	69.20	63.79	59.64	55.56	51.83	48.33	45.40	42.63	40.08	37.64	35.23	33.29	31.53	31.12	31.01	31.00	
123.00	113.63	104.48	95.87	88.71	82.13	75.76	69.62	63.62	58.10	52.85	48.16	43.68	39.28	36.39	34.53	33.18	31.88	31.07	30.37	30.00	
118.00	108.90	100.60	92.47	85.26	79.00	72.79	66.59	61.02	56.32	51.73	47.66	43.61	40.53	37.95	35.64	33.50	31.58	29.68	28.70	28.42	28.20	28.08	28.00	
116.00	108.62	102.08	95.64	89.29	83.22	77.17	71.45	65.75	60.27	55.25	50.92	46.73	42.89	40.03	37.72	35.53	33.36	31.53	30.71	30.07	29.47	29.00	
108.00	100.11	92.43	85.11	78.53	72.14	66.10	60.15	54.33	49.54	45.23	41.61	38.32	36.27	34.30	33.28	32.28	31.33	30.56	30.25	30.07	30.00	
102.00	96.41	90.97	85.65	80.42	75.74	71.33	66.99	63.11	59.24	55.74	52.56	49.45	46.53	43.84	41.28	38.75	36.84	35.50	34.38	33.36	33.00	
111.00	104.41	98.21	92.03	86.02	80.13	74.30	68.86	63.48	58.18	53.71	49.90	46.31	42.93	39.96	37.01	34.82	32.88	31.07	30.24	29.68	29.16	29.00	
114.00	104.07	94.31	85.12	76.31	67.55	60.16	53.01	48.33	44.57	41.04	37.90	34.91	32.83	31.32	30.20	29.54	29.28	29.08	29.02	29.00	
113.00	105.11	97.30	89.64	83.05	76.94	70.87	65.58	60.34	55.44	50.62	47.89	45.46	43.29	41.23	39.42	37.70	36.20	35.06	34.01	33.04	32.45	32.03	32.00	
120.00	111.86	103.97	96.10	88.98	82.28	76.31	70.96	65.86	60.84	56.34	52.03	48.13	44.60	41.26	38.42	35.93	33.99	32.53	31.50	31.24	31.00	
102.00	96.08	90.21	84.56	79.46	74.53	70.13	66.00	61.97	57.95	54.47	51.16	48.15	45.18	42.40	39.75	37.35	35.02	32.84	30.88	29.61	28.36	28.00	
121.00	111.84	103.04	95.05	87.99	81.80	75.70	70.42	65.55	60.73	56.53	52.39	48.81	45.23	42.02	39.46	37.71	36.20	34.74	33.28	31.94	31.53	31.22	31.00	
109.00	99.32	90.27	82.87	75.60	68.41	62.76	57.16	53.44	49.86	46.43	43.95	41.52	39.29	37.41	35.55	33.86	32.59	31.54	31.07	31.00	
122.00	114.10	106.51	99.05	91.77	84.55	77.87	71.58	66.33	61.56	56.82	52.45	48.37	44.47	40.71	37.31	34.94	33.37	31.86	30.92	30.01	30.00	
112.00	104.27	96.59	89.77	82.96	76.51	71.08	65.77	61.15	56.63	52.38	48.67	45.14	42.20	39.45	37.06	34.78	32.66	30.65	29.04	28.00	
103.00	97.03	91.06	85.50	80.48	75.47	70.48	65.70	61.79	57.90	54.48	51.11	48.18	45.31	42.61	39.95	37.79	35.98	34.23	32.73	31.78	31.38	31.00	
112.00	104.87	98.42	92.03	85.86	79.93	74.21	68.51	63.85	59.36	54.88	50.44	46.21	42.35	38.84	35.36	32.69	31.28	29.94	28.67	28.01	28.00	
113.00	105.42	97.86	91.38	85.27	79.20	73.15	67.25	61.42	55.64	51.33	47.33	43.54	40.19	37.59	35.24	33.41	31.87	30.62	29.45	28.46	28.00	
104.00	96.30	88.82	81.84	75.15	69.21	63.32	58.48	53.91	49.90	46.50	43.32	40.46	38.28	36.73	35.46	34.36	33.39	32.44	31.61	31.00	
105.00	98.94	92.98	87.25	81.62	76.20	71.08	66.18	61.89	57.84	53.88	50.14	46.64	43.25	39.88	36.72	33.98	31.90	30.69	29.56	28.80	28.24	28.00	
112.00	104.02	97.10	91.19	85.62	80.22	74.99	69.80	64.98	60.46	56.03	51.91	48.59	45.29	42.03	39.17	36.34	33.89	31.93	30.13	30.01	30.00	
120.00	109.04	99.37	90.22	81.68	73.98	67.32	61.68	56.73	52.87	49.42	46.04	42.84	39.87	37.62	35.57	33.69	32.26	31.39	30.59	30.00	
122.00	115.25	108.59	102.40	96.91	91.58	86.44	81.32	76.25	71.30	66.54	61.88	57.28	52.82	48.98	46.03	43.14	40.53	38.64	36.83	35.13	33.60	32.47	32.00	
105.00	98.11	91.39	85.13	79.02	73.62	69.08	64.82	60.73	57.01	53.39	49.83	46.49	43.22	39.96	36.74	34.00	32.29	31.21	30.57	30.00	
111.00	102.51	94.61	87.34	80.30	74.60	69.38	64.38	59.57	55.24	51.17	47.55	44.29	41.20	38.54	35.94	33.94	32.80	31.81	31.08	31.00	
117.00	110.31	103.62	97.14	90.82	84.66	78.62	72.82	67.06	61.57	56.52	51.67	47.18	44.41	42.04	40.11	38.32	36.79	35.57	34.49	33.43	33.00	
101.00	94.36	88.05	82.07	76.73	71.53	66.57	61.82	57.43	53.34	49.31	45.51	42.18	39.62	37.44	35.43	34.14	33.11	32.63	32.28	32.00	
113.00	106.67	100.56	94.57	88.80	83.04	77.68	72.67	67.99	63.47	59.65	56.46	53.30	50.40	47.68	45.08	42.60	40.20	37.87	35.72	34.68	33.75	33.07	33.00	
112.00	104.50	97.70	91.48	85.55	80.04	74.59	69.64	64.76	60.23	55.79	51.94	48.24	44.88	41.55	38.26	35.16	33.11	31.44	30.07	29.04	28.00	
107.00	98.50	91.33	84.34	77.59	72.18	66.77	61.46	56.93	53.03	49.21	45.79	42.66	39.80	37.23	35.10	33.31	32.35	31.76	31.22	31.03	31.00	
105.00	99.33	93.68	88.07	83.09	78.25	73.48	69.02	64.73	60.47	56.49	52.95	49.45	46.29	43.24	41.23	39.30	37.83	36.46	35.27	34.38	33.64	33.32	33.00	
123.00	113.29	103.76	95.47	88.78	82.15	75.72	69.74	64.01	58.81	54.44	50.32	47.03	43.84	40.90	38.24	36.57	34.98	33.91	33.01	33.00	
111.00	104.96	98.95	93.12	87.33	81.65	76.70	71.89	67.69	63.63	60.10	56.62	53.36	50.14	46.98	43.89	40.87	38.06	35.63	33.32	32.61	32.00	
115.00	107.85	100.87	94.32	87.89	81.91	76.32	70.87	65.96	61.13	56.32	51.69	48.25	45.30	42.64	40.23	37.88	35.86	34.35	32.93	31.98	31.04	30.51	30.00	
102.00	95.26	88.75	82.47	76.40	71.17	66.22	61.64	57.28	53.15	49.16	45.71	42.64	39.64	36.83	34.45	33.15	31.86	30.88	30.14	30.06	30.00	
123.00	112.38	102.83	93.85	86.09	78.50	71.28	64.37	59.45	55.25	51.06	47.80	44.84	41.90	38.99	36.09	34.04	32.19	31.04	30.41	30.00	
111.00	102.41	95.28	88.36	81.85	75.73	70.16	64.68	59.97	55.38	51.50	48.38	46.23	44.17	42.13	40.19	38.60	37.24	35.98	34.80	33.69	32.90	32.24	32.00	
107.00	100.49	94.19	88.64	83.37	78.13	73.42	68.91	64.99	61.28	57.95	54.74	51.68	48.73	45.81	42.93	40.18	37.48	34.99	33.31	32.56	32.00	
104.00	97.55	91.36	85.26	79.20	73.49	68.72	64.21	59.84	55.86	51.94	48.19	45.50	42.88	40.47	38.59	36.88	35.18	33.83	32.66	31.52	30.71	30.00	
109.00	102.48	96.22	90.63	85.13	79.77	74.53	69.35	64.85	60.38	56.17	52.25	48.36	45.37	42.59	39.88	37.68	35.69	34.16	32.71	31.36	30.51	30.00	
102.00	96.58	91.27	86.03	80.88	75.94	71.07	66.26	61.63	57.22	53.78	50.73	47.69	44.73	41.87	39.04	36.23	34.08	32.05	30.18	29.09	28.31	28.12	28.00	
113.00	106.37	99.82	93.73	87.72	82.08	76.57	71.41	66.38	61.71	57.40	53.22	49.39	46.39	43.55	40.87	38.69	36.58	35.04	33.57	32.18	32.00	
122.00	115.45	108.92	102.57	96.48	90.43	84.49	78.57	72.77	67.47	63.14	59.00	55.02	51.24	47.66	44.14	41.15	38.46	36.46	34.95	33.56	32.59	32.07	32.00	
117.00	108.79	101.19	93.61	86.17	79.23	72.30	65.43	58.91	52.66	48.19	44.21	41.34	39.31	37.35	35.50	33.81	32.42	31.30	30.17	30.00	
114.00	106.36	99.16	92.02	85.42	79.50	73.66	68.05	62.78	57.55	52.45	47.47	42.82	38.50	34.46	31.24	30.55	30.04	29.54	29.32	29.15	29.00	
113.00	104.49	96.41	89.08	82.61	76.27	70.22	65.15	60.51	55.92	52.05	48.47	45.02	41.70	39.74	37.79	36.40	35.39	34.58	33.95	33.41	33.02	33.00	
119.00	108.82	99.00	89.83	81.97	74.36	67.20	60.79	55.58	51.85	48.60	45.63	42.84	40.23	37.74	35.70	33.89	32.13	30.62	29.18	28.00	
118.00	109.96	102.55	96.33	90.35	84.42	78.65	72.95	67.39	62.00	56.63	51.67	46.96	42.84	38.98	35.97	33.79	32.46	31.22	30.43	29.71	29.13	29.00	
102.00	92.56	85.08	78.40	72.96	67.65	63.10	58.71	54.85	51.08	47.87	45.29	42.89	40.62	38.47	36.61	34.82	33.30	32.02	31.15	31.00	
110.00	102.32	95.76	89.36	83.25	77.22	71.33	65.48	60.62	56.14	52.06	48.12	45.02	42.01	39.32	37.06	35.15	33.25	32.51	32.12	32.00	
122.00	114.48	107.06	99.65	92.28	85.73	80.23	74.86	69.81	65.15	60.52	56.29	52.22	48.28	44.93	42.19	40.03	38.18	36.36	34.62	33.23	31.95	31.00	
119.00	111.50	104.12	97.25	90.61	84.06	78.42	72.90	68.00	63.22	58.57	54.69	51.15	47.72	44.34	41.07	38.33	36.14	34.67	33.52	33.09	33.00	
119.00	109.77	101.24	92.77	85.20	78.50	71.81	65.71	59.85	55.19	50.90	46.81	43.17	40.98	38.90	36.93	35.16	33.48	32.24	31.11	30.15	29.56	29.17	29.00	
120.00	111.71	103.82	96.22	89.47	83.03	77.06	71.47	66.09	60.86	55.98	51.34	47.16	43.75	40.81	38.24	36.05	34.26	32.93	31.70	30.64	30.00	
109.00	100.49	92.28	84.54	78.01	71.48	65.27	59.42	54.36	49.57	45.90	42.88	40.50	38.32	36.34	34.59	33.25	32.02	30.85	29.79	28.84	28.09	28.00	
110.00	101.42	93.19	86.00	79.11	72.47	66.32	60.79	55.56	50.81	46.57	42.52	39.26	36.80	34.52	32.93	31.65	30.54	29.51	29.03	29.00	
115.00	108.99	103.10	97.25	91.99	86.78	81.90	77.23	72.58	68.22	63.90	59.60	55.33	51.11	46.98	42.86	39.53	37.46	35.59	33.97	32.39	31.00	30.00	
109.00	101.93	95.03	88.39	81.82	75.61	69.62	64.01	58.87	54.37	49.93	46.04	42.76	39.57	37.01	34.53	32.08	31.07	30.12	29.69	29.26	29.01	29.00	
104.00	96.75	90.82	85.27	79.72	74.63	69.60	65.03	60.57	56.17	52.28	49.35	46.54	43.84	41.54	39.31	37.28	35.31	33.34	31.89	30.94	30.00	29.10	29.00	
101.00	94.40	88.01	81.75	76.09	70.71	66.67	62.88	59.41	56.15	53.22	50.40	47.58	44.82	42.42	40.50	38.68	36.97	35.51	34.12	33.29	32.56	32.00	
109.00	102.80	96.90	91.47	86.13	80.99	75.97	70.97	66.00	61.74	57.61	53.56	49.62	46.14	42.81	39.65	36.87	35.09	33.40	31.93	30.84	29.95	29.07	29.00	
111.00	104.08	97.27	90.46	85.02	80.00	75.57	71.15	67.24	63.34	59.90	56.76	53.76	51.13	48.69	46.29	44.01	41.73	39.56	37.84	36.27	35.02	33.80	33.00	
122.00	112.55	103.20	94.17	85.79	77.77	70.42	63.33	57.59	52.45	47.96	43.63	40.70	38.03	35.44	33.17	31.54	30.10	28.96	28.28	28.00	
101.00	95.89	90.93	86.39	81.85	77.38	72.92	68.68	64.47	60.34	56.27	52.47	49.35	46.36	43.40	40.87	38.46	36.28	34.88	33.77	32.99	32.40	32.09	32.00	
103.00	96.74	91.03	85.43	79.92	74.46	70.51	66.56	62.66	58.86	55.13	52.23	49.41	46.76	44.15	41.61	39.10	36.89	34.86	33.39	32.14	31.66	31.32	31.00	
114.00	107.74	101.49	95.30	89.14	83.01	77.21	71.55	66.31	61.17	56.25	52.00	48.51	45.60	42.87	40.57	38.46	36.99	35.79	34.64	33.67	33.07	32.48	32.00	
115.00	108.10	101.23	94.86	88.66	83.31	78.33	73.51	69.12	64.92	60.75	56.83	53.06	49.44	46.09	42.80	39.94	37.34	35.38	33.68	32.05	31.27	30.63	30.00	
106.00	100.91	95.84	90.85	85.97	81.26	76.80	72.35	67.92	63.59	59.49	55.92	52.43	49.03	46.33	43.68	41.06	38.49	35.96	35.01	34.07	33.52	33.01	33.00	
113.00	106.25	99.66	93.11	86.59	80.12	73.68	67.61	62.34	57.24	52.25	47.82	43.52	39.56	35.80	33.14	31.23	30.54	30.19	30.08	30.00	
109.00	102.06	95.25	88.62	82.32	76.53	71.15	65.97	61.06	56.31	51.61	46.94	43.39	40.13	37.50	35.68	33.89	32.23	32.05	32.01	32.00	
101.00	94.96	88.99	83.23	77.64	72.93	68.66	64.40	60.42	56.54	52.94	49.39	46.01	42.71	39.68	37.03	35.45	34.24	33.80	33.41	33.16	33.02	33.00	
104.00	98.02	92.42	87.12	81.97	77.40	73.33	69.27	65.48	62.02	58.86	55.88	53.07	50.33	47.60	45.13	42.67	40.21	37.91	35.66	34.30	33.04	32.01	31.00	
112.00	104.85	98.18	91.83	86.03	80.51	75.07	69.80	64.74	59.94	55.52	51.39	47.50	44.14	41.13	38.18	36.36	35.12	33.95	32.78	31.77	31.26	31.00	
107.00	99.81	92.68	86.25	80.38	75.23	70.19	65.27	61.04	56.88	52.75	48.66	44.60	40.85	37.14	35.50	34.03	33.11	32.22	31.52	31.09	31.00	
119.00	108.04	98.16	88.80	79.65	72.70	66.17	60.86	55.76	50.73	45.81	42.47	39.16	35.96	34.23	32.67	31.54	30.52	29.73	29.16	28.68	28.23	28.11	28.00	
123.00	116.97	111.21	105.58	100.00	94.43	89.30	84.23	79.21	74.36	69.66	65.07	60.80	56.61	52.85	49.13	45.86	42.84	39.88	37.61	36.23	35.04	33.90	33.00	
109.00	102.46	95.98	89.65	83.34	77.27	71.26	65.40	59.82	54.74	50.57	46.59	43.17	39.98	37.54	35.29	33.26	31.83	30.48	29.61	29.00	28.39	28.00	
115.00	108.67	102.59	96.54	90.78	85.02	79.37	73.94	68.92	64.29	59.70	55.40	51.66	47.94	44.76	41.69	38.80	36.31	33.96	33.41	33.00	
104.00	96.96	90.26	83.75	77.55	71.65	66.86	62.47	58.12	54.51	51.32	48.18	45.20	42.70	41.10	39.53	38.03	36.66	35.32	34.12	33.24	33.00	
116.00	107.65	99.71	92.46	85.28	78.25	71.51	64.78	58.82	54.54	50.46	47.08	44.14	41.55	39.41	37.85	36.32	34.87	34.02	33.46	33.00	
112.00	105.19	98.55	92.30	86.19	80.08	74.02	68.07	62.63	58.39	54.93	51.50	48.44	45.54	43.01	40.77	38.72	37.00	35.30	34.11	33.31	32.51	32.00	
119.00	113.41	107.96	102.65	97.34	92.09	87.02	82.02	77.04	72.47	67.93	63.50	59.27	55.22	51.43	48.05	44.88	42.02	39.72	37.70	35.92	34.15	33.51	33.00	
116.00	107.45	98.90	91.64	84.47	77.75	71.27	65.59	60.63	55.86	51.84	48.11	44.77	41.55	38.49	35.56	34.53	33.61	32.83	32.08	31.53	31.00	
105.00	98.44	92.01	85.70	79.45	73.27	67.54	62.56	57.78	53.22	49.41	46.03	43.51	41.12	38.92	37.25	35.69	34.40	33.55	33.05	33.00	
108.00	101.46	95.22	89.14	83.20	77.61	72.31	67.02	61.75	56.65	52.16	48.13	44.12	41.42	39.01	36.87	35.45	34.26	33.20	32.30	31.58	31.00	
120.00	113.24	106.68	100.21	94.35	88.69	83.10	77.61	72.22	66.97	61.88	56.96	52.18	48.62	45.24	42.48	39.77	37.12	34.59	32.49	30.85	29.91	29.00	
106.00	100.47	94.97	89.79	84.86	79.94	75.32	70.80	66.29	62.24	58.25	54.62	51.02	47.53	44.48	41.47	38.74	36.12	33.68	32.11	31.14	30.43	30.00	
111.00	102.39	93.83	85.94	78.97	72.83	66.74	61.00	56.66	52.46	49.15	46.08	43.31	40.86	38.71	36.82	34.94	33.06	31.39	30.18	29.31	28.64	28.13	28.00	
123.00	112.16	102.35	93.69	85.51	77.69	71.06	65.93	60.82	56.09	51.51	47.24	43.24	40.29	37.62	35.99	34.38	33.12	31.91	31.09	31.00	
103.00	96.63	90.29	84.28	78.91	73.78	68.70	63.95	59.43	55.26	51.35	47.81	44.32	41.87	39.88	38.53	37.42	36.31	35.26	34.43	33.78	33.26	33.04	33.00	
107.00	100.57	94.28	88.20	83.10	78.27	73.68	69.61	65.55	61.53	57.55	53.61	49.79	46.22	43.27	40.37	37.63	35.24	33.18	31.47	29.88	28.29	28.00	
111.00	102.67	95.01	88.21	82.28	76.54	71.01	65.75	60.92	57.03	53.36	49.84	46.44	43.04	39.97	36.94	34.79	32.83	31.04	29.91	28.94	28.42	28.00	
109.00	101.48	94.17	87.02	80.10	74.63	69.42	64.76	60.16	56.22	52.41	49.14	45.91	43.28	40.72	38.24	36.30	35.04	33.92	32.93	32.00	
108.00	102.65	97.47	92.35	87.81	83.45	79.17	74.91	70.70	66.63	62.59	58.97	55.36	52.07	48.81	45.62	42.57	40.48	38.63	36.85	35.40	34.06	32.85	32.00	
119.00	109.48	100.02	91.89	84.74	78.82	73.13	67.63	62.14	56.67	52.45	48.54	45.24	42.52	40.34	38.26	36.29	34.71	33.30	32.07	31.00	
117.00	108.50	100.09	91.69	83.44	75.56	69.31	63.77	58.24	52.97	48.23	45.06	41.94	38.88	36.53	34.30	32.11	30.95	30.16	30.06	30.00	
107.00	101.62	96.26	90.95	85.69	80.72	76.05	71.53	67.14	62.88	58.65	54.66	50.85	47.13	43.87	41.40	39.00	37.11	35.39	33.85	32.70	32.07	31.48	31.00	
118.00	109.79	101.67	94.45	87.30	80.33	74.05	68.23	62.45	57.21	52.55	48.19	44.00	40.93	37.89	35.50	33.50	31.66	30.70	30.24	30.00	
117.00	110.77	104.57	98.42	92.31	86.49	80.84	75.36	70.13	65.06	60.14	55.45	50.98	46.61	42.82	39.63	36.76	34.20	31.98	29.80	29.27	29.00	
122.00	114.46	107.12	99.97	93.04	86.44	79.90	73.65	68.22	63.00	58.22	53.61	49.22	45.30	41.98	39.67	37.41	35.17	32.94	30.86	30.34	30.00	
110.00	102.75	95.54	88.34	81.22	75.29	69.36	64.36	59.55	54.94	50.57	47.06	44.12	41.23	38.53	35.88	33.43	32.33	31.47	30.89	30.44	30.00	
119.00	109.42	100.10	90.91	82.62	75.62	69.80	65.11	60.67	56.71	52.84	49.05	45.48	42.04	39.40	36.89	34.51	32.34	30.26	29.01	28.17	28.00	
113.00	104.99	97.28	89.73	82.87	76.47	70.44	64.65	59.92	55.27	51.07	47.52	44.23	41.95	39.75	37.80	35.93	34.41	32.98	31.72	30.79	29.96	29.33	29.00	
101.00	94.47	88.12	82.51	76.93	71.43	66.25	62.08	58.07	54.27	50.73	47.37	44.19	41.80	39.91	38.37	36.85	35.53	34.68	34.11	33.63	33.24	33.00	
101.00	95.27	89.73	84.19	78.98	73.93	69.10	64.58	60.09	56.22	53.10	50.07	47.15	44.28	41.67	39.31	37.41	35.64	34.40	33.43	32.49	31.60	31.20	31.00	
107.00	100.61	94.30	88.43	82.61	77.69	72.88	68.13	63.49	59.06	54.76	50.58	47.77	45.02	42.48	39.99	37.90	35.91	33.97	32.05	30.19	28.44	28.00	
113.00	103.50	94.19	85.12	78.15	71.69	66.04	60.78	55.86	51.70	47.73	44.62	42.46	40.60	38.77	37.21	35.68	34.43	33.24	32.32	31.58	31.00	
106.00	99.40	92.97	87.02	81.95	76.93	72.23	67.72	63.29	59.27	55.58	51.96	48.42	45.52	42.71	40.01	38.11	36.63	35.33	34.20	33.28	32.45	32.18	32.00	
117.00	110.99	105.02	99.17	93.79	88.69	83.78	78.91	74.22	69.64	65.55	61.78	58.20	54.75	51.38	48.27	45.31	42.54	39.97	37.82	36.33	34.87	33.55	33.00	
123.00	115.08	107.36	100.10	93.18	86.38	79.71	73.48	67.42	61.70	56.19	50.75	47.74	45.31	42.99	40.74	38.61	36.57	34.87	33.84	32.83	32.00	
103.00	96.54	90.22	83.99	78.19	72.62	67.36	62.58	58.09	53.90	50.08	46.29	43.04	40.75	38.81	37.02	35.66	34.66	33.66	32.80	32.31	32.00	
108.00	101.38	95.35	89.39	84.14	79.00	74.17	69.55	64.95	60.63	56.35	52.51	48.69	45.49	42.33	39.36	37.16	35.78	34.67	33.76	32.88	32.27	32.07	32.00	
107.00	99.72	93.41	87.45	81.94	76.59	71.68	66.82	62.04	57.68	53.69	49.99	46.37	42.94	39.71	37.20	35.04	34.00	33.01	32.22	31.64	31.16	31.00	
115.00	107.96	101.81	95.70	89.69	83.72	78.09	73.16	68.29	63.79	59.33	54.90	50.83	47.10	43.45	40.24	37.13	34.28	32.67	31.12	29.69	29.06	29.00	
104.00	96.67	89.48	82.49	76.50	71.39	66.50	62.75	59.09	55.58	52.34	49.11	45.88	42.66	39.83	37.39	35.04	32.99	31.25	29.54	28.00	
111.00	103.57	96.43	89.30	82.73	76.50	70.41	64.55	59.21	54.66	50.54	46.60	44.64	42.73	40.85	39.18	37.61	36.18	34.90	33.65	32.50	31.47	31.00	
113.00	103.88	95.39	87.02	80.39	73.85	67.54	62.05	56.88	51.78	46.86	42.96	39.39	36.99	34.68	32.97	31.54	30.43	29.67	29.14	29.00	
104.00	98.14	92.86	87.70	82.80	78.02	73.32	68.84	64.42	60.04	56.30	52.86	49.53	46.42	43.53	40.88	38.42	36.32	34.43	33.12	31.96	31.22	30.53	30.00	
103.00	96.67	90.56	84.77	79.16	73.74	68.43	63.28	58.57	54.89	52.04	49.42	46.99	44.66	42.42	40.54	39.16	37.90	36.71	35.56	34.45	33.44	33.00	
123.00	115.12	107.65	100.59	93.60	86.71	79.93	73.83	68.56	63.68	59.18	54.88	50.74	46.61	42.78	39.02	35.40	31.86	29.99	28.71	28.00	
116.00	107.74	99.58	91.73	84.07	76.51	70.12	64.09	58.15	53.86	49.70	45.77	42.18	38.96	35.98	33.76	31.93	30.57	29.53	28.96	28.39	28.02	28.00	
123.00	112.93	103.92	95.18	86.80	79.08	71.61	65.54	60.76	56.11	51.50	48.28	45.12	42.89	40.66	38.45	36.60	34.80	33.40	32.04	32.00	
115.00	107.89	100.86	93.82	86.94	80.34	73.74	67.66	61.60	57.41	53.46	50.38	47.91	45.49	43.15	40.85	39.00	37.36	35.75	34.85	33.97	33.48	33.04	33.00	
116.00	107.99	100.62	93.86	87.39	81.89	76.53	71.42	66.34	61.48	56.98	52.88	48.98	45.12	41.30	38.03	35.68	33.51	31.84	31.20	31.09	31.00	
113.00	103.91	96.50	89.51	82.59	75.77	69.12	63.04	57.80	53.67	49.62	45.79	42.17	39.19	37.04	35.09	33.53	32.31	31.44	30.74	30.12	29.61	29.18	29.00	
113.00	105.35	98.40	92.05	86.11	80.33	74.69	69.13	63.73	58.82	54.37	50.03	47.54	45.17	42.85	40.60	38.47	36.61	35.29	33.97	32.84	32.20	32.00	
114.00	106.31	98.87	91.62	85.74	80.43	75.20	70.09	65.17	60.53	56.38	52.36	48.54	44.97	41.41	38.94	37.30	35.77	34.47	33.30	32.54	32.16	32.00	
119.00	112.22	105.56	99.55	93.78	88.66	83.57	78.94	74.37	69.81	65.69	61.61	57.66	53.88	50.31	46.99	44.02	41.24	39.25	37.49	35.81	34.32	33.08	32.00	
119.00	112.23	105.56	99.53	93.57	87.70	81.94	76.51	71.14	65.88	61.03	56.31	51.61	47.50	43.43	40.24	37.57	35.08	32.92	32.01	31.45	31.00	
121.00	110.96	101.69	92.51	83.65	75.97	68.84	62.25	56.26	50.76	45.49	42.66	39.89	38.03	36.28	34.52	33.09	32.24	31.53	31.34	31.14	31.00	
120.00	112.26	104.65	97.66	90.97	84.41	78.07	71.82	66.01	60.54	55.11	50.42	46.11	42.41	39.58	37.46	35.58	33.91	32.50	31.30	31.05	31.00	
109.00	101.29	93.73	86.26	79.02	71.90	65.47	59.75	54.58	50.57	47.07	44.41	41.96	39.91	38.38	36.87	35.40	34.00	32.65	31.90	31.41	31.00	
122.00	113.42	105.55	98.67	91.99	85.31	78.78	72.80	67.32	61.94	57.60	53.61	49.84	46.15	42.79	39.74	37.50	35.48	33.81	32.39	31.26	30.52	30.16	30.00	
102.00	95.49	89.29	83.36	78.07	73.13	68.35	63.68	59.03	54.79	50.89	47.91	45.02	42.16	39.77	37.72	35.81	33.99	32.43	31.27	31.00	
117.00	108.69	101.67	95.06	88.46	82.55	76.74	71.02	65.57	61.34	57.34	53.70	50.24	47.04	44.00	41.38	39.09	36.87	34.71	32.77	31.32	30.29	30.00	
109.00	102.18	95.54	89.37	83.21	77.49	71.79	66.42	61.50	56.69	51.88	47.65	43.77	40.85	38.20	36.13	34.32	32.77	31.32	30.04	28.79	28.35	28.14	28.00	
101.00	93.72	86.59	79.75	73.09	67.34	61.94	56.83	51.77	47.40	44.00	41.66	39.50	37.47	35.51	33.82	32.23	30.92	29.84	28.77	28.00	
114.00	105.76	97.88	90.58	83.73	77.00	70.36	64.18	58.66	53.31	48.23	44.29	40.92	37.97	35.41	33.48	31.95	31.10	30.25	29.44	29.26	29.13	29.00	
123.00	113.50	104.08	94.71	86.59	78.79	71.86	65.43	59.30	53.30	47.45	43.37	39.46	36.86	34.46	32.29	30.97	30.05	29.36	29.05	29.00	
104.00	97.54	91.43	86.08	80.84	75.75	70.90	66.07	61.30	57.27	53.27	49.87	46.55	43.55	41.13	39.03	36.98	35.41	33.88	32.95	32.21	31.55	31.20	31.00	
110.00	101.04	92.18	85.92	79.93	74.46	69.00	63.63	58.68	53.79	48.98	44.23	41.64	39.67	37.76	36.47	35.33	34.21	33.35	32.64	32.08	32.00	
113.00	106.12	99.28	92.51	85.76	79.45	73.16	68.61	64.15	59.75	55.88	52.31	49.37	46.43	43.53	40.96	38.44	36.11	35.30	34.52	33.89	33.41	33.08	33.00	
107.00	97.99	89.41	82.02	75.60	69.56	63.84	58.42	53.57	48.91	45.24	41.94	39.02	36.34	33.84	31.70	30.36	29.28	28.54	28.09	28.00	
107.00	100.36	93.73	87.52	81.78	76.18	71.30	66.53	61.83	57.30	53.08	49.04	45.15	42.13	39.91	37.89	36.19	34.61	33.23	32.27	31.60	31.12	31.00	
120.00	111.31	103.67	96.34	90.30	84.28	78.42	72.86	67.45	62.09	57.33	52.56	48.01	43.95	40.37	37.29	34.43	32.45	31.51	31.04	31.00	
121.00	114.23	107.87	101.81	95.86	90.00	84.35	78.95	73.84	68.76	63.86	59.93	56.07	52.26	48.59	45.27	42.10	39.09	36.63	34.40	32.46	31.26	31.12	31.00	
122.00	113.87	105.91	97.96	90.57	83.25	76.34	69.82	63.73	59.01	54.34	49.92	45.52	42.09	39.01	36.01	33.98	32.19	30.96	29.95	29.19	29.00	
119.00	111.11	103.57	96.38	89.32	82.34	76.11	70.35	64.85	59.73	55.82	52.09	48.54	45.24	41.98	39.22	36.61	34.13	31.76	30.35	28.97	28.23	28.01	28.00	
115.00	107.71	100.49	94.33	88.23	82.18	76.46	71.27	66.19	61.20	56.61	52.16	47.99	44.48	41.60	38.77	36.44	34.52	32.81	31.20	30.66	30.18	30.00	
115.00	107.25	99.83	92.41	85.81	79.56	73.82	68.95	64.14	59.72	55.43	51.62	48.12	44.74	41.61	39.31	37.21	35.36	33.55	32.32	31.45	31.00	
120.00	111.90	104.00	96.75	89.67	83.19	76.88	70.76	65.36	60.23	55.53	51.15	48.02	45.26	42.68	40.17	37.69	35.23	32.91	31.05	30.00	
108.00	100.02	92.11	85.27	78.45	72.03	66.09	60.54	55.49	50.99	47.50	44.29	41.13	37.99	35.60	33.56	31.60	30.12	28.88	28.17	28.00	
108.00	101.37	94.91	88.82	82.77	77.19	72.37	67.65	63.21	59.67	56.17	52.70	49.55	46.71	43.94	41.22	38.72	36.23	34.05	33.29	32.68	32.11	32.05	32.00	
111.00	100.17	92.36	86.18	80.63	75.43	70.26	65.16	60.34	55.72	51.32	48.02	45.05	42.20	39.70	37.76	36.34	35.19	34.31	33.56	33.12	33.00	
110.00	103.30	97.08	90.90	84.91	79.64	74.37	69.14	64.23	59.84	55.81	51.95	48.36	45.13	42.38	39.97	37.84	35.81	34.06	32.83	32.18	32.00	
116.00	108.37	100.79	93.41	86.77	80.18	74.75	69.78	65.13	60.56	56.65	52.87	49.28	45.85	42.44	39.43	36.61	34.36	32.66	31.04	29.61	28.51	28.00	
103.00	97.22	91.86	86.69	81.57	77.05	72.58	68.12	64.30	60.65	57.07	53.49	50.31	47.53	44.81	42.36	40.02	37.86	35.86	34.74	33.68	33.00	
108.00	100.83	94.70	88.72	82.93	77.45	72.01	67.01	62.23	57.55	53.03	48.73	44.76	42.00	39.41	36.99	35.08	33.58	32.36	31.20	30.09	29.00	
109.00	101.93	94.93	88.42	82.31	76.26	70.40	65.03	59.74	54.88	50.77	47.19	44.52	41.98	39.47	37.52	35.70	34.29	33.22	32.67	32.24	32.00	
118.00	110.64	103.58	96.68	89.83	83.58	77.37	71.24	65.44	59.77	54.95	50.81	47.13	44.01	41.10	38.29	35.56	32.86	30.97	29.58	29.00	
110.00	103.00	96.55	90.93	85.38	79.82	74.42	69.48	64.57	60.43	56.35	52.53	48.83	45.66	42.60	39.61	36.71	34.12	32.04	31.58	31.26	31.00	
118.00	110.06	102.32	94.72	87.71	80.84	74.00	67.92	61.87	56.06	50.32	45.34	41.25	38.47	36.15	34.82	33.51	32.22	31.21	30.54	29.92	29.34	29.05	29.00	
118.00	109.31	101.26	93.55	86.35	79.86	73.78	67.77	62.41	57.99	53.66	49.60	45.59	42.78	40.51	38.27	36.46	34.82	33.32	32.32	31.34	30.84	30.42	30.00	
109.00	102.11	95.69	89.28	83.20	77.45	71.81	66.70	61.87	57.28	53.64	50.19	47.60	45.25	42.96	40.67	38.59	36.84	35.61	34.40	33.29	32.42	31.70	31.00	
115.00	108.38	102.03	96.03	90.03	84.13	78.25	72.91	67.62	63.06	59.04	55.19	51.56	48.12	44.77	41.59	38.68	35.85	34.70	33.92	33.28	33.00	
101.00	94.77	88.61	82.98	77.63	72.60	67.62	62.69	57.77	53.22	49.04	45.14	41.35	38.84	36.49	34.38	32.51	30.93	30.12	29.39	29.00	
111.00	102.97	95.05	87.57	80.21	73.22	66.50	61.18	56.07	51.23	46.54	42.63	39.05	36.04	34.08	32.77	31.53	30.53	29.77	29.22	29.12	29.05	29.00	
116.00	107.37	99.52	92.11	85.39	78.77	72.98	67.44	62.92	58.43	54.15	50.05	47.27	44.61	42.23	39.90	37.96	36.10	34.40	33.58	33.00	
107.00	99.13	91.45	83.95	76.89	70.47	64.92	60.00	55.77	51.55	48.30	45.05	42.57	40.51	38.60	36.71	34.92	33.26	31.68	31.28	31.10	31.00	
106.00	99.64	93.62	88.80	84.02	79.36	75.04	70.81	66.73	62.66	58.82	55.15	51.49	47.93	44.58	41.54	38.61	35.73	33.12	31.05	29.87	29.00	
104.00	97.08	90.31	84.10	78.08	72.12	66.29	61.08	56.09	51.59	47.66	44.40	41.34	38.56	36.07	34.65	34.13	33.62	33.12	32.65	32.25	32.00	
101.00	93.90	86.86	80.19	73.56	67.25	61.76	56.55	51.97	48.60	46.09	43.72	41.58	39.45	37.55	35.76	33.99	33.46	33.11	33.04	33.00	
104.00	97.91	92.21	86.54	81.02	75.57	70.17	65.18	60.27	55.40	51.12	48.15	45.19	42.33	39.61	37.59	36.25	35.22	34.32	33.65	33.31	33.11	33.00	
104.00	97.30	91.07	84.90	78.95	74.15	69.56	65.12	60.75	56.49	52.83	49.18	46.00	43.13	40.64	39.24	37.91	36.69	35.60	34.59	33.68	33.07	33.03	33.00	
116.00	108.93	102.26	95.61	89.34	83.68	78.44	73.44	68.70	64.03	59.52	55.23	51.34	48.19	45.26	42.53	39.86	37.18	34.54	33.91	33.31	33.00	
114.00	106.40	99.25	92.13	85.87	80.07	74.71	70.22	65.97	61.77	58.03	54.48	51.11	47.88	44.98	42.42	40.05	37.94	36.39	34.95	33.56	33.20	33.00	
113.00	106.26	99.52	93.50	87.61	82.04	77.11	72.78	68.64	64.52	60.51	56.55	52.84	49.14	45.70	42.44	39.80	37.18	34.94	33.60	32.25	31.28	30.44	30.00	
114.00	108.43	103.11	97.83	92.57	87.60	82.86	78.22	73.81	69.43	65.23	61.26	57.66	54.16	50.69	47.25	43.86	41.28	38.76	36.63	34.77	33.24	31.82	31.00	
104.00	97.74	91.85	86.09	80.98	76.05	71.20	66.53	62.16	58.07	53.99	50.48	47.13	44.24	41.36	38.54	35.94	33.67	31.46	30.54	29.73	29.46	29.22	29.00	
120.00	112.81	106.09	99.66	93.49	87.37	81.69	76.26	71.01	65.85	61.44	57.68	54.09	50.57	47.27	44.04	41.46	39.11	36.81	34.72	32.92	31.40	31.00	
122.00	113.80	105.98	98.25	90.92	83.99	77.56	71.47	65.77	60.76	55.83	50.92	46.04	42.56	39.65	36.78	34.96	33.50	32.19	31.46	31.19	31.04	31.00	
122.00	113.24	105.19	97.17	89.63	82.11	74.65	67.46	61.92	56.68	51.93	47.33	43.38	39.62	35.99	34.13	32.86	31.68	30.75	30.01	29.32	29.02	29.00	
105.00	97.00	89.48	82.93	76.50	71.70	67.27	62.86	58.80	54.81	51.07	47.65	44.49	41.70	39.18	36.83	35.15	33.70	32.68	31.98	31.37	31.00	
120.00	113.40	106.85	100.46	94.35	88.41	82.59	76.93	71.32	65.73	60.15	54.66	49.39	44.75	41.24	37.86	35.26	34.01	32.94	32.06	32.00	
103.00	97.36	91.87	86.41	81.19	76.47	71.85	67.76	63.71	59.82	56.06	52.46	48.94	45.85	42.89	40.05	37.26	35.41	33.81	32.30	31.09	29.97	29.33	29.00	
111.00	102.97	95.88	89.60	84.31	79.05	73.95	68.92	64.28	59.84	55.52	51.47	47.51	43.84	40.37	36.98	35.33	33.77	32.23	31.02	29.84	29.00	
103.00	96.95	90.92	84.95	80.45	76.01	71.62	67.33	63.09	59.14	55.34	51.73	48.47	45.84	43.48	41.15	38.93	36.88	34.95	33.53	32.81	32.44	32.20	32.00	
110.00	103.83	97.75	91.74	85.87	80.14	74.57	69.02	63.91	59.01	54.46	50.71	47.35	44.67	42.00	39.91	37.96	36.15	34.37	32.66	32.15	32.00	
102.00	95.63	89.90	84.32	78.83	73.38	68.10	62.94	57.81	52.98	48.45	44.83	41.86	39.84	38.11	36.57	35.04	33.65	32.67	31.82	31.00	
112.00	104.27	96.80	90.32	84.08	78.98	73.92	68.98	64.07	59.32	54.90	51.07	47.47	44.08	41.09	38.13	35.87	34.23	32.72	31.56	30.53	29.66	29.00	
115.00	107.48	100.64	94.21	88.16	82.92	77.97	73.32	68.78	64.45	60.20	56.00	52.24	48.78	45.51	42.48	40.00	37.61	35.85	34.11	32.43	31.55	31.00	
119.00	110.60	104.24	98.27	92.34	86.41	80.58	74.89	69.28	63.92	58.94	54.54	50.31	46.11	42.52	39.64	36.99	35.35	33.76	32.56	32.00	
106.00	98.82	92.56	87.00	81.53	76.12	70.98	66.72	62.63	58.54	54.46	50.99	47.93	45.17	42.60	40.24	38.02	36.17	34.45	33.40	32.57	31.77	31.00	
109.00	98.74	89.96	82.30	75.13	68.43	62.80	57.25	52.63	48.42	44.32	41.14	38.27	36.17	34.23	32.44	30.95	29.96	29.55	29.21	29.05	29.02	29.00	
109.00	102.79	96.63	90.68	85.60	80.86	76.18	71.93	67.72	63.57	59.47	55.52	51.68	48.12	44.67	41.32	37.99	35.80	33.80	32.08	31.56	31.24	31.00	
110.00	102.57	95.43	88.29	81.82	75.46	69.41	63.90	58.66	53.93	49.87	45.85	41.99	38.85	36.36	34.65	33.09	31.67	31.03	30.57	30.17	30.08	30.00	
121.00	114.01	107.08	100.17	94.15	88.18	82.47	77.72	73.02	68.37	63.73	59.31	55.09	51.11	47.55	44.00	41.13	38.33	35.79	33.52	31.45	29.62	28.79	28.00	
102.00	95.70	89.64	83.65	77.86	73.06	68.39	63.80	59.35	55.13	51.24	47.55	44.34	41.40	39.20	37.03	34.88	32.93	31.22	30.28	29.35	28.46	28.00	
104.00	97.00	90.36	83.79	77.43	71.60	66.03	61.04	56.52	52.76	49.07	45.85	43.34	41.10	39.00	37.06	35.86	34.83	33.91	33.08	33.00	
118.00	110.22	102.48	94.85	87.21	79.58	72.54	65.78	59.32	52.90	47.37	44.13	41.16	39.19	37.30	35.52	34.43	33.34	32.38	31.53	30.72	30.00	
122.00	113.50	105.25	97.57	90.89	84.30	78.44	72.74	67.54	63.61	59.74	55.94	52.22	48.61	45.27	42.12	39.00	36.05	33.51	31.36	30.00	29.00	28.00	
115.00	108.53	102.06	95.67	89.67	83.85	78.19	73.07	68.76	64.49	60.38	56.33	52.66	49.00	45.35	42.00	38.85	36.22	33.70	33.32	33.00	
121.00	112.00	104.14	96.35	88.73	81.45	74.36	67.87	61.64	55.62	49.91	44.30	39.09	35.69	33.78	32.61	31.45	30.40	29.78	29.18	28.67	28.25	28.00	
101.00	94.93	89.01	83.30	77.83	72.65	67.79	63.17	58.87	54.98	51.48	48.15	44.94	41.83	39.12	36.54	33.97	31.50	29.47	28.62	28.28	28.00	
106.00	99.79	93.67	87.82	82.06	76.55	71.91	67.44	63.44	59.55	55.67	52.01	48.97	46.12	43.34	40.70	38.28	36.68	35.36	34.16	33.48	33.03	33.00	
113.00	105.82	98.70	91.62	85.04	78.46	72.30	66.20	60.26	54.37	49.77	46.95	44.44	41.96	39.94	37.93	36.06	34.47	33.21	32.03	31.00	
112.00	102.98	94.70	86.95	80.48	74.15	68.02	62.87	58.11	53.54	49.41	45.58	41.77	38.17	34.60	31.81	30.30	29.14	28.25	28.03	28.00	
121.00	112.72	104.83	96.95	89.47	82.83	76.26	70.32	64.57	59.14	53.82	49.22	44.70	41.20	38.67	36.15	33.95	31.98	30.42	29.13	28.45	28.07	28.00	
108.00	101.59	95.22	88.99	82.79	76.87	71.17	66.26	61.61	57.31	53.58	49.96	46.82	43.84	41.07	39.00	37.09	35.51	34.07	32.85	31.76	30.78	30.26	30.00	
116.00	108.94	101.96	95.15	88.37	81.67	75.48	69.70	64.36	59.41	54.53	49.95	45.47	41.39	38.51	35.91	34.07	32.45	31.43	30.50	30.18	30.06	30.00	
118.00	109.94	102.03	94.57	87.73	81.34	75.81	70.63	65.77	61.05	56.73	53.25	49.85	46.55	43.84	41.48	39.44	37.54	35.70	33.98	33.26	33.00	
105.00	99.40	93.84	88.33	83.32	78.34	73.54	68.96	64.44	60.36	56.37	52.44	48.66	45.20	41.74	39.04	36.87	34.84	32.92	31.22	29.67	28.45	28.00	
120.00	111.62	103.92	96.24	88.78	81.64	74.62	68.11	61.66	55.76	50.07	44.64	39.85	37.30	35.15	33.45	31.81	30.20	29.29	29.13	29.02	29.00	
121.00	112.66	104.77	97.03	89.48	82.44	75.50	69.43	63.53	57.68	52.42	48.52	45.36	42.27	39.68	37.47	35.30	33.64	32.18	31.40	31.00	
115.00	106.84	99.47	92.51	86.18	80.07	74.42	69.02	63.89	59.08	55.32	51.72	48.53	45.41	42.40	39.44	36.62	34.09	31.85	29.68	28.40	28.00	
110.00	102.37	94.96	88.00	81.79	75.86	70.36	64.89	60.37	56.33	52.74	49.18	46.00	42.88	40.25	37.64	36.26	34.99	34.01	33.45	33.00	
108.00	101.75	95.76	89.81	83.97	78.52	73.67	69.19	64.72	60.53	56.42	52.48	48.67	45.51	42.44	39.84	37.48	35.51	34.10	33.15	32.42	31.72	31.24	31.00	
118.00	110.54	103.55	96.55	89.60	83.60	77.71	71.91	66.14	60.53	55.84	51.17	47.46	44.07	41.41	38.96	36.69	34.56	32.56	30.78	29.12	29.05	29.00	
112.00	105.46	99.21	93.14	87.46	81.95	76.68	71.74	66.89	62.11	57.50	53.18	49.07	45.04	41.11	37.25	34.80	32.66	30.82	29.53	28.86	28.36	28.00	
106.00	96.55	87.73	78.95	71.15	64.17	57.26	52.82	48.52	45.03	41.78	38.91	37.35	35.94	34.99	34.13	33.45	32.90	32.40	32.19	32.00	
119.00	111.58	104.39	97.53	90.89	85.31	79.82	74.74	69.82	64.93	60.25	55.61	51.54	47.74	44.07	40.52	37.05	34.23	31.64	30.12	28.98	28.00	
114.00	106.10	98.32	90.93	83.56	77.14	71.35	66.65	62.11	57.97	54.01	50.31	46.69	43.09	39.79	37.02	34.84	32.68	30.73	29.38	29.00	
119.00	111.29	103.70	96.42	89.20	81.99	75.29	68.83	63.64	58.48	53.47	48.78	45.04	41.34	37.95	34.66	32.69	30.88	29.85	28.85	28.18	28.00	
105.00	98.84	92.77	86.98	81.39	76.77	72.36	68.12	63.88	59.85	55.89	52.11	48.34	44.90	41.81	38.97	36.44	34.09	32.20	30.46	29.00	
117.00	109.39	102.04	94.77	87.70	80.65	75.07	69.78	64.50	59.36	54.51	50.13	46.23	43.00	40.04	37.45	35.09	32.80	31.19	29.74	28.86	28.40	28.00	
105.00	99.03	93.12	87.37	81.64	76.28	71.02	66.21	61.63	57.22	53.71	50.41	47.30	44.29	41.92	39.61	37.40	35.27	33.48	31.81	31.26	31.16	31.06	31.00	
118.00	110.58	103.32	96.29	89.56	83.04	76.80	71.36	66.10	61.99	58.20	54.62	51.14	47.83	45.26	42.73	40.29	38.06	35.86	34.59	33.38	32.19	31.20	31.00	
122.00	114.44	107.43	100.48	93.80	87.43	81.33	75.94	70.54	65.58	60.81	56.10	52.01	48.17	44.65	42.15	39.92	37.81	35.71	34.13	33.33	33.00	
112.00	103.25	95.16	87.41	80.16	73.16	66.68	60.93	55.21	50.16	45.65	42.40	40.00	37.84	36.30	35.17	34.20	33.24	32.51	32.08	32.00	
102.00	95.37	88.91	82.62	76.59	70.69	65.35	60.34	56.18	52.58	49.13	45.77	42.54	39.36	36.71	34.26	31.96	30.42	29.10	28.45	28.00	
111.00	103.95	97.05	91.11	86.08	81.16	76.29	72.08	68.09	64.26	60.46	56.68	52.99	49.68	46.56	43.48	40.78	38.79	37.07	35.72	34.75	33.79	33.14	33.00	
121.00	113.78	107.18	100.73	94.32	87.95	82.29	76.92	71.88	66.94	62.41	58.58	54.80	51.10	47.55	44.02	40.81	37.93	35.14	32.81	30.72	29.20	28.36	28.00	
107.00	98.34	90.55	83.42	76.47	69.53	63.04	58.73	54.51	50.84	47.25	44.10	41.40	38.95	37.22	35.53	34.27	33.20	32.32	31.55	31.19	31.00	
122.00	113.00	104.09	96.13	89.16	82.41	75.78	69.65	63.91	59.24	55.21	51.50	48.10	44.85	42.02	39.55	37.13	35.12	33.38	31.91	31.43	31.05	31.00	
103.00	97.00	91.67	86.44	81.25	76.21	71.51	66.99	62.87	58.82	54.94	51.11	47.55	44.37	41.27	39.07	37.54	36.10	35.00	34.18	33.45	33.25	33.05	33.00	
118.00	111.03	104.27	97.63	91.60	85.73	79.90	74.10	68.30	62.81	57.32	51.86	47.49	43.24	39.70	36.41	33.50	31.64	30.37	29.18	28.21	28.00	
103.00	97.86	92.75	87.72	82.89	78.17	74.12	70.16	66.22	62.63	59.13	55.74	52.49	49.69	47.03	44.57	42.17	39.82	37.49	35.27	33.05	31.08	30.39	30.00	
101.00	95.52	90.05	84.61	79.55	74.56	69.62	64.71	61.02	57.36	54.16	51.20	48.39	45.83	43.32	41.08	38.91	36.77	34.70	32.65	31.48	30.33	30.07	30.00	
113.00	105.47	98.52	91.59	84.79	78.56	72.45	66.44	60.78	55.52	51.06	47.24	44.11	41.06	38.58	36.24	34.02	32.47	31.96	31.52	31.15	31.00	
122.00	114.67	107.42	100.51	93.64	87.19	80.99	75.03	69.12	63.76	58.65	53.92	49.74	45.59	41.93	38.93	37.06	35.80	34.58	33.39	33.06	33.00	
116.00	108.60	101.55	94.79	88.72	82.99	77.36	72.04	66.88	61.76	56.81	52.22	48.29	44.41	40.64	38.02	35.48	33.98	32.49	31.16	30.34	29.63	29.09	29.00	
123.00	112.68	103.61	95.04	88.05	81.19	74.76	68.55	62.57	57.21	52.15	47.38	42.79	38.97	37.22	35.76	34.30	33.11	31.94	31.41	31.22	31.05	31.00	
114.00	106.14	98.57	91.41	84.59	78.01	71.63	66.55	61.47	56.56	52.40	48.48	45.10	42.12	39.60	37.32	35.97	34.69	33.42	33.09	33.00	
103.00	97.09	91.88	86.75	81.76	77.17	72.75	68.38	64.14	59.92	56.17	52.56	49.52	46.69	44.15	41.83	39.69	37.60	35.70	33.81	32.02	32.00	
117.00	109.54	102.09	94.65	88.65	82.75	76.94	71.38	66.19	61.06	55.95	52.41	49.01	46.29	43.66	41.10	39.01	37.00	35.09	33.45	32.52	32.23	32.00	
116.00	108.67	101.65	95.09	88.78	82.53	76.54	70.71	65.59	60.66	56.34	52.30	48.42	44.54	41.06	38.12	35.31	33.35	31.63	30.44	30.00	
105.00	98.77	92.62	87.09	81.69	76.30	71.12	66.10	61.39	57.15	53.44	50.15	46.90	44.33	41.99	39.80	38.09	36.92	35.75	34.76	34.05	33.66	33.31	33.00	
103.00	96.88	91.02	85.19	79.55	74.25	69.19	64.60	60.09	55.77	51.76	48.38	45.09	41.95	39.17	36.52	34.03	32.47	31.16	30.46	30.00	
108.00	102.44	97.02	91.63	86.25	81.03	75.90	71.37	66.92	62.70	58.75	55.01	51.34	48.06	45.43	42.92	40.51	38.19	36.56	35.09	34.18	33.50	33.11	33.00	
123.00	114.20	105.48	96.82	89.30	82.02	75.84	69.69	63.62	59.00	54.71	50.56	46.73	43.44	40.81	38.46	36.32	35.04	33.82	32.97	32.22	32.00	
112.00	105.16	98.78	92.72	86.79	81.07	76.02	71.45	66.99	62.68	58.48	54.30	50.56	47.19	44.24	41.87	39.55	38.07	36.63	35.41	34.43	33.60	33.00	
106.00	99.26	92.53	86.45	80.40	74.78	69.33	64.69	60.30	56.05	51.83	47.90	44.53	41.82	39.23	36.64	34.44	32.57	30.92	29.47	29.00	
107.00	99.67	92.44	85.40	78.49	72.21	66.27	60.45	55.45	50.99	47.26	43.88	41.04	39.02	37.11	35.55	34.56	33.66	33.01	32.36	31.77	31.36	31.01	31.00	
110.00	103.61	97.24	91.24	85.47	80.25	75.45	70.81	66.39	62.17	58.04	54.04	50.12	46.23	42.72	39.72	36.88	35.60	34.37	33.72	33.44	33.20	33.01	33.00	
103.00	96.41	90.43	84.62	79.91	75.29	70.74	66.69	62.68	58.80	55.10	51.56	48.16	44.92	41.70	39.06	37.01	35.79	34.91	34.05	33.29	33.00	
107.00	97.71	90.74	84.00	77.52	71.42	65.33	59.95	54.71	49.87	45.53	42.18	39.37	37.67	36.19	35.24	34.43	33.62	33.34	33.17	33.00	
110.00	104.04	98.34	92.75	87.43	82.26	77.20	72.22	67.56	62.97	58.39	54.20	50.38	46.87	43.90	40.97	38.31	35.76	33.71	31.67	30.03	29.60	29.24	29.00	
115.00	107.65	100.41	93.32	86.74	80.60	74.67	69.24	63.96	59.33	54.71	50.17	45.65	41.39	38.16	36.12	34.29	32.67	31.28	30.03	28.96	28.00	
115.00	107.19	99.97	93.69	87.44	81.83	76.24	70.70	65.91	61.32	56.76	52.48	48.90	45.41	41.95	40.05	38.34	36.78	35.32	34.17	33.15	33.00	
120.00	112.14	105.89	99.77	93.97	88.22	82.53	76.86	71.39	66.08	60.99	56.71	52.69	48.79	45.21	42.36	39.64	37.13	34.67	32.40	30.43	30.14	30.00	
122.00	111.11	101.63	92.83	84.82	77.14	69.72	62.62	56.26	51.16	46.19	43.02	40.02	37.06	34.51	32.56	30.69	29.09	28.47	28.03	28.00	
113.00	105.01	97.95	91.27	84.82	78.42	72.62	67.99	63.35	58.78	54.22	50.21	47.29	44.39	41.58	38.96	36.87	34.82	32.79	31.64	31.03	31.00	
112.00	105.75	99.50	93.35	87.24	81.67	76.21	70.81	65.56	60.46	55.36	50.62	47.16	43.84	40.65	37.92	35.74	33.73	31.86	30.30	29.21	29.00	
110.00	102.79	95.77	88.85	82.73	76.79	70.85	65.31	60.61	56.93	53.45	50.10	47.20	44.58	42.10	39.78	37.48	35.31	33.99	33.50	33.15	33.00	
114.00	106.27	99.68	93.44	87.21	81.04	74.91	69.16	63.58	58.05	53.46	49.25	46.05	43.80	41.60	39.42	37.65	36.06	34.49	33.56	33.00	
119.00	109.81	100.76	91.92	83.37	76.29	70.40	64.63	58.92	53.35	49.55	46.07	42.95	39.84	36.99	34.70	33.22	32.07	30.99	29.98	29.59	29.22	29.09	29.00	
102.00	95.37	89.20	83.53	78.00	72.53	67.16	62.25	57.58	53.22	48.91	44.82	41.24	37.79	35.44	33.19	31.22	30.18	29.54	29.22	29.00	
115.00	107.66	100.54	93.53	86.75	80.85	75.08	69.51	65.05	60.67	57.08	53.61	50.14	46.71	43.32	40.51	38.06	35.92	33.98	32.20	31.18	30.55	30.00	
123.00	113.39	105.20	97.37	90.00	83.61	77.29	71.29	65.68	60.37	55.52	50.98	46.54	42.93	39.75	36.65	33.76	31.82	30.29	29.60	29.30	29.04	29.00	
103.00	95.43	89.27	83.65	78.06	73.73	69.53	65.48	61.47	57.49	54.18	51.13	48.36	45.71	43.24	40.80	38.39	36.58	35.31	34.24	33.30	32.58	32.00	
113.00	105.36	98.46	91.74	85.31	79.18	73.52	68.53	64.16	59.94	55.82	51.76	47.93	44.39	41.54	38.87	36.50	34.33	32.18	30.31	29.52	28.79	28.29	28.00	
109.00	101.98	95.03	88.54	82.32	77.28	72.27	67.31	63.14	58.98	55.17	51.36	47.63	44.59	41.59	38.62	36.37	34.57	32.86	32.39	32.00	
106.00	99.29	93.05	87.20	81.53	75.95	70.57	65.84	61.88	58.17	54.74	51.83	48.99	46.22	43.89	41.62	39.36	37.57	36.09	35.13	34.20	33.47	33.00	
105.00	96.70	89.42	82.39	76.02	70.02	65.03	60.24	55.59	51.11	47.30	43.78	40.51	38.29	36.17	34.48	32.94	31.79	31.01	30.44	30.00	
110.00	100.85	92.75	85.53	78.92	72.88	67.00	61.24	55.74	50.91	46.16	41.49	37.57	34.32	32.42	31.22	30.54	29.90	29.39	29.18	29.00	
105.00	99.07	93.42	87.87	82.47	77.27	72.56	67.97	63.59	59.28	55.37	51.88	48.59	45.75	42.92	40.21	37.61	35.44	33.85	32.36	32.00	
120.00	112.67	106.09	100.29	94.51	88.82	83.16	77.60	72.06	66.54	61.06	55.64	51.25	48.43	45.74	43.09	40.55	38.35	36.33	34.71	33.23	31.81	30.43	30.00	
116.00	108.07	100.74	93.40	86.92	81.43	75.95	70.86	65.83	60.81	56.12	51.63	48.15	44.68	41.21	38.13	36.27	34.55	33.02	31.51	31.18	31.00	
119.00	110.30	101.70	93.61	85.93	78.75	71.61	64.50	58.79	55.23	51.71	48.20	44.97	41.90	38.95	36.52	35.00	33.98	33.28	32.78	32.35	32.06	32.00	
104.00	96.78	90.19	84.17	78.68	73.39	68.68	64.11	59.79	55.50	51.32	47.25	43.68	40.51	38.15	36.17	34.31	32.47	31.05	29.75	28.80	28.00	
109.00	100.98	93.40	85.83	78.84	72.16	66.08	60.41	55.52	50.77	46.10	41.79	37.64	34.76	32.47	30.61	29.65	28.96	28.39	28.15	28.00	
113.00	104.73	97.55	90.87	84.30	77.92	72.25	67.22	62.48	58.26	54.07	50.01	46.33	43.03	39.87	37.11	34.47	32.46	31.55	30.99	30.55	30.16	30.00	
102.00	96.63	91.28	86.27	81.27	76.37	71.51	66.67	61.90	57.46	53.09	48.81	44.74	41.09	37.64	34.94	32.58	30.79	30.32	30.03	30.00	
101.00	94.16	87.68	81.79	76.34	70.96	65.83	60.74	56.45	52.20	48.08	44.04	40.89	37.97	35.45	33.81	32.50	31.28	30.70	30.15	30.00	
117.00	108.84	101.09	93.96	86.89	79.85	73.45	67.32	61.89	56.63	52.12	49.08	46.11	43.33	41.03	39.13	37.37	35.76	34.93	34.26	33.62	33.00	
111.00	104.32	98.05	91.92	86.11	80.60	75.28	70.13	65.35	60.66	56.17	52.24	48.54	45.58	43.05	40.78	38.58	36.74	35.09	33.74	32.59	31.79	31.00	
118.00	111.28	104.57	98.21	91.87	86.10	80.38	74.68	69.33	64.17	59.23	54.58	50.31	46.21	42.61	39.40	37.03	35.07	33.74	32.68	31.89	31.28	31.07	31.00	
116.00	107.18	99.56	92.27	85.06	78.37	72.16	66.20	60.42	54.76	49.27	45.65	42.89	40.41	38.19	36.14	34.48	33.08	32.16	31.37	31.00	
107.00	100.81	94.75	88.91	83.76	78.71	73.66	68.64	63.75	58.89	54.74	51.20	48.24	45.45	42.74	40.10	37.58	35.10	33.42	32.41	31.61	31.00	
113.00	105.68	99.16	92.66	86.26	80.11	74.52	69.49	64.55	59.82	55.09	50.69	47.13	44.10	41.13	38.81	37.09	35.40	33.97	33.29	33.00	
33.60	15.68	22.40	11.20	23.52	16.80	21.28	20.16	12.32	31.36	13.44	19.04	25.76	31.36	26.88	13.44	16.80	17.92	15.68	16.80	11.20	19.04	29.12	29.12	22.40	17.92	29.12	32.48	23.52	22.40	23.52	13.44	32.48	28.00	21.28	21.28	28.00	28.00	25.76	12.32	15.68	29.12	25.76	30.24	25.76	11.20	31.36	31.36	29.12	28.00	28.00	17.92	17.92	33.60	17.92	12.32	13.44	30.24	28.00	31.36	33.60	33.60	23.52	12.32	31.36	15.68	29.12	11.20	32.48	30.24	28.00	28.00	14.56	30.24	19.04	30.24	23.52	15.68	15.68	22.40	32.48	30.24	22.40	12.32	29.12	29.12	14.56	24.64	25.76	26.88	33.60	20.16	14.56	12.32	31.36	30.24	15.68	16.80	28.00	22.40	13.44	12.32	12.32	13.44	14.56	29.12	16.80	32.48	33.60	11.20	14.56	33.60	28.00	32.48	16.80	30.24	11.20	13.44	16.80	14.56	23.52	23.52	11.20	12.32	29.12	21.28	29.12	23.52	24.64	17.92	14.56	29.12	20.16	29.12	16.80	24.64	23.52	24.64	22.40	19.04	22.40	17.92	23.52	14.56	25.76	14.56	19.04	33.60	30.24	22.40	23.52	13.44	22.40	24.64	25.76	15.68	25.76	13.44	12.32	11.20	23.52	14.56	15.68	25.76	25.76	14.56	22.40	22.40	13.44	16.80	19.04	13.44	16.80	26.88	22.40	13.44	23.52	26.88	29.12	30.24	29.12	28.00	29.12	22.40	11.20	11.20	29.12	14.56	15.68	16.80	22.40	11.20	14.56	20.16	21.28	33.60	14.56	29.12	22.40	22.40	17.92	13.44	19.04	31.36	24.64	23.52	13.44	22.40	12.32	24.64	15.68	31.36	17.92	21.28	21.28	21.28	15.68	26.88	33.60	12.32	32.48	30.24	29.12	25.76	30.24	29.12	24.64	29.12	23.52	28.00	30.24	32.48	22.40	33.60	15.68	31.36	25.76	16.80	14.56	32.48	11.20	28.00	25.76	23.52	29.12	12.32	16.80	15.68	23.52	20.16	25.76	32.48	16.80	31.36	25.76	31.36	14.56	22.40	28.00	16.80	25.76	32.48	25.76	20.16	28.00	23.52	32.48	26.88	16.80	22.40	31.36	22.40	13.44	11.20	33.60	24.64	12.32	28.00	30.24	11.20	25.76	11.20	16.80	33.60	22.40	14.56	24.64	29.12	15.68	19.04	23.52	25.76	32.48	12.32	14.56	32.48	22.40	11.20	19.04	23.52	31.36	17.92	23.52	28.00	29.12	14.56	12.32	26.88	16.80	28.00	20.16	12.32	23.52	28.00	13.44	22.40	14.56	24.64	25.76	15.68	32.48	24.64	23.52	24.64	13.44	20.16	33.60	21.28	24.64	28.00	16.80	25.76	24.64	25.76	31.36	24.64	13.44	19.04	24.64	15.68	14.56	22.40	32.48	29.12	22.40	29.12	15.68	24.64	11.20	30.24	31.36	19.04	23.52	30.24	20.16	13.44	29.12	15.68	31.36	33.60	13.44	12.32	30.24	14.56	31.36	32.48	28.00	14.56	19.04	24.64	11.20	13.44	11.20	20.16	25.76	11.20	16.80	16.80	17.92	30.24	21.28	25.76	15.68	22.40	29.12	23.52	31.36	11.20	14.56	24.64	25.76	30.24	22.40	14.56	15.68	28.00	21.28	12.32	11.20	33.60	21.28	29.12	19.04	14.56	23.52	29.12	20.16	26.88	32.48	15.68	24.64	24.64	29.12	12.32	19.04	25.76	19.04	13.44	33.60	25.76	13.44	12.32	30.24	14.56	17.92	13.44	30.24	24.64	28.00	12.32	29.12	14.56	13.44	13.44	29.12	32.48	20.16	12.32	32.48	20.16	31.36	13.44	29.12	28.00	19.04	30.24	16.80	24.64	30.24	26.88	22.40	16.80	21.28	30.24	26.88	31.36	24.64	15.68	20.16	19.04	14.56	22.40	16.80	32.48	15.68	14.56	26.88	15.68	26.88	16.80	20.16	32.48	17.92	29.12	17.92	14.56	33.60	32.48	32.48	17.92	11.20	31.36	19.04	14.56	22.40	25.76	24.64	11.20	31.36	23.52	30.24	15.68	24.64	31.36	14.56	21.28	28.00	31.36	20.16	25.76	31.36	21.28	25.76	30.24	14.56	23.52	16.80	11.20	17.92	28.00	31.36	21.28	26.88	30.24	11.20	16.80	19.04	22.40	16.80	21.28	32.48	21.28	22.40	31.36	24.64	15.68	24.64	13.44	30.24	13.44	33.60	23.52	12.32	25.76	26.88	13.44	20.16	17.92	12.32	12.32	28.00	26.88	20.16	25.76	12.32	23.52	33.60	21.28	23.52	32.48	30.24	31.36	33.60	28.00	21.28	21.28	31.36	33.60	19.04	20.16	19.04	28.00	33.60	32.48	32.48	20.16	16.80	15.68	15.68	11.20	30.24	11.20	19.04	13.44	13.44	15.68	30.24	22.40	31.36	28.00	26.88	23.52	29.12	25.76	24.64	16.80	29.12	28.00	21.28	30.24	14.56	26.88	31.36	12.32	29.12	33.60	15.68	17.92	23.52	17.92	20.16	12.32	29.12	32.48	22.40	20.16	24.64	23.52	32.48	26.88	11.20	33.60	23.52	13.44	33.60	24.64	22.40	19.04	11.20	33.60	23.52	33.60	24.64	26.88	15.68	22.40	30.24	25.76	17.92	19.04	28.00	28.00	32.48	14.56	20.16	19.04	19.04	19.04	22.40	23.52	11.20	17.92	31.36	29.12	29.12	28.00	24.64	23.52	26.88	23.52	14.56	24.64	19.04	12.32	13.44	11.20	14.56	24.64	28.00	22.40	32.48	25.76	22.40	16.80	24.64	14.56	23.52	14.56	14.56	30.24	33.60	22.40	16.80	11.20	25.76	20.16	16.80	19.04	13.44	22.40	20.16	17.92	20.16	20.16	25.76	21.28	24.64	14.56	32.48	12.32	17.92	13.44	31.36	25.76	23.52	17.92	11.20	16.80	14.56	33.60	22.40	26.88	23.52	23.52	28.00	17.92	28.00	14.56	31.36	33.60	26.88	19.04	20.16	26.88	23.52	29.12	30.24	31.36	30.24	13.44	29.12	12.32	21.28	13.44	16.80	31.36	14.56	12.32	33.60	21.28	23.52	22.40	20.16	25.76	13.44	30.24	20.16	19.04	30.24	19.04	14.56	11.20	33.60	30.24	29.12	20.16	26.88	23.52	15.68	31.36	22.40	14.56	26.88	11.20	22.40	32.48	29.12	11.20	23.52	33.60	21.28	31.36	19.04	12.32	26.88	11.20	24.64	11.20	29.12	21.28	16.80	20.16	26.88	31.36	32.48	32.48	33.60	30.24	28.00	33.60	26.88	28.00	13.44	33.60	11.20	31.36	12.32	16.80	20.16	15.68	12.32	11.20	15.68	22.40	29.12	29.12	29.12	31.36	23.52	14.56	13.44	30.24	21.28	15.68	12.32	13.44	12.32	22.40	17.92	28.00	30.24	26.88	23.52	17.92	30.24	31.36	17.92	28.00	13.44	26.88	16.80	32.48	22.40	33.60	21.28	22.40	19.04	12.32	19.04	28.00	23.52	33.60	33.60	15.68	11.20	31.36	21.28	26.88	25.76	17.92	25.76	23.52	16.80	13.44	26.88	11.20	25.76	29.12	31.36	26.88	19.04	14.56	33.60	21.28	28.00	17.92	19.04	19.04	26.88	12.32	32.48	13.44	22.40	25.76	22.40	12.32	14.56	11.20	21.28	20.16	24.64	26.88	12.32	26.88	20.16	25.76	21.28	21.28	23.52	19.04	14.56	13.44	22.40	19.04	17.92	11.20	11.20	19.04	31.36	12.32	26.88	24.64	25.76	29.12	28.00	11.20	24.64	28.00	15.68	31.36	32.48	26.88	19.04	14.56	14.56	25.76	28.00	32.48	11.20	29.12	24.64	26.88	23.52	17.92	28.00	21.28	12.32	21.28	21.28	16.80	19.04	33.60	31.36	29.12	13.44	22.40	31.36	13.44	25.76	12.32	22.40	24.64	28.00	33.60	32.48	13.44	31.36	33.60	28.00	13.44	28.00	26.88	17.92	31.36	22.40	14.56	30.24	31.36	14.56	32.48	17.92	24.64	31.36	22.40	15.68	22.40	29.12	22.40	23.52	12.32	26.88	32.48	11.20	20.16	16.80	16.80	21.28	12.32	30.24	21.28	21.28	22.40	20.16	15.68	15.68	15.68	19.04	22.40	32.48	32.48	23.52	17.92	11.20	22.40	22.40	29.12	33.60	22.40	13.44	14.56	11.20	28.00	30.24	17.92	21.28	33.60	25.76	20.16	12.32	29.12	11.20	23.52	20.16	23.52	33.60	22.40	17.92	30.24	16.80	11.20	22.40	25.76	13.44	15.68	25.76	32.48	28.00	31.36	31.36	25.76	31.36	14.56	29.12	22.40	14.56	28.00	29.12	23.52	14.56	31.36	16.80	14.56	24.64	33.60	15.68	21.28	33.60	29.12	13.44	31.36	25.76	16.80	17.92	14.56	23.52	29.12	13.44	11.20	15.68	12.32	21.28	19.04	29.12	17.92	17.92	22.40	14.56	31.36	16.80	15.68	23.52	29.12	13.44	29.12	13.44	14.56	19.04	16.80	23.52	11.20	16.80	30.24	13.44	25.76	31.36	12.32	32.48	32.48	23.52	13.44	24.64	28.00	17.92	24.64	12.32	19.04	15.68	16.80	24.64	32.48	15.68	16.80	20.16	21.28	25.76	32.48	30.24	26.88	14.56	12.32	16.80	28.00	25.76	31.36	29.12	25.76	20.16	19.04	30.24	16.80	31.36	31.36	14.56	17.92	15.68	20.16	12.32	28.00	28.00	12.32	33.60	29.12	16.80	11.20	11.20	16.80	26.88	19.04	20.16	24.64	33.60	22.40	11.20	28.00	20.16	33.60	21.28	23.52	23.52	14.56	26.88	23.52	16.80	13.44	19.04	13.44	20.16	28.00	16.80	11.20	13.44	32.48	12.32	30.24	12.32	30.24	30.24	32.48	21.28	31.36	19.04	12.32	23.52	11.20	15.68	16.80	17.92	15.68	26.88	11.20	28.00	16.80	31.36	15.68	32.48	12.32	19.04	25.76	29.12	33.60	21.28	28.00	26.88	19.04	29.12	12.32	25.76	25.76	15.68	30.24	17.92	19.04	32.48	19.04	23.52	28.00	29.12	24.64	17.92	21.28	24.64	21.28	26.88	21.28	25.76	21.28	13.44	32.48	16.80	29.12	33.60	17.92	28.00	31.36	29.12	16.80	22.40	12.32	29.12	33.60	25.76	11.20	12.32	12.32	29.12	11.20	28.00	20.16	29.12	21.28	17.92	17.92	25.76	30.24	24.64	23.52	20.16	30.24	14.56	17.92	13.44	21.28	24.64	21.28	23.52	29.12	26.88	30.24	25.76	25.76	14.56	14.56	20.16	20.16	22.40	20.16	24.64	28.00	13.44	33.60	26.88	13.44	32.48	23.52	17.92	16.80	19.04	30.24	17.92	23.52	29.12	19.04	20.16	29.12	33.60	20.16	17.92	32.48	22.40	22.40	20.16	23.52	31.36	19.04	12.32	31.36	13.44	20.16	33.60	11.20	29.12	15.68	30.24	23.52	11.20	25.76	17.92	33.60	16.80	11.20	32.48	26.88	22.40	22.40	30.24	33.60	24.64	22.40	22.40	19.04	33.60	19.04	22.40	25.76	11.20	26.88	22.40	28.00	31.36	11.20	13.44	31.36	12.32	26.88	23.52	22.40	32.48	11.20	28.00	21.28	28.00	31.36	32.48	29.12	15.68	12.32	23.52	31.36	16.80	30.24	31.36	14.56	33.60	19.04	16.80	31.36	15.68	13.44	33.60	20.16	14.56	17.92	24.64	32.48	28.00	23.52	11.20	20.16	25.76	33.60	31.36	11.20	22.40	13.44	22.40	17.92	25.76	21.28	28.00	23.52	30.24	12.32	33.60	13.44	16.80	28.00	21.28	14.56	26.88	15.68	33.60	28.00	23.52	25.76	15.68	29.12	19.04	23.52	20.16	14.56	12.32	22.40	25.76	15.68	30.24	22.40	17.92	31.36	26.88	14.56	23.52	20.16	29.12	20.16	11.20	17.92	21.28	32.48	25.76	31.36	32.48	28.00	31.36	26.88	24.64	12.32	20.16	11.20	11.20	31.36	24.64	22.40	25.76	33.60	23.52	28.00	15.68	32.48	26.88	14.56	15.68	16.80	15.68	22.40	21.28	20.16	31.36	24.64	15.68	30.24	28.00	31.36	20.16	25.76	25.76	15.68	23.52	32.48	17.92	23.52	16.80	11.20	22.40	12.32	17.92	22.40	25.76	14.56	29.12	24.64	23.52	11.20	30.24	26.88	26.88	17.92	23.52	28.00	33.60	22.40	29.12	16.80	26.88	29.12	25.76	14.56	24.64	31.36	14.56	21.28	22.40	14.56	12.32	28.00	25.76	12.32	15.68	15.68	31.36	30.24	23.52	12.32	15.68	13.44	29.12	29.12	17.92	16.80	13.44	24.64	26.88	14.56	19.04	29.12	12.32	32.48	32.48	23.52	11.20	20.16	32.48	33.60	19.04	30.24	11.20	17.92	22.40	22.40	13.44	29.12	16.80	33.60	17.92	13.44	28.00	21.28	26.88	31.36	21.28	28.00	25.76	33.60	12.32	29.12	30.24	11.20	31.36	24.64	17.92	24.64	11.20	19.04	13.44	23.52	25.76	26.88	32.48	14.56	32.48	15.68	28.00	33.60	21.28	32.48	31.36	30.24	33.60	17.92	25.76	29.12	26.88	28.00	14.56	22.40	25.76	16.80	16.80	31.36	33.60	26.88	28.00	21.28	15.68	30.24	23.52	24.64	29.12	29.12	25.76	20.16	31.36	17.92	13.44	12.32	28.00	12.32	29.12	16.80	16.80	17.92	17.92	32.48	26.88	32.48	20.16	23.52	16.80	33.60	22.40	20.16	13.44	32.48	33.60	12.32	24.64	32.48	24.64	23.52	15.68	17.92	30.24	22.40	26.88	31.36	21.28	23.52	26.88	30.24	16.80	25.76	28.00	22.40	21.28	26.88	23.52	16.80	28.00	12.32	32.48	32.48	12.32	11.20	33.60	14.56	20.16	13.44	26.88	33.60	31.36	20.16	32.48	22.40	25.76	20.16	22.40	31.36	16.80	32.48	31.36	15.68	30.24	11.20	17.92	11.20	20.16	16.80	23.52	15.68	33.60	12.32	28.00	25.76	31.36	14.56	28.00	24.64	16.80	31.36	19.04	17.92	16.80	31.36	19.04	24.64	28.00	32.48	31.36	28.00	11.20	12.32	23.52	14.56	33.60	15.68	15.68	12.32	22.40	13.44	11.20	12.32	20.16	33.60	11.20	32.48	20.16	24.64	14.56	29.12	24.64	16.80	12.32	28.00	15.68	22.40	11.20	19.04	33.60	30.24	14.56	20.16	26.88	14.56	22.40	24.64	20.16	29.12	25.76	15.68	11.20	28.00	31.36	20.16	24.64	19.04	16.80	17.92	20.16	30.24	28.00	30.24	33.60	30.24	11.20	23.52	11.20	33.60	24.64	17.92	11.20	22.40	15.68	24.64	23.52	16.80	11.20	32.48	28.00	21.28	17.92	28.00	13.44	11.20	24.64	26.88	33.60	28.00	16.80	16.80	25.76	14.56	33.60	20.16	13.44	17.92	16.80	11.20	21.28	13.44	14.56	12.32	33.60	30.24	24.64	16.80	33.60	21.28	11.20	25.76	17.92	33.60	19.04	12.32	24.64	24.64	23.52	11.20	29.12	23.52	13.44	25.76	25.76	22.40	33.60	16.80	30.24	13.44	31.36	19.04	19.04	22.40	12.32	11.20	33.60	25.76	25.76	30.24	11.20	11.20	25.76	30.24	32.48	26.88	24.64	16.80	11.20	24.64	21.28	32.48	17.92	21.28	29.12	19.04	13.44	33.60	29.12	23.52	13.44	11.20	15.68	17.92	22.40	23.52	17.92	16.80	28.00	16.80	22.40	11.20	28.00	25.76	33.60	28.00	14.56	11.20	33.60	26.88	20.16	22.40	32.48	14.56	11.20	30.24	11.20	14.56	28.00	20.16	30.24	13.44	19.04	11.20	21.28	33.60	31.36	13.44	15.68	30.24	14.56	22.40	33.60	32.48	29.12	13.44	33.60	30.24	15.68	12.32	14.56	14.56	22.40	29.12	16.80	33.60	20.16	16.80	14.56	28.00	13.44	25.76	12.32	16.80	33.60	12.32	25.76	17.92	13.44	24.64	26.88	14.56	19.04	24.64	25.76	24.64	32.48	20.16	22.40	29.12	32.48	11.20	20.16	29.12	13.44	22.40	29.12	33.60	33.60	13.44	15.68	20.16	25.76	29.12	20.16	20.16	15.68	23.52	33.60	17.92	32.48	30.24	33.60	23.52	24.64	28.00	22.40	25.76	23.52	33.60	25.76	12.32	22.40	29.12	30.24	20.16	24.64	24.64	20.16	23.52	26.88	30.24	31.36	31.36	25.76	29.12	11.20	19.04	26.88	11.20	33.60	16.80	12.32	21.28	14.56	24.64	25.76	32.48	11.20	22.40	26.88	26.88	25.76	14.56	26.88	33.60	29.12	22.40	22.40	23.52	33.60	15.68	14.56	17.92	11.20	32.48	30.24	16.80	28.00	15.68	19.04	31.36	12.32	21.28	16.80	21.28	28.00	29.12	15.68	26.88	20.16	29.12	20.16	14.56	
13.44	15.68	12.32	25.76	29.12	26.88	11.20	26.88	14.56	29.12	15.68	17.92	26.88	32.48	26.88	29.12	16.80	13.44	11.20	21.28	29.12	25.76	33.60	33.60	11.20	16.80	30.24	26.88	21.28	21.28	19.04	29.12	33.60	32.48	21.28	32.48	19.04	22.40	11.20	17.92	30.24	31.36	14.56	33.60	26.88	14.56	11.20	29.12	13.44	20.16	24.64	31.36	31.36	31.36	33.60	16.80	25.76	19.04	12.32	19.04	30.24	25.76	31.36	17.92	15.68	20.16	12.32	32.48	31.36	11.20	26.88	25.76	30.24	13.44	14.56	32.48	24.64	25.76	28.00	19.04	33.60	33.60	23.52	11.20	14.56	31.36	32.48	20.16	12.32	33.60	12.32	14.56	23.52	19.04	12.32	19.04	33.60	11.20	30.24	28.00	16.80	13.44	26.88	24.64	25.76	32.48	21.28	25.76	14.56	17.92	24.64	28.00	23.52	32.48	31.36	11.20	32.48	31.36	20.16	30.24	32.48	15.68	28.00	22.40	13.44	19.04	26.88	28.00	12.32	19.04	16.80	26.88	13.44	25.76	20.16	33.60	31.36	15.68	21.28	23.52	17.92	25.76	15.68	12.32	25.76	33.60	11.20	12.32	12.32	14.56	13.44	20.16	28.00	29.12	25.76	13.44	16.80	22.40	30.24	24.64	21.28	21.28	23.52	11.20	19.04	20.16	16.80	14.56	29.12	29.12	19.04	14.56	17.92	33.60	26.88	20.16	16.80	21.28	25.76	29.12	19.04	29.12	19.04	23.52	19.04	19.04	14.56	14.56	19.04	25.76	22.40	25.76	33.60	11.20	20.16	33.60	16.80	21.28	31.36	33.60	31.36	22.40	24.64	23.52	33.60	22.40	32.48	26.88	19.04	13.44	20.16	11.20	16.80	23.52	12.32	24.64	23.52	17.92	21.28	29.12	12.32	23.52	24.64	14.56	30.24	17.92	14.56	33.60	15.68	29.12	25.76	22.40	17.92	15.68	29.12	24.64	20.16	13.44	30.24	20.16	30.24	30.24	32.48	21.28	16.80	11.20	22.40	25.76	20.16	11.20	13.44	25.76	20.16	14.56	25.76	12.32	32.48	15.68	24.64	23.52	11.20	11.20	30.24	14.56	21.28	33.60	29.12	21.28	14.56	25.76	26.88	14.56	28.00	25.76	16.80	21.28	23.52	23.52	30.24	15.68	17.92	19.04	13.44	22.40	33.60	19.04	14.56	28.00	23.52	19.04	13.44	11.20	11.20	11.20	33.60	31.36	14.56	17.92	14.56	30.24	17.92	17.92	22.40	15.68	23.52	11.20	12.32	29.12	11.20	19.04	29.12	33.60	28.00	24.64	13.44	23.52	32.48	30.24	33.60	17.92	22.40	33.60	14.56	16.80	30.24	22.40	24.64	20.16	21.28	22.40	31.36	14.56	21.28	25.76	15.68	22.40	29.12	30.24	19.04	25.76	16.80	30.24	17.92	24.64	11.20	20.16	28.00	25.76	15.68	12.32	32.48	17.92	11.20	30.24	30.24	28.00	13.44	17.92	20.16	20.16	32.48	25.76	14.56	17.92	30.24	22.40	16.80	14.56	19.04	24.64	30.24	14.56	15.68	21.28	33.60	12.32	28.00	28.00	31.36	15.68	15.68	30.24	12.32	22.40	12.32	17.92	11.20	28.00	19.04	15.68	19.04	25.76	13.44	28.00	19.04	21.28	33.60	14.56	13.44	11.20	26.88	30.24	25.76	11.20	25.76	14.56	29.12	22.40	15.68	21.28	23.52	29.12	28.00	26.88	12.32	33.60	12.32	14.56	15.68	15.68	17.92	22.40	19.04	16.80	23.52	20.16	28.00	12.32	13.44	33.60	25.76	19.04	17.92	12.32	15.68	15.68	26.88	21.28	30.24	31.36	16.80	20.16	28.00	26.88	23.52	15.68	32.48	22.40	20.16	15.68	19.04	31.36	22.40	22.40	14.56	28.00	30.24	17.92	28.00	30.24	20.16	32.48	24.64	19.04	21.28	22.40	21.28	16.80	32.48	13.44	33.60	17.92	14.56	17.92	28.00	25.76	21.28	21.28	21.28	22.40	12.32	16.80	33.60	25.76	30.24	28.00	16.80	25.76	19.04	24.64	33.60	11.20	11.20	32.48	22.40	31.36	15.68	33.60	19.04	15.68	23.52	24.64	26.88	30.24	28.00	32.48	14.56	29.12	11.20	23.52	13.44	30.24	30.24	22.40	23.52	20.16	21.28	33.60	26.88	13.44	16.80	11.20	17.92	11.20	26.88	21.28	22.40	24.64	13.44	13.44	17.92	33.60	30.24	21.28	12.32	20.16	24.64	23.52	15.68	17.92	24.64	33.60	11.20	11.20	33.60	16.80	26.88	23.52	11.20	29.12	20.16	21.28	17.92	28.00	21.28	23.52	26.88	24.64	25.76	24.64	32.48	22.40	20.16	17.92	14.56	11.20	15.68	32.48	22.40	30.24	24.64	23.52	23.52	13.44	23.52	30.24	25.76	20.16	17.92	24.64	24.64	17.92	16.80	21.28	33.60	11.20	22.40	16.80	30.24	21.28	16.80	14.56	24.64	20.16	32.48	19.04	15.68	29.12	12.32	16.80	13.44	17.92	19.04	17.92	22.40	26.88	31.36	25.76	16.80	17.92	16.80	24.64	14.56	32.48	11.20	13.44	25.76	31.36	14.56	30.24	14.56	23.52	24.64	14.56	26.88	24.64	29.12	24.64	11.20	25.76	22.40	19.04	31.36	12.32	16.80	15.68	22.40	26.88	21.28	25.76	24.64	15.68	16.80	30.24	28.00	20.16	17.92	21.28	29.12	17.92	13.44	22.40	29.12	25.76	24.64	14.56	26.88	17.92	28.00	24.64	31.36	15.68	28.00	16.80	24.64	17.92	29.12	29.12	30.24	11.20	15.68	19.04	22.40	13.44	14.56	15.68	11.20	26.88	33.60	32.48	11.20	16.80	16.80	31.36	11.20	30.24	23.52	24.64	25.76	24.64	17.92	21.28	20.16	14.56	14.56	25.76	23.52	23.52	30.24	26.88	25.76	25.76	31.36	33.60	31.36	15.68	24.64	13.44	24.64	28.00	25.76	11.20	16.80	19.04	17.92	25.76	14.56	17.92	31.36	14.56	33.60	14.56	16.80	30.24	16.80	12.32	25.76	19.04	14.56	24.64	11.20	13.44	30.24	30.24	28.00	19.04	26.88	17.92	20.16	32.48	31.36	31.36	26.88	26.88	32.48	30.24	16.80	33.60	24.64	28.00	26.88	19.04	17.92	12.32	25.76	22.40	25.76	29.12	29.12	33.60	32.48	24.64	31.36	14.56	12.32	26.88	28.00	31.36	16.80	21.28	11.20	29.12	28.00	33.60	26.88	20.16	24.64	13.44	30.24	15.68	22.40	32.48	29.12	21.28	14.56	24.64	33.60	29.12	25.76	12.32	32.48	28.00	11.20	17.92	14.56	25.76	24.64	11.20	13.44	22.40	19.04	17.92	16.80	13.44	13.44	23.52	33.60	21.28	31.36	28.00	30.24	25.76	11.20	25.76	12.32	28.00	11.20	22.40	17.92	14.56	12.32	25.76	13.44	17.92	26.88	25.76	32.48	28.00	11.20	33.60	14.56	32.48	22.40	17.92	26.88	21.28	32.48	28.00	23.52	20.16	33.60	20.16	14.56	15.68	11.20	25.76	30.24	16.80	23.52	15.68	32.48	29.12	16.80	12.32	32.48	30.24	20.16	17.92	32.48	22.40	13.44	30.24	21.28	33.60	13.44	15.68	31.36	12.32	33.60	22.40	16.80	16.80	23.52	20.16	24.64	30.24	26.88	28.00	29.12	17.92	23.52	20.16	16.80	31.36	25.76	19.04	21.28	30.24	13.44	28.00	17.92	21.28	14.56	33.60	21.28	29.12	30.24	21.28	11.20	11.20	24.64	31.36	12.32	15.68	23.52	21.28	22.40	23.52	17.92	33.60	23.52	14.56	21.28	25.76	12.32	20.16	13.44	32.48	15.68	24.64	20.16	11.20	23.52	25.76	23.52	25.76	24.64	25.76	33.60	15.68	33.60	33.60	23.52	21.28	28.00	26.88	19.04	23.52	33.60	23.52	17.92	26.88	25.76	15.68	31.36	33.60	31.36	11.20	20.16	26.88	11.20	32.48	13.44	31.36	26.88	33.60	14.56	29.12	20.16	24.64	21.28	32.48	25.76	14.56	30.24	11.20	25.76	21.28	30.24	26.88	17.92	25.76	13.44	12.32	20.16	12.32	23.52	26.88	29.12	19.04	12.32	31.36	23.52	12.32	23.52	14.56	25.76	26.88	33.60	28.00	31.36	31.36	15.68	32.48	22.40	15.68	13.44	24.64	20.16	25.76	22.40	19.04	16.80	31.36	19.04	14.56	31.36	30.24	24.64	24.64	15.68	32.48	19.04	33.60	23.52	21.28	30.24	28.00	13.44	29.12	23.52	14.56	30.24	14.56	31.36	19.04	30.24	31.36	17.92	32.48	23.52	19.04	28.00	24.64	31.36	19.04	30.24	25.76	11.20	14.56	13.44	30.24	28.00	31.36	14.56	29.12	17.92	25.76	30.24	24.64	12.32	15.68	23.52	28.00	14.56	22.40	13.44	23.52	17.92	21.28	25.76	15.68	28.00	21.28	22.40	14.56	22.40	23.52	21.28	22.40	15.68	16.80	26.88	15.68	26.88	16.80	33.60	28.00	23.52	13.44	31.36	24.64	21.28	30.24	19.04	33.60	29.12	12.32	29.12	33.60	16.80	12.32	14.56	29.12	28.00	29.12	26.88	24.64	12.32	24.64	11.20	17.92	17.92	19.04	12.32	21.28	30.24	16.80	25.76	20.16	22.40	30.24	26.88	13.44	33.60	13.44	12.32	13.44	14.56	22.40	16.80	15.68	12.32	31.36	19.04	23.52	21.28	32.48	14.56	17.92	29.12	29.12	13.44	15.68	16.80	22.40	21.28	23.52	21.28	15.68	13.44	23.52	17.92	28.00	28.00	29.12	19.04	25.76	29.12	32.48	30.24	23.52	25.76	23.52	33.60	24.64	22.40	23.52	31.36	23.52	33.60	17.92	15.68	32.48	15.68	29.12	11.20	28.00	30.24	23.52	25.76	26.88	17.92	13.44	21.28	22.40	32.48	16.80	26.88	20.16	26.88	16.80	24.64	11.20	22.40	13.44	17.92	21.28	33.60	19.04	22.40	16.80	16.80	33.60	24.64	12.32	15.68	31.36	25.76	13.44	33.60	17.92	28.00	12.32	11.20	24.64	12.32	20.16	31.36	23.52	30.24	33.60	20.16	31.36	28.00	12.32	16.80	15.68	12.32	14.56	26.88	23.52	22.40	11.20	13.44	15.68	33.60	16.80	25.76	15.68	20.16	30.24	26.88	16.80	28.00	14.56	15.68	12.32	30.24	24.64	16.80	23.52	23.52	11.20	28.00	25.76	15.68	13.44	31.36	19.04	13.44	29.12	11.20	21.28	20.16	31.36	21.28	24.64	23.52	12.32	21.28	31.36	30.24	32.48	20.16	15.68	12.32	13.44	11.20	26.88	28.00	28.00	24.64	23.52	30.24	21.28	20.16	15.68	32.48	15.68	25.76	16.80	21.28	21.28	29.12	29.12	33.60	32.48	32.48	31.36	33.60	22.40	14.56	16.80	22.40	33.60	12.32	23.52	17.92	15.68	32.48	17.92	14.56	31.36	16.80	23.52	31.36	24.64	31.36	13.44	12.32	12.32	32.48	21.28	26.88	22.40	30.24	28.00	20.16	20.16	22.40	20.16	29.12	16.80	17.92	17.92	25.76	33.60	25.76	32.48	30.24	14.56	31.36	22.40	31.36	13.44	22.40	23.52	12.32	17.92	15.68	11.20	21.28	13.44	23.52	20.16	29.12	29.12	19.04	26.88	26.88	25.76	14.56	19.04	17.92	11.20	22.40	23.52	26.88	11.20	30.24	26.88	20.16	16.80	26.88	20.16	12.32	23.52	26.88	21.28	21.28	25.76	11.20	23.52	14.56	33.60	22.40	13.44	17.92	11.20	11.20	21.28	21.28	25.76	26.88	22.40	17.92	19.04	31.36	25.76	28.00	20.16	32.48	30.24	11.20	19.04	21.28	26.88	32.48	15.68	14.56	11.20	30.24	32.48	23.52	32.48	12.32	12.32	25.76	22.40	12.32	28.00	23.52	12.32	31.36	29.12	29.12	21.28	14.56	33.60	13.44	33.60	31.36	11.20	26.88	32.48	19.04	26.88	26.88	11.20	32.48	12.32	20.16	22.40	29.12	17.92	11.20	25.76	15.68	19.04	30.24	13.44	32.48	11.20	24.64	12.32	11.20	23.52	16.80	19.04	30.24	15.68	30.24	24.64	33.60	21.28	32.48	22.40	28.00	13.44	19.04	25.76	25.76	30.24	22.40	32.48	26.88	12.32	16.80	16.80	20.16	28.00	25.76	23.52	22.40	32.48	22.40	14.56	14.56	12.32	12.32	22.40	32.48	30.24	20.16	22.40	23.52	24.64	17.92	33.60	31.36	32.48	31.36	30.24	33.60	22.40	23.52	21.28	19.04	11.20	23.52	28.00	22.40	11.20	26.88	23.52	22.40	24.64	33.60	20.16	17.92	24.64	16.80	28.00	12.32	14.56	19.04	21.28	12.32	19.04	33.60	12.32	11.20	20.16	15.68	13.44	25.76	13.44	14.56	16.80	22.40	21.28	21.28	25.76	31.36	16.80	33.60	31.36	13.44	12.32	30.24	17.92	30.24	20.16	24.64	23.52	20.16	21.28	28.00	31.36	29.12	28.00	24.64	23.52	22.40	25.76	31.36	11.20	28.00	23.52	22.40	13.44	23.52	33.60	23.52	30.24	29.12	13.44	33.60	23.52	26.88	25.76	14.56	23.52	13.44	33.60	24.64	30.24	30.24	15.68	11.20	16.80	23.52	29.12	19.04	31.36	22.40	13.44	25.76	29.12	24.64	32.48	23.52	13.44	11.20	19.04	29.12	16.80	33.60	23.52	11.20	16.80	13.44	29.12	33.60	23.52	33.60	11.20	24.64	20.16	21.28	33.60	26.88	32.48	15.68	21.28	29.12	19.04	19.04	32.48	15.68	15.68	33.60	14.56	31.36	26.88	21.28	21.28	12.32	25.76	21.28	11.20	15.68	14.56	29.12	23.52	14.56	32.48	30.24	13.44	20.16	13.44	13.44	32.48	12.32	29.12	13.44	29.12	32.48	33.60	14.56	25.76	21.28	15.68	17.92	14.56	21.28	29.12	11.20	20.16	33.60	17.92	28.00	32.48	15.68	13.44	19.04	16.80	23.52	14.56	11.20	16.80	14.56	15.68	33.60	23.52	29.12	19.04	16.80	29.12	31.36	20.16	17.92	30.24	33.60	33.60	33.60	30.24	11.20	24.64	28.00	26.88	12.32	24.64	26.88	28.00	29.12	26.88	29.12	11.20	28.00	12.32	26.88	23.52	21.28	13.44	25.76	23.52	24.64	11.20	30.24	26.88	16.80	20.16	14.56	15.68	12.32	11.20	33.60	25.76	22.40	12.32	20.16	22.40	24.64	13.44	19.04	23.52	15.68	21.28	15.68	14.56	26.88	32.48	15.68	17.92	20.16	15.68	22.40	12.32	28.00	19.04	22.40	23.52	16.80	24.64	33.60	22.40	22.40	24.64	21.28	24.64	33.60	13.44	20.16	17.92	32.48	20.16	28.00	33.60	15.68	23.52	11.20	28.00	32.48	26.88	31.36	19.04	22.40	20.16	12.32	28.00	12.32	13.44	32.48	21.28	28.00	21.28	19.04	26.88	13.44	17.92	24.64	31.36	29.12	15.68	24.64	15.68	33.60	14.56	19.04	21.28	15.68	30.24	26.88	17.92	25.76	21.28	22.40	15.68	21.28	26.88	12.32	26.88	11.20	30.24	30.24	24.64	28.00	33.60	14.56	29.12	32.48	14.56	11.20	25.76	12.32	12.32	19.04	24.64	28.00	24.64	21.28	15.68	29.12	20.16	28.00	33.60	33.60	14.56	29.12	23.52	29.12	21.28	15.68	17.92	23.52	23.52	20.16	25.76	30.24	24.64	11.20	16.80	21.28	21.28	23.52	26.88	16.80	16.80	26.88	21.28	33.60	13.44	24.64	14.56	33.60	29.12	13.44	28.00	15.68	31.36	17.92	31.36	17.92	30.24	15.68	24.64	26.88	15.68	19.04	29.12	16.80	32.48	28.00	13.44	22.40	28.00	13.44	25.76	21.28	31.36	21.28	19.04	15.68	12.32	14.56	14.56	22.40	26.88	15.68	23.52	21.28	12.32	15.68	29.12	11.20	15.68	31.36	11.20	16.80	26.88	20.16	26.88	30.24	12.32	13.44	30.24	29.12	11.20	26.88	25.76	31.36	11.20	11.20	29.12	26.88	22.40	14.56	30.24	13.44	28.00	33.60	30.24	21.28	17.92	26.88	32.48	28.00	14.56	21.28	22.40	24.64	23.52	26.88	23.52	21.28	19.04	28.00	22.40	12.32	21.28	20.16	32.48	23.52	29.12	20.16	19.04	17.92	12.32	30.24	13.44	22.40	29.12	30.24	17.92	31.36	20.16	32.48	32.48	20.16	19.04	15.68	32.48	31.36	13.44	14.56	12.32	11.20	12.32	30.24	22.40	20.16	14.56	24.64	12.32	23.52	22.40	32.48	26.88	29.12	24.64	12.32	30.24	26.88	28.00	19.04	12.32	15.68	22.40	29.12	32.48	20.16	16.80	19.04	15.68	22.40	16.80	13.44	33.60	
28.00	11.20	31.36	33.60	12.32	14.56	32.48	31.36	20.16	25.76	26.88	30.24	20.16	33.60	32.48	11.20	14.56	12.32	11.20	16.80	31.36	11.20	21.28	11.20	23.52	21.28	16.80	16.80	14.56	28.00	
16	11	15	17	16	19	19	13	11	15	11	15	12	17	10	11	13	12	11	14	16	16	18	17	17	14	16	14	17	13	14	17	20	11	11	15	15	11	13	20	13	15	10	20	10	16	11	13	16	10	11	19	10	18	17	16	14	15	18	12	12	12	18	12	13	15	13	17	16	18	14	13	19	12	13	19	17	19	10	19	17	20	15	15	17	18	19	20	13	18	19	20	19	12	15	16	19	13	18	20	12	20	11	20	15	18	12	12	20	14	18	10	13	14	18	17	18	13	18	10	17	14	16	12	14	20	17	19	11	16	12	18	20	10	12	20	13	13	18	20	19	12	13	16	14	16	18	14	12	11	18	17	16	19	10	10	12	17	18	14	20	10	13	13	18	14	19	15	12	14	20	19	15	18	15	19	20	16	17	13	13	11	15	15	18	10	15	18	16	20	20	17	15	15	16	20	19	18	13	12	20	11	12	17	18	18	15	13	20	19	19	10	18	11	16	15	14	12	17	11	15	13	19	10	17	20	12	17	14	10	11	16	17	15	11	10	19	12	10	13	19	19	10	12	17	12	16	19	16	18	17	15	20	19	12	17	11	13	10	10	19	17	11	13	17	15	12	12	19	15	14	15	10	11	18	15	18	15	17	10	10	15	17	13	10	12	15	10	19	12	11	19	16	15	12	14	12	16	14	13	20	11	17	13	14	15	19	16	10	11	19	12	13	17	20	19	14	19	18	14	14	19	10	20	12	14	10	11	13	20	17	14	10	13	18	17	16	10	12	16	13	10	16	16	19	14	11	14	17	11	18	19	13	11	17	13	20	20	15	17	14	20	18	15	13	18	13	19	10	11	19	20	14	13	10	12	17	14	13	19	12	10	17	19	12	17	18	12	14	12	12	13	11	18	19	16	19	16	20	19	12	10	16	11	13	13	14	12	16	12	18	14	19	19	13	20	20	20	15	17	10	14	16	15	19	15	10	15	14	17	13	10	11	18	13	10	13	10	12	15	19	19	14	13	19	13	19	11	18	15	18	20	10	10	18	19	12	18	20	12	10	12	18	15	14	13	15	18	16	18	16	17	16	13	16	17	11	11	13	10	14	12	14	16	12	15	19	17	12	12	17	18	18	17	14	20	17	17	12	11	19	20	12	12	10	12	13	13	20	16	17	20	15	20	19	18	10	13	18	12	11	18	17	12	20	16	20	14	16	20	18	12	12	17	17	14	12	14	12	19	16	15	19	18	10	17	18	20	13	11	17	16	19	12	15	15	15	17	16	15	20	18	14	17	10	15	10	12	18	20	11	20	13	10	10	10	13	10	13	12	12	19	10	13	14	13	12	10	10	19	15	15	19	16	19	10	15	17	15	10	16	12	15	19	19	13	18	16	10	16	11	18	16	15	19	14	16	17	19	18	15	17	19	20	15	15	20	16	17	12	16	10	17	13	19	12	20	15	13	16	17	12	10	19	15	15	18	16	13	20	11	14	12	20	17	20	13	16	19	12	17	13	18	12	19	19	19	12	13	16	12	19	15	15	19	11	18	11	19	17	19	16	12	16	19	13	15	12	20	14	13	16	12	15	11	13	16	10	17	19	16	11	14	13	16	15	20	17	14	13	17	15	16	17	17	14	16	14	17	14	16	20	13	20	10	17	20	15	19	17	10	19	11	20	11	10	10	20	13	12	10	20	17	16	20	18	17	20	16	17	16	17	18	16	13	11	17	15	14	13	17	14	19	17	13	18	14	16	12	14	15	18	18	19	10	12	12	16	10	12	16	20	14	10	17	20	12	10	12	14	20	11	13	20	15	10	20	20	10	19	18	16	17	17	16	17	16	19	20	12	17	13	10	20	15	14	11	14	18	15	20	17	18	18	17	14	19	11	11	10	19	15	12	17	16	19	10	18	10	15	16	14	14	14	20	14	13	14	18	15	20	13	11	15	18	17	11	19	14	12	17	18	13	19	17	19	13	11	11	12	16	11	15	20	16	16	11	17	17	10	19	11	18	13	17	11	12	19	18	16	17	10	14	19	19	11	15	12	16	14	15	13	14	12	11	20	20	14	15	11	16	20	11	17	11	20	12	12	18	16	10	12	16	18	17	19	17	14	16	13	20	17	12	15	13	18	13	12	17	15	12	12	10	20	11	17	20	19	12	13	18	15	15	17	20	18	11	13	20	20	16	19	16	19	18	11	15	14	11	20	14	14	11	11	20	18	16	10	17	19	16	11	19	12	10	11	12	19	12	12	12	10	10	17	12	10	14	13	20	16	12	20	13	14	18	19	16	16	15	15	16	17	13	20	20	14	10	15	14	13	12	20	18	19	18	20	19	17	20	18	16	17	11	20	16	16	14	16	18	17	17	13	14	11	19	13	20	13	15	14	15	16	10	10	18	10	16	11	10	13	17	18	20	12	10	15	18	14	19	14	12	13	16	14	16	19	11	18	16	14	16	14	16	12	17	16	20	19	13	11	13	17	20	14	10	11	15	16	16	14	17	20	17	16	13	18	20	12	13	15	13	12	12	15	12	12	18	11	18	17	13	13	18	17	17	14	11	10	19	18	15	14	13	13	15	14	17	17	20	20	18	16	14	14	13	19	17	16	18	16	13	16	16	15	17	18	15	14	13	13	16	17	11	15	12	14	18	15	18	11	14	20	15	11	19	14	19	20	14	14	20	14	10	17	14	18	14	10	11	16	19	19	11	19	18	16	10	12	10	10	11	15	12	12	15	19	14	20	15	14	18	16	10	19	14	16	10	18	15	17	16	18	15	11	11	12	13	16	14	20	15	17	15	10	20	20	10	10	15	19	11	18	20	13	12	13	17	20	11	16	18	19	13	17	14	20	11	11	17	15	16	15	10	18	14	19	19	20	17	14	10	15	18	18	18	11	20	18	19	16	12	11	12	20	17	11	10	13	18	14	19	19	15	14	18	10	14	20	13	15	10	17	14	12	16	18	15	11	11	15	11	16	18	10	13	10	18	20	15	20	18	11	20	18	17	17	20	13	10	19	19	10	14	16	17	20	12	12	13	14	11	13	15	17	12	11	14	20	20	15	19	10	12	17	17	20	13	17	16	19	15	12	19	12	14	18	16	15	18	17	17	17	15	11	20	11	14	18	14	10	10	17	10	20	11	20	19	14	17	19	14	16	15	11	19	18	11	10	20	17	10	16	17	19	10	16	18	20	16	17	15	18	12	11	17	10	14	14	15	17	15	20	19	20	12	11	20	13	12	14	16	11	16	11	19	18	13	15	13	10	19	14	19	16	11	20	18	11	11	13	18	20	19	20	17	20	10	13	17	16	10	18	16	10	10	14	10	20	10	17	11	11	15	10	13	10	19	20	10	19	13	20	13	12	16	16	12	15	19	16	14	16	13	13	20	18	20	16	17	19	13	20	17	13	16	17	12	19	15	17	11	15	12	10	17	15	18	16	20	18	19	19	15	15	15	16	14	18	15	17	18	18	15	19	19	10	18	12	16	18	17	12	17	15	12	19	12	18	14	11	13	14	18	16	19	18	16	17	17	14	15	11	10	15	16	12	13	17	14	18	19	18	16	14	20	11	13	17	12	10	15	19	13	13	11	17	20	13	13	19	11	14	12	18	14	12	12	17	12	14	12	13	13	12	15	19	14	19	15	17	14	11	11	17	14	11	17	11	11	16	17	17	15	18	16	16	12	11	18	11	14	11	19	17	16	15	17	14	11	14	10	19	14	19	10	14	20	20	16	20	10	13	13	11	20	12	19	13	11	12	16	10	17	17	19	13	10	18	11	14	19	20	19	16	13	20	12	19	15	17	20	15	12	15	19	15	18	19	16	19	16	12	11	15	20	18	15	18	14	12	10	16	16	16	13	13	13	15	11	16	14	19	17	11	13	19	11	11	12	17	10	13	19	10	20	16	20	14	11	12	13	18	18	12	17	14	12	15	11	11	19	13	17	20	16	15	18	17	17	11	18	18	15	16	11	14	13	15	16	17	10	15	17	11	10	16	12	20	18	12	11	19	15	17	12	13	17	18	16	18	17	15	13	18	20	10	13	16	16	18	20	20	10	20	13	13	18	12	20	12	13	19	14	12	13	18	10	16	14	10	15	15	17	11	10	11	16	12	12	18	14	15	10	19	20	19	11	12	18	16	12	13	17	13	12	20	20	18	19	15	14	18	10	16	11	12	17	17	19	14	10	10	14	16	15	15	12	13	15	18	13	10	17	12	12	12	20	20	17	17	12	11	11	14	19	11	18	12	13	11	18	10	16	14	14	20	15	11	17	11	10	20	12	15	14	14	12	15	19	15	10	15	17	18	17	16	14	17	10	20	10	19	14	17	12	11	14	14	13	12	11	11	13	11	18	17	10	13	20	14	16	14	16	19	11	19	14	14	20	10	10	14	15	10	20	20	19	12	13	15	15	15	10	14	19	15	12	20	12	18	10	14	18	15	11	13	16	14	15	13	19	17	16	19	20	11	11	14	19	20	11	20	10	20	13	12	11	19	15	17	11	15	15	20	11	10	18	13	10	18	
1	1	1	1	1	1	1	1	1	1	1	1	1	1	1	1	1	1	1	1	1	1	1	1	1	1	1	1	1	1	1	1	1	1	1	1	1	1	1	1	1	1	1	1	1	1	1	1	1	1	1	1	1	1	1	1	1	1	1	1	1	1	1	1	1	1	2	2	2	2	2	2	2	2	2	2	2	2	2	2	2	2	2	2	2	2	2	2	2	2	2	2	2	2	2	2	2	2	2	2	2	2	2	2	2	2	2	2	2	2	2	2	2	2	2	2	2	2	2	3	3	3	3	3	3	3	3	3	3	3	3	3	3	3	3	3	3	3	3	3	3	3	3	3	3	3	3	3	3	3	3	3	3	3	3	3	3	3	3	3	3	3	3	3	3	3	3	3	3	3	3	3	3	3	3	3	3	3	3	3	3	3	3	3	4	4	4	4	4	4	4	4	4	4	4	4	4	4	4	4	4	4	4	4	4	4	4	4	4	4	4	4	4	4	4	4	4	4	4	4	4	4	4	4	4	4	4	4	4	4	4	4	4	4	4	4	4	4	4	4	4	4	4	4	4	4	4	4	4	4	4	5	5	5	5	5	5	5	5	5	5	5	5	5	5	5	5	5	5	5	5	5	5	5	5	5	5	5	5	5	5	5	5	5	5	5	5	5	5	5	5	5	5	5	5	5	5	5	5	5	5	5	5	5	5	5	5	5	5	5	5	5	5	5	5	5	5	5	5	5	5	5	6	6	6	6	6	6	6	6	6	6	6	6	6	6	6	6	6	6	6	6	6	6	6	6	6	6	6	6	6	6	6	6	6	6	6	6	6	6	6	6	6	6	6	6	6	6	6	6	6	6	6	6	6	6	6	6	6	6	6	6	6	6	6	6	6	6	6	6	7	7	7	7	7	7	7	7	7	7	7	7	7	7	7	7	7	7	7	7	7	7	7	7	7	7	7	7	7	7	7	7	7	7	7	7	7	7	7	7	7	7	7	7	7	7	7	7	7	7	7	7	7	7	7	7	7	7	7	7	7	7	7	7	7	7	7	7	7	7	8	8	8	8	8	8	8	8	8	8	8	8	8	8	8	8	8	8	8	8	8	8	8	8	8	8	8	8	8	8	8	8	8	8	8	8	8	8	8	8	8	8	8	8	8	8	8	8	8	8	8	8	8	8	8	8	8	8	8	8	8	8	8	8	9	9	9	9	9	9	9	9	9	9	9	9	9	9	9	9	9	9	9	9	9	9	9	9	9	9	9	9	9	9	9	9	9	9	9	9	9	9	9	9	9	9	9	9	9	9	9	9	9	9	9	9	9	9	9	9	9	9	9	9	9	9	9	9	10	10	10	10	10	10	10	10	10	10	10	10	10	10	10	10	10	10	10	10	10	10	10	10	10	10	10	10	10	10	10	10	10	10	10	10	10	10	10	10	10	10	10	10	10	10	10	10	10	10	10	10	10	10	10	10	10	10	10	10	10	10	10	10	10	10	10	10	10	10	10	10	11	11	11	11	11	11	11	11	11	11	11	11	11	11	11	11	11	11	11	11	11	11	11	11	11	11	11	11	11	11	11	11	11	11	11	11	11	11	11	11	11	11	11	11	11	11	11	11	11	11	11	11	11	11	11	11	11	11	11	11	11	11	11	12	12	12	12	12	12	12	12	12	12	12	12	12	12	12	12	12	12	12	12	12	12	12	12	12	12	12	12	12	12	12	12	12	12	12	12	12	12	12	12	12	12	12	12	12	12	12	12	12	12	12	12	12	12	12	12	12	12	13	13	13	13	13	13	13	13	13	13	13	13	13	13	13	13	13	13	13	13	13	13	13	13	13	13	13	13	13	13	13	13	13	13	13	13	13	13	13	13	13	13	13	13	13	13	13	13	13	13	13	13	13	13	13	13	13	13	13	13	13	13	13	13	13	13	13	13	13	14	14	14	14	14	14	14	14	14	14	14	14	14	14	14	14	14	14	14	14	14	14	14	14	14	14	14	14	14	14	14	14	14	14	14	14	14	14	14	14	14	14	14	14	14	14	14	14	14	14	14	14	14	14	14	14	14	14	14	14	14	14	14	14	14	14	14	14	14	14	14	15	15	15	15	15	15	15	15	15	15	15	15	15	15	15	15	15	15	15	15	15	15	15	15	15	15	15	15	15	15	15	15	15	15	15	15	15	15	15	15	15	15	15	15	15	15	15	15	15	15	15	15	15	15	15	15	15	15	15	15	15	15	15	15	15	15	15	15	15	15	15	15	15	15	15	15	15	15	15	15	15	15	15	15	15	15	15	15	15	16	16	16	16	16	16	16	16	16	16	16	16	16	16	16	16	16	16	16	16	16	16	16	16	16	16	16	16	16	16	16	16	16	16	16	16	16	16	16	16	16	16	16	16	16	16	16	16	16	16	16	16	16	16	16	16	16	16	16	16	16	16	16	16	16	16	16	16	16	17	17	17	17	17	17	17	17	17	17	17	17	17	17	17	17	17	17	17	17	17	17	17	17	17	17	17	17	17	17	17	17	17	17	17	17	17	17	17	17	17	17	17	17	17	17	17	17	17	17	17	17	17	17	17	17	17	17	17	17	18	18	18	18	18	18	18	18	18	18	18	18	18	18	18	18	18	18	18	18	18	18	18	18	18	18	18	18	18	18	18	18	18	18	18	18	18	18	18	18	18	18	18	18	18	18	18	18	18	18	18	18	18	18	18	18	18	18	18	18	18	18	18	18	18	18	18	18	18	18	18	18	18	18	19	19	19	19	19	19	19	19	19	19	19	19	19	19	19	19	19	19	19	19	19	19	19	19	19	19	19	19	19	19	19	19	19	19	19	19	19	19	19	19	19	19	19	19	19	19	19	19	19	19	19	19	19	19	19	19	19	19	19	20	20	20	20	20	20	20	20	20	20	20	20	20	20	20	20	20	20	20	20	20	20	20	20	20	20	20	20	20	20	20	20	20	20	20	20	20	20	20	20	20	20	20	20	20	20	20	20	20	20	20	20	20	20	20	20	20	20	20	20	20	20	20	21	21	21	21	21	21	21	21	21	21	21	21	21	21	21	21	21	21	21	21	21	21	21	21	21	21	21	21	21	21	21	21	21	21	21	21	21	21	21	21	21	21	21	21	21	21	21	21	21	21	21	21	21	21	21	21	21	21	21	21	21	22	22	22	22	22	22	22	22	22	22	22	22	22	22	22	22	22	22	22	22	22	22	22	22	22	22	22	22	22	22	22	22	22	22	22	22	22	22	22	22	22	22	22	22	22	22	22	22	22	22	22	22	23	23	23	23	23	23	23	23	23	23	23	23	23	23	23	23	23	23	23	23	23	23	23	23	23	23	23	23	23	23	23	23	23	23	23	23	23	23	23	23	23	23	23	23	23	23	23	23	23	23	23	23	23	23	23	23	23	23	23	23	23	23	23	23	23	23	23	23	23	23	23	23	24	24	24	24	24	24	24	24	24	24	24	24	24	24	24	24	24	24	24	24	24	24	24	24	24	24	24	24	24	24	24	24	24	24	24	24	24	24	24	24	24	24	24	24	24	24	24	24	24	24	24	24	24	24	24	24	24	24	24	24	24	24	24	24	24	24	24	24	25	25	25	25	25	25	25	25	25	25	25	25	25	25	25	25	25	25	25	25	25	25	25	25	25	25	25	25	25	25	25	25	25	25	25	25	25	25	25	25	25	25	25	25	25	25	25	25	25	25	25	25	25	25	25	25	25	25	25	25	25	25	25	25	25	25	25	25	25	25	25	25	25	26	26	26	26	26	26	26	26	26	26	26	26	26	26	26	26	26	26	26	26	26	26	26	26	26	26	26	26	26	26	26	26	26	26	26	26	26	26	26	26	26	26	26	26	26	26	26	26	26	26	26	26	26	26	26	26	26	26	26	26	26	27	27	27	27	27	27	27	27	27	27	27	27	27	27	27	27	27	27	27	27	27	27	27	27	27	27	27	27	27	27	27	27	27	27	27	27	27	27	27	27	27	27	27	27	27	27	27	27	27	27	27	27	27	27	27	27	27	27	27	27	27	27	27	27	27	27	27	27	28	28	28	28	28	28	28	28	28	28	28	28	28	28	28	28	28	28	28	28	28	28	28	28	28	28	28	28	28	28	28	28	28	28	28	28	28	28	28	28	28	28	28	28	28	28	28	28	28	28	28	28	28	28	28	28	28	28	28	28	28	29	29	29	29	29	29	29	29	29	29	29	29	29	29	29	29	29	29	29	29	29	29	29	29	29	29	29	29	29	29	29	29	29	29	29	29	29	29	29	29	29	29	29	29	29	29	29	29	29	29	29	29	29	29	29	29	29	29	29	29	29	29	29	29	29	29	29	29	29	29	30	30	30	30	30	30	30	30	30	30	30	30	30	30	30	30	30	30	30	30	30	30	30	30	30	30	30	30	30	30	30	30	30	30	30	30	30	30	30	30	30	30	30	30	30	30	30	30	30	30	30	30	30	30	30	30	30	30	30	30	30	30	30	30	30	30	30	30	30	30	30	30	30	30	30	30	30	30	30	
