1000
45	4
358	21.28
34	33	37	37	35	34	31	31	35	31	34	32	35	36	36	35	34	32	32	36	32	33	33	36	36	34	33	32	34	32	35	35	32	35	32	34	33	35	31	32	32	31	36	37	37	37	34	37	33	34	34	33	37	32	35	34	35	37	35	35	33	34	32	34	35	34	31	33	37	33	35	31	36	31	34	36	31	31	34	34	33	31	37	32	31	31	31	35	35	34	32	35	31	37	35	32	31	34	36	34	33	32	31	37	37	33	32	33	37	32	35	31	31	35	33	34	33	33	36	35	36	34	33	37	37	37	32	32	31	33	32	33	33	31	36	36	35	37	31	32	33	37	31	32	34	35	31	35	31	31	35	32	32	36	37	35	32	34	33	37	31	32	34	33	34	34	32	31	31	32	36	32	35	33	32	36	36	35	37	37	32	33	34	31	37	32	33	37	34	33	31	35	33	33	32	34	36	31	37	37	33	34	34	31	32	35	33	37	36	31	32	35	33	32	35	31	35	33	31	32	37	36	36	37	36	33	34	33	35	37	32	33	35	33	34	33	36	32	32	33	34	32	37	37	37	33	32	33	35	32	33	36	33	37	31	34	34	31	37	36	34	37	31	36	32	36	33	37	37	37	33	32	33	35	31	31	37	31	36	34	32	34	32	37	36	32	37	35	36	33	37	34	32	33	34	37	36	33	32	32	35	36	32	36	31	31	35	35	36	32	37	36	37	35	35	36	37	32	33	31	34	33	37	35	37	36	31	34	37	32	31	33	32	34	35	37	37	37	36	33	36	35	37	34	33	36	35	32	36	35	32	31	36	34	36	35	37	36	36	31	35	35	36	31	36	36	33	37	33	33	32	31	33	35	32	33	35	37	36	35	32	33	31	36	31	35	33	34	32	35	31	36	37	31	37	33	37	31	33	37	33	33	32	32	31	36	33	32	37	34	37	37	33	37	34	32	34	33	31	33	31	35	33	35	33	35	33	32	36	37	35	34	32	32	35	33	31	33	31	37	33	37	34	37	34	35	33	31	37	37	35	31	33	31	36	37	34	31	32	32	34	37	37	36	31	36	31	36	36	34	31	33	31	34	34	33	31	34	31	36	36	33	35	33	32	34	32	37	36	31	37	34	32	32	34	36	36	37	35	37	33	31	36	36	31	35	34	37	32	37	36	34	36	35	35	32	35	36	35	32	36	31	34	35	32	35	32	31	33	34	31	31	36	36	33	35	32	31	36	36	31	35	34	33	36	32	31	32	34	31	32	34	37	33	32	34	37	35	35	36	32	34	31	36	37	33	36	32	36	35	34	31	31	36	32	37	31	35	37	32	32	32	35	35	37	35	33	35	35	35	35	33	34	36	33	35	36	33	35	34	33	33	37	35	35	31	36	33	32	33	37	34	33	36	33	36	35	34	37	31	32	36	37	36	37	34	33	34	34	35	32	37	34	36	32	32	36	31	33	31	31	34	33	34	36	37	36	33	33	37	34	32	32	31	34	32	35	35	34	37	36	33	32	35	37	33	35	31	34	37	33	36	35	35	37	35	36	32	33	36	35	35	36	32	31	36	32	33	36	31	33	34	36	31	31	33	31	35	35	32	35	34	32	31	32	36	35	35	35	37	33	34	37	37	32	31	34	35	31	37	34	34	32	36	36	35	36	34	34	31	31	35	33	31	33	36	35	32	34	33	33	37	37	31	31	35	36	31	32	34	31	31	32	31	34	31	35	32	34	36	33	37	32	31	35	34	37	32	32	34	33	31	32	34	32	33	34	31	32	33	32	36	37	31	36	31	37	32	34	32	32	32	32	33	31	37	36	32	36	33	33	37	32	33	35	36	32	35	32	32	31	35	35	33	35	35	32	33	36	33	32	36	32	37	35	34	32	32	35	35	32	31	36	33	37	31	33	33	31	34	32	35	32	37	34	37	35	32	31	37	33	37	33	37	31	36	35	37	34	31	37	34	37	35	37	35	34	35	36	37	35	34	33	32	35	37	37	37	36	36	32	36	37	32	32	32	35	33	31	31	36	36	35	34	37	36	36	37	32	37	33	31	37	33	32	35	31	34	37	32	34	32	36	37	32	36	37	31	33	32	34	35	31	37	33	35	35	32	31	34	33	33	33	34	32	31	35	33	35	33	35	35	37	35	32	33	33	37	33	35	36	37	35	34	36	36	35	34	35	34	37	37	37	32	37	35	32	35	33	36	31	34	32	31	35	32	35	31	37	31	31	37	33	33	32	37	32	34	32	34	34	35	33	34	33	37	33	37	33	33	
0	1	2	4	5	6	7	8	9	10	13	14	15	16	20	22	23	24	25	27	29	30	31	32	33	34	37	38	39	40	41	42	43	44	
1	2	3	5	6	9	10	11	12	13	15	16	18	19	20	21	22	23	24	26	28	29	30	31	34	36	37	39	40	41	42	43	44	
1	2	3	4	6	8	9	10	11	12	13	14	15	16	17	18	19	20	21	22	23	25	27	28	29	30	31	32	34	36	37	38	39	40	41	42	44	
0	1	2	3	4	5	6	7	9	10	11	13	14	15	16	17	19	21	23	24	25	27	28	29	30	31	33	34	35	37	38	39	40	41	42	43	44	
1	3	4	6	7	8	9	10	11	12	13	14	16	17	18	20	21	22	23	24	26	28	29	30	31	32	33	36	37	38	39	40	42	43	44	
0	1	2	3	5	7	8	9	10	14	15	16	17	18	19	20	22	23	24	25	27	28	29	30	31	32	33	36	37	38	39	40	41	43	
1	3	5	6	7	8	10	11	13	14	15	17	18	19	21	22	24	26	28	29	30	31	32	33	37	38	39	40	42	43	44	
0	1	3	4	5	8	11	12	13	14	15	16	20	22	23	24	27	30	31	32	33	34	36	37	38	39	40	41	42	43	44	
0	1	3	5	6	7	9	10	13	14	15	17	18	20	21	22	23	24	26	27	28	29	30	31	32	33	34	35	36	37	38	39	40	41	42	
0	5	7	8	9	12	13	14	15	18	19	20	21	22	24	25	26	27	28	30	32	34	36	37	38	39	40	41	42	43	44	
0	1	2	3	5	6	7	8	9	10	16	17	18	20	21	22	24	25	26	28	29	30	31	32	33	34	35	37	38	39	40	41	42	44	
0	2	5	6	7	9	10	11	12	13	14	15	16	17	18	19	20	22	23	24	25	27	29	30	32	33	35	36	37	38	42	44	
0	1	2	3	5	6	8	9	10	11	12	13	14	15	17	18	20	21	22	23	24	25	26	27	30	31	32	33	34	35	36	38	39	40	44	
0	1	2	4	5	6	7	8	9	10	14	15	16	17	18	19	20	21	24	25	26	28	29	30	31	32	33	34	35	36	37	38	39	41	43	44	
0	2	3	4	5	6	7	8	9	10	11	12	13	14	16	17	20	21	22	23	24	25	26	27	29	31	32	34	35	36	38	39	40	41	42	43	
0	2	4	5	6	7	8	10	11	14	15	17	18	19	20	22	23	24	26	27	28	29	30	31	32	33	34	36	37	38	39	40	41	43	44	
0	1	3	4	5	7	8	9	10	12	13	15	16	17	18	19	20	21	22	25	26	27	28	32	33	34	35	36	38	39	40	42	43	44	
0	1	2	4	5	9	11	12	14	15	19	20	21	22	23	24	25	26	27	28	30	31	32	33	36	37	38	39	40	41	42	43	
0	1	4	6	7	8	9	10	11	12	13	14	15	16	17	18	19	20	21	23	26	28	29	30	33	37	39	40	41	42	43	44	
1	2	3	4	5	6	7	8	9	10	11	14	15	16	18	19	20	21	23	25	27	28	29	30	31	32	34	35	36	37	39	40	41	42	43	44	
0	1	2	3	4	6	7	8	10	11	12	13	14	15	17	19	21	22	23	26	27	28	29	33	34	35	37	40	41	42	43	44	
0	3	4	5	7	8	11	12	13	14	15	16	17	18	19	20	21	22	24	27	28	32	33	34	35	36	37	38	39	40	41	43	44	
0	1	3	4	5	6	7	8	11	12	13	20	21	23	24	25	26	27	28	29	30	32	33	34	35	36	37	38	39	40	41	42	43	
0	1	2	3	4	5	6	8	9	10	11	12	13	14	15	17	18	19	20	21	22	24	26	27	28	29	30	31	32	33	35	39	40	42	43	44	
0	1	2	4	5	6	7	8	10	11	12	13	14	15	17	19	20	21	22	23	24	25	26	27	28	29	30	32	33	35	37	38	40	42	43	44	
0	1	3	4	6	7	9	10	11	13	14	17	18	20	21	22	24	25	26	27	28	29	30	31	32	33	35	37	38	39	40	42	43	44	
1	3	5	6	7	8	9	10	11	12	13	14	15	16	17	18	19	20	21	22	26	29	30	31	34	35	36	37	38	40	42	43	44	
0	1	4	5	6	7	8	9	10	12	13	14	15	16	18	21	22	24	25	26	27	28	29	31	32	33	35	38	39	42	43	44	
0	1	4	7	8	10	11	12	13	14	15	16	17	18	19	20	21	22	24	25	26	27	28	30	32	34	35	36	39	40	41	42	43	44	
0	2	3	5	6	8	9	11	12	14	16	17	18	20	22	23	24	27	29	30	31	32	33	34	35	36	37	38	40	42	43	44	
1	2	4	5	6	8	9	11	12	13	14	15	16	17	18	19	20	21	22	24	25	26	27	28	29	30	31	32	33	37	39	40	42	43	44	
0	1	2	3	4	5	6	7	9	10	12	13	14	16	17	18	19	20	22	23	25	27	28	30	33	34	35	36	37	38	39	40	41	42	44	
0	1	2	3	4	5	7	9	10	12	14	16	17	18	19	20	21	23	24	26	27	28	31	32	36	37	38	39	40	42	43	44	
0	1	3	4	5	6	7	8	9	11	12	13	15	16	18	21	24	25	26	27	29	30	31	32	33	34	35	36	37	38	39	40	41	43	44	
2	3	4	6	7	8	9	10	11	13	14	15	16	17	19	21	23	24	25	26	27	28	29	30	31	33	34	36	37	38	39	44	
0	1	2	3	4	5	6	7	8	11	12	13	14	16	17	18	20	22	23	25	26	27	28	29	32	33	34	35	36	39	40	41	43	44	
1	2	3	4	7	8	9	10	12	13	14	15	16	17	18	19	24	25	26	27	28	30	31	34	35	36	37	38	39	40	41	42	44	
0	2	3	5	6	8	9	10	11	12	13	14	16	17	18	19	21	22	23	24	25	27	28	29	30	31	32	33	34	35	37	38	39	42	43	
0	1	2	3	4	5	6	7	10	11	12	14	15	18	19	21	22	24	25	27	28	30	32	33	34	35	36	39	40	41	42	
0	2	3	4	6	7	8	10	13	14	16	18	20	21	22	23	25	27	28	29	30	31	32	33	34	35	36	37	39	40	42	44	
0	1	3	4	6	7	8	9	10	11	12	13	14	17	18	21	22	23	24	25	29	30	32	33	34	35	36	38	40	41	42	43	
1	2	3	4	5	6	7	9	10	11	12	17	18	20	21	22	23	25	26	27	28	29	30	34	35	36	38	40	41	42	44	
1	2	3	4	5	6	7	8	10	11	13	15	16	17	18	19	20	21	22	25	26	27	28	29	30	31	32	33	35	36	37	39	41	42	43	44	
0	1	2	4	5	6	7	9	10	11	12	13	15	16	17	18	19	20	21	22	23	24	25	26	27	30	32	33	34	35	37	38	39	40	41	42	44	
0	1	3	4	5	6	7	8	9	10	11	13	14	15	16	19	20	21	23	24	25	26	27	28	29	30	31	32	34	35	37	38	39	40	41	43	44	
0	1	3	4	5	6	7	8	9	10	11	12	13	15	18	20	21	22	23	24	25	26	27	28	29	30	32	33	34	35	37	38	40	41	42	43	44	
0	1	2	3	4	5	6	7	8	10	11	13	14	17	19	20	23	24	25	26	27	29	30	31	32	33	34	35	36	37	38	39	40	41	
0	1	2	4	6	7	8	9	11	12	13	14	15	17	18	19	20	21	23	24	26	27	28	29	30	31	32	33	34	35	36	37	38	41	42	43	44	
0	2	3	4	5	6	8	9	10	11	12	13	14	15	17	18	19	21	24	25	27	29	30	31	32	33	34	36	37	38	39	40	44	
0	1	3	4	5	6	7	9	11	13	14	16	19	21	22	23	24	26	27	28	29	30	31	32	34	35	37	38	39	40	41	42	43	44	
0	2	3	4	5	6	7	10	11	12	13	14	15	16	18	21	23	24	25	26	27	28	29	30	32	33	34	35	36	39	40	41	42	44	
1	2	3	4	5	6	7	9	10	11	12	13	14	15	17	19	20	21	22	23	24	25	27	29	30	31	33	34	35	36	38	40	41	
0	1	3	5	6	8	9	10	11	12	13	14	16	17	18	19	21	22	24	25	26	28	29	30	31	33	34	35	36	37	38	39	40	41	42	43	44	
1	2	3	4	5	6	7	10	11	12	13	14	15	16	17	18	20	21	22	23	24	25	26	27	30	31	32	33	39	42	43	44	
0	1	2	3	4	5	6	7	8	9	11	12	13	14	15	16	18	19	20	23	24	26	29	31	32	33	34	35	36	38	39	40	41	43	44	
0	2	3	4	5	6	7	8	11	12	13	14	16	17	20	21	23	24	26	28	30	31	32	33	34	35	36	37	38	39	40	41	42	43	
0	1	2	3	4	5	6	8	9	10	11	12	13	14	15	16	17	18	19	22	23	24	25	27	28	31	32	34	37	38	40	41	42	43	44	
1	2	3	4	5	7	8	9	12	13	14	16	17	18	19	21	22	23	24	25	26	27	28	29	30	31	32	33	34	35	36	37	38	39	41	42	44	
0	2	3	4	5	7	8	9	10	11	12	13	14	15	17	19	20	21	22	23	26	27	28	29	31	32	33	34	36	39	40	41	42	43	44	
0	1	2	3	6	7	8	9	10	11	12	15	17	19	20	22	23	24	25	26	27	28	29	30	31	34	35	36	37	38	40	41	42	43	44	
0	1	2	3	4	5	6	7	9	10	11	13	14	15	17	18	19	20	22	23	24	26	27	28	29	30	31	32	33	34	35	40	44	
0	1	3	4	7	8	9	10	11	12	13	15	17	18	20	21	24	25	27	28	29	31	32	33	34	35	36	37	38	40	41	42	43	44	
3	4	5	8	9	10	11	13	14	15	16	17	19	20	21	22	23	25	26	31	32	33	34	35	37	38	39	40	41	42	43	44	
0	1	2	4	7	8	9	10	11	13	14	15	16	17	20	21	22	23	24	25	26	27	28	29	30	33	34	35	36	37	39	41	42	44	
0	1	2	3	4	5	7	8	9	10	11	12	13	14	16	19	20	22	23	24	25	26	27	28	29	31	32	34	35	38	40	41	42	43	44	
1	2	3	4	5	7	8	10	11	12	13	14	16	17	18	19	20	22	23	25	26	27	29	30	31	34	35	37	38	40	41	42	43	44	
0	3	4	5	6	7	9	10	12	14	15	16	17	18	19	21	22	23	24	27	29	30	31	34	35	36	37	40	41	42	44	
0	1	3	4	5	7	8	9	10	12	13	14	15	16	18	19	20	21	22	25	27	29	30	31	33	35	36	38	39	40	41	42	44	
0	1	3	4	5	6	7	8	9	10	11	12	13	16	18	19	20	21	22	23	25	26	27	28	29	30	31	32	34	35	36	37	39	40	42	43	44	
0	1	4	6	8	9	11	12	13	14	16	18	19	21	22	23	24	25	27	28	29	30	31	33	34	35	38	39	40	41	42	43	44	
0	1	2	3	4	5	6	7	9	12	14	17	19	20	21	22	23	24	25	27	28	29	31	32	33	34	35	37	38	39	40	41	42	43	44	
0	4	5	6	8	9	10	11	12	13	14	15	16	18	19	20	21	22	23	25	26	27	28	30	31	32	33	35	36	41	42	
1	2	3	4	5	6	7	8	10	11	12	13	15	16	17	20	22	23	24	25	26	27	28	31	32	34	35	36	37	38	39	40	41	42	43	44	
2	3	5	6	7	8	9	12	13	15	18	19	20	21	23	25	26	28	29	30	31	34	35	36	37	38	39	40	41	42	44	
0	1	2	3	4	5	6	7	8	9	10	11	13	15	16	17	18	19	20	21	23	24	25	27	30	32	33	34	35	37	39	40	42	43	
0	1	2	3	6	7	8	9	11	12	13	16	17	18	19	20	21	22	23	24	25	27	29	30	31	32	34	35	36	37	38	39	40	41	42	44	
0	3	5	7	8	11	12	13	15	16	17	18	19	21	22	24	26	27	28	30	31	34	35	36	37	38	40	41	42	43	44	
0	1	4	5	6	7	8	9	10	11	12	13	14	19	21	22	23	24	25	28	29	30	31	34	35	36	37	39	41	42	43	
0	1	2	3	4	6	7	8	9	10	11	12	13	14	17	19	21	23	24	25	27	28	29	30	31	32	35	37	38	39	40	42	43	44	
0	1	4	5	6	7	8	9	10	11	12	14	15	17	18	19	20	25	27	28	29	30	31	32	33	34	35	36	39	40	41	42	43	44	
0	1	2	3	4	5	6	8	9	11	13	14	15	20	21	22	23	24	25	26	27	28	30	31	33	34	35	36	37	39	40	43	44	
0	3	4	5	6	7	8	9	11	12	14	15	17	18	20	21	26	27	28	30	31	32	33	34	35	36	37	38	39	40	42	
0	1	2	3	4	5	6	7	8	9	11	12	14	15	16	17	18	19	21	22	23	24	25	26	27	28	30	31	32	33	35	36	37	38	39	41	43	
0	1	2	3	4	6	8	9	10	11	12	13	15	16	17	18	19	20	22	23	25	27	32	33	34	36	38	39	40	41	43	44	
1	3	5	6	7	9	10	11	12	13	14	15	16	18	20	22	23	25	26	27	28	29	30	32	33	36	37	38	39	40	43	
0	2	4	7	9	10	13	15	16	17	18	20	21	22	23	24	25	26	28	29	30	31	32	33	34	35	36	37	41	42	44	
3	4	6	7	8	9	10	11	13	14	15	17	18	19	21	22	23	27	28	29	30	31	32	34	37	38	39	40	42	43	44	
0	1	2	3	4	5	6	7	10	12	14	15	16	17	18	19	20	21	24	26	27	28	29	30	31	33	34	35	36	38	39	41	42	43	44	
1	2	3	4	5	6	7	8	9	10	11	12	13	14	15	16	17	18	19	20	22	23	25	26	27	29	30	31	32	33	34	35	39	42	43	
0	1	2	3	4	7	8	9	10	11	12	14	16	19	20	21	22	23	26	27	29	30	31	32	33	34	35	36	37	38	39	40	43	44	
2	3	6	7	8	9	10	11	12	15	16	17	18	19	20	22	23	24	25	26	27	29	31	32	33	34	35	36	37	41	42	43	
0	1	2	3	4	5	6	7	8	9	11	12	13	14	16	18	20	23	25	26	28	29	30	32	33	34	36	37	38	39	40	41	42	43	44	
0	2	3	4	5	7	10	11	13	17	18	19	20	23	24	25	26	27	28	29	31	32	33	34	35	36	38	40	42	43	44	
0	1	2	5	7	8	9	10	11	12	13	15	16	17	19	20	22	23	24	25	26	27	28	29	30	33	34	35	36	37	38	39	40	41	42	43	44	
0	1	2	3	6	8	9	10	11	13	15	16	19	20	22	23	24	26	27	28	30	31	32	33	34	35	36	37	38	39	40	41	42	43	44	
2	3	4	5	6	7	8	9	11	12	13	14	18	20	22	24	25	26	27	28	30	31	33	34	36	37	39	40	41	42	43	44	
0	3	5	6	10	11	13	14	15	17	19	21	24	25	26	27	28	29	30	31	32	33	34	35	37	39	40	41	42	43	44	
0	1	2	4	5	6	8	9	10	11	13	15	18	19	20	21	22	23	24	25	26	27	28	29	30	32	33	35	36	38	39	40	42	44	
2	3	5	9	10	11	13	14	15	16	17	18	19	20	21	22	23	24	25	26	27	28	29	30	31	32	33	34	35	36	37	38	39	41	42	43	
0	1	3	5	6	8	9	10	11	12	13	14	15	16	19	20	21	22	23	24	25	26	27	29	31	32	34	35	36	38	40	42	43	44	
0	1	2	4	5	7	10	11	12	14	16	17	18	19	20	21	22	23	24	25	26	27	28	30	31	32	34	35	38	39	40	42	44	
0	1	2	5	6	7	8	10	11	13	14	15	16	17	18	19	20	22	23	28	31	32	33	34	35	36	37	38	39	42	43	44	
0	1	2	4	7	8	10	11	12	13	15	16	18	20	21	22	25	26	27	30	31	32	34	36	37	38	39	40	41	42	44	
0	1	2	3	5	7	9	10	11	12	13	14	15	16	18	19	20	21	22	23	24	26	27	29	30	32	33	34	35	36	37	39	40	41	42	43	44	
0	1	2	3	4	5	7	8	10	11	12	13	14	15	16	17	18	20	21	22	24	25	27	28	29	31	32	33	34	35	37	38	39	40	41	42	44	
0	1	2	3	4	6	7	8	9	11	12	13	14	18	19	20	21	22	23	24	26	27	28	31	32	33	34	35	36	37	39	41	43	
0	1	2	3	6	7	8	9	11	12	13	14	15	16	19	21	22	23	26	27	28	30	32	33	34	36	38	39	40	41	42	43	
0	1	2	3	4	8	9	11	12	13	15	17	18	19	20	21	22	24	26	28	29	30	32	33	34	35	37	38	39	40	41	42	44	
0	1	2	3	4	5	7	8	9	10	11	12	13	14	15	16	17	18	22	24	25	26	27	28	29	31	32	33	34	36	37	38	39	41	42	43	44	
0	1	2	4	5	6	9	10	11	12	15	17	18	19	20	23	24	25	26	28	29	30	31	32	34	35	36	37	38	40	41	44	
0	1	2	3	4	6	8	9	11	12	13	15	16	17	18	19	20	21	23	24	25	26	28	29	30	31	33	34	35	37	40	41	42	43	44	
1	3	4	5	6	7	8	10	12	13	14	15	16	17	19	20	21	22	23	26	27	31	32	33	35	36	37	38	39	43	44	
3	4	6	9	11	12	13	14	15	16	18	19	20	21	23	25	27	28	30	31	32	35	36	37	38	39	40	41	42	43	44	
0	1	2	3	4	5	6	7	8	9	13	14	15	17	19	21	22	23	25	26	28	29	30	31	32	33	34	37	38	39	40	41	42	43	44	
0	3	4	5	6	7	8	10	11	13	14	15	16	17	18	19	20	21	23	25	26	28	29	30	31	32	33	34	37	39	40	41	42	
0	1	2	3	4	5	7	9	11	12	13	14	16	17	19	20	21	22	23	24	25	26	27	28	29	31	32	33	34	37	39	42	43	44	
1	2	3	6	7	11	12	13	14	15	16	17	18	19	20	21	24	25	28	29	30	31	32	34	35	36	37	39	40	41	42	43	44	
0	4	6	7	8	10	11	12	13	15	16	18	19	20	21	23	24	25	26	27	29	32	33	34	35	36	37	38	39	41	42	43	44	
4	6	7	8	9	10	11	12	13	14	15	16	17	18	19	20	22	24	25	26	28	29	30	31	32	33	34	35	36	38	39	40	41	42	43	44	
0	1	2	3	4	5	6	10	11	12	13	14	15	17	18	19	22	23	24	25	26	27	28	29	30	31	32	34	35	37	38	39	41	43	44	
0	1	2	5	6	7	9	10	12	13	14	15	16	17	18	19	20	21	23	24	25	26	27	28	31	33	34	35	36	37	38	39	41	42	43	44	
0	1	2	3	4	5	6	9	11	12	13	14	15	16	18	19	20	21	23	25	28	29	30	31	33	34	35	36	37	38	40	41	42	44	
0	1	2	3	4	6	9	10	11	12	14	15	17	18	19	20	22	23	25	26	27	28	29	30	31	33	35	36	38	40	41	42	43	
0	1	2	3	4	5	6	7	9	10	11	14	18	19	20	21	22	23	25	26	27	28	29	30	32	33	34	35	36	37	38	39	40	41	42	43	44	
0	1	2	3	4	5	6	7	8	9	11	12	13	15	16	17	18	19	20	21	22	23	24	27	28	29	32	33	35	36	37	38	39	40	41	42	44	
1	3	4	5	6	7	8	9	10	11	12	13	14	15	16	17	18	19	20	21	22	25	26	27	29	30	31	32	34	35	36	37	38	39	42	43	44	
0	1	2	3	4	5	6	8	11	12	13	15	16	17	18	19	20	22	26	28	29	30	31	32	34	35	37	39	40	41	43	44	
0	1	2	3	4	5	9	10	11	14	15	16	17	19	20	22	23	24	26	27	28	30	32	33	34	36	37	39	40	42	43	44	
0	1	2	3	4	5	6	7	8	11	15	17	18	19	20	22	23	24	25	26	27	28	32	34	35	36	37	38	41	42	44	
0	1	2	3	4	5	6	8	10	11	13	16	18	19	20	22	23	24	25	26	27	28	29	30	33	35	36	37	39	41	42	43	44	
0	2	4	5	6	7	9	10	11	12	14	15	16	17	18	19	20	21	22	24	27	28	29	30	33	34	35	38	39	40	41	44	
0	1	2	4	7	9	10	11	12	13	16	17	19	20	23	24	25	27	28	29	30	31	32	33	34	35	36	37	38	39	40	41	44	
0	1	2	4	5	6	7	8	9	11	12	13	14	16	17	18	19	20	23	25	26	27	28	29	33	34	35	36	38	39	41	42	44	
1	2	4	5	6	7	8	9	12	13	14	17	18	20	21	23	26	27	29	30	31	32	33	34	35	37	38	40	42	43	44	
0	1	4	7	8	9	10	11	12	14	15	16	17	18	19	20	21	24	25	26	28	29	30	32	33	34	35	36	37	38	39	40	41	42	43	44	
0	1	2	4	5	6	8	9	10	11	12	13	15	16	17	18	20	21	23	24	27	28	29	30	31	32	33	35	36	37	38	40	41	42	43	44	
0	1	2	3	5	6	10	12	13	14	15	16	17	18	19	21	22	23	25	26	29	30	31	32	33	34	35	36	37	38	39	40	42	43	44	
0	1	3	4	5	6	8	10	11	13	14	15	16	18	19	20	21	22	23	24	25	26	27	28	29	30	31	33	34	36	37	39	40	41	42	43	44	
0	1	2	4	5	6	7	8	10	11	12	13	15	17	18	20	22	23	24	25	26	27	30	31	32	33	35	36	37	38	43	
0	1	2	4	5	7	9	10	11	14	15	16	17	20	21	22	23	26	27	28	29	30	31	32	33	37	39	40	41	42	43	44	
0	1	2	3	4	7	8	9	12	13	14	15	16	20	21	22	23	24	25	26	28	29	30	31	32	33	34	36	37	38	40	41	43	
0	1	2	3	4	5	6	7	8	10	11	12	13	15	16	18	19	20	21	22	23	24	25	26	27	30	31	33	34	35	36	38	39	40	41	43	44	
1	3	4	8	9	12	13	14	18	19	20	21	22	23	24	25	27	29	30	31	32	33	34	35	36	37	38	39	40	41	44	
1	3	5	6	7	8	9	12	14	15	16	17	19	20	21	22	24	26	27	28	30	32	33	36	37	38	39	40	41	42	43	44	
0	1	2	4	5	7	8	9	10	11	12	13	14	15	16	17	18	20	21	22	23	24	25	26	28	30	31	33	34	35	36	40	42	43	
0	2	3	4	6	8	10	11	12	13	14	15	16	17	18	19	21	22	23	24	25	26	27	30	31	32	33	34	35	36	37	38	41	42	43	
0	1	2	3	4	5	6	7	8	10	13	14	15	16	17	18	19	23	24	25	26	28	29	30	31	32	34	36	40	41	44	
0	1	2	3	5	6	7	9	10	11	12	13	14	16	17	19	20	21	22	23	25	26	27	28	29	31	32	34	35	36	37	38	39	40	41	
0	1	2	3	6	9	10	11	13	14	15	16	17	18	20	22	23	24	27	28	29	30	31	33	34	36	38	40	41	42	44	
0	3	5	6	7	8	10	11	12	13	14	15	18	19	20	21	25	27	29	31	33	34	35	36	37	38	39	40	41	43	44	
0	1	2	3	4	6	8	9	10	11	12	13	14	15	16	17	18	21	23	24	25	28	29	31	32	33	34	35	36	37	38	39	41	43	44	
0	3	4	6	7	8	9	11	12	13	14	16	18	19	20	24	25	26	27	28	29	30	31	32	34	35	37	39	40	41	42	44	
0	1	2	3	4	5	6	7	9	10	11	12	16	18	19	20	21	23	24	27	28	29	31	33	34	36	37	39	40	41	42	43	
0	1	2	4	5	6	7	8	9	10	11	13	14	18	19	21	22	23	24	25	26	27	28	29	30	31	32	33	34	35	38	39	40	42	43	44	
0	1	3	4	5	6	7	9	11	12	13	14	15	16	17	18	19	21	22	23	24	25	26	27	28	29	30	31	32	33	34	38	39	40	42	43	44	
2	3	4	5	7	8	9	10	11	12	13	14	15	17	19	20	23	24	25	26	27	28	29	30	31	32	33	34	35	37	39	41	42	43	44	
0	1	2	3	4	5	7	10	13	14	16	17	18	19	20	21	22	23	24	25	26	27	28	29	32	33	35	37	38	42	43	44	
0	2	3	4	5	6	7	9	10	11	12	14	16	17	19	20	21	22	23	24	25	26	27	28	29	30	31	32	33	36	37	39	40	42	
3	8	10	11	12	13	14	15	16	19	21	22	23	24	25	26	27	28	29	30	31	32	33	34	35	36	37	39	40	41	42	43	44	
0	1	2	3	4	5	6	8	12	14	15	17	19	20	21	22	23	24	25	26	28	29	30	31	32	33	34	35	36	37	38	39	40	41	42	43	44	
0	2	6	8	9	10	12	13	14	16	18	19	22	23	24	25	27	28	31	32	34	35	36	37	38	39	40	41	42	43	44	
1	2	4	5	6	8	9	10	12	14	15	17	18	19	20	21	22	23	24	25	26	29	30	34	35	36	37	38	41	42	43	44	
0	1	2	3	4	5	6	7	8	9	10	11	12	13	14	15	18	20	21	22	23	24	25	26	27	30	31	32	33	36	37	40	43	44	
0	2	3	4	5	6	7	8	11	12	14	15	17	18	21	22	23	25	26	28	29	30	32	34	35	36	37	39	40	41	42	43	44	
0	2	3	4	5	7	9	10	11	13	14	15	17	19	20	22	24	25	26	27	30	31	32	33	34	35	36	37	38	39	41	42	43	44	
0	1	2	3	5	7	8	9	10	11	13	14	17	18	19	20	21	22	23	24	25	27	28	30	31	32	33	34	36	37	38	39	40	42	
0	1	3	5	6	7	8	10	11	12	13	14	17	19	20	22	24	25	26	27	28	29	30	31	33	34	35	37	39	42	43	44	
0	1	2	4	5	7	8	9	14	15	16	19	20	21	22	24	25	26	31	32	33	34	35	36	37	38	39	41	42	43	44	
0	2	3	5	8	9	11	12	13	17	18	21	22	24	25	26	27	29	30	31	32	33	35	36	37	38	39	40	42	43	44	
0	1	5	6	7	9	11	12	13	14	17	18	19	20	21	22	23	24	25	27	28	29	30	32	33	34	35	36	38	39	40	42	
0	2	4	5	6	9	10	12	13	14	16	17	18	19	20	21	23	24	25	27	28	29	30	31	32	33	34	35	36	37	38	40	41	42	43	44	
0	2	3	4	8	9	11	12	13	15	16	19	21	22	23	24	25	26	27	28	29	30	31	34	36	37	38	39	41	42	43	44	
0	1	2	3	5	6	7	8	10	11	12	13	14	15	18	19	20	23	24	25	26	27	28	29	30	32	33	34	35	36	39	40	42	43	44	
0	1	2	5	6	7	8	9	10	13	14	16	17	18	20	21	22	24	26	27	28	29	30	31	33	35	37	38	39	40	41	43	44	
0	3	4	5	6	8	9	10	13	14	15	16	17	18	19	20	21	22	23	25	26	27	28	29	30	32	33	34	35	40	42	44	
0	1	2	4	5	6	7	9	11	12	13	14	15	16	17	18	20	21	22	26	27	28	29	30	31	32	33	34	35	38	39	40	41	42	43	44	
2	3	4	5	6	7	9	10	11	12	14	16	17	19	20	21	22	23	25	26	27	28	29	30	32	33	34	35	36	37	39	40	41	42	43	44	
0	2	3	4	5	6	7	8	9	10	12	14	15	16	17	18	19	20	21	23	24	25	26	27	28	29	30	31	32	35	37	38	41	42	43	
0	1	2	3	4	5	6	7	8	9	10	11	12	13	14	15	16	17	18	19	20	21	22	25	26	29	30	32	33	34	35	36	39	41	42	43	44	
0	1	2	4	5	6	7	8	9	10	12	13	14	15	16	18	19	20	21	22	24	26	27	28	29	30	31	32	33	35	36	39	40	41	42	43	44	
2	3	4	6	7	8	9	10	12	13	14	17	19	20	21	23	24	25	27	28	29	31	32	35	36	37	38	39	40	41	42	44	
0	1	2	3	4	6	7	9	11	13	14	15	18	19	20	21	22	24	25	27	28	30	31	32	34	35	36	38	39	40	41	43	44	
0	3	4	6	7	10	11	13	14	15	16	17	18	19	20	21	22	23	24	25	26	29	30	31	32	33	36	38	39	40	41	42	43	44	
0	1	2	4	5	7	8	9	11	12	14	15	18	19	20	21	24	25	26	28	29	31	32	34	36	37	38	41	42	43	44	
1	2	3	4	5	6	7	8	9	11	12	14	15	16	17	18	19	20	21	22	23	24	25	27	29	30	31	32	33	35	36	37	38	39	40	41	43	
0	1	2	3	7	8	10	11	12	14	16	17	18	19	22	23	26	27	29	31	32	33	34	35	36	37	39	40	41	42	43	44	
1	2	3	5	6	7	8	9	10	13	14	15	17	18	19	20	21	22	24	25	26	27	28	29	31	32	33	34	35	36	37	40	41	
1	2	3	4	5	6	7	9	10	11	12	14	15	16	17	20	22	23	24	25	26	29	30	31	32	33	34	35	36	37	38	39	40	41	42	43	44	
0	1	2	3	4	5	6	8	9	13	15	16	17	18	19	21	22	23	25	28	29	30	31	32	33	34	35	36	37	38	40	41	42	44	
1	2	4	6	7	8	9	10	12	14	15	16	17	18	19	20	21	24	25	26	28	29	30	31	32	34	35	36	37	38	41	43	44	
0	1	3	5	6	7	8	10	12	13	16	17	19	20	22	23	24	26	27	28	30	31	32	35	36	37	39	40	42	43	44	
0	1	2	3	4	6	8	9	10	11	14	15	16	19	20	21	22	23	25	26	27	28	29	30	31	32	36	37	38	39	40	41	42	43	44	
0	1	3	4	6	7	9	10	11	12	13	14	15	16	17	18	19	20	23	24	25	26	28	29	30	31	32	35	36	38	39	40	43	
0	1	2	3	4	5	6	9	10	11	13	14	15	16	17	18	19	20	21	23	24	25	26	28	31	36	37	38	40	41	42	43	44	
0	1	3	4	5	6	8	10	11	12	13	14	17	18	19	20	21	22	23	25	26	27	28	29	30	31	34	35	36	37	40	42	
0	3	4	5	6	7	9	10	12	13	14	15	16	17	18	21	22	23	25	27	28	29	30	31	32	34	35	36	37	38	41	42	43	44	
0	2	3	5	6	7	8	10	11	12	13	14	15	16	17	18	19	21	22	23	24	26	27	28	29	30	32	34	36	37	38	39	40	41	42	44	
0	3	4	5	6	7	9	10	13	14	16	19	20	21	23	24	25	27	28	29	31	32	35	36	37	38	39	40	41	42	44	
0	1	2	6	7	8	9	10	11	13	14	15	16	17	19	20	21	22	24	25	26	28	29	30	31	32	33	34	35	36	37	39	40	41	42	43	44	
0	2	3	4	5	6	9	11	12	13	14	15	16	17	18	19	20	21	22	23	25	26	28	29	30	31	33	34	35	36	38	39	40	41	42	43	44	
0	1	2	3	5	7	8	9	10	13	14	15	16	17	19	20	21	22	23	24	25	27	28	29	30	32	33	34	35	37	41	43	44	
0	1	2	5	7	8	9	10	11	12	13	14	15	16	17	18	20	22	23	24	25	26	27	29	30	31	33	36	38	39	40	41	42	43	
0	1	2	4	5	6	7	8	9	10	11	14	15	16	17	18	19	20	22	24	25	26	27	31	32	33	34	36	37	38	40	41	42	43	
1	3	4	6	7	8	9	10	11	12	13	14	15	16	18	19	20	22	23	24	25	27	30	32	33	34	37	39	41	43	44	
0	3	4	5	7	9	10	11	12	13	14	17	18	19	20	22	23	24	25	26	27	28	29	31	33	35	36	37	39	40	41	43	
0	1	2	3	4	5	6	7	8	9	10	11	13	14	16	17	18	22	23	24	26	27	28	30	32	33	34	35	36	39	40	41	42	43	44	
1	2	3	4	5	6	7	8	11	12	14	15	16	18	20	21	22	23	24	26	28	29	30	31	33	34	35	36	38	39	40	43	44	
1	2	4	5	6	7	8	9	10	11	13	15	16	17	18	19	20	21	22	25	26	27	28	29	31	32	33	34	35	36	37	38	39	40	41	42	44	
0	1	2	3	4	5	6	7	8	9	10	11	14	15	17	18	19	20	21	22	23	24	25	27	28	29	31	32	34	35	36	40	41	42	43	44	
0	1	2	3	4	5	6	7	11	13	14	15	16	17	19	21	23	24	25	27	28	29	30	33	35	36	37	40	41	43	44	
0	1	3	4	6	7	8	9	10	11	12	14	16	17	18	20	21	22	23	25	26	28	30	32	33	34	35	37	38	39	41	43	
0	1	2	3	4	5	6	7	8	9	10	11	12	13	14	15	17	18	19	22	23	24	25	27	29	30	32	34	35	36	38	40	41	42	43	
0	3	4	5	6	7	8	9	10	12	13	14	15	17	19	20	21	22	23	25	27	28	29	30	31	33	34	37	39	40	42	43	44	
2	3	4	5	6	7	8	9	10	11	13	14	17	18	19	20	21	22	23	24	26	27	30	33	34	36	37	38	39	40	43	44	
0	1	2	3	6	7	8	10	11	14	16	17	18	19	20	21	22	23	24	25	26	27	28	29	30	31	32	36	37	38	39	40	41	42	44	
0	1	2	3	4	5	6	7	8	9	10	11	12	16	18	21	22	23	24	27	31	32	33	34	35	36	37	38	40	42	43	
0	1	2	3	4	6	7	8	9	10	12	13	14	15	16	18	19	20	21	23	24	26	27	29	31	32	33	35	36	37	38	39	40	41	43	
1	5	6	7	8	9	10	12	13	14	16	17	18	19	21	22	23	24	25	26	27	28	29	30	31	32	33	34	35	37	38	39	41	
0	1	4	5	6	7	8	9	11	12	13	19	20	22	23	24	25	26	28	31	33	34	36	37	38	39	40	41	42	43	44	
0	2	4	5	6	8	10	12	13	14	15	16	17	18	19	20	21	22	23	24	25	26	27	28	30	32	34	35	39	41	43	44	
0	1	2	3	6	7	8	9	11	12	14	15	16	19	20	21	22	23	26	27	28	29	30	31	32	33	34	35	36	37	38	39	40	41	42	43	44	
1	3	5	6	7	8	9	10	12	13	15	16	17	18	19	20	21	22	25	26	27	28	29	32	33	34	35	36	37	38	39	40	41	42	43	44	
0	1	2	3	5	6	7	9	11	12	13	14	16	17	18	19	20	21	24	26	27	28	29	30	31	33	34	35	36	37	38	40	41	42	43	44	
0	1	2	3	4	5	6	7	8	9	11	12	14	15	17	18	21	22	23	24	25	26	27	28	29	30	32	33	34	35	36	38	40	41	42	43	44	
0	1	3	5	6	8	9	10	11	12	14	16	17	18	19	20	21	24	25	26	27	28	29	30	31	33	34	35	36	37	38	39	41	42	43	44	
0	1	2	3	4	5	6	7	8	9	10	11	12	13	15	16	17	19	22	23	25	26	31	32	33	34	35	36	37	39	40	42	44	
0	1	2	6	7	8	9	10	12	14	15	16	17	18	19	20	22	23	24	25	26	27	29	30	32	35	37	38	39	40	41	42	43	44	
0	1	2	3	4	5	7	8	9	10	13	14	15	16	18	19	22	24	25	26	27	28	29	30	31	33	35	37	38	40	41	42	43	
0	1	2	3	4	6	7	9	11	12	14	15	17	18	20	21	22	23	24	25	26	27	29	31	33	34	35	36	37	38	39	41	42	43	44	
0	1	2	3	5	6	7	8	11	12	13	15	16	17	18	20	21	23	25	26	27	28	29	30	31	32	33	35	36	37	38	39	40	41	42	43	44	
0	1	2	3	4	7	8	10	11	14	15	17	18	19	20	21	22	23	25	26	28	29	31	32	35	37	38	39	40	41	42	44	
1	3	4	5	6	7	8	10	11	13	14	15	16	17	19	20	21	24	26	27	28	30	31	32	33	34	35	36	37	39	41	43	44	
1	2	3	4	5	6	7	8	10	11	12	13	15	17	18	19	20	21	25	26	27	28	29	31	32	35	36	37	38	39	40	41	42	43	44	
1	2	3	4	6	9	10	11	12	13	14	15	16	17	18	19	20	22	24	26	28	29	30	31	33	34	35	36	39	40	41	43	44	
0	2	3	4	5	6	8	9	11	12	13	15	16	17	18	19	21	23	24	25	26	29	31	32	33	34	36	37	38	39	40	41	42	43	
0	1	2	3	4	6	8	9	11	12	13	14	15	16	17	18	21	22	25	26	27	28	30	31	32	33	34	36	37	38	40	41	42	
0	2	3	5	6	7	8	9	10	11	12	13	14	15	17	18	19	20	21	22	25	26	27	29	31	32	33	34	35	37	39	40	41	42	43	44	
1	2	3	5	6	7	8	9	10	11	13	14	15	16	18	20	21	26	27	28	29	30	32	33	34	35	36	37	41	42	43	44	
2	5	6	8	9	10	11	12	13	14	17	18	19	20	21	24	25	26	27	28	29	30	31	32	34	35	36	38	39	40	43	44	
0	1	2	3	4	5	6	7	10	11	13	14	15	17	18	20	22	24	25	27	28	30	32	33	34	35	36	38	39	40	41	43	44	
0	1	2	3	4	5	6	7	9	12	14	15	17	18	20	21	22	24	25	26	29	30	31	32	33	34	35	36	38	39	40	41	43	44	
0	1	2	6	7	8	9	10	11	12	14	15	16	17	19	21	22	23	24	25	26	29	31	32	33	35	36	37	38	41	42	44	
0	2	3	4	5	6	7	8	11	13	14	15	16	17	18	19	20	21	23	24	25	26	27	28	29	31	32	34	36	37	38	39	40	41	42	43	44	
0	1	3	4	5	6	7	8	9	10	11	12	13	14	15	16	17	19	20	21	22	23	24	25	26	28	29	30	31	32	33	36	38	39	40	43	44	
0	1	2	3	4	5	6	8	9	10	12	13	14	15	16	17	18	19	20	21	22	23	25	26	28	31	32	33	34	35	36	38	39	40	41	43	44	
0	1	2	3	4	5	7	8	10	11	12	13	15	18	19	20	21	22	24	26	29	30	33	34	35	36	37	38	39	40	42	43	44	
0	1	2	3	6	8	10	11	13	14	17	18	20	21	22	23	24	27	28	29	30	31	32	33	35	36	38	39	40	42	43	44	
0	1	2	3	4	6	7	8	9	12	13	14	15	16	17	18	21	22	23	24	26	27	28	29	34	35	36	38	39	41	42	43	44	
1	2	3	4	5	6	10	11	13	14	15	16	17	18	19	20	22	23	24	25	29	30	31	32	33	34	35	36	37	38	39	40	41	42	44	
1	2	3	4	5	6	8	13	14	15	17	19	20	22	24	25	26	27	28	29	30	31	33	36	37	38	39	40	41	42	43	44	
2	3	4	8	10	11	12	13	14	16	17	18	19	20	21	22	25	27	28	29	30	31	32	33	34	35	36	37	39	41	42	43	44	
0	1	2	3	4	6	7	8	9	10	11	12	14	16	17	19	20	21	23	24	26	28	29	30	31	32	33	34	35	36	37	39	40	41	43	44	
1	2	6	8	9	10	11	12	13	14	15	16	17	19	20	21	22	23	24	26	27	28	29	31	33	34	36	37	38	39	41	42	44	
0	1	2	3	5	6	7	8	9	10	11	12	13	14	15	16	17	18	19	20	21	23	24	26	27	28	29	31	33	34	35	36	37	38	40	42	43	
2	3	4	5	6	7	8	9	10	12	13	16	17	18	19	21	24	25	26	27	28	30	31	32	33	34	36	37	38	39	41	
0	2	3	4	5	6	7	8	9	10	11	13	14	15	17	18	19	20	21	22	23	24	26	27	28	30	31	34	36	37	38	41	42	44	
2	3	5	6	7	8	10	11	14	15	16	17	18	19	20	21	22	23	25	26	27	28	29	30	31	32	33	34	37	38	40	41	43	44	
1	2	3	4	5	7	10	13	14	15	16	17	18	20	21	22	23	24	25	26	28	29	32	33	34	37	38	39	40	41	44	
0	1	2	4	5	6	7	8	9	10	11	12	13	14	15	16	17	19	20	21	22	23	24	26	28	29	31	32	33	35	37	38	39	40	41	42	43	
0	1	3	4	5	6	7	8	9	10	11	12	14	15	18	19	20	21	22	23	24	26	28	29	30	32	33	34	35	36	37	38	40	41	42	43	
1	3	4	6	7	8	9	11	12	13	14	15	16	17	18	20	21	22	23	24	25	26	28	29	30	32	33	34	35	36	37	40	41	43	
0	1	2	4	5	6	7	8	10	11	12	13	14	15	16	17	18	19	20	21	22	23	24	26	27	28	29	30	31	32	34	35	36	37	38	43	44	
0	3	4	6	7	9	10	11	12	14	15	16	17	18	22	23	24	25	26	27	28	29	30	32	34	36	38	40	42	43	44	
0	2	4	6	7	8	9	10	11	12	13	14	15	16	17	18	19	20	21	22	24	25	26	28	29	30	31	34	35	36	38	39	40	41	43	44	
1	3	4	5	6	8	9	12	15	16	18	20	21	22	23	24	25	26	28	29	30	31	32	33	34	35	36	38	39	41	43	44	
0	1	3	4	5	6	7	8	9	10	11	12	14	15	16	17	19	21	23	24	25	26	28	29	30	31	33	34	35	37	39	40	41	42	43	44	
0	1	2	4	5	6	7	8	9	11	12	13	14	16	17	18	19	22	23	26	27	28	29	30	31	32	33	36	38	39	40	43	44	
0	1	2	4	5	6	7	9	10	11	12	13	16	17	18	19	20	21	22	23	25	26	27	29	30	31	32	33	35	36	37	38	39	41	42	43	44	
0	1	2	3	4	5	6	7	8	9	10	11	12	13	16	17	18	19	20	21	22	23	24	26	27	30	31	32	33	34	35	36	37	38	40	41	42	
1	2	3	4	5	6	7	8	9	10	12	13	16	17	18	19	20	21	23	25	26	27	28	29	32	33	34	35	36	37	38	39	40	41	42	43	44	
1	2	4	5	6	7	8	9	10	11	12	13	14	15	16	18	20	21	22	23	24	26	28	29	30	31	32	34	35	39	41	42	43	
0	2	3	4	5	6	7	10	11	13	14	16	19	20	22	23	25	26	27	29	30	32	34	35	36	37	39	40	41	42	43	44	
2	3	5	6	7	8	9	10	14	15	16	19	20	21	22	23	24	25	26	27	28	29	31	34	35	36	37	38	39	40	41	42	43	
0	1	2	3	5	6	7	8	11	12	14	15	16	17	18	19	20	21	23	24	25	26	27	29	30	31	32	33	34	37	38	39	40	41	44	
0	1	2	3	4	6	8	9	11	12	13	14	15	16	18	19	24	25	28	30	32	34	36	37	38	39	40	41	42	43	44	
1	3	6	7	8	9	10	12	14	15	16	17	18	19	20	21	22	24	26	27	28	32	34	35	36	37	38	39	40	43	44	
0	1	4	5	6	7	8	9	10	11	12	13	14	15	16	17	18	19	20	21	22	23	24	25	26	28	29	31	32	33	34	35	36	37	38	41	43	
0	1	2	4	6	7	8	9	10	11	12	13	16	17	18	19	20	22	23	24	27	28	29	30	31	34	38	39	40	43	44	
0	3	4	5	6	7	8	9	10	12	13	14	15	16	17	18	19	21	23	24	25	26	27	28	31	32	33	34	35	36	38	39	40	41	43	44	
0	2	4	5	6	7	8	9	10	11	13	14	15	17	19	20	21	22	23	24	25	26	27	29	32	33	34	36	37	38	40	41	42	44	
0	1	2	3	5	7	8	9	10	11	12	13	15	16	17	18	19	21	23	24	25	26	27	29	30	32	33	35	39	40	43	44	
0	1	2	3	4	6	7	8	9	10	11	12	13	14	15	16	17	18	19	20	22	24	25	26	28	29	31	34	35	37	39	40	42	43	
0	1	3	4	5	6	7	8	10	11	12	13	14	15	16	17	18	20	21	22	26	28	29	33	34	36	37	38	39	41	43	44	
2	3	4	5	6	7	8	9	10	11	12	13	15	16	17	18	19	20	21	22	23	24	25	26	29	30	32	33	34	35	36	37	38	40	42	43	44	
0	1	2	3	4	5	6	8	9	10	12	13	14	16	17	18	19	20	22	23	24	26	28	29	31	32	33	34	35	36	37	38	39	41	42	43	
2	3	4	5	7	10	12	13	15	16	18	20	21	22	25	26	28	29	30	31	32	33	34	35	36	37	38	39	41	42	43	44	
0	1	2	3	5	6	7	8	9	11	12	13	14	15	18	19	20	21	23	24	25	26	27	30	32	33	34	35	36	37	38	39	40	41	42	43	44	
0	2	3	4	5	6	7	9	10	11	12	14	15	17	18	19	20	21	22	23	24	25	26	27	30	31	32	35	36	37	38	39	40	43	44	
0	1	4	5	6	7	8	10	11	12	13	15	16	17	18	19	20	21	22	23	25	26	28	29	31	32	33	34	35	36	37	38	40	42	43	44	
0	1	2	3	5	6	7	8	9	10	16	19	20	21	22	23	24	25	26	27	29	30	31	32	33	36	37	38	40	41	42	43	44	
0	1	3	4	5	6	7	8	9	10	11	12	13	14	16	18	19	20	21	22	23	24	25	26	27	29	30	31	32	33	35	36	37	38	39	42	43	
0	1	2	3	5	6	7	10	11	12	13	14	15	16	18	19	20	21	23	24	25	27	28	29	30	31	33	36	38	40	41	42	43	44	
0	1	3	5	8	9	10	12	13	14	15	16	17	18	19	20	21	22	23	26	27	29	33	34	35	36	38	39	40	41	43	44	
0	1	2	3	5	6	7	11	13	14	15	16	17	18	20	21	22	23	24	25	26	27	28	30	31	32	33	34	36	37	40	43	44	
0	1	3	4	5	6	8	11	12	13	15	16	18	19	21	22	23	24	26	27	28	29	32	33	34	35	36	37	38	39	41	42	43	44	
0	1	2	3	5	6	8	9	10	11	12	13	14	16	17	18	19	20	21	22	23	26	27	28	29	30	31	32	33	35	36	38	39	40	42	43	44	
0	2	3	4	6	7	8	9	12	13	15	16	17	18	19	20	21	22	23	24	25	26	27	28	29	30	31	34	37	38	39	40	41	42	43	44	
0	2	3	4	5	6	9	11	12	14	18	19	20	22	23	24	25	26	27	28	29	30	32	33	34	35	36	38	39	40	41	42	43	
0	1	2	4	6	8	10	11	13	15	16	17	18	19	21	25	26	27	28	29	32	33	34	35	36	37	38	39	40	41	43	44	
0	1	3	4	5	6	7	8	10	12	13	15	16	17	21	23	24	25	26	27	28	29	31	32	33	34	35	36	40	42	43	44	
0	1	3	4	5	6	7	8	9	11	12	13	14	15	16	17	19	20	22	24	26	27	29	31	32	33	34	35	36	38	39	40	42	43	44	
0	1	2	3	6	7	8	9	10	12	13	14	15	16	17	18	19	20	21	22	23	27	30	31	32	33	34	35	36	37	38	39	41	42	43	44	
1	2	3	4	5	6	7	8	9	10	11	13	15	16	17	18	19	20	24	25	26	28	29	31	33	37	38	40	41	42	43	44	
0	1	2	3	4	5	8	11	12	13	14	15	16	17	18	19	20	22	23	24	25	26	27	28	29	32	33	34	35	36	37	38	40	41	42	44	
1	2	3	4	5	7	9	11	12	14	16	17	19	21	22	24	25	27	29	30	31	32	33	36	37	39	40	41	42	43	44	
0	1	2	4	5	6	7	9	11	12	13	15	17	18	19	20	21	22	23	26	27	30	32	33	34	36	37	38	40	42	43	
0	1	2	3	4	5	6	7	8	9	11	12	13	14	15	16	17	18	19	20	21	22	24	25	26	28	30	33	35	36	38	40	41	42	44	
0	1	2	3	4	6	8	9	10	11	13	14	15	17	18	19	20	21	22	24	26	28	29	30	31	33	34	35	36	37	38	41	42	43	44	
1	2	3	4	5	7	8	9	10	11	12	13	14	15	16	17	18	19	21	23	24	25	26	28	29	30	31	32	33	34	36	37	39	40	42	44	
1	2	3	5	6	7	8	9	10	11	12	13	14	17	19	20	21	22	24	25	26	32	33	34	35	36	37	38	39	41	43	44	
0	1	2	3	4	5	6	7	8	9	10	11	12	13	14	15	17	19	20	21	22	23	24	25	27	30	31	32	34	35	36	38	39	40	42	43	44	
1	2	3	6	7	8	9	10	11	12	13	14	16	18	19	20	21	22	23	24	25	26	27	28	29	30	31	32	36	37	38	39	40	41	43	44	
0	3	4	5	8	9	10	11	12	15	16	17	18	19	20	21	22	23	24	25	26	27	28	29	30	31	33	34	35	36	37	38	39	40	41	43	44	
0	1	3	4	5	6	7	8	9	10	11	12	13	15	16	17	20	21	22	23	24	26	27	28	30	31	32	33	34	35	37	40	42	43	44	
2	3	5	6	7	8	10	11	12	13	14	15	16	17	18	19	20	21	23	24	25	26	28	29	30	31	32	33	34	35	36	37	38	42	43	
0	2	5	6	7	8	9	10	11	12	13	14	15	16	17	20	21	22	23	24	26	27	28	29	30	31	32	33	34	35	36	39	40	41	42	43	
0	2	3	4	5	6	7	9	10	11	12	13	15	16	17	18	19	21	23	24	25	26	27	28	31	32	33	34	35	36	37	38	39	40	41	43	44	
0	2	3	4	5	7	8	9	11	13	14	15	16	19	21	22	23	24	26	28	30	31	32	33	34	35	37	38	39	40	42	44	
0	2	3	4	6	7	9	10	11	13	14	15	16	17	18	21	24	25	26	28	29	31	32	33	36	37	38	39	40	41	42	43	44	
0	1	2	3	4	5	8	9	10	11	12	15	18	19	20	21	23	24	28	29	30	32	35	36	37	38	40	41	42	43	44	
0	1	3	5	6	7	8	9	10	11	12	13	15	17	18	19	21	23	24	26	28	29	30	31	32	34	35	36	37	38	40	41	42	43	
0	1	2	5	6	7	8	9	11	12	13	14	16	17	18	19	20	22	23	25	26	27	28	29	30	34	35	36	37	38	39	40	44	
0	2	4	5	6	7	8	9	10	12	13	14	16	17	18	19	20	21	22	23	24	25	26	27	29	30	31	33	34	35	37	38	39	41	42	43	44	
0	2	3	4	5	6	7	9	10	11	12	13	14	15	16	17	19	20	22	23	24	25	26	27	30	31	32	34	37	38	39	40	41	43	44	
0	1	2	3	5	6	7	8	9	10	11	12	13	14	15	16	17	18	19	20	21	24	26	27	28	30	32	33	34	36	37	38	39	40	41	42	44	
0	1	2	3	5	6	7	8	9	10	11	12	14	16	17	18	22	24	25	26	27	28	29	31	32	33	34	35	36	37	38	39	40	41	42	43	
1	3	5	8	9	10	11	12	14	15	16	17	19	21	22	24	25	26	27	31	32	33	34	35	36	37	38	39	40	41	42	
0	2	3	4	5	6	7	8	9	10	11	12	14	15	16	18	19	20	21	23	25	27	28	29	30	31	32	34	35	36	37	39	42	43	
2	3	4	7	8	9	10	11	12	14	15	16	17	18	20	21	22	23	24	25	26	27	28	29	30	31	32	33	34	35	36	38	39	41	42	43	44	
0	1	3	4	5	6	7	8	11	12	13	14	16	20	22	23	24	25	26	27	28	29	30	31	32	33	34	35	36	37	38	44	
0	1	3	4	5	7	8	9	10	11	12	13	14	16	18	19	21	23	24	25	26	27	29	30	33	34	35	37	38	41	43	
1	5	6	7	8	9	10	11	12	13	14	15	16	18	19	20	21	22	23	25	26	27	28	29	32	33	36	37	38	40	41	42	43	
1	2	3	5	6	8	9	10	12	13	14	15	16	17	19	20	21	22	24	26	27	28	29	31	32	36	38	39	41	42	43	44	
1	2	3	5	6	8	10	11	12	13	14	15	16	17	18	23	24	25	27	28	30	31	32	33	34	35	36	37	38	39	40	42	43	44	
1	3	4	5	6	7	8	9	10	12	13	14	15	16	18	20	21	23	24	25	26	30	31	32	33	34	35	36	37	38	40	41	42	43	44	
1	3	4	5	6	7	8	9	10	11	12	14	15	16	17	18	19	20	21	22	23	25	26	27	29	30	31	32	33	37	38	39	40	41	42	43	44	
0	1	2	4	5	6	7	8	9	10	11	12	14	16	17	18	21	22	25	26	27	28	29	30	31	32	33	34	35	36	38	39	40	41	42	43	44	
0	1	2	5	6	7	8	9	10	11	12	13	14	15	16	17	18	19	20	21	22	26	27	28	29	31	32	33	34	35	36	37	38	39	41	42	44	
0	1	3	4	5	8	9	10	11	12	14	15	17	18	20	22	23	24	25	26	27	28	29	31	32	33	35	36	37	38	39	40	41	42	43	44	
0	2	3	5	7	8	10	11	12	13	14	16	18	19	20	21	24	25	26	27	28	31	32	33	34	36	37	38	39	41	42	43	44	
0	1	2	3	4	6	7	8	9	10	12	13	14	16	17	18	20	21	22	24	26	27	28	29	30	31	32	33	34	35	36	37	38	39	42	44	
0	1	2	4	5	6	9	10	11	12	13	14	15	17	18	19	20	21	22	23	24	25	26	27	28	30	32	33	34	35	38	40	42	43	44	
1	2	3	4	7	8	10	11	12	13	15	16	17	18	19	20	21	22	23	24	25	27	28	29	30	31	32	33	34	35	37	38	39	40	42	43	44	
1	2	3	6	9	10	12	13	14	16	17	18	19	20	21	22	23	24	27	28	29	30	31	32	33	34	35	37	38	39	40	41	43	44	
0	2	3	5	9	10	11	12	13	14	15	17	18	19	20	21	22	24	25	26	27	28	29	30	31	32	33	34	35	38	39	40	44	
2	4	6	9	10	11	12	13	14	15	16	17	18	19	20	21	22	24	25	26	27	28	29	30	33	34	35	36	37	38	39	40	41	42	43	44	
0	2	3	4	5	6	7	9	10	11	13	14	15	16	19	20	22	23	24	26	27	28	29	31	33	34	35	36	38	39	40	41	42	43	44	
0	3	4	6	7	8	10	12	13	15	16	17	19	20	21	22	23	24	25	26	27	29	30	31	34	35	36	39	40	41	42	44	
0	2	3	4	5	6	7	9	10	11	12	13	14	15	16	17	18	19	21	22	23	24	25	26	27	29	30	31	32	34	36	38	39	40	43	44	
0	2	3	4	5	6	7	9	11	12	13	14	16	17	18	19	20	21	22	24	25	26	27	29	31	32	33	34	35	36	37	38	40	41	44	
1	2	4	5	6	7	9	11	12	13	14	15	17	18	19	20	23	24	26	27	28	31	32	33	34	35	36	37	39	40	42	44	
0	1	2	3	5	7	11	12	13	14	15	17	18	19	20	21	22	23	25	26	27	28	30	31	33	34	36	38	39	40	41	
0	2	4	6	7	8	9	10	11	12	14	15	16	17	18	19	20	21	22	23	24	25	26	27	29	30	31	32	37	38	39	40	41	42	43	44	
0	1	2	4	6	8	9	10	13	14	15	16	17	19	20	21	22	24	25	26	27	28	29	30	31	32	33	34	35	39	41	42	43	44	
0	1	2	3	4	6	7	9	10	11	13	14	15	16	17	20	22	23	24	25	28	29	30	31	32	33	34	36	37	38	39	40	41	42	43	44	
2	3	5	6	8	10	11	12	13	15	16	17	18	19	20	22	23	24	25	26	29	30	31	32	34	35	36	37	38	39	40	41	42	43	44	
0	1	3	4	5	7	8	10	11	12	13	14	15	18	19	21	22	23	24	25	26	27	28	29	30	31	32	33	34	36	37	38	39	40	42	43	44	
0	2	3	4	5	6	7	8	9	10	11	12	14	16	18	20	21	22	23	25	26	27	28	29	30	32	33	35	37	38	39	40	41	42	43	44	
0	1	2	3	4	5	6	8	10	11	12	13	15	16	17	18	20	21	22	23	24	26	28	29	31	32	33	34	35	36	37	38	39	41	43	44	
0	3	4	5	7	8	12	13	15	16	17	18	19	20	21	22	24	25	26	27	29	30	33	34	35	36	37	38	39	40	42	
0	1	2	3	4	5	7	8	11	13	14	15	16	17	18	19	20	21	22	23	24	25	26	28	29	32	33	34	36	39	40	41	42	43	44	
0	1	4	5	7	9	10	11	12	13	14	15	16	17	18	19	21	22	23	25	28	29	30	31	32	33	34	35	36	37	38	39	40	42	43	
0	1	2	4	5	6	7	8	9	12	13	14	15	16	17	18	20	21	23	24	25	26	27	29	30	31	32	33	34	36	37	39	40	41	42	43	
0	1	2	3	4	7	8	9	10	12	13	14	15	16	20	21	22	24	25	28	29	30	31	32	33	36	37	38	40	42	43	
0	1	2	3	4	5	7	8	9	12	14	15	17	18	19	20	21	22	23	24	25	26	27	28	29	30	32	33	34	35	37	39	40	42	43	44	
0	1	2	3	4	5	6	7	8	9	12	13	16	17	18	19	21	22	23	26	27	29	30	31	32	33	34	35	36	37	38	40	41	42	43	44	
0	1	2	4	6	7	8	9	11	12	14	15	16	17	18	19	20	21	22	23	26	29	30	31	32	33	34	35	37	40	41	42	44	
0	1	2	3	5	7	8	9	10	11	12	13	14	17	18	19	20	21	22	24	25	26	27	28	29	30	31	33	34	35	36	37	39	40	42	43	44	
2	5	6	7	9	10	11	12	13	14	16	17	19	20	21	22	23	24	25	26	27	28	29	30	32	33	35	36	37	39	41	42	43	
0	2	3	5	7	9	10	12	14	15	16	17	18	19	20	21	22	23	24	25	26	27	28	29	30	35	36	37	38	39	41	42	43	
1	3	4	5	6	7	9	10	11	13	14	15	18	19	20	21	24	25	28	30	31	32	33	34	35	36	37	38	39	41	43	44	
0	1	2	3	4	5	6	7	9	10	12	13	15	16	17	19	20	21	23	24	25	27	29	31	33	36	38	39	40	41	43	
2	5	6	7	10	12	13	14	15	16	17	18	19	20	21	22	23	24	25	28	30	31	32	33	35	36	37	38	40	41	42	43	44	
1	2	3	4	5	6	9	11	12	13	15	16	17	18	19	21	22	24	25	26	27	28	30	31	34	35	36	37	38	39	40	41	42	43	44	
1	3	4	6	7	8	9	12	13	14	17	19	20	22	23	25	26	27	28	31	33	34	35	36	37	38	39	40	41	42	43	44	
0	1	2	3	4	5	7	8	10	11	12	13	15	16	17	19	20	23	24	25	26	27	28	30	31	32	33	34	35	36	37	41	44	
1	4	6	7	9	10	11	12	13	14	15	16	17	18	19	21	23	24	26	27	28	29	31	32	33	35	36	37	38	39	40	41	42	43	44	
0	2	3	4	6	7	8	9	10	11	13	15	16	18	19	20	22	23	24	25	26	27	28	29	30	31	32	33	35	36	37	38	39	40	41	43	44	
0	1	3	4	5	6	7	8	9	10	11	12	13	14	15	16	17	18	21	22	23	24	26	27	29	30	31	32	33	34	36	39	40	41	42	43	
0	1	2	3	6	7	8	9	10	11	13	15	16	17	20	21	22	23	24	25	26	27	28	29	30	32	33	34	35	37	38	41	42	43	44	
0	2	3	4	6	7	8	11	12	13	15	16	17	18	19	20	21	23	24	25	26	29	31	32	33	34	35	36	38	39	41	44	
0	2	3	5	6	7	8	9	10	11	12	13	14	15	17	19	21	23	24	25	26	28	29	30	33	34	35	37	40	41	42	43	44	
0	1	3	4	5	6	8	10	11	13	14	15	16	18	19	25	26	28	29	30	31	32	35	36	37	39	40	41	42	43	44	
1	2	3	4	6	7	8	9	10	11	12	13	14	15	18	19	20	21	23	24	25	26	27	28	29	30	32	34	35	37	38	39	40	41	42	43	
0	2	3	5	6	9	10	11	12	13	14	15	16	17	18	19	20	24	26	27	28	29	31	34	35	36	37	38	39	43	44	
0	1	2	3	6	8	9	12	13	14	15	16	17	18	19	20	22	23	24	26	27	28	30	31	32	33	35	36	38	39	40	41	42	43	44	
0	1	2	3	4	5	6	7	8	9	10	11	12	14	17	18	19	20	21	22	24	26	27	30	31	32	33	35	36	37	40	41	44	
0	2	3	6	7	8	10	11	12	13	14	15	16	17	18	19	20	21	22	23	25	28	29	30	31	33	34	35	36	37	39	42	43	44	
0	1	4	5	7	8	9	10	12	14	15	16	17	18	19	21	23	24	27	28	29	30	32	33	34	37	38	39	40	42	43	44	
0	1	2	3	4	5	6	7	8	9	10	11	12	13	14	17	18	19	20	21	23	26	27	28	30	32	33	34	35	37	38	39	42	43	44	
0	2	5	6	7	8	10	11	12	14	15	16	17	19	20	21	22	25	26	27	28	30	31	33	35	36	37	39	41	42	43	
1	3	4	5	6	8	9	11	12	13	14	15	16	17	19	20	21	22	23	24	25	26	27	28	29	31	32	33	35	37	38	39	40	41	42	44	
0	1	2	3	4	5	6	7	8	9	10	13	14	15	16	17	18	19	20	21	23	25	26	27	28	29	30	31	32	33	34	35	36	37	38	41	42	
0	1	2	3	4	5	6	10	12	13	14	17	18	19	23	24	25	29	30	31	32	33	34	35	36	37	38	39	40	43	44	
1	2	3	5	6	7	8	9	10	11	13	14	16	17	18	19	20	21	23	24	25	26	28	29	31	32	34	35	36	37	38	39	40	41	42	43	44	
0	1	2	3	5	6	7	10	12	13	14	16	17	18	19	20	22	23	26	27	28	29	31	32	33	34	35	36	37	38	40	41	43	
0	1	2	3	4	5	6	8	9	10	11	12	13	17	18	19	20	21	22	23	24	25	26	28	30	31	32	33	35	36	37	38	39	41	42	43	44	
0	1	2	4	5	7	8	9	11	13	14	15	18	19	20	22	23	24	27	28	31	32	33	34	36	38	39	40	41	42	43	
0	1	2	3	6	7	8	10	11	13	14	15	16	17	19	20	23	24	25	27	29	30	31	33	34	35	36	37	38	39	42	43	44	
0	1	2	3	5	6	7	8	10	11	12	13	14	15	16	17	18	19	20	21	22	23	24	27	28	30	31	32	33	35	37	38	39	40	42	43	44	
0	1	2	3	4	6	7	8	9	10	12	16	17	18	19	21	22	25	26	27	28	29	30	31	33	34	35	36	38	39	41	42	44	
0	1	2	6	7	11	12	14	15	16	17	19	20	21	22	23	24	25	26	27	28	31	32	33	35	37	38	39	40	41	42	43	44	
1	2	3	4	6	7	8	11	13	14	15	17	18	19	22	23	24	25	26	29	30	31	32	33	34	36	38	39	40	41	42	44	
0	1	2	3	7	8	11	12	13	14	15	16	17	18	20	25	26	27	28	29	30	33	35	36	37	38	39	40	41	42	43	44	
0	2	3	4	5	6	7	9	10	11	13	14	16	18	19	20	24	25	27	28	29	30	32	34	35	36	37	38	39	42	44	
0	1	2	4	5	6	7	8	9	10	12	13	16	17	18	19	21	22	23	24	25	26	28	29	30	31	33	34	35	36	37	39	40	41	42	44	
0	2	3	4	5	6	7	8	9	12	13	14	15	16	17	19	20	24	25	26	27	28	31	32	33	35	36	37	38	40	41	42	44	
0	1	3	4	5	6	7	9	11	13	15	16	18	19	21	23	27	29	30	31	32	33	34	35	36	37	38	39	40	42	43	44	
0	1	2	3	4	5	6	7	8	9	11	12	14	15	16	17	18	19	20	22	23	24	25	28	29	30	31	32	33	34	35	37	38	41	42	43	44	
0	1	2	3	4	5	6	7	9	10	11	12	13	14	15	16	19	20	21	22	23	24	26	30	31	32	33	35	36	37	38	39	41	44	
0	1	2	5	6	7	8	10	12	14	15	16	18	19	20	21	22	23	24	26	27	28	29	30	32	33	34	35	36	37	38	39	40	41	42	43	44	
1	3	4	5	7	8	9	10	11	12	13	14	15	17	19	20	21	22	23	24	25	26	27	28	29	30	31	32	33	35	37	38	39	40	41	43	44	
0	1	2	3	8	9	10	12	13	14	15	16	17	18	19	20	21	22	23	24	26	27	29	31	32	33	36	37	38	39	41	42	44	
0	1	4	5	6	7	8	9	10	11	12	13	15	17	20	21	22	24	25	26	27	28	29	30	31	33	34	35	36	37	38	39	40	41	42	43	44	
0	1	2	4	5	6	7	8	9	10	12	13	14	15	18	22	23	24	25	26	27	28	29	30	31	33	34	35	36	37	38	39	40	42	
0	2	3	4	5	6	7	9	11	12	13	14	15	17	18	20	21	22	23	24	25	26	27	29	30	34	35	36	38	39	40	41	
0	1	4	5	6	8	9	10	11	12	13	14	16	18	19	21	22	23	24	27	28	29	30	31	32	33	34	37	38	39	40	41	42	44	
0	2	3	4	5	6	9	10	11	12	13	14	15	16	17	19	20	21	22	23	24	28	29	30	32	33	35	36	37	38	39	41	44	
1	2	3	5	8	9	11	12	15	16	17	18	20	21	22	24	26	28	29	30	32	33	34	35	37	38	40	41	42	43	44	
0	2	4	6	7	8	9	10	12	16	17	18	19	20	21	22	23	24	25	26	27	30	31	32	34	35	36	38	39	40	41	43	44	
0	1	2	3	5	7	8	9	10	12	13	14	19	20	21	22	23	24	25	26	27	29	30	31	34	35	36	37	38	39	42	
0	1	3	4	5	7	11	12	13	14	16	17	18	19	20	21	22	23	24	26	27	28	29	31	32	33	34	36	37	38	39	40	42	43	44	
0	3	6	7	9	10	11	12	13	14	15	16	17	18	19	20	21	23	24	25	26	27	29	30	31	33	35	38	39	40	41	43	44	
0	1	2	4	6	7	8	9	11	12	13	14	16	17	18	19	20	22	23	24	25	26	27	28	29	32	33	34	35	36	38	39	40	42	44	
0	1	2	4	6	7	10	13	15	16	17	18	19	20	21	22	23	24	28	29	30	32	33	34	35	36	37	38	39	40	42	43	44	
0	2	3	4	5	7	8	9	11	12	13	15	16	17	18	19	20	21	22	23	24	25	28	29	31	32	33	35	37	38	39	40	41	42	43	
1	3	5	6	7	8	9	11	13	16	17	18	19	20	21	22	23	24	25	26	27	28	29	31	32	33	34	37	39	40	42	43	44	
1	2	3	4	5	6	8	9	10	12	13	14	16	17	18	19	20	21	22	24	25	26	28	30	33	34	36	37	38	40	42	43	
0	1	2	3	4	5	6	7	8	9	12	13	14	15	16	17	18	20	21	22	25	28	29	30	31	33	34	35	36	38	39	40	41	42	43	44	
0	1	2	3	5	6	7	8	9	10	12	13	14	16	17	18	19	20	23	24	25	26	27	28	29	30	31	33	34	35	36	37	38	41	42	43	44	
0	1	2	3	5	6	7	9	10	11	12	13	14	15	16	18	19	21	22	23	24	25	30	31	33	34	35	36	37	38	39	40	41	43	44	
1	2	3	4	5	7	8	9	10	11	12	13	14	15	19	20	23	24	25	26	27	28	29	30	32	34	37	38	39	40	41	42	43	44	
0	1	2	3	4	6	7	8	12	13	15	16	17	23	24	25	26	27	28	29	31	32	33	34	35	36	37	38	41	42	43	44	
0	1	3	4	5	6	8	9	10	11	12	15	16	17	18	19	20	21	26	27	28	29	31	32	33	35	36	37	38	42	43	44	
0	1	2	3	4	6	7	8	10	11	12	13	14	15	17	18	19	20	21	23	24	25	27	29	31	32	34	35	37	38	39	40	41	42	44	
0	1	2	3	5	6	7	8	9	10	12	13	14	16	20	21	22	23	24	25	26	28	30	31	33	35	36	37	39	41	42	43	44	
0	1	4	6	7	8	9	10	11	12	13	14	16	18	19	23	24	25	26	27	29	31	32	34	36	38	39	40	41	43	44	
2	3	5	6	7	8	9	10	13	15	16	17	18	19	20	21	22	23	24	25	26	27	28	32	34	35	37	38	39	40	42	43	44	
0	1	2	4	5	6	7	8	9	11	12	13	17	18	19	21	22	24	26	28	29	32	34	35	37	38	39	40	41	43	44	
0	1	2	3	5	6	7	8	9	10	11	13	14	15	16	17	18	19	20	21	22	23	24	26	27	28	29	31	32	33	34	35	36	37	39	40	43	
0	1	2	3	4	5	6	13	14	15	16	17	19	20	21	22	23	24	25	26	28	29	31	32	33	35	37	38	39	40	41	42	43	
0	1	4	5	7	8	9	10	11	12	14	16	18	19	20	22	23	24	26	27	28	29	30	31	32	33	34	35	36	37	38	39	40	41	42	43	44	
0	1	2	3	5	6	7	8	10	11	12	14	15	16	18	19	20	22	26	28	29	30	31	32	33	34	35	36	37	38	40	41	42	43	
0	1	2	3	4	5	6	7	10	11	12	13	14	15	16	19	20	21	22	23	24	25	26	27	28	30	31	32	34	35	36	37	39	40	41	43	44	
0	1	2	3	4	5	6	7	10	11	12	13	14	18	20	21	23	25	26	28	29	31	32	33	34	36	37	38	39	40	41	42	43	44	
0	1	2	3	4	5	6	7	8	9	10	11	12	13	14	15	16	17	19	20	21	23	27	31	32	33	34	35	36	38	39	40	41	42	44	
0	1	3	4	5	7	9	12	13	14	15	16	17	18	19	20	21	22	25	26	27	29	30	32	33	35	37	38	40	41	42	43	44	
1	2	3	4	5	7	8	11	12	13	14	15	16	17	18	19	22	23	24	25	26	28	29	32	35	36	38	39	42	43	44	
0	1	2	3	4	5	6	8	9	10	11	12	13	14	16	17	19	20	21	22	25	26	27	28	29	30	33	34	35	36	37	38	40	41	42	43	44	
0	2	3	4	5	6	8	9	10	11	12	15	16	17	18	19	20	22	23	24	25	26	27	28	29	31	32	33	35	36	37	38	39	40	42	43	44	
0	1	2	3	5	6	9	10	11	12	13	16	17	18	19	20	21	23	24	25	26	28	29	30	31	32	35	36	37	38	40	41	42	43	44	
0	1	2	3	4	5	7	13	14	15	17	18	20	21	22	23	24	25	27	28	29	30	32	33	34	35	36	37	39	40	43	
2	5	6	7	8	9	11	12	13	14	15	16	17	18	19	20	23	24	25	27	28	29	32	33	34	35	37	38	39	40	42	43	44	
1	3	6	8	9	10	11	13	14	16	17	18	20	21	22	23	25	26	27	28	29	31	32	33	35	36	38	40	41	42	44	
0	1	2	3	4	5	6	7	8	10	11	12	13	17	18	19	21	22	23	24	25	26	28	29	30	31	32	33	34	36	37	39	40	41	43	44	
0	2	3	7	8	9	10	11	12	13	14	15	16	17	18	19	20	21	24	25	26	28	29	30	31	32	33	34	36	37	38	39	40	41	42	43	44	
0	1	2	3	4	6	7	8	9	11	12	13	14	15	16	17	19	20	21	22	23	24	27	28	29	32	34	35	36	37	38	42	43	44	
0	1	3	5	7	8	10	12	14	16	17	18	20	21	22	23	24	25	27	28	29	30	32	35	36	37	38	39	42	43	44	
0	1	2	3	4	5	6	7	8	9	11	12	14	16	17	18	19	21	22	23	24	25	27	31	32	33	34	35	41	42	43	44	
2	4	5	6	9	10	11	12	13	14	15	16	18	19	21	22	23	24	27	28	29	31	32	33	34	35	37	39	40	41	42	43	
2	3	4	5	6	7	8	10	11	14	15	17	20	21	22	23	24	26	27	28	29	30	31	32	33	34	35	36	37	39	40	41	43	44	
0	1	3	4	5	6	7	8	9	11	12	13	15	16	17	18	19	20	23	25	26	28	29	31	32	33	34	35	36	37	38	39	40	41	42	43	44	
0	1	2	3	5	6	7	8	9	10	11	12	14	15	17	18	19	20	21	22	23	24	25	26	27	29	30	31	32	33	34	35	37	40	42	43	44	
0	1	2	4	5	6	7	9	11	12	13	14	15	16	17	18	19	20	21	22	23	24	25	27	28	29	31	32	33	35	36	38	39	40	41	44	
0	2	4	6	8	9	11	13	14	16	21	24	25	26	27	28	29	30	31	32	33	34	35	36	37	38	40	41	42	43	44	
0	4	5	6	7	8	9	10	11	12	13	14	16	17	18	19	20	21	22	26	27	29	30	31	32	33	34	35	36	37	38	40	41	42	43	44	
1	3	4	5	6	8	10	11	12	13	14	15	19	20	24	25	27	28	29	31	32	33	34	35	36	38	39	40	41	43	44	
0	1	2	3	4	5	6	7	8	9	11	13	14	15	16	17	18	19	20	21	22	26	27	29	30	32	33	35	36	37	38	39	40	41	42	43	
0	1	2	3	6	7	8	9	11	12	13	14	15	16	19	20	22	24	25	27	28	29	30	31	32	33	34	35	36	37	38	39	40	41	42	44	
1	3	4	6	7	8	9	11	12	13	14	15	16	17	20	21	22	24	25	26	29	30	31	32	35	36	37	38	39	40	41	42	43	44	
1	2	6	8	9	10	11	12	13	14	15	16	17	18	20	22	23	24	26	27	28	30	31	32	33	34	38	39	41	43	44	
0	1	2	3	4	5	7	8	9	10	11	12	13	14	16	17	20	21	23	24	26	27	28	31	33	35	36	39	40	41	42	43	44	
0	1	2	3	4	5	6	10	11	12	13	14	15	17	19	20	22	23	24	25	26	29	30	32	33	34	35	39	40	42	44	
1	3	4	5	6	7	8	9	10	11	12	13	14	15	16	18	20	21	22	24	26	27	29	30	31	32	33	34	35	36	38	40	41	42	
0	1	4	5	6	7	10	11	15	17	18	19	20	21	22	23	24	26	27	28	29	30	31	33	34	35	36	37	39	40	41	42	43	44	
1	2	4	5	6	8	9	10	11	13	14	15	17	18	19	20	21	23	24	25	26	27	28	33	34	35	36	37	39	40	42	43	44	
0	2	3	5	6	7	8	9	10	12	13	16	18	19	20	21	23	24	25	27	28	30	32	34	35	36	37	38	39	42	43	
0	1	2	3	4	5	7	9	11	13	14	15	16	18	19	20	22	24	25	26	28	30	31	32	33	34	35	36	38	40	41	42	43	44	
0	2	4	5	6	7	8	9	10	11	12	14	15	19	20	21	22	24	25	26	28	29	31	32	35	36	38	39	40	41	42	
0	1	2	3	4	5	6	7	9	10	11	13	14	15	16	17	18	19	20	21	22	23	24	25	27	28	29	30	32	33	35	37	38	39	42	44	
0	1	2	3	4	5	6	7	9	11	12	13	14	16	17	18	19	20	23	24	25	27	28	29	30	31	33	35	36	37	38	40	41	42	43	44	
0	1	2	3	5	6	8	9	12	13	14	15	16	18	19	21	22	23	24	25	26	27	29	30	31	33	35	36	38	39	41	42	44	
0	1	2	3	4	5	6	7	8	9	10	11	12	13	14	15	16	17	18	20	21	22	28	31	32	33	34	35	36	37	38	39	41	43	44	
0	1	2	5	6	7	8	9	10	11	12	13	17	18	19	20	21	23	25	26	27	28	29	30	34	35	36	37	39	40	41	42	44	
0	1	2	5	7	8	9	10	12	13	14	15	16	17	18	20	21	24	25	27	29	30	31	33	34	36	37	38	39	41	43	44	
1	2	3	4	5	6	7	8	9	11	13	14	15	19	20	21	22	23	24	25	26	28	29	31	32	34	36	38	39	40	41	42	43	44	
0	1	2	3	6	8	9	11	12	13	14	16	18	19	20	22	24	25	26	27	28	29	30	31	34	35	36	37	38	40	41	43	
1	2	3	4	5	6	7	8	10	11	12	13	15	16	18	19	20	22	23	24	25	26	28	29	30	31	32	33	34	35	37	38	39	40	41	42	44	
0	1	2	3	6	7	9	10	11	12	13	14	15	16	17	18	19	21	22	23	24	25	26	27	29	30	31	32	33	34	35	38	39	40	41	43	
0	1	2	3	4	6	7	10	11	12	13	14	15	17	18	19	20	21	22	24	28	29	30	32	36	37	38	40	41	42	43	
0	1	4	5	6	7	8	9	10	11	12	13	14	15	16	18	20	21	22	23	25	26	27	28	30	32	33	34	35	36	37	39	40	41	42	43	44	
0	1	4	5	6	7	9	12	13	14	15	16	19	20	21	23	24	25	26	27	29	31	32	33	34	35	36	37	38	39	40	41	43	44	
0	1	3	4	5	6	7	11	14	15	16	17	18	19	20	23	24	25	27	28	31	32	33	34	36	37	38	39	40	42	43	44	
0	2	5	6	7	8	9	10	11	13	14	15	16	17	19	20	22	25	26	27	28	29	31	32	33	34	35	37	38	39	42	43	
0	1	6	9	10	11	12	13	15	16	17	19	20	22	23	24	25	26	27	28	29	30	31	32	33	34	35	36	38	39	40	41	42	44	
0	1	3	4	5	6	7	8	9	12	13	14	16	17	18	19	21	22	23	26	27	28	29	30	31	33	34	35	36	37	38	39	40	41	42	43	
1	3	4	5	6	9	10	11	12	13	14	15	16	17	18	19	21	22	23	25	27	28	29	30	31	32	33	34	37	38	39	40	41	42	43	44	
0	1	3	4	6	7	8	9	10	11	12	14	15	16	17	18	19	21	22	23	24	25	26	27	28	30	31	32	33	34	35	36	38	39	40	43	44	
0	1	2	4	5	6	7	8	9	10	12	13	14	15	17	18	19	20	22	24	26	28	29	30	31	32	33	34	35	38	39	40	41	42	43	
1	2	3	4	5	6	8	9	11	13	14	15	16	17	18	19	22	23	24	25	26	27	28	29	30	31	33	34	35	36	38	39	40	41	42	43	44	
0	2	4	5	7	8	10	11	12	13	14	15	17	19	20	22	23	24	25	26	27	28	29	30	31	32	35	36	37	38	39	43	44	
0	1	2	3	5	8	9	11	12	13	14	15	16	17	18	23	25	26	27	28	31	32	35	36	37	38	39	41	42	43	44	
0	1	2	3	4	5	6	7	8	9	10	12	14	16	17	19	21	22	23	24	25	26	27	28	29	30	32	35	36	37	38	39	40	41	42	43	
1	2	3	4	5	6	7	8	9	10	11	12	13	14	18	19	20	21	22	23	24	25	26	27	30	31	32	33	34	36	38	39	40	42	43	44	
0	1	2	3	4	5	8	10	11	12	14	15	16	17	18	19	20	22	24	25	26	28	31	32	34	36	37	38	39	40	43	
0	1	3	5	6	7	8	10	11	13	15	16	17	18	19	22	23	24	25	26	27	28	29	31	33	34	35	36	37	38	39	40	41	42	43	
0	1	2	3	4	6	10	11	12	13	14	15	16	17	18	19	20	21	22	23	24	26	27	28	29	30	31	32	34	38	40	41	43	44	
0	1	2	6	7	8	9	10	11	12	13	14	15	16	17	18	19	21	23	24	25	26	27	28	29	30	32	33	34	35	36	37	38	39	41	42	44	
1	2	3	4	6	7	8	10	11	14	17	18	19	20	21	22	23	24	26	28	29	31	32	33	34	36	37	38	40	41	42	44	
0	1	2	3	4	5	6	7	8	10	11	12	13	14	15	16	17	18	19	22	23	24	25	26	27	29	30	31	32	34	35	36	38	39	41	42	44	
0	2	3	4	5	6	7	9	10	12	13	14	15	16	17	19	20	22	23	24	25	26	28	29	30	34	35	36	37	38	39	40	41	42	43	44	
0	3	4	5	6	7	8	9	11	14	15	16	17	18	19	21	23	25	27	28	29	31	33	34	35	36	37	38	39	40	41	42	43	44	
0	1	3	4	5	6	7	8	9	10	11	13	14	15	16	18	22	23	24	25	26	27	28	29	30	31	32	33	34	36	37	38	39	40	42	43	
0	2	3	5	6	7	8	9	10	12	13	14	15	16	18	19	20	21	22	23	24	25	26	27	28	29	30	31	32	33	34	35	37	42	44	
0	1	2	4	5	6	8	9	10	11	12	13	14	15	16	17	19	20	21	24	25	26	27	28	29	30	32	33	34	37	38	39	42	43	44	
0	1	2	3	4	5	8	9	10	12	13	14	16	18	19	22	24	25	26	27	28	30	31	32	34	35	36	38	39	41	42	44	
0	1	2	3	4	6	7	8	10	11	12	15	16	18	19	20	22	23	24	25	27	28	30	31	32	33	35	36	37	38	39	40	42	43	44	
0	2	3	4	7	8	9	10	11	12	13	14	15	16	17	19	20	21	23	24	26	27	28	29	30	31	32	34	35	36	37	38	40	42	43	44	
0	1	2	3	4	5	6	7	8	9	10	11	12	13	16	17	18	19	20	22	23	25	26	27	28	29	31	32	34	36	38	41	42	43	44	
0	1	2	3	4	5	6	9	10	11	12	13	14	16	17	19	20	21	24	25	26	27	28	30	31	32	33	35	37	38	40	41	
0	1	2	3	4	5	6	9	10	11	12	13	14	15	16	17	18	19	20	21	23	25	27	28	29	30	33	34	35	37	38	39	40	42	43	44	
0	1	2	3	4	5	10	14	15	16	17	18	19	20	21	23	25	27	28	29	30	31	32	34	35	36	38	39	40	43	44	
0	1	2	4	5	6	7	10	11	12	15	16	17	18	19	20	21	23	24	26	27	28	30	32	33	34	35	36	37	38	39	40	42	43	
0	2	4	5	6	7	8	9	10	12	13	15	16	17	18	20	21	22	23	26	27	28	29	30	31	32	33	34	36	38	39	40	41	42	43	
2	3	5	6	7	9	10	11	13	15	16	17	19	20	21	23	24	25	26	27	28	29	30	31	32	34	35	39	40	41	42	44	
0	1	2	4	5	6	7	8	9	10	11	13	15	16	17	19	20	21	22	23	24	27	28	29	31	32	33	34	35	36	37	38	40	42	44	
0	2	3	4	7	8	10	12	13	16	17	18	19	21	22	24	25	28	29	30	31	32	33	35	36	37	38	39	40	41	43	44	
1	2	3	5	6	8	9	10	11	12	14	15	17	19	20	21	22	25	26	27	28	29	31	34	36	37	38	39	42	43	44	
2	3	5	6	7	9	10	12	13	14	15	16	17	18	19	21	22	24	26	28	29	30	31	32	34	35	36	37	38	39	40	41	42	
1	2	3	6	8	9	10	12	13	14	15	16	17	18	20	21	22	23	24	26	28	29	30	31	32	33	34	35	36	37	38	41	42	43	
0	1	2	6	8	9	10	11	12	13	16	17	18	19	20	22	23	25	26	27	32	33	34	35	36	37	39	41	42	43	44	
3	4	5	6	8	10	11	12	16	17	18	19	23	25	26	27	28	29	30	31	33	34	35	36	37	38	40	41	42	43	44	
0	2	3	5	6	7	8	9	10	11	14	15	16	17	18	19	20	21	23	25	26	27	28	29	30	32	33	34	35	36	37	39	40	42	43	44	
0	1	2	4	5	6	7	9	10	11	12	13	15	17	19	20	21	22	23	24	25	26	27	29	30	31	32	34	36	37	38	39	40	42	43	44	
0	1	2	3	4	5	7	8	9	11	12	13	15	16	17	18	19	20	22	23	25	27	28	29	30	33	34	35	39	41	42	43	44	
0	1	2	3	5	6	9	10	13	15	16	17	18	19	20	22	23	24	25	26	27	28	29	30	31	32	33	34	36	37	38	39	40	43	44	
0	1	4	5	6	7	11	12	13	14	15	16	18	21	22	24	25	26	27	28	30	31	32	34	35	36	37	40	41	42	43	44	
1	2	4	6	7	8	9	10	11	12	13	14	15	16	18	19	20	22	24	30	31	32	33	34	36	37	39	40	41	43	44	
0	2	3	4	5	6	7	8	10	11	14	15	16	17	20	21	22	23	24	25	27	29	30	31	33	34	35	36	37	38	39	40	41	42	43	44	
0	1	2	3	4	5	6	9	12	13	14	15	16	17	19	21	23	24	25	27	28	29	30	32	33	34	35	36	37	38	39	40	41	42	43	44	
0	2	3	4	6	7	9	11	12	14	17	18	19	20	22	23	24	25	26	28	29	31	32	33	34	35	36	40	41	42	44	
1	2	3	4	5	7	9	10	11	12	13	14	15	18	19	21	22	23	24	25	26	28	29	32	33	34	35	36	38	39	40	41	42	43	44	
1	2	3	4	5	6	8	9	10	11	12	14	15	16	17	18	20	21	22	24	26	27	28	29	31	32	33	35	36	37	38	39	43	44	
0	1	2	4	5	7	10	11	12	13	15	16	17	18	19	20	21	23	24	25	26	29	30	31	33	34	37	38	40	41	42	43	44	
0	1	2	3	4	5	6	7	8	9	11	13	14	15	16	18	19	21	22	23	24	26	27	28	29	30	32	35	36	37	38	39	41	42	43	44	
0	1	3	4	5	8	9	10	11	12	14	15	16	18	19	20	22	23	24	25	27	28	29	30	33	34	36	39	41	42	43	44	
0	1	2	3	4	6	8	9	10	11	12	13	14	15	16	19	20	21	22	23	24	26	27	29	31	34	35	38	39	41	44	
0	2	4	5	6	7	8	9	13	14	15	16	17	18	19	21	22	25	26	27	29	31	32	33	34	35	38	39	40	41	42	44	
1	2	3	4	5	6	7	8	9	10	12	13	14	15	16	19	21	22	23	26	27	28	32	34	35	36	37	38	39	40	41	42	43	44	
1	2	3	4	5	6	7	8	9	10	11	12	14	15	16	17	18	19	22	23	25	29	31	32	33	34	35	36	38	40	43	
0	1	2	4	5	11	13	14	16	18	21	22	23	25	26	27	28	29	30	31	32	33	34	36	37	38	39	40	41	42	43	44	
0	2	3	4	5	6	7	8	9	10	14	17	19	20	21	22	24	25	26	27	28	29	30	31	32	33	34	36	37	38	40	42	43	44	
1	2	3	5	7	8	9	10	12	13	14	15	16	17	18	20	21	22	23	24	25	27	28	29	30	31	32	33	34	35	36	37	38	39	41	42	43	
0	1	2	3	5	6	7	8	10	11	12	13	15	16	17	18	19	20	23	24	25	26	27	29	30	31	32	33	36	37	39	42	43	
1	2	4	5	7	8	9	11	13	14	15	16	17	18	19	20	21	22	23	24	25	26	27	28	30	31	32	34	35	38	40	43	
0	1	2	4	5	6	7	8	9	10	11	12	14	15	16	17	20	21	22	23	24	25	26	29	30	34	35	36	38	39	40	41	42	44	
0	1	3	4	6	7	8	9	10	11	12	13	14	15	17	18	20	21	22	23	24	25	26	27	28	29	30	31	32	33	34	36	37	38	39	41	44	
0	1	2	3	4	5	6	7	8	9	10	11	13	14	15	17	18	20	21	22	25	26	27	29	30	31	33	35	36	37	39	40	41	43	44	
0	1	2	3	4	5	6	9	10	11	12	14	16	17	19	20	22	23	24	25	26	27	28	29	30	31	32	33	35	36	37	38	39	41	44	
0	1	2	4	5	6	7	8	9	10	12	13	14	15	16	17	18	19	20	21	22	23	24	26	27	28	30	32	33	34	35	37	39	40	43	44	
1	2	3	7	8	9	10	11	13	14	15	16	17	19	20	21	22	23	24	25	26	29	30	31	32	33	35	36	37	38	39	43	
0	1	2	3	4	5	6	7	8	11	14	16	17	18	20	21	22	23	25	26	28	29	30	31	32	33	34	35	36	38	41	42	43	44	
0	1	2	4	6	7	8	12	13	16	17	18	19	20	21	22	23	24	25	26	27	30	31	35	36	37	38	39	40	41	42	
0	2	3	4	5	7	8	10	11	12	13	14	15	16	19	20	21	23	24	25	26	28	29	30	31	32	33	34	35	36	37	39	40	41	42	43	
1	2	4	5	6	7	8	9	10	11	12	13	14	16	17	19	20	21	22	23	24	25	26	28	29	30	31	33	34	36	37	38	39	40	41	42	43	
0	1	2	4	7	8	9	10	11	12	13	14	15	16	19	21	22	23	24	26	27	28	29	30	33	35	36	38	39	41	42	43	44	
0	1	3	4	5	6	7	8	9	10	11	12	13	14	15	17	18	19	21	22	24	26	27	28	30	31	32	33	34	36	38	39	40	42	43	44	
0	4	5	6	9	10	11	13	14	15	16	17	18	19	20	21	22	24	25	28	29	30	31	32	33	34	36	38	39	40	42	43	
0	2	3	4	5	8	10	11	12	13	14	15	16	17	18	19	21	22	23	24	25	26	29	30	31	32	33	34	35	36	37	39	40	41	42	44	
1	2	3	4	5	6	8	9	10	12	13	15	16	17	19	20	21	24	25	26	27	28	29	30	32	33	34	35	38	39	40	41	42	43	44	
1	2	3	4	6	8	9	10	11	13	15	18	19	20	21	22	23	24	26	27	28	30	32	33	35	36	37	38	39	40	41	42	43	44	
0	1	5	6	9	11	12	15	16	18	19	20	22	23	24	26	27	29	30	31	32	33	34	36	38	39	40	41	42	43	44	
0	1	3	4	6	7	8	10	11	12	13	14	16	19	20	21	22	24	25	26	28	29	30	32	35	37	38	39	41	42	44	
0	1	2	3	5	6	7	8	10	11	12	13	14	16	19	20	22	23	24	25	26	28	29	30	31	32	34	35	36	37	38	40	41	42	43	44	
0	1	2	3	4	6	8	9	10	11	12	13	14	16	17	18	19	21	24	25	27	28	31	33	36	37	39	40	41	42	43	44	
0	1	3	4	6	7	9	10	11	12	14	15	16	17	18	19	20	21	22	23	24	25	26	27	28	29	30	32	34	35	36	37	39	41	42	43	44	
0	2	4	5	7	9	10	11	12	13	14	15	17	18	19	21	23	26	28	29	30	31	33	34	35	36	37	39	41	42	44	
0	1	2	3	4	8	9	10	11	12	13	14	15	16	17	18	19	20	22	23	25	27	28	29	30	31	32	34	36	37	39	40	41	42	44	
0	1	2	3	4	5	7	8	9	10	11	12	13	14	16	18	19	20	21	22	23	24	25	26	27	28	30	32	33	34	35	36	37	38	42	43	44	
0	2	3	4	5	7	9	10	12	13	15	17	20	21	22	23	24	25	26	27	28	29	31	32	34	36	37	38	39	40	41	44	
0	1	2	4	5	6	13	14	15	18	19	20	21	22	23	24	25	26	28	29	32	33	34	36	37	38	39	40	41	42	43	44	
0	1	2	3	4	6	7	8	9	10	13	14	17	19	20	21	22	25	27	28	29	30	31	32	33	34	36	38	39	42	43	44	
1	2	3	4	5	7	8	9	10	11	12	13	15	16	18	19	20	22	25	26	27	28	29	30	31	32	33	34	35	37	39	41	42	43	44	
0	1	3	5	6	7	8	9	10	11	12	13	14	15	16	17	19	20	21	23	24	25	26	27	28	30	34	36	37	38	39	40	41	42	43	
0	1	2	3	4	5	6	7	9	10	12	13	14	16	18	19	20	21	22	23	25	26	27	28	29	30	31	33	34	36	37	38	39	40	41	42	44	
1	2	3	4	5	7	10	12	13	14	15	16	18	20	21	22	23	24	25	26	27	28	30	32	33	34	35	36	37	38	39	40	42	43	44	
1	2	3	4	5	6	7	8	9	13	14	15	16	17	19	20	24	25	26	28	29	30	31	32	33	34	35	37	38	39	40	43	44	
0	3	5	6	7	9	10	11	12	13	14	16	17	18	19	20	21	22	23	24	25	26	27	28	30	31	32	33	34	36	37	39	41	43	44	
0	1	2	3	5	6	7	8	9	10	11	13	16	17	18	20	21	22	23	24	25	26	27	28	29	32	34	35	36	37	38	39	41	42	43	
0	1	3	5	6	7	9	10	11	13	14	15	16	17	18	19	20	21	23	24	27	28	29	30	32	33	36	37	38	39	40	41	42	43	44	
0	1	3	4	5	6	8	9	10	11	12	15	16	17	18	19	20	21	25	26	27	29	30	31	32	33	35	36	37	38	39	40	41	42	43	
0	1	2	3	4	5	8	9	10	12	13	14	16	17	19	21	22	23	24	26	27	28	29	31	32	33	34	36	38	39	40	43	44	
0	4	6	7	8	10	11	12	13	14	15	16	17	18	20	21	22	24	25	26	27	28	29	31	32	33	36	38	39	40	41	42	43	44	
0	2	4	5	6	7	8	9	11	12	13	14	15	17	20	21	22	24	25	26	27	28	29	30	31	32	34	36	37	38	39	40	41	42	43	44	
3	4	5	7	8	9	10	11	12	14	15	16	17	18	19	20	21	22	23	24	25	26	27	28	29	31	34	35	37	38	39	41	44	
0	1	2	3	4	5	6	7	8	9	10	11	13	14	15	16	17	18	19	22	24	26	27	28	29	30	31	32	35	36	37	38	39	41	43	
1	2	3	5	6	7	8	10	12	13	14	15	16	17	18	20	21	22	23	25	26	27	28	29	30	32	33	35	36	37	38	39	40	41	42	43	
1	2	4	5	6	7	8	9	10	12	13	14	16	17	18	20	22	24	26	27	28	29	31	32	34	35	36	37	38	39	40	43	44	
1	2	3	5	6	7	8	9	10	11	12	13	14	15	16	17	18	19	22	25	26	27	28	30	31	33	34	35	37	38	39	40	41	42	43	
0	1	3	4	5	7	8	10	11	12	13	14	15	16	17	19	20	21	22	24	25	26	27	28	29	30	31	33	35	38	39	41	43	44	
2	3	4	5	6	7	8	9	12	13	14	15	16	18	20	21	22	24	25	26	27	29	30	32	36	37	38	39	40	41	42	43	44	
0	3	4	5	6	7	8	9	11	12	15	18	19	20	21	22	23	26	27	28	29	31	32	33	34	35	36	37	38	39	40	41	43	
0	1	2	3	6	7	8	9	10	11	12	13	14	15	16	17	19	20	21	22	24	25	26	27	28	31	32	33	35	36	37	38	39	40	41	42	44	
1	3	4	5	6	7	8	9	10	12	13	14	15	17	19	20	21	22	23	25	26	27	28	30	31	33	34	35	36	37	39	40	42	43	44	
0	1	2	3	5	6	7	9	10	11	12	14	15	16	17	21	22	25	26	27	28	29	30	31	32	33	34	35	36	37	39	40	41	43	44	
1	2	3	4	5	6	7	8	12	15	16	17	19	20	23	24	25	26	27	28	29	30	33	34	36	37	38	39	41	42	44	
0	1	4	5	6	7	8	9	10	11	12	14	15	16	17	18	20	21	22	23	24	25	26	29	30	31	32	33	34	37	38	39	40	42	43	44	
0	1	2	3	4	5	6	7	8	9	10	13	14	16	18	20	21	24	25	26	27	28	29	30	31	33	36	37	39	41	42	43	44	
0	1	2	3	4	5	8	12	13	14	15	16	20	22	23	24	25	27	28	29	30	31	32	33	34	36	37	38	39	40	41	42	
1	2	4	5	7	8	9	10	12	13	14	17	18	19	21	22	23	24	25	26	27	28	29	32	33	34	35	36	37	38	39	40	41	
0	1	3	5	6	7	8	9	10	12	14	15	16	17	18	20	21	22	23	24	26	27	29	30	31	33	34	35	36	37	38	39	40	41	42	43	44	
0	1	2	3	4	6	7	8	9	10	12	13	14	15	16	19	21	22	23	24	25	27	28	30	31	32	33	35	36	38	39	40	42	44	
0	1	3	5	8	9	10	11	12	13	14	16	17	18	19	20	21	23	24	25	26	27	29	31	32	35	36	37	39	41	42	43	44	
0	1	4	5	7	9	10	11	12	13	14	15	16	17	18	19	20	22	23	24	25	26	27	28	29	30	34	35	36	37	39	40	41	42	43	44	
0	1	2	5	6	8	9	10	11	14	15	16	18	19	20	21	22	23	24	25	27	29	30	32	33	34	35	36	38	40	41	43	44	
0	1	2	3	4	5	6	7	8	10	16	17	19	20	21	22	24	25	26	27	28	30	31	32	33	34	35	36	37	38	39	40	41	42	43	44	
0	2	3	4	5	6	7	8	9	10	11	13	14	15	16	19	20	22	24	25	26	27	28	29	30	31	32	34	35	36	37	38	39	43	44	
0	1	2	3	5	6	7	8	10	11	13	14	15	16	18	19	21	22	23	24	25	26	28	29	33	34	35	37	38	40	41	42	43	44	
0	1	2	4	6	7	8	9	10	11	12	13	14	15	16	17	18	19	20	21	22	23	24	25	26	27	29	31	34	35	36	37	40	41	42	43	44	
0	2	3	4	5	6	7	9	10	12	13	15	17	19	22	23	24	26	27	28	29	30	32	33	34	36	38	40	42	43	44	
0	2	3	4	5	10	11	12	14	16	19	20	23	24	25	26	28	30	31	32	33	34	35	36	37	38	39	40	41	42	43	44	
0	2	5	6	7	8	9	10	12	13	14	15	16	18	19	20	21	22	23	24	25	26	27	28	29	30	33	35	36	37	38	39	40	41	42	44	
0	1	2	4	6	7	8	9	10	11	12	13	15	16	17	18	19	20	21	22	23	24	25	26	28	29	30	31	33	34	37	38	39	40	42	43	44	
0	1	2	4	5	6	7	8	9	11	13	15	16	17	18	19	21	22	23	24	25	26	27	28	29	30	31	32	33	34	37	39	40	41	43	44	
0	1	2	3	5	6	7	8	10	11	12	14	16	17	18	19	20	21	23	24	25	26	28	29	30	32	33	34	35	36	37	38	40	41	42	43	44	
0	2	3	4	5	6	7	9	10	11	12	13	14	16	18	19	20	21	22	24	25	27	29	30	31	32	33	35	36	38	40	41	43	44	
1	2	3	5	6	7	8	9	10	11	12	15	16	17	18	19	20	21	22	23	24	26	27	31	32	33	35	37	38	40	41	43	44	
0	1	2	3	4	6	7	8	9	10	11	15	18	19	21	23	24	25	27	28	29	30	31	34	35	36	37	38	39	40	41	42	43	44	
0	1	3	4	7	8	9	10	11	12	13	14	15	17	19	20	21	22	25	26	27	28	29	30	31	32	33	36	38	39	40	41	42	43	
0	1	2	3	4	5	6	7	10	11	12	13	14	15	16	17	19	20	22	23	26	27	29	30	31	32	33	34	35	37	39	40	41	42	43	
0	1	4	6	7	9	12	14	15	17	19	20	21	22	23	24	25	26	27	28	29	30	31	34	36	38	39	40	41	42	43	44	
0	2	3	4	5	6	7	8	9	11	12	13	14	15	16	17	20	23	24	25	26	27	29	30	31	32	33	34	35	36	37	38	39	41	42	43	44	
0	1	2	3	5	6	8	9	11	12	13	16	17	18	19	20	21	22	23	24	25	26	28	29	31	32	34	35	36	37	40	41	43	44	
0	1	2	3	4	6	7	8	9	12	13	15	16	18	19	20	21	22	23	24	25	27	29	30	31	32	33	34	35	37	38	39	40	42	43	44	
0	2	3	5	7	8	10	11	12	14	15	16	18	20	22	24	25	27	28	29	30	32	33	34	35	36	38	40	41	42	43	44	
0	4	5	6	7	8	9	10	12	13	14	16	17	18	21	22	23	24	25	26	27	29	30	32	34	35	37	38	41	42	43	44	
0	1	2	3	4	5	6	7	8	9	10	11	12	13	14	15	18	19	22	23	24	26	29	30	31	32	33	34	35	36	37	39	40	41	42	43	
1	3	4	5	7	8	9	10	11	12	13	14	15	16	17	18	19	20	25	27	28	31	32	33	34	36	38	39	40	41	44	
0	1	2	3	4	5	6	7	9	11	13	14	15	16	17	18	19	22	23	24	26	27	29	30	32	33	36	37	39	40	41	43	44	
0	1	2	4	6	7	8	9	10	11	12	13	14	17	18	19	21	22	23	24	27	28	30	31	32	34	35	36	38	39	41	
0	3	5	6	7	8	9	10	11	12	13	14	15	18	19	21	22	24	25	26	28	29	30	32	33	34	35	37	39	42	44	
0	1	4	5	6	7	8	9	10	11	12	13	14	16	18	19	20	21	22	23	25	26	30	32	33	34	36	37	38	39	40	42	43	44	
0	2	3	4	5	7	9	10	11	12	15	16	17	18	20	21	22	23	24	28	30	31	32	35	36	37	38	39	40	41	42	43	44	
3	4	5	6	7	8	9	10	11	12	13	14	17	18	19	20	22	23	24	25	26	27	28	29	31	32	33	36	37	38	39	40	43	44	
0	1	3	4	5	7	8	9	10	11	12	13	14	15	16	17	19	20	21	22	23	24	25	26	27	29	30	31	33	34	35	37	38	40	42	44	
0	1	3	4	5	6	7	8	9	10	11	13	14	15	16	17	18	19	20	21	22	23	24	25	26	28	29	31	33	34	36	37	38	39	42	43	44	
0	1	2	4	5	6	8	9	10	11	13	15	16	17	18	19	21	22	23	24	25	26	27	28	29	30	32	33	35	36	37	39	40	41	42	43	
1	3	4	7	8	9	11	12	15	16	17	18	19	20	21	22	23	24	26	27	29	31	32	33	34	35	37	38	39	41	42	43	44	
0	1	2	4	5	6	7	10	11	12	14	15	16	17	18	19	20	21	22	23	24	25	27	29	30	32	33	35	37	38	39	40	42	
0	1	2	3	5	6	8	9	11	12	14	15	16	17	19	20	21	22	23	24	25	26	27	28	29	30	31	32	34	35	36	37	38	40	41	42	43	
0	1	2	4	5	8	9	10	11	13	15	19	21	22	23	24	25	26	28	29	30	31	32	33	34	35	36	37	38	40	41	42	43	44	
0	1	4	5	6	7	9	10	11	12	13	14	15	17	18	19	20	21	23	24	25	26	28	30	31	34	36	37	38	39	41	42	
1	2	3	6	7	9	10	12	13	15	16	17	18	19	20	21	24	25	28	30	31	32	33	35	36	37	38	39	40	41	42	44	
0	1	2	3	4	5	6	7	8	9	11	15	17	18	20	21	25	27	30	31	32	33	34	35	36	37	38	39	40	42	43	
0	3	4	5	6	7	8	9	11	12	14	15	17	18	19	20	23	24	25	26	27	28	29	30	31	32	33	35	36	38	39	40	43	44	
0	1	3	4	5	6	7	8	9	10	11	13	14	16	17	18	19	20	22	28	31	32	33	34	35	37	38	39	41	42	43	44	
0	1	3	4	6	7	8	11	12	13	14	15	16	18	19	20	21	22	23	25	27	28	29	30	31	32	34	36	37	38	39	40	41	42	44	
1	3	5	7	8	10	11	12	13	15	17	18	19	20	21	22	23	24	25	26	27	29	30	31	32	34	36	37	38	39	40	41	42	43	44	
1	3	4	5	6	7	8	9	10	11	12	13	14	15	17	19	20	21	22	23	24	25	27	30	31	32	33	35	36	37	39	40	43	44	
1	2	3	4	5	6	7	8	9	10	13	14	15	16	17	18	19	20	21	22	23	25	26	27	28	29	30	31	33	34	35	37	38	39	40	42	43	
0	2	3	5	6	7	8	10	11	12	13	14	15	16	17	18	19	20	22	23	26	27	28	29	30	31	32	34	35	36	37	38	40	41	43	44	
0	4	5	6	7	8	9	10	11	12	14	15	16	17	20	21	22	23	24	26	27	28	29	31	32	33	34	35	38	40	41	43	44	
0	1	2	3	4	5	6	7	8	9	10	11	12	15	16	17	18	19	23	24	25	26	27	28	29	31	32	34	36	39	41	42	
0	2	3	6	7	9	10	12	13	14	15	16	17	18	19	20	22	23	24	25	27	28	29	31	32	33	34	35	36	37	38	40	42	43	44	
0	1	4	5	6	7	8	9	10	11	12	13	15	16	18	19	20	21	23	24	25	26	27	29	30	31	32	33	34	37	38	39	40	41	42	43	44	
1	2	3	4	5	6	7	8	10	11	14	15	16	17	18	19	20	22	23	24	25	26	27	29	30	31	32	34	35	36	38	42	44	
0	1	2	3	4	5	7	8	10	12	14	16	17	18	19	20	21	22	23	25	26	28	29	30	31	32	33	34	36	37	38	39	41	43	44	
0	1	3	4	5	6	8	9	10	12	13	15	16	19	20	22	25	26	28	29	30	31	32	34	35	36	38	39	40	42	43	
0	1	3	4	5	7	8	10	12	13	14	15	16	17	19	20	21	22	23	24	27	28	32	33	34	35	36	37	38	39	40	41	42	43	
0	1	2	3	4	6	7	8	9	10	11	12	13	14	16	17	18	20	21	22	23	24	27	29	30	31	32	35	36	37	38	39	40	41	42	43	44	
0	1	2	3	5	6	8	9	10	11	13	14	15	16	17	18	19	21	22	23	24	25	27	28	30	33	35	36	37	41	42	43	44	
1	2	3	4	5	6	7	8	10	11	12	14	15	16	17	19	20	21	22	23	25	27	28	29	30	31	32	33	35	36	37	38	39	40	41	43	
0	4	5	6	7	8	10	12	13	14	15	16	17	18	19	20	21	22	23	24	26	27	28	30	31	32	33	34	35	36	39	41	42	43	44	
0	2	3	4	5	7	8	9	10	11	13	14	15	16	17	18	19	20	22	24	25	28	29	31	32	33	36	37	38	39	40	41	42	43	44	
1	2	3	4	6	7	8	9	10	11	12	13	14	15	16	18	19	20	22	23	24	25	26	27	28	30	31	32	33	34	35	36	38	40	41	42	44	
2	3	6	7	8	9	10	11	12	13	15	16	17	18	20	21	22	23	24	25	26	28	29	31	32	33	34	35	36	38	39	40	41	42	44	
0	1	2	3	4	5	6	8	10	11	12	13	14	15	17	18	19	20	21	22	24	25	26	29	30	31	32	33	34	35	36	37	39	41	42	43	
0	1	2	3	4	5	6	7	8	9	10	11	12	17	18	19	20	22	24	26	28	29	30	31	33	34	36	37	40	41	42	44	
0	1	2	3	6	7	9	11	12	13	14	15	16	17	19	20	21	22	23	24	26	27	28	29	31	33	34	35	36	38	39	41	42	
0	1	2	3	4	5	6	7	8	9	10	11	12	14	15	17	18	20	21	22	23	25	27	28	29	30	31	32	33	34	36	37	40	42	43	44	
0	1	2	3	5	6	7	9	10	11	12	14	15	16	17	18	19	20	22	23	25	27	28	31	32	33	34	35	36	37	38	39	42	43	44	
2	3	4	6	7	8	9	10	11	12	13	14	15	16	17	18	21	22	23	24	27	28	30	31	32	33	34	35	36	37	38	40	41	42	44	
0	1	2	3	4	5	6	7	8	9	10	12	13	14	16	17	19	21	22	23	24	26	27	30	31	32	33	34	35	36	37	38	39	41	42	44	
0	2	3	4	5	6	8	10	11	12	15	16	17	19	20	21	23	24	26	27	28	29	30	32	34	38	39	40	41	42	43	44	
1	3	5	6	7	8	10	13	15	18	20	21	23	24	25	26	28	30	31	32	33	34	35	37	38	39	40	41	42	43	44	
1	2	3	4	5	6	7	8	9	10	12	14	15	16	17	18	20	21	23	25	26	27	28	29	30	31	33	34	36	37	38	39	40	42	43	44	
0	1	2	3	4	7	9	10	11	13	14	15	16	17	18	19	23	24	27	28	29	30	31	32	33	34	35	36	40	42	43	44	
0	1	2	3	4	5	6	7	8	9	10	11	12	14	15	17	18	19	20	21	22	23	26	27	29	31	32	33	34	36	38	43	44	
1	3	4	5	6	7	10	11	12	13	15	16	17	18	19	20	21	23	24	25	26	27	28	31	32	33	34	35	36	37	38	39	40	41	43	44	
0	1	4	6	7	9	10	11	12	14	15	16	17	18	19	23	25	26	28	30	31	32	34	35	36	37	38	39	40	42	43	
0	1	2	3	5	6	9	10	12	13	15	16	17	18	20	21	25	26	27	28	29	30	31	32	33	34	37	38	39	40	41	43	44	
0	1	2	4	5	7	9	10	13	14	16	17	18	20	21	22	23	24	25	27	28	29	30	31	33	34	35	36	37	38	39	40	42	43	
0	1	2	4	6	8	9	10	12	13	15	16	17	18	20	21	22	23	25	26	28	29	30	31	32	33	34	35	36	37	38	39	40	41	42	43	
0	2	3	4	7	9	10	11	12	13	16	17	18	19	20	21	25	26	27	28	29	30	31	32	33	34	35	36	37	39	41	
0	1	3	4	5	6	7	8	10	11	12	14	15	16	17	18	19	21	23	25	26	27	28	30	31	32	36	38	39	40	41	
0	2	4	5	6	9	10	11	12	15	16	17	19	20	21	22	23	25	26	28	29	30	31	32	33	35	36	37	38	40	41	42	43	
0	2	4	5	8	9	10	12	13	14	15	16	17	18	19	22	24	25	26	27	28	30	31	32	34	35	36	38	39	41	43	
0	1	2	4	5	6	7	8	9	10	13	14	15	16	17	18	20	23	24	25	26	27	28	30	31	33	34	35	36	39	40	41	42	43	44	
1	2	5	6	7	8	11	14	15	16	17	18	19	20	21	22	23	24	25	27	28	29	30	31	32	33	34	35	36	39	40	41	42	43	44	
4	5	7	8	10	11	13	14	16	17	18	19	20	21	22	23	24	25	26	27	28	29	31	33	34	35	37	38	39	40	41	42	
0	1	2	4	7	8	9	10	12	13	14	16	17	18	19	20	21	22	23	24	25	26	27	28	29	30	31	32	34	35	37	38	40	41	44	
0	1	2	4	6	7	8	9	10	11	12	14	16	17	18	19	20	22	23	24	25	26	27	29	30	31	32	33	34	35	37	42	43	44	
1	2	3	4	5	6	7	8	9	11	13	14	15	16	17	19	21	22	23	24	25	26	27	30	31	35	36	37	38	40	41	43	
1	2	3	4	5	6	8	10	11	12	13	14	15	17	19	21	22	23	25	27	28	30	32	33	34	36	37	39	41	42	44	
0	1	3	5	6	7	8	9	10	11	13	15	16	17	19	21	23	24	25	26	27	28	29	31	32	34	35	38	39	40	41	42	
0	2	4	5	6	7	10	12	13	15	16	17	18	19	20	21	22	23	24	25	26	27	28	29	31	33	34	35	36	38	39	40	41	42	43	44	
1	2	3	4	5	6	7	8	9	11	12	13	14	15	16	17	18	19	20	22	23	26	27	28	29	30	33	34	35	37	38	39	42	43	44	
0	3	4	5	8	9	10	11	12	13	14	16	20	21	22	23	24	25	26	27	29	30	31	32	33	34	35	36	37	38	39	40	41	42	43	
0	2	4	5	6	7	8	9	10	11	12	14	15	16	17	18	19	20	21	22	23	24	26	27	31	32	33	34	36	39	40	41	42	43	44	
2	3	5	6	7	8	9	10	11	12	13	14	15	16	17	18	19	20	21	22	23	25	26	29	30	31	32	33	34	35	37	38	39	40	41	42	43	
0	1	3	4	5	6	7	8	9	11	13	15	16	17	18	19	20	21	22	24	25	27	30	32	34	35	36	38	40	41	42	43	44	
1	2	3	4	7	8	11	12	13	14	15	16	17	18	21	22	23	24	25	28	29	30	31	32	33	35	36	37	38	39	40	41	43	44	
0	1	2	3	4	5	6	7	8	9	10	11	12	13	15	16	17	18	21	22	24	26	27	28	29	30	32	34	35	36	37	38	39	40	42	43	44	
0	1	2	3	5	7	8	10	11	12	13	15	16	17	18	19	20	21	22	23	24	25	26	27	28	29	32	33	34	35	36	37	39	40	42	43	44	
0	1	2	3	4	6	7	8	9	10	11	13	14	15	16	17	19	20	21	22	24	25	26	27	28	30	31	32	33	37	41	43	
1	2	4	5	7	8	9	11	13	14	15	16	18	19	20	23	24	25	26	27	28	31	32	34	36	37	38	39	42	43	44	
2	3	5	7	8	10	11	12	13	14	15	16	19	21	22	23	25	26	27	28	29	30	31	32	33	34	35	36	37	38	40	41	42	44	
0	1	3	5	6	7	8	9	10	11	12	13	14	15	17	19	20	21	22	23	25	26	27	28	29	31	32	33	34	35	37	38	39	41	44	
0	1	4	5	6	7	8	9	10	11	15	18	21	22	25	26	27	28	29	30	31	33	34	37	38	39	40	41	42	43	44	
0	1	2	4	5	6	7	8	10	11	12	13	15	17	18	19	20	21	23	25	27	28	29	30	31	32	33	34	35	37	38	39	40	41	42	43	44	
1	3	4	5	7	8	9	10	12	14	15	16	17	18	19	22	24	25	26	28	29	30	31	32	33	35	37	38	39	40	41	42	43	44	
0	1	2	3	4	5	6	7	8	9	10	11	13	14	15	18	19	21	22	23	24	25	27	28	29	30	31	32	34	35	36	39	42	43	
0	1	2	4	5	6	7	8	9	11	12	13	15	17	18	19	20	21	24	26	27	28	29	34	35	36	38	40	41	42	43	44	
0	1	2	3	5	6	7	9	10	11	12	13	14	16	17	18	19	20	21	22	26	27	28	29	30	31	32	34	35	37	38	39	41	42	43	44	
0	1	3	5	7	8	9	10	12	14	15	16	17	18	19	21	22	23	24	27	28	29	30	31	33	34	35	36	37	38	39	40	41	42	43	44	
0	1	3	4	5	6	7	9	10	11	12	13	14	15	16	17	18	19	23	25	26	27	29	30	31	32	33	34	35	36	39	40	41	43	44	
0	1	2	3	4	5	7	8	9	12	13	14	15	16	18	19	20	21	22	23	24	26	27	29	30	31	32	33	34	37	38	39	40	42	43	44	
0	1	2	4	6	7	8	9	12	13	15	16	17	20	21	23	24	25	27	28	29	30	31	32	33	34	35	36	38	40	41	42	43	44	
2	3	4	6	8	9	10	11	12	13	14	15	16	17	18	19	20	22	24	25	27	28	30	31	33	34	35	36	38	39	40	41	43	44	
2	4	5	7	8	9	10	12	16	19	20	21	22	23	26	27	28	29	30	31	33	34	35	36	37	38	39	40	41	43	44	
0	1	2	4	5	7	10	11	12	14	16	18	19	20	21	22	23	24	25	29	30	31	32	33	34	35	36	37	39	43	44	
0	1	3	4	5	6	7	8	9	11	13	14	15	16	17	18	20	22	24	26	27	29	30	31	32	33	34	35	36	37	39	40	41	42	43	
0	1	2	4	5	6	7	8	10	11	14	15	17	18	19	20	21	22	25	26	27	28	29	32	33	34	36	37	38	39	41	42	43	
0	1	3	4	6	7	9	10	12	13	14	15	18	19	21	22	24	26	27	28	30	31	32	34	36	38	39	41	42	43	44	
0	1	2	3	4	5	6	7	9	10	11	12	13	14	15	18	20	22	23	25	26	27	29	30	33	34	35	36	37	39	41	42	43	
3	5	6	7	8	9	11	12	13	14	15	16	18	19	21	22	23	24	25	26	27	28	29	30	31	32	33	34	36	37	38	39	40	41	42	44	
0	1	2	3	4	5	6	7	8	10	11	12	13	14	15	16	17	18	19	21	23	25	27	28	29	30	31	32	33	36	37	41	42	43	44	
1	2	3	4	5	6	7	8	12	13	15	16	17	18	19	20	21	22	23	25	27	31	32	33	35	36	37	40	41	42	43	44	
0	1	2	3	5	6	8	9	10	11	12	13	15	17	18	21	22	23	24	26	27	28	29	30	32	33	34	35	37	38	39	40	42	44	
0	1	2	3	4	5	6	7	8	10	11	12	13	15	16	17	18	19	21	24	25	26	27	29	31	33	34	36	37	38	39	40	42	
1	2	5	6	7	8	10	11	12	14	15	16	17	18	20	22	23	24	25	26	27	28	29	30	31	32	35	36	37	40	42	43	44	
0	1	2	4	5	6	7	8	9	10	11	12	13	14	15	16	18	19	22	23	24	25	26	27	28	29	30	31	32	34	35	36	37	38	40	41	42	
0	1	2	4	7	8	9	10	11	12	13	14	15	16	17	18	20	21	22	23	24	25	26	27	29	30	31	32	34	35	36	37	38	41	42	43	44	
0	1	2	3	4	5	6	8	9	12	13	14	15	18	19	21	25	26	28	29	30	31	32	33	34	35	36	37	42	43	44	
0	1	5	6	8	9	10	11	13	14	16	18	19	20	21	22	23	24	26	27	28	29	30	33	35	38	39	41	42	43	44	
0	1	2	3	4	5	6	7	8	9	11	12	13	14	16	19	20	21	22	23	24	25	26	27	28	29	31	32	33	34	36	40	41	43	44	
1	2	3	4	6	7	8	9	10	11	12	13	14	16	17	18	19	20	21	22	23	24	27	28	30	32	33	34	36	37	38	39	40	41	43	44	
0	1	3	4	5	6	7	8	11	12	14	16	17	18	21	22	23	24	27	28	29	30	32	33	34	35	37	38	39	43	44	
0	4	5	6	7	8	9	10	12	13	14	17	18	20	21	23	24	25	27	28	29	30	32	33	36	37	38	39	41	42	43	44	
0	1	2	4	5	6	7	8	9	10	11	12	13	14	15	17	19	21	22	24	25	26	28	29	30	31	32	33	34	35	39	42	43	44	
0	1	2	3	5	7	8	9	12	13	14	15	16	19	20	22	24	25	26	27	28	29	30	33	35	36	38	39	41	42	44	
0	2	3	4	5	6	7	8	9	10	12	14	19	20	23	24	26	27	28	29	30	31	32	33	34	35	36	37	41	42	43	
0	4	6	8	10	12	13	14	16	18	20	21	22	23	24	25	26	27	29	31	32	33	34	35	36	37	38	39	40	41	43	44	
0	1	3	4	5	12	13	14	15	16	17	18	19	20	21	23	24	26	27	28	31	32	33	34	36	38	39	41	42	43	44	
0	2	5	7	8	9	10	11	12	13	16	17	19	20	21	22	23	24	25	26	27	28	29	30	31	34	35	36	38	39	40	41	43	44	
1	3	5	6	7	9	11	12	13	15	16	18	19	20	21	22	23	25	26	27	28	29	30	31	32	34	35	36	37	39	43	
0	1	3	4	5	6	7	8	9	10	11	12	13	14	15	16	17	18	21	22	23	24	25	26	27	28	32	33	34	35	37	38	41	42	43	
0	2	5	6	7	8	9	11	13	14	16	18	20	22	23	24	25	26	27	28	29	30	31	32	33	34	37	38	40	41	42	43	
0	1	2	3	4	5	8	9	10	11	12	13	14	15	17	19	20	21	23	24	26	27	28	29	31	32	34	35	37	38	40	41	42	44	
0	1	2	3	4	5	6	8	11	13	14	16	17	18	19	20	21	22	23	24	26	27	28	29	31	32	33	34	35	36	37	38	39	41	42	43	
0	1	2	3	4	5	6	8	9	10	11	12	13	16	17	18	19	21	23	25	26	27	28	30	32	33	35	36	37	38	40	42	43	
0	1	4	5	6	7	8	9	10	11	12	13	14	15	16	17	18	19	20	21	22	23	24	25	26	27	31	33	36	37	38	39	40	41	42	43	44	
0	1	3	5	6	7	8	11	12	13	14	16	17	19	20	21	22	23	24	25	27	28	31	34	35	36	37	38	40	41	42	44	
0	1	6	8	10	11	12	14	16	17	18	19	20	21	22	24	25	26	27	28	29	30	31	34	36	37	38	39	41	42	43	
0	3	4	5	8	9	11	13	14	15	16	17	18	19	20	21	22	24	27	28	29	30	31	32	33	34	35	36	37	38	39	40	41	43	44	
0	1	2	3	5	6	8	10	11	12	13	15	16	18	19	22	23	24	25	27	28	29	31	33	34	35	36	37	38	40	41	42	43	44	
0	2	3	4	5	6	7	8	10	11	12	13	14	15	16	17	19	20	21	24	25	26	27	28	31	32	33	34	35	36	37	38	39	41	42	43	44	
0	1	2	3	5	7	8	9	10	11	14	15	16	19	20	21	23	24	25	26	27	28	29	30	31	32	34	35	37	38	42	43	
0	2	3	4	5	6	7	8	10	13	14	16	17	18	20	24	25	26	28	29	31	32	33	35	36	37	38	39	40	41	43	44	
1	2	4	5	8	9	10	11	12	13	14	15	17	19	21	22	23	24	25	26	27	29	30	33	34	35	36	37	38	39	40	41	43	44	
0	1	2	4	6	7	8	9	10	11	12	14	16	17	19	20	22	23	26	28	31	32	33	34	35	36	37	38	39	40	42	43	44	
0	1	2	3	4	6	8	9	13	14	16	17	18	19	20	23	24	25	31	32	33	34	35	36	37	38	39	40	42	43	44	
0	1	2	3	4	6	8	9	10	12	13	17	18	19	20	21	22	23	25	26	27	29	30	31	33	34	38	39	41	42	43	44	
0	1	3	5	6	7	8	9	10	11	13	14	15	16	17	18	19	20	21	24	25	26	27	29	30	35	36	37	39	40	41	42	43	44	
0	3	4	6	8	10	11	12	13	14	15	16	17	18	21	25	26	28	29	30	31	32	33	34	35	36	37	38	39	40	42	43	
0	1	2	3	4	5	7	8	9	11	12	15	16	17	18	19	20	21	23	25	26	28	29	30	31	33	34	36	37	38	40	43	44	
0	1	2	5	6	8	9	10	11	13	14	15	17	18	19	20	21	24	25	26	28	30	31	32	33	34	35	37	39	40	41	42	43	44	
0	1	3	4	6	7	8	9	11	12	14	15	18	21	22	23	25	26	27	28	31	32	34	35	36	37	39	40	41	42	43	
0	2	3	4	5	6	7	9	13	14	15	16	19	20	21	23	24	25	27	28	29	32	33	34	35	36	37	38	39	42	43	44	
0	1	2	3	4	5	6	7	9	10	11	12	13	14	15	16	17	18	21	23	24	25	26	29	30	32	33	34	36	38	42	43	44	
0	1	2	3	4	5	6	8	9	10	11	12	14	15	16	17	18	19	21	22	23	25	26	30	31	34	38	39	40	41	43	44	
0	1	2	4	5	6	7	8	9	10	11	12	13	14	15	16	17	19	21	22	23	24	25	27	28	29	31	32	33	34	35	36	39	41	43	44	
0	1	3	4	5	6	8	9	10	11	12	13	14	15	16	17	18	19	20	21	22	23	24	25	28	30	31	33	34	35	36	37	39	40	42	43	44	
0	1	2	3	5	6	9	10	12	14	15	16	17	19	20	23	24	25	27	28	29	30	31	32	34	37	38	39	41	43	44	
0	1	3	5	6	7	8	10	11	13	14	15	16	17	18	19	20	21	23	24	25	26	27	28	30	31	33	34	35	37	38	39	41	42	43	44	
0	1	2	3	5	6	7	10	11	14	15	16	17	20	21	22	23	24	25	27	28	30	33	34	35	36	37	39	41	42	44	
1	3	4	5	6	7	9	10	11	12	14	15	17	18	20	21	22	24	25	26	27	28	29	30	31	32	33	34	35	36	37	39	40	41	42	43	44	
1	3	4	6	7	8	9	10	11	12	14	15	16	17	18	19	22	23	24	25	26	27	29	30	31	32	33	37	38	39	42	43	
0	1	2	3	4	5	6	8	9	10	11	13	14	15	16	17	18	20	22	23	24	25	26	27	29	32	33	36	37	38	39	40	42	43	
0	2	3	4	5	7	9	11	12	13	14	17	19	20	21	23	25	26	27	29	30	32	33	34	35	37	38	40	41	42	43	44	
0	1	2	3	5	6	8	9	11	13	14	16	17	19	21	22	23	24	25	26	27	28	29	31	32	36	37	38	40	42	43	44	
0	2	3	4	5	6	7	9	10	12	14	15	17	18	20	21	22	23	24	26	30	33	34	35	36	37	38	39	41	42	43	44	
1	2	3	4	5	6	7	9	10	11	12	13	15	16	18	21	22	23	24	25	26	29	31	32	33	34	35	37	41	42	43	44	
0	2	3	5	6	7	8	9	11	15	16	17	18	19	20	21	22	23	24	25	26	27	30	32	33	34	35	36	37	38	39	40	44	
0	1	2	3	5	6	8	10	11	13	14	16	19	22	23	24	26	27	29	30	31	33	34	35	36	37	38	40	41	42	44	
0	1	2	4	5	7	8	9	10	11	13	14	15	16	17	20	21	22	23	24	25	27	28	29	30	31	32	33	34	36	37	38	40	41	42	43	44	
0	2	3	4	5	6	7	8	9	10	13	15	17	20	21	22	23	24	25	26	27	28	29	30	31	33	34	35	36	37	38	39	40	41	42	44	
1	2	3	4	5	6	7	8	10	11	12	14	15	16	17	18	19	20	23	26	27	28	29	30	31	33	34	36	39	40	41	44	
0	1	2	3	5	6	7	8	9	10	11	14	15	16	17	18	19	20	21	22	24	26	27	28	30	31	32	34	35	36	37	40	41	42	43	44	
0	1	2	3	4	5	7	8	9	11	12	13	14	15	16	19	20	21	22	23	27	28	30	32	33	35	36	37	39	41	42	43	44	
0	1	2	3	4	5	6	7	8	9	10	11	13	15	16	17	18	19	20	21	23	24	25	26	28	30	31	32	33	34	39	41	44	
0	1	2	3	4	5	7	10	11	12	14	15	16	17	18	19	22	23	24	25	26	27	28	30	31	32	33	34	35	36	37	38	39	40	42	43	44	
0	1	2	3	4	5	6	7	9	13	14	15	18	19	21	23	24	25	26	27	28	29	30	31	34	35	36	37	38	40	41	44	
0	1	2	3	4	5	6	7	8	9	11	12	13	14	15	16	18	19	22	24	25	26	28	29	30	34	35	37	38	39	40	43	44	
0	1	2	3	5	7	8	9	10	11	13	14	15	16	17	20	21	22	23	24	25	26	27	28	30	31	32	33	34	35	36	37	38	40	43	
0	1	2	3	4	7	8	9	10	11	12	13	14	16	18	19	20	21	22	23	24	25	26	27	29	30	31	32	34	35	37	38	39	40	42	44	
0	1	3	5	7	9	11	13	14	16	17	19	20	21	22	25	26	27	28	29	30	31	33	34	35	36	39	40	41	42	43	44	
0	3	6	7	8	9	10	11	13	14	15	16	18	20	22	23	24	25	26	27	28	29	30	31	32	33	34	35	36	37	38	39	40	41	43	
0	1	4	6	7	9	10	11	12	13	14	15	17	18	19	20	22	23	25	26	28	30	31	33	34	36	37	38	39	41	42	43	
0	2	4	5	6	7	11	12	13	14	16	17	18	19	20	21	22	26	28	30	31	33	34	35	37	38	39	40	41	42	43	44	
0	2	3	4	5	6	7	8	9	10	15	16	17	19	20	21	22	25	26	27	28	29	30	31	32	34	35	39	40	41	43	
0	2	5	7	8	9	10	11	12	13	14	15	17	18	19	20	21	22	23	24	25	26	27	28	29	30	31	33	34	36	37	39	40	41	43	
1	4	5	6	8	9	11	12	13	14	15	16	18	19	20	21	22	23	24	25	26	27	29	30	31	32	34	35	36	37	39	40	42	43	44	
0	1	3	4	5	6	7	8	9	10	12	13	15	16	19	20	21	22	24	27	28	29	32	33	34	35	36	37	40	41	42	43	44	
0	1	3	4	8	10	11	12	14	15	17	18	19	20	21	22	23	24	26	27	28	29	30	31	32	33	34	35	36	37	39	40	42	43	44	
0	1	2	3	4	5	6	8	9	10	11	13	14	15	16	17	18	19	21	23	24	25	26	29	30	31	32	33	37	38	40	41	42	43	44	
0	2	4	5	6	7	8	10	12	15	16	18	19	20	21	22	24	25	27	29	30	31	32	33	34	37	38	39	40	42	43	44	
0	2	3	4	5	9	10	11	12	13	17	19	20	21	22	23	24	25	27	28	29	30	32	33	34	35	37	39	40	41	42	43	44	
0	3	4	5	7	8	9	10	11	12	13	14	15	16	17	18	19	20	21	22	23	24	25	26	28	29	31	32	34	35	36	38	39	41	43	44	
0	1	2	3	4	5	6	7	9	11	12	13	14	15	16	17	18	20	23	24	25	26	28	29	30	33	34	36	37	39	40	41	44	
0	1	2	3	6	7	8	9	10	13	16	18	19	21	22	23	24	25	26	28	29	30	31	32	34	35	36	38	39	41	42	44	
0	1	2	4	5	6	8	10	12	13	14	15	17	18	19	20	21	22	23	25	26	27	28	29	30	31	32	33	34	36	38	39	41	42	43	44	
0	5	6	7	8	9	10	11	12	13	15	16	17	18	19	20	21	23	25	26	28	30	31	32	34	37	38	40	41	42	43	44	
0	1	2	3	4	6	7	9	10	11	13	14	15	16	17	18	19	20	21	23	24	25	27	28	29	31	32	33	36	37	38	39	40	41	42	43	44	
0	2	3	5	6	8	9	10	11	12	13	14	15	16	17	18	19	22	24	25	27	28	29	30	31	32	33	35	36	37	38	39	40	41	42	
0	2	3	4	6	8	9	10	11	13	15	16	17	18	21	23	24	25	26	27	28	29	30	31	32	33	36	37	38	39	40	41	42	43	
0	1	4	5	7	8	9	10	12	14	15	16	18	19	20	22	23	24	25	26	27	28	29	32	33	34	35	36	39	40	42	43	
1	2	3	5	6	7	8	9	10	11	12	13	14	15	17	18	19	20	23	24	25	26	28	31	32	35	36	37	39	40	41	42	
0	1	2	4	5	6	9	10	11	13	15	17	18	19	21	22	23	24	25	26	27	29	30	31	32	34	36	37	38	39	40	41	42	43	44	
0	1	2	3	4	5	6	8	9	10	11	14	15	16	17	18	20	21	22	23	24	26	28	30	31	33	34	35	36	37	38	39	42	43	44	
2	3	4	7	8	9	11	12	13	14	15	16	17	18	19	20	22	24	25	28	29	30	32	33	35	36	39	40	41	42	43	44	
0	1	2	4	5	8	9	10	12	13	15	17	18	19	20	21	22	23	24	26	27	29	30	33	34	35	39	40	42	43	44	
0	2	4	5	6	7	8	9	10	11	12	13	15	16	17	19	20	21	23	24	25	26	27	28	30	31	32	33	34	35	37	38	39	40	42	44	
0	1	6	7	8	9	10	12	14	15	16	17	19	20	21	22	23	25	26	27	28	31	32	33	35	36	38	39	40	41	42	43	44	
3	4	5	6	7	8	9	10	11	12	13	14	17	18	19	20	23	24	25	26	27	28	30	31	32	33	34	35	36	37	38	39	40	41	42	43	44	
0	1	2	3	7	8	9	10	12	13	14	15	16	17	18	19	21	22	24	25	26	28	30	31	32	34	36	37	39	40	44	
1	2	3	4	5	6	7	9	10	12	13	14	15	16	17	18	20	21	23	25	28	29	30	32	33	34	36	38	39	40	41	42	44	
0	1	2	3	4	5	6	7	12	13	14	15	16	17	18	20	22	23	25	26	28	29	30	31	32	33	34	36	38	40	41	42	43	
2	3	4	6	7	8	9	10	11	12	13	14	15	16	18	19	20	21	22	27	29	31	35	36	37	38	39	40	42	43	44	
0	1	2	3	4	6	7	9	10	11	12	13	14	15	16	18	19	20	21	24	26	27	28	29	30	31	34	35	36	38	39	40	41	43	
0	1	2	3	5	6	8	9	10	11	12	13	15	16	18	22	25	27	28	29	30	33	34	35	36	37	38	39	41	42	43	44	
0	1	2	4	5	6	7	8	9	14	15	16	17	18	20	21	22	23	24	25	28	29	30	31	32	34	35	36	37	39	40	41	42	43	44	
0	2	3	5	6	9	10	11	12	14	15	16	17	18	19	21	22	23	25	26	27	29	31	32	34	36	38	39	40	41	42	44	
0	1	2	4	7	8	9	10	11	12	13	14	15	16	18	19	20	21	22	23	24	25	26	27	28	29	30	31	32	33	35	37	38	39	41	42	44	
0	1	3	5	7	8	9	10	11	12	13	14	15	16	18	19	22	23	26	27	28	29	30	31	32	34	35	36	38	39	40	41	43	44	
1	2	3	4	5	6	7	8	9	10	11	12	13	17	18	20	21	22	23	24	25	27	28	29	30	31	32	33	34	35	36	38	40	41	42	43	44	
0	1	2	3	4	5	6	7	8	9	10	11	12	15	17	19	21	22	24	27	28	29	30	31	32	33	34	35	36	37	38	39	40	41	42	
1	2	4	5	8	9	10	11	12	15	16	19	20	21	22	23	24	25	26	28	30	31	32	33	35	37	39	40	41	42	43	44	
0	1	2	3	4	5	7	8	10	15	16	17	19	20	21	22	24	25	28	29	30	32	33	35	36	37	38	41	42	43	44	
0	1	2	3	4	6	7	9	10	11	12	13	14	15	16	17	18	19	20	21	22	23	25	26	27	28	29	30	31	33	36	38	39	40	41	43	44	
0	1	3	5	6	7	9	10	11	12	13	14	15	16	18	19	20	23	24	25	28	30	31	32	33	35	37	38	40	41	42	43	44	
1	3	4	5	6	7	8	9	10	12	14	15	16	17	18	19	20	21	22	24	26	27	28	29	31	32	33	34	35	36	37	38	39	40	41	43	44	
0	1	2	3	4	6	8	9	11	12	13	14	15	16	17	18	19	20	23	24	25	28	31	33	34	35	36	37	40	41	42	43	44	
0	1	2	3	4	5	6	8	9	10	11	13	15	16	17	18	20	21	22	23	24	27	28	29	30	31	32	33	35	36	37	38	39	40	41	42	43	
0	1	2	3	4	5	6	9	10	13	14	16	17	18	19	21	22	24	25	29	32	33	34	35	36	38	39	41	42	43	44	
0	1	2	3	4	7	8	9	10	11	12	13	14	15	16	18	19	22	23	24	26	27	28	30	33	34	35	36	37	38	39	40	41	42	43	44	
2	3	4	5	6	7	8	9	10	11	12	13	14	15	16	18	21	22	23	24	25	26	27	28	29	31	34	35	36	37	39	40	42	43	44	
0	1	2	3	4	5	7	8	9	10	11	12	13	14	15	16	17	18	19	22	23	25	26	28	29	31	33	34	35	36	37	38	39	40	41	42	44	
2	3	4	5	6	7	8	9	10	11	12	13	14	15	17	18	19	20	21	22	23	24	29	30	31	32	34	35	36	37	38	39	40	44	
0	2	4	6	7	8	9	10	11	12	13	16	17	19	21	22	23	24	25	28	29	30	31	32	34	35	37	40	41	42	44	
0	1	2	3	4	5	8	10	12	13	14	15	16	17	18	19	20	23	24	25	26	27	28	30	31	32	33	34	35	36	37	38	40	41	42	43	44	
1	2	3	6	8	10	11	14	17	18	19	20	21	22	23	24	25	26	27	28	29	30	31	32	33	36	37	38	39	40	41	42	43	44	
0	1	2	4	5	6	7	8	9	10	12	14	15	17	18	19	21	22	23	24	25	26	27	28	30	31	32	33	34	36	37	38	39	40	41	43	44	
0	1	2	4	5	9	10	11	12	13	14	15	16	17	18	19	20	21	22	24	25	26	28	30	31	32	33	34	35	36	39	40	41	43	44	
1	2	3	4	5	7	8	9	10	11	13	14	15	16	17	18	19	21	22	23	24	26	27	28	29	30	33	34	35	36	37	38	39	40	41	43	44	
0	1	2	3	5	6	8	9	10	11	12	15	17	18	19	20	21	22	23	26	27	28	30	31	32	33	34	35	36	38	39	40	41	42	43	
0	1	2	3	4	5	6	8	9	10	11	12	14	15	16	17	18	19	20	22	24	26	28	30	31	33	35	36	38	39	40	42	43	44	
0	2	3	4	5	6	7	8	9	10	12	13	15	16	17	18	19	21	22	24	25	26	28	29	31	33	34	35	36	37	38	40	41	42	43	
2	3	5	6	8	9	10	12	13	14	16	17	18	19	20	22	23	24	25	26	27	28	29	30	32	34	35	36	37	38	39	40	41	42	43	44	
0	1	2	3	4	7	9	10	11	12	13	14	15	17	18	19	21	22	23	24	26	27	28	29	30	31	32	33	34	35	36	37	38	41	42	43	44	
1	2	3	5	6	7	8	9	10	11	12	13	14	15	16	17	19	20	21	22	24	26	27	28	29	30	32	33	35	36	37	38	39	41	44	
2	4	5	6	7	8	9	11	12	13	14	15	17	19	22	23	24	25	27	28	29	30	31	32	33	34	35	37	38	40	41	42	43	44	
0	1	2	3	4	5	6	7	8	9	10	11	12	14	15	17	18	20	21	22	23	24	26	27	29	30	34	36	38	40	41	42	43	
1	2	3	4	7	8	9	11	12	13	15	17	18	19	20	21	22	24	25	27	28	29	30	31	33	34	35	37	39	41	42	44	
0	1	2	3	4	5	6	7	9	10	11	13	14	15	16	17	18	20	21	24	25	26	27	29	31	33	34	36	37	38	39	40	41	42	43	
0	1	2	3	5	6	7	9	10	12	14	15	17	18	19	20	21	22	23	24	25	26	27	28	29	30	31	32	33	34	36	38	39	40	41	43	44	
0	1	2	5	7	8	9	10	12	13	14	15	16	17	18	19	20	21	22	23	24	25	26	28	29	30	31	34	35	36	37	38	40	41	42	43	44	
1	3	6	7	8	9	10	11	13	14	16	17	18	19	20	21	22	23	24	25	26	27	28	29	30	32	33	35	36	37	38	39	40	41	42	43	44	
0	1	2	3	4	5	6	7	8	9	11	13	14	15	16	17	19	20	21	22	23	24	25	26	28	30	31	33	34	35	36	37	39	41	43	44	
0	1	2	3	5	6	7	8	9	10	11	13	15	16	17	18	19	20	21	22	23	24	26	27	28	29	30	31	33	35	36	39	40	42	43	44	
1	6	8	11	12	14	16	17	19	20	21	22	23	24	25	26	27	28	29	30	32	33	34	35	36	37	38	40	41	42	43	44	
0	2	3	4	5	6	7	9	10	11	12	13	14	15	17	18	19	21	23	24	25	26	27	28	32	33	35	36	37	38	39	40	41	42	43	44	
0	1	2	3	4	5	6	8	12	13	14	15	16	17	18	19	20	21	22	23	24	25	26	28	30	31	33	34	35	37	38	39	40	41	42	43	44	
0	1	4	5	6	8	9	11	12	13	16	19	20	21	22	23	25	26	27	29	30	31	32	33	34	35	37	38	39	40	41	44	
1	2	3	6	10	11	12	13	15	16	17	18	19	21	22	23	24	25	27	28	29	31	32	34	35	36	37	38	41	42	43	44	
0	3	4	5	6	10	11	12	13	14	16	19	21	22	23	24	25	28	29	30	31	34	35	36	37	38	39	40	41	42	43	44	
1	2	3	5	6	7	8	9	10	12	13	14	16	17	18	19	21	22	23	25	26	27	29	30	31	32	33	36	37	38	39	41	42	43	44	
4	6	8	10	11	12	13	15	17	18	20	21	22	23	24	25	26	27	28	29	30	31	32	33	34	35	36	37	38	40	41	43	44	
0	1	2	3	4	5	6	7	9	10	12	13	14	19	20	21	22	23	24	25	26	27	32	33	34	35	36	38	40	41	43	
0	1	2	3	5	6	7	8	9	10	14	15	16	17	18	19	22	25	26	27	28	29	30	31	32	37	38	39	40	41	44	
0	1	2	3	4	5	6	7	9	10	11	13	14	15	19	20	21	22	23	24	25	26	28	30	31	33	35	36	37	38	39	40	41	42	43	44	
0	2	3	4	5	6	7	9	10	12	13	14	16	17	19	20	21	22	24	26	27	28	30	31	32	33	34	35	36	37	38	39	40	41	43	44	
0	1	2	3	5	6	7	9	10	11	12	14	15	16	17	19	20	21	22	25	26	27	28	29	30	31	33	34	35	36	38	40	41	42	44	
0	1	2	3	5	6	7	9	13	14	15	18	19	21	22	23	24	25	26	27	28	29	32	33	34	35	36	37	38	39	41	42	43	44	
0	1	2	4	6	7	8	10	13	14	16	17	18	19	20	22	23	24	25	26	27	28	29	30	31	32	33	34	35	36	37	38	39	40	41	42	44	
0	1	2	3	4	5	6	9	10	11	12	13	14	16	18	19	20	21	22	23	24	26	27	28	30	31	32	33	34	36	38	39	40	42	43	44	
0	2	3	4	6	7	9	10	11	12	13	15	16	17	18	19	20	21	23	24	26	27	29	32	33	34	35	36	37	38	39	40	41	42	43	44	
1	2	3	4	5	6	7	8	10	11	13	14	15	16	17	18	20	21	22	23	25	26	27	28	29	30	31	32	33	35	36	37	38	39	42	43	44	
2	4	5	7	8	9	10	11	12	13	14	16	18	19	20	22	24	25	28	29	30	32	33	34	35	36	37	38	39	40	41	43	
0	1	3	4	6	7	8	9	10	11	12	13	14	15	16	17	18	19	22	23	24	25	26	27	28	29	30	32	33	34	36	37	40	41	42	43	44	
0	1	2	4	6	8	9	10	12	13	14	16	17	18	19	20	21	22	23	24	25	26	30	32	33	34	35	36	40	41	42	43	44	
0	1	2	4	5	6	7	8	9	10	11	14	17	18	19	23	24	25	26	28	29	31	34	35	36	37	40	41	42	43	44	
0	1	2	3	4	5	6	7	8	9	10	11	15	16	18	19	20	21	23	24	26	27	28	29	30	31	32	33	34	35	36	37	39	40	41	43	44	
0	2	3	4	5	6	7	8	9	10	11	12	13	14	15	17	18	22	23	24	25	27	29	30	32	33	34	36	39	40	41	42	43	
0	1	3	6	7	8	12	13	14	15	16	17	18	19	20	22	23	25	27	28	30	31	34	35	36	37	38	39	40	41	43	44	
0	1	3	4	5	6	7	8	9	10	11	12	13	14	15	16	18	19	20	21	22	23	25	28	29	30	31	33	34	37	38	40	42	43	44	
0	1	3	4	5	6	7	8	9	11	12	13	14	16	17	19	20	23	24	25	26	27	32	33	35	36	38	40	42	43	44	
0	1	4	5	6	7	8	9	10	14	15	16	17	18	20	22	23	25	26	27	29	31	32	33	35	36	37	38	39	40	41	42	43	44	
0	1	2	3	4	6	7	8	9	10	11	13	15	16	17	18	19	20	21	22	23	24	25	26	28	29	31	32	34	35	36	37	38	39	40	43	44	
0	1	3	4	6	7	10	12	13	14	18	19	20	21	22	23	24	25	26	27	28	31	32	33	34	35	37	38	39	40	42	44	
0	1	2	4	5	6	7	8	10	11	12	13	14	19	20	21	22	23	24	25	27	28	29	30	31	32	34	35	36	37	39	42	43	44	
0	1	2	6	7	8	9	10	11	12	13	15	16	19	20	21	22	24	26	29	30	32	33	35	37	38	39	40	41	42	43	44	
0	1	3	4	6	8	9	11	12	13	15	16	17	18	19	20	21	22	23	24	25	26	27	28	29	31	33	35	36	37	38	39	40	41	43	44	
0	1	2	3	4	5	7	9	10	11	12	13	14	16	17	18	19	23	24	26	27	28	29	30	31	32	33	34	36	37	38	39	40	41	42	43	44	
0	1	2	3	5	6	7	10	13	14	15	16	17	18	19	20	21	22	26	29	30	31	32	35	36	38	39	40	41	42	43	44	
0	1	3	4	5	6	7	8	9	11	13	14	16	17	19	20	21	22	23	24	25	26	27	28	29	32	33	35	36	37	39	40	41	42	43	44	
1	2	3	4	6	7	8	10	11	12	13	14	15	16	17	19	20	24	25	26	27	28	29	30	31	32	33	34	35	36	37	38	40	41	42	43	44	
1	2	3	4	5	6	7	8	9	12	13	14	15	16	17	18	20	21	24	28	29	30	31	32	34	35	37	41	42	43	44	
0	1	4	5	6	7	9	11	12	15	16	17	18	19	20	21	22	23	25	27	28	30	31	32	34	35	36	37	39	41	42	43	44	
0	2	3	4	5	6	7	8	9	11	13	14	15	17	18	19	21	24	25	28	29	30	31	32	33	34	36	37	40	41	42	44	
0	2	3	4	6	7	9	10	11	13	14	15	16	17	18	20	21	22	24	25	26	29	30	31	33	34	35	36	37	39	40	41	42	43	
0	1	3	4	6	7	8	9	10	11	12	13	14	15	16	20	21	23	24	25	27	28	29	30	32	33	34	36	37	38	40	41	42	43	44	
1	2	3	5	7	8	9	10	12	13	14	15	16	17	18	19	20	21	22	23	24	27	28	29	30	31	34	38	39	43	44	
0	1	2	3	4	6	7	8	9	11	13	14	16	17	18	19	20	21	22	23	24	25	26	28	30	31	32	33	34	35	37	38	39	40	42	43	44	
0	1	3	4	5	8	9	11	12	14	15	16	17	18	19	20	21	24	25	26	28	29	31	33	35	36	37	39	40	41	42	43	44	
0	2	3	5	7	8	9	10	11	12	15	16	17	18	19	21	22	23	25	26	27	28	29	30	32	33	34	35	36	37	38	40	41	42	43	
0	1	2	3	4	6	7	8	9	10	11	13	14	15	17	18	19	22	24	25	27	28	29	30	31	32	33	35	36	37	38	39	40	42	43	
0	2	5	6	7	8	11	12	13	14	15	17	18	19	20	22	23	27	28	30	32	33	34	35	36	37	38	39	40	42	43	44	
2	3	5	6	8	10	13	14	15	16	17	19	20	21	22	23	25	26	27	28	29	30	32	34	36	37	38	40	41	42	43	
0	1	2	4	5	6	7	9	11	13	14	15	16	17	18	19	20	22	23	25	26	27	28	29	30	31	33	34	38	39	41	42	43	44	
0	2	3	4	5	7	9	10	11	12	13	15	16	17	18	22	23	25	26	27	28	29	30	33	34	35	36	38	39	41	42	43	44	
0	1	2	6	7	8	9	10	13	14	15	16	18	19	20	21	22	23	24	27	28	29	30	31	33	36	37	38	39	40	42	43	44	
0	2	3	4	5	6	7	8	9	10	11	12	13	14	15	17	18	20	22	23	24	27	28	29	30	34	35	36	38	40	42	43	44	
1	4	5	6	7	8	9	10	11	12	14	15	16	17	18	19	22	23	25	26	27	28	29	30	31	32	34	35	36	39	40	41	42	44	
0	1	2	3	5	7	8	9	10	12	14	15	16	18	20	22	23	25	26	27	29	30	31	32	33	34	36	37	40	41	42	44	
1	5	6	7	8	9	10	12	13	14	16	17	18	19	20	23	24	25	26	28	29	30	31	32	33	34	35	40	42	43	44	
0	2	3	4	5	6	7	8	9	10	12	14	17	18	20	21	22	23	24	25	26	27	28	29	31	32	34	35	36	37	39	40	41	42	43	
0	1	2	4	5	7	8	10	11	13	14	15	16	17	19	20	21	22	23	27	28	29	30	31	32	36	37	38	39	40	42	43	44	
0	2	3	4	5	6	7	9	11	13	15	16	17	18	19	21	22	23	24	26	27	28	29	30	31	32	33	34	35	36	37	38	42	43	44	
1	2	3	4	5	6	7	8	10	12	13	15	16	17	18	19	20	21	23	24	26	28	29	30	31	34	35	36	40	41	42	43	44	
0	1	3	4	5	7	8	9	10	12	13	15	17	18	19	20	21	22	23	24	26	27	29	30	31	32	33	34	35	37	38	41	42	43	44	
0	1	2	3	4	5	7	8	9	10	12	13	14	16	17	18	19	20	24	25	26	27	29	31	32	33	35	36	37	39	40	41	42	43	44	
0	1	2	3	4	6	7	8	9	12	13	14	16	17	19	20	21	22	24	25	26	27	28	29	30	31	32	34	35	37	38	39	40	41	42	43	44	
0	1	3	5	7	8	9	10	12	13	14	16	18	19	20	22	23	25	26	27	28	29	30	31	32	33	34	35	36	37	38	39	40	41	43	
0	2	3	4	5	6	7	10	12	14	16	17	19	20	21	22	23	25	26	27	29	30	31	33	34	35	36	37	39	41	43	44	
0	2	3	4	5	6	7	8	10	11	13	14	15	16	18	19	20	22	23	24	25	27	28	29	33	34	35	36	38	39	41	43	44	
1	2	3	4	5	6	8	9	10	11	12	14	15	16	18	19	20	24	25	26	29	30	31	32	33	35	37	38	39	40	41	42	43	
0	1	2	4	5	6	7	8	9	10	11	12	15	16	17	18	19	20	21	22	23	25	26	27	28	29	30	31	33	34	36	37	38	39	40	41	42	
0	1	2	3	4	5	6	8	9	10	12	13	14	15	16	18	20	22	24	25	27	30	31	33	34	36	37	38	39	40	41	43	44	
0	1	2	3	4	5	7	8	9	10	12	13	14	16	17	19	20	21	22	23	24	25	27	28	29	30	33	34	35	36	37	40	42	43	44	
0	2	3	4	5	6	7	9	10	11	12	14	15	16	18	19	20	21	24	25	26	27	28	29	30	31	32	33	35	36	37	39	41	42	43	44	
0	2	3	4	5	6	8	10	11	12	13	14	15	17	19	20	21	23	24	25	26	27	28	29	30	31	32	33	34	35	36	38	39	40	41	42	44	
0	1	2	3	4	5	6	7	8	9	10	12	13	14	15	17	19	20	21	22	24	25	26	27	30	31	32	33	36	37	38	39	41	42	43	
0	1	2	4	6	7	8	9	10	11	13	14	15	16	17	18	20	22	23	24	25	26	28	29	31	32	33	37	38	40	41	42	43	44	
0	1	2	3	4	6	7	10	11	13	14	16	17	18	19	20	21	22	23	24	25	27	30	31	32	33	34	35	36	37	38	40	41	42	43	44	
0	1	3	4	5	6	7	8	9	10	11	13	15	16	17	18	20	21	22	23	24	25	26	28	29	30	31	35	36	38	39	40	41	42	43	44	
0	2	4	5	6	7	8	9	10	11	12	13	14	15	16	17	18	19	20	21	22	23	25	27	28	29	31	33	34	36	37	38	40	42	43	
0	2	3	4	5	6	7	10	12	15	16	17	18	19	20	23	25	26	27	28	29	30	31	32	33	34	35	36	37	38	39	40	42	43	
1	2	3	4	5	7	8	10	11	12	13	14	15	16	17	18	19	20	21	22	24	28	29	30	31	33	35	36	37	38	39	41	42	43	44	
2	3	4	5	7	8	9	12	14	15	17	18	19	20	21	22	23	24	25	27	28	29	31	32	33	34	35	37	39	40	41	42	43	44	
0	1	2	3	5	6	7	8	9	10	11	12	13	14	15	16	17	20	21	23	24	27	28	29	30	31	32	33	34	35	36	37	38	39	40	42	44	
0	1	2	3	4	5	6	7	8	10	11	12	13	16	17	18	19	20	22	24	26	27	28	29	30	31	32	33	34	35	36	37	39	40	41	42	44	
0	1	2	4	5	6	7	8	9	10	12	13	15	16	17	20	21	22	23	24	25	26	27	28	30	31	32	33	34	35	37	38	39	41	42	43	44	
1	2	4	5	7	8	9	10	11	15	16	18	19	21	22	23	24	25	26	27	28	30	31	32	33	34	35	37	39	40	43	44	
1	2	4	5	7	8	9	10	11	12	13	14	15	16	17	18	19	20	21	23	24	25	26	27	28	29	31	33	34	35	37	38	39	41	42	43	44	
0	1	2	3	4	5	6	8	9	11	12	13	14	15	16	17	18	20	21	22	23	24	25	27	30	31	32	33	34	35	38	39	41	42	44	
0	1	3	5	6	7	8	9	12	13	15	17	19	20	21	23	24	25	26	28	29	31	32	33	34	35	36	38	39	40	41	43	
0	1	2	3	4	5	6	7	8	9	11	12	13	14	16	17	18	19	20	22	23	24	26	27	28	29	30	31	32	34	35	38	39	40	44	
1	2	3	4	6	7	8	9	10	11	12	13	14	16	17	19	21	22	25	26	27	28	30	32	33	34	35	36	39	40	42	43	44	
0	4	5	6	7	8	9	10	11	13	15	16	17	18	19	20	21	24	25	26	27	28	29	31	32	33	34	35	36	37	38	39	40	42	43	44	
0	1	4	5	6	8	9	10	11	12	13	14	16	17	18	21	23	26	27	28	30	31	32	33	34	36	37	38	39	40	41	
0	1	3	4	5	6	8	9	10	11	12	13	17	18	19	20	21	22	23	24	25	26	27	28	30	31	35	36	38	39	41	42	43	44	
1	2	4	5	7	8	9	10	13	14	15	17	18	20	21	25	26	27	28	29	30	31	33	35	36	37	38	39	40	42	43	44	
1	5	7	8	9	10	11	13	14	15	16	18	19	20	21	22	24	25	26	27	28	29	30	31	33	34	36	38	39	41	44	
0	1	2	5	8	9	10	11	13	14	15	16	17	18	20	21	22	23	24	25	26	27	28	29	32	34	35	36	38	39	40	41	42	43	44	
0	1	2	3	5	6	7	8	9	12	14	17	18	19	20	21	23	24	25	26	28	29	30	31	32	35	36	38	41	42	43	44	
0	1	2	4	5	6	7	8	9	11	12	13	14	15	16	17	18	19	20	21	23	24	27	28	30	31	32	33	34	36	37	38	40	41	44	
0	1	2	3	4	5	7	8	9	11	13	14	15	19	20	21	22	23	25	26	29	31	33	34	35	36	37	39	40	41	42	
0	2	6	8	10	11	12	13	14	15	16	17	18	19	20	21	22	23	24	25	26	27	28	29	30	31	32	33	34	37	38	39	40	41	42	43	44	
0	1	3	7	9	11	12	13	14	15	17	18	20	21	23	25	27	28	29	30	31	32	33	34	36	37	38	39	40	42	43	
2	5	6	7	8	9	10	11	12	13	14	15	16	19	21	22	24	25	27	28	29	31	32	33	34	35	39	41	42	43	44	
0	1	2	3	5	6	8	9	10	11	12	13	14	15	16	18	19	20	22	23	24	25	26	27	29	30	31	32	33	34	35	36	37	40	41	42	44	
0	1	2	3	5	7	8	9	11	12	13	15	16	17	18	19	21	22	23	26	27	28	29	30	33	35	36	37	38	39	40	41	43	
1	2	3	6	7	8	10	11	12	13	15	16	17	18	20	22	24	25	26	27	28	29	32	33	34	35	36	37	38	39	41	42	44	
0	2	6	7	8	9	11	12	13	15	16	17	18	19	20	21	23	24	25	26	27	28	30	31	32	33	34	35	36	37	38	41	
1	3	5	7	8	9	10	11	12	13	14	15	17	18	19	20	21	22	23	24	26	27	28	29	30	31	32	33	34	35	37	38	39	41	42	43	44	
0	1	5	7	10	11	12	14	15	16	17	19	20	22	23	24	27	28	29	30	31	32	33	34	35	36	37	38	39	40	41	43	
0	1	2	4	5	6	8	9	10	11	14	16	17	19	21	22	24	25	27	28	29	30	31	33	34	35	36	37	38	39	40	42	43	44	
1	3	6	7	8	10	11	12	13	14	15	17	18	19	20	21	22	23	24	25	26	28	29	30	34	36	38	40	41	42	43	44	
0	1	2	4	5	7	8	9	10	11	12	14	16	17	18	20	21	22	23	24	25	27	28	29	30	33	34	35	36	39	40	41	42	44	
1	2	3	6	7	8	9	11	12	13	14	15	16	17	19	20	21	22	25	26	27	28	29	32	33	34	35	36	39	40	41	42	43	44	
0	1	2	3	4	5	6	8	10	11	12	14	16	19	20	22	23	24	25	26	27	28	29	30	31	32	33	34	35	38	39	40	41	42	44	
0	1	3	4	5	6	8	9	10	11	12	13	14	17	18	20	21	25	27	28	29	30	32	34	36	37	38	39	40	41	42	43	44	
2	4	5	6	7	8	9	10	11	12	13	14	15	17	18	19	20	21	22	23	24	25	28	29	30	31	34	36	37	39	40	41	42	44	
0	1	2	3	5	6	9	11	13	14	16	17	19	20	21	22	23	25	26	28	29	30	31	34	35	36	38	39	40	41	42	43	44	
1	2	3	4	6	7	8	9	11	12	13	14	15	16	17	18	19	20	21	23	24	26	27	29	30	31	32	33	35	37	38	39	40	41	42	43	44	
0	1	3	4	5	8	9	10	11	12	13	15	17	18	19	21	22	24	27	28	29	31	33	34	35	36	37	38	39	40	42	43	44	
0	2	3	4	5	8	9	10	11	12	14	16	18	19	20	21	22	23	24	25	26	28	29	30	31	32	33	35	36	37	38	39	40	41	42	43	44	
0	1	2	3	5	6	7	8	9	10	12	16	18	20	21	24	25	26	28	29	30	32	33	34	35	36	37	38	39	40	41	42	44	
0	2	4	5	6	7	9	10	11	14	16	17	19	20	21	22	23	25	26	27	28	29	30	31	34	35	36	37	38	39	40	42	44	
116.00	110.64	105.46	100.40	95.65	90.95	86.36	82.07	77.85	73.66	69.72	65.88	62.25	58.71	55.17	52.01	48.90	46.05	43.41	40.91	38.81	37.08	35.39	33.88	32.47	31.14	29.98	29.08	28.39	27.73	27.33	27.14	27.04	27.00	
103.00	97.47	92.02	86.69	82.75	78.90	75.08	71.47	68.02	64.70	61.48	58.35	55.35	52.51	50.03	47.64	45.40	43.17	41.00	39.10	37.32	35.66	34.09	32.74	31.68	30.91	30.23	29.57	29.06	28.58	28.21	28.01	28.00	
119.00	113.21	107.47	102.32	97.35	92.47	87.79	83.12	78.46	73.91	69.84	66.02	62.78	59.56	56.60	54.20	51.92	49.67	47.74	45.86	44.01	42.31	40.82	39.33	37.94	36.56	35.27	34.03	32.79	31.74	30.90	30.10	29.58	29.10	28.63	28.22	28.00	
115.00	111.07	107.17	103.55	100.21	96.93	93.66	90.49	87.39	84.30	81.21	78.16	75.12	72.13	69.19	66.33	63.53	60.90	58.30	55.81	53.32	50.99	48.95	46.92	44.97	43.07	41.17	39.32	37.48	35.87	34.28	32.71	31.18	30.19	29.50	29.07	29.00	
113.00	108.36	103.75	99.15	94.82	90.63	86.49	82.42	78.46	74.98	71.58	68.24	64.89	61.61	58.33	55.13	51.97	49.24	46.61	44.09	41.83	40.07	38.43	36.85	35.50	34.18	33.13	32.14	31.45	30.89	30.51	30.30	30.15	30.00	30.00	
109.00	104.58	100.22	95.94	91.76	87.81	83.86	80.07	76.34	72.68	69.24	65.82	62.41	59.00	56.19	53.40	50.78	48.65	46.58	44.63	42.69	40.83	39.06	37.50	35.99	34.52	33.09	31.86	30.80	29.81	28.96	28.37	28.12	28.00	
105.00	100.47	95.96	91.82	87.71	83.63	79.87	76.21	72.58	68.95	65.48	62.38	59.35	56.45	53.67	51.03	48.41	45.81	43.34	40.90	39.25	37.63	36.42	35.46	34.56	33.67	32.83	32.16	31.68	31.24	31.00	
120.00	113.56	107.46	101.62	95.80	90.21	84.64	79.43	75.09	70.91	67.33	63.75	60.33	57.06	53.83	50.94	48.09	45.25	42.51	39.94	37.43	35.30	33.33	31.62	30.31	29.37	28.62	27.88	27.44	27.10	27.00	
118.00	113.14	108.42	103.94	99.46	95.00	91.05	87.14	83.41	79.96	76.62	73.35	70.22	67.16	64.18	61.38	58.61	55.86	53.25	50.74	48.41	46.11	43.92	41.86	39.84	37.85	36.11	34.55	33.06	31.70	30.40	29.68	29.01	28.49	28.00	
120.00	113.72	107.58	102.11	97.04	91.99	87.09	82.36	77.93	73.72	69.51	65.51	61.76	58.44	55.13	52.07	49.11	46.43	43.92	41.52	39.36	37.78	36.40	35.01	33.68	32.61	31.62	30.66	29.89	29.38	29.00	
106.00	100.86	95.73	90.78	85.84	81.95	78.24	74.55	70.93	67.46	64.33	61.32	58.49	55.71	52.94	50.33	47.86	45.57	43.31	41.08	38.99	37.10	35.80	34.60	33.46	32.43	31.61	30.79	30.23	29.68	29.23	28.79	28.36	28.00	
101.00	96.44	91.98	87.54	83.20	79.04	74.96	70.93	66.95	63.01	59.07	55.30	51.74	48.45	45.43	42.99	40.60	38.30	36.09	34.30	33.16	32.08	31.12	30.19	29.33	28.74	28.23	27.84	27.52	27.21	27.10	27.00	
120.00	115.29	110.75	106.24	101.73	97.26	92.87	88.51	84.30	80.41	76.60	73.01	69.53	66.11	62.76	59.49	56.22	53.14	50.45	48.11	45.79	43.48	41.24	39.30	37.39	35.76	34.46	33.20	32.28	31.51	31.02	30.59	30.23	30.09	30.00	
107.00	102.30	97.73	93.20	88.76	84.54	80.40	76.45	72.51	68.66	65.14	61.77	58.59	55.49	52.92	50.66	48.42	46.25	44.08	42.17	40.62	39.11	37.74	36.59	35.63	34.83	34.05	33.60	33.33	33.06	32.82	32.58	32.37	32.18	32.03	32.00	
112.00	107.03	102.09	97.23	92.45	87.66	83.14	78.62	74.29	70.09	66.05	62.26	58.58	54.99	51.97	49.37	46.87	44.46	42.31	40.50	38.90	37.31	35.86	34.52	33.19	31.89	30.81	30.04	29.33	28.65	28.07	27.72	27.42	27.22	27.02	27.00	
116.00	110.73	105.50	100.32	95.60	91.09	86.77	82.46	78.35	74.42	70.72	67.14	63.72	60.32	57.45	54.93	52.43	50.20	48.15	46.12	44.16	42.44	40.73	39.07	37.52	36.21	34.99	33.90	33.02	32.29	31.69	31.16	30.76	30.37	30.00	
111.00	106.57	102.22	97.88	93.98	90.15	86.55	83.06	79.66	76.27	72.91	69.56	66.22	62.93	59.84	56.76	53.86	51.16	48.69	46.71	44.83	43.09	41.46	39.84	38.56	37.30	36.18	35.24	34.42	33.62	33.14	32.72	32.32	32.00	
117.00	111.76	106.62	101.51	96.65	92.37	88.20	84.09	80.25	76.53	72.90	69.34	66.24	63.16	60.14	57.19	54.34	51.51	48.78	46.07	43.38	40.94	38.54	36.42	34.37	32.53	31.17	29.95	29.04	28.58	28.23	28.00	
107.00	102.39	97.86	93.36	89.02	84.77	80.65	76.71	73.18	69.66	66.20	62.93	59.76	56.62	53.60	50.90	48.22	46.06	43.98	42.02	40.57	39.17	37.80	36.53	35.35	34.30	33.39	32.77	32.18	31.64	31.29	31.00	
108.00	103.64	99.41	95.19	90.97	86.92	83.12	79.32	75.63	72.01	68.51	65.36	62.59	59.98	57.38	54.86	52.36	50.06	47.78	45.60	43.45	41.32	39.28	37.32	35.62	34.24	32.90	31.62	30.36	29.30	28.29	27.84	27.41	27.19	27.07	27.00	
119.00	113.49	108.49	103.55	98.82	94.40	90.17	85.96	81.81	77.89	73.98	70.20	66.46	63.04	59.70	56.53	53.50	50.62	47.96	45.93	44.05	42.37	40.77	39.21	37.79	36.51	35.27	34.09	32.96	32.19	31.43	31.00	
116.00	111.81	107.65	103.54	99.47	95.40	91.42	87.49	83.62	79.78	76.03	72.85	69.70	66.64	63.78	61.17	58.76	56.35	54.01	51.74	49.69	47.67	45.67	43.85	42.10	40.38	38.76	37.24	35.89	34.58	33.34	32.55	32.00	
113.00	108.16	103.43	98.74	94.09	89.77	85.45	81.31	77.44	73.66	69.90	66.43	63.20	60.04	56.90	54.09	51.67	49.27	46.95	44.69	42.66	40.81	39.17	37.70	36.55	35.43	34.31	33.19	32.10	31.29	30.51	30.03	30.00	
112.00	107.79	103.62	99.56	95.62	91.76	88.08	84.45	80.88	77.37	74.08	70.81	67.65	64.54	61.60	58.69	55.86	53.03	50.46	48.08	45.96	43.91	41.87	40.10	38.50	37.04	35.63	34.43	33.24	32.18	31.19	30.49	29.83	29.16	28.54	28.00	
116.00	110.58	105.33	100.27	95.31	90.52	85.98	81.74	77.55	73.69	69.85	66.04	62.27	58.91	55.70	52.93	50.33	47.80	45.40	43.10	40.80	38.93	37.27	35.80	34.82	33.86	33.07	32.40	31.73	31.22	30.71	30.22	29.79	29.40	29.03	29.00	
103.00	98.95	94.93	90.92	87.15	83.48	80.12	76.85	73.65	70.65	67.68	64.79	61.92	59.08	56.47	53.91	51.53	49.18	46.94	44.72	42.52	40.43	38.41	36.42	34.64	33.35	32.36	31.51	30.77	30.23	29.75	29.27	29.09	29.00	
106.00	100.53	96.20	91.95	88.01	84.41	80.83	77.47	74.25	71.06	68.00	65.11	62.33	59.58	56.92	54.28	51.91	49.55	47.21	45.00	42.84	40.97	39.17	37.39	35.66	34.20	32.92	31.77	30.87	30.26	29.76	29.30	29.00	
108.00	102.94	97.88	93.07	88.34	83.69	79.30	75.17	71.30	67.48	63.76	60.21	56.85	53.77	50.78	47.80	45.03	42.89	40.97	39.42	38.09	36.78	35.54	34.51	33.50	32.65	31.81	31.00	30.58	30.22	30.04	30.00	
105.00	101.03	97.09	93.17	89.26	85.64	82.10	78.89	75.73	72.58	69.58	66.63	63.70	60.80	57.92	55.27	52.66	50.05	47.64	45.27	42.93	40.75	38.61	37.24	35.91	34.59	33.29	32.36	31.47	30.75	30.19	29.66	29.27	29.00	
110.00	103.39	97.06	91.06	86.12	81.21	76.56	71.99	67.90	63.95	60.02	56.43	52.91	49.46	46.51	43.72	41.15	39.20	37.57	36.17	34.95	33.84	32.77	31.80	30.88	30.12	29.40	28.82	28.33	28.07	28.02	28.00	
102.00	97.65	93.39	89.57	85.89	82.48	79.07	75.68	72.46	69.26	66.26	63.26	60.34	57.56	55.14	52.99	51.12	49.38	47.70	46.02	44.37	42.77	41.24	39.82	38.42	37.32	36.23	35.14	34.09	33.23	32.70	32.28	32.16	32.07	32.00	
103.00	98.38	93.78	89.45	85.23	81.10	77.06	73.79	70.81	67.88	64.99	62.30	59.87	57.54	55.24	53.02	51.10	49.25	47.41	45.63	43.89	42.21	40.58	38.98	37.67	36.37	35.28	34.29	33.41	32.59	31.82	31.15	30.50	30.02	30.00	
116.00	109.85	103.83	97.93	92.32	86.98	81.80	76.99	72.44	68.06	63.78	59.63	55.56	51.50	48.10	45.21	42.49	40.58	38.88	37.22	35.91	34.67	33.46	32.45	31.62	30.88	30.22	29.61	29.07	28.59	28.15	28.00	
106.00	102.34	98.69	95.18	91.77	88.37	85.02	81.68	78.54	75.46	72.44	69.53	66.65	63.82	61.10	58.42	55.76	53.20	51.10	49.12	47.15	45.25	43.35	41.50	39.70	37.94	36.47	35.01	33.67	32.53	31.57	30.66	29.77	29.37	29.00	
105.00	101.26	97.55	93.87	90.27	86.78	83.32	79.94	76.67	73.45	70.37	67.31	64.26	61.21	58.48	55.96	53.47	51.03	48.64	46.34	44.04	41.78	39.67	37.63	35.89	34.79	33.77	33.09	32.48	32.23	32.04	32.00	
108.00	102.49	97.42	92.47	87.58	82.85	78.69	74.69	70.79	66.99	63.30	59.83	56.54	53.33	50.21	47.51	45.23	43.11	41.07	39.07	37.28	35.76	34.65	33.67	32.72	31.83	31.00	30.34	29.95	29.61	29.35	29.18	29.06	29.00	
120.00	114.48	109.09	104.12	99.25	94.44	89.72	85.02	80.49	76.26	72.19	68.28	64.54	60.94	57.47	54.03	51.08	48.24	45.75	43.37	41.22	39.22	37.35	35.53	33.76	32.02	31.07	30.41	29.92	29.44	29.14	29.05	29.00	
120.00	113.94	108.08	102.42	96.95	91.60	86.84	82.19	77.77	73.74	69.80	66.06	62.39	58.93	55.63	52.62	49.82	47.11	44.56	42.21	39.91	37.81	36.11	34.44	32.94	31.89	30.97	30.11	29.63	29.36	29.23	29.11	29.05	29.02	29.00	
116.00	109.43	103.05	96.70	90.43	84.18	78.36	72.88	67.47	62.74	58.11	53.78	49.79	46.62	44.01	41.76	39.58	37.74	36.09	34.67	33.36	32.28	31.29	30.60	29.93	29.41	28.93	28.58	28.26	28.10	28.00	
115.00	109.19	103.68	98.55	93.94	89.61	85.52	81.44	77.49	73.64	69.92	66.24	62.79	59.66	56.99	54.39	51.93	49.76	47.69	45.77	43.86	42.07	40.31	38.63	36.99	35.38	33.79	32.39	31.00	29.70	28.58	28.00	
111.00	105.58	100.57	95.66	90.93	86.82	82.95	79.09	75.35	71.69	68.13	64.79	61.67	58.66	55.77	53.07	50.80	48.57	46.56	44.68	42.88	41.12	39.42	37.85	36.33	34.84	33.38	32.41	31.67	30.95	30.32	30.00	
102.00	96.28	90.61	85.15	79.74	74.35	69.99	66.39	62.89	60.00	57.36	54.75	52.28	49.83	47.40	45.10	42.98	41.04	39.12	37.43	35.76	34.29	33.13	32.04	31.07	30.16	29.26	28.39	27.86	27.38	27.00	
114.00	109.31	104.70	100.34	96.22	92.15	88.14	84.26	80.44	76.83	73.30	70.10	67.27	64.46	61.76	59.11	56.49	53.99	51.97	50.02	48.17	46.33	44.59	42.87	41.15	39.64	38.30	37.03	35.83	34.80	33.93	33.23	32.68	32.14	32.02	32.00	
123.00	118.40	113.83	109.26	104.97	100.84	96.81	92.94	89.29	85.70	82.16	78.69	75.30	71.95	68.65	65.41	62.16	58.96	56.05	53.20	50.55	48.23	46.01	44.06	42.59	41.20	39.81	38.45	37.12	35.82	34.63	33.46	32.34	31.29	30.54	30.21	30.00	
113.00	108.02	103.06	98.17	93.93	90.02	86.18	82.35	78.60	74.88	71.24	67.77	64.42	61.20	58.07	55.40	52.75	50.21	47.74	45.30	42.86	40.53	38.82	37.13	35.48	34.17	32.94	31.99	31.15	30.58	30.10	29.78	29.52	29.32	29.14	29.06	29.00	
112.00	107.29	102.70	98.25	93.94	89.83	85.97	82.22	78.59	75.00	71.52	68.04	64.68	61.52	58.37	55.54	52.86	50.49	48.17	45.93	43.81	41.72	39.63	37.60	35.75	34.55	33.44	32.62	32.01	31.42	30.88	30.40	29.93	29.55	29.29	29.14	29.00	
101.00	97.07	93.19	89.34	85.51	81.79	78.15	74.70	71.26	68.02	64.79	61.57	58.43	55.42	52.48	49.72	47.20	44.77	42.63	40.52	38.66	36.98	35.32	33.97	32.72	31.61	30.51	29.65	28.99	28.35	27.78	27.32	27.09	27.00	
110.00	105.18	100.42	95.72	91.07	86.60	82.51	78.60	74.74	71.17	67.70	64.37	61.06	57.92	54.89	52.09	49.49	47.02	44.61	42.20	39.82	38.22	37.00	35.79	34.61	33.47	32.43	31.42	30.54	29.71	29.00	28.49	28.00	27.52	27.21	27.02	27.00	
116.00	111.21	106.45	101.84	97.38	92.98	88.69	84.54	80.47	76.79	73.16	69.66	66.20	62.76	59.60	56.45	53.76	51.26	49.20	47.34	45.65	43.97	42.30	40.65	39.06	37.63	36.26	34.92	33.65	32.64	31.83	31.29	31.00	
114.00	109.32	104.92	100.71	96.51	92.48	88.62	84.77	80.92	77.10	73.34	69.86	66.53	63.58	60.83	58.27	55.70	53.28	51.03	48.85	46.74	44.76	42.98	41.39	39.87	38.35	36.86	35.47	34.19	33.33	32.51	31.81	31.26	31.00	
119.00	113.74	108.68	103.64	98.75	93.93	89.77	85.70	81.71	78.08	74.75	71.46	68.26	65.30	62.37	59.58	56.88	54.27	51.71	49.22	47.18	45.26	43.53	41.82	40.27	38.74	37.38	36.36	35.35	34.43	33.59	32.82	32.30	32.00	
106.00	101.05	96.21	91.84	87.61	83.45	79.44	75.46	71.48	67.55	63.88	60.30	56.86	53.89	51.08	48.28	45.69	43.23	40.96	38.94	37.24	35.58	34.36	33.21	32.35	31.60	30.99	30.46	30.04	29.69	29.37	29.14	29.00	
104.00	99.49	95.32	91.16	87.27	83.67	80.11	76.68	73.25	69.85	66.78	63.77	60.81	57.98	55.28	52.59	49.99	47.74	45.60	43.67	41.78	39.90	38.16	36.58	35.12	33.82	32.68	31.58	30.52	29.88	29.26	28.82	28.54	28.31	28.17	28.08	28.00	
109.00	103.97	98.96	94.19	89.47	84.92	80.41	75.90	71.56	67.33	63.67	60.55	57.44	54.44	52.06	49.72	47.40	45.23	43.15	41.19	39.30	37.61	36.07	34.76	33.50	32.33	31.19	30.18	29.44	28.82	28.26	28.00	
111.00	106.58	102.20	97.99	93.86	89.77	85.90	82.44	79.19	75.96	72.77	69.70	66.71	63.83	61.03	58.51	56.06	53.64	51.25	48.85	46.47	44.08	41.83	39.70	37.78	36.35	35.07	34.07	33.38	32.78	32.50	32.28	32.08	32.01	32.00	
113.00	108.01	103.30	98.66	94.17	90.09	86.07	82.22	78.41	74.65	70.95	67.27	63.77	60.33	56.95	53.58	50.93	48.52	46.20	44.02	41.88	40.01	38.20	36.60	35.11	33.68	32.73	31.80	31.03	30.36	29.69	29.06	28.47	28.00	
111.00	106.14	101.29	96.46	91.99	87.55	83.53	79.74	76.02	72.35	68.71	65.64	62.63	59.69	56.99	54.31	51.88	49.64	47.46	45.50	43.71	41.97	40.25	39.04	37.87	36.69	35.68	34.83	34.00	33.24	32.75	32.43	32.11	32.04	32.00	
116.00	111.51	107.07	102.65	98.44	94.27	90.15	86.22	82.29	78.61	75.10	71.59	68.20	64.82	61.64	58.62	55.97	53.51	51.29	49.17	47.08	45.05	43.27	41.50	39.92	38.42	36.94	35.98	35.07	34.19	33.74	33.28	32.83	32.50	32.18	32.05	32.00	
114.00	108.78	103.76	98.76	93.94	89.24	85.14	81.15	77.34	73.82	70.33	67.12	63.92	61.15	58.38	55.61	53.00	50.49	48.00	45.63	43.26	41.16	39.35	37.79	36.30	34.81	33.50	32.19	30.94	29.92	28.92	28.11	27.62	27.21	27.00	
120.00	115.20	110.59	106.06	101.66	97.44	93.25	89.23	85.26	81.35	77.47	73.71	70.15	66.66	63.89	61.14	58.76	56.40	54.09	51.83	49.63	47.56	45.54	43.54	41.73	40.11	38.73	37.43	36.21	35.03	33.89	32.77	31.81	31.30	31.00	
118.00	112.61	107.31	102.02	96.80	91.60	86.99	82.47	78.46	74.48	70.72	67.15	63.75	60.44	57.39	54.38	51.40	48.42	45.66	43.23	40.89	39.07	37.40	35.73	34.23	32.83	31.56	30.38	29.73	29.15	28.65	28.30	28.00	
112.00	107.76	103.56	99.38	95.32	91.33	87.39	83.49	79.67	75.92	72.24	68.84	65.57	62.47	59.50	56.65	53.81	51.18	48.61	46.09	43.70	41.39	39.22	37.06	35.00	33.30	31.69	30.25	29.19	28.52	27.87	27.41	27.17	27.00	
117.00	110.52	104.47	98.49	93.20	87.99	82.83	78.22	73.64	69.78	66.06	62.84	60.21	57.75	55.32	53.01	50.74	48.54	46.38	44.23	42.15	40.14	38.55	37.14	36.16	35.19	34.29	33.68	33.16	32.71	32.31	32.00	
112.00	107.51	103.03	98.64	94.38	90.17	86.01	81.87	77.76	74.09	70.50	66.94	63.69	60.51	57.54	54.64	51.97	49.38	46.89	44.66	42.80	41.02	39.39	37.88	36.44	35.01	33.98	32.97	32.13	31.55	31.00	30.56	30.19	30.00	
115.00	110.13	105.29	100.66	96.44	92.47	88.62	84.81	81.23	77.69	74.49	71.31	68.22	65.15	62.13	59.11	56.20	53.44	50.78	48.23	45.83	43.65	41.54	39.85	38.31	36.78	35.31	33.88	32.52	31.28	30.26	29.57	28.89	28.25	28.00	
119.00	114.27	109.60	105.22	101.16	97.33	93.57	89.90	86.25	82.69	79.15	75.77	72.61	69.45	66.31	63.27	60.26	57.28	54.42	51.61	49.19	46.84	44.58	42.43	40.36	38.59	36.96	35.42	33.95	32.50	31.31	30.33	29.48	29.00	
116.00	110.53	105.08	99.80	94.60	89.58	84.67	79.99	75.35	71.39	67.54	63.70	59.92	56.33	53.01	49.74	47.07	44.72	42.77	40.90	39.17	37.54	36.11	35.00	34.07	33.22	32.77	32.39	32.17	32.06	32.00	
103.00	98.42	94.07	89.84	85.67	81.74	77.84	73.98	70.46	66.96	63.52	60.16	56.87	53.72	50.65	48.31	46.21	44.25	42.33	40.50	38.78	37.43	36.16	34.92	33.73	32.76	31.82	31.25	30.87	30.54	30.27	30.05	30.00	
117.00	112.42	107.92	103.61	99.34	95.21	91.31	87.45	83.63	79.95	76.44	72.97	69.56	66.42	63.42	60.50	57.63	54.80	52.15	49.56	47.10	44.91	42.75	40.75	38.77	36.85	34.94	33.22	31.73	30.31	28.91	28.22	27.79	27.42	27.13	27.02	27.00	
120.00	114.63	109.45	104.62	99.85	95.32	90.86	86.52	82.41	78.33	74.70	71.07	67.51	63.94	60.46	57.46	54.54	51.64	48.96	46.34	43.85	41.45	39.38	37.33	35.69	34.13	32.82	31.52	30.56	29.62	28.90	28.43	28.00	
123.00	117.89	112.94	108.00	103.09	98.41	93.86	89.50	85.40	81.34	77.37	73.50	69.82	66.36	62.92	59.55	56.34	53.42	50.58	47.86	45.59	43.39	41.37	39.59	38.27	37.10	35.97	34.95	34.24	33.56	33.04	32.54	32.27	32.04	32.00	
117.00	110.88	105.16	99.47	94.06	88.83	83.71	78.67	73.70	69.43	65.36	61.58	57.98	54.37	51.53	48.70	46.13	43.71	41.39	39.24	37.12	35.07	33.12	31.60	30.13	28.77	28.03	27.50	27.12	27.05	27.00	
102.00	97.17	93.01	88.87	84.87	80.96	77.10	73.54	70.01	66.55	63.16	59.98	56.81	54.14	52.15	50.24	48.39	46.55	44.72	42.97	41.40	39.93	38.46	37.35	36.24	35.23	34.35	33.59	32.92	32.32	31.87	31.61	31.37	31.20	31.09	31.00	
117.00	112.08	107.24	102.45	97.74	93.10	88.57	84.21	80.06	75.95	72.00	68.22	64.63	61.05	57.77	54.60	51.49	48.94	46.80	44.70	42.79	40.96	39.16	37.41	35.74	34.62	33.54	32.84	32.17	32.04	32.00	
106.00	102.08	98.19	94.35	90.54	86.80	83.14	79.49	75.87	72.40	68.94	65.87	62.80	59.77	56.90	54.30	51.88	49.61	47.51	45.49	43.50	41.63	39.77	37.93	36.27	34.69	33.23	31.99	30.81	29.69	28.95	28.31	28.14	28.00	
111.00	106.51	102.31	98.22	94.20	90.21	86.37	82.86	79.42	76.04	72.92	69.83	66.80	63.79	60.85	58.00	55.55	53.12	50.85	48.57	46.33	44.25	42.38	40.88	39.43	38.07	36.80	35.68	34.56	33.61	32.76	32.06	31.55	31.14	31.05	31.00	
117.00	111.13	105.31	100.58	95.89	91.26	86.64	82.04	77.45	73.09	69.04	65.07	61.22	57.47	54.76	52.09	49.51	47.29	45.25	43.55	42.08	40.62	39.20	37.82	36.46	35.14	33.94	32.89	31.85	30.88	30.00	
110.00	105.07	100.19	95.62	91.11	86.82	82.55	78.31	74.12	70.04	66.18	62.66	59.16	55.73	52.64	49.77	46.94	44.17	41.74	39.33	37.26	35.30	33.78	32.33	31.23	30.39	29.60	29.03	28.59	28.21	28.00	
101.00	96.48	92.01	87.65	83.55	79.63	75.93	72.42	69.02	65.82	62.76	59.85	57.08	54.36	51.84	49.47	47.34	45.25	43.26	41.37	39.81	38.33	36.91	35.54	34.26	33.49	32.71	32.03	31.48	31.02	30.60	30.26	30.08	30.00	
121.00	115.72	110.66	105.68	100.79	96.01	91.24	86.56	81.89	77.22	72.75	68.31	64.44	60.67	57.13	53.69	50.31	47.27	44.98	42.98	41.20	39.47	37.80	36.17	34.62	33.20	31.87	30.66	29.69	28.75	28.06	27.53	27.06	27.00	
110.00	104.75	99.62	94.58	89.84	85.15	80.62	76.27	71.93	67.67	63.79	59.92	56.77	53.65	50.77	47.93	45.10	42.41	39.88	38.12	36.39	34.69	33.23	32.00	30.96	29.92	28.97	28.22	27.82	27.50	27.29	27.10	27.00	
101.00	95.20	89.51	84.91	80.40	76.01	71.79	67.72	63.95	60.37	56.97	54.56	52.26	50.14	48.08	46.09	44.14	42.30	40.57	38.98	37.51	36.19	35.41	34.65	33.97	33.36	32.85	32.52	32.27	32.03	32.00	
111.00	106.53	102.07	97.88	93.85	89.95	86.06	82.41	78.76	75.14	71.68	68.37	65.07	61.81	58.71	55.80	53.03	50.36	47.69	45.20	42.79	40.67	38.66	36.74	35.16	33.66	32.51	31.46	30.69	29.96	29.31	28.82	28.49	28.33	28.19	28.07	28.00	
102.00	97.49	93.02	88.67	85.22	81.83	78.48	75.36	72.26	69.16	66.16	63.21	60.49	57.76	55.18	52.66	50.27	47.93	45.61	43.36	41.15	39.02	37.22	35.44	33.90	32.40	31.61	30.84	30.09	29.45	29.04	29.00	
123.00	116.89	110.92	105.36	100.08	95.19	90.52	85.90	81.67	77.92	74.28	70.80	67.55	64.39	61.31	58.28	55.26	52.31	49.52	46.77	44.29	41.92	39.55	37.78	36.06	34.51	33.06	31.86	31.04	30.52	30.00	
107.00	102.11	97.37	92.93	88.59	84.34	80.14	75.94	71.81	67.75	63.95	60.21	56.74	53.27	50.19	47.21	44.81	42.63	40.49	38.43	36.69	35.05	33.52	32.35	31.26	30.26	29.31	28.84	28.42	28.06	28.00	
110.00	105.44	101.07	96.82	92.82	88.93	85.07	81.46	77.84	74.72	71.67	68.66	65.81	62.98	60.33	57.76	55.47	53.19	50.94	48.78	46.71	44.66	42.67	40.70	38.81	37.43	36.04	34.66	33.68	32.72	32.00	
122.00	116.79	111.81	106.95	102.46	98.32	94.20	90.10	86.11	82.14	78.21	74.32	70.65	67.03	63.60	60.28	57.18	54.34	51.51	48.78	46.17	43.63	41.46	39.41	37.62	35.95	34.85	33.88	32.99	32.14	31.30	30.74	30.36	30.05	30.00	
101.00	97.04	93.10	89.44	85.87	82.36	79.33	76.38	73.45	70.57	67.70	64.83	61.98	59.13	56.28	53.60	51.02	48.57	46.34	44.23	42.15	40.78	39.45	38.27	37.21	36.34	35.55	34.78	34.16	33.65	33.15	32.71	32.36	32.11	32.00	
102.00	97.32	92.97	88.88	84.89	81.02	77.29	73.57	70.13	66.85	63.70	60.64	57.68	54.83	52.17	49.67	47.42	45.42	43.45	41.67	39.90	38.24	36.75	35.31	33.91	32.56	31.23	30.27	29.42	28.63	27.85	27.24	27.05	27.00	
108.00	102.45	97.19	91.97	87.03	82.63	78.25	74.57	71.11	67.72	64.45	61.18	57.94	54.72	51.54	48.80	46.18	43.62	41.29	39.62	37.95	36.42	35.26	34.26	33.53	32.80	32.21	31.71	31.47	31.28	31.12	31.00	
108.00	104.28	100.63	97.00	93.39	89.91	86.63	83.44	80.34	77.38	74.47	71.84	69.23	66.62	64.01	61.43	58.84	56.38	54.02	51.75	49.50	47.29	45.14	43.07	41.35	39.70	38.15	36.79	35.58	34.40	33.36	32.39	31.44	31.14	31.00	
123.00	117.28	111.60	105.94	100.67	95.43	90.30	85.19	80.29	75.54	71.14	66.89	62.96	59.33	55.89	52.59	49.94	47.36	44.83	42.43	40.08	37.90	36.46	35.13	33.86	32.59	31.77	31.40	31.18	31.01	31.00	
101.00	96.93	92.86	88.83	84.80	81.10	77.49	73.91	70.52	67.21	63.97	60.85	57.98	55.31	53.03	50.75	48.61	46.51	44.47	42.54	40.63	38.89	37.58	36.45	35.42	34.40	33.39	32.51	31.77	31.09	30.42	29.85	29.51	29.22	29.12	29.05	29.00	
114.00	107.57	102.02	96.55	91.13	85.90	80.99	76.36	71.95	67.75	64.04	61.00	58.20	55.40	52.67	50.00	47.35	45.05	42.84	40.82	39.07	37.33	35.72	34.19	33.16	32.14	31.28	30.53	29.79	29.07	28.62	28.40	28.18	28.01	28.00	
117.00	111.92	106.94	102.05	97.37	92.80	88.43	84.17	79.91	75.88	72.21	68.74	65.51	62.33	59.18	56.08	53.42	50.80	48.51	46.23	44.01	41.97	40.06	38.16	36.32	34.70	33.10	31.58	30.21	28.98	28.12	28.00	
112.00	106.82	101.66	96.75	92.17	87.59	83.30	79.09	74.99	70.92	66.90	63.06	59.27	55.70	52.43	49.73	47.20	45.16	43.15	41.18	39.32	37.48	35.69	33.92	32.18	30.62	29.17	28.03	27.44	27.16	27.00	
103.00	98.43	93.95	89.58	85.25	81.00	77.29	73.91	70.60	67.49	64.46	61.91	59.44	57.12	54.85	52.59	50.41	48.39	46.40	44.42	42.66	40.92	39.28	37.88	36.49	35.10	33.96	33.06	32.21	31.53	30.97	30.44	30.19	30.00	
120.00	114.93	109.88	104.88	100.31	95.76	91.22	87.00	82.80	78.91	75.10	71.35	67.65	64.18	60.87	57.58	54.33	51.30	48.58	46.24	44.11	41.99	40.20	38.42	36.66	35.18	34.01	32.87	31.90	30.94	30.19	29.44	28.96	28.61	28.27	28.00	
113.00	108.39	103.78	99.34	94.94	90.76	86.60	82.50	78.69	74.95	71.51	68.45	65.59	62.78	60.04	57.55	55.09	52.69	50.34	48.02	45.82	43.64	41.48	39.34	37.53	35.92	34.34	32.83	31.55	30.80	30.09	29.65	29.25	29.00	
122.00	116.49	111.10	105.91	100.83	96.15	91.76	87.68	83.78	79.90	76.05	72.25	68.59	64.98	61.48	58.36	55.51	52.80	50.32	47.91	45.60	43.45	41.47	39.61	37.77	35.93	34.10	32.28	31.78	31.33	31.13	31.07	31.00	
114.00	107.99	102.20	96.81	91.46	86.20	81.65	77.17	72.84	68.65	65.09	61.73	58.44	55.48	52.53	49.68	47.12	44.73	42.74	40.77	38.84	37.02	35.31	33.76	32.56	31.48	30.52	29.87	29.26	28.68	28.26	28.00	
108.00	103.18	98.48	93.88	89.44	85.06	80.82	76.58	72.48	68.40	64.41	60.49	56.61	52.78	50.72	48.80	46.94	45.23	43.53	41.96	40.52	39.14	37.79	36.73	35.77	34.85	34.09	33.43	32.88	32.37	32.00	
109.00	104.17	99.48	94.80	90.13	85.59	81.15	76.96	73.43	70.07	66.85	63.79	60.88	58.29	55.78	53.34	51.00	48.73	46.47	44.26	42.43	40.89	39.36	37.84	36.41	35.20	34.12	33.05	32.12	31.25	30.50	29.88	29.28	28.78	28.39	28.13	28.00	
119.00	113.45	107.96	102.63	97.34	92.35	87.46	83.24	79.16	75.18	71.24	67.72	64.41	61.18	57.95	54.86	51.89	49.32	46.82	44.38	41.99	40.05	38.20	36.42	34.82	33.34	32.32	31.52	30.74	30.13	29.64	29.16	28.70	28.38	28.18	28.07	28.00	
116.00	111.23	106.57	101.92	97.36	92.81	88.26	83.74	79.26	74.82	70.63	66.51	62.60	58.87	55.24	51.76	48.45	45.82	43.35	41.02	38.75	36.77	34.98	33.64	32.49	31.51	30.57	29.71	28.98	28.65	28.35	28.11	28.00	
101.00	96.47	91.97	87.56	83.34	79.59	75.92	72.43	68.97	65.52	62.35	59.51	56.69	54.25	51.95	49.92	47.99	46.13	44.37	42.62	40.95	39.32	37.74	36.17	34.64	33.14	31.69	30.25	28.83	27.81	27.36	27.00	
123.00	117.14	111.66	106.25	101.36	96.59	91.88	87.28	82.87	78.63	74.41	70.34	66.69	63.20	59.75	57.19	54.66	52.35	50.10	47.90	45.93	44.00	42.07	40.53	39.14	37.81	36.51	35.39	34.50	33.71	32.96	32.39	32.00	
101.00	97.62	94.27	90.94	87.89	84.87	81.87	78.87	75.91	73.10	70.63	68.17	65.80	63.45	61.17	58.99	56.82	54.83	52.85	50.91	49.12	47.38	45.64	43.99	42.47	41.03	39.60	38.21	36.95	35.84	34.81	34.20	33.69	33.19	32.72	32.25	32.00	
110.00	104.98	100.09	95.21	90.61	86.04	81.69	77.56	73.43	69.35	65.77	62.30	58.96	55.71	52.58	49.50	46.69	44.48	42.30	40.21	38.16	36.40	34.65	32.93	31.37	30.06	28.86	27.76	27.46	27.18	27.07	27.00	
118.00	113.24	108.51	103.90	99.38	94.96	90.75	86.64	82.73	78.82	75.05	71.33	67.68	64.41	61.18	58.20	55.34	52.97	50.67	48.52	46.46	44.45	42.80	41.16	39.53	37.92	36.52	35.36	34.24	33.18	32.18	31.34	30.79	30.39	30.00	
102.00	97.12	92.60	88.17	83.79	79.51	75.28	71.19	67.79	64.50	61.27	58.43	55.60	53.02	50.46	48.02	45.72	43.79	41.97	40.28	38.73	37.31	35.96	34.77	33.66	32.66	31.74	30.84	30.07	29.34	29.00	
110.00	105.38	100.79	96.22	91.67	87.39	83.10	78.84	74.60	70.51	66.48	62.69	59.54	56.59	53.72	50.91	48.46	46.08	43.88	41.92	40.02	38.23	36.52	34.86	33.25	31.73	30.47	29.90	29.54	29.27	29.00	
117.00	112.76	108.84	104.93	101.12	97.31	93.79	90.34	86.93	83.55	80.20	76.93	73.89	70.92	67.98	65.10	62.33	59.60	56.87	54.23	51.84	49.50	47.33	45.32	43.38	41.45	39.78	38.13	36.58	35.25	34.10	33.20	32.37	32.17	32.00	
103.00	98.57	94.44	90.38	86.44	82.51	78.72	75.09	71.78	68.80	65.90	63.09	60.28	57.51	54.83	52.24	49.81	47.48	45.28	43.39	41.73	40.18	38.80	37.68	36.59	35.54	34.53	33.56	32.74	32.00	31.55	31.14	31.00	
115.00	109.33	103.68	98.51	93.72	88.98	84.31	79.84	75.54	71.66	67.78	64.01	60.49	57.04	53.61	50.43	47.61	44.93	42.96	41.15	39.44	38.02	36.74	35.51	34.41	33.31	32.25	31.25	30.28	29.31	28.40	27.64	27.08	27.00	
109.00	104.29	99.59	95.32	91.27	87.29	83.33	79.66	76.02	72.49	68.99	65.58	62.72	60.02	57.39	54.90	52.49	50.20	47.92	45.69	43.61	41.56	39.63	38.04	36.68	35.47	34.30	33.27	32.52	31.78	31.13	31.01	31.00	
113.00	108.20	103.61	99.13	94.70	90.43	86.21	82.49	78.96	75.79	72.62	69.54	66.53	63.80	61.14	58.55	55.99	53.69	51.45	49.27	47.15	45.23	43.31	41.43	39.80	38.20	36.61	35.39	34.36	33.51	32.87	32.26	32.00	
119.00	114.65	110.55	106.61	102.70	98.86	95.11	91.42	87.81	84.22	80.79	77.36	74.01	70.73	67.56	64.46	61.40	58.56	55.74	53.13	50.59	48.22	46.09	44.07	42.18	40.34	38.82	37.39	36.07	34.93	34.03	33.29	32.69	32.32	32.09	32.00	
108.00	103.67	99.44	95.22	91.33	87.64	83.96	80.32	76.70	73.12	69.74	66.52	63.38	60.40	57.50	54.74	52.01	49.31	46.88	44.66	42.45	40.37	38.89	37.65	36.45	35.34	34.29	33.67	33.17	32.81	32.56	32.40	32.24	32.11	32.00	
116.00	111.54	107.09	102.66	98.25	94.03	90.01	86.01	82.18	78.36	74.65	71.32	68.19	65.13	62.20	59.28	56.86	54.50	52.21	49.96	47.74	45.55	43.79	42.06	40.47	39.05	37.66	36.53	35.48	34.52	33.69	32.98	32.29	31.62	31.09	31.00	
109.00	104.16	99.33	94.58	90.50	86.50	82.61	78.76	75.01	71.30	67.60	64.27	60.98	57.96	54.98	52.47	50.05	47.89	45.73	43.68	41.63	40.32	39.04	37.83	36.70	35.59	34.58	33.61	32.64	31.76	30.88	30.01	29.31	29.00	
111.00	105.18	100.04	95.02	90.17	86.25	82.59	79.03	75.51	72.00	68.52	65.11	61.78	58.71	55.65	52.65	49.69	46.90	44.19	41.57	39.38	37.43	35.81	34.25	33.20	32.24	31.31	30.39	29.55	28.94	28.51	28.08	28.00	
123.00	118.15	113.49	108.84	104.28	99.95	95.71	91.64	87.61	83.76	79.95	76.30	72.93	69.94	66.97	64.02	61.12	58.25	55.44	52.78	50.53	48.31	46.25	44.40	42.67	40.99	39.46	38.05	36.82	35.60	34.41	33.52	32.85	32.58	32.37	32.17	32.00	
104.00	100.44	96.89	93.42	90.10	86.83	83.58	80.34	77.14	74.14	71.21	68.36	65.58	62.85	60.22	57.65	55.10	52.80	50.52	48.46	46.47	44.67	42.98	41.30	39.68	38.26	37.07	36.04	35.08	34.25	33.45	32.74	32.04	31.56	31.29	31.03	31.00	
109.00	105.36	101.75	98.23	94.73	91.28	87.93	84.69	81.48	78.43	75.48	72.73	70.00	67.46	65.00	62.57	60.18	57.88	55.75	53.75	51.80	49.86	47.95	46.17	44.45	42.88	41.34	40.03	38.73	37.52	36.41	35.36	34.35	33.46	32.75	32.33	32.00	
109.00	102.71	96.45	90.21	84.52	79.71	75.20	70.73	66.61	62.54	58.74	55.02	51.36	47.83	44.85	41.91	39.11	36.82	34.75	32.90	31.28	30.46	29.73	29.05	28.44	27.85	27.51	27.28	27.13	27.03	27.01	27.00	
115.00	109.80	104.61	99.45	94.76	90.38	86.28	82.28	78.34	74.74	71.16	67.83	64.75	61.73	58.72	55.73	52.79	50.39	48.02	45.72	43.61	41.55	39.52	37.70	36.03	34.39	32.94	31.61	30.42	29.57	29.04	29.00	
105.00	100.07	95.35	90.87	86.46	82.13	78.19	74.42	70.70	67.08	63.47	60.27	57.27	54.39	51.58	48.91	46.29	43.71	41.14	38.83	36.74	34.88	33.04	31.29	29.95	29.02	28.33	27.71	27.10	27.03	27.00	
107.00	102.02	97.28	92.77	88.26	83.84	79.63	75.56	71.85	68.29	64.92	61.63	58.34	55.36	52.45	49.63	46.93	44.31	41.98	39.72	37.63	36.16	34.75	33.39	32.27	31.49	30.78	30.14	29.57	29.05	28.54	28.11	28.00	
108.00	102.80	97.83	92.99	88.49	84.11	79.81	75.65	71.67	67.93	64.31	60.96	57.62	54.37	51.21	48.28	45.49	42.70	40.16	38.05	36.33	35.01	33.76	32.52	31.31	30.21	29.17	28.77	28.47	28.25	28.05	28.00	
109.00	104.76	100.67	96.64	92.84	89.11	85.67	82.26	78.87	75.50	72.15	68.93	65.73	62.54	59.41	56.33	53.53	50.79	48.28	45.83	43.41	41.23	39.27	37.40	35.72	34.18	32.85	31.73	30.63	29.82	29.06	28.44	28.00	
108.00	103.22	98.49	93.95	89.66	85.50	81.36	77.27	73.25	69.45	65.93	62.74	59.69	56.72	53.88	51.20	48.56	46.28	44.17	42.13	40.10	38.13	36.25	34.91	33.62	32.48	31.35	30.35	29.37	28.75	28.37	28.10	28.00	
123.00	115.54	108.31	101.80	95.31	89.28	84.47	79.82	75.33	70.89	66.78	63.24	59.87	57.07	54.33	51.72	49.16	46.76	44.50	42.50	40.61	39.14	37.76	36.49	35.49	34.57	33.74	33.08	32.53	32.12	32.00	
117.00	111.72	106.46	101.28	96.44	91.65	87.01	82.77	78.76	74.85	71.12	67.43	64.06	61.00	58.18	55.48	52.85	50.27	47.75	45.26	42.83	40.49	38.95	37.40	35.95	34.54	33.66	32.80	32.00	31.35	30.94	30.55	30.33	30.14	30.07	30.00	
111.00	106.43	101.98	97.83	93.72	89.73	85.85	82.09	78.80	75.55	72.34	69.16	66.33	63.53	60.79	58.12	55.61	53.14	50.73	48.42	46.27	44.33	42.54	40.80	39.07	37.56	36.08	34.63	33.32	32.15	31.15	30.21	29.65	29.12	29.06	29.00	
115.00	110.20	105.40	100.60	96.10	91.99	87.90	83.83	79.81	75.90	72.41	68.94	65.63	62.46	59.46	56.59	53.73	50.95	48.71	46.64	44.64	42.66	40.75	38.88	37.10	35.37	33.71	32.37	31.19	30.13	29.17	28.41	27.69	27.29	27.00	
117.00	112.57	108.32	104.08	99.95	96.18	92.42	88.79	85.19	81.62	78.11	74.68	71.37	68.16	64.94	62.04	59.19	56.60	54.05	51.68	49.45	47.31	45.18	43.23	41.28	39.54	37.96	36.54	35.16	34.22	33.40	32.85	32.31	31.84	31.47	31.15	31.00	
105.00	100.87	96.82	92.89	89.06	85.26	81.46	77.73	74.11	70.49	66.88	63.45	60.22	57.04	54.09	51.20	48.43	45.70	42.99	40.46	37.94	36.12	34.39	32.73	31.37	30.22	29.29	28.39	27.67	27.31	27.00	
116.00	110.58	105.90	101.46	97.37	93.41	89.49	85.60	81.74	77.99	74.25	70.65	67.09	63.55	60.15	56.78	53.56	50.37	47.23	44.80	42.44	40.39	38.36	36.54	34.98	33.46	31.98	30.53	29.85	29.36	29.14	29.00	
118.00	112.68	107.51	102.44	97.44	92.64	87.85	83.40	79.05	74.79	70.75	67.02	63.37	59.84	56.56	53.36	50.18	47.39	44.78	42.41	40.07	37.79	35.64	33.98	32.46	31.00	30.03	29.24	28.50	27.88	27.48	27.18	27.00	
108.00	103.67	99.38	95.36	91.37	87.67	83.99	80.32	76.73	73.24	69.86	66.53	63.66	60.84	58.14	55.69	53.27	51.14	49.18	47.27	45.43	43.70	41.97	40.43	39.00	37.67	36.48	35.34	34.34	33.36	32.41	31.57	30.82	30.23	30.12	30.03	30.00	
113.00	106.79	101.04	95.36	90.31	85.68	81.13	76.60	72.09	67.62	63.73	60.07	56.62	53.41	50.47	47.92	45.49	43.22	41.42	39.73	38.07	36.45	34.83	33.23	32.16	31.23	30.62	30.12	29.64	29.24	29.00	
117.00	112.40	107.82	103.25	98.84	94.56	90.49	86.48	82.60	78.74	75.42	72.12	68.84	65.78	62.87	59.97	57.11	54.36	51.68	49.03	46.50	44.14	42.14	40.26	38.50	36.78	35.26	33.83	32.69	31.86	31.12	31.00	
114.00	109.28	104.69	100.10	95.53	91.19	86.95	82.76	78.74	74.91	71.24	67.71	64.26	60.96	57.76	54.58	51.45	48.67	46.00	43.69	41.55	39.92	38.29	36.67	35.37	34.11	32.95	32.02	31.28	30.56	29.89	29.39	29.19	29.00	
119.00	113.94	108.92	104.19	99.66	95.20	91.05	86.89	82.81	78.73	74.82	70.94	67.07	63.23	59.41	55.96	52.87	50.12	47.73	45.40	43.09	41.14	39.27	37.54	35.92	34.37	33.00	31.76	30.65	29.63	28.76	27.91	27.45	27.13	27.00	
114.00	108.14	102.31	96.73	91.24	85.83	81.26	76.89	72.60	68.79	65.48	62.41	59.38	56.45	53.55	50.84	48.19	45.77	43.40	41.15	39.02	36.93	34.93	33.50	32.22	31.20	30.19	29.46	28.75	28.29	28.00	
113.00	107.69	102.87	98.52	94.26	90.04	86.12	82.48	78.85	75.42	72.03	68.68	65.80	62.93	60.16	57.42	54.78	52.23	49.74	47.26	44.82	42.48	40.32	38.33	36.54	34.93	33.40	31.96	30.85	29.99	29.22	28.80	28.39	28.17	28.00	
115.00	108.46	102.61	97.12	91.73	86.37	81.19	76.17	71.60	67.88	64.39	60.99	57.62	54.44	51.40	48.85	46.35	44.17	42.23	40.30	38.88	37.52	36.30	35.15	34.37	33.75	33.26	32.87	32.56	32.28	32.00	
115.00	109.65	104.42	99.25	94.27	89.52	85.09	80.69	76.57	72.57	68.74	65.09	61.48	57.91	54.39	51.00	47.77	44.97	42.34	40.04	38.23	36.49	34.82	33.34	32.06	30.79	29.67	29.37	29.09	29.03	29.00	
106.00	101.59	97.32	93.20	89.30	85.40	81.54	77.86	74.36	71.03	68.06	65.18	62.51	59.84	57.25	54.67	52.10	49.63	47.30	45.08	42.95	40.99	39.15	37.58	36.26	34.98	34.16	33.47	32.92	32.47	32.05	31.66	31.27	31.13	31.00	
103.00	98.17	93.96	89.77	85.62	81.52	77.63	73.77	69.93	66.20	62.55	59.14	56.40	53.97	51.72	49.48	47.41	45.37	43.44	41.54	39.76	38.01	36.30	34.60	33.03	31.71	30.50	29.57	28.66	28.24	28.09	28.00	
111.00	105.10	99.43	93.92	88.52	83.55	78.58	73.85	69.19	64.88	60.69	56.53	53.07	49.99	46.92	44.31	41.72	39.40	37.53	36.24	35.13	34.10	33.09	32.27	31.49	30.75	30.11	29.48	28.91	28.39	28.03	28.00	
105.00	100.30	96.12	91.95	87.83	83.74	79.74	75.76	71.89	68.01	64.62	61.52	58.52	55.70	53.00	50.58	48.31	46.08	43.94	41.81	39.70	37.70	36.09	34.62	33.19	31.80	31.04	30.31	29.58	28.99	28.42	27.90	27.45	27.11	27.04	27.00	
103.00	98.87	94.90	91.05	87.40	83.85	80.39	77.11	73.91	70.80	67.78	64.79	61.84	59.02	56.25	53.54	51.17	49.00	46.88	44.87	42.99	41.16	39.35	37.64	35.95	34.45	33.07	31.84	30.93	30.08	29.54	29.01	28.49	28.12	28.05	28.01	28.00	
103.00	99.17	95.35	91.58	87.82	84.25	80.68	77.27	73.92	70.67	67.45	64.37	61.37	58.49	55.75	53.05	50.40	47.95	45.58	43.51	41.56	39.78	38.03	36.56	35.21	34.15	33.17	32.28	31.46	30.74	30.22	29.73	29.37	29.13	29.00	
105.00	100.12	95.27	90.44	85.73	81.04	76.72	72.52	68.58	65.08	61.66	58.35	55.24	52.56	50.04	47.52	45.02	42.80	41.07	39.55	38.09	36.74	35.45	34.30	33.17	32.33	31.72	31.19	30.78	30.42	30.14	30.00	
114.00	108.04	102.36	96.87	92.00	87.17	82.37	77.74	73.50	69.88	66.28	62.88	59.74	56.92	54.24	51.76	49.58	47.45	45.49	43.74	42.06	40.46	38.92	37.40	35.97	34.57	33.45	32.54	31.77	31.27	30.84	30.50	30.22	30.00	
108.00	103.92	99.85	95.90	92.01	88.47	84.94	81.43	77.99	74.56	71.18	67.93	64.73	61.77	58.84	55.96	53.25	50.74	48.30	45.89	43.50	41.13	39.00	36.95	34.90	33.18	31.61	30.53	29.68	29.01	28.57	28.19	28.00	
117.00	111.91	106.86	102.11	97.68	93.44	89.53	85.80	82.12	78.54	75.04	71.91	68.82	65.81	62.93	60.10	57.30	54.57	51.95	49.46	47.13	44.83	42.60	40.46	38.74	37.10	35.71	34.41	33.61	32.82	32.16	31.57	31.07	30.60	30.24	30.08	30.00	
112.00	107.29	102.65	98.22	93.80	89.54	85.28	81.19	77.20	73.26	69.37	65.55	61.78	58.05	54.53	51.26	48.03	44.89	41.86	39.86	37.99	36.45	35.05	33.76	32.67	31.89	31.15	30.49	29.84	29.21	29.00	
110.00	104.69	99.50	94.33	89.47	84.81	80.29	76.07	71.96	68.50	65.13	61.84	58.71	55.68	52.66	49.82	47.05	44.38	41.92	39.62	37.60	35.98	34.64	33.54	32.51	31.82	31.17	30.53	30.26	30.12	30.05	30.00	
101.00	97.04	93.19	89.45	85.71	82.07	78.53	75.11	71.87	68.71	65.84	63.06	60.41	57.87	55.39	52.99	50.69	48.60	46.53	44.58	42.86	41.31	39.80	38.44	37.09	35.86	34.74	33.85	33.03	32.50	32.05	31.60	31.19	31.00	
110.00	104.89	99.90	95.16	90.50	85.89	81.31	77.01	73.38	69.75	66.59	63.66	61.11	58.57	56.16	53.79	51.44	49.28	47.14	45.11	43.12	41.25	39.54	37.84	36.19	34.58	33.13	31.78	30.99	30.63	30.34	30.07	30.00	
109.00	104.26	99.60	95.19	90.83	86.49	82.26	78.08	74.28	70.58	66.90	63.24	59.71	56.40	53.24	50.12	47.19	44.43	42.12	39.90	38.06	36.29	34.99	33.91	32.88	31.89	31.03	30.29	29.71	29.26	28.87	28.53	28.21	28.00	
108.00	103.40	98.82	94.35	89.99	85.63	81.41	77.27	73.12	69.33	65.75	62.22	58.74	55.52	52.50	50.15	47.82	45.50	43.22	41.06	39.01	37.05	35.10	33.50	32.15	30.94	30.25	29.66	29.25	28.86	28.57	28.29	28.03	28.00	
107.00	101.54	96.46	91.68	87.30	83.02	79.22	75.43	71.65	67.92	64.23	60.62	57.04	53.54	50.17	46.98	43.93	41.33	38.87	36.78	35.06	33.69	32.39	31.10	29.83	28.93	28.05	27.47	27.17	27.07	27.01	27.00	
120.00	114.50	109.21	103.96	99.06	94.17	89.56	85.13	80.86	76.64	72.47	68.46	64.70	60.99	57.32	53.86	50.47	47.35	44.42	41.50	38.78	36.32	34.39	32.84	31.40	30.26	29.36	28.88	28.43	28.15	28.00	
119.00	111.97	105.25	98.74	92.64	86.82	81.50	76.18	72.15	68.34	64.61	60.97	57.42	53.92	50.65	47.44	44.53	41.80	39.58	37.51	35.72	34.07	32.80	31.94	31.10	30.65	30.41	30.23	30.14	30.04	30.00	
121.00	115.88	110.84	105.86	100.93	96.05	91.42	86.89	82.89	79.03	75.35	72.03	68.77	65.58	62.48	59.48	56.49	53.51	50.58	47.68	45.10	42.54	40.05	37.61	35.28	33.08	31.44	30.24	29.09	28.07	27.23	27.00	
118.00	113.21	108.46	103.74	99.13	94.54	90.00	85.51	81.01	76.77	72.56	68.89	65.52	62.20	59.24	56.57	53.95	51.54	49.14	46.79	44.44	42.12	40.40	39.03	37.75	36.54	35.44	34.47	33.59	32.75	31.95	31.20	30.50	29.83	29.30	29.00	
119.00	112.62	106.39	100.26	94.62	89.49	84.64	79.86	75.13	70.66	66.39	62.58	59.11	55.70	52.62	50.02	47.49	44.98	42.62	40.61	38.79	36.99	35.26	34.25	33.53	32.82	32.16	31.59	31.06	30.56	30.17	30.00	
123.00	117.92	112.98	108.20	103.62	99.37	95.13	90.93	86.83	82.74	78.69	74.81	71.11	67.55	64.12	60.90	57.77	54.66	51.57	48.49	45.67	42.98	40.72	38.66	36.80	35.41	34.26	33.27	32.36	31.47	30.74	30.03	29.58	29.24	29.00	
105.00	100.39	95.91	91.48	87.11	82.96	79.20	75.77	72.41	69.13	66.07	63.16	60.60	58.31	56.08	53.87	51.69	49.58	47.60	45.75	44.03	42.42	40.88	39.37	37.97	36.63	35.45	34.47	33.79	33.17	32.57	32.11	32.00	
102.00	97.47	92.98	88.63	84.33	80.06	75.90	72.24	68.62	65.10	61.73	58.37	55.17	52.37	49.75	47.25	44.85	42.49	40.49	38.61	36.76	34.98	33.46	32.13	30.99	29.96	29.01	28.17	27.60	27.23	27.09	27.00	
103.00	98.66	94.58	90.55	86.64	83.20	79.87	76.56	73.33	70.40	67.81	65.44	63.09	60.75	58.54	56.38	54.33	52.28	50.28	48.39	46.55	44.74	42.98	41.23	39.65	38.14	36.71	35.30	33.91	32.54	31.29	30.08	29.39	29.21	29.08	29.00	
113.00	108.90	104.83	100.84	96.86	93.07	89.30	85.56	81.91	78.33	74.83	71.41	68.11	64.95	61.83	59.06	56.36	53.68	51.16	48.82	46.60	44.51	42.50	40.52	38.55	36.83	35.73	34.65	33.79	33.06	32.33	31.62	30.96	30.32	30.10	30.00	
107.00	102.14	97.76	93.54	89.66	85.80	82.06	78.36	74.78	71.27	67.86	64.49	61.21	57.95	54.83	51.76	48.77	46.06	43.56	41.33	39.14	37.45	35.97	34.54	33.14	31.98	31.13	30.57	30.13	29.71	29.50	29.31	29.20	29.10	29.00	
101.00	97.01	93.06	89.21	85.57	82.09	78.73	75.49	72.46	69.73	67.06	64.50	61.96	59.61	57.43	55.29	53.15	51.24	49.35	47.49	45.76	44.05	42.41	40.78	39.20	37.63	36.29	35.00	33.86	32.75	31.76	31.03	30.31	29.80	29.29	29.08	29.00	
108.00	103.40	98.84	94.36	90.06	85.79	81.82	77.89	74.06	70.25	67.19	64.34	61.57	58.81	56.13	53.45	50.87	48.48	46.25	44.28	42.45	40.65	38.87	37.19	35.59	34.12	32.76	31.78	30.89	30.27	29.71	29.27	28.88	28.51	28.31	28.15	28.00	
112.00	105.73	99.83	94.04	88.37	82.80	77.80	72.97	68.63	64.30	60.20	56.24	52.42	49.49	46.56	44.03	42.17	40.60	39.11	37.73	36.39	35.09	33.82	32.63	31.53	30.62	30.02	29.44	28.91	28.44	28.08	28.00	
118.00	111.78	105.65	99.76	93.89	88.32	83.47	78.64	74.16	69.81	65.52	61.47	57.46	54.80	52.32	49.93	47.55	45.50	43.48	41.61	39.76	38.04	36.63	35.52	34.63	33.74	33.00	32.31	31.86	31.51	31.30	31.14	31.00	
103.00	98.97	95.06	91.29	87.57	83.90	80.31	76.95	73.62	70.35	67.08	64.06	61.10	58.27	55.78	53.34	50.97	48.74	46.94	45.21	43.56	41.92	40.49	39.09	37.77	36.55	35.34	34.17	33.03	32.06	31.13	30.40	30.20	30.00	
119.00	113.59	108.83	104.10	99.47	94.84	90.21	85.73	81.31	77.32	73.46	69.94	66.45	63.01	59.60	56.47	53.38	50.34	47.52	45.20	42.91	40.66	38.48	36.77	35.18	33.65	32.15	30.91	29.72	28.71	28.00	
108.00	103.96	100.19	96.57	92.96	89.38	85.82	82.30	78.96	75.74	72.56	69.49	66.62	63.77	60.94	58.13	55.48	52.82	50.20	47.64	45.88	44.12	42.45	40.81	39.52	38.25	37.07	35.95	34.84	33.83	33.04	32.26	31.49	30.89	30.32	30.06	30.00	
118.00	111.94	106.13	100.49	94.89	89.94	85.44	81.35	77.27	73.29	69.85	66.73	63.65	60.70	57.76	55.10	52.46	49.86	47.40	45.01	42.69	40.48	38.70	36.98	35.29	33.94	32.76	32.14	31.62	31.26	31.04	31.00	
110.00	103.54	97.35	91.31	85.67	80.32	76.55	72.98	69.51	66.08	62.67	59.37	56.15	53.00	50.22	47.49	44.84	42.64	40.64	38.93	37.71	36.58	35.62	34.76	34.05	33.40	32.80	32.33	31.92	31.64	31.40	31.18	31.00	
121.00	116.60	112.38	108.28	104.31	100.40	96.55	92.70	88.93	85.47	82.10	78.75	75.47	72.28	69.18	66.10	63.03	60.42	57.81	55.20	52.61	50.12	47.63	45.15	42.90	41.04	39.20	37.43	35.66	33.96	32.43	31.20	30.25	29.52	29.11	29.05	29.00	
102.00	97.48	93.02	88.77	84.69	80.77	76.88	73.19	69.71	66.29	62.92	59.90	56.90	53.97	51.15	48.80	46.60	44.75	42.93	41.42	39.95	38.67	37.47	36.28	35.19	34.18	33.40	32.64	32.00	31.41	30.84	30.41	30.02	30.00	
111.00	106.44	101.90	97.41	92.92	88.50	84.49	80.56	76.84	73.43	70.06	66.79	63.58	60.49	57.91	55.37	52.88	50.44	48.04	45.65	43.34	41.17	39.43	38.01	36.63	35.39	34.20	33.04	31.97	31.26	30.59	30.28	30.00	
111.00	105.41	99.96	94.78	89.78	85.53	81.32	77.14	73.02	69.14	65.26	61.65	58.57	55.68	52.82	50.21	47.68	45.29	43.20	41.25	39.43	37.80	36.26	34.81	33.55	32.51	31.61	30.83	30.22	30.09	30.00	
111.00	106.30	102.03	97.98	93.97	90.01	86.09	82.35	78.97	75.76	72.66	69.62	66.67	63.84	61.14	58.52	56.06	53.62	51.20	48.88	46.64	44.43	42.41	40.49	38.86	37.33	36.04	34.86	33.94	33.03	32.19	31.62	31.36	31.11	31.00	
110.00	103.94	97.91	92.23	86.59	81.33	76.38	71.94	68.48	65.08	61.73	58.40	55.60	52.95	50.30	47.68	45.35	43.16	41.22	39.36	37.53	35.89	34.74	33.76	32.83	31.97	31.43	30.89	30.38	29.89	29.48	29.22	29.00	
108.00	102.54	97.18	91.83	86.69	82.13	78.25	74.51	70.85	67.34	63.88	60.50	57.23	54.75	52.58	50.48	48.41	46.43	44.71	43.39	42.07	40.83	39.77	38.82	37.89	36.95	36.04	35.15	34.34	33.65	32.99	32.34	32.00	
101.00	96.78	92.57	88.43	84.40	80.62	77.01	73.49	69.98	66.57	63.27	60.04	57.00	54.10	51.26	48.57	46.16	43.82	41.89	40.08	38.39	36.93	35.52	34.13	32.82	31.63	30.75	29.89	29.04	28.21	27.49	27.00	
106.00	101.47	97.07	92.70	88.47	84.38	80.59	76.87	73.17	69.61	66.12	62.94	60.01	57.27	54.72	52.52	50.46	48.43	46.64	45.05	43.48	41.94	40.52	39.29	38.15	37.02	35.91	34.82	33.86	33.18	32.60	32.13	32.05	32.00	
113.00	108.20	103.53	99.15	94.82	90.86	87.00	83.14	79.43	75.90	72.79	69.71	66.68	63.66	60.87	58.10	55.35	52.85	50.52	48.47	46.47	44.58	42.87	41.47	40.13	38.84	37.56	36.37	35.18	34.05	33.26	32.57	31.90	31.29	31.03	31.00	
102.00	97.03	92.23	87.47	82.96	78.85	74.83	70.94	67.16	63.45	59.96	57.06	54.22	51.47	49.12	46.89	44.67	42.86	41.06	39.76	38.49	37.31	36.29	35.36	34.51	33.68	32.97	32.46	32.26	32.09	32.00	
104.00	100.01	96.10	92.33	88.62	84.97	81.37	77.88	74.53	71.21	67.97	64.75	61.67	58.63	55.59	52.93	50.43	48.21	46.01	44.18	42.70	41.22	39.80	38.60	37.42	36.25	35.09	33.99	33.00	32.16	31.38	30.61	29.90	29.56	29.26	29.09	29.00	
119.00	114.86	110.80	106.75	102.74	98.88	95.15	91.52	87.95	84.40	81.06	77.82	74.58	71.42	68.30	65.25	62.37	59.50	56.66	53.91	51.30	48.79	46.37	44.48	42.72	41.01	39.38	37.78	36.32	35.02	33.95	32.88	31.96	31.16	30.47	30.22	30.00	
102.00	97.26	92.68	88.25	83.91	79.86	75.93	72.33	68.77	65.27	62.17	59.29	56.51	53.85	51.30	48.75	46.48	44.24	42.37	40.61	38.99	37.38	35.81	34.25	32.81	31.41	30.06	29.04	28.55	28.13	27.74	27.36	27.00	
107.00	102.27	97.82	93.39	89.22	85.18	81.40	77.90	74.61	71.49	68.41	65.37	62.42	59.53	56.94	54.44	52.03	49.65	47.40	45.32	43.33	41.42	39.61	37.83	36.13	34.53	32.95	31.68	30.49	29.43	28.45	28.12	28.06	28.00	
105.00	101.22	97.45	93.94	90.42	86.96	83.61	80.37	77.15	73.98	70.90	67.94	64.99	62.13	59.34	56.56	53.85	51.24	48.67	46.41	44.24	42.09	40.29	38.71	37.13	35.61	34.22	32.95	31.72	30.73	29.83	28.99	28.37	28.00	
110.00	104.93	99.94	95.04	90.42	85.89	81.42	77.46	73.62	69.91	66.25	63.09	59.99	57.10	54.40	51.69	49.25	46.89	44.58	42.56	40.65	38.76	37.07	35.64	34.29	33.37	32.75	32.30	32.14	32.07	32.00	
105.00	100.51	96.30	92.16	88.03	84.03	80.16	76.35	72.65	69.16	65.97	62.79	59.68	56.88	54.34	51.89	49.47	47.30	45.34	43.41	41.58	39.82	38.23	36.67	35.21	33.76	32.33	31.16	30.02	29.07	28.14	28.00	
119.00	114.06	109.21	104.38	99.82	95.27	90.75	86.45	82.18	78.10	74.05	70.55	67.06	63.61	60.27	56.95	53.98	51.15	48.47	45.80	43.74	41.71	39.74	38.00	36.47	35.07	33.82	32.70	31.81	31.18	30.63	30.10	29.57	29.17	29.00	
122.00	116.26	110.83	105.43	100.56	95.82	91.31	86.80	82.31	77.93	73.70	69.50	65.88	62.27	58.66	55.17	51.70	48.30	45.27	42.56	39.85	37.71	35.74	34.00	32.59	31.35	30.36	29.60	28.87	28.22	27.75	27.29	27.00	
113.00	108.72	104.45	100.39	96.52	92.76	89.01	85.27	81.60	78.02	74.47	70.94	67.44	64.00	60.78	57.62	54.52	51.60	49.12	46.68	44.28	42.31	40.53	38.94	37.51	36.08	34.76	33.51	32.27	31.08	30.07	29.23	28.61	27.99	27.42	27.20	27.00	
102.00	98.09	94.18	90.36	86.60	82.99	79.60	76.22	73.04	69.94	66.88	63.85	61.06	58.29	55.80	53.45	51.47	49.51	47.62	45.81	44.04	42.28	40.54	38.86	37.50	36.14	35.13	34.29	33.53	32.78	32.04	31.50	31.32	31.17	31.05	31.00	
110.00	104.79	99.59	94.53	89.46	84.46	79.50	74.90	70.34	65.82	61.52	57.39	53.35	49.67	46.46	43.75	41.33	39.49	37.72	36.12	34.91	33.80	32.73	31.67	30.75	29.89	29.11	28.47	27.96	27.46	27.00	
105.00	100.42	95.84	91.32	86.87	82.44	78.31	74.27	70.29	66.38	62.74	59.13	55.66	52.25	49.00	46.91	45.01	43.33	41.67	40.08	38.91	37.88	36.85	35.90	35.09	34.53	33.97	33.42	32.92	32.49	32.15	32.00	
104.00	99.49	95.12	90.93	86.80	83.05	79.35	75.87	72.40	68.99	65.63	62.31	59.62	57.13	54.66	52.23	49.84	47.72	45.67	43.69	41.72	39.99	38.44	36.90	35.56	34.31	33.14	32.09	31.20	30.45	29.95	29.48	29.21	29.04	29.00	
103.00	98.02	93.08	88.23	83.78	79.43	75.25	71.17	67.26	63.43	59.82	56.25	52.84	50.03	47.25	44.50	41.78	39.30	36.91	34.74	32.96	32.09	31.30	30.68	30.15	29.68	29.27	28.90	28.56	28.22	28.13	28.04	28.00	
105.00	100.17	95.43	90.87	86.39	81.94	78.04	74.43	71.28	68.26	65.35	62.46	59.61	56.78	54.14	51.67	49.43	47.23	45.11	43.10	41.36	39.62	38.23	36.88	35.71	34.64	33.76	33.06	32.38	31.75	31.31	31.00	
113.00	107.93	103.21	98.52	93.94	89.56	85.37	81.36	77.40	73.67	70.03	66.56	63.42	60.28	57.34	54.59	52.22	49.98	47.86	45.81	43.76	41.72	39.68	37.71	36.03	34.52	33.20	31.91	30.92	30.37	30.02	29.68	29.36	29.10	29.00	
123.00	116.24	109.79	103.35	97.08	90.80	85.27	80.42	76.20	72.02	67.86	63.78	59.92	56.16	52.42	48.91	45.43	42.17	39.05	36.51	34.15	32.45	30.92	30.19	29.49	29.03	28.73	28.44	28.27	28.13	28.00	
123.00	117.58	112.28	107.09	101.92	96.85	91.90	87.08	82.34	78.04	73.93	69.86	66.02	62.41	58.93	55.54	52.55	49.83	47.34	45.18	43.51	41.94	40.43	39.04	37.84	36.68	35.63	34.68	33.81	33.12	32.72	32.34	32.04	32.01	32.00	
106.00	101.34	96.69	92.27	88.01	83.77	79.60	75.50	71.77	68.10	64.85	61.76	58.74	55.73	53.14	50.60	48.10	45.81	43.83	42.02	40.30	38.79	37.65	36.54	35.48	34.42	33.42	32.49	31.76	31.04	30.65	30.27	30.00	
111.00	106.31	101.65	97.31	92.99	88.68	84.54	80.44	76.44	72.90	69.48	66.10	62.98	60.07	57.16	54.28	51.54	49.05	46.55	44.08	41.63	39.29	37.54	35.88	34.22	32.58	31.35	30.25	29.19	28.34	28.00	
113.00	107.62	102.63	98.43	94.33	90.36	86.46	82.64	78.92	75.24	71.82	68.55	65.48	62.41	59.35	56.41	53.79	51.27	49.00	46.78	44.62	42.47	40.51	38.62	36.87	35.25	33.78	32.37	31.17	30.14	29.57	29.00	
105.00	100.04	95.13	91.17	87.31	83.53	80.10	76.71	73.50	70.37	67.26	64.23	61.21	58.52	55.87	53.22	50.65	48.46	46.40	44.38	42.56	40.85	39.14	37.50	35.85	34.22	32.75	31.68	30.81	30.18	29.63	29.12	28.64	28.19	27.73	27.30	27.00	
117.00	112.93	109.00	105.11	101.25	97.47	93.81	90.26	86.80	83.46	80.28	77.10	74.00	70.99	68.12	65.33	62.70	60.15	57.80	55.63	53.50	51.38	49.32	47.28	45.34	43.41	41.54	39.74	37.96	36.43	35.09	34.10	33.19	32.29	31.41	31.00	
102.00	97.58	93.21	89.18	85.43	81.82	78.23	74.95	71.93	69.01	66.25	63.53	60.87	58.33	55.81	53.37	50.97	48.70	46.49	44.36	42.50	40.95	39.43	37.95	36.53	35.13	33.81	32.50	31.41	30.33	29.33	28.53	27.79	27.29	27.10	27.00	
103.00	99.39	95.81	92.29	88.94	85.65	82.44	79.31	76.23	73.33	70.48	67.65	64.98	62.46	59.93	57.56	55.28	53.01	50.82	48.69	46.77	44.88	43.09	41.44	39.81	38.20	36.71	35.43	34.24	33.05	32.11	31.22	30.35	29.69	29.34	29.05	29.00	
120.00	115.04	110.21	105.58	101.09	96.76	92.73	88.75	84.85	81.01	77.19	73.50	69.83	66.50	63.47	60.59	57.73	54.88	52.33	49.79	47.54	45.50	43.49	41.67	39.99	38.31	36.67	35.15	33.87	32.74	31.68	30.95	30.38	29.86	29.40	29.00	
112.00	106.93	102.01	97.32	92.74	88.22	83.75	79.72	75.86	72.11	68.38	64.78	61.25	57.97	54.93	52.02	49.46	46.92	44.69	42.85	41.09	39.54	38.10	36.70	35.35	34.14	33.10	32.20	31.55	31.03	30.57	30.16	30.00	
104.00	99.27	94.74	90.30	85.90	81.52	77.19	72.96	68.96	65.35	61.82	58.60	55.63	53.01	50.45	47.93	45.45	43.26	41.24	39.25	37.81	36.47	35.39	34.34	33.44	32.61	31.97	31.38	30.97	30.67	30.43	30.22	30.11	30.00	
107.00	101.69	96.42	91.29	86.52	81.88	77.37	72.99	68.66	64.68	60.76	57.28	54.36	51.49	48.76	46.22	43.70	41.30	39.11	37.16	35.26	33.36	32.21	31.17	30.35	29.72	29.20	28.68	28.19	27.72	27.33	27.05	27.00	
106.00	101.11	96.42	91.75	87.08	82.47	78.24	74.07	69.91	66.23	62.97	59.88	57.06	54.27	51.56	48.88	46.78	45.15	43.56	42.07	40.92	39.78	38.67	37.63	36.60	35.83	35.15	34.54	33.92	33.39	32.89	32.47	32.20	32.02	32.00	
115.00	110.35	105.84	101.35	97.04	92.76	88.69	84.73	81.40	78.42	75.46	72.69	69.99	67.38	64.78	62.18	59.64	57.14	54.70	52.28	49.86	47.52	45.24	43.10	41.08	39.13	37.29	35.72	34.20	32.70	31.39	30.17	28.97	27.94	27.56	27.19	27.00	
104.00	99.73	95.62	91.73	88.00	84.31	80.70	77.22	73.77	70.39	67.15	63.98	60.82	57.82	55.02	52.33	49.89	47.58	45.68	43.92	42.22	40.55	39.00	37.71	36.50	35.38	34.30	33.34	32.52	31.76	31.29	31.00	
117.00	111.90	106.84	101.90	97.01	92.24	87.58	83.27	79.04	75.11	71.18	67.75	64.46	61.21	58.03	55.42	52.90	50.43	48.01	45.66	43.57	41.74	39.95	38.17	36.78	35.68	34.60	33.67	32.87	32.21	31.59	31.23	31.00	
101.00	97.01	93.06	89.26	85.66	82.17	78.99	75.89	72.95	70.03	67.28	64.60	61.96	59.52	57.22	54.99	53.03	51.16	49.32	47.56	45.86	44.17	42.48	40.88	39.41	38.09	36.78	35.76	34.75	33.95	33.40	32.91	32.43	32.14	32.00	
102.00	97.97	94.08	90.48	86.92	83.43	80.06	76.83	73.71	70.64	67.62	64.75	62.15	59.56	57.04	54.61	52.28	50.04	47.86	45.71	43.84	41.99	40.15	38.46	36.91	35.55	34.33	33.21	32.53	31.87	31.36	31.07	31.00	
102.00	97.37	92.82	88.46	84.39	80.42	76.67	73.00	69.52	66.45	63.52	60.59	57.69	54.87	52.33	49.82	47.39	45.35	43.60	41.89	40.21	38.63	37.24	36.09	35.09	34.19	33.34	32.65	32.19	31.73	31.39	31.13	31.03	31.00	
120.00	114.16	108.33	102.73	97.61	92.67	88.08	83.77	79.64	75.62	71.62	67.99	64.84	61.69	58.70	55.75	52.90	50.23	47.65	45.09	42.70	40.56	38.76	36.97	35.60	34.26	33.53	32.84	32.30	31.85	31.54	31.27	31.00	
118.00	113.09	108.21	103.40	98.66	94.28	89.91	85.71	81.55	77.52	73.52	70.07	66.68	63.66	60.74	57.94	55.47	53.24	51.02	48.98	47.02	45.06	43.16	41.31	39.48	37.71	35.97	34.31	32.87	31.61	30.56	29.70	28.87	28.46	28.16	28.00	
106.00	101.25	96.72	92.33	88.10	83.89	79.81	75.81	71.81	67.83	64.01	60.61	57.26	54.20	51.78	49.68	47.64	45.72	43.96	42.26	40.74	39.23	37.75	36.44	35.46	34.52	33.74	33.15	32.63	32.24	32.01	32.00	
104.00	99.46	95.08	90.76	86.54	82.35	78.68	75.19	71.71	68.39	65.09	61.81	58.67	55.78	53.00	50.26	47.54	45.05	42.60	40.58	38.63	36.77	35.26	34.08	33.26	32.52	31.88	31.35	30.98	30.62	30.28	30.00	
104.00	99.47	94.98	90.63	86.58	82.70	78.90	75.68	72.62	69.63	66.85	64.10	61.39	58.97	56.61	54.28	52.16	50.20	48.34	46.53	44.73	42.99	41.39	39.90	38.44	37.18	36.04	35.02	34.21	33.52	32.88	32.36	32.00	
103.00	98.78	94.57	90.43	86.29	82.31	78.45	74.82	71.28	67.84	64.56	61.38	58.30	55.82	53.45	51.31	49.24	47.21	45.44	43.73	42.35	40.97	39.72	38.47	37.25	36.06	35.05	34.08	33.35	32.68	32.03	31.58	31.27	31.00	
105.00	100.60	96.49	92.43	88.56	84.96	81.41	77.97	74.54	71.18	67.92	64.69	61.49	58.29	55.13	52.14	49.52	46.96	44.57	42.34	40.44	38.61	37.05	35.67	34.30	33.41	32.60	31.85	31.17	31.08	31.01	31.00	
104.00	99.91	95.89	91.97	88.09	84.29	80.56	76.85	73.23	69.67	66.30	63.24	60.33	57.54	54.91	52.31	49.74	47.20	44.83	42.85	40.87	39.07	37.34	35.71	34.39	33.07	31.97	30.93	29.91	29.01	28.33	27.89	27.63	27.39	27.17	27.06	27.00	
102.00	97.66	93.67	89.70	85.80	82.05	78.76	75.58	72.64	69.82	67.01	64.25	61.59	59.03	56.79	54.60	52.43	50.28	48.19	46.18	44.21	42.27	40.33	38.58	36.97	35.54	34.30	33.18	32.28	31.43	30.65	29.90	29.19	28.52	28.17	28.06	28.00	
101.00	97.32	93.95	90.61	87.35	84.16	81.05	77.99	74.98	71.98	69.07	66.47	63.92	61.38	58.86	56.74	54.63	52.61	50.60	48.63	46.74	44.86	43.03	41.51	40.22	39.07	38.01	37.00	36.04	35.24	34.44	33.74	33.13	32.64	32.19	32.02	32.00	
104.00	99.74	95.48	91.24	87.10	83.17	79.31	75.69	72.21	68.79	65.59	62.49	59.67	56.99	54.33	51.68	49.39	47.14	44.92	42.85	41.28	39.81	38.38	37.15	35.99	34.92	33.93	33.30	32.84	32.48	32.28	32.08	32.00	
120.00	115.25	110.51	106.13	101.80	97.49	93.23	89.05	85.09	81.20	77.46	73.78	70.23	66.70	63.17	60.08	57.14	54.40	51.68	49.10	46.61	44.22	41.84	40.04	38.38	36.73	35.25	34.43	33.81	33.19	32.60	32.00	
123.00	117.36	112.16	107.12	102.10	97.10	92.14	87.22	82.43	77.84	73.28	68.93	64.60	60.37	56.20	52.16	48.39	44.83	42.65	40.99	39.41	37.90	36.53	35.33	34.38	33.61	32.85	32.21	31.61	31.04	30.53	30.11	30.00	
108.00	103.69	99.56	95.44	91.39	87.37	83.74	80.14	76.62	73.11	69.69	66.35	63.05	59.81	56.59	53.70	51.04	48.42	45.82	43.59	41.40	39.37	37.48	36.02	34.69	33.52	32.37	31.27	30.60	29.95	29.34	28.74	28.40	28.18	28.00	
103.00	98.54	94.07	89.80	85.59	81.97	78.36	74.96	71.58	68.29	65.06	61.88	58.93	55.99	53.45	50.95	48.58	46.37	44.20	42.24	40.40	38.63	36.89	35.30	33.79	32.76	31.83	31.04	30.60	30.26	30.10	30.00	
121.00	115.92	110.95	106.26	101.68	97.33	93.11	89.21	85.42	81.68	78.15	74.66	71.35	68.07	64.81	61.68	58.65	55.83	53.06	50.38	47.77	45.33	42.90	40.59	38.42	36.93	35.53	34.23	33.08	31.95	31.47	31.09	31.00	
105.00	100.92	96.91	92.94	89.01	85.16	81.43	78.29	75.24	72.22	69.25	66.28	63.67	61.14	58.87	56.72	54.65	52.60	50.58	48.66	46.79	44.95	43.18	41.47	39.84	38.22	36.64	35.06	33.76	32.58	31.48	30.70	29.96	29.23	28.61	28.00	
120.00	115.01	110.09	105.37	101.06	96.85	92.68	88.58	84.59	80.72	77.10	73.51	70.33	67.16	64.00	60.93	57.89	54.97	52.10	49.38	46.69	44.43	42.26	40.11	38.00	36.11	34.23	32.45	31.17	29.93	28.76	28.20	28.00	
120.00	114.91	110.08	105.29	101.07	97.04	93.10	89.16	85.54	82.11	78.77	75.62	72.51	69.46	66.44	63.46	60.57	57.73	54.89	52.38	49.93	47.88	45.97	44.29	42.64	41.10	39.62	38.18	36.79	35.60	34.43	33.33	32.26	31.46	30.86	30.36	30.00	
116.00	110.86	106.17	101.48	96.96	92.60	88.27	84.05	80.03	76.51	73.07	69.66	66.52	63.40	60.29	57.24	54.20	51.25	48.36	45.58	42.83	40.15	37.57	35.05	33.05	31.43	30.21	29.31	28.52	27.73	27.00	
122.00	116.51	111.06	105.79	100.69	95.96	91.27	86.62	82.42	78.49	74.79	71.19	67.63	64.11	60.80	57.64	54.52	51.48	48.64	45.97	43.39	40.82	38.34	36.39	35.07	33.82	32.64	31.82	31.02	30.22	29.56	28.95	28.34	28.00	
117.00	111.44	106.12	101.18	96.40	91.64	86.92	82.24	77.97	73.88	70.14	66.78	63.61	60.52	57.77	55.11	52.55	50.09	47.72	45.41	43.64	42.25	40.90	39.71	38.58	37.51	36.50	35.51	34.61	33.72	33.00	32.37	32.15	32.00	
104.00	98.43	92.87	88.05	83.42	78.94	74.57	70.33	66.20	62.44	58.78	55.78	52.85	50.34	47.93	45.58	43.40	41.53	39.94	38.42	36.95	35.71	34.51	33.42	32.33	31.32	30.64	29.98	29.55	29.13	29.00	
102.00	98.54	95.39	92.34	89.34	86.38	83.44	80.59	77.84	75.10	72.42	69.80	67.30	64.83	62.39	59.96	57.55	55.14	52.79	50.72	48.77	46.86	44.95	43.10	41.29	39.65	38.22	36.86	35.60	34.38	33.37	32.80	32.30	31.81	31.45	31.19	31.00	
115.00	110.51	106.08	101.74	97.76	93.85	89.99	86.13	82.28	78.62	75.15	71.73	68.47	65.24	62.11	59.13	56.29	53.56	51.02	48.55	46.19	43.86	41.59	39.34	37.18	35.23	33.93	32.88	32.04	31.37	30.80	30.24	29.75	29.38	29.11	29.00	
103.00	99.35	95.76	92.29	88.83	85.44	82.21	79.01	75.97	72.95	69.95	67.26	64.59	62.13	59.67	57.28	55.00	52.77	50.55	48.40	46.27	44.15	42.27	40.45	38.65	36.87	35.21	33.59	32.66	31.99	31.37	30.81	30.31	30.00	
110.00	105.38	101.00	96.84	92.81	88.87	85.11	81.45	78.13	74.87	71.83	68.80	65.79	63.03	60.51	58.05	55.63	53.32	51.06	48.84	46.81	44.91	43.07	41.25	39.48	37.74	36.13	34.85	33.76	33.03	32.39	31.87	31.53	31.25	31.17	31.08	31.00	
108.00	103.32	98.68	94.05	89.59	85.21	81.01	76.83	72.90	69.07	65.31	62.24	59.33	56.44	53.74	51.06	48.44	45.84	43.28	40.88	38.49	36.73	35.00	33.68	32.45	31.27	30.25	29.34	28.63	28.20	28.00	
102.00	98.24	94.54	90.89	87.24	83.64	80.28	76.95	73.90	71.07	68.31	65.56	62.84	60.14	57.70	55.26	52.86	50.78	48.71	46.71	44.72	42.77	40.83	39.10	37.46	35.97	34.99	34.18	33.47	32.78	32.12	31.49	30.87	30.49	30.19	30.00	
109.00	104.52	100.07	95.77	91.70	87.66	83.68	79.70	75.73	71.78	68.27	64.87	61.78	58.81	55.93	53.38	50.97	48.65	46.55	44.47	42.46	40.44	38.55	36.66	34.84	33.13	31.59	30.18	29.21	28.60	28.01	28.00	
109.00	105.17	101.43	97.73	94.05	90.42	86.90	83.51	80.15	76.83	73.58	70.41	67.29	64.23	61.19	58.19	55.43	52.75	50.18	47.64	45.10	42.90	40.98	39.29	37.66	36.09	34.56	33.19	32.53	31.96	31.38	30.94	30.50	30.28	30.13	30.00	
106.00	100.85	96.28	91.71	87.23	83.27	79.39	75.62	71.93	68.34	64.87	61.48	58.43	55.41	52.67	50.07	47.50	44.93	42.86	40.96	39.15	37.42	35.77	34.13	32.54	31.05	30.05	29.40	28.79	28.22	27.64	27.08	27.00	
116.00	111.57	107.23	102.88	98.56	94.29	90.33	86.37	82.48	79.00	75.60	72.43	69.32	66.22	63.28	60.64	58.03	55.45	53.00	50.58	48.32	46.14	44.19	42.30	40.48	38.94	37.80	36.78	35.76	35.00	34.40	33.84	33.34	32.91	32.56	32.24	32.00	
113.00	108.28	103.65	99.17	94.95	90.83	86.84	83.10	79.76	76.42	73.12	69.97	66.98	64.13	61.35	58.63	56.11	53.71	51.36	49.03	47.06	45.25	43.44	41.73	40.09	38.56	37.24	36.05	34.86	33.92	33.07	32.27	31.54	31.06	30.63	30.27	30.00	
110.00	104.36	99.19	94.33	89.58	85.48	81.55	77.87	74.30	70.86	67.69	64.68	61.75	58.87	56.09	53.43	50.89	48.37	46.26	44.21	42.31	40.53	38.77	37.15	35.58	34.30	33.08	31.95	30.88	29.91	29.18	28.55	27.94	27.57	27.31	27.09	27.00	
104.00	99.60	95.53	91.52	87.73	83.97	80.52	77.10	73.70	70.31	67.08	64.19	61.50	58.82	56.25	53.72	51.21	48.78	46.48	44.20	41.95	40.14	38.33	36.53	35.03	33.65	32.40	31.37	30.35	29.35	28.56	28.27	28.00	
106.00	101.99	98.11	94.36	90.62	86.95	83.29	79.65	76.05	72.52	69.02	65.74	62.48	59.27	56.30	53.48	50.68	47.90	45.57	43.36	41.21	39.16	37.28	35.86	34.67	33.94	33.43	33.11	32.81	32.53	32.26	32.00	
119.00	113.66	108.45	103.27	98.18	93.42	88.91	84.67	80.50	76.37	72.31	68.51	64.75	60.98	57.64	54.64	52.03	49.55	47.15	44.82	42.56	40.46	38.42	36.55	35.38	34.27	33.19	32.15	31.17	30.20	29.59	29.23	29.00	
107.00	103.14	99.29	95.46	91.89	88.35	84.81	81.33	78.35	75.39	72.54	69.71	66.94	64.24	61.62	59.11	56.61	54.16	51.74	49.54	47.36	45.26	43.23	41.22	39.25	37.33	35.40	33.68	32.28	30.95	29.85	28.85	28.53	28.25	28.00	
116.00	110.64	105.27	99.96	94.76	90.13	85.50	81.50	77.84	74.36	71.12	67.95	64.86	61.78	58.70	55.69	52.93	50.51	48.23	45.96	43.90	41.91	39.92	37.99	36.23	34.65	33.28	31.95	30.78	29.66	29.00	
108.00	103.32	98.68	94.38	90.34	86.36	82.40	78.52	74.65	70.83	67.37	64.23	61.12	58.08	55.19	52.42	50.05	47.70	45.41	43.22	41.20	39.24	37.31	35.49	33.97	32.96	32.13	31.58	31.21	31.02	31.00	
111.00	106.77	102.59	98.61	94.64	90.68	86.89	83.16	79.44	75.79	72.15	68.52	65.40	62.37	59.50	57.03	54.63	52.27	49.97	47.87	45.86	43.85	41.94	40.11	38.34	36.65	34.97	33.40	31.84	30.30	29.54	28.80	28.20	27.73	27.36	27.06	27.00	
108.00	102.87	97.98	93.20	88.48	83.98	79.50	75.02	70.62	66.51	62.67	58.90	55.51	52.23	49.55	46.91	44.60	42.43	40.46	38.50	36.56	34.68	33.17	32.01	30.95	29.94	29.52	29.34	29.18	29.04	29.00	
108.00	103.41	99.04	94.70	90.38	86.36	82.42	78.52	74.67	71.15	67.68	64.49	61.31	58.15	55.64	53.30	51.15	49.01	46.90	44.93	42.97	41.15	39.44	37.79	36.28	34.96	33.64	32.38	31.22	30.13	29.17	28.42	27.95	27.53	27.25	27.00	
109.00	104.07	99.17	94.37	89.81	85.30	80.85	76.86	73.24	69.85	66.75	63.82	60.90	58.00	55.56	53.16	50.83	48.72	46.78	44.89	43.11	41.49	39.89	38.63	37.41	36.32	35.24	34.30	33.57	32.93	32.31	31.71	31.27	31.00	
123.00	116.48	110.23	104.28	98.58	92.89	87.89	82.89	78.19	73.88	69.58	65.69	61.94	58.20	55.03	52.19	49.94	47.88	46.04	44.23	42.53	40.95	39.44	38.24	37.05	36.07	35.24	34.43	33.70	33.01	32.46	32.00	
102.00	97.48	92.98	88.62	84.37	80.39	76.56	72.76	69.12	65.55	62.30	59.15	56.56	54.12	51.76	49.54	47.54	45.56	43.61	41.66	39.71	37.77	36.25	35.03	34.07	33.16	32.28	31.48	30.69	29.94	29.61	29.31	29.05	29.00	
113.00	107.29	101.65	96.52	91.43	86.46	81.59	77.08	73.23	69.57	65.92	62.29	58.71	55.22	51.96	48.75	45.79	43.01	40.31	38.01	36.21	34.95	33.74	32.70	31.65	30.68	29.78	29.05	28.46	27.93	27.42	27.00	
104.00	99.73	95.58	91.46	87.43	83.42	79.47	75.85	72.37	68.94	65.53	62.17	59.12	56.08	53.10	50.38	48.11	46.18	44.27	42.52	40.81	39.11	37.47	35.94	34.47	33.30	32.27	31.47	30.69	29.91	29.28	28.66	28.10	27.54	27.11	27.03	27.00	
117.00	112.08	107.56	103.17	98.79	94.46	90.14	86.23	82.64	79.13	75.66	72.30	68.99	65.67	62.58	59.50	56.45	53.66	51.00	48.63	46.46	44.38	42.47	40.77	39.15	37.57	36.04	34.54	33.05	31.67	30.79	29.98	29.34	28.81	28.37	28.00	
101.00	96.75	92.57	88.76	85.03	81.36	77.78	74.21	70.63	67.06	63.83	60.79	57.78	54.99	52.27	49.59	47.23	45.09	43.06	41.27	39.62	38.00	36.68	35.36	34.22	33.27	32.51	31.97	31.63	31.32	31.00	31.00	
101.00	97.01	93.06	89.31	85.70	82.26	78.92	75.80	72.69	69.67	66.88	64.32	61.79	59.37	57.07	54.87	52.83	50.81	48.84	46.88	45.02	43.23	41.51	39.90	38.34	37.12	35.92	34.75	33.82	32.98	32.29	31.65	31.11	30.68	30.38	30.08	30.00	
116.00	110.75	105.55	100.39	95.60	91.17	86.75	82.63	78.60	74.65	70.95	67.39	64.01	61.35	58.81	56.41	54.04	51.71	49.42	47.29	45.18	43.28	41.47	40.00	38.72	37.52	36.34	35.19	34.23	33.38	32.62	32.09	31.60	31.19	31.00	
114.00	108.60	103.26	97.99	93.41	88.84	84.58	80.51	76.83	73.19	69.57	65.99	62.45	59.19	56.22	53.25	50.68	48.40	46.27	44.22	42.18	40.25	38.33	36.45	34.88	33.35	32.01	30.86	29.88	29.00	28.35	27.77	27.43	27.22	27.09	27.00	
119.00	113.42	108.29	103.44	98.78	94.18	89.85	85.68	81.56	77.52	73.75	70.00	66.26	63.09	59.95	56.82	53.85	51.12	48.49	46.05	43.75	41.52	39.36	37.78	36.25	34.77	33.96	33.18	32.49	31.98	31.63	31.30	31.00	
102.00	98.69	95.46	92.28	89.11	86.09	83.11	80.22	77.42	74.71	72.06	69.40	66.77	64.20	61.75	59.32	57.04	54.82	52.62	50.45	48.31	46.23	44.39	42.57	40.86	39.17	37.54	35.97	34.40	32.85	31.66	30.75	29.84	29.02	28.20	28.09	28.00	
102.00	97.34	92.69	88.38	84.43	80.61	77.10	73.72	70.57	67.43	64.58	61.80	59.10	56.54	54.23	51.95	49.71	47.56	45.55	43.63	41.76	40.00	38.34	36.72	35.11	33.72	32.46	31.34	30.24	29.23	28.46	28.26	28.07	28.00	
116.00	110.13	104.52	98.93	93.97	89.20	84.42	80.38	76.41	72.71	69.14	65.69	62.33	59.04	55.85	53.23	50.68	48.34	46.06	44.14	42.36	40.61	38.87	37.21	35.94	34.89	33.96	33.35	32.86	32.40	32.03	32.00	
103.00	98.66	94.34	90.02	85.86	81.70	77.67	73.99	70.36	66.88	63.78	60.95	58.35	55.92	53.52	51.22	49.03	46.87	45.05	43.30	41.66	40.09	38.53	37.18	35.85	34.85	33.88	33.05	32.23	31.46	30.75	30.37	30.00	
107.00	103.42	99.86	96.35	92.89	89.46	86.07	82.76	79.52	76.41	73.34	70.42	67.55	64.77	62.03	59.36	56.69	54.15	51.66	49.37	47.15	44.98	42.84	40.75	38.72	36.80	35.32	33.88	32.62	31.50	30.67	30.42	30.20	30.00	
121.00	116.28	111.58	106.96	102.38	97.98	93.68	89.71	85.78	82.20	78.67	75.14	71.78	68.50	65.31	62.14	58.98	56.06	53.49	50.91	48.44	46.18	43.94	41.95	40.21	38.49	36.84	35.21	33.77	32.43	31.57	30.86	30.56	30.28	30.16	30.07	30.00	
101.00	97.45	93.99	90.58	87.27	84.02	80.79	77.57	74.43	71.40	68.51	65.64	62.81	60.09	57.45	54.99	52.54	50.42	48.42	46.42	44.50	42.71	41.02	39.59	38.19	36.80	35.42	34.06	32.78	31.54	30.43	29.50	29.04	28.58	28.13	28.00	
104.00	99.45	95.15	90.88	86.62	82.76	79.13	75.52	72.18	68.85	65.67	62.75	60.35	58.01	55.81	53.64	51.58	49.71	47.91	46.13	44.36	42.60	40.89	39.21	37.78	36.36	34.97	33.81	32.70	31.63	30.83	30.15	30.00	
122.00	116.25	110.96	105.76	100.87	96.02	91.24	86.49	82.00	77.55	73.22	69.08	64.98	60.93	56.88	52.99	49.52	46.38	43.71	41.46	39.22	37.24	35.64	34.21	32.82	31.49	30.37	29.52	28.74	28.03	27.34	27.00	
122.00	115.96	110.01	104.27	99.51	95.10	90.69	86.47	82.40	78.41	74.46	70.58	66.84	63.10	59.46	56.08	53.12	50.63	48.29	46.12	44.12	42.29	40.71	39.21	37.74	36.30	34.91	33.64	32.39	31.76	31.36	31.00	
123.00	117.05	111.47	106.08	100.94	95.81	90.75	85.81	81.59	77.49	73.57	69.97	66.94	63.93	61.23	58.65	56.12	53.59	51.09	48.77	46.54	44.35	42.17	40.21	38.39	36.63	34.96	33.47	32.10	30.90	29.92	29.11	28.48	28.14	28.00	
114.00	109.65	105.48	101.42	97.44	93.56	89.70	85.88	82.11	78.37	74.85	71.36	67.99	64.72	61.57	58.53	55.62	52.93	50.29	47.68	45.17	42.86	40.78	38.84	37.17	35.55	34.01	32.73	31.51	30.47	29.45	28.99	28.57	28.15	28.03	28.00	
109.00	104.39	99.83	95.30	90.88	86.79	82.81	78.89	75.19	71.63	68.19	65.04	61.98	59.03	56.13	53.38	50.66	48.17	45.74	43.56	41.56	39.66	37.92	36.31	34.84	33.49	32.52	31.97	31.43	31.25	31.09	31.00	
122.00	117.00	112.36	107.77	103.29	98.91	94.63	90.38	86.24	82.21	78.24	74.28	70.37	66.70	63.23	60.06	56.94	54.01	51.16	48.40	45.92	44.00	42.19	40.49	38.94	37.40	36.04	34.89	33.94	33.31	32.88	32.48	32.19	32.11	32.05	32.00	
112.00	107.26	102.55	97.95	93.34	88.79	84.36	80.06	76.17	72.30	68.47	64.97	61.71	58.45	55.20	51.95	49.16	46.44	43.91	41.53	39.65	37.90	36.18	34.60	33.21	31.93	30.69	29.79	29.04	28.45	28.00	
107.00	102.83	98.69	94.75	91.00	87.30	83.61	80.02	76.43	72.91	69.55	66.31	63.08	59.85	56.75	53.95	51.17	48.55	46.23	44.05	41.97	40.23	38.57	37.03	35.78	34.76	33.78	32.87	32.39	32.18	32.00	
105.00	100.84	96.90	92.98	89.12	85.31	81.90	78.59	75.39	72.19	69.07	66.08	63.09	60.12	57.24	54.55	52.07	49.60	47.33	45.19	43.14	41.10	39.12	37.18	35.57	33.96	32.56	31.37	30.35	29.55	29.00	28.48	28.18	28.01	28.00	
112.00	107.08	102.30	97.52	93.16	88.85	84.56	80.32	76.46	72.85	69.39	66.08	62.92	59.76	56.65	53.76	51.09	48.86	46.64	44.50	42.39	40.39	38.45	36.74	35.23	33.73	32.57	31.49	30.48	29.61	28.96	28.56	28.26	28.09	28.00	
103.00	99.06	95.30	91.58	87.92	84.31	80.83	77.49	74.18	70.97	67.79	64.62	61.51	58.40	55.37	52.37	49.41	46.60	44.03	41.79	39.55	37.51	35.85	34.26	32.78	31.76	30.89	30.02	29.36	28.75	28.36	28.04	27.72	27.42	27.17	27.00	
109.00	103.22	97.43	92.01	86.66	81.58	76.98	72.54	68.40	64.42	60.93	57.49	54.21	51.25	48.60	46.33	44.15	42.03	40.22	38.66	37.38	36.43	35.53	34.74	33.96	33.25	32.54	31.87	31.53	31.22	31.08	31.00	
103.00	98.83	94.67	90.66	86.65	82.68	78.91	75.15	71.84	68.64	65.47	62.37	59.29	56.25	53.37	50.67	48.14	45.64	43.36	41.29	39.29	37.94	36.62	35.37	34.34	33.33	32.43	31.55	30.68	29.89	29.33	28.95	28.63	28.33	28.08	28.02	28.00	
103.00	98.87	94.81	90.77	86.74	82.92	79.13	75.54	72.01	68.63	65.42	62.45	59.50	56.59	54.25	51.95	49.69	47.52	45.56	43.69	41.85	40.05	38.28	36.70	35.25	33.86	32.64	31.47	30.49	29.68	29.04	28.43	27.86	27.35	27.09	27.00	
107.00	102.43	98.09	93.97	90.18	86.40	82.84	79.49	76.17	72.93	69.71	66.57	63.62	60.75	57.98	55.22	53.01	50.90	49.00	47.27	45.67	44.11	42.57	41.09	39.64	38.36	37.12	36.01	34.93	33.89	32.93	32.41	31.92	31.52	31.29	31.08	31.00	
113.00	107.89	102.87	98.03	93.32	88.67	84.43	80.26	76.29	72.39	68.66	65.27	62.19	59.27	56.42	53.72	51.10	48.69	46.64	44.96	43.29	41.73	40.35	39.11	38.03	37.04	36.06	35.21	34.39	33.62	33.10	32.74	32.45	32.22	32.00	
115.00	110.35	105.77	101.30	96.84	92.51	88.19	84.11	80.29	76.56	73.10	69.74	66.67	63.62	60.79	58.05	55.50	53.06	50.63	48.42	46.48	44.55	42.77	41.01	39.51	38.09	36.76	35.48	34.23	33.05	32.42	31.80	31.38	31.13	31.00	
105.00	100.28	95.62	91.15	86.79	83.38	80.04	76.85	73.77	70.73	67.83	65.01	62.28	59.61	56.98	54.55	52.18	49.92	47.87	45.87	43.92	42.02	40.37	38.81	37.38	35.99	34.98	34.15	33.47	32.81	32.29	31.88	31.57	31.30	31.13	31.00	
106.00	101.51	97.11	92.77	88.72	84.68	80.68	76.68	72.90	69.16	65.45	61.91	58.87	55.89	53.57	51.26	49.01	46.99	45.18	43.56	42.01	40.59	39.25	38.09	37.09	36.15	35.33	34.60	34.02	33.46	32.94	32.46	32.02	31.66	31.39	31.15	31.00	
101.00	96.03	91.31	86.74	82.18	77.68	73.62	69.85	66.22	62.80	59.40	56.32	53.52	50.86	48.24	45.70	43.28	41.14	39.29	37.44	35.76	34.49	33.38	32.74	32.16	31.71	31.53	31.36	31.20	31.12	31.05	31.00	
118.00	112.32	106.73	101.15	95.84	90.64	85.48	80.55	75.94	71.77	67.94	64.24	60.63	57.34	54.17	51.27	48.42	45.83	43.35	41.60	40.15	38.75	37.41	36.06	35.09	34.15	33.32	32.72	32.13	31.64	31.30	31.02	31.00	
113.00	108.12	103.26	98.50	93.82	89.22	84.87	80.66	76.47	72.33	68.26	64.27	60.49	56.75	53.09	49.52	46.15	42.99	40.21	37.78	35.54	33.80	32.32	30.95	29.88	28.89	28.14	27.71	27.31	27.15	27.00	
114.00	109.09	104.46	99.84	95.22	90.76	86.34	81.93	77.57	73.26	69.27	65.43	61.75	58.36	55.14	52.19	49.35	46.56	43.79	41.16	39.28	37.46	36.10	34.94	33.79	32.78	31.95	31.16	30.54	30.08	29.70	29.40	29.18	29.00	
123.00	118.06	113.28	108.56	103.93	99.41	94.93	90.57	86.34	82.43	78.52	75.22	71.91	68.68	65.48	62.50	59.60	56.73	54.06	51.48	48.94	46.68	44.82	43.03	41.29	39.56	37.84	36.22	34.63	33.29	32.44	32.07	32.00	
107.00	102.29	97.73	93.24	89.32	85.57	81.82	78.08	74.37	70.89	67.45	64.05	60.73	57.60	54.49	51.38	48.70	46.14	43.78	41.46	39.56	37.90	36.43	35.58	34.82	34.07	33.35	32.66	31.99	31.51	31.05	30.81	30.57	30.34	30.19	30.05	30.00	
117.00	111.87	107.25	102.69	98.18	94.07	90.08	86.19	82.40	78.66	75.03	71.42	67.84	64.38	61.15	57.99	55.16	52.61	50.22	47.93	45.66	43.39	41.26	39.27	37.30	35.60	34.12	32.68	32.10	31.60	31.11	30.73	30.44	30.21	30.00	
102.00	97.32	92.86	88.75	85.06	81.51	78.14	74.81	71.64	68.47	65.39	62.44	59.67	56.98	54.35	51.98	49.75	47.67	45.96	44.29	42.71	41.15	39.73	38.39	37.18	35.98	35.01	34.07	33.22	32.39	31.67	30.98	30.46	29.96	29.50	29.18	29.00	
112.00	108.06	104.62	101.19	97.84	94.59	91.36	88.17	85.14	82.13	79.14	76.21	73.42	70.64	67.87	65.14	62.41	59.75	57.12	54.52	51.93	49.40	46.90	44.68	42.62	40.79	39.07	37.45	35.99	34.87	33.78	32.74	31.79	30.92	30.44	30.00	
112.00	107.43	103.10	98.80	94.54	90.33	86.13	82.23	78.62	75.22	72.01	68.84	65.70	62.77	59.92	57.08	54.50	51.91	49.50	47.34	45.18	43.12	41.24	39.52	37.82	36.29	34.91	33.63	32.56	31.55	31.00	
108.00	103.41	99.16	94.97	90.81	86.68	82.66	78.64	74.75	71.17	67.64	64.17	60.90	57.63	54.80	52.46	50.14	47.87	45.84	43.90	42.02	40.32	38.71	37.28	35.98	34.83	33.80	32.88	32.03	31.43	30.89	30.44	30.14	30.00	
119.00	113.89	108.82	103.81	98.86	94.20	89.74	85.67	81.66	77.70	74.10	70.55	66.99	63.64	60.32	57.78	55.39	53.02	50.67	48.57	46.48	44.48	42.57	40.81	39.17	37.56	35.99	34.44	32.92	31.47	30.25	29.04	28.40	27.89	27.43	27.04	27.00	
106.00	101.14	96.28	91.47	86.80	82.23	77.83	74.03	70.25	66.51	62.88	59.42	56.66	53.92	51.45	49.27	47.20	45.15	43.23	41.52	40.08	38.67	37.36	36.09	35.11	34.31	33.58	32.90	32.42	32.24	32.09	32.00	
108.00	101.34	94.93	88.69	82.48	77.31	72.85	68.47	64.38	60.55	57.00	54.10	51.38	48.77	46.55	44.49	42.64	40.84	39.12	37.43	36.03	34.78	33.57	32.37	31.36	30.52	30.10	29.68	29.27	29.01	29.00	
103.00	98.42	93.86	89.69	85.84	82.30	78.91	75.53	72.30	69.08	65.90	62.72	59.62	56.58	53.96	51.47	49.02	46.73	44.49	42.34	40.33	38.58	37.06	35.59	34.14	32.75	31.41	30.29	29.31	28.46	27.74	27.26	27.00	
114.00	107.70	101.93	96.58	91.32	86.51	81.78	77.17	72.58	68.25	63.93	59.80	55.93	52.40	48.90	45.53	42.34	39.48	37.30	35.57	34.15	32.87	31.68	30.63	29.93	29.32	28.85	28.45	28.30	28.16	28.06	28.00	
114.00	107.00	100.33	94.03	88.41	82.91	77.76	72.82	68.24	64.11	60.66	57.38	54.13	51.17	48.41	46.46	44.63	43.14	41.69	40.36	39.04	37.75	36.49	35.26	34.22	33.24	32.45	31.76	31.24	30.79	30.47	30.25	30.04	30.00	
118.00	113.36	108.80	104.28	99.79	95.35	91.20	87.09	83.12	79.22	75.35	71.69	68.11	64.63	61.33	58.11	54.99	52.13	49.28	46.51	44.08	41.70	39.56	37.75	35.98	34.38	32.86	31.87	31.18	30.57	30.06	29.65	29.32	29.15	29.00	
119.00	114.62	110.72	106.88	103.15	99.61	96.08	92.54	89.02	85.58	82.33	79.09	75.86	72.70	69.59	66.57	63.79	61.07	58.57	56.08	53.61	51.18	48.93	46.76	44.73	43.05	41.39	39.75	38.13	36.71	35.49	34.32	33.26	32.52	31.79	31.24	31.00	
105.00	100.44	96.38	92.35	88.41	84.56	80.88	77.34	73.83	70.36	67.02	63.78	60.77	57.77	55.29	52.83	50.59	48.41	46.25	44.11	42.05	40.05	38.16	36.49	34.88	33.33	32.11	30.90	29.79	29.11	28.49	27.95	27.49	27.28	27.08	27.04	27.00	
105.00	101.23	97.64	94.09	90.94	87.84	84.76	81.72	78.79	75.87	73.04	70.22	67.42	64.69	62.03	59.39	56.77	54.44	52.35	50.45	48.60	46.79	44.99	43.47	42.00	40.55	39.17	37.81	36.50	35.29	34.12	33.16	32.55	31.98	31.46	31.06	31.00	
117.00	112.12	107.65	103.25	99.11	95.02	91.03	87.11	83.23	79.35	75.50	71.99	68.77	65.68	62.68	59.80	57.23	54.69	52.29	49.93	47.89	45.92	43.99	42.16	40.42	38.75	37.46	36.39	35.40	34.69	34.09	33.53	32.97	32.55	32.24	32.00	
108.00	103.00	98.20	93.57	89.23	85.05	80.90	76.75	72.71	68.85	65.22	61.60	58.98	56.47	54.05	51.68	49.41	47.30	45.24	43.22	41.35	39.72	38.09	36.85	35.69	34.63	33.60	32.57	32.02	31.65	31.30	31.06	31.00	
107.00	103.00	99.00	95.21	91.52	87.95	84.39	81.01	77.68	74.59	71.56	68.66	65.85	63.23	60.70	58.32	55.99	53.80	51.62	49.54	47.56	45.59	43.73	42.09	40.56	39.05	37.59	36.14	34.84	33.71	32.92	32.16	31.81	31.47	31.15	31.00	
121.00	115.93	110.94	106.07	101.53	96.99	92.69	88.61	84.57	80.57	76.75	73.08	69.79	66.55	63.36	60.24	57.34	54.58	52.01	49.50	47.01	44.62	42.32	40.19	38.21	36.32	34.63	33.44	32.26	31.13	30.45	29.80	29.40	29.03	29.00	
122.00	117.18	112.59	108.08	103.74	99.48	95.38	91.44	87.67	84.05	80.48	76.97	73.59	70.49	67.66	64.87	62.23	59.65	57.14	54.71	52.27	49.92	47.63	45.39	43.20	41.05	38.95	37.00	35.15	33.33	31.58	30.07	29.21	28.66	28.26	28.01	28.00	
121.00	114.36	107.96	101.94	96.43	90.96	85.56	80.99	76.42	71.90	67.67	63.88	60.13	56.99	54.05	51.44	49.06	46.77	44.50	42.28	40.32	38.79	37.28	35.81	34.76	33.78	32.82	31.97	31.23	30.52	29.87	29.41	29.04	29.00	
117.00	111.61	106.54	101.49	96.47	91.68	86.95	82.43	78.10	74.07	70.23	66.63	63.15	59.76	56.43	53.27	50.49	47.73	45.04	42.40	40.18	38.10	36.55	35.13	33.94	32.87	31.82	31.10	30.55	30.00	29.58	29.24	29.00	
123.00	117.58	112.22	107.03	101.90	97.49	93.19	89.08	85.18	81.31	77.50	73.71	69.96	66.51	63.34	60.33	57.54	54.94	52.52	50.11	47.76	45.41	43.55	41.77	40.34	38.95	37.57	36.29	35.09	33.98	33.05	32.13	31.37	30.76	30.27	30.00	
115.00	110.37	105.74	101.12	96.90	92.87	89.05	85.27	81.60	78.14	74.97	71.96	68.97	66.00	63.13	60.34	57.66	55.19	52.80	50.44	48.17	46.04	44.11	42.31	40.60	38.91	37.37	35.94	34.65	33.56	32.54	31.66	31.15	31.07	31.00	
119.00	113.38	108.26	103.22	98.19	93.22	88.34	83.53	78.76	74.21	69.74	66.14	62.71	59.32	55.95	52.87	49.88	47.27	44.76	42.30	39.96	37.88	35.91	34.02	32.21	30.46	29.24	28.64	28.33	28.15	28.01	28.00	
107.00	101.63	96.56	91.64	86.79	81.99	77.31	73.24	69.39	65.77	62.29	59.03	56.17	53.40	50.86	48.40	46.33	44.36	42.40	40.60	39.05	37.66	36.31	35.17	34.10	33.12	32.18	31.34	30.52	29.84	29.16	28.49	27.86	27.28	27.12	27.00	
101.00	96.60	92.28	88.01	83.75	79.64	75.58	71.97	68.36	64.95	61.63	58.33	55.09	51.94	49.09	46.38	44.55	42.82	41.26	39.70	38.18	36.84	35.59	34.35	33.41	32.48	31.60	30.75	29.98	29.29	28.63	28.13	27.70	27.34	27.00	
121.00	115.12	109.28	103.51	97.90	92.61	87.44	82.39	77.51	72.79	68.77	65.14	61.94	58.78	55.63	52.67	49.89	47.20	44.53	41.87	39.65	37.49	35.55	34.18	32.95	32.22	31.52	30.84	30.40	30.17	30.06	30.00	
101.00	95.97	90.98	86.24	81.56	77.10	72.75	68.80	64.95	61.21	57.53	54.17	51.54	49.03	46.57	44.69	42.83	41.18	39.65	38.22	36.81	35.49	34.32	33.16	32.29	31.45	30.63	29.83	29.05	28.28	28.00	
103.00	98.23	94.08	89.93	85.86	81.80	77.85	74.17	70.58	67.20	64.24	61.51	59.05	56.64	54.27	51.92	49.91	48.28	46.68	45.10	43.53	42.03	40.66	39.34	38.03	36.86	35.72	34.75	33.78	32.92	32.10	31.32	30.60	30.24	30.08	30.00	
111.00	105.99	101.08	96.31	91.58	87.12	82.67	78.67	75.09	71.53	68.06	64.65	61.45	58.53	55.72	52.95	50.30	47.71	45.29	43.01	40.88	38.78	37.17	35.82	34.55	33.34	32.16	31.11	30.22	29.39	28.56	28.27	28.04	28.00	
122.00	117.14	112.44	107.94	103.47	99.02	94.58	90.29	86.13	81.99	78.14	74.30	70.62	66.98	63.75	60.53	58.00	55.55	53.15	50.78	48.44	46.19	44.02	41.95	40.18	38.42	36.77	35.30	34.31	33.37	32.57	32.10	31.69	31.30	31.03	31.00	
104.00	99.52	95.35	91.41	87.51	83.92	80.47	77.05	73.69	70.33	67.03	63.84	60.85	57.86	55.05	52.31	49.66	47.13	44.65	42.59	40.82	39.46	38.17	37.15	36.26	35.52	34.79	34.16	33.54	32.95	32.44	31.98	31.55	31.23	31.00	
120.00	114.18	108.42	103.15	98.08	93.04	88.13	83.62	79.51	75.41	71.51	68.06	64.85	61.76	58.93	56.24	53.71	51.34	49.13	47.16	45.26	43.44	41.82	40.24	38.84	37.52	36.28	35.08	34.31	33.57	33.00	32.60	32.37	32.17	32.06	32.02	32.00	
118.00	112.51	107.08	101.96	97.03	92.62	88.32	84.20	80.19	76.50	72.97	69.50	66.20	63.00	59.92	57.06	54.26	51.79	49.44	47.29	45.19	43.16	41.37	39.59	37.89	36.25	34.79	33.54	32.38	31.28	30.18	29.25	28.43	27.65	27.02	27.00	
109.00	104.67	100.50	96.40	92.37	88.64	84.95	81.47	78.02	74.58	71.27	68.11	65.12	62.16	59.36	56.64	53.94	51.26	48.69	46.14	43.74	41.56	39.59	37.64	35.95	34.51	33.19	31.93	30.85	29.94	29.09	28.36	27.89	27.53	27.22	27.00	
107.00	101.93	96.89	92.07	87.68	83.62	79.56	75.74	72.03	68.42	64.81	61.65	58.55	55.52	52.77	50.11	47.50	45.42	43.43	41.73	40.19	38.91	37.62	36.39	35.39	34.50	33.72	33.02	32.39	32.10	32.00	
122.00	115.96	110.28	104.72	99.44	94.48	89.87	85.40	81.05	76.79	73.08	69.74	66.40	63.05	59.82	56.86	53.95	51.12	48.31	45.52	42.89	40.68	38.55	36.48	34.69	32.99	31.33	30.08	29.39	28.89	28.50	28.16	28.07	28.04	28.00	
107.00	102.81	98.65	94.75	90.89	87.33	84.26	81.20	78.19	75.30	72.47	69.71	66.99	64.32	61.75	59.23	56.74	54.39	52.18	49.99	47.86	45.82	43.88	42.02	40.24	38.56	36.89	35.34	33.94	32.71	31.62	30.66	29.86	29.06	29.00	
107.00	103.14	99.30	95.55	91.86	88.18	84.72	81.49	78.31	75.16	72.03	68.91	65.88	63.12	60.40	57.68	55.05	52.75	50.51	48.57	46.68	44.80	43.04	41.32	39.67	38.01	36.58	35.42	34.29	33.29	32.42	31.71	31.07	30.65	30.31	30.00	
111.00	105.50	100.31	95.21	90.18	85.54	81.16	76.96	72.91	69.24	65.83	62.46	59.11	55.81	52.54	49.54	46.65	44.12	42.22	40.33	38.46	36.79	35.35	34.02	33.10	32.28	31.53	30.79	30.21	30.02	30.00	
116.00	111.60	107.21	102.99	98.81	94.63	90.47	86.38	82.29	78.65	75.25	71.88	68.54	65.24	62.17	59.14	56.19	53.43	50.68	48.23	45.78	43.49	41.33	39.38	37.49	35.85	34.49	33.47	32.65	31.96	31.26	30.68	30.34	30.18	30.03	30.00	
108.00	103.64	99.31	95.04	90.81	86.57	82.54	78.78	75.23	71.83	68.64	65.52	62.44	59.67	57.00	54.33	51.75	49.24	46.78	44.45	42.52	40.79	39.08	37.65	36.43	35.48	34.59	33.75	33.11	32.54	32.12	31.76	31.41	31.10	31.04	31.00	
102.00	98.21	94.52	90.86	87.57	84.33	81.11	77.90	74.69	71.50	68.45	65.68	62.93	60.19	57.50	54.86	52.23	49.65	47.08	44.60	42.30	40.15	38.07	36.27	34.48	32.73	31.00	29.77	28.78	27.81	27.16	27.06	27.00	
110.00	104.26	98.53	93.47	89.14	84.88	80.75	76.92	73.36	69.94	66.53	63.20	60.07	57.36	54.88	52.55	50.50	48.47	46.65	44.99	43.41	41.86	40.41	38.97	37.60	36.30	35.21	34.21	33.27	32.35	31.51	30.72	30.32	30.14	30.01	30.01	30.00	
114.00	108.57	103.50	98.71	94.49	90.35	86.35	82.47	78.63	74.83	71.34	67.96	64.63	61.34	58.32	55.46	52.63	49.95	47.69	45.59	43.49	41.51	39.55	38.00	36.74	35.55	34.50	33.46	32.44	31.47	30.74	30.10	30.00	
107.00	101.98	97.07	92.47	88.37	84.54	80.75	76.97	73.20	69.69	66.18	62.96	59.85	57.19	54.87	52.61	50.54	48.63	46.78	44.92	43.09	41.30	39.66	38.08	36.86	35.85	35.06	34.36	33.65	32.99	32.37	32.05	32.00	
103.00	97.45	92.82	88.21	83.70	79.44	75.36	71.36	67.48	63.78	60.35	57.14	53.99	51.18	48.94	46.81	44.91	43.16	41.41	39.77	38.15	36.80	35.55	34.34	33.16	32.00	30.98	30.08	29.31	28.60	28.13	28.00	
103.00	98.35	93.87	89.54	85.47	81.42	77.74	74.17	70.68	67.26	64.18	61.38	58.60	55.91	53.33	50.79	48.27	45.85	43.50	41.24	38.99	36.97	35.72	34.62	33.54	32.48	31.45	30.57	29.73	29.32	29.00	
117.00	111.77	106.95	102.25	97.55	92.89	88.31	84.22	80.17	76.41	72.74	69.22	65.74	62.39	59.07	55.86	52.80	49.93	47.29	44.70	42.17	40.02	37.90	35.78	34.06	32.96	32.28	31.77	31.27	30.86	30.56	30.26	30.00	
116.00	111.09	106.24	101.50	97.00	92.52	88.12	83.72	79.35	75.42	71.53	67.85	64.27	61.24	58.34	55.49	52.69	50.05	47.68	45.35	43.05	40.78	38.69	37.25	35.81	34.46	33.10	32.09	31.49	31.08	30.77	30.48	30.25	30.04	30.00	
114.00	107.41	100.92	94.74	88.66	83.28	78.05	73.74	69.85	66.17	62.80	59.45	56.15	52.87	49.78	46.70	43.91	41.35	39.15	37.04	34.94	33.34	31.86	30.73	29.74	28.75	27.92	27.57	27.32	27.10	27.02	27.00	
103.00	98.27	93.70	89.13	84.67	80.50	76.50	72.51	68.57	64.90	61.36	58.01	54.99	52.30	49.70	47.28	45.21	43.22	41.32	39.54	37.80	36.28	35.00	33.85	32.88	32.03	31.39	30.77	30.16	29.75	29.38	29.15	29.00	
118.00	113.10	108.62	104.32	100.19	96.12	92.17	88.35	84.62	81.00	77.43	74.03	70.66	67.37	64.19	61.01	57.96	55.39	53.01	50.78	48.69	46.62	44.58	42.89	41.35	39.93	38.52	37.16	35.91	34.71	33.67	32.85	32.40	32.16	32.00	
121.00	116.00	111.16	106.37	102.17	98.07	94.06	90.16	86.42	82.72	79.13	75.60	72.13	68.79	65.64	62.53	59.57	56.62	54.00	51.60	49.29	46.98	44.72	42.57	40.45	38.37	36.33	34.55	32.81	31.20	29.89	28.72	27.98	27.30	27.13	27.03	27.00	
108.00	103.56	99.26	94.99	90.76	86.64	82.81	79.01	75.31	71.88	68.67	65.52	62.61	60.21	57.99	55.85	53.71	51.65	49.61	47.71	45.90	44.17	42.51	40.89	39.37	37.98	36.72	35.50	34.44	33.48	32.64	32.04	31.53	31.26	31.09	31.00	
103.00	98.87	94.79	90.71	86.85	83.12	79.62	76.14	72.81	69.57	66.51	63.49	60.52	57.72	55.19	52.74	50.42	48.21	46.16	44.18	42.21	40.26	38.56	36.98	35.69	34.50	33.40	32.33	31.37	30.71	30.20	29.78	29.40	29.16	29.00	
117.00	111.15	105.46	99.85	94.29	88.94	83.67	78.91	74.53	70.32	66.20	62.17	58.19	54.27	50.57	46.98	43.91	41.60	39.53	37.85	36.19	35.05	34.10	33.33	32.62	31.95	31.34	30.97	30.62	30.32	30.07	30.00	
121.00	115.38	109.88	104.51	99.38	94.28	89.50	85.23	81.10	77.14	73.34	69.82	66.39	62.98	59.75	56.60	53.46	50.45	47.85	45.48	43.16	41.18	39.43	37.78	36.18	34.83	33.55	32.61	31.72	30.83	30.14	29.45	29.00	
122.00	116.42	110.97	105.54	100.25	95.17	90.32	85.53	81.07	76.92	73.12	69.35	65.72	62.11	58.55	55.00	51.89	48.87	46.08	43.55	41.06	38.89	36.79	34.86	33.23	31.71	30.71	29.82	29.22	29.03	29.00	
112.00	107.34	102.75	98.40	94.13	90.18	86.26	82.68	79.24	76.07	72.95	69.96	67.07	64.26	61.55	59.04	56.78	54.55	52.35	50.18	48.07	46.26	44.45	42.73	41.29	40.04	38.82	37.63	36.61	35.61	34.62	33.65	32.88	32.41	32.00	32.00	
104.00	99.33	94.70	90.14	85.70	81.37	77.36	73.58	69.81	66.12	62.45	59.02	55.79	52.68	49.59	46.59	43.88	41.35	38.85	37.21	35.75	34.38	33.08	31.85	30.76	30.31	29.99	29.71	29.45	29.22	29.00	
117.00	111.54	106.14	100.77	95.52	90.30	85.78	81.42	77.13	72.97	69.10	65.33	61.62	58.44	55.41	52.42	49.52	46.71	44.35	42.19	40.28	38.66	37.09	35.55	34.00	32.52	31.21	29.99	28.79	28.13	27.77	27.44	27.23	27.07	27.00	
119.00	113.88	108.79	103.80	98.95	94.23	89.57	84.97	80.49	76.14	71.96	68.09	64.43	60.79	57.51	54.92	52.44	50.05	47.74	45.60	43.48	41.42	39.49	37.59	35.80	34.25	33.13	32.05	31.24	30.49	29.79	29.35	29.00	
104.00	99.63	95.37	91.17	87.28	83.41	79.85	76.50	73.30	70.10	67.12	64.15	61.58	59.16	56.79	54.52	52.32	50.48	48.66	46.85	45.05	43.30	41.57	39.89	38.23	36.77	35.60	34.47	33.60	32.75	32.03	31.54	31.23	31.00	
123.00	118.23	113.51	108.93	104.58	100.24	95.98	91.72	87.65	83.69	79.90	76.21	72.52	69.10	65.80	62.60	59.62	56.72	54.14	51.68	49.23	46.86	44.63	42.66	40.71	38.88	37.07	35.59	34.13	32.85	32.14	32.00	
112.00	107.18	102.39	97.71	93.28	89.00	84.78	80.66	76.56	72.90	69.27	65.67	62.25	58.98	56.08	53.25	50.69	48.54	46.46	44.55	42.79	41.02	39.33	37.73	36.18	34.80	33.49	32.39	31.31	30.41	29.56	28.91	28.34	28.16	28.00	
105.00	100.62	96.25	92.06	87.96	83.90	79.94	76.22	72.84	69.72	66.74	63.88	61.14	58.50	55.86	53.25	50.75	48.25	45.76	43.30	40.94	38.72	36.93	35.64	34.45	33.56	33.04	32.65	32.37	32.18	32.00	
115.00	109.61	104.38	99.16	93.97	89.39	85.02	80.73	76.74	72.82	69.22	66.06	62.90	60.01	57.41	54.87	52.67	50.52	48.42	46.45	44.49	42.63	40.81	39.34	37.98	36.70	35.47	34.36	33.30	32.41	31.53	30.83	30.43	30.15	30.04	30.00	
110.00	105.00	100.44	95.97	91.73	87.57	83.62	79.84	76.11	72.62	69.20	65.86	62.60	59.46	56.95	54.60	52.32	50.15	48.00	45.87	43.87	41.95	40.31	38.67	37.05	35.74	34.46	33.33	32.22	31.35	30.55	29.97	29.50	29.14	29.08	29.03	29.00	
112.00	107.25	102.53	97.83	93.18	88.61	84.07	79.82	75.58	71.55	67.72	64.01	60.60	57.54	54.57	51.62	48.70	45.80	43.49	41.87	40.27	38.69	37.40	36.12	34.99	34.03	33.35	32.72	32.11	32.05	32.00	
111.00	106.63	102.29	97.97	93.71	89.59	85.72	81.89	78.43	74.97	71.68	68.40	65.35	62.49	59.66	57.04	54.61	52.33	50.15	47.97	46.00	44.10	42.33	40.67	39.33	38.11	36.97	35.87	34.91	34.06	33.23	32.44	31.73	31.06	30.40	30.18	30.00	
120.00	114.26	108.53	102.84	97.29	91.88	86.92	81.96	77.90	73.88	69.88	65.98	62.27	58.64	55.22	52.09	49.13	46.42	43.83	41.61	39.47	37.42	36.34	35.33	34.50	33.82	33.16	32.55	31.94	31.38	30.82	30.35	30.00	
111.00	106.48	102.10	97.81	93.54	89.30	85.20	81.42	77.98	74.63	71.31	68.00	65.05	62.19	59.41	56.68	53.97	51.28	48.62	46.30	44.29	42.39	40.54	38.79	37.28	36.02	34.87	33.81	32.78	31.78	30.85	30.09	29.43	28.85	28.36	28.10	28.00	
123.00	117.82	112.68	107.81	102.94	98.08	93.30	88.64	83.98	79.39	75.06	70.79	66.69	62.91	59.69	56.79	53.92	51.14	48.38	45.71	43.19	40.92	38.72	36.55	34.43	32.36	30.35	28.94	27.80	27.24	27.00	
105.00	100.67	96.44	92.22	88.04	83.97	80.02	76.32	72.64	69.15	65.70	62.30	59.03	56.03	53.35	50.78	48.36	45.96	43.66	41.44	39.27	37.26	35.25	33.53	32.17	31.13	30.15	29.24	28.55	27.94	27.45	27.04	27.00	
115.00	109.74	104.85	100.15	95.67	91.33	87.06	82.92	78.95	75.23	71.61	68.13	64.94	61.80	58.76	55.92	53.14	50.78	48.58	46.44	44.40	42.38	40.46	38.62	37.07	35.61	34.37	33.16	32.04	30.97	30.18	29.45	28.76	28.13	27.62	27.24	27.00	
113.00	107.37	101.77	96.68	91.79	86.99	82.30	77.79	74.40	71.06	67.93	64.85	61.93	59.05	56.24	53.73	51.48	49.25	47.11	45.07	43.14	41.31	39.48	37.81	36.20	34.60	33.45	32.44	31.76	31.26	30.79	30.38	30.00	
109.00	104.62	100.29	95.96	91.69	87.42	83.18	79.27	75.42	72.04	69.10	66.25	63.45	60.85	58.28	55.78	53.39	51.16	49.09	47.07	45.35	43.86	42.41	40.99	39.61	38.25	36.90	35.82	34.79	33.78	32.92	32.46	32.00	
122.00	115.85	109.90	104.08	98.35	92.81	87.45	82.31	77.77	73.33	69.41	65.83	62.26	58.76	55.44	52.21	49.07	46.28	43.95	41.70	39.74	37.88	36.18	34.78	33.65	32.52	31.39	30.28	29.43	28.63	28.05	28.00	
120.00	114.36	108.84	103.39	98.15	92.97	87.87	83.30	78.74	74.34	69.99	65.69	62.15	58.77	55.70	52.76	50.05	47.42	44.90	42.59	40.50	38.55	37.05	35.89	34.89	33.90	32.96	32.24	31.61	31.27	31.07	31.00	
120.00	114.52	109.07	104.08	99.48	94.92	90.60	86.60	82.61	78.79	75.17	71.58	68.13	64.88	61.63	58.40	55.34	52.43	49.57	46.98	44.43	42.03	39.78	37.91	36.44	35.48	34.52	33.81	33.11	32.44	32.00	
105.00	101.25	97.60	94.04	90.55	87.13	84.11	81.10	78.10	75.20	72.38	69.61	66.87	64.16	61.56	59.21	57.01	54.99	53.01	51.15	49.35	47.61	45.93	44.28	42.69	41.25	39.95	38.77	37.75	36.77	35.81	34.87	33.93	33.01	32.13	32.00	
111.00	106.17	101.34	96.70	92.09	87.68	83.33	79.52	75.73	72.10	68.58	65.14	61.73	58.33	55.64	53.08	50.76	48.58	46.62	44.69	42.83	41.01	39.22	37.58	35.99	34.42	32.92	31.72	30.70	29.74	28.96	28.18	28.00	
117.00	110.45	104.38	98.37	92.52	86.79	81.44	76.25	72.49	68.91	65.41	62.29	59.32	56.40	53.59	50.85	48.32	45.90	43.49	41.15	39.06	37.34	35.97	34.67	33.45	32.41	31.45	30.65	29.99	29.58	29.21	29.00	
120.00	114.72	109.65	104.65	99.91	95.62	91.51	87.48	83.47	79.78	76.10	72.56	69.08	65.65	62.37	59.13	56.31	53.49	50.70	48.24	46.16	44.09	42.18	40.58	39.08	37.61	36.22	35.01	33.94	32.94	32.13	31.65	31.20	30.77	30.37	30.03	30.00	
112.00	107.60	103.29	99.01	94.73	90.71	86.78	82.97	79.22	75.77	72.36	68.98	65.70	62.50	59.50	56.59	53.94	51.45	48.97	46.62	44.65	42.78	40.94	39.09	37.36	35.84	34.38	32.98	31.60	30.32	29.07	28.09	27.21	27.00	
116.00	111.62	107.27	103.06	98.87	94.86	90.97	87.12	83.44	79.82	76.30	72.82	69.76	66.93	64.33	61.77	59.28	56.92	54.81	52.76	50.89	49.02	47.19	45.38	43.58	41.81	40.29	38.89	37.55	36.25	35.00	33.82	33.05	32.41	31.79	31.34	31.00	
101.00	97.25	93.52	89.79	86.28	82.82	79.47	76.19	73.08	70.03	67.17	64.46	61.78	59.13	56.54	54.10	51.72	49.35	47.21	45.17	43.14	41.24	39.54	37.99	36.46	35.35	34.37	33.40	32.45	31.65	30.88	30.38	29.92	29.48	29.12	29.01	29.00	
117.00	111.85	106.84	101.90	97.35	92.96	88.61	84.90	81.28	77.78	74.28	70.79	67.52	64.31	61.21	58.32	55.47	52.76	50.15	47.59	45.05	43.08	41.11	39.25	37.52	35.87	34.22	32.98	32.55	32.29	32.10	32.04	32.00	
113.00	108.10	103.41	98.86	94.43	90.05	85.96	81.92	77.95	74.17	70.44	66.79	63.75	60.77	58.02	55.53	53.06	51.04	49.03	47.14	45.25	43.46	41.77	40.44	39.15	37.94	37.08	36.27	35.49	34.77	34.16	33.55	33.11	32.70	32.30	32.15	32.00	
121.00	115.57	110.25	104.99	100.12	95.47	91.25	87.19	83.16	79.25	75.41	71.77	68.31	64.90	61.68	58.84	56.08	53.38	50.87	48.37	45.94	43.65	41.49	39.43	37.61	36.12	34.67	33.31	31.97	30.87	30.00	29.60	29.21	29.00	
101.00	96.86	92.88	89.05	85.24	81.55	77.93	74.64	71.40	68.29	65.20	62.11	59.10	56.11	53.21	50.36	47.52	44.94	42.90	40.95	39.04	37.16	35.48	34.04	32.61	31.62	30.69	30.19	29.72	29.24	29.11	29.00	
104.00	99.77	95.62	91.65	87.97	84.38	80.79	77.32	73.95	70.68	67.45	64.32	61.34	58.47	55.67	52.89	50.26	47.76	45.65	43.79	42.21	40.77	39.51	38.39	37.44	36.49	35.56	34.63	33.73	32.82	32.53	32.30	32.15	32.00	
116.00	110.92	105.88	101.13	96.53	92.23	87.96	83.73	79.51	75.41	71.41	67.55	63.91	60.35	57.38	54.43	51.68	49.04	46.73	44.46	42.36	40.34	38.37	36.45	35.00	33.63	32.54	31.73	30.95	30.35	29.80	29.38	29.00	
101.00	96.61	92.30	87.99	84.06	80.13	76.36	72.64	69.06	65.66	62.38	59.25	56.72	54.40	52.27	50.23	48.23	46.24	44.46	42.72	41.01	39.31	37.67	36.04	34.55	33.19	32.21	31.67	31.36	31.06	31.00	
115.00	110.02	105.10	100.41	95.73	91.21	86.70	82.25	77.82	73.41	69.13	64.90	61.07	57.28	53.87	50.78	47.88	45.15	42.73	40.31	38.08	35.95	33.82	31.76	30.59	29.55	28.89	28.25	27.69	27.37	27.09	27.01	27.00	
110.00	103.67	97.72	92.49	87.48	83.01	78.96	75.07	71.30	67.61	64.08	60.68	57.31	54.13	51.30	48.55	46.06	43.63	41.39	39.28	37.27	35.28	33.57	32.19	30.92	29.91	29.17	28.49	27.85	27.27	27.00	
101.00	97.10	93.29	89.49	85.73	82.08	78.50	75.05	71.69	68.52	65.46	62.58	59.90	57.24	54.73	52.43	50.15	47.96	45.84	43.88	42.01	40.18	38.72	37.59	36.85	36.17	35.49	34.82	34.18	33.60	33.02	32.55	32.24	32.10	32.00	
108.00	102.84	97.82	93.29	88.92	84.56	80.24	75.99	71.89	68.06	64.36	60.81	57.49	54.25	51.04	48.05	45.19	42.40	40.07	38.16	36.43	34.78	33.56	32.54	31.56	30.66	29.81	29.08	28.37	27.72	27.37	27.10	27.00	
110.00	105.47	100.94	96.49	92.07	87.69	83.37	79.45	75.53	71.64	67.91	64.40	60.91	57.56	54.38	51.24	48.45	45.73	43.06	40.75	39.20	37.84	36.50	35.16	33.93	32.80	31.87	30.98	30.37	30.06	29.77	29.50	29.24	29.11	29.00	
103.00	98.97	95.11	91.25	87.44	83.76	80.09	76.47	72.96	69.51	66.34	63.20	60.07	57.00	53.96	51.19	48.74	46.32	44.01	41.87	39.81	38.15	36.61	35.28	33.99	32.79	31.66	30.56	29.65	29.12	28.61	28.17	28.00	
104.00	99.89	95.97	92.12	88.32	84.55	80.89	77.34	73.81	70.28	67.07	64.11	61.24	58.39	55.68	53.54	51.43	49.36	47.31	45.45	43.71	41.98	40.40	38.83	37.58	36.44	35.33	34.27	33.37	32.55	31.75	30.99	30.26	30.13	30.00	
102.00	97.91	93.90	89.89	86.04	82.34	78.78	75.27	71.78	68.65	65.71	62.76	59.94	57.29	54.76	52.26	49.98	47.84	45.75	43.88	42.02	40.22	38.42	36.75	35.17	33.62	32.48	31.73	31.03	30.40	29.89	29.40	29.00	
107.00	101.29	95.70	90.15	84.98	79.84	75.49	71.60	67.75	64.08	60.53	57.12	54.02	51.01	48.20	45.46	43.01	41.13	39.30	37.53	36.03	34.77	33.52	32.37	31.26	30.26	29.50	28.87	28.45	28.06	28.02	28.00	
114.00	108.66	103.52	98.82	94.15	89.57	85.35	81.39	77.56	74.03	70.67	67.55	64.60	61.83	59.36	56.95	54.55	52.24	50.02	47.85	45.99	44.15	42.36	40.64	39.12	37.64	36.27	35.17	34.32	33.51	32.80	32.28	31.87	31.54	31.26	31.00	
123.00	117.84	112.70	107.58	102.52	97.72	92.93	88.38	84.45	80.61	76.89	73.24	69.88	66.63	63.75	60.91	58.16	55.44	52.83	50.32	48.39	46.50	44.62	42.77	41.10	39.47	37.89	36.42	34.98	33.57	32.25	30.92	29.73	28.86	28.32	28.01	28.00	
117.00	111.78	106.86	102.13	97.57	93.15	89.25	85.50	81.75	78.08	74.74	71.43	68.17	64.92	61.72	58.67	56.08	53.64	51.27	49.02	46.95	44.89	42.91	41.05	39.52	38.02	36.73	35.84	34.94	34.13	33.32	32.57	31.99	31.49	31.00	
105.00	100.63	96.45	92.28	88.24	84.63	81.08	77.67	74.37	71.20	68.10	65.09	62.09	59.34	56.78	54.25	51.76	49.60	47.44	45.30	43.21	41.15	39.34	37.77	36.45	35.22	34.24	33.30	32.58	32.37	32.19	32.07	32.01	32.00	
111.00	104.48	98.69	93.30	88.49	83.76	79.49	75.93	72.67	69.49	66.50	63.76	61.11	58.66	56.23	53.81	51.46	49.23	47.34	45.48	43.67	41.90	40.13	38.51	37.23	36.02	34.84	33.78	32.98	32.18	31.47	31.00	
110.00	105.08	100.27	95.56	91.12	86.80	82.63	78.56	74.60	70.65	66.86	63.31	60.01	56.74	53.53	50.97	48.67	46.43	44.32	42.50	40.84	39.42	38.17	36.93	35.73	34.72	33.78	32.89	32.36	31.89	31.42	31.00	
107.00	102.82	98.76	94.76	90.93	87.13	83.62	80.15	76.69	73.30	70.40	67.74	65.10	62.49	59.93	57.41	54.89	52.39	50.04	47.96	45.90	43.94	42.14	40.55	39.34	38.17	37.05	36.08	35.16	34.43	33.74	33.09	32.49	32.16	32.00	
110.00	105.10	100.31	95.82	91.58	87.63	83.79	80.02	76.32	72.74	69.45	66.22	63.00	59.80	56.62	53.46	50.70	48.23	45.79	43.45	41.51	39.79	38.09	36.52	35.08	33.65	32.54	31.59	30.66	29.77	29.26	29.12	29.00	
111.00	104.07	97.21	90.85	85.41	80.20	75.63	71.15	67.37	63.62	59.90	56.51	53.87	51.29	48.76	46.55	44.44	42.54	40.66	39.18	37.72	36.38	35.13	33.96	32.81	31.78	31.12	30.55	30.27	30.06	30.00	
103.00	97.88	92.92	88.07	83.25	79.05	74.87	70.98	67.24	64.11	61.01	58.20	55.40	52.78	50.24	47.79	45.37	43.23	41.18	39.52	37.96	36.42	35.06	34.08	33.19	32.31	31.42	30.60	29.87	29.35	28.84	28.32	28.00	
112.00	106.27	100.57	95.06	90.25	85.49	81.41	77.36	73.58	69.92	66.29	62.97	59.77	56.63	53.86	51.43	49.06	46.73	44.67	42.76	40.92	39.09	37.44	35.83	34.39	33.85	33.40	32.99	32.60	32.24	32.00	
123.00	118.50	114.26	110.10	106.04	102.02	98.05	94.48	90.96	87.45	84.03	80.60	77.20	73.82	70.45	67.11	64.02	60.96	58.03	55.18	52.39	49.67	47.03	44.40	41.77	39.38	37.82	36.45	35.22	34.05	32.96	31.98	31.10	30.35	29.61	29.25	29.00	
112.00	107.00	102.11	97.24	92.48	87.89	83.75	79.80	75.99	72.26	68.82	65.38	62.15	58.97	56.07	53.20	50.45	48.04	45.66	43.49	41.51	39.71	38.02	36.34	34.97	33.85	33.02	32.39	31.87	31.55	31.31	31.12	31.00	
104.00	99.13	94.31	89.60	85.13	80.73	76.55	72.45	68.92	65.64	62.69	59.79	57.34	54.92	52.65	50.62	48.69	46.77	45.09	43.42	41.87	40.59	39.52	38.47	37.61	36.88	36.17	35.47	34.81	34.15	33.72	33.30	32.92	32.56	32.23	32.06	32.00	
121.00	115.78	110.57	105.52	100.46	95.57	90.85	86.51	82.33	78.16	74.00	70.34	66.98	63.68	60.39	57.25	54.18	51.21	48.32	45.61	43.35	41.16	39.01	37.05	35.16	33.39	31.64	30.48	29.52	28.69	28.10	27.51	27.04	27.00	
119.00	114.66	110.46	106.43	102.71	99.02	95.34	91.75	88.17	84.64	81.11	77.71	74.36	71.15	68.07	65.20	62.41	59.75	57.14	54.70	52.38	50.06	47.85	45.76	43.70	41.70	40.02	38.56	37.14	35.77	34.40	33.18	32.16	31.30	30.77	30.27	30.00	
115.00	109.12	103.54	98.37	93.37	88.71	84.13	79.60	75.51	71.74	68.24	65.24	62.29	59.53	56.85	54.24	51.69	49.23	46.81	44.43	42.47	40.58	38.88	37.27	35.78	34.35	33.09	32.16	31.39	30.62	30.08	30.04	30.01	30.00	
116.00	110.67	105.45	100.32	95.35	90.71	86.25	82.03	77.87	73.73	69.64	65.96	62.48	59.51	56.70	53.93	51.18	48.72	46.26	43.94	41.82	39.78	37.85	35.99	34.22	32.98	31.84	30.75	29.99	29.41	28.83	28.46	28.15	28.05	28.00	
108.00	103.73	99.55	95.39	91.26	87.39	83.92	80.60	77.34	74.23	71.19	68.22	65.29	62.36	59.48	56.61	54.00	51.46	48.94	46.76	44.78	42.87	41.29	39.73	38.41	37.11	35.84	34.81	33.81	32.81	32.03	31.37	31.00	
117.00	110.92	104.94	99.14	93.61	88.30	83.15	78.10	73.49	68.96	64.66	60.55	56.45	52.41	48.46	45.56	42.78	40.69	38.81	37.19	35.64	34.30	32.97	31.65	30.66	29.77	29.41	29.12	29.04	29.02	29.00	
113.00	108.29	103.66	99.09	94.73	90.94	87.29	83.81	80.39	76.99	73.97	70.96	68.08	65.21	62.35	59.58	56.88	54.42	51.99	49.68	47.39	45.23	43.20	41.33	39.53	37.80	36.10	34.42	32.78	31.20	29.65	28.89	28.31	27.91	27.57	27.26	27.00	
101.00	96.84	92.74	88.77	85.02	81.37	77.78	74.29	70.84	67.49	64.28	61.15	58.73	56.35	54.18	52.05	49.94	47.89	46.14	44.62	43.13	41.67	40.35	39.06	37.88	36.74	35.63	34.68	33.83	33.11	32.59	32.19	31.90	31.62	31.36	31.12	31.00	
102.00	97.67	93.34	89.04	84.88	80.85	77.27	73.74	70.23	66.73	63.64	61.15	58.71	56.36	54.04	51.82	49.61	47.59	45.71	43.89	42.10	40.34	38.65	36.99	35.32	33.82	32.33	31.20	30.34	29.73	29.42	29.14	29.08	29.03	29.00	
103.00	98.82	94.68	90.65	86.65	82.65	78.67	74.70	70.82	67.16	64.00	60.89	57.99	55.42	52.93	50.45	48.03	45.63	43.33	41.17	39.24	37.35	35.48	33.69	32.07	30.58	29.16	28.04	27.44	27.11	27.00	
101.00	96.76	92.60	88.53	84.49	80.60	77.03	73.62	70.37	67.14	64.01	60.98	58.15	55.34	52.53	50.14	47.76	45.43	43.25	41.13	39.05	37.16	35.58	34.04	32.53	31.21	30.12	29.08	28.39	27.76	27.37	27.13	27.00	
109.00	103.02	97.09	91.37	85.99	81.05	76.30	71.64	66.97	62.51	58.31	55.39	52.75	50.40	48.23	46.12	44.13	42.18	40.54	38.98	37.43	35.88	34.38	32.91	31.81	30.75	30.12	29.60	29.32	29.15	29.00	
122.00	116.82	111.68	106.69	101.72	97.06	92.48	87.94	83.48	79.04	75.00	71.11	67.38	64.06	60.76	57.51	54.66	51.91	49.27	46.68	44.32	42.63	41.06	39.54	38.03	36.79	35.65	34.60	33.63	32.67	31.75	31.05	30.36	29.75	29.18	29.00	
119.00	114.48	110.00	105.59	101.27	97.08	93.19	89.43	85.68	82.02	78.57	75.16	71.88	68.60	65.38	62.30	59.34	56.53	53.78	51.23	48.85	46.55	44.58	42.62	40.71	38.87	37.42	36.02	34.65	33.39	32.71	32.16	31.63	31.32	31.05	31.01	31.00	
112.00	107.32	102.79	98.35	93.96	89.62	85.54	81.50	77.78	74.23	70.77	67.53	64.31	61.10	57.93	54.94	51.96	49.14	46.50	43.93	41.57	39.77	37.98	36.31	34.73	33.46	32.36	31.51	30.68	29.92	29.39	29.15	29.01	29.00	
119.00	112.53	106.10	99.70	93.57	88.06	82.76	77.89	73.15	68.46	64.20	59.97	55.79	51.72	48.50	45.42	43.00	40.65	38.43	37.16	35.98	35.03	34.16	33.43	32.73	32.04	31.40	30.95	30.53	30.21	30.00	
113.00	108.32	103.66	99.04	94.45	89.98	85.58	81.18	76.83	72.66	68.75	65.04	61.46	58.02	54.63	51.35	48.62	46.10	43.91	41.95	40.35	39.01	37.77	36.65	35.70	34.90	34.11	33.40	32.92	32.48	32.13	32.00	
121.00	115.47	110.15	104.87	99.92	95.01	90.31	85.62	81.25	76.90	72.71	68.72	64.82	60.95	57.39	53.90	50.55	47.41	44.38	41.92	39.54	37.51	35.50	33.54	31.72	30.02	29.09	28.46	27.99	27.57	27.19	27.00	
120.00	115.39	110.84	106.31	101.81	97.41	93.31	89.31	85.46	81.71	78.26	74.83	71.45	68.18	64.99	61.94	59.00	56.09	53.20	50.32	47.52	45.00	42.54	40.80	39.12	37.56	36.39	35.30	34.48	33.73	33.01	32.34	32.13	32.00	
112.00	108.31	104.66	101.08	97.53	94.04	90.59	87.19	83.81	80.44	77.17	73.91	70.71	67.63	64.73	61.90	59.11	56.34	53.68	51.05	48.60	46.28	44.12	42.24	40.54	38.89	37.43	35.96	34.50	33.07	31.89	30.76	29.66	28.74	27.83	27.26	27.00	
121.00	116.23	111.50	106.89	102.52	98.39	94.41	90.58	86.79	83.07	79.41	75.78	72.25	68.75	65.44	62.22	59.16	56.14	53.37	50.79	48.25	46.23	44.33	42.46	40.64	38.94	37.38	35.89	34.75	33.70	32.90	32.11	31.58	31.14	30.71	30.30	30.00	
111.00	105.41	99.92	94.48	89.07	84.05	79.59	75.96	72.34	69.30	66.37	63.47	60.67	57.94	55.38	52.84	50.34	47.85	45.52	43.21	41.01	39.25	37.51	36.07	35.01	34.02	33.19	32.39	31.75	31.22	30.71	30.23	29.80	29.41	29.04	29.00	
121.00	115.67	110.47	105.45	100.47	95.50	90.55	85.92	81.39	76.88	72.97	69.18	65.53	61.91	58.45	55.10	51.91	48.90	46.79	44.99	43.26	41.53	39.93	38.44	37.00	35.56	34.55	33.55	32.78	32.03	32.00	
122.00	117.14	112.41	107.72	103.09	98.55	94.02	89.99	85.99	82.16	78.33	74.73	71.32	68.05	64.98	61.94	59.03	56.18	53.78	51.44	49.34	47.31	45.38	43.49	41.79	40.15	38.52	36.89	35.56	34.31	33.07	31.93	30.91	29.98	29.19	29.00	
117.00	111.68	106.36	101.05	96.08	91.19	86.79	82.66	78.55	74.59	70.67	66.93	63.21	59.57	56.09	52.70	49.64	46.77	44.13	42.31	40.66	39.03	37.43	35.89	34.60	33.32	32.14	31.18	30.61	30.07	30.00	
121.00	116.56	112.13	107.84	103.60	99.43	95.31	91.24	87.17	83.39	79.73	76.07	72.43	68.82	65.86	62.92	60.06	57.26	54.60	51.98	49.37	46.89	44.46	42.42	40.39	38.38	36.96	35.91	34.94	33.98	33.03	32.16	31.46	30.77	30.13	30.00	
102.00	98.38	94.75	91.34	88.01	84.73	81.50	78.35	75.25	72.34	69.50	66.65	63.86	61.07	58.38	56.11	53.93	51.86	50.04	48.29	46.57	45.01	43.49	41.99	40.59	39.19	37.93	36.77	35.84	34.98	34.15	33.34	32.83	32.45	32.23	32.00	
106.00	101.71	97.61	93.52	89.46	86.00	82.87	79.88	76.94	74.05	71.18	68.34	65.53	62.77	60.10	57.50	55.02	52.59	50.41	48.24	46.25	44.55	42.88	41.22	39.79	38.49	37.25	36.18	35.21	34.35	33.49	32.70	32.22	32.00	
107.00	102.18	97.39	92.61	87.88	83.59	79.54	75.82	72.38	69.06	65.76	62.49	59.21	56.04	53.15	50.49	47.93	45.42	43.00	40.71	38.63	36.73	35.08	34.47	33.92	33.50	33.09	32.68	32.31	32.07	32.00	
105.00	100.76	96.62	92.50	88.41	84.40	80.44	76.75	73.32	69.90	66.83	63.78	60.78	57.88	55.14	52.41	49.72	47.04	44.50	42.00	39.51	37.21	34.97	33.41	31.94	30.82	29.73	29.09	28.54	28.17	28.09	28.01	28.00	
115.00	108.96	103.26	97.79	92.76	88.23	83.85	79.61	75.50	71.88	68.25	64.84	61.51	58.28	55.09	52.61	50.18	47.83	45.55	43.45	41.42	40.00	38.57	37.16	36.19	35.29	34.40	33.54	32.77	32.18	32.00	
123.00	117.80	112.82	107.87	103.33	98.87	94.45	90.16	86.24	82.45	78.82	75.40	72.03	68.80	65.68	62.64	59.73	56.85	54.23	51.71	49.22	46.85	44.67	42.51	40.43	38.45	36.73	35.55	34.40	33.42	32.60	31.86	31.26	31.00	
106.00	100.81	95.78	91.11	86.61	82.13	78.06	74.00	69.98	66.19	62.49	59.27	56.31	53.95	51.93	50.01	48.10	46.26	44.48	42.71	41.05	39.39	37.74	36.11	34.52	33.15	31.89	30.66	29.62	28.84	28.39	28.21	28.09	28.00	
113.00	108.17	103.34	98.75	94.34	90.10	85.92	81.75	77.63	73.63	69.66	65.87	62.22	58.75	55.31	52.17	49.33	46.80	44.55	42.32	40.22	38.23	36.32	34.51	33.19	31.96	31.20	30.46	29.86	29.46	29.25	29.10	29.00	
112.00	105.45	99.38	93.94	88.88	84.05	79.29	74.59	70.49	66.72	63.15	59.66	56.41	53.28	50.17	47.33	44.77	42.40	40.09	38.68	37.42	36.24	35.12	34.30	33.49	32.68	31.99	31.67	31.35	31.13	31.00	
111.00	106.25	101.57	97.11	92.71	88.33	84.04	79.76	75.99	72.51	69.03	65.67	62.53	59.49	56.50	53.62	50.97	48.58	46.20	44.18	42.33	40.51	39.06	37.72	36.52	35.48	34.49	33.60	32.88	32.28	31.73	31.25	31.06	31.00	
120.00	114.09	108.50	103.18	98.05	92.99	88.07	83.56	79.88	76.34	72.90	69.49	66.37	63.27	60.30	57.39	54.57	51.93	49.29	46.72	44.23	42.01	39.92	37.95	36.07	34.37	33.03	31.75	30.50	29.73	29.00	
116.00	111.61	107.38	103.22	99.08	95.06	91.10	87.28	83.56	79.85	76.15	72.74	69.57	66.55	63.57	60.72	57.94	55.19	52.68	50.29	47.97	45.76	43.57	41.46	39.45	37.53	35.72	34.09	32.53	31.09	29.76	29.23	28.77	28.37	28.16	28.00	
121.00	115.70	110.52	105.96	101.43	97.30	93.20	89.13	85.07	81.01	76.97	72.94	69.58	66.25	63.01	59.84	56.86	54.15	51.47	48.86	46.25	44.52	43.06	41.64	40.22	38.97	37.81	36.74	35.71	34.69	34.00	33.38	32.78	32.34	32.10	32.00	
116.00	110.34	104.80	99.30	93.99	88.94	83.91	79.18	75.06	70.95	67.08	63.37	59.71	56.05	52.91	49.78	46.98	44.50	42.07	40.02	38.05	36.40	34.77	33.19	32.09	31.08	30.17	29.30	28.47	27.80	27.27	27.09	27.00	
112.00	106.98	102.03	97.09	92.18	87.39	82.72	78.33	74.13	70.55	67.12	64.09	61.30	58.53	55.91	53.42	51.04	48.70	46.46	44.22	42.04	40.01	38.09	36.50	34.97	33.51	32.15	30.95	29.83	28.74	28.10	27.60	27.38	27.17	27.00	
103.00	98.86	94.73	90.68	86.70	82.84	79.21	75.61	72.01	68.54	65.14	62.07	59.11	56.33	53.59	50.89	48.29	45.87	43.75	41.77	39.84	37.96	36.15	34.52	32.91	31.35	29.89	28.97	28.20	27.72	27.37	27.15	27.00	
123.00	117.04	111.36	106.28	101.26	96.44	91.65	87.03	82.64	78.30	74.00	69.86	66.05	62.57	59.22	56.12	53.05	50.34	47.79	45.34	42.94	40.71	38.60	36.65	34.70	33.06	31.49	30.26	29.28	28.53	28.02	28.00	
117.00	111.36	106.33	101.45	96.63	92.15	87.76	83.46	79.20	75.46	72.00	68.56	65.13	61.92	59.04	56.25	53.49	50.86	48.38	46.00	43.69	41.78	39.93	38.14	36.38	34.64	32.92	31.56	30.32	29.69	29.05	28.45	28.06	28.00	
105.00	100.14	95.32	90.53	85.88	81.70	77.54	73.76	70.07	66.38	63.39	60.42	57.60	54.86	52.15	49.55	47.37	45.30	43.39	41.52	39.76	38.21	36.84	35.53	34.35	33.24	32.41	32.03	31.71	31.40	31.10	31.00	
116.00	110.63	105.85	101.42	97.38	93.54	89.94	86.40	82.92	79.52	76.13	72.88	69.75	66.75	63.77	61.11	58.49	55.91	53.36	51.01	48.75	46.52	44.36	42.30	40.45	38.62	36.94	35.51	34.23	33.26	32.29	31.38	30.60	29.87	29.37	29.16	29.00	
109.00	104.61	100.31	96.01	91.98	88.47	85.01	81.66	78.33	75.04	71.84	68.68	65.60	62.85	60.20	57.58	54.98	52.42	50.18	47.96	45.76	43.65	41.56	39.98	38.67	37.41	36.23	35.18	34.20	33.24	32.32	31.42	30.59	29.81	29.23	29.00	
103.00	97.60	92.24	87.63	83.10	78.72	74.64	70.76	67.31	64.14	61.02	58.45	56.10	53.77	51.48	49.28	47.08	45.12	43.18	41.45	39.80	38.17	36.56	35.07	33.59	32.40	31.50	30.81	30.26	30.02	30.00	
106.00	101.74	97.51	93.48	89.49	85.53	81.68	77.82	74.33	70.99	68.05	65.18	62.32	59.53	57.13	54.83	52.54	50.37	48.29	46.30	44.47	42.66	40.91	39.24	37.73	36.29	34.87	33.75	32.73	31.92	31.17	30.46	29.82	29.55	29.28	29.04	29.00	
110.00	105.62	101.36	97.13	93.21	89.33	85.73	82.34	78.98	75.63	72.35	69.20	66.20	63.20	60.23	57.38	54.62	52.08	49.60	47.44	45.35	43.30	41.27	39.27	37.31	35.40	33.92	32.49	31.15	30.05	28.98	28.14	27.42	27.00	
105.00	99.69	95.23	90.90	86.57	82.40	78.34	74.36	70.53	66.77	63.03	59.32	55.78	52.25	48.73	45.52	42.58	40.14	37.72	35.40	33.85	32.73	31.66	30.63	29.91	29.41	29.02	28.67	28.39	28.15	28.03	28.00	
122.00	115.35	109.03	102.90	97.15	91.41	86.05	81.31	77.23	73.16	69.16	65.50	62.33	59.18	56.49	53.95	51.48	49.02	46.63	44.23	41.87	39.85	38.00	36.27	34.74	33.31	32.02	30.77	29.55	28.52	27.74	27.00	
121.00	115.91	110.97	106.54	102.14	97.79	93.44	89.10	84.94	80.82	76.89	73.70	70.53	67.39	64.26	61.40	58.62	55.89	53.16	50.66	48.19	45.78	43.44	41.21	39.08	37.06	35.16	34.01	33.10	32.28	31.55	30.95	30.42	30.00	
114.00	109.37	104.95	100.75	96.56	92.44	88.43	84.54	80.70	77.43	74.34	71.27	68.27	65.39	62.59	59.86	57.20	54.54	52.01	49.58	47.24	44.95	42.75	40.64	38.82	37.02	35.24	33.82	32.67	31.63	30.61	29.73	28.88	28.36	28.13	28.00	
117.00	112.01	107.12	102.35	97.58	93.00	88.61	84.47	80.41	76.61	72.89	69.20	65.57	62.00	58.44	54.98	52.02	49.38	46.75	44.14	41.63	39.39	37.66	36.08	34.50	33.45	32.40	31.36	30.47	29.61	28.81	28.53	28.35	28.16	28.07	28.00	
107.00	102.74	98.59	94.72	91.03	87.66	84.28	80.91	77.57	74.32	71.18	68.10	65.05	62.10	59.19	56.43	53.70	50.98	48.40	46.04	43.91	41.95	40.13	38.40	36.95	35.66	34.53	33.40	32.30	31.30	30.50	29.85	29.31	28.78	28.30	28.13	28.00	
105.00	100.61	96.26	92.01	87.87	83.77	80.24	76.74	73.74	71.01	68.29	65.64	63.06	60.58	58.14	55.82	53.52	51.30	49.15	47.08	45.26	43.51	41.85	40.24	38.66	37.59	36.53	35.48	34.44	33.52	32.80	32.30	31.79	31.38	31.00	
109.00	104.92	100.85	96.87	93.12	89.57	86.10	82.86	79.65	76.48	73.40	70.38	67.60	64.81	62.08	59.41	56.77	54.35	52.17	50.15	48.15	46.18	44.22	42.34	40.47	38.94	37.49	36.42	35.38	34.42	33.82	33.30	32.79	32.30	32.16	32.05	32.00	
117.00	111.07	105.32	100.12	95.24	90.60	86.19	82.04	77.97	73.92	70.29	66.70	63.20	59.70	56.55	53.42	51.01	48.62	46.39	44.45	42.64	41.05	39.75	38.49	37.26	36.10	34.94	33.97	33.28	32.65	32.29	32.14	32.00	
115.00	109.45	103.99	98.86	94.03	89.27	84.51	79.78	75.12	70.69	66.28	62.10	57.97	54.57	51.45	48.53	45.66	43.08	41.01	39.44	37.97	36.64	35.31	34.07	32.97	31.87	30.81	30.07	29.46	29.21	29.00	
114.00	109.20	104.73	100.36	96.12	91.88	87.69	83.51	79.62	75.87	72.17	68.49	65.03	61.60	58.22	55.06	52.00	49.31	46.73	44.56	42.66	40.97	39.42	37.89	36.37	35.16	34.11	33.14	32.17	31.24	30.33	29.48	28.86	28.41	28.11	28.00	
120.00	115.37	110.75	106.14	101.59	97.06	92.61	88.31	84.03	79.97	75.98	72.06	68.32	64.76	61.24	57.88	54.64	51.58	48.60	46.39	44.20	42.02	40.13	38.41	37.17	36.05	35.03	34.14	33.28	32.47	31.68	30.93	30.48	30.16	30.02	30.00	
103.00	98.30	93.77	89.31	84.88	80.51	76.33	72.26	68.29	64.38	60.76	57.66	54.63	51.67	48.93	46.47	44.19	42.03	39.95	38.16	36.44	34.94	33.94	32.98	32.35	31.72	31.13	30.56	30.31	30.10	30.00	
106.00	102.19	98.49	94.85	91.23	87.68	84.27	80.90	77.63	74.37	71.29	68.37	65.50	62.76	60.05	57.37	54.75	52.20	49.76	47.34	45.16	43.12	41.09	39.14	37.23	35.45	34.15	33.05	32.03	31.01	30.07	29.48	29.20	29.03	29.00	
109.00	104.25	99.68	95.15	90.71	86.35	82.15	78.00	73.94	70.49	67.06	63.89	60.92	57.96	55.11	52.55	50.01	47.59	45.52	43.46	41.55	39.66	38.08	36.76	35.65	34.68	33.75	33.16	32.67	32.23	32.14	32.07	32.00	32.00	
123.00	118.32	113.86	109.52	105.21	101.06	96.91	92.91	88.99	85.12	81.28	77.45	73.86	70.29	66.85	63.81	60.78	57.83	54.88	51.99	49.34	46.98	44.86	42.82	40.81	39.09	37.45	36.04	34.91	33.85	32.81	31.86	30.99	30.49	30.30	30.13	30.00	
103.00	98.21	93.61	89.06	84.57	80.29	76.31	72.52	68.85	65.27	61.89	59.23	56.64	54.10	51.58	49.14	46.86	44.61	42.41	40.36	38.39	36.51	34.74	33.08	31.62	30.74	30.20	29.67	29.40	29.20	29.03	29.00	
113.00	108.36	103.89	99.58	95.38	91.47	87.56	83.71	79.96	76.43	73.01	69.74	66.65	63.66	60.84	58.36	56.23	54.13	52.12	50.19	48.32	46.49	44.77	43.09	41.48	40.14	38.80	37.53	36.29	35.09	34.27	33.46	32.70	31.96	31.41	31.13	31.00	
104.00	100.31	96.69	93.20	89.72	86.26	82.82	79.44	76.13	72.93	69.76	66.60	63.59	60.73	57.90	55.24	52.77	50.38	48.20	46.16	44.24	42.60	41.27	39.95	38.64	37.35	36.20	35.18	34.21	33.50	32.86	32.33	31.87	31.45	31.10	31.00	
108.00	102.75	98.00	93.48	89.03	84.83	80.77	76.72	72.81	69.03	65.28	61.55	58.27	55.34	52.95	50.60	48.56	46.93	45.41	43.98	42.62	41.28	39.95	38.62	37.33	36.14	35.13	34.15	33.21	32.53	32.23	32.12	32.02	32.00	
107.00	102.31	97.64	93.07	88.58	84.41	80.44	76.73	73.08	69.71	66.50	63.32	60.33	57.45	54.85	52.37	49.97	47.73	45.51	43.32	41.17	39.04	37.22	35.68	34.31	33.15	32.13	31.11	30.09	29.16	28.30	27.73	27.48	27.26	27.09	27.00	
102.00	97.58	93.38	89.27	85.28	81.51	77.85	74.35	71.14	68.00	64.95	62.04	59.19	56.40	53.86	51.42	49.03	46.68	44.58	42.91	41.30	39.86	38.51	37.24	36.17	35.13	34.10	33.08	32.27	31.65	31.05	30.47	30.18	30.09	30.00	
107.00	102.96	99.01	95.16	91.40	87.65	83.97	80.40	76.92	73.48	70.24	67.18	64.19	61.41	58.68	56.25	53.84	51.44	49.11	46.86	44.66	42.54	40.85	39.21	37.69	36.21	34.73	33.34	32.10	31.06	30.26	30.14	30.08	30.03	30.00	
120.00	113.55	107.42	101.98	96.59	91.30	86.53	82.14	78.34	74.60	70.87	67.41	64.25	61.12	58.04	55.03	52.17	49.38	46.73	44.08	41.47	39.48	37.88	36.67	35.52	34.45	33.72	33.11	32.72	32.38	32.12	32.00	
112.00	107.79	103.74	99.83	95.96	92.32	88.69	85.05	81.56	78.08	74.63	71.22	67.91	64.62	61.44	58.39	55.37	52.58	49.89	47.53	45.39	43.57	41.74	39.93	38.14	36.44	35.08	33.74	32.42	31.26	30.35	29.49	28.83	28.37	28.00	
123.00	116.62	111.30	106.39	101.53	96.74	92.02	87.57	83.15	78.73	74.32	70.03	65.98	62.38	58.88	55.64	52.53	49.46	46.64	44.25	42.12	40.42	38.79	37.25	35.84	34.55	33.59	32.65	31.73	31.12	30.57	30.13	29.72	29.33	29.14	29.00	
103.00	98.77	94.66	90.79	86.99	83.40	79.83	76.48	73.22	70.02	67.08	64.20	61.38	58.70	56.04	53.64	51.51	49.47	47.61	45.77	44.00	42.30	40.87	39.51	38.42	37.33	36.51	35.71	34.93	34.21	33.49	32.91	32.55	32.20	32.00	
121.00	115.52	110.05	104.60	99.37	94.16	89.53	85.04	80.57	76.25	72.01	67.88	64.35	61.00	57.68	54.78	51.94	49.28	46.67	44.15	41.98	40.07	38.57	37.37	36.19	35.14	34.27	33.57	33.03	32.50	32.04	32.00	
109.00	104.16	99.75	95.50	91.31	87.29	83.32	79.48	76.10	72.85	69.70	66.58	63.58	60.82	58.19	55.65	53.15	50.73	48.36	46.02	43.97	41.99	40.08	38.24	36.70	35.24	33.86	32.51	31.33	30.41	29.49	28.77	28.18	27.69	27.20	27.00	
106.00	100.57	95.57	90.84	86.69	82.60	78.54	74.87	71.79	68.86	65.93	63.04	60.20	57.42	54.73	52.26	49.79	47.58	45.40	43.32	41.47	39.83	38.27	36.75	35.28	34.02	32.76	31.75	31.00	30.33	30.00	
102.00	97.60	93.21	88.87	84.59	80.60	76.71	72.89	69.20	65.57	62.15	59.17	56.35	53.54	50.83	48.23	45.78	43.49	41.47	39.80	38.53	37.29	36.10	35.03	34.09	33.37	32.66	32.00	31.47	30.98	30.56	30.33	30.13	30.00	
110.00	104.67	99.35	94.20	89.23	84.64	80.15	75.94	72.19	68.67	65.26	62.14	59.06	56.02	53.00	50.28	47.63	45.23	43.16	41.22	39.93	38.66	37.39	36.52	35.74	34.97	34.24	33.59	32.97	32.37	31.84	31.43	31.15	31.01	31.00	
109.00	103.44	97.88	92.74	87.83	82.94	78.24	73.57	69.28	65.40	61.57	58.32	55.59	53.02	50.49	48.12	45.78	43.47	41.23	39.38	37.57	35.81	34.28	32.83	31.88	30.97	30.09	29.59	29.32	29.17	29.03	29.00	
122.00	117.18	112.48	108.01	103.55	99.16	94.81	90.93	87.20	83.51	79.85	76.23	72.63	69.41	66.32	63.25	60.32	57.70	55.16	52.68	50.21	48.04	46.01	43.98	41.95	40.01	38.14	36.32	34.72	33.16	32.16	31.66	31.32	31.03	31.00	
115.00	109.29	103.72	98.17	92.67	87.26	82.21	77.47	72.81	69.54	66.43	63.53	60.78	58.06	55.43	52.87	50.36	47.91	45.49	43.39	41.60	39.84	38.17	36.50	34.94	33.70	32.57	31.44	30.52	29.68	29.17	29.00	
107.00	103.20	99.44	95.72	92.01	88.31	84.68	81.05	77.58	74.28	71.12	68.01	65.07	62.15	59.29	56.49	53.72	51.05	48.44	45.90	43.38	41.09	38.81	36.75	35.12	33.68	32.50	31.60	30.87	30.18	30.00	
123.00	116.62	110.35	105.00	99.80	94.99	90.24	85.58	81.04	76.75	72.53	68.55	64.76	61.21	57.77	54.36	51.09	47.89	44.82	41.78	39.32	36.87	35.13	33.56	32.09	30.98	29.95	29.36	28.95	28.64	28.34	28.16	28.00	
112.00	107.12	102.30	97.68	93.07	88.46	84.06	79.93	75.91	72.05	68.35	64.83	61.38	58.15	54.98	52.06	49.30	46.57	43.95	41.63	39.44	37.57	36.29	35.05	33.99	32.99	32.04	31.11	30.32	29.55	29.09	28.67	28.27	28.00	
107.00	101.38	96.04	91.03	86.40	82.09	77.90	73.79	69.70	66.11	62.59	59.29	56.33	53.46	50.69	48.28	46.25	44.22	42.20	40.45	38.87	37.42	36.25	35.13	34.05	33.07	32.17	31.30	30.57	30.08	30.00	
109.00	104.44	100.02	95.73	91.72	87.86	84.10	80.79	77.63	74.50	71.41	68.38	65.40	62.43	59.60	56.88	54.31	51.89	49.51	47.18	45.01	43.15	41.32	39.51	37.84	36.19	34.54	33.06	31.77	30.67	30.00	
109.00	104.73	100.57	96.42	92.37	88.53	84.77	81.01	77.29	73.60	70.16	66.85	63.68	60.54	57.55	54.87	52.48	50.11	47.97	45.97	44.12	42.30	40.55	39.16	37.82	36.48	35.32	34.31	33.44	32.86	32.39	31.96	31.66	31.36	31.18	31.00	
122.00	116.67	111.69	106.96	102.42	98.00	93.58	89.17	85.03	81.04	77.11	73.57	70.09	66.89	63.79	60.78	57.78	55.04	52.47	50.13	47.86	45.72	43.77	41.84	39.91	38.22	36.79	35.39	33.99	33.29	32.73	32.17	31.62	31.31	31.12	31.00	
101.00	96.95	92.90	88.93	85.15	81.53	77.92	74.40	71.04	67.77	64.51	61.28	58.15	55.12	52.45	49.92	47.40	44.91	42.48	40.15	37.94	36.23	34.89	33.89	32.94	32.02	31.19	30.39	29.64	28.92	28.23	28.10	28.00	
109.00	103.49	98.14	93.13	88.73	84.69	80.75	77.03	73.50	69.98	66.47	63.37	60.48	57.67	54.99	52.51	50.06	47.75	45.78	43.84	42.07	40.32	38.68	37.06	35.46	33.87	32.29	31.01	29.94	28.89	28.23	27.80	27.42	27.08	27.00	
114.00	107.90	102.10	96.70	91.34	86.18	81.23	76.32	72.25	68.70	65.37	62.20	59.09	56.14	53.41	50.93	48.47	46.21	44.07	42.10	40.21	38.48	36.77	35.22	33.91	32.64	31.59	30.77	30.02	29.37	29.12	29.00	
114.00	108.03	102.13	96.28	90.71	85.21	80.18	75.54	70.91	66.49	62.18	58.15	54.16	50.81	47.84	45.21	43.38	41.59	40.01	38.42	36.96	35.53	34.15	32.80	31.64	30.53	29.66	28.88	28.39	28.15	28.00	
108.00	103.61	99.25	94.93	90.72	86.54	82.49	78.47	74.49	71.26	68.08	64.99	62.11	59.32	56.73	54.17	51.67	49.17	46.83	44.75	42.89	41.12	39.41	37.94	36.52	35.27	34.04	32.89	31.89	30.93	30.16	29.55	29.08	28.65	28.25	28.00	
104.00	99.66	95.63	91.60	87.68	83.87	80.16	76.80	73.47	70.24	67.09	64.38	61.72	59.11	56.70	54.31	52.04	49.80	47.78	45.99	44.30	42.63	41.03	39.54	38.25	37.32	36.42	35.53	34.69	33.86	33.26	32.74	32.44	32.26	32.11	32.00	
116.00	108.67	101.47	94.89	89.05	84.13	79.23	74.34	69.71	65.09	61.35	58.30	55.25	52.32	49.72	47.13	44.59	42.19	40.28	38.56	36.97	35.50	34.38	33.28	32.24	31.44	30.69	30.08	29.59	29.13	29.00	
115.00	110.75	106.61	102.66	98.75	94.89	91.06	87.28	83.71	80.14	76.71	73.29	70.00	66.91	63.89	60.96	58.06	55.34	52.84	50.34	47.90	45.49	43.22	40.98	38.76	37.18	35.85	34.60	33.49	32.44	31.62	31.22	31.02	31.01	31.00	
119.00	114.25	109.53	104.83	100.34	96.05	91.87	87.87	83.99	80.28	76.56	73.20	70.07	66.97	64.10	61.31	58.54	55.87	53.26	50.75	48.24	45.81	43.60	41.46	39.51	37.84	36.30	34.95	33.75	32.94	32.28	32.12	32.06	32.00	
111.00	105.66	100.34	95.25	90.26	85.34	80.93	76.84	72.83	68.92	65.22	61.64	58.07	54.70	51.42	48.47	45.79	43.11	40.64	38.26	36.32	34.55	32.90	31.73	31.07	30.56	30.09	29.79	29.55	29.32	29.19	29.08	29.00	
101.00	97.10	93.29	89.50	85.73	82.15	78.67	75.57	72.56	69.65	66.78	63.93	61.12	58.60	56.15	53.73	51.47	49.43	47.42	45.49	43.58	41.77	40.13	38.50	37.02	35.78	34.58	33.43	32.50	31.73	31.28	30.83	30.54	30.27	30.10	30.00	
110.00	104.63	99.40	94.36	89.45	84.65	80.33	76.33	72.38	68.47	64.80	61.15	57.86	54.63	51.81	49.32	46.96	44.70	42.69	40.81	38.94	37.58	36.27	34.99	33.82	32.69	31.74	30.95	30.28	29.67	29.27	29.00	
119.00	113.81	108.66	104.18	99.75	95.35	91.01	86.79	82.72	78.69	74.66	70.67	66.97	63.36	59.86	56.80	53.86	50.97	48.09	45.22	42.38	39.85	37.82	35.94	34.25	32.87	31.73	30.81	30.14	29.50	29.00	
122.00	116.74	111.48	106.26	101.06	96.13	91.66	87.26	83.01	78.76	74.75	70.84	67.35	64.01	60.85	57.73	54.65	51.71	49.07	46.47	44.11	42.19	40.40	38.62	37.20	36.01	34.91	33.86	32.99	32.30	32.13	32.00	
121.00	115.97	111.53	107.09	102.88	98.80	94.73	90.71	86.84	82.99	79.13	75.62	72.18	68.75	65.35	61.98	58.71	55.66	52.64	49.65	46.74	44.39	42.08	40.22	38.70	37.19	35.73	34.52	33.55	33.02	32.60	32.33	32.16	32.00	
109.00	103.33	97.91	92.74	87.78	83.12	78.68	74.29	70.02	66.11	62.37	58.69	55.07	51.92	49.11	46.39	44.28	42.20	40.21	38.37	36.62	34.91	33.60	32.37	31.39	30.44	29.60	28.94	28.40	28.03	28.00	
113.00	106.47	100.28	94.33	88.53	83.03	77.60	72.84	68.83	64.93	61.19	57.56	54.16	51.08	48.32	45.67	43.18	41.12	39.09	37.23	35.61	34.09	32.88	31.98	31.27	30.60	30.14	29.81	29.52	29.27	29.11	29.00	
122.00	117.37	112.77	108.27	103.90	99.62	95.47	91.45	87.42	83.49	79.71	76.13	72.79	69.53	66.27	63.37	60.57	57.83	55.10	52.62	50.16	47.76	45.38	43.06	40.85	38.68	36.74	34.86	33.32	32.15	31.36	30.81	30.28	30.00	
111.00	107.29	103.61	99.93	96.26	92.67	89.17	85.69	82.38	79.16	76.05	73.01	70.08	67.34	64.62	61.92	59.32	56.80	54.31	51.87	49.51	47.17	45.11	43.16	41.34	39.66	38.00	36.59	35.46	34.40	33.50	32.90	32.37	31.86	31.36	31.03	31.00	
105.00	100.59	96.30	92.17	88.20	84.30	80.44	77.03	73.74	70.48	67.26	64.05	60.93	57.81	54.83	52.01	49.40	46.96	44.62	42.51	40.87	39.26	37.65	36.08	34.60	33.24	31.97	30.92	29.99	29.31	28.85	28.41	28.00	
104.00	98.94	94.49	90.04	85.75	81.64	77.56	73.55	69.86	66.22	62.74	59.89	57.18	54.55	51.98	49.44	46.93	44.43	41.94	39.62	37.55	35.85	34.50	33.31	32.35	31.70	31.13	30.56	30.06	29.62	29.21	29.00	
114.00	108.86	103.78	99.09	94.63	90.30	86.21	82.25	78.35	74.59	71.13	67.84	64.72	61.64	58.58	55.57	52.73	49.91	47.66	45.51	43.41	41.73	40.10	38.55	37.05	35.63	34.26	33.05	31.88	31.32	30.79	30.38	30.12	30.00	
123.00	118.37	113.84	109.44	105.04	100.65	96.29	91.96	87.80	83.90	80.16	76.46	73.15	70.04	66.94	64.19	61.45	58.74	56.09	53.46	50.96	48.52	46.09	43.72	41.62	39.75	38.07	36.66	35.53	34.42	33.82	33.29	32.80	32.37	32.17	32.08	32.00	
106.00	101.84	97.71	93.68	89.67	85.69	81.97	78.48	75.01	71.68	68.78	65.91	63.04	60.24	57.55	55.04	52.53	50.03	47.79	45.62	43.58	41.81	40.07	38.47	37.18	35.90	34.85	33.83	32.83	32.04	31.26	30.52	29.84	29.29	29.00	
108.00	103.10	98.35	93.84	89.55	85.39	81.32	77.33	73.36	69.68	66.13	62.65	59.31	56.01	53.34	50.81	48.67	46.67	44.88	43.12	41.35	39.61	37.90	36.28	34.72	33.27	32.16	31.18	30.34	29.57	28.97	28.47	28.13	28.03	28.00	
101.00	97.17	93.47	89.83	86.27	82.84	79.43	76.26	73.11	70.02	67.11	64.31	61.54	58.92	56.51	54.14	51.80	49.66	47.73	45.97	44.25	42.84	41.49	40.16	38.98	37.92	36.95	36.04	35.18	34.40	33.75	33.14	32.60	32.21	32.05	32.00	
117.00	111.14	105.29	99.73	94.56	89.66	85.03	80.63	76.45	72.71	69.26	66.03	62.93	60.07	57.39	54.73	52.15	49.68	47.33	45.27	43.33	41.52	39.72	38.11	36.58	35.25	33.92	32.80	31.81	31.03	30.43	30.00	
118.00	113.22	108.65	104.40	100.17	96.26	92.54	88.98	85.58	82.21	79.08	75.97	73.03	70.09	67.26	64.44	61.73	59.05	56.53	54.09	51.73	49.72	47.73	45.77	43.84	41.96	40.12	38.59	37.09	35.90	34.78	33.78	32.79	32.00	
114.00	108.46	103.43	98.49	93.69	89.00	84.51	80.14	75.95	71.86	67.89	64.08	60.41	56.81	53.29	50.21	47.34	44.50	41.72	39.16	36.61	34.57	32.60	30.97	29.99	29.29	28.65	28.12	27.66	27.28	27.00	
120.00	115.18	110.67	106.17	101.84	97.71	93.63	89.68	85.93	82.53	79.18	75.94	72.71	69.55	66.51	63.51	60.58	57.77	55.31	52.90	50.67	48.49	46.38	44.64	43.00	41.37	39.77	38.26	36.77	35.54	34.32	33.26	32.50	31.76	31.29	31.00	
122.00	117.24	112.52	107.86	103.28	99.19	95.12	91.12	87.22	83.58	79.98	76.42	72.89	69.56	66.28	63.04	59.96	56.96	54.08	51.40	48.78	46.25	43.78	41.33	38.91	37.02	35.23	33.77	32.58	31.57	30.61	29.70	29.16	28.65	28.36	28.09	28.00	
121.00	114.31	107.66	101.21	95.28	90.46	85.70	81.25	76.93	72.64	68.49	64.81	61.26	57.76	54.55	51.42	48.67	45.93	43.27	40.92	38.63	36.56	34.88	33.31	32.06	31.29	30.59	29.98	29.37	28.78	28.30	28.04	28.00	
122.00	115.72	109.47	103.30	97.43	92.27	87.13	82.16	77.26	72.50	68.61	64.86	61.13	57.63	54.85	52.30	49.85	47.44	45.20	42.96	40.75	38.65	36.54	34.72	33.64	32.58	31.67	30.83	30.02	29.25	28.49	27.79	27.41	27.25	27.11	27.00	
115.00	108.81	103.01	97.32	91.70	86.36	81.27	76.27	71.50	66.81	62.61	58.65	55.28	52.06	49.59	47.26	45.03	42.95	41.03	39.24	37.53	36.21	34.96	33.87	32.83	31.93	31.09	30.50	29.98	29.53	29.17	29.00	
113.00	108.39	103.80	99.27	94.83	90.41	86.17	82.06	78.00	74.09	70.41	67.22	64.10	61.00	58.10	55.37	52.72	50.35	47.99	45.68	43.46	41.34	39.30	37.48	35.80	34.18	32.95	32.12	31.51	31.00	30.49	30.05	29.62	29.35	29.10	29.00	
116.00	111.17	106.71	102.28	97.97	94.08	90.41	86.84	83.28	79.73	76.54	73.47	70.51	67.66	64.90	62.16	59.53	56.95	54.47	52.00	49.63	47.49	45.36	43.41	41.46	39.78	38.20	36.68	35.34	34.12	33.06	32.01	31.05	30.45	30.00	
123.00	117.02	111.49	106.36	101.45	96.57	91.76	87.15	82.63	78.42	74.61	70.96	67.47	63.99	60.66	57.41	54.34	51.55	48.78	46.10	43.60	41.28	39.02	36.80	35.33	33.86	32.45	31.37	30.35	29.51	28.78	28.05	27.50	27.00	
109.00	103.89	98.88	93.97	89.18	84.49	80.40	76.45	72.74	69.07	65.53	62.30	59.26	56.44	53.83	51.24	48.80	46.46	44.51	42.57	40.76	38.96	37.23	35.59	34.06	32.99	32.22	31.55	30.88	30.26	30.00	
110.00	105.24	100.70	96.25	91.86	87.55	83.31	79.21	75.25	71.32	67.83	64.43	61.36	58.37	55.45	52.57	50.04	47.84	45.67	43.58	41.62	39.68	37.79	36.44	35.14	33.94	33.04	32.33	31.83	31.35	31.00	
123.00	118.84	114.76	110.75	106.84	102.97	99.30	95.72	92.22	88.78	85.44	82.17	78.96	75.77	72.81	69.85	66.93	64.01	61.13	58.41	55.84	53.43	51.04	48.78	46.53	44.32	42.35	40.54	38.73	36.94	35.43	34.38	33.50	32.70	32.20	32.00	
114.00	109.09	104.22	99.53	95.09	91.01	87.15	83.44	79.74	76.22	72.72	69.27	65.83	62.69	59.57	56.65	53.77	50.91	48.19	45.48	42.82	40.18	37.71	35.31	33.03	31.50	29.96	28.91	28.43	28.14	28.04	28.00	
116.00	111.39	106.84	102.34	98.25	94.44	90.69	86.96	83.29	79.67	76.09	72.66	69.32	66.13	62.97	59.92	57.05	54.33	51.68	49.02	46.40	44.17	42.12	40.17	38.59	37.12	35.81	34.63	33.54	32.85	32.25	31.68	31.14	30.65	30.18	30.03	30.00	
106.00	101.23	96.63	92.31	88.09	83.87	80.02	76.55	73.12	69.68	66.34	63.11	60.16	57.34	54.68	52.30	49.97	47.72	45.50	43.35	41.22	39.39	37.65	36.09	35.04	34.13	33.22	32.75	32.38	32.12	32.00	
103.00	98.31	93.93	89.55	85.25	81.01	76.96	73.30	69.75	66.37	62.99	59.87	56.80	53.78	50.80	48.05	45.48	43.71	41.96	40.66	39.45	38.39	37.39	36.50	35.71	35.02	34.43	33.88	33.34	32.95	32.62	32.38	32.19	32.01	32.00	
120.00	115.38	111.14	107.02	103.04	99.13	95.39	91.68	87.97	84.61	81.36	78.15	74.99	71.83	68.70	65.59	62.50	59.57	56.66	53.79	51.12	48.52	46.11	43.78	41.58	39.60	37.65	36.13	34.75	33.40	32.11	30.89	29.69	28.53	27.62	27.22	27.00	
101.00	96.07	91.26	86.51	81.78	77.05	72.35	67.82	63.38	59.44	55.71	52.63	49.83	47.17	44.99	42.91	40.99	39.31	37.64	36.19	34.83	33.67	32.78	31.97	31.54	31.18	30.86	30.57	30.28	30.13	30.02	30.00	
115.00	109.86	104.83	99.87	95.11	90.57	86.29	82.11	78.01	74.24	70.61	66.99	63.54	60.23	57.08	54.07	51.21	48.46	45.72	42.98	40.50	38.10	35.81	33.96	32.71	31.53	30.41	29.46	28.69	28.10	28.02	28.00	
103.00	99.12	95.27	91.47	87.78	84.13	80.52	76.93	73.38	69.94	66.57	63.28	60.01	56.95	53.91	51.10	48.37	45.71	43.54	41.48	39.46	37.60	36.07	34.61	33.17	31.82	30.67	29.55	28.53	27.67	27.09	27.00	
115.00	110.74	106.54	102.41	98.35	94.33	90.38	86.42	82.64	78.93	75.44	72.01	68.77	65.76	63.13	60.57	58.04	55.53	53.02	50.57	48.22	45.86	43.75	41.65	39.57	37.51	35.47	33.58	31.79	30.54	29.44	28.51	27.73	27.22	27.00	
121.00	115.99	111.22	106.47	101.75	97.26	92.81	88.48	84.24	80.04	75.93	72.05	68.69	65.46	62.27	59.15	56.05	53.33	50.69	48.44	46.18	43.94	41.75	39.75	38.07	36.88	35.95	35.10	34.33	33.57	33.00	32.66	32.35	32.13	32.00	
108.00	103.57	99.44	95.41	91.42	87.66	83.99	80.54	77.15	73.77	70.84	67.97	65.12	62.35	59.68	57.04	54.50	51.99	49.65	47.32	45.30	43.36	41.55	39.83	38.10	36.54	34.97	33.46	32.01	30.70	29.81	28.94	28.09	27.70	27.37	27.05	27.00	
106.00	101.33	96.99	92.77	88.71	84.66	80.67	76.78	73.11	69.67	66.24	63.05	60.06	57.22	54.60	52.01	49.48	47.16	44.85	42.63	40.87	39.14	37.60	36.09	34.63	33.38	32.23	31.14	30.17	29.39	28.66	27.97	27.44	27.22	27.00	
104.00	99.84	95.74	91.85	88.07	84.48	80.93	77.44	73.98	70.71	67.55	64.67	61.80	59.00	56.28	53.76	51.25	48.76	46.36	44.05	41.89	39.76	38.05	36.69	35.38	34.12	33.32	32.55	31.90	31.44	31.16	31.03	31.00	
101.00	96.86	92.80	89.02	85.25	81.54	77.92	74.81	71.72	68.63	65.62	63.00	60.41	57.92	55.43	52.95	50.48	48.13	45.99	43.88	42.06	40.33	38.80	37.27	35.85	34.82	33.88	33.02	32.35	31.70	31.19	30.84	30.48	30.16	30.00	
117.00	111.51	106.13	101.24	96.55	91.94	87.57	83.24	79.21	75.43	71.82	68.24	64.86	61.77	58.70	55.82	53.27	50.76	48.30	45.90	43.57	41.33	39.20	37.14	35.20	33.45	31.73	30.60	29.69	29.12	28.66	28.26	28.13	28.06	28.00	
103.00	98.76	94.57	90.58	86.63	82.69	78.79	74.98	71.75	68.61	65.47	62.35	59.63	57.30	55.02	52.74	50.49	48.29	46.13	43.99	42.06	40.16	38.39	36.66	35.04	33.89	32.80	32.02	31.29	30.74	30.22	29.70	29.28	29.09	29.00	
112.00	107.42	102.99	98.62	94.34	90.11	85.90	82.10	78.43	75.07	71.71	68.42	65.14	61.90	59.02	56.15	53.56	51.24	48.94	46.75	44.59	42.53	40.92	39.33	37.82	36.68	35.65	34.65	33.71	32.83	32.14	31.66	31.27	31.12	31.00	
101.00	96.71	92.47	88.39	84.50	80.63	76.85	73.16	69.50	65.84	62.52	59.19	55.95	53.26	50.58	48.22	45.95	44.24	42.66	41.11	39.95	38.81	37.72	36.69	35.71	34.88	34.10	33.35	32.83	32.34	32.03	32.00	32.00	
109.00	104.84	100.80	96.75	92.75	88.90	85.20	81.55	78.00	74.53	71.31	68.19	65.21	62.25	59.30	56.59	53.94	51.30	48.81	46.51	44.26	42.18	40.30	38.65	37.33	36.23	35.12	34.07	33.21	32.45	31.70	31.06	30.48	30.00	
105.00	101.12	97.25	93.48	89.79	86.27	82.76	79.25	75.75	72.37	69.33	66.47	63.65	60.88	58.12	55.53	52.95	50.51	48.15	45.99	44.02	42.19	40.41	38.70	37.04	35.67	34.56	33.67	32.80	31.97	31.22	30.50	29.94	29.49	29.09	29.00	
121.00	114.80	108.77	102.86	97.23	91.68	86.80	81.94	77.48	73.30	69.17	65.30	61.50	57.80	54.79	51.80	48.89	46.75	44.91	43.12	41.33	39.61	38.21	36.88	35.67	34.70	33.79	33.31	32.85	32.49	32.24	32.04	32.00	
110.00	105.39	100.87	96.50	92.63	88.81	85.03	81.29	77.67	74.20	70.76	67.38	64.06	61.23	58.42	55.70	53.24	50.80	48.54	46.38	44.28	42.25	40.41	38.66	37.00	35.44	33.90	32.71	31.67	30.66	29.83	29.09	28.40	28.01	28.00	
119.00	114.01	109.03	104.09	99.28	94.82	90.55	86.54	83.09	79.66	76.25	72.88	69.56	66.24	62.96	59.70	56.46	53.27	50.44	47.83	45.25	43.13	41.06	39.00	37.47	36.02	34.64	33.63	32.63	31.70	31.13	30.56	30.02	29.58	29.26	29.00	
122.00	116.31	110.80	105.30	99.94	94.78	89.62	84.96	80.51	76.06	71.93	67.86	63.85	60.45	57.42	54.53	51.97	49.42	46.89	44.68	42.52	40.58	38.64	36.86	35.60	34.61	33.89	33.33	32.95	32.63	32.35	32.09	32.00	
107.00	103.03	99.16	95.34	91.67	88.10	84.53	80.96	77.74	74.64	71.81	68.99	66.27	63.56	60.86	58.21	55.61	53.25	50.88	48.56	46.52	44.77	43.11	41.66	40.22	38.86	37.66	36.64	35.65	34.67	33.81	33.13	32.51	32.18	32.00	
109.00	104.54	100.21	95.89	91.61	87.35	83.19	79.56	75.96	72.37	68.84	65.32	61.95	59.06	56.21	53.54	50.88	48.30	45.79	43.32	40.94	38.67	36.41	34.22	32.18	30.87	29.77	29.26	28.82	28.43	28.18	28.08	28.00	28.00	
107.00	102.56	98.29	94.09	90.04	86.10	82.22	78.43	74.89	71.40	67.92	64.44	60.98	58.00	55.14	52.60	50.15	47.74	45.69	43.66	41.83	40.13	38.63	37.21	35.86	34.84	33.85	33.09	32.40	31.86	31.40	31.15	31.00	
105.00	99.99	95.12	90.40	86.33	82.34	78.46	74.70	71.07	67.44	63.97	60.87	57.81	55.03	52.43	49.84	47.72	45.62	43.57	41.67	40.04	38.48	37.13	35.82	34.56	33.33	32.30	31.40	30.73	30.12	29.52	29.18	29.00	
116.00	111.58	107.21	102.96	98.72	94.50	90.50	86.50	82.55	78.92	75.45	72.21	68.97	65.83	62.75	59.84	57.07	54.38	51.74	49.27	47.25	45.39	43.58	41.92	40.44	38.99	37.75	36.56	35.47	34.40	33.40	32.44	31.61	30.91	30.35	30.05	30.00	
110.00	105.43	100.87	96.37	92.00	87.77	83.61	79.55	75.63	72.02	68.88	65.82	63.03	60.31	57.68	55.14	52.67	50.20	48.15	46.17	44.19	42.48	40.93	39.53	38.20	36.90	35.60	34.33	33.39	32.74	32.16	31.63	31.20	31.09	31.00	
106.00	100.53	95.56	91.06	86.74	82.44	78.44	74.49	70.98	67.54	64.42	61.34	58.48	55.83	53.22	50.70	48.27	46.04	43.83	41.81	40.34	39.05	37.86	36.69	35.57	34.51	33.51	32.65	31.85	31.12	30.46	30.03	29.67	29.33	29.00	
114.00	107.66	101.81	96.13	90.45	85.09	80.06	75.04	70.14	65.70	61.36	57.32	53.33	49.87	46.91	44.03	41.24	38.86	36.58	34.82	33.17	31.75	30.86	29.97	29.41	28.95	28.50	28.14	28.04	28.01	28.00	
114.00	108.02	102.46	97.12	91.92	87.52	83.19	79.07	75.16	71.64	68.21	64.84	61.63	58.71	55.85	53.31	51.25	49.26	47.28	45.35	43.45	41.72	40.07	38.44	36.82	35.36	33.92	32.64	31.46	30.32	29.56	28.97	28.46	28.23	28.10	28.00	
104.00	98.78	93.73	88.67	83.70	79.05	74.55	70.07	65.65	62.30	58.96	55.90	53.24	50.80	48.38	46.09	43.88	41.81	39.82	37.84	35.99	34.47	33.01	31.82	30.85	30.00	29.17	28.71	28.25	27.84	27.44	27.20	27.00	
103.00	98.58	94.20	89.87	85.55	81.43	77.36	73.72	70.28	67.06	63.85	60.86	57.98	55.35	52.74	50.19	47.68	45.34	43.15	41.64	40.22	38.93	37.74	36.76	35.86	34.99	34.27	33.57	33.01	32.52	32.22	32.00	
113.00	108.22	103.48	98.81	94.15	89.74	85.40	81.17	77.25	73.43	69.79	66.34	62.93	59.83	56.87	53.98	51.18	48.53	45.98	43.63	41.35	39.10	36.89	35.01	33.88	32.75	31.78	30.89	30.02	29.17	28.73	28.31	28.00	
102.00	97.89	94.32	90.84	87.44	84.06	80.69	77.42	74.44	71.51	68.78	66.21	63.77	61.35	59.32	57.30	55.34	53.58	51.84	50.14	48.58	47.03	45.48	44.04	42.61	41.23	39.92	38.62	37.35	36.09	34.84	33.63	32.92	32.37	31.83	31.34	31.00	
112.00	107.44	102.90	98.40	94.03	89.74	85.71	81.83	78.07	74.38	70.76	67.14	63.65	60.32	57.09	53.94	50.93	47.94	45.52	43.39	41.30	40.02	38.76	37.51	36.40	35.42	34.46	33.59	32.93	32.35	31.89	31.49	31.14	31.00	
116.00	110.51	105.07	99.75	94.61	89.79	85.14	80.61	76.20	71.96	67.82	63.93	60.12	56.52	52.99	49.69	46.50	43.34	40.71	38.56	36.58	34.70	33.29	32.40	31.51	30.71	29.91	29.30	28.83	28.50	28.18	28.06	28.00	
110.00	103.86	98.94	94.26	90.22	86.17	82.20	78.33	74.70	71.28	68.20	65.37	62.58	59.85	57.50	55.16	52.82	50.51	48.24	46.08	43.94	42.12	40.31	38.54	36.78	35.22	33.75	32.30	31.24	30.35	29.57	28.89	28.27	27.68	27.11	27.00	
109.00	104.64	100.35	96.22	92.10	88.15	84.34	80.73	77.16	73.59	70.13	66.92	63.89	61.00	58.18	55.41	52.67	50.05	47.44	45.09	42.78	41.02	39.31	37.62	36.20	34.86	33.61	32.37	31.39	30.86	30.39	30.13	30.00	
112.00	107.41	103.04	98.82	94.82	90.86	87.12	83.40	79.72	76.08	72.50	68.92	65.82	62.73	59.66	56.82	54.26	51.81	49.79	47.82	45.85	43.95	42.23	40.51	38.85	37.20	35.71	34.47	33.24	32.33	31.64	31.06	30.52	29.98	29.46	29.00	
114.00	109.72	105.51	101.31	97.13	92.95	89.12	85.51	82.15	78.90	75.68	72.60	69.63	66.68	63.74	60.82	58.02	55.30	52.63	50.22	47.84	45.50	43.19	40.89	38.79	36.80	34.97	33.26	31.58	30.53	29.69	29.05	28.54	28.09	28.00	
116.00	111.18	106.90	102.66	98.52	94.45	90.48	86.61	83.06	79.58	76.16	72.77	69.57	66.59	63.61	60.64	57.81	55.01	52.28	49.59	46.92	44.35	41.79	39.78	37.95	36.48	35.06	33.96	33.04	32.20	31.38	30.80	30.24	30.00	
121.00	114.66	108.65	103.28	97.94	93.11	88.35	83.61	79.27	75.01	70.90	67.15	63.53	60.51	57.62	54.76	51.95	49.34	47.22	45.27	43.32	41.50	39.77	38.21	36.69	35.27	33.93	32.79	31.88	31.24	30.68	30.14	29.62	29.13	28.69	28.29	28.00	
107.00	101.62	96.45	91.30	86.63	82.11	77.61	73.14	68.83	65.38	62.40	59.60	56.81	54.04	51.40	48.82	46.30	44.22	42.25	40.71	39.41	38.14	36.92	35.90	34.99	34.09	33.25	32.47	31.72	31.25	31.00	
112.00	107.23	102.46	97.72	93.45	89.52	85.80	82.09	78.41	74.91	71.45	68.04	64.67	61.31	58.18	55.14	52.14	49.36	46.64	44.12	41.81	39.57	37.37	35.65	34.07	32.64	31.30	30.26	29.53	28.99	28.46	28.00	
107.00	102.12	97.29	92.48	88.13	83.89	79.80	75.77	71.76	68.26	65.13	62.43	59.91	57.48	55.11	52.75	50.54	48.59	46.82	45.21	43.81	42.72	41.63	40.55	39.48	38.48	37.51	36.58	35.70	34.86	34.16	33.53	32.99	32.57	32.19	32.00	
114.00	109.77	105.57	101.43	97.39	93.34	89.32	85.37	81.45	77.63	73.97	70.66	67.46	64.43	61.46	58.55	55.64	52.79	49.96	47.28	44.71	42.35	40.69	39.03	37.62	36.21	35.00	33.84	32.75	31.67	30.64	29.67	28.87	28.09	27.38	27.08	27.00	
104.00	99.33	94.73	90.39	86.71	83.06	79.42	76.07	72.72	69.42	66.13	62.91	60.15	57.50	55.14	52.81	50.61	48.40	46.47	44.59	42.76	41.04	39.34	38.04	36.75	35.61	34.65	33.89	33.14	32.44	31.84	31.56	31.31	31.16	31.05	31.00	
119.00	114.39	109.84	105.63	101.45	97.32	93.41	89.68	86.02	82.39	78.84	75.29	71.75	68.34	64.97	61.60	58.28	55.06	52.46	50.01	47.79	45.60	43.64	41.70	39.87	38.07	36.86	35.95	35.19	34.51	33.94	33.47	33.00	32.69	32.43	32.20	32.00	
114.00	108.80	103.84	98.94	94.07	89.34	84.63	80.56	76.62	72.71	69.31	66.40	63.78	61.22	58.87	56.54	54.37	52.20	50.07	48.29	46.62	44.99	43.38	41.77	40.29	38.86	37.43	36.16	35.04	34.08	33.19	32.37	32.02	32.00	
119.00	114.40	109.82	105.27	100.83	96.45	92.11	87.87	84.19	80.64	77.26	73.88	70.55	67.29	64.27	61.29	58.52	55.80	53.18	50.83	48.79	46.75	44.81	42.94	41.18	39.64	38.11	36.74	35.50	34.38	33.28	32.38	32.00	
114.00	108.89	104.12	99.55	95.30	91.05	86.84	82.67	78.80	74.94	71.32	67.91	64.54	61.21	57.91	54.92	52.00	49.17	46.68	44.31	42.11	40.27	38.44	36.68	35.12	33.99	33.05	32.44	31.85	31.51	31.20	31.12	31.04	31.00	
104.00	99.85	95.73	91.90	88.21	84.55	81.00	77.50	74.03	70.59	67.17	63.90	60.67	57.59	54.98	52.44	49.91	47.71	45.57	43.54	41.62	39.93	38.41	37.05	35.71	34.43	33.27	32.26	31.32	30.61	30.04	29.54	29.09	29.00	
112.00	106.78	102.10	97.44	93.38	89.38	85.47	81.57	77.69	74.10	70.61	67.16	63.75	60.62	57.50	54.45	51.42	48.43	45.70	43.14	40.85	38.71	36.98	35.41	33.98	32.90	31.83	30.88	29.94	29.00	28.10	27.58	27.26	27.11	27.00	
104.00	99.69	95.42	91.23	87.05	83.02	79.08	75.44	72.22	69.14	66.32	63.50	60.87	58.25	55.63	53.13	50.79	48.77	46.78	44.90	43.39	41.89	40.52	39.18	38.00	36.88	35.80	34.76	33.79	32.87	32.30	32.00	
116.00	110.42	105.52	100.69	95.96	91.29	86.94	82.61	79.47	76.52	73.63	70.76	68.00	65.37	62.77	60.19	57.69	55.20	52.90	50.60	48.50	46.40	44.34	42.74	41.18	39.65	38.43	37.20	36.04	34.95	33.92	32.92	32.23	31.64	31.16	31.04	31.00	
123.00	118.01	113.20	108.53	103.90	99.41	94.93	90.46	86.15	81.91	77.84	73.82	70.19	66.86	63.53	60.31	57.19	54.44	51.72	49.22	46.84	45.12	43.45	41.78	40.23	38.85	37.48	36.20	34.98	33.84	32.83	32.23	32.09	32.00	
107.00	102.72	98.75	94.79	91.13	87.56	83.99	80.42	76.91	73.43	70.00	66.59	63.71	61.09	58.60	56.26	53.97	51.68	49.39	47.18	45.24	43.32	41.89	40.51	39.41	38.33	37.26	36.19	35.31	34.51	33.81	33.30	32.83	32.47	32.18	32.00	
101.00	96.45	91.99	87.55	83.83	80.17	76.85	73.61	70.46	67.33	64.64	62.03	59.47	56.93	54.44	52.06	49.75	47.51	45.35	43.39	41.49	39.59	37.73	36.15	34.79	33.49	32.30	31.46	30.71	30.22	30.05	30.00	
122.00	116.88	111.81	106.78	101.96	97.19	92.45	87.88	83.37	78.89	74.47	70.17	66.12	62.12	58.14	54.50	50.86	47.49	44.25	41.03	38.11	35.86	33.63	31.62	30.18	29.07	28.36	27.76	27.50	27.28	27.10	27.00	
115.00	110.40	105.99	101.59	97.40	93.43	89.54	85.86	82.20	78.63	75.07	71.64	68.36	65.19	62.05	59.14	56.26	54.26	52.31	50.36	48.46	46.57	44.76	43.06	41.39	39.73	38.15	36.59	35.04	33.50	32.16	30.96	29.93	29.31	29.11	29.00	
121.00	115.67	110.51	105.58	100.85	96.38	92.13	88.10	84.11	80.15	76.28	72.49	68.83	65.27	61.91	58.61	55.36	52.15	49.14	46.25	43.74	41.30	38.90	37.05	35.65	34.48	33.46	32.96	32.53	32.14	32.00	
104.00	99.37	94.80	90.29	86.57	82.90	79.24	75.58	72.16	68.93	65.85	62.82	59.89	57.11	54.40	51.78	49.28	47.07	44.92	42.86	40.85	39.20	37.73	36.48	35.33	34.61	33.91	33.42	32.94	32.47	32.26	32.09	32.00	
107.00	101.54	96.42	91.35	86.60	82.31	78.18	74.42	70.78	67.53	64.37	61.24	58.18	55.34	52.56	49.98	47.54	45.11	42.79	40.53	38.39	36.69	35.07	33.70	32.41	31.37	30.47	29.58	28.77	28.38	28.00	
105.00	99.87	94.89	90.08	85.60	81.71	77.84	74.12	70.72	67.41	64.43	61.65	59.12	56.73	54.36	52.11	50.07	48.05	46.04	44.04	42.16	40.46	38.79	37.25	35.74	34.68	33.86	33.07	32.67	32.31	32.00	
101.00	97.10	93.24	89.39	85.73	82.12	78.68	75.50	72.34	69.19	66.16	63.33	60.57	57.94	55.35	52.85	50.37	47.94	45.58	43.29	41.18	39.17	37.30	35.43	33.71	32.22	31.55	30.93	30.50	30.32	30.17	30.06	30.02	30.00	
114.00	109.04	104.11	99.46	94.96	90.69	86.48	82.66	78.85	75.12	71.40	67.94	64.52	61.14	58.05	55.24	52.60	50.04	47.51	45.03	42.59	40.23	38.28	36.95	35.75	34.59	33.57	32.55	31.58	31.01	30.45	30.12	30.00	
111.00	106.00	101.26	96.54	92.20	88.24	84.46	80.82	77.39	73.96	70.60	67.40	64.24	61.23	58.52	55.92	53.35	50.85	48.69	46.59	44.55	42.56	40.70	38.90	37.54	36.37	35.26	34.34	33.55	32.94	32.55	32.28	32.12	32.00	
123.00	117.15	111.67	107.29	103.20	99.17	95.17	91.20	87.25	83.41	79.59	75.84	72.34	68.91	65.57	62.37	59.47	56.61	53.76	51.07	48.56	46.09	43.86	41.97	40.12	38.29	36.54	35.05	33.64	32.49	31.47	30.67	30.38	30.16	30.03	30.00	
105.00	100.90	96.92	93.02	89.15	85.38	81.65	78.08	74.61	71.47	68.49	65.54	62.95	60.37	57.80	55.31	52.91	50.76	48.62	46.49	44.77	43.09	41.56	40.15	38.82	37.55	36.29	35.06	33.98	33.09	32.33	31.79	31.38	31.13	31.04	31.01	31.00	
113.00	108.11	103.41	98.78	94.47	90.40	86.40	82.50	78.74	75.25	71.99	68.77	65.62	62.78	59.97	57.16	54.35	51.57	48.85	46.56	44.55	42.63	40.77	39.04	37.39	35.85	34.38	33.03	31.87	31.07	30.40	29.91	29.56	29.23	29.10	29.00	
123.00	115.98	109.05	102.53	96.05	90.35	85.32	80.77	76.65	72.68	68.79	65.05	61.34	57.73	54.55	51.50	48.52	45.55	42.68	39.94	37.36	35.14	33.59	32.11	30.77	29.93	29.19	28.46	27.99	27.56	27.32	27.10	27.00	
103.00	98.36	93.79	89.28	84.85	80.53	76.27	72.60	68.94	65.48	62.47	59.54	56.76	54.15	51.60	49.11	46.78	44.85	43.16	41.51	40.10	38.79	37.55	36.37	35.22	34.18	33.26	32.49	31.90	31.59	31.28	31.12	31.00	
105.00	100.50	96.09	91.82	87.66	83.50	79.75	76.16	72.69	69.24	66.03	63.04	60.29	57.94	55.62	53.32	51.12	49.02	47.06	45.15	43.31	41.56	39.82	38.26	37.14	36.02	34.94	34.09	33.27	32.53	31.80	31.13	30.51	29.91	29.36	29.16	29.00	
122.00	116.82	111.70	106.61	101.56	96.60	92.07	87.54	83.04	78.69	74.34	70.36	66.96	63.64	60.36	57.18	54.30	51.53	48.85	46.21	43.85	41.58	39.43	37.38	35.45	33.60	32.36	31.47	30.63	29.97	29.36	29.07	29.01	29.00	
114.00	109.14	104.44	99.91	95.61	91.37	87.14	82.97	79.11	75.32	71.62	68.02	64.71	61.44	58.21	55.13	52.12	49.22	46.38	43.96	41.54	39.21	36.91	34.66	32.86	31.35	30.19	29.36	28.56	27.84	27.29	27.00	
101.00	95.89	90.78	86.53	82.52	78.61	74.70	70.90	67.24	63.62	60.23	56.97	54.23	51.69	49.17	46.91	44.68	42.64	40.67	38.84	37.14	35.57	34.23	33.02	31.94	31.07	30.46	30.14	30.08	30.02	30.01	30.00	
101.00	97.02	93.21	89.47	85.87	82.33	78.80	75.44	72.09	68.78	65.49	62.20	59.03	56.20	53.42	50.91	48.48	46.12	43.81	41.61	39.46	37.67	36.19	34.78	33.61	32.65	31.76	31.02	30.41	30.20	30.00	
106.00	102.73	99.52	96.33	93.15	90.05	87.09	84.18	81.29	78.51	75.75	73.05	70.36	67.68	65.03	62.39	59.78	57.39	55.08	52.84	50.60	48.48	46.37	44.32	42.34	40.47	38.64	36.82	35.02	34.07	33.21	32.48	32.23	32.00	
110.00	104.20	98.50	93.21	88.30	83.41	78.65	74.35	70.46	66.59	63.16	60.06	57.09	54.15	51.47	48.82	47.00	45.20	43.63	42.10	40.64	39.25	37.94	36.82	35.73	34.75	34.04	33.38	32.91	32.53	32.23	32.00	
107.00	102.10	97.83	93.81	89.80	85.88	81.98	78.22	74.51	70.91	67.50	64.27	61.04	57.85	54.96	52.35	49.78	47.26	44.98	42.81	40.69	38.66	36.66	34.98	33.34	32.37	31.44	30.55	29.98	29.67	29.46	29.27	29.17	29.08	29.00	
105.00	100.84	96.82	92.85	88.97	85.16	81.39	77.70	74.02	70.39	66.82	63.30	60.05	57.11	54.26	51.49	48.94	46.56	44.54	42.67	40.86	39.06	37.47	35.98	34.77	33.68	32.65	31.62	30.63	29.66	28.94	28.41	28.19	28.03	28.00	
120.00	114.64	109.47	104.39	99.44	94.75	90.08	85.82	81.64	77.55	73.85	70.22	66.75	63.31	60.07	56.84	53.72	51.02	48.37	45.87	43.44	41.43	39.59	37.79	36.08	34.61	33.28	32.04	31.47	30.97	30.59	30.33	30.15	30.00	
112.00	107.77	103.59	99.63	95.71	91.82	88.05	84.49	81.13	77.86	74.69	71.57	68.46	65.37	62.33	59.35	56.59	53.83	51.29	48.85	46.52	44.33	42.36	40.52	38.74	37.24	35.77	34.34	33.01	31.81	30.73	29.85	29.09	28.54	28.27	28.01	28.00	
107.00	102.56	98.26	94.09	89.99	85.97	82.05	78.18	74.40	70.79	67.54	64.39	61.27	58.18	55.12	52.11	49.21	46.33	44.01	42.02	40.23	38.49	36.88	35.39	33.99	32.64	31.40	30.28	29.35	28.81	28.32	27.88	27.57	27.35	27.16	27.00	
115.00	109.53	104.92	100.39	96.09	92.00	87.97	84.05	80.26	76.53	72.83	69.35	65.89	62.71	59.66	56.74	54.06	51.54	49.09	46.70	44.32	42.06	39.89	37.82	36.03	34.31	32.60	31.64	30.72	29.97	29.30	29.03	29.00	
121.00	115.23	109.62	104.01	98.44	92.94	87.89	82.98	78.37	74.05	69.78	66.11	62.58	59.47	56.38	53.73	51.23	48.97	46.87	44.85	42.84	41.02	39.19	37.54	36.36	35.24	34.12	33.14	32.32	32.18	32.06	32.00	
121.00	115.55	110.53	105.54	100.87	96.43	92.21	88.18	84.25	80.59	77.10	73.72	70.51	67.54	64.63	61.78	58.93	56.15	53.38	50.71	48.06	45.42	42.92	40.45	38.75	37.05	35.37	33.75	32.89	32.29	31.73	31.16	30.71	30.26	30.00	
107.00	102.69	98.38	94.36	90.36	86.45	82.64	78.93	75.31	71.90	68.57	65.28	62.07	59.25	56.57	54.17	51.95	49.89	48.09	46.39	44.97	43.61	42.32	41.06	39.80	38.56	37.32	36.24	35.18	34.15	33.14	32.20	31.38	30.67	30.33	30.06	30.00	
113.00	107.13	101.60	96.12	90.93	86.00	81.32	76.93	72.95	69.27	65.65	62.10	58.88	55.66	52.65	49.89	47.22	44.84	42.48	40.15	37.91	35.79	33.84	32.93	32.23	31.58	31.12	30.76	30.50	30.29	30.11	30.01	30.00	
110.00	105.40	100.89	96.87	92.86	89.22	85.93	82.66	79.54	76.53	73.66	70.81	68.00	65.25	62.65	60.05	57.65	55.30	52.99	50.71	48.57	46.71	44.90	43.13	41.44	39.80	38.19	36.60	35.03	33.66	32.44	31.54	30.72	30.14	30.00	
120.00	114.40	108.85	103.37	97.91	92.53	87.48	82.47	77.71	74.13	70.59	67.23	64.00	60.77	57.69	54.86	52.28	49.75	47.26	45.15	43.28	41.49	39.74	38.09	36.79	35.50	34.38	33.41	32.64	32.20	32.00	
107.00	102.34	97.92	93.77	89.61	86.07	82.62	79.22	75.83	72.50	69.24	66.00	62.83	59.75	56.79	53.92	51.06	48.21	45.44	42.86	40.46	38.16	36.02	34.27	32.66	31.22	30.20	29.26	28.42	27.61	27.35	27.17	27.06	27.00	
112.00	107.10	102.21	97.65	93.26	88.95	84.63	80.58	77.04	73.56	70.42	67.43	64.51	61.65	58.88	56.18	53.54	51.25	49.11	47.14	45.24	43.44	41.70	40.01	38.51	37.41	36.46	35.69	34.96	34.40	33.93	33.52	33.14	32.78	32.49	32.23	32.00	
123.00	117.11	111.39	106.53	101.73	97.05	92.63	88.25	84.36	80.78	77.21	73.65	70.25	66.89	63.57	60.46	57.54	54.66	52.11	49.60	47.16	44.81	42.55	40.57	38.78	37.07	35.41	33.82	32.42	31.34	30.37	29.58	29.00	
103.00	98.89	94.78	90.68	86.60	82.60	78.93	75.26	72.04	68.87	65.78	62.70	59.74	56.86	54.24	51.63	49.06	46.51	43.97	41.79	39.68	37.80	36.18	34.74	33.55	32.37	31.48	30.68	30.00	29.39	28.84	28.29	27.74	27.38	27.08	27.00	
105.00	100.89	96.97	93.26	89.64	86.04	82.65	79.27	75.89	72.68	69.59	66.60	63.64	60.82	58.19	55.58	53.07	50.60	48.29	46.03	43.80	41.84	39.97	38.20	36.50	34.91	33.52	32.47	31.53	30.60	29.78	29.01	28.57	28.17	28.00	
117.00	112.12	107.28	102.74	98.41	94.09	89.79	85.63	81.78	77.98	74.27	70.57	66.93	63.63	60.55	57.47	54.60	51.90	49.38	46.99	44.66	42.56	40.79	39.08	37.39	35.97	34.85	33.77	32.72	31.99	31.61	31.39	31.19	31.04	31.00	
123.00	117.77	112.82	107.96	103.10	98.35	93.71	89.27	84.91	80.59	76.41	72.28	68.29	64.59	61.01	57.68	54.50	51.73	49.43	47.18	45.00	42.84	40.69	39.12	37.83	36.58	35.42	34.41	33.42	32.87	32.39	32.03	31.68	31.42	31.18	31.02	31.00	
119.00	114.41	109.84	105.35	100.94	96.65	92.41	88.20	84.07	80.00	76.25	72.58	68.91	65.52	62.38	59.38	56.42	53.55	51.04	48.67	46.40	44.24	42.14	40.21	38.52	36.87	35.26	33.81	32.85	31.91	31.00	30.14	29.44	29.11	29.00	
123.00	116.61	110.48	104.53	98.78	93.39	88.60	83.85	79.32	75.25	71.38	67.62	63.95	60.46	57.65	54.85	52.08	49.81	47.78	45.96	44.18	42.45	40.73	39.05	37.61	36.19	34.78	33.41	32.15	30.96	30.01	29.14	28.37	27.78	27.20	27.00	
110.00	105.22	100.85	96.52	92.41	88.35	84.38	80.87	77.39	74.33	71.28	68.32	65.38	62.48	59.76	57.27	54.84	52.46	50.14	47.88	45.70	43.57	41.60	39.68	37.77	35.94	34.59	33.24	32.51	31.80	31.24	31.00	
107.00	101.42	96.04	90.82	85.60	80.79	76.06	71.98	67.96	64.23	60.64	57.19	54.07	51.18	48.48	45.85	43.39	41.19	39.27	37.57	36.08	34.64	33.26	32.07	30.91	30.02	29.16	28.46	27.94	27.67	27.41	27.18	27.00	
120.00	114.34	108.79	103.81	99.28	94.79	90.51	86.55	82.68	78.86	75.15	71.69	68.41	65.16	62.04	58.98	56.05	53.17	50.32	47.49	44.67	41.86	40.08	38.53	37.22	36.15	35.23	34.51	33.87	33.39	32.95	32.57	32.36	32.18	32.01	32.00	
101.00	96.86	92.82	88.95	85.09	81.36	77.72	74.26	71.13	68.05	65.13	62.50	59.95	57.60	55.26	53.05	50.87	48.73	46.60	44.47	42.36	40.27	38.22	36.32	34.47	32.76	31.08	29.79	29.04	28.30	27.73	27.45	27.24	27.04	27.00	
113.00	108.28	103.68	99.15	94.98	90.87	86.76	83.05	79.40	76.00	72.65	69.43	66.25	63.13	60.14	57.19	54.26	51.35	48.75	46.47	44.29	42.34	40.54	38.77	37.47	36.39	35.31	34.43	33.69	32.96	32.63	32.39	32.20	32.04	32.00	
113.00	108.39	103.88	99.41	94.97	90.86	86.77	82.76	78.91	75.14	71.51	67.92	64.68	61.49	58.52	55.58	52.90	50.55	48.48	46.52	44.69	43.11	41.69	40.31	38.94	37.73	36.56	35.42	34.52	33.64	32.96	32.40	31.99	31.58	31.17	31.00	
115.00	110.53	106.25	101.99	97.79	93.68	89.62	85.56	81.60	77.65	74.01	70.44	66.97	63.56	60.23	56.97	53.75	50.53	48.03	45.60	43.22	40.91	38.81	36.97	35.18	33.48	31.89	30.33	29.22	28.72	28.31	28.00	
121.00	115.38	109.84	104.29	98.94	93.65	88.85	84.09	79.38	74.71	70.06	65.56	61.26	57.30	53.67	50.18	47.12	44.19	41.26	38.37	35.90	33.90	32.00	30.93	30.03	29.32	28.68	28.07	27.51	27.24	27.00	
122.00	116.23	110.57	105.01	99.56	94.27	89.77	85.34	81.12	77.13	73.17	69.91	66.68	63.63	60.68	58.20	55.90	53.69	51.47	49.41	47.39	45.82	44.29	42.91	41.64	40.39	39.15	37.91	36.77	35.67	34.73	33.91	33.09	32.50	32.18	32.00	
112.00	107.06	102.18	97.33	92.52	88.03	83.66	79.30	75.01	70.87	66.81	62.79	59.10	55.49	52.19	49.16	46.38	43.69	41.42	39.31	37.45	35.66	34.08	32.95	32.02	31.14	30.39	29.77	29.19	28.68	28.27	28.00	
111.00	106.18	101.43	96.71	92.03	87.55	83.11	78.87	74.67	70.94	67.24	63.71	60.19	56.82	53.63	50.87	48.10	45.49	43.03	40.59	38.31	36.16	34.66	33.34	32.34	31.42	30.92	30.46	29.99	29.57	29.33	29.16	29.00	
102.00	97.50	93.18	88.86	84.59	80.47	76.67	72.96	69.30	65.70	62.89	60.24	57.73	55.26	52.80	50.47	48.20	46.01	43.95	41.98	40.02	38.15	36.54	35.13	33.95	32.88	31.87	31.07	30.35	29.80	29.30	28.84	28.46	28.21	28.01	28.00	
115.00	110.30	105.73	101.18	96.97	92.88	88.83	84.85	80.92	77.09	73.32	69.72	66.14	62.60	59.08	55.74	52.48	49.28	46.26	43.48	40.92	38.75	36.64	34.56	32.89	31.49	30.10	29.70	29.35	29.06	29.00	
103.00	98.37	93.80	89.31	85.08	81.23	77.65	74.37	71.19	68.14	65.27	62.73	60.20	57.74	55.36	53.10	50.92	48.85	46.95	45.13	43.38	41.69	40.03	38.42	36.86	35.43	34.20	33.21	32.23	31.38	30.56	30.07	30.00	
105.00	100.30	95.74	91.50	87.45	83.57	79.71	75.88	72.08	68.81	65.58	62.43	59.70	57.07	54.62	52.18	49.79	47.73	45.75	43.79	41.84	39.95	38.25	36.63	35.18	33.80	32.46	31.14	30.22	29.50	28.81	28.34	28.10	28.00	
108.00	103.52	99.09	94.81	90.69	86.58	82.59	79.01	75.53	72.13	68.74	65.92	63.17	60.51	57.88	55.37	52.90	50.48	48.21	46.04	43.98	41.95	39.96	38.20	36.68	35.20	34.04	33.06	32.14	31.25	30.37	29.54	28.75	27.97	27.39	27.00	
120.00	114.30	108.67	103.52	98.41	93.82	89.70	85.71	81.76	77.83	74.15	70.49	66.83	63.28	60.24	57.24	54.27	51.66	49.34	47.08	44.87	42.85	40.88	39.02	37.38	35.83	34.44	33.08	32.30	32.02	32.00	
106.00	101.44	96.89	92.60	88.35	84.88	81.61	78.45	75.34	72.31	69.33	66.41	63.67	61.10	58.54	56.08	53.64	51.22	48.82	46.70	44.76	42.87	41.01	39.15	37.36	35.68	34.09	32.72	31.67	31.09	31.00	
108.00	102.95	98.05	93.18	88.80	84.46	80.65	77.10	73.58	70.25	66.96	63.81	60.77	57.95	55.35	52.82	50.51	48.21	46.09	44.10	42.46	40.90	39.67	38.48	37.43	36.41	35.47	34.68	33.93	33.20	32.74	32.33	32.00	
119.00	113.73	108.63	103.60	98.66	93.97	89.29	84.78	80.29	75.93	71.61	67.62	63.84	60.37	56.93	53.51	50.23	47.11	44.13	41.36	38.88	37.16	35.71	34.27	32.99	31.81	30.80	29.81	28.86	28.10	28.00	
109.00	104.40	99.84	95.32	91.02	87.11	83.49	79.94	76.53	73.16	69.81	66.49	63.34	60.25	57.21	54.17	51.31	48.90	46.55	44.36	42.47	40.60	38.86	37.35	36.17	35.16	34.41	33.78	33.23	32.69	32.21	31.74	31.37	31.04	31.00	
104.00	99.54	95.18	90.87	86.87	83.14	79.43	75.82	72.31	68.87	65.50	62.14	59.03	56.11	53.59	51.08	48.58	46.15	43.79	41.80	39.90	38.24	36.62	35.21	33.80	32.50	31.30	30.15	29.27	28.78	28.38	27.98	27.59	27.25	27.00	
107.00	102.00	97.31	92.65	88.12	83.59	79.59	75.78	72.01	68.29	65.31	62.35	59.49	56.66	54.18	51.74	49.31	46.90	44.56	42.24	40.14	38.53	37.01	35.95	35.03	34.20	33.61	33.11	32.73	32.37	32.10	32.00	
116.00	110.80	105.95	101.15	96.56	92.06	87.76	83.49	79.34	75.29	71.49	67.91	64.67	61.74	58.90	56.06	53.25	50.51	47.84	45.27	42.83	40.70	38.89	37.20	35.68	34.33	33.05	31.82	30.65	29.77	28.94	28.60	28.37	28.16	28.00	
112.00	106.90	101.93	97.12	92.54	88.06	83.65	79.34	75.21	71.69	68.28	65.05	62.07	59.26	56.70	54.35	52.01	49.72	47.48	45.42	43.41	41.41	39.46	37.52	35.70	34.42	33.18	32.15	31.18	30.29	29.41	28.84	28.34	28.00	
123.00	117.57	112.21	106.96	101.78	96.73	91.89	87.18	82.61	78.65	74.87	71.18	67.58	64.18	60.85	57.56	54.34	51.12	48.14	45.46	42.83	40.24	37.78	35.65	33.53	32.22	31.12	30.08	29.25	28.55	28.06	28.00	
118.00	113.01	108.22	103.46	98.72	94.00	89.29	84.92	80.59	76.58	72.62	68.82	65.16	61.80	58.47	55.51	52.74	50.13	47.62	45.17	42.82	40.53	38.69	37.17	35.66	34.40	33.52	32.78	32.34	32.01	32.00	
106.00	101.10	96.40	91.80	87.22	82.84	78.95	75.12	71.36	67.61	64.06	60.61	57.45	54.34	51.37	48.63	46.51	44.40	42.31	40.37	38.44	36.69	35.01	33.54	32.67	31.94	31.21	30.53	29.86	29.29	29.10	29.00	
116.00	110.89	105.90	101.03	96.22	91.80	87.40	83.29	79.57	75.87	72.67	69.52	66.39	63.34	60.37	57.39	54.51	51.95	49.41	47.14	44.89	42.68	40.64	39.11	37.65	36.21	34.82	33.81	32.83	32.20	31.70	31.28	30.87	30.51	30.20	30.00	
109.00	104.57	100.15	95.84	91.58	87.49	83.41	79.62	76.00	72.47	69.07	65.86	62.73	59.67	56.86	54.35	52.24	50.14	48.19	46.26	44.43	42.65	40.90	39.24	37.70	36.20	34.71	33.34	32.31	31.34	30.71	30.09	29.52	29.14	29.00	
113.00	108.00	103.06	98.13	93.61	89.21	84.85	80.50	76.17	72.25	68.67	65.23	61.99	59.10	56.29	54.01	51.84	49.77	47.72	46.09	44.52	43.12	41.76	40.40	39.10	37.89	36.76	35.65	34.69	33.75	33.05	32.51	32.22	32.08	32.00	
120.00	113.67	107.45	101.42	95.41	89.89	85.08	80.68	76.28	72.04	68.51	64.98	61.54	58.24	55.10	51.96	48.92	46.71	44.61	42.52	40.63	38.77	37.01	35.29	33.64	32.05	30.68	29.72	28.97	28.26	27.71	27.26	27.17	27.07	27.00	
119.00	114.48	110.01	105.64	101.68	97.72	93.93	90.19	86.58	82.99	79.42	75.99	72.62	69.33	66.11	63.15	60.52	57.91	55.33	52.77	50.21	47.75	45.41	43.12	40.86	38.75	36.74	34.92	33.37	32.14	30.98	30.12	29.62	29.23	29.11	29.00	29.00	
122.00	116.29	110.73	105.20	99.74	94.41	89.12	84.21	79.64	75.68	71.80	68.27	64.80	61.49	58.26	55.21	52.47	49.82	47.54	45.29	43.15	41.10	39.27	37.51	35.88	34.38	33.02	31.78	30.79	29.95	29.18	28.56	28.00	
118.00	111.60	105.74	100.12	94.79	90.22	85.73	81.64	77.99	74.39	70.92	67.68	64.49	61.38	58.37	55.42	52.63	49.95	47.53	45.34	43.20	41.10	39.10	37.35	35.68	34.18	33.12	32.12	31.17	30.25	29.37	28.59	28.24	28.00	
116.00	111.38	106.81	102.47	98.34	94.42	90.58	86.81	83.18	79.57	75.98	72.44	68.92	65.53	62.17	58.90	55.79	52.73	50.18	47.80	45.50	43.30	41.13	39.12	37.24	35.45	34.13	32.87	31.65	30.48	29.41	28.57	27.83	27.37	27.13	27.03	27.00	
113.00	107.54	102.26	97.54	92.84	88.28	83.99	80.23	76.50	72.85	69.41	66.00	62.90	59.88	57.19	54.57	51.97	49.48	47.24	45.08	42.97	41.10	39.25	37.43	35.70	33.98	32.39	31.25	30.47	29.72	29.20	28.80	28.47	28.24	28.13	28.06	28.00	
106.00	100.22	94.81	89.60	84.46	79.38	74.31	69.27	64.86	60.89	57.04	53.27	49.76	46.84	44.85	43.01	41.26	39.54	37.83	36.26	34.86	33.83	33.11	32.48	31.89	31.35	31.00	30.65	30.39	30.15	30.05	30.00	
115.00	109.40	104.00	98.65	93.51	88.60	84.06	79.75	75.59	71.49	67.65	64.09	60.54	57.04	53.69	50.51	47.35	44.50	42.13	39.79	37.52	35.49	33.53	31.57	30.10	28.68	27.62	27.34	27.17	27.06	27.00	
102.00	97.70	93.53	89.39	85.26	81.47	77.89	74.55	71.24	67.97	64.83	61.75	58.74	55.94	53.20	50.51	48.06	45.67	43.41	41.53	40.00	38.54	37.12	35.93	34.85	33.99	33.17	32.44	31.73	31.23	30.76	30.43	30.14	30.00	
110.00	104.81	99.96	95.41	91.16	87.06	83.30	79.92	76.56	73.23	69.98	66.97	63.98	61.26	58.80	56.40	54.05	51.77	49.86	48.01	46.28	44.58	42.92	41.27	39.70	38.29	36.94	35.71	34.52	33.69	33.05	32.55	32.26	32.11	32.00	
101.00	96.01	91.10	86.73	82.51	78.46	74.43	70.87	67.45	64.19	61.12	58.10	55.18	52.77	50.48	48.23	46.05	43.88	41.71	39.73	37.81	36.14	34.66	33.43	32.22	31.24	30.40	29.64	28.92	28.27	28.00	
118.00	113.35	108.76	104.19	99.65	95.49	91.46	87.44	83.45	80.00	76.68	73.37	70.06	66.91	63.82	60.76	57.79	54.94	52.14	49.43	46.76	44.22	41.69	39.39	37.60	36.17	34.95	34.10	33.42	32.74	32.11	31.54	31.03	30.60	30.34	30.11	30.00	
105.00	100.30	95.72	91.46	87.28	83.26	79.40	75.59	71.81	68.26	64.82	61.62	58.45	55.64	52.83	50.39	48.14	46.10	44.10	42.13	40.21	38.44	36.74	35.35	34.27	33.20	32.17	31.38	30.60	29.92	29.43	29.26	29.12	29.00	
102.00	97.55	93.34	89.18	85.19	81.29	77.42	73.65	69.98	66.43	63.26	60.13	57.09	54.17	51.37	49.06	46.89	44.79	42.73	41.07	39.52	38.06	36.73	35.46	34.40	33.45	32.70	32.03	31.38	30.77	30.15	29.61	29.08	29.00	
110.00	104.41	99.05	93.73	88.96	84.73	80.49	76.62	72.86	69.39	65.93	62.51	59.43	56.35	53.39	50.51	47.64	45.74	43.90	42.21	40.66	39.18	37.71	36.29	34.91	33.55	32.48	31.57	30.79	30.04	30.02	30.00	
117.00	111.74	106.48	101.22	95.97	90.87	85.87	81.00	76.35	71.95	67.72	63.93	60.19	56.62	53.11	49.64	46.81	44.15	41.74	39.62	38.11	36.65	35.26	34.35	33.52	32.70	31.98	31.27	30.64	30.05	29.50	28.97	28.52	28.21	28.09	28.00	
103.00	99.10	95.48	91.92	88.65	85.45	82.27	79.26	76.31	73.39	70.47	67.60	64.80	62.04	59.33	56.66	53.99	51.40	48.92	46.46	44.15	42.03	39.96	38.17	36.42	34.78	33.19	31.93	30.73	29.78	28.83	28.27	27.71	27.25	27.06	27.00	
110.00	105.23	100.48	95.80	91.32	87.07	82.87	78.69	74.61	70.98	67.38	64.18	61.08	58.03	55.47	53.01	50.57	48.21	45.96	43.81	41.71	39.81	38.25	36.85	35.49	34.18	32.97	31.79	31.25	30.76	30.52	30.30	30.09	30.02	30.00	
112.00	106.61	101.54	96.53	91.84	87.61	83.42	79.44	75.51	71.58	68.42	65.43	62.59	59.99	57.53	55.25	53.12	51.05	49.16	47.31	45.50	43.90	42.32	40.79	39.29	37.93	36.65	35.39	34.25	33.17	32.25	31.36	30.50	29.74	29.03	29.00	
106.00	101.61	97.23	93.08	88.99	85.15	81.37	77.66	74.02	70.40	67.01	63.62	60.28	57.07	54.22	51.41	48.71	46.09	43.74	41.42	39.12	36.90	35.10	33.63	32.22	30.86	29.65	28.84	28.22	27.75	27.47	27.22	27.09	27.00	
104.00	99.52	95.15	90.80	86.66	82.53	78.44	74.44	70.71	66.99	63.39	59.87	56.80	54.32	51.93	49.76	47.62	45.53	43.51	41.51	39.59	37.96	36.61	35.34	34.40	33.54	32.72	32.02	31.40	30.87	30.53	30.25	30.04	30.00	
116.00	109.72	103.50	97.64	91.90	86.64	81.88	77.22	73.11	69.56	66.18	62.90	59.72	56.69	53.67	50.73	47.87	45.27	42.81	40.56	38.46	36.57	34.71	33.00	31.38	30.25	29.23	28.35	27.74	27.36	27.00	
101.00	96.55	92.76	88.99	85.30	81.76	78.25	74.96	71.68	68.52	65.37	62.28	59.49	57.09	54.70	52.39	50.10	47.84	45.67	43.86	42.06	40.36	38.93	37.57	36.52	35.51	34.67	33.85	33.19	32.58	32.00	
120.00	115.41	110.85	106.48	102.11	97.77	93.49	89.27	85.19	81.17	77.24	73.41	70.08	66.82	63.64	60.59	57.65	54.75	52.21	49.68	47.35	45.14	43.05	41.06	39.10	37.14	35.39	34.07	33.06	32.18	31.61	31.13	30.66	30.22	30.00	
119.00	113.85	108.73	103.71	98.80	94.01	89.36	84.75	80.15	75.55	71.04	66.87	63.18	59.50	55.97	52.50	49.76	47.21	44.83	43.04	41.33	39.63	37.97	36.48	35.04	33.74	32.52	31.41	30.59	29.86	29.22	29.09	29.00	
110.00	105.41	100.83	96.34	91.94	87.55	83.49	79.61	75.95	72.47	69.02	65.62	62.49	59.46	56.47	53.71	50.95	48.26	45.63	43.16	40.81	38.63	36.79	34.98	33.40	31.97	30.83	29.93	29.32	29.13	29.00	
114.00	108.08	102.63	97.46	92.64	87.85	83.43	79.04	74.66	70.44	66.68	63.03	59.39	55.79	52.73	49.81	47.05	44.50	42.31	40.45	38.75	37.11	35.52	34.08	32.67	31.32	30.06	29.19	28.52	27.98	27.45	27.16	27.00	
113.00	107.85	102.92	98.07	93.29	88.55	83.88	79.28	74.84	70.97	67.57	64.41	61.46	58.52	55.66	52.93	50.58	48.37	46.36	44.52	42.82	41.12	39.75	38.48	37.29	36.38	35.48	34.66	33.87	33.08	32.48	32.11	31.83	31.55	31.27	31.00	
119.00	114.01	109.18	104.57	100.13	95.76	91.43	87.38	83.41	79.67	75.99	72.35	68.75	65.15	61.59	58.22	54.92	51.84	48.84	46.16	43.62	41.28	39.22	37.29	35.43	33.76	32.45	31.24	30.16	29.13	28.22	27.87	27.52	27.25	27.00	
105.00	100.93	96.89	92.87	89.14	85.55	82.19	78.85	75.52	72.35	69.24	66.23	63.30	60.39	57.57	54.86	52.24	49.77	47.41	45.05	42.74	40.47	38.80	37.24	35.85	34.70	33.63	32.69	32.37	32.13	32.06	32.00	
108.00	103.42	98.88	94.48	90.11	85.90	81.77	77.68	73.92	70.32	66.76	63.38	60.10	57.03	54.10	51.36	48.76	46.32	43.93	42.17	40.56	39.18	37.93	36.71	35.53	34.46	33.41	32.44	31.85	31.30	30.76	30.50	30.24	30.00	
106.00	101.56	97.30	93.08	88.99	85.19	81.66	78.19	74.97	71.88	68.83	65.93	63.04	60.25	57.46	54.96	52.46	50.04	47.62	45.27	43.11	41.00	39.36	37.73	36.26	35.04	34.23	33.58	32.93	32.59	32.32	32.14	32.00	
114.00	108.08	102.35	97.27	92.42	87.69	83.84	80.13	76.59	73.10	69.68	66.34	63.28	60.28	57.30	54.39	51.61	49.01	46.49	44.02	41.73	39.77	37.84	36.29	34.76	33.31	31.97	31.12	30.43	29.77	29.27	29.05	29.00	
106.00	102.02	98.20	94.41	90.64	86.89	83.48	80.12	76.78	73.48	70.20	66.92	63.84	60.87	57.92	54.97	52.33	50.19	48.18	46.21	44.32	42.67	41.10	39.59	38.08	36.77	35.54	34.51	33.48	32.49	31.51	30.63	29.81	29.20	28.79	28.40	28.00	
123.00	117.40	112.30	107.21	102.31	97.61	93.22	89.04	84.87	80.84	76.84	73.13	69.81	66.62	63.51	60.67	57.86	55.06	52.34	49.69	47.03	44.47	41.94	39.57	37.93	36.38	35.08	33.82	32.62	31.48	30.36	29.50	28.71	28.00	27.42	27.10	27.00	
101.00	96.49	92.07	87.87	83.68	79.53	75.42	71.65	68.05	64.65	61.61	58.63	55.74	52.88	50.05	47.41	44.79	42.40	40.04	38.41	36.83	35.26	33.94	32.74	31.72	30.92	30.19	29.61	29.05	28.52	28.00	
110.00	104.12	98.57	93.02	87.97	83.39	78.85	74.44	70.61	66.84	63.08	59.48	56.16	53.17	50.25	47.36	44.52	41.76	39.28	37.34	35.59	33.93	32.39	31.14	29.98	29.38	28.83	28.46	28.19	28.02	28.00	
121.00	114.42	108.05	101.78	95.63	89.72	83.87	78.11	72.71	68.08	63.56	59.78	56.18	53.37	51.01	48.84	46.74	44.73	42.86	41.05	39.30	37.66	36.02	34.64	33.37	32.20	31.11	30.09	29.32	28.60	28.01	27.52	27.22	27.01	27.00	
106.00	101.02	96.08	91.28	86.79	82.31	78.17	74.41	70.80	67.24	63.80	60.57	57.52	54.51	51.55	49.23	46.96	44.76	42.90	41.23	39.64	38.13	36.73	35.36	34.05	32.81	31.73	30.76	29.96	29.18	28.64	28.17	27.73	27.29	27.09	27.00	
101.00	96.42	91.99	87.71	83.52	79.80	76.19	72.62	69.10	65.74	62.51	59.59	57.05	54.60	52.17	49.92	47.70	45.56	43.60	41.72	39.93	38.54	37.18	36.01	34.93	33.89	33.14	32.63	32.25	32.00	32.00	
111.00	105.97	100.97	96.04	91.57	87.26	82.96	78.69	74.57	70.59	66.77	63.65	60.55	57.63	54.76	51.96	49.32	46.67	44.22	41.83	39.58	37.35	35.24	33.94	33.07	32.21	31.39	30.85	30.42	30.16	30.05	30.00	
117.00	111.64	106.39	101.18	96.02	91.04	86.15	81.44	76.88	72.54	68.21	63.92	59.66	55.48	51.86	48.76	45.69	43.05	41.26	39.55	37.87	36.22	34.60	33.19	32.05	31.00	30.18	29.67	29.21	28.85	28.50	28.30	28.09	28.00	
123.00	117.09	111.40	105.82	100.32	94.94	90.13	85.75	81.43	77.13	72.94	68.78	64.74	60.99	57.81	54.85	51.92	49.06	46.24	43.99	41.99	40.13	38.52	37.11	36.00	34.95	33.96	33.28	32.66	32.08	32.00	
110.00	104.96	99.97	95.13	90.35	85.62	81.19	77.05	73.00	69.05	65.33	61.64	58.12	54.84	51.59	49.01	46.69	44.39	42.16	40.54	38.93	37.33	36.11	34.95	34.16	33.57	33.02	32.56	32.22	32.09	32.00	
110.00	105.40	100.86	96.31	91.81	87.33	82.96	78.70	74.53	70.59	66.69	63.07	59.56	56.22	53.29	50.62	47.96	45.50	43.23	41.45	39.78	38.45	37.17	36.02	34.88	33.85	32.88	32.09	31.68	31.38	31.18	31.00	
114.00	109.09	104.22	99.55	94.99	90.65	86.39	82.18	78.02	73.90	70.00	66.10	62.63	59.18	55.76	52.56	49.55	47.01	44.56	42.72	40.94	39.19	37.63	36.27	35.14	34.16	33.37	32.65	32.41	32.20	32.00	
102.00	97.70	93.46	89.30	85.27	81.27	77.31	73.42	69.60	65.95	62.35	59.26	56.25	53.50	51.07	48.85	46.68	44.78	42.88	41.10	39.67	38.37	37.08	35.89	34.70	33.55	32.53	31.60	30.71	29.86	29.32	28.78	28.28	28.00	
105.00	100.46	96.24	92.06	87.89	83.72	79.74	75.83	72.27	68.87	65.87	63.01	60.36	57.74	55.19	52.90	50.71	48.62	46.58	44.54	42.62	40.87	39.31	37.90	36.67	35.47	34.52	33.69	32.93	32.24	32.00	
113.00	107.76	103.20	98.65	94.20	90.01	85.85	81.86	78.26	74.67	71.20	67.76	64.34	61.18	58.07	55.14	52.22	49.40	46.66	43.93	41.33	39.47	37.81	36.39	35.06	33.74	32.43	31.22	30.14	29.43	28.82	28.28	27.79	27.36	27.00	
119.00	113.22	107.54	101.86	96.51	91.30	86.12	81.66	77.23	73.19	69.58	66.38	63.50	60.61	57.78	54.98	52.19	49.40	46.67	44.01	42.11	40.39	38.68	37.11	35.86	34.82	33.97	33.14	32.51	32.15	32.04	32.00	
109.00	104.38	99.78	95.25	90.77	86.37	82.17	78.08	74.36	70.97	67.60	64.47	61.39	58.33	55.40	52.50	49.63	47.00	44.45	42.02	39.60	37.31	35.61	33.98	32.59	31.32	30.48	29.95	29.58	29.33	29.21	29.12	29.04	29.00	
113.00	108.35	103.88	99.48	95.11	90.96	86.89	82.92	79.46	76.08	72.81	69.64	66.51	63.42	60.72	58.04	55.41	52.90	50.50	48.19	45.96	43.76	41.57	39.52	37.64	35.83	34.21	33.04	31.90	30.82	30.25	29.87	29.57	29.33	29.14	29.00	
110.00	104.86	100.04	95.29	90.87	86.78	82.74	78.70	74.69	70.74	66.87	63.13	59.61	56.32	53.35	50.52	48.11	45.76	43.70	41.70	39.77	37.92	36.11	34.55	33.17	32.06	31.13	30.36	29.66	29.06	28.62	28.21	28.00	
118.00	113.10	108.66	104.27	99.96	95.70	91.44	87.24	83.15	79.09	75.18	71.49	67.84	64.27	60.89	57.97	55.21	52.67	50.24	47.83	45.82	43.87	42.02	40.37	38.76	37.37	36.40	35.47	34.55	33.64	33.04	32.48	31.95	31.46	31.06	31.03	31.00	
114.00	108.74	103.59	98.57	93.63	89.06	84.56	80.05	75.57	71.15	67.29	63.65	60.10	56.79	53.59	50.47	47.49	44.57	41.86	39.29	37.57	35.87	34.22	32.62	31.19	30.14	29.33	28.75	28.41	28.17	28.07	28.00	
102.00	97.21	92.42	88.07	83.72	79.40	75.10	70.81	66.58	62.35	58.56	55.20	51.91	49.04	46.22	43.64	41.07	38.83	36.87	35.20	33.63	32.13	30.87	29.67	28.81	28.08	27.58	27.11	27.05	27.01	27.00	
108.00	102.08	96.65	91.56	86.48	81.72	77.06	73.13	69.39	65.67	62.01	58.55	55.60	53.13	50.65	48.60	46.59	44.61	43.00	41.61	40.28	38.97	37.77	36.62	35.58	34.66	33.77	32.94	32.19	31.52	30.86	30.23	29.77	29.32	29.00	
113.00	108.12	103.48	99.03	94.69	90.48	86.35	82.29	78.39	74.49	70.65	66.86	63.39	60.14	57.19	54.26	51.52	49.04	46.67	44.34	42.37	40.56	39.01	37.46	36.10	34.96	33.89	33.04	32.27	31.50	30.77	30.30	30.11	30.00	
102.00	97.76	93.66	89.68	85.73	82.01	78.43	74.89	71.66	68.53	65.74	62.97	60.24	57.53	55.04	52.68	50.33	48.08	46.15	44.24	42.50	40.88	39.27	38.11	37.00	35.93	34.92	33.94	33.04	32.27	31.58	31.03	30.50	30.30	30.19	30.09	30.00	
101.00	96.49	92.01	87.75	83.58	79.42	75.49	71.59	67.88	64.73	61.66	58.65	55.89	53.33	51.11	49.15	47.30	45.47	43.70	41.99	40.46	39.00	37.58	36.28	35.16	34.28	33.41	32.58	31.92	31.44	31.05	31.00	
112.00	106.69	101.66	96.73	91.82	87.11	82.41	78.04	74.04	70.38	66.78	63.28	59.93	56.58	53.44	50.72	48.29	45.95	43.61	41.32	39.18	37.15	35.13	33.68	32.24	31.06	30.10	29.25	28.62	28.30	28.10	28.00	
108.00	102.28	96.99	92.32	87.73	83.67	79.71	75.99	72.30	69.05	65.86	62.77	59.78	57.29	54.82	52.43	50.06	47.72	45.47	43.34	41.36	39.63	37.93	36.56	35.58	34.63	33.75	32.92	32.31	31.88	31.52	31.23	31.01	31.00	
123.00	117.15	111.31	105.65	100.64	95.87	91.34	86.97	83.07	79.23	75.49	71.78	68.09	64.47	61.17	58.30	55.52	52.92	50.34	47.77	45.26	43.13	41.21	39.35	37.59	35.94	34.35	33.00	32.11	31.25	30.40	30.19	30.00	
114.00	109.35	104.76	100.30	95.89	91.73	88.11	84.49	80.94	77.44	74.01	70.64	67.33	64.04	60.95	57.89	54.94	52.01	49.31	46.65	44.20	41.92	39.85	38.20	36.61	35.42	34.26	33.54	32.90	32.30	32.00	
115.00	109.73	104.47	99.58	94.75	90.19	85.68	81.38	77.09	73.32	69.69	66.25	63.05	59.97	56.96	53.96	50.96	48.10	45.32	42.58	39.86	37.16	34.93	32.83	31.40	30.26	29.34	28.46	27.86	27.52	27.20	27.00	
105.00	99.64	94.35	89.26	84.37	79.65	75.88	72.12	68.60	65.11	61.85	58.75	55.72	52.81	50.39	48.10	45.90	43.80	41.85	40.12	38.59	37.28	35.97	34.73	33.61	32.53	31.58	30.75	30.06	29.38	28.85	28.51	28.25	28.00	
119.00	113.83	108.83	103.87	98.97	94.20	89.54	84.92	80.48	76.10	72.02	68.13	64.63	61.19	57.89	54.59	51.36	48.15	45.25	42.64	40.66	38.83	37.16	35.58	34.16	32.82	31.73	30.85	30.28	30.08	30.03	30.00	
102.00	98.14	94.30	90.67	87.11	83.59	80.12	76.94	73.93	71.09	68.28	65.52	62.90	60.28	57.66	55.06	52.49	49.93	47.49	45.11	42.94	40.79	38.66	36.61	34.60	32.60	30.80	29.58	28.51	27.77	27.36	27.18	27.00	
117.00	111.83	106.91	102.15	97.45	92.90	88.38	83.88	79.55	75.42	71.48	67.59	63.83	60.12	56.65	53.29	50.17	47.57	45.02	42.73	41.07	39.58	38.14	36.78	35.46	34.34	33.26	32.38	31.54	30.73	29.98	29.30	29.01	29.00	
115.00	109.09	103.29	97.72	92.20	87.09	82.18	77.61	73.54	69.52	65.68	62.10	58.97	55.93	52.92	50.13	47.85	45.65	43.61	41.60	40.00	38.53	37.06	35.69	34.54	33.68	33.11	32.57	32.17	32.08	32.00	
118.00	112.17	106.76	101.89	97.36	92.90	88.61	84.62	80.81	77.16	73.53	69.94	66.40	62.89	59.55	56.25	53.27	50.63	48.06	45.98	44.01	42.05	40.29	38.72	37.25	35.94	34.71	33.60	32.99	32.48	32.12	32.00	
123.00	117.36	111.72	106.24	100.79	95.62	90.45	85.63	81.07	76.73	72.58	68.44	64.37	60.64	56.93	53.76	50.66	47.66	44.67	41.98	39.63	37.33	35.26	33.49	31.86	30.30	29.17	28.12	27.51	27.17	27.04	27.01	27.00	
108.00	103.86	99.79	95.72	91.75	88.01	84.30	80.67	77.10	73.56	70.04	66.57	63.25	59.95	56.69	53.55	50.65	47.86	45.47	43.23	41.18	39.51	37.99	36.71	35.48	34.40	33.64	33.01	32.62	32.29	32.11	32.00	
122.00	117.13	112.27	107.41	102.91	98.71	94.64	90.57	86.71	82.92	79.42	75.93	72.53	69.16	65.80	62.73	59.67	56.62	53.61	50.65	47.82	45.59	43.60	41.62	39.72	37.90	36.37	35.24	34.11	33.08	32.27	31.72	31.40	31.09	31.03	31.00	
118.00	112.14	106.42	100.92	95.63	90.57	85.55	80.53	75.74	71.25	66.86	63.02	59.81	56.78	53.91	51.56	49.65	47.76	46.12	44.49	42.88	41.34	39.99	38.71	37.43	36.15	34.95	33.90	32.90	32.03	31.18	30.34	29.93	29.61	29.32	29.12	29.00	
114.00	108.18	102.51	96.88	91.51	86.22	81.24	76.26	71.52	67.41	63.54	59.82	56.20	52.91	49.68	46.61	43.54	40.64	37.90	35.55	33.49	32.28	31.14	30.14	29.45	28.94	28.46	28.01	27.61	27.29	27.00	
115.00	110.21	105.49	100.86	96.39	92.05	87.75	83.57	79.54	75.65	72.03	68.52	65.02	61.59	58.68	55.84	53.25	50.77	48.64	46.54	44.66	42.80	41.01	39.25	37.63	36.47	35.37	34.29	33.26	32.31	31.40	30.68	29.98	29.31	29.13	29.00	
101.00	96.53	92.32	88.14	84.06	80.01	76.16	72.34	68.57	65.02	61.47	58.39	55.34	52.39	49.54	46.94	44.49	42.39	40.30	38.38	36.74	35.27	34.06	32.86	32.04	31.33	30.97	30.63	30.30	30.02	30.00	
108.00	103.91	100.03	96.21	92.41	88.72	85.04	81.55	78.27	75.06	71.89	68.77	65.72	62.81	60.01	57.30	54.63	51.97	49.45	46.99	45.40	43.95	42.53	41.21	39.89	38.64	37.41	36.22	35.13	34.20	33.46	32.75	32.19	31.78	31.40	31.16	31.00	
112.00	106.39	101.19	96.26	91.85	87.46	83.40	79.37	75.33	71.84	68.40	65.16	61.93	58.75	55.57	52.74	49.93	47.12	44.37	41.72	39.34	37.26	35.79	34.60	33.66	32.89	32.15	31.59	31.22	31.12	31.03	31.00	
107.00	101.44	95.97	90.83	85.86	81.01	76.20	71.55	67.31	63.34	59.51	55.89	52.68	49.83	47.00	44.40	42.33	40.49	38.86	37.44	36.03	34.71	33.38	32.11	30.84	30.07	29.42	28.84	28.31	27.91	27.57	27.33	27.12	27.00	
105.00	100.93	96.99	93.07	89.28	85.50	81.82	78.16	74.74	71.32	67.95	64.65	61.56	58.69	55.97	53.73	51.53	49.37	47.27	45.28	43.43	41.63	39.85	38.10	36.76	35.52	34.33	33.20	32.73	32.31	32.09	32.00	
113.00	107.37	101.82	96.97	92.23	87.65	83.09	78.70	74.50	70.34	66.96	63.70	60.55	57.56	54.81	52.06	49.61	47.41	45.30	43.25	41.34	39.78	38.32	37.07	35.84	34.77	33.89	33.11	32.46	32.24	32.05	32.00	
120.00	112.81	105.66	99.72	94.36	89.02	84.01	79.28	74.90	70.96	67.28	63.61	60.17	56.77	53.50	50.28	47.24	44.69	42.16	39.64	37.30	35.01	33.19	32.21	31.31	30.43	29.93	29.49	29.06	28.64	28.32	28.00	
114.00	109.15	104.30	99.73	95.19	90.71	86.28	82.55	78.87	75.22	71.73	68.31	64.98	61.82	58.69	55.58	52.50	49.44	46.96	44.64	42.50	40.55	38.66	36.86	35.40	33.95	32.74	31.70	31.09	30.53	30.06	30.00	
115.00	110.36	105.82	101.35	96.89	92.46	88.13	83.85	79.61	75.60	71.85	68.22	64.72	61.25	57.84	55.17	52.63	50.08	47.61	45.33	43.46	41.70	40.05	38.40	36.89	35.53	34.39	33.33	32.30	31.71	31.41	31.20	31.00	
117.00	110.98	105.35	100.40	95.48	90.63	85.98	81.51	77.39	73.37	69.58	65.81	62.04	58.82	55.65	52.59	49.71	46.90	44.56	42.42	40.29	38.60	36.92	35.30	34.17	33.11	32.22	31.64	31.36	31.17	31.00	
110.00	105.19	100.61	96.65	92.75	88.89	85.13	81.69	78.27	74.98	71.75	68.64	65.55	62.62	59.70	56.87	54.15	51.50	48.93	46.96	45.07	43.18	41.58	39.98	38.42	36.99	35.72	34.49	33.31	32.14	31.10	30.61	30.12	29.67	29.37	29.14	29.00	
120.00	115.10	110.20	105.32	100.43	95.87	91.59	87.34	83.66	80.04	76.59	73.14	69.94	66.80	63.71	60.67	57.74	55.02	52.69	50.36	48.15	46.05	44.12	42.20	40.48	39.03	37.61	36.28	35.11	34.10	33.22	32.48	31.82	31.41	31.06	31.00	
116.00	110.81	105.68	100.77	96.15	91.61	87.23	82.90	78.76	74.63	70.63	66.93	63.27	59.75	56.37	53.11	50.12	47.57	45.01	42.81	40.65	38.55	36.74	34.98	33.36	31.95	30.78	29.63	29.11	28.67	28.32	28.00	
103.00	98.28	93.69	89.27	84.88	80.82	76.79	72.77	68.75	65.25	61.98	59.46	57.02	54.64	52.36	50.13	48.03	46.41	44.81	43.22	41.70	40.19	38.81	37.46	36.12	34.91	33.78	32.76	31.90	31.16	30.59	30.08	29.59	29.27	29.05	29.00	
109.00	104.94	100.90	96.90	92.91	88.97	85.14	81.62	78.17	74.80	71.52	68.24	65.07	61.95	59.00	56.19	53.40	50.92	48.70	46.88	45.10	43.43	41.99	40.56	39.18	37.85	36.69	35.60	34.57	33.60	32.84	32.33	32.00	
103.00	98.14	93.44	88.86	84.59	80.54	76.94	73.42	70.05	66.73	63.48	60.34	57.37	54.64	51.94	49.30	46.95	45.04	43.13	41.29	39.86	38.52	37.24	36.03	34.86	34.01	33.16	32.46	31.86	31.46	31.26	31.06	31.00	
105.00	101.01	97.05	93.12	89.23	85.35	81.68	78.03	74.56	71.40	68.27	65.16	62.21	59.44	56.70	54.09	51.90	49.86	47.83	46.08	44.33	42.59	41.24	39.96	38.79	37.71	36.82	36.04	35.30	34.67	34.12	33.59	33.15	32.72	32.41	32.12	32.00	
114.00	108.77	103.60	98.46	93.42	88.76	84.11	79.49	74.94	70.61	66.34	62.91	59.58	56.41	53.31	50.22	47.44	44.75	42.22	39.90	37.78	35.66	34.01	32.45	30.97	30.02	29.13	28.41	27.85	27.34	27.02	27.00	
120.00	113.51	107.25	101.02	95.18	90.32	85.50	80.68	76.34	72.27	68.26	64.56	60.94	57.68	54.53	51.72	49.21	46.72	44.65	42.59	41.04	39.67	38.32	36.97	35.73	34.63	33.73	33.05	32.42	31.81	31.32	31.10	31.00	
114.00	109.07	104.46	99.89	95.65	91.52	87.74	84.03	80.38	76.82	73.36	70.06	66.80	63.74	60.72	57.72	55.05	52.38	49.72	47.14	44.75	42.40	40.06	38.12	36.40	34.68	33.06	31.47	30.24	29.40	28.65	28.13	27.63	27.26	27.00	
111.00	107.14	103.30	99.92	96.56	93.19	89.85	86.53	83.22	79.96	76.81	73.78	70.81	67.93	65.08	62.26	59.58	56.92	54.36	51.87	49.50	47.32	45.41	43.66	42.03	40.52	39.08	37.80	36.61	35.62	34.73	33.91	33.20	32.68	32.31	32.00	
106.00	100.69	95.40	90.26	85.47	80.91	76.39	71.95	67.92	64.12	60.64	57.35	54.13	51.12	48.43	46.14	44.11	42.62	41.14	39.89	38.73	37.57	36.54	35.69	34.92	34.25	33.58	32.96	32.51	32.17	32.02	32.00	
103.00	98.68	94.50	90.61	86.78	83.23	79.88	76.58	73.40	70.24	67.18	64.18	61.30	58.47	55.68	53.10	50.61	48.18	46.09	44.10	42.14	40.30	38.82	37.63	36.44	35.34	34.33	33.45	32.62	32.14	31.78	31.45	31.19	31.04	31.00	
119.00	111.59	104.56	97.54	90.52	83.69	77.03	70.63	64.30	59.12	55.65	52.64	50.09	47.61	45.21	42.84	40.92	39.24	37.77	36.33	34.98	33.79	33.07	32.40	31.85	31.39	31.03	30.69	30.38	30.18	30.08	30.00	
118.00	112.24	106.57	101.20	96.13	91.31	86.65	82.05	77.72	73.45	69.57	65.73	62.08	58.57	55.87	53.28	50.86	48.45	46.55	44.69	42.86	41.09	39.36	37.68	36.31	35.03	34.12	33.24	32.81	32.40	32.02	32.00	
104.00	99.06	94.36	89.82	85.32	80.87	76.49	72.17	68.06	64.51	61.03	57.72	54.51	51.35	48.41	45.61	42.84	40.86	38.99	37.39	36.06	34.75	33.73	32.90	32.49	32.09	31.76	31.53	31.30	31.09	31.00	
116.00	111.15	106.46	101.80	97.22	92.86	88.51	84.17	80.01	75.87	71.79	68.32	64.91	61.62	58.64	55.74	52.87	50.05	47.29	44.60	42.10	39.81	37.82	36.04	34.83	33.64	32.49	31.76	31.14	30.53	29.92	29.34	28.79	28.31	28.00	
118.00	112.56	107.13	101.88	96.88	92.19	87.66	83.23	78.88	74.53	70.25	66.08	62.01	58.35	55.03	51.76	48.64	45.81	43.24	40.77	38.57	36.47	34.97	33.58	32.66	31.95	31.29	30.66	30.03	29.45	28.96	28.59	28.25	28.08	28.00	
104.00	99.15	94.73	90.79	86.98	83.21	79.61	76.19	72.93	69.80	66.85	64.11	61.58	59.16	56.75	54.37	52.12	49.88	47.75	45.68	43.66	41.77	40.17	38.57	36.98	35.47	34.34	33.34	32.60	31.95	31.53	31.24	31.00	
109.00	104.66	100.39	96.19	92.03	87.90	84.06	80.29	76.67	73.13	69.73	66.41	63.31	60.30	57.29	54.33	51.72	49.65	47.78	45.95	44.12	42.45	40.89	39.40	37.93	36.49	35.36	34.26	33.23	32.29	31.62	31.08	30.65	30.27	30.00	
114.00	109.43	104.93	100.44	96.10	91.77	87.49	83.61	79.79	76.39	73.06	70.01	67.02	64.16	61.40	58.65	55.96	53.50	51.08	49.07	47.08	45.21	43.42	41.67	40.22	38.81	37.43	36.12	34.98	34.24	33.52	32.83	32.21	32.01	32.00	
111.00	105.82	101.12	96.53	92.15	87.80	83.61	79.44	75.36	71.53	67.85	64.59	61.32	58.40	55.51	52.78	50.45	48.25	46.05	43.86	41.74	39.75	37.77	35.88	34.40	33.05	31.90	31.08	30.39	30.24	30.12	30.00	
107.00	102.57	98.20	93.96	89.74	85.56	81.39	77.23	73.33	69.50	65.70	61.91	58.22	54.98	52.10	49.32	46.90	44.70	42.60	40.52	38.99	37.48	36.05	34.63	33.39	32.16	31.02	30.24	29.56	29.27	29.14	29.07	29.00	
105.00	100.59	96.27	92.01	87.93	83.90	80.18	76.56	72.98	69.43	66.15	63.03	60.22	57.50	54.78	52.09	49.63	47.27	44.97	43.01	41.07	39.53	38.03	36.62	35.43	34.35	33.54	32.76	32.18	31.65	31.12	30.77	30.51	30.28	30.09	30.00	
122.00	115.50	109.26	103.06	97.25	91.68	86.12	80.58	75.12	69.84	64.61	60.68	56.98	53.73	51.39	49.05	46.78	44.77	42.77	40.93	39.09	37.28	35.60	34.19	32.80	31.49	30.43	29.44	28.74	28.07	27.62	27.20	27.00	
117.00	111.74	106.49	101.30	96.48	91.72	87.68	83.68	79.68	75.82	72.04	68.37	64.72	61.14	57.63	54.35	51.28	48.24	45.51	42.95	40.80	38.79	37.31	36.13	35.13	34.18	33.53	32.93	32.35	32.14	32.04	32.00	
122.00	116.36	111.14	106.26	101.69	97.14	92.87	88.60	84.47	80.43	76.48	72.60	68.81	65.11	61.80	58.66	55.71	52.86	50.10	47.68	45.50	43.36	41.26	39.24	37.46	35.95	34.49	33.18	32.29	31.45	30.90	30.47	30.19	30.07	30.03	30.00	
112.00	107.23	102.68	98.19	93.75	89.48	85.38	81.37	77.48	73.83	70.25	66.95	63.67	60.49	57.44	54.73	52.04	49.59	47.28	45.05	42.86	40.80	38.87	36.96	35.14	33.79	32.47	31.24	30.39	29.62	29.03	29.00	
120.00	114.73	109.52	104.44	99.58	94.87	90.18	85.83	81.58	77.44	73.60	69.84	66.13	62.59	59.42	56.45	53.71	51.25	49.03	46.85	44.73	42.65	40.64	38.75	37.27	35.85	34.59	33.83	33.15	32.48	31.83	31.25	30.79	30.47	30.23	30.10	30.00	
109.00	104.81	100.63	96.47	92.34	88.26	84.44	81.02	77.63	74.31	71.29	68.28	65.31	62.44	59.65	56.91	54.34	51.79	49.23	46.80	44.60	42.47	40.95	39.49	38.31	37.22	36.24	35.34	34.61	33.92	33.30	32.79	32.36	32.09	32.00	
110.00	105.17	100.47	95.97	91.77	87.70	83.64	79.64	75.96	72.35	68.79	65.34	62.07	58.84	55.82	52.94	50.44	48.09	46.12	44.18	42.26	40.39	39.05	37.72	36.47	35.24	34.37	33.52	32.73	32.49	32.30	32.15	32.01	32.00	
113.00	107.10	101.87	96.68	91.77	87.13	82.56	78.14	73.73	69.42	65.44	61.46	57.65	53.91	50.33	47.39	44.75	42.28	39.85	37.56	35.54	33.81	32.08	30.73	29.63	28.80	28.03	27.66	27.43	27.24	27.06	27.00	
108.00	103.03	98.10	93.33	88.93	84.77	80.66	76.77	72.95	69.15	65.38	61.64	58.16	54.87	52.07	49.43	47.08	44.85	42.89	41.01	39.18	37.53	35.90	34.31	32.80	31.32	29.95	28.79	28.01	27.26	27.01	27.00	
109.00	104.35	99.92	95.60	91.53	87.48	83.76	80.17	76.62	73.11	69.67	66.36	63.27	60.32	57.39	54.55	51.72	49.39	47.12	44.92	42.82	40.99	39.17	37.50	36.01	34.52	33.11	31.74	30.63	29.64	28.75	28.17	27.66	27.22	27.00	
108.00	103.77	99.56	95.65	91.83	88.18	84.68	81.20	77.83	74.63	71.51	68.47	65.57	62.75	60.01	57.33	54.97	52.73	50.56	48.52	46.64	44.78	42.94	41.37	39.82	38.54	37.39	36.33	35.34	34.46	33.61	32.81	32.04	31.43	31.00	
103.00	98.27	93.70	89.34	85.02	80.71	76.43	72.49	68.90	65.34	61.92	58.57	55.29	52.22	49.25	46.35	43.50	40.88	39.16	37.45	35.97	34.55	33.34	32.28	31.26	30.34	29.45	28.63	28.05	27.60	27.24	27.00	
102.00	96.96	92.04	87.17	82.32	77.69	73.21	68.95	64.69	60.74	57.23	53.93	50.92	48.42	46.21	44.17	42.26	40.43	38.72	37.33	35.97	34.61	33.29	32.05	31.16	30.36	29.63	29.01	28.60	28.22	28.00	
119.00	113.37	107.76	102.19	96.80	91.62	86.56	81.72	77.44	73.23	69.39	65.56	61.81	58.61	55.46	52.45	49.77	47.31	44.91	43.01	41.15	39.35	37.61	36.09	34.71	33.40	32.15	31.04	30.06	29.12	28.44	27.97	27.57	27.21	27.10	27.00	
108.00	103.47	99.14	94.89	90.83	86.92	83.17	79.62	76.28	73.00	69.80	66.62	63.55	60.67	57.96	55.53	53.11	50.82	48.54	46.29	44.26	42.29	40.35	38.43	36.75	35.38	34.02	32.84	31.79	30.93	30.38	30.19	30.00	
111.00	106.55	102.13	97.78	93.47	89.63	85.82	82.01	78.33	74.81	71.33	67.92	64.61	61.39	58.65	55.93	53.30	50.70	48.50	46.50	44.51	42.78	41.08	39.39	37.81	36.41	35.09	33.78	32.49	31.39	30.38	29.49	28.94	28.57	28.28	28.14	28.00	
110.00	104.83	100.04	95.59	91.19	86.94	82.80	78.75	74.83	70.93	67.09	63.39	59.95	57.13	54.51	52.01	49.51	47.03	44.64	42.36	40.22	38.33	36.49	34.72	33.04	31.55	30.72	29.97	29.23	29.03	29.00	
123.00	117.12	111.28	105.79	100.71	96.12	91.67	87.23	82.83	78.44	74.10	70.01	66.14	62.38	58.88	55.62	52.46	49.51	46.83	44.78	42.76	40.97	39.20	37.54	36.10	34.70	33.39	32.22	31.28	30.39	29.52	28.75	28.00	
108.00	102.57	97.18	92.06	87.03	82.90	78.91	74.94	71.09	67.45	63.92	60.73	57.79	55.03	52.36	49.80	47.31	44.98	42.86	40.83	38.81	36.87	35.24	33.63	32.17	30.75	29.73	28.94	28.60	28.27	28.16	28.08	28.00	
112.00	105.81	99.77	93.92	88.66	83.44	78.23	73.09	68.61	64.46	60.43	56.50	52.64	49.01	45.66	42.99	40.57	38.71	36.98	35.34	33.91	32.77	31.69	30.67	30.08	29.54	29.03	28.74	28.45	28.21	28.00	
110.00	104.96	100.07	95.29	90.59	85.97	81.72	77.65	73.82	70.00	66.54	63.50	60.50	57.87	55.34	52.88	50.54	48.21	46.26	44.31	42.42	40.53	38.76	37.23	35.94	34.67	33.53	32.59	31.65	30.94	30.52	30.18	30.01	30.00	
113.00	107.43	101.88	96.38	91.21	86.18	81.50	76.93	72.41	67.94	63.65	59.54	55.90	52.66	49.82	47.03	44.49	42.09	39.90	37.87	35.97	34.77	33.63	32.57	31.51	30.51	29.66	29.39	29.25	29.11	29.06	29.00	
108.00	103.85	99.75	95.72	91.76	88.03	84.35	80.74	77.14	73.58	70.05	66.85	63.65	60.74	58.01	55.29	52.59	49.91	47.33	44.93	42.83	40.72	38.70	36.77	35.01	33.37	31.84	30.59	29.73	28.99	28.33	27.72	27.19	27.06	27.00	
102.00	97.08	92.38	87.84	83.72	79.96	76.24	72.60	69.05	65.71	62.37	59.36	56.42	53.71	51.07	48.43	45.91	43.64	41.39	39.26	37.20	35.52	34.10	32.78	31.60	30.59	29.61	28.64	27.71	27.15	27.00	27.00	
101.00	97.19	93.49	89.80	86.42	83.05	79.73	76.55	73.68	70.96	68.33	65.77	63.35	60.95	58.56	56.29	54.13	51.99	49.86	47.75	45.80	43.88	42.10	40.35	38.78	37.25	35.95	34.74	33.54	32.52	31.79	31.16	30.57	30.06	29.67	29.32	29.00	
116.00	110.69	105.48	100.33	95.42	90.57	85.76	81.46	77.16	72.95	69.00	65.42	62.04	58.67	55.43	52.27	49.56	46.88	44.54	42.29	40.06	37.91	35.79	34.12	32.89	31.79	30.90	30.08	29.39	28.75	28.16	27.73	27.32	27.00	
121.00	116.41	111.92	107.45	102.99	98.54	94.10	90.00	86.04	82.37	78.79	75.37	72.00	68.68	65.58	62.58	59.82	57.09	54.37	51.67	49.23	46.86	44.80	42.75	40.86	39.11	37.65	36.23	34.85	33.66	32.53	31.50	30.75	30.01	29.54	29.12	29.00	
113.00	108.80	104.63	100.51	96.48	92.62	88.83	85.10	81.51	78.17	74.94	71.80	68.75	65.80	62.91	60.07	57.27	54.62	52.00	49.55	47.13	45.13	43.15	41.22	39.42	37.71	36.12	34.52	33.01	31.74	30.55	29.44	28.66	28.15	28.00	
117.00	110.96	104.92	98.96	93.85	88.77	83.96	80.01	76.20	72.77	69.36	66.01	62.91	59.82	56.74	53.87	51.29	48.82	46.41	44.09	41.86	39.76	37.76	35.81	34.11	32.55	31.22	30.14	29.41	28.90	28.39	28.00	
110.00	104.57	99.29	94.04	89.03	84.03	79.08	74.49	70.34	66.23	62.18	59.16	56.22	53.73	51.38	49.18	47.20	45.24	43.40	41.70	40.06	38.52	36.99	35.80	34.65	33.72	32.94	32.28	31.64	31.01	31.00	
114.00	109.37	104.82	100.72	96.80	93.05	89.37	85.93	82.49	79.19	75.98	72.82	69.69	66.85	64.05	61.66	59.37	57.10	54.85	52.78	50.72	48.68	46.70	44.76	42.87	41.25	39.73	38.31	37.00	35.90	34.83	33.83	32.86	31.93	31.26	31.12	31.00	
107.00	101.76	96.86	92.03	87.64	83.46	79.46	75.50	71.88	68.36	64.85	61.43	58.12	54.91	51.83	49.05	46.49	44.11	41.80	39.74	37.71	35.68	34.01	32.55	31.28	30.11	28.98	28.25	27.55	27.26	27.07	27.03	27.00	
105.00	101.24	97.57	93.95	90.36	86.78	83.25	79.80	76.38	72.97	69.61	66.34	63.16	59.99	57.15	54.89	52.67	50.72	48.90	47.10	45.31	43.64	42.04	40.58	39.13	37.70	36.36	35.05	33.93	33.23	32.73	32.29	31.85	31.51	31.21	31.03	31.00	
118.00	112.42	106.85	101.36	96.03	90.88	85.84	80.82	76.17	71.65	67.48	63.72	60.24	56.78	53.56	50.37	47.63	45.27	43.25	41.33	39.58	37.84	36.41	35.03	33.67	32.41	31.23	30.53	30.08	29.63	29.34	29.15	29.00	
105.00	100.97	96.99	93.07	89.21	85.37	82.07	78.90	75.78	72.71	69.65	66.61	63.58	60.69	57.99	55.34	52.71	50.28	48.07	46.04	44.04	42.26	40.95	39.71	38.47	37.26	36.06	35.01	34.28	33.59	32.93	32.36	31.82	31.42	31.19	31.07	31.00	
101.00	96.74	92.65	88.67	85.02	81.48	78.01	74.58	71.36	68.20	65.14	62.13	59.18	56.48	53.82	51.26	48.71	46.27	43.84	41.59	39.74	38.03	36.46	35.08	33.82	32.79	31.85	31.03	30.24	29.56	29.00	
104.00	99.49	95.11	90.79	86.60	82.48	78.57	74.68	70.99	67.53	64.39	61.95	59.71	57.52	55.44	53.38	51.33	49.30	47.39	45.52	43.76	42.01	40.36	38.71	37.22	35.88	34.55	33.36	32.28	31.34	30.47	29.69	28.93	28.35	28.15	28.00	
117.00	112.24	107.54	103.00	98.54	94.17	90.00	85.94	82.09	78.26	74.55	70.87	67.45	64.11	60.92	57.92	55.11	52.39	49.74	47.60	45.52	43.68	41.86	40.08	38.61	37.47	36.36	35.25	34.27	33.34	32.48	31.88	31.42	31.03	31.00	
111.00	106.91	102.91	98.93	94.95	91.17	87.56	83.95	80.56	77.21	73.95	70.78	67.64	64.69	61.78	59.10	56.43	54.02	51.87	49.72	47.68	45.72	43.76	41.88	40.21	38.76	37.40	36.13	34.90	33.69	32.49	31.59	31.06	30.65	30.39	30.12	30.00	
104.00	98.70	93.42	88.67	84.37	80.29	76.38	72.72	69.40	66.34	63.36	60.61	58.09	55.66	53.23	50.97	48.86	46.90	45.05	43.25	41.48	39.91	38.48	37.09	35.77	34.56	33.42	32.38	31.46	30.60	29.77	29.06	29.01	29.00	
109.00	102.68	96.67	90.68	84.92	80.34	76.17	72.08	68.39	64.75	61.14	57.65	54.19	51.15	48.28	45.70	43.13	40.57	38.03	36.21	34.96	33.97	33.16	32.44	31.73	31.29	30.89	30.52	30.21	30.01	30.00	
109.00	104.54	100.40	96.28	92.33	88.44	84.62	80.86	77.13	73.45	69.80	66.17	62.62	59.24	56.18	53.61	51.43	49.33	47.33	45.46	43.67	42.03	40.61	39.28	38.02	36.77	35.56	34.43	33.41	32.59	31.82	31.34	30.96	30.58	30.26	30.08	30.00	
115.00	109.53	104.11	98.84	93.71	88.68	83.86	79.53	75.48	71.76	68.44	65.15	61.96	58.90	56.15	53.51	51.04	48.75	46.50	44.32	42.47	40.66	38.93	37.59	36.42	35.33	34.35	33.60	32.87	32.21	31.61	31.31	31.12	31.00	
105.00	101.24	97.49	93.76	90.03	86.33	82.67	79.53	76.40	73.31	70.23	67.25	64.59	62.03	59.49	57.29	55.11	52.97	50.88	48.92	46.98	45.30	43.83	42.41	41.01	39.63	38.29	36.99	35.78	34.65	33.78	32.99	32.43	31.91	31.58	31.25	31.00	
118.00	113.05	108.16	103.34	98.69	94.10	89.57	85.13	81.17	77.49	74.03	70.77	67.65	64.59	61.54	58.49	55.52	52.84	50.39	47.98	45.58	43.35	41.22	39.44	37.78	36.56	35.40	34.27	33.21	32.46	31.92	31.44	31.06	31.03	31.00	
101.00	97.53	94.08	90.66	87.26	83.88	80.62	77.37	74.43	71.89	69.37	66.86	64.36	61.90	59.47	57.18	54.90	52.70	50.55	48.40	46.34	44.30	42.41	40.63	38.94	37.26	35.68	34.65	33.67	32.82	32.01	31.45	31.02	30.60	30.19	30.03	30.00	
120.00	114.57	109.23	104.27	99.41	94.61	89.99	85.40	80.95	76.64	72.43	68.63	64.87	61.53	58.23	55.17	52.54	50.01	47.71	45.45	43.30	41.17	39.30	37.44	36.03	34.88	33.76	32.65	31.59	30.55	29.54	28.57	27.64	27.16	27.00	
103.00	98.44	94.00	89.61	85.36	81.59	78.09	74.75	71.52	68.30	65.31	62.44	59.60	56.76	53.95	51.25	48.58	46.09	43.65	41.23	39.42	37.75	36.09	34.54	33.06	32.05	31.06	30.27	29.50	28.73	28.15	27.74	27.34	27.00	
106.00	101.04	96.25	91.78	87.56	83.49	79.68	75.98	72.30	68.69	65.67	62.64	59.79	56.94	54.49	52.15	49.90	47.72	45.67	43.67	42.26	40.95	39.65	38.53	37.48	36.50	35.55	34.74	34.07	33.50	32.95	32.51	32.28	32.09	32.00	
106.00	101.92	97.86	93.86	89.93	86.01	82.28	78.58	74.97	71.88	68.83	66.03	63.29	60.64	58.03	55.46	53.03	50.68	48.37	46.13	43.97	41.82	39.84	37.94	36.04	34.30	32.89	31.66	30.58	29.77	29.09	28.44	27.88	27.46	27.10	27.00	
112.00	107.78	103.81	99.95	96.31	92.72	89.19	85.76	82.52	79.33	76.20	73.13	70.14	67.20	64.38	61.82	59.26	56.74	54.29	51.92	49.57	47.23	45.00	42.82	40.86	39.33	37.83	36.34	34.90	33.70	32.52	31.38	30.59	29.96	29.46	29.06	29.00	
118.00	113.18	108.73	104.35	100.05	95.89	91.91	88.05	84.33	80.92	77.57	74.24	70.92	67.64	64.39	61.43	58.97	56.62	54.41	52.31	50.23	48.18	46.29	44.54	42.88	41.26	39.78	38.33	36.91	35.70	34.62	33.81	33.14	32.55	32.00	
102.00	97.03	92.32	87.67	83.27	79.38	75.51	71.85	68.28	64.84	61.55	58.37	55.34	52.37	49.54	46.72	44.02	41.83	39.67	37.54	35.82	34.16	32.92	31.95	31.00	30.46	30.01	29.58	29.15	28.75	28.42	28.23	28.10	28.00	
114.00	109.03	104.12	99.29	94.59	89.91	85.50	81.33	77.24	73.58	69.96	66.60	63.72	61.00	58.31	55.92	53.68	51.64	49.61	47.77	45.97	44.38	42.83	41.29	39.74	38.32	36.97	35.65	34.64	33.69	32.79	32.30	32.00	
120.00	113.94	108.23	103.47	98.75	94.08	89.46	84.85	80.25	75.92	71.76	67.62	63.90	60.41	57.15	53.97	50.87	48.36	46.07	44.19	42.30	40.85	39.46	38.15	36.86	35.59	34.58	33.69	32.89	32.17	31.45	31.00	
118.00	112.12	106.37	100.66	95.28	89.94	85.09	80.41	76.15	72.26	68.50	64.78	61.06	57.36	54.47	51.58	49.14	46.73	44.75	42.85	41.10	39.66	38.23	37.05	35.89	34.89	33.96	33.05	32.19	31.46	30.74	30.22	29.72	29.35	29.00	
111.00	106.72	102.57	98.44	94.78	91.45	88.11	84.80	81.91	79.05	76.24	73.47	71.03	68.67	66.40	64.18	62.02	59.94	57.88	55.90	54.08	52.27	50.50	48.74	46.97	45.29	43.68	42.15	40.65	39.23	37.82	36.54	35.33	34.29	33.45	32.67	32.00	
121.00	116.23	111.65	107.11	102.70	98.32	94.00	89.88	85.81	81.87	78.02	74.27	70.83	67.46	64.14	60.95	57.91	55.05	52.46	50.25	48.53	46.82	45.21	43.66	42.11	40.65	39.25	37.95	36.68	35.83	35.10	34.37	33.67	33.01	32.48	32.03	32.00	
117.00	112.04	107.38	102.90	98.63	94.47	90.38	86.47	82.77	79.17	75.82	72.55	69.48	66.44	63.43	60.46	57.62	54.95	52.47	50.22	48.00	45.94	44.05	42.26	40.63	39.03	37.43	36.08	35.03	34.10	33.17	32.60	32.15	31.69	31.33	31.04	31.00	
107.00	102.02	97.04	92.18	87.37	82.74	78.18	73.72	69.40	65.56	62.10	58.79	55.56	52.85	50.37	48.09	45.91	43.90	42.19	40.48	39.10	37.95	36.86	35.83	34.87	33.94	33.14	32.52	31.92	31.39	31.01	30.65	30.37	30.21	30.10	30.00	
122.00	117.19	112.47	107.77	103.22	98.66	94.30	89.95	85.90	82.09	78.29	74.63	71.10	67.59	64.09	60.82	57.65	54.52	51.45	48.46	45.55	43.02	40.54	38.15	36.14	34.19	32.89	31.66	30.43	29.37	28.46	27.94	27.51	27.24	27.06	27.00	
110.00	105.14	100.42	95.85	91.51	87.27	83.10	78.99	75.11	71.29	67.89	64.49	61.50	58.61	55.75	52.90	50.31	47.73	45.16	42.86	40.77	38.73	36.78	34.89	33.37	32.08	30.89	29.95	29.25	28.61	28.15	28.00	
123.00	117.61	112.75	108.14	103.56	98.98	94.54	90.29	86.06	81.93	78.00	74.26	70.54	66.91	63.47	60.05	56.77	53.53	50.42	47.53	44.78	42.05	39.60	37.39	35.35	33.66	32.22	30.82	29.80	28.79	28.15	27.69	27.39	27.11	27.03	27.00	
103.00	99.41	95.94	92.57	89.29	86.02	82.81	79.66	76.53	73.46	70.56	67.85	65.23	62.62	60.09	57.63	55.18	52.84	50.66	48.53	46.71	44.88	43.06	41.41	39.85	38.32	36.81	35.41	34.01	32.79	31.63	30.67	30.12	29.71	29.39	29.16	29.00	
120.00	113.72	107.47	101.22	95.12	90.41	85.89	81.47	77.46	73.52	69.58	65.75	62.00	58.76	56.05	53.37	50.73	48.15	45.59	43.30	41.02	38.91	37.11	35.51	34.09	32.69	31.57	30.67	29.99	29.38	29.05	29.00	
118.00	113.03	108.17	103.46	98.91	94.54	90.18	85.96	81.82	77.70	73.61	69.91	66.35	62.88	59.70	56.62	53.78	51.02	48.38	45.74	43.27	41.25	39.32	37.63	35.94	34.89	33.99	33.12	32.25	31.59	31.13	31.00	
105.00	100.15	95.38	90.85	86.42	82.15	78.24	74.51	70.94	67.42	64.06	60.86	57.84	54.91	52.00	49.10	46.69	44.45	42.39	40.74	39.09	37.52	36.05	34.71	33.39	32.31	31.39	30.76	30.34	30.04	30.01	30.00	
119.00	114.35	109.76	105.34	100.94	96.63	92.43	88.23	84.26	80.50	76.77	73.25	69.74	66.29	62.90	59.64	56.69	54.27	51.92	49.64	47.41	45.29	43.19	41.20	39.26	37.47	36.07	34.76	33.58	32.90	32.29	31.71	31.32	31.04	31.00	
109.00	104.46	100.10	95.80	91.57	87.44	83.44	79.47	75.55	71.91	68.44	65.07	61.97	58.92	56.02	53.36	50.79	48.36	46.07	43.82	41.68	39.56	37.62	35.94	34.46	33.00	31.84	30.72	29.80	29.04	28.54	28.06	28.00	
105.00	100.62	96.42	92.48	88.72	85.04	81.45	77.90	74.40	70.97	67.64	64.42	61.42	58.45	55.48	52.52	49.81	47.24	45.06	42.97	41.11	39.32	37.75	36.57	35.51	34.53	33.55	32.80	32.39	32.02	32.00	
122.00	116.02	110.27	104.63	99.08	93.62	88.26	82.95	77.66	72.62	68.49	64.42	60.64	57.57	54.59	51.68	48.91	46.48	44.05	41.71	39.58	37.75	36.06	34.38	32.75	31.80	31.01	30.32	29.77	29.34	29.00	
101.00	96.79	93.01	89.34	85.69	82.06	78.71	75.51	72.50	69.66	66.94	64.25	61.57	58.92	56.33	54.00	51.69	49.80	47.91	46.06	44.35	42.70	41.19	39.70	38.53	37.37	36.30	35.34	34.46	33.60	33.10	32.61	32.31	32.07	32.01	32.00	
119.00	113.93	109.06	104.40	100.07	95.75	91.84	88.01	84.19	80.42	76.74	73.07	69.46	66.23	63.03	59.98	57.00	54.15	51.41	48.72	46.29	43.94	41.60	39.33	37.16	35.18	33.26	31.78	30.65	29.63	28.76	28.21	27.73	27.38	27.17	27.00	
114.00	108.06	102.36	97.56	93.16	89.23	85.46	81.71	78.09	74.88	71.72	68.60	65.73	62.94	60.25	57.55	54.87	52.21	49.55	46.89	44.32	42.19	40.10	38.16	36.21	34.48	32.77	31.27	30.04	28.97	28.11	27.68	27.29	27.02	27.00	
118.00	113.10	108.29	103.57	99.02	94.52	90.02	85.57	81.21	77.04	73.05	69.17	65.35	61.73	58.12	54.85	52.28	49.98	47.73	45.50	43.45	41.43	39.52	37.63	35.75	34.29	33.26	32.46	31.87	31.29	30.72	30.21	30.05	30.00	
123.00	117.90	112.88	107.95	103.06	98.86	94.91	91.06	87.42	83.80	80.28	76.88	73.67	70.69	67.74	64.94	62.18	59.55	57.07	54.61	52.16	49.94	47.75	45.63	43.69	41.82	40.27	38.72	37.18	35.77	34.38	33.10	31.96	31.26	30.58	30.10	30.00	
105.00	100.67	96.52	92.54	88.67	84.97	81.42	78.05	74.70	71.48	68.34	65.49	62.77	60.20	57.69	55.23	52.85	50.69	48.57	46.59	44.67	42.98	41.50	40.04	38.78	37.57	36.52	35.47	34.55	33.65	32.84	32.54	32.32	32.10	32.03	32.00	
123.00	118.13	113.36	108.72	104.15	99.65	95.48	91.57	87.75	83.99	80.43	76.98	73.60	70.28	67.02	63.80	60.59	57.71	54.94	52.21	49.68	47.16	44.82	42.52	40.29	38.32	36.38	34.63	32.87	31.54	30.37	29.47	28.63	28.15	28.03	28.00	
122.00	116.84	111.78	106.73	101.85	97.49	93.18	88.89	84.87	81.09	77.31	73.57	69.92	66.42	62.97	59.72	56.50	53.35	50.42	47.51	45.28	43.06	41.13	39.22	37.33	35.68	34.04	32.49	31.39	30.43	29.59	29.01	28.50	27.98	27.52	27.24	27.00	
111.00	105.54	100.17	94.91	89.71	85.10	80.53	76.05	71.59	67.22	64.06	60.93	57.91	55.02	52.24	49.71	47.21	44.76	42.77	40.79	38.90	37.12	35.65	34.34	33.15	32.26	31.46	30.70	30.21	29.74	29.34	29.00	
114.00	109.98	106.03	102.10	98.36	94.70	91.07	87.70	84.39	81.12	77.99	74.88	71.78	68.82	65.88	62.94	60.07	57.22	54.41	51.67	48.98	46.70	44.48	42.39	40.35	38.73	37.36	36.22	35.13	34.31	33.57	32.90	32.32	31.76	31.29	31.05	31.00	
103.00	98.30	93.66	89.17	84.96	80.75	76.65	72.92	69.35	65.86	62.65	59.45	56.67	53.89	51.26	48.63	46.00	43.51	41.80	40.15	38.73	37.31	35.96	34.81	33.83	32.95	32.11	31.52	30.96	30.55	30.19	30.00	30.00	
112.00	104.90	97.97	91.29	86.16	81.30	76.47	72.33	68.96	65.69	62.46	59.25	56.14	53.19	50.35	47.78	45.51	43.43	41.43	39.96	38.65	37.47	36.30	35.20	34.13	33.26	32.45	31.67	31.33	31.14	31.00	
120.00	115.60	111.22	106.95	102.69	98.54	94.45	90.37	86.33	82.67	79.05	75.51	72.01	68.80	65.80	62.87	60.01	57.28	54.57	51.87	49.24	46.60	44.00	41.76	39.86	38.02	36.28	34.57	33.22	32.09	31.01	29.98	29.05	28.66	28.27	28.05	28.00	
105.00	100.35	95.72	91.46	87.51	83.79	80.24	76.76	73.59	70.60	67.65	64.82	62.05	59.44	56.89	54.35	51.88	49.79	47.96	46.13	44.38	42.66	41.08	39.52	38.20	36.98	35.95	34.93	33.98	33.09	32.31	32.14	32.00	
116.00	109.91	104.10	98.49	92.95	87.51	82.07	77.13	72.56	68.11	63.90	60.02	56.74	53.94	51.23	48.57	46.09	43.94	41.81	39.70	37.81	35.97	34.21	32.60	31.38	30.31	29.43	28.78	28.16	27.71	27.30	27.00	
115.00	110.56	106.15	101.80	97.53	93.40	89.28	85.15	81.12	77.25	73.48	69.75	66.44	63.27	60.17	57.27	54.40	51.55	48.91	46.30	43.74	41.33	39.20	37.69	36.36	35.27	34.30	33.67	33.05	32.55	32.08	31.65	31.30	31.13	31.00	
120.00	113.56	107.15	101.44	95.79	90.65	86.06	82.19	78.39	74.72	71.20	67.75	64.40	61.10	58.08	55.13	52.22	49.39	46.86	44.34	41.97	39.79	37.73	35.88	34.06	32.30	30.71	29.49	29.14	29.05	29.00	
105.00	100.83	96.71	92.61	88.80	85.02	81.29	77.68	74.12	70.64	67.30	64.00	60.77	57.86	55.00	52.16	49.44	46.73	44.49	42.34	40.31	38.37	36.50	34.67	33.09	31.74	30.57	29.45	28.84	28.26	27.79	27.46	27.19	27.00	
116.00	110.82	105.89	101.10	96.44	91.88	87.35	83.09	78.95	75.00	71.13	67.47	63.82	60.22	56.70	53.55	50.68	48.08	46.41	44.74	43.09	41.46	39.91	38.54	37.18	35.85	34.55	33.32	32.14	31.11	30.14	29.30	28.54	27.80	27.25	27.03	27.00	
108.00	103.29	98.85	94.61	90.49	86.62	82.79	79.17	75.59	72.01	68.72	65.51	62.30	59.15	56.31	53.49	50.71	47.98	45.27	42.84	40.73	38.79	37.37	35.97	34.80	33.93	33.06	32.37	32.21	32.06	32.02	32.00	
102.00	97.62	93.26	89.12	85.26	81.50	77.88	74.38	71.08	67.89	64.93	62.02	59.22	56.51	53.84	51.25	48.69	46.40	44.34	42.52	40.71	38.94	37.31	35.83	34.72	33.69	32.84	32.07	31.40	30.78	30.20	29.68	29.26	29.00	
106.00	101.51	97.10	92.82	88.56	84.38	80.26	76.21	72.20	68.33	64.62	61.22	57.88	54.68	51.74	48.98	46.23	43.65	41.56	39.87	38.24	36.74	35.51	34.43	33.42	32.65	31.92	31.24	30.86	30.55	30.25	30.00	
103.00	99.00	95.11	91.26	87.53	84.10	80.75	77.49	74.27	71.16	68.16	65.31	62.49	59.94	57.60	55.50	53.40	51.39	49.46	47.63	45.79	44.00	42.38	40.86	39.39	37.95	36.54	35.17	33.96	32.92	31.97	31.36	30.86	30.49	30.15	30.00	
121.00	116.07	111.19	106.35	101.71	97.12	92.82	88.70	84.64	80.97	77.40	73.88	70.56	67.46	64.51	61.79	59.10	56.48	53.99	51.58	49.35	47.25	45.22	43.29	41.38	39.70	38.28	36.94	35.61	34.29	33.04	31.89	30.82	30.05	29.59	29.15	29.00	
108.00	103.01	98.08	93.27	88.57	83.88	79.31	75.40	71.52	67.78	64.18	60.66	57.25	54.10	51.21	48.53	45.99	43.50	41.20	39.17	37.60	36.23	34.91	33.71	32.69	31.66	30.75	30.01	29.29	28.78	28.29	28.00	
114.00	108.79	103.62	98.84	94.10	89.74	85.61	81.56	77.89	74.57	71.26	68.00	64.83	61.81	58.82	55.87	53.19	50.80	48.49	46.25	44.07	42.05	40.05	38.30	36.66	35.15	34.34	33.64	33.04	32.44	32.04	31.65	31.29	31.14	31.03	31.00	
103.00	98.89	94.79	90.75	86.78	83.06	79.39	75.80	72.48	69.26	66.11	63.13	60.26	57.60	55.10	52.63	50.38	48.18	46.17	44.18	42.40	40.77	39.25	37.80	36.42	35.06	33.75	32.68	31.77	30.96	30.30	29.88	29.57	29.38	29.23	29.10	29.00	
123.00	117.76	112.81	107.97	103.25	98.68	94.32	90.04	85.98	81.97	78.09	74.47	70.96	67.47	64.43	61.46	58.57	55.73	53.10	50.49	47.94	45.53	43.13	40.78	38.46	36.52	34.76	33.02	31.42	30.08	29.00	
105.00	100.22	95.58	91.21	86.89	82.78	79.05	75.38	71.84	68.47	65.53	62.59	59.68	56.98	54.40	51.97	49.58	47.21	44.83	42.50	40.42	38.46	36.52	34.72	33.22	31.79	30.51	29.47	28.47	28.27	28.14	28.02	28.00	
106.00	101.28	96.84	92.49	88.22	83.96	79.75	75.56	71.96	68.62	65.45	62.54	59.77	57.05	54.39	51.74	49.12	46.76	44.41	42.32	40.35	38.48	36.65	35.13	33.88	32.66	31.71	31.10	30.56	30.10	30.04	30.00	
101.00	96.80	92.66	88.56	84.63	80.71	76.80	73.05	69.65	66.29	63.06	59.98	56.99	54.38	51.80	49.30	46.83	44.47	42.71	40.97	39.38	38.07	36.76	35.69	34.79	33.96	33.17	32.62	32.20	31.83	31.54	31.26	31.07	31.00	
106.00	101.61	97.42	93.37	89.37	85.49	81.67	77.98	74.35	71.16	68.01	65.00	62.03	59.43	56.88	54.35	51.94	49.73	47.76	45.88	44.09	42.41	40.76	39.42	38.15	37.07	36.23	35.48	34.80	34.20	33.65	33.14	32.64	32.30	32.00	
105.00	100.19	95.46	90.75	86.18	81.66	77.18	72.86	68.87	65.01	61.23	57.93	54.81	51.70	48.75	45.82	43.02	40.68	38.77	37.24	35.93	34.64	33.38	32.14	31.06	30.29	29.54	28.90	28.45	28.04	28.00	
107.00	101.91	96.90	91.93	86.99	82.31	77.86	73.69	69.96	66.41	62.96	59.65	56.38	53.77	51.17	48.61	46.36	44.16	41.97	40.13	38.35	36.59	34.94	33.29	31.95	30.90	30.15	29.57	29.01	28.53	28.10	27.70	27.49	27.29	27.12	27.01	27.00	
104.00	99.34	94.96	90.67	86.48	82.31	78.29	74.40	70.59	66.94	63.44	60.18	57.01	54.31	51.72	49.19	46.75	44.83	43.03	41.31	39.83	38.37	36.94	35.68	34.63	33.75	32.92	32.39	31.96	31.56	31.34	31.12	31.00	
108.00	103.53	99.43	95.53	91.70	88.03	84.42	80.82	77.42	74.18	70.99	67.91	64.93	62.10	59.38	56.71	54.07	51.52	49.18	46.85	44.55	42.30	40.08	37.93	35.87	34.07	32.33	30.62	29.74	28.88	28.18	27.51	27.33	27.16	27.00	
117.00	112.12	107.44	103.27	99.11	95.01	91.20	87.45	83.71	80.03	76.45	72.90	69.39	65.93	62.81	59.82	56.90	53.98	51.08	48.71	46.36	44.12	42.06	40.01	38.03	36.37	34.74	33.36	32.06	30.79	29.64	28.94	28.45	28.15	28.00	
117.00	111.81	106.77	101.78	97.12	92.47	87.85	83.32	78.88	74.82	70.83	66.88	63.04	59.70	56.43	53.16	50.14	47.17	44.27	41.64	39.44	37.36	35.48	34.05	32.88	31.99	31.27	30.67	30.12	29.58	29.22	29.00	
105.00	99.57	94.56	89.76	85.17	80.96	76.94	72.93	69.01	65.41	61.82	58.31	55.33	52.45	49.67	47.00	44.46	42.08	39.75	37.64	35.78	33.98	32.23	30.81	29.93	29.32	28.77	28.23	27.70	27.18	27.00	
116.00	110.35	104.73	99.77	94.88	90.05	85.37	80.91	76.48	72.08	68.03	64.01	60.49	57.08	53.84	50.63	47.95	45.38	43.06	40.75	38.45	36.30	34.38	32.67	31.45	30.52	29.79	29.07	28.39	27.82	27.49	27.19	27.05	27.00	
121.00	114.28	108.31	102.76	97.33	92.62	88.14	83.73	79.42	75.12	70.97	66.83	63.25	59.78	56.44	53.65	51.15	48.66	46.35	44.25	42.28	40.63	39.19	37.81	36.53	35.45	34.41	33.40	32.48	31.76	31.20	31.06	31.00	
116.00	111.03	106.08	101.24	96.87	92.62	88.57	84.72	80.94	77.26	73.64	70.35	67.09	63.94	60.84	58.12	55.42	52.85	50.29	47.73	45.18	42.83	40.91	39.07	37.35	35.67	34.04	32.56	31.13	29.72	29.03	28.49	28.00	
102.00	97.56	93.87	90.22	86.59	83.03	79.69	76.34	73.09	70.02	67.10	64.27	61.46	58.68	55.96	53.35	50.83	48.44	46.06	43.75	41.51	39.29	37.22	35.33	33.46	32.20	31.06	29.96	29.13	28.41	27.75	27.33	27.00	
119.00	113.64	108.34	103.35	98.46	93.66	88.91	84.24	79.71	75.30	70.97	66.72	62.86	59.14	55.50	51.98	49.19	46.80	44.62	42.64	40.67	38.70	36.86	35.17	34.00	33.01	32.11	31.26	30.47	29.84	29.57	29.30	29.10	29.00	
117.00	111.77	106.57	101.51	96.45	91.42	86.54	81.84	77.30	72.98	68.68	64.77	60.89	57.43	54.05	50.92	47.85	45.18	42.58	40.31	38.31	36.32	34.71	33.15	31.71	30.46	29.24	28.09	27.67	27.34	27.13	27.00	
122.00	116.34	110.69	105.35	100.17	95.18	90.54	86.21	81.92	77.72	73.86	70.02	66.23	62.58	59.18	55.90	52.73	49.69	46.68	43.99	41.35	39.27	37.38	35.75	34.50	33.28	32.23	31.23	30.48	30.06	30.00	
120.00	113.87	107.79	102.08	96.44	91.01	85.64	80.32	75.64	71.38	67.18	63.39	59.64	55.89	52.32	49.37	46.49	43.64	41.38	39.26	37.62	36.17	34.71	33.38	32.37	31.44	30.54	29.66	28.82	28.32	27.88	27.51	27.22	27.07	27.00	
107.00	102.20	97.72	93.87	90.07	86.29	82.59	78.91	75.46	72.12	68.87	65.72	62.61	59.96	57.38	54.81	52.26	49.73	47.23	44.83	43.02	41.28	39.70	38.27	37.21	36.16	35.14	34.16	33.51	32.88	32.33	32.11	32.00	
118.00	113.08	108.22	103.42	98.72	94.44	90.23	86.04	81.96	78.20	74.61	71.07	67.90	64.79	61.71	58.74	56.17	53.80	51.56	49.36	47.28	45.20	43.13	41.32	39.63	37.96	36.38	35.20	34.17	33.22	32.67	32.31	32.10	32.04	32.00	
117.00	112.09	107.23	102.60	97.96	93.55	89.15	84.88	80.68	76.64	73.14	69.86	66.65	63.64	60.66	57.73	55.04	52.42	50.03	47.67	45.61	43.59	41.72	40.26	38.94	37.64	36.35	35.30	34.42	33.62	32.88	32.32	32.00	
119.00	114.05	109.28	104.66	100.32	96.10	91.91	87.81	83.78	79.91	76.12	72.60	69.24	66.05	62.88	59.78	56.80	53.85	51.28	48.82	46.50	44.20	42.06	40.08	38.17	36.45	34.99	33.64	32.37	31.66	31.03	30.70	30.37	30.04	30.00	
114.00	109.49	105.03	100.76	96.54	92.43	88.31	84.37	80.75	77.26	73.81	70.48	67.15	63.98	60.89	58.01	55.13	52.68	50.34	48.00	45.85	43.87	42.00	40.17	38.50	36.99	35.53	34.19	32.93	32.19	31.47	30.89	30.36	30.12	30.00	
115.00	109.03	103.42	98.36	93.39	88.70	84.12	79.60	75.26	71.27	67.28	64.17	61.25	58.46	55.76	53.07	50.67	48.59	46.56	44.54	42.53	41.04	39.64	38.43	37.25	36.06	35.13	34.27	33.51	32.84	32.27	31.79	31.54	31.30	31.09	31.02	31.00	
109.00	104.02	99.08	94.28	89.65	85.07	80.67	76.67	72.89	69.19	65.90	62.85	59.84	57.09	54.77	52.46	50.19	48.00	45.81	43.70	41.81	40.07	38.44	37.07	35.76	34.54	33.42	32.37	31.39	30.47	29.71	29.28	29.09	29.02	29.00	
116.00	109.06	102.94	97.08	91.29	85.87	80.67	75.65	70.75	66.00	61.47	57.23	53.23	49.65	46.29	42.97	40.23	38.19	36.44	34.80	33.32	32.08	30.92	29.82	28.85	28.05	27.75	27.51	27.31	27.13	27.06	27.00	
113.00	107.65	102.53	97.55	93.02	88.51	84.01	80.26	76.60	72.96	69.44	66.08	63.03	60.06	57.23	54.65	52.08	49.61	47.29	45.07	42.90	41.04	39.23	37.66	36.62	35.62	34.73	34.14	33.58	33.02	32.58	32.26	32.00	
103.00	97.83	93.04	88.88	84.89	80.93	77.06	73.20	70.05	66.91	63.79	60.69	57.76	54.97	52.23	49.89	47.80	45.77	43.80	41.82	39.95	38.40	36.88	35.51	34.27	33.17	32.08	31.02	30.04	29.20	28.37	27.66	27.00	
122.00	117.65	113.32	109.11	105.11	101.27	97.51	93.87	90.24	86.61	83.02	79.44	75.93	72.46	69.09	65.77	62.47	59.23	56.02	53.16	50.37	47.83	45.66	43.79	41.98	40.41	38.85	37.58	36.32	35.12	33.98	33.01	32.19	31.64	31.34	31.11	31.00	
114.00	109.48	105.02	100.58	96.13	91.70	87.40	83.29	79.23	75.19	71.17	67.17	63.39	59.99	56.60	53.30	50.34	47.41	44.62	42.32	40.27	38.26	36.87	35.61	34.37	33.15	32.05	30.95	29.98	29.04	28.20	27.49	27.00	
115.00	109.54	104.15	99.17	94.58	90.10	85.89	81.72	77.92	74.56	71.43	68.45	65.47	62.62	59.87	57.35	54.88	52.45	50.16	48.03	45.92	43.90	41.87	39.92	38.09	36.35	34.64	32.95	31.41	30.14	29.12	28.51	28.22	28.02	28.00	
123.00	117.54	112.37	107.31	102.28	97.54	93.11	88.86	84.84	80.94	77.06	73.31	69.63	66.11	62.86	59.62	56.39	53.55	50.82	48.47	46.78	45.10	43.54	42.10	40.70	39.48	38.30	37.14	36.08	35.15	34.24	33.50	33.06	32.63	32.28	32.00	
103.00	99.23	95.69	92.18	88.78	85.42	82.06	78.75	75.53	72.48	69.51	66.62	63.81	61.06	58.62	56.20	53.79	51.38	49.51	47.66	46.21	44.79	43.44	42.09	40.78	39.48	38.29	37.11	35.97	34.91	33.97	33.08	32.29	31.69	31.32	31.03	31.00	
108.00	103.64	99.38	95.14	91.01	86.90	82.86	78.83	75.07	71.40	67.98	64.64	61.31	58.05	55.39	52.75	50.31	48.21	46.26	44.31	42.50	40.76	39.11	37.58	36.08	34.73	33.64	32.63	31.66	30.91	30.26	29.62	29.31	29.12	29.00	
112.00	107.70	103.42	99.35	95.42	91.62	87.93	84.34	81.05	77.77	74.59	71.45	68.41	65.42	62.44	59.76	57.52	55.35	53.20	51.10	49.04	47.01	45.09	43.35	41.65	39.96	38.36	36.88	35.43	34.36	33.32	32.70	32.18	32.00	
111.00	107.28	103.65	100.02	96.58	93.17	89.78	86.51	83.32	80.20	77.18	74.18	71.23	68.33	65.44	62.68	59.94	57.21	54.55	52.29	50.11	47.94	45.92	44.14	42.36	41.00	39.65	38.31	37.00	35.71	34.44	33.60	32.93	32.54	32.18	32.00	
116.00	111.70	107.48	103.29	99.18	95.17	91.22	87.33	83.44	79.61	75.93	72.51	69.18	65.90	62.72	59.81	56.92	54.12	51.66	49.38	47.11	44.95	42.84	40.86	39.02	37.34	35.80	34.54	33.33	32.17	31.09	30.24	29.45	28.88	28.36	28.00	
118.00	112.92	107.86	102.94	98.21	93.56	89.04	84.64	80.37	76.36	72.52	68.76	65.68	62.60	59.57	56.61	53.85	51.26	48.67	46.19	44.01	41.91	40.05	38.36	36.69	35.18	33.72	32.48	31.30	30.15	29.14	28.25	27.49	27.10	27.00	
110.00	104.29	98.97	93.89	88.91	84.29	80.28	76.29	72.56	68.83	65.19	61.65	58.50	55.69	52.90	50.12	47.75	45.77	44.11	42.47	40.87	39.56	38.40	37.39	36.40	35.46	34.55	33.64	32.76	32.10	31.62	31.34	31.15	31.00	
106.00	101.15	96.45	91.82	87.47	83.76	80.32	76.89	73.48	70.29	67.11	63.98	60.94	57.92	54.98	52.08	49.42	47.05	44.80	42.72	40.84	39.36	37.90	36.63	35.38	34.18	33.04	32.10	31.18	30.34	29.56	28.81	28.12	27.50	27.00	
114.00	107.92	101.85	96.51	91.38	86.41	81.92	77.62	73.49	69.68	66.20	62.82	59.55	56.28	53.15	50.18	47.78	45.73	43.69	42.23	41.01	39.83	38.65	37.50	36.45	35.55	34.66	33.80	33.06	32.35	31.71	31.08	30.51	30.00	
105.00	100.66	96.70	92.77	88.88	85.14	81.51	77.90	74.34	70.89	67.51	64.37	61.28	58.29	55.35	52.59	50.03	47.73	45.60	43.55	41.60	39.74	37.93	36.26	34.69	33.67	32.65	31.65	30.74	29.92	29.09	28.52	28.06	27.60	27.36	27.14	27.00	
119.00	113.92	109.13	104.40	99.68	95.03	90.38	85.88	81.41	77.08	73.08	69.19	65.58	62.13	58.76	55.55	52.95	50.41	47.96	45.64	43.40	41.35	39.39	37.86	36.56	35.38	34.30	33.23	32.37	31.64	31.10	30.81	30.59	30.42	30.26	30.13	30.00	
105.00	100.25	95.86	91.55	87.37	83.37	79.58	75.88	72.34	69.05	65.82	62.78	59.80	56.85	54.08	51.56	49.10	46.80	44.81	43.14	41.50	39.90	38.32	37.12	35.95	34.80	33.93	33.11	32.33	31.67	31.08	30.52	30.00	29.57	29.19	29.06	29.00	
118.00	113.30	108.83	104.38	99.98	95.62	91.27	87.15	83.12	79.42	75.79	72.28	68.81	65.37	62.10	58.88	55.69	52.59	49.52	46.53	43.83	41.56	39.45	37.49	35.82	34.41	33.18	32.06	31.25	30.54	30.18	30.00	
123.00	117.50	112.04	106.61	101.21	96.50	91.86	87.32	83.20	79.14	75.57	72.13	68.97	65.84	62.73	59.85	57.07	54.37	51.85	49.53	47.24	45.20	43.30	41.46	39.65	37.89	36.16	34.52	33.07	31.62	30.79	30.18	29.70	29.26	29.17	29.08	29.00	
108.00	103.69	99.39	95.26	91.16	87.23	83.36	79.54	75.79	72.13	68.59	65.47	62.58	59.76	57.11	54.59	52.09	49.60	47.29	45.11	42.97	40.89	38.94	37.13	35.87	34.63	33.48	32.55	31.66	30.82	30.00	29.39	29.05	29.00	29.00	
122.00	115.68	109.56	103.56	97.59	92.20	87.15	82.16	77.66	73.24	69.04	65.50	62.05	58.72	55.54	52.39	49.45	46.64	44.20	41.90	39.71	37.53	35.74	34.13	32.59	31.09	29.72	28.49	27.68	27.31	27.15	27.00	
109.00	104.30	99.86	95.53	91.43	87.34	83.28	79.40	75.55	71.85	68.28	65.12	61.97	58.84	56.25	53.85	51.44	49.12	46.96	44.91	42.98	41.05	39.26	37.76	36.27	34.82	33.44	32.62	32.05	31.59	31.13	30.69	30.35	30.16	30.00	
113.00	107.93	103.02	98.41	93.84	89.29	84.76	80.38	75.99	71.92	68.15	64.49	60.84	57.73	54.65	51.93	49.52	47.41	45.38	43.39	41.54	39.70	38.42	37.16	35.97	34.97	34.17	33.41	32.66	32.42	32.24	32.06	32.00	
116.00	111.45	106.92	102.52	98.15	93.78	89.59	85.71	82.25	78.86	75.53	72.23	69.00	65.80	62.82	59.87	57.03	54.21	51.42	48.73	46.19	44.07	42.01	40.02	38.05	36.32	34.70	33.25	31.95	30.95	30.14	29.54	29.00	28.56	28.13	28.00	
122.00	116.24	110.59	105.19	99.82	94.53	89.70	85.13	80.58	76.15	71.92	68.05	64.58	61.13	57.83	54.67	51.60	48.70	45.85	43.31	40.93	39.01	37.21	35.76	34.37	33.34	32.32	31.42	30.60	30.06	30.00	
101.00	97.35	93.72	90.10	86.51	83.04	79.63	76.26	72.95	69.76	66.68	63.75	60.88	58.07	55.76	53.56	51.38	49.26	47.17	45.12	43.22	41.54	40.00	38.61	37.39	36.29	35.28	34.39	33.62	32.90	32.32	31.76	31.37	31.00	
117.00	111.73	106.65	101.58	96.57	91.59	86.69	81.80	77.05	72.74	68.77	64.86	61.26	57.78	55.25	52.77	50.37	48.34	46.46	44.62	42.79	41.10	39.40	37.76	36.47	35.29	34.26	33.44	32.66	32.00	31.49	31.00	
107.00	101.62	96.28	91.02	85.81	81.02	76.50	71.98	67.49	63.07	59.24	56.15	53.18	50.48	48.07	45.95	44.21	42.54	40.88	39.29	37.85	36.63	35.85	35.17	34.58	34.08	33.59	33.11	32.68	32.32	32.00	
117.00	111.36	105.76	100.35	95.02	89.93	84.92	79.95	75.03	70.35	66.27	62.34	58.94	56.00	53.43	50.98	48.52	46.45	44.69	43.04	41.42	39.84	38.32	36.80	35.46	34.20	33.16	32.23	31.34	30.47	29.82	29.31	28.85	28.40	28.00	
106.00	101.67	97.43	93.43	89.46	85.51	81.60	77.92	74.30	70.70	67.35	64.08	60.95	57.84	54.80	52.01	49.31	47.03	44.77	42.68	40.84	39.05	37.35	35.66	34.25	33.27	32.31	31.44	30.61	30.38	30.19	30.00	
119.00	114.59	110.19	105.90	101.62	97.36	93.17	88.99	85.04	81.32	77.75	74.29	71.07	67.88	64.99	62.11	59.33	56.60	54.39	52.21	50.05	48.06	46.21	44.44	42.72	41.04	39.39	37.83	36.59	35.39	34.60	33.83	33.21	32.60	32.00	
110.00	103.99	98.05	92.42	86.95	82.47	78.05	74.07	70.20	66.38	62.68	59.11	55.58	52.17	48.91	45.74	42.87	40.01	37.35	35.48	33.91	32.46	31.16	30.36	29.65	29.00	28.44	28.02	27.66	27.32	27.00	
102.00	97.60	93.32	89.11	84.94	81.07	77.22	73.88	70.56	67.26	64.15	61.17	58.21	55.37	52.69	50.21	47.89	45.58	43.76	41.97	40.24	38.61	37.03	35.51	34.03	32.78	31.56	30.39	29.41	28.74	28.09	27.66	27.34	27.20	27.10	27.03	27.00	
113.00	107.13	101.35	95.63	90.64	85.78	81.22	76.70	72.31	68.12	64.27	60.76	57.37	54.14	51.48	49.08	46.80	44.70	42.75	40.91	39.16	37.41	35.84	34.27	32.74	31.70	30.85	30.07	29.33	28.61	28.00	
101.00	95.84	90.81	86.05	81.35	76.73	72.40	68.06	64.54	61.20	57.90	54.91	51.95	49.05	46.22	43.70	41.49	39.46	37.72	36.11	34.68	33.34	32.02	31.17	30.33	29.59	28.90	28.28	27.69	27.18	27.00	
112.00	107.30	102.67	98.23	94.38	90.62	86.94	83.26	79.73	76.20	73.14	70.11	67.18	64.31	61.57	58.84	56.19	53.60	51.33	49.21	47.29	45.43	43.73	42.04	40.46	38.97	37.56	36.22	34.92	33.69	32.50	31.35	30.42	29.86	29.52	29.20	29.00	
121.00	115.26	109.53	103.82	98.28	92.76	87.33	82.19	77.22	72.40	67.68	63.01	58.85	55.22	51.96	48.72	45.93	43.88	42.01	40.36	38.83	37.69	36.56	35.47	34.43	33.48	32.54	31.65	30.93	30.28	29.75	29.24	29.00	
121.00	115.73	110.60	105.51	100.67	96.11	91.63	87.75	83.92	80.14	76.46	72.83	69.35	66.05	62.87	59.84	56.96	54.11	51.27	48.50	45.75	43.02	40.47	38.14	35.89	33.95	32.04	30.41	29.17	28.25	27.54	27.18	27.00	
110.00	104.40	98.87	93.70	88.72	83.90	79.24	74.62	70.10	66.59	63.24	60.30	57.45	54.71	52.34	50.08	47.90	45.85	43.84	41.85	39.94	38.29	36.64	35.13	34.02	33.03	32.13	31.41	30.94	30.56	30.21	30.00	
121.00	116.40	111.96	107.65	103.42	99.50	95.69	91.97	88.31	84.70	81.19	77.79	74.42	71.23	68.13	65.07	62.06	59.15	56.34	53.71	51.40	49.22	47.07	45.13	43.24	41.46	39.83	38.20	36.73	35.30	34.14	33.33	32.68	32.10	31.55	31.23	31.00	
112.00	106.51	101.03	95.74	90.76	86.10	81.48	76.96	72.99	69.28	65.64	62.51	59.54	56.65	53.80	51.24	48.72	46.22	43.74	41.35	39.08	37.39	36.04	34.92	33.83	32.90	32.41	31.96	31.52	31.32	31.15	31.00	
108.00	103.76	99.68	95.70	92.24	88.84	85.46	82.15	78.89	75.66	72.47	69.29	66.13	63.00	59.98	57.43	54.93	52.70	50.50	48.31	46.23	44.18	42.42	40.74	39.10	37.49	35.96	34.50	33.56	32.67	31.83	31.03	30.49	30.00	
123.00	116.31	109.71	103.24	96.80	91.09	85.51	80.08	74.94	70.28	65.83	61.82	58.16	54.88	52.10	49.31	46.64	43.98	41.60	39.44	37.38	35.38	33.90	32.63	31.40	30.28	29.32	28.74	28.41	28.19	28.05	28.00	
122.00	116.73	111.70	107.26	103.28	99.58	95.96	92.42	89.02	85.66	82.30	78.97	75.68	72.58	69.48	66.50	63.51	60.58	57.68	54.90	52.21	49.71	47.22	45.17	43.16	41.24	39.42	37.92	36.44	35.18	34.22	33.33	32.47	32.00	
108.00	104.15	100.30	96.81	93.34	89.89	86.47	83.06	79.69	76.41	73.15	70.00	66.95	64.00	61.11	58.25	55.41	52.71	50.16	47.65	45.22	42.87	40.54	38.35	36.76	35.27	33.93	32.76	31.73	31.25	30.83	30.44	30.14	30.00	
101.00	96.83	92.85	88.94	85.07	81.24	77.44	74.00	70.96	68.11	65.33	62.58	59.94	57.34	54.89	52.52	50.43	48.35	46.33	44.36	42.46	40.63	38.89	37.21	35.62	34.25	32.97	31.79	30.77	29.80	28.84	28.08	27.45	27.22	27.00	
101.00	95.54	90.21	85.33	80.66	76.28	72.17	68.24	64.42	61.02	57.72	54.45	51.60	49.27	47.01	44.82	42.92	41.09	39.28	37.84	36.64	35.62	34.69	33.77	33.21	32.69	32.24	31.87	31.57	31.28	31.14	31.07	31.00	
108.00	103.69	99.48	95.37	91.47	87.59	83.92	80.31	76.70	73.21	69.76	66.54	63.36	60.53	57.80	55.22	52.97	50.74	48.51	46.31	44.12	42.00	40.22	38.53	36.86	35.21	34.05	32.97	32.17	31.57	31.06	30.61	30.31	30.00	
119.00	112.67	106.64	100.90	95.23	89.62	84.04	78.63	73.43	68.77	64.63	60.99	57.45	54.11	50.90	47.78	45.18	42.64	40.15	37.68	36.34	35.00	34.00	33.05	32.17	31.36	30.58	29.80	29.06	28.34	27.76	27.23	27.00	
116.00	110.24	104.62	99.31	94.01	89.19	84.61	80.19	75.91	71.73	67.77	64.09	60.70	57.38	54.08	50.87	48.38	46.77	45.19	43.70	42.27	41.11	39.98	38.97	38.01	37.15	36.34	35.53	34.85	34.20	33.54	32.92	32.56	32.34	32.18	32.09	32.00	
104.00	99.82	95.68	91.62	87.67	83.84	80.22	76.68	73.28	69.89	66.60	63.40	60.41	57.69	55.11	52.70	50.39	48.15	46.13	44.30	42.59	40.94	39.38	37.91	36.79	35.82	34.95	34.13	33.39	32.75	32.25	32.11	32.00	
110.00	105.85	101.75	97.71	93.67	89.97	86.34	83.10	79.85	76.69	73.53	70.44	67.48	64.66	61.88	59.12	56.55	54.05	51.80	49.66	47.63	45.70	43.83	42.00	40.40	38.86	37.45	36.12	34.91	33.76	32.70	31.77	31.03	30.54	30.23	30.09	30.00	
106.00	100.30	95.03	89.76	85.43	81.50	77.73	74.05	70.39	66.78	63.21	59.75	56.44	53.19	50.42	47.71	45.14	43.09	41.05	39.20	37.64	36.14	34.65	33.35	32.13	31.37	30.77	30.23	29.71	29.22	29.11	29.04	29.00	
118.00	112.09	106.21	100.41	94.83	89.42	84.02	78.67	73.56	68.57	64.34	60.25	56.62	53.17	50.12	47.22	44.49	41.80	39.57	37.97	36.61	35.46	34.43	33.44	32.60	31.87	31.27	30.68	30.10	29.65	29.33	29.05	29.00	
12.32	23.52	13.44	30.24	22.40	12.32	31.36	17.92	31.36	15.68	12.32	23.52	23.52	29.12	33.60	13.44	24.64	17.92	19.04	21.28	30.24	33.60	19.04	23.52	19.04	21.28	23.52	11.20	20.16	17.92	17.92	30.24	26.88	24.64	20.16	22.40	14.56	19.04	20.16	19.04	13.44	15.68	30.24	28.00	21.28	26.88	30.24	11.20	28.00	21.28	20.16	21.28	25.76	20.16	23.52	11.20	13.44	11.20	28.00	19.04	30.24	29.12	21.28	12.32	12.32	22.40	17.92	17.92	26.88	21.28	24.64	32.48	31.36	15.68	12.32	33.60	14.56	25.76	13.44	24.64	33.60	15.68	16.80	19.04	17.92	16.80	19.04	14.56	20.16	25.76	24.64	23.52	24.64	20.16	11.20	31.36	21.28	20.16	20.16	32.48	11.20	21.28	26.88	31.36	24.64	20.16	21.28	13.44	25.76	11.20	20.16	32.48	23.52	23.52	26.88	22.40	13.44	24.64	24.64	13.44	15.68	29.12	11.20	33.60	23.52	21.28	15.68	13.44	33.60	20.16	24.64	20.16	28.00	26.88	24.64	22.40	31.36	14.56	30.24	30.24	22.40	12.32	23.52	19.04	14.56	13.44	28.00	11.20	11.20	14.56	20.16	29.12	15.68	20.16	32.48	20.16	13.44	24.64	24.64	12.32	24.64	14.56	29.12	25.76	16.80	17.92	29.12	26.88	19.04	24.64	29.12	13.44	30.24	24.64	21.28	17.92	20.16	23.52	29.12	20.16	15.68	19.04	17.92	23.52	23.52	22.40	21.28	15.68	25.76	13.44	11.20	30.24	33.60	28.00	13.44	20.16	12.32	28.00	23.52	15.68	23.52	28.00	26.88	30.24	23.52	21.28	12.32	11.20	11.20	21.28	11.20	19.04	11.20	31.36	25.76	23.52	22.40	12.32	16.80	31.36	16.80	13.44	23.52	11.20	21.28	26.88	12.32	33.60	21.28	26.88	26.88	31.36	31.36	16.80	22.40	21.28	15.68	20.16	30.24	13.44	13.44	19.04	16.80	14.56	13.44	33.60	13.44	17.92	28.00	28.00	32.48	15.68	22.40	22.40	24.64	29.12	17.92	16.80	20.16	28.00	20.16	26.88	28.00	14.56	22.40	20.16	29.12	24.64	17.92	19.04	32.48	28.00	17.92	29.12	21.28	31.36	23.52	19.04	25.76	33.60	28.00	24.64	11.20	29.12	17.92	16.80	16.80	12.32	33.60	26.88	25.76	30.24	24.64	32.48	25.76	19.04	12.32	16.80	14.56	26.88	15.68	24.64	21.28	29.12	23.52	15.68	32.48	29.12	16.80	29.12	11.20	11.20	29.12	21.28	12.32	29.12	13.44	25.76	29.12	22.40	32.48	20.16	28.00	28.00	12.32	33.60	16.80	15.68	33.60	19.04	16.80	15.68	20.16	26.88	14.56	21.28	32.48	28.00	31.36	26.88	33.60	17.92	22.40	19.04	12.32	33.60	20.16	28.00	22.40	26.88	32.48	24.64	24.64	16.80	14.56	23.52	26.88	31.36	19.04	19.04	28.00	32.48	13.44	21.28	30.24	31.36	12.32	15.68	28.00	26.88	31.36	25.76	29.12	23.52	23.52	22.40	28.00	28.00	14.56	16.80	17.92	31.36	32.48	28.00	31.36	13.44	21.28	20.16	12.32	24.64	20.16	17.92	26.88	15.68	29.12	19.04	20.16	30.24	22.40	32.48	30.24	13.44	22.40	14.56	30.24	33.60	16.80	26.88	16.80	33.60	24.64	24.64	25.76	21.28	16.80	26.88	33.60	29.12	12.32	20.16	12.32	19.04	30.24	21.28	15.68	24.64	14.56	30.24	28.00	25.76	24.64	17.92	14.56	13.44	16.80	19.04	31.36	13.44	12.32	12.32	28.00	19.04	12.32	20.16	29.12	32.48	26.88	23.52	33.60	20.16	13.44	17.92	23.52	28.00	13.44	33.60	11.20	13.44	28.00	29.12	13.44	12.32	19.04	22.40	13.44	31.36	31.36	26.88	17.92	21.28	22.40	20.16	30.24	16.80	20.16	21.28	15.68	14.56	22.40	17.92	19.04	16.80	17.92	14.56	15.68	22.40	31.36	26.88	33.60	23.52	26.88	14.56	30.24	29.12	14.56	26.88	31.36	11.20	24.64	28.00	20.16	30.24	28.00	33.60	19.04	31.36	21.28	16.80	26.88	28.00	23.52	20.16	31.36	32.48	19.04	20.16	21.28	11.20	20.16	15.68	24.64	24.64	32.48	11.20	16.80	22.40	22.40	15.68	20.16	25.76	31.36	32.48	25.76	23.52	29.12	24.64	30.24	16.80	32.48	14.56	23.52	30.24	29.12	31.36	32.48	12.32	16.80	28.00	30.24	17.92	13.44	26.88	24.64	21.28	26.88	20.16	11.20	33.60	26.88	33.60	23.52	32.48	24.64	29.12	33.60	25.76	28.00	19.04	11.20	20.16	11.20	30.24	21.28	17.92	23.52	19.04	25.76	14.56	32.48	31.36	11.20	19.04	19.04	15.68	24.64	23.52	20.16	15.68	32.48	23.52	16.80	15.68	22.40	23.52	12.32	31.36	30.24	29.12	11.20	33.60	29.12	22.40	15.68	11.20	22.40	23.52	16.80	29.12	13.44	24.64	26.88	26.88	23.52	19.04	32.48	15.68	23.52	24.64	15.68	20.16	17.92	12.32	11.20	31.36	13.44	28.00	33.60	20.16	24.64	20.16	12.32	17.92	15.68	28.00	12.32	19.04	22.40	25.76	30.24	32.48	23.52	22.40	26.88	30.24	16.80	22.40	16.80	13.44	11.20	26.88	29.12	23.52	23.52	24.64	30.24	11.20	32.48	33.60	32.48	32.48	12.32	13.44	21.28	33.60	25.76	14.56	33.60	33.60	24.64	11.20	32.48	21.28	20.16	20.16	11.20	17.92	12.32	20.16	16.80	32.48	15.68	30.24	13.44	20.16	21.28	16.80	25.76	31.36	11.20	17.92	30.24	32.48	22.40	25.76	23.52	26.88	11.20	12.32	28.00	33.60	32.48	24.64	23.52	24.64	16.80	21.28	13.44	14.56	20.16	11.20	22.40	31.36	21.28	19.04	33.60	30.24	14.56	22.40	23.52	22.40	21.28	33.60	32.48	11.20	25.76	28.00	11.20	20.16	26.88	16.80	28.00	15.68	24.64	30.24	14.56	13.44	33.60	22.40	26.88	13.44	30.24	14.56	14.56	13.44	31.36	22.40	20.16	31.36	13.44	22.40	30.24	16.80	29.12	16.80	32.48	12.32	22.40	23.52	30.24	26.88	31.36	17.92	13.44	32.48	28.00	11.20	26.88	11.20	15.68	23.52	20.16	29.12	19.04	32.48	13.44	30.24	33.60	15.68	29.12	23.52	30.24	13.44	31.36	12.32	26.88	31.36	19.04	28.00	28.00	30.24	22.40	24.64	19.04	22.40	30.24	15.68	23.52	26.88	32.48	33.60	25.76	12.32	28.00	19.04	30.24	25.76	13.44	17.92	12.32	30.24	12.32	22.40	19.04	31.36	24.64	24.64	25.76	29.12	33.60	29.12	22.40	22.40	28.00	30.24	15.68	20.16	28.00	23.52	28.00	12.32	21.28	24.64	26.88	20.16	11.20	32.48	33.60	19.04	23.52	14.56	22.40	24.64	23.52	29.12	19.04	31.36	30.24	25.76	20.16	17.92	23.52	20.16	13.44	23.52	16.80	22.40	19.04	31.36	29.12	20.16	20.16	20.16	17.92	23.52	25.76	15.68	17.92	31.36	17.92	17.92	12.32	31.36	17.92	25.76	22.40	20.16	12.32	33.60	13.44	25.76	19.04	21.28	26.88	33.60	26.88	22.40	28.00	32.48	29.12	30.24	12.32	29.12	11.20	16.80	28.00	29.12	12.32	32.48	25.76	20.16	32.48	17.92	23.52	14.56	33.60	31.36	15.68	22.40	16.80	23.52	14.56	22.40	22.40	17.92	33.60	33.60	14.56	19.04	14.56	29.12	29.12	19.04	20.16	24.64	12.32	25.76	23.52	30.24	25.76	29.12	13.44	12.32	17.92	16.80	14.56	15.68	33.60	16.80	15.68	17.92	17.92	31.36	23.52	26.88	22.40	32.48	20.16	21.28	30.24	29.12	33.60	12.32	20.16	33.60	31.36	14.56	29.12	32.48	23.52	26.88	25.76	22.40	13.44	24.64	29.12	22.40	28.00	11.20	23.52	33.60	30.24	29.12	30.24	15.68	30.24	14.56	17.92	30.24	22.40	23.52	17.92	24.64	28.00	23.52	22.40	11.20	16.80	21.28	33.60	24.64	31.36	20.16	22.40	29.12	23.52	17.92	13.44	24.64	14.56	24.64	
17.92	31.36	17.92	19.04	32.48	25.76	16.80	22.40	15.68	20.16	28.00	21.28	13.44	33.60	13.44	29.12	24.64	17.92	12.32	13.44	11.20	26.88	17.92	14.56	31.36	32.48	26.88	21.28	19.04	26.88	16.80	29.12	17.92	33.60	33.60	12.32	14.56	22.40	33.60	21.28	12.32	31.36	23.52	25.76	24.64	11.20	28.00	14.56	14.56	15.68	12.32	33.60	23.52	11.20	22.40	16.80	16.80	33.60	28.00	13.44	30.24	15.68	26.88	11.20	23.52	16.80	29.12	12.32	24.64	11.20	24.64	30.24	20.16	31.36	23.52	20.16	21.28	23.52	16.80	32.48	15.68	24.64	19.04	32.48	16.80	23.52	11.20	22.40	19.04	33.60	26.88	22.40	32.48	30.24	12.32	13.44	26.88	21.28	22.40	13.44	20.16	32.48	12.32	16.80	15.68	26.88	29.12	15.68	14.56	32.48	24.64	17.92	33.60	17.92	31.36	11.20	20.16	14.56	20.16	31.36	31.36	24.64	21.28	26.88	17.92	13.44	30.24	11.20	30.24	17.92	26.88	25.76	14.56	28.00	28.00	29.12	30.24	22.40	32.48	23.52	19.04	20.16	21.28	14.56	23.52	15.68	23.52	20.16	32.48	11.20	20.16	26.88	28.00	26.88	33.60	26.88	29.12	11.20	24.64	17.92	23.52	20.16	21.28	12.32	19.04	12.32	15.68	19.04	11.20	11.20	11.20	23.52	28.00	29.12	23.52	13.44	20.16	23.52	30.24	31.36	20.16	15.68	12.32	25.76	19.04	30.24	31.36	24.64	28.00	15.68	24.64	33.60	33.60	16.80	17.92	22.40	24.64	24.64	25.76	33.60	26.88	28.00	26.88	12.32	23.52	14.56	12.32	22.40	14.56	19.04	29.12	19.04	29.12	17.92	30.24	23.52	20.16	30.24	17.92	17.92	24.64	26.88	14.56	12.32	25.76	22.40	16.80	21.28	11.20	11.20	12.32	14.56	20.16	12.32	33.60	26.88	20.16	23.52	13.44	14.56	17.92	23.52	21.28	26.88	32.48	26.88	20.16	32.48	30.24	33.60	15.68	28.00	24.64	11.20	21.28	25.76	22.40	13.44	21.28	16.80	28.00	15.68	13.44	30.24	24.64	33.60	19.04	26.88	28.00	15.68	15.68	31.36	28.00	12.32	16.80	13.44	26.88	11.20	33.60	14.56	19.04	31.36	19.04	19.04	19.04	32.48	32.48	26.88	32.48	25.76	16.80	16.80	31.36	15.68	20.16	14.56	33.60	26.88	15.68	29.12	28.00	19.04	16.80	30.24	22.40	24.64	22.40	26.88	12.32	22.40	13.44	12.32	23.52	17.92	26.88	29.12	24.64	23.52	32.48	24.64	20.16	17.92	32.48	31.36	13.44	13.44	14.56	19.04	26.88	21.28	22.40	15.68	14.56	23.52	32.48	26.88	33.60	19.04	15.68	23.52	14.56	31.36	15.68	29.12	31.36	22.40	16.80	22.40	28.00	24.64	31.36	30.24	19.04	26.88	29.12	17.92	30.24	25.76	20.16	23.52	25.76	13.44	13.44	16.80	21.28	33.60	20.16	23.52	29.12	25.76	22.40	21.28	26.88	11.20	23.52	19.04	13.44	33.60	28.00	32.48	25.76	28.00	22.40	20.16	17.92	31.36	17.92	16.80	20.16	28.00	31.36	28.00	19.04	22.40	13.44	33.60	28.00	32.48	31.36	22.40	14.56	28.00	23.52	20.16	24.64	25.76	12.32	29.12	17.92	30.24	28.00	23.52	28.00	14.56	14.56	28.00	24.64	16.80	20.16	33.60	16.80	20.16	11.20	12.32	16.80	21.28	26.88	20.16	30.24	25.76	11.20	19.04	17.92	12.32	25.76	21.28	12.32	16.80	14.56	31.36	20.16	13.44	32.48	33.60	28.00	24.64	33.60	13.44	12.32	31.36	22.40	19.04	26.88	16.80	32.48	32.48	16.80	25.76	28.00	16.80	30.24	28.00	12.32	28.00	11.20	28.00	16.80	30.24	16.80	14.56	31.36	22.40	29.12	22.40	19.04	25.76	14.56	25.76	33.60	24.64	13.44	13.44	25.76	22.40	28.00	19.04	31.36	19.04	21.28	11.20	17.92	25.76	29.12	33.60	25.76	23.52	29.12	30.24	13.44	23.52	21.28	21.28	32.48	19.04	33.60	13.44	33.60	33.60	13.44	15.68	32.48	24.64	22.40	23.52	28.00	23.52	19.04	23.52	32.48	25.76	30.24	28.00	26.88	16.80	31.36	21.28	33.60	14.56	16.80	28.00	23.52	14.56	23.52	20.16	29.12	16.80	29.12	13.44	25.76	22.40	33.60	30.24	15.68	19.04	16.80	14.56	32.48	30.24	20.16	32.48	17.92	22.40	16.80	17.92	11.20	20.16	20.16	13.44	14.56	19.04	13.44	22.40	11.20	20.16	22.40	17.92	19.04	11.20	24.64	17.92	16.80	28.00	13.44	16.80	33.60	15.68	15.68	12.32	20.16	29.12	33.60	30.24	15.68	11.20	11.20	11.20	29.12	15.68	30.24	11.20	15.68	29.12	32.48	11.20	13.44	11.20	11.20	21.28	32.48	16.80	32.48	11.20	19.04	31.36	22.40	22.40	13.44	32.48	16.80	25.76	19.04	23.52	33.60	31.36	32.48	24.64	32.48	32.48	26.88	19.04	11.20	30.24	17.92	24.64	13.44	28.00	26.88	33.60	20.16	20.16	22.40	30.24	15.68	22.40	15.68	24.64	21.28	13.44	21.28	26.88	15.68	15.68	13.44	33.60	13.44	26.88	30.24	26.88	11.20	31.36	24.64	30.24	32.48	22.40	32.48	24.64	19.04	33.60	32.48	25.76	24.64	26.88	19.04	12.32	29.12	22.40	13.44	33.60	23.52	29.12	28.00	30.24	31.36	29.12	25.76	32.48	13.44	11.20	28.00	14.56	16.80	22.40	28.00	28.00	14.56	31.36	33.60	21.28	32.48	33.60	14.56	13.44	22.40	19.04	20.16	13.44	30.24	12.32	21.28	28.00	29.12	30.24	33.60	12.32	25.76	23.52	32.48	22.40	24.64	12.32	22.40	16.80	23.52	21.28	28.00	12.32	15.68	28.00	16.80	30.24	17.92	19.04	15.68	13.44	19.04	12.32	23.52	20.16	28.00	26.88	33.60	32.48	23.52	15.68	19.04	11.20	24.64	17.92	31.36	13.44	28.00	19.04	20.16	28.00	21.28	14.56	24.64	20.16	19.04	22.40	22.40	21.28	22.40	31.36	24.64	24.64	31.36	24.64	22.40	29.12	20.16	33.60	23.52	17.92	12.32	24.64	32.48	31.36	33.60	33.60	19.04	20.16	11.20	12.32	31.36	32.48	29.12	26.88	29.12	26.88	19.04	32.48	15.68	30.24	31.36	11.20	13.44	16.80	20.16	21.28	16.80	14.56	24.64	15.68	29.12	12.32	22.40	15.68	25.76	14.56	11.20	21.28	25.76	28.00	30.24	11.20	32.48	25.76	24.64	15.68	28.00	21.28	33.60	17.92	22.40	17.92	29.12	25.76	26.88	24.64	11.20	11.20	22.40	22.40	16.80	28.00	19.04	23.52	16.80	11.20	29.12	32.48	23.52	17.92	12.32	20.16	23.52	24.64	15.68	14.56	20.16	25.76	26.88	15.68	21.28	26.88	24.64	26.88	33.60	11.20	23.52	14.56	12.32	17.92	19.04	17.92	19.04	15.68	32.48	15.68	19.04	23.52	30.24	20.16	32.48	24.64	11.20	13.44	17.92	29.12	11.20	20.16	17.92	17.92	26.88	32.48	21.28	13.44	11.20	30.24	25.76	19.04	24.64	14.56	29.12	30.24	22.40	29.12	32.48	24.64	25.76	25.76	26.88	14.56	12.32	31.36	15.68	15.68	21.28	22.40	31.36	23.52	15.68	12.32	13.44	17.92	16.80	16.80	22.40	30.24	26.88	17.92	26.88	23.52	29.12	22.40	17.92	29.12	20.16	29.12	12.32	26.88	22.40	15.68	30.24	32.48	12.32	12.32	14.56	14.56	23.52	30.24	19.04	20.16	23.52	32.48	15.68	30.24	20.16	11.20	29.12	12.32	23.52	17.92	24.64	14.56	32.48	23.52	22.40	25.76	16.80	31.36	31.36	32.48	12.32	26.88	11.20	15.68	21.28	29.12	13.44	23.52	21.28	13.44	21.28	24.64	26.88	16.80	12.32	21.28	16.80	12.32	31.36	30.24	13.44	31.36	26.88	29.12	14.56	29.12	25.76	28.00	23.52	14.56	13.44	16.80	11.20	24.64	33.60	11.20	14.56	30.24	16.80	29.12	19.04	26.88	12.32	30.24	12.32	26.88	
22.40	20.16	19.04	21.28	17.92	17.92	15.68	19.04	22.40	31.36	23.52	12.32	14.56	19.04	26.88	20.16	32.48	21.28	12.32	13.44	15.68	15.68	14.56	31.36	16.80	32.48	15.68	25.76	20.16	22.40	19.04	11.20	19.04	33.60	24.64	25.76	12.32	12.32	25.76	33.60	29.12	20.16	22.40	29.12	28.00	
16	11	13	15	12	19	11	18	11	13	11	15	10	19	11	11	16	13	19	13	19	11	11	15	15	16	13	16	12	20	12	15	19	10	16	12	18	19	13	19	14	17	16	15	17	12	16	14	17	19	18	15	20	16	11	10	12	14	14	19	19	19	19	20	17	12	14	13	17	10	12	16	14	14	11	12	11	13	18	11	13	18	10	18	20	16	13	11	11	14	11	16	12	17	20	15	19	18	19	15	12	17	12	18	14	18	16	18	10	14	20	13	10	14	17	19	12	11	11	20	20	13	16	17	14	10	20	14	18	18	17	15	13	15	10	10	18	16	19	10	18	12	15	14	18	19	14	17	11	17	12	14	16	10	17	14	12	18	17	20	19	15	11	15	18	15	19	11	19	16	17	15	20	17	13	19	19	11	16	14	15	10	17	16	11	17	19	14	14	17	11	15	17	12	16	12	19	14	10	19	18	11	20	18	14	12	16	11	12	12	11	16	15	13	11	11	11	12	18	18	14	20	18	19	17	17	15	10	13	11	17	17	17	10	17	13	12	19	15	18	16	14	11	11	19	15	15	19	12	20	10	18	18	16	13	16	14	14	16	18	17	14	18	17	20	15	20	20	20	19	18	20	20	12	15	15	19	18	13	10	12	10	10	19	13	15	19	10	17	11	14	11	17	13	10	11	14	15	15	18	10	10	17	20	20	14	16	14	11	15	10	14	13	14	17	18	14	12	17	13	17	17	12	16	13	16	14	20	16	10	16	17	11	14	20	12	11	10	13	16	19	19	13	11	19	17	12	12	13	17	12	20	13	13	17	20	10	10	15	20	20	13	18	13	18	11	17	19	12	11	15	10	13	10	11	12	19	11	19	13	15	18	20	18	17	15	10	10	13	10	20	10	19	18	12	20	17	16	14	11	14	18	10	20	13	11	18	10	12	14	10	12	10	11	18	15	16	16	17	20	18	18	12	18	12	12	16	19	20	12	15	19	10	13	12	14	14	15	13	13	14	18	19	15	12	13	18	12	10	16	18	10	12	13	13	11	12	11	11	10	20	13	16	19	17	15	14	10	11	15	16	10	19	13	15	14	18	12	14	15	11	15	20	13	11	15	14	10	18	14	17	12	16	12	17	11	11	18	17	14	15	16	16	15	18	17	18	17	10	11	16	16	11	12	18	18	20	19	19	19	13	12	20	15	11	19	14	10	15	17	14	12	12	12	14	16	15	16	20	11	16	10	19	17	16	13	20	10	16	18	18	10	13	10	12	12	15	12	12	18	13	12	12	15	20	17	14	14	10	10	18	13	16	17	11	13	19	12	12	19	14	13	18	11	20	11	14	17	13	14	15	18	17	12	13	10	14	20	15	17	14	18	18	20	14	14	16	11	15	18	15	11	10	12	18	16	12	10	15	17	19	14	18	19	11	12	17	13	18	17	20	11	11	10	15	18	11	11	10	20	14	15	11	14	11	18	12	17	18	14	16	10	11	10	14	15	17	18	17	13	14	15	19	20	13	17	17	10	10	17	10	10	17	14	10	15	13	18	13	13	18	18	18	17	10	13	18	20	18	19	17	19	16	11	19	16	17	12	13	14	11	15	16	11	13	17	15	15	18	17	10	20	17	14	16	14	20	17	11	10	19	10	12	18	18	17	14	16	10	14	19	12	10	13	11	12	12	19	20	12	10	11	16	15	14	15	11	20	13	16	11	18	12	12	19	15	19	13	12	12	20	16	15	13	20	12	20	11	16	14	13	19	12	17	17	19	15	17	10	14	13	16	17	10	10	20	19	13	19	15	17	14	16	19	11	17	17	18	10	18	17	12	18	11	11	12	15	17	11	18	11	13	12	13	16	10	20	14	16	19	18	10	10	17	15	13	16	13	12	13	11	12	11	11	14	20	18	10	19	19	13	18	13	12	13	11	10	13	20	12	17	13	17	13	11	17	15	20	18	16	13	20	16	16	10	20	20	15	19	10	17	20	17	11	18	20	19	11	11	14	13	12	13	12	14	19	17	11	11	11	12	14	20	10	11	11	11	11	12	11	17	10	16	17	15	16	18	11	19	20	14	17	18	17	15	19	18	14	12	10	14	10	16	14	17	15	17	13	10	12	12	12	20	13	19	17	10	14	17	15	15	18	20	17	17	15	15	10	14	11	19	19	19	12	14	17	15	20	10	14	11	19	13	11	12	11	18	12	18	12	19	16	12	12	19	11	18	13	13	14	18	19	15	13	14	13	10	20	18	15	15	13	17	13	10	15	20	15	15	19	
1	1	1	1	1	1	1	1	1	1	1	1	1	1	1	1	1	2	2	2	2	2	2	2	2	2	2	2	2	2	2	2	2	2	2	2	2	3	3	3	3	3	3	3	3	3	3	3	3	3	3	3	3	3	3	3	3	3	3	3	3	4	4	4	4	4	4	4	4	4	4	4	4	4	4	4	4	4	4	5	5	5	5	5	5	5	5	5	5	5	5	5	5	5	5	5	5	5	5	5	6	6	6	6	6	6	6	6	6	6	6	6	6	6	6	6	6	6	6	6	6	6	6	6	6	6	6	6	6	6	6	6	6	6	6	7	7	7	7	7	7	7	7	7	7	7	7	7	7	7	7	7	7	7	7	7	7	7	7	8	8	8	8	8	8	8	8	8	8	8	8	8	8	8	8	8	8	8	8	9	9	9	9	9	9	9	9	9	9	9	9	9	9	9	9	9	9	9	9	10	10	10	10	10	10	10	10	10	10	10	10	10	10	10	10	10	10	10	10	10	10	10	10	10	10	11	11	11	11	11	11	11	11	11	11	11	11	11	11	11	11	11	11	11	11	11	11	11	11	11	12	12	12	12	12	12	12	12	12	12	12	12	12	12	12	12	12	12	12	12	12	12	12	12	12	12	12	12	12	12	12	12	12	12	12	12	13	13	13	13	13	13	13	13	13	13	13	13	13	13	13	13	13	13	13	14	14	14	14	14	14	14	14	14	14	14	14	14	14	14	14	14	14	14	15	15	15	15	15	15	15	15	15	15	15	15	15	15	15	15	15	15	15	15	15	15	16	16	16	16	16	16	16	16	16	16	16	16	16	16	16	16	16	16	16	17	17	17	17	17	17	17	17	17	17	17	17	17	17	17	17	17	17	17	17	18	18	18	18	18	18	18	18	18	18	18	18	18	18	18	18	18	18	18	18	18	19	19	19	19	19	19	19	19	19	19	19	19	19	19	19	19	19	19	19	19	20	20	20	20	20	20	20	20	20	20	20	21	21	21	21	21	21	21	21	21	21	21	21	21	21	21	21	21	21	21	21	22	22	22	22	22	22	22	22	22	22	22	22	22	22	22	22	22	22	22	22	22	22	22	22	23	23	23	23	23	23	23	23	23	23	23	23	23	23	23	23	24	24	24	24	24	24	24	24	24	24	24	24	24	24	24	24	24	24	24	24	24	24	24	24	24	24	24	24	24	25	25	25	25	25	25	25	25	25	25	25	25	25	25	25	25	25	25	25	25	25	25	26	26	26	26	26	26	26	26	26	26	26	26	26	26	26	26	26	26	26	26	26	26	26	26	26	26	27	27	27	27	27	27	27	27	27	27	27	27	27	27	27	27	27	27	27	27	27	27	27	27	27	27	28	28	28	28	28	28	28	28	28	28	28	28	28	28	28	28	28	28	28	28	28	29	29	29	29	29	29	29	29	29	29	29	29	29	29	29	29	29	29	29	29	29	30	30	30	30	30	30	30	30	30	30	30	30	30	30	30	30	30	30	30	30	30	30	30	30	30	31	31	31	31	31	31	31	31	31	31	31	31	31	31	31	31	31	31	31	31	31	31	31	31	32	32	32	32	32	32	32	32	32	32	32	32	32	32	32	32	32	32	32	32	32	32	32	32	32	32	33	33	33	33	33	33	33	33	33	33	33	33	33	33	33	33	33	33	33	33	33	33	33	33	34	34	34	34	34	34	34	34	34	34	34	34	34	34	34	34	34	34	34	34	34	34	34	34	34	34	34	34	35	35	35	35	35	35	35	35	35	35	35	35	35	36	36	36	36	36	36	36	36	36	36	36	36	36	36	36	36	36	36	36	36	36	36	36	36	37	37	37	37	37	37	37	37	37	37	37	37	37	37	37	37	37	37	37	37	37	37	37	37	38	38	38	38	38	38	38	38	38	38	38	38	38	38	38	38	38	38	38	38	38	38	38	38	39	39	39	39	39	39	39	39	39	39	39	39	39	39	39	40	40	40	40	40	40	40	40	40	40	40	40	40	40	40	40	41	41	41	41	41	41	41	41	41	41	41	41	41	41	41	41	41	41	41	41	41	41	41	41	41	41	41	42	42	42	42	42	42	42	42	42	42	42	42	42	42	42	42	42	42	42	42	42	42	42	42	42	43	43	43	43	43	43	43	43	43	43	43	43	43	43	43	44	44	44	44	44	44	44	44	44	44	44	44	44	44	44	44	44	44	45	45	45	45	45	45	45	45	45	45	45	45	45	45	45	45	45	45	45	45	45	45	45	45	45	45	45	45	45	45	
