1000
30	2
521	12.32
23	21	21	24	21	22	24	22	21	24	24	24	24	23	22	23	22	21	22	24	23	21	24	23	22	22	23	21	24	23	21	23	22	21	24	24	24	21	24	24	21	22	23	24	23	23	23	24	24	23	21	21	23	23	24	24	24	21	24	23	23	22	21	22	22	21	22	24	24	24	24	24	22	23	22	24	24	22	23	23	23	24	23	22	22	23	24	23	23	24	23	23	22	23	24	22	23	23	23	23	22	24	23	23	24	22	24	22	24	22	22	21	23	22	23	24	24	22	22	21	24	21	24	21	22	24	24	24	21	22	22	22	24	24	24	23	23	24	24	22	24	23	22	24	22	22	22	23	22	23	22	23	24	24	22	21	24	24	24	24	23	22	23	24	23	24	23	23	22	23	22	22	22	22	24	24	21	24	21	23	21	21	23	22	21	22	21	24	23	21	24	23	23	22	24	24	22	21	22	23	21	21	24	24	22	22	21	23	24	24	23	21	22	21	22	22	23	23	23	22	24	21	22	23	23	22	24	24	23	23	24	23	21	21	22	24	21	23	23	21	21	23	24	24	24	24	23	21	23	22	23	23	22	23	22	23	21	21	21	23	23	24	22	21	21	21	21	23	21	21	23	23	22	24	22	21	22	21	23	21	22	22	21	24	24	24	21	24	21	22	23	21	23	21	24	24	23	24	23	22	23	24	22	21	23	22	21	21	23	22	24	22	21	24	22	23	21	24	24	23	21	22	22	23	21	21	21	24	21	23	22	24	23	24	22	21	24	22	21	24	22	24	21	22	21	24	24	23	23	21	21	23	23	23	24	21	21	23	21	23	24	22	22	21	21	23	22	21	23	23	24	21	23	21	21	23	22	22	23	24	21	22	23	23	24	24	24	23	23	24	21	24	21	23	23	23	23	24	22	23	24	24	23	23	21	23	22	23	21	23	22	22	24	23	21	21	21	21	22	21	23	22	22	21	23	22	24	24	21	23	23	23	22	21	21	22	21	23	24	23	22	21	21	24	22	24	24	21	21	21	22	21	23	22	22	22	22	24	23	24	24	23	23	24	23	24	21	23	23	22	23	23	22	21	24	23	23	23	21	21	24	22	24	23	22	23	23	22	23	21	23	22	24	22	24	21	22	21	24	24	21	23	24	23	21	21	22	22	24	22	22	21	23	21	23	22	22	21	21	23	24	24	23	22	22	23	21	21	21	24	22	23	23	23	23	21	23	24	21	22	21	22	21	24	24	24	22	23	21	23	21	22	22	24	21	24	24	21	21	24	22	23	22	21	22	23	22	22	22	21	23	21	24	21	24	24	22	24	23	21	24	23	24	24	21	22	21	24	23	23	21	24	23	21	21	21	22	23	22	24	21	23	21	21	23	23	21	21	23	23	24	22	23	24	24	23	23	22	22	23	23	24	23	23	21	23	24	24	23	23	21	22	24	24	24	22	22	22	23	21	24	23	22	22	21	24	23	22	24	23	24	22	24	21	23	23	22	22	24	23	22	22	21	22	23	21	22	23	23	24	22	23	24	24	23	24	23	21	24	22	21	21	22	24	24	22	23	22	23	23	23	21	23	24	24	21	21	24	23	22	24	23	24	23	22	22	21	22	22	24	22	23	24	22	21	21	24	24	22	22	21	23	22	21	24	24	24	22	22	24	21	23	24	22	23	21	22	24	22	22	24	23	23	22	24	22	21	23	22	22	22	23	23	23	24	22	21	24	24	24	23	22	22	21	24	24	21	24	21	24	24	21	24	23	24	23	23	24	22	23	21	24	21	21	23	24	24	21	23	23	22	24	24	21	22	24	24	24	23	23	21	22	24	23	24	23	22	21	23	22	23	24	24	23	21	23	22	22	21	21	23	21	24	24	22	23	24	24	21	22	22	22	23	23	21	21	24	21	22	23	22	23	22	23	24	24	24	21	24	24	21	24	22	22	24	24	23	21	22	21	23	24	21	21	21	22	24	21	24	22	21	23	23	22	24	24	22	24	21	24	24	22	24	21	21	24	21	22	24	23	22	22	23	22	22	22	21	22	21	24	23	23	21	24	22	24	22	22	24	21	24	21	21	22	24	22	24	23	21	23	24	22	22	24	21	24	22	21	24	24	23	23	24	24	23	23	22	21	21	22	23	21	22	23	23	22	23	24	24	23	22	23	24	21	21	22	23	23	23	22	23	23	21	22	24	23	22	23	23	23	21	22	21	22	21	22	21	23	23	21	23	22	22	22	23	24	23	21	21	23	22	21	22	24	22	23	22	24	24	24	
0	1	2	4	6	7	8	9	12	13	15	16	18	19	20	21	22	23	24	25	26	28	29	
0	1	2	4	7	8	11	12	13	14	15	17	19	20	21	22	24	25	26	28	29	
0	1	2	6	7	9	10	12	13	14	15	16	19	20	22	23	24	25	27	28	29	
0	1	2	4	6	7	8	9	10	11	12	13	14	16	17	18	19	20	21	23	24	26	28	29	
0	2	3	5	7	8	9	11	12	13	14	16	17	18	19	20	21	22	23	27	28	
0	1	3	4	6	7	8	10	12	13	14	15	16	18	19	20	21	22	24	25	26	28	
0	1	2	3	4	6	7	8	9	12	14	15	16	17	19	20	21	22	23	24	26	27	28	29	
0	1	2	3	4	5	6	7	8	12	13	14	15	17	19	20	21	23	24	25	26	27	
0	1	2	3	6	8	9	11	13	14	15	16	18	19	20	21	24	25	26	27	28	
0	3	4	5	6	7	9	10	11	12	14	15	17	18	19	20	21	22	24	25	26	27	28	29	
0	1	2	4	5	6	8	9	10	12	13	14	16	18	19	20	21	22	23	24	25	27	28	29	
0	1	3	4	6	7	8	9	10	11	13	14	17	18	19	20	21	22	24	25	26	27	28	29	
0	1	3	4	5	6	7	8	9	10	11	12	15	16	18	19	20	21	23	25	26	27	28	29	
1	2	6	8	9	10	11	12	13	14	15	16	17	18	19	20	21	23	24	26	27	28	29	
0	1	2	3	5	6	7	8	9	10	11	12	14	15	17	19	22	23	25	27	28	29	
0	2	3	4	6	7	8	9	10	11	15	16	17	18	19	20	21	23	25	26	27	28	29	
2	3	4	5	6	7	8	10	11	12	13	14	17	19	22	23	24	25	26	27	28	29	
0	4	6	8	9	10	13	14	15	16	17	18	19	20	21	23	24	25	26	28	29	
0	2	3	4	5	6	7	8	9	10	12	13	14	16	17	18	19	20	22	24	27	29	
1	2	4	5	6	7	8	9	10	11	12	13	14	16	17	18	19	21	22	23	25	27	28	29	
0	1	2	3	4	5	7	8	9	10	12	14	15	16	17	18	20	21	23	25	26	28	29	
0	1	2	3	4	5	6	7	8	9	10	11	14	15	17	18	19	24	25	26	28	
0	1	2	3	4	5	6	8	9	10	11	12	13	14	15	16	17	19	20	21	22	26	27	28	
3	4	5	6	7	8	9	10	11	12	13	14	15	16	18	20	21	22	23	24	26	27	28	
0	1	2	3	4	5	6	7	8	9	10	12	13	14	19	20	23	24	25	26	27	29	
0	1	3	4	8	10	12	13	14	16	17	18	19	20	21	22	23	24	25	27	28	29	
0	1	2	3	4	5	6	7	8	12	13	14	15	16	19	21	22	24	25	26	27	28	29	
0	1	2	3	5	6	10	12	13	14	15	16	20	21	22	23	25	26	27	28	29	
0	2	3	4	5	6	7	8	9	10	11	12	14	15	17	18	19	21	22	23	24	27	28	29	
1	3	4	5	6	7	8	9	10	11	13	14	15	16	17	18	19	21	22	25	26	28	29	
1	2	3	4	5	6	7	11	12	13	16	17	19	21	22	23	25	26	27	28	29	
0	1	3	4	5	6	8	9	12	13	14	15	16	17	18	19	20	22	23	25	26	28	29	
0	1	2	3	4	5	6	8	12	13	15	19	20	21	22	23	24	25	26	27	28	29	
0	1	2	4	6	7	8	10	11	12	13	14	17	18	19	20	23	24	25	28	29	
0	2	3	5	6	8	9	11	12	13	14	16	17	18	19	20	21	22	23	24	25	26	27	29	
0	1	2	3	4	5	6	7	8	9	10	13	14	15	16	17	18	21	23	24	26	27	28	29	
0	1	3	4	6	7	8	9	10	11	12	13	14	15	16	18	20	21	23	24	25	27	28	29	
0	2	4	5	6	9	10	11	12	13	14	15	17	18	19	22	23	24	26	28	29	
0	1	2	3	6	7	8	9	10	12	13	14	15	16	17	19	20	21	22	23	24	27	28	29	
0	1	2	3	5	6	7	8	9	11	13	14	15	16	17	19	21	22	23	24	25	26	27	28	
0	3	4	5	6	9	10	11	12	13	14	17	19	20	22	23	25	26	27	28	29	
0	1	2	3	4	5	6	7	12	14	15	16	18	19	20	22	23	24	25	27	28	29	
1	4	5	6	8	9	11	12	13	15	16	17	18	19	20	21	22	23	24	26	27	28	29	
0	1	2	3	4	5	7	10	11	13	14	16	17	18	20	21	22	23	24	25	26	27	28	29	
0	1	2	3	4	6	7	8	9	11	13	14	16	18	19	20	22	23	24	26	27	28	29	
0	1	2	3	4	5	6	7	10	11	13	15	16	17	18	20	21	24	25	26	27	28	29	
1	2	3	4	5	6	8	9	10	11	13	15	16	17	19	20	22	23	25	26	27	28	29	
0	4	5	6	7	8	9	10	11	12	13	14	15	16	17	19	20	22	23	24	26	27	28	29	
1	2	3	5	6	7	8	9	10	11	12	13	14	15	16	17	18	20	22	24	25	27	28	29	
0	1	3	5	7	10	13	14	15	16	17	18	19	20	21	22	23	24	25	26	27	28	29	
0	1	3	6	7	8	9	11	12	16	17	19	20	21	22	23	25	26	27	28	29	
0	1	2	3	5	7	8	10	12	13	14	15	16	17	18	19	22	23	24	26	29	
0	1	2	3	4	5	6	7	8	9	10	14	15	16	17	19	21	22	23	24	25	26	27	
0	1	3	4	5	6	8	10	11	12	13	14	15	16	17	18	19	21	22	24	25	26	27	
0	1	2	5	6	7	9	10	11	12	13	14	17	18	19	20	21	22	23	24	25	27	28	29	
0	1	3	7	9	10	12	13	14	15	16	17	18	19	20	21	22	23	24	25	26	27	28	29	
0	1	2	3	4	5	6	7	8	9	10	13	14	15	16	17	18	19	20	21	22	25	26	29	
2	4	6	7	8	9	10	11	13	15	16	18	21	22	23	24	25	26	27	28	29	
1	2	4	6	7	9	10	11	12	13	14	15	17	19	20	21	22	23	24	25	26	27	28	29	
1	2	3	6	8	9	10	11	13	14	15	16	17	18	19	20	21	22	23	24	25	28	29	
0	1	2	3	5	6	7	8	9	10	11	13	15	17	18	19	20	22	23	24	25	26	29	
0	2	3	4	5	6	7	8	9	10	11	12	13	14	16	17	19	20	21	25	26	27	
0	1	4	5	6	7	8	14	15	16	17	18	19	20	21	22	23	24	26	28	29	
0	2	4	5	6	7	8	9	10	11	13	15	16	17	19	20	22	23	24	26	27	29	
0	1	2	3	7	8	9	12	13	14	15	16	17	18	20	21	23	24	25	27	28	29	
0	1	3	6	7	8	9	10	11	12	13	14	17	18	20	21	23	25	27	28	29	
0	1	2	3	4	5	7	8	9	11	14	16	17	18	19	20	21	22	25	26	28	29	
1	2	3	6	7	9	10	11	13	14	15	16	17	18	19	20	21	22	23	24	25	26	27	28	
0	1	2	3	5	7	8	9	10	11	12	13	14	15	17	18	19	20	21	22	24	26	27	28	
0	1	3	5	6	7	8	9	10	11	12	13	14	15	17	18	19	21	22	23	26	27	28	29	
1	2	3	4	5	7	8	9	10	11	12	13	14	15	16	19	20	22	24	25	26	27	28	29	
1	3	4	5	6	7	9	10	11	12	13	14	15	16	17	19	21	22	23	24	25	27	28	29	
1	2	4	7	8	9	10	11	12	13	15	16	17	18	19	20	22	23	24	25	26	28	
0	1	2	3	5	6	8	9	10	12	13	15	16	17	18	19	20	22	23	24	25	26	29	
0	2	4	5	7	8	9	10	11	13	14	16	17	19	20	22	23	24	26	27	28	29	
2	4	5	6	7	8	9	10	11	12	13	15	16	17	18	19	21	22	23	24	25	26	27	29	
0	1	2	3	4	5	6	7	8	9	10	11	13	14	16	17	19	20	22	23	24	25	27	29	
1	2	4	5	6	7	8	10	11	13	14	15	16	17	18	19	20	22	23	24	25	27	
0	2	3	4	5	6	7	8	9	10	11	14	15	17	19	20	21	22	23	24	25	26	27	
0	2	3	4	5	6	7	10	11	13	14	15	16	17	19	20	21	22	24	25	26	28	29	
0	1	2	3	4	5	6	8	10	11	13	14	15	16	17	18	20	22	23	24	25	28	29	
0	1	2	3	4	5	6	7	9	10	11	12	13	15	18	19	20	21	22	24	26	27	28	29	
1	3	4	5	6	7	8	9	10	12	13	14	15	16	17	18	19	20	23	24	26	28	29	
0	1	2	3	4	5	7	8	9	10	12	14	15	17	19	21	22	23	24	25	26	29	
0	1	2	4	5	7	8	10	11	12	13	14	15	17	19	20	21	23	24	25	26	29	
0	2	3	4	5	6	7	8	9	10	11	12	13	15	16	17	19	20	21	23	25	28	29	
0	1	2	3	4	6	7	10	11	12	13	14	15	18	20	21	22	23	24	25	26	27	28	29	
0	2	3	4	5	7	8	10	11	12	13	14	16	17	18	19	20	22	23	25	26	27	28	
0	1	2	3	4	5	6	7	8	10	12	13	14	15	16	17	18	22	23	24	27	28	29	
0	3	4	5	6	7	8	9	10	11	12	13	14	15	16	18	20	23	24	25	26	27	28	29	
0	2	3	4	5	6	7	9	10	11	13	14	15	16	19	20	21	22	23	25	26	27	28	
0	2	3	5	6	7	8	9	10	11	12	13	14	16	18	20	21	22	23	24	25	26	28	
0	1	3	4	5	6	7	8	10	11	12	13	16	18	19	21	22	24	26	27	28	29	
0	2	3	4	6	7	8	9	10	11	12	13	16	17	18	19	22	23	24	25	26	27	28	
1	2	3	4	5	7	8	9	10	11	12	13	14	16	17	18	19	20	21	22	24	25	26	27	
0	2	3	5	6	7	8	11	12	13	14	15	16	17	18	19	20	21	23	24	26	28	
1	3	5	6	7	8	9	10	11	12	13	14	15	16	17	19	20	21	23	25	26	27	28	
0	1	2	3	4	5	7	8	9	10	11	12	13	14	15	16	17	18	19	23	24	27	28	
0	1	2	7	8	9	11	12	13	14	16	17	18	19	20	21	22	23	24	26	27	28	29	
0	1	2	3	4	5	6	7	11	12	13	14	16	18	19	20	21	22	24	25	26	27	29	
1	2	3	4	5	6	7	8	9	10	11	13	15	16	17	19	23	24	25	27	28	29	
0	1	3	4	5	6	7	8	10	12	13	14	15	16	18	19	21	23	24	25	26	27	28	29	
0	1	3	4	5	6	7	8	9	10	13	14	15	16	18	19	20	21	22	24	26	28	29	
0	1	2	3	4	5	6	7	11	12	13	14	15	18	19	20	21	22	23	26	27	28	29	
0	1	3	4	5	6	7	8	9	10	11	12	13	14	15	16	17	19	20	23	24	25	26	28	
0	1	2	3	4	5	6	9	10	11	12	14	16	18	19	20	22	23	24	26	28	29	
2	3	4	5	7	8	9	10	12	13	14	15	16	17	18	19	20	21	22	23	24	25	27	29	
0	1	3	4	5	6	9	10	12	13	15	16	17	18	20	21	22	24	25	27	28	29	
0	1	2	3	4	6	8	9	10	11	12	15	16	17	18	19	20	22	23	25	26	27	28	29	
1	2	3	4	7	8	9	10	11	12	13	14	15	18	19	21	23	24	26	27	28	29	
1	2	3	5	6	7	8	10	11	12	15	16	17	18	20	21	22	23	24	25	27	28	
1	3	5	6	7	8	9	10	13	14	16	17	19	20	21	23	24	26	27	28	29	
0	2	3	4	5	6	7	10	12	13	14	15	16	17	18	19	22	23	24	25	26	27	29	
2	3	4	5	6	7	8	9	10	11	13	14	19	20	21	22	24	25	26	27	28	29	
0	1	2	3	4	6	9	10	11	12	13	15	17	18	19	20	21	22	24	25	26	27	28	
0	1	2	4	5	6	7	8	9	10	11	12	14	15	17	18	22	23	24	25	26	27	28	29	
1	3	4	5	6	7	9	10	11	13	14	15	16	17	20	21	22	23	24	25	26	27	28	29	
1	3	4	6	7	8	9	10	11	12	13	14	15	16	18	21	22	23	25	26	27	29	
0	1	2	3	4	5	8	11	13	14	15	16	17	19	21	22	23	24	25	27	28	29	
0	1	2	4	5	7	8	10	11	12	14	15	16	18	19	20	23	24	26	27	28	
0	1	2	3	4	5	6	7	8	9	10	12	13	14	15	16	17	20	21	23	26	27	28	29	
0	2	3	7	8	9	10	13	14	15	16	17	20	21	22	23	24	25	26	27	29	
0	1	2	3	6	7	8	9	10	11	12	15	17	18	19	20	21	22	23	24	25	26	28	29	
0	1	2	3	5	7	10	11	12	13	14	16	17	18	20	21	22	23	24	25	28	
0	2	3	4	5	6	7	10	14	15	16	17	18	19	20	21	22	24	25	26	27	29	
1	2	3	4	5	6	7	9	10	11	12	14	15	16	17	18	19	21	23	24	25	26	27	29	
0	2	3	5	6	7	8	10	11	12	13	14	15	16	17	19	20	21	22	23	24	25	26	29	
1	4	6	7	9	10	11	12	13	14	15	16	17	18	19	20	21	22	23	24	25	26	28	29	
1	2	4	6	7	8	9	10	12	14	15	16	17	18	21	22	24	26	27	28	29	
0	4	5	7	8	11	12	13	14	15	16	17	18	20	21	22	23	24	25	26	27	29	
0	2	3	5	6	7	9	10	11	12	13	16	17	18	20	21	23	24	26	27	28	29	
1	2	3	4	5	7	8	9	10	13	16	17	18	19	20	21	22	23	24	27	28	29	
0	1	2	3	4	5	6	7	9	10	11	12	13	14	16	19	20	22	23	24	25	27	28	29	
0	1	3	4	5	6	7	9	10	11	12	13	14	16	17	18	19	20	21	22	24	27	28	29	
0	1	2	4	5	6	7	8	11	12	13	14	15	16	18	19	20	21	22	23	25	26	27	28	
0	1	2	4	5	6	7	8	9	10	11	12	13	15	17	18	22	23	25	26	27	28	29	
1	2	4	7	8	9	10	11	12	13	14	16	18	19	20	21	22	23	24	25	26	27	29	
0	1	2	4	6	7	9	10	12	13	14	15	16	17	18	19	20	21	22	23	24	25	26	27	
0	1	2	4	6	7	8	9	10	12	13	14	15	16	17	18	19	21	22	23	24	25	27	29	
1	3	4	5	6	8	9	10	13	14	15	16	17	18	20	22	23	24	25	26	28	29	
0	1	2	3	6	8	9	10	11	12	13	15	16	17	18	19	20	22	23	25	26	27	28	29	
0	1	2	4	5	6	7	8	9	12	13	14	15	16	18	20	22	23	24	25	26	28	29	
0	2	3	4	7	10	11	12	13	14	16	17	18	19	20	21	23	24	25	27	28	29	
0	2	4	5	7	8	9	10	11	12	13	14	15	16	18	19	20	21	22	23	24	25	27	28	
1	4	6	8	9	10	12	13	14	15	16	17	18	19	20	21	22	24	25	26	27	28	
0	3	4	5	6	7	9	10	12	13	14	17	18	20	21	22	23	24	25	26	28	29	
0	1	3	4	6	7	8	9	10	12	13	14	15	16	17	18	19	23	25	26	27	28	
0	2	3	4	5	6	7	10	11	12	13	14	16	18	20	21	22	24	25	26	27	28	29	
0	3	4	6	7	9	11	13	15	16	17	18	19	20	21	22	23	24	26	27	28	29	
0	1	2	3	4	5	6	7	8	9	11	14	15	16	17	19	22	23	24	25	27	28	29	
1	2	3	4	5	6	8	9	10	11	12	13	14	15	16	17	19	22	24	26	28	29	
0	2	3	4	8	9	10	11	12	13	14	15	17	19	20	22	23	24	25	26	27	28	29	
0	1	2	3	4	5	7	10	11	12	15	16	17	18	19	20	21	22	23	24	26	27	28	29	
1	2	4	5	6	7	8	10	11	12	13	14	15	16	17	18	19	20	21	22	23	25	26	27	
0	1	3	4	6	7	9	10	11	12	13	15	16	18	21	22	23	24	25	26	27	29	
0	3	4	5	6	7	9	10	11	12	14	15	17	18	19	22	23	24	26	28	29	
0	1	4	5	6	7	8	10	11	13	14	15	17	18	19	20	21	23	24	25	26	27	28	29	
0	1	3	4	5	6	9	11	12	13	14	15	16	17	18	19	21	22	24	25	26	27	28	29	
0	1	2	3	4	5	6	7	8	9	10	12	13	14	15	16	17	18	19	21	24	25	26	27	
0	1	2	3	4	5	6	7	8	9	10	11	13	15	16	17	19	20	21	22	23	24	25	27	
1	2	3	4	6	8	9	10	11	12	13	14	16	18	19	20	21	22	23	24	26	28	29	
2	4	5	6	8	9	10	11	12	14	16	19	20	21	22	23	24	25	26	27	28	29	
0	1	3	4	5	6	7	8	9	10	11	12	13	14	17	18	19	20	21	23	25	26	27	
0	1	2	4	5	7	8	10	11	12	13	14	15	16	17	18	19	20	21	23	24	26	27	28	
0	1	3	6	7	8	10	11	12	13	16	17	18	19	20	21	22	23	24	25	27	28	29	
0	3	4	6	7	8	9	10	11	13	14	15	16	17	18	19	20	22	23	24	26	27	28	29	
1	2	3	4	5	6	7	8	9	10	11	12	13	14	15	17	18	22	23	24	25	26	27	
1	2	5	6	7	8	9	11	12	13	15	16	17	18	20	21	23	24	25	26	27	28	29	
0	1	2	5	6	7	8	9	10	15	16	17	18	20	21	22	23	24	25	27	28	29	
0	1	4	5	6	7	8	9	10	11	14	15	17	19	20	21	22	23	24	25	27	28	29	
1	2	3	5	6	7	8	10	11	12	13	14	15	16	17	20	21	22	23	25	28	29	
1	2	4	5	7	9	10	11	12	13	14	15	16	18	20	21	22	23	24	25	26	28	
0	1	2	3	4	5	6	7	8	10	12	16	19	20	21	22	23	24	25	26	28	29	
0	2	3	4	5	6	7	8	9	11	12	13	15	16	19	20	23	25	26	27	28	29	
0	3	4	6	7	8	9	10	11	12	13	14	15	16	17	18	20	21	22	25	26	27	28	29	
1	3	4	5	6	7	9	10	13	14	15	16	17	18	20	21	22	23	24	25	26	27	28	29	
0	1	2	3	4	6	7	9	12	13	14	16	17	18	19	21	23	24	26	27	28	
0	1	2	3	5	7	8	9	10	11	12	15	16	18	19	20	21	22	23	24	26	27	28	29	
1	2	3	5	7	9	10	13	14	15	17	18	19	20	21	22	24	25	26	27	29	
0	1	2	3	4	5	6	7	8	9	10	12	14	15	16	18	19	20	21	22	23	25	27	
0	1	2	3	4	5	8	9	12	13	14	15	16	17	18	20	21	24	25	26	28	
0	2	3	4	7	8	10	11	12	13	14	17	18	20	22	23	24	26	27	28	29	
0	2	6	8	9	10	11	12	13	14	15	16	17	18	19	20	21	22	23	24	25	26	29	
1	2	3	4	5	6	8	9	10	11	14	16	17	18	21	22	23	24	25	26	27	28	
0	1	2	3	4	5	8	9	10	12	14	16	17	18	20	21	22	24	25	26	29	
0	1	2	3	4	5	7	8	12	13	14	16	17	18	19	20	21	22	23	26	27	29	
0	1	3	4	8	9	10	11	12	13	15	16	17	20	21	22	23	25	27	28	29	
0	2	3	5	6	8	9	10	11	12	13	15	16	17	18	20	21	22	23	24	26	27	28	29	
0	1	3	5	6	7	8	10	11	12	13	14	15	16	18	19	20	24	25	26	27	28	29	
0	1	2	3	4	5	6	7	8	9	10	12	13	16	17	19	20	22	23	26	29	
1	2	5	6	7	9	10	11	12	13	14	15	17	18	19	20	21	22	23	24	25	26	27	28	
1	2	3	5	6	7	8	9	10	11	14	15	16	17	19	21	22	23	25	26	27	28	29	
0	1	3	4	5	7	8	9	10	11	12	14	16	20	21	22	23	24	25	26	27	28	29	
0	1	2	3	5	6	8	10	13	14	15	17	18	19	20	21	22	23	24	25	27	29	
0	1	4	5	6	7	9	10	11	12	13	14	15	16	17	18	20	23	24	25	26	27	28	29	
0	1	2	4	5	7	8	9	10	11	12	15	17	18	19	21	22	23	24	25	26	27	28	29	
0	1	2	3	5	6	7	8	9	11	14	15	17	18	19	20	22	24	25	26	27	28	
0	1	2	4	6	9	10	11	12	13	15	16	17	19	20	23	24	25	26	28	29	
2	4	5	6	7	8	9	10	12	13	14	15	16	17	19	20	22	23	24	25	26	28	
0	1	2	4	8	9	10	11	12	13	14	15	16	18	19	20	21	22	23	25	26	28	29	
2	3	5	6	7	10	11	12	13	14	15	17	18	19	20	22	23	25	27	28	29	
0	1	2	3	4	6	7	8	11	13	15	16	17	19	21	23	24	25	26	28	29	
1	2	3	4	5	7	9	10	11	13	15	16	18	19	20	21	22	23	24	25	26	27	28	29	
0	1	3	4	5	6	7	8	9	11	12	15	16	17	19	20	21	22	23	25	26	27	28	29	
1	4	5	6	7	9	10	11	12	16	17	18	19	21	22	23	24	25	26	27	28	29	
1	2	7	8	9	10	12	13	14	15	16	17	18	19	20	21	22	23	24	25	26	27	
1	2	4	5	6	7	8	9	10	12	13	16	17	18	19	20	23	25	26	27	28	
0	1	2	3	5	7	8	10	11	12	13	14	16	17	19	20	22	23	24	25	26	27	28	
0	2	3	4	5	6	7	8	9	10	11	12	13	14	16	17	20	21	23	24	25	26	28	29	
0	1	2	3	4	8	9	10	12	13	14	15	16	17	19	20	21	22	23	24	25	26	28	29	
0	1	2	3	4	5	6	8	9	10	11	12	13	14	15	16	17	18	19	22	23	27	29	
1	2	3	4	6	7	8	9	12	13	14	15	16	17	18	19	20	21	23	27	28	
1	2	3	4	6	7	9	10	11	12	14	15	16	17	18	20	22	24	25	26	28	29	
0	2	4	5	6	8	9	10	12	14	15	16	17	18	19	22	23	25	26	28	29	
0	2	3	4	5	6	7	8	9	10	12	15	18	19	20	21	22	24	25	27	28	29	
0	1	3	4	5	6	7	8	9	11	12	13	14	15	19	21	22	23	24	26	27	28	
0	1	2	4	6	8	9	11	12	13	14	15	16	17	19	20	23	24	25	26	27	28	29	
0	1	2	5	6	7	8	10	11	12	13	15	16	17	18	19	22	23	24	25	26	27	29	
0	2	3	4	5	6	8	9	10	12	13	14	15	16	17	19	21	22	23	24	25	26	27	
0	1	2	5	6	7	8	10	11	13	14	15	16	17	18	19	21	24	25	26	28	29	
0	1	2	5	6	7	8	9	10	11	13	14	15	16	17	18	19	21	22	23	24	25	26	29	
0	1	4	6	7	8	9	12	13	14	15	16	17	18	20	22	23	24	25	26	29	
1	2	3	6	7	8	9	12	13	14	16	17	18	19	20	21	22	24	25	26	28	29	
0	1	2	4	5	6	8	9	10	11	12	13	14	15	16	17	18	19	21	22	24	27	28	
0	1	2	4	6	7	8	9	10	11	12	13	16	17	18	20	23	24	25	26	27	28	29	
0	1	2	3	4	5	6	7	8	10	11	13	15	17	18	19	20	22	23	24	26	28	
0	3	4	5	6	7	8	9	10	11	12	14	15	16	17	18	19	20	21	22	24	25	26	28	
0	1	2	3	5	6	7	9	10	11	14	15	16	17	18	19	20	21	22	23	24	26	27	29	
1	2	3	4	5	6	8	9	10	12	14	15	16	17	18	20	21	22	23	26	27	28	29	
0	2	3	5	6	7	8	9	11	12	13	15	16	17	18	19	20	21	23	24	25	26	28	
0	1	2	3	4	6	7	8	9	11	13	14	15	16	17	18	19	22	24	25	26	27	28	29	
2	3	4	5	7	8	9	10	11	12	13	14	16	18	20	21	22	23	25	26	27	28	29	
0	2	3	4	5	6	8	10	13	14	16	17	18	19	21	22	23	24	26	28	29	
0	1	3	4	5	6	8	9	10	11	12	13	15	19	20	21	22	23	26	28	29	
0	2	7	8	9	11	13	14	15	16	17	18	20	21	22	23	24	25	26	27	28	29	
1	2	3	4	5	7	8	9	10	11	12	14	15	16	18	19	21	22	23	24	26	27	28	29	
0	1	5	6	7	8	10	11	13	15	16	17	19	22	23	24	25	26	27	28	29	
0	1	3	4	5	6	7	9	11	13	14	15	16	17	19	20	21	22	23	24	25	27	28	
0	2	3	4	5	6	9	10	11	12	13	15	16	17	18	19	20	21	23	24	27	28	29	
1	2	3	6	7	8	9	10	12	13	15	16	17	18	19	20	23	25	26	27	28	
0	1	2	3	4	8	9	10	13	16	17	18	20	21	22	23	25	26	27	28	29	
0	1	2	3	4	5	6	7	8	9	11	12	14	15	16	17	20	21	22	24	27	28	29	
1	2	3	4	5	6	7	9	10	11	12	13	14	15	16	19	20	21	22	23	25	26	27	28	
0	1	2	3	4	5	7	8	9	10	11	12	13	14	15	16	17	18	21	23	24	25	28	29	
0	1	2	3	4	5	6	7	9	11	13	14	15	16	17	18	20	21	23	25	26	27	28	29	
0	1	2	4	5	7	8	9	10	11	12	13	14	15	17	18	20	22	24	25	26	27	28	29	
0	1	2	4	5	6	8	9	10	11	12	13	14	15	16	20	22	23	24	26	27	28	29	
0	1	2	3	4	5	6	8	9	11	12	13	14	15	17	18	20	21	26	27	28	
1	2	3	4	5	7	8	9	10	11	13	14	15	16	18	19	21	23	24	25	26	27	28	
0	1	2	8	9	10	11	12	13	14	15	16	17	18	19	20	21	22	23	27	28	29	
0	1	2	3	4	5	6	7	8	11	12	13	14	15	16	18	19	20	22	26	27	28	29	
0	1	2	3	5	6	7	9	10	11	13	16	17	18	19	20	23	24	25	26	27	28	29	
2	3	4	6	7	9	10	12	14	15	16	17	18	19	20	21	23	25	26	27	28	29	
0	2	3	5	6	7	8	9	10	14	15	16	17	19	20	21	22	23	24	25	27	28	29	
0	3	5	6	7	8	9	10	12	13	15	17	18	19	21	22	24	25	26	27	28	29	
0	1	2	3	4	5	6	7	8	10	11	12	13	14	15	16	17	18	23	24	25	26	28	
0	1	2	3	4	6	8	10	11	13	14	15	16	17	18	19	20	21	23	26	27	
2	3	4	7	8	10	11	12	13	14	15	17	18	20	22	23	24	25	26	27	28	
0	1	2	3	5	7	9	11	13	14	15	16	17	19	20	21	24	25	26	27	28	
0	2	3	5	6	8	9	10	11	12	13	14	15	16	17	19	20	22	24	25	26	27	28	
0	1	2	3	4	6	7	8	9	10	12	13	15	16	17	18	19	21	23	24	25	27	28	
0	1	3	5	6	7	9	10	11	12	13	14	15	16	19	20	21	22	23	25	26	27	28	29	
3	4	5	8	9	10	11	12	14	15	16	17	18	19	20	21	22	23	26	27	28	29	
0	1	2	3	8	9	10	11	12	13	14	15	16	17	18	19	21	22	24	25	28	
2	3	4	5	6	8	9	11	13	15	16	17	18	19	21	22	24	25	27	28	29	
0	1	2	3	4	7	9	12	14	15	16	17	18	19	21	23	24	25	27	28	29	
0	2	4	5	8	9	10	12	14	15	16	18	19	21	22	23	24	25	26	27	28	
0	1	2	3	4	6	7	9	10	11	12	13	15	17	20	21	22	23	24	25	26	28	29	
0	3	4	5	6	7	10	11	13	14	15	16	18	19	21	22	24	26	27	28	29	
0	1	2	3	5	6	7	8	9	10	12	13	14	15	17	18	19	20	21	25	26	
1	2	3	5	6	7	8	9	10	11	14	15	16	18	19	20	21	23	24	25	26	27	29	
0	1	2	3	4	5	6	7	9	11	14	15	16	17	18	19	20	21	23	26	27	28	29	
0	2	3	4	6	7	8	11	13	14	15	16	17	18	19	20	21	22	23	25	27	28	
0	1	2	3	4	5	6	7	8	9	10	12	13	14	15	16	17	19	20	22	23	25	26	27	
0	4	5	6	7	8	9	10	11	13	14	15	17	18	19	20	22	23	24	25	28	29	
0	2	4	5	6	7	9	10	11	13	15	16	20	22	23	24	25	26	27	28	29	
0	1	2	3	4	5	7	8	9	10	11	12	13	14	15	16	17	19	22	24	27	29	
2	4	6	7	8	10	11	12	13	16	17	18	19	20	21	23	25	26	27	28	29	
1	2	3	4	6	7	9	10	11	12	13	16	17	18	20	21	22	24	25	26	27	28	29	
0	1	2	3	5	6	8	10	11	15	16	17	18	19	21	23	24	25	26	27	29	
0	1	3	4	6	7	8	9	11	12	13	16	17	18	20	21	22	23	24	27	28	29	
0	1	2	3	4	5	7	8	9	10	11	14	15	18	21	23	24	25	26	27	28	29	
0	3	5	6	8	9	10	11	12	13	15	16	17	18	20	21	22	26	27	28	29	
0	1	2	3	4	5	6	7	9	10	11	13	14	15	16	17	20	22	23	24	25	27	28	29	
0	1	2	4	6	8	9	10	13	14	15	16	17	18	19	20	21	22	23	24	26	27	28	29	
0	1	2	3	4	5	7	10	11	12	13	14	15	17	18	19	20	21	22	23	24	25	28	29	
2	4	5	6	7	9	10	11	13	14	15	16	17	18	19	20	23	26	27	28	29	
0	1	2	4	5	6	7	9	12	13	14	15	17	18	19	20	21	22	23	24	25	26	28	29	
1	2	3	5	8	9	10	11	13	14	15	16	17	18	19	21	22	23	24	28	29	
0	1	2	3	11	12	13	14	15	16	17	18	19	20	21	22	23	25	26	27	28	29	
0	1	2	3	4	5	6	7	9	13	14	15	16	17	18	20	21	22	23	24	25	27	29	
3	7	8	9	10	11	12	15	16	17	18	19	20	21	22	23	25	26	27	28	29	
0	1	3	4	5	6	9	10	11	12	13	15	17	19	20	21	22	23	24	25	27	28	29	
0	1	5	7	8	10	11	12	13	14	17	19	20	21	22	23	24	25	26	27	28	
0	1	2	4	5	6	7	8	9	10	11	12	13	14	16	17	18	20	21	22	24	25	28	29	
1	2	3	4	5	6	7	8	9	10	12	13	14	15	16	17	18	19	21	22	24	25	26	28	
0	1	2	3	4	6	7	9	11	12	13	14	15	16	17	19	20	22	23	26	27	28	29	
0	1	2	3	4	5	6	7	8	9	10	11	12	14	15	16	18	19	21	22	23	25	28	29	
3	4	6	7	8	10	12	13	14	15	16	17	18	19	20	21	22	23	24	25	26	28	29	
3	5	6	7	8	9	10	11	12	13	14	16	17	18	19	20	21	22	24	25	26	28	
0	1	2	3	4	5	7	8	9	11	12	13	14	15	16	17	18	20	22	24	27	28	29	
1	3	4	5	6	7	8	9	11	12	14	15	16	17	18	19	20	21	23	25	26	27	28	29	
0	2	3	5	6	7	8	9	11	12	13	14	15	17	18	19	20	23	24	26	27	28	
0	1	2	3	4	5	7	9	12	13	14	16	17	18	19	20	21	25	26	28	29	
0	2	3	5	7	8	9	10	11	12	13	14	15	16	18	19	20	21	22	23	24	25	29	
1	3	4	5	6	8	9	10	12	14	15	16	17	18	19	20	21	22	25	26	27	28	
0	2	4	5	6	7	9	10	13	14	16	19	20	21	23	24	25	26	27	28	29	
0	1	2	5	7	8	9	10	11	12	13	15	18	20	21	22	23	24	25	26	27	
0	2	3	4	5	6	8	9	12	13	14	15	16	17	18	20	21	22	23	24	26	27	29	
1	2	3	4	5	6	7	8	10	11	12	15	18	19	20	21	22	23	25	26	27	28	
1	2	6	7	8	9	10	11	12	13	14	15	16	17	18	19	20	21	22	24	25	26	28	29	
0	1	2	4	6	7	8	10	11	12	14	15	16	17	18	19	21	22	23	26	28	29	
0	3	4	5	6	8	9	10	11	12	13	14	15	18	19	21	22	24	25	26	27	
1	2	3	4	5	6	7	9	10	11	13	14	15	16	17	18	19	20	21	23	24	25	26	27	
2	3	4	5	6	7	8	9	11	12	13	14	15	16	18	19	20	21	22	23	26	28	
0	2	3	4	5	6	7	8	9	11	12	13	14	15	16	17	20	21	23	24	25	27	28	
0	1	2	4	6	7	9	11	12	13	14	15	16	17	18	19	21	22	23	24	29	
0	1	2	3	4	5	6	7	9	11	12	13	14	16	17	18	19	21	24	25	26	27	28	29	
1	2	3	6	7	8	9	10	11	12	13	14	15	16	18	19	20	21	22	23	24	25	28	29	
0	1	2	3	5	7	8	9	11	12	14	15	16	17	18	19	21	22	23	24	26	27	28	
0	2	3	4	5	6	7	10	11	12	13	16	17	19	20	21	23	24	27	28	29	
1	2	3	4	5	7	8	10	14	15	16	18	19	20	21	22	23	24	25	27	28	29	
0	1	3	4	5	6	7	8	10	12	13	15	16	17	18	20	21	22	23	25	27	29	
2	3	5	7	8	9	10	11	13	14	15	17	18	19	20	21	23	24	25	26	27	28	29	
0	1	2	3	4	6	8	9	10	11	12	15	16	19	20	22	24	25	27	28	29	
0	1	3	5	6	7	8	9	10	11	12	14	16	18	19	20	21	23	24	28	29	
0	1	2	3	4	6	7	9	10	13	14	16	17	19	22	23	24	26	27	28	29	
0	4	5	7	8	9	10	11	12	13	14	15	16	17	18	19	21	22	24	25	26	27	28	29	
0	1	3	4	5	6	7	8	10	11	12	13	16	17	18	22	23	24	25	26	27	
0	1	2	3	6	8	9	10	12	13	14	15	19	20	21	22	23	24	25	26	27	28	29	
0	1	2	3	4	5	9	10	12	13	15	16	17	18	19	20	21	24	25	27	28	29	
0	2	3	5	6	7	8	9	10	11	12	13	14	15	17	18	19	20	23	25	26	27	28	29	
0	1	4	5	6	7	8	9	10	11	12	14	16	18	20	21	22	23	24	25	26	27	28	
0	2	3	5	6	7	8	9	10	11	12	14	15	16	17	18	21	22	23	24	25	26	27	29	
0	1	2	3	4	6	8	9	10	11	12	14	15	16	17	18	20	24	25	26	27	29	
0	1	4	5	6	7	10	12	13	14	15	16	17	18	19	20	21	23	27	28	29	
0	1	2	3	4	5	6	8	10	11	12	13	14	17	18	20	21	22	23	24	26	27	28	29	
0	2	3	4	5	6	7	8	9	11	13	15	16	18	20	21	22	24	25	26	27	29	
0	1	2	3	4	7	8	9	11	12	13	15	18	19	20	23	24	25	26	27	29	
0	1	3	4	5	6	7	8	10	11	12	13	14	15	17	19	20	21	23	24	25	27	28	29	
0	1	2	3	4	6	8	10	12	13	14	15	16	19	21	22	23	24	25	27	28	29	
0	1	2	3	4	5	6	7	8	9	11	13	15	16	18	19	20	21	22	23	24	26	28	29	
0	2	3	7	8	10	11	12	14	15	16	18	19	20	21	22	24	26	27	28	29	
0	1	2	3	4	5	6	8	9	11	13	14	16	17	18	19	20	22	25	26	28	29	
0	1	2	5	6	7	8	9	12	13	14	16	18	19	20	21	22	23	25	26	27	
1	2	3	4	5	6	10	11	12	13	14	15	16	17	18	19	20	22	23	25	26	27	28	29	
1	2	3	4	5	6	7	8	9	10	11	12	13	14	15	16	18	21	23	24	25	26	28	29	
0	1	4	5	6	7	9	10	11	12	13	15	16	17	19	20	21	22	23	25	26	27	29	
1	2	3	4	5	6	7	8	10	11	12	13	14	16	17	19	20	21	22	23	25	26	27	
2	3	4	5	6	7	8	9	11	12	13	15	17	18	19	20	21	24	26	27	29	
1	2	3	4	5	6	8	14	15	16	17	18	19	20	22	23	24	26	27	28	29	
0	1	2	3	4	5	6	7	8	12	13	14	15	17	18	20	21	24	25	26	27	28	29	
0	1	2	3	4	5	6	7	8	9	10	11	12	14	15	18	19	20	21	23	26	27	28	
0	1	2	4	5	6	8	10	13	14	15	16	17	18	19	20	21	22	24	25	26	27	29	
0	1	2	3	4	5	7	10	11	12	13	14	16	17	18	19	20	22	23	24	25	26	28	29	
3	4	5	7	10	11	12	14	15	17	18	19	20	21	22	23	24	25	27	28	29	
1	5	6	7	8	10	11	12	13	14	15	18	19	20	21	22	23	25	27	28	29	
0	2	3	4	5	6	7	8	9	10	11	12	14	15	16	17	18	21	22	25	26	27	29	
1	2	4	5	6	7	9	12	13	15	17	18	19	20	21	22	23	25	26	28	29	
0	1	2	3	4	7	8	9	10	11	12	14	17	18	19	20	21	24	25	26	27	28	29	
1	2	3	4	5	8	9	10	11	12	13	14	16	17	18	19	20	21	23	24	26	27	28	29	
0	1	2	3	4	5	6	7	8	10	12	13	16	17	18	21	23	25	26	27	28	29	
0	1	2	3	4	8	9	10	11	12	13	14	17	18	19	20	21	23	24	25	27	29	
0	1	3	7	9	10	11	14	15	16	17	19	20	21	22	23	24	25	26	27	28	
1	3	4	6	7	9	10	11	12	13	14	16	18	19	20	21	23	25	27	28	29	
3	4	5	6	7	8	9	10	11	13	14	15	16	17	21	22	23	24	25	26	27	28	29	
0	2	3	4	5	6	9	10	11	12	13	16	17	18	20	22	23	24	26	27	28	29	
0	1	2	3	7	9	11	12	13	14	15	16	17	18	20	21	23	24	25	26	27	
0	1	2	3	4	6	7	8	10	11	12	13	15	17	18	19	21	22	23	25	27	28	29	
0	2	3	4	5	7	10	11	13	14	15	16	17	18	20	21	22	24	25	26	27	28	29	
0	1	2	3	4	5	6	7	8	10	11	12	13	14	17	18	19	20	21	22	23	27	28	29	
0	1	2	3	5	8	10	11	12	16	17	18	19	20	23	24	25	26	27	28	29	
0	1	2	4	5	7	8	9	11	12	13	14	15	17	18	20	22	23	24	26	27	28	29	
0	1	2	3	6	7	8	9	10	11	13	14	17	19	20	21	22	23	27	28	29	
0	2	3	4	5	7	8	9	10	14	15	16	21	22	23	24	25	26	27	28	29	
0	1	2	3	4	5	6	7	8	10	11	12	13	14	17	18	21	22	23	25	26	27	29	
0	1	2	4	6	7	8	10	11	13	16	17	18	19	20	21	22	23	25	26	27	28	
0	1	2	4	5	8	9	10	12	13	15	16	17	18	20	22	23	24	25	26	27	29	
1	2	4	5	6	7	8	9	10	11	12	13	14	16	17	18	19	22	23	24	25	26	28	
1	2	3	4	5	6	7	8	9	10	11	12	13	14	16	17	18	21	23	25	26	27	28	29	
3	4	6	7	8	11	13	15	16	17	18	19	20	21	22	23	24	25	27	28	29	
2	3	4	6	7	8	11	13	14	15	16	17	19	20	21	22	23	24	25	26	28	29	
0	1	3	4	5	6	7	8	9	12	15	16	17	18	19	20	21	22	25	26	27	28	29	
0	1	2	3	4	5	6	7	8	9	10	13	17	19	20	21	22	23	24	26	27	28	29	
0	1	2	3	4	6	8	9	10	11	13	14	15	16	17	19	20	21	22	23	24	27	28	29	
0	1	2	3	4	5	6	7	8	10	11	12	13	14	15	16	18	19	21	22	24	26	27	29	
0	1	2	5	6	7	9	10	12	15	16	17	18	19	20	21	22	23	24	25	26	27	28	29	
0	2	4	5	6	7	9	10	11	12	13	14	16	17	18	19	21	22	23	24	27	28	29	
2	3	4	5	6	8	9	10	11	13	14	15	17	18	19	20	21	22	23	24	25	26	29	
1	2	3	4	5	6	7	9	10	11	12	13	15	16	18	19	20	21	22	24	25	26	28	29	
2	4	6	8	9	10	11	12	13	14	17	19	20	21	22	23	24	25	26	27	29	
0	1	2	3	4	5	6	8	9	10	12	13	14	15	16	18	20	21	22	23	24	25	26	27	
0	1	3	4	5	6	8	10	11	12	13	16	19	21	22	23	24	26	27	28	29	
0	3	6	7	8	9	10	12	14	15	16	17	18	19	20	22	23	24	25	26	27	28	29	
0	1	4	5	6	7	8	9	12	13	14	15	16	17	18	19	20	22	23	25	27	28	29	
2	3	4	5	6	7	8	9	10	11	12	13	14	15	16	18	19	20	21	22	24	27	29	
0	1	3	4	7	8	10	12	13	14	15	16	17	18	19	20	21	22	23	24	25	26	28	
0	1	2	4	6	7	8	9	11	12	13	14	15	16	18	19	20	21	22	23	25	27	28	29	
0	1	2	3	4	5	6	7	9	10	13	14	17	18	19	20	21	24	25	27	28	29	
0	2	4	5	7	9	10	11	12	14	15	17	18	19	20	21	22	23	24	26	27	28	29	
0	1	2	5	6	7	8	9	10	11	12	13	14	15	17	18	20	21	23	24	26	27	28	29	
0	1	3	4	5	6	7	10	11	12	13	14	16	18	19	20	21	22	24	25	26	27	28	29	
1	3	5	6	7	8	9	12	13	14	15	16	17	18	19	20	21	22	23	24	26	27	28	
0	1	2	3	4	5	6	7	8	11	13	15	16	17	18	20	21	22	23	24	25	28	29	
0	1	2	4	5	8	10	11	12	13	15	16	17	18	19	21	22	24	25	26	28	
0	1	2	3	6	8	9	10	11	12	14	15	16	17	18	19	21	23	25	26	27	28	29	
0	1	4	5	6	7	8	12	13	14	15	17	19	20	21	22	23	25	26	27	28	29	
0	1	2	3	4	5	7	8	9	10	11	13	14	15	16	17	20	21	22	23	24	25	28	
0	1	2	3	4	5	6	9	10	12	14	16	18	19	21	23	24	26	27	28	29	
0	1	2	3	4	5	6	8	9	10	12	14	15	16	17	18	20	21	22	23	24	27	28	
1	2	3	6	7	9	10	11	12	13	15	16	17	19	20	21	23	24	25	26	27	29	
0	1	2	3	4	5	6	8	9	10	12	13	14	15	17	18	20	21	23	26	27	28	
0	1	2	3	4	5	6	7	8	10	11	12	13	14	15	16	19	20	21	22	23	24	25	27	
1	2	3	4	6	7	8	10	11	12	13	14	15	16	17	18	19	22	23	25	26	28	29	
0	1	2	3	5	6	9	10	11	12	14	15	16	20	21	23	25	26	27	28	29	
0	1	2	3	5	7	9	10	11	12	13	14	16	17	18	19	20	23	25	26	29	
0	1	2	3	4	5	8	9	10	11	12	14	19	20	21	22	23	24	25	27	29	
1	2	4	5	6	7	9	11	12	14	16	17	18	19	20	21	24	25	27	28	29	
1	2	3	4	5	7	8	9	11	12	13	15	16	17	18	19	20	21	22	23	24	28	
1	3	4	5	6	9	10	12	14	15	17	18	19	21	22	23	25	26	27	28	29	
0	1	2	4	6	7	8	10	11	12	13	14	15	16	17	20	21	22	23	25	27	28	29	
0	1	2	3	5	6	7	8	9	10	11	12	15	16	17	21	23	25	26	27	28	29	
1	2	6	7	8	9	11	12	14	15	16	17	18	19	20	22	23	25	26	27	28	29	
0	1	2	3	4	6	7	9	10	11	12	13	14	15	20	23	24	25	27	28	29	
0	2	3	4	5	6	7	8	10	11	12	13	14	16	19	20	21	22	23	26	27	28	29	
1	2	3	4	6	7	8	9	10	11	12	13	14	15	17	20	21	23	24	27	28	29	
0	2	4	5	7	8	9	10	11	12	13	14	15	16	17	18	19	21	22	23	25	26	28	29	
0	2	4	5	6	7	9	10	11	12	13	14	15	16	17	19	20	22	24	25	26	27	28	29	
0	2	3	4	6	7	10	11	13	15	17	18	19	20	21	23	24	25	27	28	29	
3	4	6	8	9	10	11	13	14	15	16	17	18	19	20	21	23	24	25	26	27	28	29	
0	1	2	3	4	5	6	8	11	13	14	15	16	17	18	20	21	22	23	24	26	28	29	
0	1	2	3	4	6	8	9	10	14	16	17	19	20	21	22	23	24	25	26	27	28	29	
0	1	3	4	5	6	7	9	10	11	12	13	14	15	18	19	20	21	25	26	27	28	
0	1	2	3	4	5	6	8	11	14	15	16	17	20	21	22	23	24	26	28	29	
0	1	2	3	4	7	10	11	13	15	16	17	18	19	22	23	24	25	26	28	29	
1	2	3	4	5	6	7	8	10	13	14	15	16	19	21	22	23	24	26	27	28	29	
0	1	2	3	4	5	6	7	8	9	10	11	12	13	14	15	17	19	20	25	26	
0	1	2	3	4	5	6	7	8	11	13	15	16	17	18	19	20	22	25	26	27	28	29	
0	1	2	3	5	6	7	8	9	11	12	14	15	16	17	18	20	21	22	23	24	25	27	28	
4	5	6	7	8	9	11	13	14	15	17	18	19	20	21	22	23	24	25	26	27	28	29	
0	1	2	3	4	5	6	7	9	11	12	13	17	18	19	20	21	23	24	25	26	29	
0	2	3	4	5	6	7	9	10	11	13	14	15	16	20	22	24	25	26	27	28	
1	4	5	6	7	8	9	10	11	12	13	14	15	18	19	23	25	26	27	28	29	
0	1	3	4	5	7	8	9	10	11	12	13	14	15	16	17	18	19	20	22	25	26	27	28	
0	2	3	4	5	6	9	10	11	13	14	15	16	17	19	20	23	25	26	27	28	29	
0	1	2	3	4	9	10	11	12	13	15	16	17	18	19	20	21	22	23	24	25	26	27	28	
0	1	2	5	6	7	8	10	11	13	14	15	16	17	18	19	21	22	23	25	26	27	28	29	
1	2	3	6	7	10	12	13	14	15	16	18	19	20	21	22	23	24	25	28	29	
0	1	2	3	5	6	8	11	12	14	16	17	18	20	22	23	24	25	27	28	29	
0	4	5	7	8	10	13	14	15	17	18	20	21	22	23	24	25	26	27	28	29	
1	2	3	4	6	7	8	9	11	12	13	14	15	17	18	19	21	24	25	26	27	29	
0	1	2	4	5	6	7	8	9	12	13	16	17	19	20	21	24	26	27	28	29	
0	2	4	5	6	7	8	9	10	11	13	14	15	17	18	19	20	21	22	25	26	28	29	
0	1	2	4	5	6	8	9	11	12	13	15	16	17	18	21	22	23	24	25	27	28	
0	1	2	3	4	5	6	7	8	10	11	14	15	17	19	22	24	25	26	27	28	29	
0	1	2	3	4	6	7	8	10	12	13	14	17	18	19	20	22	24	25	26	27	29	
0	1	2	3	5	6	7	8	10	12	15	16	17	18	19	20	21	23	24	25	26	28	
0	1	5	6	7	8	9	10	11	12	13	14	15	18	19	21	22	23	24	25	26	27	28	29	
0	1	2	4	6	7	8	9	10	11	12	14	15	16	18	20	21	22	24	25	26	27	28	
0	1	2	4	5	6	7	9	10	11	12	13	14	15	17	18	20	21	23	24	25	26	28	29	
1	2	3	5	6	7	9	10	11	12	13	14	17	18	20	21	22	23	24	25	26	27	28	29	
0	1	2	5	6	7	8	9	10	12	13	14	15	16	17	18	21	22	24	25	26	27	28	
1	2	4	5	7	8	9	10	12	13	14	15	17	18	19	20	21	22	23	25	27	28	29	
0	1	2	3	4	5	6	7	9	10	11	13	15	16	17	19	20	21	24	25	26	27	28	29	
0	1	2	4	6	7	8	10	12	13	14	15	16	17	18	19	20	22	23	24	26	28	29	
0	1	2	3	4	5	6	7	8	10	11	13	14	15	16	17	19	20	21	24	25	26	28	29	
0	1	2	3	5	6	7	8	10	12	13	16	17	20	21	22	23	25	26	27	29	
0	1	3	4	5	6	7	8	9	11	12	13	14	16	17	18	19	20	21	22	23	24	26	
1	3	4	5	7	8	10	11	13	14	15	16	17	18	19	20	21	22	23	24	25	27	29	
1	2	3	4	5	6	7	8	9	11	12	13	14	17	18	19	22	23	25	26	27	29	
0	2	3	5	7	8	10	12	14	15	16	18	19	20	21	22	23	24	25	26	27	28	29	
0	1	2	4	5	6	8	10	11	12	13	14	15	16	17	18	19	22	23	24	25	27	29	
0	1	3	4	5	6	7	10	11	14	15	17	18	19	20	21	24	25	26	27	28	29	
0	1	2	3	4	5	7	8	10	11	13	14	15	16	17	19	20	22	27	28	29	
1	2	3	4	5	6	7	8	10	11	13	14	15	16	19	20	21	22	23	24	25	26	27	28	
0	2	3	4	5	6	9	13	14	15	16	17	19	20	21	22	23	24	25	26	27	28	29	
0	1	2	3	4	7	8	10	11	12	13	14	15	16	17	18	21	23	24	25	27	28	29	
0	1	4	5	6	7	8	10	13	14	15	16	17	18	19	20	21	22	23	24	25	26	29	
1	2	3	5	8	9	10	11	12	13	14	15	16	17	18	20	23	24	25	27	28	
1	3	4	5	6	8	9	10	11	13	14	16	18	19	21	22	24	25	26	27	29	
0	1	2	4	5	6	7	10	11	12	13	14	16	17	19	20	21	22	23	24	25	26	28	29	
0	2	3	4	7	8	10	12	14	15	17	18	19	20	21	22	23	24	25	26	27	29	
0	1	2	3	5	6	7	8	9	10	13	14	15	16	17	18	19	22	23	24	26	27	28	29	
0	1	2	3	5	6	8	9	11	12	13	14	15	18	19	20	22	23	24	25	27	28	29	
0	1	2	3	4	5	6	7	8	10	11	13	14	15	16	17	18	20	22	27	28	29	
0	1	2	3	4	6	7	8	10	12	13	14	17	18	20	22	23	24	25	26	27	28	29	
1	2	4	5	6	7	9	10	11	13	16	17	19	20	21	22	23	24	25	26	27	28	29	
0	1	4	6	7	8	9	10	13	16	18	19	20	21	22	23	24	25	26	27	28	29	
0	1	2	3	4	5	8	9	10	11	12	15	16	17	18	19	20	23	24	25	26	27	29	
0	3	4	5	6	8	9	11	12	13	15	16	17	18	20	21	23	24	25	27	29	
0	1	2	3	4	5	6	7	9	10	11	12	13	14	15	16	17	19	21	23	24	27	28	
2	4	5	6	7	8	9	10	11	13	14	16	17	18	20	21	22	23	24	25	28	29	
0	1	2	3	4	5	6	7	8	9	10	11	12	15	16	17	20	21	22	23	24	25	26	29	
0	2	3	4	5	7	8	9	10	11	13	14	16	20	21	23	24	25	26	27	28	29	
0	3	4	5	6	7	8	9	10	11	12	13	14	15	18	19	20	21	23	24	25	27	28	29	
3	4	5	6	8	11	13	14	15	17	18	19	20	21	22	23	24	25	26	27	28	
0	1	3	6	7	8	10	11	13	14	15	16	17	18	19	20	21	22	24	27	28	29	
0	1	2	3	5	6	7	9	12	13	15	16	18	19	20	22	24	26	27	28	29	
0	1	4	5	7	8	9	10	11	13	14	16	17	18	19	20	21	22	23	24	25	26	27	28	
0	1	2	3	4	6	7	8	10	11	12	13	16	17	18	19	20	21	23	24	26	27	28	29	
2	3	4	5	6	8	9	10	11	12	13	14	18	19	20	23	24	25	26	27	29	
0	2	3	4	5	6	7	8	9	10	11	14	15	17	18	19	20	23	24	26	27	28	29	
0	1	2	3	4	6	7	8	9	10	11	12	13	15	16	19	20	22	24	25	26	27	28	29	
0	1	2	3	5	6	7	8	9	10	11	12	13	15	16	18	19	21	23	24	26	27	29	
0	4	5	6	7	9	10	11	13	14	15	17	19	20	21	22	23	24	25	26	27	
1	2	3	4	5	6	8	11	12	13	14	15	16	17	18	19	24	25	27	28	29	
0	3	4	5	6	8	9	10	12	13	15	18	19	20	21	22	24	25	26	27	28	29	
0	1	2	3	4	6	7	8	10	11	12	14	15	16	17	19	20	22	23	24	27	29	
1	2	3	5	7	9	10	11	12	13	14	15	16	17	18	19	20	21	23	24	25	26	27	28	
0	2	3	5	6	9	10	11	12	13	14	15	16	18	20	21	22	23	24	25	26	29	
0	1	2	3	4	5	7	8	9	10	11	12	13	14	15	17	18	19	20	21	23	25	
0	2	3	4	7	8	10	13	14	16	17	19	20	21	23	24	25	26	27	28	29	
0	1	3	4	5	6	7	8	9	13	14	15	17	18	19	20	21	23	24	25	26	28	29	
1	2	4	5	6	7	8	9	12	13	14	15	16	18	21	22	23	25	26	27	28	
0	2	3	4	5	6	7	8	9	10	11	12	16	17	18	21	22	23	24	25	26	28	29	
0	1	2	3	4	6	7	8	9	10	11	13	16	19	20	21	22	23	24	25	28	29	
0	1	2	4	5	6	7	8	9	11	12	13	15	17	20	21	22	23	24	26	27	28	
1	2	3	4	5	8	9	10	11	12	13	15	17	18	19	22	24	25	27	28	29	
0	1	2	5	8	9	10	11	12	13	14	18	20	21	22	24	25	26	27	28	29	
1	2	3	5	6	7	8	9	10	11	12	13	16	17	18	20	21	22	23	25	26	27	28	
0	1	3	4	5	7	8	9	10	12	13	14	15	16	17	18	19	20	21	22	25	26	28	29	
0	1	3	4	5	6	7	8	9	10	11	12	13	14	15	16	17	18	20	22	25	26	27	29	
0	1	2	3	4	6	7	8	9	10	12	13	14	15	19	21	22	23	24	25	27	28	29	
0	1	2	3	4	6	8	12	13	14	15	16	17	18	19	20	21	23	26	27	28	29	
0	1	2	3	4	5	6	7	9	12	13	14	16	18	19	20	23	25	26	27	28	29	
0	1	2	6	7	8	9	10	12	13	14	15	16	17	18	20	21	22	24	25	26	27	28	
0	1	2	3	4	5	6	9	11	13	14	16	18	20	22	23	24	26	27	28	29	
1	2	3	4	5	6	7	10	11	12	15	16	18	19	20	21	22	23	25	26	29	
0	1	4	5	7	8	10	11	12	13	14	16	19	20	22	23	24	25	26	27	28	
0	1	2	3	4	5	7	8	9	11	12	13	14	15	16	18	19	23	24	25	26	27	28	29	
0	2	3	4	5	7	8	9	10	11	12	13	16	17	18	19	20	23	24	26	28	29	
0	2	4	5	6	8	10	11	12	13	14	15	16	17	18	19	21	22	25	26	27	28	29	
0	2	3	7	8	9	10	11	12	13	15	16	17	18	19	20	21	22	23	25	26	27	29	
0	1	2	5	6	7	8	9	10	11	13	14	15	17	18	19	20	21	22	23	24	27	28	
0	1	2	3	5	7	8	11	12	15	16	17	18	19	20	21	23	24	25	26	27	28	29	
0	1	2	3	4	5	7	9	11	14	15	16	17	19	21	22	23	25	26	28	29	
0	1	3	4	5	6	10	12	13	14	15	16	17	18	19	20	23	24	25	26	27	28	29	
0	1	2	3	4	5	6	10	11	12	13	14	15	17	18	19	21	22	23	24	25	27	28	29	
0	1	2	3	4	5	6	7	8	12	13	15	16	19	22	23	24	25	27	28	29	
0	1	2	3	5	6	7	9	10	11	12	15	16	17	18	21	22	23	24	25	27	28	
0	3	5	6	9	10	11	12	14	15	16	17	18	20	22	24	25	26	27	28	29	
1	2	5	7	8	9	11	12	13	15	18	19	20	21	22	23	24	25	26	27	28	29	
3	4	6	8	10	11	12	13	15	16	17	18	19	20	21	23	24	25	26	27	29	
0	1	3	4	5	6	7	8	10	11	12	13	14	15	16	18	20	21	22	23	24	26	27	28	
0	1	3	4	5	6	7	8	9	10	11	12	13	14	18	19	20	21	23	24	25	27	28	29	
0	1	2	3	4	5	8	10	11	12	13	15	16	17	18	19	20	22	23	24	25	26	27	29	
0	1	3	4	7	8	9	10	11	13	14	15	17	19	20	21	22	23	24	25	27	28	
0	1	3	5	9	10	11	12	14	15	16	17	18	19	20	22	23	24	25	26	27	28	29	
0	2	3	4	5	6	9	11	12	13	14	15	17	18	19	20	21	24	25	28	29	
0	1	2	3	4	6	7	9	11	12	13	15	16	17	20	21	22	23	24	26	27	28	29	
0	1	2	3	4	6	7	8	9	11	12	15	17	18	19	20	22	23	26	27	28	
0	1	2	3	5	6	8	9	10	13	14	15	17	18	19	21	22	23	24	25	27	29	
0	2	4	5	6	7	8	9	11	12	14	16	18	20	21	22	23	24	25	27	28	29	
0	1	2	3	5	6	7	8	9	10	12	14	15	16	17	18	21	22	23	24	25	27	28	29	
0	2	3	4	6	10	11	12	14	15	16	17	18	19	20	21	23	24	26	27	29	
0	1	2	3	4	5	6	8	9	12	13	14	15	16	17	18	19	20	21	22	24	26	27	29	
0	1	2	3	4	5	7	9	10	11	12	15	16	18	19	20	21	22	23	24	25	26	28	29	
1	2	4	6	7	8	9	10	11	12	14	16	17	18	21	22	23	24	26	27	28	
0	1	2	3	4	5	6	7	8	10	13	14	15	17	19	22	23	24	25	28	29	
0	1	3	4	5	6	8	9	10	11	12	13	14	15	16	18	19	20	21	22	23	25	27	28	
0	2	5	7	8	9	11	12	14	15	16	17	18	19	20	21	22	23	25	26	27	28	
0	2	3	5	7	8	11	12	13	14	15	16	17	19	20	21	22	24	25	26	27	28	29	
0	1	2	3	6	7	8	9	10	11	12	13	14	15	16	19	21	22	23	26	28	29	
0	1	3	4	5	6	8	9	11	12	13	14	16	19	21	22	23	24	27	28	29	
2	3	4	5	6	7	8	10	11	12	13	14	15	16	17	18	19	22	23	25	26	28	
0	1	3	4	5	6	8	10	11	12	13	15	17	18	19	20	21	22	24	25	26	27	29	
1	3	5	6	7	8	9	10	11	13	14	15	16	17	20	21	23	24	26	27	28	29	
0	2	3	4	5	6	7	8	9	10	11	12	14	16	17	18	20	22	25	27	28	29	
0	2	3	4	5	7	8	9	10	11	12	13	17	18	19	20	21	22	24	25	28	29	
1	2	5	6	8	9	10	11	12	15	17	18	19	20	21	22	23	25	27	28	29	
0	1	4	5	6	7	9	10	12	13	14	15	16	17	18	19	20	21	23	24	26	27	29	
0	1	2	4	5	6	7	8	10	11	12	16	18	19	21	22	24	25	27	28	29	
0	1	3	4	5	6	7	8	9	10	13	14	15	17	18	20	22	23	24	25	26	27	28	29	
1	4	5	6	7	8	9	11	12	13	14	16	17	18	19	23	24	26	27	28	29	
0	1	2	3	4	5	6	7	8	10	12	13	14	15	16	20	22	23	24	25	26	27	28	29	
0	1	2	4	5	8	9	11	12	13	14	15	16	17	18	19	20	21	23	24	25	26	28	29	
2	3	4	5	7	8	9	10	11	12	13	15	17	19	20	22	23	25	26	27	28	29	
1	2	3	4	5	7	8	9	12	13	14	15	16	17	18	19	21	22	23	24	25	26	27	28	
0	2	3	4	5	6	7	8	9	10	11	12	14	15	16	19	20	21	23	25	26	27	28	
3	4	5	6	7	10	11	12	13	14	16	17	19	20	21	22	23	24	25	27	28	
0	1	2	3	4	5	6	7	8	9	10	11	12	14	15	16	17	18	19	25	26	27	28	29	
0	1	2	3	4	5	7	8	9	13	14	15	16	17	19	20	21	22	24	25	26	27	29	
0	1	3	4	6	8	10	11	12	13	14	15	16	17	18	19	21	22	23	24	25	26	28	29	
2	4	5	6	7	8	10	11	12	13	14	15	16	19	20	21	22	23	24	25	26	27	28	29	
0	1	3	4	6	7	8	9	11	13	14	15	16	19	21	22	23	25	27	28	29	
0	1	2	4	5	7	8	9	10	11	13	14	15	18	19	20	21	24	25	26	28	29	
0	2	3	4	6	8	9	10	11	13	16	18	19	20	22	23	24	26	27	28	29	
0	2	3	4	5	7	8	9	11	12	13	14	15	16	17	18	19	20	21	23	25	26	27	29	
0	2	3	4	6	7	8	9	11	12	13	14	15	16	17	18	19	20	23	25	26	27	29	
0	1	2	3	4	5	6	7	8	9	10	13	16	17	18	19	20	22	23	24	25	26	27	
2	3	4	8	9	10	12	13	15	16	17	18	19	20	22	23	24	26	27	28	29	
0	1	2	3	4	5	6	7	8	10	11	12	14	15	17	18	19	20	21	22	23	25	26	28	
0	1	2	4	6	7	10	12	14	15	16	17	18	20	21	22	23	24	25	26	27	28	29	
0	1	2	3	4	6	7	9	10	11	13	14	15	17	19	21	22	23	24	26	28	
0	3	4	5	6	9	10	11	12	13	14	15	18	19	20	22	23	24	26	27	29	
0	2	4	5	6	7	8	9	10	11	12	13	14	15	16	18	20	21	24	27	28	
0	1	3	4	5	6	7	8	11	13	14	15	16	17	18	19	20	22	23	24	28	29	
0	1	2	3	4	5	7	8	9	12	13	14	15	16	17	18	19	20	22	23	24	26	28	
1	2	3	4	6	7	9	10	11	12	13	14	15	18	19	20	22	24	25	26	28	29	
0	1	2	3	4	5	6	7	8	9	10	11	15	16	17	19	20	21	23	24	25	26	27	28	
0	1	3	4	5	6	7	9	11	12	14	17	18	19	21	22	23	25	26	27	28	
0	1	2	4	5	6	7	8	9	10	11	12	13	16	17	18	19	21	22	23	24	25	27	
0	2	3	5	6	7	8	9	10	12	13	15	16	17	19	22	23	24	25	26	27	
0	4	5	6	8	9	10	11	12	14	15	16	19	22	23	24	25	26	27	28	29	
1	2	3	5	6	7	8	11	12	13	14	16	17	18	19	20	21	22	23	24	27	28	29	
0	3	4	6	7	9	10	11	12	13	14	15	16	17	20	22	23	24	25	26	27	28	29	
0	2	4	5	6	8	9	10	13	14	15	17	19	20	22	23	24	25	26	28	29	
0	1	2	4	5	8	9	11	12	13	14	15	16	17	18	22	24	26	27	28	29	
0	1	2	3	4	5	7	8	9	10	11	12	14	16	17	18	19	21	22	23	25	26	28	
1	2	3	4	5	6	7	11	13	14	16	17	18	19	20	21	22	23	24	25	27	28	29	
0	1	2	3	4	5	6	7	9	11	12	13	14	15	18	19	20	22	23	25	26	27	28	29	
2	3	4	5	6	7	10	12	13	14	16	18	19	20	21	22	23	24	25	26	27	29	
0	2	3	4	5	7	8	9	10	12	13	17	18	19	20	21	23	24	25	26	27	28	29	
1	2	3	4	5	6	8	9	12	15	16	17	18	19	20	21	22	23	24	25	26	27	28	29	
0	1	2	4	5	6	7	8	9	12	13	14	15	16	17	20	21	22	23	25	26	27	28	29	
0	1	2	3	7	8	10	11	12	14	15	16	17	19	20	21	22	23	24	26	27	28	29	
1	3	4	5	6	7	9	10	13	14	15	16	19	20	21	22	23	24	25	26	27	28	29	
0	2	3	4	5	7	8	11	12	14	15	17	18	19	20	21	22	23	25	26	28	29	
0	1	2	4	6	7	8	9	10	13	14	15	16	18	19	22	23	24	25	26	27	29	
0	2	3	4	5	8	9	11	12	13	14	15	16	17	18	19	20	22	23	24	25	26	28	
1	3	4	6	8	10	11	12	13	14	15	16	17	18	19	20	22	23	24	25	27	28	29	
0	2	4	7	8	9	10	11	12	13	14	15	16	17	18	19	20	21	22	23	24	25	26	28	
0	1	2	3	4	5	6	7	8	9	10	11	13	14	15	16	17	18	19	23	24	25	27	
0	1	3	5	7	8	9	11	12	13	14	15	16	17	18	19	20	21	22	23	24	27	28	
0	2	3	4	7	8	9	10	11	12	13	15	16	17	19	20	21	22	24	26	28	
1	2	3	5	7	8	9	10	11	12	14	16	17	18	19	21	23	24	25	26	27	28	29	
0	1	2	3	5	7	8	11	12	14	16	17	18	19	20	21	22	23	24	25	26	27	28	29	
0	1	3	6	7	8	10	11	12	13	14	15	16	17	18	19	20	21	22	24	26	27	28	29	
0	1	2	4	5	6	7	9	10	12	13	14	16	17	19	21	22	23	24	26	27	28	29	
0	1	2	3	4	5	6	7	9	10	11	12	14	15	17	18	19	21	22	23	25	26	27	
1	3	5	6	7	8	9	10	11	14	15	17	18	19	21	22	23	24	26	27	29	
0	1	2	3	5	6	7	8	10	11	14	15	16	17	18	19	20	21	24	26	27	29	
0	1	2	3	4	5	8	9	10	11	12	13	14	16	17	19	20	21	22	24	25	26	28	29	
0	1	2	4	5	6	7	8	9	10	11	12	14	15	17	18	19	20	21	22	25	26	28	29	
0	1	3	4	7	8	9	10	12	13	14	15	16	17	18	19	21	22	24	25	26	27	28	29	
2	4	5	6	8	9	10	11	12	13	14	15	16	18	19	20	21	22	24	26	27	29	
1	2	3	4	5	6	7	8	9	10	12	13	15	17	18	19	21	22	23	25	26	29	
0	1	2	5	7	8	9	11	12	13	14	16	17	18	19	20	21	22	25	26	27	29	
0	1	3	5	6	8	9	10	11	12	15	16	18	20	21	22	23	24	25	26	27	28	29	
1	2	4	5	6	7	8	9	11	12	14	15	17	18	21	22	23	24	26	27	28	
0	1	2	3	4	5	6	7	8	12	13	14	15	17	18	19	20	22	23	24	25	26	27	28	
0	1	2	3	4	5	6	9	11	12	13	14	15	16	18	20	21	22	24	25	26	27	29	
0	1	2	3	4	5	7	8	10	11	12	14	15	16	17	19	20	21	22	23	24	28	
0	2	3	4	5	6	8	9	10	11	12	13	14	17	18	20	22	23	25	27	28	29	
0	1	3	4	5	6	8	9	11	12	15	17	18	20	21	23	24	25	27	28	29	
0	2	3	4	5	7	8	9	10	11	13	14	16	17	19	20	21	22	23	25	26	27	28	29	
0	2	3	6	7	8	9	11	12	13	14	15	17	19	20	21	22	23	24	25	26	27	29	
1	2	3	4	6	8	9	10	11	12	15	17	18	20	21	23	24	25	26	27	28	29	
0	1	2	3	4	5	6	7	9	11	13	15	16	17	18	19	20	21	22	24	25	26	27	28	
0	1	2	3	4	6	7	9	10	12	13	14	15	16	17	18	20	24	25	26	27	28	29	
0	1	4	6	7	8	9	10	11	12	13	14	15	16	17	18	19	21	23	24	26	27	28	29	
0	2	3	4	7	8	9	10	12	13	14	15	16	17	18	19	21	22	23	24	26	27	
0	1	2	3	4	5	6	8	10	11	12	13	14	16	17	18	19	20	22	23	25	26	28	29	
0	1	2	4	5	8	9	10	11	14	15	16	17	18	19	20	23	24	25	26	27	
0	1	2	3	6	7	8	9	10	11	13	14	15	17	19	20	21	23	25	26	27	28	29	
0	1	2	3	4	5	7	8	9	11	12	13	14	16	17	18	19	20	24	25	26	27	29	
0	3	6	7	8	9	10	11	13	15	17	18	19	20	21	22	23	24	26	27	28	29	
0	1	2	4	5	6	7	8	9	10	11	13	14	16	18	21	22	23	24	25	26	28	
0	1	3	4	5	6	8	9	10	13	14	15	16	17	18	19	20	21	22	23	24	26	27	29	
0	1	3	5	6	7	8	9	11	12	13	15	17	18	19	21	22	23	24	25	26	28	29	
0	2	3	4	5	6	8	10	14	15	16	17	18	19	22	23	24	25	26	27	28	29	
0	1	2	5	7	8	9	10	12	14	15	16	17	18	19	21	22	24	25	26	27	28	
0	1	2	3	4	6	8	9	10	12	14	15	16	17	19	22	24	25	26	27	28	
1	2	3	4	8	9	10	11	12	13	15	16	17	19	20	21	22	23	25	26	27	28	
0	1	2	3	4	5	9	10	11	12	13	14	15	16	17	20	21	22	23	25	26	27	28	
0	3	4	5	6	7	8	12	13	17	18	19	20	21	22	23	24	26	27	28	29	
0	1	2	3	4	5	10	14	15	16	17	18	19	20	21	22	24	25	26	27	28	29	
2	3	5	6	7	8	9	10	12	14	15	16	17	19	20	21	22	23	24	25	26	28	29	
0	1	2	3	5	6	7	8	9	10	11	13	14	16	17	19	20	23	24	25	26	28	29	
0	1	2	3	4	5	7	8	9	10	11	12	13	14	15	16	17	18	20	23	24	25	26	29	
0	1	3	4	5	7	8	9	10	12	13	14	15	16	18	19	20	21	24	25	26	29	
0	1	2	3	4	5	6	7	8	9	10	11	13	14	15	19	20	21	22	23	27	28	29	
1	2	3	4	5	6	7	10	11	12	13	15	16	17	18	19	20	22	23	24	25	27	28	29	
0	1	2	4	5	6	7	8	9	10	11	12	15	16	17	19	20	21	22	23	24	27	28	29	
0	2	5	6	7	8	9	10	12	14	15	16	17	18	19	20	21	22	23	24	25	26	28	
0	2	3	4	5	6	7	10	11	12	13	14	15	16	18	19	21	22	23	24	25	27	28	29	
0	2	3	4	5	6	8	9	10	11	12	13	14	15	17	19	20	21	22	23	25	26	27	
1	2	3	6	7	8	9	11	12	13	14	17	18	19	22	23	24	25	26	28	29	
0	1	2	3	4	5	6	7	8	9	10	11	12	14	17	19	20	21	23	24	25	27	28	29	
1	2	4	5	6	7	8	10	11	12	13	14	15	16	20	21	22	24	26	27	28	29	
0	2	3	4	5	6	9	10	11	12	13	14	16	19	20	21	23	24	25	26	28	
1	2	6	7	9	11	13	14	15	16	17	18	19	20	21	23	25	26	27	28	29	
1	2	4	5	6	7	8	10	11	12	15	16	17	18	19	21	23	24	25	27	28	29	
0	1	2	3	4	5	6	7	8	11	12	13	14	17	18	19	20	21	22	25	26	27	28	29	
0	3	4	5	7	8	9	10	11	12	13	15	16	17	18	19	20	21	24	25	26	27	28	29	
0	3	4	6	9	10	11	13	14	15	16	17	18	21	22	23	24	25	26	27	28	29	
0	1	2	7	8	10	11	12	13	14	15	17	18	19	21	22	23	24	25	26	27	28	29	
0	1	3	4	5	6	7	8	10	11	12	13	14	15	17	18	20	21	22	24	25	27	
0	1	2	3	4	5	6	7	8	9	10	11	13	14	15	16	18	21	22	24	25	27	28	
1	2	3	4	7	8	9	10	11	12	15	16	17	18	19	20	22	23	24	25	26	28	29	
0	2	3	4	5	7	8	9	10	11	13	14	15	16	17	18	19	21	22	24	25	27	29	
0	1	2	3	4	5	7	8	10	11	12	14	18	20	23	24	25	26	27	28	29	
0	1	5	6	7	8	9	11	13	14	15	16	18	19	20	21	22	23	24	25	26	27	28	
0	1	2	3	4	5	6	7	8	9	10	11	12	13	15	16	17	19	22	23	24	25	28	29	
0	1	4	5	6	7	8	9	10	11	12	13	14	15	16	18	19	20	21	22	23	24	28	29	
0	1	3	4	5	7	11	12	13	14	15	16	17	18	19	20	21	23	25	27	28	
0	1	2	3	4	6	7	10	11	14	15	16	17	18	19	20	24	25	26	28	29	
0	1	2	3	4	5	7	8	10	11	12	13	15	16	17	18	19	20	22	23	25	26	28	29	
0	1	2	3	4	5	6	7	8	11	14	15	16	17	19	20	22	23	24	25	26	27	28	
0	1	2	3	5	6	7	8	9	10	12	16	18	19	20	21	22	23	25	26	27	29	
0	1	2	3	4	5	6	7	8	9	11	12	13	14	15	16	17	20	21	23	25	26	27	29	
0	1	3	5	6	7	8	9	10	11	12	13	15	16	17	18	19	22	23	24	27	28	29	
0	2	3	4	5	6	7	8	9	10	11	12	13	15	16	18	19	23	24	25	26	27	28	29	
0	1	2	3	4	5	6	7	8	9	10	11	12	13	14	15	18	19	20	22	25	28	29	
0	3	7	8	9	10	11	13	14	15	17	18	19	20	21	22	23	24	25	26	27	28	
1	2	6	7	8	9	10	11	12	13	14	15	16	17	18	19	20	21	22	23	24	28	
0	1	2	4	7	8	9	10	11	12	14	15	16	17	20	21	22	25	26	27	29	
0	1	2	3	4	6	7	8	9	12	14	15	16	17	18	19	20	21	22	23	24	26	
0	1	4	5	8	9	10	11	12	14	15	16	17	19	20	21	22	24	25	26	27	29	
1	2	3	5	6	7	8	9	10	11	13	14	15	16	17	18	19	20	21	22	24	26	28	29	
0	1	2	4	5	6	7	10	11	13	14	15	16	17	20	21	22	23	24	25	27	29	
0	1	2	3	5	6	9	10	11	12	13	14	15	17	19	21	22	24	25	26	27	28	29	
0	1	2	3	5	6	7	8	9	10	12	13	14	15	17	18	19	20	23	24	25	26	27	28	
1	2	4	6	7	8	9	10	11	12	13	14	15	16	19	20	21	22	23	24	25	27	
0	1	2	4	6	7	9	11	12	13	14	15	16	17	18	20	24	25	26	27	29	
2	4	5	6	7	8	9	10	12	13	16	17	18	19	23	24	25	26	27	28	29	
0	1	2	3	4	5	7	8	9	10	11	13	14	16	17	18	20	21	23	24	25	26	28	29	
0	1	2	3	6	7	8	9	10	11	12	13	14	15	18	20	21	22	23	24	25	27	28	29	
0	1	2	4	5	7	8	9	10	11	13	14	16	19	20	21	22	23	24	26	28	29	
1	2	3	5	6	8	9	10	11	12	14	16	17	18	19	20	21	22	24	25	27	29	
0	1	4	5	6	8	9	11	12	13	14	15	16	17	18	19	22	24	27	28	29	
0	1	2	3	4	5	6	9	10	11	13	14	15	16	18	19	20	22	24	25	27	28	29	
1	2	3	4	6	9	11	12	13	14	15	16	17	18	19	21	23	24	25	27	28	29	
0	1	3	4	5	6	7	9	11	12	13	14	15	19	20	21	22	26	27	28	29	
0	1	2	3	4	5	6	8	9	10	12	13	14	15	16	17	18	19	20	23	24	26	27	28	
0	1	3	4	5	6	7	8	10	14	15	16	18	19	20	21	22	23	24	25	26	27	28	29	
0	2	3	4	5	6	9	10	11	12	13	14	15	16	17	18	20	21	23	24	25	26	28	29	
1	2	3	4	5	6	8	9	10	11	12	13	14	15	18	19	20	21	24	25	26	29	
0	1	3	4	5	6	8	11	13	14	15	16	18	19	21	22	23	24	25	27	28	29	
0	1	2	4	5	6	8	9	10	11	12	13	15	16	17	18	19	20	23	24	25	26	27	28	
0	3	5	6	7	8	10	11	12	14	15	16	17	18	19	22	24	25	26	27	29	
1	2	5	6	7	8	10	11	12	13	16	17	18	19	20	21	22	23	24	25	26	27	28	
0	1	2	3	5	6	8	9	10	11	12	14	15	16	17	19	21	22	24	25	26	27	28	29	
0	3	4	5	6	8	9	11	12	13	14	15	16	18	19	20	21	22	23	25	27	28	
0	1	2	3	5	7	8	9	12	13	14	16	18	19	20	21	23	24	25	26	27	28	29	
0	2	3	4	5	7	8	9	10	13	15	16	17	19	20	22	23	25	26	27	29	
0	1	2	3	4	5	6	7	8	9	10	12	13	14	15	16	18	21	23	24	25	26	
0	1	2	4	5	6	7	8	9	10	11	12	13	14	16	17	18	20	21	22	24	25	26	29	
0	1	3	6	7	8	11	12	13	14	15	17	18	19	20	22	23	24	26	27	28	29	
1	3	4	5	6	7	9	10	11	12	15	16	17	19	20	21	22	23	24	25	26	28	
0	1	2	4	5	7	8	9	11	13	14	15	17	18	19	21	22	23	24	25	26	27	28	29	
0	1	4	6	8	9	10	11	12	13	14	15	16	17	18	19	21	22	23	25	27	28	29	
0	2	3	5	6	9	11	12	15	16	17	18	19	20	21	22	23	24	25	26	27	28	29	
0	1	2	3	4	8	11	12	13	15	18	19	20	21	22	23	24	25	26	27	28	29	
0	1	3	4	5	7	9	10	11	12	13	16	17	18	19	20	21	22	23	24	25	26	28	29	
1	2	3	4	6	7	8	9	10	11	13	14	15	16	17	18	21	23	24	25	26	29	
1	2	3	5	6	7	8	10	11	13	14	15	16	18	19	21	23	25	26	27	28	
0	1	3	4	5	6	8	9	12	13	14	15	16	18	20	21	22	23	25	26	27	28	29	
1	2	3	4	5	6	7	8	10	11	14	15	17	18	19	20	21	23	25	26	27	28	
0	1	3	5	6	7	8	9	10	11	12	14	15	16	17	18	19	22	24	26	27	29	
0	2	3	4	5	6	7	8	9	10	11	14	16	17	18	21	22	23	24	25	26	28	
1	2	3	4	6	7	8	10	11	12	13	14	15	17	18	19	20	22	23	26	27	28	29	
2	3	4	5	7	8	9	11	12	13	14	15	16	17	19	20	22	23	24	25	26	27	29	
0	1	2	5	6	7	8	9	10	11	12	14	16	17	19	20	21	23	25	26	27	28	29	
1	4	5	6	7	8	10	11	12	13	14	15	16	18	19	20	21	23	24	25	26	27	28	29	
0	1	3	5	8	10	11	12	14	15	17	18	19	20	21	22	23	24	25	27	28	29	
3	6	7	8	9	10	12	13	15	16	17	18	19	20	22	23	24	26	27	28	29	
0	1	2	3	4	5	6	7	8	9	10	12	14	16	17	19	20	22	23	24	26	27	28	29	
0	1	2	3	5	7	8	9	10	11	12	13	14	15	17	18	19	20	23	24	26	27	28	29	
0	1	2	5	6	9	10	11	12	13	14	15	16	17	18	19	20	21	22	24	26	27	28	29	
0	1	2	3	5	6	8	9	12	13	14	15	17	18	19	20	21	22	23	24	25	26	29	
0	1	5	6	7	8	9	10	11	12	13	14	16	17	19	22	23	24	26	27	28	29	
0	1	2	4	9	10	11	12	13	14	15	16	17	18	19	20	21	22	25	27	28	29	
1	3	5	6	7	9	10	11	12	13	14	16	17	18	19	20	21	22	24	26	29	
0	1	2	3	4	5	6	7	12	13	14	15	16	17	18	20	21	22	23	24	25	26	27	28	
0	1	2	3	5	7	8	9	11	12	14	15	16	17	18	19	20	21	22	23	24	26	28	29	
0	1	2	3	4	6	7	10	11	13	14	15	17	18	19	20	23	25	26	27	29	
0	1	2	3	4	5	6	7	8	10	11	12	15	16	17	18	19	20	21	22	23	24	27	28	
0	1	2	4	5	8	9	10	11	12	14	15	16	17	18	19	20	25	26	27	28	
0	1	2	5	6	7	8	9	10	11	12	14	15	17	18	19	21	22	23	24	25	26	28	29	
0	1	2	3	4	5	6	7	9	10	11	12	13	17	18	19	20	21	23	24	25	27	28	29	
1	4	5	6	8	9	11	12	14	15	16	18	19	20	21	23	24	25	27	28	29	
0	1	2	3	4	6	7	9	10	11	12	13	14	15	16	17	19	20	21	22	23	25	27	28	
0	1	2	3	5	6	7	8	10	11	12	13	14	16	18	19	20	21	22	23	25	26	27	
0	2	3	5	6	8	11	12	13	15	16	17	18	19	20	21	22	23	24	25	26	27	28	29	
0	2	3	4	6	7	9	10	11	14	15	16	18	19	20	21	22	23	25	26	27	28	29	
1	2	3	4	5	7	8	9	12	13	14	15	17	19	20	21	22	23	24	25	26	27	28	
1	2	3	4	5	6	7	8	9	10	11	13	15	16	17	19	20	21	22	23	24	26	27	28	
1	3	4	5	6	7	9	11	12	14	16	17	18	19	20	21	22	24	25	26	27	28	
0	1	2	3	6	7	8	10	11	13	14	15	16	17	19	20	21	22	24	26	27	28	29	
0	1	3	5	6	7	8	11	13	14	15	16	17	18	19	21	24	25	26	27	28	
0	1	2	3	4	5	6	7	8	9	10	12	13	15	16	17	18	19	21	22	24	25	28	29	
0	1	4	5	6	9	10	11	12	14	16	17	18	19	21	22	24	25	26	28	29	
2	5	6	7	10	11	12	13	15	17	18	19	20	21	22	24	25	26	27	28	29	
0	1	2	3	4	6	9	10	11	12	13	14	15	17	18	19	20	21	25	26	27	28	29	
0	2	3	4	5	6	7	8	10	11	12	13	14	16	17	19	21	22	23	24	25	26	27	29	
0	1	2	3	5	6	9	11	12	13	14	15	16	17	18	19	21	23	24	25	26	27	28	29	
0	1	2	3	4	5	6	7	9	12	13	14	15	21	22	24	25	26	27	28	29	
1	2	3	4	6	7	9	12	13	14	16	17	18	19	20	21	22	24	25	26	27	28	29	
1	2	3	4	5	6	7	9	10	11	12	14	15	16	17	20	21	23	25	26	27	28	29	
1	2	3	4	5	7	8	9	10	11	12	14	15	16	17	18	19	20	23	24	26	28	
0	2	3	4	6	8	10	11	12	13	14	15	16	17	18	19	20	21	23	24	25	26	28	29	
0	1	2	3	5	6	8	9	10	11	12	13	14	15	17	18	20	21	22	23	24	25	26	28	
2	3	4	5	6	8	10	11	12	13	14	15	16	17	19	20	22	23	24	26	27	
0	1	2	3	4	6	9	10	12	13	14	15	19	20	21	22	23	24	25	26	28	29	
0	1	2	3	5	6	10	11	12	13	14	15	16	17	18	19	20	21	22	23	25	26	27	28	
0	2	4	5	6	7	8	9	10	11	12	13	14	15	16	17	18	19	20	22	24	26	28	29	
0	2	3	4	5	6	7	8	9	10	11	12	13	14	16	18	19	20	21	22	23	25	26	27	
0	3	4	5	8	9	10	12	13	14	15	16	17	18	19	20	21	22	24	25	26	28	29	
1	2	4	5	7	10	11	12	13	14	15	16	17	18	19	21	22	23	24	25	26	27	29	
0	1	2	5	6	8	10	11	12	13	14	16	18	19	20	22	23	24	25	26	28	
0	1	2	3	4	5	6	8	10	11	13	14	16	17	18	19	21	22	23	24	25	29	
0	2	3	4	6	9	10	11	12	13	14	15	16	17	18	19	20	22	23	24	25	27	28	29	
0	1	3	4	5	6	7	10	11	12	13	14	15	18	19	20	22	23	24	25	26	28	29	
0	1	2	3	4	5	6	7	9	11	12	13	14	15	16	17	19	20	21	23	24	25	26	28	
0	1	3	4	6	7	8	10	12	15	16	17	18	19	20	21	22	23	24	26	27	28	29	
0	1	2	3	4	5	6	7	10	11	14	15	16	18	19	20	21	22	23	24	28	29	
0	1	2	3	4	5	7	9	11	13	15	17	18	19	20	23	24	25	26	27	29	
0	1	3	4	5	6	8	9	10	11	12	13	14	16	18	19	22	23	24	25	26	27	28	
0	2	3	4	6	7	8	9	10	12	13	16	19	20	21	22	23	24	25	26	28	29	
1	2	3	6	7	9	10	11	12	13	16	18	19	20	21	22	23	24	25	26	27	28	29	
0	1	4	5	6	7	8	9	12	13	14	15	17	18	20	21	22	23	24	25	26	27	28	29	
2	3	4	5	6	8	9	10	11	12	13	14	15	16	20	21	22	23	24	25	26	27	28	29	
0	1	2	3	4	6	8	9	10	11	12	13	14	15	16	17	20	21	22	25	27	28	29	
2	3	4	5	6	7	8	9	10	12	13	14	15	16	17	19	22	23	24	26	27	
0	1	3	4	5	6	7	8	9	10	11	14	15	16	17	18	19	21	22	25	26	27	29	
1	2	3	4	7	8	9	10	11	12	14	16	17	18	19	20	21	23	25	26	27	28	
1	2	5	6	8	9	11	12	13	14	16	17	18	19	20	21	23	24	25	26	27	29	
0	1	2	3	4	7	8	9	10	12	14	15	16	17	18	19	23	26	27	28	29	
0	1	2	5	6	7	9	10	11	12	14	15	16	18	20	21	22	24	25	27	29	
0	1	3	4	5	6	7	8	10	11	13	14	16	17	18	19	22	23	24	26	27	28	29	
1	3	4	5	6	7	8	9	10	11	12	15	18	20	21	22	23	24	25	26	29	
0	1	3	4	5	6	7	8	9	10	11	12	13	14	15	16	17	18	19	20	23	24	27	29	
0	1	2	3	4	7	8	11	12	13	14	15	16	17	18	19	20	21	22	23	24	26	27	28	
1	2	3	4	6	8	9	10	11	12	14	15	17	19	20	21	22	23	25	26	28	29	
0	1	2	3	4	6	7	9	11	12	14	15	16	18	20	21	22	23	24	25	26	27	29	
0	1	2	3	6	7	9	10	11	12	13	15	16	17	18	19	20	21	22	23	24	25	28	29	
0	3	4	5	6	8	9	10	12	13	14	16	17	18	19	20	21	23	24	25	26	27	28	29	
1	3	4	5	7	8	9	11	13	14	16	17	18	19	20	21	23	24	26	28	29	
1	2	3	4	5	7	8	10	11	12	16	17	18	20	21	22	24	25	26	27	28	29	
0	1	2	3	4	9	10	11	12	14	15	16	17	18	20	21	22	23	24	26	28	29	
1	3	4	5	6	7	8	9	10	12	13	14	15	16	17	18	19	21	22	24	27	28	
0	1	3	5	7	8	9	12	13	14	15	16	17	18	20	22	23	24	25	26	27	28	29	
0	1	3	4	5	7	8	9	10	11	12	13	14	16	18	20	22	23	24	26	27	28	29	
0	1	2	3	4	5	6	7	8	9	10	13	14	15	21	22	23	24	25	26	28	
0	1	2	3	5	7	10	11	12	13	15	16	18	20	21	22	23	24	26	27	28	
0	1	4	5	6	7	8	9	10	11	12	13	14	15	16	17	18	20	21	22	25	26	28	29	
0	2	5	8	9	11	12	13	14	15	16	18	19	20	21	22	24	25	26	27	29	
0	1	2	3	5	6	10	11	12	13	14	15	16	17	18	20	21	23	25	26	27	29	
0	1	3	5	7	8	10	11	12	13	15	16	18	19	21	22	23	24	25	26	27	28	29	
0	1	2	4	5	6	7	8	9	12	14	15	16	17	18	20	21	23	24	25	26	28	
0	2	3	4	5	6	7	8	9	11	12	13	14	15	16	17	18	19	21	23	25	26	27	
0	1	2	7	9	10	11	12	13	15	16	17	18	19	20	21	23	24	25	27	28	29	
0	1	2	3	4	5	7	9	10	11	15	16	17	18	19	20	21	22	23	24	27	28	29	
1	2	3	4	5	6	7	8	9	11	12	13	15	17	18	19	20	21	22	23	24	27	28	29	
0	1	2	3	4	5	6	9	10	12	13	14	15	16	17	18	19	20	21	22	23	25	27	29	
1	3	4	5	6	7	8	9	10	11	12	13	14	15	16	17	18	19	20	22	23	24	28	29	
0	2	3	4	6	7	8	9	10	11	12	13	14	15	16	18	19	20	22	25	26	
0	2	3	4	5	7	8	9	11	13	14	15	16	17	20	21	22	23	24	25	26	27	28	29	
0	1	2	4	5	6	7	9	10	11	12	14	15	16	18	19	21	22	23	25	26	27	28	29	
0	1	3	4	5	8	9	10	11	12	13	14	15	16	17	21	22	23	26	27	29	
0	1	2	3	5	6	7	8	10	11	12	13	14	15	16	18	20	21	23	24	25	26	27	29	
0	1	3	4	5	6	9	10	11	12	13	14	15	16	18	20	21	23	25	26	27	29	
0	1	2	3	6	7	8	10	11	15	16	17	18	19	20	22	24	25	26	27	28	29	
0	1	2	3	4	6	7	8	9	11	12	13	14	16	18	19	22	23	24	25	26	27	28	29	
0	1	2	3	4	5	6	7	9	10	12	13	15	16	17	18	19	21	23	24	25	26	27	28	
0	1	3	7	8	9	10	11	12	13	14	15	16	18	19	20	22	23	24	25	26	28	29	
0	1	2	3	4	7	8	9	11	13	14	15	16	18	19	20	21	25	26	27	28	
1	2	3	4	6	8	9	11	12	13	14	15	16	17	18	20	23	24	25	26	27	29	
1	4	6	8	10	11	13	14	15	16	17	18	19	20	21	24	25	26	27	28	29	
1	2	3	4	5	7	8	9	10	11	12	15	16	17	18	19	20	21	22	23	25	26	27	
0	3	4	5	6	7	9	10	11	12	13	15	16	17	18	19	21	22	24	25	26	27	28	29	
0	1	2	3	4	5	6	7	8	10	12	14	16	19	21	22	23	24	25	27	28	
0	1	3	4	6	8	9	10	11	14	17	18	19	20	21	22	23	25	27	28	29	
1	2	3	4	5	7	9	11	14	15	16	17	19	21	22	23	24	26	27	28	29	
1	2	3	4	5	6	7	8	11	13	14	15	17	19	20	21	22	23	24	25	26	27	
0	2	3	4	5	6	8	9	10	11	13	14	15	16	17	18	19	21	22	23	25	26	28	29	
1	2	3	6	7	9	11	12	13	15	16	18	19	21	22	23	24	25	27	28	29	
0	1	2	3	4	5	7	8	11	12	13	14	15	16	17	18	19	20	22	23	24	26	27	28	
0	1	2	3	4	5	6	7	9	10	11	12	16	17	19	20	21	22	23	24	26	29	
1	2	3	4	6	8	9	10	11	12	13	14	15	16	17	18	20	21	22	25	26	
0	1	2	4	5	6	8	9	11	13	14	15	16	17	18	20	21	22	23	24	27	28	29	
0	2	3	4	5	6	7	8	11	13	15	17	18	19	20	21	22	23	24	25	26	28	29	
0	1	2	7	9	10	12	13	14	15	16	17	18	19	20	21	23	24	25	26	28	29	
0	1	2	3	5	6	8	9	10	11	12	16	17	18	19	20	21	22	23	25	26	27	28	29	
0	1	2	3	5	6	7	8	9	10	11	14	15	17	18	20	21	22	23	24	25	26	28	29	
0	2	3	4	5	6	8	9	10	11	12	13	15	16	17	19	20	22	24	25	26	27	
0	1	2	5	6	7	8	9	10	11	12	13	15	16	19	20	21	22	23	24	25	26	27	29	
0	1	3	4	7	9	10	13	14	17	18	19	20	22	23	24	25	26	27	28	29	
0	1	2	3	5	6	7	8	9	12	14	15	16	17	18	19	21	22	23	24	25	26	27	29	
1	2	3	5	6	7	9	10	11	12	13	14	15	16	17	18	19	20	22	23	24	25	26	28	
0	1	2	3	4	6	7	8	9	10	11	16	17	18	20	21	22	25	26	27	28	29	
0	1	2	5	6	7	10	12	13	14	15	16	17	18	19	20	21	22	24	25	26	27	28	29	
5	6	7	8	9	10	11	13	15	16	18	19	21	22	23	24	25	26	27	28	29	
1	2	3	4	6	8	9	10	12	13	14	15	16	17	18	20	22	23	24	28	29	
0	1	2	3	4	5	7	8	9	11	12	13	14	15	16	17	18	19	21	22	25	26	28	29	
0	2	4	5	6	7	8	9	12	13	14	15	16	17	18	20	23	24	26	27	29	
0	1	2	3	4	5	7	8	9	10	14	15	16	18	19	20	23	24	25	26	27	29	
0	1	2	3	4	5	6	7	9	10	11	12	13	15	16	18	19	22	23	24	25	26	27	28	
1	2	3	4	5	7	10	11	12	14	15	16	17	18	20	21	22	23	24	25	26	27	28	
0	2	3	4	5	7	8	9	10	12	13	14	15	16	18	19	20	21	25	26	28	29	
0	1	2	3	4	5	6	7	8	9	13	19	20	21	22	23	24	25	26	27	28	29	
1	4	5	6	7	8	9	10	11	12	13	14	15	16	18	19	20	23	24	26	27	28	29	
0	1	2	3	5	8	10	11	12	14	15	16	19	20	21	22	24	25	26	27	28	29	
0	1	2	4	7	10	11	12	14	15	16	17	18	19	20	21	22	23	25	26	27	29	
1	2	3	4	5	6	7	8	11	12	16	17	18	19	20	21	22	23	25	26	27	29	
1	2	3	4	6	7	10	11	13	14	15	16	17	19	20	21	23	24	26	28	29	
0	1	2	3	4	5	6	10	11	12	13	14	15	16	18	20	21	25	26	27	28	29	
0	1	2	3	4	5	8	10	11	13	14	15	17	18	19	20	21	26	27	28	29	
0	1	2	5	6	7	9	11	13	14	15	16	17	19	20	21	22	23	24	25	26	27	28	29	
1	2	4	5	6	7	8	9	11	12	16	17	18	19	20	21	22	24	25	26	27	28	29	
0	1	2	3	5	6	8	9	10	12	13	14	17	18	19	21	22	23	24	25	26	28	29	
1	2	4	5	7	8	9	10	11	13	14	15	17	18	21	22	23	24	27	28	29	
0	2	3	4	5	6	7	8	10	11	12	13	15	16	17	18	19	20	21	22	23	25	27	28	
0	1	2	3	4	5	6	10	11	12	13	16	17	18	19	20	22	23	24	26	27	29	
1	2	3	4	5	7	8	9	10	12	13	15	16	17	18	19	21	22	23	24	26	27	28	29	
0	1	2	3	4	5	6	7	10	11	12	13	14	15	17	19	20	22	24	25	26	27	
0	1	2	4	5	6	7	9	10	12	13	15	16	17	18	19	20	23	24	27	28	29	
0	1	2	5	6	7	8	9	10	11	12	13	14	15	16	17	18	20	21	22	25	26	27	28	
0	1	2	3	4	5	6	8	11	12	13	15	18	20	21	23	24	25	26	27	29	
0	1	2	3	4	5	6	7	8	9	10	11	14	15	16	18	19	20	21	22	25	27	28	29	
0	2	3	4	5	6	7	9	11	13	16	17	18	19	20	21	22	24	25	27	28	
0	2	3	4	5	6	7	8	10	12	13	14	16	19	20	21	23	25	26	28	29	
0	2	3	4	6	7	8	9	10	12	14	15	17	19	20	21	22	23	24	26	27	29	
0	1	3	4	6	7	8	10	11	12	13	14	15	16	17	18	21	22	23	24	26	27	28	29	
0	1	2	4	5	7	8	9	10	12	13	14	18	19	20	23	24	25	26	27	28	29	
0	1	2	5	7	8	9	10	11	12	13	14	15	16	17	18	20	21	22	23	24	25	28	29	
0	3	4	5	6	9	10	11	12	15	16	17	18	19	21	22	23	24	25	26	27	28	29	
0	1	2	3	4	5	6	7	8	10	11	12	13	17	20	21	22	25	26	27	29	
0	2	3	5	6	9	10	11	12	13	15	16	17	18	20	21	22	23	24	25	27	28	29	
2	3	4	5	6	8	10	12	13	15	16	17	18	19	20	21	22	23	24	25	26	27	28	29	
0	2	4	5	6	7	9	10	11	12	14	15	18	19	20	21	22	23	24	25	27	28	
0	1	2	3	4	6	7	9	10	11	12	13	15	18	20	21	24	25	26	27	28	29	
0	1	2	4	5	7	8	9	10	11	12	13	14	15	16	17	18	19	20	21	23	24	26	29	
2	4	5	7	8	9	10	11	12	14	15	17	18	19	20	21	23	26	27	28	29	
1	2	3	4	5	6	7	8	9	10	11	12	13	14	15	16	17	18	19	20	23	26	27	28	
0	2	3	4	5	6	7	8	10	11	12	14	18	19	20	21	22	24	25	27	28	29	
2	6	7	8	9	10	11	12	13	15	16	17	18	19	21	22	23	24	25	27	29	
0	1	3	4	6	7	8	9	10	12	13	15	16	17	18	19	20	21	22	23	25	26	28	29	
0	1	2	3	4	5	7	8	9	10	11	12	13	14	16	17	18	19	21	23	24	25	27	28	
0	1	2	3	4	5	6	7	8	9	10	11	14	15	16	17	18	20	21	23	24	26	28	
0	1	3	4	5	7	8	9	10	11	12	14	15	16	18	19	21	22	23	24	25	26	27	
0	1	3	4	5	6	8	10	11	13	14	15	16	17	19	20	21	22	23	24	25	27	28	29	
0	1	2	3	4	5	6	7	8	10	12	13	14	15	16	18	20	21	23	24	25	26	27	29	
0	1	2	3	4	5	6	7	9	10	11	13	14	15	17	18	19	20	22	24	25	27	28	
0	1	2	4	5	6	8	9	10	11	12	13	14	16	19	22	23	24	25	26	27	28	29	
0	1	2	3	4	5	6	7	8	10	11	16	17	19	20	21	22	23	24	26	28	29	
1	2	4	5	6	8	9	11	13	14	15	17	18	19	20	21	22	23	24	25	28	
0	1	2	3	4	5	7	8	10	11	13	14	15	16	18	20	21	22	25	26	27	
0	1	2	3	5	6	7	8	9	10	11	12	13	16	17	18	19	21	24	27	28	29	
1	2	3	4	5	6	7	8	11	12	13	15	16	17	19	20	22	23	24	25	26	27	28	
1	3	4	6	8	9	10	11	12	13	14	16	17	20	22	23	24	25	27	28	29	
0	1	3	4	5	8	11	12	13	14	15	16	17	18	19	20	21	22	23	24	28	29	
0	2	3	5	6	7	8	11	12	13	14	15	16	17	18	19	22	23	24	25	26	28	29	
0	3	4	5	6	7	8	9	11	12	13	14	15	17	18	19	20	21	23	26	27	28	29	
1	2	4	5	6	8	9	10	11	12	13	14	15	17	18	20	21	22	23	24	27	29	
0	1	2	3	4	6	9	10	11	12	13	14	15	17	18	19	20	21	22	23	24	26	27	
0	1	2	4	5	6	7	8	9	10	12	13	15	16	17	18	20	21	22	23	25	26	28	29	
0	1	2	4	5	6	7	8	9	10	11	12	13	14	15	17	18	20	21	22	23	24	25	27	
0	1	2	5	6	7	8	10	11	12	13	14	15	17	19	20	21	23	25	26	27	28	29	
0	1	2	3	4	5	6	10	11	13	15	16	17	19	20	21	22	23	24	25	26	29	
0	1	3	6	7	8	9	10	11	13	15	16	18	19	20	21	22	24	25	26	27	28	29	
0	1	2	3	6	7	8	9	10	11	14	15	16	17	18	20	21	22	23	24	25	26	27	29	
0	1	2	6	7	8	9	10	11	14	15	16	17	18	21	22	25	26	27	28	29	
2	3	6	8	9	10	11	12	13	14	15	16	17	19	20	21	23	24	26	27	29	
0	1	3	4	6	7	8	9	10	11	12	14	16	19	20	21	22	23	24	25	26	28	
2	3	4	6	7	8	9	10	11	12	14	16	17	18	19	20	21	22	23	24	25	26	29	
0	1	3	5	6	8	9	10	11	12	15	16	17	18	19	21	22	23	24	25	26	27	28	
1	2	4	7	8	10	11	12	13	14	15	16	17	18	19	21	22	23	24	25	27	28	29	
0	1	3	4	6	7	8	9	12	13	15	16	17	18	20	21	23	24	25	27	28	29	
0	1	2	3	4	5	6	7	8	9	10	12	14	15	16	17	19	21	22	25	26	28	29	
1	4	7	8	9	10	11	12	13	14	15	16	17	18	19	20	22	23	24	26	27	28	29	
0	1	2	3	4	7	9	10	12	13	16	17	18	19	20	21	22	23	25	26	29	
0	2	3	4	7	8	9	10	12	13	14	15	16	18	19	20	21	23	25	26	28	29	
0	1	2	4	5	6	7	8	9	10	11	12	13	14	16	17	18	22	23	25	26	27	28	29	
0	1	2	4	5	7	8	9	10	11	12	13	15	16	17	19	21	22	24	25	27	28	29	
0	3	4	6	7	8	10	11	12	14	15	16	17	18	19	21	22	23	24	26	27	29	
0	1	2	3	4	5	6	8	9	10	11	12	14	15	17	18	19	20	25	26	27	28	29	
0	1	4	5	6	7	9	10	11	12	13	16	17	18	20	21	22	23	24	25	26	28	29	
1	3	4	5	6	7	8	9	11	12	13	14	16	18	19	20	21	23	25	26	27	28	29	
0	1	2	3	4	5	7	8	10	11	12	14	15	17	19	20	21	24	25	27	29	
0	2	3	4	7	9	10	12	13	14	15	16	19	20	21	22	23	24	25	26	28	29	
0	1	3	4	6	7	9	10	11	14	15	16	17	18	20	21	24	25	26	27	28	
0	1	2	5	6	7	8	9	10	12	13	14	15	16	17	19	21	22	25	27	28	29	
0	1	3	4	6	7	9	11	12	13	16	17	18	19	21	22	23	24	25	27	29	
0	1	3	4	5	7	9	10	11	12	13	14	15	16	17	18	19	20	24	27	28	29	
0	1	2	3	4	7	8	10	11	13	14	15	17	19	21	22	23	25	26	27	29	
0	1	2	3	6	8	9	10	11	12	14	15	16	18	19	20	21	22	23	24	25	26	29	
1	2	3	4	5	6	7	8	9	11	12	13	14	15	16	18	20	22	23	24	27	28	29	
0	1	2	3	4	5	6	7	11	12	13	16	17	18	19	20	23	24	25	27	28	
0	1	2	4	6	7	8	10	11	12	13	16	17	18	19	20	21	23	24	25	26	28	29	
1	2	3	4	5	6	8	11	12	13	14	16	17	20	21	22	23	24	25	26	27	28	
1	2	3	4	6	7	8	9	10	11	12	13	15	18	19	20	21	22	24	25	27	29	
0	1	5	6	7	9	10	11	12	13	14	15	16	18	19	20	22	23	24	25	26	29	
2	4	5	6	7	9	11	12	13	14	15	16	17	18	19	20	23	24	25	26	27	28	29	
0	1	3	4	5	6	7	8	9	10	11	12	14	16	18	19	20	21	22	23	24	26	27	28	
0	1	3	4	7	8	9	10	12	13	14	15	16	17	19	20	21	22	23	25	26	27	29	
0	1	2	3	8	9	10	11	12	15	17	18	19	20	22	23	24	25	26	27	29	
0	1	3	5	6	7	8	9	10	12	13	14	15	16	17	18	19	20	21	25	26	
2	4	5	6	8	9	10	11	12	13	14	15	16	17	18	19	21	23	24	25	27	28	29	
1	2	3	4	6	7	8	9	10	11	13	14	16	17	18	20	21	22	23	25	26	27	
0	1	2	3	4	6	8	10	11	13	14	16	17	18	21	22	23	24	26	27	29	
0	1	2	4	5	7	9	10	11	13	14	16	18	19	20	21	23	24	26	27	28	29	
1	3	4	5	7	8	9	12	13	14	15	16	18	19	20	21	22	23	24	25	26	27	28	29	
0	1	2	3	4	5	7	8	9	13	14	15	17	18	20	21	22	23	24	25	26	29	
1	2	3	4	5	6	8	9	10	12	13	14	15	17	18	19	20	22	24	25	27	28	29	
0	1	2	3	4	5	6	7	8	9	12	14	16	17	19	20	21	22	23	24	28	29	
0	1	2	3	5	6	7	8	9	11	13	15	16	17	18	19	20	21	22	23	25	26	27	28	
0	1	2	4	5	8	9	10	11	13	14	15	17	18	19	20	21	23	24	25	26	27	28	29	
0	1	2	5	6	7	8	9	10	11	13	14	15	16	17	18	20	21	22	24	26	27	28	29	
116.00	109.31	102.64	96.00	89.44	83.27	77.20	71.79	66.47	61.17	56.07	51.18	46.91	43.18	40.19	37.22	34.35	32.07	30.21	29.57	29.16	29.06	29.00	
118.00	106.92	96.37	87.76	80.56	74.50	68.59	63.14	58.44	53.97	49.52	45.21	42.21	39.79	38.06	36.46	35.48	34.52	33.58	33.01	33.00	
116.00	109.26	102.61	96.05	89.63	83.33	77.55	71.94	66.39	61.22	56.61	52.26	48.06	44.94	42.00	39.17	37.08	35.09	33.50	32.01	31.00	
117.00	110.73	104.67	99.02	93.44	87.98	82.61	77.29	72.16	67.23	62.85	58.54	54.30	50.37	47.28	44.26	41.31	38.38	35.84	33.94	32.04	30.58	29.13	28.00	
101.00	93.66	87.23	80.89	75.35	70.11	65.21	60.32	55.49	50.88	47.35	43.98	40.72	38.41	36.33	34.80	33.55	32.33	31.25	30.45	30.00	
120.00	112.97	106.16	99.64	93.42	87.31	81.32	75.96	70.73	66.19	61.68	57.26	52.95	48.98	45.28	41.84	39.05	36.96	34.93	33.87	33.25	33.00	
121.00	112.15	103.43	94.75	86.37	78.11	70.26	64.22	58.49	53.82	50.66	47.85	45.13	42.61	40.23	37.88	35.52	34.11	33.38	32.67	32.02	31.52	31.21	31.00	
115.00	105.47	95.98	86.97	79.00	72.57	66.24	59.92	55.14	51.05	47.29	43.67	40.64	37.98	35.62	33.33	31.17	30.20	29.25	28.35	28.03	28.00	
101.00	93.71	86.55	79.54	72.72	66.00	60.80	56.23	52.46	48.77	45.54	42.54	39.71	37.37	35.43	34.23	33.18	32.29	31.46	30.64	30.00	
115.00	108.31	101.67	95.05	88.93	83.09	77.41	72.78	68.35	63.99	59.95	56.04	52.50	49.08	45.84	42.80	40.13	37.67	35.83	34.34	33.06	32.09	31.41	31.00	
121.00	113.88	107.00	100.89	95.15	89.78	84.76	79.83	75.13	70.48	65.93	61.69	57.73	53.81	49.93	46.63	43.56	40.56	38.16	36.41	34.71	33.33	32.38	32.00	
103.00	97.49	91.98	86.54	81.22	76.09	70.98	66.31	61.65	57.06	52.65	48.39	44.43	42.31	40.27	38.43	36.67	35.21	33.89	33.14	32.40	31.68	31.17	31.00	
115.00	106.33	98.24	91.04	84.30	77.74	71.32	65.15	59.41	55.85	52.31	48.87	45.61	42.37	39.52	37.02	36.01	35.08	34.20	33.63	33.09	32.63	32.20	32.00	
121.00	113.90	107.10	100.46	93.86	87.61	81.68	75.89	70.43	65.56	61.02	56.62	52.51	48.43	45.27	42.54	39.84	37.28	35.38	33.99	33.37	33.16	33.00	
112.00	105.13	98.51	92.13	85.86	79.62	73.41	67.49	61.81	56.38	51.53	47.11	42.83	39.19	36.71	34.25	32.09	30.65	29.47	28.67	28.13	28.00	
102.00	94.43	87.33	80.58	73.85	68.57	63.37	58.33	53.86	49.93	47.30	44.77	42.60	40.58	38.78	37.38	36.23	35.09	34.00	33.63	33.36	33.18	33.00	
113.00	105.06	97.28	89.69	82.23	75.85	69.72	64.28	58.97	54.24	50.08	45.94	42.04	38.68	35.66	33.16	32.00	30.89	29.83	28.85	28.12	28.00	
113.00	104.72	96.77	89.65	82.56	75.54	68.79	63.19	57.65	53.27	49.16	45.63	42.33	39.18	36.22	34.50	33.62	32.88	32.19	31.59	31.00	
119.00	110.86	103.55	97.37	91.27	85.28	79.59	74.10	69.17	64.45	60.29	56.14	52.15	48.24	44.58	41.09	37.71	34.38	31.58	30.81	30.18	30.00	
122.00	115.07	108.36	101.83	95.45	89.09	83.29	77.74	72.85	68.36	64.02	59.85	55.98	52.13	48.60	45.19	42.45	39.72	37.29	34.92	32.59	31.56	31.05	31.00	
119.00	110.63	103.16	95.71	88.34	81.65	75.91	70.40	64.92	60.05	55.80	51.70	47.80	45.26	42.74	40.23	37.84	35.58	33.50	31.57	29.66	28.18	28.00	
122.00	113.47	105.43	97.43	90.12	82.86	76.62	70.90	65.35	60.67	56.00	51.54	47.86	44.19	40.80	37.77	34.90	32.52	30.71	29.53	29.00	
118.00	111.08	104.36	97.75	91.37	85.19	79.06	73.05	67.34	61.90	56.54	51.75	48.59	45.44	42.32	39.88	37.48	35.11	32.92	30.80	29.04	28.52	28.14	28.00	
109.00	100.68	92.85	86.46	80.67	75.29	70.14	65.10	61.19	57.75	54.63	51.72	49.19	46.69	44.30	41.93	39.77	37.63	35.51	33.42	32.01	30.99	30.00	
107.00	100.17	93.74	87.43	81.24	75.58	69.92	64.45	59.58	55.44	51.32	47.22	43.61	40.15	37.34	34.90	32.74	30.97	30.35	30.08	30.02	30.00	
102.00	96.06	90.95	85.88	80.83	75.81	70.88	66.91	63.11	59.35	55.65	52.20	48.94	45.84	43.17	40.66	38.49	36.36	34.25	32.43	31.48	31.00	
113.00	103.10	94.48	86.20	79.09	72.88	67.59	63.41	59.82	56.39	53.00	49.92	46.84	43.92	41.22	38.83	36.57	34.81	33.11	31.90	30.99	30.16	30.00	
108.00	100.34	92.88	85.74	78.98	72.40	65.93	60.51	55.95	51.57	47.97	44.52	41.53	38.60	35.69	33.19	32.08	31.02	29.99	29.17	29.00	
111.00	103.14	95.50	87.98	80.89	75.10	69.65	64.53	60.52	56.88	53.41	50.32	47.23	44.21	41.28	39.14	37.47	35.92	34.66	33.43	32.37	31.57	31.06	31.00	
120.00	113.96	107.98	102.44	96.89	91.38	86.02	81.04	76.13	71.28	66.61	62.09	57.62	53.26	49.06	45.73	42.68	39.65	37.34	35.34	33.87	32.41	32.00	
101.00	93.33	86.01	79.19	72.79	67.71	62.65	58.15	53.68	49.73	46.24	42.80	39.51	37.24	35.25	33.82	32.66	32.13	31.60	31.21	31.00	
109.00	101.29	93.82	87.02	80.33	74.18	68.35	63.99	59.94	55.92	51.96	48.15	44.58	41.27	38.79	36.82	35.26	33.73	32.41	31.50	30.76	30.19	30.00	
110.00	100.94	92.32	85.02	77.77	71.32	65.08	59.04	54.20	49.59	45.73	43.00	40.34	37.75	35.66	33.59	31.70	30.00	28.60	28.36	28.13	28.00	
104.00	94.66	85.65	76.92	68.45	60.11	55.60	51.54	47.82	44.21	40.81	37.78	34.97	33.39	32.19	30.99	30.00	29.39	29.23	29.09	29.00	
102.00	95.37	88.85	82.67	76.60	70.77	65.94	61.34	56.76	52.42	48.29	45.11	41.99	40.10	38.30	36.58	35.05	33.58	32.47	31.42	30.75	30.41	30.19	30.00	
113.00	105.09	97.63	91.39	86.15	80.92	75.75	70.68	65.61	60.65	57.10	53.93	50.78	47.87	45.35	43.26	41.23	39.29	37.59	36.20	34.96	34.00	33.47	33.00	
123.00	115.18	107.53	100.41	94.34	88.94	83.60	78.40	73.27	68.55	64.06	59.76	55.69	51.65	48.12	44.64	41.61	38.73	35.99	33.93	33.08	32.38	32.07	32.00	
111.00	102.60	94.94	87.99	81.07	74.57	68.58	63.48	59.55	55.68	52.44	49.25	46.19	43.15	40.94	38.76	36.59	34.81	33.13	32.42	32.00	
102.00	96.54	91.14	85.80	80.76	75.84	71.14	67.06	63.16	59.64	56.23	53.23	50.24	47.42	45.17	43.01	40.93	38.89	36.87	35.15	33.61	32.33	31.38	31.00	
109.00	101.69	95.05	88.68	82.34	76.09	70.09	64.67	60.40	56.55	52.93	49.73	46.92	44.23	41.67	39.43	37.41	35.54	34.06	32.76	31.83	31.08	30.44	30.00	
120.00	110.75	102.66	94.61	86.90	79.85	73.70	67.85	62.35	56.93	51.71	46.91	42.96	39.15	35.77	33.64	32.23	30.89	30.38	30.13	30.00	
107.00	98.08	89.88	82.87	76.29	70.33	64.56	59.81	55.22	50.80	46.82	43.63	40.62	37.70	35.85	34.90	34.06	33.66	33.33	33.17	33.07	33.00	
109.00	102.51	96.22	90.02	84.42	78.84	73.43	68.28	63.22	58.50	53.83	49.85	46.42	43.24	40.62	38.54	36.46	34.52	32.75	31.00	29.31	28.45	28.00	
122.00	113.88	105.94	98.71	91.57	84.75	78.22	72.04	65.93	60.57	56.49	52.57	49.30	46.09	43.45	40.91	38.40	36.91	35.57	34.62	33.69	32.97	32.30	32.00	
116.00	106.76	98.38	91.48	84.92	78.50	72.09	66.22	61.67	57.35	53.51	49.85	46.21	42.76	39.59	37.68	35.79	34.06	32.39	30.83	29.63	29.08	29.00	
111.00	104.59	98.30	92.19	86.38	80.65	75.34	70.10	65.50	61.19	57.30	53.63	49.96	47.47	44.99	42.62	40.26	38.28	36.37	34.83	33.81	33.37	33.00	
105.00	98.25	91.89	85.77	79.94	74.55	69.58	64.94	60.36	56.09	51.84	47.75	43.96	41.99	40.21	38.66	37.24	35.88	34.89	33.96	33.11	32.29	32.00	
114.00	106.52	100.10	94.02	88.12	82.39	77.62	72.97	68.39	63.95	59.74	55.93	52.29	49.45	46.69	44.19	41.72	39.48	37.49	35.68	34.06	32.87	32.30	32.00	
111.00	105.07	99.38	94.11	89.21	84.65	80.22	75.82	71.55	67.36	63.20	59.08	54.98	51.18	47.43	43.88	41.45	39.23	37.74	36.25	34.83	33.93	33.37	33.00	
115.00	107.39	100.04	92.70	85.46	78.46	71.60	65.54	59.75	54.70	50.27	46.12	42.26	38.78	36.65	34.60	32.70	31.63	30.87	30.20	29.68	29.25	29.00	
119.00	110.56	102.42	94.38	87.43	80.79	74.32	68.16	62.68	57.60	52.66	47.88	43.36	39.33	36.44	33.65	31.41	29.26	28.45	28.14	28.00	
111.00	103.38	96.98	90.67	84.51	78.90	73.33	68.09	62.93	58.45	54.17	50.09	46.75	43.58	40.58	38.15	35.92	33.84	31.90	31.01	31.00	
107.00	100.27	93.54	88.33	83.65	79.01	74.37	69.95	65.56	61.30	57.22	53.17	49.55	45.95	42.49	39.33	36.75	34.34	32.19	30.46	29.21	29.09	29.00	
107.00	100.61	94.48	88.59	83.07	77.66	73.13	68.70	64.36	60.28	56.26	52.38	48.50	45.73	43.16	40.70	38.25	35.92	33.77	31.76	30.57	30.28	30.00	
119.00	111.87	104.86	97.89	91.15	84.59	78.31	72.37	66.43	60.90	55.75	50.77	46.58	42.95	39.79	38.25	37.04	35.90	34.87	34.14	33.43	33.22	33.02	33.00	
107.00	98.54	90.32	82.50	75.82	69.73	64.70	60.30	56.81	53.37	50.20	47.09	44.01	41.46	40.00	38.56	37.34	36.23	35.12	34.02	32.94	32.50	32.20	32.00	
112.00	104.71	97.86	91.62	85.91	80.32	74.86	69.48	64.40	59.38	54.50	51.34	48.25	45.67	43.11	40.66	38.54	36.81	35.09	33.49	32.65	31.84	31.35	31.00	
107.00	100.20	93.57	87.74	81.95	76.22	70.68	65.23	59.89	55.31	51.79	48.32	44.93	41.54	38.21	35.02	32.36	29.74	28.93	28.33	28.00	
120.00	113.47	107.13	100.95	94.79	88.80	83.24	77.69	72.22	66.79	61.39	56.41	51.87	47.85	44.75	41.66	39.30	37.23	35.30	33.66	32.18	31.06	30.21	30.00	
110.00	103.62	97.37	91.19	85.04	79.10	73.31	67.64	62.16	57.10	52.15	48.23	44.43	41.40	38.57	36.08	34.09	32.51	31.60	30.71	30.34	30.06	30.00	
107.00	101.18	95.42	89.94	84.48	79.33	74.48	70.00	65.52	61.75	58.02	54.32	50.64	47.06	43.93	40.83	37.86	35.94	34.10	32.56	31.16	30.07	30.00	
121.00	111.18	101.78	92.86	84.67	77.16	69.73	63.53	58.33	53.24	48.27	44.12	40.61	38.53	36.57	34.81	33.10	31.56	30.47	29.55	29.09	29.00	
112.00	103.65	95.88	88.33	81.06	75.40	69.79	64.29	58.90	53.61	49.06	44.57	40.73	37.01	34.03	31.91	30.27	29.76	29.41	29.19	29.00	
119.00	110.41	102.52	95.24	88.33	81.68	75.07	69.05	63.18	57.78	52.78	48.03	44.32	41.52	38.88	36.26	33.90	31.56	29.54	29.10	29.02	29.00	
107.00	99.34	92.42	86.00	79.81	73.80	67.92	62.27	56.66	51.95	47.36	43.68	40.60	38.05	36.13	34.67	33.69	32.77	31.99	31.41	31.04	31.00	
104.00	96.74	90.31	84.39	78.92	73.48	68.18	63.11	59.56	56.08	52.63	49.42	46.53	43.75	41.18	38.77	36.37	34.88	33.57	32.75	32.00	
108.00	99.35	91.91	84.52	78.35	72.24	66.84	61.45	56.97	52.72	48.67	45.49	42.49	39.65	36.87	34.10	32.13	30.62	29.37	28.37	28.06	28.00	
122.00	114.81	108.01	101.49	95.26	89.40	83.85	78.70	73.66	69.00	64.56	60.70	56.84	53.25	49.75	46.78	43.95	41.62	39.30	37.04	35.61	34.31	33.21	33.00	
123.00	115.23	107.67	100.43	93.68	87.19	81.27	75.37	69.88	65.11	60.75	56.60	52.67	49.25	46.17	43.72	41.34	39.21	37.34	35.57	34.03	33.28	32.62	32.00	
109.00	102.23	95.76	89.35	83.02	76.80	70.97	65.23	59.91	55.83	52.31	48.94	45.72	43.02	40.38	37.90	36.20	34.69	33.22	31.92	30.82	30.07	29.48	29.00	
121.00	112.71	105.01	97.41	89.99	82.63	75.69	68.93	62.25	55.87	49.99	44.90	41.46	38.12	35.50	34.20	33.02	31.89	31.15	30.50	29.99	29.52	29.18	29.00	
117.00	110.09	103.61	97.16	90.73	84.72	78.73	72.87	67.22	61.57	56.10	51.42	48.23	45.33	42.97	40.67	38.49	36.67	35.56	34.48	33.47	32.59	32.18	32.00	
108.00	100.83	93.68	86.63	80.27	74.14	68.61	64.41	60.41	56.57	52.78	49.11	45.78	42.61	39.45	36.74	34.79	33.19	32.08	31.44	31.20	31.00	
119.00	110.04	101.93	94.31	87.29	81.03	75.49	70.01	64.84	59.76	54.89	50.04	45.19	40.47	37.54	35.24	33.14	31.57	30.03	29.07	28.56	28.20	28.00	
107.00	98.94	90.95	83.22	76.28	69.85	64.72	60.04	55.44	50.91	46.68	43.12	40.00	37.48	34.97	32.69	30.67	29.79	29.16	28.63	28.23	28.00	
115.00	107.12	100.88	94.75	89.00	83.50	78.34	73.19	68.16	63.55	59.00	55.09	51.42	47.87	44.56	41.28	38.87	36.65	34.96	33.45	32.26	31.25	30.25	30.00	
114.00	106.71	99.73	93.24	87.43	81.70	76.33	71.14	66.10	61.33	56.84	52.49	48.33	44.30	40.95	38.37	35.97	34.10	32.42	30.79	29.56	28.92	28.36	28.00	
123.00	115.31	107.63	100.77	94.28	87.99	81.78	75.62	69.68	64.51	59.45	54.64	49.89	46.17	43.02	39.94	37.12	34.67	32.61	30.59	29.11	28.00	
109.00	102.01	95.15	88.39	82.23	76.64	71.56	66.66	61.92	57.38	53.10	49.51	46.45	43.69	41.48	39.35	37.62	36.27	34.98	33.78	32.83	32.22	32.00	
103.00	96.18	90.16	84.50	78.83	73.41	68.10	63.73	59.70	55.77	52.30	49.08	46.15	43.64	41.13	38.99	37.14	35.45	34.07	32.88	32.36	32.01	32.00	
110.00	104.55	99.21	94.05	88.95	83.91	78.90	73.94	69.01	64.15	59.45	55.19	51.05	46.94	43.00	40.26	37.54	35.50	33.69	32.64	32.32	32.01	32.00	
107.00	101.33	95.69	90.19	84.81	79.85	75.55	71.51	67.53	63.62	59.70	56.04	52.66	49.37	46.10	42.99	39.87	38.09	36.75	35.53	34.32	33.71	33.30	33.00	
123.00	114.83	107.77	100.77	94.57	88.57	82.73	77.19	71.76	66.85	62.11	57.64	53.55	49.48	45.66	42.59	39.67	37.22	35.51	33.98	32.58	31.57	31.00	
118.00	110.71	103.54	96.88	90.35	84.59	78.87	73.40	67.95	62.59	57.32	52.30	47.74	44.00	41.13	38.57	36.68	35.16	33.87	32.64	31.66	31.00	
122.00	114.10	106.31	98.69	91.26	83.88	76.65	69.49	62.71	57.17	51.79	47.41	43.61	40.29	38.01	36.14	34.80	33.64	32.64	32.29	32.14	32.00	
113.00	105.76	98.83	92.31	86.12	80.14	75.19	70.45	66.01	61.85	57.68	53.83	50.00	46.52	43.43	40.75	38.24	36.04	33.83	31.68	29.57	28.47	28.00	
110.00	103.74	98.11	92.59	87.38	82.18	77.28	72.44	67.63	63.16	59.17	55.24	51.75	48.41	45.73	43.27	41.16	39.19	37.29	35.49	34.46	33.77	33.38	33.00	
122.00	112.48	104.01	95.96	88.16	80.62	73.21	65.87	58.81	52.74	47.67	43.73	41.14	38.78	36.75	35.08	33.99	32.92	31.90	31.32	30.78	30.30	30.00	
102.00	96.19	90.39	85.51	80.70	75.90	71.40	67.15	63.25	59.72	56.20	53.00	50.00	47.25	44.84	42.48	40.14	37.87	35.69	33.84	32.17	31.20	31.00	
103.00	96.77	91.00	85.78	80.87	76.08	71.42	66.81	62.46	58.69	55.12	51.88	48.71	45.64	43.19	41.13	39.19	37.60	36.19	34.86	33.64	32.55	31.72	31.00	
111.00	103.06	95.57	88.43	81.58	75.77	70.26	65.17	60.27	55.47	51.09	47.59	44.66	41.75	39.00	36.37	34.23	32.25	30.63	29.53	28.96	28.41	28.00	
107.00	100.04	93.74	89.02	84.46	80.07	75.69	71.42	67.33	63.24	59.16	55.10	51.29	47.51	44.51	41.52	38.98	37.04	35.31	33.91	32.52	31.54	31.00	
104.00	97.66	91.96	86.42	80.94	75.55	70.17	64.94	59.90	54.88	50.11	46.53	43.16	41.27	39.41	37.86	36.40	35.03	33.81	32.84	32.30	32.00	
110.00	103.25	96.69	90.71	85.15	79.70	74.27	69.27	64.34	60.13	56.38	52.68	49.46	46.41	43.48	40.81	38.15	36.20	34.71	33.42	33.22	33.06	33.00	
110.00	103.50	97.22	91.27	85.53	79.81	74.14	68.51	63.43	58.43	54.27	50.11	46.88	43.97	41.35	39.41	37.67	35.95	34.54	33.37	32.48	31.84	31.27	31.00	
108.00	101.59	95.33	89.07	82.92	77.31	71.92	67.01	62.12	57.56	53.35	50.03	46.89	44.18	42.00	39.87	37.92	36.08	34.61	33.32	32.12	31.00	
108.00	101.95	95.91	90.22	84.55	78.96	73.46	68.27	63.22	58.55	54.59	50.66	47.78	44.90	42.05	39.28	36.75	34.85	33.50	32.83	32.18	31.54	31.00	
101.00	94.76	89.50	84.48	79.54	74.82	70.24	65.76	61.65	58.03	54.70	51.51	48.54	45.92	43.40	40.91	38.43	36.17	34.53	33.19	32.13	32.06	32.00	
120.00	111.73	104.34	97.48	90.66	84.45	78.91	73.44	68.20	63.31	59.41	55.52	51.90	48.33	44.83	41.40	38.23	35.90	33.70	31.68	30.82	30.04	30.00	
111.00	101.18	92.27	84.12	77.69	71.48	65.28	60.32	56.21	52.19	48.51	44.85	41.45	39.22	37.20	35.19	33.26	31.81	30.82	29.91	29.43	29.05	29.00	
118.00	109.33	100.69	92.95	85.71	78.75	71.83	65.56	60.59	55.97	51.65	48.54	45.47	42.40	39.52	36.88	34.93	33.43	32.28	31.13	30.15	30.00	
110.00	104.48	99.10	93.96	89.36	84.75	80.18	75.68	71.29	66.91	62.61	58.44	54.32	50.76	47.31	44.03	40.96	38.38	36.42	34.70	33.35	32.14	31.35	31.00	
121.00	111.79	103.05	94.96	87.01	79.43	72.59	66.17	60.41	55.34	50.35	45.76	42.27	39.50	37.13	35.02	33.20	31.46	29.93	29.30	28.76	28.30	28.00	
114.00	107.54	101.61	96.10	90.62	85.44	80.42	75.44	70.48	65.61	61.15	56.88	53.20	49.67	46.60	43.61	40.68	38.62	36.77	35.11	33.90	33.35	33.00	
121.00	113.84	106.73	99.97	93.61	87.44	81.63	76.28	71.25	66.28	61.58	57.65	53.84	50.09	46.38	43.30	41.07	39.12	37.27	35.64	34.61	33.71	32.83	32.00	
101.00	95.35	89.76	84.51	79.42	75.41	71.65	67.90	64.18	60.48	57.03	53.67	50.67	47.86	45.06	42.52	40.05	37.68	35.32	33.37	31.87	31.00	
123.00	112.89	104.82	96.85	89.81	82.90	76.52	71.83	67.46	63.08	58.95	54.84	51.38	48.07	44.80	42.05	39.65	37.31	35.05	32.89	31.65	31.33	31.12	31.00	
117.00	110.87	104.93	99.18	93.58	88.01	82.51	77.08	71.78	66.87	62.03	57.25	52.95	49.55	46.38	43.32	40.55	37.96	35.70	33.75	32.11	32.00	
108.00	101.36	95.52	89.74	84.21	78.68	74.25	69.95	65.85	61.80	58.09	54.41	51.30	48.57	45.88	43.30	40.82	38.73	36.85	34.98	33.33	32.13	31.21	31.00	
105.00	99.12	93.40	87.98	82.70	77.43	72.17	67.32	63.06	59.05	55.09	51.21	48.13	45.66	43.29	41.09	39.02	37.00	35.40	33.96	32.74	32.00	
116.00	109.68	103.46	97.57	91.85	86.40	81.03	76.27	71.51	67.06	62.65	58.84	55.04	51.26	47.63	44.01	40.76	38.52	36.30	34.90	33.51	33.00	
101.00	94.41	88.85	83.47	78.53	73.65	68.93	64.42	60.05	55.80	52.10	48.73	45.37	42.24	39.51	36.94	34.49	32.40	30.34	29.22	29.00	
116.00	107.78	99.85	93.10	86.91	80.92	75.59	70.37	65.36	60.85	56.65	52.47	48.36	44.35	41.21	38.54	35.89	33.27	30.84	29.15	28.42	28.13	28.00	
122.00	114.45	106.99	99.72	92.64	85.62	79.24	73.01	67.01	61.96	56.91	52.59	48.38	44.18	40.32	36.88	33.49	31.65	30.15	28.72	28.28	28.00	
120.00	112.14	104.50	98.48	92.48	86.58	80.67	75.01	69.99	66.18	62.41	58.71	55.03	51.78	48.61	45.49	42.39	39.59	37.84	36.30	34.97	33.74	33.00	
121.00	113.69	106.57	99.86	93.19	87.24	81.49	75.75	70.13	64.61	59.33	54.53	50.29	46.78	43.83	41.49	39.29	37.19	35.16	33.43	32.65	32.36	32.17	32.00	
108.00	100.13	92.89	86.56	80.45	75.59	71.05	66.66	62.70	58.82	55.22	52.05	48.89	45.91	43.06	40.70	38.36	36.51	34.77	33.20	32.03	30.95	29.92	29.00	
103.00	95.27	87.76	80.78	73.80	67.03	60.64	55.60	51.09	47.31	43.92	40.95	38.93	36.96	35.09	33.34	31.58	30.52	29.79	29.27	29.12	29.00	
111.00	104.37	97.78	91.27	86.45	81.66	76.93	72.32	67.83	63.39	59.11	54.94	51.24	47.98	44.99	42.28	39.56	36.96	35.05	33.34	33.05	33.00	
114.00	105.39	97.36	89.58	81.91	74.52	67.54	63.67	59.96	56.34	53.02	49.72	46.46	43.53	40.86	38.58	36.68	34.97	33.81	32.82	32.00	
106.00	99.73	93.70	87.83	82.27	76.95	71.67	66.88	62.81	58.92	55.21	51.71	48.58	45.64	42.84	40.68	38.92	37.29	35.76	34.43	33.68	33.32	33.13	33.00	
108.00	100.37	93.47	86.74	80.33	74.22	68.39	62.63	57.42	52.98	49.37	45.82	42.92	40.47	38.33	36.46	34.65	33.96	33.47	33.05	33.00	
101.00	95.90	91.13	86.46	82.18	78.03	73.93	69.92	66.28	62.75	59.26	55.84	52.59	49.47	46.62	43.92	41.28	39.09	37.33	35.63	33.96	32.91	32.39	32.00	
117.00	109.78	103.46	97.30	91.37	85.56	79.90	74.49	69.18	64.31	59.55	54.84	50.23	46.18	42.25	39.11	36.36	33.90	31.74	30.06	29.00	
103.00	96.59	90.65	84.72	79.20	73.77	68.37	64.25	60.26	56.32	52.47	48.67	45.17	42.16	39.36	37.03	34.90	32.85	31.97	31.49	31.06	31.00	
114.00	106.25	98.86	92.71	86.78	80.90	75.08	69.55	64.16	58.91	54.13	49.74	46.45	43.80	41.16	38.99	36.95	35.01	33.11	31.30	29.82	28.96	28.28	28.00	
114.00	107.02	100.13	93.47	86.91	80.61	74.83	69.26	64.30	60.10	55.95	52.06	48.58	45.60	42.63	40.27	37.93	35.96	34.14	32.56	31.22	30.23	29.60	29.00	
115.00	108.64	102.38	96.17	90.18	84.24	78.49	72.74	67.41	62.74	58.12	53.64	49.37	45.87	42.89	40.04	37.45	36.20	35.04	33.96	33.62	33.38	33.17	33.00	
111.00	103.76	96.72	90.00	83.72	77.69	71.94	66.22	61.02	55.90	50.99	46.70	43.40	40.12	36.94	34.24	32.62	31.11	29.70	29.33	29.00	
123.00	115.41	108.07	101.03	94.99	89.16	83.34	77.62	71.90	66.23	60.73	55.30	50.23	45.58	42.21	38.88	36.02	33.32	30.93	30.00	29.42	29.00	
101.00	94.03	88.27	82.98	77.80	73.24	68.69	64.33	60.51	56.89	53.27	49.73	46.30	42.94	39.78	36.62	34.64	32.98	31.40	30.00	28.94	28.00	
112.00	102.31	93.08	85.24	78.66	72.72	66.80	61.39	56.22	51.10	47.91	44.79	42.40	40.15	37.92	35.90	33.89	31.93	30.21	29.43	29.06	29.00	
121.00	113.86	106.79	99.90	93.34	87.12	82.41	77.81	73.23	68.73	64.40	60.24	56.08	52.03	48.04	44.10	40.90	37.75	35.64	34.01	32.49	31.21	31.02	31.00	
123.00	114.93	106.89	99.79	92.92	86.98	81.21	75.60	70.28	65.10	60.37	56.07	52.16	49.14	46.15	43.49	40.89	38.34	36.41	34.57	33.37	32.63	32.18	32.00	
115.00	106.91	99.08	91.26	83.74	78.03	72.82	67.99	63.43	59.37	55.47	51.73	48.98	46.26	43.56	40.98	38.61	36.44	34.71	33.12	31.57	30.22	29.09	29.00	
102.00	95.97	90.19	84.53	79.45	75.10	70.75	66.46	62.65	58.86	55.16	51.51	48.05	44.73	41.43	38.49	35.55	33.32	31.24	29.66	28.42	28.03	28.00	
107.00	101.54	96.44	91.38	86.48	81.61	77.04	72.60	68.31	64.03	60.18	56.60	53.19	50.06	47.18	44.34	41.60	38.87	36.13	33.87	32.24	32.04	32.00	
120.00	111.93	103.91	96.24	89.09	82.17	76.48	71.48	66.63	62.74	58.87	55.67	52.60	49.91	47.31	44.75	42.32	40.12	38.06	36.55	35.42	34.31	33.66	33.00	
101.00	95.51	90.04	84.60	79.50	74.85	70.35	66.07	61.85	58.17	54.60	51.02	47.95	45.00	42.08	39.24	36.56	34.30	32.26	30.63	29.56	28.81	28.31	28.00	
105.00	97.63	90.29	83.06	76.46	69.94	63.42	58.51	54.52	50.56	46.94	43.68	40.62	37.77	35.29	33.33	31.73	30.43	29.50	28.65	28.12	28.00	
118.00	109.69	102.22	95.84	90.08	84.44	79.06	73.90	69.48	65.23	61.17	57.37	53.68	50.16	46.89	44.26	41.69	39.25	36.87	35.23	33.62	32.35	31.50	31.00	
113.00	106.75	100.76	94.96	89.29	83.87	79.01	74.21	69.69	65.18	60.74	56.41	52.25	48.23	45.07	41.93	39.23	36.96	34.86	33.12	31.89	30.90	30.00	
103.00	96.59	90.35	84.50	79.45	74.57	69.80	65.11	60.46	55.93	51.53	47.66	44.09	41.28	38.54	36.43	34.49	32.75	31.20	29.99	29.33	29.00	
123.00	114.71	108.01	101.31	94.98	89.25	83.99	78.74	73.54	68.71	64.07	59.66	55.29	51.02	47.10	44.45	41.95	39.56	37.22	35.53	34.29	33.38	32.63	32.00	
119.00	108.82	100.11	92.76	85.70	78.91	72.75	67.08	61.88	56.82	52.04	48.25	44.63	41.81	39.48	37.20	35.05	33.72	33.24	33.11	33.02	33.00	
117.00	109.12	101.25	93.58	86.40	79.98	73.59	67.36	61.44	55.52	50.50	46.21	42.86	39.56	36.74	34.85	33.06	31.35	30.51	29.85	29.40	29.00	
108.00	100.58	93.28	86.04	79.32	72.70	67.10	61.67	56.37	52.56	48.75	45.53	42.36	39.43	36.89	34.58	32.97	31.74	30.70	29.80	29.39	29.00	
109.00	102.26	95.53	89.01	83.52	78.40	73.48	68.77	64.37	60.03	55.74	51.80	48.30	44.92	41.58	38.45	35.41	32.41	31.39	30.62	29.90	29.35	29.00	
106.00	98.11	90.41	83.32	76.27	70.52	65.47	60.59	56.97	53.50	50.16	46.86	43.76	40.82	38.19	35.96	33.76	32.00	30.36	29.64	29.21	29.00	
120.00	111.54	103.64	96.79	89.95	83.29	76.75	71.65	66.65	61.92	57.51	53.53	49.61	46.30	43.36	40.43	38.14	35.95	34.84	33.94	33.05	32.28	32.00	
107.00	98.61	90.46	83.00	76.71	71.22	66.25	61.84	57.73	53.69	49.73	45.81	42.48	39.18	36.49	34.27	32.39	31.15	29.94	28.82	28.21	28.00	
111.00	103.72	96.77	89.85	83.01	76.58	70.29	64.08	59.52	55.36	51.41	47.61	44.17	41.08	38.43	36.32	34.44	32.84	31.38	29.96	28.69	28.21	28.00	
122.00	114.00	106.42	98.85	91.88	85.51	79.48	74.06	68.71	63.46	58.77	54.40	50.43	47.47	44.72	42.25	39.90	37.69	36.08	34.77	33.86	33.32	33.16	33.00	
115.00	108.10	101.21	94.34	87.58	80.97	74.65	69.05	63.49	58.50	53.65	49.37	45.59	42.11	40.22	38.48	36.83	35.20	34.10	33.07	32.15	31.25	30.51	30.00	
103.00	93.51	84.16	75.97	67.86	60.97	56.05	51.77	47.73	43.74	40.92	39.14	37.72	36.65	35.58	34.54	33.74	33.15	32.74	32.36	32.04	32.00	
111.00	104.05	97.23	90.63	84.28	78.36	72.84	67.36	62.57	58.26	54.10	50.26	46.56	43.05	39.97	36.91	33.95	32.23	30.71	30.02	30.00	
103.00	97.75	92.64	87.78	83.31	78.89	74.52	70.20	65.90	61.82	57.95	54.37	51.25	48.24	45.24	42.33	40.29	38.88	37.50	36.16	35.14	34.15	33.39	33.00	
104.00	98.90	93.91	88.98	84.12	79.26	74.50	70.03	65.61	61.33	57.17	53.07	49.54	46.30	43.18	40.38	37.75	35.32	33.88	32.67	31.54	31.15	31.07	31.00	
117.00	110.40	103.96	97.57	91.74	85.95	80.20	74.56	68.96	63.56	58.69	54.00	49.39	45.30	42.53	39.84	37.26	35.15	33.30	31.67	30.05	29.57	29.20	29.00	
106.00	99.69	93.42	87.52	82.00	76.71	71.95	67.21	62.51	58.00	53.83	49.93	46.04	42.44	39.59	37.74	36.05	34.48	32.94	31.77	31.02	30.58	30.19	30.00	
112.00	105.89	99.90	94.14	88.69	83.29	78.35	73.68	69.10	64.58	60.20	56.43	52.80	49.54	46.77	44.04	41.34	39.14	37.16	35.49	33.81	33.06	33.00	
104.00	98.05	92.22	86.65	81.31	76.35	71.58	66.89	62.77	58.66	54.73	50.89	47.39	44.16	41.02	38.06	35.47	33.57	32.12	30.91	29.70	29.00	
103.00	96.35	89.75	83.28	76.93	70.65	66.13	61.96	57.86	53.79	49.75	45.76	42.02	39.89	38.14	36.46	34.97	33.53	32.57	31.98	31.43	31.01	31.00	
111.00	104.36	97.76	92.26	86.86	81.52	76.65	71.94	67.31	62.87	58.55	54.55	50.89	47.76	45.04	42.39	39.77	37.54	35.34	33.33	32.58	31.87	31.18	31.00	
108.00	101.82	95.69	89.68	83.73	78.52	73.49	68.82	64.27	59.71	55.67	51.85	48.09	44.95	42.04	39.47	36.97	34.64	33.56	32.61	31.93	31.29	31.00	
114.00	107.27	100.54	94.94	89.56	84.19	79.03	73.90	68.83	64.07	59.68	55.61	51.84	48.83	46.26	43.73	41.23	38.80	36.48	35.09	33.76	32.60	32.23	32.00	
104.00	98.42	92.90	87.48	82.34	77.43	72.84	68.35	64.02	60.48	57.02	53.91	51.03	48.34	45.68	43.33	41.03	38.89	37.11	35.40	33.77	32.35	32.00	
105.00	97.38	90.39	83.94	77.66	72.61	67.62	63.01	58.53	54.18	49.87	46.43	43.22	40.06	36.99	34.91	32.87	31.89	31.13	30.39	29.67	29.15	29.00	
113.00	104.44	96.89	89.48	82.48	75.73	69.22	63.46	58.94	55.13	51.74	48.48	45.26	42.64	40.15	38.27	36.40	34.66	33.38	32.22	31.09	31.00	
115.00	109.11	103.34	97.77	92.23	86.86	81.78	76.92	72.25	67.63	63.37	59.29	55.30	51.50	47.85	44.85	41.96	39.08	36.34	34.13	32.25	30.67	30.00	
116.00	108.13	100.51	93.35	87.06	80.83	74.78	69.23	64.02	59.11	54.27	49.56	45.40	42.92	40.51	38.31	36.17	34.04	32.32	30.85	29.58	29.00	
120.00	111.79	104.04	97.55	91.19	84.88	78.69	72.87	67.40	62.21	57.45	52.83	48.38	44.79	41.80	39.01	36.33	35.18	34.30	33.54	33.18	33.00	
106.00	97.59	89.61	82.57	77.05	71.77	66.69	62.24	57.90	53.62	49.70	46.56	43.51	40.92	38.55	36.71	35.04	33.39	32.65	32.36	32.08	32.00	
116.00	107.53	99.29	91.46	84.02	76.61	69.92	64.03	58.77	54.14	49.86	45.78	42.54	39.55	37.57	36.15	34.91	33.84	32.98	32.37	32.02	32.00	
123.00	116.64	110.45	104.57	99.12	94.01	88.92	83.94	79.01	74.08	69.30	64.57	59.95	55.63	51.35	47.36	43.57	39.97	37.84	35.77	33.86	31.99	30.49	29.00	
121.00	113.34	106.01	98.84	91.72	84.76	78.44	72.29	66.28	60.39	54.59	48.97	45.77	42.93	40.73	38.84	37.04	35.64	34.40	33.23	32.16	31.71	31.35	31.00	
119.00	111.33	103.89	96.66	89.78	83.66	77.63	71.77	66.41	61.29	56.16	51.48	47.02	43.43	40.00	36.71	33.64	30.82	29.83	29.20	29.00	
113.00	106.88	100.87	95.00	89.31	83.67	78.07	72.63	68.90	65.26	61.76	58.31	54.88	51.45	48.07	44.69	41.32	37.97	36.01	34.91	34.02	33.13	32.32	32.00	
112.00	105.00	98.55	92.13	85.92	79.95	74.01	68.07	62.32	57.67	53.31	49.11	45.53	42.24	39.06	36.25	33.96	31.74	30.66	30.24	30.00	
113.00	104.77	97.18	89.78	82.47	75.50	68.71	62.24	57.34	53.32	49.42	46.18	43.75	41.37	39.36	37.55	35.80	34.58	33.64	32.81	32.39	32.11	32.00	
105.00	98.14	92.07	86.51	81.08	75.89	71.02	66.19	61.93	57.74	53.65	49.90	46.53	43.24	39.98	37.82	35.67	34.20	32.92	32.25	32.00	
118.00	108.40	99.34	90.91	83.65	77.03	70.75	64.73	59.64	54.86	51.28	47.98	44.76	41.81	39.06	37.16	35.43	34.01	33.15	33.05	33.00	
118.00	110.38	102.91	95.76	89.00	82.57	76.19	70.53	65.12	59.95	54.88	50.20	45.76	41.85	38.71	35.83	34.01	32.61	31.54	30.68	29.86	29.33	29.00	
112.00	104.16	96.55	89.09	82.18	75.63	70.39	65.34	60.91	56.63	52.85	49.11	45.54	42.44	40.07	37.96	35.85	33.94	33.13	32.48	32.11	32.00	
109.00	100.79	94.49	88.30	82.22	76.36	70.54	65.49	60.70	56.38	52.17	48.30	45.28	42.29	39.75	37.74	35.97	34.25	33.57	33.16	33.00	
121.00	113.08	105.56	98.12	91.37	84.62	78.06	71.91	65.79	59.72	54.08	48.75	44.54	40.45	37.14	34.96	33.73	32.74	31.95	31.50	31.23	31.00	
108.00	101.51	95.95	90.50	85.24	80.05	74.92	70.37	65.86	61.35	56.85	52.45	48.12	43.93	41.06	39.25	37.76	36.33	34.95	33.70	33.00	
102.00	95.93	90.66	85.57	80.73	76.43	72.34	68.30	64.26	60.33	56.82	53.45	50.43	47.48	44.83	42.29	40.20	38.11	36.13	34.33	32.55	31.19	30.37	30.00	
110.00	103.10	97.12	91.17	85.29	79.50	74.27	69.34	64.66	60.48	56.50	52.67	49.00	45.52	42.77	40.56	38.39	36.24	34.30	32.89	31.61	31.18	31.00	
116.00	107.48	99.01	90.57	83.91	77.38	71.47	65.64	60.08	54.98	50.78	46.76	43.25	40.02	37.31	35.19	33.50	32.52	31.59	31.01	31.00	
104.00	97.98	92.27	86.72	81.24	75.95	70.81	65.94	61.51	57.28	53.23	50.10	47.32	44.56	42.04	39.72	37.53	35.43	34.17	32.95	32.21	31.54	31.10	31.00	
105.00	98.47	92.39	86.40	80.63	75.16	69.69	64.36	59.62	55.39	51.35	47.34	43.65	40.34	37.75	35.29	33.48	31.88	30.50	29.54	28.95	28.38	28.00	
110.00	104.05	98.34	93.03	87.74	82.49	77.63	73.06	68.75	64.62	60.58	56.65	52.93	49.77	46.77	44.36	42.04	39.83	37.74	36.10	34.48	33.36	33.00	
123.00	112.83	105.22	98.62	92.48	86.41	80.78	75.18	69.66	64.60	59.72	55.14	51.32	47.83	44.42	41.13	37.88	34.81	31.94	30.44	29.69	29.00	
117.00	110.10	103.66	97.50	91.76	86.17	80.58	75.07	69.71	64.40	60.19	55.98	51.82	48.14	44.77	41.63	38.73	36.06	33.57	31.49	30.17	29.13	28.34	28.00	
117.00	109.79	102.96	96.13	90.07	84.08	78.24	73.54	68.97	64.68	61.19	57.93	54.87	51.95	49.18	46.44	44.09	41.89	39.73	37.65	35.64	33.97	32.39	32.00	
110.00	102.53	95.67	88.90	82.90	77.17	72.14	67.13	62.55	58.52	54.89	51.41	47.93	44.75	41.82	38.90	36.50	34.11	32.09	30.57	29.14	29.00	
114.00	105.56	97.29	89.04	81.07	73.57	66.52	60.33	55.69	51.29	47.23	43.19	39.93	36.78	34.77	33.19	32.36	31.82	31.46	31.11	31.00	
104.00	97.11	91.07	85.24	79.84	74.48	69.45	64.67	60.48	56.56	53.40	50.40	47.91	45.64	43.37	41.11	39.19	37.46	35.79	34.44	33.57	33.00	
108.00	100.80	94.50	88.31	82.50	77.07	71.78	67.09	62.65	58.22	53.83	49.54	46.07	42.90	40.38	38.62	36.90	35.45	34.15	33.41	32.76	32.19	32.00	
117.00	108.47	100.60	93.13	85.74	79.23	72.88	67.05	61.58	56.51	52.45	48.65	45.14	41.68	38.55	35.47	33.23	31.75	30.51	29.31	29.00	
106.00	97.50	89.10	81.97	75.65	69.86	64.98	60.80	57.01	53.31	49.62	45.99	42.90	40.16	37.71	36.21	34.79	33.58	32.60	32.27	32.00	
107.00	100.85	95.01	89.38	83.80	78.32	72.85	68.26	64.07	60.02	56.32	52.91	49.69	46.56	43.75	41.49	39.26	37.47	35.73	34.51	33.80	33.41	33.19	33.00	
116.00	109.84	103.81	97.83	92.23	86.78	81.45	76.35	71.28	66.26	61.37	56.50	52.32	48.42	45.31	42.23	39.48	36.78	34.90	33.28	32.30	31.38	31.09	31.00	
112.00	104.14	96.34	88.86	81.56	74.67	68.56	62.84	57.61	52.70	47.83	43.46	39.91	36.81	34.33	32.56	30.97	29.78	29.11	28.44	28.14	28.00	
121.00	111.12	101.54	92.40	85.02	77.81	70.77	64.58	58.47	53.56	49.02	44.57	40.38	37.53	34.89	33.47	32.43	31.56	30.71	30.06	29.44	29.00	
109.00	102.52	96.13	89.82	83.94	78.22	72.62	67.07	62.01	57.21	52.45	48.03	45.00	42.45	40.04	37.79	35.73	34.07	32.53	31.05	30.00	
105.00	98.93	92.95	87.07	81.45	76.07	71.13	66.66	62.33	58.07	53.89	49.76	46.26	43.13	40.73	38.68	36.74	34.82	33.18	31.54	30.78	30.16	30.00	
112.00	104.39	97.72	91.44	85.36	79.73	74.43	69.33	64.77	60.99	57.20	53.76	50.34	46.98	43.65	40.49	37.81	35.84	34.03	32.46	30.91	29.90	29.22	29.00	
121.00	113.85	106.99	100.31	94.01	87.77	81.54	75.61	70.22	65.45	61.14	56.90	52.73	49.10	45.62	42.72	39.83	37.11	35.10	33.56	32.04	30.78	30.11	30.00	
122.00	114.81	107.70	100.67	93.78	86.89	80.65	75.17	70.06	65.03	60.73	56.49	52.66	48.86	45.43	42.46	39.64	37.06	34.89	33.18	32.00	31.45	31.00	
105.00	98.51	92.10	86.65	81.25	76.00	71.47	66.97	62.51	58.50	54.64	50.94	47.52	44.10	40.88	37.84	35.17	33.32	32.40	31.56	31.00	
109.00	101.86	94.92	88.17	81.46	75.08	68.72	63.58	58.56	55.04	51.64	48.32	45.12	42.35	39.71	37.41	35.45	33.63	31.81	30.50	29.29	29.00	
110.00	101.45	93.46	86.50	79.98	73.69	68.42	63.26	58.91	54.59	51.45	48.80	46.19	43.61	41.05	38.56	36.61	34.77	32.97	31.38	30.00	
108.00	101.47	94.96	88.49	82.41	76.57	70.98	65.49	60.77	56.86	53.05	49.50	46.31	43.27	40.60	38.08	36.23	34.39	32.58	31.56	31.22	31.00	
117.00	109.12	101.54	94.14	87.89	81.74	75.67	69.73	64.47	59.40	54.85	50.85	46.98	43.21	39.89	37.42	35.15	32.89	31.53	30.37	29.37	29.00	
112.00	104.40	97.07	89.78	83.40	77.18	71.67	66.22	60.92	55.71	51.21	46.85	42.61	39.51	36.47	35.14	34.12	33.44	33.03	32.64	32.38	32.17	32.00	
112.00	104.40	96.90	89.89	83.09	76.65	70.33	64.88	59.61	55.61	51.74	48.80	46.18	43.57	40.99	38.75	36.92	35.13	33.55	32.10	31.25	30.52	30.00	
115.00	107.90	101.00	94.11	87.49	82.35	77.25	72.19	67.42	62.98	58.65	54.77	51.06	47.36	43.72	40.61	37.74	35.00	32.99	31.62	30.43	30.18	30.00	
101.00	94.76	88.98	83.74	78.58	73.46	68.42	63.47	58.58	53.94	49.49	45.33	42.14	39.50	36.92	35.40	33.95	32.59	31.39	30.33	30.12	30.00	
117.00	107.66	99.70	91.98	84.41	77.14	70.80	65.64	60.74	55.85	51.83	48.08	44.61	41.48	38.40	36.48	34.92	33.49	32.22	31.10	30.13	29.32	29.14	29.00	
114.00	106.64	99.58	93.00	86.60	80.20	73.86	68.17	62.94	57.92	53.38	49.63	46.14	43.28	40.45	37.92	35.89	33.92	32.55	31.20	30.00	
120.00	111.59	104.05	96.63	90.27	84.15	78.24	72.50	67.33	63.26	59.47	55.72	52.18	48.76	45.34	41.95	39.38	37.04	35.16	33.63	32.15	32.00	
114.00	107.76	101.58	95.42	89.35	83.37	77.80	72.41	67.10	62.54	58.89	55.59	52.53	49.59	47.12	44.81	42.50	40.38	38.51	36.73	35.28	34.03	33.00	
110.00	103.28	96.76	90.36	83.97	77.60	72.36	67.18	62.06	57.06	52.73	48.48	45.92	43.43	40.93	38.91	36.91	35.91	35.03	34.18	33.58	33.07	33.00	
107.00	100.61	94.31	88.41	82.52	76.64	70.94	65.44	60.43	55.99	51.70	47.92	44.38	41.27	38.92	36.68	34.52	32.53	31.50	30.73	30.16	30.00	
111.00	103.80	97.08	90.69	84.75	78.92	73.09	67.94	63.09	59.06	55.58	52.31	49.22	46.33	43.52	40.96	38.59	36.36	34.47	32.98	32.66	32.34	32.05	32.00	
110.00	103.86	97.92	92.09	87.25	82.68	78.18	73.84	69.63	65.70	61.80	57.96	54.18	50.45	46.75	43.13	40.64	38.28	36.49	34.78	33.51	32.45	31.45	31.00	
109.00	101.58	94.37	87.72	81.11	74.56	68.47	63.05	58.84	55.07	51.78	48.83	46.29	44.08	42.28	40.51	38.99	37.80	36.67	35.54	34.43	33.59	33.00	
120.00	111.55	103.18	95.77	88.56	82.20	76.17	70.25	64.67	59.10	54.09	49.20	44.61	41.08	37.96	34.86	32.33	29.96	28.88	28.61	28.36	28.17	28.00	
122.00	115.38	108.94	102.86	96.86	91.13	85.54	80.48	75.76	71.23	66.75	62.29	58.25	54.29	50.65	47.26	44.10	41.78	39.58	37.50	35.43	33.79	32.32	32.00	
114.00	106.45	99.01	91.86	84.90	78.27	71.77	66.20	60.67	55.29	50.36	45.75	41.72	38.42	36.58	35.17	34.19	33.27	32.43	31.97	31.52	31.10	31.00	
121.00	111.57	102.16	93.94	85.81	77.78	69.81	62.30	56.18	51.69	47.49	43.41	39.71	36.63	33.98	31.81	30.60	29.87	29.43	29.17	29.00	
105.00	98.10	91.80	85.65	79.58	74.29	69.08	64.43	59.85	55.64	51.54	47.66	44.16	41.03	37.96	35.23	33.36	32.02	30.75	30.36	30.00	
116.00	108.66	101.33	94.25	87.21	81.17	75.31	69.99	64.76	60.20	55.88	51.60	47.51	44.24	41.27	38.98	36.73	34.67	32.69	31.64	30.79	30.00	
115.00	106.81	99.31	91.87	84.46	77.51	71.21	65.42	60.39	55.82	51.67	47.69	44.47	41.45	39.03	36.99	35.21	33.51	31.97	30.53	29.37	28.32	28.08	28.00	
119.00	111.37	103.88	96.43	88.97	81.62	74.44	68.11	62.29	56.77	52.96	49.51	46.26	43.29	40.49	37.76	35.21	33.22	31.88	30.81	30.00	
110.00	103.23	96.54	89.90	83.49	77.84	72.91	68.13	63.59	59.18	55.09	51.21	47.66	44.30	41.31	38.89	36.47	34.06	32.96	31.89	31.22	31.05	31.00	
104.00	96.81	90.36	84.18	78.15	72.33	66.58	61.32	56.87	52.61	49.44	46.38	43.45	40.75	38.35	37.01	35.82	34.97	34.16	33.61	33.30	33.15	33.00	
101.00	93.56	86.49	79.67	73.90	68.69	63.50	59.07	55.16	51.31	47.83	44.42	41.79	39.27	37.12	35.35	33.76	32.71	31.94	31.26	31.00	
101.00	93.81	87.51	81.43	76.03	70.84	65.99	61.48	57.21	52.93	48.78	44.78	41.44	39.46	37.90	36.33	34.87	33.50	32.35	31.68	31.00	
106.00	99.23	92.86	86.68	80.99	75.44	70.54	66.01	61.53	57.51	53.55	49.70	45.86	42.30	39.40	36.53	34.36	32.53	30.96	29.50	29.24	29.02	29.00	
103.00	97.39	91.87	86.80	81.82	76.85	71.95	67.35	62.80	58.57	54.95	51.90	49.01	46.16	43.39	41.38	39.51	37.81	36.17	34.79	33.65	32.61	31.70	31.00	
114.00	107.91	101.87	95.86	89.96	84.33	78.87	74.08	69.57	65.40	61.28	57.21	53.35	49.72	46.19	43.08	40.18	37.88	35.64	33.44	31.88	30.75	30.17	30.00	
102.00	95.81	89.62	83.53	77.89	72.31	66.75	61.49	56.75	52.04	48.22	44.73	41.79	39.34	37.31	35.46	33.76	32.12	30.52	29.68	29.01	28.56	28.10	28.00	
112.00	105.68	99.53	93.67	87.96	82.75	78.10	73.50	69.01	64.59	60.22	55.99	51.78	47.62	44.48	41.44	38.54	35.87	33.65	31.77	30.38	29.10	28.32	28.00	
113.00	106.08	99.93	94.03	88.62	83.31	78.10	73.23	68.54	64.00	59.52	55.23	50.97	46.96	43.09	40.44	38.38	36.40	34.41	32.48	30.54	29.11	29.00	
101.00	94.02	87.59	81.38	75.58	70.45	65.41	60.45	55.72	51.27	48.21	45.36	42.86	40.46	38.51	36.67	35.48	34.45	33.47	32.70	32.00	
111.00	104.10	97.23	90.54	83.87	77.60	72.17	67.04	62.35	58.41	54.54	50.84	47.49	44.19	41.52	38.88	36.26	33.94	31.82	30.44	29.17	29.07	29.00	
115.00	107.02	100.05	93.15	86.50	80.11	73.83	68.01	62.20	56.94	52.51	48.19	43.91	39.97	37.56	35.74	34.06	32.46	31.03	29.91	28.90	28.00	
121.00	113.69	106.74	99.95	93.28	87.22	81.77	76.43	71.22	66.06	60.93	56.14	51.73	47.37	43.53	40.94	38.87	36.94	35.11	33.83	33.32	33.02	33.00	
119.00	111.49	104.07	96.98	90.13	83.49	78.09	72.76	67.74	63.09	58.50	54.02	49.85	46.70	43.65	40.76	38.29	36.03	33.81	32.91	32.20	31.56	31.00	
122.00	113.95	106.40	99.12	92.15	85.22	78.92	72.67	66.70	61.43	56.54	51.71	47.54	43.74	40.14	37.15	35.70	34.48	33.43	32.79	32.24	32.00	
106.00	98.23	91.19	84.38	77.91	71.94	66.85	62.30	58.30	54.38	50.68	47.54	44.44	41.39	38.47	36.22	34.13	33.08	32.34	31.74	31.36	31.15	31.00	
113.00	105.08	97.39	90.34	83.98	78.66	73.35	68.08	62.96	58.61	54.46	50.39	46.52	43.03	39.86	37.17	34.89	32.94	31.55	30.48	29.62	29.00	
109.00	102.55	96.36	90.88	85.54	80.29	75.27	70.92	66.61	62.34	58.15	54.11	50.11	46.46	43.02	39.64	36.29	33.21	30.91	29.65	29.28	29.03	29.00	
107.00	98.25	89.85	81.77	75.01	68.31	62.09	56.98	52.18	48.08	44.22	41.01	38.55	36.31	34.58	33.25	32.12	31.10	30.09	29.38	29.00	
108.00	100.55	93.15	86.13	79.82	73.58	67.48	61.61	55.99	50.89	47.34	43.79	41.25	39.02	36.89	35.10	33.35	31.62	30.16	28.97	28.00	
111.00	103.89	96.85	89.97	83.22	76.56	70.57	65.38	60.28	55.42	51.03	46.64	43.30	40.22	37.64	35.45	33.52	31.72	30.48	30.24	30.00	
112.00	104.97	98.02	92.01	86.01	80.13	75.02	69.93	65.40	61.25	57.20	53.22	49.27	45.75	42.63	39.56	36.66	34.03	31.59	29.24	28.10	28.02	28.00	
105.00	98.14	91.33	84.80	78.40	73.32	68.77	64.50	60.24	56.01	52.14	48.35	45.13	42.48	40.22	38.03	36.13	34.29	32.81	31.34	30.11	29.29	29.00	
114.00	105.95	98.64	91.52	85.81	80.44	75.28	70.15	65.04	59.96	54.90	50.90	47.14	43.49	39.88	36.36	34.84	33.33	32.58	31.89	31.37	30.85	30.42	30.00	
114.00	106.86	100.00	93.73	87.52	81.75	76.07	70.41	64.76	59.28	53.80	48.91	44.11	40.01	36.03	32.73	31.29	29.92	29.25	28.74	28.33	28.00	
117.00	107.72	99.46	91.65	84.20	77.14	70.24	63.37	56.68	50.91	45.73	42.46	40.55	38.84	37.33	36.01	34.94	33.88	33.00	32.47	32.00	
119.00	111.37	104.27	97.26	90.32	83.91	77.54	71.77	66.27	61.43	57.22	53.51	49.87	46.41	43.04	40.31	37.94	35.68	33.89	33.03	33.00	
115.00	106.45	98.85	92.77	87.15	81.88	76.70	71.63	67.05	62.53	58.45	54.49	50.61	47.24	44.07	40.96	38.15	35.88	34.43	33.01	32.00	
118.00	110.70	103.62	96.68	89.79	82.92	76.81	70.86	65.42	60.41	55.50	50.87	46.47	42.31	38.85	36.23	33.85	31.84	30.39	28.96	28.00	
121.00	112.04	103.31	95.20	87.68	80.18	73.18	66.57	60.48	54.82	50.49	46.66	43.26	40.28	37.37	34.64	32.54	31.06	30.06	29.37	28.80	28.36	28.00	
109.00	100.40	92.83	85.36	78.58	72.32	66.31	60.76	56.33	52.39	48.65	45.38	42.33	39.60	37.02	34.97	33.24	31.92	31.47	31.16	31.00	
102.00	95.37	88.81	82.37	76.12	70.07	64.03	58.19	53.76	49.76	45.91	42.25	39.72	37.89	36.08	34.85	34.19	33.73	33.28	33.10	33.00	
105.00	98.79	92.96	87.15	81.66	76.65	71.76	66.89	62.40	58.12	54.56	51.05	47.58	44.61	41.76	39.22	36.72	34.68	33.35	32.36	31.51	31.07	31.00	
112.00	105.01	98.04	91.17	84.42	78.12	72.07	66.72	62.16	57.77	53.40	49.77	46.37	43.01	40.09	37.20	34.89	32.97	31.08	29.99	29.03	28.11	28.00	
117.00	109.81	102.79	96.06	89.51	84.03	78.71	74.16	69.65	65.46	61.29	57.34	53.48	49.77	46.30	43.02	39.78	36.67	33.63	31.06	29.68	29.00	
117.00	109.95	103.95	98.03	92.27	86.66	81.10	76.34	71.98	67.64	63.32	59.23	55.68	52.20	48.89	45.94	43.41	41.23	39.13	37.13	35.15	33.41	32.45	32.00	
102.00	94.86	87.80	81.30	75.15	69.61	64.12	58.67	53.33	50.20	47.22	44.42	41.83	39.31	37.13	35.16	33.68	32.66	31.87	31.26	31.11	31.00	
112.00	104.72	97.81	90.90	84.16	77.80	72.03	66.71	61.56	56.47	51.46	46.62	42.93	39.61	36.86	34.94	33.64	32.45	31.88	31.33	31.00	
119.00	111.32	103.71	96.21	89.08	82.85	77.20	71.74	67.24	63.01	58.80	54.93	51.12	48.03	45.00	41.99	39.50	37.00	35.49	34.46	33.62	33.00	
112.00	104.35	97.25	90.32	84.11	78.48	73.15	68.02	63.34	59.44	55.78	52.35	49.27	46.29	43.31	40.37	37.44	35.66	33.89	33.26	33.00	
109.00	101.98	95.13	88.95	83.00	77.33	72.50	67.73	63.85	60.20	56.57	52.96	49.82	47.43	45.19	43.15	41.14	39.16	37.27	35.54	34.07	32.86	32.00	
118.00	109.75	101.61	93.77	86.10	79.85	73.74	68.58	64.46	60.46	57.10	53.80	50.65	47.50	44.71	42.22	39.98	37.78	35.98	34.28	33.00	
102.00	95.90	89.92	84.36	79.04	73.98	68.98	64.12	59.60	55.55	51.80	48.46	45.36	43.17	41.47	39.81	38.20	36.81	35.59	34.41	33.41	33.00	
112.00	100.41	90.55	83.02	75.55	68.89	63.34	58.19	54.77	51.96	49.33	46.73	44.38	42.13	40.16	38.42	36.78	35.16	33.94	32.96	32.07	32.00	
111.00	102.66	94.50	87.20	80.12	74.49	69.05	63.66	59.00	54.86	50.91	47.37	43.86	40.36	37.44	35.76	34.21	33.13	32.65	32.18	32.00	
105.00	99.04	93.09	87.58	82.63	77.77	73.13	68.57	64.72	60.90	57.14	53.69	50.26	47.86	45.57	43.36	41.17	39.33	37.78	36.43	35.34	34.28	33.57	33.00	
110.00	102.49	95.04	88.67	82.86	77.09	71.49	65.91	60.65	55.58	50.91	46.80	43.96	41.66	39.52	37.40	35.63	34.11	32.65	31.90	31.24	30.78	30.35	30.00	
119.00	113.41	108.05	102.74	97.58	92.54	87.54	82.61	77.82	73.11	68.48	64.01	59.67	55.43	51.62	48.04	44.90	42.28	39.75	37.66	35.71	34.36	33.36	33.00	
115.00	107.59	100.40	93.31	86.63	80.79	75.12	69.86	64.81	60.11	55.61	51.24	46.99	43.32	40.16	37.80	36.29	35.00	33.96	33.24	33.00	
117.00	109.91	103.06	96.65	90.30	84.52	78.76	73.03	67.47	62.42	57.72	53.37	49.38	46.33	43.31	40.68	38.30	36.12	34.41	33.00	31.69	30.59	29.50	29.00	
105.00	98.34	92.59	86.90	81.27	75.86	70.58	65.46	60.85	56.32	52.42	48.91	45.49	42.21	39.72	37.30	35.28	34.52	33.83	33.24	33.00	
107.00	100.21	93.91	88.50	83.27	78.06	72.91	67.86	62.87	57.94	53.68	50.29	47.39	44.55	42.54	40.61	38.69	36.82	34.97	34.00	33.44	33.00	
107.00	98.00	89.27	83.59	78.19	73.02	67.90	62.82	58.09	54.22	50.35	46.64	43.17	40.33	37.60	35.03	33.63	32.66	31.83	31.10	30.50	30.06	30.00	
103.00	96.96	91.04	85.33	79.89	75.44	71.21	67.02	62.94	58.99	55.09	51.34	48.00	44.91	42.02	39.48	36.95	34.68	32.60	30.87	30.00	
107.00	99.86	92.73	86.82	81.17	75.85	70.77	66.22	62.34	58.62	54.91	51.22	47.71	44.28	41.52	38.95	36.71	34.59	33.32	32.53	31.76	31.07	31.00	
114.00	107.06	100.17	93.31	86.52	80.13	73.96	67.93	62.06	56.88	53.22	49.86	46.53	43.54	40.66	37.97	35.88	34.40	33.18	32.10	32.00	
122.00	115.64	109.87	104.13	98.43	92.80	87.34	81.94	76.84	72.00	67.18	62.46	58.33	54.65	51.27	47.99	44.74	41.60	38.62	35.96	33.65	31.70	31.03	31.00	
121.00	113.88	106.84	100.07	93.31	86.85	80.70	75.31	69.95	64.83	60.08	55.48	50.89	46.37	42.35	38.74	35.57	32.82	30.50	28.86	28.59	28.36	28.17	28.00	
103.00	97.75	92.67	87.76	82.86	77.97	73.19	68.64	64.16	59.76	55.68	51.90	48.56	45.46	42.47	40.06	37.92	36.07	34.76	33.76	32.89	32.16	32.00	
120.00	112.04	104.08	96.26	88.57	81.81	76.35	71.23	66.13	61.25	57.06	52.87	49.69	47.21	44.78	42.44	40.14	37.87	35.66	33.55	31.45	29.59	28.45	28.00	
121.00	114.91	108.84	103.01	97.36	92.11	86.95	81.86	76.95	72.12	67.37	62.82	58.29	53.98	50.43	47.29	44.80	42.38	40.02	38.04	36.09	34.20	33.00	
112.00	104.64	97.74	91.01	85.04	79.29	73.81	68.36	63.24	58.39	53.90	49.47	45.09	41.68	39.19	36.94	35.07	33.21	31.38	30.04	28.85	28.00	
105.00	99.33	93.89	88.74	83.79	78.91	74.14	69.52	64.98	60.76	56.66	53.39	50.14	46.91	44.46	42.10	39.95	37.86	36.05	34.27	33.42	33.15	33.00	
101.00	94.16	87.63	81.66	75.73	70.97	66.31	62.09	58.47	55.00	51.95	49.30	46.82	44.73	42.68	40.75	38.84	36.98	35.60	34.26	33.66	33.06	32.50	32.00	
115.00	107.40	100.02	93.23	86.74	80.35	74.02	68.01	63.22	58.74	54.34	50.09	46.07	43.16	40.59	38.13	36.02	34.04	32.74	32.34	32.13	32.00	
114.00	105.10	96.87	88.65	80.94	74.30	68.63	63.06	57.80	52.63	47.96	44.16	41.27	38.42	36.18	34.34	32.80	31.65	31.30	31.10	31.00	
115.00	108.43	102.05	95.91	90.09	84.64	79.60	74.76	70.34	66.09	61.94	57.94	53.98	50.13	46.35	42.59	39.03	36.78	34.58	32.66	31.48	30.49	30.00	
105.00	97.88	91.23	84.63	78.73	72.87	67.11	61.82	57.51	53.49	49.48	45.73	42.55	39.47	36.94	34.89	33.12	31.68	30.25	29.62	29.11	29.00	
117.00	108.98	101.26	94.27	87.34	81.37	75.43	69.60	63.81	58.03	53.01	48.65	44.30	40.54	37.72	35.21	33.16	31.44	30.21	29.06	29.00	
103.00	96.90	90.83	85.72	80.69	76.09	71.59	67.46	63.57	59.73	55.95	52.17	48.65	45.27	42.08	39.21	36.66	34.59	33.34	33.01	33.00	
118.00	110.29	102.63	94.99	88.29	81.98	75.93	69.95	64.17	59.48	55.08	51.24	47.41	44.03	40.77	37.93	35.42	33.00	31.29	30.07	29.46	29.11	29.00	
107.00	100.20	93.49	86.81	81.07	75.51	69.96	64.46	59.19	54.39	49.71	46.44	43.70	41.01	38.42	36.02	33.94	31.96	30.31	29.09	28.38	28.00	
101.00	94.97	88.96	83.26	78.21	73.42	68.77	64.53	60.46	56.69	52.99	49.58	46.33	43.49	41.15	39.38	37.75	36.34	35.06	34.05	33.42	32.82	32.30	32.00	
119.00	109.74	100.74	91.99	83.55	75.52	68.01	60.81	54.74	49.01	45.34	41.76	38.96	36.88	35.02	33.25	31.96	30.74	30.01	29.34	29.06	29.00	
112.00	104.16	96.50	89.07	82.81	76.58	70.42	64.50	58.74	53.10	48.29	45.30	42.91	40.69	38.56	36.52	34.88	33.28	32.27	31.27	31.00	
121.00	114.48	108.02	101.69	95.49	89.54	83.58	77.95	72.38	67.13	61.95	57.29	53.34	49.97	46.73	43.49	41.53	39.68	37.90	36.22	35.03	33.93	33.15	33.00	
123.00	113.51	105.54	98.02	90.73	83.73	76.80	69.93	64.11	58.92	54.58	50.83	47.77	44.82	42.23	39.68	37.45	35.29	33.35	31.80	31.39	31.00	
111.00	102.10	93.32	85.76	78.98	72.93	67.00	61.24	55.51	51.12	47.62	44.22	40.94	38.25	36.20	34.52	33.42	32.38	31.67	31.06	30.57	30.12	30.00	
123.00	113.38	104.55	96.24	88.58	81.89	75.27	68.93	62.72	57.00	51.28	46.21	42.92	39.67	36.99	34.44	32.78	31.71	30.91	30.38	30.00	
113.00	105.66	98.40	91.16	83.98	77.46	71.15	65.27	60.07	55.06	50.17	45.60	42.11	38.86	35.95	34.71	33.48	32.38	31.36	30.38	29.52	29.21	29.08	29.00	
116.00	109.13	102.31	95.57	88.99	82.87	77.27	71.88	66.97	62.13	57.64	53.34	49.29	45.29	41.73	38.42	35.30	33.21	31.47	30.11	29.72	29.37	29.06	29.00	
118.00	109.72	102.02	94.49	88.36	82.29	76.41	70.62	64.96	60.45	56.54	53.42	50.34	47.38	44.44	41.82	39.91	38.32	36.79	35.59	34.42	33.38	33.00	
117.00	109.46	102.38	95.80	89.37	83.12	77.42	72.00	66.81	61.92	57.30	52.83	48.47	44.24	40.45	36.94	34.04	32.13	30.62	29.24	28.00	
120.00	110.59	101.52	94.10	86.84	80.66	75.55	70.66	65.82	61.17	56.57	52.47	48.98	45.77	42.82	40.02	37.24	34.72	32.31	30.37	28.68	28.00	
101.00	93.53	86.48	80.00	73.78	67.94	62.82	57.93	53.44	49.58	46.34	43.78	41.57	39.52	37.47	35.61	34.19	32.89	32.07	31.40	31.02	31.00	
105.00	99.32	93.74	88.30	83.15	78.31	73.48	68.70	64.57	60.59	57.00	53.50	50.33	47.37	44.68	42.21	39.87	37.74	35.94	34.81	33.88	33.35	33.00	
101.00	94.02	87.09	80.43	74.94	69.83	65.34	60.93	56.69	52.84	48.98	45.44	41.92	39.15	36.72	34.31	32.46	30.89	29.72	28.58	28.00	
122.00	112.43	104.09	96.38	89.80	83.21	76.66	71.08	65.59	60.21	54.91	49.66	45.51	41.44	38.29	35.91	33.75	31.87	30.15	28.73	28.00	
107.00	100.26	93.54	87.47	82.16	76.92	71.73	66.64	62.35	58.21	54.28	50.67	47.10	43.66	40.33	37.62	35.02	33.04	31.23	29.54	28.00	
123.00	115.30	108.19	101.45	94.88	88.37	81.97	76.18	70.66	65.31	60.82	56.80	53.00	49.54	46.26	43.15	40.40	37.77	35.50	33.29	32.35	31.73	31.20	31.00	
114.00	102.65	94.27	86.67	79.88	73.58	67.46	62.79	58.22	54.05	50.04	46.45	43.09	39.81	37.52	35.55	33.91	32.28	31.09	30.04	30.00	
109.00	102.68	96.87	91.43	86.13	80.85	75.77	70.76	66.19	61.63	57.69	54.18	50.79	47.74	45.14	42.71	40.29	38.07	35.92	34.08	33.15	32.31	32.00	
106.00	99.34	93.09	86.91	81.20	75.79	71.07	66.55	62.25	58.13	54.22	50.49	46.81	43.26	40.44	37.89	35.79	34.18	32.97	32.04	31.27	31.00	
106.00	98.00	90.98	84.05	77.92	72.05	67.16	63.05	59.69	56.40	53.22	50.25	47.71	45.47	43.30	41.18	39.14	37.69	36.49	35.33	34.18	33.07	32.10	32.00	
113.00	103.69	95.15	87.45	81.43	75.62	69.89	64.23	58.74	53.41	49.81	46.22	42.74	39.41	36.79	35.10	33.91	32.85	32.00	31.36	30.77	30.25	30.00	
113.00	103.69	96.41	89.34	82.98	77.52	72.26	67.04	61.86	57.07	53.21	49.53	46.62	44.03	41.56	39.14	36.94	34.86	33.25	32.32	31.51	30.75	30.02	30.00	
117.00	108.12	99.59	91.46	83.94	76.65	69.79	64.14	59.33	55.11	52.04	48.97	45.94	43.46	41.00	39.01	37.06	35.27	34.09	33.29	32.60	32.00	
110.00	100.90	92.99	85.32	78.38	72.39	66.59	60.95	55.66	50.73	47.19	44.21	41.50	38.83	36.31	34.75	33.41	32.22	31.43	30.66	30.00	
106.00	100.53	95.18	89.89	85.29	80.93	76.72	72.67	68.93	65.47	62.28	59.18	56.17	53.31	50.49	47.75	45.08	42.66	40.33	38.51	36.84	35.20	33.59	32.00	
123.00	113.83	105.04	96.53	89.28	82.15	75.12	69.30	63.87	59.35	54.89	50.88	47.32	44.32	41.49	38.70	36.20	33.94	31.75	30.05	28.85	28.00	
115.00	104.68	95.62	86.73	77.89	69.61	61.69	55.96	51.60	47.27	44.24	41.64	39.03	36.49	34.75	33.03	31.86	30.92	30.24	30.03	30.00	
107.00	98.87	91.49	84.57	78.13	72.48	67.01	62.83	59.04	55.62	52.32	49.26	46.22	43.70	41.33	39.05	36.92	34.79	33.43	32.41	31.56	30.74	30.12	30.00	
110.00	101.02	93.03	85.96	78.95	72.36	66.36	60.70	56.47	53.49	50.64	48.17	45.94	43.72	41.58	39.52	37.50	35.94	34.51	33.66	33.21	33.00	
116.00	108.57	101.62	95.70	90.09	84.55	79.50	74.57	69.64	65.41	61.52	58.05	54.63	51.49	48.40	45.38	42.98	40.59	38.33	36.20	34.36	32.87	31.47	31.00	
121.00	112.10	103.26	94.49	85.74	78.09	71.74	66.48	61.63	56.83	52.11	48.25	44.60	41.16	38.57	36.11	33.98	32.44	31.06	30.38	30.00	
105.00	97.34	90.54	83.77	77.25	70.88	64.65	58.65	54.05	50.26	47.12	44.62	42.28	40.01	38.19	36.65	35.25	33.89	32.66	31.48	30.67	30.00	
109.00	102.76	96.68	90.68	84.75	78.95	73.60	68.81	64.20	59.68	55.41	51.38	47.75	44.85	42.11	39.48	37.05	34.77	32.95	32.13	32.00	
112.00	104.32	97.71	91.73	85.89	80.36	75.62	71.13	66.76	62.41	58.06	53.87	50.32	46.80	43.40	40.69	38.17	36.04	34.24	32.87	31.70	30.72	29.76	29.00	
116.00	109.63	103.26	97.06	91.16	85.56	80.11	74.73	69.66	64.71	59.90	55.74	51.68	47.75	44.46	41.72	39.04	36.65	34.77	33.66	32.64	31.74	31.17	31.00	
123.00	114.43	105.89	97.94	90.12	82.55	75.62	69.99	64.87	59.75	55.17	50.87	46.84	42.89	39.07	36.47	33.96	31.68	30.24	29.21	28.42	28.07	28.00	
122.00	112.95	104.22	95.73	87.81	81.06	75.23	69.42	64.07	59.13	54.33	50.68	47.25	43.86	40.66	38.21	36.01	33.92	31.85	29.79	29.23	29.07	29.00	
120.00	111.33	102.71	94.93	87.82	80.89	74.14	67.64	61.62	56.91	52.33	47.88	43.79	40.61	37.95	35.44	33.46	31.66	29.97	28.73	28.00	
108.00	100.64	93.35	86.18	79.29	73.35	67.42	61.99	56.80	52.44	48.61	45.09	41.58	38.54	35.77	33.21	30.79	29.71	28.72	28.02	28.00	
119.00	110.91	102.92	96.13	89.44	83.25	77.07	70.91	65.13	59.61	54.20	49.60	45.50	41.71	39.21	36.77	34.82	33.02	31.37	30.28	29.60	29.23	29.00	
105.00	99.38	93.90	88.65	83.48	78.34	73.42	69.38	65.44	61.75	58.22	54.80	51.89	49.03	46.29	43.69	41.43	39.23	37.03	34.88	32.95	31.45	31.00	
104.00	97.93	91.91	86.47	81.14	76.20	71.39	66.68	62.27	58.21	54.61	51.17	47.85	44.82	41.83	39.09	36.80	34.60	32.58	30.96	29.90	28.94	28.00	
113.00	106.57	100.21	94.04	87.90	81.89	76.37	71.20	66.06	61.93	57.82	53.81	50.30	47.04	43.82	40.75	37.74	35.16	33.20	31.62	30.64	29.79	29.24	29.00	
122.00	111.87	101.88	93.32	85.27	77.23	70.00	63.20	58.18	53.78	49.42	45.13	42.68	40.33	38.15	36.05	34.38	32.94	31.65	31.17	31.00	
121.00	112.66	104.33	96.13	88.07	81.11	74.21	68.38	63.30	58.46	53.70	49.24	44.79	41.85	39.00	36.63	34.36	32.27	31.18	30.59	30.00	
118.00	110.21	102.84	96.06	90.08	84.49	78.96	73.83	68.75	64.20	59.96	55.83	51.89	48.08	44.33	40.78	37.25	34.46	31.94	30.55	29.48	29.07	29.00	
101.00	94.60	88.56	82.69	76.96	71.48	66.05	61.14	56.64	52.43	48.51	44.74	41.17	38.74	36.43	34.75	33.36	32.21	31.35	31.15	31.00	
116.00	108.54	101.38	94.51	88.06	81.72	75.85	71.02	66.33	61.64	57.37	53.17	49.28	45.93	42.73	39.83	37.78	36.00	34.91	34.15	33.68	33.27	33.00	
121.00	112.36	103.75	95.23	87.03	79.00	72.58	66.47	60.40	55.01	50.66	46.83	43.46	40.67	38.12	35.78	33.49	31.66	30.14	29.23	28.76	28.34	28.07	28.00	
123.00	113.35	104.04	94.86	86.26	78.58	71.11	64.65	59.18	54.47	49.81	45.95	42.46	39.01	36.94	35.07	33.26	31.89	31.00	30.26	29.58	29.00	
103.00	93.82	85.20	78.50	71.94	66.03	60.25	54.83	49.87	46.77	44.41	42.16	39.95	38.62	37.32	36.05	34.80	33.64	32.50	32.21	32.08	32.00	
109.00	102.45	96.22	90.52	84.84	79.56	74.55	69.55	64.76	60.01	55.48	51.18	47.97	44.78	41.60	38.56	35.87	33.39	31.50	30.46	30.00	
102.00	94.75	87.54	81.62	76.55	71.66	66.99	62.67	58.53	54.52	50.63	47.13	44.07	41.29	38.59	36.08	34.31	32.80	31.56	31.03	31.00	
119.00	110.92	102.91	95.09	87.55	81.46	75.40	69.62	64.18	58.82	53.51	49.31	45.67	42.49	39.52	37.38	35.24	33.26	31.39	29.72	29.36	29.16	29.00	
103.00	96.46	90.12	84.33	78.62	73.14	67.93	63.73	59.61	55.97	52.62	49.73	46.99	44.49	42.03	39.66	37.46	35.55	34.09	32.70	31.56	31.00	
114.00	106.06	99.16	92.48	86.01	80.49	74.98	69.96	65.09	60.57	56.57	52.70	48.90	45.14	41.55	39.06	36.73	34.66	33.87	33.13	33.00	
108.00	100.88	93.77	86.82	80.59	74.69	69.02	63.78	58.99	54.29	49.63	45.35	42.26	39.74	37.43	35.36	33.70	32.41	31.13	30.15	29.63	29.19	29.00	
119.00	111.01	103.07	95.18	87.64	80.55	73.66	67.55	61.48	55.75	51.53	47.56	43.61	40.64	38.55	36.89	35.36	34.57	33.83	33.24	32.74	32.25	32.00	
123.00	114.66	106.65	99.91	93.66	87.49	81.38	76.22	71.37	66.53	61.74	57.44	53.85	50.59	47.81	45.31	42.87	40.56	38.35	36.67	35.17	33.74	33.14	33.00	
105.00	96.81	89.14	81.67	75.13	68.62	62.35	56.95	51.68	47.02	42.61	38.80	36.64	35.01	33.39	31.80	30.70	29.76	29.00	28.41	28.00	
123.00	115.58	108.60	101.83	95.16	88.64	82.16	75.98	69.84	63.76	57.89	52.31	48.62	45.13	41.99	39.04	36.12	34.11	32.47	31.18	30.11	29.53	29.00	
120.00	112.07	104.16	96.38	88.72	81.12	75.00	69.90	65.49	61.10	56.81	52.68	49.14	45.65	42.20	39.01	36.47	34.08	33.35	33.04	33.00	
118.00	108.83	100.46	92.85	85.46	78.16	70.94	65.72	60.62	55.70	51.68	48.09	44.57	41.30	38.31	35.65	33.25	32.04	31.40	31.08	31.00	
102.00	95.77	89.76	83.82	78.01	72.85	67.76	62.72	58.16	54.06	50.21	47.45	44.81	42.33	39.96	37.64	35.75	34.16	32.83	32.08	31.69	31.32	31.00	
108.00	101.21	94.57	88.11	82.14	76.25	70.63	65.06	59.54	54.18	49.92	45.77	41.75	38.72	36.16	33.90	31.78	30.02	29.31	28.64	28.21	28.00	
115.00	107.73	100.93	94.20	87.52	81.63	75.76	69.98	64.58	59.56	54.73	50.02	46.05	42.30	38.72	35.27	32.98	30.90	29.90	29.15	29.04	29.00	
110.00	101.76	94.03	86.46	79.26	72.13	65.83	61.10	57.81	54.84	51.92	49.43	46.99	44.80	42.62	40.60	38.70	36.86	35.52	34.49	33.92	33.39	33.00	
114.00	105.86	98.18	91.09	84.76	78.96	73.49	68.08	62.75	58.10	54.62	51.81	49.15	46.61	44.08	41.54	39.12	37.02	35.25	33.75	32.46	31.68	31.17	31.00	
123.00	112.78	103.02	93.78	86.27	79.08	72.02	65.58	59.62	53.94	48.50	44.40	40.41	36.90	34.47	32.63	31.57	30.52	29.48	29.01	29.00	
111.00	104.39	97.80	91.22	85.23	79.34	73.60	67.93	62.92	58.22	53.71	49.87	46.17	43.21	40.51	37.82	36.06	34.59	33.54	32.67	32.24	32.00	
118.00	109.43	101.31	93.60	86.03	79.56	73.21	67.10	61.17	56.00	51.77	47.92	44.09	41.06	39.21	37.71	36.33	35.13	34.16	33.28	32.49	32.10	32.00	
107.00	100.56	94.57	88.84	83.19	77.57	72.21	66.87	62.08	57.55	53.03	48.78	45.05	41.99	39.39	37.02	34.99	33.22	31.64	30.14	29.57	29.26	29.00	
121.00	114.38	108.23	102.26	96.30	90.42	84.56	78.74	72.93	67.15	61.47	56.60	51.88	47.37	42.89	39.50	36.71	34.69	32.67	31.07	29.77	28.86	28.31	28.00	
102.00	95.95	90.09	84.38	79.53	74.79	70.18	65.77	61.65	57.68	53.77	50.29	47.03	44.56	42.25	40.12	38.20	36.54	35.18	33.86	32.94	32.36	32.04	32.00	
110.00	103.08	96.24	89.67	83.36	78.13	73.03	68.25	64.41	60.76	57.12	53.52	50.20	47.34	44.55	41.83	39.28	36.73	34.52	33.11	31.72	30.94	30.24	30.00	
101.00	95.64	90.61	85.93	81.29	76.71	72.19	67.94	63.73	59.56	55.71	52.11	48.51	45.04	41.59	38.35	35.99	34.01	32.42	30.98	30.43	30.02	30.00	
112.00	104.27	96.97	90.14	84.17	78.22	72.31	66.47	62.33	58.34	54.50	50.81	47.56	44.79	42.28	40.00	38.04	36.59	35.50	34.52	33.67	33.27	33.00	
117.00	109.82	103.13	96.83	90.76	85.14	79.63	74.25	69.08	64.22	60.06	56.19	52.38	48.65	45.18	41.78	39.45	37.60	36.29	35.11	34.25	33.39	33.13	33.00	
113.00	105.96	99.01	92.53	86.46	80.55	74.84	69.69	65.57	61.45	57.52	53.61	49.93	46.27	42.63	39.68	37.64	35.95	34.43	33.35	33.00	
105.00	98.81	92.76	86.78	81.10	75.56	70.44	65.45	60.73	57.07	54.19	51.43	48.72	46.32	43.97	41.83	39.70	37.61	35.82	34.26	32.88	31.99	31.22	31.00	
113.00	104.78	96.93	89.99	83.29	76.95	70.66	65.95	61.35	56.80	53.14	49.58	46.39	43.34	40.36	37.85	35.73	34.27	33.62	33.06	33.00	
105.00	98.34	92.01	85.78	80.11	74.55	69.14	63.80	58.48	53.27	49.80	46.51	43.44	41.61	40.06	38.57	37.10	35.72	34.89	34.07	33.56	33.21	33.00	
114.00	107.29	100.59	94.01	87.85	81.72	75.69	69.84	65.35	60.99	56.69	52.41	48.18	43.97	40.14	37.16	34.76	32.59	31.44	30.32	29.23	29.06	29.00	
111.00	103.79	97.32	91.17	85.36	79.61	74.32	69.46	64.74	60.18	55.67	52.23	48.90	45.88	42.92	40.11	37.74	35.83	34.17	32.90	31.81	30.80	30.00	
113.00	106.40	100.18	94.07	88.22	82.91	77.77	73.02	68.28	63.84	59.89	56.16	52.73	49.43	46.30	43.39	40.86	38.44	36.32	34.47	33.84	33.27	33.00	
107.00	101.38	95.82	90.42	85.15	80.10	75.10	70.27	66.01	62.20	58.55	54.91	51.53	48.29	45.05	42.06	39.78	37.54	35.43	33.48	32.02	30.65	29.29	28.00	
105.00	97.70	91.25	84.92	79.95	75.33	70.80	66.52	62.52	58.75	55.36	52.17	49.18	46.39	43.73	41.13	38.75	36.75	34.85	33.04	31.50	31.00	
123.00	115.49	108.07	100.87	93.93	87.20	80.47	74.46	69.04	64.12	59.39	54.91	50.67	47.00	43.82	41.11	38.50	36.03	33.84	31.97	30.55	29.56	29.00	
117.00	109.11	101.41	94.64	88.42	82.55	77.16	72.16	67.25	62.62	58.57	54.72	51.17	47.65	44.36	41.48	38.74	36.42	34.60	33.22	31.89	30.76	30.31	30.00	
109.00	103.29	97.74	92.41	87.33	82.32	77.43	72.59	67.93	63.28	58.65	54.36	50.34	47.31	44.72	42.21	39.74	37.60	35.47	33.53	31.62	30.13	28.84	28.00	
117.00	110.11	103.76	97.42	91.18	85.48	79.81	74.37	69.07	64.07	59.53	55.51	51.56	47.76	44.01	40.67	37.92	36.19	34.47	32.94	31.54	31.16	31.00	
106.00	100.17	94.54	88.99	83.51	78.14	73.01	68.45	64.09	60.10	56.43	53.18	50.04	46.96	43.89	40.95	38.56	36.31	34.63	33.07	31.76	30.69	30.00	
116.00	106.93	97.88	89.58	81.69	74.73	68.30	62.79	57.51	52.29	48.14	44.98	41.98	39.16	36.56	34.03	31.69	29.95	29.11	29.03	29.00	
107.00	99.13	91.33	83.57	76.08	69.49	64.71	60.25	56.58	53.07	50.07	47.18	44.59	42.21	39.87	37.68	35.68	33.76	31.87	30.48	29.42	28.66	28.00	
122.00	113.27	104.71	96.61	89.42	82.52	76.37	70.39	64.70	59.16	53.94	49.14	44.45	41.00	37.85	35.38	33.01	30.85	29.56	28.90	28.40	28.00	
123.00	114.63	107.04	99.81	92.94	86.56	80.49	75.21	70.01	65.05	60.65	56.43	52.42	48.59	45.04	41.64	38.33	35.06	32.27	30.68	29.26	28.03	28.00	
118.00	110.60	103.34	96.15	89.18	82.60	76.35	70.89	65.48	60.25	55.18	50.19	46.03	43.01	40.08	37.32	35.49	33.68	32.80	32.02	32.00	
123.00	113.47	104.04	96.12	88.69	82.22	76.03	70.71	66.57	62.47	58.42	54.45	50.60	47.32	44.52	42.09	40.02	38.28	36.59	35.52	34.58	33.74	33.00	
120.00	112.81	105.73	99.11	92.56	86.11	80.06	74.04	68.59	63.64	58.89	54.75	51.01	47.30	44.06	40.90	37.74	35.02	32.56	30.92	29.45	28.00	
119.00	110.00	101.51	93.58	85.86	78.22	70.90	65.02	60.41	56.00	51.61	47.70	44.11	40.66	37.35	34.47	31.68	30.52	29.49	28.96	28.47	28.00	
101.00	94.06	87.13	80.67	74.59	68.84	63.53	58.47	54.94	51.47	48.03	44.95	42.09	40.42	38.85	37.28	35.74	34.38	33.50	32.74	32.02	31.51	31.09	31.00	
102.00	95.56	89.18	82.82	76.56	70.51	65.02	59.74	55.07	50.70	47.40	44.42	41.89	40.03	38.21	36.63	35.19	33.97	33.18	32.52	32.17	32.07	32.00	
103.00	93.74	86.36	79.17	73.18	67.24	62.04	57.31	53.40	49.63	46.02	42.61	40.17	38.28	36.40	34.58	32.90	31.69	30.91	30.28	30.00	
103.00	96.53	90.11	83.83	77.64	71.87	66.15	60.62	55.25	50.11	45.86	42.35	39.10	36.73	34.76	33.50	32.38	31.37	30.66	30.02	30.00	
120.00	111.51	104.14	97.30	90.71	84.14	77.93	71.75	65.81	60.01	54.46	49.28	44.65	40.11	36.57	33.07	31.63	30.29	29.62	29.15	29.00	
114.00	105.77	98.11	90.80	83.69	77.15	72.09	67.57	63.15	58.87	54.79	50.77	46.77	42.89	39.55	37.55	35.74	34.02	32.47	31.11	31.00	
122.00	113.35	104.74	97.32	90.07	83.37	76.77	70.45	64.91	60.04	55.58	51.54	48.15	44.85	41.56	38.44	36.10	34.57	33.66	32.93	32.22	32.00	
112.00	102.89	94.79	87.00	80.10	73.71	67.57	62.98	58.49	54.06	49.96	46.00	42.64	39.31	37.11	35.12	33.62	32.35	31.34	30.58	30.00	
117.00	109.86	103.07	96.61	90.22	84.02	79.29	74.70	70.16	66.04	61.92	57.82	53.89	50.37	46.89	44.06	41.50	39.20	36.90	34.65	32.45	31.17	31.00	
117.00	108.57	100.67	93.28	86.01	79.56	73.43	67.32	62.04	57.44	53.05	49.45	45.95	42.86	40.14	37.60	35.07	33.40	31.97	31.57	31.27	31.00	
123.00	114.44	106.64	98.99	91.35	83.89	77.71	71.76	66.77	61.83	57.19	53.66	50.18	46.72	43.49	40.43	37.53	35.09	32.66	31.15	29.90	29.00	
113.00	104.80	96.96	89.54	82.35	75.87	69.53	63.38	58.67	54.14	50.15	46.70	43.27	40.14	37.19	34.30	31.60	29.82	28.42	28.14	28.00	
116.00	108.96	102.28	95.72	89.24	82.90	76.82	71.54	66.43	61.64	56.89	52.26	47.97	44.91	42.03	39.68	37.64	35.68	33.80	31.99	30.71	30.35	30.00	
117.00	107.23	98.33	90.50	82.72	75.12	68.22	63.69	59.26	55.46	51.81	48.73	45.73	43.20	40.67	38.27	36.61	35.49	34.37	33.42	33.06	33.00	
122.00	113.85	105.84	98.06	90.53	83.70	77.17	70.65	64.26	60.26	56.33	52.67	49.26	46.22	43.35	41.29	39.37	37.46	35.95	34.54	33.31	32.40	32.08	32.00	
106.00	98.15	90.83	84.35	78.08	72.76	67.63	63.07	58.84	54.64	50.65	46.72	43.01	39.48	36.47	33.79	31.57	30.36	29.27	28.79	28.50	28.24	28.05	28.00	
101.00	94.51	88.13	82.36	76.63	71.00	65.49	60.65	55.82	51.45	47.43	43.56	40.29	37.72	35.46	33.92	32.61	31.76	31.13	30.51	30.00	
107.00	100.46	94.17	87.94	81.79	75.89	70.18	64.57	59.10	53.81	49.25	45.14	41.46	39.14	36.99	35.26	33.82	32.42	31.28	30.22	29.28	28.40	28.00	
105.00	98.99	93.03	87.19	81.81	77.26	72.88	68.53	64.21	59.95	56.10	52.65	49.25	46.13	43.17	40.32	37.51	34.86	32.84	31.40	30.32	29.43	29.00	
102.00	96.00	90.09	84.55	79.44	75.27	71.10	66.97	62.96	58.97	55.12	51.54	48.44	45.47	42.62	39.93	37.51	35.64	34.66	33.91	33.42	33.17	33.00	
109.00	99.11	90.70	82.78	75.77	68.90	64.50	60.44	56.44	52.48	49.06	45.78	42.89	40.41	38.19	35.97	33.88	31.98	30.31	29.24	29.03	29.00	
111.00	103.95	97.78	91.81	85.98	80.21	74.89	69.85	64.84	59.87	55.17	51.34	47.62	43.93	40.63	37.81	35.64	33.55	31.62	30.32	30.00	
123.00	113.82	104.91	96.50	88.12	81.25	74.57	67.96	63.01	58.51	54.34	50.36	46.49	43.26	40.07	37.85	36.00	34.93	34.05	33.21	33.00	
107.00	101.35	95.83	90.36	84.89	79.44	74.15	69.40	65.08	60.93	56.86	53.23	49.83	46.45	43.07	39.74	37.33	35.13	32.96	31.84	31.17	31.00	
116.00	108.17	100.91	93.96	87.86	81.84	75.93	70.15	65.40	60.84	56.52	53.08	49.69	46.41	43.18	39.97	36.98	34.46	33.73	33.32	33.00	
114.00	107.00	100.07	93.46	86.85	80.31	73.89	67.53	61.32	55.73	51.49	47.59	43.71	40.32	38.38	36.71	35.60	34.63	33.71	32.78	32.30	32.04	32.00	
118.00	111.55	105.43	99.40	93.39	87.85	82.40	77.04	71.89	66.96	62.42	58.26	54.15	50.34	47.10	44.16	41.22	38.37	35.91	33.84	31.79	30.10	29.38	29.00	
118.00	109.19	101.23	93.74	87.01	80.53	74.12	67.99	62.54	57.44	53.19	49.48	45.86	42.80	39.83	37.97	36.30	34.64	33.31	32.20	31.59	31.03	31.00	
113.00	106.26	99.88	93.78	88.33	82.91	77.56	72.47	68.03	63.59	59.34	55.13	50.94	47.12	43.35	39.74	36.29	33.33	32.05	30.89	30.14	30.00	
120.00	109.93	99.98	92.15	84.33	76.90	70.53	65.38	60.28	55.88	51.92	48.36	44.83	41.39	38.91	36.96	35.25	33.75	32.28	31.08	30.00	
104.00	97.26	90.74	84.23	77.85	71.74	66.96	62.24	57.55	52.98	49.03	45.24	41.46	37.85	35.72	34.00	32.31	31.12	30.41	30.18	30.00	
122.00	114.24	106.60	98.95	91.44	84.34	77.43	70.80	65.51	60.93	56.65	52.74	49.05	45.53	42.74	40.03	37.66	35.72	34.26	33.01	32.03	31.13	30.46	30.00	
119.00	112.07	105.32	98.89	92.64	86.58	80.53	74.50	68.64	64.15	59.85	55.63	52.04	48.85	45.84	43.08	40.46	38.33	36.48	34.66	33.78	33.00	
102.00	96.55	91.41	86.30	81.28	76.35	71.48	66.72	62.03	57.80	53.72	50.47	47.82	45.25	42.77	40.42	38.34	36.36	35.14	34.10	33.68	33.31	33.04	33.00	
112.00	105.18	98.40	91.65	84.93	78.60	72.52	67.11	61.89	56.70	52.81	49.80	46.92	44.13	42.05	40.15	38.34	36.56	35.00	33.68	32.64	31.94	31.42	31.00	
108.00	100.51	93.15	86.17	79.20	72.45	66.68	61.10	55.79	52.09	48.68	45.45	42.26	39.35	36.57	33.80	31.57	30.36	29.38	28.59	28.00	
112.00	104.70	97.45	90.34	83.33	76.64	70.07	63.80	57.80	52.68	47.86	43.93	40.29	37.53	34.99	33.33	32.35	31.40	30.73	30.18	30.00	
101.00	93.11	86.05	79.02	73.35	67.76	62.37	57.51	53.49	49.76	46.55	43.91	41.56	39.31	37.29	35.36	34.58	33.93	33.35	33.15	33.00	
117.00	107.20	98.40	90.95	83.50	76.11	70.57	65.18	59.96	54.95	50.70	46.66	42.99	39.56	36.53	34.73	33.08	32.17	31.35	30.70	30.13	30.00	
120.00	111.12	102.84	94.76	87.03	79.98	72.99	66.33	60.59	54.92	50.14	45.36	41.01	37.48	34.81	33.36	32.15	31.06	30.43	30.11	30.00	
110.00	102.70	95.56	88.68	81.82	75.97	70.13	64.31	60.43	56.89	53.58	50.43	47.83	45.28	42.87	40.48	38.12	35.85	33.75	32.55	31.60	31.23	31.00	
110.00	104.22	98.59	93.59	88.66	83.82	79.00	74.23	69.62	65.02	60.73	56.53	52.43	48.72	45.44	42.99	40.57	38.36	36.15	34.44	33.15	32.00	
105.00	98.70	92.41	86.17	79.98	74.20	69.13	64.71	60.45	56.78	53.29	50.13	47.06	44.55	42.09	39.72	37.39	35.24	33.17	31.70	30.28	30.00	
108.00	100.33	92.72	85.67	79.27	73.32	67.53	61.80	56.26	51.56	46.96	43.32	40.04	37.35	34.72	33.36	32.29	31.27	30.61	30.28	30.07	30.00	
102.00	95.44	89.26	83.08	77.08	71.45	66.39	61.77	57.18	52.81	48.47	44.91	42.00	40.03	38.48	37.08	35.89	34.81	33.82	33.03	32.44	32.00	
113.00	107.00	101.19	95.47	90.00	84.56	79.25	74.03	69.45	65.06	61.04	57.27	53.65	50.16	47.00	44.02	41.15	38.34	36.30	34.30	32.74	32.01	31.35	31.00	
122.00	113.18	105.54	98.03	90.55	83.28	76.26	69.41	64.02	58.79	53.69	48.60	44.53	40.73	37.00	35.51	34.05	32.73	31.63	30.63	29.68	29.21	29.00	
118.00	112.09	106.19	100.40	94.74	89.25	83.87	78.97	74.48	70.11	65.74	61.50	57.45	53.52	49.86	46.67	43.61	40.57	37.91	35.51	33.48	31.50	30.17	29.00	
102.00	95.75	89.79	84.13	78.50	73.58	68.79	64.05	59.50	55.87	52.33	48.87	46.34	43.84	41.47	39.33	37.20	35.19	33.61	32.52	31.62	31.04	30.47	30.00	
122.00	113.48	105.07	96.71	88.64	81.32	74.36	67.66	61.00	55.57	51.34	47.19	43.53	40.49	37.93	35.40	33.06	30.92	29.80	28.92	28.35	28.16	28.00	
117.00	109.50	102.53	95.58	89.67	83.83	78.21	72.82	67.47	62.42	57.58	52.82	48.96	45.56	42.56	39.73	37.39	35.31	33.46	31.73	30.33	29.13	29.00	
102.00	95.00	88.09	81.92	75.89	69.99	65.49	61.20	57.21	53.62	50.62	47.95	45.56	43.22	41.09	38.99	37.30	35.91	34.70	33.50	32.44	31.51	30.66	30.00	
105.00	98.43	92.46	86.87	81.61	76.52	71.55	66.63	62.07	58.43	54.81	51.43	48.16	45.07	42.23	39.53	37.25	35.11	33.49	32.00	30.70	29.50	29.00	
103.00	96.90	90.92	85.93	81.35	76.94	72.70	68.61	64.64	60.76	57.55	54.64	51.95	49.49	47.17	44.89	42.66	40.48	38.39	36.61	34.89	33.44	33.05	33.00	
103.00	96.30	89.64	83.94	78.25	72.58	67.09	62.01	57.64	53.52	49.94	46.48	44.12	41.77	39.73	37.69	36.01	34.41	32.92	31.85	31.00	
105.00	98.13	91.34	85.04	79.05	73.97	68.94	64.33	60.48	56.81	53.18	50.30	47.43	44.82	42.28	39.83	37.63	35.73	34.18	32.64	31.16	29.81	29.00	
103.00	94.98	88.05	81.17	74.85	68.95	63.37	59.17	55.06	51.34	48.52	46.06	43.64	41.37	39.34	37.41	35.53	33.77	32.32	30.97	29.78	29.35	29.00	
116.00	107.55	99.23	92.70	86.34	80.09	74.68	69.35	64.46	59.74	55.65	51.65	48.21	44.78	41.53	38.84	36.66	34.77	33.18	32.62	32.27	32.00	
107.00	98.37	90.03	82.79	76.10	70.98	65.98	61.47	57.54	53.70	50.04	46.79	44.03	41.40	38.87	36.51	34.52	33.10	31.78	30.61	29.86	29.21	29.00	
117.00	108.65	100.52	93.14	86.06	79.46	73.13	67.88	62.98	58.30	53.86	49.61	45.95	42.55	39.68	37.24	34.90	33.31	31.74	30.85	30.53	30.21	30.00	
117.00	107.85	98.90	90.05	81.98	75.25	70.27	65.48	61.30	57.32	53.35	49.63	46.09	42.62	39.90	37.42	35.07	33.08	31.69	30.69	30.04	30.00	
112.00	103.98	96.30	89.32	82.85	76.78	70.91	65.47	60.23	55.19	50.27	45.56	41.47	38.31	35.87	33.53	31.20	29.38	28.59	28.03	28.00	
118.00	110.93	104.06	97.38	90.94	84.82	78.96	73.50	68.49	64.07	60.19	56.33	52.59	49.61	46.64	43.99	41.39	38.88	36.47	34.12	32.23	31.07	30.19	30.00	
107.00	100.86	94.98	89.22	83.52	78.07	73.05	68.30	63.72	59.67	55.93	52.49	49.10	45.78	42.93	40.48	38.23	36.19	35.29	34.41	33.58	33.04	33.00	
123.00	114.03	105.82	97.87	92.70	87.74	82.86	78.12	73.39	68.72	64.20	60.01	55.93	52.01	48.51	45.47	42.43	39.58	37.18	34.83	33.24	31.74	31.00	
103.00	96.77	90.78	84.92	79.15	73.80	68.57	63.74	59.11	54.88	50.81	47.74	44.81	42.16	39.52	37.35	35.39	33.49	31.95	30.75	29.85	29.12	29.00	
123.00	114.24	105.59	97.25	89.01	82.29	75.63	69.62	64.13	59.03	54.45	50.39	46.47	42.83	39.62	36.46	33.80	32.18	30.70	29.69	29.00	
103.00	95.73	89.10	82.64	76.55	71.02	65.70	60.57	56.23	51.98	47.97	44.29	41.18	38.41	36.28	34.25	33.06	32.00	30.98	30.02	30.00	
112.00	105.74	99.48	93.81	88.37	83.21	78.40	73.96	69.69	65.76	61.84	58.07	54.30	50.72	47.23	43.88	40.59	37.84	35.18	33.29	31.87	30.74	29.70	29.00	
108.00	101.95	96.00	90.33	84.76	79.36	73.98	68.68	63.56	58.48	53.61	49.47	45.65	42.29	40.07	37.97	35.99	34.15	32.37	30.90	30.10	30.00	
121.00	113.59	106.26	99.22	92.50	85.94	79.72	73.70	67.86	62.27	57.66	53.54	49.88	46.48	43.83	41.20	38.77	36.55	34.47	32.76	31.37	30.04	29.08	29.00	
114.00	106.78	99.59	92.97	86.61	80.53	74.81	69.21	63.62	58.57	54.39	50.21	47.38	44.69	42.08	39.48	36.91	34.41	32.05	30.57	29.52	29.04	29.00	
102.00	94.73	87.54	80.44	73.53	67.56	62.59	58.25	54.00	49.95	46.00	42.36	39.40	36.68	34.19	32.46	31.42	30.80	30.38	30.16	30.05	30.00	
109.00	103.48	98.04	92.67	87.34	82.12	77.30	72.52	68.42	64.37	60.43	56.91	53.45	50.03	47.06	44.49	41.96	39.85	37.98	36.20	34.62	33.17	33.00	
111.00	104.88	99.09	93.47	88.16	82.86	77.74	72.84	68.35	63.93	59.70	55.57	51.57	48.27	45.16	42.17	39.32	36.82	34.48	32.21	31.24	30.33	30.00	
111.00	103.68	96.50	89.45	83.18	77.14	71.48	66.17	61.14	56.39	53.03	49.70	46.61	43.63	40.94	38.43	36.57	34.92	34.04	33.55	33.26	33.00	
114.00	106.55	100.13	93.97	87.88	81.87	76.26	70.76	65.29	60.48	55.84	52.09	48.60	45.20	41.96	39.30	36.94	34.59	32.30	30.07	28.73	28.12	28.00	
123.00	114.43	106.05	98.43	91.23	84.52	77.85	71.54	65.24	59.41	54.77	50.21	46.04	42.05	38.21	35.67	33.58	31.60	29.68	28.52	28.00	
101.00	92.55	84.47	76.64	68.96	62.42	56.17	52.42	48.97	45.58	42.48	39.67	37.00	35.32	33.75	32.35	31.03	29.95	28.93	28.53	28.25	28.06	28.00	
121.00	113.88	106.83	100.01	93.31	87.04	80.95	75.64	70.58	65.70	61.32	56.95	52.98	49.40	46.22	43.21	40.41	37.64	35.07	32.91	31.33	30.00	
118.00	111.64	105.56	99.73	94.00	88.53	83.50	78.65	73.87	69.44	65.04	60.67	56.71	52.85	49.36	46.00	43.40	40.82	38.40	36.54	35.05	33.94	32.87	32.00	
120.00	112.63	105.73	98.93	92.26	86.16	80.39	75.19	70.17	65.37	60.75	56.27	52.87	49.69	46.53	43.56	40.76	38.22	35.69	34.04	33.44	33.00	
121.00	113.50	106.53	100.27	94.36	88.48	82.74	77.41	72.24	67.08	61.96	57.15	52.36	48.01	43.91	40.83	38.01	35.36	32.84	30.58	29.33	28.27	28.12	28.00	
105.00	96.83	88.78	81.38	74.65	68.13	61.76	56.45	51.94	47.66	44.07	40.72	38.37	36.16	34.54	33.38	32.30	31.64	31.16	31.03	31.00	
121.00	111.70	102.97	94.25	86.85	79.51	72.99	66.68	61.18	55.80	50.48	45.96	41.78	37.68	35.47	33.32	31.43	30.28	29.24	28.27	28.03	28.00	
106.00	97.72	89.51	82.06	75.81	69.75	64.10	58.67	54.26	49.86	45.70	42.45	39.47	36.75	34.47	32.76	31.72	31.01	30.45	30.01	30.00	
123.00	114.74	106.72	100.09	93.82	87.73	82.28	76.99	72.04	67.41	62.97	58.81	55.05	51.35	47.82	44.49	41.31	38.48	35.86	33.24	31.78	30.43	29.58	29.00	
112.00	105.32	98.72	92.39	86.58	80.95	75.37	69.89	65.03	60.27	55.52	51.39	47.98	44.82	41.76	39.31	36.89	35.13	33.39	31.91	30.57	29.62	28.79	28.00	
123.00	113.88	104.89	95.92	87.37	81.09	74.90	68.80	63.42	58.07	52.93	47.94	43.57	39.20	36.63	34.52	32.65	30.81	29.43	28.34	28.00	
103.00	95.85	89.07	82.72	76.51	71.12	66.05	61.40	57.39	53.92	50.50	47.13	44.18	41.56	39.60	37.89	36.30	35.00	34.10	33.23	32.68	32.30	32.00	
122.00	113.36	105.15	97.86	90.90	84.37	77.90	72.35	67.95	63.62	59.71	55.84	52.40	49.15	45.95	42.81	39.73	36.78	34.67	32.64	31.90	31.43	31.07	31.00	
108.00	98.38	89.07	81.51	74.86	69.28	65.46	62.06	58.68	55.50	52.42	49.53	46.66	44.05	41.90	39.83	37.88	36.23	34.74	33.61	32.50	31.75	31.00	
115.00	106.56	99.30	92.24	85.78	79.74	73.73	67.85	62.62	57.92	53.38	50.19	47.10	44.38	41.88	39.39	37.33	35.34	33.53	32.13	31.00	
122.00	113.35	105.34	98.35	91.79	85.43	79.26	73.24	67.64	62.17	56.86	51.62	46.69	42.65	40.05	37.65	35.34	34.45	33.71	33.11	33.00	
120.00	111.89	103.97	96.53	89.14	82.43	75.83	69.23	62.79	58.71	54.91	51.27	47.64	44.30	41.76	40.06	38.41	36.83	35.44	34.31	33.31	33.00	
121.00	113.41	106.42	99.60	92.96	86.41	80.70	75.03	69.88	64.83	59.96	55.12	50.77	46.52	42.69	39.31	36.18	33.24	30.61	29.29	28.38	28.00	
113.00	106.35	99.85	93.38	87.30	81.61	76.32	71.24	66.22	61.48	57.18	53.03	49.06	45.20	41.39	38.27	35.76	34.03	32.29	31.29	30.37	29.65	29.19	29.00	
119.00	110.06	101.55	93.72	86.24	80.54	74.85	69.23	64.45	60.02	56.44	53.38	50.40	47.53	44.71	42.34	40.22	38.30	36.42	34.78	33.33	32.00	
120.00	111.00	102.68	94.45	86.78	79.15	71.65	64.44	57.77	52.01	48.05	44.17	41.39	39.00	36.83	35.17	33.67	32.51	31.45	30.47	29.53	29.00	
109.00	101.33	93.93	86.59	80.00	73.70	67.98	62.32	56.87	52.27	47.97	44.20	40.91	38.63	36.79	34.99	33.23	31.95	31.21	31.05	31.00	
120.00	110.99	102.61	94.59	86.71	79.14	71.81	64.51	58.90	54.47	50.14	46.21	43.21	40.26	37.57	35.55	33.58	32.20	31.41	30.75	30.34	30.05	30.00	
118.00	109.41	100.84	93.90	86.95	80.28	74.17	68.30	63.09	58.08	53.07	48.76	45.30	41.96	38.76	35.72	32.71	31.59	30.69	30.20	30.00	
108.00	101.87	95.90	90.01	84.47	79.56	74.82	70.68	66.57	62.61	58.71	54.82	51.06	47.70	44.35	41.62	38.95	37.05	35.81	34.85	33.94	33.42	33.00	
109.00	102.50	96.13	89.90	83.77	77.67	71.66	66.68	62.10	57.63	53.26	48.96	44.69	40.65	38.02	35.50	33.66	32.31	31.25	30.24	29.58	29.00	
123.00	114.92	107.07	99.62	92.71	85.93	79.25	72.77	66.36	60.61	55.15	49.76	46.29	42.86	40.36	38.58	36.92	35.35	34.06	33.23	32.46	32.00	
121.00	113.66	106.59	99.86	93.83	87.94	82.16	76.39	70.85	65.49	60.50	55.55	50.97	46.91	43.43	39.98	36.74	34.53	32.88	31.44	31.00	
102.00	96.00	90.03	84.26	79.35	74.45	69.61	64.98	60.41	56.53	52.95	49.41	46.21	43.12	40.75	39.03	37.39	35.87	34.64	33.82	33.00	
116.00	108.68	101.41	94.32	87.65	81.49	75.36	69.38	63.58	58.60	53.85	50.49	47.40	44.46	41.88	39.35	36.85	34.39	32.11	30.25	29.21	29.06	29.00	
102.00	96.35	90.97	86.24	81.81	77.41	73.34	69.29	65.36	61.66	58.03	54.76	51.78	48.84	46.17	43.54	41.22	38.92	36.76	34.92	33.27	32.34	32.16	32.00	
121.00	113.21	105.47	97.92	91.54	85.70	80.11	74.90	69.86	65.02	60.25	55.90	51.58	47.35	44.33	41.44	38.88	36.49	34.61	33.02	31.73	30.87	30.14	30.00	
109.00	102.46	95.97	89.81	84.60	79.54	75.02	70.53	66.26	62.22	58.27	54.52	50.86	47.31	44.23	41.38	38.96	36.77	35.45	34.32	33.69	33.27	33.00	
101.00	94.43	88.26	82.52	77.14	72.00	67.05	62.51	58.10	54.08	50.13	46.64	43.15	39.78	36.56	33.43	32.00	30.85	29.93	29.10	28.42	28.00	
106.00	99.02	92.38	85.80	79.24	73.45	67.98	63.13	58.31	53.90	50.01	46.14	42.51	39.24	36.71	35.34	34.06	32.98	32.02	31.21	30.42	30.00	
117.00	108.48	100.19	92.36	85.16	78.10	71.86	65.81	61.65	57.50	53.43	49.36	45.40	42.46	39.95	37.66	35.44	33.57	32.09	30.87	29.83	28.90	28.00	
101.00	94.43	88.73	83.18	77.81	72.85	68.15	63.49	59.57	55.65	51.77	48.56	45.69	42.82	39.98	37.71	35.69	33.74	32.04	30.68	30.00	
106.00	99.03	92.58	86.13	79.70	73.34	67.30	61.59	56.20	51.11	47.19	44.53	42.27	40.04	37.93	35.95	34.16	32.39	31.56	31.01	31.00	
109.00	102.50	96.24	90.07	83.94	78.02	72.60	67.25	62.09	56.93	51.89	48.35	44.89	41.58	39.09	37.33	35.72	34.22	32.86	31.81	31.00	
104.00	98.31	92.68	87.41	82.46	77.83	73.23	68.69	64.37	60.26	56.31	52.76	49.61	46.57	43.53	41.11	38.93	36.84	35.22	34.13	33.57	33.29	33.10	33.00	
106.00	100.10	94.36	88.69	83.06	77.63	72.54	67.63	62.79	58.01	53.78	50.26	47.06	43.86	41.66	39.50	37.75	36.05	34.53	33.64	33.21	33.00	
116.00	108.73	101.67	94.69	88.27	82.01	75.94	70.06	64.23	58.90	53.58	48.68	44.18	40.85	38.44	36.20	34.19	33.08	32.23	31.44	30.76	30.24	30.00	
105.00	99.25	93.51	87.85	82.28	76.71	71.86	67.02	62.23	58.32	54.54	51.09	47.82	45.14	42.59	40.07	37.74	35.71	34.18	33.38	33.10	33.01	33.00	
101.00	94.76	88.70	82.96	77.27	72.12	67.47	62.85	58.29	54.12	50.31	46.79	43.77	41.30	39.26	37.77	36.34	35.22	34.13	33.40	32.81	32.30	32.00	
119.00	111.78	104.87	97.95	91.33	85.55	79.81	74.11	68.55	63.21	58.07	53.55	49.30	45.77	42.35	39.42	37.04	35.11	33.32	31.91	30.53	29.74	29.00	
103.00	95.47	88.81	82.18	75.62	69.16	63.23	57.35	52.07	47.98	44.97	42.04	39.64	37.28	35.49	33.79	32.28	31.37	30.49	29.71	29.00	
117.00	109.32	101.73	94.52	87.33	80.32	73.91	68.56	63.76	59.80	55.84	52.35	49.02	45.73	42.70	40.16	37.69	35.64	33.87	32.61	31.40	30.31	30.00	
112.00	105.68	99.55	93.45	87.49	82.05	76.80	71.66	67.68	64.05	60.63	57.23	53.93	50.83	47.94	45.08	42.56	40.30	38.24	36.23	34.66	33.60	33.10	33.00	
104.00	96.13	88.59	82.32	76.09	70.04	64.03	58.96	53.98	49.78	45.86	42.20	38.80	35.66	33.95	32.25	31.05	30.21	29.64	29.27	29.00	
122.00	114.04	106.37	98.78	91.52	84.72	77.96	71.80	66.48	61.32	56.81	52.46	48.57	45.75	42.93	40.14	37.48	35.36	33.97	32.82	32.05	32.00	
120.00	110.45	101.27	93.33	86.55	80.08	73.83	67.96	62.24	56.53	50.95	45.77	42.03	38.92	35.86	33.55	31.49	30.34	30.03	30.01	30.00	
101.00	95.19	89.60	84.37	79.28	74.30	69.67	65.15	61.21	57.31	53.54	49.81	46.58	43.48	40.98	39.00	37.19	35.96	34.79	33.92	33.25	33.00	
102.00	96.00	90.07	84.17	78.47	72.92	68.37	64.12	59.92	55.91	52.54	49.44	46.43	43.81	41.33	38.90	36.67	35.40	34.23	33.28	33.00	
119.00	111.48	104.42	97.86	92.31	86.96	81.80	76.89	72.42	68.12	63.90	59.76	55.74	51.71	48.38	45.17	42.29	39.44	36.74	34.42	32.16	30.36	29.08	28.00	
117.00	110.44	104.15	98.02	92.04	86.21	80.39	74.60	69.19	64.01	58.85	54.10	50.22	46.95	44.21	41.65	39.55	37.54	35.59	33.68	31.82	30.48	29.35	29.00	
106.00	99.04	92.35	86.43	80.61	74.80	69.67	64.74	59.88	56.27	53.17	50.12	47.44	44.76	42.09	39.44	37.48	35.57	33.73	31.90	30.22	29.74	29.29	29.00	
112.00	104.10	96.35	89.02	81.78	74.64	67.52	60.52	54.37	50.83	47.67	44.59	41.63	38.85	36.19	33.99	31.84	30.26	29.06	28.53	28.20	28.00	
109.00	102.50	96.08	89.84	84.21	79.15	74.62	70.12	65.67	61.39	57.50	53.81	50.28	46.99	43.69	40.61	37.59	35.45	33.58	31.81	30.23	29.24	29.00	
106.00	98.37	91.29	84.54	77.84	71.58	67.02	62.87	58.87	55.17	51.87	48.57	45.27	42.00	38.94	36.66	34.78	33.39	32.70	32.31	32.00	
120.00	111.90	104.48	97.56	91.76	85.96	80.56	75.21	70.09	65.21	60.38	55.59	51.18	47.27	44.04	41.04	38.84	37.03	35.85	34.80	34.06	33.40	33.00	
106.00	98.16	90.52	84.94	79.42	73.99	68.71	64.15	59.66	55.53	51.46	48.17	44.96	41.96	39.24	36.77	34.36	32.35	30.79	29.90	29.00	
112.00	103.47	95.79	88.30	81.74	75.31	68.95	62.69	56.58	51.33	46.37	43.22	40.18	37.28	34.72	33.19	31.96	30.86	29.91	29.32	29.06	29.00	
106.00	97.71	90.18	82.69	75.78	69.26	63.03	57.80	52.59	48.08	43.90	40.50	37.49	35.19	33.47	31.79	30.41	29.68	28.97	28.38	28.12	28.00	
108.00	100.98	94.64	88.46	83.49	78.72	74.04	69.72	65.71	62.14	58.74	55.58	52.63	49.83	47.12	44.42	41.81	39.35	37.12	35.23	34.01	32.79	32.15	32.00	
110.00	103.23	96.73	90.64	84.73	78.92	73.43	68.53	64.30	60.28	56.54	53.31	50.19	47.26	44.38	41.65	39.06	37.42	35.81	34.23	33.00	
106.00	98.12	90.87	84.02	77.88	71.84	66.63	62.11	58.37	55.22	52.16	49.46	46.82	44.57	42.48	40.54	39.14	37.84	36.72	35.67	34.77	33.90	33.15	33.00	
114.00	107.41	100.87	94.39	88.00	82.06	76.25	70.92	66.84	62.80	58.83	54.92	51.39	47.88	44.39	41.38	38.65	36.61	34.98	33.87	33.18	32.58	32.17	32.00	
107.00	100.32	94.00	87.70	81.83	76.49	71.64	67.20	63.10	59.17	55.37	51.58	47.87	44.27	40.78	37.57	34.59	31.69	29.34	29.01	29.00	
115.00	108.02	101.39	94.95	88.55	82.23	76.00	69.83	63.71	58.35	54.10	50.30	46.52	43.13	40.05	37.74	35.92	34.47	33.30	32.32	32.00	
118.00	109.86	102.39	95.40	89.15	83.50	78.08	72.93	68.02	63.34	59.47	55.72	52.17	48.63	45.20	41.88	38.93	36.35	34.57	33.17	32.12	31.14	30.30	30.00	
107.00	101.12	95.34	89.58	83.91	78.55	73.28	68.17	63.37	59.53	55.72	51.95	48.20	44.59	41.25	38.82	36.55	34.61	32.96	31.49	30.02	30.00	
101.00	94.79	89.04	83.30	78.54	74.18	69.91	65.82	61.72	57.83	54.16	50.54	47.16	43.96	40.93	37.97	36.00	34.06	32.35	30.72	29.56	29.24	29.00	
109.00	102.51	96.16	90.13	84.28	79.47	74.76	70.37	65.98	61.84	58.00	54.17	50.37	46.78	43.40	40.11	37.23	34.48	33.44	32.54	32.03	32.00	
123.00	115.12	107.39	100.46	93.71	86.97	80.31	74.00	67.79	61.84	56.39	51.74	47.25	43.01	39.57	36.35	33.57	30.98	29.28	28.19	28.00	
120.00	110.94	102.50	94.72	86.97	79.63	72.60	66.23	60.04	54.05	48.79	44.94	41.11	37.93	35.66	33.79	32.34	30.99	30.41	29.84	29.37	29.00	
107.00	100.63	94.51	88.79	83.30	77.99	73.02	68.58	64.58	60.66	56.91	53.23	49.94	46.94	44.11	41.37	38.78	36.34	34.07	32.26	30.70	29.19	28.00	
111.00	103.05	96.44	90.09	84.35	78.76	73.46	68.67	63.89	59.19	55.70	52.34	49.06	45.93	43.05	40.29	38.02	35.76	33.66	31.70	30.16	29.00	
106.00	97.80	91.44	85.39	79.46	73.60	68.04	62.65	57.38	52.40	48.60	45.37	42.39	40.31	38.31	36.36	34.94	33.78	32.81	32.31	32.03	32.00	
121.00	112.09	104.18	96.55	88.92	81.38	73.89	66.87	60.87	55.01	49.47	45.92	42.57	39.54	37.22	35.41	33.68	32.64	31.73	31.08	30.47	30.00	
104.00	98.02	92.47	87.01	81.57	76.22	70.98	65.75	60.78	56.25	52.58	49.24	46.41	43.72	41.20	38.72	36.65	34.84	33.24	32.00	31.00	
122.00	115.23	108.56	102.18	96.59	91.00	85.76	80.62	75.51	70.69	66.07	61.55	57.40	53.27	49.23	45.26	41.69	38.33	35.84	33.37	31.02	29.64	29.00	
120.00	111.20	102.78	94.45	86.27	78.48	71.25	64.29	59.67	55.19	50.84	46.63	42.49	39.58	37.40	35.60	34.06	33.17	32.29	31.48	31.00	
102.00	96.45	91.03	85.68	80.49	75.72	71.00	66.33	61.68	57.27	53.56	50.33	47.32	44.33	41.77	40.02	38.37	37.08	36.03	35.17	34.38	33.66	33.12	33.00	
108.00	100.09	92.92	86.83	80.77	74.89	69.32	64.20	59.45	54.80	51.15	48.19	45.28	42.51	40.07	37.66	35.56	33.70	32.06	30.97	30.00	
104.00	97.09	90.33	84.18	78.25	72.62	67.53	62.86	58.33	54.12	50.37	47.65	45.17	42.81	40.89	39.08	37.50	36.48	35.61	34.84	34.10	33.45	33.21	33.00	
113.00	105.51	98.66	92.05	85.71	79.91	74.15	68.66	63.35	58.51	54.32	50.48	46.65	43.36	40.64	38.21	36.39	34.61	32.94	31.28	30.24	29.36	29.13	29.00	
106.00	98.81	92.10	86.36	80.62	74.95	69.54	64.26	59.35	54.88	51.50	48.15	45.15	42.20	39.36	36.55	33.89	31.67	29.68	28.72	28.15	28.00	
113.00	106.48	100.35	94.24	88.39	82.83	77.46	72.31	67.40	62.53	58.05	53.64	49.26	45.72	42.60	39.59	37.18	34.96	32.86	32.02	31.61	31.26	31.08	31.00	
107.00	99.66	92.77	86.08	79.78	73.59	67.88	62.35	56.95	51.65	47.39	43.80	41.43	39.62	37.89	36.15	34.61	33.13	31.69	30.43	29.17	28.34	28.00	
103.00	95.82	88.97	82.68	77.09	71.82	67.12	62.53	58.24	54.04	50.22	47.22	44.67	42.15	39.90	37.81	35.74	34.09	32.69	31.33	30.00	
115.00	108.42	101.96	95.56	89.43	83.36	78.07	72.96	67.95	63.01	58.62	55.00	51.86	48.98	46.45	43.94	41.54	39.15	36.85	34.94	33.21	31.50	31.01	31.00	
120.00	111.86	104.26	96.96	90.83	85.26	80.11	74.97	69.94	65.36	60.86	56.60	52.99	49.47	46.00	43.34	40.70	38.33	36.07	34.74	33.68	33.29	33.00	
116.00	108.30	100.73	93.82	87.19	81.04	75.52	70.10	65.01	59.97	55.23	51.40	48.48	45.60	43.44	41.41	39.46	37.56	35.70	33.84	32.09	30.47	30.03	30.00	
113.00	106.46	100.08	94.19	88.35	83.23	78.29	73.68	69.14	64.61	60.17	55.96	51.79	47.94	44.81	41.73	38.99	36.29	34.00	31.84	30.58	29.54	28.51	28.00	
112.00	104.75	97.65	90.61	83.90	77.53	71.50	66.03	60.65	56.26	52.28	48.31	44.63	41.78	39.13	36.61	34.97	33.54	32.23	30.98	30.00	
105.00	98.84	92.81	86.91	81.12	75.41	69.73	64.15	58.68	53.78	49.21	44.80	41.20	38.20	36.11	34.60	33.13	31.68	30.68	29.73	29.09	29.00	
105.00	98.37	91.81	85.48	79.52	74.17	69.08	63.98	59.29	55.15	51.56	47.97	44.45	41.40	39.01	36.68	34.63	32.92	31.28	31.01	31.00	
110.00	103.98	97.98	92.29	86.72	81.69	76.75	71.86	67.12	62.89	58.92	55.00	51.22	47.64	44.14	40.85	38.46	36.22	34.33	32.45	31.02	30.28	30.07	30.00	
111.00	104.12	97.86	92.10	86.71	81.40	76.39	71.39	66.48	62.84	59.37	55.96	52.60	49.26	46.32	43.44	40.65	38.02	35.81	33.67	31.66	30.44	30.00	
107.00	100.62	94.64	89.17	83.78	79.32	75.14	71.07	67.00	62.97	58.95	55.03	51.51	48.36	45.36	42.38	39.88	38.29	36.80	35.55	34.46	33.69	33.00	
120.00	112.92	106.08	99.39	92.78	86.29	79.93	73.83	67.85	62.30	56.87	51.49	46.81	42.17	38.85	35.67	33.90	32.33	30.87	30.35	30.00	
119.00	112.09	105.26	98.52	91.88	85.42	78.96	72.78	68.43	64.20	60.35	56.51	52.82	49.37	46.19	43.21	40.46	37.93	35.51	33.50	31.52	29.68	28.11	28.00	
123.00	115.19	107.44	99.84	92.29	85.20	78.17	72.16	67.11	62.13	58.11	54.27	50.58	47.42	44.30	41.36	38.57	36.06	33.79	32.44	31.24	30.45	30.00	
115.00	108.21	101.46	94.85	88.83	83.01	77.64	72.28	67.10	62.07	57.56	53.37	49.28	45.23	42.34	39.97	37.62	35.46	33.90	33.19	33.00	
103.00	96.21	89.65	83.09	76.82	70.69	65.00	59.73	55.77	52.04	48.93	45.83	43.10	40.60	38.40	36.25	34.24	32.56	30.94	29.95	29.00	
115.00	106.08	97.35	90.04	83.22	76.56	70.12	64.06	58.43	53.90	49.46	45.35	41.53	38.68	36.42	34.40	32.79	31.66	31.17	31.03	31.00	
122.00	114.45	108.00	102.10	96.46	91.00	85.64	80.40	75.16	70.00	65.20	60.95	56.87	52.86	49.03	45.21	42.15	39.18	36.22	33.79	32.74	32.00	
101.00	95.33	89.84	84.71	79.87	75.20	70.64	66.16	61.74	57.40	53.33	49.29	46.28	43.42	40.74	38.22	35.78	33.73	32.04	30.40	29.72	29.24	29.00	
115.00	107.42	100.96	94.54	88.26	82.07	76.43	70.86	65.46	60.25	55.55	51.42	47.39	44.27	41.32	38.51	36.03	34.05	32.74	32.35	32.17	32.00	
120.00	112.15	104.45	97.16	90.65	84.15	77.66	71.82	66.58	61.39	56.56	52.15	48.49	45.28	42.55	40.10	37.66	35.37	33.32	31.70	30.43	29.78	29.23	29.00	
110.00	102.15	95.15	88.39	81.89	75.49	69.51	63.87	58.77	55.21	51.66	48.24	44.89	41.97	39.27	37.41	35.61	34.23	33.01	32.05	32.00	
107.00	100.88	94.98	89.09	83.25	77.69	72.93	68.27	63.74	59.46	55.52	52.12	48.72	45.60	42.98	40.85	39.25	37.72	36.47	35.24	34.25	33.58	33.00	
112.00	102.60	93.22	84.56	78.43	72.90	68.01	63.17	58.64	54.15	50.62	47.12	43.69	40.52	37.65	35.96	34.39	33.09	31.91	30.81	30.00	
105.00	95.40	85.88	78.03	71.99	66.19	60.48	54.95	50.04	46.46	43.00	39.88	37.53	35.24	32.99	30.84	29.86	28.88	28.49	28.18	28.00	
122.00	114.23	106.59	99.44	93.07	86.72	81.38	76.73	72.13	67.67	63.28	59.12	55.00	51.02	47.06	43.31	40.24	37.52	35.36	33.48	31.80	30.30	30.00	
123.00	116.00	109.51	103.65	98.15	92.67	87.24	81.84	76.61	71.49	66.63	62.01	57.54	53.10	48.86	45.21	41.96	38.96	36.56	34.37	32.22	30.53	29.00	
108.00	101.53	96.00	90.74	85.72	80.92	76.15	71.38	66.61	61.98	57.75	53.73	50.08	46.53	43.02	39.77	36.53	33.78	31.52	29.41	29.00	
113.00	103.52	94.69	87.53	80.83	74.30	68.40	62.70	57.07	52.18	48.20	44.32	41.24	38.46	36.00	33.54	31.77	30.30	29.64	29.31	29.00	
101.00	95.30	89.65	84.10	78.97	74.05	69.22	64.55	60.00	55.72	51.63	47.74	44.00	41.00	39.23	37.55	36.02	34.58	33.31	32.22	31.60	31.27	31.00	
112.00	105.66	99.36	93.56	87.77	82.10	76.68	71.30	66.31	62.13	58.09	54.11	50.20	46.61	43.43	40.33	37.42	34.54	33.51	32.55	31.89	31.23	31.00	
101.00	95.51	90.27	85.15	80.20	75.39	70.63	65.96	61.35	56.82	53.22	50.07	47.24	44.45	42.10	39.94	38.08	36.47	34.87	33.53	32.42	31.48	31.21	31.00	
121.00	112.83	104.89	96.98	89.18	81.50	74.86	68.26	62.77	57.65	52.65	48.50	44.79	41.80	39.28	37.24	35.44	33.67	31.91	31.18	31.07	31.00	
102.00	95.19	88.66	82.34	77.29	72.29	67.37	62.62	58.46	54.58	50.99	47.58	44.28	40.98	38.61	36.38	34.39	32.43	30.84	29.59	28.89	28.36	28.00	
111.00	104.47	97.96	91.63	85.45	79.56	74.50	69.46	64.73	60.41	56.23	52.10	48.63	45.45	42.33	39.74	37.34	34.97	32.79	31.40	30.94	30.49	30.12	30.00	
107.00	101.16	95.38	90.07	84.79	79.52	74.47	69.78	65.29	60.86	57.03	53.34	50.28	47.31	44.85	42.44	40.11	38.00	36.03	34.21	33.16	32.27	31.46	31.00	
103.00	96.90	91.24	85.99	81.14	76.85	72.59	68.33	64.16	60.42	57.11	53.95	51.02	48.12	45.59	43.35	41.35	39.52	37.80	36.18	34.67	33.38	33.00	
113.00	105.88	99.36	92.95	86.60	81.21	75.91	71.35	67.03	62.89	59.02	55.43	51.85	48.50	45.27	42.12	39.22	37.11	35.40	34.01	33.21	32.54	32.00	
118.00	110.71	104.35	98.23	92.25	86.38	80.71	75.53	70.48	65.49	60.57	56.06	51.71	47.48	44.10	40.91	38.42	36.04	34.45	33.28	32.25	32.00	
107.00	98.11	89.44	80.93	73.05	65.40	58.13	53.03	48.72	45.13	42.37	39.62	37.12	35.91	34.92	34.00	33.12	32.27	31.72	31.37	31.06	31.00	
101.00	94.86	88.96	83.32	77.75	72.27	66.84	61.97	57.26	53.71	50.18	46.95	43.78	40.75	38.61	36.83	35.12	33.48	31.91	30.62	29.39	28.59	28.00	
111.00	103.91	97.46	91.15	85.04	78.97	72.94	67.87	62.93	58.05	53.65	49.76	46.23	43.30	40.75	38.24	36.10	34.06	32.02	30.36	29.56	29.13	29.00	
107.00	101.75	96.61	91.59	86.61	81.69	76.78	71.95	67.32	62.72	58.14	54.72	51.34	47.97	44.85	42.46	40.11	37.81	35.77	34.27	33.16	32.10	31.41	31.00	
116.00	108.72	101.66	94.76	88.54	82.32	76.99	71.98	67.38	62.86	58.35	54.33	50.42	47.10	44.20	41.32	39.03	37.02	35.62	34.25	33.34	33.12	33.00	
104.00	96.68	90.38	84.68	79.01	73.61	68.42	63.48	58.89	54.33	49.91	46.21	43.55	41.00	38.89	36.88	35.06	33.67	32.62	31.73	30.91	30.22	30.00	
114.00	104.16	94.91	85.96	77.27	68.79	61.05	55.65	50.93	47.04	43.79	40.86	38.36	35.94	33.87	32.16	30.54	29.85	29.41	29.07	29.00	
112.00	104.94	98.42	91.96	85.63	79.70	73.84	68.78	63.93	59.41	55.08	51.04	47.51	44.14	40.93	38.60	36.41	34.39	32.45	31.41	30.44	30.08	30.00	
110.00	102.99	96.05	89.23	82.72	76.69	71.12	65.97	61.09	56.81	52.57	49.08	46.66	44.48	42.39	40.33	38.84	37.40	36.04	34.67	33.33	32.06	30.80	30.00	
109.00	101.17	94.07	87.31	80.58	74.11	68.02	62.55	57.30	52.97	49.21	45.52	41.87	39.19	36.74	34.86	33.47	32.09	30.99	29.92	29.24	28.57	28.16	28.00	
123.00	114.31	105.66	97.03	88.87	81.45	75.06	68.78	62.59	57.12	52.94	49.17	45.50	42.20	39.29	37.28	35.50	33.84	32.23	30.64	29.40	28.58	28.00	
101.00	93.67	86.72	81.21	75.76	70.78	65.99	61.52	57.37	53.28	49.37	46.24	43.19	40.39	37.61	34.92	32.76	31.46	30.16	29.14	28.16	28.06	28.00	
108.00	101.02	94.33	88.26	82.36	76.97	71.89	67.01	62.44	57.93	54.10	50.27	46.48	42.86	39.39	36.08	33.94	31.87	29.89	28.54	28.00	
119.00	111.52	104.07	97.42	91.16	84.92	78.78	72.81	67.03	61.67	56.64	52.24	48.32	45.17	42.31	39.99	37.89	36.50	35.22	34.10	33.03	33.00	
115.00	107.38	100.45	93.69	87.00	80.73	74.79	69.62	64.89	60.19	56.35	52.86	49.75	46.94	44.23	41.65	39.09	36.58	34.31	32.78	31.58	30.51	29.75	29.00	
118.00	109.90	102.17	95.41	88.75	82.23	75.71	70.05	64.62	59.61	54.88	50.14	45.73	42.66	39.63	37.35	36.32	35.32	34.49	33.69	33.42	33.24	33.10	33.00	
101.00	95.28	89.79	84.56	79.50	74.72	70.04	65.56	61.60	57.94	54.67	51.69	48.84	46.05	43.56	41.69	39.85	38.18	36.59	35.04	34.08	33.41	33.09	33.00	
122.00	115.01	108.13	101.79	95.58	89.75	83.98	78.66	73.40	68.22	63.28	58.48	53.78	49.40	45.32	41.36	37.94	35.40	33.04	31.45	31.04	31.00	
112.00	105.66	99.39	93.14	87.34	81.56	76.01	70.99	66.05	61.41	56.85	53.14	49.45	46.60	44.03	41.52	39.37	37.27	35.23	34.23	33.32	33.00	
105.00	98.88	92.85	86.85	81.04	75.30	69.64	64.03	58.82	53.93	49.99	46.38	42.79	39.39	36.45	33.71	31.05	29.80	28.98	28.51	28.21	28.00	
118.00	109.78	101.69	93.78	86.30	79.62	73.08	66.70	60.72	54.97	50.89	47.21	43.85	41.00	38.58	36.17	34.18	32.35	31.00	29.99	29.28	29.03	29.00	
102.00	95.69	89.59	84.16	78.89	73.81	68.98	64.77	60.58	56.95	53.53	50.16	47.16	44.66	42.18	39.80	37.58	35.87	34.18	32.78	32.00	
106.00	99.87	94.17	88.64	83.15	78.18	73.53	69.41	65.63	61.86	58.43	55.03	51.77	48.58	45.69	42.87	40.42	38.47	36.84	35.28	33.83	32.69	32.33	32.00	
117.00	106.42	96.33	88.08	80.41	73.08	68.35	63.79	59.25	54.77	51.04	47.69	44.37	41.54	38.96	36.38	34.82	33.44	32.68	31.95	31.28	31.07	31.00	
121.00	113.88	107.17	100.47	94.24	88.03	81.92	75.86	70.11	64.84	59.61	54.59	50.09	45.96	42.30	39.12	36.67	34.26	32.76	31.42	30.30	30.00	
110.00	101.67	93.62	85.64	79.31	73.95	68.63	64.00	59.59	55.64	52.04	49.01	46.26	43.52	41.04	38.77	36.50	34.57	32.77	31.01	30.05	30.00	
114.00	106.85	99.75	92.97	86.68	80.43	74.26	68.20	62.24	56.48	51.66	47.31	43.27	39.46	36.69	34.10	32.11	30.36	29.23	28.44	28.00	
118.00	111.54	105.14	98.76	92.41	86.52	81.02	75.77	70.58	65.75	61.08	56.48	51.99	47.92	44.11	40.63	37.23	34.27	31.88	30.89	30.59	30.34	30.15	30.00	
116.00	108.07	100.72	93.62	87.27	80.92	74.67	69.68	64.86	60.07	55.70	51.58	47.96	44.77	41.75	38.90	36.13	34.44	33.20	32.02	31.17	30.34	30.00	
109.00	102.13	95.48	89.30	83.23	77.51	72.62	67.77	63.38	59.16	55.25	51.53	48.71	46.00	43.44	41.18	39.04	36.98	35.01	33.33	32.24	32.00	
117.00	110.20	103.47	96.96	90.93	85.30	79.70	74.47	69.35	64.30	59.34	55.09	50.92	47.73	44.66	41.70	39.37	37.33	35.40	33.49	31.95	30.92	30.10	30.00	
111.00	103.83	97.46	91.43	85.60	80.04	74.54	69.38	64.63	60.31	56.09	52.08	48.25	44.67	41.59	38.85	36.37	33.96	32.19	30.65	29.36	28.20	28.00	
121.00	111.80	102.78	94.76	86.88	79.42	73.12	66.91	61.05	56.04	51.63	48.31	45.05	42.71	40.97	39.24	37.77	36.46	35.38	34.48	33.64	32.95	32.37	32.00	
109.00	101.47	93.95	87.88	82.22	76.85	71.70	66.61	61.68	56.95	53.41	50.46	47.54	44.89	42.41	40.10	38.09	36.43	34.97	33.74	32.55	32.00	
123.00	114.88	106.83	98.95	91.27	84.17	77.52	71.35	65.25	59.63	54.76	50.68	46.77	43.82	41.13	38.60	36.43	34.57	32.90	31.63	30.35	29.54	28.77	28.00	
111.00	101.73	92.85	84.40	77.47	71.12	65.05	59.20	54.86	50.58	46.86	43.19	40.44	38.10	35.95	34.43	33.46	32.65	31.88	31.18	31.00	
115.00	106.90	99.64	92.55	85.77	79.52	73.71	68.42	63.22	58.94	55.34	51.93	48.62	45.49	42.45	39.46	37.94	36.54	35.15	33.97	33.02	32.38	32.00	
109.00	102.26	96.16	90.44	84.78	79.66	74.62	69.61	64.69	59.87	55.59	51.92	48.88	46.05	43.65	41.49	39.59	37.78	36.19	35.05	34.24	33.52	33.00	
117.00	107.79	100.11	93.04	86.32	79.88	74.38	68.98	63.80	59.07	55.00	51.53	48.14	44.85	41.75	38.85	37.11	35.61	34.70	33.81	33.15	33.00	
110.00	102.91	97.15	91.80	86.66	81.70	76.82	72.07	67.35	62.76	58.26	53.86	49.77	45.89	42.03	38.41	35.04	32.51	30.07	28.85	28.25	28.00	
108.00	100.77	93.65	86.60	80.23	74.48	68.73	63.24	57.82	52.86	48.51	44.77	42.46	40.15	37.86	35.87	34.08	32.42	31.21	30.16	29.47	28.89	28.33	28.00	
113.00	103.29	94.71	86.92	80.81	74.74	68.80	64.43	60.38	56.89	53.50	50.28	47.09	44.29	41.67	39.55	37.45	35.42	33.89	32.54	31.20	30.04	29.00	
117.00	108.49	100.15	92.22	85.19	78.33	71.81	65.99	60.78	55.92	52.04	48.22	45.22	42.57	40.53	38.69	36.86	35.14	33.50	32.40	32.09	32.00	
113.00	105.33	97.82	90.51	83.49	77.13	70.88	65.77	60.74	55.99	52.85	50.06	47.29	44.64	42.00	39.42	36.93	34.88	32.85	30.93	30.16	30.00	
115.00	107.28	99.73	92.68	86.13	79.60	73.12	66.78	61.02	55.60	50.73	46.27	41.95	39.21	36.69	34.35	32.21	30.18	29.06	28.35	28.00	
108.00	99.77	91.93	84.22	77.59	71.56	65.75	60.38	55.29	50.84	46.91	43.53	40.41	37.58	36.04	34.56	33.08	31.61	30.36	29.53	29.11	29.00	
109.00	101.37	94.60	88.01	81.61	75.29	69.08	63.30	57.62	52.15	47.57	44.18	41.29	38.59	36.12	33.97	32.80	31.66	30.57	29.92	29.34	29.05	29.00	
119.00	110.39	102.01	93.65	85.52	77.73	70.07	63.09	57.69	52.74	48.04	43.99	40.21	36.89	34.09	32.06	30.43	29.50	29.05	29.01	29.00	
116.00	108.65	101.80	95.24	88.68	82.16	75.68	69.87	64.12	58.77	54.25	50.53	46.86	43.24	39.90	36.66	33.69	31.74	29.89	28.76	28.25	28.00	
110.00	101.71	93.91	86.33	79.04	71.99	65.18	59.88	54.97	50.08	46.55	43.05	40.14	37.79	35.73	33.71	31.83	30.45	29.15	28.43	28.21	28.04	28.00	
101.00	95.03	89.11	83.76	78.56	73.85	69.18	64.66	60.36	56.23	52.21	48.54	45.02	42.15	39.57	37.38	35.43	33.53	31.62	29.90	29.26	29.13	29.00	
114.00	107.66	101.66	95.96	90.45	85.19	80.05	75.19	70.53	66.28	62.14	58.13	54.52	51.07	48.11	45.50	43.06	40.80	38.60	36.64	34.67	33.14	31.84	31.00	
121.00	113.68	106.43	99.30	92.59	86.23	79.91	73.78	67.84	61.98	56.30	51.26	47.95	45.44	42.97	40.54	38.13	35.77	33.73	31.86	30.32	30.00	
106.00	98.29	90.80	83.79	77.00	70.39	63.97	58.89	54.87	50.99	47.31	43.70	40.51	38.16	36.23	34.66	33.21	31.86	30.64	29.52	28.65	28.20	28.00	
114.00	107.49	101.12	94.94	88.87	83.20	78.09	73.06	68.26	63.48	58.95	54.55	50.49	46.85	43.35	40.16	37.34	34.94	32.61	30.31	29.32	28.61	28.15	28.00	
102.00	96.44	91.00	86.50	82.08	77.67	73.49	69.31	65.48	61.76	58.05	54.38	51.42	48.60	45.93	43.33	40.83	38.35	36.65	34.97	33.36	32.28	31.40	31.00	
114.00	106.70	99.49	92.72	86.12	79.92	73.92	68.13	62.58	57.36	52.50	47.75	43.40	39.92	37.01	34.38	32.79	31.36	29.96	28.95	28.53	28.21	28.00	
110.00	102.40	94.87	88.17	82.98	78.08	73.38	68.82	64.42	60.03	56.69	53.55	50.78	48.05	45.44	42.95	40.58	38.47	36.55	35.13	33.75	33.25	33.08	33.00	
112.00	103.06	94.39	86.41	78.97	73.55	68.62	63.90	59.21	54.91	50.92	47.70	45.16	42.62	40.09	38.38	36.69	35.00	33.66	32.62	31.60	31.01	31.00	
122.00	113.80	105.64	97.55	89.77	82.19	74.88	67.69	61.95	56.94	52.34	47.95	44.46	41.42	38.46	35.80	34.05	33.53	33.05	33.01	33.00	
119.00	111.37	104.03	97.38	91.14	84.93	78.79	73.18	67.81	63.44	59.09	55.08	51.08	47.39	44.45	41.59	38.84	36.52	34.71	33.05	31.98	31.12	30.41	30.00	
109.00	101.55	94.25	87.00	80.03	73.22	66.90	61.30	55.83	50.78	47.05	43.43	40.43	38.21	36.04	34.07	32.31	31.13	30.02	29.20	28.57	28.00	
104.00	97.01	90.13	83.70	77.28	70.97	64.86	60.76	56.67	52.61	48.87	45.13	41.81	38.90	36.89	34.93	32.98	31.30	29.87	28.55	28.00	
106.00	98.22	90.62	83.13	75.91	68.77	62.15	56.56	51.02	47.65	44.47	41.72	39.68	37.98	36.41	34.97	33.71	32.78	32.39	32.18	32.00	
116.00	106.58	98.10	90.18	82.86	75.93	69.19	63.22	57.49	53.16	49.91	46.77	43.76	40.93	38.40	35.90	33.55	31.35	29.34	28.57	28.22	28.00	
103.00	97.34	91.91	86.61	81.46	76.42	71.90	67.43	63.39	59.44	55.72	52.00	48.59	45.25	42.05	39.20	36.65	34.56	32.92	31.39	29.89	29.04	28.52	28.00	
112.00	104.95	98.39	92.05	85.73	80.26	75.02	69.89	64.91	60.29	56.75	53.30	50.36	47.79	45.35	42.94	40.66	38.61	36.56	35.08	34.00	33.08	32.49	32.00	
113.00	105.48	98.14	90.86	84.35	77.89	71.49	65.22	59.64	54.54	50.12	45.98	41.94	38.84	36.24	34.37	32.83	31.33	30.33	29.72	29.13	29.00	
117.00	107.66	100.64	94.06	88.15	82.26	76.88	71.57	66.49	62.61	58.84	55.14	51.70	48.33	45.11	41.91	38.91	36.76	35.09	33.95	33.17	33.09	33.00	
121.00	112.08	103.48	95.44	87.60	80.06	73.10	66.67	61.26	56.37	51.76	47.52	43.32	40.30	38.30	36.53	34.99	34.00	33.54	33.12	33.01	33.00	
106.00	99.81	93.68	87.88	82.62	77.48	72.36	67.36	62.84	58.60	54.40	50.61	46.95	43.43	39.93	37.00	34.71	32.77	31.72	30.81	29.98	29.40	29.00	
114.00	106.60	99.78	93.26	86.79	80.33	74.68	69.05	63.47	59.17	55.00	51.03	47.41	43.89	40.64	38.20	35.93	33.93	32.02	30.76	29.92	29.11	29.00	
101.00	96.13	91.29	86.55	81.92	77.36	72.83	68.80	65.26	61.84	58.53	55.28	52.06	49.31	46.62	44.18	42.02	39.99	37.97	36.10	34.35	33.46	33.00	
107.00	99.29	91.72	85.11	78.71	73.24	68.02	64.21	60.87	57.57	54.56	51.76	48.97	46.21	43.62	41.20	38.82	36.65	34.50	33.52	33.00	
107.00	100.60	94.29	88.00	82.06	76.24	70.87	65.66	60.83	56.52	52.25	48.00	44.45	41.33	38.82	36.51	34.37	32.60	31.19	29.87	28.88	28.01	28.00	
120.00	113.23	107.07	100.94	94.83	89.09	83.50	78.22	72.94	67.81	62.92	58.02	53.92	49.95	46.98	44.12	41.32	38.83	36.84	34.88	33.44	32.56	32.14	32.00	
101.00	95.85	91.10	86.38	81.86	77.39	72.91	68.64	64.79	61.09	57.44	53.95	50.68	47.54	44.60	41.72	39.00	36.81	34.64	32.51	30.78	29.60	29.04	29.00	
111.00	102.04	94.72	87.69	80.90	74.86	68.81	62.93	58.78	54.64	50.54	46.54	42.56	38.75	36.43	34.65	33.41	32.65	31.95	31.47	31.00	
115.00	106.98	99.52	92.26	85.71	79.36	73.06	67.54	62.02	58.11	54.56	51.12	48.08	45.04	42.13	39.49	36.91	35.25	34.23	33.45	33.00	
116.00	108.46	101.14	94.20	87.52	81.01	74.83	68.75	63.94	59.21	54.86	51.09	47.49	44.08	41.14	39.09	37.12	35.50	34.22	33.56	32.97	32.44	32.07	32.00	
104.00	97.35	91.83	86.45	81.17	76.28	71.42	66.98	62.88	59.11	55.40	52.05	49.03	46.18	43.34	40.99	38.72	36.86	35.39	33.95	33.00	32.08	32.00	
113.00	105.07	98.14	91.28	84.46	78.85	73.59	68.57	64.16	59.76	55.53	51.56	48.34	45.42	42.84	40.59	38.42	36.68	35.12	33.62	32.40	32.00	
120.00	112.94	105.91	99.49	93.16	87.36	81.70	76.09	70.69	65.39	60.62	56.19	51.93	47.85	44.58	41.46	38.43	36.23	34.05	31.96	30.79	29.69	28.60	28.00	
116.00	107.80	99.71	91.87	85.24	78.67	72.71	67.24	62.03	57.34	52.67	48.54	44.96	42.25	39.74	37.37	35.20	33.17	31.91	30.74	29.78	29.19	29.00	
114.00	107.22	100.53	94.23	88.33	82.45	76.85	71.27	65.73	60.39	55.05	50.77	47.14	44.16	41.20	38.38	35.60	33.50	31.41	29.52	28.72	28.33	28.01	28.00	
122.00	114.34	106.77	99.45	92.22	85.39	78.73	72.52	67.23	62.20	57.20	52.85	49.23	45.71	42.45	40.15	38.32	36.62	35.21	34.27	33.48	32.73	32.00	
107.00	99.50	92.07	84.86	77.77	71.41	66.87	63.14	59.43	55.87	52.83	49.90	46.99	44.35	41.85	39.55	37.72	36.06	34.77	33.71	33.25	33.00	
104.00	98.64	93.33	88.09	82.96	78.26	73.60	69.40	65.33	61.29	57.27	53.35	49.44	45.84	42.27	39.46	37.37	35.56	33.77	32.51	31.40	31.00	
102.00	94.05	86.16	78.71	71.37	65.64	60.35	55.39	51.01	46.92	43.39	41.15	38.97	37.46	36.02	34.74	33.59	32.79	32.33	32.06	32.00	
115.00	107.74	100.61	93.61	87.00	80.98	75.42	69.94	64.63	60.01	55.73	51.74	48.10	44.63	41.27	38.33	35.68	33.30	31.48	29.80	28.89	28.00	
107.00	99.93	92.91	86.08	79.44	72.89	66.48	60.09	53.91	48.93	44.00	40.99	38.26	35.66	33.11	31.70	30.35	29.30	28.51	28.31	28.10	28.00	
120.00	110.92	101.96	93.18	84.47	77.26	70.98	65.63	60.68	56.00	51.81	47.91	44.16	41.34	38.62	35.95	33.54	32.21	30.91	29.97	29.04	28.42	28.03	28.00	
113.00	104.45	96.54	89.47	82.95	76.49	70.20	64.86	60.60	56.46	52.57	49.67	47.07	44.53	42.10	39.77	37.67	36.14	34.78	33.45	32.64	32.00	
102.00	96.35	90.96	85.69	80.54	75.49	70.87	66.34	61.84	57.55	54.36	51.31	48.35	45.44	42.57	39.99	37.46	35.35	33.26	31.47	30.12	29.26	29.00	
102.00	96.30	90.72	85.27	80.55	75.91	71.55	67.28	63.15	59.44	55.77	52.32	49.05	46.01	43.30	41.32	39.39	37.48	35.65	34.48	33.34	32.21	31.10	30.00	
101.00	95.15	89.45	84.04	78.76	73.79	69.37	64.98	61.25	57.58	54.23	51.15	48.17	45.23	42.33	39.56	37.26	34.96	32.83	31.17	29.78	29.00	
114.00	106.36	98.86	91.91	85.11	78.32	71.87	66.10	60.53	55.00	51.33	47.74	44.25	41.53	38.96	36.92	35.00	33.47	32.02	30.96	30.00	
123.00	114.89	107.02	99.89	92.89	86.28	79.77	73.51	67.53	61.64	56.52	51.90	48.13	44.38	41.43	38.56	36.30	35.22	34.20	33.38	33.00	
107.00	100.33	93.68	87.27	81.36	75.49	70.13	65.15	60.61	56.28	52.43	48.61	44.87	41.82	39.00	36.29	34.21	32.42	30.77	29.45	28.62	28.23	28.08	28.00	
123.00	115.06	107.23	99.48	91.89	84.75	77.77	71.54	66.26	61.77	57.39	53.28	49.51	46.32	43.55	40.91	38.27	35.78	33.37	32.38	31.56	31.30	31.06	31.00	
104.00	97.04	90.14	83.24	76.62	70.14	63.77	59.06	54.81	50.84	47.10	44.22	41.54	39.24	37.05	34.97	32.96	31.18	30.07	29.12	29.06	29.00	
116.00	108.25	100.65	93.68	87.42	81.47	76.01	70.64	65.35	60.79	56.50	52.79	49.18	45.59	42.17	38.93	36.11	33.68	32.50	32.11	32.01	32.00	
122.00	112.16	102.65	93.33	84.86	76.87	69.11	62.28	56.27	51.36	46.47	42.43	39.04	37.32	35.82	34.40	33.02	32.07	31.48	31.23	31.00	
105.00	98.70	92.62	86.65	81.17	76.26	71.43	66.84	62.31	57.86	53.82	50.24	47.04	44.74	42.60	40.93	39.36	37.80	36.42	35.26	34.13	33.56	33.00	
117.00	107.32	98.31	89.35	81.50	73.72	67.00	61.87	56.77	51.88	47.69	44.13	40.70	38.01	35.39	33.06	31.72	30.68	29.67	28.81	28.21	28.00	
104.00	96.76	89.71	82.84	77.03	71.54	67.17	62.86	58.74	55.26	52.02	48.81	45.92	43.14	40.53	38.09	35.89	34.28	33.06	32.26	32.00	
103.00	97.21	91.58	85.99	80.65	75.80	71.02	66.86	62.79	58.94	55.11	51.75	48.77	45.88	43.23	40.60	38.09	35.84	34.43	33.13	32.07	31.15	30.45	30.00	
113.00	106.90	100.87	94.90	89.29	84.42	79.66	74.94	70.57	66.37	62.66	59.32	56.05	52.92	50.05	47.19	44.61	42.07	39.62	37.20	34.96	33.76	33.26	33.00	
123.00	115.87	109.09	102.84	96.84	91.14	85.72	80.45	75.37	70.41	65.51	61.13	56.76	52.45	48.23	44.99	42.52	40.11	38.12	36.15	34.48	33.89	33.40	33.00	
117.00	106.76	96.69	87.58	81.50	75.48	69.67	64.25	59.41	54.87	51.96	49.22	46.49	43.77	41.35	39.12	37.38	35.82	34.41	33.37	32.46	32.00	
105.00	98.78	92.83	87.77	82.95	78.49	74.12	69.76	65.55	61.41	57.38	53.75	50.24	46.99	44.05	41.14	38.74	36.45	34.82	33.25	32.58	32.00	
108.00	102.81	97.68	92.60	87.67	82.85	78.31	73.81	69.39	65.32	61.39	57.71	54.53	51.54	48.56	45.59	42.83	40.17	37.55	36.03	34.74	34.10	33.53	33.00	
105.00	98.80	92.86	87.00	81.47	75.96	70.45	65.18	60.21	55.62	51.13	46.67	43.19	40.27	37.85	35.63	33.43	31.52	30.65	30.25	30.00	
113.00	104.81	98.31	92.14	86.08	80.25	75.00	69.77	64.78	60.13	55.50	51.91	48.76	45.64	42.64	39.73	37.43	35.16	33.84	32.60	31.61	30.74	30.00	
120.00	112.43	106.47	100.51	94.91	89.50	84.19	78.96	73.84	69.03	64.50	60.22	56.06	52.50	48.98	45.61	42.65	40.07	37.92	35.89	34.00	32.53	31.63	31.00	
107.00	100.37	94.03	87.95	81.93	76.60	71.54	67.06	62.83	58.72	54.68	50.81	46.99	43.69	40.46	37.32	35.12	34.01	33.01	32.08	31.46	31.00	
102.00	96.46	91.24	86.13	81.06	76.03	71.45	66.89	62.67	58.52	54.46	50.69	47.22	43.91	41.11	39.00	37.07	35.18	33.41	31.82	30.95	30.43	30.00	
116.00	107.45	99.31	91.57	83.82	76.49	69.55	63.54	58.35	53.22	49.22	45.46	42.21	38.99	36.44	34.03	32.48	31.21	29.99	29.49	29.00	
116.00	105.70	96.70	88.20	81.19	74.72	68.47	62.77	57.50	52.31	48.09	44.71	41.42	38.29	36.49	34.77	33.29	31.96	31.39	30.84	30.34	30.00	
116.00	109.35	103.37	97.53	91.72	86.02	80.67	75.42	70.97	66.68	62.38	58.14	54.51	51.11	47.72	44.68	41.99	39.40	36.92	34.88	33.47	32.16	30.92	30.00	
122.00	113.70	105.50	97.84	90.46	84.22	78.15	72.31	67.02	62.37	57.86	53.89	50.32	47.06	43.86	40.69	37.85	35.57	33.37	31.34	29.75	29.00	
108.00	101.81	96.00	90.43	84.99	79.56	74.28	69.35	64.53	59.97	55.54	51.26	47.57	43.90	40.82	37.98	35.21	32.97	31.77	30.83	30.11	30.00	
121.00	113.92	106.84	100.32	93.86	87.51	81.26	75.97	70.69	65.70	61.26	56.90	53.15	49.66	46.35	43.37	40.51	37.83	35.97	34.31	33.02	32.25	31.59	31.00	
119.00	111.96	104.96	98.03	91.31	84.97	78.90	72.94	67.16	61.84	56.91	52.02	47.64	44.31	41.31	39.05	36.84	34.71	32.99	31.30	30.22	29.51	29.00	
119.00	110.59	102.42	95.24	88.18	81.32	75.18	69.41	64.00	58.79	54.94	51.09	47.38	44.37	41.37	38.84	36.43	34.19	32.70	31.37	31.14	31.03	31.00	
112.00	105.14	98.35	91.73	86.10	80.49	75.14	69.78	64.88	60.26	55.99	51.78	48.06	44.86	42.21	39.61	37.20	34.85	32.60	31.43	31.01	31.00	
108.00	101.80	95.69	89.60	83.99	78.73	73.51	68.84	64.68	60.72	57.51	54.37	51.27	48.52	45.76	43.55	41.40	39.26	37.20	35.52	34.13	33.50	33.24	33.00	
105.00	98.42	92.22	86.75	81.64	76.77	72.20	68.13	64.14	60.50	57.23	53.98	50.75	47.66	44.72	41.99	39.38	36.90	34.53	33.09	32.42	32.00	
112.00	103.28	95.63	88.00	80.52	73.68	67.79	61.97	56.33	52.02	47.86	44.96	42.07	39.28	36.76	34.81	32.99	31.89	31.55	31.25	31.00	
101.00	93.96	86.96	80.82	75.23	70.09	65.03	60.02	55.66	51.43	47.34	43.52	40.09	36.93	35.17	33.51	32.39	31.46	30.79	30.37	30.09	30.04	30.00	
116.00	107.85	100.57	93.48	86.56	79.92	73.55	68.46	63.76	59.16	54.62	50.68	46.97	44.05	41.40	39.09	36.94	35.09	33.30	31.79	30.85	30.00	
121.00	112.39	104.04	95.72	87.88	81.16	75.45	69.77	65.39	61.22	57.12	53.21	49.52	46.08	43.01	39.95	37.40	35.11	33.54	32.72	32.17	32.00	
111.00	103.39	96.58	90.06	83.59	77.95	72.39	67.38	62.45	57.54	52.92	48.80	44.94	41.55	38.84	36.21	33.86	32.36	31.34	30.49	30.11	30.00	
106.00	100.11	94.44	88.82	83.22	78.64	74.15	69.78	66.06	62.35	59.19	56.28	53.43	50.76	48.18	45.80	43.52	41.30	39.29	37.41	35.77	34.25	33.00	
114.00	106.62	100.12	93.62	87.49	81.91	76.50	71.25	66.02	60.95	56.31	53.26	50.50	47.82	45.13	42.51	39.95	37.87	36.51	35.42	34.38	33.48	33.00	
117.00	108.80	100.65	93.15	85.71	78.83	72.82	67.81	62.90	58.16	54.00	50.27	46.88	43.87	40.97	38.53	36.14	34.46	32.95	32.13	31.40	31.19	31.00	
101.00	94.71	89.19	84.01	79.14	74.57	70.34	66.31	62.38	58.48	54.61	50.87	47.28	43.99	40.92	38.35	35.86	33.42	31.40	30.01	29.02	28.58	28.14	28.00	
122.00	113.90	105.86	98.98	92.25	86.36	80.53	74.80	69.56	64.39	59.24	54.51	49.84	45.33	41.56	37.97	36.11	34.30	32.56	31.68	31.20	31.00	
105.00	97.89	90.95	84.22	77.55	71.10	65.03	60.15	55.77	51.71	47.81	44.64	42.23	40.14	38.49	37.05	35.85	34.72	33.63	32.67	32.00	
101.00	95.85	90.96	86.37	81.93	77.53	73.30	69.10	64.93	60.85	56.87	53.09	49.78	46.71	43.80	40.97	38.15	35.96	33.97	32.16	30.75	29.96	29.27	29.00	
108.00	101.69	95.45	89.28	83.16	77.19	71.67	66.61	61.61	57.04	53.25	49.80	46.50	43.36	40.53	38.21	36.09	34.33	33.21	32.30	31.61	31.27	31.08	31.00	
101.00	94.55	88.67	82.81	76.99	71.49	66.05	60.74	55.64	52.27	49.31	46.71	44.57	42.51	40.71	38.95	37.21	35.55	33.92	32.75	31.73	30.88	30.27	30.00	
112.00	104.59	97.19	90.12	83.10	76.16	69.73	63.38	58.35	53.43	49.13	45.47	41.82	38.71	36.07	33.81	32.02	30.29	29.29	28.43	28.24	28.07	28.00	
116.00	108.08	101.36	95.05	88.92	82.81	77.86	73.16	68.48	63.96	59.63	55.59	51.90	48.43	44.99	41.82	38.74	36.84	34.93	33.28	33.08	33.00	
122.00	113.02	104.67	97.72	90.81	84.28	77.86	72.12	66.78	61.52	56.33	51.17	46.98	43.34	40.50	38.36	36.31	34.42	32.85	32.13	31.51	31.00	
108.00	100.44	93.05	85.73	78.55	72.10	65.83	60.16	55.18	51.01	47.48	44.04	40.62	38.68	36.79	34.94	33.35	32.61	32.01	31.43	31.00	
117.00	109.94	102.94	96.07	89.42	83.28	77.17	71.33	65.82	60.53	56.03	52.16	48.58	45.61	43.06	40.87	39.27	37.98	36.69	35.48	34.31	33.67	33.13	33.00	
102.00	95.33	89.32	83.89	78.60	73.42	68.26	63.22	58.72	54.50	50.30	47.63	45.02	42.52	40.03	37.60	35.64	33.74	31.90	30.13	28.85	28.16	28.08	28.00	
118.00	109.87	101.88	94.11	87.45	81.50	75.59	70.03	64.57	59.77	55.40	51.65	48.01	44.57	42.00	39.67	37.48	35.54	33.70	32.07	31.00	
103.00	96.41	90.44	84.87	79.61	74.59	70.06	65.56	61.24	57.03	53.49	50.12	46.83	44.03	41.38	39.25	37.29	35.68	34.42	33.17	32.26	31.54	31.21	31.00	
102.00	95.87	89.83	84.01	78.22	72.67	67.66	62.80	58.04	53.84	49.74	46.19	42.64	39.34	37.52	35.86	34.44	33.12	32.33	32.07	32.00	
106.00	100.46	95.01	89.59	84.37	79.61	74.93	70.34	66.14	62.35	58.62	54.89	51.24	48.07	45.03	42.28	39.75	37.27	35.45	33.92	32.71	31.51	31.25	31.00	
107.00	101.81	96.91	92.29	87.71	83.19	78.73	74.27	69.86	65.66	61.53	57.78	54.08	50.47	46.92	43.65	40.54	37.44	34.47	32.77	31.34	30.03	28.95	28.00	
104.00	96.80	89.64	82.93	77.30	71.74	66.23	61.00	55.79	50.70	46.07	42.24	39.24	36.53	34.01	31.69	30.04	29.00	28.43	28.12	28.00	
102.00	96.06	90.44	84.87	79.96	75.13	70.62	66.34	62.14	57.99	54.07	50.19	46.38	42.99	41.57	40.25	38.98	37.73	36.51	35.31	34.18	33.05	32.31	32.00	
107.00	100.30	94.31	88.43	82.79	77.15	71.63	66.33	61.52	57.29	53.42	49.67	46.49	43.59	41.08	39.36	37.77	36.25	35.24	34.27	33.41	33.18	33.00	
112.00	105.71	99.72	93.99	88.39	83.14	77.90	72.86	67.98	63.22	58.83	54.65	50.90	47.17	43.84	41.79	39.93	38.09	36.52	35.19	33.95	32.81	31.78	31.00	
113.00	104.25	96.47	89.20	82.46	75.76	69.44	63.20	58.35	53.61	50.55	47.57	45.38	43.41	41.46	39.63	37.96	36.34	34.78	33.98	33.17	32.56	32.00	
109.00	101.76	94.92	88.10	81.85	76.00	70.52	65.57	60.80	56.11	51.72	47.72	43.96	40.92	38.24	36.32	34.70	33.43	32.35	31.46	30.73	30.06	30.00	
118.00	111.32	104.65	98.13	91.86	85.69	79.73	73.87	68.20	62.65	58.14	53.79	49.49	45.77	42.24	39.18	36.12	33.39	31.12	29.55	29.01	28.55	28.24	28.00	
106.00	97.89	90.71	83.78	77.37	71.43	65.68	60.74	56.16	52.52	48.90	45.81	42.93	40.24	37.89	35.93	34.54	33.28	32.21	31.38	31.18	31.00	
106.00	99.16	92.49	85.96	79.86	74.10	69.25	64.88	60.69	56.66	52.92	49.28	45.92	43.14	40.42	37.73	35.31	33.07	31.43	29.95	29.59	29.24	29.00	
111.00	102.14	93.49	86.48	79.68	73.70	68.72	64.03	59.73	55.43	51.73	48.34	45.46	42.93	40.96	39.17	37.72	36.38	35.03	33.75	33.00	
117.00	109.64	102.87	96.12	90.03	84.00	78.74	73.63	68.82	64.27	59.72	56.39	53.09	49.85	46.74	44.13	41.63	39.18	37.03	34.89	33.19	32.55	32.27	32.00	
112.00	103.58	95.21	86.98	79.19	71.72	65.80	60.79	55.83	51.44	47.29	43.64	40.48	37.93	35.76	33.71	31.75	30.42	29.16	28.08	28.00	
104.00	97.39	90.96	84.68	78.88	73.54	68.64	64.34	60.41	56.54	53.20	49.89	46.70	43.54	40.46	37.51	35.07	33.68	32.42	32.06	32.00	
107.00	100.08	93.72	87.71	82.24	77.14	72.37	67.87	63.49	59.40	55.45	51.52	47.76	44.54	41.60	39.16	36.92	34.76	33.20	31.77	30.46	30.15	30.00	
105.00	100.01	95.15	90.64	86.13	81.88	77.71	73.63	69.59	65.87	62.34	59.02	55.71	52.51	49.32	46.14	43.35	40.68	38.09	35.89	33.81	32.34	31.01	30.00	
111.00	105.24	99.51	94.54	89.66	85.29	80.94	76.64	72.51	68.44	64.41	60.46	56.73	53.05	49.72	46.40	43.16	40.10	37.92	35.87	34.09	32.55	31.03	30.00	
102.00	95.29	89.23	83.40	78.18	73.12	68.08	63.42	58.82	54.36	50.19	46.38	43.43	40.96	38.52	36.11	34.30	32.59	31.26	30.45	30.00	
108.00	101.53	96.15	90.93	85.93	81.01	76.26	71.56	66.93	62.55	58.37	54.25	50.21	46.43	42.92	39.78	36.70	33.82	31.59	30.56	29.55	28.77	28.00	
115.00	107.44	100.26	93.17	86.13	79.11	72.13	66.20	60.56	55.44	50.97	46.77	42.75	39.43	36.12	33.86	31.95	30.67	29.68	28.79	28.39	28.18	28.00	
120.00	111.04	102.13	93.66	86.36	79.25	72.15	65.72	59.35	54.01	48.78	45.59	42.81	40.04	37.29	34.94	32.93	31.77	30.65	29.60	28.67	28.00	
121.00	113.48	106.53	99.67	93.19	87.29	82.02	77.05	72.57	68.19	63.93	60.20	56.51	52.96	49.54	46.33	43.30	40.50	37.76	35.74	33.74	32.16	30.85	30.00	
107.00	100.91	95.16	89.53	84.11	78.90	73.80	68.74	64.28	60.31	56.49	52.88	49.47	46.70	44.48	42.32	40.18	38.08	36.36	34.98	33.94	33.04	32.52	32.00	
113.00	105.98	99.13	92.48	86.10	80.11	74.17	68.62	63.25	58.45	53.71	49.27	44.83	40.56	37.03	33.94	31.09	29.47	28.44	28.06	28.00	
108.00	101.54	95.11	88.72	83.18	77.87	72.90	68.18	63.49	58.90	54.50	50.17	45.86	42.65	39.70	37.01	34.86	33.44	32.29	31.43	31.18	31.00	
123.00	115.83	108.86	102.59	96.34	90.22	84.86	79.67	74.92	70.30	65.90	62.03	58.31	55.01	51.82	48.82	45.83	43.21	40.65	38.23	36.19	34.40	33.51	33.00	
113.00	106.19	99.39	92.60	85.90	79.90	74.13	68.49	62.97	57.60	53.32	49.10	45.54	42.46	39.67	36.95	34.38	33.12	31.96	31.04	30.64	30.35	30.07	30.00	
120.00	110.84	102.34	94.66	87.04	80.52	74.20	68.38	62.68	57.41	53.06	48.93	45.12	41.85	39.03	36.67	34.37	32.61	31.10	30.17	29.33	28.67	28.15	28.00	
113.00	105.81	99.05	92.34	86.70	81.13	75.73	70.66	65.85	61.26	56.75	52.71	48.90	45.27	42.27	40.29	38.65	37.35	36.12	34.94	34.15	33.57	33.00	
111.00	103.25	96.63	90.05	83.68	77.51	71.38	65.70	60.12	54.87	49.95	45.74	42.43	39.70	37.23	34.83	32.76	31.07	30.22	29.56	29.02	28.49	28.00	
107.00	100.52	94.43	88.52	83.18	77.85	72.63	67.69	63.00	58.33	53.86	49.72	45.59	42.31	39.93	37.68	35.51	34.15	32.93	32.28	32.00	
107.00	100.10	93.62	87.21	81.26	75.76	70.59	65.43	60.55	56.10	51.79	47.49	43.55	39.76	36.44	33.73	32.13	30.55	29.55	28.99	28.47	28.00	
103.00	97.09	91.42	86.10	80.82	75.79	70.88	66.41	62.02	57.70	54.63	51.76	49.00	46.54	44.24	42.05	39.90	37.83	35.85	34.03	32.73	31.87	31.27	31.00	
112.00	102.64	93.36	85.51	78.05	72.82	67.94	63.07	59.22	55.45	51.86	48.46	45.53	42.66	39.83	37.06	34.89	32.96	31.33	30.08	29.06	28.50	28.00	
122.00	113.82	106.78	99.97	94.01	88.27	82.61	77.07	71.57	66.75	62.03	57.46	52.92	48.49	44.72	41.26	37.86	34.63	32.41	30.58	29.32	28.39	28.11	28.00	
114.00	107.03	100.12	93.32	87.26	81.22	75.58	70.09	65.44	61.08	56.75	52.47	48.49	45.38	42.38	39.40	36.58	33.82	31.72	31.44	31.17	31.05	31.00	
114.00	106.73	99.54	92.40	85.63	80.22	75.17	70.14	65.38	60.69	56.33	52.98	49.66	46.57	43.62	41.04	38.53	36.36	34.46	33.35	32.32	32.00	
122.00	112.65	103.51	95.48	88.05	80.81	74.23	68.13	62.60	57.82	53.37	49.05	45.30	41.56	38.50	35.80	33.76	32.08	30.52	29.41	29.00	
101.00	94.53	88.09	81.77	75.47	69.83	65.47	61.23	57.03	52.89	49.63	46.48	43.55	41.55	39.86	38.19	36.63	35.10	34.13	33.24	32.57	32.10	32.00	
117.00	109.21	101.44	94.03	87.55	81.14	74.80	68.77	63.22	58.77	54.55	50.78	47.29	44.05	40.92	38.05	35.50	33.03	30.90	30.00	29.35	29.00	
102.00	96.56	91.13	85.71	80.35	75.41	70.57	65.84	61.21	56.95	52.92	49.13	45.80	42.56	39.33	37.15	35.59	34.17	33.56	32.98	32.59	32.23	32.00	
121.00	111.56	102.40	94.55	87.28	80.74	74.52	68.33	63.10	57.89	53.08	48.86	45.00	41.97	39.08	36.76	34.50	32.58	30.88	29.70	28.56	28.13	28.01	28.00	
115.00	108.67	102.35	96.11	90.24	84.54	79.01	73.84	68.68	63.96	59.43	54.92	50.48	46.23	42.11	38.86	36.80	35.35	34.08	32.87	31.75	30.80	30.08	30.00	
121.00	113.96	107.41	101.16	95.14	89.47	84.18	79.18	74.70	70.23	65.75	61.40	57.23	53.17	49.14	45.63	42.46	39.34	36.63	35.17	33.81	33.04	33.00	
112.00	103.45	95.65	88.02	80.46	73.67	67.68	62.33	57.31	53.27	49.34	45.48	41.84	38.37	35.91	33.89	32.18	30.91	30.36	30.03	30.00	
123.00	114.99	107.10	100.38	94.11	88.24	82.82	77.40	72.01	67.25	62.84	58.70	54.64	50.63	47.02	43.49	40.22	37.48	35.42	34.07	32.93	32.26	32.00	
119.00	110.18	101.43	93.53	85.72	79.53	73.70	67.91	62.19	57.01	52.76	49.09	45.74	42.41	39.21	36.60	34.58	33.12	31.76	30.48	29.60	29.00	
115.00	107.26	99.77	92.62	85.54	79.84	74.37	68.95	63.57	58.84	54.96	51.30	47.73	44.29	41.03	38.43	35.91	34.50	33.22	31.98	31.27	31.00	
122.00	113.85	105.74	97.65	89.72	82.07	74.47	67.59	60.77	54.61	48.80	44.01	40.56	37.89	35.45	34.16	33.21	32.45	31.72	31.29	31.00	
118.00	109.41	101.75	94.91	88.22	82.30	76.63	71.20	66.06	61.21	56.57	52.01	47.77	43.76	40.01	37.21	35.31	33.50	32.36	31.33	31.00	
118.00	110.80	103.95	97.10	90.44	84.00	77.98	72.05	66.36	61.02	56.00	52.55	49.57	46.91	44.25	41.73	39.33	37.39	35.46	33.56	31.90	31.12	31.00	
116.00	108.83	101.87	95.37	88.96	83.07	77.54	72.79	68.11	63.52	59.16	54.91	50.78	46.90	43.27	39.92	36.83	34.18	33.68	33.29	33.00	
119.00	111.64	104.37	97.33	90.40	83.62	76.85	70.09	63.48	57.21	50.98	46.99	43.20	39.44	36.35	33.34	31.22	29.42	28.46	28.28	28.15	28.06	28.01	28.00	
121.00	113.50	106.05	98.97	92.27	86.18	80.44	74.71	69.60	64.56	60.21	56.26	52.32	48.60	45.27	43.06	40.89	39.04	37.23	35.48	34.15	33.02	32.49	32.00	
117.00	107.87	99.14	90.60	83.33	76.71	70.13	63.85	58.22	52.78	48.71	45.70	42.76	39.99	37.99	36.27	34.87	33.55	32.27	31.60	31.29	31.00	
113.00	106.42	100.09	93.82	87.84	82.65	77.70	73.11	68.69	64.28	59.89	55.50	51.17	47.16	43.71	40.30	37.53	35.21	33.16	31.83	30.89	30.15	30.00	
105.00	99.53	94.26	89.01	83.81	79.07	74.39	69.79	65.45	61.32	57.23	53.28	49.63	46.18	43.19	40.80	38.73	36.71	34.95	34.04	33.16	32.49	32.12	32.00	
104.00	97.92	91.92	86.48	81.14	76.04	71.41	66.79	62.31	58.15	54.25	50.66	47.13	44.23	41.55	39.18	36.83	34.64	32.85	31.10	29.54	28.56	28.25	28.00	
120.00	111.46	103.03	95.34	87.86	80.68	73.72	66.81	60.93	55.48	51.12	47.08	43.12	40.15	37.60	35.38	33.66	32.01	30.68	30.14	30.00	
105.00	97.73	90.46	84.01	79.33	74.71	70.21	65.72	61.29	57.11	53.26	49.51	45.77	42.92	40.15	37.41	35.25	33.81	32.73	32.41	32.11	32.00	
101.00	94.91	89.03	83.37	78.54	73.78	69.10	64.46	60.38	56.38	52.87	49.66	46.86	44.21	41.58	39.05	36.81	34.66	32.83	31.03	29.30	28.00	
110.00	102.86	95.98	89.14	82.73	77.20	72.02	67.08	62.27	58.40	54.63	50.89	47.36	43.99	41.20	38.42	35.75	33.82	32.05	31.15	30.38	30.00	
105.00	97.38	89.84	82.61	76.12	69.78	63.60	58.13	52.67	48.32	45.22	42.21	39.54	37.98	36.76	35.60	34.72	33.91	33.28	33.16	33.08	33.02	33.00	
104.00	96.59	89.41	82.34	75.72	69.37	64.01	59.57	55.44	52.33	49.32	46.36	43.78	41.54	39.48	37.51	36.10	34.74	33.52	32.98	32.61	32.26	32.00	
105.00	98.59	92.25	86.23	80.26	74.41	68.55	63.44	58.32	53.39	49.27	45.40	41.74	38.42	35.24	33.72	32.21	30.81	29.51	29.17	29.00	
112.00	104.58	97.25	90.39	83.67	77.20	71.50	65.85	60.55	55.60	50.78	47.39	44.21	41.06	38.38	36.02	34.25	32.92	31.65	30.46	30.00	
103.00	95.48	88.72	82.48	76.40	70.32	65.94	62.03	58.13	54.35	50.60	46.96	43.54	41.41	39.32	37.28	35.38	33.69	32.14	30.63	29.37	28.18	28.04	28.00	
103.00	95.95	89.32	82.82	76.35	70.11	64.71	59.43	54.19	49.39	44.93	40.87	37.23	35.20	33.32	31.69	30.35	29.49	28.75	28.29	28.00	
101.00	93.73	86.59	79.85	73.13	67.22	62.15	57.19	52.39	48.06	44.54	41.66	39.06	36.74	34.47	33.03	31.76	30.68	29.79	29.29	29.09	29.00	
113.00	104.66	96.75	89.10	81.94	75.74	69.61	64.03	59.07	55.68	52.42	49.35	46.62	44.03	41.57	39.39	37.23	35.32	33.88	32.55	31.74	31.32	31.00	
106.00	99.59	93.36	87.30	81.23	75.28	69.41	64.65	60.15	55.99	52.18	48.52	44.95	41.73	38.98	36.36	34.20	32.19	30.68	29.54	29.26	29.00	
103.00	97.15	91.64	86.21	80.82	75.45	70.29	65.32	60.39	55.84	51.42	47.77	44.25	41.11	38.20	36.65	35.49	34.70	33.94	33.21	33.11	33.02	33.00	
119.00	109.12	99.28	90.19	82.46	75.91	69.65	63.85	58.50	54.21	50.30	47.31	44.86	42.45	40.08	37.73	35.77	33.90	32.32	30.79	30.23	30.00	
111.00	104.48	98.07	91.75	85.62	80.07	75.01	70.31	65.78	61.51	57.41	53.49	49.57	46.29	43.53	40.98	38.94	36.97	35.08	33.28	31.82	31.33	31.00	
111.00	104.98	98.99	93.01	87.20	81.66	76.21	70.82	65.52	60.78	56.94	53.47	50.14	47.05	44.15	41.57	39.10	36.81	34.53	32.29	31.20	30.74	30.30	30.00	
123.00	112.37	101.88	93.44	86.26	79.78	73.96	68.29	62.64	57.57	52.94	49.22	45.56	42.63	40.44	38.27	36.12	34.14	32.38	30.97	29.79	29.37	29.10	29.00	
123.00	114.64	106.56	98.56	91.83	85.53	79.92	74.43	69.12	64.36	59.70	55.12	51.45	47.94	44.66	41.46	38.39	35.39	32.85	31.51	30.43	29.51	28.59	28.00	
116.00	108.57	101.15	93.74	86.56	79.95	73.40	67.93	63.12	58.88	54.93	51.26	47.77	44.37	41.11	37.89	34.77	31.90	29.21	28.39	28.00	
109.00	100.79	92.68	84.79	77.83	71.27	65.63	60.18	55.06	52.22	49.42	46.70	44.08	42.00	40.10	38.26	36.47	34.69	33.08	31.67	30.53	29.79	29.15	29.00	
105.00	98.70	92.70	86.89	81.10	75.81	70.75	66.28	61.98	58.05	54.63	51.42	48.40	45.39	42.47	39.73	37.28	35.28	33.49	31.77	30.40	29.34	28.45	28.00	
104.00	97.87	91.97	86.47	81.18	76.28	71.44	66.84	62.31	57.98	54.51	51.34	48.19	45.09	42.18	39.66	37.53	35.96	34.54	33.37	33.00	
109.00	103.70	98.46	93.36	88.33	83.35	78.45	73.63	69.05	64.82	60.62	56.49	52.73	49.29	46.15	43.63	41.15	38.84	36.70	34.60	33.46	32.34	31.48	31.00	
108.00	101.57	95.68	89.79	84.12	78.56	73.10	68.06	63.30	58.66	54.38	50.20	47.38	44.66	42.02	39.53	37.43	35.43	33.65	33.00	32.35	32.00	
106.00	99.76	94.21	88.68	83.52	78.59	73.94	69.45	65.15	60.95	57.09	53.40	49.77	46.33	43.42	40.54	37.71	35.77	34.77	33.87	33.25	33.00	
118.00	110.05	102.29	95.68	89.07	82.97	77.17	71.71	66.71	61.92	57.58	53.39	49.84	46.45	43.13	40.12	37.17	34.96	33.33	31.91	30.89	30.38	30.06	30.00	
108.00	102.46	96.96	91.68	86.66	81.78	76.91	72.09	67.74	63.56	59.60	55.99	52.59	49.88	47.39	44.97	42.60	40.43	38.45	36.50	34.65	33.48	33.06	33.00	
121.00	113.50	106.41	99.41	92.79	86.65	80.56	74.72	69.16	64.18	59.41	54.89	50.61	46.53	42.80	39.17	36.31	34.45	32.76	31.23	29.72	28.48	28.00	
101.00	94.78	89.07	83.93	78.81	73.88	69.17	64.56	60.00	55.60	51.62	48.14	44.82	42.28	40.04	38.15	36.38	35.35	34.33	33.44	33.00	
119.00	110.34	101.86	93.62	85.68	78.55	71.81	65.73	59.99	54.40	49.36	44.78	40.26	36.13	34.62	33.50	32.40	31.46	30.64	30.41	30.18	30.00	
106.00	98.77	91.78	84.95	78.29	72.25	66.95	61.88	57.09	52.31	47.69	43.29	39.58	36.81	34.29	32.23	30.63	29.56	29.28	29.06	29.00	
106.00	99.74	93.56	87.41	81.61	76.13	71.06	66.20	61.71	57.41	53.92	50.64	47.38	44.48	41.64	39.24	37.15	35.97	34.83	33.73	32.86	32.29	32.00	
114.00	106.61	99.37	93.02	86.86	80.98	75.14	69.76	64.64	59.59	54.81	50.28	47.57	45.10	42.93	41.10	39.33	37.70	36.26	35.13	34.43	33.84	33.35	33.00	
108.00	98.74	91.04	83.92	77.06	71.39	65.85	62.12	58.50	55.20	52.06	49.39	46.77	44.20	41.99	40.03	38.08	36.15	34.32	32.54	31.00	
111.00	103.16	95.74	88.36	82.11	75.88	69.87	64.14	59.32	54.99	50.97	47.37	44.41	41.62	38.87	36.97	35.07	33.96	32.95	32.13	32.00	
102.00	94.84	88.39	82.02	75.65	69.71	64.25	59.02	53.82	49.13	45.40	42.41	39.49	37.05	34.79	32.73	31.25	30.55	29.98	29.44	29.00	
109.00	100.88	93.05	85.52	78.09	72.01	66.06	60.57	55.78	51.19	46.74	42.43	38.16	34.65	32.87	31.65	30.58	29.71	28.89	28.27	28.11	28.00	
106.00	97.34	89.03	81.27	74.27	67.64	61.92	56.35	51.92	48.35	45.36	42.68	40.02	37.59	35.83	34.28	32.74	31.28	30.57	29.95	29.35	28.76	28.30	28.00	
113.00	105.05	97.66	90.58	84.25	78.38	73.15	68.15	63.15	58.94	55.01	51.92	49.03	46.24	43.65	41.11	38.86	36.73	34.96	33.54	33.00	
110.00	103.48	97.48	92.03	87.05	82.24	77.49	72.75	68.07	63.72	59.46	55.28	51.19	47.21	44.47	41.84	39.52	37.61	35.89	34.28	32.86	31.51	30.31	30.00	
120.00	111.75	104.83	98.66	92.77	87.19	81.71	76.27	71.15	66.33	61.70	57.32	52.95	48.76	44.88	41.35	38.01	35.87	33.77	31.78	31.27	31.00	
105.00	99.27	93.58	87.90	82.77	77.71	73.01	68.47	64.42	60.43	56.63	53.07	49.78	46.64	43.81	41.04	38.33	35.83	34.11	32.68	32.00	
116.00	109.38	102.89	96.69	90.95	85.34	79.83	74.50	69.22	64.93	60.79	56.96	53.15	49.39	45.64	41.99	38.83	35.79	33.25	30.92	29.46	28.16	28.00	
114.00	104.43	96.60	88.78	82.49	76.58	71.08	65.73	60.86	56.29	52.18	48.40	44.89	42.59	40.29	38.10	36.24	34.93	33.72	32.90	32.11	31.39	31.00	
119.00	111.01	103.05	95.15	87.75	80.42	73.59	67.54	61.53	55.57	50.61	47.31	44.20	41.14	38.38	36.00	33.90	31.97	30.51	30.22	30.01	30.00	
122.00	113.65	105.44	97.64	90.07	83.22	76.49	70.77	66.11	61.95	57.95	53.98	50.21	46.65	43.19	40.45	38.24	36.24	34.76	33.53	32.44	31.40	30.64	30.00	
105.00	98.91	92.87	87.12	82.15	77.59	73.32	69.11	65.00	61.23	57.63	54.30	51.10	48.00	44.94	42.14	39.56	37.16	35.17	33.33	31.68	30.07	28.64	28.00	
117.00	106.54	96.10	85.91	78.43	71.47	64.82	59.88	55.90	51.92	48.93	45.98	43.08	40.22	37.72	35.27	33.61	32.19	31.11	30.06	29.36	29.00	
110.00	100.07	91.19	82.51	74.84	67.50	61.67	56.29	51.65	47.22	43.93	41.15	38.53	36.43	34.75	33.47	32.24	31.23	30.34	29.53	28.92	28.32	28.03	28.00	
104.00	96.58	89.44	82.65	77.01	71.55	66.10	61.28	56.82	52.66	48.70	45.10	41.89	39.03	36.54	34.23	32.50	30.94	29.59	29.24	29.00	
115.00	107.34	99.93	92.76	85.97	79.71	73.92	68.36	63.03	58.07	53.69	50.11	46.89	43.83	40.88	38.39	36.90	35.57	34.32	33.16	32.02	31.51	31.24	31.00	
107.00	98.61	91.45	84.69	78.86	73.75	68.70	63.84	59.03	54.73	50.69	46.67	43.15	39.65	37.00	34.99	33.66	32.55	31.50	30.66	30.39	30.19	30.06	30.00	
110.00	102.63	95.39	88.16	82.16	76.53	71.36	66.50	61.64	57.07	52.78	49.18	45.65	42.60	39.64	37.32	35.56	33.93	32.42	30.99	30.48	30.00	
123.00	115.37	107.92	100.65	93.86	87.56	81.67	76.14	70.82	65.78	61.36	57.24	53.36	49.77	46.19	43.72	41.52	39.53	37.61	35.96	34.79	34.10	33.52	33.00	
110.00	103.05	97.34	92.11	87.01	81.93	76.87	72.15	67.56	63.09	58.63	54.39	50.52	46.68	42.97	39.51	36.34	34.39	33.44	32.55	32.00	
118.00	108.36	100.41	92.48	84.60	77.02	70.63	64.70	59.11	53.76	49.67	46.32	43.71	41.36	39.04	37.04	35.18	33.66	32.38	31.57	31.00	
106.00	99.90	94.28	88.96	84.05	79.21	74.43	69.84	65.34	61.10	57.05	53.06	49.09	45.60	42.99	40.70	38.63	36.59	34.84	33.11	32.16	31.31	30.54	30.00	
108.00	101.26	94.99	89.12	83.47	78.28	73.17	68.07	63.22	58.53	53.91	49.53	46.00	42.82	40.47	38.27	36.48	34.74	33.10	32.18	32.00	
113.00	103.99	95.10	86.35	77.69	70.53	63.50	59.11	54.87	50.96	47.48	44.15	41.16	38.24	35.53	33.92	32.49	31.43	30.52	29.66	29.01	29.00	
120.00	112.54	105.89	99.41	93.36	87.38	81.45	75.58	69.78	64.12	59.20	54.51	50.44	46.69	43.46	40.40	38.05	35.83	33.69	32.39	31.75	31.10	30.51	30.00	
106.00	100.46	94.93	89.46	84.22	79.15	74.30	69.59	65.62	61.68	57.88	54.52	51.32	48.16	45.39	42.87	40.36	38.10	35.93	33.89	32.63	31.42	31.00	
107.00	100.39	93.89	87.61	81.44	75.43	69.70	64.76	59.93	55.72	52.03	48.57	45.30	42.62	40.06	37.64	35.69	34.02	32.91	31.87	31.03	31.00	
104.00	96.96	90.19	83.92	77.78	71.93	66.95	62.08	57.30	52.76	49.52	46.52	43.80	41.11	38.68	36.75	35.03	33.33	31.81	30.76	30.32	30.00	
110.00	103.79	97.80	91.82	86.00	80.33	74.99	69.66	64.51	59.67	55.07	50.65	46.52	42.44	39.88	38.04	36.40	35.01	34.07	33.28	32.51	32.07	32.00	
107.00	99.35	91.84	84.52	77.76	71.07	64.66	59.42	54.39	51.43	48.47	45.52	43.11	40.75	38.48	36.79	35.27	34.35	33.56	32.94	32.36	32.00	
107.00	99.91	92.83	86.04	79.39	73.59	68.44	63.45	58.52	54.33	50.83	47.54	44.31	41.28	38.34	35.76	33.47	32.33	31.33	30.63	30.31	30.00	
104.00	99.31	94.62	90.03	85.59	81.44	77.47	73.58	69.89	66.32	62.80	59.34	55.87	52.49	49.26	46.03	42.93	40.16	37.77	35.52	33.48	33.00	
118.00	110.27	102.56	95.05	87.75	80.75	74.15	67.98	62.16	57.59	53.27	49.65	46.20	42.82	39.81	36.98	34.83	32.95	31.63	31.16	31.00	
121.00	114.30	107.76	101.27	94.86	88.54	82.25	76.24	70.51	65.00	59.60	54.61	49.77	46.00	42.43	38.94	36.44	34.18	32.48	31.09	30.18	30.00	
107.00	98.98	91.72	85.05	78.65	72.37	66.34	61.05	56.13	51.65	47.33	44.30	41.85	39.76	38.07	36.47	35.32	34.31	33.61	33.14	33.00	
104.00	98.51	93.08	87.74	82.45	77.30	72.59	68.11	63.77	59.78	55.94	52.52	49.58	46.83	44.17	41.53	39.12	37.08	35.12	33.64	32.47	31.77	31.19	31.00	
101.00	94.73	88.67	83.38	78.09	73.15	68.32	63.55	58.79	54.61	51.13	47.71	44.73	42.23	39.84	37.72	35.87	34.29	32.73	31.28	30.17	29.19	29.00	
116.00	109.13	102.64	96.24	89.86	83.61	77.44	71.55	66.01	60.81	55.83	50.90	45.99	41.99	38.15	36.38	34.61	33.13	31.70	30.44	29.74	29.18	29.00	
110.00	102.63	95.55	88.58	81.63	75.33	69.57	63.93	58.84	54.10	50.04	46.12	42.55	39.65	37.11	35.45	33.88	32.50	31.12	29.92	29.00	
108.00	102.44	96.91	91.66	86.42	81.19	76.11	71.06	66.59	62.15	57.82	53.85	50.13	46.80	44.01	41.26	38.70	36.55	34.47	32.65	31.04	29.97	29.09	29.00	
117.00	109.12	101.45	94.12	86.86	79.94	73.52	67.95	63.41	58.90	55.01	51.59	48.98	46.51	44.08	41.76	39.71	37.86	36.29	34.97	33.69	33.00	
117.00	110.07	103.19	96.54	89.91	83.54	77.53	72.41	67.64	62.92	58.48	54.05	49.80	45.80	42.22	38.88	36.46	34.55	32.63	30.96	30.17	29.74	29.35	29.00	
108.00	100.57	93.30	86.14	79.82	73.77	68.19	63.24	58.38	54.66	51.37	48.25	45.38	42.53	40.14	37.97	36.10	34.62	33.24	31.93	30.86	30.00	
123.00	114.63	106.42	98.98	92.26	85.56	79.43	74.03	68.91	64.21	59.90	55.61	51.89	48.21	44.62	41.78	38.97	36.46	35.12	33.80	32.89	32.00	
115.00	106.61	98.43	90.59	83.36	77.41	71.45	65.57	59.79	54.18	50.21	46.78	43.58	40.42	37.49	35.43	33.50	31.81	30.20	29.37	28.72	28.37	28.09	28.00	
119.00	112.00	105.83	99.89	94.12	88.42	82.73	77.12	71.66	66.57	61.53	56.67	52.22	47.86	43.55	39.58	36.48	33.77	31.41	29.44	29.00	
101.00	94.50	89.37	84.37	79.39	74.75	70.23	65.75	61.57	57.49	53.50	49.75	46.32	42.99	40.10	37.83	36.26	34.98	33.72	33.01	32.31	31.71	31.12	31.00	
109.00	102.71	96.52	90.50	85.06	80.07	75.19	70.40	65.65	61.07	56.51	52.25	48.15	44.28	40.70	37.27	34.09	31.17	29.78	28.69	28.00	
104.00	95.48	87.62	79.79	73.21	67.60	62.15	57.03	52.44	48.11	44.05	41.51	39.58	37.88	36.18	34.50	33.08	32.06	31.04	30.11	30.00	
109.00	101.38	94.21	87.22	80.66	75.16	69.72	64.77	60.00	55.26	51.11	46.99	43.67	40.62	37.72	35.06	32.63	31.01	29.74	28.88	28.31	28.00	
110.00	103.34	97.04	90.91	85.51	80.22	75.14	70.31	65.56	60.87	56.66	52.66	49.14	45.91	42.76	39.73	36.91	34.99	33.71	32.51	31.63	30.81	30.18	30.00	
113.00	104.32	95.72	87.77	79.96	72.86	66.17	60.24	54.56	49.61	45.10	42.26	39.96	37.71	35.54	34.04	32.68	31.40	30.24	29.32	28.57	28.00	
111.00	103.89	96.78	89.73	83.06	76.46	69.87	63.31	58.23	53.47	48.82	44.58	41.39	38.60	36.31	34.13	32.24	30.96	29.76	29.06	28.57	28.28	28.06	28.00	
104.00	96.62	90.16	84.84	79.63	74.53	69.79	65.21	60.67	57.78	55.10	52.65	50.20	47.82	45.49	43.26	41.06	39.10	37.16	35.73	34.35	33.11	33.00	
118.00	110.31	103.25	96.36	90.09	84.04	78.18	72.41	66.73	61.22	56.69	52.32	48.02	44.96	42.27	39.79	37.40	35.02	32.81	31.29	30.00	
107.00	99.88	92.77	86.04	80.34	74.93	69.53	64.74	60.21	55.84	51.63	47.51	44.09	40.93	38.65	36.54	34.96	33.50	33.05	32.63	32.30	32.09	32.00	
114.00	106.30	99.15	92.31	85.70	80.22	75.26	70.72	66.45	62.33	58.31	54.76	51.22	47.93	44.81	41.92	39.58	37.53	35.93	34.87	34.28	33.73	33.30	33.00	
110.00	103.17	96.36	89.55	83.18	77.62	72.31	67.24	62.63	58.46	54.31	50.43	47.36	44.47	41.69	38.93	36.28	34.17	32.07	30.67	30.28	30.00	
111.00	103.12	95.28	88.09	81.59	75.37	69.38	63.56	58.08	53.67	50.05	46.52	44.20	42.09	40.03	38.45	36.92	35.46	34.54	33.62	32.77	32.00	
107.00	100.09	93.44	86.83	80.27	74.48	68.90	64.36	59.98	55.78	52.14	48.73	45.59	42.67	40.24	38.31	37.05	35.84	34.68	33.59	32.69	32.35	32.03	32.00	
121.00	111.39	102.25	93.87	85.53	78.87	73.59	68.31	63.16	58.55	54.64	51.05	47.63	44.24	41.11	38.13	35.56	33.30	31.17	29.92	29.00	
108.00	101.02	94.23	87.59	82.46	77.55	72.73	68.12	63.74	59.59	55.51	51.61	47.91	44.41	40.99	37.71	35.04	32.94	31.00	29.72	29.47	29.28	29.12	29.00	
108.00	100.29	93.47	86.76	80.34	74.04	67.74	61.98	57.46	54.16	50.92	48.04	45.30	42.69	40.35	38.21	36.06	34.30	33.69	33.39	33.17	33.00	
101.00	93.40	85.88	79.41	73.17	66.98	62.30	57.64	53.78	50.24	46.82	44.48	42.29	40.27	38.25	36.29	34.34	32.43	30.77	29.16	29.00	
119.00	111.12	103.34	96.41	89.64	83.37	77.30	71.67	66.16	60.78	55.73	52.31	48.99	45.74	42.49	39.42	36.81	35.14	33.96	33.40	32.89	32.42	32.19	32.00	
112.00	105.26	98.56	91.98	85.66	79.39	73.69	68.03	62.82	57.62	52.46	47.85	45.61	43.56	41.57	39.60	37.81	36.07	35.20	34.52	33.84	33.20	33.08	33.00	
110.00	103.31	96.86	90.99	85.36	79.96	75.34	71.05	66.84	62.68	58.53	54.65	51.39	48.31	45.24	42.50	39.98	38.07	36.23	34.64	33.40	32.61	32.00	
116.00	109.16	102.31	95.53	88.75	82.48	76.25	70.22	64.66	59.46	54.29	49.37	46.10	43.49	40.90	38.54	36.72	34.92	33.55	32.42	31.40	31.08	31.00	
107.00	98.38	90.40	83.36	76.78	70.73	65.21	59.71	54.70	50.18	45.93	42.47	39.36	36.59	34.43	32.44	31.20	30.04	29.04	28.47	28.14	28.08	28.04	28.00	
114.00	107.42	100.85	94.29	88.38	82.91	77.74	72.78	68.62	64.52	60.49	56.80	53.14	49.56	46.14	42.75	39.46	36.18	33.83	31.93	30.24	28.90	28.15	28.00	
122.00	114.97	107.99	101.85	95.81	89.82	83.85	78.38	73.60	69.09	64.68	60.47	56.41	52.73	49.22	45.75	42.89	40.47	38.14	36.02	34.30	33.17	33.00	
115.00	107.84	100.71	94.31	87.97	81.94	75.97	70.56	65.28	60.01	55.38	51.23	47.86	45.34	43.31	41.28	39.28	37.32	35.55	34.44	33.43	33.01	33.00	
102.00	95.06	88.36	81.77	75.48	69.30	63.94	59.10	54.31	49.61	45.40	41.95	38.53	35.80	33.80	32.50	31.26	30.09	29.73	29.42	29.16	29.00	
101.00	95.30	89.88	84.48	79.46	74.60	69.77	65.08	60.89	56.93	53.11	49.37	45.75	42.39	39.52	37.38	35.81	34.33	33.07	32.49	32.00	
107.00	100.46	94.11	87.89	82.14	76.46	70.92	65.42	59.98	55.30	51.63	48.03	44.61	41.35	38.66	36.05	33.63	31.87	30.19	28.76	28.00	
111.00	104.33	97.82	91.59	85.67	80.25	74.97	69.88	65.00	60.42	55.88	51.63	48.11	44.66	41.95	39.66	37.72	35.81	33.98	32.76	32.20	32.00	
118.00	111.44	104.96	98.54	92.12	85.90	79.90	74.37	68.85	64.02	59.25	54.55	50.90	47.48	44.38	41.61	39.08	37.10	35.26	33.78	32.57	32.09	32.00	
110.00	102.93	96.01	89.23	82.55	76.31	70.18	64.22	58.60	53.16	47.87	43.65	40.52	37.84	35.23	32.86	31.92	31.16	30.68	30.32	30.00	
109.00	101.87	94.99	88.13	81.64	75.20	70.06	65.21	60.67	56.15	52.04	48.10	44.31	41.03	38.39	35.82	33.43	32.21	31.06	30.52	30.13	30.00	
113.00	104.58	96.74	89.53	83.05	76.68	70.35	64.50	59.89	55.86	51.89	48.47	45.35	42.83	40.72	39.08	37.56	36.33	35.22	34.15	33.27	32.48	32.00	
111.00	104.04	97.53	91.21	85.25	79.38	73.87	68.69	64.03	59.56	55.24	51.22	47.28	44.18	41.09	38.40	35.81	33.27	31.14	29.86	29.36	29.01	29.00	
123.00	114.42	106.44	99.05	91.99	85.71	79.61	73.71	67.83	62.93	58.11	53.52	49.76	46.03	42.32	39.30	36.61	34.67	32.88	32.48	32.19	32.00	
103.00	97.90	93.13	88.36	83.77	79.21	74.94	70.94	67.14	63.38	59.78	56.18	52.88	49.88	46.88	44.08	41.28	38.71	36.40	34.33	32.50	31.16	30.00	
107.00	100.33	93.68	87.53	82.02	76.65	71.54	66.82	62.33	57.87	53.49	49.86	46.41	43.18	40.16	37.92	35.80	33.81	32.56	31.49	30.42	29.57	29.10	29.00	
115.00	107.95	101.51	95.93	90.43	85.17	79.95	75.15	70.94	66.90	63.31	59.74	56.22	52.72	49.31	46.12	43.21	40.50	38.07	35.85	33.79	31.88	30.62	30.00	
111.00	104.83	98.70	92.64	87.00	82.08	77.23	72.74	68.32	63.96	59.71	55.60	51.61	47.95	44.72	41.54	38.81	36.89	35.25	33.76	32.67	31.80	31.00	
110.00	103.76	97.60	91.50	85.46	79.47	73.61	68.48	64.12	60.27	56.88	53.61	50.70	47.83	44.98	42.44	39.96	38.01	36.26	34.94	33.80	33.00	
107.00	99.50	92.63	86.92	81.28	75.87	71.07	67.13	63.38	59.88	56.41	53.41	50.63	48.08	45.60	43.16	40.74	38.34	36.08	34.09	33.28	33.05	33.00	
106.00	99.63	93.91	88.31	83.15	78.81	74.61	70.43	66.35	62.32	58.36	54.46	50.69	47.12	44.09	41.12	38.52	36.00	33.48	32.34	31.25	30.27	29.52	29.00	
104.00	97.36	91.74	86.63	81.56	76.63	72.12	67.72	63.55	59.67	56.03	52.50	49.16	46.00	43.38	40.81	38.25	36.56	35.19	33.85	33.00	
104.00	97.11	90.73	84.42	78.38	73.12	67.96	63.31	59.12	55.32	51.57	48.12	44.79	41.87	39.32	36.91	34.64	33.52	32.49	31.61	31.00	
118.00	109.59	101.46	93.53	86.69	80.36	74.42	68.69	63.08	58.64	54.53	50.58	46.93	43.29	40.03	37.07	34.85	33.18	31.76	30.54	30.03	30.00	
118.00	110.04	102.40	95.06	87.86	81.38	75.42	69.74	64.50	59.45	54.50	50.00	45.81	42.53	39.40	37.10	35.29	34.03	33.09	32.55	32.26	32.11	32.00	
104.00	98.34	92.78	87.58	82.58	77.88	73.23	68.68	64.33	60.05	55.81	51.64	47.63	44.26	40.98	37.83	35.28	33.13	31.45	30.38	29.84	29.41	29.00	
106.00	99.28	92.71	86.27	80.71	75.17	70.07	65.02	60.31	56.08	52.60	49.19	46.12	43.22	40.52	37.92	35.52	33.62	32.32	31.21	30.32	29.47	29.00	
111.00	104.83	98.81	92.99	87.32	81.70	76.09	70.82	65.70	61.45	57.22	53.10	49.47	45.96	42.58	39.88	37.51	35.36	33.49	32.19	31.08	31.00	
102.00	95.15	89.47	83.86	78.45	73.23	68.81	64.66	60.56	56.66	52.77	49.14	45.67	42.71	39.94	37.71	35.92	34.39	33.39	32.75	32.11	32.02	32.00	
107.00	100.04	93.13	86.28	79.53	73.30	67.63	62.14	56.73	51.85	48.22	44.65	41.26	39.06	37.09	35.75	34.48	33.25	32.56	31.89	31.28	31.05	31.00	
114.00	103.57	93.22	85.55	78.08	71.66	65.90	60.51	55.13	50.06	46.42	42.87	39.40	37.19	35.98	34.87	33.94	33.09	32.29	32.01	32.00	
118.00	109.88	102.11	94.71	87.36	80.41	74.44	68.96	64.00	59.07	54.18	49.42	44.77	40.47	38.26	36.10	34.08	32.18	30.47	29.48	28.51	28.00	
114.00	108.00	102.36	96.73	91.37	86.14	81.31	76.58	71.90	67.39	62.95	58.76	54.71	51.19	47.85	44.52	41.37	38.60	36.31	34.59	33.51	33.17	33.04	33.00	
111.00	104.46	98.08	91.89	85.90	79.97	74.22	68.51	63.20	58.38	53.77	49.39	45.69	42.79	39.94	37.17	35.20	34.03	33.24	32.52	32.11	32.05	32.00	
106.00	98.87	92.70	86.55	80.57	75.49	70.40	65.39	60.71	56.10	51.78	47.66	43.97	40.77	37.59	35.28	33.34	31.66	30.50	29.44	28.57	28.00	
108.00	99.65	92.22	85.01	78.66	72.66	67.28	62.34	57.73	53.70	50.08	46.63	44.18	42.05	39.94	37.86	36.25	34.92	33.64	32.43	31.36	31.04	31.00	
103.00	96.98	91.43	86.03	80.67	75.85	71.35	66.86	62.75	58.93	55.32	52.04	49.08	46.30	43.64	41.11	38.75	37.29	35.89	34.75	33.70	33.26	33.00	
112.00	105.26	98.58	92.43	86.34	80.73	75.26	69.87	64.75	59.87	55.38	51.04	47.16	43.87	40.67	37.87	35.26	32.68	31.13	29.57	28.24	28.03	28.00	
121.00	112.83	104.71	97.70	90.94	84.21	77.72	71.26	65.31	60.00	55.13	50.79	46.58	43.39	40.61	38.77	37.10	35.43	34.00	33.38	33.00	
108.00	99.61	91.85	84.11	76.71	69.69	63.17	58.47	53.81	49.41	45.32	42.52	39.76	37.21	35.43	33.68	31.93	31.23	30.61	30.30	30.01	30.00	
116.00	109.27	102.59	95.92	90.19	84.49	79.08	73.90	68.82	64.29	60.12	56.30	52.56	48.98	45.91	42.99	40.23	37.53	34.91	33.13	33.00	
112.00	105.48	99.33	93.26	87.23	81.51	76.43	71.37	66.63	62.30	58.11	53.94	50.11	46.99	44.03	41.08	38.99	37.31	35.75	34.24	32.85	32.00	
105.00	98.05	91.23	84.44	77.71	71.00	64.92	59.38	56.14	52.99	49.86	46.76	43.76	41.40	39.08	37.54	36.05	34.65	33.34	32.22	32.00	
114.00	106.26	98.68	91.42	84.20	77.41	71.18	65.00	59.27	53.84	48.64	44.03	40.14	36.68	33.68	31.11	30.35	29.68	29.09	28.52	28.19	28.00	
123.00	114.92	106.87	98.82	91.09	84.02	77.15	70.47	63.86	57.57	52.43	47.47	42.88	39.84	36.99	34.37	31.80	30.51	29.25	28.50	28.00	
108.00	100.27	92.99	86.18	79.50	73.33	67.54	62.12	56.94	51.88	46.85	42.55	39.80	37.53	35.64	34.09	32.65	31.49	30.42	29.62	29.27	29.12	29.00	
116.00	107.20	99.24	91.83	84.47	77.85	72.56	67.73	62.95	58.50	54.17	49.91	45.68	42.07	39.10	36.53	34.48	32.73	30.99	30.59	30.27	30.04	30.00	
105.00	98.16	91.38	84.72	78.42	72.15	66.66	61.58	56.68	51.83	46.98	43.11	39.49	36.76	34.08	31.48	30.31	29.64	29.37	29.17	29.00	
102.00	94.57	87.52	80.63	74.81	69.45	64.59	60.34	56.29	52.93	49.59	46.80	44.53	42.42	40.42	38.49	37.02	35.73	34.53	33.67	32.80	32.24	32.00	
106.00	97.61	89.72	81.88	74.84	69.09	63.81	58.70	53.79	50.00	46.91	44.03	41.26	38.88	36.64	35.06	33.62	32.56	31.80	31.42	31.18	31.00	
115.00	103.58	92.99	85.39	78.51	71.83	66.38	60.93	55.98	51.87	48.01	44.31	41.24	39.08	37.32	35.61	34.13	32.98	31.94	31.50	31.07	31.00	
113.00	106.31	99.75	93.19	87.16	81.20	75.82	70.50	65.46	60.51	55.73	51.20	46.81	42.71	38.61	35.92	33.55	31.30	29.62	29.27	29.12	29.00	
112.00	105.68	99.38	93.41	87.75	82.41	77.17	72.24	67.71	63.21	58.84	54.51	50.44	46.59	42.79	39.71	36.86	34.43	32.92	31.79	30.73	30.27	30.00	
113.00	105.79	98.77	92.33	86.12	79.93	74.06	68.35	63.21	58.40	53.94	49.51	45.20	41.37	37.78	34.88	32.58	31.16	30.12	29.34	28.76	28.29	28.14	28.00	
105.00	96.51	89.98	84.10	78.38	72.72	67.54	62.41	57.61	52.94	48.36	45.09	42.02	39.58	37.42	35.46	33.97	32.50	31.39	30.54	29.90	29.44	29.00	
112.00	104.19	96.65	89.92	83.37	76.91	70.67	64.46	58.39	52.68	47.41	42.30	38.12	35.41	33.42	31.80	30.57	29.64	28.71	28.16	28.00	
114.00	105.44	97.21	89.84	82.95	77.02	71.18	65.99	60.92	56.10	51.57	47.35	43.48	40.88	38.45	36.37	35.15	34.29	33.54	33.22	33.00	
116.00	108.28	100.70	93.16	85.69	78.79	72.02	65.89	61.12	56.59	52.40	48.32	44.25	40.49	37.01	34.15	32.06	30.30	29.94	29.61	29.32	29.13	29.00	
111.00	104.67	98.71	92.82	87.07	81.35	75.82	70.39	65.21	60.22	55.46	50.97	46.80	43.92	41.27	38.70	36.18	34.36	33.77	33.40	33.03	33.00	
103.00	95.26	88.45	82.59	76.86	71.90	67.16	62.47	58.50	54.70	51.61	48.78	45.97	43.32	40.72	38.47	36.75	35.22	34.24	33.38	33.00	
106.00	99.94	94.03	88.22	82.58	76.95	71.60	67.05	62.59	58.19	54.37	50.65	47.26	44.01	40.84	37.75	34.76	32.85	31.06	30.03	29.51	29.00	
118.00	109.74	101.86	95.02	88.25	81.69	75.82	69.98	64.68	59.57	55.08	50.89	47.51	44.71	41.95	39.28	36.70	34.29	32.23	30.69	29.20	28.53	28.05	28.00	
121.00	113.30	105.73	98.17	90.95	83.82	77.18	70.68	65.31	60.17	55.36	50.59	45.89	41.29	37.80	35.09	33.02	31.02	30.02	29.55	29.20	29.00	
115.00	108.04	101.22	94.61	88.68	82.86	77.39	72.01	67.03	62.34	57.67	53.10	48.58	44.26	40.32	37.18	35.51	33.87	32.36	30.86	29.49	28.25	28.00	
110.00	103.38	96.84	91.39	86.04	81.18	76.31	72.00	67.79	63.73	59.94	56.18	52.59	49.20	45.83	43.05	40.46	38.20	36.04	33.90	32.07	31.00	
106.00	98.88	92.26	85.66	79.57	74.47	69.58	65.26	61.01	57.53	54.15	51.08	48.00	45.17	42.40	39.72	37.15	34.65	32.46	31.40	30.41	29.43	29.01	29.00	
110.00	103.33	96.90	90.68	84.46	79.03	73.80	68.58	63.46	58.65	53.86	49.18	45.56	42.16	38.76	35.39	33.78	32.43	31.39	30.50	29.61	29.31	29.03	29.00	
103.00	95.91	89.74	83.91	78.57	73.34	68.33	63.71	59.59	55.89	52.52	49.24	46.00	43.08	40.40	37.81	36.57	35.38	34.28	33.30	32.38	31.49	31.11	31.00	
25.76	26.88	14.56	13.44	12.32	32.48	17.92	16.80	19.04	11.20	20.16	24.64	20.16	23.52	15.68	15.68	25.76	21.28	28.00	30.24	24.64	15.68	22.40	12.32	25.76	31.36	30.24	29.12	30.24	20.16	28.00	26.88	19.04	15.68	23.52	32.48	17.92	15.68	25.76	12.32	12.32	30.24	19.04	24.64	26.88	21.28	11.20	14.56	17.92	32.48	32.48	14.56	15.68	23.52	25.76	26.88	25.76	13.44	24.64	28.00	20.16	15.68	12.32	28.00	21.28	30.24	21.28	14.56	24.64	29.12	15.68	21.28	15.68	25.76	20.16	26.88	21.28	17.92	12.32	13.44	12.32	21.28	33.60	24.64	15.68	16.80	19.04	14.56	30.24	31.36	19.04	33.60	12.32	15.68	12.32	28.00	29.12	28.00	30.24	17.92	33.60	12.32	13.44	12.32	11.20	16.80	33.60	26.88	22.40	24.64	26.88	17.92	11.20	15.68	26.88	12.32	16.80	26.88	30.24	16.80	29.12	13.44	17.92	19.04	30.24	22.40	32.48	28.00	32.48	30.24	31.36	32.48	32.48	11.20	19.04	28.00	19.04	14.56	17.92	17.92	30.24	33.60	30.24	28.00	25.76	30.24	15.68	23.52	31.36	22.40	16.80	33.60	26.88	14.56	24.64	15.68	26.88	19.04	12.32	21.28	28.00	16.80	17.92	21.28	30.24	29.12	32.48	26.88	11.20	32.48	23.52	22.40	20.16	31.36	28.00	32.48	15.68	16.80	17.92	14.56	19.04	26.88	31.36	21.28	22.40	31.36	23.52	15.68	30.24	16.80	14.56	19.04	33.60	32.48	32.48	30.24	16.80	33.60	17.92	14.56	17.92	16.80	24.64	12.32	11.20	17.92	16.80	31.36	25.76	21.28	23.52	22.40	32.48	14.56	13.44	29.12	29.12	16.80	19.04	26.88	21.28	30.24	23.52	32.48	11.20	23.52	14.56	21.28	16.80	19.04	33.60	24.64	22.40	30.24	29.12	21.28	21.28	15.68	13.44	32.48	19.04	11.20	11.20	23.52	25.76	24.64	29.12	12.32	11.20	29.12	16.80	19.04	17.92	33.60	31.36	30.24	19.04	19.04	11.20	22.40	19.04	31.36	29.12	28.00	28.00	29.12	30.24	21.28	21.28	17.92	12.32	32.48	22.40	16.80	17.92	20.16	32.48	16.80	22.40	30.24	15.68	24.64	20.16	25.76	12.32	14.56	26.88	29.12	16.80	17.92	16.80	26.88	31.36	21.28	32.48	31.36	23.52	33.60	21.28	26.88	24.64	28.00	13.44	13.44	22.40	12.32	24.64	21.28	33.60	29.12	31.36	15.68	11.20	33.60	14.56	24.64	15.68	16.80	20.16	29.12	19.04	19.04	24.64	13.44	15.68	31.36	33.60	26.88	26.88	31.36	26.88	12.32	21.28	21.28	25.76	24.64	11.20	12.32	25.76	14.56	15.68	22.40	17.92	13.44	22.40	29.12	12.32	23.52	17.92	30.24	20.16	17.92	31.36	12.32	17.92	12.32	16.80	13.44	15.68	19.04	19.04	23.52	21.28	26.88	23.52	17.92	28.00	21.28	33.60	12.32	19.04	26.88	17.92	16.80	21.28	20.16	28.00	26.88	23.52	19.04	30.24	32.48	15.68	26.88	30.24	33.60	11.20	14.56	15.68	14.56	13.44	15.68	30.24	16.80	31.36	14.56	30.24	24.64	25.76	16.80	26.88	13.44	23.52	31.36	32.48	33.60	29.12	23.52	32.48	15.68	24.64	24.64	30.24	11.20	32.48	17.92	22.40	32.48	25.76	31.36	17.92	21.28	32.48	23.52	16.80	16.80	29.12	30.24	11.20	32.48	16.80	14.56	19.04	22.40	13.44	24.64	16.80	29.12	32.48	12.32	23.52	30.24	28.00	12.32	21.28	12.32	33.60	15.68	31.36	20.16	15.68	15.68	20.16	30.24	22.40	21.28	21.28	30.24	31.36	29.12	17.92	21.28	26.88	13.44	22.40	25.76	19.04	22.40	33.60	16.80	16.80	28.00	33.60	16.80	23.52	20.16	16.80	22.40	29.12	17.92	19.04	26.88	25.76	24.64	23.52	33.60	33.60	31.36	29.12	30.24	25.76	17.92	31.36	21.28	15.68	30.24	16.80	31.36	29.12	15.68	22.40	15.68	17.92	22.40	30.24	28.00	30.24	28.00	11.20	14.56	29.12	22.40	20.16	33.60	13.44	30.24	28.00	21.28	11.20	17.92	25.76	29.12	32.48	20.16	20.16	13.44	12.32	25.76	24.64	22.40	17.92	23.52	13.44	14.56	12.32	14.56	14.56	21.28	32.48	17.92	24.64	11.20	14.56	32.48	14.56	24.64	33.60	33.60	20.16	16.80	29.12	25.76	16.80	25.76	32.48	22.40	25.76	17.92	15.68	26.88	32.48	32.48	33.60	23.52	23.52	22.40	22.40	24.64	14.56	16.80	31.36	32.48	32.48	26.88	30.24	11.20	29.12	20.16	29.12	30.24	11.20	33.60	19.04	25.76	28.00	23.52	23.52	16.80	28.00	21.28	23.52	24.64	28.00	15.68	14.56	21.28	24.64	26.88	30.24	23.52	19.04	31.36	20.16	17.92	32.48	30.24	31.36	23.52	16.80	11.20	24.64	14.56	31.36	20.16	33.60	26.88	32.48	32.48	15.68	31.36	14.56	17.92	15.68	20.16	17.92	13.44	20.16	13.44	14.56	24.64	11.20	31.36	20.16	15.68	33.60	14.56	15.68	15.68	16.80	25.76	22.40	26.88	23.52	25.76	20.16	17.92	17.92	22.40	33.60	30.24	12.32	25.76	32.48	16.80	16.80	17.92	15.68	28.00	30.24	11.20	12.32	25.76	13.44	31.36	26.88	12.32	25.76	31.36	21.28	15.68	29.12	13.44	14.56	31.36	24.64	33.60	25.76	13.44	16.80	16.80	17.92	17.92	28.00	17.92	30.24	29.12	31.36	30.24	21.28	30.24	16.80	24.64	19.04	11.20	23.52	15.68	13.44	17.92	20.16	26.88	17.92	33.60	28.00	17.92	24.64	32.48	28.00	15.68	12.32	31.36	23.52	30.24	26.88	16.80	13.44	14.56	17.92	19.04	30.24	33.60	26.88	24.64	28.00	23.52	26.88	15.68	14.56	33.60	28.00	19.04	13.44	13.44	26.88	24.64	31.36	15.68	30.24	23.52	24.64	22.40	16.80	12.32	20.16	12.32	26.88	13.44	19.04	26.88	23.52	32.48	32.48	20.16	26.88	21.28	23.52	13.44	21.28	33.60	11.20	25.76	11.20	28.00	25.76	23.52	30.24	17.92	11.20	31.36	24.64	32.48	11.20	30.24	13.44	21.28	22.40	12.32	13.44	14.56	19.04	25.76	30.24	15.68	16.80	28.00	25.76	20.16	20.16	28.00	31.36	22.40	19.04	31.36	16.80	26.88	15.68	29.12	25.76	28.00	30.24	24.64	16.80	16.80	28.00	22.40	15.68	22.40	28.00	19.04	26.88	20.16	29.12	11.20	22.40	28.00	23.52	11.20	17.92	11.20	19.04	26.88	20.16	21.28	23.52	32.48	21.28	26.88	12.32	33.60	20.16	13.44	25.76	12.32	31.36	12.32	12.32	12.32	15.68	31.36	19.04	20.16	28.00	31.36	26.88	32.48	26.88	12.32	25.76	31.36	32.48	24.64	19.04	21.28	32.48	20.16	25.76	13.44	11.20	31.36	17.92	16.80	19.04	28.00	13.44	33.60	23.52	11.20	17.92	29.12	12.32	22.40	13.44	14.56	22.40	12.32	20.16	23.52	22.40	29.12	16.80	23.52	16.80	25.76	21.28	31.36	16.80	13.44	33.60	19.04	24.64	12.32	14.56	19.04	13.44	24.64	11.20	25.76	22.40	16.80	12.32	14.56	28.00	32.48	28.00	11.20	14.56	30.24	12.32	33.60	20.16	32.48	14.56	19.04	20.16	28.00	31.36	13.44	33.60	32.48	15.68	22.40	23.52	23.52	23.52	23.52	32.48	33.60	15.68	28.00	13.44	17.92	16.80	15.68	30.24	12.32	26.88	21.28	12.32	22.40	19.04	26.88	26.88	26.88	31.36	33.60	29.12	21.28	22.40	31.36	25.76	16.80	12.32	28.00	22.40	19.04	20.16	16.80	16.80	14.56	12.32	23.52	17.92	25.76	20.16	15.68	14.56	19.04	25.76	28.00	29.12	28.00	25.76	25.76	14.56	31.36	33.60	16.80	28.00	31.36	29.12	31.36	19.04	31.36	23.52	13.44	11.20	20.16	17.92	31.36	22.40	22.40	11.20	17.92	21.28	11.20	19.04	26.88	20.16	24.64	17.92	19.04	
29.12	20.16	25.76	26.88	33.60	33.60	11.20	14.56	22.40	19.04	17.92	14.56	12.32	29.12	24.64	23.52	30.24	14.56	25.76	17.92	26.88	19.04	26.88	21.28	26.88	32.48	26.88	11.20	22.40	33.60	29.12	14.56	28.00	29.12	17.92	13.44	20.16	13.44	16.80	31.36	25.76	16.80	17.92	25.76	32.48	33.60	29.12	31.36	23.52	13.44	24.64	30.24	31.36	23.52	19.04	23.52	33.60	17.92	21.28	31.36	12.32	11.20	29.12	26.88	15.68	17.92	32.48	30.24	28.00	29.12	26.88	20.16	11.20	15.68	24.64	17.92	32.48	17.92	33.60	30.24	22.40	20.16	21.28	25.76	21.28	33.60	32.48	23.52	13.44	12.32	32.48	16.80	28.00	17.92	33.60	29.12	25.76	15.68	30.24	31.36	33.60	32.48	28.00	19.04	25.76	17.92	32.48	20.16	20.16	30.24	16.80	28.00	19.04	32.48	17.92	30.24	31.36	20.16	16.80	32.48	24.64	23.52	29.12	33.60	17.92	25.76	15.68	15.68	30.24	13.44	24.64	25.76	12.32	32.48	14.56	17.92	30.24	23.52	13.44	17.92	17.92	15.68	20.16	22.40	12.32	13.44	14.56	32.48	30.24	24.64	23.52	19.04	28.00	31.36	29.12	25.76	13.44	29.12	13.44	21.28	32.48	32.48	28.00	29.12	21.28	25.76	17.92	29.12	29.12	26.88	25.76	32.48	30.24	22.40	12.32	26.88	22.40	31.36	22.40	22.40	12.32	24.64	17.92	14.56	21.28	15.68	21.28	31.36	28.00	32.48	13.44	15.68	31.36	31.36	14.56	14.56	31.36	29.12	33.60	11.20	15.68	26.88	11.20	30.24	13.44	29.12	29.12	29.12	13.44	28.00	12.32	13.44	16.80	11.20	14.56	19.04	29.12	16.80	23.52	15.68	21.28	26.88	19.04	30.24	23.52	23.52	32.48	24.64	15.68	20.16	31.36	32.48	22.40	31.36	24.64	14.56	31.36	24.64	23.52	30.24	20.16	23.52	28.00	28.00	12.32	28.00	12.32	21.28	12.32	29.12	30.24	29.12	13.44	32.48	16.80	21.28	26.88	13.44	20.16	13.44	29.12	30.24	21.28	21.28	26.88	16.80	19.04	31.36	19.04	26.88	20.16	31.36	13.44	22.40	17.92	28.00	19.04	26.88	25.76	12.32	21.28	31.36	17.92	14.56	15.68	20.16	15.68	17.92	33.60	32.48	13.44	28.00	12.32	11.20	22.40	14.56	26.88	17.92	21.28	22.40	12.32	11.20	21.28	15.68	23.52	14.56	21.28	28.00	30.24	12.32	11.20	25.76	21.28	28.00	20.16	31.36	26.88	20.16	29.12	11.20	21.28	23.52	21.28	29.12	31.36	15.68	22.40	24.64	12.32	19.04	20.16	24.64	19.04	13.44	25.76	30.24	12.32	26.88	29.12	29.12	12.32	20.16	15.68	26.88	24.64	15.68	28.00	29.12	29.12	33.60	30.24	32.48	33.60	29.12	30.24	31.36	30.24	17.92	11.20	20.16	29.12	31.36	16.80	28.00	32.48	13.44	22.40	24.64	12.32	29.12	11.20	16.80	30.24	15.68	22.40	30.24	23.52	16.80	19.04	21.28	30.24	14.56	24.64	32.48	14.56	30.24	28.00	23.52	14.56	13.44	28.00	11.20	12.32	16.80	13.44	13.44	28.00	24.64	24.64	12.32	13.44	29.12	33.60	21.28	24.64	33.60	25.76	21.28	22.40	24.64	19.04	29.12	11.20	11.20	29.12	33.60	13.44	11.20	21.28	14.56	13.44	21.28	28.00	22.40	32.48	30.24	17.92	21.28	15.68	31.36	26.88	24.64	16.80	22.40	14.56	30.24	17.92	29.12	21.28	21.28	23.52	12.32	26.88	19.04	16.80	11.20	31.36	20.16	11.20	33.60	32.48	22.40	13.44	11.20	12.32	28.00	13.44	31.36	21.28	26.88	16.80	30.24	26.88	22.40	28.00	21.28	23.52	28.00	31.36	29.12	26.88	19.04	22.40	21.28	12.32	30.24	30.24	17.92	25.76	17.92	21.28	30.24	13.44	33.60	12.32	16.80	20.16	29.12	11.20	12.32	22.40	16.80	20.16	22.40	29.12	26.88	24.64	22.40	33.60	30.24	33.60	25.76	30.24	21.28	14.56	30.24	32.48	26.88	19.04	24.64	21.28	20.16	12.32	11.20	11.20	21.28	33.60	12.32	28.00	23.52	14.56	28.00	20.16	13.44	17.92	14.56	32.48	22.40	24.64	28.00	31.36	26.88	11.20	22.40	23.52	13.44	13.44	20.16	33.60	24.64	20.16	23.52	16.80	28.00	19.04	21.28	17.92	14.56	14.56	23.52	17.92	29.12	28.00	29.12	22.40	32.48	22.40	28.00	12.32	30.24	25.76	23.52	30.24	14.56	30.24	23.52	25.76	29.12	21.28	22.40	20.16	24.64	21.28	14.56	21.28	28.00	15.68	25.76	12.32	32.48	26.88	12.32	13.44	16.80	32.48	24.64	33.60	25.76	11.20	30.24	16.80	19.04	22.40	29.12	23.52	33.60	21.28	33.60	23.52	33.60	13.44	22.40	31.36	26.88	21.28	31.36	15.68	30.24	13.44	11.20	31.36	24.64	15.68	17.92	13.44	33.60	32.48	20.16	19.04	22.40	26.88	26.88	28.00	31.36	32.48	24.64	24.64	12.32	20.16	28.00	21.28	12.32	14.56	24.64	22.40	22.40	11.20	13.44	30.24	15.68	32.48	14.56	19.04	31.36	19.04	25.76	26.88	13.44	15.68	15.68	32.48	25.76	31.36	17.92	13.44	19.04	15.68	29.12	15.68	21.28	17.92	14.56	23.52	31.36	25.76	24.64	25.76	31.36	25.76	33.60	30.24	15.68	11.20	20.16	19.04	16.80	21.28	31.36	16.80	26.88	32.48	21.28	24.64	19.04	22.40	22.40	19.04	26.88	24.64	15.68	28.00	13.44	26.88	32.48	15.68	22.40	14.56	14.56	21.28	17.92	11.20	11.20	14.56	11.20	32.48	32.48	19.04	26.88	17.92	21.28	19.04	30.24	13.44	15.68	17.92	15.68	17.92	13.44	16.80	20.16	24.64	19.04	24.64	33.60	22.40	15.68	14.56	30.24	22.40	21.28	17.92	15.68	15.68	25.76	30.24	15.68	22.40	11.20	17.92	22.40	24.64	29.12	31.36	24.64	26.88	20.16	28.00	17.92	17.92	14.56	16.80	32.48	31.36	12.32	21.28	24.64	29.12	14.56	33.60	32.48	32.48	20.16	16.80	30.24	28.00	17.92	17.92	30.24	31.36	33.60	31.36	29.12	32.48	26.88	32.48	17.92	33.60	24.64	13.44	24.64	29.12	19.04	25.76	17.92	20.16	32.48	23.52	31.36	11.20	23.52	15.68	16.80	22.40	23.52	14.56	13.44	29.12	28.00	21.28	12.32	16.80	24.64	23.52	33.60	16.80	12.32	14.56	13.44	30.24	12.32	21.28	20.16	22.40	26.88	24.64	30.24	32.48	25.76	16.80	17.92	31.36	11.20	17.92	28.00	11.20	20.16	26.88	16.80	29.12	32.48	16.80	28.00	25.76	24.64	16.80	26.88	26.88	24.64	17.92	14.56	33.60	17.92	32.48	26.88	32.48	14.56	13.44	30.24	25.76	30.24	16.80	25.76	30.24	31.36	28.00	22.40	14.56	31.36	17.92	11.20	32.48	28.00	16.80	16.80	28.00	17.92	31.36	23.52	12.32	26.88	12.32	17.92	26.88	19.04	24.64	21.28	30.24	21.28	11.20	24.64	26.88	22.40	28.00	30.24	12.32	23.52	33.60	21.28	21.28	14.56	17.92	33.60	26.88	23.52	24.64	26.88	26.88	22.40	20.16	14.56	22.40	17.92	29.12	11.20	31.36	14.56	30.24	24.64	14.56	32.48	12.32	29.12	19.04	31.36	12.32	29.12	12.32	16.80	12.32	12.32	33.60	15.68	22.40	23.52	13.44	13.44	11.20	23.52	26.88	23.52	32.48	21.28	12.32	14.56	20.16	16.80	22.40	24.64	30.24	13.44	24.64	22.40	30.24	21.28	31.36	14.56	31.36	12.32	21.28	13.44	28.00	20.16	21.28	14.56	15.68	14.56	14.56	24.64	16.80	31.36	16.80	33.60	31.36	17.92	21.28	16.80	15.68	25.76	14.56	23.52	11.20	24.64	19.04	17.92	13.44	13.44	22.40	32.48	16.80	23.52	21.28	13.44	30.24	28.00	33.60	32.48	32.48	17.92	33.60	31.36	12.32	30.24	23.52	26.88	23.52	30.24	25.76	33.60	21.28	31.36	
29.12	33.60	17.92	33.60	29.12	32.48	32.48	33.60	30.24	24.64	28.00	26.88	24.64	30.24	29.12	25.76	12.32	13.44	31.36	15.68	14.56	13.44	29.12	21.28	32.48	31.36	12.32	24.64	25.76	24.64	
12	18	14	15	14	16	10	10	11	20	17	16	11	15	11	16	16	10	13	13	18	14	15	16	20	18	10	20	19	13	14	14	20	20	14	12	13	10	14	11	19	19	13	12	11	14	20	14	13	19	20	20	13	10	14	19	11	10	20	12	18	11	13	15	11	14	15	18	12	11	12	10	19	10	12	16	15	11	17	20	18	16	10	13	17	12	17	16	16	18	13	19	15	16	20	19	20	17	13	12	15	19	16	11	15	17	13	18	12	10	20	15	15	20	12	19	12	17	20	11	16	19	20	16	16	20	18	17	20	12	20	17	11	18	16	16	11	20	11	14	14	17	15	11	16	10	10	18	16	16	10	13	12	16	13	16	17	12	13	12	18	12	10	20	11	20	15	16	13	10	13	13	15	18	15	13	16	20	19	10	19	17	20	20	20	10	14	14	20	13	17	16	15	20	14	10	20	10	16	18	18	18	20	10	10	20	19	20	12	10	15	14	18	18	13	11	12	18	20	16	10	11	13	13	17	14	11	12	10	11	20	15	16	14	12	12	14	10	16	13	15	13	13	17	18	10	18	15	15	17	16	20	14	19	15	11	12	11	20	11	18	16	12	16	15	14	14	19	14	18	19	19	11	18	20	16	19	20	14	18	16	10	10	14	14	13	16	18	10	20	19	15	15	19	13	12	15	17	10	20	17	19	20	20	12	14	15	10	11	12	14	14	13	11	18	13	13	13	17	11	17	19	13	17	14	16	14	11	13	15	18	17	19	20	12	17	16	11	16	15	16	13	11	16	20	16	15	17	17	14	17	18	14	15	19	12	12	16	14	19	10	12	14	13	14	19	19	19	13	16	19	13	13	20	20	17	20	14	18	18	17	14	11	20	14	10	11	14	16	15	15	20	12	12	10	13	16	19	10	12	19	14	20	15	19	14	16	15	12	12	10	13	14	12	20	12	11	18	17	12	17	13	20	14	20	19	12	12	17	12	16	10	19	10	14	13	11	11	20	14	17	10	13	12	17	15	12	18	10	17	11	15	15	19	13	16	10	14	14	17	10	19	19	19	12	20	16	11	15	15	19	20	10	10	11	16	18	15	18	15	11	14	12	17	20	20	18	16	15	18	10	16	15	12	10	11	19	11	16	16	12	14	17	11	19	19	18	16	10	18	16	20	15	16	15	13	20	10	19	15	15	11	17	17	14	15	10	13	16	16	14	19	12	15	12	10	16	14	16	11	17	10	20	11	17	19	11	14	12	10	10	13	17	14	15	13	16	19	10	14	12	14	20	14	14	19	12	14	15	18	19	10	16	17	11	20	10	10	14	19	17	14	20	17	16	16	17	12	18	17	20	18	17	10	15	20	10	16	17	12	15	14	10	14	12	13	10	18	16	18	12	12	13	16	19	15	18	15	12	18	11	12	12	12	10	16	19	13	20	19	18	19	10	14	20	13	17	13	10	10	20	13	12	12	19	10	13	18	15	18	12	15	20	20	17	18	18	16	16	20	18	14	19	16	15	18	16	19	11	18	14	20	10	18	16	18	14	16	15	11	15	20	14	16	15	15	10	14	10	19	12	18	19	14	19	12	14	14	16	14	13	14	12	10	16	20	13	16	16	12	19	17	13	12	14	20	13	10	17	14	19	11	13	13	15	10	20	10	11	10	18	12	16	18	17	14	13	18	20	14	12	12	16	18	18	17	11	15	17	16	10	17	20	10	17	16	12	10	17	12	15	14	12	15	12	18	20	15	13	18	12	17	20	18	20	15	11	11	10	11	13	12	10	17	12	19	19	16	11	12	14	14	10	20	20	20	20	17	16	10	17	16	14	11	11	10	12	15	17	17	10	11	13	13	10	17	16	20	12	18	18	10	15	16	14	13	20	20	18	17	13	16	16	14	17	19	19	14	10	12	11	14	19	10	17	16	19	10	18	10	15	15	17	15	10	12	14	14	20	11	14	14	15	15	15	11	11	16	20	12	14	18	17	14	17	10	16	18	13	12	14	20	13	15	11	14	13	16	17	15	16	10	16	19	20	20	13	20	19	20	12	20	11	14	15	20	17	19	16	14	20	11	18	20	11	18	10	12	17	20	18	17	12	20	16	15	20	13	18	10	16	18	11	19	16	14	15	10	19	17	13	17	12	13	10	12	16	15	12	14	10	17	13	12	18	16	18	19	12	10	12	19	11	15	10	18	18	20	12	19	11	17	19	17	20	10	16	15	18	15	18	11	16	18	13	11	17	10	19	20	11	15	18	10	14	17	19	11	19	17	
1	1	1	1	1	1	1	1	1	1	1	1	1	1	1	1	1	1	1	1	1	1	1	1	1	1	1	1	1	1	1	1	1	2	2	2	2	2	2	2	2	2	2	2	2	2	2	2	2	2	2	2	2	2	2	2	2	2	2	2	2	2	2	3	3	3	3	3	3	3	3	3	3	3	3	3	3	3	3	3	3	3	3	3	3	3	3	3	3	3	3	3	3	3	3	3	3	3	3	3	3	3	3	3	3	4	4	4	4	4	4	4	4	4	4	4	4	4	4	4	4	4	4	4	4	4	4	4	4	5	5	5	5	5	5	5	5	5	5	5	5	5	5	5	5	5	5	5	5	5	5	5	5	5	5	5	5	5	5	6	6	6	6	6	6	6	6	6	6	6	6	6	6	6	6	6	6	6	6	6	6	6	6	6	6	6	6	6	6	6	6	6	6	7	7	7	7	7	7	7	7	7	7	7	7	7	7	7	7	7	7	7	7	7	7	7	7	7	7	7	7	8	8	8	8	8	8	8	8	8	8	8	8	8	8	8	8	8	8	8	8	8	8	8	8	8	8	8	8	9	9	9	9	9	9	9	9	9	9	9	9	9	9	9	9	9	9	9	9	9	9	9	9	9	9	9	9	9	9	9	10	10	10	10	10	10	10	10	10	10	10	10	10	10	10	10	10	10	10	10	10	10	10	10	10	10	10	10	10	10	10	10	10	10	10	10	11	11	11	11	11	11	11	11	11	11	11	11	11	11	11	11	11	11	11	11	11	11	11	11	11	11	11	11	11	11	11	11	11	11	11	12	12	12	12	12	12	12	12	12	12	12	12	12	12	12	12	12	12	12	12	12	12	12	12	12	12	12	12	12	12	12	12	12	12	12	12	12	12	12	12	12	12	12	13	13	13	13	13	13	13	13	13	13	13	13	13	13	13	13	13	13	13	13	13	13	13	13	13	13	13	13	13	13	13	13	13	13	13	13	13	14	14	14	14	14	14	14	14	14	14	14	14	14	14	14	14	14	14	14	14	14	14	14	14	14	14	14	14	14	14	14	14	14	14	14	14	14	14	14	14	15	15	15	15	15	15	15	15	15	15	15	15	15	15	15	15	15	15	15	15	15	15	15	15	15	15	15	15	15	15	15	15	16	16	16	16	16	16	16	16	16	16	16	16	16	16	16	16	16	16	16	16	16	16	16	16	16	16	16	16	16	16	16	16	16	16	16	17	17	17	17	17	17	17	17	17	17	17	17	17	17	17	17	17	17	17	17	17	17	17	17	17	17	17	17	17	17	17	17	18	18	18	18	18	18	18	18	18	18	18	18	18	18	18	18	18	18	18	18	18	18	18	18	18	18	18	18	18	18	18	18	18	18	18	18	18	19	19	19	19	19	19	19	19	19	19	19	19	19	19	19	19	19	19	19	19	19	19	19	19	19	19	19	19	19	19	19	19	19	20	20	20	20	20	20	20	20	20	20	20	20	20	20	20	20	20	20	20	20	20	20	20	20	20	20	20	20	20	20	21	21	21	21	21	21	21	21	21	21	21	21	21	21	21	21	21	21	21	21	21	21	21	21	21	21	21	21	21	21	21	21	21	21	21	21	21	22	22	22	22	22	22	22	22	22	22	22	22	22	22	22	22	22	22	22	22	23	23	23	23	23	23	23	23	23	23	23	23	23	23	23	23	23	23	23	23	23	23	23	23	23	23	23	23	23	23	23	23	23	23	23	23	24	24	24	24	24	24	24	24	24	24	24	24	24	24	24	24	24	24	24	24	24	24	24	24	24	24	24	24	24	24	24	24	24	24	24	24	24	24	24	24	24	25	25	25	25	25	25	25	25	25	25	25	25	25	25	25	25	25	25	25	25	25	25	25	25	25	25	25	25	25	25	25	25	25	25	25	25	25	25	25	25	26	26	26	26	26	26	26	26	26	26	26	26	26	26	26	26	26	26	26	26	26	26	26	26	26	26	27	27	27	27	27	27	27	27	27	27	27	27	27	27	27	27	27	27	27	27	27	27	27	27	27	27	27	27	27	27	27	27	27	27	27	27	27	27	27	28	28	28	28	28	28	28	28	28	28	28	28	28	28	28	28	28	28	28	28	28	28	28	28	28	28	28	28	28	28	28	28	28	28	29	29	29	29	29	29	29	29	29	29	29	29	29	29	29	29	29	29	29	29	29	29	29	29	29	29	29	29	29	29	29	30	30	30	30	30	30	30	30	30	30	30	30	30	30	30	30	30	30	30	30	30	30	30	30	30	30	
